# vtk DataFile Version 3.0
#This file was generated by the deal.II library on 2025/2/5 at 9:18:34
ASCII
DATASET UNSTRUCTURED_GRID

POINTS 4096 double
-5 -2 0
-4.6875 -2 0
-5 -1.875 0
-4.6875 -1.875 0
-4.6875 -2 0
-4.375 -2 0
-4.6875 -1.875 0
-4.375 -1.875 0
-5 -1.875 0
-4.6875 -1.875 0
-5 -1.75 0
-4.6875 -1.75 0
-4.6875 -1.875 0
-4.375 -1.875 0
-4.6875 -1.75 0
-4.375 -1.75 0
-4.375 -2 0
-4.0625 -2 0
-4.375 -1.875 0
-4.0625 -1.875 0
-4.0625 -2 0
-3.75 -2 0
-4.0625 -1.875 0
-3.75 -1.875 0
-4.375 -1.875 0
-4.0625 -1.875 0
-4.375 -1.75 0
-4.0625 -1.75 0
-4.0625 -1.875 0
-3.75 -1.875 0
-4.0625 -1.75 0
-3.75 -1.75 0
-5 -1.75 0
-4.6875 -1.75 0
-5 -1.625 0
-4.6875 -1.625 0
-4.6875 -1.75 0
-4.375 -1.75 0
-4.6875 -1.625 0
-4.375 -1.625 0
-5 -1.625 0
-4.6875 -1.625 0
-5 -1.5 0
-4.6875 -1.5 0
-4.6875 -1.625 0
-4.375 -1.625 0
-4.6875 -1.5 0
-4.375 -1.5 0
-4.375 -1.75 0
-4.0625 -1.75 0
-4.375 -1.625 0
-4.0625 -1.625 0
-4.0625 -1.75 0
-3.75 -1.75 0
-4.0625 -1.625 0
-3.75 -1.625 0
-4.375 -1.625 0
-4.0625 -1.625 0
-4.375 -1.5 0
-4.0625 -1.5 0
-4.0625 -1.625 0
-3.75 -1.625 0
-4.0625 -1.5 0
-3.75 -1.5 0
-3.75 -2 0
-3.4375 -2 0
-3.75 -1.875 0
-3.4375 -1.875 0
-3.4375 -2 0
-3.125 -2 0
-3.4375 -1.875 0
-3.125 -1.875 0
-3.75 -1.875 0
-3.4375 -1.875 0
-3.75 -1.75 0
-3.4375 -1.75 0
-3.4375 -1.875 0
-3.125 -1.875 0
-3.4375 -1.75 0
-3.125 -1.75 0
-3.125 -2 0
-2.8125 -2 0
-3.125 -1.875 0
-2.8125 -1.875 0
-2.8125 -2 0
-2.5 -2 0
-2.8125 -1.875 0
-2.5 -1.875 0
-3.125 -1.875 0
-2.8125 -1.875 0
-3.125 -1.75 0
-2.8125 -1.75 0
-2.8125 -1.875 0
-2.5 -1.875 0
-2.8125 -1.75 0
-2.5 -1.75 0
-3.75 -1.75 0
-3.4375 -1.75 0
-3.75 -1.625 0
-3.4375 -1.625 0
-3.4375 -1.75 0
-3.125 -1.75 0
-3.4375 -1.625 0
-3.125 -1.625 0
-3.75 -1.625 0
-3.4375 -1.625 0
-3.75 -1.5 0
-3.4375 -1.5 0
-3.4375 -1.625 0
-3.125 -1.625 0
-3.4375 -1.5 0
-3.125 -1.5 0
-3.125 -1.75 0
-2.8125 -1.75 0
-3.125 -1.625 0
-2.8125 -1.625 0
-2.8125 -1.75 0
-2.5 -1.75 0
-2.8125 -1.625 0
-2.5 -1.625 0
-3.125 -1.625 0
-2.8125 -1.625 0
-3.125 -1.5 0
-2.8125 -1.5 0
-2.8125 -1.625 0
-2.5 -1.625 0
-2.8125 -1.5 0
-2.5 -1.5 0
-5 -1.5 0
-4.6875 -1.5 0
-5 -1.375 0
-4.6875 -1.375 0
-4.6875 -1.5 0
-4.375 -1.5 0
-4.6875 -1.375 0
-4.375 -1.375 0
-5 -1.375 0
-4.6875 -1.375 0
-5 -1.25 0
-4.6875 -1.25 0
-4.6875 -1.375 0
-4.375 -1.375 0
-4.6875 -1.25 0
-4.375 -1.25 0
-4.375 -1.5 0
-4.0625 -1.5 0
-4.375 -1.375 0
-4.0625 -1.375 0
-4.0625 -1.5 0
-3.75 -1.5 0
-4.0625 -1.375 0
-3.75 -1.375 0
-4.375 -1.375 0
-4.0625 -1.375 0
-4.375 -1.25 0
-4.0625 -1.25 0
-4.0625 -1.375 0
-3.75 -1.375 0
-4.0625 -1.25 0
-3.75 -1.25 0
-5 -1.25 0
-4.6875 -1.25 0
-5 -1.125 0
-4.6875 -1.125 0
-4.6875 -1.25 0
-4.375 -1.25 0
-4.6875 -1.125 0
-4.375 -1.125 0
-5 -1.125 0
-4.6875 -1.125 0
-5 -1 0
-4.6875 -1 0
-4.6875 -1.125 0
-4.375 -1.125 0
-4.6875 -1 0
-4.375 -1 0
-4.375 -1.25 0
-4.0625 -1.25 0
-4.375 -1.125 0
-4.0625 -1.125 0
-4.0625 -1.25 0
-3.75 -1.25 0
-4.0625 -1.125 0
-3.75 -1.125 0
-4.375 -1.125 0
-4.0625 -1.125 0
-4.375 -1 0
-4.0625 -1 0
-4.0625 -1.125 0
-3.75 -1.125 0
-4.0625 -1 0
-3.75 -1 0
-3.75 -1.5 0
-3.4375 -1.5 0
-3.75 -1.375 0
-3.4375 -1.375 0
-3.4375 -1.5 0
-3.125 -1.5 0
-3.4375 -1.375 0
-3.125 -1.375 0
-3.75 -1.375 0
-3.4375 -1.375 0
-3.75 -1.25 0
-3.4375 -1.25 0
-3.4375 -1.375 0
-3.125 -1.375 0
-3.4375 -1.25 0
-3.125 -1.25 0
-3.125 -1.5 0
-2.8125 -1.5 0
-3.125 -1.375 0
-2.8125 -1.375 0
-2.8125 -1.5 0
-2.5 -1.5 0
-2.8125 -1.375 0
-2.5 -1.375 0
-3.125 -1.375 0
-2.8125 -1.375 0
-3.125 -1.25 0
-2.8125 -1.25 0
-2.8125 -1.375 0
-2.5 -1.375 0
-2.8125 -1.25 0
-2.5 -1.25 0
-3.75 -1.25 0
-3.4375 -1.25 0
-3.75 -1.125 0
-3.4375 -1.125 0
-3.4375 -1.25 0
-3.125 -1.25 0
-3.4375 -1.125 0
-3.125 -1.125 0
-3.75 -1.125 0
-3.4375 -1.125 0
-3.75 -1 0
-3.4375 -1 0
-3.4375 -1.125 0
-3.125 -1.125 0
-3.4375 -1 0
-3.125 -1 0
-3.125 -1.25 0
-2.8125 -1.25 0
-3.125 -1.125 0
-2.8125 -1.125 0
-2.8125 -1.25 0
-2.5 -1.25 0
-2.8125 -1.125 0
-2.5 -1.125 0
-3.125 -1.125 0
-2.8125 -1.125 0
-3.125 -1 0
-2.8125 -1 0
-2.8125 -1.125 0
-2.5 -1.125 0
-2.8125 -1 0
-2.5 -1 0
-2.5 -2 0
-2.1875 -2 0
-2.5 -1.875 0
-2.1875 -1.875 0
-2.1875 -2 0
-1.875 -2 0
-2.1875 -1.875 0
-1.875 -1.875 0
-2.5 -1.875 0
-2.1875 -1.875 0
-2.5 -1.75 0
-2.1875 -1.75 0
-2.1875 -1.875 0
-1.875 -1.875 0
-2.1875 -1.75 0
-1.875 -1.75 0
-1.875 -2 0
-1.5625 -2 0
-1.875 -1.875 0
-1.5625 -1.875 0
-1.5625 -2 0
-1.25 -2 0
-1.5625 -1.875 0
-1.25 -1.875 0
-1.875 -1.875 0
-1.5625 -1.875 0
-1.875 -1.75 0
-1.5625 -1.75 0
-1.5625 -1.875 0
-1.25 -1.875 0
-1.5625 -1.75 0
-1.25 -1.75 0
-2.5 -1.75 0
-2.1875 -1.75 0
-2.5 -1.625 0
-2.1875 -1.625 0
-2.1875 -1.75 0
-1.875 -1.75 0
-2.1875 -1.625 0
-1.875 -1.625 0
-2.5 -1.625 0
-2.1875 -1.625 0
-2.5 -1.5 0
-2.1875 -1.5 0
-2.1875 -1.625 0
-1.875 -1.625 0
-2.1875 -1.5 0
-1.875 -1.5 0
-1.875 -1.75 0
-1.5625 -1.75 0
-1.875 -1.625 0
-1.5625 -1.625 0
-1.5625 -1.75 0
-1.25 -1.75 0
-1.5625 -1.625 0
-1.25 -1.625 0
-1.875 -1.625 0
-1.5625 -1.625 0
-1.875 -1.5 0
-1.5625 -1.5 0
-1.5625 -1.625 0
-1.25 -1.625 0
-1.5625 -1.5 0
-1.25 -1.5 0
-1.25 -2 0
-0.9375 -2 0
-1.25 -1.875 0
-0.9375 -1.875 0
-0.9375 -2 0
-0.625 -2 0
-0.9375 -1.875 0
-0.625 -1.875 0
-1.25 -1.875 0
-0.9375 -1.875 0
-1.25 -1.75 0
-0.9375 -1.75 0
-0.9375 -1.875 0
-0.625 -1.875 0
-0.9375 -1.75 0
-0.625 -1.75 0
-0.625 -2 0
-0.3125 -2 0
-0.625 -1.875 0
-0.3125 -1.875 0
-0.3125 -2 0
0 -2 0
-0.3125 -1.875 0
0 -1.875 0
-0.625 -1.875 0
-0.3125 -1.875 0
-0.625 -1.75 0
-0.3125 -1.75 0
-0.3125 -1.875 0
0 -1.875 0
-0.3125 -1.75 0
0 -1.75 0
-1.25 -1.75 0
-0.9375 -1.75 0
-1.25 -1.625 0
-0.9375 -1.625 0
-0.9375 -1.75 0
-0.625 -1.75 0
-0.9375 -1.625 0
-0.625 -1.625 0
-1.25 -1.625 0
-0.9375 -1.625 0
-1.25 -1.5 0
-0.9375 -1.5 0
-0.9375 -1.625 0
-0.625 -1.625 0
-0.9375 -1.5 0
-0.625 -1.5 0
-0.625 -1.75 0
-0.3125 -1.75 0
-0.625 -1.625 0
-0.3125 -1.625 0
-0.3125 -1.75 0
0 -1.75 0
-0.3125 -1.625 0
0 -1.625 0
-0.625 -1.625 0
-0.3125 -1.625 0
-0.625 -1.5 0
-0.3125 -1.5 0
-0.3125 -1.625 0
0 -1.625 0
-0.3125 -1.5 0
0 -1.5 0
-2.5 -1.5 0
-2.1875 -1.5 0
-2.5 -1.375 0
-2.1875 -1.375 0
-2.1875 -1.5 0
-1.875 -1.5 0
-2.1875 -1.375 0
-1.875 -1.375 0
-2.5 -1.375 0
-2.1875 -1.375 0
-2.5 -1.25 0
-2.1875 -1.25 0
-2.1875 -1.375 0
-1.875 -1.375 0
-2.1875 -1.25 0
-1.875 -1.25 0
-1.875 -1.5 0
-1.5625 -1.5 0
-1.875 -1.375 0
-1.5625 -1.375 0
-1.5625 -1.5 0
-1.25 -1.5 0
-1.5625 -1.375 0
-1.25 -1.375 0
-1.875 -1.375 0
-1.5625 -1.375 0
-1.875 -1.25 0
-1.5625 -1.25 0
-1.5625 -1.375 0
-1.25 -1.375 0
-1.5625 -1.25 0
-1.25 -1.25 0
-2.5 -1.25 0
-2.1875 -1.25 0
-2.5 -1.125 0
-2.1875 -1.125 0
-2.1875 -1.25 0
-1.875 -1.25 0
-2.1875 -1.125 0
-1.875 -1.125 0
-2.5 -1.125 0
-2.1875 -1.125 0
-2.5 -1 0
-2.1875 -1 0
-2.1875 -1.125 0
-1.875 -1.125 0
-2.1875 -1 0
-1.875 -1 0
-1.875 -1.25 0
-1.5625 -1.25 0
-1.875 -1.125 0
-1.5625 -1.125 0
-1.5625 -1.25 0
-1.25 -1.25 0
-1.5625 -1.125 0
-1.25 -1.125 0
-1.875 -1.125 0
-1.5625 -1.125 0
-1.875 -1 0
-1.5625 -1 0
-1.5625 -1.125 0
-1.25 -1.125 0
-1.5625 -1 0
-1.25 -1 0
-1.25 -1.5 0
-0.9375 -1.5 0
-1.25 -1.375 0
-0.9375 -1.375 0
-0.9375 -1.5 0
-0.625 -1.5 0
-0.9375 -1.375 0
-0.625 -1.375 0
-1.25 -1.375 0
-0.9375 -1.375 0
-1.25 -1.25 0
-0.9375 -1.25 0
-0.9375 -1.375 0
-0.625 -1.375 0
-0.9375 -1.25 0
-0.625 -1.25 0
-0.625 -1.5 0
-0.3125 -1.5 0
-0.625 -1.375 0
-0.3125 -1.375 0
-0.3125 -1.5 0
0 -1.5 0
-0.3125 -1.375 0
0 -1.375 0
-0.625 -1.375 0
-0.3125 -1.375 0
-0.625 -1.25 0
-0.3125 -1.25 0
-0.3125 -1.375 0
0 -1.375 0
-0.3125 -1.25 0
0 -1.25 0
-1.25 -1.25 0
-0.9375 -1.25 0
-1.25 -1.125 0
-0.9375 -1.125 0
-0.9375 -1.25 0
-0.625 -1.25 0
-0.9375 -1.125 0
-0.625 -1.125 0
-1.25 -1.125 0
-0.9375 -1.125 0
-1.25 -1 0
-0.9375 -1 0
-0.9375 -1.125 0
-0.625 -1.125 0
-0.9375 -1 0
-0.625 -1 0
-0.625 -1.25 0
-0.3125 -1.25 0
-0.625 -1.125 0
-0.3125 -1.125 0
-0.3125 -1.25 0
0 -1.25 0
-0.3125 -1.125 0
0 -1.125 0
-0.625 -1.125 0
-0.3125 -1.125 0
-0.625 -1 0
-0.3125 -1 0
-0.3125 -1.125 0
0 -1.125 0
-0.3125 -1 0
0 -1 0
0 -2 0
0.3125 -2 0
0 -1.875 0
0.3125 -1.875 0
0.3125 -2 0
0.625 -2 0
0.3125 -1.875 0
0.625 -1.875 0
0 -1.875 0
0.3125 -1.875 0
0 -1.75 0
0.3125 -1.75 0
0.3125 -1.875 0
0.625 -1.875 0
0.3125 -1.75 0
0.625 -1.75 0
0.625 -2 0
0.9375 -2 0
0.625 -1.875 0
0.9375 -1.875 0
0.9375 -2 0
1.25 -2 0
0.9375 -1.875 0
1.25 -1.875 0
0.625 -1.875 0
0.9375 -1.875 0
0.625 -1.75 0
0.9375 -1.75 0
0.9375 -1.875 0
1.25 -1.875 0
0.9375 -1.75 0
1.25 -1.75 0
0 -1.75 0
0.3125 -1.75 0
0 -1.625 0
0.3125 -1.625 0
0.3125 -1.75 0
0.625 -1.75 0
0.3125 -1.625 0
0.625 -1.625 0
0 -1.625 0
0.3125 -1.625 0
0 -1.5 0
0.3125 -1.5 0
0.3125 -1.625 0
0.625 -1.625 0
0.3125 -1.5 0
0.625 -1.5 0
0.625 -1.75 0
0.9375 -1.75 0
0.625 -1.625 0
0.9375 -1.625 0
0.9375 -1.75 0
1.25 -1.75 0
0.9375 -1.625 0
1.25 -1.625 0
0.625 -1.625 0
0.9375 -1.625 0
0.625 -1.5 0
0.9375 -1.5 0
0.9375 -1.625 0
1.25 -1.625 0
0.9375 -1.5 0
1.25 -1.5 0
1.25 -2 0
1.5625 -2 0
1.25 -1.875 0
1.5625 -1.875 0
1.5625 -2 0
1.875 -2 0
1.5625 -1.875 0
1.875 -1.875 0
1.25 -1.875 0
1.5625 -1.875 0
1.25 -1.75 0
1.5625 -1.75 0
1.5625 -1.875 0
1.875 -1.875 0
1.5625 -1.75 0
1.875 -1.75 0
1.875 -2 0
2.1875 -2 0
1.875 -1.875 0
2.1875 -1.875 0
2.1875 -2 0
2.5 -2 0
2.1875 -1.875 0
2.5 -1.875 0
1.875 -1.875 0
2.1875 -1.875 0
1.875 -1.75 0
2.1875 -1.75 0
2.1875 -1.875 0
2.5 -1.875 0
2.1875 -1.75 0
2.5 -1.75 0
1.25 -1.75 0
1.5625 -1.75 0
1.25 -1.625 0
1.5625 -1.625 0
1.5625 -1.75 0
1.875 -1.75 0
1.5625 -1.625 0
1.875 -1.625 0
1.25 -1.625 0
1.5625 -1.625 0
1.25 -1.5 0
1.5625 -1.5 0
1.5625 -1.625 0
1.875 -1.625 0
1.5625 -1.5 0
1.875 -1.5 0
1.875 -1.75 0
2.1875 -1.75 0
1.875 -1.625 0
2.1875 -1.625 0
2.1875 -1.75 0
2.5 -1.75 0
2.1875 -1.625 0
2.5 -1.625 0
1.875 -1.625 0
2.1875 -1.625 0
1.875 -1.5 0
2.1875 -1.5 0
2.1875 -1.625 0
2.5 -1.625 0
2.1875 -1.5 0
2.5 -1.5 0
0 -1.5 0
0.3125 -1.5 0
0 -1.375 0
0.3125 -1.375 0
0.3125 -1.5 0
0.625 -1.5 0
0.3125 -1.375 0
0.625 -1.375 0
0 -1.375 0
0.3125 -1.375 0
0 -1.25 0
0.3125 -1.25 0
0.3125 -1.375 0
0.625 -1.375 0
0.3125 -1.25 0
0.625 -1.25 0
0.625 -1.5 0
0.9375 -1.5 0
0.625 -1.375 0
0.9375 -1.375 0
0.9375 -1.5 0
1.25 -1.5 0
0.9375 -1.375 0
1.25 -1.375 0
0.625 -1.375 0
0.9375 -1.375 0
0.625 -1.25 0
0.9375 -1.25 0
0.9375 -1.375 0
1.25 -1.375 0
0.9375 -1.25 0
1.25 -1.25 0
0 -1.25 0
0.3125 -1.25 0
0 -1.125 0
0.3125 -1.125 0
0.3125 -1.25 0
0.625 -1.25 0
0.3125 -1.125 0
0.625 -1.125 0
0 -1.125 0
0.3125 -1.125 0
0 -1 0
0.3125 -1 0
0.3125 -1.125 0
0.625 -1.125 0
0.3125 -1 0
0.625 -1 0
0.625 -1.25 0
0.9375 -1.25 0
0.625 -1.125 0
0.9375 -1.125 0
0.9375 -1.25 0
1.25 -1.25 0
0.9375 -1.125 0
1.25 -1.125 0
0.625 -1.125 0
0.9375 -1.125 0
0.625 -1 0
0.9375 -1 0
0.9375 -1.125 0
1.25 -1.125 0
0.9375 -1 0
1.25 -1 0
1.25 -1.5 0
1.5625 -1.5 0
1.25 -1.375 0
1.5625 -1.375 0
1.5625 -1.5 0
1.875 -1.5 0
1.5625 -1.375 0
1.875 -1.375 0
1.25 -1.375 0
1.5625 -1.375 0
1.25 -1.25 0
1.5625 -1.25 0
1.5625 -1.375 0
1.875 -1.375 0
1.5625 -1.25 0
1.875 -1.25 0
1.875 -1.5 0
2.1875 -1.5 0
1.875 -1.375 0
2.1875 -1.375 0
2.1875 -1.5 0
2.5 -1.5 0
2.1875 -1.375 0
2.5 -1.375 0
1.875 -1.375 0
2.1875 -1.375 0
1.875 -1.25 0
2.1875 -1.25 0
2.1875 -1.375 0
2.5 -1.375 0
2.1875 -1.25 0
2.5 -1.25 0
1.25 -1.25 0
1.5625 -1.25 0
1.25 -1.125 0
1.5625 -1.125 0
1.5625 -1.25 0
1.875 -1.25 0
1.5625 -1.125 0
1.875 -1.125 0
1.25 -1.125 0
1.5625 -1.125 0
1.25 -1 0
1.5625 -1 0
1.5625 -1.125 0
1.875 -1.125 0
1.5625 -1 0
1.875 -1 0
1.875 -1.25 0
2.1875 -1.25 0
1.875 -1.125 0
2.1875 -1.125 0
2.1875 -1.25 0
2.5 -1.25 0
2.1875 -1.125 0
2.5 -1.125 0
1.875 -1.125 0
2.1875 -1.125 0
1.875 -1 0
2.1875 -1 0
2.1875 -1.125 0
2.5 -1.125 0
2.1875 -1 0
2.5 -1 0
2.5 -2 0
2.8125 -2 0
2.5 -1.875 0
2.8125 -1.875 0
2.8125 -2 0
3.125 -2 0
2.8125 -1.875 0
3.125 -1.875 0
2.5 -1.875 0
2.8125 -1.875 0
2.5 -1.75 0
2.8125 -1.75 0
2.8125 -1.875 0
3.125 -1.875 0
2.8125 -1.75 0
3.125 -1.75 0
3.125 -2 0
3.4375 -2 0
3.125 -1.875 0
3.4375 -1.875 0
3.4375 -2 0
3.75 -2 0
3.4375 -1.875 0
3.75 -1.875 0
3.125 -1.875 0
3.4375 -1.875 0
3.125 -1.75 0
3.4375 -1.75 0
3.4375 -1.875 0
3.75 -1.875 0
3.4375 -1.75 0
3.75 -1.75 0
2.5 -1.75 0
2.8125 -1.75 0
2.5 -1.625 0
2.8125 -1.625 0
2.8125 -1.75 0
3.125 -1.75 0
2.8125 -1.625 0
3.125 -1.625 0
2.5 -1.625 0
2.8125 -1.625 0
2.5 -1.5 0
2.8125 -1.5 0
2.8125 -1.625 0
3.125 -1.625 0
2.8125 -1.5 0
3.125 -1.5 0
3.125 -1.75 0
3.4375 -1.75 0
3.125 -1.625 0
3.4375 -1.625 0
3.4375 -1.75 0
3.75 -1.75 0
3.4375 -1.625 0
3.75 -1.625 0
3.125 -1.625 0
3.4375 -1.625 0
3.125 -1.5 0
3.4375 -1.5 0
3.4375 -1.625 0
3.75 -1.625 0
3.4375 -1.5 0
3.75 -1.5 0
3.75 -2 0
4.0625 -2 0
3.75 -1.875 0
4.0625 -1.875 0
4.0625 -2 0
4.375 -2 0
4.0625 -1.875 0
4.375 -1.875 0
3.75 -1.875 0
4.0625 -1.875 0
3.75 -1.75 0
4.0625 -1.75 0
4.0625 -1.875 0
4.375 -1.875 0
4.0625 -1.75 0
4.375 -1.75 0
4.375 -2 0
4.6875 -2 0
4.375 -1.875 0
4.6875 -1.875 0
4.6875 -2 0
5 -2 0
4.6875 -1.875 0
5 -1.875 0
4.375 -1.875 0
4.6875 -1.875 0
4.375 -1.75 0
4.6875 -1.75 0
4.6875 -1.875 0
5 -1.875 0
4.6875 -1.75 0
5 -1.75 0
3.75 -1.75 0
4.0625 -1.75 0
3.75 -1.625 0
4.0625 -1.625 0
4.0625 -1.75 0
4.375 -1.75 0
4.0625 -1.625 0
4.375 -1.625 0
3.75 -1.625 0
4.0625 -1.625 0
3.75 -1.5 0
4.0625 -1.5 0
4.0625 -1.625 0
4.375 -1.625 0
4.0625 -1.5 0
4.375 -1.5 0
4.375 -1.75 0
4.6875 -1.75 0
4.375 -1.625 0
4.6875 -1.625 0
4.6875 -1.75 0
5 -1.75 0
4.6875 -1.625 0
5 -1.625 0
4.375 -1.625 0
4.6875 -1.625 0
4.375 -1.5 0
4.6875 -1.5 0
4.6875 -1.625 0
5 -1.625 0
4.6875 -1.5 0
5 -1.5 0
2.5 -1.5 0
2.8125 -1.5 0
2.5 -1.375 0
2.8125 -1.375 0
2.8125 -1.5 0
3.125 -1.5 0
2.8125 -1.375 0
3.125 -1.375 0
2.5 -1.375 0
2.8125 -1.375 0
2.5 -1.25 0
2.8125 -1.25 0
2.8125 -1.375 0
3.125 -1.375 0
2.8125 -1.25 0
3.125 -1.25 0
3.125 -1.5 0
3.4375 -1.5 0
3.125 -1.375 0
3.4375 -1.375 0
3.4375 -1.5 0
3.75 -1.5 0
3.4375 -1.375 0
3.75 -1.375 0
3.125 -1.375 0
3.4375 -1.375 0
3.125 -1.25 0
3.4375 -1.25 0
3.4375 -1.375 0
3.75 -1.375 0
3.4375 -1.25 0
3.75 -1.25 0
2.5 -1.25 0
2.8125 -1.25 0
2.5 -1.125 0
2.8125 -1.125 0
2.8125 -1.25 0
3.125 -1.25 0
2.8125 -1.125 0
3.125 -1.125 0
2.5 -1.125 0
2.8125 -1.125 0
2.5 -1 0
2.8125 -1 0
2.8125 -1.125 0
3.125 -1.125 0
2.8125 -1 0
3.125 -1 0
3.125 -1.25 0
3.4375 -1.25 0
3.125 -1.125 0
3.4375 -1.125 0
3.4375 -1.25 0
3.75 -1.25 0
3.4375 -1.125 0
3.75 -1.125 0
3.125 -1.125 0
3.4375 -1.125 0
3.125 -1 0
3.4375 -1 0
3.4375 -1.125 0
3.75 -1.125 0
3.4375 -1 0
3.75 -1 0
3.75 -1.5 0
4.0625 -1.5 0
3.75 -1.375 0
4.0625 -1.375 0
4.0625 -1.5 0
4.375 -1.5 0
4.0625 -1.375 0
4.375 -1.375 0
3.75 -1.375 0
4.0625 -1.375 0
3.75 -1.25 0
4.0625 -1.25 0
4.0625 -1.375 0
4.375 -1.375 0
4.0625 -1.25 0
4.375 -1.25 0
4.375 -1.5 0
4.6875 -1.5 0
4.375 -1.375 0
4.6875 -1.375 0
4.6875 -1.5 0
5 -1.5 0
4.6875 -1.375 0
5 -1.375 0
4.375 -1.375 0
4.6875 -1.375 0
4.375 -1.25 0
4.6875 -1.25 0
4.6875 -1.375 0
5 -1.375 0
4.6875 -1.25 0
5 -1.25 0
3.75 -1.25 0
4.0625 -1.25 0
3.75 -1.125 0
4.0625 -1.125 0
4.0625 -1.25 0
4.375 -1.25 0
4.0625 -1.125 0
4.375 -1.125 0
3.75 -1.125 0
4.0625 -1.125 0
3.75 -1 0
4.0625 -1 0
4.0625 -1.125 0
4.375 -1.125 0
4.0625 -1 0
4.375 -1 0
4.375 -1.25 0
4.6875 -1.25 0
4.375 -1.125 0
4.6875 -1.125 0
4.6875 -1.25 0
5 -1.25 0
4.6875 -1.125 0
5 -1.125 0
4.375 -1.125 0
4.6875 -1.125 0
4.375 -1 0
4.6875 -1 0
4.6875 -1.125 0
5 -1.125 0
4.6875 -1 0
5 -1 0
-5 -1 0
-4.6875 -1 0
-5 -0.875 0
-4.6875 -0.875 0
-4.6875 -1 0
-4.375 -1 0
-4.6875 -0.875 0
-4.375 -0.875 0
-5 -0.875 0
-4.6875 -0.875 0
-5 -0.75 0
-4.6875 -0.75 0
-4.6875 -0.875 0
-4.375 -0.875 0
-4.6875 -0.75 0
-4.375 -0.75 0
-4.375 -1 0
-4.0625 -1 0
-4.375 -0.875 0
-4.0625 -0.875 0
-4.0625 -1 0
-3.75 -1 0
-4.0625 -0.875 0
-3.75 -0.875 0
-4.375 -0.875 0
-4.0625 -0.875 0
-4.375 -0.75 0
-4.0625 -0.75 0
-4.0625 -0.875 0
-3.75 -0.875 0
-4.0625 -0.75 0
-3.75 -0.75 0
-5 -0.75 0
-4.6875 -0.75 0
-5 -0.625 0
-4.6875 -0.625 0
-4.6875 -0.75 0
-4.375 -0.75 0
-4.6875 -0.625 0
-4.375 -0.625 0
-5 -0.625 0
-4.6875 -0.625 0
-5 -0.5 0
-4.6875 -0.5 0
-4.6875 -0.625 0
-4.375 -0.625 0
-4.6875 -0.5 0
-4.375 -0.5 0
-4.375 -0.75 0
-4.0625 -0.75 0
-4.375 -0.625 0
-4.0625 -0.625 0
-4.0625 -0.75 0
-3.75 -0.75 0
-4.0625 -0.625 0
-3.75 -0.625 0
-4.375 -0.625 0
-4.0625 -0.625 0
-4.375 -0.5 0
-4.0625 -0.5 0
-4.0625 -0.625 0
-3.75 -0.625 0
-4.0625 -0.5 0
-3.75 -0.5 0
-3.75 -1 0
-3.4375 -1 0
-3.75 -0.875 0
-3.4375 -0.875 0
-3.4375 -1 0
-3.125 -1 0
-3.4375 -0.875 0
-3.125 -0.875 0
-3.75 -0.875 0
-3.4375 -0.875 0
-3.75 -0.75 0
-3.4375 -0.75 0
-3.4375 -0.875 0
-3.125 -0.875 0
-3.4375 -0.75 0
-3.125 -0.75 0
-3.125 -1 0
-2.8125 -1 0
-3.125 -0.875 0
-2.8125 -0.875 0
-2.8125 -1 0
-2.5 -1 0
-2.8125 -0.875 0
-2.5 -0.875 0
-3.125 -0.875 0
-2.8125 -0.875 0
-3.125 -0.75 0
-2.8125 -0.75 0
-2.8125 -0.875 0
-2.5 -0.875 0
-2.8125 -0.75 0
-2.5 -0.75 0
-3.75 -0.75 0
-3.4375 -0.75 0
-3.75 -0.625 0
-3.4375 -0.625 0
-3.4375 -0.75 0
-3.125 -0.75 0
-3.4375 -0.625 0
-3.125 -0.625 0
-3.75 -0.625 0
-3.4375 -0.625 0
-3.75 -0.5 0
-3.4375 -0.5 0
-3.4375 -0.625 0
-3.125 -0.625 0
-3.4375 -0.5 0
-3.125 -0.5 0
-3.125 -0.75 0
-2.8125 -0.75 0
-3.125 -0.625 0
-2.8125 -0.625 0
-2.8125 -0.75 0
-2.5 -0.75 0
-2.8125 -0.625 0
-2.5 -0.625 0
-3.125 -0.625 0
-2.8125 -0.625 0
-3.125 -0.5 0
-2.8125 -0.5 0
-2.8125 -0.625 0
-2.5 -0.625 0
-2.8125 -0.5 0
-2.5 -0.5 0
-5 -0.5 0
-4.6875 -0.5 0
-5 -0.375 0
-4.6875 -0.375 0
-4.6875 -0.5 0
-4.375 -0.5 0
-4.6875 -0.375 0
-4.375 -0.375 0
-5 -0.375 0
-4.6875 -0.375 0
-5 -0.25 0
-4.6875 -0.25 0
-4.6875 -0.375 0
-4.375 -0.375 0
-4.6875 -0.25 0
-4.375 -0.25 0
-4.375 -0.5 0
-4.0625 -0.5 0
-4.375 -0.375 0
-4.0625 -0.375 0
-4.0625 -0.5 0
-3.75 -0.5 0
-4.0625 -0.375 0
-3.75 -0.375 0
-4.375 -0.375 0
-4.0625 -0.375 0
-4.375 -0.25 0
-4.0625 -0.25 0
-4.0625 -0.375 0
-3.75 -0.375 0
-4.0625 -0.25 0
-3.75 -0.25 0
-5 -0.25 0
-4.6875 -0.25 0
-5 -0.125 0
-4.6875 -0.125 0
-4.6875 -0.25 0
-4.375 -0.25 0
-4.6875 -0.125 0
-4.375 -0.125 0
-5 -0.125 0
-4.6875 -0.125 0
-5 0 0
-4.6875 0 0
-4.6875 -0.125 0
-4.375 -0.125 0
-4.6875 0 0
-4.375 0 0
-4.375 -0.25 0
-4.0625 -0.25 0
-4.375 -0.125 0
-4.0625 -0.125 0
-4.0625 -0.25 0
-3.75 -0.25 0
-4.0625 -0.125 0
-3.75 -0.125 0
-4.375 -0.125 0
-4.0625 -0.125 0
-4.375 0 0
-4.0625 0 0
-4.0625 -0.125 0
-3.75 -0.125 0
-4.0625 0 0
-3.75 0 0
-3.75 -0.5 0
-3.4375 -0.5 0
-3.75 -0.375 0
-3.4375 -0.375 0
-3.4375 -0.5 0
-3.125 -0.5 0
-3.4375 -0.375 0
-3.125 -0.375 0
-3.75 -0.375 0
-3.4375 -0.375 0
-3.75 -0.25 0
-3.4375 -0.25 0
-3.4375 -0.375 0
-3.125 -0.375 0
-3.4375 -0.25 0
-3.125 -0.25 0
-3.125 -0.5 0
-2.8125 -0.5 0
-3.125 -0.375 0
-2.8125 -0.375 0
-2.8125 -0.5 0
-2.5 -0.5 0
-2.8125 -0.375 0
-2.5 -0.375 0
-3.125 -0.375 0
-2.8125 -0.375 0
-3.125 -0.25 0
-2.8125 -0.25 0
-2.8125 -0.375 0
-2.5 -0.375 0
-2.8125 -0.25 0
-2.5 -0.25 0
-3.75 -0.25 0
-3.4375 -0.25 0
-3.75 -0.125 0
-3.4375 -0.125 0
-3.4375 -0.25 0
-3.125 -0.25 0
-3.4375 -0.125 0
-3.125 -0.125 0
-3.75 -0.125 0
-3.4375 -0.125 0
-3.75 0 0
-3.4375 0 0
-3.4375 -0.125 0
-3.125 -0.125 0
-3.4375 0 0
-3.125 0 0
-3.125 -0.25 0
-2.8125 -0.25 0
-3.125 -0.125 0
-2.8125 -0.125 0
-2.8125 -0.25 0
-2.5 -0.25 0
-2.8125 -0.125 0
-2.5 -0.125 0
-3.125 -0.125 0
-2.8125 -0.125 0
-3.125 0 0
-2.8125 0 0
-2.8125 -0.125 0
-2.5 -0.125 0
-2.8125 0 0
-2.5 0 0
-2.5 -1 0
-2.1875 -1 0
-2.5 -0.875 0
-2.1875 -0.875 0
-2.1875 -1 0
-1.875 -1 0
-2.1875 -0.875 0
-1.875 -0.875 0
-2.5 -0.875 0
-2.1875 -0.875 0
-2.5 -0.75 0
-2.1875 -0.75 0
-2.1875 -0.875 0
-1.875 -0.875 0
-2.1875 -0.75 0
-1.875 -0.75 0
-1.875 -1 0
-1.5625 -1 0
-1.875 -0.875 0
-1.5625 -0.875 0
-1.5625 -1 0
-1.25 -1 0
-1.5625 -0.875 0
-1.25 -0.875 0
-1.875 -0.875 0
-1.5625 -0.875 0
-1.875 -0.75 0
-1.5625 -0.75 0
-1.5625 -0.875 0
-1.25 -0.875 0
-1.5625 -0.75 0
-1.25 -0.75 0
-2.5 -0.75 0
-2.1875 -0.75 0
-2.5 -0.625 0
-2.1875 -0.625 0
-2.1875 -0.75 0
-1.875 -0.75 0
-2.1875 -0.625 0
-1.875 -0.625 0
-2.5 -0.625 0
-2.1875 -0.625 0
-2.5 -0.5 0
-2.1875 -0.5 0
-2.1875 -0.625 0
-1.875 -0.625 0
-2.1875 -0.5 0
-1.875 -0.5 0
-1.875 -0.75 0
-1.5625 -0.75 0
-1.875 -0.625 0
-1.5625 -0.625 0
-1.5625 -0.75 0
-1.25 -0.75 0
-1.5625 -0.625 0
-1.25 -0.625 0
-1.875 -0.625 0
-1.5625 -0.625 0
-1.875 -0.5 0
-1.5625 -0.5 0
-1.5625 -0.625 0
-1.25 -0.625 0
-1.5625 -0.5 0
-1.25 -0.5 0
-1.25 -1 0
-0.9375 -1 0
-1.25 -0.875 0
-0.9375 -0.875 0
-0.9375 -1 0
-0.625 -1 0
-0.9375 -0.875 0
-0.625 -0.875 0
-1.25 -0.875 0
-0.9375 -0.875 0
-1.25 -0.75 0
-0.9375 -0.75 0
-0.9375 -0.875 0
-0.625 -0.875 0
-0.9375 -0.75 0
-0.625 -0.75 0
-0.625 -1 0
-0.3125 -1 0
-0.625 -0.875 0
-0.3125 -0.875 0
-0.3125 -1 0
0 -1 0
-0.3125 -0.875 0
0 -0.875 0
-0.625 -0.875 0
-0.3125 -0.875 0
-0.625 -0.75 0
-0.3125 -0.75 0
-0.3125 -0.875 0
0 -0.875 0
-0.3125 -0.75 0
0 -0.75 0
-1.25 -0.75 0
-0.9375 -0.75 0
-1.25 -0.625 0
-0.9375 -0.625 0
-0.9375 -0.75 0
-0.625 -0.75 0
-0.9375 -0.625 0
-0.625 -0.625 0
-1.25 -0.625 0
-0.9375 -0.625 0
-1.25 -0.5 0
-0.9375 -0.5 0
-0.9375 -0.625 0
-0.625 -0.625 0
-0.9375 -0.5 0
-0.625 -0.5 0
-0.625 -0.75 0
-0.3125 -0.75 0
-0.625 -0.625 0
-0.3125 -0.625 0
-0.3125 -0.75 0
0 -0.75 0
-0.3125 -0.625 0
0 -0.625 0
-0.625 -0.625 0
-0.3125 -0.625 0
-0.625 -0.5 0
-0.3125 -0.5 0
-0.3125 -0.625 0
0 -0.625 0
-0.3125 -0.5 0
0 -0.5 0
-2.5 -0.5 0
-2.1875 -0.5 0
-2.5 -0.375 0
-2.1875 -0.375 0
-2.1875 -0.5 0
-1.875 -0.5 0
-2.1875 -0.375 0
-1.875 -0.375 0
-2.5 -0.375 0
-2.1875 -0.375 0
-2.5 -0.25 0
-2.1875 -0.25 0
-2.1875 -0.375 0
-1.875 -0.375 0
-2.1875 -0.25 0
-1.875 -0.25 0
-1.875 -0.5 0
-1.5625 -0.5 0
-1.875 -0.375 0
-1.5625 -0.375 0
-1.5625 -0.5 0
-1.25 -0.5 0
-1.5625 -0.375 0
-1.25 -0.375 0
-1.875 -0.375 0
-1.5625 -0.375 0
-1.875 -0.25 0
-1.5625 -0.25 0
-1.5625 -0.375 0
-1.25 -0.375 0
-1.5625 -0.25 0
-1.25 -0.25 0
-2.5 -0.25 0
-2.1875 -0.25 0
-2.5 -0.125 0
-2.1875 -0.125 0
-2.1875 -0.25 0
-1.875 -0.25 0
-2.1875 -0.125 0
-1.875 -0.125 0
-2.5 -0.125 0
-2.1875 -0.125 0
-2.5 0 0
-2.1875 0 0
-2.1875 -0.125 0
-1.875 -0.125 0
-2.1875 0 0
-1.875 0 0
-1.875 -0.25 0
-1.5625 -0.25 0
-1.875 -0.125 0
-1.5625 -0.125 0
-1.5625 -0.25 0
-1.25 -0.25 0
-1.5625 -0.125 0
-1.25 -0.125 0
-1.875 -0.125 0
-1.5625 -0.125 0
-1.875 0 0
-1.5625 0 0
-1.5625 -0.125 0
-1.25 -0.125 0
-1.5625 0 0
-1.25 0 0
-1.25 -0.5 0
-0.9375 -0.5 0
-1.25 -0.375 0
-0.9375 -0.375 0
-0.9375 -0.5 0
-0.625 -0.5 0
-0.9375 -0.375 0
-0.625 -0.375 0
-1.25 -0.375 0
-0.9375 -0.375 0
-1.25 -0.25 0
-0.9375 -0.25 0
-0.9375 -0.375 0
-0.625 -0.375 0
-0.9375 -0.25 0
-0.625 -0.25 0
-0.625 -0.5 0
-0.3125 -0.5 0
-0.625 -0.375 0
-0.3125 -0.375 0
-0.3125 -0.5 0
0 -0.5 0
-0.3125 -0.375 0
0 -0.375 0
-0.625 -0.375 0
-0.3125 -0.375 0
-0.625 -0.25 0
-0.3125 -0.25 0
-0.3125 -0.375 0
0 -0.375 0
-0.3125 -0.25 0
0 -0.25 0
-1.25 -0.25 0
-0.9375 -0.25 0
-1.25 -0.125 0
-0.9375 -0.125 0
-0.9375 -0.25 0
-0.625 -0.25 0
-0.9375 -0.125 0
-0.625 -0.125 0
-1.25 -0.125 0
-0.9375 -0.125 0
-1.25 0 0
-0.9375 0 0
-0.9375 -0.125 0
-0.625 -0.125 0
-0.9375 0 0
-0.625 0 0
-0.625 -0.25 0
-0.3125 -0.25 0
-0.625 -0.125 0
-0.3125 -0.125 0
-0.3125 -0.25 0
0 -0.25 0
-0.3125 -0.125 0
0 -0.125 0
-0.625 -0.125 0
-0.3125 -0.125 0
-0.625 0 0
-0.3125 0 0
-0.3125 -0.125 0
0 -0.125 0
-0.3125 0 0
0 0 0
0 -1 0
0.3125 -1 0
0 -0.875 0
0.3125 -0.875 0
0.3125 -1 0
0.625 -1 0
0.3125 -0.875 0
0.625 -0.875 0
0 -0.875 0
0.3125 -0.875 0
0 -0.75 0
0.3125 -0.75 0
0.3125 -0.875 0
0.625 -0.875 0
0.3125 -0.75 0
0.625 -0.75 0
0.625 -1 0
0.9375 -1 0
0.625 -0.875 0
0.9375 -0.875 0
0.9375 -1 0
1.25 -1 0
0.9375 -0.875 0
1.25 -0.875 0
0.625 -0.875 0
0.9375 -0.875 0
0.625 -0.75 0
0.9375 -0.75 0
0.9375 -0.875 0
1.25 -0.875 0
0.9375 -0.75 0
1.25 -0.75 0
0 -0.75 0
0.3125 -0.75 0
0 -0.625 0
0.3125 -0.625 0
0.3125 -0.75 0
0.625 -0.75 0
0.3125 -0.625 0
0.625 -0.625 0
0 -0.625 0
0.3125 -0.625 0
0 -0.5 0
0.3125 -0.5 0
0.3125 -0.625 0
0.625 -0.625 0
0.3125 -0.5 0
0.625 -0.5 0
0.625 -0.75 0
0.9375 -0.75 0
0.625 -0.625 0
0.9375 -0.625 0
0.9375 -0.75 0
1.25 -0.75 0
0.9375 -0.625 0
1.25 -0.625 0
0.625 -0.625 0
0.9375 -0.625 0
0.625 -0.5 0
0.9375 -0.5 0
0.9375 -0.625 0
1.25 -0.625 0
0.9375 -0.5 0
1.25 -0.5 0
1.25 -1 0
1.5625 -1 0
1.25 -0.875 0
1.5625 -0.875 0
1.5625 -1 0
1.875 -1 0
1.5625 -0.875 0
1.875 -0.875 0
1.25 -0.875 0
1.5625 -0.875 0
1.25 -0.75 0
1.5625 -0.75 0
1.5625 -0.875 0
1.875 -0.875 0
1.5625 -0.75 0
1.875 -0.75 0
1.875 -1 0
2.1875 -1 0
1.875 -0.875 0
2.1875 -0.875 0
2.1875 -1 0
2.5 -1 0
2.1875 -0.875 0
2.5 -0.875 0
1.875 -0.875 0
2.1875 -0.875 0
1.875 -0.75 0
2.1875 -0.75 0
2.1875 -0.875 0
2.5 -0.875 0
2.1875 -0.75 0
2.5 -0.75 0
1.25 -0.75 0
1.5625 -0.75 0
1.25 -0.625 0
1.5625 -0.625 0
1.5625 -0.75 0
1.875 -0.75 0
1.5625 -0.625 0
1.875 -0.625 0
1.25 -0.625 0
1.5625 -0.625 0
1.25 -0.5 0
1.5625 -0.5 0
1.5625 -0.625 0
1.875 -0.625 0
1.5625 -0.5 0
1.875 -0.5 0
1.875 -0.75 0
2.1875 -0.75 0
1.875 -0.625 0
2.1875 -0.625 0
2.1875 -0.75 0
2.5 -0.75 0
2.1875 -0.625 0
2.5 -0.625 0
1.875 -0.625 0
2.1875 -0.625 0
1.875 -0.5 0
2.1875 -0.5 0
2.1875 -0.625 0
2.5 -0.625 0
2.1875 -0.5 0
2.5 -0.5 0
0 -0.5 0
0.3125 -0.5 0
0 -0.375 0
0.3125 -0.375 0
0.3125 -0.5 0
0.625 -0.5 0
0.3125 -0.375 0
0.625 -0.375 0
0 -0.375 0
0.3125 -0.375 0
0 -0.25 0
0.3125 -0.25 0
0.3125 -0.375 0
0.625 -0.375 0
0.3125 -0.25 0
0.625 -0.25 0
0.625 -0.5 0
0.9375 -0.5 0
0.625 -0.375 0
0.9375 -0.375 0
0.9375 -0.5 0
1.25 -0.5 0
0.9375 -0.375 0
1.25 -0.375 0
0.625 -0.375 0
0.9375 -0.375 0
0.625 -0.25 0
0.9375 -0.25 0
0.9375 -0.375 0
1.25 -0.375 0
0.9375 -0.25 0
1.25 -0.25 0
0 -0.25 0
0.3125 -0.25 0
0 -0.125 0
0.3125 -0.125 0
0.3125 -0.25 0
0.625 -0.25 0
0.3125 -0.125 0
0.625 -0.125 0
0 -0.125 0
0.3125 -0.125 0
0 0 0
0.3125 0 0
0.3125 -0.125 0
0.625 -0.125 0
0.3125 0 0
0.625 0 0
0.625 -0.25 0
0.9375 -0.25 0
0.625 -0.125 0
0.9375 -0.125 0
0.9375 -0.25 0
1.25 -0.25 0
0.9375 -0.125 0
1.25 -0.125 0
0.625 -0.125 0
0.9375 -0.125 0
0.625 0 0
0.9375 0 0
0.9375 -0.125 0
1.25 -0.125 0
0.9375 0 0
1.25 0 0
1.25 -0.5 0
1.5625 -0.5 0
1.25 -0.375 0
1.5625 -0.375 0
1.5625 -0.5 0
1.875 -0.5 0
1.5625 -0.375 0
1.875 -0.375 0
1.25 -0.375 0
1.5625 -0.375 0
1.25 -0.25 0
1.5625 -0.25 0
1.5625 -0.375 0
1.875 -0.375 0
1.5625 -0.25 0
1.875 -0.25 0
1.875 -0.5 0
2.1875 -0.5 0
1.875 -0.375 0
2.1875 -0.375 0
2.1875 -0.5 0
2.5 -0.5 0
2.1875 -0.375 0
2.5 -0.375 0
1.875 -0.375 0
2.1875 -0.375 0
1.875 -0.25 0
2.1875 -0.25 0
2.1875 -0.375 0
2.5 -0.375 0
2.1875 -0.25 0
2.5 -0.25 0
1.25 -0.25 0
1.5625 -0.25 0
1.25 -0.125 0
1.5625 -0.125 0
1.5625 -0.25 0
1.875 -0.25 0
1.5625 -0.125 0
1.875 -0.125 0
1.25 -0.125 0
1.5625 -0.125 0
1.25 0 0
1.5625 0 0
1.5625 -0.125 0
1.875 -0.125 0
1.5625 0 0
1.875 0 0
1.875 -0.25 0
2.1875 -0.25 0
1.875 -0.125 0
2.1875 -0.125 0
2.1875 -0.25 0
2.5 -0.25 0
2.1875 -0.125 0
2.5 -0.125 0
1.875 -0.125 0
2.1875 -0.125 0
1.875 0 0
2.1875 0 0
2.1875 -0.125 0
2.5 -0.125 0
2.1875 0 0
2.5 0 0
2.5 -1 0
2.8125 -1 0
2.5 -0.875 0
2.8125 -0.875 0
2.8125 -1 0
3.125 -1 0
2.8125 -0.875 0
3.125 -0.875 0
2.5 -0.875 0
2.8125 -0.875 0
2.5 -0.75 0
2.8125 -0.75 0
2.8125 -0.875 0
3.125 -0.875 0
2.8125 -0.75 0
3.125 -0.75 0
3.125 -1 0
3.4375 -1 0
3.125 -0.875 0
3.4375 -0.875 0
3.4375 -1 0
3.75 -1 0
3.4375 -0.875 0
3.75 -0.875 0
3.125 -0.875 0
3.4375 -0.875 0
3.125 -0.75 0
3.4375 -0.75 0
3.4375 -0.875 0
3.75 -0.875 0
3.4375 -0.75 0
3.75 -0.75 0
2.5 -0.75 0
2.8125 -0.75 0
2.5 -0.625 0
2.8125 -0.625 0
2.8125 -0.75 0
3.125 -0.75 0
2.8125 -0.625 0
3.125 -0.625 0
2.5 -0.625 0
2.8125 -0.625 0
2.5 -0.5 0
2.8125 -0.5 0
2.8125 -0.625 0
3.125 -0.625 0
2.8125 -0.5 0
3.125 -0.5 0
3.125 -0.75 0
3.4375 -0.75 0
3.125 -0.625 0
3.4375 -0.625 0
3.4375 -0.75 0
3.75 -0.75 0
3.4375 -0.625 0
3.75 -0.625 0
3.125 -0.625 0
3.4375 -0.625 0
3.125 -0.5 0
3.4375 -0.5 0
3.4375 -0.625 0
3.75 -0.625 0
3.4375 -0.5 0
3.75 -0.5 0
3.75 -1 0
4.0625 -1 0
3.75 -0.875 0
4.0625 -0.875 0
4.0625 -1 0
4.375 -1 0
4.0625 -0.875 0
4.375 -0.875 0
3.75 -0.875 0
4.0625 -0.875 0
3.75 -0.75 0
4.0625 -0.75 0
4.0625 -0.875 0
4.375 -0.875 0
4.0625 -0.75 0
4.375 -0.75 0
4.375 -1 0
4.6875 -1 0
4.375 -0.875 0
4.6875 -0.875 0
4.6875 -1 0
5 -1 0
4.6875 -0.875 0
5 -0.875 0
4.375 -0.875 0
4.6875 -0.875 0
4.375 -0.75 0
4.6875 -0.75 0
4.6875 -0.875 0
5 -0.875 0
4.6875 -0.75 0
5 -0.75 0
3.75 -0.75 0
4.0625 -0.75 0
3.75 -0.625 0
4.0625 -0.625 0
4.0625 -0.75 0
4.375 -0.75 0
4.0625 -0.625 0
4.375 -0.625 0
3.75 -0.625 0
4.0625 -0.625 0
3.75 -0.5 0
4.0625 -0.5 0
4.0625 -0.625 0
4.375 -0.625 0
4.0625 -0.5 0
4.375 -0.5 0
4.375 -0.75 0
4.6875 -0.75 0
4.375 -0.625 0
4.6875 -0.625 0
4.6875 -0.75 0
5 -0.75 0
4.6875 -0.625 0
5 -0.625 0
4.375 -0.625 0
4.6875 -0.625 0
4.375 -0.5 0
4.6875 -0.5 0
4.6875 -0.625 0
5 -0.625 0
4.6875 -0.5 0
5 -0.5 0
2.5 -0.5 0
2.8125 -0.5 0
2.5 -0.375 0
2.8125 -0.375 0
2.8125 -0.5 0
3.125 -0.5 0
2.8125 -0.375 0
3.125 -0.375 0
2.5 -0.375 0
2.8125 -0.375 0
2.5 -0.25 0
2.8125 -0.25 0
2.8125 -0.375 0
3.125 -0.375 0
2.8125 -0.25 0
3.125 -0.25 0
3.125 -0.5 0
3.4375 -0.5 0
3.125 -0.375 0
3.4375 -0.375 0
3.4375 -0.5 0
3.75 -0.5 0
3.4375 -0.375 0
3.75 -0.375 0
3.125 -0.375 0
3.4375 -0.375 0
3.125 -0.25 0
3.4375 -0.25 0
3.4375 -0.375 0
3.75 -0.375 0
3.4375 -0.25 0
3.75 -0.25 0
2.5 -0.25 0
2.8125 -0.25 0
2.5 -0.125 0
2.8125 -0.125 0
2.8125 -0.25 0
3.125 -0.25 0
2.8125 -0.125 0
3.125 -0.125 0
2.5 -0.125 0
2.8125 -0.125 0
2.5 0 0
2.8125 0 0
2.8125 -0.125 0
3.125 -0.125 0
2.8125 0 0
3.125 0 0
3.125 -0.25 0
3.4375 -0.25 0
3.125 -0.125 0
3.4375 -0.125 0
3.4375 -0.25 0
3.75 -0.25 0
3.4375 -0.125 0
3.75 -0.125 0
3.125 -0.125 0
3.4375 -0.125 0
3.125 0 0
3.4375 0 0
3.4375 -0.125 0
3.75 -0.125 0
3.4375 0 0
3.75 0 0
3.75 -0.5 0
4.0625 -0.5 0
3.75 -0.375 0
4.0625 -0.375 0
4.0625 -0.5 0
4.375 -0.5 0
4.0625 -0.375 0
4.375 -0.375 0
3.75 -0.375 0
4.0625 -0.375 0
3.75 -0.25 0
4.0625 -0.25 0
4.0625 -0.375 0
4.375 -0.375 0
4.0625 -0.25 0
4.375 -0.25 0
4.375 -0.5 0
4.6875 -0.5 0
4.375 -0.375 0
4.6875 -0.375 0
4.6875 -0.5 0
5 -0.5 0
4.6875 -0.375 0
5 -0.375 0
4.375 -0.375 0
4.6875 -0.375 0
4.375 -0.25 0
4.6875 -0.25 0
4.6875 -0.375 0
5 -0.375 0
4.6875 -0.25 0
5 -0.25 0
3.75 -0.25 0
4.0625 -0.25 0
3.75 -0.125 0
4.0625 -0.125 0
4.0625 -0.25 0
4.375 -0.25 0
4.0625 -0.125 0
4.375 -0.125 0
3.75 -0.125 0
4.0625 -0.125 0
3.75 0 0
4.0625 0 0
4.0625 -0.125 0
4.375 -0.125 0
4.0625 0 0
4.375 0 0
4.375 -0.25 0
4.6875 -0.25 0
4.375 -0.125 0
4.6875 -0.125 0
4.6875 -0.25 0
5 -0.25 0
4.6875 -0.125 0
5 -0.125 0
4.375 -0.125 0
4.6875 -0.125 0
4.375 0 0
4.6875 0 0
4.6875 -0.125 0
5 -0.125 0
4.6875 0 0
5 0 0
-5 0 0
-4.6875 0 0
-5 0.125 0
-4.6875 0.125 0
-4.6875 0 0
-4.375 0 0
-4.6875 0.125 0
-4.375 0.125 0
-5 0.125 0
-4.6875 0.125 0
-5 0.25 0
-4.6875 0.25 0
-4.6875 0.125 0
-4.375 0.125 0
-4.6875 0.25 0
-4.375 0.25 0
-4.375 0 0
-4.0625 0 0
-4.375 0.125 0
-4.0625 0.125 0
-4.0625 0 0
-3.75 0 0
-4.0625 0.125 0
-3.75 0.125 0
-4.375 0.125 0
-4.0625 0.125 0
-4.375 0.25 0
-4.0625 0.25 0
-4.0625 0.125 0
-3.75 0.125 0
-4.0625 0.25 0
-3.75 0.25 0
-5 0.25 0
-4.6875 0.25 0
-5 0.375 0
-4.6875 0.375 0
-4.6875 0.25 0
-4.375 0.25 0
-4.6875 0.375 0
-4.375 0.375 0
-5 0.375 0
-4.6875 0.375 0
-5 0.5 0
-4.6875 0.5 0
-4.6875 0.375 0
-4.375 0.375 0
-4.6875 0.5 0
-4.375 0.5 0
-4.375 0.25 0
-4.0625 0.25 0
-4.375 0.375 0
-4.0625 0.375 0
-4.0625 0.25 0
-3.75 0.25 0
-4.0625 0.375 0
-3.75 0.375 0
-4.375 0.375 0
-4.0625 0.375 0
-4.375 0.5 0
-4.0625 0.5 0
-4.0625 0.375 0
-3.75 0.375 0
-4.0625 0.5 0
-3.75 0.5 0
-3.75 0 0
-3.4375 0 0
-3.75 0.125 0
-3.4375 0.125 0
-3.4375 0 0
-3.125 0 0
-3.4375 0.125 0
-3.125 0.125 0
-3.75 0.125 0
-3.4375 0.125 0
-3.75 0.25 0
-3.4375 0.25 0
-3.4375 0.125 0
-3.125 0.125 0
-3.4375 0.25 0
-3.125 0.25 0
-3.125 0 0
-2.8125 0 0
-3.125 0.125 0
-2.8125 0.125 0
-2.8125 0 0
-2.5 0 0
-2.8125 0.125 0
-2.5 0.125 0
-3.125 0.125 0
-2.8125 0.125 0
-3.125 0.25 0
-2.8125 0.25 0
-2.8125 0.125 0
-2.5 0.125 0
-2.8125 0.25 0
-2.5 0.25 0
-3.75 0.25 0
-3.4375 0.25 0
-3.75 0.375 0
-3.4375 0.375 0
-3.4375 0.25 0
-3.125 0.25 0
-3.4375 0.375 0
-3.125 0.375 0
-3.75 0.375 0
-3.4375 0.375 0
-3.75 0.5 0
-3.4375 0.5 0
-3.4375 0.375 0
-3.125 0.375 0
-3.4375 0.5 0
-3.125 0.5 0
-3.125 0.25 0
-2.8125 0.25 0
-3.125 0.375 0
-2.8125 0.375 0
-2.8125 0.25 0
-2.5 0.25 0
-2.8125 0.375 0
-2.5 0.375 0
-3.125 0.375 0
-2.8125 0.375 0
-3.125 0.5 0
-2.8125 0.5 0
-2.8125 0.375 0
-2.5 0.375 0
-2.8125 0.5 0
-2.5 0.5 0
-5 0.5 0
-4.6875 0.5 0
-5 0.625 0
-4.6875 0.625 0
-4.6875 0.5 0
-4.375 0.5 0
-4.6875 0.625 0
-4.375 0.625 0
-5 0.625 0
-4.6875 0.625 0
-5 0.75 0
-4.6875 0.75 0
-4.6875 0.625 0
-4.375 0.625 0
-4.6875 0.75 0
-4.375 0.75 0
-4.375 0.5 0
-4.0625 0.5 0
-4.375 0.625 0
-4.0625 0.625 0
-4.0625 0.5 0
-3.75 0.5 0
-4.0625 0.625 0
-3.75 0.625 0
-4.375 0.625 0
-4.0625 0.625 0
-4.375 0.75 0
-4.0625 0.75 0
-4.0625 0.625 0
-3.75 0.625 0
-4.0625 0.75 0
-3.75 0.75 0
-5 0.75 0
-4.6875 0.75 0
-5 0.875 0
-4.6875 0.875 0
-4.6875 0.75 0
-4.375 0.75 0
-4.6875 0.875 0
-4.375 0.875 0
-5 0.875 0
-4.6875 0.875 0
-5 1 0
-4.6875 1 0
-4.6875 0.875 0
-4.375 0.875 0
-4.6875 1 0
-4.375 1 0
-4.375 0.75 0
-4.0625 0.75 0
-4.375 0.875 0
-4.0625 0.875 0
-4.0625 0.75 0
-3.75 0.75 0
-4.0625 0.875 0
-3.75 0.875 0
-4.375 0.875 0
-4.0625 0.875 0
-4.375 1 0
-4.0625 1 0
-4.0625 0.875 0
-3.75 0.875 0
-4.0625 1 0
-3.75 1 0
-3.75 0.5 0
-3.4375 0.5 0
-3.75 0.625 0
-3.4375 0.625 0
-3.4375 0.5 0
-3.125 0.5 0
-3.4375 0.625 0
-3.125 0.625 0
-3.75 0.625 0
-3.4375 0.625 0
-3.75 0.75 0
-3.4375 0.75 0
-3.4375 0.625 0
-3.125 0.625 0
-3.4375 0.75 0
-3.125 0.75 0
-3.125 0.5 0
-2.8125 0.5 0
-3.125 0.625 0
-2.8125 0.625 0
-2.8125 0.5 0
-2.5 0.5 0
-2.8125 0.625 0
-2.5 0.625 0
-3.125 0.625 0
-2.8125 0.625 0
-3.125 0.75 0
-2.8125 0.75 0
-2.8125 0.625 0
-2.5 0.625 0
-2.8125 0.75 0
-2.5 0.75 0
-3.75 0.75 0
-3.4375 0.75 0
-3.75 0.875 0
-3.4375 0.875 0
-3.4375 0.75 0
-3.125 0.75 0
-3.4375 0.875 0
-3.125 0.875 0
-3.75 0.875 0
-3.4375 0.875 0
-3.75 1 0
-3.4375 1 0
-3.4375 0.875 0
-3.125 0.875 0
-3.4375 1 0
-3.125 1 0
-3.125 0.75 0
-2.8125 0.75 0
-3.125 0.875 0
-2.8125 0.875 0
-2.8125 0.75 0
-2.5 0.75 0
-2.8125 0.875 0
-2.5 0.875 0
-3.125 0.875 0
-2.8125 0.875 0
-3.125 1 0
-2.8125 1 0
-2.8125 0.875 0
-2.5 0.875 0
-2.8125 1 0
-2.5 1 0
-2.5 0 0
-2.1875 0 0
-2.5 0.125 0
-2.1875 0.125 0
-2.1875 0 0
-1.875 0 0
-2.1875 0.125 0
-1.875 0.125 0
-2.5 0.125 0
-2.1875 0.125 0
-2.5 0.25 0
-2.1875 0.25 0
-2.1875 0.125 0
-1.875 0.125 0
-2.1875 0.25 0
-1.875 0.25 0
-1.875 0 0
-1.5625 0 0
-1.875 0.125 0
-1.5625 0.125 0
-1.5625 0 0
-1.25 0 0
-1.5625 0.125 0
-1.25 0.125 0
-1.875 0.125 0
-1.5625 0.125 0
-1.875 0.25 0
-1.5625 0.25 0
-1.5625 0.125 0
-1.25 0.125 0
-1.5625 0.25 0
-1.25 0.25 0
-2.5 0.25 0
-2.1875 0.25 0
-2.5 0.375 0
-2.1875 0.375 0
-2.1875 0.25 0
-1.875 0.25 0
-2.1875 0.375 0
-1.875 0.375 0
-2.5 0.375 0
-2.1875 0.375 0
-2.5 0.5 0
-2.1875 0.5 0
-2.1875 0.375 0
-1.875 0.375 0
-2.1875 0.5 0
-1.875 0.5 0
-1.875 0.25 0
-1.5625 0.25 0
-1.875 0.375 0
-1.5625 0.375 0
-1.5625 0.25 0
-1.25 0.25 0
-1.5625 0.375 0
-1.25 0.375 0
-1.875 0.375 0
-1.5625 0.375 0
-1.875 0.5 0
-1.5625 0.5 0
-1.5625 0.375 0
-1.25 0.375 0
-1.5625 0.5 0
-1.25 0.5 0
-1.25 0 0
-0.9375 0 0
-1.25 0.125 0
-0.9375 0.125 0
-0.9375 0 0
-0.625 0 0
-0.9375 0.125 0
-0.625 0.125 0
-1.25 0.125 0
-0.9375 0.125 0
-1.25 0.25 0
-0.9375 0.25 0
-0.9375 0.125 0
-0.625 0.125 0
-0.9375 0.25 0
-0.625 0.25 0
-0.625 0 0
-0.3125 0 0
-0.625 0.125 0
-0.3125 0.125 0
-0.3125 0 0
0 0 0
-0.3125 0.125 0
0 0.125 0
-0.625 0.125 0
-0.3125 0.125 0
-0.625 0.25 0
-0.3125 0.25 0
-0.3125 0.125 0
0 0.125 0
-0.3125 0.25 0
0 0.25 0
-1.25 0.25 0
-0.9375 0.25 0
-1.25 0.375 0
-0.9375 0.375 0
-0.9375 0.25 0
-0.625 0.25 0
-0.9375 0.375 0
-0.625 0.375 0
-1.25 0.375 0
-0.9375 0.375 0
-1.25 0.5 0
-0.9375 0.5 0
-0.9375 0.375 0
-0.625 0.375 0
-0.9375 0.5 0
-0.625 0.5 0
-0.625 0.25 0
-0.3125 0.25 0
-0.625 0.375 0
-0.3125 0.375 0
-0.3125 0.25 0
0 0.25 0
-0.3125 0.375 0
0 0.375 0
-0.625 0.375 0
-0.3125 0.375 0
-0.625 0.5 0
-0.3125 0.5 0
-0.3125 0.375 0
0 0.375 0
-0.3125 0.5 0
0 0.5 0
-2.5 0.5 0
-2.1875 0.5 0
-2.5 0.625 0
-2.1875 0.625 0
-2.1875 0.5 0
-1.875 0.5 0
-2.1875 0.625 0
-1.875 0.625 0
-2.5 0.625 0
-2.1875 0.625 0
-2.5 0.75 0
-2.1875 0.75 0
-2.1875 0.625 0
-1.875 0.625 0
-2.1875 0.75 0
-1.875 0.75 0
-1.875 0.5 0
-1.5625 0.5 0
-1.875 0.625 0
-1.5625 0.625 0
-1.5625 0.5 0
-1.25 0.5 0
-1.5625 0.625 0
-1.25 0.625 0
-1.875 0.625 0
-1.5625 0.625 0
-1.875 0.75 0
-1.5625 0.75 0
-1.5625 0.625 0
-1.25 0.625 0
-1.5625 0.75 0
-1.25 0.75 0
-2.5 0.75 0
-2.1875 0.75 0
-2.5 0.875 0
-2.1875 0.875 0
-2.1875 0.75 0
-1.875 0.75 0
-2.1875 0.875 0
-1.875 0.875 0
-2.5 0.875 0
-2.1875 0.875 0
-2.5 1 0
-2.1875 1 0
-2.1875 0.875 0
-1.875 0.875 0
-2.1875 1 0
-1.875 1 0
-1.875 0.75 0
-1.5625 0.75 0
-1.875 0.875 0
-1.5625 0.875 0
-1.5625 0.75 0
-1.25 0.75 0
-1.5625 0.875 0
-1.25 0.875 0
-1.875 0.875 0
-1.5625 0.875 0
-1.875 1 0
-1.5625 1 0
-1.5625 0.875 0
-1.25 0.875 0
-1.5625 1 0
-1.25 1 0
-1.25 0.5 0
-0.9375 0.5 0
-1.25 0.625 0
-0.9375 0.625 0
-0.9375 0.5 0
-0.625 0.5 0
-0.9375 0.625 0
-0.625 0.625 0
-1.25 0.625 0
-0.9375 0.625 0
-1.25 0.75 0
-0.9375 0.75 0
-0.9375 0.625 0
-0.625 0.625 0
-0.9375 0.75 0
-0.625 0.75 0
-0.625 0.5 0
-0.3125 0.5 0
-0.625 0.625 0
-0.3125 0.625 0
-0.3125 0.5 0
0 0.5 0
-0.3125 0.625 0
0 0.625 0
-0.625 0.625 0
-0.3125 0.625 0
-0.625 0.75 0
-0.3125 0.75 0
-0.3125 0.625 0
0 0.625 0
-0.3125 0.75 0
0 0.75 0
-1.25 0.75 0
-0.9375 0.75 0
-1.25 0.875 0
-0.9375 0.875 0
-0.9375 0.75 0
-0.625 0.75 0
-0.9375 0.875 0
-0.625 0.875 0
-1.25 0.875 0
-0.9375 0.875 0
-1.25 1 0
-0.9375 1 0
-0.9375 0.875 0
-0.625 0.875 0
-0.9375 1 0
-0.625 1 0
-0.625 0.75 0
-0.3125 0.75 0
-0.625 0.875 0
-0.3125 0.875 0
-0.3125 0.75 0
0 0.75 0
-0.3125 0.875 0
0 0.875 0
-0.625 0.875 0
-0.3125 0.875 0
-0.625 1 0
-0.3125 1 0
-0.3125 0.875 0
0 0.875 0
-0.3125 1 0
0 1 0
0 0 0
0.3125 0 0
0 0.125 0
0.3125 0.125 0
0.3125 0 0
0.625 0 0
0.3125 0.125 0
0.625 0.125 0
0 0.125 0
0.3125 0.125 0
0 0.25 0
0.3125 0.25 0
0.3125 0.125 0
0.625 0.125 0
0.3125 0.25 0
0.625 0.25 0
0.625 0 0
0.9375 0 0
0.625 0.125 0
0.9375 0.125 0
0.9375 0 0
1.25 0 0
0.9375 0.125 0
1.25 0.125 0
0.625 0.125 0
0.9375 0.125 0
0.625 0.25 0
0.9375 0.25 0
0.9375 0.125 0
1.25 0.125 0
0.9375 0.25 0
1.25 0.25 0
0 0.25 0
0.3125 0.25 0
0 0.375 0
0.3125 0.375 0
0.3125 0.25 0
0.625 0.25 0
0.3125 0.375 0
0.625 0.375 0
0 0.375 0
0.3125 0.375 0
0 0.5 0
0.3125 0.5 0
0.3125 0.375 0
0.625 0.375 0
0.3125 0.5 0
0.625 0.5 0
0.625 0.25 0
0.9375 0.25 0
0.625 0.375 0
0.9375 0.375 0
0.9375 0.25 0
1.25 0.25 0
0.9375 0.375 0
1.25 0.375 0
0.625 0.375 0
0.9375 0.375 0
0.625 0.5 0
0.9375 0.5 0
0.9375 0.375 0
1.25 0.375 0
0.9375 0.5 0
1.25 0.5 0
1.25 0 0
1.5625 0 0
1.25 0.125 0
1.5625 0.125 0
1.5625 0 0
1.875 0 0
1.5625 0.125 0
1.875 0.125 0
1.25 0.125 0
1.5625 0.125 0
1.25 0.25 0
1.5625 0.25 0
1.5625 0.125 0
1.875 0.125 0
1.5625 0.25 0
1.875 0.25 0
1.875 0 0
2.1875 0 0
1.875 0.125 0
2.1875 0.125 0
2.1875 0 0
2.5 0 0
2.1875 0.125 0
2.5 0.125 0
1.875 0.125 0
2.1875 0.125 0
1.875 0.25 0
2.1875 0.25 0
2.1875 0.125 0
2.5 0.125 0
2.1875 0.25 0
2.5 0.25 0
1.25 0.25 0
1.5625 0.25 0
1.25 0.375 0
1.5625 0.375 0
1.5625 0.25 0
1.875 0.25 0
1.5625 0.375 0
1.875 0.375 0
1.25 0.375 0
1.5625 0.375 0
1.25 0.5 0
1.5625 0.5 0
1.5625 0.375 0
1.875 0.375 0
1.5625 0.5 0
1.875 0.5 0
1.875 0.25 0
2.1875 0.25 0
1.875 0.375 0
2.1875 0.375 0
2.1875 0.25 0
2.5 0.25 0
2.1875 0.375 0
2.5 0.375 0
1.875 0.375 0
2.1875 0.375 0
1.875 0.5 0
2.1875 0.5 0
2.1875 0.375 0
2.5 0.375 0
2.1875 0.5 0
2.5 0.5 0
0 0.5 0
0.3125 0.5 0
0 0.625 0
0.3125 0.625 0
0.3125 0.5 0
0.625 0.5 0
0.3125 0.625 0
0.625 0.625 0
0 0.625 0
0.3125 0.625 0
0 0.75 0
0.3125 0.75 0
0.3125 0.625 0
0.625 0.625 0
0.3125 0.75 0
0.625 0.75 0
0.625 0.5 0
0.9375 0.5 0
0.625 0.625 0
0.9375 0.625 0
0.9375 0.5 0
1.25 0.5 0
0.9375 0.625 0
1.25 0.625 0
0.625 0.625 0
0.9375 0.625 0
0.625 0.75 0
0.9375 0.75 0
0.9375 0.625 0
1.25 0.625 0
0.9375 0.75 0
1.25 0.75 0
0 0.75 0
0.3125 0.75 0
0 0.875 0
0.3125 0.875 0
0.3125 0.75 0
0.625 0.75 0
0.3125 0.875 0
0.625 0.875 0
0 0.875 0
0.3125 0.875 0
0 1 0
0.3125 1 0
0.3125 0.875 0
0.625 0.875 0
0.3125 1 0
0.625 1 0
0.625 0.75 0
0.9375 0.75 0
0.625 0.875 0
0.9375 0.875 0
0.9375 0.75 0
1.25 0.75 0
0.9375 0.875 0
1.25 0.875 0
0.625 0.875 0
0.9375 0.875 0
0.625 1 0
0.9375 1 0
0.9375 0.875 0
1.25 0.875 0
0.9375 1 0
1.25 1 0
1.25 0.5 0
1.5625 0.5 0
1.25 0.625 0
1.5625 0.625 0
1.5625 0.5 0
1.875 0.5 0
1.5625 0.625 0
1.875 0.625 0
1.25 0.625 0
1.5625 0.625 0
1.25 0.75 0
1.5625 0.75 0
1.5625 0.625 0
1.875 0.625 0
1.5625 0.75 0
1.875 0.75 0
1.875 0.5 0
2.1875 0.5 0
1.875 0.625 0
2.1875 0.625 0
2.1875 0.5 0
2.5 0.5 0
2.1875 0.625 0
2.5 0.625 0
1.875 0.625 0
2.1875 0.625 0
1.875 0.75 0
2.1875 0.75 0
2.1875 0.625 0
2.5 0.625 0
2.1875 0.75 0
2.5 0.75 0
1.25 0.75 0
1.5625 0.75 0
1.25 0.875 0
1.5625 0.875 0
1.5625 0.75 0
1.875 0.75 0
1.5625 0.875 0
1.875 0.875 0
1.25 0.875 0
1.5625 0.875 0
1.25 1 0
1.5625 1 0
1.5625 0.875 0
1.875 0.875 0
1.5625 1 0
1.875 1 0
1.875 0.75 0
2.1875 0.75 0
1.875 0.875 0
2.1875 0.875 0
2.1875 0.75 0
2.5 0.75 0
2.1875 0.875 0
2.5 0.875 0
1.875 0.875 0
2.1875 0.875 0
1.875 1 0
2.1875 1 0
2.1875 0.875 0
2.5 0.875 0
2.1875 1 0
2.5 1 0
2.5 0 0
2.8125 0 0
2.5 0.125 0
2.8125 0.125 0
2.8125 0 0
3.125 0 0
2.8125 0.125 0
3.125 0.125 0
2.5 0.125 0
2.8125 0.125 0
2.5 0.25 0
2.8125 0.25 0
2.8125 0.125 0
3.125 0.125 0
2.8125 0.25 0
3.125 0.25 0
3.125 0 0
3.4375 0 0
3.125 0.125 0
3.4375 0.125 0
3.4375 0 0
3.75 0 0
3.4375 0.125 0
3.75 0.125 0
3.125 0.125 0
3.4375 0.125 0
3.125 0.25 0
3.4375 0.25 0
3.4375 0.125 0
3.75 0.125 0
3.4375 0.25 0
3.75 0.25 0
2.5 0.25 0
2.8125 0.25 0
2.5 0.375 0
2.8125 0.375 0
2.8125 0.25 0
3.125 0.25 0
2.8125 0.375 0
3.125 0.375 0
2.5 0.375 0
2.8125 0.375 0
2.5 0.5 0
2.8125 0.5 0
2.8125 0.375 0
3.125 0.375 0
2.8125 0.5 0
3.125 0.5 0
3.125 0.25 0
3.4375 0.25 0
3.125 0.375 0
3.4375 0.375 0
3.4375 0.25 0
3.75 0.25 0
3.4375 0.375 0
3.75 0.375 0
3.125 0.375 0
3.4375 0.375 0
3.125 0.5 0
3.4375 0.5 0
3.4375 0.375 0
3.75 0.375 0
3.4375 0.5 0
3.75 0.5 0
3.75 0 0
4.0625 0 0
3.75 0.125 0
4.0625 0.125 0
4.0625 0 0
4.375 0 0
4.0625 0.125 0
4.375 0.125 0
3.75 0.125 0
4.0625 0.125 0
3.75 0.25 0
4.0625 0.25 0
4.0625 0.125 0
4.375 0.125 0
4.0625 0.25 0
4.375 0.25 0
4.375 0 0
4.6875 0 0
4.375 0.125 0
4.6875 0.125 0
4.6875 0 0
5 0 0
4.6875 0.125 0
5 0.125 0
4.375 0.125 0
4.6875 0.125 0
4.375 0.25 0
4.6875 0.25 0
4.6875 0.125 0
5 0.125 0
4.6875 0.25 0
5 0.25 0
3.75 0.25 0
4.0625 0.25 0
3.75 0.375 0
4.0625 0.375 0
4.0625 0.25 0
4.375 0.25 0
4.0625 0.375 0
4.375 0.375 0
3.75 0.375 0
4.0625 0.375 0
3.75 0.5 0
4.0625 0.5 0
4.0625 0.375 0
4.375 0.375 0
4.0625 0.5 0
4.375 0.5 0
4.375 0.25 0
4.6875 0.25 0
4.375 0.375 0
4.6875 0.375 0
4.6875 0.25 0
5 0.25 0
4.6875 0.375 0
5 0.375 0
4.375 0.375 0
4.6875 0.375 0
4.375 0.5 0
4.6875 0.5 0
4.6875 0.375 0
5 0.375 0
4.6875 0.5 0
5 0.5 0
2.5 0.5 0
2.8125 0.5 0
2.5 0.625 0
2.8125 0.625 0
2.8125 0.5 0
3.125 0.5 0
2.8125 0.625 0
3.125 0.625 0
2.5 0.625 0
2.8125 0.625 0
2.5 0.75 0
2.8125 0.75 0
2.8125 0.625 0
3.125 0.625 0
2.8125 0.75 0
3.125 0.75 0
3.125 0.5 0
3.4375 0.5 0
3.125 0.625 0
3.4375 0.625 0
3.4375 0.5 0
3.75 0.5 0
3.4375 0.625 0
3.75 0.625 0
3.125 0.625 0
3.4375 0.625 0
3.125 0.75 0
3.4375 0.75 0
3.4375 0.625 0
3.75 0.625 0
3.4375 0.75 0
3.75 0.75 0
2.5 0.75 0
2.8125 0.75 0
2.5 0.875 0
2.8125 0.875 0
2.8125 0.75 0
3.125 0.75 0
2.8125 0.875 0
3.125 0.875 0
2.5 0.875 0
2.8125 0.875 0
2.5 1 0
2.8125 1 0
2.8125 0.875 0
3.125 0.875 0
2.8125 1 0
3.125 1 0
3.125 0.75 0
3.4375 0.75 0
3.125 0.875 0
3.4375 0.875 0
3.4375 0.75 0
3.75 0.75 0
3.4375 0.875 0
3.75 0.875 0
3.125 0.875 0
3.4375 0.875 0
3.125 1 0
3.4375 1 0
3.4375 0.875 0
3.75 0.875 0
3.4375 1 0
3.75 1 0
3.75 0.5 0
4.0625 0.5 0
3.75 0.625 0
4.0625 0.625 0
4.0625 0.5 0
4.375 0.5 0
4.0625 0.625 0
4.375 0.625 0
3.75 0.625 0
4.0625 0.625 0
3.75 0.75 0
4.0625 0.75 0
4.0625 0.625 0
4.375 0.625 0
4.0625 0.75 0
4.375 0.75 0
4.375 0.5 0
4.6875 0.5 0
4.375 0.625 0
4.6875 0.625 0
4.6875 0.5 0
5 0.5 0
4.6875 0.625 0
5 0.625 0
4.375 0.625 0
4.6875 0.625 0
4.375 0.75 0
4.6875 0.75 0
4.6875 0.625 0
5 0.625 0
4.6875 0.75 0
5 0.75 0
3.75 0.75 0
4.0625 0.75 0
3.75 0.875 0
4.0625 0.875 0
4.0625 0.75 0
4.375 0.75 0
4.0625 0.875 0
4.375 0.875 0
3.75 0.875 0
4.0625 0.875 0
3.75 1 0
4.0625 1 0
4.0625 0.875 0
4.375 0.875 0
4.0625 1 0
4.375 1 0
4.375 0.75 0
4.6875 0.75 0
4.375 0.875 0
4.6875 0.875 0
4.6875 0.75 0
5 0.75 0
4.6875 0.875 0
5 0.875 0
4.375 0.875 0
4.6875 0.875 0
4.375 1 0
4.6875 1 0
4.6875 0.875 0
5 0.875 0
4.6875 1 0
5 1 0
-5 1 0
-4.6875 1 0
-5 1.125 0
-4.6875 1.125 0
-4.6875 1 0
-4.375 1 0
-4.6875 1.125 0
-4.375 1.125 0
-5 1.125 0
-4.6875 1.125 0
-5 1.25 0
-4.6875 1.25 0
-4.6875 1.125 0
-4.375 1.125 0
-4.6875 1.25 0
-4.375 1.25 0
-4.375 1 0
-4.0625 1 0
-4.375 1.125 0
-4.0625 1.125 0
-4.0625 1 0
-3.75 1 0
-4.0625 1.125 0
-3.75 1.125 0
-4.375 1.125 0
-4.0625 1.125 0
-4.375 1.25 0
-4.0625 1.25 0
-4.0625 1.125 0
-3.75 1.125 0
-4.0625 1.25 0
-3.75 1.25 0
-5 1.25 0
-4.6875 1.25 0
-5 1.375 0
-4.6875 1.375 0
-4.6875 1.25 0
-4.375 1.25 0
-4.6875 1.375 0
-4.375 1.375 0
-5 1.375 0
-4.6875 1.375 0
-5 1.5 0
-4.6875 1.5 0
-4.6875 1.375 0
-4.375 1.375 0
-4.6875 1.5 0
-4.375 1.5 0
-4.375 1.25 0
-4.0625 1.25 0
-4.375 1.375 0
-4.0625 1.375 0
-4.0625 1.25 0
-3.75 1.25 0
-4.0625 1.375 0
-3.75 1.375 0
-4.375 1.375 0
-4.0625 1.375 0
-4.375 1.5 0
-4.0625 1.5 0
-4.0625 1.375 0
-3.75 1.375 0
-4.0625 1.5 0
-3.75 1.5 0
-3.75 1 0
-3.4375 1 0
-3.75 1.125 0
-3.4375 1.125 0
-3.4375 1 0
-3.125 1 0
-3.4375 1.125 0
-3.125 1.125 0
-3.75 1.125 0
-3.4375 1.125 0
-3.75 1.25 0
-3.4375 1.25 0
-3.4375 1.125 0
-3.125 1.125 0
-3.4375 1.25 0
-3.125 1.25 0
-3.125 1 0
-2.8125 1 0
-3.125 1.125 0
-2.8125 1.125 0
-2.8125 1 0
-2.5 1 0
-2.8125 1.125 0
-2.5 1.125 0
-3.125 1.125 0
-2.8125 1.125 0
-3.125 1.25 0
-2.8125 1.25 0
-2.8125 1.125 0
-2.5 1.125 0
-2.8125 1.25 0
-2.5 1.25 0
-3.75 1.25 0
-3.4375 1.25 0
-3.75 1.375 0
-3.4375 1.375 0
-3.4375 1.25 0
-3.125 1.25 0
-3.4375 1.375 0
-3.125 1.375 0
-3.75 1.375 0
-3.4375 1.375 0
-3.75 1.5 0
-3.4375 1.5 0
-3.4375 1.375 0
-3.125 1.375 0
-3.4375 1.5 0
-3.125 1.5 0
-3.125 1.25 0
-2.8125 1.25 0
-3.125 1.375 0
-2.8125 1.375 0
-2.8125 1.25 0
-2.5 1.25 0
-2.8125 1.375 0
-2.5 1.375 0
-3.125 1.375 0
-2.8125 1.375 0
-3.125 1.5 0
-2.8125 1.5 0
-2.8125 1.375 0
-2.5 1.375 0
-2.8125 1.5 0
-2.5 1.5 0
-5 1.5 0
-4.6875 1.5 0
-5 1.625 0
-4.6875 1.625 0
-4.6875 1.5 0
-4.375 1.5 0
-4.6875 1.625 0
-4.375 1.625 0
-5 1.625 0
-4.6875 1.625 0
-5 1.75 0
-4.6875 1.75 0
-4.6875 1.625 0
-4.375 1.625 0
-4.6875 1.75 0
-4.375 1.75 0
-4.375 1.5 0
-4.0625 1.5 0
-4.375 1.625 0
-4.0625 1.625 0
-4.0625 1.5 0
-3.75 1.5 0
-4.0625 1.625 0
-3.75 1.625 0
-4.375 1.625 0
-4.0625 1.625 0
-4.375 1.75 0
-4.0625 1.75 0
-4.0625 1.625 0
-3.75 1.625 0
-4.0625 1.75 0
-3.75 1.75 0
-5 1.75 0
-4.6875 1.75 0
-5 1.875 0
-4.6875 1.875 0
-4.6875 1.75 0
-4.375 1.75 0
-4.6875 1.875 0
-4.375 1.875 0
-5 1.875 0
-4.6875 1.875 0
-5 2 0
-4.6875 2 0
-4.6875 1.875 0
-4.375 1.875 0
-4.6875 2 0
-4.375 2 0
-4.375 1.75 0
-4.0625 1.75 0
-4.375 1.875 0
-4.0625 1.875 0
-4.0625 1.75 0
-3.75 1.75 0
-4.0625 1.875 0
-3.75 1.875 0
-4.375 1.875 0
-4.0625 1.875 0
-4.375 2 0
-4.0625 2 0
-4.0625 1.875 0
-3.75 1.875 0
-4.0625 2 0
-3.75 2 0
-3.75 1.5 0
-3.4375 1.5 0
-3.75 1.625 0
-3.4375 1.625 0
-3.4375 1.5 0
-3.125 1.5 0
-3.4375 1.625 0
-3.125 1.625 0
-3.75 1.625 0
-3.4375 1.625 0
-3.75 1.75 0
-3.4375 1.75 0
-3.4375 1.625 0
-3.125 1.625 0
-3.4375 1.75 0
-3.125 1.75 0
-3.125 1.5 0
-2.8125 1.5 0
-3.125 1.625 0
-2.8125 1.625 0
-2.8125 1.5 0
-2.5 1.5 0
-2.8125 1.625 0
-2.5 1.625 0
-3.125 1.625 0
-2.8125 1.625 0
-3.125 1.75 0
-2.8125 1.75 0
-2.8125 1.625 0
-2.5 1.625 0
-2.8125 1.75 0
-2.5 1.75 0
-3.75 1.75 0
-3.4375 1.75 0
-3.75 1.875 0
-3.4375 1.875 0
-3.4375 1.75 0
-3.125 1.75 0
-3.4375 1.875 0
-3.125 1.875 0
-3.75 1.875 0
-3.4375 1.875 0
-3.75 2 0
-3.4375 2 0
-3.4375 1.875 0
-3.125 1.875 0
-3.4375 2 0
-3.125 2 0
-3.125 1.75 0
-2.8125 1.75 0
-3.125 1.875 0
-2.8125 1.875 0
-2.8125 1.75 0
-2.5 1.75 0
-2.8125 1.875 0
-2.5 1.875 0
-3.125 1.875 0
-2.8125 1.875 0
-3.125 2 0
-2.8125 2 0
-2.8125 1.875 0
-2.5 1.875 0
-2.8125 2 0
-2.5 2 0
-2.5 1 0
-2.1875 1 0
-2.5 1.125 0
-2.1875 1.125 0
-2.1875 1 0
-1.875 1 0
-2.1875 1.125 0
-1.875 1.125 0
-2.5 1.125 0
-2.1875 1.125 0
-2.5 1.25 0
-2.1875 1.25 0
-2.1875 1.125 0
-1.875 1.125 0
-2.1875 1.25 0
-1.875 1.25 0
-1.875 1 0
-1.5625 1 0
-1.875 1.125 0
-1.5625 1.125 0
-1.5625 1 0
-1.25 1 0
-1.5625 1.125 0
-1.25 1.125 0
-1.875 1.125 0
-1.5625 1.125 0
-1.875 1.25 0
-1.5625 1.25 0
-1.5625 1.125 0
-1.25 1.125 0
-1.5625 1.25 0
-1.25 1.25 0
-2.5 1.25 0
-2.1875 1.25 0
-2.5 1.375 0
-2.1875 1.375 0
-2.1875 1.25 0
-1.875 1.25 0
-2.1875 1.375 0
-1.875 1.375 0
-2.5 1.375 0
-2.1875 1.375 0
-2.5 1.5 0
-2.1875 1.5 0
-2.1875 1.375 0
-1.875 1.375 0
-2.1875 1.5 0
-1.875 1.5 0
-1.875 1.25 0
-1.5625 1.25 0
-1.875 1.375 0
-1.5625 1.375 0
-1.5625 1.25 0
-1.25 1.25 0
-1.5625 1.375 0
-1.25 1.375 0
-1.875 1.375 0
-1.5625 1.375 0
-1.875 1.5 0
-1.5625 1.5 0
-1.5625 1.375 0
-1.25 1.375 0
-1.5625 1.5 0
-1.25 1.5 0
-1.25 1 0
-0.9375 1 0
-1.25 1.125 0
-0.9375 1.125 0
-0.9375 1 0
-0.625 1 0
-0.9375 1.125 0
-0.625 1.125 0
-1.25 1.125 0
-0.9375 1.125 0
-1.25 1.25 0
-0.9375 1.25 0
-0.9375 1.125 0
-0.625 1.125 0
-0.9375 1.25 0
-0.625 1.25 0
-0.625 1 0
-0.3125 1 0
-0.625 1.125 0
-0.3125 1.125 0
-0.3125 1 0
0 1 0
-0.3125 1.125 0
0 1.125 0
-0.625 1.125 0
-0.3125 1.125 0
-0.625 1.25 0
-0.3125 1.25 0
-0.3125 1.125 0
0 1.125 0
-0.3125 1.25 0
0 1.25 0
-1.25 1.25 0
-0.9375 1.25 0
-1.25 1.375 0
-0.9375 1.375 0
-0.9375 1.25 0
-0.625 1.25 0
-0.9375 1.375 0
-0.625 1.375 0
-1.25 1.375 0
-0.9375 1.375 0
-1.25 1.5 0
-0.9375 1.5 0
-0.9375 1.375 0
-0.625 1.375 0
-0.9375 1.5 0
-0.625 1.5 0
-0.625 1.25 0
-0.3125 1.25 0
-0.625 1.375 0
-0.3125 1.375 0
-0.3125 1.25 0
0 1.25 0
-0.3125 1.375 0
0 1.375 0
-0.625 1.375 0
-0.3125 1.375 0
-0.625 1.5 0
-0.3125 1.5 0
-0.3125 1.375 0
0 1.375 0
-0.3125 1.5 0
0 1.5 0
-2.5 1.5 0
-2.1875 1.5 0
-2.5 1.625 0
-2.1875 1.625 0
-2.1875 1.5 0
-1.875 1.5 0
-2.1875 1.625 0
-1.875 1.625 0
-2.5 1.625 0
-2.1875 1.625 0
-2.5 1.75 0
-2.1875 1.75 0
-2.1875 1.625 0
-1.875 1.625 0
-2.1875 1.75 0
-1.875 1.75 0
-1.875 1.5 0
-1.5625 1.5 0
-1.875 1.625 0
-1.5625 1.625 0
-1.5625 1.5 0
-1.25 1.5 0
-1.5625 1.625 0
-1.25 1.625 0
-1.875 1.625 0
-1.5625 1.625 0
-1.875 1.75 0
-1.5625 1.75 0
-1.5625 1.625 0
-1.25 1.625 0
-1.5625 1.75 0
-1.25 1.75 0
-2.5 1.75 0
-2.1875 1.75 0
-2.5 1.875 0
-2.1875 1.875 0
-2.1875 1.75 0
-1.875 1.75 0
-2.1875 1.875 0
-1.875 1.875 0
-2.5 1.875 0
-2.1875 1.875 0
-2.5 2 0
-2.1875 2 0
-2.1875 1.875 0
-1.875 1.875 0
-2.1875 2 0
-1.875 2 0
-1.875 1.75 0
-1.5625 1.75 0
-1.875 1.875 0
-1.5625 1.875 0
-1.5625 1.75 0
-1.25 1.75 0
-1.5625 1.875 0
-1.25 1.875 0
-1.875 1.875 0
-1.5625 1.875 0
-1.875 2 0
-1.5625 2 0
-1.5625 1.875 0
-1.25 1.875 0
-1.5625 2 0
-1.25 2 0
-1.25 1.5 0
-0.9375 1.5 0
-1.25 1.625 0
-0.9375 1.625 0
-0.9375 1.5 0
-0.625 1.5 0
-0.9375 1.625 0
-0.625 1.625 0
-1.25 1.625 0
-0.9375 1.625 0
-1.25 1.75 0
-0.9375 1.75 0
-0.9375 1.625 0
-0.625 1.625 0
-0.9375 1.75 0
-0.625 1.75 0
-0.625 1.5 0
-0.3125 1.5 0
-0.625 1.625 0
-0.3125 1.625 0
-0.3125 1.5 0
0 1.5 0
-0.3125 1.625 0
0 1.625 0
-0.625 1.625 0
-0.3125 1.625 0
-0.625 1.75 0
-0.3125 1.75 0
-0.3125 1.625 0
0 1.625 0
-0.3125 1.75 0
0 1.75 0
-1.25 1.75 0
-0.9375 1.75 0
-1.25 1.875 0
-0.9375 1.875 0
-0.9375 1.75 0
-0.625 1.75 0
-0.9375 1.875 0
-0.625 1.875 0
-1.25 1.875 0
-0.9375 1.875 0
-1.25 2 0
-0.9375 2 0
-0.9375 1.875 0
-0.625 1.875 0
-0.9375 2 0
-0.625 2 0
-0.625 1.75 0
-0.3125 1.75 0
-0.625 1.875 0
-0.3125 1.875 0
-0.3125 1.75 0
0 1.75 0
-0.3125 1.875 0
0 1.875 0
-0.625 1.875 0
-0.3125 1.875 0
-0.625 2 0
-0.3125 2 0
-0.3125 1.875 0
0 1.875 0
-0.3125 2 0
0 2 0
0 1 0
0.3125 1 0
0 1.125 0
0.3125 1.125 0
0.3125 1 0
0.625 1 0
0.3125 1.125 0
0.625 1.125 0
0 1.125 0
0.3125 1.125 0
0 1.25 0
0.3125 1.25 0
0.3125 1.125 0
0.625 1.125 0
0.3125 1.25 0
0.625 1.25 0
0.625 1 0
0.9375 1 0
0.625 1.125 0
0.9375 1.125 0
0.9375 1 0
1.25 1 0
0.9375 1.125 0
1.25 1.125 0
0.625 1.125 0
0.9375 1.125 0
0.625 1.25 0
0.9375 1.25 0
0.9375 1.125 0
1.25 1.125 0
0.9375 1.25 0
1.25 1.25 0
0 1.25 0
0.3125 1.25 0
0 1.375 0
0.3125 1.375 0
0.3125 1.25 0
0.625 1.25 0
0.3125 1.375 0
0.625 1.375 0
0 1.375 0
0.3125 1.375 0
0 1.5 0
0.3125 1.5 0
0.3125 1.375 0
0.625 1.375 0
0.3125 1.5 0
0.625 1.5 0
0.625 1.25 0
0.9375 1.25 0
0.625 1.375 0
0.9375 1.375 0
0.9375 1.25 0
1.25 1.25 0
0.9375 1.375 0
1.25 1.375 0
0.625 1.375 0
0.9375 1.375 0
0.625 1.5 0
0.9375 1.5 0
0.9375 1.375 0
1.25 1.375 0
0.9375 1.5 0
1.25 1.5 0
1.25 1 0
1.5625 1 0
1.25 1.125 0
1.5625 1.125 0
1.5625 1 0
1.875 1 0
1.5625 1.125 0
1.875 1.125 0
1.25 1.125 0
1.5625 1.125 0
1.25 1.25 0
1.5625 1.25 0
1.5625 1.125 0
1.875 1.125 0
1.5625 1.25 0
1.875 1.25 0
1.875 1 0
2.1875 1 0
1.875 1.125 0
2.1875 1.125 0
2.1875 1 0
2.5 1 0
2.1875 1.125 0
2.5 1.125 0
1.875 1.125 0
2.1875 1.125 0
1.875 1.25 0
2.1875 1.25 0
2.1875 1.125 0
2.5 1.125 0
2.1875 1.25 0
2.5 1.25 0
1.25 1.25 0
1.5625 1.25 0
1.25 1.375 0
1.5625 1.375 0
1.5625 1.25 0
1.875 1.25 0
1.5625 1.375 0
1.875 1.375 0
1.25 1.375 0
1.5625 1.375 0
1.25 1.5 0
1.5625 1.5 0
1.5625 1.375 0
1.875 1.375 0
1.5625 1.5 0
1.875 1.5 0
1.875 1.25 0
2.1875 1.25 0
1.875 1.375 0
2.1875 1.375 0
2.1875 1.25 0
2.5 1.25 0
2.1875 1.375 0
2.5 1.375 0
1.875 1.375 0
2.1875 1.375 0
1.875 1.5 0
2.1875 1.5 0
2.1875 1.375 0
2.5 1.375 0
2.1875 1.5 0
2.5 1.5 0
0 1.5 0
0.3125 1.5 0
0 1.625 0
0.3125 1.625 0
0.3125 1.5 0
0.625 1.5 0
0.3125 1.625 0
0.625 1.625 0
0 1.625 0
0.3125 1.625 0
0 1.75 0
0.3125 1.75 0
0.3125 1.625 0
0.625 1.625 0
0.3125 1.75 0
0.625 1.75 0
0.625 1.5 0
0.9375 1.5 0
0.625 1.625 0
0.9375 1.625 0
0.9375 1.5 0
1.25 1.5 0
0.9375 1.625 0
1.25 1.625 0
0.625 1.625 0
0.9375 1.625 0
0.625 1.75 0
0.9375 1.75 0
0.9375 1.625 0
1.25 1.625 0
0.9375 1.75 0
1.25 1.75 0
0 1.75 0
0.3125 1.75 0
0 1.875 0
0.3125 1.875 0
0.3125 1.75 0
0.625 1.75 0
0.3125 1.875 0
0.625 1.875 0
0 1.875 0
0.3125 1.875 0
0 2 0
0.3125 2 0
0.3125 1.875 0
0.625 1.875 0
0.3125 2 0
0.625 2 0
0.625 1.75 0
0.9375 1.75 0
0.625 1.875 0
0.9375 1.875 0
0.9375 1.75 0
1.25 1.75 0
0.9375 1.875 0
1.25 1.875 0
0.625 1.875 0
0.9375 1.875 0
0.625 2 0
0.9375 2 0
0.9375 1.875 0
1.25 1.875 0
0.9375 2 0
1.25 2 0
1.25 1.5 0
1.5625 1.5 0
1.25 1.625 0
1.5625 1.625 0
1.5625 1.5 0
1.875 1.5 0
1.5625 1.625 0
1.875 1.625 0
1.25 1.625 0
1.5625 1.625 0
1.25 1.75 0
1.5625 1.75 0
1.5625 1.625 0
1.875 1.625 0
1.5625 1.75 0
1.875 1.75 0
1.875 1.5 0
2.1875 1.5 0
1.875 1.625 0
2.1875 1.625 0
2.1875 1.5 0
2.5 1.5 0
2.1875 1.625 0
2.5 1.625 0
1.875 1.625 0
2.1875 1.625 0
1.875 1.75 0
2.1875 1.75 0
2.1875 1.625 0
2.5 1.625 0
2.1875 1.75 0
2.5 1.75 0
1.25 1.75 0
1.5625 1.75 0
1.25 1.875 0
1.5625 1.875 0
1.5625 1.75 0
1.875 1.75 0
1.5625 1.875 0
1.875 1.875 0
1.25 1.875 0
1.5625 1.875 0
1.25 2 0
1.5625 2 0
1.5625 1.875 0
1.875 1.875 0
1.5625 2 0
1.875 2 0
1.875 1.75 0
2.1875 1.75 0
1.875 1.875 0
2.1875 1.875 0
2.1875 1.75 0
2.5 1.75 0
2.1875 1.875 0
2.5 1.875 0
1.875 1.875 0
2.1875 1.875 0
1.875 2 0
2.1875 2 0
2.1875 1.875 0
2.5 1.875 0
2.1875 2 0
2.5 2 0
2.5 1 0
2.8125 1 0
2.5 1.125 0
2.8125 1.125 0
2.8125 1 0
3.125 1 0
2.8125 1.125 0
3.125 1.125 0
2.5 1.125 0
2.8125 1.125 0
2.5 1.25 0
2.8125 1.25 0
2.8125 1.125 0
3.125 1.125 0
2.8125 1.25 0
3.125 1.25 0
3.125 1 0
3.4375 1 0
3.125 1.125 0
3.4375 1.125 0
3.4375 1 0
3.75 1 0
3.4375 1.125 0
3.75 1.125 0
3.125 1.125 0
3.4375 1.125 0
3.125 1.25 0
3.4375 1.25 0
3.4375 1.125 0
3.75 1.125 0
3.4375 1.25 0
3.75 1.25 0
2.5 1.25 0
2.8125 1.25 0
2.5 1.375 0
2.8125 1.375 0
2.8125 1.25 0
3.125 1.25 0
2.8125 1.375 0
3.125 1.375 0
2.5 1.375 0
2.8125 1.375 0
2.5 1.5 0
2.8125 1.5 0
2.8125 1.375 0
3.125 1.375 0
2.8125 1.5 0
3.125 1.5 0
3.125 1.25 0
3.4375 1.25 0
3.125 1.375 0
3.4375 1.375 0
3.4375 1.25 0
3.75 1.25 0
3.4375 1.375 0
3.75 1.375 0
3.125 1.375 0
3.4375 1.375 0
3.125 1.5 0
3.4375 1.5 0
3.4375 1.375 0
3.75 1.375 0
3.4375 1.5 0
3.75 1.5 0
3.75 1 0
4.0625 1 0
3.75 1.125 0
4.0625 1.125 0
4.0625 1 0
4.375 1 0
4.0625 1.125 0
4.375 1.125 0
3.75 1.125 0
4.0625 1.125 0
3.75 1.25 0
4.0625 1.25 0
4.0625 1.125 0
4.375 1.125 0
4.0625 1.25 0
4.375 1.25 0
4.375 1 0
4.6875 1 0
4.375 1.125 0
4.6875 1.125 0
4.6875 1 0
5 1 0
4.6875 1.125 0
5 1.125 0
4.375 1.125 0
4.6875 1.125 0
4.375 1.25 0
4.6875 1.25 0
4.6875 1.125 0
5 1.125 0
4.6875 1.25 0
5 1.25 0
3.75 1.25 0
4.0625 1.25 0
3.75 1.375 0
4.0625 1.375 0
4.0625 1.25 0
4.375 1.25 0
4.0625 1.375 0
4.375 1.375 0
3.75 1.375 0
4.0625 1.375 0
3.75 1.5 0
4.0625 1.5 0
4.0625 1.375 0
4.375 1.375 0
4.0625 1.5 0
4.375 1.5 0
4.375 1.25 0
4.6875 1.25 0
4.375 1.375 0
4.6875 1.375 0
4.6875 1.25 0
5 1.25 0
4.6875 1.375 0
5 1.375 0
4.375 1.375 0
4.6875 1.375 0
4.375 1.5 0
4.6875 1.5 0
4.6875 1.375 0
5 1.375 0
4.6875 1.5 0
5 1.5 0
2.5 1.5 0
2.8125 1.5 0
2.5 1.625 0
2.8125 1.625 0
2.8125 1.5 0
3.125 1.5 0
2.8125 1.625 0
3.125 1.625 0
2.5 1.625 0
2.8125 1.625 0
2.5 1.75 0
2.8125 1.75 0
2.8125 1.625 0
3.125 1.625 0
2.8125 1.75 0
3.125 1.75 0
3.125 1.5 0
3.4375 1.5 0
3.125 1.625 0
3.4375 1.625 0
3.4375 1.5 0
3.75 1.5 0
3.4375 1.625 0
3.75 1.625 0
3.125 1.625 0
3.4375 1.625 0
3.125 1.75 0
3.4375 1.75 0
3.4375 1.625 0
3.75 1.625 0
3.4375 1.75 0
3.75 1.75 0
2.5 1.75 0
2.8125 1.75 0
2.5 1.875 0
2.8125 1.875 0
2.8125 1.75 0
3.125 1.75 0
2.8125 1.875 0
3.125 1.875 0
2.5 1.875 0
2.8125 1.875 0
2.5 2 0
2.8125 2 0
2.8125 1.875 0
3.125 1.875 0
2.8125 2 0
3.125 2 0
3.125 1.75 0
3.4375 1.75 0
3.125 1.875 0
3.4375 1.875 0
3.4375 1.75 0
3.75 1.75 0
3.4375 1.875 0
3.75 1.875 0
3.125 1.875 0
3.4375 1.875 0
3.125 2 0
3.4375 2 0
3.4375 1.875 0
3.75 1.875 0
3.4375 2 0
3.75 2 0
3.75 1.5 0
4.0625 1.5 0
3.75 1.625 0
4.0625 1.625 0
4.0625 1.5 0
4.375 1.5 0
4.0625 1.625 0
4.375 1.625 0
3.75 1.625 0
4.0625 1.625 0
3.75 1.75 0
4.0625 1.75 0
4.0625 1.625 0
4.375 1.625 0
4.0625 1.75 0
4.375 1.75 0
4.375 1.5 0
4.6875 1.5 0
4.375 1.625 0
4.6875 1.625 0
4.6875 1.5 0
5 1.5 0
4.6875 1.625 0
5 1.625 0
4.375 1.625 0
4.6875 1.625 0
4.375 1.75 0
4.6875 1.75 0
4.6875 1.625 0
5 1.625 0
4.6875 1.75 0
5 1.75 0
3.75 1.75 0
4.0625 1.75 0
3.75 1.875 0
4.0625 1.875 0
4.0625 1.75 0
4.375 1.75 0
4.0625 1.875 0
4.375 1.875 0
3.75 1.875 0
4.0625 1.875 0
3.75 2 0
4.0625 2 0
4.0625 1.875 0
4.375 1.875 0
4.0625 2 0
4.375 2 0
4.375 1.75 0
4.6875 1.75 0
4.375 1.875 0
4.6875 1.875 0
4.6875 1.75 0
5 1.75 0
4.6875 1.875 0
5 1.875 0
4.375 1.875 0
4.6875 1.875 0
4.375 2 0
4.6875 2 0
4.6875 1.875 0
5 1.875 0
4.6875 2 0
5 2 0

CELLS 1024 5120
4	0	1	3	2
4	4	5	7	6
4	8	9	11	10
4	12	13	15	14
4	16	17	19	18
4	20	21	23	22
4	24	25	27	26
4	28	29	31	30
4	32	33	35	34
4	36	37	39	38
4	40	41	43	42
4	44	45	47	46
4	48	49	51	50
4	52	53	55	54
4	56	57	59	58
4	60	61	63	62
4	64	65	67	66
4	68	69	71	70
4	72	73	75	74
4	76	77	79	78
4	80	81	83	82
4	84	85	87	86
4	88	89	91	90
4	92	93	95	94
4	96	97	99	98
4	100	101	103	102
4	104	105	107	106
4	108	109	111	110
4	112	113	115	114
4	116	117	119	118
4	120	121	123	122
4	124	125	127	126
4	128	129	131	130
4	132	133	135	134
4	136	137	139	138
4	140	141	143	142
4	144	145	147	146
4	148	149	151	150
4	152	153	155	154
4	156	157	159	158
4	160	161	163	162
4	164	165	167	166
4	168	169	171	170
4	172	173	175	174
4	176	177	179	178
4	180	181	183	182
4	184	185	187	186
4	188	189	191	190
4	192	193	195	194
4	196	197	199	198
4	200	201	203	202
4	204	205	207	206
4	208	209	211	210
4	212	213	215	214
4	216	217	219	218
4	220	221	223	222
4	224	225	227	226
4	228	229	231	230
4	232	233	235	234
4	236	237	239	238
4	240	241	243	242
4	244	245	247	246
4	248	249	251	250
4	252	253	255	254
4	256	257	259	258
4	260	261	263	262
4	264	265	267	266
4	268	269	271	270
4	272	273	275	274
4	276	277	279	278
4	280	281	283	282
4	284	285	287	286
4	288	289	291	290
4	292	293	295	294
4	296	297	299	298
4	300	301	303	302
4	304	305	307	306
4	308	309	311	310
4	312	313	315	314
4	316	317	319	318
4	320	321	323	322
4	324	325	327	326
4	328	329	331	330
4	332	333	335	334
4	336	337	339	338
4	340	341	343	342
4	344	345	347	346
4	348	349	351	350
4	352	353	355	354
4	356	357	359	358
4	360	361	363	362
4	364	365	367	366
4	368	369	371	370
4	372	373	375	374
4	376	377	379	378
4	380	381	383	382
4	384	385	387	386
4	388	389	391	390
4	392	393	395	394
4	396	397	399	398
4	400	401	403	402
4	404	405	407	406
4	408	409	411	410
4	412	413	415	414
4	416	417	419	418
4	420	421	423	422
4	424	425	427	426
4	428	429	431	430
4	432	433	435	434
4	436	437	439	438
4	440	441	443	442
4	444	445	447	446
4	448	449	451	450
4	452	453	455	454
4	456	457	459	458
4	460	461	463	462
4	464	465	467	466
4	468	469	471	470
4	472	473	475	474
4	476	477	479	478
4	480	481	483	482
4	484	485	487	486
4	488	489	491	490
4	492	493	495	494
4	496	497	499	498
4	500	501	503	502
4	504	505	507	506
4	508	509	511	510
4	512	513	515	514
4	516	517	519	518
4	520	521	523	522
4	524	525	527	526
4	528	529	531	530
4	532	533	535	534
4	536	537	539	538
4	540	541	543	542
4	544	545	547	546
4	548	549	551	550
4	552	553	555	554
4	556	557	559	558
4	560	561	563	562
4	564	565	567	566
4	568	569	571	570
4	572	573	575	574
4	576	577	579	578
4	580	581	583	582
4	584	585	587	586
4	588	589	591	590
4	592	593	595	594
4	596	597	599	598
4	600	601	603	602
4	604	605	607	606
4	608	609	611	610
4	612	613	615	614
4	616	617	619	618
4	620	621	623	622
4	624	625	627	626
4	628	629	631	630
4	632	633	635	634
4	636	637	639	638
4	640	641	643	642
4	644	645	647	646
4	648	649	651	650
4	652	653	655	654
4	656	657	659	658
4	660	661	663	662
4	664	665	667	666
4	668	669	671	670
4	672	673	675	674
4	676	677	679	678
4	680	681	683	682
4	684	685	687	686
4	688	689	691	690
4	692	693	695	694
4	696	697	699	698
4	700	701	703	702
4	704	705	707	706
4	708	709	711	710
4	712	713	715	714
4	716	717	719	718
4	720	721	723	722
4	724	725	727	726
4	728	729	731	730
4	732	733	735	734
4	736	737	739	738
4	740	741	743	742
4	744	745	747	746
4	748	749	751	750
4	752	753	755	754
4	756	757	759	758
4	760	761	763	762
4	764	765	767	766
4	768	769	771	770
4	772	773	775	774
4	776	777	779	778
4	780	781	783	782
4	784	785	787	786
4	788	789	791	790
4	792	793	795	794
4	796	797	799	798
4	800	801	803	802
4	804	805	807	806
4	808	809	811	810
4	812	813	815	814
4	816	817	819	818
4	820	821	823	822
4	824	825	827	826
4	828	829	831	830
4	832	833	835	834
4	836	837	839	838
4	840	841	843	842
4	844	845	847	846
4	848	849	851	850
4	852	853	855	854
4	856	857	859	858
4	860	861	863	862
4	864	865	867	866
4	868	869	871	870
4	872	873	875	874
4	876	877	879	878
4	880	881	883	882
4	884	885	887	886
4	888	889	891	890
4	892	893	895	894
4	896	897	899	898
4	900	901	903	902
4	904	905	907	906
4	908	909	911	910
4	912	913	915	914
4	916	917	919	918
4	920	921	923	922
4	924	925	927	926
4	928	929	931	930
4	932	933	935	934
4	936	937	939	938
4	940	941	943	942
4	944	945	947	946
4	948	949	951	950
4	952	953	955	954
4	956	957	959	958
4	960	961	963	962
4	964	965	967	966
4	968	969	971	970
4	972	973	975	974
4	976	977	979	978
4	980	981	983	982
4	984	985	987	986
4	988	989	991	990
4	992	993	995	994
4	996	997	999	998
4	1000	1001	1003	1002
4	1004	1005	1007	1006
4	1008	1009	1011	1010
4	1012	1013	1015	1014
4	1016	1017	1019	1018
4	1020	1021	1023	1022
4	1024	1025	1027	1026
4	1028	1029	1031	1030
4	1032	1033	1035	1034
4	1036	1037	1039	1038
4	1040	1041	1043	1042
4	1044	1045	1047	1046
4	1048	1049	1051	1050
4	1052	1053	1055	1054
4	1056	1057	1059	1058
4	1060	1061	1063	1062
4	1064	1065	1067	1066
4	1068	1069	1071	1070
4	1072	1073	1075	1074
4	1076	1077	1079	1078
4	1080	1081	1083	1082
4	1084	1085	1087	1086
4	1088	1089	1091	1090
4	1092	1093	1095	1094
4	1096	1097	1099	1098
4	1100	1101	1103	1102
4	1104	1105	1107	1106
4	1108	1109	1111	1110
4	1112	1113	1115	1114
4	1116	1117	1119	1118
4	1120	1121	1123	1122
4	1124	1125	1127	1126
4	1128	1129	1131	1130
4	1132	1133	1135	1134
4	1136	1137	1139	1138
4	1140	1141	1143	1142
4	1144	1145	1147	1146
4	1148	1149	1151	1150
4	1152	1153	1155	1154
4	1156	1157	1159	1158
4	1160	1161	1163	1162
4	1164	1165	1167	1166
4	1168	1169	1171	1170
4	1172	1173	1175	1174
4	1176	1177	1179	1178
4	1180	1181	1183	1182
4	1184	1185	1187	1186
4	1188	1189	1191	1190
4	1192	1193	1195	1194
4	1196	1197	1199	1198
4	1200	1201	1203	1202
4	1204	1205	1207	1206
4	1208	1209	1211	1210
4	1212	1213	1215	1214
4	1216	1217	1219	1218
4	1220	1221	1223	1222
4	1224	1225	1227	1226
4	1228	1229	1231	1230
4	1232	1233	1235	1234
4	1236	1237	1239	1238
4	1240	1241	1243	1242
4	1244	1245	1247	1246
4	1248	1249	1251	1250
4	1252	1253	1255	1254
4	1256	1257	1259	1258
4	1260	1261	1263	1262
4	1264	1265	1267	1266
4	1268	1269	1271	1270
4	1272	1273	1275	1274
4	1276	1277	1279	1278
4	1280	1281	1283	1282
4	1284	1285	1287	1286
4	1288	1289	1291	1290
4	1292	1293	1295	1294
4	1296	1297	1299	1298
4	1300	1301	1303	1302
4	1304	1305	1307	1306
4	1308	1309	1311	1310
4	1312	1313	1315	1314
4	1316	1317	1319	1318
4	1320	1321	1323	1322
4	1324	1325	1327	1326
4	1328	1329	1331	1330
4	1332	1333	1335	1334
4	1336	1337	1339	1338
4	1340	1341	1343	1342
4	1344	1345	1347	1346
4	1348	1349	1351	1350
4	1352	1353	1355	1354
4	1356	1357	1359	1358
4	1360	1361	1363	1362
4	1364	1365	1367	1366
4	1368	1369	1371	1370
4	1372	1373	1375	1374
4	1376	1377	1379	1378
4	1380	1381	1383	1382
4	1384	1385	1387	1386
4	1388	1389	1391	1390
4	1392	1393	1395	1394
4	1396	1397	1399	1398
4	1400	1401	1403	1402
4	1404	1405	1407	1406
4	1408	1409	1411	1410
4	1412	1413	1415	1414
4	1416	1417	1419	1418
4	1420	1421	1423	1422
4	1424	1425	1427	1426
4	1428	1429	1431	1430
4	1432	1433	1435	1434
4	1436	1437	1439	1438
4	1440	1441	1443	1442
4	1444	1445	1447	1446
4	1448	1449	1451	1450
4	1452	1453	1455	1454
4	1456	1457	1459	1458
4	1460	1461	1463	1462
4	1464	1465	1467	1466
4	1468	1469	1471	1470
4	1472	1473	1475	1474
4	1476	1477	1479	1478
4	1480	1481	1483	1482
4	1484	1485	1487	1486
4	1488	1489	1491	1490
4	1492	1493	1495	1494
4	1496	1497	1499	1498
4	1500	1501	1503	1502
4	1504	1505	1507	1506
4	1508	1509	1511	1510
4	1512	1513	1515	1514
4	1516	1517	1519	1518
4	1520	1521	1523	1522
4	1524	1525	1527	1526
4	1528	1529	1531	1530
4	1532	1533	1535	1534
4	1536	1537	1539	1538
4	1540	1541	1543	1542
4	1544	1545	1547	1546
4	1548	1549	1551	1550
4	1552	1553	1555	1554
4	1556	1557	1559	1558
4	1560	1561	1563	1562
4	1564	1565	1567	1566
4	1568	1569	1571	1570
4	1572	1573	1575	1574
4	1576	1577	1579	1578
4	1580	1581	1583	1582
4	1584	1585	1587	1586
4	1588	1589	1591	1590
4	1592	1593	1595	1594
4	1596	1597	1599	1598
4	1600	1601	1603	1602
4	1604	1605	1607	1606
4	1608	1609	1611	1610
4	1612	1613	1615	1614
4	1616	1617	1619	1618
4	1620	1621	1623	1622
4	1624	1625	1627	1626
4	1628	1629	1631	1630
4	1632	1633	1635	1634
4	1636	1637	1639	1638
4	1640	1641	1643	1642
4	1644	1645	1647	1646
4	1648	1649	1651	1650
4	1652	1653	1655	1654
4	1656	1657	1659	1658
4	1660	1661	1663	1662
4	1664	1665	1667	1666
4	1668	1669	1671	1670
4	1672	1673	1675	1674
4	1676	1677	1679	1678
4	1680	1681	1683	1682
4	1684	1685	1687	1686
4	1688	1689	1691	1690
4	1692	1693	1695	1694
4	1696	1697	1699	1698
4	1700	1701	1703	1702
4	1704	1705	1707	1706
4	1708	1709	1711	1710
4	1712	1713	1715	1714
4	1716	1717	1719	1718
4	1720	1721	1723	1722
4	1724	1725	1727	1726
4	1728	1729	1731	1730
4	1732	1733	1735	1734
4	1736	1737	1739	1738
4	1740	1741	1743	1742
4	1744	1745	1747	1746
4	1748	1749	1751	1750
4	1752	1753	1755	1754
4	1756	1757	1759	1758
4	1760	1761	1763	1762
4	1764	1765	1767	1766
4	1768	1769	1771	1770
4	1772	1773	1775	1774
4	1776	1777	1779	1778
4	1780	1781	1783	1782
4	1784	1785	1787	1786
4	1788	1789	1791	1790
4	1792	1793	1795	1794
4	1796	1797	1799	1798
4	1800	1801	1803	1802
4	1804	1805	1807	1806
4	1808	1809	1811	1810
4	1812	1813	1815	1814
4	1816	1817	1819	1818
4	1820	1821	1823	1822
4	1824	1825	1827	1826
4	1828	1829	1831	1830
4	1832	1833	1835	1834
4	1836	1837	1839	1838
4	1840	1841	1843	1842
4	1844	1845	1847	1846
4	1848	1849	1851	1850
4	1852	1853	1855	1854
4	1856	1857	1859	1858
4	1860	1861	1863	1862
4	1864	1865	1867	1866
4	1868	1869	1871	1870
4	1872	1873	1875	1874
4	1876	1877	1879	1878
4	1880	1881	1883	1882
4	1884	1885	1887	1886
4	1888	1889	1891	1890
4	1892	1893	1895	1894
4	1896	1897	1899	1898
4	1900	1901	1903	1902
4	1904	1905	1907	1906
4	1908	1909	1911	1910
4	1912	1913	1915	1914
4	1916	1917	1919	1918
4	1920	1921	1923	1922
4	1924	1925	1927	1926
4	1928	1929	1931	1930
4	1932	1933	1935	1934
4	1936	1937	1939	1938
4	1940	1941	1943	1942
4	1944	1945	1947	1946
4	1948	1949	1951	1950
4	1952	1953	1955	1954
4	1956	1957	1959	1958
4	1960	1961	1963	1962
4	1964	1965	1967	1966
4	1968	1969	1971	1970
4	1972	1973	1975	1974
4	1976	1977	1979	1978
4	1980	1981	1983	1982
4	1984	1985	1987	1986
4	1988	1989	1991	1990
4	1992	1993	1995	1994
4	1996	1997	1999	1998
4	2000	2001	2003	2002
4	2004	2005	2007	2006
4	2008	2009	2011	2010
4	2012	2013	2015	2014
4	2016	2017	2019	2018
4	2020	2021	2023	2022
4	2024	2025	2027	2026
4	2028	2029	2031	2030
4	2032	2033	2035	2034
4	2036	2037	2039	2038
4	2040	2041	2043	2042
4	2044	2045	2047	2046
4	2048	2049	2051	2050
4	2052	2053	2055	2054
4	2056	2057	2059	2058
4	2060	2061	2063	2062
4	2064	2065	2067	2066
4	2068	2069	2071	2070
4	2072	2073	2075	2074
4	2076	2077	2079	2078
4	2080	2081	2083	2082
4	2084	2085	2087	2086
4	2088	2089	2091	2090
4	2092	2093	2095	2094
4	2096	2097	2099	2098
4	2100	2101	2103	2102
4	2104	2105	2107	2106
4	2108	2109	2111	2110
4	2112	2113	2115	2114
4	2116	2117	2119	2118
4	2120	2121	2123	2122
4	2124	2125	2127	2126
4	2128	2129	2131	2130
4	2132	2133	2135	2134
4	2136	2137	2139	2138
4	2140	2141	2143	2142
4	2144	2145	2147	2146
4	2148	2149	2151	2150
4	2152	2153	2155	2154
4	2156	2157	2159	2158
4	2160	2161	2163	2162
4	2164	2165	2167	2166
4	2168	2169	2171	2170
4	2172	2173	2175	2174
4	2176	2177	2179	2178
4	2180	2181	2183	2182
4	2184	2185	2187	2186
4	2188	2189	2191	2190
4	2192	2193	2195	2194
4	2196	2197	2199	2198
4	2200	2201	2203	2202
4	2204	2205	2207	2206
4	2208	2209	2211	2210
4	2212	2213	2215	2214
4	2216	2217	2219	2218
4	2220	2221	2223	2222
4	2224	2225	2227	2226
4	2228	2229	2231	2230
4	2232	2233	2235	2234
4	2236	2237	2239	2238
4	2240	2241	2243	2242
4	2244	2245	2247	2246
4	2248	2249	2251	2250
4	2252	2253	2255	2254
4	2256	2257	2259	2258
4	2260	2261	2263	2262
4	2264	2265	2267	2266
4	2268	2269	2271	2270
4	2272	2273	2275	2274
4	2276	2277	2279	2278
4	2280	2281	2283	2282
4	2284	2285	2287	2286
4	2288	2289	2291	2290
4	2292	2293	2295	2294
4	2296	2297	2299	2298
4	2300	2301	2303	2302
4	2304	2305	2307	2306
4	2308	2309	2311	2310
4	2312	2313	2315	2314
4	2316	2317	2319	2318
4	2320	2321	2323	2322
4	2324	2325	2327	2326
4	2328	2329	2331	2330
4	2332	2333	2335	2334
4	2336	2337	2339	2338
4	2340	2341	2343	2342
4	2344	2345	2347	2346
4	2348	2349	2351	2350
4	2352	2353	2355	2354
4	2356	2357	2359	2358
4	2360	2361	2363	2362
4	2364	2365	2367	2366
4	2368	2369	2371	2370
4	2372	2373	2375	2374
4	2376	2377	2379	2378
4	2380	2381	2383	2382
4	2384	2385	2387	2386
4	2388	2389	2391	2390
4	2392	2393	2395	2394
4	2396	2397	2399	2398
4	2400	2401	2403	2402
4	2404	2405	2407	2406
4	2408	2409	2411	2410
4	2412	2413	2415	2414
4	2416	2417	2419	2418
4	2420	2421	2423	2422
4	2424	2425	2427	2426
4	2428	2429	2431	2430
4	2432	2433	2435	2434
4	2436	2437	2439	2438
4	2440	2441	2443	2442
4	2444	2445	2447	2446
4	2448	2449	2451	2450
4	2452	2453	2455	2454
4	2456	2457	2459	2458
4	2460	2461	2463	2462
4	2464	2465	2467	2466
4	2468	2469	2471	2470
4	2472	2473	2475	2474
4	2476	2477	2479	2478
4	2480	2481	2483	2482
4	2484	2485	2487	2486
4	2488	2489	2491	2490
4	2492	2493	2495	2494
4	2496	2497	2499	2498
4	2500	2501	2503	2502
4	2504	2505	2507	2506
4	2508	2509	2511	2510
4	2512	2513	2515	2514
4	2516	2517	2519	2518
4	2520	2521	2523	2522
4	2524	2525	2527	2526
4	2528	2529	2531	2530
4	2532	2533	2535	2534
4	2536	2537	2539	2538
4	2540	2541	2543	2542
4	2544	2545	2547	2546
4	2548	2549	2551	2550
4	2552	2553	2555	2554
4	2556	2557	2559	2558
4	2560	2561	2563	2562
4	2564	2565	2567	2566
4	2568	2569	2571	2570
4	2572	2573	2575	2574
4	2576	2577	2579	2578
4	2580	2581	2583	2582
4	2584	2585	2587	2586
4	2588	2589	2591	2590
4	2592	2593	2595	2594
4	2596	2597	2599	2598
4	2600	2601	2603	2602
4	2604	2605	2607	2606
4	2608	2609	2611	2610
4	2612	2613	2615	2614
4	2616	2617	2619	2618
4	2620	2621	2623	2622
4	2624	2625	2627	2626
4	2628	2629	2631	2630
4	2632	2633	2635	2634
4	2636	2637	2639	2638
4	2640	2641	2643	2642
4	2644	2645	2647	2646
4	2648	2649	2651	2650
4	2652	2653	2655	2654
4	2656	2657	2659	2658
4	2660	2661	2663	2662
4	2664	2665	2667	2666
4	2668	2669	2671	2670
4	2672	2673	2675	2674
4	2676	2677	2679	2678
4	2680	2681	2683	2682
4	2684	2685	2687	2686
4	2688	2689	2691	2690
4	2692	2693	2695	2694
4	2696	2697	2699	2698
4	2700	2701	2703	2702
4	2704	2705	2707	2706
4	2708	2709	2711	2710
4	2712	2713	2715	2714
4	2716	2717	2719	2718
4	2720	2721	2723	2722
4	2724	2725	2727	2726
4	2728	2729	2731	2730
4	2732	2733	2735	2734
4	2736	2737	2739	2738
4	2740	2741	2743	2742
4	2744	2745	2747	2746
4	2748	2749	2751	2750
4	2752	2753	2755	2754
4	2756	2757	2759	2758
4	2760	2761	2763	2762
4	2764	2765	2767	2766
4	2768	2769	2771	2770
4	2772	2773	2775	2774
4	2776	2777	2779	2778
4	2780	2781	2783	2782
4	2784	2785	2787	2786
4	2788	2789	2791	2790
4	2792	2793	2795	2794
4	2796	2797	2799	2798
4	2800	2801	2803	2802
4	2804	2805	2807	2806
4	2808	2809	2811	2810
4	2812	2813	2815	2814
4	2816	2817	2819	2818
4	2820	2821	2823	2822
4	2824	2825	2827	2826
4	2828	2829	2831	2830
4	2832	2833	2835	2834
4	2836	2837	2839	2838
4	2840	2841	2843	2842
4	2844	2845	2847	2846
4	2848	2849	2851	2850
4	2852	2853	2855	2854
4	2856	2857	2859	2858
4	2860	2861	2863	2862
4	2864	2865	2867	2866
4	2868	2869	2871	2870
4	2872	2873	2875	2874
4	2876	2877	2879	2878
4	2880	2881	2883	2882
4	2884	2885	2887	2886
4	2888	2889	2891	2890
4	2892	2893	2895	2894
4	2896	2897	2899	2898
4	2900	2901	2903	2902
4	2904	2905	2907	2906
4	2908	2909	2911	2910
4	2912	2913	2915	2914
4	2916	2917	2919	2918
4	2920	2921	2923	2922
4	2924	2925	2927	2926
4	2928	2929	2931	2930
4	2932	2933	2935	2934
4	2936	2937	2939	2938
4	2940	2941	2943	2942
4	2944	2945	2947	2946
4	2948	2949	2951	2950
4	2952	2953	2955	2954
4	2956	2957	2959	2958
4	2960	2961	2963	2962
4	2964	2965	2967	2966
4	2968	2969	2971	2970
4	2972	2973	2975	2974
4	2976	2977	2979	2978
4	2980	2981	2983	2982
4	2984	2985	2987	2986
4	2988	2989	2991	2990
4	2992	2993	2995	2994
4	2996	2997	2999	2998
4	3000	3001	3003	3002
4	3004	3005	3007	3006
4	3008	3009	3011	3010
4	3012	3013	3015	3014
4	3016	3017	3019	3018
4	3020	3021	3023	3022
4	3024	3025	3027	3026
4	3028	3029	3031	3030
4	3032	3033	3035	3034
4	3036	3037	3039	3038
4	3040	3041	3043	3042
4	3044	3045	3047	3046
4	3048	3049	3051	3050
4	3052	3053	3055	3054
4	3056	3057	3059	3058
4	3060	3061	3063	3062
4	3064	3065	3067	3066
4	3068	3069	3071	3070
4	3072	3073	3075	3074
4	3076	3077	3079	3078
4	3080	3081	3083	3082
4	3084	3085	3087	3086
4	3088	3089	3091	3090
4	3092	3093	3095	3094
4	3096	3097	3099	3098
4	3100	3101	3103	3102
4	3104	3105	3107	3106
4	3108	3109	3111	3110
4	3112	3113	3115	3114
4	3116	3117	3119	3118
4	3120	3121	3123	3122
4	3124	3125	3127	3126
4	3128	3129	3131	3130
4	3132	3133	3135	3134
4	3136	3137	3139	3138
4	3140	3141	3143	3142
4	3144	3145	3147	3146
4	3148	3149	3151	3150
4	3152	3153	3155	3154
4	3156	3157	3159	3158
4	3160	3161	3163	3162
4	3164	3165	3167	3166
4	3168	3169	3171	3170
4	3172	3173	3175	3174
4	3176	3177	3179	3178
4	3180	3181	3183	3182
4	3184	3185	3187	3186
4	3188	3189	3191	3190
4	3192	3193	3195	3194
4	3196	3197	3199	3198
4	3200	3201	3203	3202
4	3204	3205	3207	3206
4	3208	3209	3211	3210
4	3212	3213	3215	3214
4	3216	3217	3219	3218
4	3220	3221	3223	3222
4	3224	3225	3227	3226
4	3228	3229	3231	3230
4	3232	3233	3235	3234
4	3236	3237	3239	3238
4	3240	3241	3243	3242
4	3244	3245	3247	3246
4	3248	3249	3251	3250
4	3252	3253	3255	3254
4	3256	3257	3259	3258
4	3260	3261	3263	3262
4	3264	3265	3267	3266
4	3268	3269	3271	3270
4	3272	3273	3275	3274
4	3276	3277	3279	3278
4	3280	3281	3283	3282
4	3284	3285	3287	3286
4	3288	3289	3291	3290
4	3292	3293	3295	3294
4	3296	3297	3299	3298
4	3300	3301	3303	3302
4	3304	3305	3307	3306
4	3308	3309	3311	3310
4	3312	3313	3315	3314
4	3316	3317	3319	3318
4	3320	3321	3323	3322
4	3324	3325	3327	3326
4	3328	3329	3331	3330
4	3332	3333	3335	3334
4	3336	3337	3339	3338
4	3340	3341	3343	3342
4	3344	3345	3347	3346
4	3348	3349	3351	3350
4	3352	3353	3355	3354
4	3356	3357	3359	3358
4	3360	3361	3363	3362
4	3364	3365	3367	3366
4	3368	3369	3371	3370
4	3372	3373	3375	3374
4	3376	3377	3379	3378
4	3380	3381	3383	3382
4	3384	3385	3387	3386
4	3388	3389	3391	3390
4	3392	3393	3395	3394
4	3396	3397	3399	3398
4	3400	3401	3403	3402
4	3404	3405	3407	3406
4	3408	3409	3411	3410
4	3412	3413	3415	3414
4	3416	3417	3419	3418
4	3420	3421	3423	3422
4	3424	3425	3427	3426
4	3428	3429	3431	3430
4	3432	3433	3435	3434
4	3436	3437	3439	3438
4	3440	3441	3443	3442
4	3444	3445	3447	3446
4	3448	3449	3451	3450
4	3452	3453	3455	3454
4	3456	3457	3459	3458
4	3460	3461	3463	3462
4	3464	3465	3467	3466
4	3468	3469	3471	3470
4	3472	3473	3475	3474
4	3476	3477	3479	3478
4	3480	3481	3483	3482
4	3484	3485	3487	3486
4	3488	3489	3491	3490
4	3492	3493	3495	3494
4	3496	3497	3499	3498
4	3500	3501	3503	3502
4	3504	3505	3507	3506
4	3508	3509	3511	3510
4	3512	3513	3515	3514
4	3516	3517	3519	3518
4	3520	3521	3523	3522
4	3524	3525	3527	3526
4	3528	3529	3531	3530
4	3532	3533	3535	3534
4	3536	3537	3539	3538
4	3540	3541	3543	3542
4	3544	3545	3547	3546
4	3548	3549	3551	3550
4	3552	3553	3555	3554
4	3556	3557	3559	3558
4	3560	3561	3563	3562
4	3564	3565	3567	3566
4	3568	3569	3571	3570
4	3572	3573	3575	3574
4	3576	3577	3579	3578
4	3580	3581	3583	3582
4	3584	3585	3587	3586
4	3588	3589	3591	3590
4	3592	3593	3595	3594
4	3596	3597	3599	3598
4	3600	3601	3603	3602
4	3604	3605	3607	3606
4	3608	3609	3611	3610
4	3612	3613	3615	3614
4	3616	3617	3619	3618
4	3620	3621	3623	3622
4	3624	3625	3627	3626
4	3628	3629	3631	3630
4	3632	3633	3635	3634
4	3636	3637	3639	3638
4	3640	3641	3643	3642
4	3644	3645	3647	3646
4	3648	3649	3651	3650
4	3652	3653	3655	3654
4	3656	3657	3659	3658
4	3660	3661	3663	3662
4	3664	3665	3667	3666
4	3668	3669	3671	3670
4	3672	3673	3675	3674
4	3676	3677	3679	3678
4	3680	3681	3683	3682
4	3684	3685	3687	3686
4	3688	3689	3691	3690
4	3692	3693	3695	3694
4	3696	3697	3699	3698
4	3700	3701	3703	3702
4	3704	3705	3707	3706
4	3708	3709	3711	3710
4	3712	3713	3715	3714
4	3716	3717	3719	3718
4	3720	3721	3723	3722
4	3724	3725	3727	3726
4	3728	3729	3731	3730
4	3732	3733	3735	3734
4	3736	3737	3739	3738
4	3740	3741	3743	3742
4	3744	3745	3747	3746
4	3748	3749	3751	3750
4	3752	3753	3755	3754
4	3756	3757	3759	3758
4	3760	3761	3763	3762
4	3764	3765	3767	3766
4	3768	3769	3771	3770
4	3772	3773	3775	3774
4	3776	3777	3779	3778
4	3780	3781	3783	3782
4	3784	3785	3787	3786
4	3788	3789	3791	3790
4	3792	3793	3795	3794
4	3796	3797	3799	3798
4	3800	3801	3803	3802
4	3804	3805	3807	3806
4	3808	3809	3811	3810
4	3812	3813	3815	3814
4	3816	3817	3819	3818
4	3820	3821	3823	3822
4	3824	3825	3827	3826
4	3828	3829	3831	3830
4	3832	3833	3835	3834
4	3836	3837	3839	3838
4	3840	3841	3843	3842
4	3844	3845	3847	3846
4	3848	3849	3851	3850
4	3852	3853	3855	3854
4	3856	3857	3859	3858
4	3860	3861	3863	3862
4	3864	3865	3867	3866
4	3868	3869	3871	3870
4	3872	3873	3875	3874
4	3876	3877	3879	3878
4	3880	3881	3883	3882
4	3884	3885	3887	3886
4	3888	3889	3891	3890
4	3892	3893	3895	3894
4	3896	3897	3899	3898
4	3900	3901	3903	3902
4	3904	3905	3907	3906
4	3908	3909	3911	3910
4	3912	3913	3915	3914
4	3916	3917	3919	3918
4	3920	3921	3923	3922
4	3924	3925	3927	3926
4	3928	3929	3931	3930
4	3932	3933	3935	3934
4	3936	3937	3939	3938
4	3940	3941	3943	3942
4	3944	3945	3947	3946
4	3948	3949	3951	3950
4	3952	3953	3955	3954
4	3956	3957	3959	3958
4	3960	3961	3963	3962
4	3964	3965	3967	3966
4	3968	3969	3971	3970
4	3972	3973	3975	3974
4	3976	3977	3979	3978
4	3980	3981	3983	3982
4	3984	3985	3987	3986
4	3988	3989	3991	3990
4	3992	3993	3995	3994
4	3996	3997	3999	3998
4	4000	4001	4003	4002
4	4004	4005	4007	4006
4	4008	4009	4011	4010
4	4012	4013	4015	4014
4	4016	4017	4019	4018
4	4020	4021	4023	4022
4	4024	4025	4027	4026
4	4028	4029	4031	4030
4	4032	4033	4035	4034
4	4036	4037	4039	4038
4	4040	4041	4043	4042
4	4044	4045	4047	4046
4	4048	4049	4051	4050
4	4052	4053	4055	4054
4	4056	4057	4059	4058
4	4060	4061	4063	4062
4	4064	4065	4067	4066
4	4068	4069	4071	4070
4	4072	4073	4075	4074
4	4076	4077	4079	4078
4	4080	4081	4083	4082
4	4084	4085	4087	4086
4	4088	4089	4091	4090
4	4092	4093	4095	4094

CELL_TYPES 1024
 9 9 9 9 9 9 9 9 9 9 9 9 9 9 9 9 9 9 9 9 9 9 9 9 9 9 9 9 9 9 9 9 9 9 9 9 9 9 9 9 9 9 9 9 9 9 9 9 9 9 9 9 9 9 9 9 9 9 9 9 9 9 9 9 9 9 9 9 9 9 9 9 9 9 9 9 9 9 9 9 9 9 9 9 9 9 9 9 9 9 9 9 9 9 9 9 9 9 9 9 9 9 9 9 9 9 9 9 9 9 9 9 9 9 9 9 9 9 9 9 9 9 9 9 9 9 9 9 9 9 9 9 9 9 9 9 9 9 9 9 9 9 9 9 9 9 9 9 9 9 9 9 9 9 9 9 9 9 9 9 9 9 9 9 9 9 9 9 9 9 9 9 9 9 9 9 9 9 9 9 9 9 9 9 9 9 9 9 9 9 9 9 9 9 9 9 9 9 9 9 9 9 9 9 9 9 9 9 9 9 9 9 9 9 9 9 9 9 9 9 9 9 9 9 9 9 9 9 9 9 9 9 9 9 9 9 9 9 9 9 9 9 9 9 9 9 9 9 9 9 9 9 9 9 9 9 9 9 9 9 9 9 9 9 9 9 9 9 9 9 9 9 9 9 9 9 9 9 9 9 9 9 9 9 9 9 9 9 9 9 9 9 9 9 9 9 9 9 9 9 9 9 9 9 9 9 9 9 9 9 9 9 9 9 9 9 9 9 9 9 9 9 9 9 9 9 9 9 9 9 9 9 9 9 9 9 9 9 9 9 9 9 9 9 9 9 9 9 9 9 9 9 9 9 9 9 9 9 9 9 9 9 9 9 9 9 9 9 9 9 9 9 9 9 9 9 9 9 9 9 9 9 9 9 9 9 9 9 9 9 9 9 9 9 9 9 9 9 9 9 9 9 9 9 9 9 9 9 9 9 9 9 9 9 9 9 9 9 9 9 9 9 9 9 9 9 9 9 9 9 9 9 9 9 9 9 9 9 9 9 9 9 9 9 9 9 9 9 9 9 9 9 9 9 9 9 9 9 9 9 9 9 9 9 9 9 9 9 9 9 9 9 9 9 9 9 9 9 9 9 9 9 9 9 9 9 9 9 9 9 9 9 9 9 9 9 9 9 9 9 9 9 9 9 9 9 9 9 9 9 9 9 9 9 9 9 9 9 9 9 9 9 9 9 9 9 9 9 9 9 9 9 9 9 9 9 9 9 9 9 9 9 9 9 9 9 9 9 9 9 9 9 9 9 9 9 9 9 9 9 9 9 9 9 9 9 9 9 9 9 9 9 9 9 9 9 9 9 9 9 9 9 9 9 9 9 9 9 9 9 9 9 9 9 9 9 9 9 9 9 9 9 9 9 9 9 9 9 9 9 9 9 9 9 9 9 9 9 9 9 9 9 9 9 9 9 9 9 9 9 9 9 9 9 9 9 9 9 9 9 9 9 9 9 9 9 9 9 9 9 9 9 9 9 9 9 9 9 9 9 9 9 9 9 9 9 9 9 9 9 9 9 9 9 9 9 9 9 9 9 9 9 9 9 9 9 9 9 9 9 9 9 9 9 9 9 9 9 9 9 9 9 9 9 9 9 9 9 9 9 9 9 9 9 9 9 9 9 9 9 9 9 9 9 9 9 9 9 9 9 9 9 9 9 9 9 9 9 9 9 9 9 9 9 9 9 9 9 9 9 9 9 9 9 9 9 9 9 9 9 9 9 9 9 9 9 9 9 9 9 9 9 9 9 9 9 9 9 9 9 9 9 9 9 9 9 9 9 9 9 9 9 9 9 9 9 9 9 9 9 9 9 9 9 9 9 9 9 9 9 9 9 9 9 9 9 9 9 9 9 9 9 9 9 9 9 9 9 9 9 9 9 9 9 9 9 9 9 9 9 9 9 9 9 9 9 9 9 9 9 9 9 9 9 9 9 9 9 9 9 9 9 9 9 9 9 9 9 9 9 9 9 9 9 9 9 9 9 9 9 9 9 9 9 9 9 9 9 9 9 9 9 9 9 9 9 9 9 9 9 9 9 9 9 9 9 9 9 9 9 9 9 9 9 9 9 9 9 9 9 9 9 9 9 9 9 9 9 9 9 9 9 9 9 9 9 9 9 9 9 9 9 9 9 9 9 9 9 9 9 9 9 9 9 9 9 9 9 9 9 9 9 9 9 9 9 9 9 9 9 9 9 9 9 9 9 9 9 9 9 9 9 9 9 9 9 9 9 9 9 9 9 9 9 9 9 9 9 9 9 9 9 9 9 9 9 9 9 9 9 9 9 9 9 9 9 9 9 9 9 9 9 9 9
POINT_DATA 4096
SCALARS x_velo double 1
LOOKUP_TABLE default
0 0 0 -2.1428e-10 0 0 -2.1428e-10 -4.5774e-10 0 -2.1428e-10 0 -4.02413e-10 -2.1428e-10 -4.5774e-10 -4.02413e-10 -8.95731e-10 0 0 -4.5774e-10 -7.70617e-10 0 0 -7.70617e-10 -1.14049e-09 -4.5774e-10 -7.70617e-10 -8.95731e-10 -1.49888e-09 -7.70617e-10 -1.14049e-09 -1.49888e-09 -2.20857e-09 0 -4.02413e-10 0 -5.69168e-10 -4.02413e-10 -8.95731e-10 -5.69168e-10 -1.30292e-09 0 -5.69168e-10 0 -7.20611e-10 -5.69168e-10 -1.30292e-09 -7.20611e-10 -1.6728e-09 -8.95731e-10 -1.49888e-09 -1.30292e-09 -2.17e-09 -1.49888e-09 -2.20857e-09 -2.17e-09 -3.1851e-09 -1.30292e-09 -2.17e-09 -1.6728e-09 -2.77059e-09 -2.17e-09 -3.1851e-09 -2.77059e-09 -4.05132e-09 0 0 -1.14049e-09 -1.57645e-09 0 0 -1.57645e-09 -2.09144e-09 -1.14049e-09 -1.57645e-09 -2.20857e-09 -3.04973e-09 -1.57645e-09 -2.09144e-09 -3.04973e-09 -4.05299e-09 0 0 -2.09144e-09 -2.68817e-09 0 0 -2.68817e-09 -3.35298e-09 -2.09144e-09 -2.68817e-09 -4.05299e-09 -5.23542e-09 -2.68817e-09 -3.35298e-09 -5.23542e-09 -6.5906e-09 -2.20857e-09 -3.04973e-09 -3.1851e-09 -4.39554e-09 -3.04973e-09 -4.05299e-09 -4.39554e-09 -5.85547e-09 -3.1851e-09 -4.39554e-09 -4.05132e-09 -5.58875e-09 -4.39554e-09 -5.85547e-09 -5.58875e-09 -7.4653e-09 -4.05299e-09 -5.23542e-09 -5.85547e-09 -7.60808e-09 -5.23542e-09 -6.5906e-09 -7.60808e-09 -9.67319e-09 -5.85547e-09 -7.60808e-09 -7.4653e-09 -9.76108e-09 -7.60808e-09 -9.67319e-09 -9.76108e-09 -1.25405e-08 0 -7.20611e-10 0 -8.62343e-10 -7.20611e-10 -1.6728e-09 -8.62343e-10 -2.00215e-09 0 -8.62343e-10 0 -1.00411e-09 -8.62343e-10 -2.00215e-09 -1.00411e-09 -2.28731e-09 -1.6728e-09 -2.77059e-09 -2.00215e-09 -3.28829e-09 -2.77059e-09 -4.05132e-09 -3.28829e-09 -4.78917e-09 -2.00215e-09 -3.28829e-09 -2.28731e-09 -3.71104e-09 -3.28829e-09 -4.78917e-09 -3.71104e-09 -5.3818e-09 0 -1.00411e-09 0 -1.1671e-09 -1.00411e-09 -2.28731e-09 -1.1671e-09 -2.51753e-09 0 -1.1671e-09 0 -1.35832e-09 -1.1671e-09 -2.51753e-09 -1.35832e-09 -2.682e-09 -2.28731e-09 -3.71104e-09 -2.51753e-09 -4.02681e-09 -3.71104e-09 -5.3818e-09 -4.02681e-09 -5.8143e-09 -2.51753e-09 -4.02681e-09 -2.682e-09 -4.22338e-09 -4.02681e-09 -5.8143e-09 -4.22338e-09 -6.07473e-09 -4.05132e-09 -5.58875e-09 -4.78917e-09 -6.60401e-09 -5.58875e-09 -7.4653e-09 -6.60401e-09 -8.8454e-09 -4.78917e-09 -6.60401e-09 -5.3818e-09 -7.41686e-09 -6.60401e-09 -8.8454e-09 -7.41686e-09 -9.95691e-09 -7.4653e-09 -9.76108e-09 -8.8454e-09 -1.16389e-08 -9.76108e-09 -1.25405e-08 -1.16389e-08 -1.51119e-08 -8.8454e-09 -1.16389e-08 -9.95691e-09 -1.31777e-08 -1.16389e-08 -1.51119e-08 -1.31777e-08 -1.72864e-08 -5.3818e-09 -7.41686e-09 -5.8143e-09 -8.00544e-09 -7.41686e-09 -9.95691e-09 -8.00544e-09 -1.07621e-08 -5.8143e-09 -8.00544e-09 -6.07473e-09 -8.35277e-09 -8.00544e-09 -1.07621e-08 -8.35277e-09 -1.12283e-08 -9.95691e-09 -1.31777e-08 -1.07621e-08 -1.43085e-08 -1.31777e-08 -1.72864e-08 -1.43085e-08 -1.89442e-08 -1.07621e-08 -1.43085e-08 -1.12283e-08 -1.49625e-08 -1.43085e-08 -1.89442e-08 -1.49625e-08 -1.99484e-08 0 0 -3.35298e-09 -4.05916e-09 0 0 -4.05916e-09 -4.77454e-09 -3.35298e-09 -4.05916e-09 -6.5906e-09 -8.08832e-09 -4.05916e-09 -4.77454e-09 -8.08832e-09 -9.6705e-09 0 0 -4.77454e-09 -5.446e-09 0 0 -5.446e-09 -5.92981e-09 -4.77454e-09 -5.446e-09 -9.6705e-09 -1.11976e-08 -5.446e-09 -5.92981e-09 -1.11976e-08 -1.23094e-08 -6.5906e-09 -8.08832e-09 -9.67319e-09 -1.20363e-08 -8.08832e-09 -9.6705e-09 -1.20363e-08 -1.46168e-08 -9.67319e-09 -1.20363e-08 -1.25405e-08 -1.58256e-08 -1.20363e-08 -1.46168e-08 -1.58256e-08 -1.95218e-08 -9.6705e-09 -1.11976e-08 -1.46168e-08 -1.71593e-08 -1.11976e-08 -1.23094e-08 -1.71593e-08 -1.90288e-08 -1.46168e-08 -1.71593e-08 -1.95218e-08 -2.32388e-08 -1.71593e-08 -1.90288e-08 -2.32388e-08 -2.60149e-08 0 0 -5.92981e-09 -5.91041e-09 0 0 -5.91041e-09 -4.96401e-09 -5.92981e-09 -5.91041e-09 -1.23094e-08 -1.23038e-08 -5.91041e-09 -4.96401e-09 -1.23038e-08 -1.03162e-08 0 0 -4.96401e-09 -2.86911e-09 0 0 -2.86911e-09 4.99733e-11 -4.96401e-09 -2.86911e-09 -1.03162e-08 -5.94668e-09 -2.86911e-09 4.99733e-11 -5.94668e-09 1.02333e-10 -1.23094e-08 -1.23038e-08 -1.90288e-08 -1.90794e-08 -1.23038e-08 -1.03162e-08 -1.90794e-08 -1.59878e-08 -1.90288e-08 -1.90794e-08 -2.60149e-08 -2.61999e-08 -1.90794e-08 -1.59878e-08 -2.61999e-08 -2.19755e-08 -1.03162e-08 -5.94668e-09 -1.59878e-08 -9.20113e-09 -5.94668e-09 1.02333e-10 -9.20113e-09 1.57384e-10 -1.59878e-08 -9.20113e-09 -2.19755e-08 -1.26419e-08 -9.20113e-09 1.57384e-10 -1.26419e-08 2.15558e-10 -1.25405e-08 -1.58256e-08 -1.51119e-08 -1.93492e-08 -1.58256e-08 -1.95218e-08 -1.93492e-08 -2.4266e-08 -1.51119e-08 -1.93492e-08 -1.72864e-08 -2.24658e-08 -1.93492e-08 -2.4266e-08 -2.24658e-08 -2.86885e-08 -1.95218e-08 -2.32388e-08 -2.4266e-08 -2.93356e-08 -2.32388e-08 -2.60149e-08 -2.93356e-08 -3.3226e-08 -2.4266e-08 -2.93356e-08 -2.86885e-08 -3.53252e-08 -2.93356e-08 -3.3226e-08 -3.53252e-08 -4.06463e-08 -1.72864e-08 -2.24658e-08 -1.89442e-08 -2.4993e-08 -2.24658e-08 -2.86885e-08 -2.4993e-08 -3.2568e-08 -1.89442e-08 -2.4993e-08 -1.99484e-08 -2.66953e-08 -2.4993e-08 -3.2568e-08 -2.66953e-08 -3.55861e-08 -2.86885e-08 -3.53252e-08 -3.2568e-08 -4.10324e-08 -3.53252e-08 -4.06463e-08 -4.10324e-08 -4.82743e-08 -3.2568e-08 -4.10324e-08 -3.55861e-08 -4.61772e-08 -4.10324e-08 -4.82743e-08 -4.61772e-08 -5.60962e-08 -2.60149e-08 -2.61999e-08 -3.3226e-08 -3.37016e-08 -2.61999e-08 -2.19755e-08 -3.37016e-08 -2.8367e-08 -3.3226e-08 -3.37016e-08 -4.06463e-08 -4.17128e-08 -3.37016e-08 -2.8367e-08 -4.17128e-08 -3.53787e-08 -2.19755e-08 -1.26419e-08 -2.8367e-08 -1.63417e-08 -1.26419e-08 2.15558e-10 -1.63417e-08 2.77414e-10 -2.8367e-08 -1.63417e-08 -3.53787e-08 -2.04686e-08 -1.63417e-08 2.77414e-10 -2.04686e-08 3.43601e-10 -4.06463e-08 -4.17128e-08 -4.82743e-08 -5.0481e-08 -4.17128e-08 -3.53787e-08 -5.0481e-08 -4.34167e-08 -4.82743e-08 -5.0481e-08 -5.60962e-08 -6.043e-08 -5.0481e-08 -4.34167e-08 -6.043e-08 -5.32119e-08 -3.53787e-08 -2.04686e-08 -4.34167e-08 -2.53377e-08 -2.04686e-08 3.43601e-10 -2.53377e-08 4.14787e-10 -4.34167e-08 -2.53377e-08 -5.32119e-08 -3.15296e-08 -2.53377e-08 4.14787e-10 -3.15296e-08 4.91485e-10 0 0 4.99733e-11 2.96416e-09 0 0 2.96416e-09 5.0461e-09 4.99733e-11 2.96416e-09 1.02333e-10 6.14145e-09 2.96416e-09 5.0461e-09 6.14145e-09 1.04847e-08 0 0 5.0461e-09 5.97547e-09 0 0 5.97547e-09 5.97761e-09 5.0461e-09 5.97547e-09 1.04847e-08 1.24374e-08 5.97547e-09 5.97761e-09 1.24374e-08 1.24075e-08 1.02333e-10 6.14145e-09 1.57384e-10 9.50065e-09 6.14145e-09 1.04847e-08 9.50065e-09 1.62467e-08 1.57384e-10 9.50065e-09 2.15558e-10 1.30518e-08 9.50065e-09 1.62467e-08 1.30518e-08 2.2329e-08 1.04847e-08 1.24374e-08 1.62467e-08 1.92845e-08 1.24374e-08 1.24075e-08 1.92845e-08 1.91791e-08 1.62467e-08 1.92845e-08 2.2329e-08 2.64788e-08 1.92845e-08 1.91791e-08 2.64788e-08 2.62182e-08 0 0 5.97761e-09 5.47864e-09 0 0 5.47864e-09 4.79496e-09 5.97761e-09 5.47864e-09 1.24075e-08 1.12646e-08 5.47864e-09 4.79496e-09 1.12646e-08 9.71273e-09 0 0 4.79496e-09 4.07037e-09 0 0 4.07037e-09 3.3577e-09 4.79496e-09 4.07037e-09 9.71273e-09 8.11215e-09 4.07037e-09 3.3577e-09 8.11215e-09 6.60156e-09 1.24075e-08 1.12646e-08 1.91791e-08 1.72618e-08 1.12646e-08 9.71273e-09 1.72618e-08 1.46816e-08 1.91791e-08 1.72618e-08 2.62182e-08 2.33769e-08 1.72618e-08 1.46816e-08 2.33769e-08 1.96093e-08 9.71273e-09 8.11215e-09 1.46816e-08 1.20736e-08 8.11215e-09 6.60156e-09 1.20736e-08 9.69133e-09 1.46816e-08 1.20736e-08 1.96093e-08 1.58764e-08 1.20736e-08 9.69133e-09 1.58764e-08 1.25662e-08 2.15558e-10 1.30518e-08 2.77414e-10 1.68685e-08 1.30518e-08 2.2329e-08 1.68685e-08 2.88193e-08 2.77414e-10 1.68685e-08 3.43601e-10 2.11197e-08 1.68685e-08 2.88193e-08 2.11197e-08 3.59346e-08 2.2329e-08 2.64788e-08 2.88193e-08 3.40562e-08 2.64788e-08 2.62182e-08 3.40562e-08 3.34826e-08 2.88193e-08 3.40562e-08 3.59346e-08 4.21446e-08 3.40562e-08 3.34826e-08 4.21446e-08 4.09555e-08 3.43601e-10 2.11197e-08 4.14787e-10 2.61218e-08 2.11197e-08 3.59346e-08 2.61218e-08 4.40813e-08 4.14787e-10 2.61218e-08 4.91485e-10 3.24564e-08 2.61218e-08 4.40813e-08 3.24564e-08 5.39912e-08 3.59346e-08 4.21446e-08 4.40813e-08 5.09913e-08 4.21446e-08 4.09555e-08 5.09913e-08 4.86345e-08 4.40813e-08 5.09913e-08 5.39912e-08 6.10201e-08 5.09913e-08 4.86345e-08 6.10201e-08 5.65049e-08 2.62182e-08 2.33769e-08 3.34826e-08 2.95088e-08 2.33769e-08 1.96093e-08 2.95088e-08 2.43753e-08 3.34826e-08 2.95088e-08 4.09555e-08 3.55317e-08 2.95088e-08 2.43753e-08 3.55317e-08 2.8818e-08 1.96093e-08 1.58764e-08 2.43753e-08 1.9413e-08 1.58764e-08 1.25662e-08 1.9413e-08 1.51449e-08 2.43753e-08 1.9413e-08 2.8818e-08 2.25415e-08 1.9413e-08 1.51449e-08 2.25415e-08 1.73261e-08 4.09555e-08 3.55317e-08 4.86345e-08 4.12694e-08 3.55317e-08 2.8818e-08 4.12694e-08 3.27149e-08 4.86345e-08 4.12694e-08 5.65049e-08 4.64408e-08 4.12694e-08 3.27149e-08 4.64408e-08 3.57466e-08 2.8818e-08 2.25415e-08 3.27149e-08 2.50783e-08 2.25415e-08 1.73261e-08 2.50783e-08 1.89892e-08 3.27149e-08 2.50783e-08 3.57466e-08 2.67874e-08 2.50783e-08 1.89892e-08 2.67874e-08 1.99966e-08 0 0 3.3577e-09 2.68862e-09 0 0 2.68862e-09 2.08922e-09 3.3577e-09 2.68862e-09 6.60156e-09 5.23788e-09 2.68862e-09 2.08922e-09 5.23788e-09 4.05009e-09 0 0 2.08922e-09 1.57246e-09 0 0 1.57246e-09 1.13487e-09 2.08922e-09 1.57246e-09 4.05009e-09 3.04333e-09 1.57246e-09 1.13487e-09 3.04333e-09 2.19923e-09 6.60156e-09 5.23788e-09 9.69133e-09 7.61362e-09 5.23788e-09 4.05009e-09 7.61362e-09 5.85303e-09 9.69133e-09 7.61362e-09 1.25662e-08 9.77027e-09 7.61362e-09 5.85303e-09 9.77027e-09 7.46408e-09 4.05009e-09 3.04333e-09 5.85303e-09 4.38803e-09 3.04333e-09 2.19923e-09 4.38803e-09 3.17376e-09 5.85303e-09 4.38803e-09 7.46408e-09 5.58111e-09 4.38803e-09 3.17376e-09 5.58111e-09 4.0394e-09 0 0 1.13487e-09 7.62794e-10 0 0 7.62794e-10 4.47245e-10 1.13487e-09 7.62794e-10 2.19923e-09 1.48601e-09 7.62794e-10 4.47245e-10 1.48601e-09 8.78984e-10 0 0 4.47245e-10 2.03159e-10 0 0 2.03159e-10 0 4.47245e-10 2.03159e-10 8.78984e-10 3.8602e-10 2.03159e-10 0 3.8602e-10 0 2.19923e-09 1.48601e-09 3.17376e-09 2.15466e-09 1.48601e-09 8.78984e-10 2.15466e-09 1.28348e-09 3.17376e-09 2.15466e-09 4.0394e-09 2.75499e-09 2.15466e-09 1.28348e-09 2.75499e-09 1.6537e-09 8.78984e-10 3.8602e-10 1.28348e-09 5.50789e-10 3.8602e-10 0 5.50789e-10 0 1.28348e-09 5.50789e-10 1.6537e-09 7.02425e-10 5.50789e-10 0 7.02425e-10 0 1.25662e-08 9.77027e-09 1.51449e-08 1.16519e-08 9.77027e-09 7.46408e-09 1.16519e-08 8.84574e-09 1.51449e-08 1.16519e-08 1.73261e-08 1.31941e-08 1.16519e-08 8.84574e-09 1.31941e-08 9.95877e-09 7.46408e-09 5.58111e-09 8.84574e-09 6.59682e-09 5.58111e-09 4.0394e-09 6.59682e-09 4.77765e-09 8.84574e-09 6.59682e-09 9.95877e-09 7.41028e-09 6.59682e-09 4.77765e-09 7.41028e-09 5.37111e-09 1.73261e-08 1.31941e-08 1.89892e-08 1.43275e-08 1.31941e-08 9.95877e-09 1.43275e-08 1.0765e-08 1.89892e-08 1.43275e-08 1.99966e-08 1.49829e-08 1.43275e-08 1.0765e-08 1.49829e-08 1.12316e-08 9.95877e-09 7.41028e-09 1.0765e-08 7.99922e-09 7.41028e-09 5.37111e-09 7.99922e-09 5.80429e-09 1.0765e-08 7.99922e-09 1.12316e-08 8.34627e-09 7.99922e-09 5.80429e-09 8.34627e-09 6.06461e-09 4.0394e-09 2.75499e-09 4.77765e-09 3.27412e-09 2.75499e-09 1.6537e-09 3.27412e-09 1.98604e-09 4.77765e-09 3.27412e-09 5.37111e-09 3.69934e-09 3.27412e-09 1.98604e-09 3.69934e-09 2.27643e-09 1.6537e-09 7.02425e-10 1.98604e-09 8.46464e-10 7.02425e-10 0 8.46464e-10 0 1.98604e-09 8.46464e-10 2.27643e-09 9.9353e-10 8.46464e-10 0 9.9353e-10 0 5.37111e-09 3.69934e-09 5.80429e-09 4.01773e-09 3.69934e-09 2.27643e-09 4.01773e-09 2.5132e-09 5.80429e-09 4.01773e-09 6.06461e-09 4.21599e-09 4.01773e-09 2.5132e-09 4.21599e-09 2.68463e-09 2.27643e-09 9.9353e-10 2.5132e-09 1.16723e-09 9.9353e-10 0 1.16723e-09 0 2.5132e-09 1.16723e-09 2.68463e-09 1.37563e-09 1.16723e-09 0 1.37563e-09 0 0 -1.35832e-09 3.55078 3.53604 -1.35832e-09 -2.682e-09 3.53604 3.53651 3.55078 3.53604 6.62813 6.61435 3.53604 3.53651 6.61435 6.60929 -2.682e-09 -4.22338e-09 3.53651 3.5398 -4.22338e-09 -6.07473e-09 3.5398 3.54357 3.53651 3.5398 6.60929 6.61124 3.5398 3.54357 6.61124 6.61552 6.62813 6.61435 9.23203 9.22358 6.61435 6.60929 9.22358 9.21561 9.23203 9.22358 11.3625 11.3578 9.22358 9.21561 11.3578 11.3508 6.60929 6.61124 9.21561 9.21459 6.61124 6.61552 9.21459 9.21721 9.21561 9.21459 11.3508 11.348 9.21459 9.21721 11.348 11.3485 -6.07473e-09 -8.35277e-09 3.54357 3.54714 -8.35277e-09 -1.12283e-08 3.54714 3.5505 3.54357 3.54714 6.61552 6.62035 3.54714 3.5505 6.62035 6.62527 -1.12283e-08 -1.49625e-08 3.5505 3.55394 -1.49625e-08 -1.99484e-08 3.55394 3.55804 3.5505 3.55394 6.62527 6.63049 3.55394 3.55804 6.63049 6.63676 6.61552 6.62035 9.21721 9.22137 6.62035 6.62527 9.22137 9.22622 9.21721 9.22137 11.3485 11.351 9.22137 9.22622 11.351 11.3547 6.62527 6.63049 9.22622 9.23172 6.63049 6.63676 9.23172 9.23852 9.22622 9.23172 11.3547 11.3594 9.23172 9.23852 11.3594 11.3656 11.3625 11.3578 13.0195 13.0168 11.3578 11.3508 13.0168 13.0119 13.0195 13.0168 14.2031 14.2015 13.0168 13.0119 14.2015 14.198 11.3508 11.348 13.0119 13.0087 11.348 11.3485 13.0087 13.0079 13.0119 13.0087 14.198 14.1952 13.0087 13.0079 14.1952 14.1938 14.2031 14.2015 14.9133 14.9121 14.2015 14.198 14.9121 14.9095 14.9133 14.9121 15.15 15.149 14.9121 14.9095 15.149 15.1466 14.198 14.1952 14.9095 14.907 14.1952 14.1938 14.907 14.9055 14.9095 14.907 15.1466 15.1443 14.907 14.9055 15.1443 15.1427 11.3485 11.351 13.0079 13.0089 11.351 11.3547 13.0089 13.0111 13.0079 13.0089 14.1938 14.1938 13.0089 13.0111 14.1938 14.1949 11.3547 11.3594 13.0111 13.0145 11.3594 11.3656 13.0145 13.0195 13.0111 13.0145 14.1949 14.1971 13.0145 13.0195 14.1971 14.2008 14.1938 14.1938 14.9055 14.905 14.1938 14.1949 14.905 14.9054 14.9055 14.905 15.1427 15.142 14.905 14.9054 15.142 15.1422 14.1949 14.1971 14.9054 14.9068 14.1971 14.2008 14.9068 14.9096 14.9054 14.9068 15.1422 15.1434 14.9068 14.9096 15.1434 15.1459 -1.99484e-08 -2.66953e-08 3.55804 3.56412 -2.66953e-08 -3.55861e-08 3.56412 3.57464 3.55804 3.56412 6.63676 6.64576 3.56412 3.57464 6.64576 6.66063 -3.55861e-08 -4.61772e-08 3.57464 3.59329 -4.61772e-08 -5.60962e-08 3.59329 3.62322 3.57464 3.59329 6.66063 6.68595 3.59329 3.62322 6.68595 6.72587 6.63676 6.64576 9.23852 9.24819 6.64576 6.66063 9.24819 9.26361 9.23852 9.24819 11.3656 11.3745 9.24819 9.26361 11.3745 11.3885 6.66063 6.68595 9.26361 9.28892 6.68595 6.72587 9.28892 9.32795 9.26361 9.28892 11.3885 11.4109 9.28892 9.32795 11.4109 11.4449 -5.60962e-08 -6.043e-08 3.62322 3.66303 -6.043e-08 -5.32119e-08 3.66303 3.70251 3.62322 3.66303 6.72587 6.77949 3.66303 3.70251 6.77949 6.83574 -5.32119e-08 -3.15296e-08 3.70251 3.72397 -3.15296e-08 4.91485e-10 3.72397 3.71258 3.70251 3.72397 6.83574 6.8737 3.72397 3.71258 6.8737 6.87298 6.72587 6.77949 9.32795 9.38051 6.77949 6.83574 9.38051 9.43806 9.32795 9.38051 11.4449 11.4904 9.38051 9.43806 11.4904 11.5417 6.83574 6.8737 9.43806 9.48313 6.8737 6.87298 9.48313 9.49655 9.43806 9.48313 11.5417 11.5861 9.48313 9.49655 11.5861 11.6083 11.3656 11.3745 13.0195 13.0269 11.3745 11.3885 13.0269 13.0388 13.0195 13.0269 14.2008 14.2067 13.0269 13.0388 14.2067 14.2165 11.3885 11.4109 13.0388 13.0576 11.4109 11.4449 13.0576 13.0857 13.0388 13.0576 14.2165 14.2321 13.0576 13.0857 14.2321 14.2554 14.2008 14.2067 14.9096 14.9145 14.2067 14.2165 14.9145 14.9228 14.9096 14.9145 15.1459 15.1504 14.9145 14.9228 15.1504 15.1582 14.2165 14.2321 14.9228 14.9363 14.2321 14.2554 14.9363 14.9564 14.9228 14.9363 15.1582 15.1709 14.9363 14.9564 15.1709 15.19 11.4449 11.4904 13.0857 13.1234 11.4904 11.5417 13.1234 13.1667 13.0857 13.1234 14.2554 14.2867 13.1234 13.1667 14.2867 14.3233 11.5417 11.5861 13.1667 13.2067 11.5861 11.6083 13.2067 13.2321 13.1667 13.2067 14.3233 14.3586 13.2067 13.2321 14.3586 14.3843 14.2554 14.2867 14.9564 14.9837 14.2867 14.3233 14.9837 15.016 14.9564 14.9837 15.19 15.2159 14.9837 15.016 15.2159 15.2467 14.3233 14.3586 15.016 15.0481 14.3586 14.3843 15.0481 15.0733 15.016 15.0481 15.2467 15.2778 15.0481 15.0733 15.2778 15.3027 4.91485e-10 3.24564e-08 3.71258 3.6691 3.24564e-08 5.39912e-08 3.6691 3.61119 3.71258 3.6691 6.87298 6.82891 3.6691 3.61119 6.82891 6.75782 5.39912e-08 6.10201e-08 3.61119 3.56062 6.10201e-08 5.65049e-08 3.56062 3.52973 3.61119 3.56062 6.75782 6.68599 3.56062 3.52973 6.68599 6.63314 6.87298 6.82891 9.49655 9.46976 6.82891 6.75782 9.46976 9.4117 9.49655 9.46976 11.6083 11.5992 9.46976 9.4117 11.5992 11.5619 6.75782 6.68599 9.4117 9.34324 6.68599 6.63314 9.34324 9.28419 9.4117 9.34324 11.5619 11.5095 9.34324 9.28419 11.5095 11.4576 5.65049e-08 4.64408e-08 3.52973 3.51826 4.64408e-08 3.57466e-08 3.51826 3.51904 3.52973 3.51826 6.63314 6.60471 3.51826 3.51904 6.60471 6.59536 3.57466e-08 2.67874e-08 3.51904 3.52471 2.67874e-08 1.99966e-08 3.52471 3.53088 3.51904 3.52471 6.59536 6.59653 3.52471 3.53088 6.59653 6.60162 6.63314 6.60471 9.28419 9.24437 6.60471 6.59536 9.24437 9.22331 9.28419 9.24437 11.4576 11.4164 9.24437 9.22331 11.4164 11.3891 6.59536 6.59653 9.22331 9.21534 6.59653 6.60162 9.21534 9.21442 9.22331 9.21534 11.3891 11.3734 9.21534 9.21442 11.3734 11.3657 11.6083 11.5992 13.2321 13.2351 11.5992 11.5619 13.2351 13.2154 13.2321 13.2351 14.3843 14.3938 13.2351 13.2154 14.3938 14.3857 11.5619 11.5095 13.2154 13.1806 11.5095 11.4576 13.1806 13.1413 13.2154 13.1806 14.3857 14.3642 13.1806 13.1413 14.3642 14.3363 14.3843 14.3938 15.0733 15.0859 14.3938 14.3857 15.0859 15.0839 15.0733 15.0859 15.3027 15.3161 15.0859 15.0839 15.3161 15.316 14.3857 14.3642 15.0839 15.0701 14.3642 14.3363 15.0701 15.0493 15.0839 15.0701 15.316 15.3046 15.0701 15.0493 15.3046 15.2863 11.4576 11.4164 13.1413 13.1059 11.4164 11.3891 13.1059 13.0786 13.1413 13.1059 14.3363 14.3084 13.1059 13.0786 14.3084 14.2845 11.3891 11.3734 13.0786 13.0597 11.3734 11.3657 13.0597 13.0474 13.0786 13.0597 14.2845 14.2658 13.0597 13.0474 14.2658 14.2521 14.3363 14.3084 15.0493 15.027 14.3084 14.2845 15.027 15.0064 15.0493 15.027 15.2863 15.2659 15.027 15.0064 15.2659 15.2466 14.2845 14.2658 15.0064 14.9892 14.2658 14.2521 14.9892 14.9755 15.0064 14.9892 15.2466 15.2301 14.9892 14.9755 15.2301 15.2166 1.99966e-08 1.49829e-08 3.53088 3.53596 1.49829e-08 1.12316e-08 3.53596 3.53984 3.53088 3.53596 6.60162 6.60719 3.53596 3.53984 6.60719 6.61206 1.12316e-08 8.34627e-09 3.53984 3.54283 8.34627e-09 6.06461e-09 3.54283 3.54516 3.53984 3.54283 6.61206 6.61606 3.54283 3.54516 6.61606 6.61925 6.60162 6.60719 9.21442 9.21644 6.60719 6.61206 9.21644 9.21931 9.21442 9.21644 11.3657 11.3624 9.21644 9.21931 11.3624 11.3615 6.61206 6.61606 9.21931 9.22216 6.61606 6.61925 9.22216 9.22463 9.21931 9.22216 11.3615 11.3616 9.22216 9.22463 11.3616 11.3621 6.06461e-09 4.21599e-09 3.54516 3.5468 4.21599e-09 2.68463e-09 3.5468 3.54734 3.54516 3.5468 6.61925 6.62147 3.5468 3.54734 6.62147 6.62211 2.68463e-09 1.37563e-09 3.54734 3.54577 1.37563e-09 0 3.54577 3.53967 3.54734 3.54577 6.62211 6.61997 3.54577 3.53967 6.61997 6.61594 6.61925 6.62147 9.22463 9.22632 6.62147 6.62211 9.22632 9.22659 9.22463 9.22632 11.3621 11.3623 9.22632 9.22659 11.3623 11.3617 6.62211 6.61997 9.22659 9.2246 6.61997 6.61594 9.2246 9.22229 9.22659 9.2246 11.3617 11.3598 9.2246 9.22229 11.3598 11.3581 11.3657 11.3624 13.0474 13.0398 11.3624 11.3615 13.0398 13.0351 13.0474 13.0398 14.2521 14.2421 13.0398 13.0351 14.2421 14.2348 11.3615 11.3616 13.0351 13.0321 11.3616 11.3621 13.0321 13.0301 13.0351 13.0321 14.2348 14.2295 13.0321 13.0301 14.2295 14.2254 14.2521 14.2421 14.9755 14.9647 14.2421 14.2348 14.9647 14.9563 14.9755 14.9647 15.2166 15.2057 14.9647 14.9563 15.2057 15.197 14.2348 14.2295 14.9563 14.9496 14.2295 14.2254 14.9496 14.9442 14.9563 14.9496 15.197 15.1899 14.9496 14.9442 15.1899 15.1841 11.3621 11.3623 13.0301 13.0285 11.3623 11.3617 13.0285 13.0267 13.0301 13.0285 14.2254 14.222 13.0285 13.0267 14.222 14.2191 11.3617 11.3598 13.0267 13.0244 11.3598 11.3581 13.0244 13.0225 13.0267 13.0244 14.2191 14.2162 13.0244 13.0225 14.2162 14.2138 14.2254 14.222 14.9442 14.9398 14.222 14.2191 14.9398 14.936 14.9442 14.9398 15.1841 15.1793 14.9398 14.936 15.1793 15.1753 14.2191 14.2162 14.936 14.9327 14.2162 14.2138 14.9327 14.9298 14.936 14.9327 15.1753 15.1718 14.9327 14.9298 15.1718 15.1686 15.15 15.149 14.9133 14.9121 15.149 15.1466 14.9121 14.9095 14.9133 14.9121 14.2031 14.2015 14.9121 14.9095 14.2015 14.198 15.1466 15.1443 14.9095 14.907 15.1443 15.1427 14.907 14.9055 14.9095 14.907 14.198 14.1952 14.907 14.9055 14.1952 14.1938 14.2031 14.2015 13.0195 13.0168 14.2015 14.198 13.0168 13.0119 13.0195 13.0168 11.3625 11.3578 13.0168 13.0119 11.3578 11.3508 14.198 14.1952 13.0119 13.0087 14.1952 14.1938 13.0087 13.0079 13.0119 13.0087 11.3508 11.348 13.0087 13.0079 11.348 11.3485 15.1427 15.142 14.9055 14.905 15.142 15.1422 14.905 14.9054 14.9055 14.905 14.1938 14.1938 14.905 14.9054 14.1938 14.1949 15.1422 15.1434 14.9054 14.9068 15.1434 15.1459 14.9068 14.9096 14.9054 14.9068 14.1949 14.1971 14.9068 14.9096 14.1971 14.2008 14.1938 14.1938 13.0079 13.0089 14.1938 14.1949 13.0089 13.0111 13.0079 13.0089 11.3485 11.351 13.0089 13.0111 11.351 11.3547 14.1949 14.1971 13.0111 13.0145 14.1971 14.2008 13.0145 13.0195 13.0111 13.0145 11.3547 11.3594 13.0145 13.0195 11.3594 11.3656 11.3625 11.3578 9.23203 9.22358 11.3578 11.3508 9.22358 9.21561 9.23203 9.22358 6.62813 6.61435 9.22358 9.21561 6.61435 6.60929 11.3508 11.348 9.21561 9.21459 11.348 11.3485 9.21459 9.21721 9.21561 9.21459 6.60929 6.61124 9.21459 9.21721 6.61124 6.61552 6.62813 6.61435 3.55078 3.53604 6.61435 6.60929 3.53604 3.53651 3.55078 3.53604 0 -1.35832e-09 3.53604 3.53651 -1.35832e-09 -2.682e-09 6.60929 6.61124 3.53651 3.5398 6.61124 6.61552 3.5398 3.54357 3.53651 3.5398 -2.682e-09 -4.22338e-09 3.5398 3.54357 -4.22338e-09 -6.07473e-09 11.3485 11.351 9.21721 9.22137 11.351 11.3547 9.22137 9.22622 9.21721 9.22137 6.61552 6.62035 9.22137 9.22622 6.62035 6.62527 11.3547 11.3594 9.22622 9.23172 11.3594 11.3656 9.23172 9.23852 9.22622 9.23172 6.62527 6.63049 9.23172 9.23852 6.63049 6.63676 6.61552 6.62035 3.54357 3.54714 6.62035 6.62527 3.54714 3.5505 3.54357 3.54714 -6.07473e-09 -8.35277e-09 3.54714 3.5505 -8.35277e-09 -1.12283e-08 6.62527 6.63049 3.5505 3.55394 6.63049 6.63676 3.55394 3.55804 3.5505 3.55394 -1.12283e-08 -1.49625e-08 3.55394 3.55804 -1.49625e-08 -1.99484e-08 15.1459 15.1504 14.9096 14.9145 15.1504 15.1582 14.9145 14.9228 14.9096 14.9145 14.2008 14.2067 14.9145 14.9228 14.2067 14.2165 15.1582 15.1709 14.9228 14.9363 15.1709 15.19 14.9363 14.9564 14.9228 14.9363 14.2165 14.2321 14.9363 14.9564 14.2321 14.2554 14.2008 14.2067 13.0195 13.0269 14.2067 14.2165 13.0269 13.0388 13.0195 13.0269 11.3656 11.3745 13.0269 13.0388 11.3745 11.3885 14.2165 14.2321 13.0388 13.0576 14.2321 14.2554 13.0576 13.0857 13.0388 13.0576 11.3885 11.4109 13.0576 13.0857 11.4109 11.4449 15.19 15.2159 14.9564 14.9837 15.2159 15.2467 14.9837 15.016 14.9564 14.9837 14.2554 14.2867 14.9837 15.016 14.2867 14.3233 15.2467 15.2778 15.016 15.0481 15.2778 15.3027 15.0481 15.0733 15.016 15.0481 14.3233 14.3586 15.0481 15.0733 14.3586 14.3843 14.2554 14.2867 13.0857 13.1234 14.2867 14.3233 13.1234 13.1667 13.0857 13.1234 11.4449 11.4904 13.1234 13.1667 11.4904 11.5417 14.3233 14.3586 13.1667 13.2067 14.3586 14.3843 13.2067 13.2321 13.1667 13.2067 11.5417 11.5861 13.2067 13.2321 11.5861 11.6083 11.3656 11.3745 9.23852 9.24819 11.3745 11.3885 9.24819 9.26361 9.23852 9.24819 6.63676 6.64576 9.24819 9.26361 6.64576 6.66063 11.3885 11.4109 9.26361 9.28892 11.4109 11.4449 9.28892 9.32795 9.26361 9.28892 6.66063 6.68595 9.28892 9.32795 6.68595 6.72587 6.63676 6.64576 3.55804 3.56412 6.64576 6.66063 3.56412 3.57464 3.55804 3.56412 -1.99484e-08 -2.66953e-08 3.56412 3.57464 -2.66953e-08 -3.55861e-08 6.66063 6.68595 3.57464 3.59329 6.68595 6.72587 3.59329 3.62322 3.57464 3.59329 -3.55861e-08 -4.61772e-08 3.59329 3.62322 -4.61772e-08 -5.60962e-08 11.4449 11.4904 9.32795 9.38051 11.4904 11.5417 9.38051 9.43806 9.32795 9.38051 6.72587 6.77949 9.38051 9.43806 6.77949 6.83574 11.5417 11.5861 9.43806 9.48313 11.5861 11.6083 9.48313 9.49655 9.43806 9.48313 6.83574 6.8737 9.48313 9.49655 6.8737 6.87298 6.72587 6.77949 3.62322 3.66303 6.77949 6.83574 3.66303 3.70251 3.62322 3.66303 -5.60962e-08 -6.043e-08 3.66303 3.70251 -6.043e-08 -5.32119e-08 6.83574 6.8737 3.70251 3.72397 6.8737 6.87298 3.72397 3.71258 3.70251 3.72397 -5.32119e-08 -3.15296e-08 3.72397 3.71258 -3.15296e-08 4.91485e-10 15.3027 15.3161 15.0733 15.0859 15.3161 15.316 15.0859 15.0839 15.0733 15.0859 14.3843 14.3938 15.0859 15.0839 14.3938 14.3857 15.316 15.3046 15.0839 15.0701 15.3046 15.2863 15.0701 15.0493 15.0839 15.0701 14.3857 14.3642 15.0701 15.0493 14.3642 14.3363 14.3843 14.3938 13.2321 13.2351 14.3938 14.3857 13.2351 13.2154 13.2321 13.2351 11.6083 11.5992 13.2351 13.2154 11.5992 11.5619 14.3857 14.3642 13.2154 13.1806 14.3642 14.3363 13.1806 13.1413 13.2154 13.1806 11.5619 11.5095 13.1806 13.1413 11.5095 11.4576 15.2863 15.2659 15.0493 15.027 15.2659 15.2466 15.027 15.0064 15.0493 15.027 14.3363 14.3084 15.027 15.0064 14.3084 14.2845 15.2466 15.2301 15.0064 14.9892 15.2301 15.2166 14.9892 14.9755 15.0064 14.9892 14.2845 14.2658 14.9892 14.9755 14.2658 14.2521 14.3363 14.3084 13.1413 13.1059 14.3084 14.2845 13.1059 13.0786 13.1413 13.1059 11.4576 11.4164 13.1059 13.0786 11.4164 11.3891 14.2845 14.2658 13.0786 13.0597 14.2658 14.2521 13.0597 13.0474 13.0786 13.0597 11.3891 11.3734 13.0597 13.0474 11.3734 11.3657 11.6083 11.5992 9.49655 9.46976 11.5992 11.5619 9.46976 9.4117 9.49655 9.46976 6.87298 6.82891 9.46976 9.4117 6.82891 6.75782 11.5619 11.5095 9.4117 9.34324 11.5095 11.4576 9.34324 9.28419 9.4117 9.34324 6.75782 6.68599 9.34324 9.28419 6.68599 6.63314 6.87298 6.82891 3.71258 3.6691 6.82891 6.75782 3.6691 3.61119 3.71258 3.6691 4.91485e-10 3.24564e-08 3.6691 3.61119 3.24564e-08 5.39912e-08 6.75782 6.68599 3.61119 3.56062 6.68599 6.63314 3.56062 3.52973 3.61119 3.56062 5.39912e-08 6.10201e-08 3.56062 3.52973 6.10201e-08 5.65049e-08 11.4576 11.4164 9.28419 9.24437 11.4164 11.3891 9.24437 9.22331 9.28419 9.24437 6.63314 6.60471 9.24437 9.22331 6.60471 6.59536 11.3891 11.3734 9.22331 9.21534 11.3734 11.3657 9.21534 9.21442 9.22331 9.21534 6.59536 6.59653 9.21534 9.21442 6.59653 6.60162 6.63314 6.60471 3.52973 3.51826 6.60471 6.59536 3.51826 3.51904 3.52973 3.51826 5.65049e-08 4.64408e-08 3.51826 3.51904 4.64408e-08 3.57466e-08 6.59536 6.59653 3.51904 3.52471 6.59653 6.60162 3.52471 3.53088 3.51904 3.52471 3.57466e-08 2.67874e-08 3.52471 3.53088 2.67874e-08 1.99966e-08 15.2166 15.2057 14.9755 14.9647 15.2057 15.197 14.9647 14.9563 14.9755 14.9647 14.2521 14.2421 14.9647 14.9563 14.2421 14.2348 15.197 15.1899 14.9563 14.9496 15.1899 15.1841 14.9496 14.9442 14.9563 14.9496 14.2348 14.2295 14.9496 14.9442 14.2295 14.2254 14.2521 14.2421 13.0474 13.0398 14.2421 14.2348 13.0398 13.0351 13.0474 13.0398 11.3657 11.3624 13.0398 13.0351 11.3624 11.3615 14.2348 14.2295 13.0351 13.0321 14.2295 14.2254 13.0321 13.0301 13.0351 13.0321 11.3615 11.3616 13.0321 13.0301 11.3616 11.3621 15.1841 15.1793 14.9442 14.9398 15.1793 15.1753 14.9398 14.936 14.9442 14.9398 14.2254 14.222 14.9398 14.936 14.222 14.2191 15.1753 15.1718 14.936 14.9327 15.1718 15.1686 14.9327 14.9298 14.936 14.9327 14.2191 14.2162 14.9327 14.9298 14.2162 14.2138 14.2254 14.222 13.0301 13.0285 14.222 14.2191 13.0285 13.0267 13.0301 13.0285 11.3621 11.3623 13.0285 13.0267 11.3623 11.3617 14.2191 14.2162 13.0267 13.0244 14.2162 14.2138 13.0244 13.0225 13.0267 13.0244 11.3617 11.3598 13.0244 13.0225 11.3598 11.3581 11.3657 11.3624 9.21442 9.21644 11.3624 11.3615 9.21644 9.21931 9.21442 9.21644 6.60162 6.60719 9.21644 9.21931 6.60719 6.61206 11.3615 11.3616 9.21931 9.22216 11.3616 11.3621 9.22216 9.22463 9.21931 9.22216 6.61206 6.61606 9.22216 9.22463 6.61606 6.61925 6.60162 6.60719 3.53088 3.53596 6.60719 6.61206 3.53596 3.53984 3.53088 3.53596 1.99966e-08 1.49829e-08 3.53596 3.53984 1.49829e-08 1.12316e-08 6.61206 6.61606 3.53984 3.54283 6.61606 6.61925 3.54283 3.54516 3.53984 3.54283 1.12316e-08 8.34627e-09 3.54283 3.54516 8.34627e-09 6.06461e-09 11.3621 11.3623 9.22463 9.22632 11.3623 11.3617 9.22632 9.22659 9.22463 9.22632 6.61925 6.62147 9.22632 9.22659 6.62147 6.62211 11.3617 11.3598 9.22659 9.2246 11.3598 11.3581 9.2246 9.22229 9.22659 9.2246 6.62211 6.61997 9.2246 9.22229 6.61997 6.61594 6.61925 6.62147 3.54516 3.5468 6.62147 6.62211 3.5468 3.54734 3.54516 3.5468 6.06461e-09 4.21599e-09 3.5468 3.54734 4.21599e-09 2.68463e-09 6.62211 6.61997 3.54734 3.54577 6.61997 6.61594 3.54577 3.53967 3.54734 3.54577 2.68463e-09 1.37563e-09 3.54577 3.53967 1.37563e-09 0 0 -1.35832e-09 0 -1.1671e-09 -1.35832e-09 -2.682e-09 -1.1671e-09 -2.51753e-09 0 -1.1671e-09 0 -1.00411e-09 -1.1671e-09 -2.51753e-09 -1.00411e-09 -2.28731e-09 -2.682e-09 -4.22338e-09 -2.51753e-09 -4.02681e-09 -4.22338e-09 -6.07473e-09 -4.02681e-09 -5.8143e-09 -2.51753e-09 -4.02681e-09 -2.28731e-09 -3.71104e-09 -4.02681e-09 -5.8143e-09 -3.71104e-09 -5.3818e-09 0 -1.00411e-09 0 -8.62343e-10 -1.00411e-09 -2.28731e-09 -8.62343e-10 -2.00215e-09 0 -8.62343e-10 0 -7.20611e-10 -8.62343e-10 -2.00215e-09 -7.20611e-10 -1.6728e-09 -2.28731e-09 -3.71104e-09 -2.00215e-09 -3.28829e-09 -3.71104e-09 -5.3818e-09 -3.28829e-09 -4.78917e-09 -2.00215e-09 -3.28829e-09 -1.6728e-09 -2.77059e-09 -3.28829e-09 -4.78917e-09 -2.77059e-09 -4.05132e-09 -6.07473e-09 -8.35277e-09 -5.8143e-09 -8.00544e-09 -8.35277e-09 -1.12283e-08 -8.00544e-09 -1.07621e-08 -5.8143e-09 -8.00544e-09 -5.3818e-09 -7.41686e-09 -8.00544e-09 -1.07621e-08 -7.41686e-09 -9.95691e-09 -1.12283e-08 -1.49625e-08 -1.07621e-08 -1.43085e-08 -1.49625e-08 -1.99484e-08 -1.43085e-08 -1.89442e-08 -1.07621e-08 -1.43085e-08 -9.95691e-09 -1.31777e-08 -1.43085e-08 -1.89442e-08 -1.31777e-08 -1.72864e-08 -5.3818e-09 -7.41686e-09 -4.78917e-09 -6.60401e-09 -7.41686e-09 -9.95691e-09 -6.60401e-09 -8.8454e-09 -4.78917e-09 -6.60401e-09 -4.05132e-09 -5.58875e-09 -6.60401e-09 -8.8454e-09 -5.58875e-09 -7.4653e-09 -9.95691e-09 -1.31777e-08 -8.8454e-09 -1.16389e-08 -1.31777e-08 -1.72864e-08 -1.16389e-08 -1.51119e-08 -8.8454e-09 -1.16389e-08 -7.4653e-09 -9.76108e-09 -1.16389e-08 -1.51119e-08 -9.76108e-09 -1.25405e-08 0 -7.20611e-10 0 -5.69168e-10 -7.20611e-10 -1.6728e-09 -5.69168e-10 -1.30292e-09 0 -5.69168e-10 0 -4.02413e-10 -5.69168e-10 -1.30292e-09 -4.02413e-10 -8.95731e-10 -1.6728e-09 -2.77059e-09 -1.30292e-09 -2.17e-09 -2.77059e-09 -4.05132e-09 -2.17e-09 -3.1851e-09 -1.30292e-09 -2.17e-09 -8.95731e-10 -1.49888e-09 -2.17e-09 -3.1851e-09 -1.49888e-09 -2.20857e-09 0 -4.02413e-10 0 -2.1428e-10 -4.02413e-10 -8.95731e-10 -2.1428e-10 -4.5774e-10 0 -2.1428e-10 0 0 -2.1428e-10 -4.5774e-10 0 0 -8.95731e-10 -1.49888e-09 -4.5774e-10 -7.70617e-10 -1.49888e-09 -2.20857e-09 -7.70617e-10 -1.14049e-09 -4.5774e-10 -7.70617e-10 0 0 -7.70617e-10 -1.14049e-09 0 0 -4.05132e-09 -5.58875e-09 -3.1851e-09 -4.39554e-09 -5.58875e-09 -7.4653e-09 -4.39554e-09 -5.85547e-09 -3.1851e-09 -4.39554e-09 -2.20857e-09 -3.04973e-09 -4.39554e-09 -5.85547e-09 -3.04973e-09 -4.05299e-09 -7.4653e-09 -9.76108e-09 -5.85547e-09 -7.60808e-09 -9.76108e-09 -1.25405e-08 -7.60808e-09 -9.67319e-09 -5.85547e-09 -7.60808e-09 -4.05299e-09 -5.23542e-09 -7.60808e-09 -9.67319e-09 -5.23542e-09 -6.5906e-09 -2.20857e-09 -3.04973e-09 -1.14049e-09 -1.57645e-09 -3.04973e-09 -4.05299e-09 -1.57645e-09 -2.09144e-09 -1.14049e-09 -1.57645e-09 0 0 -1.57645e-09 -2.09144e-09 0 0 -4.05299e-09 -5.23542e-09 -2.09144e-09 -2.68817e-09 -5.23542e-09 -6.5906e-09 -2.68817e-09 -3.35298e-09 -2.09144e-09 -2.68817e-09 0 0 -2.68817e-09 -3.35298e-09 0 0 -1.99484e-08 -2.66953e-08 -1.89442e-08 -2.4993e-08 -2.66953e-08 -3.55861e-08 -2.4993e-08 -3.2568e-08 -1.89442e-08 -2.4993e-08 -1.72864e-08 -2.24658e-08 -2.4993e-08 -3.2568e-08 -2.24658e-08 -2.86885e-08 -3.55861e-08 -4.61772e-08 -3.2568e-08 -4.10324e-08 -4.61772e-08 -5.60962e-08 -4.10324e-08 -4.82743e-08 -3.2568e-08 -4.10324e-08 -2.86885e-08 -3.53252e-08 -4.10324e-08 -4.82743e-08 -3.53252e-08 -4.06463e-08 -1.72864e-08 -2.24658e-08 -1.51119e-08 -1.93492e-08 -2.24658e-08 -2.86885e-08 -1.93492e-08 -2.4266e-08 -1.51119e-08 -1.93492e-08 -1.25405e-08 -1.58256e-08 -1.93492e-08 -2.4266e-08 -1.58256e-08 -1.95218e-08 -2.86885e-08 -3.53252e-08 -2.4266e-08 -2.93356e-08 -3.53252e-08 -4.06463e-08 -2.93356e-08 -3.3226e-08 -2.4266e-08 -2.93356e-08 -1.95218e-08 -2.32388e-08 -2.93356e-08 -3.3226e-08 -2.32388e-08 -2.60149e-08 -5.60962e-08 -6.043e-08 -4.82743e-08 -5.0481e-08 -6.043e-08 -5.32119e-08 -5.0481e-08 -4.34167e-08 -4.82743e-08 -5.0481e-08 -4.06463e-08 -4.17128e-08 -5.0481e-08 -4.34167e-08 -4.17128e-08 -3.53787e-08 -5.32119e-08 -3.15296e-08 -4.34167e-08 -2.53377e-08 -3.15296e-08 4.91485e-10 -2.53377e-08 4.14787e-10 -4.34167e-08 -2.53377e-08 -3.53787e-08 -2.04686e-08 -2.53377e-08 4.14787e-10 -2.04686e-08 3.43601e-10 -4.06463e-08 -4.17128e-08 -3.3226e-08 -3.37016e-08 -4.17128e-08 -3.53787e-08 -3.37016e-08 -2.8367e-08 -3.3226e-08 -3.37016e-08 -2.60149e-08 -2.61999e-08 -3.37016e-08 -2.8367e-08 -2.61999e-08 -2.19755e-08 -3.53787e-08 -2.04686e-08 -2.8367e-08 -1.63417e-08 -2.04686e-08 3.43601e-10 -1.63417e-08 2.77414e-10 -2.8367e-08 -1.63417e-08 -2.19755e-08 -1.26419e-08 -1.63417e-08 2.77414e-10 -1.26419e-08 2.15558e-10 -1.25405e-08 -1.58256e-08 -9.67319e-09 -1.20363e-08 -1.58256e-08 -1.95218e-08 -1.20363e-08 -1.46168e-08 -9.67319e-09 -1.20363e-08 -6.5906e-09 -8.08832e-09 -1.20363e-08 -1.46168e-08 -8.08832e-09 -9.6705e-09 -1.95218e-08 -2.32388e-08 -1.46168e-08 -1.71593e-08 -2.32388e-08 -2.60149e-08 -1.71593e-08 -1.90288e-08 -1.46168e-08 -1.71593e-08 -9.6705e-09 -1.11976e-08 -1.71593e-08 -1.90288e-08 -1.11976e-08 -1.23094e-08 -6.5906e-09 -8.08832e-09 -3.35298e-09 -4.05916e-09 -8.08832e-09 -9.6705e-09 -4.05916e-09 -4.77454e-09 -3.35298e-09 -4.05916e-09 0 0 -4.05916e-09 -4.77454e-09 0 0 -9.6705e-09 -1.11976e-08 -4.77454e-09 -5.446e-09 -1.11976e-08 -1.23094e-08 -5.446e-09 -5.92981e-09 -4.77454e-09 -5.446e-09 0 0 -5.446e-09 -5.92981e-09 0 0 -2.60149e-08 -2.61999e-08 -1.90288e-08 -1.90794e-08 -2.61999e-08 -2.19755e-08 -1.90794e-08 -1.59878e-08 -1.90288e-08 -1.90794e-08 -1.23094e-08 -1.23038e-08 -1.90794e-08 -1.59878e-08 -1.23038e-08 -1.03162e-08 -2.19755e-08 -1.26419e-08 -1.59878e-08 -9.20113e-09 -1.26419e-08 2.15558e-10 -9.20113e-09 1.57384e-10 -1.59878e-08 -9.20113e-09 -1.03162e-08 -5.94668e-09 -9.20113e-09 1.57384e-10 -5.94668e-09 1.02333e-10 -1.23094e-08 -1.23038e-08 -5.92981e-09 -5.91041e-09 -1.23038e-08 -1.03162e-08 -5.91041e-09 -4.96401e-09 -5.92981e-09 -5.91041e-09 0 0 -5.91041e-09 -4.96401e-09 0 0 -1.03162e-08 -5.94668e-09 -4.96401e-09 -2.86911e-09 -5.94668e-09 1.02333e-10 -2.86911e-09 4.99733e-11 -4.96401e-09 -2.86911e-09 0 0 -2.86911e-09 4.99733e-11 0 0 4.91485e-10 3.24564e-08 4.14787e-10 2.61218e-08 3.24564e-08 5.39912e-08 2.61218e-08 4.40813e-08 4.14787e-10 2.61218e-08 3.43601e-10 2.11197e-08 2.61218e-08 4.40813e-08 2.11197e-08 3.59346e-08 5.39912e-08 6.10201e-08 4.40813e-08 5.09913e-08 6.10201e-08 5.65049e-08 5.09913e-08 4.86345e-08 4.40813e-08 5.09913e-08 3.59346e-08 4.21446e-08 5.09913e-08 4.86345e-08 4.21446e-08 4.09555e-08 3.43601e-10 2.11197e-08 2.77414e-10 1.68685e-08 2.11197e-08 3.59346e-08 1.68685e-08 2.88193e-08 2.77414e-10 1.68685e-08 2.15558e-10 1.30518e-08 1.68685e-08 2.88193e-08 1.30518e-08 2.2329e-08 3.59346e-08 4.21446e-08 2.88193e-08 3.40562e-08 4.21446e-08 4.09555e-08 3.40562e-08 3.34826e-08 2.88193e-08 3.40562e-08 2.2329e-08 2.64788e-08 3.40562e-08 3.34826e-08 2.64788e-08 2.62182e-08 5.65049e-08 4.64408e-08 4.86345e-08 4.12694e-08 4.64408e-08 3.57466e-08 4.12694e-08 3.27149e-08 4.86345e-08 4.12694e-08 4.09555e-08 3.55317e-08 4.12694e-08 3.27149e-08 3.55317e-08 2.8818e-08 3.57466e-08 2.67874e-08 3.27149e-08 2.50783e-08 2.67874e-08 1.99966e-08 2.50783e-08 1.89892e-08 3.27149e-08 2.50783e-08 2.8818e-08 2.25415e-08 2.50783e-08 1.89892e-08 2.25415e-08 1.73261e-08 4.09555e-08 3.55317e-08 3.34826e-08 2.95088e-08 3.55317e-08 2.8818e-08 2.95088e-08 2.43753e-08 3.34826e-08 2.95088e-08 2.62182e-08 2.33769e-08 2.95088e-08 2.43753e-08 2.33769e-08 1.96093e-08 2.8818e-08 2.25415e-08 2.43753e-08 1.9413e-08 2.25415e-08 1.73261e-08 1.9413e-08 1.51449e-08 2.43753e-08 1.9413e-08 1.96093e-08 1.58764e-08 1.9413e-08 1.51449e-08 1.58764e-08 1.25662e-08 2.15558e-10 1.30518e-08 1.57384e-10 9.50065e-09 1.30518e-08 2.2329e-08 9.50065e-09 1.62467e-08 1.57384e-10 9.50065e-09 1.02333e-10 6.14145e-09 9.50065e-09 1.62467e-08 6.14145e-09 1.04847e-08 2.2329e-08 2.64788e-08 1.62467e-08 1.92845e-08 2.64788e-08 2.62182e-08 1.92845e-08 1.91791e-08 1.62467e-08 1.92845e-08 1.04847e-08 1.24374e-08 1.92845e-08 1.91791e-08 1.24374e-08 1.24075e-08 1.02333e-10 6.14145e-09 4.99733e-11 2.96416e-09 6.14145e-09 1.04847e-08 2.96416e-09 5.0461e-09 4.99733e-11 2.96416e-09 0 0 2.96416e-09 5.0461e-09 0 0 1.04847e-08 1.24374e-08 5.0461e-09 5.97547e-09 1.24374e-08 1.24075e-08 5.97547e-09 5.97761e-09 5.0461e-09 5.97547e-09 0 0 5.97547e-09 5.97761e-09 0 0 2.62182e-08 2.33769e-08 1.91791e-08 1.72618e-08 2.33769e-08 1.96093e-08 1.72618e-08 1.46816e-08 1.91791e-08 1.72618e-08 1.24075e-08 1.12646e-08 1.72618e-08 1.46816e-08 1.12646e-08 9.71273e-09 1.96093e-08 1.58764e-08 1.46816e-08 1.20736e-08 1.58764e-08 1.25662e-08 1.20736e-08 9.69133e-09 1.46816e-08 1.20736e-08 9.71273e-09 8.11215e-09 1.20736e-08 9.69133e-09 8.11215e-09 6.60156e-09 1.24075e-08 1.12646e-08 5.97761e-09 5.47864e-09 1.12646e-08 9.71273e-09 5.47864e-09 4.79496e-09 5.97761e-09 5.47864e-09 0 0 5.47864e-09 4.79496e-09 0 0 9.71273e-09 8.11215e-09 4.79496e-09 4.07037e-09 8.11215e-09 6.60156e-09 4.07037e-09 3.3577e-09 4.79496e-09 4.07037e-09 0 0 4.07037e-09 3.3577e-09 0 0 1.99966e-08 1.49829e-08 1.89892e-08 1.43275e-08 1.49829e-08 1.12316e-08 1.43275e-08 1.0765e-08 1.89892e-08 1.43275e-08 1.73261e-08 1.31941e-08 1.43275e-08 1.0765e-08 1.31941e-08 9.95877e-09 1.12316e-08 8.34627e-09 1.0765e-08 7.99922e-09 8.34627e-09 6.06461e-09 7.99922e-09 5.80429e-09 1.0765e-08 7.99922e-09 9.95877e-09 7.41028e-09 7.99922e-09 5.80429e-09 7.41028e-09 5.37111e-09 1.73261e-08 1.31941e-08 1.51449e-08 1.16519e-08 1.31941e-08 9.95877e-09 1.16519e-08 8.84574e-09 1.51449e-08 1.16519e-08 1.25662e-08 9.77027e-09 1.16519e-08 8.84574e-09 9.77027e-09 7.46408e-09 9.95877e-09 7.41028e-09 8.84574e-09 6.59682e-09 7.41028e-09 5.37111e-09 6.59682e-09 4.77765e-09 8.84574e-09 6.59682e-09 7.46408e-09 5.58111e-09 6.59682e-09 4.77765e-09 5.58111e-09 4.0394e-09 6.06461e-09 4.21599e-09 5.80429e-09 4.01773e-09 4.21599e-09 2.68463e-09 4.01773e-09 2.5132e-09 5.80429e-09 4.01773e-09 5.37111e-09 3.69934e-09 4.01773e-09 2.5132e-09 3.69934e-09 2.27643e-09 2.68463e-09 1.37563e-09 2.5132e-09 1.16723e-09 1.37563e-09 0 1.16723e-09 0 2.5132e-09 1.16723e-09 2.27643e-09 9.9353e-10 1.16723e-09 0 9.9353e-10 0 5.37111e-09 3.69934e-09 4.77765e-09 3.27412e-09 3.69934e-09 2.27643e-09 3.27412e-09 1.98604e-09 4.77765e-09 3.27412e-09 4.0394e-09 2.75499e-09 3.27412e-09 1.98604e-09 2.75499e-09 1.6537e-09 2.27643e-09 9.9353e-10 1.98604e-09 8.46464e-10 9.9353e-10 0 8.46464e-10 0 1.98604e-09 8.46464e-10 1.6537e-09 7.02425e-10 8.46464e-10 0 7.02425e-10 0 1.25662e-08 9.77027e-09 9.69133e-09 7.61362e-09 9.77027e-09 7.46408e-09 7.61362e-09 5.85303e-09 9.69133e-09 7.61362e-09 6.60156e-09 5.23788e-09 7.61362e-09 5.85303e-09 5.23788e-09 4.05009e-09 7.46408e-09 5.58111e-09 5.85303e-09 4.38803e-09 5.58111e-09 4.0394e-09 4.38803e-09 3.17376e-09 5.85303e-09 4.38803e-09 4.05009e-09 3.04333e-09 4.38803e-09 3.17376e-09 3.04333e-09 2.19923e-09 6.60156e-09 5.23788e-09 3.3577e-09 2.68862e-09 5.23788e-09 4.05009e-09 2.68862e-09 2.08922e-09 3.3577e-09 2.68862e-09 0 0 2.68862e-09 2.08922e-09 0 0 4.05009e-09 3.04333e-09 2.08922e-09 1.57246e-09 3.04333e-09 2.19923e-09 1.57246e-09 1.13487e-09 2.08922e-09 1.57246e-09 0 0 1.57246e-09 1.13487e-09 0 0 4.0394e-09 2.75499e-09 3.17376e-09 2.15466e-09 2.75499e-09 1.6537e-09 2.15466e-09 1.28348e-09 3.17376e-09 2.15466e-09 2.19923e-09 1.48601e-09 2.15466e-09 1.28348e-09 1.48601e-09 8.78984e-10 1.6537e-09 7.02425e-10 1.28348e-09 5.50789e-10 7.02425e-10 0 5.50789e-10 0 1.28348e-09 5.50789e-10 8.78984e-10 3.8602e-10 5.50789e-10 0 3.8602e-10 0 2.19923e-09 1.48601e-09 1.13487e-09 7.62794e-10 1.48601e-09 8.78984e-10 7.62794e-10 4.47245e-10 1.13487e-09 7.62794e-10 0 0 7.62794e-10 4.47245e-10 0 0 8.78984e-10 3.8602e-10 4.47245e-10 2.03159e-10 3.8602e-10 0 2.03159e-10 0 4.47245e-10 2.03159e-10 0 0 2.03159e-10 0 0 0 
SCALARS y_velo double 1
LOOKUP_TABLE default
0 0 0 -9.04805e-11 0 0 -9.04805e-11 -7.49307e-11 0 -9.04805e-11 0 -1.10403e-10 -9.04805e-11 -7.49307e-11 -1.10403e-10 -5.68541e-11 0 0 -7.49307e-11 -7.11319e-11 0 0 -7.11319e-11 -8.10371e-11 -7.49307e-11 -7.11319e-11 -5.68541e-11 -3.23109e-11 -7.11319e-11 -8.10371e-11 -3.23109e-11 -3.29242e-11 0 -1.10403e-10 0 -5.43307e-11 -1.10403e-10 -5.68541e-11 -5.43307e-11 4.90912e-11 0 -5.43307e-11 0 7.19195e-11 -5.43307e-11 4.90912e-11 7.19195e-11 2.36267e-10 -5.68541e-11 -3.23109e-11 4.90912e-11 1.06624e-10 -3.23109e-11 -3.29242e-11 1.06624e-10 1.33381e-10 4.90912e-11 1.06624e-10 2.36267e-10 3.34162e-10 1.06624e-10 1.33381e-10 3.34162e-10 4.04854e-10 0 0 -8.10371e-11 -1.02358e-10 0 0 -1.02358e-10 -1.36062e-10 -8.10371e-11 -1.02358e-10 -3.29242e-11 -5.07671e-11 -1.02358e-10 -1.36062e-10 -5.07671e-11 -8.86767e-11 0 0 -1.36062e-10 -1.8195e-10 0 0 -1.8195e-10 -2.29682e-10 -1.36062e-10 -1.8195e-10 -8.86767e-11 -1.48934e-10 -1.8195e-10 -2.29682e-10 -1.48934e-10 -2.1097e-10 -3.29242e-11 -5.07671e-11 1.33381e-10 1.4419e-10 -5.07671e-11 -8.86767e-11 1.4419e-10 1.34479e-10 1.33381e-10 1.4419e-10 4.04854e-10 4.69582e-10 1.4419e-10 1.34479e-10 4.69582e-10 5.2316e-10 -8.86767e-11 -1.48934e-10 1.34479e-10 9.93557e-11 -1.48934e-10 -2.1097e-10 9.93557e-11 7.11246e-11 1.34479e-10 9.93557e-11 5.2316e-10 5.60134e-10 9.93557e-11 7.11246e-11 5.60134e-10 6.27255e-10 0 7.19195e-11 0 2.64099e-10 7.19195e-11 2.36267e-10 2.64099e-10 4.93909e-10 0 2.64099e-10 0 5.20736e-10 2.64099e-10 4.93909e-10 5.20736e-10 8.06067e-10 2.36267e-10 3.34162e-10 4.93909e-10 6.36477e-10 3.34162e-10 4.04854e-10 6.36477e-10 7.66248e-10 4.93909e-10 6.36477e-10 8.06067e-10 9.97547e-10 6.36477e-10 7.66248e-10 9.97547e-10 1.20006e-09 0 5.20736e-10 0 8.37612e-10 5.20736e-10 8.06067e-10 8.37612e-10 1.15131e-09 0 8.37612e-10 0 1.15015e-09 8.37612e-10 1.15131e-09 1.15015e-09 1.51123e-09 8.06067e-10 9.97547e-10 1.15131e-09 1.39969e-09 9.97547e-10 1.20006e-09 1.39969e-09 1.68681e-09 1.15131e-09 1.39969e-09 1.51123e-09 1.82496e-09 1.39969e-09 1.68681e-09 1.82496e-09 2.20519e-09 4.04854e-10 4.69582e-10 7.66248e-10 9.09414e-10 4.69582e-10 5.2316e-10 9.09414e-10 1.06264e-09 7.66248e-10 9.09414e-10 1.20006e-09 1.44403e-09 9.09414e-10 1.06264e-09 1.44403e-09 1.73194e-09 5.2316e-10 5.60134e-10 1.06264e-09 1.22429e-09 5.60134e-10 6.27255e-10 1.22429e-09 1.46021e-09 1.06264e-09 1.22429e-09 1.73194e-09 2.07304e-09 1.22429e-09 1.46021e-09 2.07304e-09 2.56044e-09 1.20006e-09 1.44403e-09 1.68681e-09 2.04968e-09 1.44403e-09 1.73194e-09 2.04968e-09 2.50218e-09 1.68681e-09 2.04968e-09 2.20519e-09 2.69815e-09 2.04968e-09 2.50218e-09 2.69815e-09 3.33477e-09 1.73194e-09 2.07304e-09 2.50218e-09 3.07412e-09 2.07304e-09 2.56044e-09 3.07412e-09 3.89982e-09 2.50218e-09 3.07412e-09 3.33477e-09 4.1772e-09 3.07412e-09 3.89982e-09 4.1772e-09 5.42281e-09 0 0 -2.29682e-10 -2.46559e-10 0 0 -2.46559e-10 -1.69985e-10 -2.29682e-10 -2.46559e-10 -2.1097e-10 -1.96998e-10 -2.46559e-10 -1.69985e-10 -1.96998e-10 5.79876e-11 0 0 -1.69985e-10 7.9244e-11 0 0 7.9244e-11 5.52449e-10 -1.69985e-10 7.9244e-11 5.79876e-11 7.87242e-10 7.9244e-11 5.52449e-10 7.87242e-10 2.17948e-09 -2.1097e-10 -1.96998e-10 7.11246e-11 1.82252e-10 -1.96998e-10 5.79876e-11 1.82252e-10 7.30415e-10 7.11246e-11 1.82252e-10 6.27255e-10 9.18457e-10 1.82252e-10 7.30415e-10 9.18457e-10 1.88595e-09 5.79876e-11 7.87242e-10 7.30415e-10 2.16559e-09 7.87242e-10 2.17948e-09 2.16559e-09 4.8968e-09 7.30415e-10 2.16559e-09 1.88595e-09 4.24909e-09 2.16559e-09 4.8968e-09 4.24909e-09 8.71828e-09 0 0 5.52449e-10 1.21613e-09 0 0 1.21613e-09 1.92884e-09 5.52449e-10 1.21613e-09 2.17948e-09 4.19572e-09 1.21613e-09 1.92884e-09 4.19572e-09 6.4415e-09 0 0 1.92884e-09 2.48262e-09 0 0 2.48262e-09 2.69194e-09 1.92884e-09 2.48262e-09 6.4415e-09 8.24027e-09 2.48262e-09 2.69194e-09 8.24027e-09 8.93284e-09 2.17948e-09 4.19572e-09 4.8968e-09 8.92123e-09 4.19572e-09 6.4415e-09 8.92123e-09 1.35001e-08 4.8968e-09 8.92123e-09 8.71828e-09 1.53807e-08 8.92123e-09 1.35001e-08 1.53807e-08 2.30783e-08 6.4415e-09 8.24027e-09 1.35001e-08 1.72329e-08 8.24027e-09 8.93284e-09 1.72329e-08 1.86853e-08 1.35001e-08 1.72329e-08 2.30783e-08 2.94345e-08 1.72329e-08 1.86853e-08 2.94345e-08 3.19263e-08 6.27255e-10 9.18457e-10 1.46021e-09 2.0314e-09 9.18457e-10 1.88595e-09 2.0314e-09 3.55972e-09 1.46021e-09 2.0314e-09 2.56044e-09 3.53022e-09 2.0314e-09 3.55972e-09 3.53022e-09 5.78597e-09 1.88595e-09 4.24909e-09 3.55972e-09 7.07625e-09 4.24909e-09 8.71828e-09 7.07625e-09 1.36684e-08 3.55972e-09 7.07625e-09 5.78597e-09 1.07014e-08 7.07625e-09 1.36684e-08 1.07014e-08 1.98014e-08 2.56044e-09 3.53022e-09 3.89982e-09 5.40679e-09 3.53022e-09 5.78597e-09 5.40679e-09 8.59763e-09 3.89982e-09 5.40679e-09 5.42281e-09 7.62464e-09 5.40679e-09 8.59763e-09 7.62464e-09 1.20232e-08 5.78597e-09 1.07014e-08 8.59763e-09 1.52095e-08 1.07014e-08 1.98014e-08 1.52095e-08 2.7233e-08 8.59763e-09 1.52095e-08 1.20232e-08 2.07382e-08 1.52095e-08 2.7233e-08 2.07382e-08 3.61932e-08 8.71828e-09 1.53807e-08 1.36684e-08 2.35745e-08 1.53807e-08 2.30783e-08 2.35745e-08 3.51575e-08 1.36684e-08 2.35745e-08 1.98014e-08 3.3531e-08 2.35745e-08 3.51575e-08 3.3531e-08 4.97253e-08 2.30783e-08 2.94345e-08 3.51575e-08 4.48197e-08 2.94345e-08 3.19263e-08 4.48197e-08 4.86302e-08 3.51575e-08 4.48197e-08 4.97253e-08 6.33413e-08 4.48197e-08 4.86302e-08 6.33413e-08 6.87368e-08 1.98014e-08 3.3531e-08 2.7233e-08 4.5337e-08 3.3531e-08 4.97253e-08 4.5337e-08 6.67777e-08 2.7233e-08 4.5337e-08 3.61932e-08 5.91944e-08 4.5337e-08 6.67777e-08 5.91944e-08 8.63255e-08 4.97253e-08 6.33413e-08 6.67777e-08 8.4893e-08 6.33413e-08 6.87368e-08 8.4893e-08 9.20955e-08 6.67777e-08 8.4893e-08 8.63255e-08 1.09243e-07 8.4893e-08 9.20955e-08 1.09243e-07 1.18364e-07 0 0 2.69194e-09 2.48261e-09 0 0 2.48261e-09 1.92942e-09 2.69194e-09 2.48261e-09 8.93284e-09 8.24349e-09 2.48261e-09 1.92942e-09 8.24349e-09 6.44794e-09 0 0 1.92942e-09 1.21802e-09 0 0 1.21802e-09 5.56059e-10 1.92942e-09 1.21802e-09 6.44794e-09 4.2053e-09 1.21802e-09 5.56059e-10 4.2053e-09 2.19205e-09 8.93284e-09 8.24349e-09 1.86853e-08 1.72429e-08 8.24349e-09 6.44794e-09 1.72429e-08 1.35183e-08 1.86853e-08 1.72429e-08 3.19263e-08 2.94553e-08 1.72429e-08 1.35183e-08 2.94553e-08 2.31148e-08 6.44794e-09 4.2053e-09 1.35183e-08 8.94505e-09 4.2053e-09 2.19205e-09 8.94505e-09 4.92433e-09 1.35183e-08 8.94505e-09 2.31148e-08 1.54261e-08 8.94505e-09 4.92433e-09 1.54261e-08 8.76739e-09 0 0 5.56059e-10 8.46402e-11 0 0 8.46402e-11 -1.62861e-10 5.56059e-10 8.46402e-11 2.19205e-09 8.02587e-10 8.46402e-11 -1.62861e-10 8.02587e-10 7.59519e-11 0 0 -1.62861e-10 -2.37751e-10 0 0 -2.37751e-10 -2.19206e-10 -1.62861e-10 -2.37751e-10 7.59519e-11 -1.76484e-10 -2.37751e-10 -2.19206e-10 -1.76484e-10 -1.87912e-10 2.19205e-09 8.02587e-10 4.92433e-09 2.19584e-09 8.02587e-10 7.59519e-11 2.19584e-09 7.63053e-10 4.92433e-09 2.19584e-09 8.76739e-09 4.29952e-09 2.19584e-09 7.63053e-10 4.29952e-09 1.9372e-09 7.59519e-11 -1.76484e-10 7.63053e-10 2.17322e-10 -1.76484e-10 -1.87912e-10 2.17322e-10 1.0879e-10 7.63053e-10 2.17322e-10 1.9372e-09 9.70911e-10 2.17322e-10 1.0879e-10 9.70911e-10 6.81486e-10 3.19263e-08 2.94553e-08 4.86302e-08 4.48558e-08 2.94553e-08 2.31148e-08 4.48558e-08 3.52197e-08 4.86302e-08 4.48558e-08 6.87368e-08 6.33979e-08 4.48558e-08 3.52197e-08 6.33979e-08 4.98215e-08 2.31148e-08 1.54261e-08 3.52197e-08 2.36495e-08 1.54261e-08 8.76739e-09 2.36495e-08 1.37462e-08 3.52197e-08 2.36495e-08 4.98215e-08 3.36444e-08 2.36495e-08 1.37462e-08 3.36444e-08 1.99157e-08 6.87368e-08 6.33979e-08 9.20955e-08 8.49761e-08 6.33979e-08 4.98215e-08 8.49761e-08 6.69175e-08 9.20955e-08 8.49761e-08 1.18364e-07 1.09359e-07 8.49761e-08 6.69175e-08 1.09359e-07 8.652e-08 4.98215e-08 3.36444e-08 6.69175e-08 4.5499e-08 3.36444e-08 1.99157e-08 4.5499e-08 2.7392e-08 6.69175e-08 4.5499e-08 8.652e-08 5.94161e-08 4.5499e-08 2.7392e-08 5.94161e-08 3.64061e-08 8.76739e-09 4.29952e-09 1.37462e-08 7.15244e-09 4.29952e-09 1.9372e-09 7.15244e-09 3.63363e-09 1.37462e-08 7.15244e-09 1.99157e-08 1.08092e-08 7.15244e-09 3.63363e-09 1.08092e-08 5.88662e-09 1.9372e-09 9.70911e-10 3.63363e-09 2.10404e-09 9.70911e-10 6.81486e-10 2.10404e-09 1.53291e-09 3.63363e-09 2.10404e-09 5.88662e-09 3.62582e-09 2.10404e-09 1.53291e-09 3.62582e-09 2.65345e-09 1.99157e-08 1.08092e-08 2.7392e-08 1.5355e-08 1.08092e-08 5.88662e-09 1.5355e-08 8.72915e-09 2.7392e-08 1.5355e-08 3.64061e-08 2.09277e-08 1.5355e-08 8.72915e-09 2.09277e-08 1.21896e-08 5.88662e-09 3.62582e-09 8.72915e-09 5.52805e-09 3.62582e-09 2.65345e-09 5.52805e-09 4.01492e-09 8.72915e-09 5.52805e-09 1.21896e-08 7.77413e-09 5.52805e-09 4.01492e-09 7.77413e-09 5.56164e-09 0 0 -2.19206e-10 -1.69851e-10 0 0 -1.69851e-10 -1.22426e-10 -2.19206e-10 -1.69851e-10 -1.87912e-10 -1.23338e-10 -1.69851e-10 -1.22426e-10 -1.23338e-10 -6.0575e-11 0 0 -1.22426e-10 -8.73105e-11 0 0 -8.73105e-11 -6.48067e-11 -1.22426e-10 -8.73105e-11 -6.0575e-11 -2.02197e-11 -8.73105e-11 -6.48067e-11 -2.02197e-11 -1.61662e-13 -1.87912e-10 -1.23338e-10 1.0879e-10 1.39783e-10 -1.23338e-10 -6.0575e-11 1.39783e-10 1.77817e-10 1.0879e-10 1.39783e-10 6.81486e-10 6.16668e-10 1.39783e-10 1.77817e-10 6.16668e-10 5.82449e-10 -6.0575e-11 -2.02197e-11 1.77817e-10 1.90575e-10 -2.02197e-11 -1.61662e-13 1.90575e-10 1.82737e-10 1.77817e-10 1.90575e-10 5.82449e-10 5.32053e-10 1.90575e-10 1.82737e-10 5.32053e-10 4.70683e-10 0 0 -6.48067e-11 -5.43137e-11 0 0 -5.43137e-11 -5.90107e-11 -6.48067e-11 -5.43137e-11 -1.61662e-13 1.67451e-12 -5.43137e-11 -5.90107e-11 1.67451e-12 -2.4757e-11 0 0 -5.90107e-11 -7.82511e-11 0 0 -7.82511e-11 0 -5.90107e-11 -7.82511e-11 -2.4757e-11 -8.69547e-11 -7.82511e-11 0 -8.69547e-11 0 -1.61662e-13 1.67451e-12 1.82737e-10 1.57744e-10 1.67451e-12 -2.4757e-11 1.57744e-10 9.73043e-11 1.82737e-10 1.57744e-10 4.70683e-10 4.021e-10 1.57744e-10 9.73043e-11 4.021e-10 3.00409e-10 -2.4757e-11 -8.69547e-11 9.73043e-11 -2.05285e-11 -8.69547e-11 0 -2.05285e-11 0 9.73043e-11 -2.05285e-11 3.00409e-10 1.16141e-10 -2.05285e-11 0 1.16141e-10 0 6.81486e-10 6.16668e-10 1.53291e-09 1.29816e-09 6.16668e-10 5.82449e-10 1.29816e-09 1.13857e-09 1.53291e-09 1.29816e-09 2.65345e-09 2.16543e-09 1.29816e-09 1.13857e-09 2.16543e-09 1.82518e-09 5.82449e-10 5.32053e-10 1.13857e-09 9.88176e-10 5.32053e-10 4.70683e-10 9.88176e-10 8.48315e-10 1.13857e-09 9.88176e-10 1.82518e-09 1.53929e-09 9.88176e-10 8.48315e-10 1.53929e-09 1.2981e-09 2.65345e-09 2.16543e-09 4.01492e-09 3.18619e-09 2.16543e-09 1.82518e-09 3.18619e-09 2.61342e-09 4.01492e-09 3.18619e-09 5.56164e-09 4.31003e-09 3.18619e-09 2.61342e-09 4.31003e-09 3.4647e-09 1.82518e-09 1.53929e-09 2.61342e-09 2.16171e-09 1.53929e-09 1.2981e-09 2.16171e-09 1.80059e-09 2.61342e-09 2.16171e-09 3.4647e-09 2.82727e-09 2.16171e-09 1.80059e-09 2.82727e-09 2.33463e-09 4.70683e-10 4.021e-10 8.48315e-10 7.20697e-10 4.021e-10 3.00409e-10 7.20697e-10 5.73712e-10 8.48315e-10 7.20697e-10 1.2981e-09 1.09736e-09 7.20697e-10 5.73712e-10 1.09736e-09 9.00972e-10 3.00409e-10 1.16141e-10 5.73712e-10 3.19616e-10 1.16141e-10 0 3.19616e-10 0 5.73712e-10 3.19616e-10 9.00972e-10 5.89133e-10 3.19616e-10 0 5.89133e-10 0 1.2981e-09 1.09736e-09 1.80059e-09 1.51432e-09 1.09736e-09 9.00972e-10 1.51432e-09 1.26019e-09 1.80059e-09 1.51432e-09 2.33463e-09 1.9537e-09 1.51432e-09 1.26019e-09 1.9537e-09 1.63258e-09 9.00972e-10 5.89133e-10 1.26019e-09 9.20558e-10 5.89133e-10 0 9.20558e-10 0 1.26019e-09 9.20558e-10 1.63258e-09 1.24456e-09 9.20558e-10 0 1.24456e-09 0 0 1.15015e-09 0 -0.00412042 1.15015e-09 1.51123e-09 -0.00412042 -0.00173738 0 -0.00412042 0 -0.00725009 -0.00412042 -0.00173738 -0.00725009 -0.0041302 1.51123e-09 1.82496e-09 -0.00173738 -9.01776e-05 1.82496e-09 2.20519e-09 -9.01776e-05 0.000826018 -0.00173738 -9.01776e-05 -0.0041302 -0.00145214 -9.01776e-05 0.000826018 -0.00145214 0.00029129 0 -0.00725009 0 -0.00593228 -0.00725009 -0.0041302 -0.00593228 -0.00483591 0 -0.00593228 0 -0.0041202 -0.00593228 -0.00483591 -0.0041202 -0.0042509 -0.0041302 -0.00145214 -0.00483591 -0.00249949 -0.00145214 0.00029129 -0.00249949 -0.000558894 -0.00483591 -0.00249949 -0.0042509 -0.00271868 -0.00249949 -0.000558894 -0.00271868 -0.00107896 2.20519e-09 2.69815e-09 0.000826018 0.00132346 2.69815e-09 3.33477e-09 0.00132346 0.00168006 0.000826018 0.00132346 0.00029129 0.00137502 0.00132346 0.00168006 0.00137502 0.00217341 3.33477e-09 4.1772e-09 0.00168006 0.0021382 4.1772e-09 5.42281e-09 0.0021382 0.00305863 0.00168006 0.0021382 0.00217341 0.00307283 0.0021382 0.00305863 0.00307283 0.00461224 0.00029129 0.00137502 -0.000558894 0.000838674 0.00137502 0.00217341 0.000838674 0.00194242 -0.000558894 0.000838674 -0.00107896 0.00027493 0.000838674 0.00194242 0.00027493 0.00143509 0.00217341 0.00307283 0.00194242 0.00313997 0.00307283 0.00461224 0.00313997 0.00499949 0.00194242 0.00313997 0.00143509 0.00270894 0.00313997 0.00499949 0.00270894 0.00459614 0 -0.0041202 0 -0.00271423 -0.0041202 -0.0042509 -0.00271423 -0.0031678 0 -0.00271423 0 -0.00165388 -0.00271423 -0.0031678 -0.00165388 -0.00205304 -0.0042509 -0.00271868 -0.0031678 -0.00229121 -0.00271868 -0.00107896 -0.00229121 -0.00112474 -0.0031678 -0.00229121 -0.00205304 -0.0015821 -0.00229121 -0.00112474 -0.0015821 -0.000855115 0 -0.00165388 0 -0.000785317 -0.00165388 -0.00205304 -0.000785317 -0.00100469 0 -0.000785317 0 2.3151e-14 -0.000785317 -0.00100469 2.3151e-14 4.61328e-14 -0.00205304 -0.0015821 -0.00100469 -0.000797047 -0.0015821 -0.000855115 -0.000797047 -0.000448341 -0.00100469 -0.000797047 4.61328e-14 7.18583e-14 -0.000797047 -0.000448341 7.18583e-14 9.6727e-14 -0.00107896 0.00027493 -0.00112474 -4.98867e-05 0.00027493 0.00143509 -4.98867e-05 0.000943142 -0.00112474 -4.98867e-05 -0.000855115 -0.000138096 -4.98867e-05 0.000943142 -0.000138096 0.000560679 0.00143509 0.00270894 0.000943142 0.0020702 0.00270894 0.00459614 0.0020702 0.003717 0.000943142 0.0020702 0.000560679 0.0013808 0.0020702 0.003717 0.0013808 0.00258202 -0.000855115 -0.000138096 -0.000448341 -9.32822e-05 -0.000138096 0.000560679 -9.32822e-05 0.000262551 -0.000448341 -9.32822e-05 9.6727e-14 1.31183e-13 -9.32822e-05 0.000262551 1.31183e-13 1.70385e-13 0.000560679 0.0013808 0.000262551 0.000689505 0.0013808 0.00258202 0.000689505 0.00131858 0.000262551 0.000689505 1.70385e-13 2.16253e-13 0.000689505 0.00131858 2.16253e-13 2.73107e-13 5.42281e-09 7.62464e-09 0.00305863 0.00512579 7.62464e-09 1.20232e-08 0.00512579 0.00943333 0.00305863 0.00512579 0.00461224 0.00769277 0.00512579 0.00943333 0.00769277 0.0136272 1.20232e-08 2.07382e-08 0.00943333 0.017046 2.07382e-08 3.61932e-08 0.017046 0.027631 0.00943333 0.017046 0.0136272 0.0235942 0.017046 0.027631 0.0235942 0.0371224 0.00461224 0.00769277 0.00499949 0.00840153 0.00769277 0.0136272 0.00840153 0.0145203 0.00499949 0.00840153 0.00459614 0.00784395 0.00840153 0.0145203 0.00784395 0.0133745 0.0136272 0.0235942 0.0145203 0.0242973 0.0235942 0.0371224 0.0242973 0.0371709 0.0145203 0.0242973 0.0133745 0.0218257 0.0242973 0.0371709 0.0218257 0.032591 3.61932e-08 5.91944e-08 0.027631 0.0376488 5.91944e-08 8.63255e-08 0.0376488 0.0403309 0.027631 0.0376488 0.0371224 0.050171 0.0376488 0.0403309 0.050171 0.0550591 8.63255e-08 1.09243e-07 0.0403309 0.0298682 1.09243e-07 1.18364e-07 0.0298682 0.00769472 0.0403309 0.0298682 0.0550591 0.04467 0.0298682 0.00769472 0.04467 0.0191572 0.0371224 0.050171 0.0371709 0.0495876 0.050171 0.0550591 0.0495876 0.055022 0.0371709 0.0495876 0.032591 0.0428123 0.0495876 0.055022 0.0428123 0.0475305 0.0550591 0.04467 0.055022 0.047234 0.04467 0.0191572 0.047234 0.025508 0.055022 0.047234 0.0475305 0.0420474 0.047234 0.025508 0.0420474 0.0255575 0.00459614 0.00784395 0.003717 0.00645116 0.00784395 0.0133745 0.00645116 0.0109312 0.003717 0.00645116 0.00258202 0.00454095 0.00645116 0.0109312 0.00454095 0.00767445 0.0133745 0.0218257 0.0109312 0.0175415 0.0218257 0.032591 0.0175415 0.0257165 0.0109312 0.0175415 0.00767445 0.0121881 0.0175415 0.0257165 0.0121881 0.0176479 0.00258202 0.00454095 0.00131858 0.00233694 0.00454095 0.00767445 0.00233694 0.00394536 0.00131858 0.00233694 2.73107e-13 3.42915e-13 0.00233694 0.00394536 3.42915e-13 4.26243e-13 0.00767445 0.0121881 0.00394536 0.00623059 0.0121881 0.0176479 0.00623059 0.00895822 0.00394536 0.00623059 4.26243e-13 5.20874e-13 0.00623059 0.00895822 5.20874e-13 6.20806e-13 0.032591 0.0428123 0.0257165 0.0333111 0.0428123 0.0475305 0.0333111 0.0368163 0.0257165 0.0333111 0.0176479 0.0226213 0.0333111 0.0368163 0.0226213 0.0248708 0.0475305 0.0420474 0.0368163 0.0330083 0.0420474 0.0255575 0.0330083 0.0213204 0.0368163 0.0330083 0.0248708 0.0224063 0.0330083 0.0213204 0.0224063 0.014912 0.0176479 0.0226213 0.00895822 0.0114107 0.0226213 0.0248708 0.0114107 0.0124989 0.00895822 0.0114107 6.20806e-13 7.11364e-13 0.0114107 0.0124989 7.11364e-13 7.74534e-13 0.0248708 0.0224063 0.0124989 0.0112751 0.0224063 0.014912 0.0112751 0.00760493 0.0124989 0.0112751 7.74534e-13 7.88223e-13 0.0112751 0.00760493 7.88223e-13 7.35902e-13 1.18364e-07 1.09359e-07 0.00769472 -0.0165652 1.09359e-07 8.652e-08 -0.0165652 -0.0323111 0.00769472 -0.0165652 0.0191572 -0.0119209 -0.0165652 -0.0323111 -0.0119209 -0.0359348 8.652e-08 5.94161e-08 -0.0323111 -0.0355752 5.94161e-08 3.64061e-08 -0.0355752 -0.0296474 -0.0323111 -0.0355752 -0.0359348 -0.0458467 -0.0355752 -0.0296474 -0.0458467 -0.0429844 0.0191572 -0.0119209 0.025508 -0.00311713 -0.0119209 -0.0359348 -0.00311713 -0.0279425 0.025508 -0.00311713 0.0255575 0.00282545 -0.00311713 -0.0279425 0.00282545 -0.0183149 -0.0359348 -0.0458467 -0.0279425 -0.041515 -0.0458467 -0.0429844 -0.041515 -0.0430711 -0.0279425 -0.041515 -0.0183149 -0.0317005 -0.041515 -0.0430711 -0.0317005 -0.0357387 3.64061e-08 2.09277e-08 -0.0296474 -0.0204895 2.09277e-08 1.21896e-08 -0.0204895 -0.0124684 -0.0296474 -0.0204895 -0.0429844 -0.0334245 -0.0204895 -0.0124684 -0.0334245 -0.0230024 1.21896e-08 7.77413e-09 -0.0124684 -0.00710612 7.77413e-09 5.56164e-09 -0.00710612 -0.00405626 -0.0124684 -0.00710612 -0.0230024 -0.0147994 -0.00710612 -0.00405626 -0.0147994 -0.00937635 -0.0429844 -0.0334245 -0.0430711 -0.0367645 -0.0334245 -0.0230024 -0.0367645 -0.0277528 -0.0430711 -0.0367645 -0.0357387 -0.032775 -0.0367645 -0.0277528 -0.032775 -0.026532 -0.0230024 -0.0147994 -0.0277528 -0.0195166 -0.0147994 -0.00937635 -0.0195166 -0.013367 -0.0277528 -0.0195166 -0.026532 -0.019967 -0.0195166 -0.013367 -0.019967 -0.014548 0.0255575 0.00282545 0.0213204 0.00491075 0.00282545 -0.0183149 0.00491075 -0.0109089 0.0213204 0.00491075 0.014912 0.00435289 0.00491075 -0.0109089 0.00435289 -0.00598289 -0.0183149 -0.0317005 -0.0109089 -0.0217235 -0.0317005 -0.0357387 -0.0217235 -0.0260426 -0.0109089 -0.0217235 -0.00598289 -0.013311 -0.0217235 -0.0260426 -0.013311 -0.0165967 0.014912 0.00435289 0.00760493 0.00243983 0.00435289 -0.00598289 0.00243983 -0.00264266 0.00760493 0.00243983 7.35902e-13 6.3186e-13 0.00243983 -0.00264266 6.3186e-13 4.99505e-13 -0.00598289 -0.013311 -0.00264266 -0.00630056 -0.013311 -0.0165967 -0.00630056 -0.00801887 -0.00264266 -0.00630056 4.99505e-13 3.69114e-13 -0.00630056 -0.00801887 3.69114e-13 2.59782e-13 -0.0357387 -0.032775 -0.0260426 -0.025112 -0.032775 -0.026532 -0.025112 -0.0213491 -0.0260426 -0.025112 -0.0165967 -0.0164972 -0.025112 -0.0213491 -0.0164972 -0.0144532 -0.026532 -0.019967 -0.0213491 -0.0168741 -0.019967 -0.014548 -0.0168741 -0.0128892 -0.0213491 -0.0168741 -0.0144532 -0.01179 -0.0168741 -0.0128892 -0.01179 -0.00930314 -0.0165967 -0.0164972 -0.00801887 -0.00809137 -0.0164972 -0.0144532 -0.00809137 -0.00719656 -0.00801887 -0.00809137 2.59782e-13 1.6735e-13 -0.00809137 -0.00719656 1.6735e-13 8.3947e-14 -0.0144532 -0.01179 -0.00719656 -0.00596936 -0.01179 -0.00930314 -0.00596936 -0.00479782 -0.00719656 -0.00596936 8.3947e-14 -4.49345e-15 -0.00596936 -0.00479782 -4.49345e-15 -1.02382e-13 5.56164e-09 4.31003e-09 -0.00405626 -0.00243742 4.31003e-09 3.4647e-09 -0.00243742 -0.00154322 -0.00405626 -0.00243742 -0.00937635 -0.00608679 -0.00243742 -0.00154322 -0.00608679 -0.0041035 3.4647e-09 2.82727e-09 -0.00154322 -0.000980368 2.82727e-09 2.33463e-09 -0.000980368 -0.000584742 -0.00154322 -0.000980368 -0.0041035 -0.00283504 -0.000980368 -0.000584742 -0.00283504 -0.00196727 -0.00937635 -0.00608679 -0.013367 -0.00922536 -0.00608679 -0.0041035 -0.00922536 -0.00652358 -0.013367 -0.00922536 -0.014548 -0.0105773 -0.00922536 -0.00652358 -0.0105773 -0.00780304 -0.0041035 -0.00283504 -0.00652358 -0.00472204 -0.00283504 -0.00196727 -0.00472204 -0.00347509 -0.00652358 -0.00472204 -0.00780304 -0.0058617 -0.00472204 -0.00347509 -0.0058617 -0.00447812 2.33463e-09 1.9537e-09 -0.000584742 -0.000328837 1.9537e-09 1.63258e-09 -0.000328837 -0.000296124 -0.000584742 -0.000328837 -0.00196727 -0.00139401 -0.000328837 -0.000296124 -0.00139401 -0.0011756 1.63258e-09 1.24456e-09 -0.000296124 -0.000799355 1.24456e-09 0 -0.000799355 -0.00229165 -0.000296124 -0.000799355 -0.0011756 -0.00162873 -0.000799355 -0.00229165 -0.00162873 -0.00235769 -0.00196727 -0.00139401 -0.00347509 -0.00263133 -0.00139401 -0.0011756 -0.00263133 -0.0022004 -0.00347509 -0.00263133 -0.00447812 -0.00351284 -0.00263133 -0.0022004 -0.00351284 -0.00294688 -0.0011756 -0.00162873 -0.0022004 -0.00233197 -0.00162873 -0.00235769 -0.00233197 -0.00254269 -0.0022004 -0.00233197 -0.00294688 -0.00280201 -0.00233197 -0.00254269 -0.00280201 -0.0026826 -0.014548 -0.0105773 -0.0128892 -0.00978106 -0.0105773 -0.00780304 -0.00978106 -0.00748764 -0.0128892 -0.00978106 -0.00930314 -0.00728695 -0.00978106 -0.00748764 -0.00728695 -0.00574366 -0.00780304 -0.0058617 -0.00748764 -0.00580891 -0.0058617 -0.00447812 -0.00580891 -0.00457024 -0.00748764 -0.00580891 -0.00574366 -0.00457383 -0.00580891 -0.00457024 -0.00457383 -0.00368303 -0.00930314 -0.00728695 -0.00479782 -0.00383102 -0.00728695 -0.00574366 -0.00383102 -0.00307679 -0.00479782 -0.00383102 -1.02382e-13 -2.08804e-13 -0.00383102 -0.00307679 -2.08804e-13 -3.16784e-13 -0.00574366 -0.00457383 -0.00307679 -0.00249284 -0.00457383 -0.00368303 -0.00249284 -0.00203841 -0.00307679 -0.00249284 -3.16784e-13 -4.18542e-13 -0.00249284 -0.00203841 -4.18542e-13 -5.08618e-13 -0.00447812 -0.00351284 -0.00457024 -0.0036765 -0.00351284 -0.00294688 -0.0036765 -0.00310621 -0.00457024 -0.0036765 -0.00368303 -0.00302012 -0.0036765 -0.00310621 -0.00302012 -0.0025724 -0.00294688 -0.00280201 -0.00310621 -0.00282824 -0.00280201 -0.0026826 -0.00282824 -0.00255788 -0.00310621 -0.00282824 -0.0025724 -0.00230389 -0.00282824 -0.00255788 -0.00230389 -0.0020359 -0.00368303 -0.00302012 -0.00203841 -0.00169267 -0.00302012 -0.0025724 -0.00169267 -0.00145092 -0.00203841 -0.00169267 -5.08618e-13 -5.80386e-13 -0.00169267 -0.00145092 -5.80386e-13 -6.30047e-13 -0.0025724 -0.00230389 -0.00145092 -0.00129244 -0.00230389 -0.0020359 -0.00129244 -0.00113256 -0.00145092 -0.00129244 -6.30047e-13 -6.50747e-13 -0.00129244 -0.00113256 -6.50747e-13 -6.38547e-13 0 2.3151e-14 0 0.000785317 2.3151e-14 4.61328e-14 0.000785317 0.00100469 0 0.000785317 0 0.00165388 0.000785317 0.00100469 0.00165388 0.00205304 4.61328e-14 7.18583e-14 0.00100469 0.000797047 7.18583e-14 9.6727e-14 0.000797047 0.000448341 0.00100469 0.000797047 0.00205304 0.0015821 0.000797047 0.000448341 0.0015821 0.000855115 0 0.00165388 0 0.00271423 0.00165388 0.00205304 0.00271423 0.0031678 0 0.00271423 0 0.0041202 0.00271423 0.0031678 0.0041202 0.0042509 0.00205304 0.0015821 0.0031678 0.00229121 0.0015821 0.000855115 0.00229121 0.00112474 0.0031678 0.00229121 0.0042509 0.00271868 0.00229121 0.00112474 0.00271868 0.00107896 9.6727e-14 1.31183e-13 0.000448341 9.32822e-05 1.31183e-13 1.70385e-13 9.32822e-05 -0.000262551 0.000448341 9.32822e-05 0.000855115 0.000138096 9.32822e-05 -0.000262551 0.000138096 -0.000560679 1.70385e-13 2.16253e-13 -0.000262551 -0.000689505 2.16253e-13 2.73107e-13 -0.000689505 -0.00131858 -0.000262551 -0.000689505 -0.000560679 -0.0013808 -0.000689505 -0.00131858 -0.0013808 -0.00258202 0.000855115 0.000138096 0.00112474 4.98867e-05 0.000138096 -0.000560679 4.98867e-05 -0.000943142 0.00112474 4.98867e-05 0.00107896 -0.00027493 4.98867e-05 -0.000943142 -0.00027493 -0.00143509 -0.000560679 -0.0013808 -0.000943142 -0.0020702 -0.0013808 -0.00258202 -0.0020702 -0.003717 -0.000943142 -0.0020702 -0.00143509 -0.00270894 -0.0020702 -0.003717 -0.00270894 -0.00459614 0 0.0041202 0 0.00593228 0.0041202 0.0042509 0.00593228 0.00483591 0 0.00593228 0 0.00725009 0.00593228 0.00483591 0.00725009 0.0041302 0.0042509 0.00271868 0.00483591 0.00249949 0.00271868 0.00107896 0.00249949 0.000558894 0.00483591 0.00249949 0.0041302 0.00145214 0.00249949 0.000558894 0.00145214 -0.00029129 0 0.00725009 0 0.00412042 0.00725009 0.0041302 0.00412042 0.00173738 0 0.00412042 0 -1.15015e-09 0.00412042 0.00173738 -1.15015e-09 -1.51123e-09 0.0041302 0.00145214 0.00173738 9.01776e-05 0.00145214 -0.00029129 9.01776e-05 -0.000826018 0.00173738 9.01776e-05 -1.51123e-09 -1.82496e-09 9.01776e-05 -0.000826018 -1.82496e-09 -2.20519e-09 0.00107896 -0.00027493 0.000558894 -0.000838674 -0.00027493 -0.00143509 -0.000838674 -0.00194242 0.000558894 -0.000838674 -0.00029129 -0.00137502 -0.000838674 -0.00194242 -0.00137502 -0.00217341 -0.00143509 -0.00270894 -0.00194242 -0.00313997 -0.00270894 -0.00459614 -0.00313997 -0.00499949 -0.00194242 -0.00313997 -0.00217341 -0.00307283 -0.00313997 -0.00499949 -0.00307283 -0.00461224 -0.00029129 -0.00137502 -0.000826018 -0.00132346 -0.00137502 -0.00217341 -0.00132346 -0.00168006 -0.000826018 -0.00132346 -2.20519e-09 -2.69815e-09 -0.00132346 -0.00168006 -2.69815e-09 -3.33477e-09 -0.00217341 -0.00307283 -0.00168006 -0.0021382 -0.00307283 -0.00461224 -0.0021382 -0.00305863 -0.00168006 -0.0021382 -3.33477e-09 -4.1772e-09 -0.0021382 -0.00305863 -4.1772e-09 -5.42281e-09 2.73107e-13 3.42915e-13 -0.00131858 -0.00233694 3.42915e-13 4.26243e-13 -0.00233694 -0.00394536 -0.00131858 -0.00233694 -0.00258202 -0.00454095 -0.00233694 -0.00394536 -0.00454095 -0.00767445 4.26243e-13 5.20874e-13 -0.00394536 -0.00623059 5.20874e-13 6.20806e-13 -0.00623059 -0.00895822 -0.00394536 -0.00623059 -0.00767445 -0.0121881 -0.00623059 -0.00895822 -0.0121881 -0.0176479 -0.00258202 -0.00454095 -0.003717 -0.00645116 -0.00454095 -0.00767445 -0.00645116 -0.0109312 -0.003717 -0.00645116 -0.00459614 -0.00784395 -0.00645116 -0.0109312 -0.00784395 -0.0133745 -0.00767445 -0.0121881 -0.0109312 -0.0175415 -0.0121881 -0.0176479 -0.0175415 -0.0257165 -0.0109312 -0.0175415 -0.0133745 -0.0218257 -0.0175415 -0.0257165 -0.0218257 -0.032591 6.20806e-13 7.11364e-13 -0.00895822 -0.0114107 7.11364e-13 7.74534e-13 -0.0114107 -0.0124989 -0.00895822 -0.0114107 -0.0176479 -0.0226213 -0.0114107 -0.0124989 -0.0226213 -0.0248708 7.74534e-13 7.88223e-13 -0.0124989 -0.0112751 7.88223e-13 7.35902e-13 -0.0112751 -0.00760493 -0.0124989 -0.0112751 -0.0248708 -0.0224063 -0.0112751 -0.00760493 -0.0224063 -0.014912 -0.0176479 -0.0226213 -0.0257165 -0.0333111 -0.0226213 -0.0248708 -0.0333111 -0.0368163 -0.0257165 -0.0333111 -0.032591 -0.0428123 -0.0333111 -0.0368163 -0.0428123 -0.0475305 -0.0248708 -0.0224063 -0.0368163 -0.0330083 -0.0224063 -0.014912 -0.0330083 -0.0213204 -0.0368163 -0.0330083 -0.0475305 -0.0420474 -0.0330083 -0.0213204 -0.0420474 -0.0255575 -0.00459614 -0.00784395 -0.00499949 -0.00840153 -0.00784395 -0.0133745 -0.00840153 -0.0145203 -0.00499949 -0.00840153 -0.00461224 -0.00769277 -0.00840153 -0.0145203 -0.00769277 -0.0136272 -0.0133745 -0.0218257 -0.0145203 -0.0242973 -0.0218257 -0.032591 -0.0242973 -0.0371709 -0.0145203 -0.0242973 -0.0136272 -0.0235942 -0.0242973 -0.0371709 -0.0235942 -0.0371224 -0.00461224 -0.00769277 -0.00305863 -0.00512579 -0.00769277 -0.0136272 -0.00512579 -0.00943333 -0.00305863 -0.00512579 -5.42281e-09 -7.62464e-09 -0.00512579 -0.00943333 -7.62464e-09 -1.20232e-08 -0.0136272 -0.0235942 -0.00943333 -0.017046 -0.0235942 -0.0371224 -0.017046 -0.027631 -0.00943333 -0.017046 -1.20232e-08 -2.07382e-08 -0.017046 -0.027631 -2.07382e-08 -3.61932e-08 -0.032591 -0.0428123 -0.0371709 -0.0495876 -0.0428123 -0.0475305 -0.0495876 -0.055022 -0.0371709 -0.0495876 -0.0371224 -0.050171 -0.0495876 -0.055022 -0.050171 -0.0550591 -0.0475305 -0.0420474 -0.055022 -0.047234 -0.0420474 -0.0255575 -0.047234 -0.025508 -0.055022 -0.047234 -0.0550591 -0.04467 -0.047234 -0.025508 -0.04467 -0.0191572 -0.0371224 -0.050171 -0.027631 -0.0376488 -0.050171 -0.0550591 -0.0376488 -0.0403309 -0.027631 -0.0376488 -3.61932e-08 -5.91944e-08 -0.0376488 -0.0403309 -5.91944e-08 -8.63255e-08 -0.0550591 -0.04467 -0.0403309 -0.0298682 -0.04467 -0.0191572 -0.0298682 -0.00769472 -0.0403309 -0.0298682 -8.63255e-08 -1.09243e-07 -0.0298682 -0.00769472 -1.09243e-07 -1.18364e-07 7.35902e-13 6.3186e-13 -0.00760493 -0.00243983 6.3186e-13 4.99505e-13 -0.00243983 0.00264266 -0.00760493 -0.00243983 -0.014912 -0.00435289 -0.00243983 0.00264266 -0.00435289 0.00598289 4.99505e-13 3.69114e-13 0.00264266 0.00630056 3.69114e-13 2.59782e-13 0.00630056 0.00801887 0.00264266 0.00630056 0.00598289 0.013311 0.00630056 0.00801887 0.013311 0.0165967 -0.014912 -0.00435289 -0.0213204 -0.00491075 -0.00435289 0.00598289 -0.00491075 0.0109089 -0.0213204 -0.00491075 -0.0255575 -0.00282545 -0.00491075 0.0109089 -0.00282545 0.0183149 0.00598289 0.013311 0.0109089 0.0217235 0.013311 0.0165967 0.0217235 0.0260426 0.0109089 0.0217235 0.0183149 0.0317005 0.0217235 0.0260426 0.0317005 0.0357387 2.59782e-13 1.6735e-13 0.00801887 0.00809137 1.6735e-13 8.3947e-14 0.00809137 0.00719656 0.00801887 0.00809137 0.0165967 0.0164972 0.00809137 0.00719656 0.0164972 0.0144532 8.3947e-14 -4.49345e-15 0.00719656 0.00596936 -4.49345e-15 -1.02382e-13 0.00596936 0.00479782 0.00719656 0.00596936 0.0144532 0.01179 0.00596936 0.00479782 0.01179 0.00930314 0.0165967 0.0164972 0.0260426 0.025112 0.0164972 0.0144532 0.025112 0.0213491 0.0260426 0.025112 0.0357387 0.032775 0.025112 0.0213491 0.032775 0.026532 0.0144532 0.01179 0.0213491 0.0168741 0.01179 0.00930314 0.0168741 0.0128892 0.0213491 0.0168741 0.026532 0.019967 0.0168741 0.0128892 0.019967 0.014548 -0.0255575 -0.00282545 -0.025508 0.00311713 -0.00282545 0.0183149 0.00311713 0.0279425 -0.025508 0.00311713 -0.0191572 0.0119209 0.00311713 0.0279425 0.0119209 0.0359348 0.0183149 0.0317005 0.0279425 0.041515 0.0317005 0.0357387 0.041515 0.0430711 0.0279425 0.041515 0.0359348 0.0458467 0.041515 0.0430711 0.0458467 0.0429844 -0.0191572 0.0119209 -0.00769472 0.0165652 0.0119209 0.0359348 0.0165652 0.0323111 -0.00769472 0.0165652 -1.18364e-07 -1.09359e-07 0.0165652 0.0323111 -1.09359e-07 -8.652e-08 0.0359348 0.0458467 0.0323111 0.0355752 0.0458467 0.0429844 0.0355752 0.0296474 0.0323111 0.0355752 -8.652e-08 -5.94161e-08 0.0355752 0.0296474 -5.94161e-08 -3.64061e-08 0.0357387 0.032775 0.0430711 0.0367645 0.032775 0.026532 0.0367645 0.0277528 0.0430711 0.0367645 0.0429844 0.0334245 0.0367645 0.0277528 0.0334245 0.0230024 0.026532 0.019967 0.0277528 0.0195166 0.019967 0.014548 0.0195166 0.013367 0.0277528 0.0195166 0.0230024 0.0147994 0.0195166 0.013367 0.0147994 0.00937635 0.0429844 0.0334245 0.0296474 0.0204895 0.0334245 0.0230024 0.0204895 0.0124684 0.0296474 0.0204895 -3.64061e-08 -2.09277e-08 0.0204895 0.0124684 -2.09277e-08 -1.21896e-08 0.0230024 0.0147994 0.0124684 0.00710612 0.0147994 0.00937635 0.00710612 0.00405626 0.0124684 0.00710612 -1.21896e-08 -7.77413e-09 0.00710612 0.00405626 -7.77413e-09 -5.56164e-09 -1.02382e-13 -2.08804e-13 0.00479782 0.00383102 -2.08804e-13 -3.16784e-13 0.00383102 0.00307679 0.00479782 0.00383102 0.00930314 0.00728695 0.00383102 0.00307679 0.00728695 0.00574366 -3.16784e-13 -4.18542e-13 0.00307679 0.00249284 -4.18542e-13 -5.08618e-13 0.00249284 0.00203841 0.00307679 0.00249284 0.00574366 0.00457383 0.00249284 0.00203841 0.00457383 0.00368303 0.00930314 0.00728695 0.0128892 0.00978106 0.00728695 0.00574366 0.00978106 0.00748764 0.0128892 0.00978106 0.014548 0.0105773 0.00978106 0.00748764 0.0105773 0.00780304 0.00574366 0.00457383 0.00748764 0.00580891 0.00457383 0.00368303 0.00580891 0.00457024 0.00748764 0.00580891 0.00780304 0.0058617 0.00580891 0.00457024 0.0058617 0.00447812 -5.08618e-13 -5.80386e-13 0.00203841 0.00169267 -5.80386e-13 -6.30047e-13 0.00169267 0.00145092 0.00203841 0.00169267 0.00368303 0.00302012 0.00169267 0.00145092 0.00302012 0.0025724 -6.30047e-13 -6.50747e-13 0.00145092 0.00129244 -6.50747e-13 -6.38547e-13 0.00129244 0.00113256 0.00145092 0.00129244 0.0025724 0.00230389 0.00129244 0.00113256 0.00230389 0.0020359 0.00368303 0.00302012 0.00457024 0.0036765 0.00302012 0.0025724 0.0036765 0.00310621 0.00457024 0.0036765 0.00447812 0.00351284 0.0036765 0.00310621 0.00351284 0.00294688 0.0025724 0.00230389 0.00310621 0.00282824 0.00230389 0.0020359 0.00282824 0.00255788 0.00310621 0.00282824 0.00294688 0.00280201 0.00282824 0.00255788 0.00280201 0.0026826 0.014548 0.0105773 0.013367 0.00922536 0.0105773 0.00780304 0.00922536 0.00652358 0.013367 0.00922536 0.00937635 0.00608679 0.00922536 0.00652358 0.00608679 0.0041035 0.00780304 0.0058617 0.00652358 0.00472204 0.0058617 0.00447812 0.00472204 0.00347509 0.00652358 0.00472204 0.0041035 0.00283504 0.00472204 0.00347509 0.00283504 0.00196727 0.00937635 0.00608679 0.00405626 0.00243742 0.00608679 0.0041035 0.00243742 0.00154322 0.00405626 0.00243742 -5.56164e-09 -4.31003e-09 0.00243742 0.00154322 -4.31003e-09 -3.4647e-09 0.0041035 0.00283504 0.00154322 0.000980368 0.00283504 0.00196727 0.000980368 0.000584742 0.00154322 0.000980368 -3.4647e-09 -2.82727e-09 0.000980368 0.000584742 -2.82727e-09 -2.33463e-09 0.00447812 0.00351284 0.00347509 0.00263133 0.00351284 0.00294688 0.00263133 0.0022004 0.00347509 0.00263133 0.00196727 0.00139401 0.00263133 0.0022004 0.00139401 0.0011756 0.00294688 0.00280201 0.0022004 0.00233197 0.00280201 0.0026826 0.00233197 0.00254269 0.0022004 0.00233197 0.0011756 0.00162873 0.00233197 0.00254269 0.00162873 0.00235769 0.00196727 0.00139401 0.000584742 0.000328837 0.00139401 0.0011756 0.000328837 0.000296124 0.000584742 0.000328837 -2.33463e-09 -1.9537e-09 0.000328837 0.000296124 -1.9537e-09 -1.63258e-09 0.0011756 0.00162873 0.000296124 0.000799355 0.00162873 0.00235769 0.000799355 0.00229165 0.000296124 0.000799355 -1.63258e-09 -1.24456e-09 0.000799355 0.00229165 -1.24456e-09 0 0 -1.15015e-09 0 -8.37612e-10 -1.15015e-09 -1.51123e-09 -8.37612e-10 -1.15131e-09 0 -8.37612e-10 0 -5.20736e-10 -8.37612e-10 -1.15131e-09 -5.20736e-10 -8.06067e-10 -1.51123e-09 -1.82496e-09 -1.15131e-09 -1.39969e-09 -1.82496e-09 -2.20519e-09 -1.39969e-09 -1.68681e-09 -1.15131e-09 -1.39969e-09 -8.06067e-10 -9.97547e-10 -1.39969e-09 -1.68681e-09 -9.97547e-10 -1.20006e-09 0 -5.20736e-10 0 -2.64099e-10 -5.20736e-10 -8.06067e-10 -2.64099e-10 -4.93909e-10 0 -2.64099e-10 0 -7.19195e-11 -2.64099e-10 -4.93909e-10 -7.19195e-11 -2.36267e-10 -8.06067e-10 -9.97547e-10 -4.93909e-10 -6.36477e-10 -9.97547e-10 -1.20006e-09 -6.36477e-10 -7.66248e-10 -4.93909e-10 -6.36477e-10 -2.36267e-10 -3.34162e-10 -6.36477e-10 -7.66248e-10 -3.34162e-10 -4.04854e-10 -2.20519e-09 -2.69815e-09 -1.68681e-09 -2.04968e-09 -2.69815e-09 -3.33477e-09 -2.04968e-09 -2.50218e-09 -1.68681e-09 -2.04968e-09 -1.20006e-09 -1.44403e-09 -2.04968e-09 -2.50218e-09 -1.44403e-09 -1.73194e-09 -3.33477e-09 -4.1772e-09 -2.50218e-09 -3.07412e-09 -4.1772e-09 -5.42281e-09 -3.07412e-09 -3.89982e-09 -2.50218e-09 -3.07412e-09 -1.73194e-09 -2.07304e-09 -3.07412e-09 -3.89982e-09 -2.07304e-09 -2.56044e-09 -1.20006e-09 -1.44403e-09 -7.66248e-10 -9.09414e-10 -1.44403e-09 -1.73194e-09 -9.09414e-10 -1.06264e-09 -7.66248e-10 -9.09414e-10 -4.04854e-10 -4.69582e-10 -9.09414e-10 -1.06264e-09 -4.69582e-10 -5.2316e-10 -1.73194e-09 -2.07304e-09 -1.06264e-09 -1.22429e-09 -2.07304e-09 -2.56044e-09 -1.22429e-09 -1.46021e-09 -1.06264e-09 -1.22429e-09 -5.2316e-10 -5.60134e-10 -1.22429e-09 -1.46021e-09 -5.60134e-10 -6.27255e-10 0 -7.19195e-11 0 5.43307e-11 -7.19195e-11 -2.36267e-10 5.43307e-11 -4.90912e-11 0 5.43307e-11 0 1.10403e-10 5.43307e-11 -4.90912e-11 1.10403e-10 5.68541e-11 -2.36267e-10 -3.34162e-10 -4.90912e-11 -1.06624e-10 -3.34162e-10 -4.04854e-10 -1.06624e-10 -1.33381e-10 -4.90912e-11 -1.06624e-10 5.68541e-11 3.23109e-11 -1.06624e-10 -1.33381e-10 3.23109e-11 3.29242e-11 0 1.10403e-10 0 9.04805e-11 1.10403e-10 5.68541e-11 9.04805e-11 7.49307e-11 0 9.04805e-11 0 0 9.04805e-11 7.49307e-11 0 0 5.68541e-11 3.23109e-11 7.49307e-11 7.11319e-11 3.23109e-11 3.29242e-11 7.11319e-11 8.10371e-11 7.49307e-11 7.11319e-11 0 0 7.11319e-11 8.10371e-11 0 0 -4.04854e-10 -4.69582e-10 -1.33381e-10 -1.4419e-10 -4.69582e-10 -5.2316e-10 -1.4419e-10 -1.34479e-10 -1.33381e-10 -1.4419e-10 3.29242e-11 5.07671e-11 -1.4419e-10 -1.34479e-10 5.07671e-11 8.86767e-11 -5.2316e-10 -5.60134e-10 -1.34479e-10 -9.93557e-11 -5.60134e-10 -6.27255e-10 -9.93557e-11 -7.11246e-11 -1.34479e-10 -9.93557e-11 8.86767e-11 1.48934e-10 -9.93557e-11 -7.11246e-11 1.48934e-10 2.1097e-10 3.29242e-11 5.07671e-11 8.10371e-11 1.02358e-10 5.07671e-11 8.86767e-11 1.02358e-10 1.36062e-10 8.10371e-11 1.02358e-10 0 0 1.02358e-10 1.36062e-10 0 0 8.86767e-11 1.48934e-10 1.36062e-10 1.8195e-10 1.48934e-10 2.1097e-10 1.8195e-10 2.29682e-10 1.36062e-10 1.8195e-10 0 0 1.8195e-10 2.29682e-10 0 0 -5.42281e-09 -7.62464e-09 -3.89982e-09 -5.40679e-09 -7.62464e-09 -1.20232e-08 -5.40679e-09 -8.59763e-09 -3.89982e-09 -5.40679e-09 -2.56044e-09 -3.53022e-09 -5.40679e-09 -8.59763e-09 -3.53022e-09 -5.78597e-09 -1.20232e-08 -2.07382e-08 -8.59763e-09 -1.52095e-08 -2.07382e-08 -3.61932e-08 -1.52095e-08 -2.7233e-08 -8.59763e-09 -1.52095e-08 -5.78597e-09 -1.07014e-08 -1.52095e-08 -2.7233e-08 -1.07014e-08 -1.98014e-08 -2.56044e-09 -3.53022e-09 -1.46021e-09 -2.0314e-09 -3.53022e-09 -5.78597e-09 -2.0314e-09 -3.55972e-09 -1.46021e-09 -2.0314e-09 -6.27255e-10 -9.18457e-10 -2.0314e-09 -3.55972e-09 -9.18457e-10 -1.88595e-09 -5.78597e-09 -1.07014e-08 -3.55972e-09 -7.07625e-09 -1.07014e-08 -1.98014e-08 -7.07625e-09 -1.36684e-08 -3.55972e-09 -7.07625e-09 -1.88595e-09 -4.24909e-09 -7.07625e-09 -1.36684e-08 -4.24909e-09 -8.71828e-09 -3.61932e-08 -5.91944e-08 -2.7233e-08 -4.5337e-08 -5.91944e-08 -8.63255e-08 -4.5337e-08 -6.67777e-08 -2.7233e-08 -4.5337e-08 -1.98014e-08 -3.3531e-08 -4.5337e-08 -6.67777e-08 -3.3531e-08 -4.97253e-08 -8.63255e-08 -1.09243e-07 -6.67777e-08 -8.4893e-08 -1.09243e-07 -1.18364e-07 -8.4893e-08 -9.20955e-08 -6.67777e-08 -8.4893e-08 -4.97253e-08 -6.33413e-08 -8.4893e-08 -9.20955e-08 -6.33413e-08 -6.87368e-08 -1.98014e-08 -3.3531e-08 -1.36684e-08 -2.35745e-08 -3.3531e-08 -4.97253e-08 -2.35745e-08 -3.51575e-08 -1.36684e-08 -2.35745e-08 -8.71828e-09 -1.53807e-08 -2.35745e-08 -3.51575e-08 -1.53807e-08 -2.30783e-08 -4.97253e-08 -6.33413e-08 -3.51575e-08 -4.48197e-08 -6.33413e-08 -6.87368e-08 -4.48197e-08 -4.86302e-08 -3.51575e-08 -4.48197e-08 -2.30783e-08 -2.94345e-08 -4.48197e-08 -4.86302e-08 -2.94345e-08 -3.19263e-08 -6.27255e-10 -9.18457e-10 -7.11246e-11 -1.82252e-10 -9.18457e-10 -1.88595e-09 -1.82252e-10 -7.30415e-10 -7.11246e-11 -1.82252e-10 2.1097e-10 1.96998e-10 -1.82252e-10 -7.30415e-10 1.96998e-10 -5.79876e-11 -1.88595e-09 -4.24909e-09 -7.30415e-10 -2.16559e-09 -4.24909e-09 -8.71828e-09 -2.16559e-09 -4.8968e-09 -7.30415e-10 -2.16559e-09 -5.79876e-11 -7.87242e-10 -2.16559e-09 -4.8968e-09 -7.87242e-10 -2.17948e-09 2.1097e-10 1.96998e-10 2.29682e-10 2.46559e-10 1.96998e-10 -5.79876e-11 2.46559e-10 1.69985e-10 2.29682e-10 2.46559e-10 0 0 2.46559e-10 1.69985e-10 0 0 -5.79876e-11 -7.87242e-10 1.69985e-10 -7.9244e-11 -7.87242e-10 -2.17948e-09 -7.9244e-11 -5.52449e-10 1.69985e-10 -7.9244e-11 0 0 -7.9244e-11 -5.52449e-10 0 0 -8.71828e-09 -1.53807e-08 -4.8968e-09 -8.92123e-09 -1.53807e-08 -2.30783e-08 -8.92123e-09 -1.35001e-08 -4.8968e-09 -8.92123e-09 -2.17948e-09 -4.19572e-09 -8.92123e-09 -1.35001e-08 -4.19572e-09 -6.4415e-09 -2.30783e-08 -2.94345e-08 -1.35001e-08 -1.72329e-08 -2.94345e-08 -3.19263e-08 -1.72329e-08 -1.86853e-08 -1.35001e-08 -1.72329e-08 -6.4415e-09 -8.24027e-09 -1.72329e-08 -1.86853e-08 -8.24027e-09 -8.93284e-09 -2.17948e-09 -4.19572e-09 -5.52449e-10 -1.21613e-09 -4.19572e-09 -6.4415e-09 -1.21613e-09 -1.92884e-09 -5.52449e-10 -1.21613e-09 0 0 -1.21613e-09 -1.92884e-09 0 0 -6.4415e-09 -8.24027e-09 -1.92884e-09 -2.48262e-09 -8.24027e-09 -8.93284e-09 -2.48262e-09 -2.69194e-09 -1.92884e-09 -2.48262e-09 0 0 -2.48262e-09 -2.69194e-09 0 0 -1.18364e-07 -1.09359e-07 -9.20955e-08 -8.49761e-08 -1.09359e-07 -8.652e-08 -8.49761e-08 -6.69175e-08 -9.20955e-08 -8.49761e-08 -6.87368e-08 -6.33979e-08 -8.49761e-08 -6.69175e-08 -6.33979e-08 -4.98215e-08 -8.652e-08 -5.94161e-08 -6.69175e-08 -4.5499e-08 -5.94161e-08 -3.64061e-08 -4.5499e-08 -2.7392e-08 -6.69175e-08 -4.5499e-08 -4.98215e-08 -3.36444e-08 -4.5499e-08 -2.7392e-08 -3.36444e-08 -1.99157e-08 -6.87368e-08 -6.33979e-08 -4.86302e-08 -4.48558e-08 -6.33979e-08 -4.98215e-08 -4.48558e-08 -3.52197e-08 -4.86302e-08 -4.48558e-08 -3.19263e-08 -2.94553e-08 -4.48558e-08 -3.52197e-08 -2.94553e-08 -2.31148e-08 -4.98215e-08 -3.36444e-08 -3.52197e-08 -2.36495e-08 -3.36444e-08 -1.99157e-08 -2.36495e-08 -1.37462e-08 -3.52197e-08 -2.36495e-08 -2.31148e-08 -1.54261e-08 -2.36495e-08 -1.37462e-08 -1.54261e-08 -8.76739e-09 -3.64061e-08 -2.09277e-08 -2.7392e-08 -1.5355e-08 -2.09277e-08 -1.21896e-08 -1.5355e-08 -8.72915e-09 -2.7392e-08 -1.5355e-08 -1.99157e-08 -1.08092e-08 -1.5355e-08 -8.72915e-09 -1.08092e-08 -5.88662e-09 -1.21896e-08 -7.77413e-09 -8.72915e-09 -5.52805e-09 -7.77413e-09 -5.56164e-09 -5.52805e-09 -4.01492e-09 -8.72915e-09 -5.52805e-09 -5.88662e-09 -3.62582e-09 -5.52805e-09 -4.01492e-09 -3.62582e-09 -2.65345e-09 -1.99157e-08 -1.08092e-08 -1.37462e-08 -7.15244e-09 -1.08092e-08 -5.88662e-09 -7.15244e-09 -3.63363e-09 -1.37462e-08 -7.15244e-09 -8.76739e-09 -4.29952e-09 -7.15244e-09 -3.63363e-09 -4.29952e-09 -1.9372e-09 -5.88662e-09 -3.62582e-09 -3.63363e-09 -2.10404e-09 -3.62582e-09 -2.65345e-09 -2.10404e-09 -1.53291e-09 -3.63363e-09 -2.10404e-09 -1.9372e-09 -9.70911e-10 -2.10404e-09 -1.53291e-09 -9.70911e-10 -6.81486e-10 -3.19263e-08 -2.94553e-08 -1.86853e-08 -1.72429e-08 -2.94553e-08 -2.31148e-08 -1.72429e-08 -1.35183e-08 -1.86853e-08 -1.72429e-08 -8.93284e-09 -8.24349e-09 -1.72429e-08 -1.35183e-08 -8.24349e-09 -6.44794e-09 -2.31148e-08 -1.54261e-08 -1.35183e-08 -8.94505e-09 -1.54261e-08 -8.76739e-09 -8.94505e-09 -4.92433e-09 -1.35183e-08 -8.94505e-09 -6.44794e-09 -4.2053e-09 -8.94505e-09 -4.92433e-09 -4.2053e-09 -2.19205e-09 -8.93284e-09 -8.24349e-09 -2.69194e-09 -2.48261e-09 -8.24349e-09 -6.44794e-09 -2.48261e-09 -1.92942e-09 -2.69194e-09 -2.48261e-09 0 0 -2.48261e-09 -1.92942e-09 0 0 -6.44794e-09 -4.2053e-09 -1.92942e-09 -1.21802e-09 -4.2053e-09 -2.19205e-09 -1.21802e-09 -5.56059e-10 -1.92942e-09 -1.21802e-09 0 0 -1.21802e-09 -5.56059e-10 0 0 -8.76739e-09 -4.29952e-09 -4.92433e-09 -2.19584e-09 -4.29952e-09 -1.9372e-09 -2.19584e-09 -7.63053e-10 -4.92433e-09 -2.19584e-09 -2.19205e-09 -8.02587e-10 -2.19584e-09 -7.63053e-10 -8.02587e-10 -7.59519e-11 -1.9372e-09 -9.70911e-10 -7.63053e-10 -2.17322e-10 -9.70911e-10 -6.81486e-10 -2.17322e-10 -1.0879e-10 -7.63053e-10 -2.17322e-10 -7.59519e-11 1.76484e-10 -2.17322e-10 -1.0879e-10 1.76484e-10 1.87912e-10 -2.19205e-09 -8.02587e-10 -5.56059e-10 -8.46402e-11 -8.02587e-10 -7.59519e-11 -8.46402e-11 1.62861e-10 -5.56059e-10 -8.46402e-11 0 0 -8.46402e-11 1.62861e-10 0 0 -7.59519e-11 1.76484e-10 1.62861e-10 2.37751e-10 1.76484e-10 1.87912e-10 2.37751e-10 2.19206e-10 1.62861e-10 2.37751e-10 0 0 2.37751e-10 2.19206e-10 0 0 -5.56164e-09 -4.31003e-09 -4.01492e-09 -3.18619e-09 -4.31003e-09 -3.4647e-09 -3.18619e-09 -2.61342e-09 -4.01492e-09 -3.18619e-09 -2.65345e-09 -2.16543e-09 -3.18619e-09 -2.61342e-09 -2.16543e-09 -1.82518e-09 -3.4647e-09 -2.82727e-09 -2.61342e-09 -2.16171e-09 -2.82727e-09 -2.33463e-09 -2.16171e-09 -1.80059e-09 -2.61342e-09 -2.16171e-09 -1.82518e-09 -1.53929e-09 -2.16171e-09 -1.80059e-09 -1.53929e-09 -1.2981e-09 -2.65345e-09 -2.16543e-09 -1.53291e-09 -1.29816e-09 -2.16543e-09 -1.82518e-09 -1.29816e-09 -1.13857e-09 -1.53291e-09 -1.29816e-09 -6.81486e-10 -6.16668e-10 -1.29816e-09 -1.13857e-09 -6.16668e-10 -5.82449e-10 -1.82518e-09 -1.53929e-09 -1.13857e-09 -9.88176e-10 -1.53929e-09 -1.2981e-09 -9.88176e-10 -8.48315e-10 -1.13857e-09 -9.88176e-10 -5.82449e-10 -5.32053e-10 -9.88176e-10 -8.48315e-10 -5.32053e-10 -4.70683e-10 -2.33463e-09 -1.9537e-09 -1.80059e-09 -1.51432e-09 -1.9537e-09 -1.63258e-09 -1.51432e-09 -1.26019e-09 -1.80059e-09 -1.51432e-09 -1.2981e-09 -1.09736e-09 -1.51432e-09 -1.26019e-09 -1.09736e-09 -9.00972e-10 -1.63258e-09 -1.24456e-09 -1.26019e-09 -9.20558e-10 -1.24456e-09 0 -9.20558e-10 0 -1.26019e-09 -9.20558e-10 -9.00972e-10 -5.89133e-10 -9.20558e-10 0 -5.89133e-10 0 -1.2981e-09 -1.09736e-09 -8.48315e-10 -7.20697e-10 -1.09736e-09 -9.00972e-10 -7.20697e-10 -5.73712e-10 -8.48315e-10 -7.20697e-10 -4.70683e-10 -4.021e-10 -7.20697e-10 -5.73712e-10 -4.021e-10 -3.00409e-10 -9.00972e-10 -5.89133e-10 -5.73712e-10 -3.19616e-10 -5.89133e-10 0 -3.19616e-10 0 -5.73712e-10 -3.19616e-10 -3.00409e-10 -1.16141e-10 -3.19616e-10 0 -1.16141e-10 0 -6.81486e-10 -6.16668e-10 -1.0879e-10 -1.39783e-10 -6.16668e-10 -5.82449e-10 -1.39783e-10 -1.77817e-10 -1.0879e-10 -1.39783e-10 1.87912e-10 1.23338e-10 -1.39783e-10 -1.77817e-10 1.23338e-10 6.0575e-11 -5.82449e-10 -5.32053e-10 -1.77817e-10 -1.90575e-10 -5.32053e-10 -4.70683e-10 -1.90575e-10 -1.82737e-10 -1.77817e-10 -1.90575e-10 6.0575e-11 2.02197e-11 -1.90575e-10 -1.82737e-10 2.02197e-11 1.61662e-13 1.87912e-10 1.23338e-10 2.19206e-10 1.69851e-10 1.23338e-10 6.0575e-11 1.69851e-10 1.22426e-10 2.19206e-10 1.69851e-10 0 0 1.69851e-10 1.22426e-10 0 0 6.0575e-11 2.02197e-11 1.22426e-10 8.73105e-11 2.02197e-11 1.61662e-13 8.73105e-11 6.48067e-11 1.22426e-10 8.73105e-11 0 0 8.73105e-11 6.48067e-11 0 0 -4.70683e-10 -4.021e-10 -1.82737e-10 -1.57744e-10 -4.021e-10 -3.00409e-10 -1.57744e-10 -9.73043e-11 -1.82737e-10 -1.57744e-10 1.61662e-13 -1.67451e-12 -1.57744e-10 -9.73043e-11 -1.67451e-12 2.4757e-11 -3.00409e-10 -1.16141e-10 -9.73043e-11 2.05285e-11 -1.16141e-10 0 2.05285e-11 0 -9.73043e-11 2.05285e-11 2.4757e-11 8.69547e-11 2.05285e-11 0 8.69547e-11 0 1.61662e-13 -1.67451e-12 6.48067e-11 5.43137e-11 -1.67451e-12 2.4757e-11 5.43137e-11 5.90107e-11 6.48067e-11 5.43137e-11 0 0 5.43137e-11 5.90107e-11 0 0 2.4757e-11 8.69547e-11 5.90107e-11 7.82511e-11 8.69547e-11 0 7.82511e-11 0 5.90107e-11 7.82511e-11 0 0 7.82511e-11 0 0 0 
SCALARS x_dis double 1
LOOKUP_TABLE default
0 0 0 -0.000117497 0 0 -0.000117497 -0.00012114 0 -0.000117497 0 -0.000175899 -0.000117497 -0.00012114 -0.000175899 -0.00019929 0 0 -0.00012114 -0.000110141 0 0 -0.000110141 -0.000118876 -0.00012114 -0.000110141 -0.00019929 -0.000194023 -0.000110141 -0.000118876 -0.000194023 -0.000221781 0 -0.000175899 0 -0.000200269 -0.000175899 -0.00019929 -0.000200269 -0.000239047 0 -0.000200269 0 -0.00020108 -0.000200269 -0.000239047 -0.00020108 -0.000242573 -0.00019929 -0.000194023 -0.000239047 -0.000248279 -0.000194023 -0.000221781 -0.000248279 -0.000302892 -0.000239047 -0.000248279 -0.000242573 -0.000271461 -0.000248279 -0.000302892 -0.000271461 -0.000358568 0 0 -0.000118876 -0.00015582 0 0 -0.00015582 -0.000218981 -0.000118876 -0.00015582 -0.000221781 -0.000298887 -0.00015582 -0.000218981 -0.000298887 -0.000424502 0 0 -0.000218981 -0.0003037 0 0 -0.0003037 -0.000404329 -0.000218981 -0.0003037 -0.000424502 -0.000593584 -0.0003037 -0.000404329 -0.000593584 -0.000799634 -0.000221781 -0.000298887 -0.000302892 -0.000422819 -0.000298887 -0.000424502 -0.000422819 -0.00061008 -0.000302892 -0.000422819 -0.000358568 -0.000522453 -0.000422819 -0.00061008 -0.000522453 -0.000769168 -0.000424502 -0.000593584 -0.00061008 -0.000862991 -0.000593584 -0.000799634 -0.000862991 -0.0011786 -0.00061008 -0.000862991 -0.000769168 -0.00110365 -0.000862991 -0.0011786 -0.00110365 -0.00153061 0 -0.00020108 0 -0.000177687 -0.00020108 -0.000242573 -0.000177687 -0.000209618 0 -0.000177687 0 -0.000118186 -0.000177687 -0.000209618 -0.000118186 -0.000138369 -0.000242573 -0.000271461 -0.000209618 -0.000263689 -0.000271461 -0.000358568 -0.000263689 -0.000387088 -0.000209618 -0.000263689 -0.000138369 -0.00022713 -0.000263689 -0.000387088 -0.00022713 -0.00038864 0 -0.000118186 0 1.03163e-05 -0.000118186 -0.000138369 1.03163e-05 -3.18894e-05 0 1.03163e-05 0 0.000251464 1.03163e-05 -3.18894e-05 0.000251464 0.000104811 -0.000138369 -0.00022713 -3.18894e-05 -0.000166763 -0.00022713 -0.00038864 -0.000166763 -0.000365299 -3.18894e-05 -0.000166763 0.000104811 -9.19206e-05 -0.000166763 -0.000365299 -9.19206e-05 -0.000321128 -0.000358568 -0.000522453 -0.000387088 -0.000593783 -0.000522453 -0.000769168 -0.000593783 -0.000895242 -0.000387088 -0.000593783 -0.00038864 -0.000633948 -0.000593783 -0.000895242 -0.000633948 -0.000981977 -0.000769168 -0.00110365 -0.000895242 -0.00130582 -0.00110365 -0.00153061 -0.00130582 -0.00184183 -0.000895242 -0.00130582 -0.000981977 -0.00145861 -0.00130582 -0.00184183 -0.00145861 -0.00209516 -0.00038864 -0.000633948 -0.000365299 -0.000641255 -0.000633948 -0.000981977 -0.000641255 -0.00102353 -0.000365299 -0.000641255 -0.000321128 -0.000615185 -0.000641255 -0.00102353 -0.000615185 -0.00101496 -0.000981977 -0.00145861 -0.00102353 -0.00155038 -0.00145861 -0.00209516 -0.00155038 -0.00227043 -0.00102353 -0.00155038 -0.00101496 -0.00156957 -0.00155038 -0.00227043 -0.00156957 -0.0023447 0 0 -0.000404329 -0.000514686 0 0 -0.000514686 -0.000628637 -0.000404329 -0.000514686 -0.000799634 -0.00103467 -0.000514686 -0.000628637 -0.00103467 -0.00128761 0 0 -0.000628637 -0.00073693 0 0 -0.00073693 -0.000815234 -0.000628637 -0.00073693 -0.00128761 -0.00153447 -0.00073693 -0.000815234 -0.00153447 -0.00171467 -0.000799634 -0.00103467 -0.0011786 -0.00155092 -0.00103467 -0.00128761 -0.00155092 -0.00196468 -0.0011786 -0.00155092 -0.00153061 -0.00205009 -0.00155092 -0.00196468 -0.00205009 -0.0026443 -0.00128761 -0.00153447 -0.00196468 -0.00237646 -0.00153447 -0.00171467 -0.00237646 -0.00267986 -0.00196468 -0.00237646 -0.0026443 -0.00324722 -0.00237646 -0.00267986 -0.00324722 -0.00369823 0 0 -0.000815234 -0.000810535 0 0 -0.000810535 -0.00065183 -0.000815234 -0.000810535 -0.00171467 -0.00171065 -0.000810535 -0.00065183 -0.00171065 -0.0013778 0 0 -0.00065183 -0.000301988 0 0 -0.000301988 0.00018494 -0.00065183 -0.000301988 -0.0013778 -0.000649025 -0.000301988 0.00018494 -0.000649025 0.000358821 -0.00171467 -0.00171065 -0.00267986 -0.00268347 -0.00171065 -0.0013778 -0.00268347 -0.00216631 -0.00267986 -0.00268347 -0.00369823 -0.00372223 -0.00268347 -0.00216631 -0.00372223 -0.00301613 -0.0013778 -0.000649025 -0.00216631 -0.00103568 -0.000649025 0.000358821 -0.00103568 0.00052183 -0.00216631 -0.00103568 -0.00301613 -0.00146295 -0.00103568 0.00052183 -0.00146295 0.000674161 -0.00153061 -0.00205009 -0.00184183 -0.00251408 -0.00205009 -0.0026443 -0.00251408 -0.0033063 -0.00184183 -0.00251408 -0.00209516 -0.00291918 -0.00251408 -0.0033063 -0.00291918 -0.00392381 -0.0026443 -0.00324722 -0.0033063 -0.00412973 -0.00324722 -0.00369823 -0.00412973 -0.00476227 -0.0033063 -0.00412973 -0.00392381 -0.00500293 -0.00412973 -0.00476227 -0.00500293 -0.00586844 -0.00209516 -0.00291918 -0.00227043 -0.00323496 -0.00291918 -0.00392381 -0.00323496 -0.00446 -0.00227043 -0.00323496 -0.0023447 -0.00342234 -0.00323496 -0.00446 -0.00342234 -0.00486218 -0.00392381 -0.00500293 -0.00446 -0.00583739 -0.00500293 -0.00586844 -0.00583739 -0.00701529 -0.00446 -0.00583739 -0.00486218 -0.0065865 -0.00583739 -0.00701529 -0.0065865 -0.00819894 -0.00369823 -0.00372223 -0.00476227 -0.00483192 -0.00372223 -0.00301613 -0.00483192 -0.00394048 -0.00476227 -0.00483192 -0.00586844 -0.00603219 -0.00483192 -0.00394048 -0.00603219 -0.00497321 -0.00301613 -0.00146295 -0.00394048 -0.00194188 -0.00146295 0.000674161 -0.00194188 0.000816015 -0.00394048 -0.00194188 -0.00497321 -0.00249879 -0.00194188 0.000816015 -0.00249879 0.000947596 -0.00586844 -0.00603219 -0.00701529 -0.00736169 -0.00603219 -0.00497321 -0.00736169 -0.00617859 -0.00701529 -0.00736169 -0.00819894 -0.0088871 -0.00736169 -0.00617859 -0.0088871 -0.00767324 -0.00497321 -0.00249879 -0.00617859 -0.00318368 -0.00249879 0.000947596 -0.00318368 0.00106909 -0.00617859 -0.00318368 -0.00767324 -0.00408966 -0.00318368 0.00106909 -0.00408966 0.00118066 0 0 0.00018494 0.000670582 0 0 0.000670582 0.00101681 0.00018494 0.000670582 0.000358821 0.00136412 0.000670582 0.00101681 0.00136412 0.00208571 0 0 0.00101681 0.0011701 0 0 0.0011701 0.00116804 0.00101681 0.0011701 0.00208571 0.00240778 0.0011701 0.00116804 0.00240778 0.00239838 0.000358821 0.00136412 0.00052183 0.00207551 0.00136412 0.00208571 0.00207551 0.00319537 0.00052183 0.00207551 0.000674161 0.00280612 0.00207551 0.00319537 0.00280612 0.00434486 0.00208571 0.00240778 0.00319537 0.00369643 0.00240778 0.00239838 0.00369643 0.00367287 0.00319537 0.00369643 0.00434486 0.00502951 0.00369643 0.00367287 0.00502951 0.00497921 0 0 0.00116804 0.00108177 0 0 0.00108177 0.000964101 0.00116804 0.00108177 0.00239838 0.00220244 0.00108177 0.000964101 0.00220244 0.00193718 0 0 0.000964101 0.000838881 0 0 0.000838881 0.000714526 0.000964101 0.000838881 0.00193718 0.00166222 0.000838881 0.000714526 0.00166222 0.00139989 0.00239838 0.00220244 0.00367287 0.00334628 0.00220244 0.00193718 0.00334628 0.00290758 0.00367287 0.00334628 0.00497921 0.00449795 0.00334628 0.00290758 0.00449795 0.00386024 0.00193718 0.00166222 0.00290758 0.00246176 0.00166222 0.00139989 0.00246176 0.00204988 0.00290758 0.00246176 0.00386024 0.00322486 0.00246176 0.00204988 0.00322486 0.00265488 0.000674161 0.00280612 0.000816015 0.00356736 0.00280612 0.00434486 0.00356736 0.00554767 0.000816015 0.00356736 0.000947596 0.0043859 0.00356736 0.00554767 0.0043859 0.00683794 0.00434486 0.00502951 0.00554767 0.00641225 0.00502951 0.00497921 0.00641225 0.00631011 0.00554767 0.00641225 0.00683794 0.00786449 0.00641225 0.00631011 0.00786449 0.00766221 0.000947596 0.0043859 0.00106909 0.00531211 0.0043859 0.00683794 0.00531211 0.00828019 0.00106909 0.00531211 0.00118066 0.00643938 0.00531211 0.00828019 0.00643938 0.0099913 0.00683794 0.00786449 0.00828019 0.00942502 0.00786449 0.00766221 0.00942502 0.00903415 0.00828019 0.00942502 0.0099913 0.0111607 0.00942502 0.00903415 0.0111607 0.0104222 0.00497921 0.00449795 0.00631011 0.00564074 0.00449795 0.00386024 0.00564074 0.00477545 0.00631011 0.00564074 0.00766221 0.00675381 0.00564074 0.00477545 0.00675381 0.00562668 0.00386024 0.00322486 0.00477545 0.00393405 0.00322486 0.00265488 0.00393405 0.00320184 0.00477545 0.00393405 0.00562668 0.00456615 0.00393405 0.00320184 0.00456615 0.00367435 0.00766221 0.00675381 0.00903415 0.00780792 0.00675381 0.00562668 0.00780792 0.0063774 0.00903415 0.00780792 0.0104222 0.00875651 0.00780792 0.0063774 0.00875651 0.00697509 0.00562668 0.00456615 0.0063774 0.00509115 0.00456615 0.00367435 0.00509115 0.00405278 0.0063774 0.00509115 0.00697509 0.00547032 0.00509115 0.00405278 0.00547032 0.00431465 0 0 0.000714526 0.000595703 0 0 0.000595703 0.000485968 0.000714526 0.000595703 0.00139989 0.00115858 0.000595703 0.000485968 0.00115858 0.000941715 0 0 0.000485968 0.000386508 0 0 0.000386508 0.00029567 0.000485968 0.000386508 0.000941715 0.000748433 0.000386508 0.00029567 0.000748433 0.000573736 0.00139989 0.00115858 0.00204988 0.00168361 0.00115858 0.000941715 0.00168361 0.00136321 0.00204988 0.00168361 0.00265488 0.00216384 0.00168361 0.00136321 0.00216384 0.00174556 0.000941715 0.000748433 0.00136321 0.00108281 0.000748433 0.000573736 0.00108281 0.00083229 0.00136321 0.00108281 0.00174556 0.00138632 0.00108281 0.00083229 0.00138632 0.00106927 0 0 0.00029567 0.000210568 0 0 0.000210568 0.00013127 0.00029567 0.000210568 0.000573736 0.000410992 0.000210568 0.00013127 0.000410992 0.000257683 0 0 0.00013127 6.55123e-05 0 0 6.55123e-05 0 0.00013127 6.55123e-05 0.000257683 0.000121887 6.55123e-05 0 0.000121887 0 0.000573736 0.000410992 0.00083229 0.000600066 0.000410992 0.000257683 0.000600066 0.000378469 0.00083229 0.000600066 0.00106927 0.000776907 0.000600066 0.000378469 0.000776907 0.000494539 0.000257683 0.000121887 0.000378469 0.000172755 0.000121887 0 0.000172755 0 0.000378469 0.000172755 0.000494539 0.000221955 0.000172755 0 0.000221955 0 0.00265488 0.00216384 0.00320184 0.00259049 0.00216384 0.00174556 0.00259049 0.00208314 0.00320184 0.00259049 0.00367435 0.00295331 0.00259049 0.00208314 0.00295331 0.00236991 0.00174556 0.00138632 0.00208314 0.00165541 0.00138632 0.00106927 0.00165541 0.00128248 0.00208314 0.00165541 0.00236991 0.00188647 0.00165541 0.00128248 0.00188647 0.00146966 0.00367435 0.00295331 0.00405278 0.00324115 0.00295331 0.00236991 0.00324115 0.00259989 0.00405278 0.00324115 0.00431465 0.0034428 0.00324115 0.00259989 0.0034428 0.00276783 0.00236991 0.00188647 0.00259989 0.00207609 0.00188647 0.00146966 0.00207609 0.00162854 0.00259989 0.00207609 0.00276783 0.0022215 0.00207609 0.00162854 0.0022215 0.00175694 0.00106927 0.000776907 0.00128248 0.000940751 0.000776907 0.000494539 0.000940751 0.000608184 0.00128248 0.000940751 0.00146966 0.0010906 0.000940751 0.000608184 0.0010906 0.000721808 0.000494539 0.000221955 0.000608184 0.000273675 0.000221955 0 0.000273675 0 0.000608184 0.000273675 0.000721808 0.00033504 0.000273675 0 0.00033504 0 0.00146966 0.0010906 0.00162854 0.00122491 0.0010906 0.000721808 0.00122491 0.000835115 0.00162854 0.00122491 0.00175694 0.00134123 0.00122491 0.000835115 0.00134123 0.000948005 0.000721808 0.00033504 0.000835115 0.000420856 0.00033504 0 0.000420856 0 0.000835115 0.000420856 0.000948005 0.000545137 0.000420856 0 0.000545137 0 0 0.000251464 0 0.000146096 0.000251464 0.000104811 0.000146096 6.57497e-05 0 0.000146096 0 6.61162e-05 0.000146096 6.57497e-05 6.61162e-05 2.16012e-05 0.000104811 -9.19206e-05 6.57497e-05 -0.00011216 -9.19206e-05 -0.000321128 -0.00011216 -0.0003572 6.57497e-05 -0.00011216 2.16012e-05 -0.000142762 -0.00011216 -0.0003572 -0.000142762 -0.000398913 0 6.61162e-05 0 2.25182e-05 6.61162e-05 2.16012e-05 2.25182e-05 -1.86619e-05 0 2.25182e-05 0 -2.18925e-07 2.25182e-05 -1.86619e-05 -2.18925e-07 -5.13803e-05 2.16012e-05 -0.000142762 -1.86619e-05 -0.000176789 -0.000142762 -0.000398913 -0.000176789 -0.000441584 -1.86619e-05 -0.000176789 -5.13803e-05 -0.000209218 -0.000176789 -0.000441584 -0.000209218 -0.000481326 -0.000321128 -0.000615185 -0.0003572 -0.000686638 -0.000615185 -0.00101496 -0.000686638 -0.00113359 -0.0003572 -0.000686638 -0.000398913 -0.000756297 -0.000686638 -0.00113359 -0.000756297 -0.00124093 -0.00101496 -0.00156957 -0.00113359 -0.00173944 -0.00156957 -0.0023447 -0.00173944 -0.00255355 -0.00113359 -0.00173944 -0.00124093 -0.00188538 -0.00173944 -0.00255355 -0.00188538 -0.00272266 -0.000398913 -0.000756297 -0.000441584 -0.000820764 -0.000756297 -0.00124093 -0.000820764 -0.00133469 -0.000441584 -0.000820764 -0.000481326 -0.000877196 -0.000820764 -0.00133469 -0.000877196 -0.00141318 -0.00124093 -0.00188538 -0.00133469 -0.0020073 -0.00188538 -0.00272266 -0.0020073 -0.00285658 -0.00133469 -0.0020073 -0.00141318 -0.00210559 -0.0020073 -0.00285658 -0.00210559 -0.00295956 0 -2.18925e-07 0 -1.25734e-05 -2.18925e-07 -5.13803e-05 -1.25734e-05 -7.57146e-05 0 -1.25734e-05 0 -1.94829e-05 -1.25734e-05 -7.57146e-05 -1.94829e-05 -9.22481e-05 -5.13803e-05 -0.000209218 -7.57146e-05 -0.000236752 -0.000209218 -0.000481326 -0.000236752 -0.000515095 -7.57146e-05 -0.000236752 -9.22481e-05 -0.000257427 -0.000236752 -0.000515095 -0.000257427 -0.00054067 0 -1.94829e-05 0 -2.30695e-05 -1.94829e-05 -9.22481e-05 -2.30695e-05 -0.000101795 0 -2.30695e-05 0 -2.41886e-05 -2.30695e-05 -0.000101795 -2.41886e-05 -0.000104914 -9.22481e-05 -0.000257427 -0.000101795 -0.000270169 -0.000257427 -0.00054067 -0.000270169 -0.000556572 -0.000101795 -0.000270169 -0.000104914 -0.000274466 -0.000270169 -0.000556572 -0.000274466 -0.000561962 -0.000481326 -0.000877196 -0.000515095 -0.000923321 -0.000877196 -0.00141318 -0.000923321 -0.00147522 -0.000515095 -0.000923321 -0.00054067 -0.000957433 -0.000923321 -0.00147522 -0.000957433 -0.00152001 -0.00141318 -0.00210559 -0.00147522 -0.00218095 -0.00210559 -0.00295956 -0.00218095 -0.0030354 -0.00147522 -0.00218095 -0.00152001 -0.00223411 -0.00218095 -0.0030354 -0.00223411 -0.00308723 -0.00054067 -0.000957433 -0.000556572 -0.000978355 -0.000957433 -0.00152001 -0.000978355 -0.00154707 -0.000556572 -0.000978355 -0.000561962 -0.000985404 -0.000978355 -0.00154707 -0.000985404 -0.00155612 -0.00152001 -0.00223411 -0.00154707 -0.00226572 -0.00223411 -0.00308723 -0.00226572 -0.00311738 -0.00154707 -0.00226572 -0.00155612 -0.00227621 -0.00226572 -0.00311738 -0.00227621 -0.00312727 -0.0023447 -0.00342234 -0.00255355 -0.00362354 -0.00342234 -0.00486218 -0.00362354 -0.00495388 -0.00255355 -0.00362354 -0.00272266 -0.0037708 -0.00362354 -0.00495388 -0.0037708 -0.00499312 -0.00486218 -0.0065865 -0.00495388 -0.00641383 -0.0065865 -0.00819894 -0.00641383 -0.00761979 -0.00495388 -0.00641383 -0.00499312 -0.00622772 -0.00641383 -0.00761979 -0.00622772 -0.00711599 -0.00272266 -0.0037708 -0.00285658 -0.00387622 -0.0037708 -0.00499312 -0.00387622 -0.00499966 -0.00285658 -0.00387622 -0.00295956 -0.00394958 -0.00387622 -0.00499966 -0.00394958 -0.004988 -0.00499312 -0.00622772 -0.00499966 -0.00604794 -0.00622772 -0.00711599 -0.00604794 -0.00669101 -0.00499966 -0.00604794 -0.004988 -0.00588766 -0.00604794 -0.00669101 -0.00588766 -0.00634566 -0.00819894 -0.0088871 -0.00761979 -0.00790953 -0.0088871 -0.00767324 -0.00790953 -0.00657286 -0.00761979 -0.00790953 -0.00711599 -0.00711841 -0.00790953 -0.00657286 -0.00711841 -0.00571695 -0.00767324 -0.00408966 -0.00657286 -0.00334365 -0.00408966 0.00118066 -0.00334365 0.00118692 -0.00657286 -0.00334365 -0.00571695 -0.00277532 -0.00334365 0.00118692 -0.00277532 0.0011931 -0.00711599 -0.00711841 -0.00669101 -0.00648675 -0.00711841 -0.00571695 -0.00648675 -0.00505485 -0.00669101 -0.00648675 -0.00634566 -0.00599468 -0.00648675 -0.00505485 -0.00599468 -0.0045519 -0.00571695 -0.00277532 -0.00505485 -0.002343 -0.00277532 0.0011931 -0.002343 0.00119886 -0.00505485 -0.002343 -0.0045519 -0.00201897 -0.002343 0.00119886 -0.00201897 0.00120393 -0.00295956 -0.00394958 -0.0030354 -0.00399871 -0.00394958 -0.004988 -0.00399871 -0.00496895 -0.0030354 -0.00399871 -0.00308723 -0.00402962 -0.00399871 -0.00496895 -0.00402962 -0.00495022 -0.004988 -0.00588766 -0.00496895 -0.00575575 -0.00588766 -0.00634566 -0.00575575 -0.00607916 -0.00496895 -0.00575575 -0.00495022 -0.00565801 -0.00575575 -0.00607916 -0.00565801 -0.00589017 -0.00308723 -0.00402962 -0.00311738 -0.0040465 -0.00402962 -0.00495022 -0.0040465 -0.00493701 -0.00311738 -0.0040465 -0.00312727 -0.00405185 -0.0040465 -0.00493701 -0.00405185 -0.00493229 -0.00495022 -0.00565801 -0.00493701 -0.00559806 -0.00565801 -0.00589017 -0.00559806 -0.00577739 -0.00493701 -0.00559806 -0.00493229 -0.00557787 -0.00559806 -0.00577739 -0.00557787 -0.00573991 -0.00634566 -0.00599468 -0.00607916 -0.00562688 -0.00599468 -0.0045519 -0.00562688 -0.0041832 -0.00607916 -0.00562688 -0.00589017 -0.00537194 -0.00562688 -0.0041832 -0.00537194 -0.00393126 -0.0045519 -0.00201897 -0.0041832 -0.00178389 -0.00201897 0.00120393 -0.00178389 0.00120808 -0.0041832 -0.00178389 -0.00393126 -0.00162448 -0.00178389 0.00120808 -0.00162448 0.00121117 -0.00589017 -0.00537194 -0.00577739 -0.00522204 -0.00537194 -0.00393126 -0.00522204 -0.00378449 -0.00577739 -0.00522204 -0.00573991 -0.00517257 -0.00522204 -0.00378449 -0.00517257 -0.00373628 -0.00393126 -0.00162448 -0.00378449 -0.00153206 -0.00162448 0.00121117 -0.00153206 0.00121307 -0.00378449 -0.00153206 -0.00373628 -0.00150178 -0.00153206 0.00121307 -0.00150178 0.00121371 0.00118066 0.00643938 0.00118692 0.0057079 0.00643938 0.0099913 0.0057079 0.00891065 0.00118692 0.0057079 0.0011931 0.00515351 0.0057079 0.00891065 0.00515351 0.00807286 0.0099913 0.0111607 0.00891065 0.0102095 0.0111607 0.0104222 0.0102095 0.00987581 0.00891065 0.0102095 0.00807286 0.00944189 0.0102095 0.00987581 0.00944189 0.00940095 0.0011931 0.00515351 0.00119886 0.00473394 0.00515351 0.00807286 0.00473394 0.00742681 0.00119886 0.00473394 0.00120393 0.004421 0.00473394 0.00742681 0.004421 0.00693749 0.00807286 0.00944189 0.00742681 0.00883065 0.00944189 0.00940095 0.00883065 0.00900082 0.00742681 0.00883065 0.00693749 0.00835563 0.00883065 0.00900082 0.00835563 0.00867603 0.0104222 0.00875651 0.00987581 0.00862227 0.00875651 0.00697509 0.00862227 0.00711 0.00987581 0.00862227 0.00940095 0.00846985 0.00862227 0.00711 0.00846985 0.00718682 0.00697509 0.00547032 0.00711 0.00571871 0.00547032 0.00431465 0.00571871 0.00457352 0.00711 0.00571871 0.00718682 0.00590642 0.00571871 0.00457352 0.00590642 0.00478438 0.00940095 0.00846985 0.00900082 0.00831882 0.00846985 0.00718682 0.00831882 0.00722518 0.00900082 0.00831882 0.00867603 0.0081822 0.00831882 0.00722518 0.0081822 0.00723952 0.00718682 0.00590642 0.00722518 0.00604561 0.00590642 0.00478438 0.00604561 0.00495228 0.00722518 0.00604561 0.00723952 0.0061462 0.00604561 0.00495228 0.0061462 0.005082 0.00120393 0.004421 0.00120808 0.00419495 0.004421 0.00693749 0.00419495 0.00657971 0.00120808 0.00419495 0.00121117 0.00404218 0.00419495 0.00657971 0.00404218 0.00633573 0.00693749 0.00835563 0.00657971 0.0080013 0.00835563 0.00867603 0.0080013 0.00842567 0.00657971 0.0080013 0.00633573 0.0077561 0.0080013 0.00842567 0.0077561 0.00824829 0.00121117 0.00404218 0.00121307 0.00395384 0.00404218 0.00633573 0.00395384 0.0061938 0.00121307 0.00395384 0.00121371 0.00392494 0.00395384 0.0061938 0.00392494 0.00614722 0.00633573 0.0077561 0.0061938 0.00761209 0.0077561 0.00824829 0.00761209 0.0081425 0.0061938 0.00761209 0.00614722 0.00756459 0.00761209 0.0081425 0.00756459 0.00810735 0.00867603 0.0081822 0.00842567 0.00806875 0.0081822 0.00723952 0.00806875 0.00724063 0.00842567 0.00806875 0.00824829 0.00798424 0.00806875 0.00724063 0.00798424 0.00723627 0.00723952 0.0061462 0.00724063 0.00621621 0.0061462 0.005082 0.00621621 0.00517791 0.00724063 0.00621621 0.00723627 0.00626186 0.00621621 0.00517791 0.00626186 0.00524366 0.00824829 0.00798424 0.0081425 0.00793224 0.00798424 0.00723627 0.00793224 0.00723166 0.0081425 0.00793224 0.00810735 0.0079147 0.00793224 0.00723166 0.0079147 0.0072298 0.00723627 0.00626186 0.00723166 0.00628752 0.00626186 0.00524366 0.00628752 0.00528199 0.00723166 0.00628752 0.0072298 0.00629578 0.00628752 0.00528199 0.00629578 0.00529458 0.00431465 0.0034428 0.00457352 0.00366338 0.0034428 0.00276783 0.00366338 0.00293412 0.00457352 0.00366338 0.00478438 0.00384974 0.00366338 0.00293412 0.00384974 0.00307608 0.00276783 0.0022215 0.00293412 0.00233111 0.0022215 0.00175694 0.00233111 0.0018104 0.00293412 0.00233111 0.00307608 0.0024223 0.00233111 0.0018104 0.0024223 0.00184898 0.00478438 0.00384974 0.00495228 0.00400297 0.00384974 0.00307608 0.00400297 0.00319384 0.00495228 0.00400297 0.005082 0.00412474 0.00400297 0.00319384 0.00412474 0.00328814 0.00307608 0.0024223 0.00319384 0.00249623 0.0024223 0.00184898 0.00249623 0.00187601 0.00319384 0.00249623 0.00328814 0.00255425 0.00249623 0.00187601 0.00255425 0.00189442 0.00175694 0.00134123 0.0018104 0.00133784 0.00134123 0.000948005 0.00133784 0.000884816 0.0018104 0.00133784 0.00184898 0.00132295 0.00133784 0.000884816 0.00132295 0.000818273 0.000948005 0.000545137 0.000884816 0.00042587 0.000545137 0 0.00042587 0 0.000884816 0.00042587 0.000818273 0.000324367 0.00042587 0 0.000324367 0 0.00184898 0.00132295 0.00187601 0.00130312 0.00132295 0.000818273 0.00130312 0.000759258 0.00187601 0.00130312 0.00189442 0.00128311 0.00130312 0.000759258 0.00128311 0.00071215 0.000818273 0.000324367 0.000759258 0.000260913 0.000324367 0 0.000260913 0 0.000759258 0.000260913 0.00071215 0.00022361 0.000260913 0 0.00022361 0 0.005082 0.00412474 0.00517791 0.00421692 0.00412474 0.00328814 0.00421692 0.00335998 0.00517791 0.00421692 0.00524366 0.00428129 0.00421692 0.00335998 0.00428129 0.00341039 0.00328814 0.00255425 0.00335998 0.00259772 0.00255425 0.00189442 0.00259772 0.00190655 0.00335998 0.00259772 0.00341039 0.00262785 0.00259772 0.00190655 0.00262785 0.00191412 0.00524366 0.00428129 0.00528199 0.0043193 0.00428129 0.00341039 0.0043193 0.00344025 0.00528199 0.0043193 0.00529458 0.00433187 0.0043193 0.00344025 0.00433187 0.00345014 0.00341039 0.00262785 0.00344025 0.00264555 0.00262785 0.00191412 0.00264555 0.00191825 0.00344025 0.00264555 0.00345014 0.00265138 0.00264555 0.00191825 0.00265138 0.00191956 0.00189442 0.00128311 0.00190655 0.00126588 0.00128311 0.00071215 0.00126588 0.000677707 0.00190655 0.00126588 0.00191412 0.00125299 0.00126588 0.000677707 0.00125299 0.000654741 0.00071215 0.00022361 0.000677707 0.000201643 0.00022361 0 0.000201643 0 0.000677707 0.000201643 0.000654741 0.000188879 0.000201643 0 0.000188879 0 0.00191412 0.00125299 0.00191825 0.00124511 0.00125299 0.000654741 0.00124511 0.000641705 0.00191825 0.00124511 0.00191956 0.00124247 0.00124511 0.000641705 0.00124247 0.000637489 0.000654741 0.000188879 0.000641705 0.000182188 0.000188879 0 0.000182188 0 0.000641705 0.000182188 0.000637489 0.000180101 0.000182188 0 0.000180101 0 0 -2.41886e-05 0 -2.30695e-05 -2.41886e-05 -0.000104914 -2.30695e-05 -0.000101795 0 -2.30695e-05 0 -1.94829e-05 -2.30695e-05 -0.000101795 -1.94829e-05 -9.22481e-05 -0.000104914 -0.000274466 -0.000101795 -0.000270169 -0.000274466 -0.000561962 -0.000270169 -0.000556572 -0.000101795 -0.000270169 -9.22481e-05 -0.000257427 -0.000270169 -0.000556572 -0.000257427 -0.00054067 0 -1.94829e-05 0 -1.25734e-05 -1.94829e-05 -9.22481e-05 -1.25734e-05 -7.57146e-05 0 -1.25734e-05 0 -2.18925e-07 -1.25734e-05 -7.57146e-05 -2.18925e-07 -5.13803e-05 -9.22481e-05 -0.000257427 -7.57146e-05 -0.000236752 -0.000257427 -0.00054067 -0.000236752 -0.000515095 -7.57146e-05 -0.000236752 -5.13803e-05 -0.000209218 -0.000236752 -0.000515095 -0.000209218 -0.000481326 -0.000561962 -0.000985404 -0.000556572 -0.000978355 -0.000985404 -0.00155612 -0.000978355 -0.00154707 -0.000556572 -0.000978355 -0.00054067 -0.000957433 -0.000978355 -0.00154707 -0.000957433 -0.00152001 -0.00155612 -0.00227621 -0.00154707 -0.00226572 -0.00227621 -0.00312727 -0.00226572 -0.00311738 -0.00154707 -0.00226572 -0.00152001 -0.00223411 -0.00226572 -0.00311738 -0.00223411 -0.00308723 -0.00054067 -0.000957433 -0.000515095 -0.000923321 -0.000957433 -0.00152001 -0.000923321 -0.00147522 -0.000515095 -0.000923321 -0.000481326 -0.000877196 -0.000923321 -0.00147522 -0.000877196 -0.00141318 -0.00152001 -0.00223411 -0.00147522 -0.00218095 -0.00223411 -0.00308723 -0.00218095 -0.0030354 -0.00147522 -0.00218095 -0.00141318 -0.00210559 -0.00218095 -0.0030354 -0.00210559 -0.00295956 0 -2.18925e-07 0 2.25182e-05 -2.18925e-07 -5.13803e-05 2.25182e-05 -1.86619e-05 0 2.25182e-05 0 6.61162e-05 2.25182e-05 -1.86619e-05 6.61162e-05 2.16012e-05 -5.13803e-05 -0.000209218 -1.86619e-05 -0.000176789 -0.000209218 -0.000481326 -0.000176789 -0.000441584 -1.86619e-05 -0.000176789 2.16012e-05 -0.000142762 -0.000176789 -0.000441584 -0.000142762 -0.000398913 0 6.61162e-05 0 0.000146096 6.61162e-05 2.16012e-05 0.000146096 6.57497e-05 0 0.000146096 0 0.000251464 0.000146096 6.57497e-05 0.000251464 0.000104811 2.16012e-05 -0.000142762 6.57497e-05 -0.00011216 -0.000142762 -0.000398913 -0.00011216 -0.0003572 6.57497e-05 -0.00011216 0.000104811 -9.19206e-05 -0.00011216 -0.0003572 -9.19206e-05 -0.000321128 -0.000481326 -0.000877196 -0.000441584 -0.000820764 -0.000877196 -0.00141318 -0.000820764 -0.00133469 -0.000441584 -0.000820764 -0.000398913 -0.000756297 -0.000820764 -0.00133469 -0.000756297 -0.00124093 -0.00141318 -0.00210559 -0.00133469 -0.0020073 -0.00210559 -0.00295956 -0.0020073 -0.00285658 -0.00133469 -0.0020073 -0.00124093 -0.00188538 -0.0020073 -0.00285658 -0.00188538 -0.00272266 -0.000398913 -0.000756297 -0.0003572 -0.000686638 -0.000756297 -0.00124093 -0.000686638 -0.00113359 -0.0003572 -0.000686638 -0.000321128 -0.000615185 -0.000686638 -0.00113359 -0.000615185 -0.00101496 -0.00124093 -0.00188538 -0.00113359 -0.00173944 -0.00188538 -0.00272266 -0.00173944 -0.00255355 -0.00113359 -0.00173944 -0.00101496 -0.00156957 -0.00173944 -0.00255355 -0.00156957 -0.0023447 -0.00312727 -0.00405185 -0.00311738 -0.0040465 -0.00405185 -0.00493229 -0.0040465 -0.00493701 -0.00311738 -0.0040465 -0.00308723 -0.00402962 -0.0040465 -0.00493701 -0.00402962 -0.00495022 -0.00493229 -0.00557787 -0.00493701 -0.00559806 -0.00557787 -0.00573991 -0.00559806 -0.00577739 -0.00493701 -0.00559806 -0.00495022 -0.00565801 -0.00559806 -0.00577739 -0.00565801 -0.00589017 -0.00308723 -0.00402962 -0.0030354 -0.00399871 -0.00402962 -0.00495022 -0.00399871 -0.00496895 -0.0030354 -0.00399871 -0.00295956 -0.00394958 -0.00399871 -0.00496895 -0.00394958 -0.004988 -0.00495022 -0.00565801 -0.00496895 -0.00575575 -0.00565801 -0.00589017 -0.00575575 -0.00607916 -0.00496895 -0.00575575 -0.004988 -0.00588766 -0.00575575 -0.00607916 -0.00588766 -0.00634566 -0.00573991 -0.00517257 -0.00577739 -0.00522204 -0.00517257 -0.00373628 -0.00522204 -0.00378449 -0.00577739 -0.00522204 -0.00589017 -0.00537194 -0.00522204 -0.00378449 -0.00537194 -0.00393126 -0.00373628 -0.00150178 -0.00378449 -0.00153206 -0.00150178 0.00121371 -0.00153206 0.00121307 -0.00378449 -0.00153206 -0.00393126 -0.00162448 -0.00153206 0.00121307 -0.00162448 0.00121117 -0.00589017 -0.00537194 -0.00607916 -0.00562688 -0.00537194 -0.00393126 -0.00562688 -0.0041832 -0.00607916 -0.00562688 -0.00634566 -0.00599468 -0.00562688 -0.0041832 -0.00599468 -0.0045519 -0.00393126 -0.00162448 -0.0041832 -0.00178389 -0.00162448 0.00121117 -0.00178389 0.00120808 -0.0041832 -0.00178389 -0.0045519 -0.00201897 -0.00178389 0.00120808 -0.00201897 0.00120393 -0.00295956 -0.00394958 -0.00285658 -0.00387622 -0.00394958 -0.004988 -0.00387622 -0.00499966 -0.00285658 -0.00387622 -0.00272266 -0.0037708 -0.00387622 -0.00499966 -0.0037708 -0.00499312 -0.004988 -0.00588766 -0.00499966 -0.00604794 -0.00588766 -0.00634566 -0.00604794 -0.00669101 -0.00499966 -0.00604794 -0.00499312 -0.00622772 -0.00604794 -0.00669101 -0.00622772 -0.00711599 -0.00272266 -0.0037708 -0.00255355 -0.00362354 -0.0037708 -0.00499312 -0.00362354 -0.00495388 -0.00255355 -0.00362354 -0.0023447 -0.00342234 -0.00362354 -0.00495388 -0.00342234 -0.00486218 -0.00499312 -0.00622772 -0.00495388 -0.00641383 -0.00622772 -0.00711599 -0.00641383 -0.00761979 -0.00495388 -0.00641383 -0.00486218 -0.0065865 -0.00641383 -0.00761979 -0.0065865 -0.00819894 -0.00634566 -0.00599468 -0.00669101 -0.00648675 -0.00599468 -0.0045519 -0.00648675 -0.00505485 -0.00669101 -0.00648675 -0.00711599 -0.00711841 -0.00648675 -0.00505485 -0.00711841 -0.00571695 -0.0045519 -0.00201897 -0.00505485 -0.002343 -0.00201897 0.00120393 -0.002343 0.00119886 -0.00505485 -0.002343 -0.00571695 -0.00277532 -0.002343 0.00119886 -0.00277532 0.0011931 -0.00711599 -0.00711841 -0.00761979 -0.00790953 -0.00711841 -0.00571695 -0.00790953 -0.00657286 -0.00761979 -0.00790953 -0.00819894 -0.0088871 -0.00790953 -0.00657286 -0.0088871 -0.00767324 -0.00571695 -0.00277532 -0.00657286 -0.00334365 -0.00277532 0.0011931 -0.00334365 0.00118692 -0.00657286 -0.00334365 -0.00767324 -0.00408966 -0.00334365 0.00118692 -0.00408966 0.00118066 0.00121371 0.00392494 0.00121307 0.00395384 0.00392494 0.00614722 0.00395384 0.0061938 0.00121307 0.00395384 0.00121117 0.00404218 0.00395384 0.0061938 0.00404218 0.00633573 0.00614722 0.00756459 0.0061938 0.00761209 0.00756459 0.00810735 0.00761209 0.0081425 0.0061938 0.00761209 0.00633573 0.0077561 0.00761209 0.0081425 0.0077561 0.00824829 0.00121117 0.00404218 0.00120808 0.00419495 0.00404218 0.00633573 0.00419495 0.00657971 0.00120808 0.00419495 0.00120393 0.004421 0.00419495 0.00657971 0.004421 0.00693749 0.00633573 0.0077561 0.00657971 0.0080013 0.0077561 0.00824829 0.0080013 0.00842567 0.00657971 0.0080013 0.00693749 0.00835563 0.0080013 0.00842567 0.00835563 0.00867603 0.00810735 0.0079147 0.0081425 0.00793224 0.0079147 0.0072298 0.00793224 0.00723166 0.0081425 0.00793224 0.00824829 0.00798424 0.00793224 0.00723166 0.00798424 0.00723627 0.0072298 0.00629578 0.00723166 0.00628752 0.00629578 0.00529458 0.00628752 0.00528199 0.00723166 0.00628752 0.00723627 0.00626186 0.00628752 0.00528199 0.00626186 0.00524366 0.00824829 0.00798424 0.00842567 0.00806875 0.00798424 0.00723627 0.00806875 0.00724063 0.00842567 0.00806875 0.00867603 0.0081822 0.00806875 0.00724063 0.0081822 0.00723952 0.00723627 0.00626186 0.00724063 0.00621621 0.00626186 0.00524366 0.00621621 0.00517791 0.00724063 0.00621621 0.00723952 0.0061462 0.00621621 0.00517791 0.0061462 0.005082 0.00120393 0.004421 0.00119886 0.00473394 0.004421 0.00693749 0.00473394 0.00742681 0.00119886 0.00473394 0.0011931 0.00515351 0.00473394 0.00742681 0.00515351 0.00807286 0.00693749 0.00835563 0.00742681 0.00883065 0.00835563 0.00867603 0.00883065 0.00900082 0.00742681 0.00883065 0.00807286 0.00944189 0.00883065 0.00900082 0.00944189 0.00940095 0.0011931 0.00515351 0.00118692 0.0057079 0.00515351 0.00807286 0.0057079 0.00891065 0.00118692 0.0057079 0.00118066 0.00643938 0.0057079 0.00891065 0.00643938 0.0099913 0.00807286 0.00944189 0.00891065 0.0102095 0.00944189 0.00940095 0.0102095 0.00987581 0.00891065 0.0102095 0.0099913 0.0111607 0.0102095 0.00987581 0.0111607 0.0104222 0.00867603 0.0081822 0.00900082 0.00831882 0.0081822 0.00723952 0.00831882 0.00722518 0.00900082 0.00831882 0.00940095 0.00846985 0.00831882 0.00722518 0.00846985 0.00718682 0.00723952 0.0061462 0.00722518 0.00604561 0.0061462 0.005082 0.00604561 0.00495228 0.00722518 0.00604561 0.00718682 0.00590642 0.00604561 0.00495228 0.00590642 0.00478438 0.00940095 0.00846985 0.00987581 0.00862227 0.00846985 0.00718682 0.00862227 0.00711 0.00987581 0.00862227 0.0104222 0.00875651 0.00862227 0.00711 0.00875651 0.00697509 0.00718682 0.00590642 0.00711 0.00571871 0.00590642 0.00478438 0.00571871 0.00457352 0.00711 0.00571871 0.00697509 0.00547032 0.00571871 0.00457352 0.00547032 0.00431465 0.00529458 0.00433187 0.00528199 0.0043193 0.00433187 0.00345014 0.0043193 0.00344025 0.00528199 0.0043193 0.00524366 0.00428129 0.0043193 0.00344025 0.00428129 0.00341039 0.00345014 0.00265138 0.00344025 0.00264555 0.00265138 0.00191956 0.00264555 0.00191825 0.00344025 0.00264555 0.00341039 0.00262785 0.00264555 0.00191825 0.00262785 0.00191412 0.00524366 0.00428129 0.00517791 0.00421692 0.00428129 0.00341039 0.00421692 0.00335998 0.00517791 0.00421692 0.005082 0.00412474 0.00421692 0.00335998 0.00412474 0.00328814 0.00341039 0.00262785 0.00335998 0.00259772 0.00262785 0.00191412 0.00259772 0.00190655 0.00335998 0.00259772 0.00328814 0.00255425 0.00259772 0.00190655 0.00255425 0.00189442 0.00191956 0.00124247 0.00191825 0.00124511 0.00124247 0.000637489 0.00124511 0.000641705 0.00191825 0.00124511 0.00191412 0.00125299 0.00124511 0.000641705 0.00125299 0.000654741 0.000637489 0.000180101 0.000641705 0.000182188 0.000180101 0 0.000182188 0 0.000641705 0.000182188 0.000654741 0.000188879 0.000182188 0 0.000188879 0 0.00191412 0.00125299 0.00190655 0.00126588 0.00125299 0.000654741 0.00126588 0.000677707 0.00190655 0.00126588 0.00189442 0.00128311 0.00126588 0.000677707 0.00128311 0.00071215 0.000654741 0.000188879 0.000677707 0.000201643 0.000188879 0 0.000201643 0 0.000677707 0.000201643 0.00071215 0.00022361 0.000201643 0 0.00022361 0 0.005082 0.00412474 0.00495228 0.00400297 0.00412474 0.00328814 0.00400297 0.00319384 0.00495228 0.00400297 0.00478438 0.00384974 0.00400297 0.00319384 0.00384974 0.00307608 0.00328814 0.00255425 0.00319384 0.00249623 0.00255425 0.00189442 0.00249623 0.00187601 0.00319384 0.00249623 0.00307608 0.0024223 0.00249623 0.00187601 0.0024223 0.00184898 0.00478438 0.00384974 0.00457352 0.00366338 0.00384974 0.00307608 0.00366338 0.00293412 0.00457352 0.00366338 0.00431465 0.0034428 0.00366338 0.00293412 0.0034428 0.00276783 0.00307608 0.0024223 0.00293412 0.00233111 0.0024223 0.00184898 0.00233111 0.0018104 0.00293412 0.00233111 0.00276783 0.0022215 0.00233111 0.0018104 0.0022215 0.00175694 0.00189442 0.00128311 0.00187601 0.00130312 0.00128311 0.00071215 0.00130312 0.000759258 0.00187601 0.00130312 0.00184898 0.00132295 0.00130312 0.000759258 0.00132295 0.000818273 0.00071215 0.00022361 0.000759258 0.000260913 0.00022361 0 0.000260913 0 0.000759258 0.000260913 0.000818273 0.000324367 0.000260913 0 0.000324367 0 0.00184898 0.00132295 0.0018104 0.00133784 0.00132295 0.000818273 0.00133784 0.000884816 0.0018104 0.00133784 0.00175694 0.00134123 0.00133784 0.000884816 0.00134123 0.000948005 0.000818273 0.000324367 0.000884816 0.00042587 0.000324367 0 0.00042587 0 0.000884816 0.00042587 0.000948005 0.000545137 0.00042587 0 0.000545137 0 0 0.000251464 0 1.03163e-05 0.000251464 0.000104811 1.03163e-05 -3.18894e-05 0 1.03163e-05 0 -0.000118186 1.03163e-05 -3.18894e-05 -0.000118186 -0.000138369 0.000104811 -9.19206e-05 -3.18894e-05 -0.000166763 -9.19206e-05 -0.000321128 -0.000166763 -0.000365299 -3.18894e-05 -0.000166763 -0.000138369 -0.00022713 -0.000166763 -0.000365299 -0.00022713 -0.00038864 0 -0.000118186 0 -0.000177687 -0.000118186 -0.000138369 -0.000177687 -0.000209618 0 -0.000177687 0 -0.00020108 -0.000177687 -0.000209618 -0.00020108 -0.000242573 -0.000138369 -0.00022713 -0.000209618 -0.000263689 -0.00022713 -0.00038864 -0.000263689 -0.000387088 -0.000209618 -0.000263689 -0.000242573 -0.000271461 -0.000263689 -0.000387088 -0.000271461 -0.000358568 -0.000321128 -0.000615185 -0.000365299 -0.000641255 -0.000615185 -0.00101496 -0.000641255 -0.00102353 -0.000365299 -0.000641255 -0.00038864 -0.000633948 -0.000641255 -0.00102353 -0.000633948 -0.000981977 -0.00101496 -0.00156957 -0.00102353 -0.00155038 -0.00156957 -0.0023447 -0.00155038 -0.00227043 -0.00102353 -0.00155038 -0.000981977 -0.00145861 -0.00155038 -0.00227043 -0.00145861 -0.00209516 -0.00038864 -0.000633948 -0.000387088 -0.000593783 -0.000633948 -0.000981977 -0.000593783 -0.000895242 -0.000387088 -0.000593783 -0.000358568 -0.000522453 -0.000593783 -0.000895242 -0.000522453 -0.000769168 -0.000981977 -0.00145861 -0.000895242 -0.00130582 -0.00145861 -0.00209516 -0.00130582 -0.00184183 -0.000895242 -0.00130582 -0.000769168 -0.00110365 -0.00130582 -0.00184183 -0.00110365 -0.00153061 0 -0.00020108 0 -0.000200269 -0.00020108 -0.000242573 -0.000200269 -0.000239047 0 -0.000200269 0 -0.000175899 -0.000200269 -0.000239047 -0.000175899 -0.00019929 -0.000242573 -0.000271461 -0.000239047 -0.000248279 -0.000271461 -0.000358568 -0.000248279 -0.000302892 -0.000239047 -0.000248279 -0.00019929 -0.000194023 -0.000248279 -0.000302892 -0.000194023 -0.000221781 0 -0.000175899 0 -0.000117497 -0.000175899 -0.00019929 -0.000117497 -0.00012114 0 -0.000117497 0 0 -0.000117497 -0.00012114 0 0 -0.00019929 -0.000194023 -0.00012114 -0.000110141 -0.000194023 -0.000221781 -0.000110141 -0.000118876 -0.00012114 -0.000110141 0 0 -0.000110141 -0.000118876 0 0 -0.000358568 -0.000522453 -0.000302892 -0.000422819 -0.000522453 -0.000769168 -0.000422819 -0.00061008 -0.000302892 -0.000422819 -0.000221781 -0.000298887 -0.000422819 -0.00061008 -0.000298887 -0.000424502 -0.000769168 -0.00110365 -0.00061008 -0.000862991 -0.00110365 -0.00153061 -0.000862991 -0.0011786 -0.00061008 -0.000862991 -0.000424502 -0.000593584 -0.000862991 -0.0011786 -0.000593584 -0.000799634 -0.000221781 -0.000298887 -0.000118876 -0.00015582 -0.000298887 -0.000424502 -0.00015582 -0.000218981 -0.000118876 -0.00015582 0 0 -0.00015582 -0.000218981 0 0 -0.000424502 -0.000593584 -0.000218981 -0.0003037 -0.000593584 -0.000799634 -0.0003037 -0.000404329 -0.000218981 -0.0003037 0 0 -0.0003037 -0.000404329 0 0 -0.0023447 -0.00342234 -0.00227043 -0.00323496 -0.00342234 -0.00486218 -0.00323496 -0.00446 -0.00227043 -0.00323496 -0.00209516 -0.00291918 -0.00323496 -0.00446 -0.00291918 -0.00392381 -0.00486218 -0.0065865 -0.00446 -0.00583739 -0.0065865 -0.00819894 -0.00583739 -0.00701529 -0.00446 -0.00583739 -0.00392381 -0.00500293 -0.00583739 -0.00701529 -0.00500293 -0.00586844 -0.00209516 -0.00291918 -0.00184183 -0.00251408 -0.00291918 -0.00392381 -0.00251408 -0.0033063 -0.00184183 -0.00251408 -0.00153061 -0.00205009 -0.00251408 -0.0033063 -0.00205009 -0.0026443 -0.00392381 -0.00500293 -0.0033063 -0.00412973 -0.00500293 -0.00586844 -0.00412973 -0.00476227 -0.0033063 -0.00412973 -0.0026443 -0.00324722 -0.00412973 -0.00476227 -0.00324722 -0.00369823 -0.00819894 -0.0088871 -0.00701529 -0.00736169 -0.0088871 -0.00767324 -0.00736169 -0.00617859 -0.00701529 -0.00736169 -0.00586844 -0.00603219 -0.00736169 -0.00617859 -0.00603219 -0.00497321 -0.00767324 -0.00408966 -0.00617859 -0.00318368 -0.00408966 0.00118066 -0.00318368 0.00106909 -0.00617859 -0.00318368 -0.00497321 -0.00249879 -0.00318368 0.00106909 -0.00249879 0.000947596 -0.00586844 -0.00603219 -0.00476227 -0.00483192 -0.00603219 -0.00497321 -0.00483192 -0.00394048 -0.00476227 -0.00483192 -0.00369823 -0.00372223 -0.00483192 -0.00394048 -0.00372223 -0.00301613 -0.00497321 -0.00249879 -0.00394048 -0.00194188 -0.00249879 0.000947596 -0.00194188 0.000816015 -0.00394048 -0.00194188 -0.00301613 -0.00146295 -0.00194188 0.000816015 -0.00146295 0.000674161 -0.00153061 -0.00205009 -0.0011786 -0.00155092 -0.00205009 -0.0026443 -0.00155092 -0.00196468 -0.0011786 -0.00155092 -0.000799634 -0.00103467 -0.00155092 -0.00196468 -0.00103467 -0.00128761 -0.0026443 -0.00324722 -0.00196468 -0.00237646 -0.00324722 -0.00369823 -0.00237646 -0.00267986 -0.00196468 -0.00237646 -0.00128761 -0.00153447 -0.00237646 -0.00267986 -0.00153447 -0.00171467 -0.000799634 -0.00103467 -0.000404329 -0.000514686 -0.00103467 -0.00128761 -0.000514686 -0.000628637 -0.000404329 -0.000514686 0 0 -0.000514686 -0.000628637 0 0 -0.00128761 -0.00153447 -0.000628637 -0.00073693 -0.00153447 -0.00171467 -0.00073693 -0.000815234 -0.000628637 -0.00073693 0 0 -0.00073693 -0.000815234 0 0 -0.00369823 -0.00372223 -0.00267986 -0.00268347 -0.00372223 -0.00301613 -0.00268347 -0.00216631 -0.00267986 -0.00268347 -0.00171467 -0.00171065 -0.00268347 -0.00216631 -0.00171065 -0.0013778 -0.00301613 -0.00146295 -0.00216631 -0.00103568 -0.00146295 0.000674161 -0.00103568 0.00052183 -0.00216631 -0.00103568 -0.0013778 -0.000649025 -0.00103568 0.00052183 -0.000649025 0.000358821 -0.00171467 -0.00171065 -0.000815234 -0.000810535 -0.00171065 -0.0013778 -0.000810535 -0.00065183 -0.000815234 -0.000810535 0 0 -0.000810535 -0.00065183 0 0 -0.0013778 -0.000649025 -0.00065183 -0.000301988 -0.000649025 0.000358821 -0.000301988 0.00018494 -0.00065183 -0.000301988 0 0 -0.000301988 0.00018494 0 0 0.00118066 0.00643938 0.00106909 0.00531211 0.00643938 0.0099913 0.00531211 0.00828019 0.00106909 0.00531211 0.000947596 0.0043859 0.00531211 0.00828019 0.0043859 0.00683794 0.0099913 0.0111607 0.00828019 0.00942502 0.0111607 0.0104222 0.00942502 0.00903415 0.00828019 0.00942502 0.00683794 0.00786449 0.00942502 0.00903415 0.00786449 0.00766221 0.000947596 0.0043859 0.000816015 0.00356736 0.0043859 0.00683794 0.00356736 0.00554767 0.000816015 0.00356736 0.000674161 0.00280612 0.00356736 0.00554767 0.00280612 0.00434486 0.00683794 0.00786449 0.00554767 0.00641225 0.00786449 0.00766221 0.00641225 0.00631011 0.00554767 0.00641225 0.00434486 0.00502951 0.00641225 0.00631011 0.00502951 0.00497921 0.0104222 0.00875651 0.00903415 0.00780792 0.00875651 0.00697509 0.00780792 0.0063774 0.00903415 0.00780792 0.00766221 0.00675381 0.00780792 0.0063774 0.00675381 0.00562668 0.00697509 0.00547032 0.0063774 0.00509115 0.00547032 0.00431465 0.00509115 0.00405278 0.0063774 0.00509115 0.00562668 0.00456615 0.00509115 0.00405278 0.00456615 0.00367435 0.00766221 0.00675381 0.00631011 0.00564074 0.00675381 0.00562668 0.00564074 0.00477545 0.00631011 0.00564074 0.00497921 0.00449795 0.00564074 0.00477545 0.00449795 0.00386024 0.00562668 0.00456615 0.00477545 0.00393405 0.00456615 0.00367435 0.00393405 0.00320184 0.00477545 0.00393405 0.00386024 0.00322486 0.00393405 0.00320184 0.00322486 0.00265488 0.000674161 0.00280612 0.00052183 0.00207551 0.00280612 0.00434486 0.00207551 0.00319537 0.00052183 0.00207551 0.000358821 0.00136412 0.00207551 0.00319537 0.00136412 0.00208571 0.00434486 0.00502951 0.00319537 0.00369643 0.00502951 0.00497921 0.00369643 0.00367287 0.00319537 0.00369643 0.00208571 0.00240778 0.00369643 0.00367287 0.00240778 0.00239838 0.000358821 0.00136412 0.00018494 0.000670582 0.00136412 0.00208571 0.000670582 0.00101681 0.00018494 0.000670582 0 0 0.000670582 0.00101681 0 0 0.00208571 0.00240778 0.00101681 0.0011701 0.00240778 0.00239838 0.0011701 0.00116804 0.00101681 0.0011701 0 0 0.0011701 0.00116804 0 0 0.00497921 0.00449795 0.00367287 0.00334628 0.00449795 0.00386024 0.00334628 0.00290758 0.00367287 0.00334628 0.00239838 0.00220244 0.00334628 0.00290758 0.00220244 0.00193718 0.00386024 0.00322486 0.00290758 0.00246176 0.00322486 0.00265488 0.00246176 0.00204988 0.00290758 0.00246176 0.00193718 0.00166222 0.00246176 0.00204988 0.00166222 0.00139989 0.00239838 0.00220244 0.00116804 0.00108177 0.00220244 0.00193718 0.00108177 0.000964101 0.00116804 0.00108177 0 0 0.00108177 0.000964101 0 0 0.00193718 0.00166222 0.000964101 0.000838881 0.00166222 0.00139989 0.000838881 0.000714526 0.000964101 0.000838881 0 0 0.000838881 0.000714526 0 0 0.00431465 0.0034428 0.00405278 0.00324115 0.0034428 0.00276783 0.00324115 0.00259989 0.00405278 0.00324115 0.00367435 0.00295331 0.00324115 0.00259989 0.00295331 0.00236991 0.00276783 0.0022215 0.00259989 0.00207609 0.0022215 0.00175694 0.00207609 0.00162854 0.00259989 0.00207609 0.00236991 0.00188647 0.00207609 0.00162854 0.00188647 0.00146966 0.00367435 0.00295331 0.00320184 0.00259049 0.00295331 0.00236991 0.00259049 0.00208314 0.00320184 0.00259049 0.00265488 0.00216384 0.00259049 0.00208314 0.00216384 0.00174556 0.00236991 0.00188647 0.00208314 0.00165541 0.00188647 0.00146966 0.00165541 0.00128248 0.00208314 0.00165541 0.00174556 0.00138632 0.00165541 0.00128248 0.00138632 0.00106927 0.00175694 0.00134123 0.00162854 0.00122491 0.00134123 0.000948005 0.00122491 0.000835115 0.00162854 0.00122491 0.00146966 0.0010906 0.00122491 0.000835115 0.0010906 0.000721808 0.000948005 0.000545137 0.000835115 0.000420856 0.000545137 0 0.000420856 0 0.000835115 0.000420856 0.000721808 0.00033504 0.000420856 0 0.00033504 0 0.00146966 0.0010906 0.00128248 0.000940751 0.0010906 0.000721808 0.000940751 0.000608184 0.00128248 0.000940751 0.00106927 0.000776907 0.000940751 0.000608184 0.000776907 0.000494539 0.000721808 0.00033504 0.000608184 0.000273675 0.00033504 0 0.000273675 0 0.000608184 0.000273675 0.000494539 0.000221955 0.000273675 0 0.000221955 0 0.00265488 0.00216384 0.00204988 0.00168361 0.00216384 0.00174556 0.00168361 0.00136321 0.00204988 0.00168361 0.00139989 0.00115858 0.00168361 0.00136321 0.00115858 0.000941715 0.00174556 0.00138632 0.00136321 0.00108281 0.00138632 0.00106927 0.00108281 0.00083229 0.00136321 0.00108281 0.000941715 0.000748433 0.00108281 0.00083229 0.000748433 0.000573736 0.00139989 0.00115858 0.000714526 0.000595703 0.00115858 0.000941715 0.000595703 0.000485968 0.000714526 0.000595703 0 0 0.000595703 0.000485968 0 0 0.000941715 0.000748433 0.000485968 0.000386508 0.000748433 0.000573736 0.000386508 0.00029567 0.000485968 0.000386508 0 0 0.000386508 0.00029567 0 0 0.00106927 0.000776907 0.00083229 0.000600066 0.000776907 0.000494539 0.000600066 0.000378469 0.00083229 0.000600066 0.000573736 0.000410992 0.000600066 0.000378469 0.000410992 0.000257683 0.000494539 0.000221955 0.000378469 0.000172755 0.000221955 0 0.000172755 0 0.000378469 0.000172755 0.000257683 0.000121887 0.000172755 0 0.000121887 0 0.000573736 0.000410992 0.00029567 0.000210568 0.000410992 0.000257683 0.000210568 0.00013127 0.00029567 0.000210568 0 0 0.000210568 0.00013127 0 0 0.000257683 0.000121887 0.00013127 6.55123e-05 0.000121887 0 6.55123e-05 0 0.00013127 6.55123e-05 0 0 6.55123e-05 0 0 0 
SCALARS y_dis double 1
LOOKUP_TABLE default
0 0 0 -0.000122069 0 0 -0.000122069 -0.000162154 0 -0.000122069 0 -0.000233109 -0.000122069 -0.000162154 -0.000233109 -0.000326188 0 0 -0.000162154 -0.000176934 0 0 -0.000176934 -0.000178783 -0.000162154 -0.000176934 -0.000326188 -0.00035327 -0.000176934 -0.000178783 -0.00035327 -0.000348969 0 -0.000233109 0 -0.000334871 -0.000233109 -0.000326188 -0.000334871 -0.000489385 0 -0.000334871 0 -0.000438065 -0.000334871 -0.000489385 -0.000438065 -0.000652039 -0.000326188 -0.00035327 -0.000489385 -0.000525394 -0.00035327 -0.000348969 -0.000525394 -0.000508674 -0.000489385 -0.000525394 -0.000652039 -0.000690966 -0.000525394 -0.000508674 -0.000690966 -0.000656524 0 0 -0.000178783 -0.00017694 0 0 -0.00017694 -0.000175923 -0.000178783 -0.00017694 -0.000348969 -0.000336744 -0.00017694 -0.000175923 -0.000336744 -0.000326889 0 0 -0.000175923 -0.000177008 0 0 -0.000177008 -0.000178627 -0.000175923 -0.000177008 -0.000326889 -0.000322085 -0.000177008 -0.000178627 -0.000322085 -0.000318714 -0.000348969 -0.000336744 -0.000508674 -0.000479202 -0.000336744 -0.000326889 -0.000479202 -0.000453276 -0.000508674 -0.000479202 -0.000656524 -0.000604358 -0.000479202 -0.000453276 -0.000604358 -0.000555712 -0.000326889 -0.000322085 -0.000453276 -0.000434801 -0.000322085 -0.000318714 -0.000434801 -0.000417622 -0.000453276 -0.000434801 -0.000555712 -0.000515107 -0.000434801 -0.000417622 -0.000515107 -0.000473353 0 -0.000438065 0 -0.000553932 -0.000438065 -0.000652039 -0.000553932 -0.000815573 0 -0.000553932 0 -0.000695597 -0.000553932 -0.000815573 -0.000695597 -0.00097885 -0.000652039 -0.000690966 -0.000815573 -0.000848244 -0.000690966 -0.000656524 -0.000848244 -0.000791818 -0.000815573 -0.000848244 -0.00097885 -0.000995658 -0.000848244 -0.000791818 -0.000995658 -0.000914706 0 -0.000695597 0 -0.000874616 -0.000695597 -0.00097885 -0.000874616 -0.00113479 0 -0.000874616 0 -0.00104223 -0.000874616 -0.00113479 -0.00104223 -0.00127588 -0.00097885 -0.000995658 -0.00113479 -0.00113173 -0.000995658 -0.000914706 -0.00113173 -0.00102652 -0.00113479 -0.00113173 -0.00127588 -0.00125619 -0.00113173 -0.00102652 -0.00125619 -0.00113024 -0.000656524 -0.000604358 -0.000791818 -0.000712912 -0.000604358 -0.000555712 -0.000712912 -0.000635589 -0.000791818 -0.000712912 -0.000914706 -0.000806567 -0.000712912 -0.000635589 -0.000806567 -0.000695521 -0.000555712 -0.000515107 -0.000635589 -0.00056397 -0.000515107 -0.000473353 -0.00056397 -0.000485167 -0.000635589 -0.00056397 -0.000695521 -0.000584 -0.00056397 -0.000485167 -0.000584 -0.000454339 -0.000914706 -0.000806567 -0.00102652 -0.000888329 -0.000806567 -0.000695521 -0.000888329 -0.000739732 -0.00102652 -0.000888329 -0.00113024 -0.000962819 -0.000888329 -0.000739732 -0.000962819 -0.000774442 -0.000695521 -0.000584 -0.000739732 -0.000580124 -0.000584 -0.000454339 -0.000580124 -0.000385207 -0.000739732 -0.000580124 -0.000774442 -0.000560366 -0.000580124 -0.000385207 -0.000560366 -0.00028661 0 0 -0.000178627 -0.000175241 0 0 -0.000175241 -0.000156429 -0.000178627 -0.000175241 -0.000318714 -0.000303297 -0.000175241 -0.000156429 -0.000303297 -0.000248254 0 0 -0.000156429 -0.000109182 0 0 -0.000109182 -2.52305e-05 -0.000156429 -0.000109182 -0.000248254 -0.000115224 -0.000109182 -2.52305e-05 -0.000115224 0.00012636 -0.000318714 -0.000303297 -0.000417622 -0.000378566 -0.000303297 -0.000248254 -0.000378566 -0.000267805 -0.000417622 -0.000378566 -0.000473353 -0.000396445 -0.000378566 -0.000267805 -0.000396445 -0.000208677 -0.000248254 -0.000115224 -0.000267805 -1.12937e-05 -0.000115224 0.00012636 -1.12937e-05 0.000457373 -0.000267805 -1.12937e-05 -0.000208677 0.000208361 -1.12937e-05 0.000457373 0.000208361 0.000970177 0 0 -2.52305e-05 8.96584e-05 0 0 8.96584e-05 0.000212077 -2.52305e-05 8.96584e-05 0.00012636 0.000469365 8.96584e-05 0.000212077 0.000469365 0.000848574 0 0 0.000212077 0.000308104 0 0 0.000308104 0.000347936 0.000212077 0.000308104 0.000848574 0.00115362 0.000308104 0.000347936 0.00115362 0.0012781 0.00012636 0.000469365 0.000457373 0.00113636 0.000469365 0.000848574 0.00113636 0.00190353 0.000457373 0.00113636 0.000970177 0.00208889 0.00113636 0.00190353 0.00208889 0.00337298 0.000848574 0.00115362 0.00190353 0.00253033 0.00115362 0.0012781 0.00253033 0.00278476 0.00190353 0.00253033 0.00337298 0.00443445 0.00253033 0.00278476 0.00443445 0.00486462 -0.000473353 -0.000396445 -0.000485167 -0.000353534 -0.000396445 -0.000208677 -0.000353534 -6.50335e-05 -0.000485167 -0.000353534 -0.000454339 -0.000248164 -0.000353534 -6.50335e-05 -0.000248164 0.000168812 -0.000208677 0.000208361 -6.50335e-05 0.000550101 0.000208361 0.000970177 0.000550101 0.00166889 -6.50335e-05 0.000550101 0.000168812 0.00102285 0.000550101 0.00166889 0.00102285 0.00256252 -0.000454339 -0.000248164 -0.000385207 -8.14788e-05 -0.000248164 0.000168812 -8.14788e-05 0.000498336 -0.000385207 -8.14788e-05 -0.00028661 0.000140772 -8.14788e-05 0.000498336 0.000140772 0.000928317 0.000168812 0.00102285 0.000498336 0.00164053 0.00102285 0.00256252 0.00164053 0.00367005 0.000498336 0.00164053 0.000928317 0.00242564 0.00164053 0.00367005 0.00242564 0.00502922 0.000970177 0.00208889 0.00166889 0.0033273 0.00208889 0.00337298 0.0033273 0.00525435 0.00166889 0.0033273 0.00256252 0.00485653 0.0033273 0.00525435 0.00485653 0.00754626 0.00337298 0.00443445 0.00525435 0.00686244 0.00443445 0.00486462 0.00686244 0.00751418 0.00525435 0.00686244 0.00754626 0.00980754 0.00686244 0.00751418 0.00980754 0.0107246 0.00256252 0.00485653 0.00367005 0.00669131 0.00485653 0.00754626 0.00669131 0.0102491 0.00367005 0.00669131 0.00502922 0.00886535 0.00669131 0.0102491 0.00886535 0.0133662 0.00754626 0.00980754 0.0102491 0.0132537 0.00980754 0.0107246 0.0132537 0.0144727 0.0102491 0.0132537 0.0133662 0.0171647 0.0132537 0.0144727 0.0171647 0.0187041 0 0 0.000347936 0.000319787 0 0 0.000319787 0.000235531 0.000347936 0.000319787 0.0012781 0.00117783 0.000319787 0.000235531 0.00117783 0.000897009 0 0 0.000235531 0.000124979 0 0 0.000124979 2.19883e-05 0.000235531 0.000124979 0.000897009 0.000542011 0.000124979 2.19883e-05 0.000542011 0.000223189 0.0012781 0.00117783 0.00278476 0.00256795 0.00117783 0.000897009 0.00256795 0.00197852 0.00278476 0.00256795 0.00486462 0.00448638 0.00256795 0.00197852 0.00448638 0.00347614 0.000897009 0.000542011 0.00197852 0.00124838 0.000542011 0.000223189 0.00124838 0.000606206 0.00197852 0.00124838 0.00347614 0.00224236 0.00124838 0.000606206 0.00224236 0.00117336 0 0 2.19883e-05 -5.0102e-05 0 0 -5.0102e-05 -8.55502e-05 2.19883e-05 -5.0102e-05 0.000223189 5.75124e-06 -5.0102e-05 -8.55502e-05 5.75124e-06 -0.000103132 0 0 -8.55502e-05 -9.26028e-05 0 0 -9.26028e-05 -8.41998e-05 -8.55502e-05 -9.26028e-05 -0.000103132 -0.00013391 -9.26028e-05 -8.41998e-05 -0.00013391 -0.000124683 0.000223189 5.75124e-06 0.000606206 0.000174317 5.75124e-06 -0.000103132 0.000174317 -4.52363e-05 0.000606206 0.000174317 0.00117336 0.000461216 0.000174317 -4.52363e-05 0.000461216 9.43175e-05 -0.000103132 -0.00013391 -4.52363e-05 -0.000118565 -0.00013391 -0.000124683 -0.000118565 -0.00011918 -4.52363e-05 -0.000118565 9.43175e-05 -4.22966e-05 -0.000118565 -0.00011918 -4.22966e-05 -6.61928e-05 0.00486462 0.00448638 0.00751418 0.00692965 0.00448638 0.00347614 0.00692965 0.00538735 0.00751418 0.00692965 0.0107246 0.00989105 0.00692965 0.00538735 0.00989105 0.00771086 0.00347614 0.00224236 0.00538735 0.00352428 0.00224236 0.00117336 0.00352428 0.0019287 0.00538735 0.00352428 0.00771086 0.00509912 0.00352428 0.0019287 0.00509912 0.00288112 0.0107246 0.00989105 0.0144727 0.0133546 0.00989105 0.00771086 0.0133546 0.0104471 0.0144727 0.0133546 0.0187041 0.0172843 0.0133546 0.0104471 0.0172843 0.0135996 0.00771086 0.00509912 0.0104471 0.0069816 0.00509912 0.00288112 0.0069816 0.0040495 0.0104471 0.0069816 0.0135996 0.00920549 0.0069816 0.0040495 0.00920549 0.00547145 0.00117336 0.000461216 0.0019287 0.000872635 0.000461216 9.43175e-05 0.000872635 0.000321084 0.0019287 0.000872635 0.00288112 0.00141728 0.000872635 0.000321084 0.00141728 0.000640411 9.43175e-05 -4.22966e-05 0.000321084 9.78897e-05 -4.22966e-05 -6.61928e-05 9.78897e-05 3.44345e-05 0.000321084 9.78897e-05 0.000640411 0.000303201 9.78897e-05 3.44345e-05 0.000303201 0.000180798 0.00288112 0.00141728 0.0040495 0.0021088 0.00141728 0.000640411 0.0021088 0.00105739 0.0040495 0.0021088 0.00547145 0.00296942 0.0021088 0.00105739 0.00296942 0.00157634 0.000640411 0.000303201 0.00105739 0.000571977 0.000303201 0.000180798 0.000571977 0.00036791 0.00105739 0.000571977 0.00157634 0.000897882 0.000571977 0.00036791 0.000897882 0.000586248 0 0 -8.41998e-05 -7.0644e-05 0 0 -7.0644e-05 -5.73772e-05 -8.41998e-05 -7.0644e-05 -0.000124683 -0.00010256 -7.0644e-05 -5.73772e-05 -0.00010256 -8.0413e-05 0 0 -5.73772e-05 -4.62335e-05 0 0 -4.62335e-05 -3.75641e-05 -5.73772e-05 -4.62335e-05 -8.0413e-05 -6.18275e-05 -4.62335e-05 -3.75641e-05 -6.18275e-05 -4.70457e-05 -0.000124683 -0.00010256 -0.00011918 -9.59564e-05 -0.00010256 -8.0413e-05 -9.59564e-05 -7.07468e-05 -0.00011918 -9.59564e-05 -6.61928e-05 -5.16214e-05 -9.59564e-05 -7.07468e-05 -5.16214e-05 -3.05209e-05 -8.0413e-05 -6.18275e-05 -7.07468e-05 -4.90845e-05 -6.18275e-05 -4.70457e-05 -4.90845e-05 -3.10222e-05 -7.07468e-05 -4.90845e-05 -3.05209e-05 -1.07733e-05 -4.90845e-05 -3.10222e-05 -1.07733e-05 7.53531e-06 0 0 -3.75641e-05 -3.19526e-05 0 0 -3.19526e-05 -3.09749e-05 -3.75641e-05 -3.19526e-05 -4.70457e-05 -3.73143e-05 -3.19526e-05 -3.09749e-05 -3.73143e-05 -3.72486e-05 0 0 -3.09749e-05 -3.36695e-05 0 0 -3.36695e-05 0 -3.09749e-05 -3.36695e-05 -3.72486e-05 -4.74325e-05 -3.36695e-05 0 -4.74325e-05 0 -4.70457e-05 -3.73143e-05 -3.10222e-05 -1.84635e-05 -3.73143e-05 -3.72486e-05 -1.84635e-05 -1.95869e-05 -3.10222e-05 -1.84635e-05 7.53531e-06 2.19328e-05 -1.84635e-05 -1.95869e-05 2.19328e-05 2.1046e-05 -3.72486e-05 -4.74325e-05 -1.95869e-05 -3.89374e-05 -4.74325e-05 0 -3.89374e-05 0 -1.95869e-05 -3.89374e-05 2.1046e-05 -9.02574e-06 -3.89374e-05 0 -9.02574e-06 0 -6.61928e-05 -5.16214e-05 3.44345e-05 2.85669e-05 -5.16214e-05 -3.05209e-05 2.85669e-05 3.73325e-05 3.44345e-05 2.85669e-05 0.000180798 0.000141104 2.85669e-05 3.73325e-05 0.000141104 0.000128821 -3.05209e-05 -1.07733e-05 3.73325e-05 4.97772e-05 -1.07733e-05 7.53531e-06 4.97772e-05 6.52048e-05 3.73325e-05 4.97772e-05 0.000128821 0.0001286 4.97772e-05 6.52048e-05 0.0001286 0.0001381 0.000180798 0.000141104 0.00036791 0.000280245 0.000141104 0.000128821 0.000280245 0.000238636 0.00036791 0.000280245 0.000586248 0.000437244 0.000280245 0.000238636 0.000437244 0.000359861 0.000128821 0.0001286 0.000238636 0.000221049 0.0001286 0.0001381 0.000221049 0.000221958 0.000238636 0.000221049 0.000359861 0.000321747 0.000221049 0.000221958 0.000321747 0.000312221 7.53531e-06 2.19328e-05 6.52048e-05 8.05798e-05 2.19328e-05 2.1046e-05 8.05798e-05 8.24789e-05 6.52048e-05 8.05798e-05 0.0001381 0.000153497 8.05798e-05 8.24789e-05 0.000153497 0.000160607 2.1046e-05 -9.02574e-06 8.24789e-05 4.27802e-05 -9.02574e-06 0 4.27802e-05 0 8.24789e-05 4.27802e-05 0.000160607 0.000118912 4.27802e-05 0 0.000118912 0 0.0001381 0.000153497 0.000221958 0.000236089 0.000153497 0.000160607 0.000236089 0.000248735 0.000221958 0.000236089 0.000312221 0.00032364 0.000236089 0.000248735 0.00032364 0.000340814 0.000160607 0.000118912 0.000248735 0.000221456 0.000118912 0 0.000221456 0 0.000248735 0.000221456 0.000340814 0.000324888 0.000221456 0 0.000324888 0 0 -0.00104223 0 -0.000678996 -0.00104223 -0.00127588 -0.000678996 -0.000992034 0 -0.000678996 0 -0.000401035 -0.000678996 -0.000992034 -0.000401035 -0.000738799 -0.00127588 -0.00125619 -0.000992034 -0.00103327 -0.00125619 -0.00113024 -0.00103327 -0.000937283 -0.000992034 -0.00103327 -0.000738799 -0.000822975 -0.00103327 -0.000937283 -0.000822975 -0.000756566 0 -0.000401035 0 -0.000237019 -0.000401035 -0.000738799 -0.000237019 -0.000531671 0 -0.000237019 0 -0.000142977 -0.000237019 -0.000531671 -0.000142977 -0.000369643 -0.000738799 -0.000822975 -0.000531671 -0.000633647 -0.000822975 -0.000756566 -0.000633647 -0.000591899 -0.000531671 -0.000633647 -0.000369643 -0.000468789 -0.000633647 -0.000591899 -0.000468789 -0.00044513 -0.00113024 -0.000962819 -0.000937283 -0.000774587 -0.000962819 -0.000774442 -0.000774587 -0.000571592 -0.000937283 -0.000774587 -0.000756566 -0.000608008 -0.000774587 -0.000571592 -0.000608008 -0.000406387 -0.000774442 -0.000560366 -0.000571592 -0.000324501 -0.000560366 -0.00028661 -0.000324501 3.88215e-06 -0.000571592 -0.000324501 -0.000406387 -0.000149198 -0.000324501 3.88215e-06 -0.000149198 0.000200157 -0.000756566 -0.000608008 -0.000591899 -0.000463436 -0.000608008 -0.000406387 -0.000463436 -0.000276418 -0.000591899 -0.000463436 -0.00044513 -0.000340234 -0.000463436 -0.000276418 -0.000340234 -0.00017848 -0.000406387 -0.000149198 -0.000276418 -2.9555e-05 -0.000149198 0.000200157 -2.9555e-05 0.000310306 -0.000276418 -2.9555e-05 -0.00017848 4.0546e-05 -2.9555e-05 0.000310306 4.0546e-05 0.000344706 0 -0.000142977 0 -8.63074e-05 -0.000142977 -0.000369643 -8.63074e-05 -0.000245428 0 -8.63074e-05 0 -4.93191e-05 -8.63074e-05 -0.000245428 -4.93191e-05 -0.00014897 -0.000369643 -0.000468789 -0.000245428 -0.000327721 -0.000468789 -0.00044513 -0.000327721 -0.000315801 -0.000245428 -0.000327721 -0.00014897 -0.00020661 -0.000327721 -0.000315801 -0.00020661 -0.000201408 0 -4.93191e-05 0 -2.24797e-05 -4.93191e-05 -0.00014897 -2.24797e-05 -7.02174e-05 0 -2.24797e-05 0 4.38633e-19 -2.24797e-05 -7.02174e-05 4.38633e-19 1.46528e-18 -0.00014897 -0.00020661 -7.02174e-05 -9.96557e-05 -0.00020661 -0.000201408 -9.96557e-05 -9.78606e-05 -7.02174e-05 -9.96557e-05 1.46528e-18 2.44379e-18 -9.96557e-05 -9.78606e-05 2.44379e-18 2.82045e-18 -0.00044513 -0.000340234 -0.000315801 -0.000236293 -0.000340234 -0.00017848 -0.000236293 -0.000108047 -0.000315801 -0.000236293 -0.000201408 -0.000148137 -0.000236293 -0.000108047 -0.000148137 -5.93971e-05 -0.00017848 4.0546e-05 -0.000108047 6.88725e-05 4.0546e-05 0.000344706 6.88725e-05 0.000315955 -0.000108047 6.88725e-05 -5.93971e-05 6.4598e-05 6.88725e-05 0.000315955 6.4598e-05 0.000238389 -0.000201408 -0.000148137 -9.78606e-05 -7.11698e-05 -0.000148137 -5.93971e-05 -7.11698e-05 -2.58384e-05 -9.78606e-05 -7.11698e-05 2.82045e-18 2.21124e-18 -7.11698e-05 -2.58384e-05 2.21124e-18 3.96158e-19 -5.93971e-05 6.4598e-05 -2.58384e-05 3.79778e-05 6.4598e-05 0.000238389 3.79778e-05 0.0001276 -2.58384e-05 3.79778e-05 3.96158e-19 -2.48003e-18 3.79778e-05 0.0001276 -2.48003e-18 -5.95977e-18 -0.00028661 0.000140772 3.88215e-06 0.000506594 0.000140772 0.000928317 0.000506594 0.001365 3.88215e-06 0.000506594 0.000200157 0.000727637 0.000506594 0.001365 0.000727637 0.00158618 0.000928317 0.00242564 0.001365 0.00285253 0.00242564 0.00502922 0.00285253 0.00523709 0.001365 0.00285253 0.00158618 0.00298392 0.00285253 0.00523709 0.00298392 0.00509475 0.000200157 0.000727637 0.000310306 0.000817824 0.000727637 0.00158618 0.000817824 0.00161683 0.000310306 0.000817824 0.000344706 0.000794967 0.000817824 0.00161683 0.000794967 0.0014871 0.00158618 0.00298392 0.00161683 0.00286152 0.00298392 0.00509475 0.00286152 0.00466031 0.00161683 0.00286152 0.0014871 0.00253161 0.00286152 0.00466031 0.00253161 0.00399297 0.00502922 0.00886535 0.00523709 0.00853705 0.00886535 0.0133662 0.00853705 0.0122393 0.00523709 0.00853705 0.00509475 0.00787531 0.00853705 0.0122393 0.00787531 0.010882 0.0133662 0.0171647 0.0122393 0.0152771 0.0171647 0.0187041 0.0152771 0.016498 0.0122393 0.0152771 0.010882 0.0132913 0.0152771 0.016498 0.0132913 0.0142537 0.00509475 0.00787531 0.00466031 0.00694178 0.00787531 0.010882 0.00694178 0.00933795 0.00466031 0.00694178 0.00399297 0.00579414 0.00694178 0.00933795 0.00579414 0.00764386 0.010882 0.0132913 0.00933795 0.011222 0.0132913 0.0142537 0.011222 0.0119714 0.00933795 0.011222 0.00764386 0.00907702 0.011222 0.0119714 0.00907702 0.00964548 0.000344706 0.000794967 0.000315955 0.000679306 0.000794967 0.0014871 0.000679306 0.00122844 0.000315955 0.000679306 0.000238389 0.00049277 0.000679306 0.00122844 0.00049277 0.000872852 0.0014871 0.00253161 0.00122844 0.00203867 0.00253161 0.00399297 0.00203867 0.00314611 0.00122844 0.00203867 0.000872852 0.00142525 0.00203867 0.00314611 0.00142525 0.00216844 0.000238389 0.00049277 0.0001276 0.00025842 0.00049277 0.000872852 0.00025842 0.000452597 0.0001276 0.00025842 -5.95977e-18 -9.13204e-18 0.00025842 0.000452597 -9.13204e-18 -1.06361e-17 0.000872852 0.00142525 0.000452597 0.000732357 0.00142525 0.00216844 0.000732357 0.00110533 0.000452597 0.000732357 -1.06361e-17 -9.05154e-18 0.000732357 0.00110533 -9.05154e-18 -3.29053e-18 0.00399297 0.00579414 0.00314611 0.00448278 0.00579414 0.00764386 0.00448278 0.00583284 0.00314611 0.00448278 0.00216844 0.00305275 0.00448278 0.00583284 0.00305275 0.00393573 0.00764386 0.00907702 0.00583284 0.00686746 0.00907702 0.00964548 0.00686746 0.00727716 0.00583284 0.00686746 0.00393573 0.00460731 0.00686746 0.00727716 0.00460731 0.00487299 0.00216844 0.00305275 0.00110533 0.00154543 0.00305275 0.00393573 0.00154543 0.00198193 0.00110533 0.00154543 -3.29053e-18 6.78029e-18 0.00154543 0.00198193 6.78029e-18 2.15603e-17 0.00393573 0.00460731 0.00198193 0.00231247 0.00460731 0.00487299 0.00231247 0.00244317 0.00198193 0.00231247 2.15603e-17 3.82901e-17 0.00231247 0.00244317 3.82901e-17 5.23535e-17 0.0187041 0.0172843 0.016498 0.0153951 0.0172843 0.0135996 0.0153951 0.0124713 0.016498 0.0153951 0.0142537 0.0134025 0.0153951 0.0124713 0.0134025 0.0111016 0.0135996 0.00920549 0.0124713 0.0088779 0.00920549 0.00547145 0.0088779 0.00568356 0.0124713 0.0088779 0.0111016 0.00819979 0.0088779 0.00568356 0.00819979 0.00552179 0.0142537 0.0134025 0.0119714 0.0113219 0.0134025 0.0111016 0.0113219 0.0095358 0.0119714 0.0113219 0.00964548 0.00916169 0.0113219 0.0095358 0.00916169 0.00781189 0.0111016 0.00819979 0.0095358 0.00723508 0.00819979 0.00552179 0.00723508 0.00504754 0.0095358 0.00723508 0.00781189 0.00604381 0.00723508 0.00504754 0.00604381 0.00432333 0.00547145 0.00296942 0.00568356 0.00340446 0.00296942 0.00157634 0.00340446 0.00202509 0.00568356 0.00340446 0.00552179 0.00351369 0.00340446 0.00202509 0.00351369 0.00222128 0.00157634 0.000897882 0.00202509 0.00127962 0.000897882 0.000586248 0.00127962 0.000896266 0.00202509 0.00127962 0.00222128 0.00147251 0.00127962 0.000896266 0.00147251 0.0010606 0.00552179 0.00351369 0.00504754 0.00334307 0.00351369 0.00222128 0.00334307 0.00219507 0.00504754 0.00334307 0.00432333 0.00294314 0.00334307 0.00219507 0.00294314 0.00198182 0.00222128 0.00147251 0.00219507 0.00149668 0.00147251 0.0010606 0.00149668 0.00109468 0.00219507 0.00149668 0.00198182 0.00137615 0.00149668 0.00109468 0.00137615 0.00101624 0.00964548 0.00916169 0.00727716 0.00693375 0.00916169 0.00781189 0.00693375 0.00596457 0.00727716 0.00693375 0.00487299 0.00465284 0.00693375 0.00596457 0.00465284 0.00402627 0.00781189 0.00604381 0.00596457 0.00467884 0.00604381 0.00432333 0.00467884 0.00340591 0.00596457 0.00467884 0.00402627 0.00318765 0.00467884 0.00340591 0.00318765 0.00234738 0.00487299 0.00465284 0.00244317 0.00233563 0.00465284 0.00402627 0.00233563 0.00202803 0.00244317 0.00233563 5.23535e-17 6.04155e-17 0.00233563 0.00202803 6.04155e-17 6.04688e-17 0.00402627 0.00318765 0.00202803 0.00161414 0.00318765 0.00234738 0.00161414 0.00119652 0.00202803 0.00161414 6.04688e-17 5.39245e-17 0.00161414 0.00119652 5.39245e-17 4.30205e-17 0.00432333 0.00294314 0.00340591 0.00236268 0.00294314 0.00198182 0.00236268 0.00161825 0.00340591 0.00236268 0.00234738 0.00164857 0.00236268 0.00161825 0.00164857 0.00114167 0.00198182 0.00137615 0.00161825 0.00113743 0.00137615 0.00101624 0.00113743 0.000845263 0.00161825 0.00113743 0.00114167 0.000808786 0.00113743 0.000845263 0.000808786 0.000603464 0.00234738 0.00164857 0.00119652 0.000846218 0.00164857 0.00114167 0.000846218 0.000589695 0.00119652 0.000846218 4.30205e-17 3.07778e-17 0.000846218 0.000589695 3.07778e-17 1.90852e-17 0.00114167 0.000808786 0.000589695 0.000419608 0.000808786 0.000603464 0.000419608 0.000313796 0.000589695 0.000419608 1.90852e-17 8.69841e-18 0.000419608 0.000313796 8.69841e-18 -7.33402e-19 0.000586248 0.000437244 0.000896266 0.000695081 0.000437244 0.000359861 0.000695081 0.000583366 0.000896266 0.000695081 0.0010606 0.000833081 0.000695081 0.000583366 0.000833081 0.000702148 0.000359861 0.000321747 0.000583366 0.000519921 0.000321747 0.000312221 0.000519921 0.000484547 0.000583366 0.000519921 0.000702148 0.000622804 0.000519921 0.000484547 0.000622804 0.000568631 0.0010606 0.000833081 0.00109468 0.000864956 0.000833081 0.000702148 0.000864956 0.000729465 0.00109468 0.000864956 0.00101624 0.000805558 0.000864956 0.000729465 0.000805558 0.000679027 0.000702148 0.000622804 0.000729465 0.000643963 0.000622804 0.000568631 0.000643963 0.000579457 0.000729465 0.000643963 0.000679027 0.000596899 0.000643963 0.000579457 0.000596899 0.000531146 0.000312221 0.00032364 0.000484547 0.000458825 0.00032364 0.000340814 0.000458825 0.0004124 0.000484547 0.000458825 0.000568631 0.000513488 0.000458825 0.0004124 0.000513488 0.000417717 0.000340814 0.000324888 0.0004124 0.000286587 0.000324888 0 0.000286587 0 0.0004124 0.000286587 0.000417717 0.000221999 0.000286587 0 0.000221999 0 0.000568631 0.000513488 0.000579457 0.000506226 0.000513488 0.000417717 0.000506226 0.000383435 0.000579457 0.000506226 0.000531146 0.000452664 0.000506226 0.000383435 0.000452664 0.000325449 0.000417717 0.000221999 0.000383435 0.000171383 0.000221999 0 0.000171383 0 0.000383435 0.000171383 0.000325449 0.000131559 0.000171383 0 0.000131559 0 0.00101624 0.000805558 0.000845263 0.000671284 0.000805558 0.000679027 0.000671284 0.000565394 0.000845263 0.000671284 0.000603464 0.000479783 0.000671284 0.000565394 0.000479783 0.000403808 0.000679027 0.000596899 0.000565394 0.000495282 0.000596899 0.000531146 0.000495282 0.000437003 0.000565394 0.000495282 0.000403808 0.000352823 0.000495282 0.000437003 0.000352823 0.000309444 0.000603464 0.000479783 0.000313796 0.000249629 0.000479783 0.000403808 0.000249629 0.000209998 0.000313796 0.000249629 -7.33402e-19 -9.2827e-18 0.000249629 0.000209998 -9.2827e-18 -1.67638e-17 0.000403808 0.000352823 0.000209998 0.000183194 0.000352823 0.000309444 0.000183194 0.000160094 0.000209998 0.000183194 -1.67638e-17 -2.23992e-17 0.000183194 0.000160094 -2.23992e-17 -2.47409e-17 0.000531146 0.000452664 0.000437003 0.000365669 0.000452664 0.000325449 0.000365669 0.000253441 0.000437003 0.000365669 0.000309444 0.000255672 0.000365669 0.000253441 0.000255672 0.000173001 0.000325449 0.000131559 0.000253441 9.67727e-05 0.000131559 0 9.67727e-05 0 0.000253441 9.67727e-05 0.000173001 6.39791e-05 9.67727e-05 0 6.39791e-05 0 0.000309444 0.000255672 0.000160094 0.000131293 0.000255672 0.000173001 0.000131293 8.76479e-05 0.000160094 0.000131293 -2.47409e-17 -2.20682e-17 0.000131293 8.76479e-05 -2.20682e-17 -1.39618e-17 0.000173001 6.39791e-05 8.76479e-05 3.18868e-05 6.39791e-05 0 3.18868e-05 0 8.76479e-05 3.18868e-05 -1.39618e-17 -4.27225e-18 3.18868e-05 0 -4.27225e-18 0 0 4.38633e-19 0 2.24797e-05 4.38633e-19 1.46528e-18 2.24797e-05 7.02174e-05 0 2.24797e-05 0 4.93191e-05 2.24797e-05 7.02174e-05 4.93191e-05 0.00014897 1.46528e-18 2.44379e-18 7.02174e-05 9.96557e-05 2.44379e-18 2.82045e-18 9.96557e-05 9.78606e-05 7.02174e-05 9.96557e-05 0.00014897 0.00020661 9.96557e-05 9.78606e-05 0.00020661 0.000201408 0 4.93191e-05 0 8.63074e-05 4.93191e-05 0.00014897 8.63074e-05 0.000245428 0 8.63074e-05 0 0.000142977 8.63074e-05 0.000245428 0.000142977 0.000369643 0.00014897 0.00020661 0.000245428 0.000327721 0.00020661 0.000201408 0.000327721 0.000315801 0.000245428 0.000327721 0.000369643 0.000468789 0.000327721 0.000315801 0.000468789 0.00044513 2.82045e-18 2.21124e-18 9.78606e-05 7.11698e-05 2.21124e-18 3.96158e-19 7.11698e-05 2.58384e-05 9.78606e-05 7.11698e-05 0.000201408 0.000148137 7.11698e-05 2.58384e-05 0.000148137 5.93971e-05 3.96158e-19 -2.48003e-18 2.58384e-05 -3.79778e-05 -2.48003e-18 -5.95977e-18 -3.79778e-05 -0.0001276 2.58384e-05 -3.79778e-05 5.93971e-05 -6.4598e-05 -3.79778e-05 -0.0001276 -6.4598e-05 -0.000238389 0.000201408 0.000148137 0.000315801 0.000236293 0.000148137 5.93971e-05 0.000236293 0.000108047 0.000315801 0.000236293 0.00044513 0.000340234 0.000236293 0.000108047 0.000340234 0.00017848 5.93971e-05 -6.4598e-05 0.000108047 -6.88725e-05 -6.4598e-05 -0.000238389 -6.88725e-05 -0.000315955 0.000108047 -6.88725e-05 0.00017848 -4.0546e-05 -6.88725e-05 -0.000315955 -4.0546e-05 -0.000344706 0 0.000142977 0 0.000237019 0.000142977 0.000369643 0.000237019 0.000531671 0 0.000237019 0 0.000401035 0.000237019 0.000531671 0.000401035 0.000738799 0.000369643 0.000468789 0.000531671 0.000633647 0.000468789 0.00044513 0.000633647 0.000591899 0.000531671 0.000633647 0.000738799 0.000822975 0.000633647 0.000591899 0.000822975 0.000756566 0 0.000401035 0 0.000678996 0.000401035 0.000738799 0.000678996 0.000992034 0 0.000678996 0 0.00104223 0.000678996 0.000992034 0.00104223 0.00127588 0.000738799 0.000822975 0.000992034 0.00103327 0.000822975 0.000756566 0.00103327 0.000937283 0.000992034 0.00103327 0.00127588 0.00125619 0.00103327 0.000937283 0.00125619 0.00113024 0.00044513 0.000340234 0.000591899 0.000463436 0.000340234 0.00017848 0.000463436 0.000276418 0.000591899 0.000463436 0.000756566 0.000608008 0.000463436 0.000276418 0.000608008 0.000406387 0.00017848 -4.0546e-05 0.000276418 2.9555e-05 -4.0546e-05 -0.000344706 2.9555e-05 -0.000310306 0.000276418 2.9555e-05 0.000406387 0.000149198 2.9555e-05 -0.000310306 0.000149198 -0.000200157 0.000756566 0.000608008 0.000937283 0.000774587 0.000608008 0.000406387 0.000774587 0.000571592 0.000937283 0.000774587 0.00113024 0.000962819 0.000774587 0.000571592 0.000962819 0.000774442 0.000406387 0.000149198 0.000571592 0.000324501 0.000149198 -0.000200157 0.000324501 -3.88215e-06 0.000571592 0.000324501 0.000774442 0.000560366 0.000324501 -3.88215e-06 0.000560366 0.00028661 -5.95977e-18 -9.13204e-18 -0.0001276 -0.00025842 -9.13204e-18 -1.06361e-17 -0.00025842 -0.000452597 -0.0001276 -0.00025842 -0.000238389 -0.00049277 -0.00025842 -0.000452597 -0.00049277 -0.000872852 -1.06361e-17 -9.05154e-18 -0.000452597 -0.000732357 -9.05154e-18 -3.29053e-18 -0.000732357 -0.00110533 -0.000452597 -0.000732357 -0.000872852 -0.00142525 -0.000732357 -0.00110533 -0.00142525 -0.00216844 -0.000238389 -0.00049277 -0.000315955 -0.000679306 -0.00049277 -0.000872852 -0.000679306 -0.00122844 -0.000315955 -0.000679306 -0.000344706 -0.000794967 -0.000679306 -0.00122844 -0.000794967 -0.0014871 -0.000872852 -0.00142525 -0.00122844 -0.00203867 -0.00142525 -0.00216844 -0.00203867 -0.00314611 -0.00122844 -0.00203867 -0.0014871 -0.00253161 -0.00203867 -0.00314611 -0.00253161 -0.00399297 -3.29053e-18 6.78029e-18 -0.00110533 -0.00154543 6.78029e-18 2.15603e-17 -0.00154543 -0.00198193 -0.00110533 -0.00154543 -0.00216844 -0.00305275 -0.00154543 -0.00198193 -0.00305275 -0.00393573 2.15603e-17 3.82901e-17 -0.00198193 -0.00231247 3.82901e-17 5.23535e-17 -0.00231247 -0.00244317 -0.00198193 -0.00231247 -0.00393573 -0.00460731 -0.00231247 -0.00244317 -0.00460731 -0.00487299 -0.00216844 -0.00305275 -0.00314611 -0.00448278 -0.00305275 -0.00393573 -0.00448278 -0.00583284 -0.00314611 -0.00448278 -0.00399297 -0.00579414 -0.00448278 -0.00583284 -0.00579414 -0.00764386 -0.00393573 -0.00460731 -0.00583284 -0.00686746 -0.00460731 -0.00487299 -0.00686746 -0.00727716 -0.00583284 -0.00686746 -0.00764386 -0.00907702 -0.00686746 -0.00727716 -0.00907702 -0.00964548 -0.000344706 -0.000794967 -0.000310306 -0.000817824 -0.000794967 -0.0014871 -0.000817824 -0.00161683 -0.000310306 -0.000817824 -0.000200157 -0.000727637 -0.000817824 -0.00161683 -0.000727637 -0.00158618 -0.0014871 -0.00253161 -0.00161683 -0.00286152 -0.00253161 -0.00399297 -0.00286152 -0.00466031 -0.00161683 -0.00286152 -0.00158618 -0.00298392 -0.00286152 -0.00466031 -0.00298392 -0.00509475 -0.000200157 -0.000727637 -3.88215e-06 -0.000506594 -0.000727637 -0.00158618 -0.000506594 -0.001365 -3.88215e-06 -0.000506594 0.00028661 -0.000140772 -0.000506594 -0.001365 -0.000140772 -0.000928317 -0.00158618 -0.00298392 -0.001365 -0.00285253 -0.00298392 -0.00509475 -0.00285253 -0.00523709 -0.001365 -0.00285253 -0.000928317 -0.00242564 -0.00285253 -0.00523709 -0.00242564 -0.00502922 -0.00399297 -0.00579414 -0.00466031 -0.00694178 -0.00579414 -0.00764386 -0.00694178 -0.00933795 -0.00466031 -0.00694178 -0.00509475 -0.00787531 -0.00694178 -0.00933795 -0.00787531 -0.010882 -0.00764386 -0.00907702 -0.00933795 -0.011222 -0.00907702 -0.00964548 -0.011222 -0.0119714 -0.00933795 -0.011222 -0.010882 -0.0132913 -0.011222 -0.0119714 -0.0132913 -0.0142537 -0.00509475 -0.00787531 -0.00523709 -0.00853705 -0.00787531 -0.010882 -0.00853705 -0.0122393 -0.00523709 -0.00853705 -0.00502922 -0.00886535 -0.00853705 -0.0122393 -0.00886535 -0.0133662 -0.010882 -0.0132913 -0.0122393 -0.0152771 -0.0132913 -0.0142537 -0.0152771 -0.016498 -0.0122393 -0.0152771 -0.0133662 -0.0171647 -0.0152771 -0.016498 -0.0171647 -0.0187041 5.23535e-17 6.04155e-17 -0.00244317 -0.00233563 6.04155e-17 6.04688e-17 -0.00233563 -0.00202803 -0.00244317 -0.00233563 -0.00487299 -0.00465284 -0.00233563 -0.00202803 -0.00465284 -0.00402627 6.04688e-17 5.39245e-17 -0.00202803 -0.00161414 5.39245e-17 4.30205e-17 -0.00161414 -0.00119652 -0.00202803 -0.00161414 -0.00402627 -0.00318765 -0.00161414 -0.00119652 -0.00318765 -0.00234738 -0.00487299 -0.00465284 -0.00727716 -0.00693375 -0.00465284 -0.00402627 -0.00693375 -0.00596457 -0.00727716 -0.00693375 -0.00964548 -0.00916169 -0.00693375 -0.00596457 -0.00916169 -0.00781189 -0.00402627 -0.00318765 -0.00596457 -0.00467884 -0.00318765 -0.00234738 -0.00467884 -0.00340591 -0.00596457 -0.00467884 -0.00781189 -0.00604381 -0.00467884 -0.00340591 -0.00604381 -0.00432333 4.30205e-17 3.07778e-17 -0.00119652 -0.000846218 3.07778e-17 1.90852e-17 -0.000846218 -0.000589695 -0.00119652 -0.000846218 -0.00234738 -0.00164857 -0.000846218 -0.000589695 -0.00164857 -0.00114167 1.90852e-17 8.69841e-18 -0.000589695 -0.000419608 8.69841e-18 -7.33402e-19 -0.000419608 -0.000313796 -0.000589695 -0.000419608 -0.00114167 -0.000808786 -0.000419608 -0.000313796 -0.000808786 -0.000603464 -0.00234738 -0.00164857 -0.00340591 -0.00236268 -0.00164857 -0.00114167 -0.00236268 -0.00161825 -0.00340591 -0.00236268 -0.00432333 -0.00294314 -0.00236268 -0.00161825 -0.00294314 -0.00198182 -0.00114167 -0.000808786 -0.00161825 -0.00113743 -0.000808786 -0.000603464 -0.00113743 -0.000845263 -0.00161825 -0.00113743 -0.00198182 -0.00137615 -0.00113743 -0.000845263 -0.00137615 -0.00101624 -0.00964548 -0.00916169 -0.0119714 -0.0113219 -0.00916169 -0.00781189 -0.0113219 -0.0095358 -0.0119714 -0.0113219 -0.0142537 -0.0134025 -0.0113219 -0.0095358 -0.0134025 -0.0111016 -0.00781189 -0.00604381 -0.0095358 -0.00723508 -0.00604381 -0.00432333 -0.00723508 -0.00504754 -0.0095358 -0.00723508 -0.0111016 -0.00819979 -0.00723508 -0.00504754 -0.00819979 -0.00552179 -0.0142537 -0.0134025 -0.016498 -0.0153951 -0.0134025 -0.0111016 -0.0153951 -0.0124713 -0.016498 -0.0153951 -0.0187041 -0.0172843 -0.0153951 -0.0124713 -0.0172843 -0.0135996 -0.0111016 -0.00819979 -0.0124713 -0.0088779 -0.00819979 -0.00552179 -0.0088779 -0.00568356 -0.0124713 -0.0088779 -0.0135996 -0.00920549 -0.0088779 -0.00568356 -0.00920549 -0.00547145 -0.00432333 -0.00294314 -0.00504754 -0.00334307 -0.00294314 -0.00198182 -0.00334307 -0.00219507 -0.00504754 -0.00334307 -0.00552179 -0.00351369 -0.00334307 -0.00219507 -0.00351369 -0.00222128 -0.00198182 -0.00137615 -0.00219507 -0.00149668 -0.00137615 -0.00101624 -0.00149668 -0.00109468 -0.00219507 -0.00149668 -0.00222128 -0.00147251 -0.00149668 -0.00109468 -0.00147251 -0.0010606 -0.00552179 -0.00351369 -0.00568356 -0.00340446 -0.00351369 -0.00222128 -0.00340446 -0.00202509 -0.00568356 -0.00340446 -0.00547145 -0.00296942 -0.00340446 -0.00202509 -0.00296942 -0.00157634 -0.00222128 -0.00147251 -0.00202509 -0.00127962 -0.00147251 -0.0010606 -0.00127962 -0.000896266 -0.00202509 -0.00127962 -0.00157634 -0.000897882 -0.00127962 -0.000896266 -0.000897882 -0.000586248 -7.33402e-19 -9.2827e-18 -0.000313796 -0.000249629 -9.2827e-18 -1.67638e-17 -0.000249629 -0.000209998 -0.000313796 -0.000249629 -0.000603464 -0.000479783 -0.000249629 -0.000209998 -0.000479783 -0.000403808 -1.67638e-17 -2.23992e-17 -0.000209998 -0.000183194 -2.23992e-17 -2.47409e-17 -0.000183194 -0.000160094 -0.000209998 -0.000183194 -0.000403808 -0.000352823 -0.000183194 -0.000160094 -0.000352823 -0.000309444 -0.000603464 -0.000479783 -0.000845263 -0.000671284 -0.000479783 -0.000403808 -0.000671284 -0.000565394 -0.000845263 -0.000671284 -0.00101624 -0.000805558 -0.000671284 -0.000565394 -0.000805558 -0.000679027 -0.000403808 -0.000352823 -0.000565394 -0.000495282 -0.000352823 -0.000309444 -0.000495282 -0.000437003 -0.000565394 -0.000495282 -0.000679027 -0.000596899 -0.000495282 -0.000437003 -0.000596899 -0.000531146 -2.47409e-17 -2.20682e-17 -0.000160094 -0.000131293 -2.20682e-17 -1.39618e-17 -0.000131293 -8.76479e-05 -0.000160094 -0.000131293 -0.000309444 -0.000255672 -0.000131293 -8.76479e-05 -0.000255672 -0.000173001 -1.39618e-17 -4.27225e-18 -8.76479e-05 -3.18868e-05 -4.27225e-18 0 -3.18868e-05 0 -8.76479e-05 -3.18868e-05 -0.000173001 -6.39791e-05 -3.18868e-05 0 -6.39791e-05 0 -0.000309444 -0.000255672 -0.000437003 -0.000365669 -0.000255672 -0.000173001 -0.000365669 -0.000253441 -0.000437003 -0.000365669 -0.000531146 -0.000452664 -0.000365669 -0.000253441 -0.000452664 -0.000325449 -0.000173001 -6.39791e-05 -0.000253441 -9.67727e-05 -6.39791e-05 0 -9.67727e-05 0 -0.000253441 -9.67727e-05 -0.000325449 -0.000131559 -9.67727e-05 0 -0.000131559 0 -0.00101624 -0.000805558 -0.00109468 -0.000864956 -0.000805558 -0.000679027 -0.000864956 -0.000729465 -0.00109468 -0.000864956 -0.0010606 -0.000833081 -0.000864956 -0.000729465 -0.000833081 -0.000702148 -0.000679027 -0.000596899 -0.000729465 -0.000643963 -0.000596899 -0.000531146 -0.000643963 -0.000579457 -0.000729465 -0.000643963 -0.000702148 -0.000622804 -0.000643963 -0.000579457 -0.000622804 -0.000568631 -0.0010606 -0.000833081 -0.000896266 -0.000695081 -0.000833081 -0.000702148 -0.000695081 -0.000583366 -0.000896266 -0.000695081 -0.000586248 -0.000437244 -0.000695081 -0.000583366 -0.000437244 -0.000359861 -0.000702148 -0.000622804 -0.000583366 -0.000519921 -0.000622804 -0.000568631 -0.000519921 -0.000484547 -0.000583366 -0.000519921 -0.000359861 -0.000321747 -0.000519921 -0.000484547 -0.000321747 -0.000312221 -0.000531146 -0.000452664 -0.000579457 -0.000506226 -0.000452664 -0.000325449 -0.000506226 -0.000383435 -0.000579457 -0.000506226 -0.000568631 -0.000513488 -0.000506226 -0.000383435 -0.000513488 -0.000417717 -0.000325449 -0.000131559 -0.000383435 -0.000171383 -0.000131559 0 -0.000171383 0 -0.000383435 -0.000171383 -0.000417717 -0.000221999 -0.000171383 0 -0.000221999 0 -0.000568631 -0.000513488 -0.000484547 -0.000458825 -0.000513488 -0.000417717 -0.000458825 -0.0004124 -0.000484547 -0.000458825 -0.000312221 -0.00032364 -0.000458825 -0.0004124 -0.00032364 -0.000340814 -0.000417717 -0.000221999 -0.0004124 -0.000286587 -0.000221999 0 -0.000286587 0 -0.0004124 -0.000286587 -0.000340814 -0.000324888 -0.000286587 0 -0.000324888 0 0 0.00104223 0 0.000874616 0.00104223 0.00127588 0.000874616 0.00113479 0 0.000874616 0 0.000695597 0.000874616 0.00113479 0.000695597 0.00097885 0.00127588 0.00125619 0.00113479 0.00113173 0.00125619 0.00113024 0.00113173 0.00102652 0.00113479 0.00113173 0.00097885 0.000995658 0.00113173 0.00102652 0.000995658 0.000914706 0 0.000695597 0 0.000553932 0.000695597 0.00097885 0.000553932 0.000815573 0 0.000553932 0 0.000438065 0.000553932 0.000815573 0.000438065 0.000652039 0.00097885 0.000995658 0.000815573 0.000848244 0.000995658 0.000914706 0.000848244 0.000791818 0.000815573 0.000848244 0.000652039 0.000690966 0.000848244 0.000791818 0.000690966 0.000656524 0.00113024 0.000962819 0.00102652 0.000888329 0.000962819 0.000774442 0.000888329 0.000739732 0.00102652 0.000888329 0.000914706 0.000806567 0.000888329 0.000739732 0.000806567 0.000695521 0.000774442 0.000560366 0.000739732 0.000580124 0.000560366 0.00028661 0.000580124 0.000385207 0.000739732 0.000580124 0.000695521 0.000584 0.000580124 0.000385207 0.000584 0.000454339 0.000914706 0.000806567 0.000791818 0.000712912 0.000806567 0.000695521 0.000712912 0.000635589 0.000791818 0.000712912 0.000656524 0.000604358 0.000712912 0.000635589 0.000604358 0.000555712 0.000695521 0.000584 0.000635589 0.00056397 0.000584 0.000454339 0.00056397 0.000485167 0.000635589 0.00056397 0.000555712 0.000515107 0.00056397 0.000485167 0.000515107 0.000473353 0 0.000438065 0 0.000334871 0.000438065 0.000652039 0.000334871 0.000489385 0 0.000334871 0 0.000233109 0.000334871 0.000489385 0.000233109 0.000326188 0.000652039 0.000690966 0.000489385 0.000525394 0.000690966 0.000656524 0.000525394 0.000508674 0.000489385 0.000525394 0.000326188 0.00035327 0.000525394 0.000508674 0.00035327 0.000348969 0 0.000233109 0 0.000122069 0.000233109 0.000326188 0.000122069 0.000162154 0 0.000122069 0 0 0.000122069 0.000162154 0 0 0.000326188 0.00035327 0.000162154 0.000176934 0.00035327 0.000348969 0.000176934 0.000178783 0.000162154 0.000176934 0 0 0.000176934 0.000178783 0 0 0.000656524 0.000604358 0.000508674 0.000479202 0.000604358 0.000555712 0.000479202 0.000453276 0.000508674 0.000479202 0.000348969 0.000336744 0.000479202 0.000453276 0.000336744 0.000326889 0.000555712 0.000515107 0.000453276 0.000434801 0.000515107 0.000473353 0.000434801 0.000417622 0.000453276 0.000434801 0.000326889 0.000322085 0.000434801 0.000417622 0.000322085 0.000318714 0.000348969 0.000336744 0.000178783 0.00017694 0.000336744 0.000326889 0.00017694 0.000175923 0.000178783 0.00017694 0 0 0.00017694 0.000175923 0 0 0.000326889 0.000322085 0.000175923 0.000177008 0.000322085 0.000318714 0.000177008 0.000178627 0.000175923 0.000177008 0 0 0.000177008 0.000178627 0 0 0.00028661 -0.000140772 0.000385207 8.14788e-05 -0.000140772 -0.000928317 8.14788e-05 -0.000498336 0.000385207 8.14788e-05 0.000454339 0.000248164 8.14788e-05 -0.000498336 0.000248164 -0.000168812 -0.000928317 -0.00242564 -0.000498336 -0.00164053 -0.00242564 -0.00502922 -0.00164053 -0.00367005 -0.000498336 -0.00164053 -0.000168812 -0.00102285 -0.00164053 -0.00367005 -0.00102285 -0.00256252 0.000454339 0.000248164 0.000485167 0.000353534 0.000248164 -0.000168812 0.000353534 6.50335e-05 0.000485167 0.000353534 0.000473353 0.000396445 0.000353534 6.50335e-05 0.000396445 0.000208677 -0.000168812 -0.00102285 6.50335e-05 -0.000550101 -0.00102285 -0.00256252 -0.000550101 -0.00166889 6.50335e-05 -0.000550101 0.000208677 -0.000208361 -0.000550101 -0.00166889 -0.000208361 -0.000970177 -0.00502922 -0.00886535 -0.00367005 -0.00669131 -0.00886535 -0.0133662 -0.00669131 -0.0102491 -0.00367005 -0.00669131 -0.00256252 -0.00485653 -0.00669131 -0.0102491 -0.00485653 -0.00754626 -0.0133662 -0.0171647 -0.0102491 -0.0132537 -0.0171647 -0.0187041 -0.0132537 -0.0144727 -0.0102491 -0.0132537 -0.00754626 -0.00980754 -0.0132537 -0.0144727 -0.00980754 -0.0107246 -0.00256252 -0.00485653 -0.00166889 -0.0033273 -0.00485653 -0.00754626 -0.0033273 -0.00525435 -0.00166889 -0.0033273 -0.000970177 -0.00208889 -0.0033273 -0.00525435 -0.00208889 -0.00337298 -0.00754626 -0.00980754 -0.00525435 -0.00686244 -0.00980754 -0.0107246 -0.00686244 -0.00751418 -0.00525435 -0.00686244 -0.00337298 -0.00443445 -0.00686244 -0.00751418 -0.00443445 -0.00486462 0.000473353 0.000396445 0.000417622 0.000378566 0.000396445 0.000208677 0.000378566 0.000267805 0.000417622 0.000378566 0.000318714 0.000303297 0.000378566 0.000267805 0.000303297 0.000248254 0.000208677 -0.000208361 0.000267805 1.12937e-05 -0.000208361 -0.000970177 1.12937e-05 -0.000457373 0.000267805 1.12937e-05 0.000248254 0.000115224 1.12937e-05 -0.000457373 0.000115224 -0.00012636 0.000318714 0.000303297 0.000178627 0.000175241 0.000303297 0.000248254 0.000175241 0.000156429 0.000178627 0.000175241 0 0 0.000175241 0.000156429 0 0 0.000248254 0.000115224 0.000156429 0.000109182 0.000115224 -0.00012636 0.000109182 2.52305e-05 0.000156429 0.000109182 0 0 0.000109182 2.52305e-05 0 0 -0.000970177 -0.00208889 -0.000457373 -0.00113636 -0.00208889 -0.00337298 -0.00113636 -0.00190353 -0.000457373 -0.00113636 -0.00012636 -0.000469365 -0.00113636 -0.00190353 -0.000469365 -0.000848574 -0.00337298 -0.00443445 -0.00190353 -0.00253033 -0.00443445 -0.00486462 -0.00253033 -0.00278476 -0.00190353 -0.00253033 -0.000848574 -0.00115362 -0.00253033 -0.00278476 -0.00115362 -0.0012781 -0.00012636 -0.000469365 2.52305e-05 -8.96584e-05 -0.000469365 -0.000848574 -8.96584e-05 -0.000212077 2.52305e-05 -8.96584e-05 0 0 -8.96584e-05 -0.000212077 0 0 -0.000848574 -0.00115362 -0.000212077 -0.000308104 -0.00115362 -0.0012781 -0.000308104 -0.000347936 -0.000212077 -0.000308104 0 0 -0.000308104 -0.000347936 0 0 -0.0187041 -0.0172843 -0.0144727 -0.0133546 -0.0172843 -0.0135996 -0.0133546 -0.0104471 -0.0144727 -0.0133546 -0.0107246 -0.00989105 -0.0133546 -0.0104471 -0.00989105 -0.00771086 -0.0135996 -0.00920549 -0.0104471 -0.0069816 -0.00920549 -0.00547145 -0.0069816 -0.0040495 -0.0104471 -0.0069816 -0.00771086 -0.00509912 -0.0069816 -0.0040495 -0.00509912 -0.00288112 -0.0107246 -0.00989105 -0.00751418 -0.00692965 -0.00989105 -0.00771086 -0.00692965 -0.00538735 -0.00751418 -0.00692965 -0.00486462 -0.00448638 -0.00692965 -0.00538735 -0.00448638 -0.00347614 -0.00771086 -0.00509912 -0.00538735 -0.00352428 -0.00509912 -0.00288112 -0.00352428 -0.0019287 -0.00538735 -0.00352428 -0.00347614 -0.00224236 -0.00352428 -0.0019287 -0.00224236 -0.00117336 -0.00547145 -0.00296942 -0.0040495 -0.0021088 -0.00296942 -0.00157634 -0.0021088 -0.00105739 -0.0040495 -0.0021088 -0.00288112 -0.00141728 -0.0021088 -0.00105739 -0.00141728 -0.000640411 -0.00157634 -0.000897882 -0.00105739 -0.000571977 -0.000897882 -0.000586248 -0.000571977 -0.00036791 -0.00105739 -0.000571977 -0.000640411 -0.000303201 -0.000571977 -0.00036791 -0.000303201 -0.000180798 -0.00288112 -0.00141728 -0.0019287 -0.000872635 -0.00141728 -0.000640411 -0.000872635 -0.000321084 -0.0019287 -0.000872635 -0.00117336 -0.000461216 -0.000872635 -0.000321084 -0.000461216 -9.43175e-05 -0.000640411 -0.000303201 -0.000321084 -9.78897e-05 -0.000303201 -0.000180798 -9.78897e-05 -3.44345e-05 -0.000321084 -9.78897e-05 -9.43175e-05 4.22966e-05 -9.78897e-05 -3.44345e-05 4.22966e-05 6.61928e-05 -0.00486462 -0.00448638 -0.00278476 -0.00256795 -0.00448638 -0.00347614 -0.00256795 -0.00197852 -0.00278476 -0.00256795 -0.0012781 -0.00117783 -0.00256795 -0.00197852 -0.00117783 -0.000897009 -0.00347614 -0.00224236 -0.00197852 -0.00124838 -0.00224236 -0.00117336 -0.00124838 -0.000606206 -0.00197852 -0.00124838 -0.000897009 -0.000542011 -0.00124838 -0.000606206 -0.000542011 -0.000223189 -0.0012781 -0.00117783 -0.000347936 -0.000319787 -0.00117783 -0.000897009 -0.000319787 -0.000235531 -0.000347936 -0.000319787 0 0 -0.000319787 -0.000235531 0 0 -0.000897009 -0.000542011 -0.000235531 -0.000124979 -0.000542011 -0.000223189 -0.000124979 -2.19883e-05 -0.000235531 -0.000124979 0 0 -0.000124979 -2.19883e-05 0 0 -0.00117336 -0.000461216 -0.000606206 -0.000174317 -0.000461216 -9.43175e-05 -0.000174317 4.52363e-05 -0.000606206 -0.000174317 -0.000223189 -5.75124e-06 -0.000174317 4.52363e-05 -5.75124e-06 0.000103132 -9.43175e-05 4.22966e-05 4.52363e-05 0.000118565 4.22966e-05 6.61928e-05 0.000118565 0.00011918 4.52363e-05 0.000118565 0.000103132 0.00013391 0.000118565 0.00011918 0.00013391 0.000124683 -0.000223189 -5.75124e-06 -2.19883e-05 5.0102e-05 -5.75124e-06 0.000103132 5.0102e-05 8.55502e-05 -2.19883e-05 5.0102e-05 0 0 5.0102e-05 8.55502e-05 0 0 0.000103132 0.00013391 8.55502e-05 9.26028e-05 0.00013391 0.000124683 9.26028e-05 8.41998e-05 8.55502e-05 9.26028e-05 0 0 9.26028e-05 8.41998e-05 0 0 -0.000586248 -0.000437244 -0.00036791 -0.000280245 -0.000437244 -0.000359861 -0.000280245 -0.000238636 -0.00036791 -0.000280245 -0.000180798 -0.000141104 -0.000280245 -0.000238636 -0.000141104 -0.000128821 -0.000359861 -0.000321747 -0.000238636 -0.000221049 -0.000321747 -0.000312221 -0.000221049 -0.000221958 -0.000238636 -0.000221049 -0.000128821 -0.0001286 -0.000221049 -0.000221958 -0.0001286 -0.0001381 -0.000180798 -0.000141104 -3.44345e-05 -2.85669e-05 -0.000141104 -0.000128821 -2.85669e-05 -3.73325e-05 -3.44345e-05 -2.85669e-05 6.61928e-05 5.16214e-05 -2.85669e-05 -3.73325e-05 5.16214e-05 3.05209e-05 -0.000128821 -0.0001286 -3.73325e-05 -4.97772e-05 -0.0001286 -0.0001381 -4.97772e-05 -6.52048e-05 -3.73325e-05 -4.97772e-05 3.05209e-05 1.07733e-05 -4.97772e-05 -6.52048e-05 1.07733e-05 -7.53531e-06 -0.000312221 -0.00032364 -0.000221958 -0.000236089 -0.00032364 -0.000340814 -0.000236089 -0.000248735 -0.000221958 -0.000236089 -0.0001381 -0.000153497 -0.000236089 -0.000248735 -0.000153497 -0.000160607 -0.000340814 -0.000324888 -0.000248735 -0.000221456 -0.000324888 0 -0.000221456 0 -0.000248735 -0.000221456 -0.000160607 -0.000118912 -0.000221456 0 -0.000118912 0 -0.0001381 -0.000153497 -6.52048e-05 -8.05798e-05 -0.000153497 -0.000160607 -8.05798e-05 -8.24789e-05 -6.52048e-05 -8.05798e-05 -7.53531e-06 -2.19328e-05 -8.05798e-05 -8.24789e-05 -2.19328e-05 -2.1046e-05 -0.000160607 -0.000118912 -8.24789e-05 -4.27802e-05 -0.000118912 0 -4.27802e-05 0 -8.24789e-05 -4.27802e-05 -2.1046e-05 9.02574e-06 -4.27802e-05 0 9.02574e-06 0 6.61928e-05 5.16214e-05 0.00011918 9.59564e-05 5.16214e-05 3.05209e-05 9.59564e-05 7.07468e-05 0.00011918 9.59564e-05 0.000124683 0.00010256 9.59564e-05 7.07468e-05 0.00010256 8.0413e-05 3.05209e-05 1.07733e-05 7.07468e-05 4.90845e-05 1.07733e-05 -7.53531e-06 4.90845e-05 3.10222e-05 7.07468e-05 4.90845e-05 8.0413e-05 6.18275e-05 4.90845e-05 3.10222e-05 6.18275e-05 4.70457e-05 0.000124683 0.00010256 8.41998e-05 7.0644e-05 0.00010256 8.0413e-05 7.0644e-05 5.73772e-05 8.41998e-05 7.0644e-05 0 0 7.0644e-05 5.73772e-05 0 0 8.0413e-05 6.18275e-05 5.73772e-05 4.62335e-05 6.18275e-05 4.70457e-05 4.62335e-05 3.75641e-05 5.73772e-05 4.62335e-05 0 0 4.62335e-05 3.75641e-05 0 0 -7.53531e-06 -2.19328e-05 3.10222e-05 1.84635e-05 -2.19328e-05 -2.1046e-05 1.84635e-05 1.95869e-05 3.10222e-05 1.84635e-05 4.70457e-05 3.73143e-05 1.84635e-05 1.95869e-05 3.73143e-05 3.72486e-05 -2.1046e-05 9.02574e-06 1.95869e-05 3.89374e-05 9.02574e-06 0 3.89374e-05 0 1.95869e-05 3.89374e-05 3.72486e-05 4.74325e-05 3.89374e-05 0 4.74325e-05 0 4.70457e-05 3.73143e-05 3.75641e-05 3.19526e-05 3.73143e-05 3.72486e-05 3.19526e-05 3.09749e-05 3.75641e-05 3.19526e-05 0 0 3.19526e-05 3.09749e-05 0 0 3.72486e-05 4.74325e-05 3.09749e-05 3.36695e-05 4.74325e-05 0 3.36695e-05 0 3.09749e-05 3.36695e-05 0 0 3.36695e-05 0 0 0 
SCALARS p_fluid double 1
LOOKUP_TABLE default
0 0 0 0 0 0 0 0 0 0 0 0 0 0 0 0 0 0 0 0 0 0 0 0 0 0 0 0 0 0 0 0 0 0 0 0 0 0 0 0 0 0 0 0 0 0 0 0 0 0 0 0 0 0 0 0 0 0 0 0 0 0 0 0 0 0 0 0 0 0 0 0 0 0 0 0 0 0 0 0 0 0 0 0 0 0 0 0 0 0 0 0 0 0 0 0 0 0 0 0 0 0 0 0 0 0 0 0 0 0 0 0 0 0 0 0 0 0 0 0 0 0 0 0 0 0 0 0 0 0 0 0 0 0 0 0 0 0 0 0 0 0 0 0 0 0 0 0 0 0 0 0 0 0 0 0 0 0 0 0 0 0 0 0 0 0 0 0 0 0 0 0 0 0 0 0 0 0 0 0 0 0 0 0 0 0 0 0 0 0 0 0 0 0 0 0 0 0 0 0 0 0 0 0 0 0 0 0 0 0 0 0 0 0 0 0 0 0 0 0 0 0 0 0 0 0 0 0 0 0 0 0 0 0 0 0 0 0 0 0 0 0 0 0 0 0 0 0 0 0 0 0 0 0 0 0 0 0 0 0 0 0 0 0 0 0 0 0 0 0 0 0 0 0 0 0 0 0 0 0 0 0 0 0 0 0 0 0 0 0 0 0 0 0 0 0 0 0 0 0 0 0 0 0 0 0 0 0 0 0 0 0 0 0 0 0 0 0 0 0 0 0 0 0 0 0 0 0 0 0 0 0 0 0 0 0 0 0 0 0 0 0 0 0 0 0 0 0 0 0 0 0 0 0 0 0 0 0 0 0 0 0 0 0 0 0 0 0 0 0 0 0 0 0 0 0 0 0 0 0 0 0 0 0 0 0 0 0 0 0 0 0 0 0 0 0 0 0 0 0 0 0 0 0 0 0 0 0 0 0 0 0 0 0 0 0 0 0 0 0 0 0 0 0 0 0 0 0 0 0 0 0 0 0 0 0 0 0 0 0 0 0 0 0 0 0 0 0 0 0 0 0 0 0 0 0 0 0 0 0 0 0 0 0 0 0 0 0 0 0 0 0 0 0 0 0 0 0 0 0 0 0 0 0 0 0 0 0 0 0 0 0 0 0 0 0 0 0 0 0 0 0 0 0 0 0 0 0 0 0 0 0 0 0 0 0 0 0 0 0 0 0 0 0 0 0 0 0 0 0 0 0 0 0 0 0 0 0 0 0 0 0 0 0 0 0 0 0 0 0 0 0 0 0 0 0 0 0 0 0 0 0 0 0 0 0 0 0 0 0 0 0 0 0 0 0 0 0 0 0 0 0 0 0 0 0 0 0 0 0 0 0 0 0 0 0 0 0 0 0 0 0 0 0 0 0 0 0 0 0 0 0 0 0 0 0 0 0 0 0 0 0 0 0 0 0 0 0 0 0 0 0 0 0 0 0 0 0 0 0 0 0 0 0 0 0 0 0 0 0 0 0 0 0 0 0 0 0 0 0 0 0 0 0 0 0 0 0 0 0 0 0 0 0 0 0 0 0 0 0 0 0 0 0 0 0 0 0 0 0 0 0 0 0 0 0 0 0 0 0 0 0 0 0 0 0 0 0 0 0 0 0 0 0 0 0 0 0 0 0 0 0 0 0 0 0 0 0 0 0 0 0 0 0 0 0 0 0 0 0 0 0 0 0 0 0 0 0 0 0 0 0 0 0 0 0 0 0 0 0 0 0 0 0 0 0 0 0 0 0 0 0 0 0 0 0 0 0 0 0 0 0 0 0 0 0 0 0 0 0 0 0 0 0 0 0 0 0 0 0 0 0 0 0 0 0 0 0 0 0 0 0 0 0 0 0 0 0 0 0 0 0 0 0 0 0 0 0 0 0 0 0 0 0 0 0 0 0 0 0 0 0 0 0 0 0 0 0 0 0 0 0 0 0 0 0 0 0 0 0 0 0 0 0 0 0 0 0 0 0 0 0 0 0 0 0 0 0 0 0 0 0 0 0 0 0 0 0 0 0 0 0 0 0 0 0 0 0 0 0 0 0 0 0 0 0 0 0 0 0 0 0 0 0 0 0 0 0 0 0 0 0 0 0 0 0 0 0 0 0 0 0 0 0 0 0 0 0 0 0 0 0 0 0 0 0 0 0 0 0 0 0 0 0 0 0 0 0 0 0 0 0 0 0 0 0 0 0 0 0 0 0 0 0 0 0 0 0 0 0 0 0 0 0 0 0 0 0 0 0 0 0 0 0 0 0 0 0 0 0 0 0 0 0 0 0 0 0 0 0 0 0 0 0 0 0 0 0 0 0 0 0 0 0 91.7666 89.1974 91.8188 89.2496 89.2044 86.4664 89.1986 86.4607 91.9088 89.1699 91.9418 89.2029 89.2112 86.4578 89.2059 86.4525 86.4621 83.6713 86.456 83.6652 83.6695 80.8513 83.6642 80.8461 86.4581 83.6651 86.4529 83.6599 83.6642 80.8467 83.6596 80.8422 91.9596 89.1847 91.9843 89.2094 89.2099 86.4523 89.2085 86.4509 91.9963 89.198 92.0172 89.2188 89.2162 86.4447 89.2171 86.4456 86.4533 83.6606 86.4473 83.6546 83.6592 80.843 83.6539 80.8377 86.4487 83.6542 86.4426 83.6481 83.6535 80.8383 83.6474 80.8323 80.8501 78.0178 80.8462 78.0139 78.0171 75.1773 78.0143 75.1745 80.8457 78.0145 80.8423 78.0111 78.0139 75.175 78.0112 75.1723 75.1769 72.3329 75.1749 72.3309 72.333 69.486 72.3311 69.4841 75.1747 72.3311 75.1722 72.3286 72.3315 69.4834 72.3281 69.4799 80.8418 78.0116 80.8377 78.0075 78.011 75.1724 78.0076 75.1691 80.8372 78.0081 80.8323 78.0033 78.0074 75.1691 78.0033 75.165 75.1725 72.3281 75.1689 72.3245 72.3293 69.4782 72.3236 69.4725 75.1694 72.3236 75.1647 72.319 72.3253 69.4701 72.3179 69.4626 92.024 89.2122 92.0405 89.2286 89.2243 86.4393 89.2268 86.4419 92.0446 89.2246 92.0563 89.2363 89.2324 86.4369 89.2352 86.4397 86.4445 83.6471 86.4395 83.6421 83.6473 80.8327 83.6415 80.8268 86.4416 83.6408 86.4382 83.6374 83.6416 80.8269 83.6369 80.8223 92.0586 89.234 92.0657 89.241 89.2388 86.4363 89.2409 86.4384 92.0667 89.24 92.069 89.2423 89.2427 86.4367 89.2435 86.4375 86.4399 83.6362 86.438 83.6343 83.6372 80.8222 83.6342 80.8192 86.4389 83.6336 86.4383 83.633 83.6343 80.8192 83.6333 80.8182 80.8318 78.0037 80.8269 77.9987 78.0032 75.1649 77.9988 75.1605 80.8265 77.999 80.8223 77.9948 77.9987 75.1603 77.9948 75.1565 75.1653 72.3179 75.1602 72.3128 72.3198 69.4599 72.3118 69.4518 75.1608 72.3117 75.1562 72.3071 72.3136 69.4493 72.3064 69.4422 80.8221 77.9949 80.8193 77.9921 77.9948 75.1563 77.9921 75.1536 80.8192 77.9921 80.8182 77.9911 77.9921 75.1535 77.9911 75.1525 75.1567 72.3062 75.1536 72.303 72.3078 69.4403 72.3029 69.4353 75.1538 72.3025 75.1527 72.3014 72.3036 69.4343 72.3019 69.4325 69.4874 66.6345 69.4835 66.6307 66.6391 63.7672 66.6284 63.7564 69.4856 66.6281 69.4785 66.621 66.634 63.7502 66.6183 63.7345 63.7776 60.8506 63.7508 60.8239 60.8677 57.8185 60.8141 57.7648 63.7619 60.8131 63.7301 60.7813 60.8296 57.7517 60.7757 57.6977 69.4816 66.617 69.4704 66.6058 66.6243 63.7273 66.6022 63.7052 69.4743 66.6009 69.4603 66.587 66.6089 63.6973 66.5832 63.6716 63.7394 60.7714 63.7002 60.7322 60.7857 57.6889 60.7272 57.6304 63.7091 60.7227 63.6668 60.6804 60.7349 57.6238 60.6763 57.5653 57.8365 54.5814 57.7526 54.4975 54.5856 51.0848 54.489 50.9883 57.7658 54.4898 57.693 54.417 54.4877 50.9967 54.4165 50.9256 51.06 47.4011 50.9922 47.3333 47.3519 43.7668 47.3534 43.7682 50.9683 47.3611 50.9323 47.3252 47.3151 43.8028 47.3389 43.8266 57.6972 54.4168 57.6284 54.3479 54.4071 50.9407 54.3521 50.8858 57.6281 54.3515 57.565 54.2884 54.338 50.9045 54.2945 50.861 50.9078 47.3539 50.8972 47.3433 47.3099 43.8549 47.3586 43.9036 50.8706 47.3729 50.8737 47.376 47.3314 43.9302 47.3909 43.9896 69.4643 66.582 69.4498 66.5675 66.5896 63.6642 66.5643 63.6388 69.4534 66.5631 69.4408 66.5505 66.5697 63.6326 66.5485 63.6114 63.6747 60.6722 63.635 60.6325 60.6819 57.5609 60.6296 57.5085 63.6412 60.6262 63.609 60.5941 60.6334 57.5059 60.5924 57.4649 69.4435 66.5473 69.435 66.5388 66.5524 63.607 66.5384 63.593 69.4364 66.5371 69.4335 66.5341 66.5404 63.5907 66.5355 63.5858 63.6133 60.5898 63.5924 60.569 60.5947 57.4635 60.5687 57.4375 63.5946 60.5669 63.5874 60.5597 60.5697 57.4369 60.5608 57.428 57.5625 54.2938 57.509 54.2404 54.2795 50.8796 54.2463 50.8464 57.5058 54.246 57.4655 54.2056 54.2331 50.8623 54.2096 50.8389 50.8487 47.4031 50.8573 47.4117 47.3667 44.0128 47.4239 44.07 50.8366 47.4337 50.8458 47.4429 47.4044 44.0883 47.4504 44.1343 57.4627 54.2101 57.4377 54.1851 54.1999 50.8503 54.186 50.8364 57.4361 54.1876 57.4276 54.1791 54.181 50.8424 54.1763 50.8378 50.8312 47.4583 50.8378 47.4649 47.4368 44.147 47.4663 44.1765 50.8303 47.4728 50.8327 47.4752 47.4594 44.1829 47.4695 44.193 43.7226 40.4617 43.7969 40.536 40.449 37.6064 40.5582 37.7157 43.7654 40.5572 43.842 40.6337 40.5489 37.7143 40.6433 37.8087 37.6244 35.0952 37.7214 35.1923 35.1244 32.7151 35.1836 32.7744 37.7325 35.1756 37.8089 35.252 35.2029 32.7553 35.2451 32.7975 43.8245 40.6457 43.9163 40.7375 40.6448 37.8006 40.742 37.8979 43.9031 40.747 44.0002 40.8441 40.748 37.8877 40.846 37.9857 37.8237 35.2332 37.8934 35.3029 35.2622 32.7798 35.2934 32.8111 37.9115 35.2826 37.9793 35.3503 35.3123 32.7922 35.34 32.8199 32.7382 30.294 32.7601 30.3159 30.3052 27.7599 30.3039 27.7586 32.7766 30.303 32.7886 30.315 30.3132 27.7532 30.308 27.748 27.762 25.1184 27.7518 25.1081 25.1166 22.404 25.1057 22.3931 27.7551 25.1076 27.7442 25.0967 25.1058 22.3944 25.0954 22.384 32.8006 30.3046 32.8016 30.3056 30.3133 27.7446 30.2993 27.7306 32.814 30.2945 32.8106 30.291 30.3041 27.7271 30.2853 27.7083 27.745 25.0973 27.7279 25.0803 25.0943 22.3859 25.0801 22.3716 27.7277 25.0813 27.7063 25.0598 25.0779 22.374 25.0601 22.3562 43.9893 40.8518 44.0781 40.9406 40.8525 37.9761 40.9413 38.0649 44.0694 40.9466 44.1392 41.0164 40.9466 38.0571 41.0167 38.1271 37.997 35.3314 38.0589 35.3933 35.3586 32.802 35.3844 32.8278 38.0736 35.3779 38.1233 35.4277 35.4002 32.8129 35.4219 32.8346 44.1331 41.0205 44.1773 41.0648 41.0203 38.1218 41.0648 38.1663 44.1742 41.0669 44.1893 41.082 41.0666 38.1636 41.0819 38.1788 38.1335 35.4169 38.1656 35.4489 35.4332 32.824 35.4477 32.8385 38.1708 35.4434 38.1818 35.4545 35.4536 32.833 35.4587 32.8381 32.8231 30.2801 32.8199 30.2769 30.2904 27.7045 30.2722 27.6864 32.831 30.2674 32.8295 30.2659 30.277 27.6827 30.2628 27.6686 27.7062 25.0605 27.6848 25.0391 25.0578 22.3585 25.0395 22.3402 27.685 25.0394 27.6676 25.0219 25.0376 22.3421 25.0222 22.3267 32.8377 30.2589 32.8374 30.2586 30.2667 27.6657 30.2579 27.657 32.8417 30.2549 32.8417 30.2549 30.26 27.6555 30.2571 27.6525 27.668 25.0219 27.6568 25.0107 25.021 22.3279 25.0109 22.3178 27.6571 25.0107 27.6533 25.0068 25.0103 22.3184 25.0068 22.3149 22.4016 19.6478 22.3929 19.6391 19.6462 16.8686 19.6397 16.8621 22.3921 19.6406 22.3841 19.6326 19.6389 16.8632 19.6331 16.8575 16.8676 14.0749 16.8628 14.07 14.0743 11.2704 14.0706 11.2666 16.8621 14.0708 16.858 14.0666 14.0701 11.2672 14.067 11.2641 22.3827 19.6343 22.3725 19.6241 19.632 16.8586 19.6251 16.8516 22.3702 19.6262 22.3574 19.6135 19.6234 16.8532 19.6147 16.8445 16.8572 14.0674 16.8524 14.0626 14.0665 11.2647 14.0632 11.2614 16.8513 14.0636 16.8455 14.0577 14.0624 11.2621 14.0585 11.2582 11.27 8.45685 11.2671 8.45391 8.45641 5.63562 8.45439 5.63361 11.2667 8.45447 11.2645 8.45229 8.45379 5.63433 8.45272 5.63327 5.63476 2.80942 5.63409 2.80875 2.79941 -0.0160982 2.81028 -0.00522506 5.63309 2.80975 5.63392 2.81058 2.80596 -0.0036419 2.80989 0.00029346 11.264 8.45289 11.2619 8.45079 8.45202 5.63412 8.45134 5.63344 11.2612 8.45153 11.2588 8.44915 8.4505 5.63434 8.44974 5.63359 5.63252 2.81197 5.63406 2.81352 2.81111 -0.00124737 2.81332 0.000969256 5.63289 2.81453 5.63409 2.81573 2.81452 -0.000335536 2.8156 0.000741154 22.3548 19.6157 22.3414 19.6023 19.6127 16.8462 19.6034 16.8369 22.3391 19.6042 22.3274 19.5926 19.6015 16.8384 19.5933 16.8302 16.8441 14.0589 16.8378 14.0526 14.0575 11.259 14.0533 11.2548 16.8365 14.0537 16.8308 14.048 14.0523 11.2556 14.0485 11.2518 22.3258 19.594 22.318 19.5862 19.592 16.8314 19.5864 16.8258 22.3172 19.5869 22.3145 19.5842 19.5857 16.8264 19.5837 16.8244 16.8298 14.0488 16.826 14.045 14.0477 11.2524 14.0451 11.2498 16.8254 14.0454 16.824 14.0441 14.0447 11.2501 14.0438 11.2492 11.258 8.44994 11.2554 8.44736 8.44887 5.63444 8.4479 5.63347 11.2546 8.44809 11.2522 8.44572 8.44711 5.63416 8.44608 5.63313 5.63331 2.81629 5.63386 2.81684 2.81655 -0.000281872 2.81676 -7.57332e-05 5.63335 2.81714 5.6334 2.81718 2.81744 -0.000822608 2.81715 -0.00111051 11.2516 8.44626 11.2499 8.4446 8.44551 5.63361 8.44472 5.63282 11.2496 8.44488 11.249 8.44429 8.44442 5.63306 8.44413 5.63276 5.63309 2.81733 5.63293 2.81717 2.81759 -0.00159411 2.81721 -0.00197004 5.63278 2.81723 5.6327 2.81715 2.81742 -0.0022056 2.81726 -0.00236754 92.069 89.2423 92.0667 89.24 89.2435 86.4375 89.2427 86.4367 92.0657 89.241 92.0586 89.234 89.2409 86.4384 89.2388 86.4363 86.4383 83.633 86.4389 83.6336 83.6333 80.8182 83.6343 80.8192 86.438 83.6343 86.4399 83.6362 83.6342 80.8192 83.6372 80.8222 92.0563 89.2363 92.0446 89.2246 89.2352 86.4397 89.2324 86.4369 92.0405 89.2286 92.024 89.2122 89.2268 86.4419 89.2243 86.4393 86.4382 83.6374 86.4416 83.6408 83.6369 80.8223 83.6416 80.8269 86.4395 83.6421 86.4445 83.6471 83.6415 80.8268 83.6473 80.8327 80.8182 77.9911 80.8192 77.9921 77.9911 75.1525 77.9921 75.1535 80.8193 77.9921 80.8221 77.9949 77.9921 75.1536 77.9948 75.1563 75.1527 72.3014 75.1538 72.3025 72.3019 69.4325 72.3036 69.4343 75.1536 72.303 75.1567 72.3062 72.3029 69.4353 72.3078 69.4403 80.8223 77.9948 80.8265 77.999 77.9948 75.1565 77.9987 75.1603 80.8269 77.9987 80.8318 78.0037 77.9988 75.1605 78.0032 75.1649 75.1562 72.3071 75.1608 72.3117 72.3064 69.4422 72.3136 69.4493 75.1602 72.3128 75.1653 72.3179 72.3118 69.4518 72.3198 69.4599 92.0172 89.2188 91.9963 89.198 89.2171 86.4456 89.2162 86.4447 91.9843 89.2094 91.9596 89.1847 89.2085 86.4509 89.2099 86.4523 86.4426 83.6481 86.4487 83.6542 83.6474 80.8323 83.6535 80.8383 86.4473 83.6546 86.4533 83.6606 83.6539 80.8377 83.6592 80.843 91.9418 89.2029 91.9088 89.1699 89.2059 86.4525 89.2112 86.4578 91.8188 89.2496 91.7666 89.1974 89.1986 86.4607 89.2044 86.4664 86.4529 83.6599 86.4581 83.6651 83.6596 80.8422 83.6642 80.8467 86.456 83.6652 86.4621 83.6713 83.6642 80.8461 83.6695 80.8513 80.8323 78.0033 80.8372 78.0081 78.0033 75.165 78.0074 75.1691 80.8377 78.0075 80.8418 78.0116 78.0076 75.1691 78.011 75.1724 75.1647 72.319 75.1694 72.3236 72.3179 69.4626 72.3253 69.4701 75.1689 72.3245 75.1725 72.3281 72.3236 69.4725 72.3293 69.4782 80.8423 78.0111 80.8457 78.0145 78.0112 75.1723 78.0139 75.175 80.8462 78.0139 80.8501 78.0178 78.0143 75.1745 78.0171 75.1773 75.1722 72.3286 75.1747 72.3311 72.3281 69.4799 72.3315 69.4834 75.1749 72.3309 75.1769 72.3329 72.3311 69.4841 72.333 69.486 69.4335 66.5341 69.4364 66.5371 66.5355 63.5858 66.5404 63.5907 69.435 66.5388 69.4435 66.5473 66.5384 63.593 66.5524 63.607 63.5874 60.5597 63.5946 60.5669 60.5608 57.428 60.5697 57.4369 63.5924 60.569 63.6133 60.5898 60.5687 57.4375 60.5947 57.4635 69.4408 66.5505 69.4534 66.5631 66.5485 63.6114 66.5697 63.6326 69.4498 66.5675 69.4643 66.582 66.5643 63.6388 66.5896 63.6642 63.609 60.5941 63.6412 60.6262 60.5924 57.4649 60.6334 57.5059 63.635 60.6325 63.6747 60.6722 60.6296 57.5085 60.6819 57.5609 57.4276 54.1791 57.4361 54.1876 54.1763 50.8378 54.181 50.8424 57.4377 54.1851 57.4627 54.2101 54.186 50.8364 54.1999 50.8503 50.8327 47.4752 50.8303 47.4728 47.4695 44.193 47.4594 44.1829 50.8378 47.4649 50.8312 47.4583 47.4663 44.1765 47.4368 44.147 57.4655 54.2056 57.5058 54.246 54.2096 50.8389 54.2331 50.8623 57.509 54.2404 57.5625 54.2938 54.2463 50.8464 54.2795 50.8796 50.8458 47.4429 50.8366 47.4337 47.4504 44.1343 47.4044 44.0883 50.8573 47.4117 50.8487 47.4031 47.4239 44.07 47.3667 44.0128 69.4603 66.587 69.4743 66.6009 66.5832 63.6716 66.6089 63.6973 69.4704 66.6058 69.4816 66.617 66.6022 63.7052 66.6243 63.7273 63.6668 60.6804 63.7091 60.7227 60.6763 57.5653 60.7349 57.6238 63.7002 60.7322 63.7394 60.7714 60.7272 57.6304 60.7857 57.6889 69.4785 66.621 69.4856 66.6281 66.6183 63.7345 66.634 63.7502 69.4835 66.6307 69.4874 66.6345 66.6284 63.7564 66.6391 63.7672 63.7301 60.7813 63.7619 60.8131 60.7757 57.6977 60.8296 57.7517 63.7508 60.8239 63.7776 60.8506 60.8141 57.7648 60.8677 57.8185 57.565 54.2884 57.6281 54.3515 54.2945 50.861 54.338 50.9045 57.6284 54.3479 57.6972 54.4168 54.3521 50.8858 54.4071 50.9407 50.8737 47.376 50.8706 47.3729 47.3909 43.9896 47.3314 43.9302 50.8972 47.3433 50.9078 47.3539 47.3586 43.9036 47.3099 43.8549 57.693 54.417 57.7658 54.4898 54.4165 50.9256 54.4877 50.9967 57.7526 54.4975 57.8365 54.5814 54.489 50.9883 54.5856 51.0848 50.9323 47.3252 50.9683 47.3611 47.3389 43.8266 47.3151 43.8028 50.9922 47.3333 51.06 47.4011 47.3534 43.7682 47.3519 43.7668 44.1893 41.082 44.1742 41.0669 41.0819 38.1788 41.0666 38.1636 44.1773 41.0648 44.1331 41.0205 41.0648 38.1663 41.0203 38.1218 38.1818 35.4545 38.1708 35.4434 35.4587 32.8381 35.4536 32.833 38.1656 35.4489 38.1335 35.4169 35.4477 32.8385 35.4332 32.824 44.1392 41.0164 44.0694 40.9466 41.0167 38.1271 40.9466 38.0571 44.0781 40.9406 43.9893 40.8518 40.9413 38.0649 40.8525 37.9761 38.1233 35.4277 38.0736 35.3779 35.4219 32.8346 35.4002 32.8129 38.0589 35.3933 37.997 35.3314 35.3844 32.8278 35.3586 32.802 32.8417 30.2549 32.8417 30.2549 30.2571 27.6525 30.26 27.6555 32.8374 30.2586 32.8377 30.2589 30.2579 27.657 30.2667 27.6657 27.6533 25.0068 27.6571 25.0107 25.0068 22.3149 25.0103 22.3184 27.6568 25.0107 27.668 25.0219 25.0109 22.3178 25.021 22.3279 32.8295 30.2659 32.831 30.2674 30.2628 27.6686 30.277 27.6827 32.8199 30.2769 32.8231 30.2801 30.2722 27.6864 30.2904 27.7045 27.6676 25.0219 27.685 25.0394 25.0222 22.3267 25.0376 22.3421 27.6848 25.0391 27.7062 25.0605 25.0395 22.3402 25.0578 22.3585 44.0002 40.8441 43.9031 40.747 40.846 37.9857 40.748 37.8877 43.9163 40.7375 43.8245 40.6457 40.742 37.8979 40.6448 37.8006 37.9793 35.3503 37.9115 35.2826 35.34 32.8199 35.3123 32.7922 37.8934 35.3029 37.8237 35.2332 35.2934 32.8111 35.2622 32.7798 43.842 40.6337 43.7654 40.5572 40.6433 37.8087 40.5489 37.7143 43.7969 40.536 43.7226 40.4617 40.5582 37.7157 40.449 37.6064 37.8089 35.252 37.7325 35.1756 35.2451 32.7975 35.2029 32.7553 37.7214 35.1923 37.6244 35.0952 35.1836 32.7744 35.1244 32.7151 32.8106 30.291 32.814 30.2945 30.2853 27.7083 30.3041 27.7271 32.8016 30.3056 32.8006 30.3046 30.2993 27.7306 30.3133 27.7446 27.7063 25.0598 27.7277 25.0813 25.0601 22.3562 25.0779 22.374 27.7279 25.0803 27.745 25.0973 25.0801 22.3716 25.0943 22.3859 32.7886 30.315 32.7766 30.303 30.308 27.748 30.3132 27.7532 32.7601 30.3159 32.7382 30.294 30.3039 27.7586 30.3052 27.7599 27.7442 25.0967 27.7551 25.1076 25.0954 22.384 25.1058 22.3944 27.7518 25.1081 27.762 25.1184 25.1057 22.3931 25.1166 22.404 22.3145 19.5842 22.3172 19.5869 19.5837 16.8244 19.5857 16.8264 22.318 19.5862 22.3258 19.594 19.5864 16.8258 19.592 16.8314 16.824 14.0441 16.8254 14.0454 14.0438 11.2492 14.0447 11.2501 16.826 14.045 16.8298 14.0488 14.0451 11.2498 14.0477 11.2524 22.3274 19.5926 22.3391 19.6042 19.5933 16.8302 19.6015 16.8384 22.3414 19.6023 22.3548 19.6157 19.6034 16.8369 19.6127 16.8462 16.8308 14.048 16.8365 14.0537 14.0485 11.2518 14.0523 11.2556 16.8378 14.0526 16.8441 14.0589 14.0533 11.2548 14.0575 11.259 11.249 8.44429 11.2496 8.44488 8.44413 5.63276 8.44442 5.63306 11.2499 8.4446 11.2516 8.44626 8.44472 5.63282 8.44551 5.63361 5.6327 2.81715 5.63278 2.81723 2.81726 -0.00236754 2.81742 -0.0022056 5.63293 2.81717 5.63309 2.81733 2.81721 -0.00197004 2.81759 -0.00159411 11.2522 8.44572 11.2546 8.44809 8.44608 5.63313 8.44711 5.63416 11.2554 8.44736 11.258 8.44994 8.4479 5.63347 8.44887 5.63444 5.6334 2.81718 5.63335 2.81714 2.81715 -0.00111051 2.81744 -0.000822608 5.63386 2.81684 5.63331 2.81629 2.81676 -7.57332e-05 2.81655 -0.000281872 22.3574 19.6135 22.3702 19.6262 19.6147 16.8445 19.6234 16.8532 22.3725 19.6241 22.3827 19.6343 19.6251 16.8516 19.632 16.8586 16.8455 14.0577 16.8513 14.0636 14.0585 11.2582 14.0624 11.2621 16.8524 14.0626 16.8572 14.0674 14.0632 11.2614 14.0665 11.2647 22.3841 19.6326 22.3921 19.6406 19.6331 16.8575 19.6389 16.8632 22.3929 19.6391 22.4016 19.6478 19.6397 16.8621 19.6462 16.8686 16.858 14.0666 16.8621 14.0708 14.067 11.2641 14.0701 11.2672 16.8628 14.07 16.8676 14.0749 14.0706 11.2666 14.0743 11.2704 11.2588 8.44915 11.2612 8.45153 8.44974 5.63359 8.4505 5.63434 11.2619 8.45079 11.264 8.45289 8.45134 5.63344 8.45202 5.63412 5.63409 2.81573 5.63289 2.81453 2.8156 0.000741154 2.81452 -0.000335536 5.63406 2.81352 5.63252 2.81197 2.81332 0.000969256 2.81111 -0.00124737 11.2645 8.45229 11.2667 8.45447 8.45272 5.63327 8.45379 5.63433 11.2671 8.45391 11.27 8.45685 8.45439 5.63361 8.45641 5.63562 5.63392 2.81058 5.63309 2.80975 2.80989 0.00029346 2.80596 -0.0036419 5.63409 2.80875 5.63476 2.80942 2.81028 -0.00522506 2.79941 -0.0160982 0 0 0 0 0 0 0 0 0 0 0 0 0 0 0 0 0 0 0 0 0 0 0 0 0 0 0 0 0 0 0 0 0 0 0 0 0 0 0 0 0 0 0 0 0 0 0 0 0 0 0 0 0 0 0 0 0 0 0 0 0 0 0 0 0 0 0 0 0 0 0 0 0 0 0 0 0 0 0 0 0 0 0 0 0 0 0 0 0 0 0 0 0 0 0 0 0 0 0 0 0 0 0 0 0 0 0 0 0 0 0 0 0 0 0 0 0 0 0 0 0 0 0 0 0 0 0 0 0 0 0 0 0 0 0 0 0 0 0 0 0 0 0 0 0 0 0 0 0 0 0 0 0 0 0 0 0 0 0 0 0 0 0 0 0 0 0 0 0 0 0 0 0 0 0 0 0 0 0 0 0 0 0 0 0 0 0 0 0 0 0 0 0 0 0 0 0 0 0 0 0 0 0 0 0 0 0 0 0 0 0 0 0 0 0 0 0 0 0 0 0 0 0 0 0 0 0 0 0 0 0 0 0 0 0 0 0 0 0 0 0 0 0 0 0 0 0 0 0 0 0 0 0 0 0 0 0 0 0 0 0 0 0 0 0 0 0 0 0 0 0 0 0 0 0 0 0 0 0 0 0 0 0 0 0 0 0 0 0 0 0 0 0 0 0 0 0 0 0 0 0 0 0 0 0 0 0 0 0 0 0 0 0 0 0 0 0 0 0 0 0 0 0 0 0 0 0 0 0 0 0 0 0 0 0 0 0 0 0 0 0 0 0 0 0 0 0 0 0 0 0 0 0 0 0 0 0 0 0 0 0 0 0 0 0 0 0 0 0 0 0 0 0 0 0 0 0 0 0 0 0 0 0 0 0 0 0 0 0 0 0 0 0 0 0 0 0 0 0 0 0 0 0 0 0 0 0 0 0 0 0 0 0 0 0 0 0 0 0 0 0 0 0 0 0 0 0 0 0 0 0 0 0 0 0 0 0 0 0 0 0 0 0 0 0 0 0 0 0 0 0 0 0 0 0 0 0 0 0 0 0 0 0 0 0 0 0 0 0 0 0 0 0 0 0 0 0 0 0 0 0 0 0 0 0 0 0 0 0 0 0 0 0 0 0 0 0 0 0 0 0 0 0 0 0 0 0 0 0 0 0 0 0 0 0 0 0 0 0 0 0 0 0 0 0 0 0 0 0 0 0 0 0 0 0 0 0 0 0 0 0 0 0 0 0 0 0 0 0 0 0 0 0 0 0 0 0 0 0 0 0 0 0 0 0 0 0 0 0 0 0 0 0 0 0 0 0 0 0 0 0 0 0 0 0 0 0 0 0 0 0 0 0 0 0 0 0 0 0 0 0 0 0 0 0 0 0 0 0 0 0 0 0 0 0 0 0 0 0 0 0 0 0 0 0 0 0 0 0 0 0 0 0 0 0 0 0 0 0 0 0 0 0 0 0 0 0 0 0 0 0 0 0 0 0 0 0 0 0 0 0 0 0 0 0 0 0 0 0 0 0 0 0 0 0 0 0 0 0 0 0 0 0 0 0 0 0 0 0 0 0 0 0 0 0 0 0 0 0 0 0 0 0 0 0 0 0 0 0 0 0 0 0 0 0 0 0 0 0 0 0 0 0 0 0 0 0 0 0 0 0 0 0 0 0 0 0 0 0 0 0 0 0 0 0 0 0 0 0 0 0 0 0 0 0 0 0 0 0 0 0 0 0 0 0 0 0 0 0 0 0 0 0 0 0 0 0 0 0 0 0 0 0 0 0 0 0 0 0 0 0 0 0 0 0 0 0 0 0 0 0 0 0 0 0 0 0 0 0 0 0 0 0 0 0 0 0 0 0 0 0 0 0 0 0 0 0 0 0 0 0 0 0 0 0 0 0 0 0 0 0 0 0 0 0 0 0 0 0 0 0 0 0 0 0 0 0 0 0 0 0 0 0 0 0 0 0 0 0 0 0 0 0 0 0 0 0 0 0 0 0 0 0 0 0 0 0 0 0 0 0 0 0 0 0 0 0 0 0 0 0 0 0 0 0 0 0 0 0 0 0 0 0 0 0 0 0 0 0 0 0 0 0 0 0 0 0 0 0 0 0 0 0 0 0 0 0 0 0 0 0 0 0 0 0 0 0 0 0 0 0 0 0 0 0 0 0 0 0 0 0 0 0 0 0 0 0 0 0 0 0 0 0 0 0 0 0 0 0 0 0 0 0 0 0 0 0 0 0 0 0 0 0 0 0 0 0 0 0 0 0 0 0 0 0 0 0 0 0 0 0 0 0 0 0 0 0 0 0 0 0 0 0 0 
SCALARS wx_dis double 1
LOOKUP_TABLE default
0.00165536 0.00161742 0.00166156 0.00162299 0.00161742 0.00151062 0.00162299 0.00151493 0.00166156 0.00162299 0.00168037 0.00163983 0.00162299 0.00151493 0.00163983 0.00152774 0.00151062 0.00134936 0.00151493 0.00135292 0.00134936 0.00114205 0.00135292 0.00114605 0.00151493 0.00135292 0.00152774 0.00136342 0.00135292 0.00114605 0.00136342 0.00115788 0.00168037 0.00163983 0.0017125 0.0016683 0.00163983 0.00152774 0.0016683 0.00154873 0.0017125 0.0016683 0.00175922 0.0017091 0.0016683 0.00154873 0.0017091 0.0015773 0.00152774 0.00136342 0.00154873 0.00138022 0.00136342 0.00115788 0.00138022 0.00117702 0.00154873 0.00138022 0.0015773 0.00140222 0.00138022 0.00117702 0.00140222 0.00120255 0.00114205 0.000883454 0.00114605 0.000888925 0.000883454 0.000555887 0.000888925 0.000563289 0.00114605 0.000888925 0.00115788 0.000905262 0.000888925 0.000563289 0.000905262 0.000585561 0.000555887 0.000136308 0.000563289 0.000145191 0.000136308 -0.000392195 0.000145191 -0.000383607 0.000563289 0.000145191 0.000585561 0.000172118 0.000145191 -0.000383607 0.000172118 -0.000357287 0.00115788 0.000905262 0.00117702 0.000932222 0.000905262 0.000585561 0.000932222 0.000622886 0.00117702 0.000932222 0.00120255 0.000969378 0.000932222 0.000622886 0.000969378 0.000675533 0.000585561 0.000172118 0.000622886 0.00021791 0.000172118 -0.000357287 0.00021791 -0.000311567 0.000622886 0.00021791 0.000675533 0.000283891 0.00021791 -0.000311567 0.000283891 -0.000243665 0.00175922 0.0017091 0.00182243 0.0017635 0.0017091 0.0015773 0.0017635 0.00161231 0.00182243 0.0017635 0.00190415 0.00183388 0.0017635 0.00161231 0.00183388 0.00165174 0.0015773 0.00140222 0.00161231 0.00142771 0.00140222 0.00120255 0.00142771 0.00123318 0.00161231 0.00142771 0.00165174 0.00145424 0.00142771 0.00123318 0.00145424 0.00126713 0.00190415 0.00183388 0.00200023 0.00192495 0.00183388 0.00165174 0.00192495 0.00169217 0.00200023 0.00192495 0.00203883 0.00203118 0.00192495 0.00169217 0.00203118 0.00172865 0.00165174 0.00145424 0.00169217 0.00147844 0.00145424 0.00126713 0.00147844 0.00130218 0.00169217 0.00147844 0.00172865 0.00149587 0.00147844 0.00130218 0.00149587 0.00133557 0.00120255 0.000969378 0.00123318 0.00101609 0.000969378 0.000675533 0.00101609 0.000743795 0.00123318 0.00101609 0.00126713 0.00107145 0.00101609 0.000743795 0.00107145 0.000827905 0.000675533 0.000283891 0.000743795 0.000371819 0.000283891 -0.000243665 0.000371819 -0.000149696 0.000743795 0.000371819 0.000827905 0.000483773 0.000371819 -0.000149696 0.000483773 -2.47139e-05 0.00126713 0.00107145 0.00130218 0.00113427 0.00107145 0.000827905 0.00113427 0.00092792 0.00130218 0.00113427 0.00133557 0.001203 0.00113427 0.00092792 0.001203 0.00104361 0.000827905 0.000483773 0.00092792 0.000621977 0.000483773 -2.47139e-05 0.000621977 0.000137194 0.00092792 0.000621977 0.00104361 0.000788668 0.000621977 0.000137194 0.000788668 0.00034298 -0.000392195 -0.00102386 -0.000383607 -0.00101903 -0.00102386 -0.00170989 -0.00101903 -0.00171373 -0.000383607 -0.00101903 -0.000357287 -0.00100372 -0.00101903 -0.00171373 -0.00100372 -0.00172442 -0.00170989 -0.00234186 -0.00171373 -0.00235921 -0.00234186 -0.00275454 -0.00235921 -0.00278717 -0.00171373 -0.00235921 -0.00172442 -0.00241094 -0.00235921 -0.00278717 -0.00241094 -0.00288577 -0.000357287 -0.00100372 -0.000311567 -0.000975479 -0.00100372 -0.00172442 -0.000975479 -0.00173941 -0.000311567 -0.000975479 -0.000243665 -0.000930071 -0.000975479 -0.00173941 -0.000930071 -0.00175416 -0.00172442 -0.00241094 -0.00173941 -0.00249591 -0.00241094 -0.00288577 -0.00249591 -0.00305246 -0.00173941 -0.00249591 -0.00175416 -0.00261193 -0.00249591 -0.00305246 -0.00261193 -0.00329058 -0.00275454 -0.00276476 -0.00278717 -0.00280811 -0.00276476 -0.00224751 -0.00280811 -0.00228993 -0.00278717 -0.00280811 -0.00288577 -0.00294008 -0.00280811 -0.00228993 -0.00294008 -0.00241966 -0.00224751 -0.00121852 -0.00228993 -0.00124521 -0.00121852 0.000131114 -0.00124521 0.000130556 -0.00228993 -0.00124521 -0.00241966 -0.00132707 -0.00124521 0.000130556 -0.00132707 0.000128895 -0.00288577 -0.00294008 -0.00305246 -0.00316655 -0.00294008 -0.00241966 -0.00316655 -0.00264442 -0.00305246 -0.00316655 -0.00329058 -0.00349769 -0.00316655 -0.00264442 -0.00349769 -0.00297782 -0.00241966 -0.00132707 -0.00264442 -0.0014696 -0.00132707 0.000128895 -0.0014696 0.000126176 -0.00264442 -0.0014696 -0.00297782 -0.00168265 -0.0014696 0.000126176 -0.00168265 0.000122471 -0.000243665 -0.000930071 -0.000149696 -0.000861333 -0.000930071 -0.00175416 -0.000861333 -0.0017617 -0.000149696 -0.000861333 -2.47139e-05 -0.000760946 -0.000861333 -0.0017617 -0.000760946 -0.00175201 -0.00175416 -0.00261193 -0.0017617 -0.00275515 -0.00261193 -0.00329058 -0.00275515 -0.00360456 -0.0017617 -0.00275515 -0.00175201 -0.00291916 -0.00275515 -0.00360456 -0.00291916 -0.00399936 -2.47139e-05 -0.000760946 0.000137194 -0.000618158 -0.000760946 -0.00175201 -0.000618158 -0.00171106 0.000137194 -0.000618158 0.00034298 -0.000419035 -0.000618158 -0.00171106 -0.000419035 -0.00161899 -0.00175201 -0.00291916 -0.00171106 -0.00309363 -0.00291916 -0.00399936 -0.00309363 -0.00447972 -0.00171106 -0.00309363 -0.00161899 -0.00326178 -0.00309363 -0.00447972 -0.00326178 -0.00504921 -0.00329058 -0.00349769 -0.00360456 -0.00394851 -0.00349769 -0.00297782 -0.00394851 -0.0034406 -0.00360456 -0.00394851 -0.00399936 -0.00453959 -0.00394851 -0.0034406 -0.00453959 -0.00406263 -0.00297782 -0.00168265 -0.0034406 -0.00198146 -0.00168265 0.000122471 -0.00198146 0.000117888 -0.0034406 -0.00198146 -0.00406263 -0.00238843 -0.00198146 0.000117888 -0.00238843 0.000112575 -0.00399936 -0.00453959 -0.00447972 -0.00529831 -0.00453959 -0.00406263 -0.00529831 -0.00488596 -0.00447972 -0.00529831 -0.00504921 -0.00626212 -0.00529831 -0.00488596 -0.00626212 -0.00597224 -0.00406263 -0.00238843 -0.00488596 -0.00293595 -0.00238843 0.000112575 -0.00293595 0.000106728 -0.00488596 -0.00293595 -0.00597224 -0.00367285 -0.00293595 0.000106728 -0.00367285 0.000100595 0.000131114 0.00148783 0.000130556 0.00151332 0.00148783 0.00253911 0.00151332 0.00258008 0.000130556 0.00151332 0.000128895 0.00159159 0.00151332 0.00258008 0.00159159 0.00270552 0.00253911 0.0030967 0.00258008 0.00313828 0.0030967 0.00314888 0.00313828 0.00317939 0.00258008 0.00313828 0.00270552 0.00326496 0.00313828 0.00317939 0.00326496 0.00327163 0.000128895 0.00159159 0.000126176 0.00172824 0.00159159 0.00270552 0.00172824 0.00292318 0.000126176 0.00172824 0.000122471 0.00193323 0.00172824 0.00292318 0.00193323 0.00324674 0.00270552 0.00326496 0.00292318 0.00348265 0.00326496 0.00327163 0.00348265 0.00342769 0.00292318 0.00348265 0.00324674 0.00380152 0.00348265 0.00342769 0.00380152 0.00365092 0.00314888 0.00282511 0.00317939 0.00284 0.00282511 0.00231282 0.00284 0.0023139 0.00317939 0.00284 0.00327163 0.00288431 0.00284 0.0023139 0.00288431 0.00231627 0.00231282 0.001781 0.0023139 0.00177317 0.001781 0.00134086 0.00177317 0.00132916 0.0023139 0.00177317 0.00231627 0.00174885 0.00177317 0.00132916 0.00174885 0.00129348 0.00327163 0.00288431 0.00342769 0.00295692 0.00288431 0.00231627 0.00295692 0.00231737 0.00342769 0.00295692 0.00365092 0.00305557 0.00295692 0.00231737 0.00305557 0.00231259 0.00231627 0.00174885 0.00231737 0.00170554 0.00174885 0.00129348 0.00170554 0.00123206 0.00231737 0.00170554 0.00231259 0.0016389 0.00170554 0.00123206 0.0016389 0.00114197 0.000122471 0.00193323 0.000117888 0.00222198 0.00193323 0.00324674 0.00222198 0.00369706 0.000117888 0.00222198 0.000112575 0.00261714 0.00222198 0.00369706 0.00261714 0.00430412 0.00324674 0.00380152 0.00369706 0.0042366 0.00380152 0.00365092 0.0042366 0.00394572 0.00369706 0.0042366 0.00430412 0.00480853 0.0042366 0.00394572 0.00480853 0.004317 0.000112575 0.00261714 0.000106728 0.00315142 0.00261714 0.00430412 0.00315142 0.00511017 0.000106728 0.00315142 0.000100595 0.00387408 0.00315142 0.00511017 0.00387408 0.00617705 0.00430412 0.00480853 0.00511017 0.00554467 0.00480853 0.004317 0.00554467 0.00476944 0.00511017 0.00554467 0.00617705 0.00648251 0.00554467 0.00476944 0.00648251 0.00530655 0.00365092 0.00305557 0.00394572 0.00317638 0.00305557 0.00231259 0.00317638 0.0022949 0.00394572 0.00317638 0.004317 0.00331286 0.00317638 0.0022949 0.00331286 0.00225418 0.00231259 0.0016389 0.0022949 0.00154267 0.0016389 0.00114197 0.00154267 0.00101913 0.0022949 0.00154267 0.00225418 0.00140839 0.00154267 0.00101913 0.00140839 0.000858351 0.004317 0.00331286 0.00476944 0.0034546 0.00331286 0.00225418 0.0034546 0.00217632 0.00476944 0.0034546 0.00530655 0.00358473 0.0034546 0.00217632 0.00358473 0.00204134 0.00225418 0.00140839 0.00217632 0.00122516 0.00140839 0.000858351 0.00122516 0.000653468 0.00217632 0.00122516 0.00204134 0.000978894 0.00122516 0.000653468 0.000978894 0.00039725 0.00134086 0.00104252 0.00132916 0.00103061 0.00104252 0.000890504 0.00103061 0.000880498 0.00132916 0.00103061 0.00129348 0.000994556 0.00103061 0.000880498 0.000994556 0.000850327 0.000890504 0.000862401 0.000880498 0.000855293 0.000862401 0.000922722 0.000855293 0.000918881 0.000880498 0.000855293 0.000850327 0.000833915 0.000855293 0.000918881 0.000833915 0.000907356 0.00129348 0.000994556 0.00123206 0.000933381 0.000994556 0.000850327 0.000933381 0.000799552 0.00123206 0.000933381 0.00114197 0.00084551 0.000933381 0.000799552 0.00084551 0.000727483 0.000850327 0.000833915 0.000799552 0.000798109 0.000833915 0.000907356 0.000798109 0.000888135 0.000799552 0.000798109 0.000727483 0.000747642 0.000798109 0.000888135 0.000747642 0.000861201 0.000922722 0.00103103 0.000918881 0.00103048 0.00103103 0.00114663 0.00103048 0.00114903 0.000918881 0.00103048 0.000907356 0.00102886 0.00103048 0.00114903 0.00102886 0.00115639 0.00114663 0.00123319 0.00114903 0.00123769 0.00123319 0.0012651 0.00123769 0.00127035 0.00114903 0.00123769 0.00115639 0.00125143 0.00123769 0.00127035 0.00125143 0.00128635 0.000907356 0.00102886 0.000888135 0.00102633 0.00102886 0.00115639 0.00102633 0.00116911 0.000888135 0.00102633 0.000861201 0.00102309 0.00102633 0.00116911 0.00102309 0.00118787 0.00115639 0.00125143 0.00116911 0.00127509 0.00125143 0.00128635 0.00127509 0.00131382 0.00116911 0.00127509 0.00118787 0.00130989 0.00127509 0.00131382 0.00130989 0.00135394 0.00114197 0.00084551 0.00101913 0.000728843 0.00084551 0.000727483 0.000728843 0.000633257 0.00101913 0.000728843 0.000858351 0.000580893 0.000728843 0.000633257 0.000580893 0.000515938 0.000727483 0.000747642 0.000633257 0.000682236 0.000747642 0.000861201 0.000682236 0.000826528 0.000633257 0.000682236 0.000515938 0.000601627 0.000682236 0.000826528 0.000601627 0.000784085 0.000858351 0.000580893 0.000653468 0.000398969 0.000580893 0.000515938 0.000398969 0.000374662 0.000653468 0.000398969 0.00039725 0.000180341 0.000398969 0.000374662 0.000180341 0.000208784 0.000515938 0.000601627 0.000374662 0.000505632 0.000601627 0.000784085 0.000505632 0.000733829 0.000374662 0.000505632 0.000208784 0.000394221 0.000505632 0.000733829 0.000394221 0.000675708 0.000861201 0.00102309 0.000826528 0.00101937 0.00102309 0.00118787 0.00101937 0.00121355 0.000826528 0.00101937 0.000784085 0.00101535 0.00101937 0.00121355 0.00101535 0.00124712 0.00118787 0.00130989 0.00121355 0.00135776 0.00130989 0.00135394 0.00135776 0.0014082 0.00121355 0.00135776 0.00124712 0.00142194 0.00135776 0.0014082 0.00142194 0.00147749 0.000784085 0.00101535 0.000733829 0.0010111 0.00101535 0.00124712 0.0010111 0.00128947 0.000733829 0.0010111 0.000675708 0.00100648 0.0010111 0.00128947 0.00100648 0.00134128 0.00124712 0.00142194 0.00128947 0.0015082 0.00142194 0.00147749 0.0015082 0.00155575 0.00128947 0.0015082 0.00134128 0.00161525 0.0015082 0.00155575 0.00161525 0.00157527 0.00203883 0.00203118 -0.00461751 0.00213867 0.00203118 0.00172865 0.00213867 0.00156898 -0.00461751 0.00213867 -0.00178791 3.54867e-05 0.00213867 0.00156898 3.54867e-05 0.000958292 0.00172865 0.00149587 0.00156898 0.00134118 0.00149587 0.00133557 0.00134118 0.00121218 0.00156898 0.00134118 0.000958292 0.00112114 0.00134118 0.00121218 0.00112114 0.00108279 -0.00178791 3.54867e-05 -0.00042599 -0.00024237 3.54867e-05 0.000958292 -0.00024237 0.000703316 -0.00042599 -0.00024237 0.000105245 -4.27751e-05 -0.00024237 0.000703316 -4.27751e-05 0.000584644 0.000958292 0.00112114 0.000703316 0.000961503 0.00112114 0.00108279 0.000961503 0.000969238 0.000703316 0.000961503 0.000584644 0.000842716 0.000961503 0.000969238 0.000842716 0.000874035 0.00133557 0.001203 0.00121218 0.00107939 0.001203 0.00104361 0.00107939 0.000894618 0.00121218 0.00107939 0.00108279 0.000962989 0.00107939 0.000894618 0.000962989 0.000762526 0.00104361 0.000788668 0.000894618 0.000601689 0.000788668 0.00034298 0.000601689 0.000124795 0.000894618 0.000601689 0.000762526 0.000443982 0.000601689 0.000124795 0.000443982 -4.90315e-05 0.00108279 0.000962989 0.000969238 0.000859501 0.000962989 0.000762526 0.000859501 0.000649093 0.000969238 0.000859501 0.000874035 0.000771763 0.000859501 0.000649093 0.000771763 0.000555386 0.000762526 0.000443982 0.000649093 0.000314104 0.000443982 -4.90315e-05 0.000314104 -0.000184987 0.000649093 0.000314104 0.000555386 0.000210522 0.000314104 -0.000184987 0.000210522 -0.000288561 0.000105245 -4.27751e-05 0.000339968 0.000166179 -4.27751e-05 0.000584644 0.000166179 0.000536456 0.000339968 0.000166179 0.000462217 0.000305318 0.000166179 0.000536456 0.000305318 0.000522585 0.000584644 0.000842716 0.000536456 0.00075944 0.000842716 0.000874035 0.00075944 0.000799334 0.000536456 0.00075944 0.000522585 0.000705725 0.00075944 0.000799334 0.000705725 0.000746053 0.000462217 0.000305318 0.000525936 0.000380533 0.000305318 0.000522585 0.000380533 0.000521261 0.000525936 0.000380533 0.000546121 0.000404089 0.000380533 0.000521261 0.000404089 0.000521841 0.000522585 0.000705725 0.000521261 0.000676031 0.000705725 0.000746053 0.000676031 0.000714256 0.000521261 0.000676031 0.000521841 0.000666576 0.000676031 0.000714256 0.000666576 0.0007037 0.000874035 0.000771763 0.000799334 0.000701838 0.000771763 0.000555386 0.000701838 0.000482067 0.000799334 0.000701838 0.000746053 0.00065112 0.000701838 0.000482067 0.00065112 0.00042952 0.000555386 0.000210522 0.000482067 0.000131743 0.000210522 -0.000288561 0.000131743 -0.000364335 0.000482067 0.000131743 0.00042952 7.64742e-05 0.000131743 -0.000364335 7.64742e-05 -0.000415897 0.000746053 0.00065112 0.000714256 0.000620424 0.00065112 0.00042952 0.000620424 0.000397941 0.000714256 0.000620424 0.0007037 0.000610153 0.000620424 0.000397941 0.000610153 0.000387408 0.00042952 7.64742e-05 0.000397941 4.3726e-05 7.64742e-05 -0.000415897 4.3726e-05 -0.000445811 0.000397941 4.3726e-05 0.000387408 3.288e-05 4.3726e-05 -0.000445811 3.288e-05 -0.000455612 0.00034298 -0.000419035 0.000124795 -0.000625755 -0.000419035 -0.00161899 -0.000625755 -0.00171574 0.000124795 -0.000625755 -4.90315e-05 -0.000775845 -0.000625755 -0.00171574 -0.000775845 -0.00176117 -0.00161899 -0.00326178 -0.00171574 -0.00309653 -0.00326178 -0.00504921 -0.00309653 -0.00448155 -0.00171574 -0.00309653 -0.00176117 -0.00292484 -0.00309653 -0.00448155 -0.00292484 -0.00400296 -4.90315e-05 -0.000775845 -0.000184987 -0.000882961 -0.000775845 -0.00176117 -0.000882961 -0.001775 -0.000184987 -0.000882961 -0.000288561 -0.000957593 -0.000882961 -0.001775 -0.000957593 -0.00177109 -0.00176117 -0.00292484 -0.001775 -0.0027634 -0.00292484 -0.00400296 -0.0027634 -0.00360979 -0.001775 -0.0027634 -0.00177109 -0.00262243 -0.0027634 -0.00360979 -0.00262243 -0.00329724 -0.00504921 -0.00626212 -0.00448155 -0.00529953 -0.00626212 -0.00597224 -0.00529953 -0.00488688 -0.00448155 -0.00529953 -0.00400296 -0.004542 -0.00529953 -0.00488688 -0.004542 -0.00406442 -0.00597224 -0.00367285 -0.00488688 -0.00293678 -0.00367285 0.000100595 -0.00293678 0.000105774 -0.00488688 -0.00293678 -0.00406442 -0.00239007 -0.00293678 0.000105774 -0.00239007 0.000110704 -0.00400296 -0.004542 -0.00360979 -0.003952 -0.004542 -0.00406442 -0.003952 -0.00344321 -0.00360979 -0.003952 -0.00329724 -0.00350214 -0.003952 -0.00344321 -0.00350214 -0.00298114 -0.00406442 -0.00239007 -0.00344321 -0.00198384 -0.00239007 0.000110704 -0.00198384 0.000115171 -0.00344321 -0.00198384 -0.00298114 -0.00168567 -0.00198384 0.000115171 -0.00168567 0.000119013 -0.000288561 -0.000957593 -0.000364335 -0.00100784 -0.000957593 -0.00177109 -0.00100784 -0.00175931 -0.000364335 -0.00100784 -0.000415897 -0.00103967 -0.00100784 -0.00175931 -0.00103967 -0.00174653 -0.00177109 -0.00262243 -0.00175931 -0.00250826 -0.00262243 -0.00329724 -0.00250826 -0.00306028 -0.00175931 -0.00250826 -0.00174653 -0.00242466 -0.00250826 -0.00306028 -0.00242466 -0.00289447 -0.000415897 -0.00103967 -0.000445811 -0.00105719 -0.00103967 -0.00174653 -0.00105719 -0.0017372 -0.000445811 -0.00105719 -0.000455612 -0.00106277 -0.00105719 -0.0017372 -0.00106277 -0.00173382 -0.00174653 -0.00242466 -0.0017372 -0.00237378 -0.00242466 -0.00289447 -0.00237378 -0.0027964 -0.0017372 -0.00237378 -0.00173382 -0.00235671 -0.00237378 -0.0027964 -0.00235671 -0.00276395 -0.00329724 -0.00350214 -0.00306028 -0.00317177 -0.00350214 -0.00298114 -0.00317177 -0.00264833 -0.00306028 -0.00317177 -0.00289447 -0.00294588 -0.00317177 -0.00264833 -0.00294588 -0.002424 -0.00298114 -0.00168567 -0.00264833 -0.00147315 -0.00168567 0.000119013 -0.00147315 0.00012211 -0.00264833 -0.00147315 -0.002424 -0.00133101 -0.00147315 0.00012211 -0.00133101 0.000124377 -0.00289447 -0.00294588 -0.0027964 -0.00281427 -0.00294588 -0.002424 -0.00281427 -0.00229453 -0.0027964 -0.00281427 -0.00276395 -0.00277105 -0.00281427 -0.00229453 -0.00277105 -0.00225221 -0.002424 -0.00133101 -0.00229453 -0.0012494 -0.00133101 0.000124377 -0.0012494 0.000125759 -0.00229453 -0.0012494 -0.00225221 -0.00122279 -0.0012494 0.000125759 -0.00122279 0.000126223 0.000100595 0.00387408 0.000105774 0.00315011 0.00387408 0.00617705 0.00315011 0.00510818 0.000105774 0.00315011 0.000110704 0.00261457 0.00315011 0.00510818 0.00261457 0.00430022 0.00617705 0.00648251 0.00510818 0.00554151 0.00648251 0.00530655 0.00554151 0.00476435 0.00510818 0.00554151 0.00430022 0.00480234 0.00554151 0.00476435 0.00480234 0.004307 0.000110704 0.00261457 0.000115171 0.00221825 0.00261457 0.00430022 0.00221825 0.0036914 0.000115171 0.00221825 0.000119013 0.00192848 0.00221825 0.0036914 0.00192848 0.00323954 0.00430022 0.00480234 0.0036914 0.00422762 0.00480234 0.004307 0.00422762 0.00393121 0.0036914 0.00422762 0.00323954 0.00379009 0.00422762 0.00393121 0.00379009 0.00363246 0.00530655 0.00358473 0.00476435 0.00344631 0.00358473 0.00204134 0.00344631 0.0021628 0.00476435 0.00344631 0.004307 0.0032966 0.00344631 0.0021628 0.0032966 0.00222766 0.00204134 0.000978894 0.0021628 0.00120308 0.000978894 0.00039725 0.00120308 0.000617381 0.0021628 0.00120308 0.00222766 0.00136508 0.00120308 0.000617381 0.00136508 0.000787572 0.004307 0.0032966 0.00393121 0.00315277 0.0032966 0.00222766 0.00315277 0.0022564 0.00393121 0.00315277 0.00363246 0.00302553 0.00315277 0.0022564 0.00302553 0.00226359 0.00222766 0.00136508 0.0022564 0.0014798 0.00136508 0.000787572 0.0014798 0.000916392 0.0022564 0.0014798 0.00226359 0.00155889 0.0014798 0.000916392 0.00155889 0.00101125 0.000119013 0.00192848 0.00012211 0.00172266 0.00192848 0.00323954 0.00172266 0.00291471 0.00012211 0.00172266 0.000124377 0.00158539 0.00172266 0.00291471 0.00158539 0.00269611 0.00323954 0.00379009 0.00291471 0.00346921 0.00379009 0.00363246 0.00346921 0.00340597 0.00291471 0.00346921 0.00269611 0.00325003 0.00346921 0.00340597 0.00325003 0.0032475 0.000124377 0.00158539 0.000125759 0.00150673 0.00158539 0.00269611 0.00150673 0.00257009 0.000125759 0.00150673 0.000126223 0.00148111 0.00150673 0.00257009 0.00148111 0.00252892 0.00269611 0.00325003 0.00257009 0.00312243 0.00325003 0.0032475 0.00312243 0.00315378 0.00257009 0.00312243 0.00252892 0.00308053 0.00312243 0.00315378 0.00308053 0.00312276 0.00363246 0.00302553 0.00340597 0.00292159 0.00302553 0.00226359 0.00292159 0.00225975 0.00340597 0.00292159 0.0032475 0.00284506 0.00292159 0.00225975 0.00284506 0.00225226 0.00226359 0.00155889 0.00225975 0.00161146 0.00155889 0.00101125 0.00161146 0.00107839 0.00225975 0.00161146 0.00225226 0.00164433 0.00161146 0.00107839 0.00164433 0.00112277 0.0032475 0.00284506 0.00315378 0.00279833 0.00284506 0.00225226 0.00279833 0.00224593 0.00315378 0.00279833 0.00312276 0.00278263 0.00279833 0.00224593 0.00278263 0.00224353 0.00225226 0.00164433 0.00224593 0.00166221 0.00164433 0.00112277 0.00166221 0.00114797 0.00224593 0.00166221 0.00224353 0.00166787 0.00166221 0.00114797 0.00166787 0.00115612 0.00039725 0.000180341 0.000617381 0.000339932 0.000180341 0.000208784 0.000339932 0.000277877 0.000617381 0.000339932 0.000787572 0.00046511 0.000339932 0.000277877 0.00046511 0.000326104 0.000208784 0.000394221 0.000277877 0.000346301 0.000394221 0.000675708 0.000346301 0.000470041 0.000277877 0.000346301 0.000326104 0.000288552 0.000346301 0.000470041 0.000288552 0.000259798 0.000787572 0.00046511 0.000916392 0.000560847 0.00046511 0.000326104 0.000560847 0.000358059 0.000916392 0.000560847 0.00101125 0.000631845 0.000560847 0.000358059 0.000631845 0.000377888 0.000326104 0.000288552 0.000358059 0.000229399 0.000288552 0.000259798 0.000229399 7.26709e-05 0.000358059 0.000229399 0.000377888 0.000174189 0.000229399 7.26709e-05 0.000174189 -8.54861e-05 0.000675708 0.00100648 0.000470041 0.000576286 0.00100648 0.00134128 0.000576286 0.000613837 0.000470041 0.000576286 0.000259798 0.00010153 0.000576286 0.000613837 0.00010153 -0.00051308 0.00134128 0.00161525 0.000613837 0.000362498 0.00161525 0.00157527 0.000362498 -0.0125743 0.000613837 0.000362498 -0.00051308 -0.00269929 0.000362498 -0.0125743 -0.00269929 -0.00891234 0.000259798 0.00010153 7.26709e-05 -0.000272945 0.00010153 -0.00051308 -0.000272945 -0.00115606 7.26709e-05 -0.000272945 -8.54861e-05 -0.000563578 -0.000272945 -0.00115606 -0.000563578 -0.00154944 -0.00051308 -0.00269929 -0.00115606 -0.00348232 -0.00269929 -0.00891234 -0.00348232 -0.00641265 -0.00115606 -0.00348232 -0.00154944 -0.00348983 -0.00348232 -0.00641265 -0.00348983 -0.00517234 0.00101125 0.000631845 0.00107839 0.000682319 0.000631845 0.000377888 0.000682319 0.000389256 0.00107839 0.000682319 0.00112277 0.00071576 0.000682319 0.000389256 0.00071576 0.000395167 0.000377888 0.000174189 0.000389256 0.000127206 0.000174189 -8.54861e-05 0.000127206 -0.000210273 0.000389256 0.000127206 0.000395167 9.16174e-05 0.000127206 -0.000210273 9.16174e-05 -0.00029963 0.00112277 0.00071576 0.00114797 0.000734762 0.00071576 0.000395167 0.000734762 0.000397823 0.00114797 0.000734762 0.00115612 0.000740917 0.000734762 0.000397823 0.000740917 0.000398559 0.000395167 9.16174e-05 0.000397823 6.95012e-05 9.16174e-05 -0.00029963 6.95012e-05 -0.000353099 0.000397823 6.95012e-05 0.000398559 6.20075e-05 6.95012e-05 -0.000353099 6.20075e-05 -0.000370872 -8.54861e-05 -0.000563578 -0.000210273 -0.000775543 -0.000563578 -0.00154944 -0.000775543 -0.00178011 -0.000210273 -0.000775543 -0.00029963 -0.000917407 -0.000775543 -0.00178011 -0.000917407 -0.00190625 -0.00154944 -0.00348983 -0.00178011 -0.00334972 -0.00348983 -0.00517234 -0.00334972 -0.00453894 -0.00178011 -0.00334972 -0.00190625 -0.00322669 -0.00334972 -0.00453894 -0.00322669 -0.00420005 -0.00029963 -0.000917407 -0.000353099 -0.000998169 -0.000917407 -0.00190625 -0.000998169 -0.00196758 -0.000353099 -0.000998169 -0.000370872 -0.00102431 -0.000998169 -0.00196758 -0.00102431 -0.00198577 -0.00190625 -0.00322669 -0.00196758 -0.00315195 -0.00322669 -0.00420005 -0.00315195 -0.00402911 -0.00196758 -0.00315195 -0.00198577 -0.00312738 -0.00315195 -0.00402911 -0.00312738 -0.00397656 0.000546121 0.000404089 0.000525936 0.000380533 0.000404089 0.000521841 0.000380533 0.000521261 0.000525936 0.000380533 0.000462217 0.000305318 0.000380533 0.000521261 0.000305318 0.000522585 0.000521841 0.000666576 0.000521261 0.000676031 0.000666576 0.0007037 0.000676031 0.000714256 0.000521261 0.000676031 0.000522585 0.000705725 0.000676031 0.000714256 0.000705725 0.000746053 0.000462217 0.000305318 0.000339968 0.000166179 0.000305318 0.000522585 0.000166179 0.000536456 0.000339968 0.000166179 0.000105245 -4.27751e-05 0.000166179 0.000536456 -4.27751e-05 0.000584644 0.000522585 0.000705725 0.000536456 0.00075944 0.000705725 0.000746053 0.00075944 0.000799334 0.000536456 0.00075944 0.000584644 0.000842716 0.00075944 0.000799334 0.000842716 0.000874035 0.0007037 0.000610153 0.000714256 0.000620424 0.000610153 0.000387408 0.000620424 0.000397941 0.000714256 0.000620424 0.000746053 0.00065112 0.000620424 0.000397941 0.00065112 0.00042952 0.000387408 3.288e-05 0.000397941 4.3726e-05 3.288e-05 -0.000455612 4.3726e-05 -0.000445811 0.000397941 4.3726e-05 0.00042952 7.64742e-05 4.3726e-05 -0.000445811 7.64742e-05 -0.000415897 0.000746053 0.00065112 0.000799334 0.000701838 0.00065112 0.00042952 0.000701838 0.000482067 0.000799334 0.000701838 0.000874035 0.000771763 0.000701838 0.000482067 0.000771763 0.000555386 0.00042952 7.64742e-05 0.000482067 0.000131743 7.64742e-05 -0.000415897 0.000131743 -0.000364335 0.000482067 0.000131743 0.000555386 0.000210522 0.000131743 -0.000364335 0.000210522 -0.000288561 0.000105245 -4.27751e-05 -0.00042599 -0.00024237 -4.27751e-05 0.000584644 -0.00024237 0.000703316 -0.00042599 -0.00024237 -0.00178791 3.54867e-05 -0.00024237 0.000703316 3.54867e-05 0.000958292 0.000584644 0.000842716 0.000703316 0.000961503 0.000842716 0.000874035 0.000961503 0.000969238 0.000703316 0.000961503 0.000958292 0.00112114 0.000961503 0.000969238 0.00112114 0.00108279 -0.00178791 3.54867e-05 -0.00461751 0.00213867 3.54867e-05 0.000958292 0.00213867 0.00156898 -0.00461751 0.00213867 0.00203883 0.00203118 0.00213867 0.00156898 0.00203118 0.00172865 0.000958292 0.00112114 0.00156898 0.00134118 0.00112114 0.00108279 0.00134118 0.00121218 0.00156898 0.00134118 0.00172865 0.00149587 0.00134118 0.00121218 0.00149587 0.00133557 0.000874035 0.000771763 0.000969238 0.000859501 0.000771763 0.000555386 0.000859501 0.000649093 0.000969238 0.000859501 0.00108279 0.000962989 0.000859501 0.000649093 0.000962989 0.000762526 0.000555386 0.000210522 0.000649093 0.000314104 0.000210522 -0.000288561 0.000314104 -0.000184987 0.000649093 0.000314104 0.000762526 0.000443982 0.000314104 -0.000184987 0.000443982 -4.90315e-05 0.00108279 0.000962989 0.00121218 0.00107939 0.000962989 0.000762526 0.00107939 0.000894618 0.00121218 0.00107939 0.00133557 0.001203 0.00107939 0.000894618 0.001203 0.00104361 0.000762526 0.000443982 0.000894618 0.000601689 0.000443982 -4.90315e-05 0.000601689 0.000124795 0.000894618 0.000601689 0.00104361 0.000788668 0.000601689 0.000124795 0.000788668 0.00034298 -0.000455612 -0.00106277 -0.000445811 -0.00105719 -0.00106277 -0.00173382 -0.00105719 -0.0017372 -0.000445811 -0.00105719 -0.000415897 -0.00103967 -0.00105719 -0.0017372 -0.00103967 -0.00174653 -0.00173382 -0.00235671 -0.0017372 -0.00237378 -0.00235671 -0.00276395 -0.00237378 -0.0027964 -0.0017372 -0.00237378 -0.00174653 -0.00242466 -0.00237378 -0.0027964 -0.00242466 -0.00289447 -0.000415897 -0.00103967 -0.000364335 -0.00100784 -0.00103967 -0.00174653 -0.00100784 -0.00175931 -0.000364335 -0.00100784 -0.000288561 -0.000957593 -0.00100784 -0.00175931 -0.000957593 -0.00177109 -0.00174653 -0.00242466 -0.00175931 -0.00250826 -0.00242466 -0.00289447 -0.00250826 -0.00306028 -0.00175931 -0.00250826 -0.00177109 -0.00262243 -0.00250826 -0.00306028 -0.00262243 -0.00329724 -0.00276395 -0.00277105 -0.0027964 -0.00281427 -0.00277105 -0.00225221 -0.00281427 -0.00229453 -0.0027964 -0.00281427 -0.00289447 -0.00294588 -0.00281427 -0.00229453 -0.00294588 -0.002424 -0.00225221 -0.00122279 -0.00229453 -0.0012494 -0.00122279 0.000126223 -0.0012494 0.000125759 -0.00229453 -0.0012494 -0.002424 -0.00133101 -0.0012494 0.000125759 -0.00133101 0.000124377 -0.00289447 -0.00294588 -0.00306028 -0.00317177 -0.00294588 -0.002424 -0.00317177 -0.00264833 -0.00306028 -0.00317177 -0.00329724 -0.00350214 -0.00317177 -0.00264833 -0.00350214 -0.00298114 -0.002424 -0.00133101 -0.00264833 -0.00147315 -0.00133101 0.000124377 -0.00147315 0.00012211 -0.00264833 -0.00147315 -0.00298114 -0.00168567 -0.00147315 0.00012211 -0.00168567 0.000119013 -0.000288561 -0.000957593 -0.000184987 -0.000882961 -0.000957593 -0.00177109 -0.000882961 -0.001775 -0.000184987 -0.000882961 -4.90315e-05 -0.000775845 -0.000882961 -0.001775 -0.000775845 -0.00176117 -0.00177109 -0.00262243 -0.001775 -0.0027634 -0.00262243 -0.00329724 -0.0027634 -0.00360979 -0.001775 -0.0027634 -0.00176117 -0.00292484 -0.0027634 -0.00360979 -0.00292484 -0.00400296 -4.90315e-05 -0.000775845 0.000124795 -0.000625755 -0.000775845 -0.00176117 -0.000625755 -0.00171574 0.000124795 -0.000625755 0.00034298 -0.000419035 -0.000625755 -0.00171574 -0.000419035 -0.00161899 -0.00176117 -0.00292484 -0.00171574 -0.00309653 -0.00292484 -0.00400296 -0.00309653 -0.00448155 -0.00171574 -0.00309653 -0.00161899 -0.00326178 -0.00309653 -0.00448155 -0.00326178 -0.00504921 -0.00329724 -0.00350214 -0.00360979 -0.003952 -0.00350214 -0.00298114 -0.003952 -0.00344321 -0.00360979 -0.003952 -0.00400296 -0.004542 -0.003952 -0.00344321 -0.004542 -0.00406442 -0.00298114 -0.00168567 -0.00344321 -0.00198384 -0.00168567 0.000119013 -0.00198384 0.000115171 -0.00344321 -0.00198384 -0.00406442 -0.00239007 -0.00198384 0.000115171 -0.00239007 0.000110704 -0.00400296 -0.004542 -0.00448155 -0.00529953 -0.004542 -0.00406442 -0.00529953 -0.00488688 -0.00448155 -0.00529953 -0.00504921 -0.00626212 -0.00529953 -0.00488688 -0.00626212 -0.00597224 -0.00406442 -0.00239007 -0.00488688 -0.00293678 -0.00239007 0.000110704 -0.00293678 0.000105774 -0.00488688 -0.00293678 -0.00597224 -0.00367285 -0.00293678 0.000105774 -0.00367285 0.000100595 0.000126223 0.00148111 0.000125759 0.00150673 0.00148111 0.00252892 0.00150673 0.00257009 0.000125759 0.00150673 0.000124377 0.00158539 0.00150673 0.00257009 0.00158539 0.00269611 0.00252892 0.00308053 0.00257009 0.00312243 0.00308053 0.00312276 0.00312243 0.00315378 0.00257009 0.00312243 0.00269611 0.00325003 0.00312243 0.00315378 0.00325003 0.0032475 0.000124377 0.00158539 0.00012211 0.00172266 0.00158539 0.00269611 0.00172266 0.00291471 0.00012211 0.00172266 0.000119013 0.00192848 0.00172266 0.00291471 0.00192848 0.00323954 0.00269611 0.00325003 0.00291471 0.00346921 0.00325003 0.0032475 0.00346921 0.00340597 0.00291471 0.00346921 0.00323954 0.00379009 0.00346921 0.00340597 0.00379009 0.00363246 0.00312276 0.00278263 0.00315378 0.00279833 0.00278263 0.00224353 0.00279833 0.00224593 0.00315378 0.00279833 0.0032475 0.00284506 0.00279833 0.00224593 0.00284506 0.00225226 0.00224353 0.00166787 0.00224593 0.00166221 0.00166787 0.00115612 0.00166221 0.00114797 0.00224593 0.00166221 0.00225226 0.00164433 0.00166221 0.00114797 0.00164433 0.00112277 0.0032475 0.00284506 0.00340597 0.00292159 0.00284506 0.00225226 0.00292159 0.00225975 0.00340597 0.00292159 0.00363246 0.00302553 0.00292159 0.00225975 0.00302553 0.00226359 0.00225226 0.00164433 0.00225975 0.00161146 0.00164433 0.00112277 0.00161146 0.00107839 0.00225975 0.00161146 0.00226359 0.00155889 0.00161146 0.00107839 0.00155889 0.00101125 0.000119013 0.00192848 0.000115171 0.00221825 0.00192848 0.00323954 0.00221825 0.0036914 0.000115171 0.00221825 0.000110704 0.00261457 0.00221825 0.0036914 0.00261457 0.00430022 0.00323954 0.00379009 0.0036914 0.00422762 0.00379009 0.00363246 0.00422762 0.00393121 0.0036914 0.00422762 0.00430022 0.00480234 0.00422762 0.00393121 0.00480234 0.004307 0.000110704 0.00261457 0.000105774 0.00315011 0.00261457 0.00430022 0.00315011 0.00510818 0.000105774 0.00315011 0.000100595 0.00387408 0.00315011 0.00510818 0.00387408 0.00617705 0.00430022 0.00480234 0.00510818 0.00554151 0.00480234 0.004307 0.00554151 0.00476435 0.00510818 0.00554151 0.00617705 0.00648251 0.00554151 0.00476435 0.00648251 0.00530655 0.00363246 0.00302553 0.00393121 0.00315277 0.00302553 0.00226359 0.00315277 0.0022564 0.00393121 0.00315277 0.004307 0.0032966 0.00315277 0.0022564 0.0032966 0.00222766 0.00226359 0.00155889 0.0022564 0.0014798 0.00155889 0.00101125 0.0014798 0.000916392 0.0022564 0.0014798 0.00222766 0.00136508 0.0014798 0.000916392 0.00136508 0.000787572 0.004307 0.0032966 0.00476435 0.00344631 0.0032966 0.00222766 0.00344631 0.0021628 0.00476435 0.00344631 0.00530655 0.00358473 0.00344631 0.0021628 0.00358473 0.00204134 0.00222766 0.00136508 0.0021628 0.00120308 0.00136508 0.000787572 0.00120308 0.000617381 0.0021628 0.00120308 0.00204134 0.000978894 0.00120308 0.000617381 0.000978894 0.00039725 0.00115612 0.000740917 0.00114797 0.000734762 0.000740917 0.000398559 0.000734762 0.000397823 0.00114797 0.000734762 0.00112277 0.00071576 0.000734762 0.000397823 0.00071576 0.000395167 0.000398559 6.20075e-05 0.000397823 6.95012e-05 6.20075e-05 -0.000370872 6.95012e-05 -0.000353099 0.000397823 6.95012e-05 0.000395167 9.16174e-05 6.95012e-05 -0.000353099 9.16174e-05 -0.00029963 0.00112277 0.00071576 0.00107839 0.000682319 0.00071576 0.000395167 0.000682319 0.000389256 0.00107839 0.000682319 0.00101125 0.000631845 0.000682319 0.000389256 0.000631845 0.000377888 0.000395167 9.16174e-05 0.000389256 0.000127206 9.16174e-05 -0.00029963 0.000127206 -0.000210273 0.000389256 0.000127206 0.000377888 0.000174189 0.000127206 -0.000210273 0.000174189 -8.54861e-05 -0.000370872 -0.00102431 -0.000353099 -0.000998169 -0.00102431 -0.00198577 -0.000998169 -0.00196758 -0.000353099 -0.000998169 -0.00029963 -0.000917407 -0.000998169 -0.00196758 -0.000917407 -0.00190625 -0.00198577 -0.00312738 -0.00196758 -0.00315195 -0.00312738 -0.00397656 -0.00315195 -0.00402911 -0.00196758 -0.00315195 -0.00190625 -0.00322669 -0.00315195 -0.00402911 -0.00322669 -0.00420005 -0.00029963 -0.000917407 -0.000210273 -0.000775543 -0.000917407 -0.00190625 -0.000775543 -0.00178011 -0.000210273 -0.000775543 -8.54861e-05 -0.000563578 -0.000775543 -0.00178011 -0.000563578 -0.00154944 -0.00190625 -0.00322669 -0.00178011 -0.00334972 -0.00322669 -0.00420005 -0.00334972 -0.00453894 -0.00178011 -0.00334972 -0.00154944 -0.00348983 -0.00334972 -0.00453894 -0.00348983 -0.00517234 0.00101125 0.000631845 0.000916392 0.000560847 0.000631845 0.000377888 0.000560847 0.000358059 0.000916392 0.000560847 0.000787572 0.00046511 0.000560847 0.000358059 0.00046511 0.000326104 0.000377888 0.000174189 0.000358059 0.000229399 0.000174189 -8.54861e-05 0.000229399 7.26709e-05 0.000358059 0.000229399 0.000326104 0.000288552 0.000229399 7.26709e-05 0.000288552 0.000259798 0.000787572 0.00046511 0.000617381 0.000339932 0.00046511 0.000326104 0.000339932 0.000277877 0.000617381 0.000339932 0.00039725 0.000180341 0.000339932 0.000277877 0.000180341 0.000208784 0.000326104 0.000288552 0.000277877 0.000346301 0.000288552 0.000259798 0.000346301 0.000470041 0.000277877 0.000346301 0.000208784 0.000394221 0.000346301 0.000470041 0.000394221 0.000675708 -8.54861e-05 -0.000563578 7.26709e-05 -0.000272945 -0.000563578 -0.00154944 -0.000272945 -0.00115606 7.26709e-05 -0.000272945 0.000259798 0.00010153 -0.000272945 -0.00115606 0.00010153 -0.00051308 -0.00154944 -0.00348983 -0.00115606 -0.00348232 -0.00348983 -0.00517234 -0.00348232 -0.00641265 -0.00115606 -0.00348232 -0.00051308 -0.00269929 -0.00348232 -0.00641265 -0.00269929 -0.00891234 0.000259798 0.00010153 0.000470041 0.000576286 0.00010153 -0.00051308 0.000576286 0.000613837 0.000470041 0.000576286 0.000675708 0.00100648 0.000576286 0.000613837 0.00100648 0.00134128 -0.00051308 -0.00269929 0.000613837 0.000362498 -0.00269929 -0.00891234 0.000362498 -0.0125743 0.000613837 0.000362498 0.00134128 0.00161525 0.000362498 -0.0125743 0.00161525 0.00157527 0.00203883 0.00203118 0.00200023 0.00192495 0.00203118 0.00172865 0.00192495 0.00169217 0.00200023 0.00192495 0.00190415 0.00183388 0.00192495 0.00169217 0.00183388 0.00165174 0.00172865 0.00149587 0.00169217 0.00147844 0.00149587 0.00133557 0.00147844 0.00130218 0.00169217 0.00147844 0.00165174 0.00145424 0.00147844 0.00130218 0.00145424 0.00126713 0.00190415 0.00183388 0.00182243 0.0017635 0.00183388 0.00165174 0.0017635 0.00161231 0.00182243 0.0017635 0.00175922 0.0017091 0.0017635 0.00161231 0.0017091 0.0015773 0.00165174 0.00145424 0.00161231 0.00142771 0.00145424 0.00126713 0.00142771 0.00123318 0.00161231 0.00142771 0.0015773 0.00140222 0.00142771 0.00123318 0.00140222 0.00120255 0.00133557 0.001203 0.00130218 0.00113427 0.001203 0.00104361 0.00113427 0.00092792 0.00130218 0.00113427 0.00126713 0.00107145 0.00113427 0.00092792 0.00107145 0.000827905 0.00104361 0.000788668 0.00092792 0.000621977 0.000788668 0.00034298 0.000621977 0.000137194 0.00092792 0.000621977 0.000827905 0.000483773 0.000621977 0.000137194 0.000483773 -2.47139e-05 0.00126713 0.00107145 0.00123318 0.00101609 0.00107145 0.000827905 0.00101609 0.000743795 0.00123318 0.00101609 0.00120255 0.000969378 0.00101609 0.000743795 0.000969378 0.000675533 0.000827905 0.000483773 0.000743795 0.000371819 0.000483773 -2.47139e-05 0.000371819 -0.000149696 0.000743795 0.000371819 0.000675533 0.000283891 0.000371819 -0.000149696 0.000283891 -0.000243665 0.00175922 0.0017091 0.0017125 0.0016683 0.0017091 0.0015773 0.0016683 0.00154873 0.0017125 0.0016683 0.00168037 0.00163983 0.0016683 0.00154873 0.00163983 0.00152774 0.0015773 0.00140222 0.00154873 0.00138022 0.00140222 0.00120255 0.00138022 0.00117702 0.00154873 0.00138022 0.00152774 0.00136342 0.00138022 0.00117702 0.00136342 0.00115788 0.00168037 0.00163983 0.00166156 0.00162299 0.00163983 0.00152774 0.00162299 0.00151493 0.00166156 0.00162299 0.00165536 0.00161742 0.00162299 0.00151493 0.00161742 0.00151062 0.00152774 0.00136342 0.00151493 0.00135292 0.00136342 0.00115788 0.00135292 0.00114605 0.00151493 0.00135292 0.00151062 0.00134936 0.00135292 0.00114605 0.00134936 0.00114205 0.00120255 0.000969378 0.00117702 0.000932222 0.000969378 0.000675533 0.000932222 0.000622886 0.00117702 0.000932222 0.00115788 0.000905262 0.000932222 0.000622886 0.000905262 0.000585561 0.000675533 0.000283891 0.000622886 0.00021791 0.000283891 -0.000243665 0.00021791 -0.000311567 0.000622886 0.00021791 0.000585561 0.000172118 0.00021791 -0.000311567 0.000172118 -0.000357287 0.00115788 0.000905262 0.00114605 0.000888925 0.000905262 0.000585561 0.000888925 0.000563289 0.00114605 0.000888925 0.00114205 0.000883454 0.000888925 0.000563289 0.000883454 0.000555887 0.000585561 0.000172118 0.000563289 0.000145191 0.000172118 -0.000357287 0.000145191 -0.000383607 0.000563289 0.000145191 0.000555887 0.000136308 0.000145191 -0.000383607 0.000136308 -0.000392195 0.00034298 -0.000419035 0.000137194 -0.000618158 -0.000419035 -0.00161899 -0.000618158 -0.00171106 0.000137194 -0.000618158 -2.47139e-05 -0.000760946 -0.000618158 -0.00171106 -0.000760946 -0.00175201 -0.00161899 -0.00326178 -0.00171106 -0.00309363 -0.00326178 -0.00504921 -0.00309363 -0.00447972 -0.00171106 -0.00309363 -0.00175201 -0.00291916 -0.00309363 -0.00447972 -0.00291916 -0.00399936 -2.47139e-05 -0.000760946 -0.000149696 -0.000861333 -0.000760946 -0.00175201 -0.000861333 -0.0017617 -0.000149696 -0.000861333 -0.000243665 -0.000930071 -0.000861333 -0.0017617 -0.000930071 -0.00175416 -0.00175201 -0.00291916 -0.0017617 -0.00275515 -0.00291916 -0.00399936 -0.00275515 -0.00360456 -0.0017617 -0.00275515 -0.00175416 -0.00261193 -0.00275515 -0.00360456 -0.00261193 -0.00329058 -0.00504921 -0.00626212 -0.00447972 -0.00529831 -0.00626212 -0.00597224 -0.00529831 -0.00488596 -0.00447972 -0.00529831 -0.00399936 -0.00453959 -0.00529831 -0.00488596 -0.00453959 -0.00406263 -0.00597224 -0.00367285 -0.00488596 -0.00293595 -0.00367285 0.000100595 -0.00293595 0.000106728 -0.00488596 -0.00293595 -0.00406263 -0.00238843 -0.00293595 0.000106728 -0.00238843 0.000112575 -0.00399936 -0.00453959 -0.00360456 -0.00394851 -0.00453959 -0.00406263 -0.00394851 -0.0034406 -0.00360456 -0.00394851 -0.00329058 -0.00349769 -0.00394851 -0.0034406 -0.00349769 -0.00297782 -0.00406263 -0.00238843 -0.0034406 -0.00198146 -0.00238843 0.000112575 -0.00198146 0.000117888 -0.0034406 -0.00198146 -0.00297782 -0.00168265 -0.00198146 0.000117888 -0.00168265 0.000122471 -0.000243665 -0.000930071 -0.000311567 -0.000975479 -0.000930071 -0.00175416 -0.000975479 -0.00173941 -0.000311567 -0.000975479 -0.000357287 -0.00100372 -0.000975479 -0.00173941 -0.00100372 -0.00172442 -0.00175416 -0.00261193 -0.00173941 -0.00249591 -0.00261193 -0.00329058 -0.00249591 -0.00305246 -0.00173941 -0.00249591 -0.00172442 -0.00241094 -0.00249591 -0.00305246 -0.00241094 -0.00288577 -0.000357287 -0.00100372 -0.000383607 -0.00101903 -0.00100372 -0.00172442 -0.00101903 -0.00171373 -0.000383607 -0.00101903 -0.000392195 -0.00102386 -0.00101903 -0.00171373 -0.00102386 -0.00170989 -0.00172442 -0.00241094 -0.00171373 -0.00235921 -0.00241094 -0.00288577 -0.00235921 -0.00278717 -0.00171373 -0.00235921 -0.00170989 -0.00234186 -0.00235921 -0.00278717 -0.00234186 -0.00275454 -0.00329058 -0.00349769 -0.00305246 -0.00316655 -0.00349769 -0.00297782 -0.00316655 -0.00264442 -0.00305246 -0.00316655 -0.00288577 -0.00294008 -0.00316655 -0.00264442 -0.00294008 -0.00241966 -0.00297782 -0.00168265 -0.00264442 -0.0014696 -0.00168265 0.000122471 -0.0014696 0.000126176 -0.00264442 -0.0014696 -0.00241966 -0.00132707 -0.0014696 0.000126176 -0.00132707 0.000128895 -0.00288577 -0.00294008 -0.00278717 -0.00280811 -0.00294008 -0.00241966 -0.00280811 -0.00228993 -0.00278717 -0.00280811 -0.00275454 -0.00276476 -0.00280811 -0.00228993 -0.00276476 -0.00224751 -0.00241966 -0.00132707 -0.00228993 -0.00124521 -0.00132707 0.000128895 -0.00124521 0.000130556 -0.00228993 -0.00124521 -0.00224751 -0.00121852 -0.00124521 0.000130556 -0.00121852 0.000131114 0.000100595 0.00387408 0.000106728 0.00315142 0.00387408 0.00617705 0.00315142 0.00511017 0.000106728 0.00315142 0.000112575 0.00261714 0.00315142 0.00511017 0.00261714 0.00430412 0.00617705 0.00648251 0.00511017 0.00554467 0.00648251 0.00530655 0.00554467 0.00476944 0.00511017 0.00554467 0.00430412 0.00480853 0.00554467 0.00476944 0.00480853 0.004317 0.000112575 0.00261714 0.000117888 0.00222198 0.00261714 0.00430412 0.00222198 0.00369706 0.000117888 0.00222198 0.000122471 0.00193323 0.00222198 0.00369706 0.00193323 0.00324674 0.00430412 0.00480853 0.00369706 0.0042366 0.00480853 0.004317 0.0042366 0.00394572 0.00369706 0.0042366 0.00324674 0.00380152 0.0042366 0.00394572 0.00380152 0.00365092 0.00530655 0.00358473 0.00476944 0.0034546 0.00358473 0.00204134 0.0034546 0.00217632 0.00476944 0.0034546 0.004317 0.00331286 0.0034546 0.00217632 0.00331286 0.00225418 0.00204134 0.000978894 0.00217632 0.00122516 0.000978894 0.00039725 0.00122516 0.000653468 0.00217632 0.00122516 0.00225418 0.00140839 0.00122516 0.000653468 0.00140839 0.000858351 0.004317 0.00331286 0.00394572 0.00317638 0.00331286 0.00225418 0.00317638 0.0022949 0.00394572 0.00317638 0.00365092 0.00305557 0.00317638 0.0022949 0.00305557 0.00231259 0.00225418 0.00140839 0.0022949 0.00154267 0.00140839 0.000858351 0.00154267 0.00101913 0.0022949 0.00154267 0.00231259 0.0016389 0.00154267 0.00101913 0.0016389 0.00114197 0.000122471 0.00193323 0.000126176 0.00172824 0.00193323 0.00324674 0.00172824 0.00292318 0.000126176 0.00172824 0.000128895 0.00159159 0.00172824 0.00292318 0.00159159 0.00270552 0.00324674 0.00380152 0.00292318 0.00348265 0.00380152 0.00365092 0.00348265 0.00342769 0.00292318 0.00348265 0.00270552 0.00326496 0.00348265 0.00342769 0.00326496 0.00327163 0.000128895 0.00159159 0.000130556 0.00151332 0.00159159 0.00270552 0.00151332 0.00258008 0.000130556 0.00151332 0.000131114 0.00148783 0.00151332 0.00258008 0.00148783 0.00253911 0.00270552 0.00326496 0.00258008 0.00313828 0.00326496 0.00327163 0.00313828 0.00317939 0.00258008 0.00313828 0.00253911 0.0030967 0.00313828 0.00317939 0.0030967 0.00314888 0.00365092 0.00305557 0.00342769 0.00295692 0.00305557 0.00231259 0.00295692 0.00231737 0.00342769 0.00295692 0.00327163 0.00288431 0.00295692 0.00231737 0.00288431 0.00231627 0.00231259 0.0016389 0.00231737 0.00170554 0.0016389 0.00114197 0.00170554 0.00123206 0.00231737 0.00170554 0.00231627 0.00174885 0.00170554 0.00123206 0.00174885 0.00129348 0.00327163 0.00288431 0.00317939 0.00284 0.00288431 0.00231627 0.00284 0.0023139 0.00317939 0.00284 0.00314888 0.00282511 0.00284 0.0023139 0.00282511 0.00231282 0.00231627 0.00174885 0.0023139 0.00177317 0.00174885 0.00129348 0.00177317 0.00132916 0.0023139 0.00177317 0.00231282 0.001781 0.00177317 0.00132916 0.001781 0.00134086 0.00039725 0.000180341 0.000653468 0.000398969 0.000180341 0.000208784 0.000398969 0.000374662 0.000653468 0.000398969 0.000858351 0.000580893 0.000398969 0.000374662 0.000580893 0.000515938 0.000208784 0.000394221 0.000374662 0.000505632 0.000394221 0.000675708 0.000505632 0.000733829 0.000374662 0.000505632 0.000515938 0.000601627 0.000505632 0.000733829 0.000601627 0.000784085 0.000858351 0.000580893 0.00101913 0.000728843 0.000580893 0.000515938 0.000728843 0.000633257 0.00101913 0.000728843 0.00114197 0.00084551 0.000728843 0.000633257 0.00084551 0.000727483 0.000515938 0.000601627 0.000633257 0.000682236 0.000601627 0.000784085 0.000682236 0.000826528 0.000633257 0.000682236 0.000727483 0.000747642 0.000682236 0.000826528 0.000747642 0.000861201 0.000675708 0.00100648 0.000733829 0.0010111 0.00100648 0.00134128 0.0010111 0.00128947 0.000733829 0.0010111 0.000784085 0.00101535 0.0010111 0.00128947 0.00101535 0.00124712 0.00134128 0.00161525 0.00128947 0.0015082 0.00161525 0.00157527 0.0015082 0.00155575 0.00128947 0.0015082 0.00124712 0.00142194 0.0015082 0.00155575 0.00142194 0.00147749 0.000784085 0.00101535 0.000826528 0.00101937 0.00101535 0.00124712 0.00101937 0.00121355 0.000826528 0.00101937 0.000861201 0.00102309 0.00101937 0.00121355 0.00102309 0.00118787 0.00124712 0.00142194 0.00121355 0.00135776 0.00142194 0.00147749 0.00135776 0.0014082 0.00121355 0.00135776 0.00118787 0.00130989 0.00135776 0.0014082 0.00130989 0.00135394 0.00114197 0.00084551 0.00123206 0.000933381 0.00084551 0.000727483 0.000933381 0.000799552 0.00123206 0.000933381 0.00129348 0.000994556 0.000933381 0.000799552 0.000994556 0.000850327 0.000727483 0.000747642 0.000799552 0.000798109 0.000747642 0.000861201 0.000798109 0.000888135 0.000799552 0.000798109 0.000850327 0.000833915 0.000798109 0.000888135 0.000833915 0.000907356 0.00129348 0.000994556 0.00132916 0.00103061 0.000994556 0.000850327 0.00103061 0.000880498 0.00132916 0.00103061 0.00134086 0.00104252 0.00103061 0.000880498 0.00104252 0.000890504 0.000850327 0.000833915 0.000880498 0.000855293 0.000833915 0.000907356 0.000855293 0.000918881 0.000880498 0.000855293 0.000890504 0.000862401 0.000855293 0.000918881 0.000862401 0.000922722 0.000861201 0.00102309 0.000888135 0.00102633 0.00102309 0.00118787 0.00102633 0.00116911 0.000888135 0.00102633 0.000907356 0.00102886 0.00102633 0.00116911 0.00102886 0.00115639 0.00118787 0.00130989 0.00116911 0.00127509 0.00130989 0.00135394 0.00127509 0.00131382 0.00116911 0.00127509 0.00115639 0.00125143 0.00127509 0.00131382 0.00125143 0.00128635 0.000907356 0.00102886 0.000918881 0.00103048 0.00102886 0.00115639 0.00103048 0.00114903 0.000918881 0.00103048 0.000922722 0.00103103 0.00103048 0.00114903 0.00103103 0.00114663 0.00115639 0.00125143 0.00114903 0.00123769 0.00125143 0.00128635 0.00123769 0.00127035 0.00114903 0.00123769 0.00114663 0.00123319 0.00123769 0.00127035 0.00123319 0.0012651 
SCALARS wy_dis double 1
LOOKUP_TABLE default
-0.00115953 -0.00102307 -0.00118152 -0.00104426 -0.00102307 -0.000623566 -0.00104426 -0.000642578 -0.00118152 -0.00104426 -0.00124776 -0.00110804 -0.00104426 -0.000642578 -0.00110804 -0.000699661 -0.000623566 1.32556e-05 -0.000642578 -3.30592e-06 1.32556e-05 0.000858222 -3.30592e-06 0.000843225 -0.000642578 -3.30592e-06 -0.000699661 -5.28353e-05 -3.30592e-06 0.000843225 -5.28353e-05 0.000798459 -0.00124776 -0.00110804 -0.001359 -0.00121517 -0.00110804 -0.000699661 -0.00121517 -0.000794944 -0.001359 -0.00121517 -0.00151645 -0.0013671 -0.00121517 -0.000794944 -0.0013671 -0.000928619 -0.000699661 -5.28353e-05 -0.000794944 -0.000134843 -5.28353e-05 0.000798459 -0.000134843 0.000724624 -0.000794944 -0.000134843 -0.000928619 -0.000248435 -0.000134843 0.000724624 -0.000248435 0.000622914 0.000858222 0.00189237 0.000843225 0.00187755 0.00189237 0.00311348 0.00187755 0.00309742 0.000843225 0.00187755 0.000798459 0.00183332 0.00187755 0.00309742 0.00183332 0.00304944 0.00311348 0.00453688 0.00309742 0.00451833 0.00453688 0.00619308 0.00451833 0.00617127 0.00309742 0.00451833 0.00304944 0.00446283 0.00451833 0.00617127 0.00446283 0.00610581 0.000798459 0.00183332 0.000724624 0.00176037 0.00183332 0.00304944 0.00176037 0.00297016 0.000724624 0.00176037 0.000622914 0.00165987 0.00176037 0.00297016 0.00165987 0.00286061 0.00304944 0.00446283 0.00297016 0.00437079 0.00446283 0.00610581 0.00437079 0.00599659 0.00297016 0.00437079 0.00286061 0.00424298 0.00437079 0.00599659 0.00424298 0.00584356 -0.00151645 -0.0013671 -0.00172122 -0.00156647 -0.0013671 -0.000928619 -0.00156647 -0.00110081 -0.00172122 -0.00156647 -0.00197169 -0.00181869 -0.00156647 -0.00110081 -0.00181869 -0.00131122 -0.000928619 -0.000248435 -0.00110081 -0.000392179 -0.000248435 0.000622914 -0.000392179 0.000495075 -0.00110081 -0.000392179 -0.00131122 -0.000563909 -0.000392179 0.000495075 -0.000563909 0.000343459 -0.00197169 -0.00181869 -0.00224575 -0.00213512 -0.00181869 -0.00131122 -0.00213512 -0.00155845 -0.00224575 -0.00213512 -0.00234646 -0.00250259 -0.00213512 -0.00155845 -0.00250259 -0.00183668 -0.00131122 -0.000563909 -0.00155845 -0.000760461 -0.000563909 0.000343459 -0.000760461 0.000171066 -0.00155845 -0.000760461 -0.00183668 -0.000977416 -0.000760461 0.000171066 -0.000977416 -1.87689e-05 0.000622914 0.00165987 0.000495075 0.00153345 0.00165987 0.00286061 0.00153345 0.00272228 0.000495075 0.00153345 0.000343459 0.00138325 0.00153345 0.00272228 0.00138325 0.00255713 0.00286061 0.00424298 0.00272228 0.00408057 0.00424298 0.00584356 0.00408057 0.00564689 0.00272228 0.00408057 0.00255713 0.00388527 0.00408057 0.00564689 0.00388527 0.00540721 0.000343459 0.00138325 0.000171066 0.00121182 0.00138325 0.00255713 0.00121182 0.00236753 0.000171066 0.00121182 -1.87689e-05 0.00102166 0.00121182 0.00236753 0.00102166 0.00215568 0.00255713 0.00388527 0.00236753 0.00365937 0.00388527 0.00540721 0.00365937 0.00512592 0.00236753 0.00365937 0.00215568 0.00340524 0.00365937 0.00512592 0.00340524 0.00480511 0.00619308 0.00812147 0.00617127 0.0080968 0.00812147 0.010355 0.0080968 0.0103302 0.00617127 0.0080968 0.00610581 0.00802236 0.0080968 0.0103302 0.00802236 0.0102549 0.010355 0.0128902 0.0103302 0.0128717 0.0128902 0.0156447 0.0128717 0.0156422 0.0103302 0.0128717 0.0102549 0.0128146 0.0128717 0.0156422 0.0128146 0.0156331 0.00610581 0.00802236 0.00599659 0.00789693 0.00802236 0.0102549 0.00789693 0.0101261 0.00599659 0.00789693 0.00584356 0.00771859 0.00789693 0.0101261 0.00771859 0.00993867 0.0102549 0.0128146 0.0101261 0.0127141 0.0128146 0.0156331 0.0127141 0.0156119 0.0101261 0.0127141 0.00993867 0.0125616 0.0127141 0.0156119 0.0125616 0.0155692 0.0156447 0.0184171 0.0156422 0.0184409 0.0184171 0.0208849 0.0184409 0.0209403 0.0156422 0.0184409 0.0156331 0.0185115 0.0184409 0.0209403 0.0185115 0.021107 0.0208849 0.0226677 0.0209403 0.0227493 0.0226677 0.0234502 0.0227493 0.0235421 0.0209403 0.0227493 0.021107 0.0229968 0.0227493 0.0235421 0.0229968 0.0238212 0.0156331 0.0185115 0.0156119 0.0186259 0.0185115 0.021107 0.0186259 0.0213876 0.0156119 0.0186259 0.0155692 0.0187786 0.0186259 0.0213876 0.0187786 0.021786 0.021107 0.0229968 0.0213876 0.0234183 0.0229968 0.0238212 0.0234183 0.0242981 0.0213876 0.0234183 0.021786 0.0240281 0.0234183 0.0242981 0.0240281 0.0249918 0.00584356 0.00771859 0.00564689 0.00748493 0.00771859 0.00993867 0.00748493 0.0096857 0.00564689 0.00748493 0.00540721 0.00719345 0.00748493 0.0096857 0.00719345 0.00935846 0.00993867 0.0125616 0.0096857 0.012345 0.0125616 0.0155692 0.012345 0.0154905 0.0096857 0.012345 0.00935846 0.0120476 0.012345 0.0154905 0.0120476 0.0153551 0.00540721 0.00719345 0.00512592 0.006842 0.00719345 0.00935846 0.006842 0.00894699 0.00512592 0.006842 0.00480511 0.00643011 0.006842 0.00894699 0.00643011 0.00844356 0.00935846 0.0120476 0.00894699 0.0116485 0.0120476 0.0153551 0.0116485 0.0151348 0.00894699 0.0116485 0.00844356 0.0111281 0.0116485 0.0151348 0.0111281 0.0148001 0.0155692 0.0187786 0.0154905 0.0189608 0.0187786 0.021786 0.0189608 0.0223074 0.0154905 0.0189608 0.0153551 0.0191587 0.0189608 0.0223074 0.0191587 0.0229581 0.021786 0.0240281 0.0223074 0.0248476 0.0240281 0.0249918 0.0248476 0.0259307 0.0223074 0.0248476 0.0229581 0.0259065 0.0248476 0.0259307 0.0259065 0.0271553 0.0153551 0.0191587 0.0151348 0.0193516 0.0191587 0.0229581 0.0193516 0.0237443 0.0151348 0.0193516 0.0148001 0.0195153 0.0193516 0.0237443 0.0195153 0.0246696 0.0229581 0.0259065 0.0237443 0.0272445 0.0259065 0.0271553 0.0272445 0.0287207 0.0237443 0.0272445 0.0246696 0.0289023 0.0272445 0.0287207 0.0289023 0.0306856 0.0234502 0.0231102 0.0235421 0.0231917 0.0231102 0.0217726 0.0231917 0.0218275 0.0235421 0.0231917 0.0238212 0.0234385 0.0231917 0.0218275 0.0234385 0.0219929 0.0217726 0.0197555 0.0218275 0.0197785 0.0197555 0.0174433 0.0197785 0.0174397 0.0218275 0.0197785 0.0219929 0.0198468 0.0197785 0.0174397 0.0198468 0.0174272 0.0238212 0.0234385 0.0242981 0.0238591 0.0234385 0.0219929 0.0238591 0.0222713 0.0242981 0.0238591 0.0249918 0.0244677 0.0238591 0.0222713 0.0244677 0.0226668 0.0219929 0.0198468 0.0222713 0.0199575 0.0198468 0.0174272 0.0199575 0.0174004 0.0222713 0.0199575 0.0226668 0.0201051 0.0199575 0.0174004 0.0201051 0.0173498 0.0174433 0.0151634 0.0174397 0.0151434 0.0151634 0.0131222 0.0151434 0.0130954 0.0174397 0.0151434 0.0174272 0.0150816 0.0151434 0.0130954 0.0150816 0.0130142 0.0131222 0.0114074 0.0130954 0.0113803 0.0114074 0.0100272 0.0113803 0.0100028 0.0130954 0.0113803 0.0130142 0.0112988 0.0113803 0.0100028 0.0112988 0.0099293 0.0174272 0.0150816 0.0174004 0.0149733 0.0150816 0.0130142 0.0149733 0.0128755 0.0174004 0.0149733 0.0173498 0.01481 0.0149733 0.0128755 0.01481 0.0126741 0.0130142 0.0112988 0.0128755 0.0111614 0.0112988 0.0099293 0.0111614 0.00980662 0.0128755 0.0111614 0.0126741 0.0109663 0.0111614 0.00980662 0.0109663 0.00963449 0.0249918 0.0244677 0.0259307 0.0252856 0.0244677 0.0226668 0.0252856 0.0231846 0.0259307 0.0252856 0.0271553 0.0263429 0.0252856 0.0231846 0.0263429 0.0238311 0.0226668 0.0201051 0.0231846 0.0202808 0.0201051 0.0173498 0.0202808 0.0172611 0.0231846 0.0202808 0.0238311 0.0204709 0.0202808 0.0172611 0.0204709 0.0171135 0.0271553 0.0263429 0.0287207 0.0276792 0.0263429 0.0238311 0.0276792 0.0246128 0.0287207 0.0276792 0.0306856 0.0293356 0.0276792 0.0246128 0.0293356 0.0255336 0.0238311 0.0204709 0.0246128 0.0206549 0.0204709 0.0171135 0.0206549 0.0168789 0.0246128 0.0206549 0.0255336 0.020809 0.0206549 0.0168789 0.020809 0.016528 0.0173498 0.01481 0.0172611 0.0145794 0.01481 0.0126741 0.0145794 0.0124032 0.0172611 0.0145794 0.0171135 0.014265 0.0145794 0.0124032 0.014265 0.012054 0.0126741 0.0109663 0.0124032 0.0107108 0.0109663 0.00963449 0.0107108 0.00941284 0.0124032 0.0107108 0.012054 0.0103925 0.0107108 0.00941284 0.0103925 0.00914205 0.0171135 0.014265 0.0168789 0.0138458 0.014265 0.012054 0.0138458 0.0116164 0.0168789 0.0138458 0.016528 0.0133022 0.0138458 0.0116164 0.0133022 0.0110828 0.012054 0.0103925 0.0116164 0.010009 0.0103925 0.00914205 0.010009 0.00882325 0.0116164 0.010009 0.0110828 0.00955985 0.010009 0.00882325 0.00955985 0.00845821 0.0100272 0.0089521 0.0100028 0.00893088 0.0089521 0.00814259 0.00893088 0.00812437 0.0100028 0.00893088 0.0099293 0.00886727 0.00893088 0.00812437 0.00886727 0.00806973 0.00814259 0.00756133 0.00812437 0.0075458 0.00756133 0.00717408 0.0075458 0.00716132 0.00812437 0.0075458 0.00806973 0.00749921 0.0075458 0.00716132 0.00749921 0.00712296 0.0099293 0.00886727 0.00980662 0.00876145 0.00886727 0.00806973 0.00876145 0.00797886 0.00980662 0.00876145 0.00963449 0.00861379 0.00876145 0.00797886 0.00861379 0.00785205 0.00806973 0.00749921 0.00797886 0.00742153 0.00749921 0.00712296 0.00742153 0.00705875 0.00797886 0.00742153 0.00785205 0.00731271 0.00742153 0.00705875 0.00731271 0.00696825 0.00717408 0.00694571 0.00716132 0.0069362 0.00694571 0.00683552 0.0069362 0.00682979 0.00716132 0.0069362 0.00712296 0.00690757 0.0069362 0.00682979 0.00690757 0.00681263 0.00683552 0.00679733 0.00682979 0.00679504 0.00679733 0.00679024 0.00679504 0.0067894 0.00682979 0.00679504 0.00681263 0.0067885 0.00679504 0.0067894 0.0067885 0.00678736 0.00712296 0.00690757 0.00705875 0.00685948 0.00690757 0.00681263 0.00685948 0.00678411 0.00705875 0.00685948 0.00696825 0.00679132 0.00685948 0.00678411 0.00679132 0.00674425 0.00681263 0.0067885 0.00678411 0.00677873 0.0067885 0.00678736 0.00677873 0.00678569 0.00678411 0.00677873 0.00674425 0.00676752 0.00677873 0.00678569 0.00676752 0.00678718 0.00963449 0.00861379 0.00941284 0.00842495 0.00861379 0.00785205 0.00842495 0.0076898 0.00941284 0.00842495 0.00914205 0.00819604 0.00842495 0.0076898 0.00819604 0.00749284 0.00785205 0.00731271 0.0076898 0.00717272 0.00731271 0.00696825 0.00717272 0.00685079 0.0076898 0.00717272 0.00749284 0.00700152 0.00717272 0.00685079 0.00700152 0.00670546 0.00914205 0.00819604 0.00882325 0.00792868 0.00819604 0.00749284 0.00792868 0.00726215 0.00882325 0.00792868 0.00845821 0.00762453 0.00792868 0.00726215 0.00762453 0.00699839 0.00749284 0.00700152 0.00726215 0.00679907 0.00700152 0.00670546 0.00679907 0.00653106 0.00726215 0.00679907 0.00699839 0.0065649 0.00679907 0.00653106 0.0065649 0.00632573 0.00696825 0.00679132 0.00685079 0.00670203 0.00679132 0.00674425 0.00670203 0.0066927 0.00685079 0.00670203 0.00670546 0.00658997 0.00670203 0.0066927 0.00658997 0.00662835 0.00674425 0.00676752 0.0066927 0.00675763 0.00676752 0.00678718 0.00675763 0.00679612 0.0066927 0.00675763 0.00662835 0.00675315 0.00675763 0.00679612 0.00675315 0.00681836 0.00670546 0.00658997 0.00653106 0.00645271 0.00658997 0.00662835 0.00645271 0.00654854 0.00653106 0.00645271 0.00632573 0.00628654 0.00645271 0.00654854 0.00628654 0.00644689 0.00662835 0.00675315 0.00654854 0.00675987 0.00675315 0.00681836 0.00675987 0.0068568 0.00654854 0.00675987 0.00644689 0.00676873 0.00675987 0.0068568 0.00676873 0.00685778 -0.00234646 -0.00250259 0.0200875 -0.00232379 -0.00250259 -0.00183668 -0.00232379 -0.00135118 0.0200875 -0.00232379 0.0107088 0.00324977 -0.00232379 -0.00135118 0.00324977 0.000243035 -0.00183668 -0.000977416 -0.00135118 -0.000630366 -0.000977416 -1.87689e-05 -0.000630366 0.000105882 -0.00135118 -0.000630366 0.000243035 -0.000153376 -0.000630366 0.000105882 -0.000153376 0.000227696 0.0107088 0.00324977 0.00534012 0.00379157 0.00324977 0.000243035 0.00379157 0.000810978 0.00534012 0.00379157 0.0028641 0.00292386 0.00379157 0.000810978 0.00292386 0.000945186 0.000243035 -0.000153376 0.000810978 0.000126 -0.000153376 0.000227696 0.000126 0.000296577 0.000810978 0.000126 0.000945186 0.000268119 0.000126 0.000296577 0.000268119 0.000314023 -1.87689e-05 0.00102166 0.000105882 0.000967277 0.00102166 0.00215568 0.000967277 0.00194679 0.000105882 0.000967277 0.000227696 0.000896131 0.000967277 0.00194679 0.000896131 0.00171838 0.00215568 0.00340524 0.00194679 0.00304811 0.00340524 0.00480511 0.00304811 0.00430004 0.00194679 0.00304811 0.00171838 0.0026667 0.00304811 0.00430004 0.0026667 0.00376011 0.000227696 0.000896131 0.000296577 0.000800339 0.000896131 0.00171838 0.000800339 0.00147023 0.000296577 0.000800339 0.000314023 0.000679092 0.000800339 0.00147023 0.000679092 0.00120313 0.00171838 0.0026667 0.00147023 0.00226261 0.0026667 0.00376011 0.00226261 0.00318798 0.00147023 0.00226261 0.00120313 0.00183781 0.00226261 0.00318798 0.00183781 0.0025872 0.0028641 0.00292386 0.00161896 0.00197851 0.00292386 0.000945186 0.00197851 0.000839338 0.00161896 0.00197851 0.00089327 0.0012009 0.00197851 0.000839338 0.0012009 0.000605647 0.000945186 0.000268119 0.000839338 0.000297821 0.000268119 0.000314023 0.000297821 0.000283477 0.000839338 0.000297821 0.000605647 0.000243607 0.000297821 0.000283477 0.000243607 0.000212882 0.00089327 0.0012009 0.000399886 0.000564854 0.0012009 0.000605647 0.000564854 0.000313442 0.000399886 0.000564854 -9.68236e-18 -7.87752e-18 0.000564854 0.000313442 -7.87752e-18 -3.6216e-18 0.000605647 0.000243607 0.000313442 0.000135009 0.000243607 0.000212882 0.000135009 0.000113803 0.000313442 0.000135009 -3.6216e-18 4.97797e-19 0.000135009 0.000113803 4.97797e-19 2.80796e-18 0.000314023 0.000679092 0.000283477 0.000533854 0.000679092 0.00120313 0.000533854 0.000919034 0.000283477 0.000533854 0.000212882 0.000368283 0.000533854 0.000919034 0.000368283 0.000620998 0.00120313 0.00183781 0.000919034 0.00139516 0.00183781 0.0025872 0.00139516 0.00196237 0.000919034 0.00139516 0.000620998 0.000938339 0.00139516 0.00196237 0.000938339 0.00131889 0.000212882 0.000368283 0.000113803 0.000187996 0.000368283 0.000620998 0.000187996 0.000313067 0.000113803 0.000187996 2.80796e-18 3.17687e-18 0.000187996 0.000313067 3.17687e-18 1.98078e-18 0.000620998 0.000938339 0.000313067 0.000471686 0.000938339 0.00131889 0.000471686 0.000662667 0.000313067 0.000471686 1.98078e-18 -4.72948e-19 0.000471686 0.000662667 -4.72948e-19 -3.8669e-18 0.00480511 0.00643011 0.00430004 0.00577281 0.00643011 0.00844356 0.00577281 0.00760563 0.00430004 0.00577281 0.00376011 0.00505978 0.00577281 0.00760563 0.00505978 0.00667957 0.00844356 0.0111281 0.00760563 0.0100119 0.0111281 0.0148001 0.0100119 0.0131936 0.00760563 0.0100119 0.00667957 0.00877602 0.0100119 0.0131936 0.00877602 0.0114707 0.00376011 0.00505978 0.00318798 0.00429636 0.00505978 0.00667957 0.00429636 0.00567713 0.00318798 0.00429636 0.0025872 0.00348982 0.00429636 0.00567713 0.00348982 0.00461274 0.00667957 0.00877602 0.00567713 0.0074419 0.00877602 0.0114707 0.0074419 0.00965909 0.00567713 0.0074419 0.00461274 0.00603292 0.0074419 0.00965909 0.00603292 0.00778546 0.0148001 0.0195153 0.0131936 0.0171191 0.0195153 0.0246696 0.0171191 0.0212633 0.0131936 0.0171191 0.0114707 0.014687 0.0171191 0.0212633 0.014687 0.0179842 0.0246696 0.0289023 0.0212633 0.0245876 0.0289023 0.0306856 0.0245876 0.0259838 0.0212633 0.0245876 0.0179842 0.0205772 0.0245876 0.0259838 0.0205772 0.0216644 0.0114707 0.014687 0.00965909 0.0122364 0.014687 0.0179842 0.0122364 0.014817 0.00965909 0.0122364 0.00778546 0.00978114 0.0122364 0.014817 0.00978114 0.011743 0.0179842 0.0205772 0.014817 0.0168144 0.0205772 0.0216644 0.0168144 0.0176515 0.014817 0.0168144 0.011743 0.0132427 0.0168144 0.0176515 0.0132427 0.0138715 0.0025872 0.00348982 0.00196237 0.00264828 0.00348982 0.00461274 0.00264828 0.00350023 0.00196237 0.00264828 0.00131889 0.00178028 0.00264828 0.00350023 0.00178028 0.00235257 0.00461274 0.00603292 0.00350023 0.00456883 0.00603292 0.00778546 0.00456883 0.00586977 0.00350023 0.00456883 0.00235257 0.00306613 0.00456883 0.00586977 0.00306613 0.00392667 0.00131889 0.00178028 0.000662667 0.000894571 0.00178028 0.00235257 0.000894571 0.00118195 0.000662667 0.000894571 -3.8669e-18 -7.53888e-18 0.000894571 0.00118195 -7.53888e-18 -1.08231e-17 0.00235257 0.00306613 0.00118195 0.00153899 0.00306613 0.00392667 0.00153899 0.00196717 0.00118195 0.00153899 -1.08231e-17 -1.19422e-17 0.00153899 0.00196717 -1.19422e-17 -1.01984e-17 0.00778546 0.00978114 0.00586977 0.0073286 0.00978114 0.011743 0.0073286 0.00874312 0.00586977 0.0073286 0.00392667 0.00488141 0.0073286 0.00874312 0.00488141 0.00579836 0.011743 0.0132427 0.00874312 0.00981444 0.0132427 0.0138715 0.00981444 0.0102639 0.00874312 0.00981444 0.00579836 0.00648839 0.00981444 0.0102639 0.00648839 0.00677811 0.00392667 0.00488141 0.00196717 0.00243925 0.00488141 0.00579836 0.00243925 0.0028901 0.00196717 0.00243925 -1.01984e-17 -5.48662e-18 0.00243925 0.0028901 -5.48662e-18 1.55045e-18 0.00579836 0.00648839 0.0028901 0.0032281 0.00648839 0.00677811 0.0032281 0.00337009 0.0028901 0.0032281 1.55045e-18 1.09331e-17 0.0032281 0.00337009 1.09331e-17 1.79779e-17 0.0306856 0.0293356 0.0259838 0.0249664 0.0293356 0.0255336 0.0249664 0.0220195 0.0259838 0.0249664 0.0216644 0.0209017 0.0249664 0.0220195 0.0209017 0.0186328 0.0255336 0.020809 0.0220195 0.018253 0.020809 0.016528 0.018253 0.0147098 0.0220195 0.018253 0.0186328 0.0156605 0.018253 0.0147098 0.0156605 0.0127735 0.0216644 0.0209017 0.0176515 0.0170848 0.0209017 0.0186328 0.0170848 0.0153579 0.0176515 0.0170848 0.0138715 0.0134591 0.0170848 0.0153579 0.0134591 0.012176 0.0186328 0.0156605 0.0153579 0.0130488 0.0156605 0.0127735 0.0130488 0.010747 0.0153579 0.0130488 0.012176 0.0104319 0.0130488 0.010747 0.0104319 0.00865723 0.016528 0.0133022 0.0147098 0.0119208 0.0133022 0.0110828 0.0119208 0.00992369 0.0147098 0.0119208 0.0127735 0.0104171 0.0119208 0.00992369 0.0104171 0.00867286 0.0110828 0.00955985 0.00992369 0.00852207 0.00955985 0.00845821 0.00852207 0.0075086 0.00992369 0.00852207 0.00867286 0.007424 0.00852207 0.0075086 0.007424 0.00651847 0.0127735 0.0104171 0.010747 0.00881282 0.0104171 0.00867286 0.00881282 0.00734265 0.010747 0.00881282 0.00865723 0.00713186 0.00881282 0.00734265 0.00713186 0.00594803 0.00867286 0.007424 0.00734265 0.0062718 0.007424 0.00651847 0.0062718 0.00549181 0.00734265 0.0062718 0.00594803 0.00507351 0.0062718 0.00549181 0.00507351 0.00443331 0.0138715 0.0134591 0.0102639 0.00997679 0.0134591 0.012176 0.00997679 0.00906803 0.0102639 0.00997679 0.00677811 0.00659664 0.00997679 0.00906803 0.00659664 0.00601506 0.012176 0.0104319 0.00906803 0.00781712 0.0104319 0.00865723 0.00781712 0.00652446 0.00906803 0.00781712 0.00601506 0.00520732 0.00781712 0.00652446 0.00520732 0.00436354 0.00677811 0.00659664 0.00337009 0.00328224 0.00659664 0.00601506 0.00328224 0.00299848 0.00337009 0.00328224 1.79779e-17 2.09466e-17 0.00328224 0.00299848 2.09466e-17 1.91076e-17 0.00601506 0.00520732 0.00299848 0.00260227 0.00520732 0.00436354 0.00260227 0.00218573 0.00299848 0.00260227 1.91076e-17 1.07721e-17 0.00260227 0.00218573 1.07721e-17 8.58265e-19 0.00865723 0.00713186 0.00652446 0.00539431 0.00713186 0.00594803 0.00539431 0.00450336 0.00652446 0.00539431 0.00436354 0.00361706 0.00539431 0.00450336 0.00361706 0.0030221 0.00594803 0.00507351 0.00450336 0.00383792 0.00507351 0.00443331 0.00383792 0.00334854 0.00450336 0.00383792 0.0030221 0.00257425 0.00383792 0.00334854 0.00257425 0.00224368 0.00436354 0.00361706 0.00218573 0.00181463 0.00361706 0.0030221 0.00181463 0.00151695 0.00218573 0.00181463 8.58265e-19 -9.47564e-18 0.00181463 0.00151695 -9.47564e-18 -1.89569e-17 0.0030221 0.00257425 0.00151695 0.00129181 0.00257425 0.00224368 0.00129181 0.00112525 0.00151695 0.00129181 -1.89569e-17 -2.77755e-17 0.00129181 0.00112525 -2.77755e-17 -3.59457e-17 0.00845821 0.00762453 0.0075086 0.00675073 0.00762453 0.00699839 0.00675073 0.00618441 0.0075086 0.00675073 0.00651847 0.0058459 0.00675073 0.00618441 0.0058459 0.00534359 0.00699839 0.0065649 0.00618441 0.00578091 0.0065649 0.00632573 0.00578091 0.00551698 0.00618441 0.00578091 0.00534359 0.00497274 0.00578091 0.00551698 0.00497274 0.00468362 0.00651847 0.0058459 0.00549181 0.00491416 0.0058459 0.00534359 0.00491416 0.00448163 0.00549181 0.00491416 0.00443331 0.00395946 0.00491416 0.00448163 0.00395946 0.00360314 0.00534359 0.00497274 0.00448163 0.00415108 0.00497274 0.00468362 0.00415108 0.00385871 0.00448163 0.00415108 0.00360314 0.0033223 0.00415108 0.00385871 0.0033223 0.00305025 0.00632573 0.00628654 0.00551698 0.00535175 0.00628654 0.00644689 0.00535175 0.00522127 0.00551698 0.00535175 0.00468362 0.00435082 0.00535175 0.00522127 0.00435082 0.00357319 0.00644689 0.00676873 0.00522127 0.00475192 0.00676873 0.00685778 0.00475192 -0.00971064 0.00522127 0.00475192 0.00357319 0.000902194 0.00475192 -0.00971064 0.000902194 -0.00732664 0.00468362 0.00435082 0.00385871 0.00344698 0.00435082 0.00357319 0.00344698 0.00246403 0.00385871 0.00344698 0.00305025 0.002629 0.00344698 0.00246403 0.002629 0.00166276 0.00357319 0.000902194 0.00246403 -0.000371632 0.000902194 -0.00732664 -0.000371632 -0.00515857 0.00246403 -0.000371632 0.00166276 -0.000646145 -0.000371632 -0.00515857 -0.000646145 -0.00375651 0.00443331 0.00395946 0.00334854 0.00298609 0.00395946 0.00360314 0.00298609 0.00271228 0.00334854 0.00298609 0.00224368 0.0019986 0.00298609 0.00271228 0.0019986 0.00181272 0.00360314 0.0033223 0.00271228 0.00249092 0.0033223 0.00305025 0.00249092 0.00226253 0.00271228 0.00249092 0.00181272 0.00165961 0.00249092 0.00226253 0.00165961 0.00149505 0.00224368 0.0019986 0.00112525 0.00100167 0.0019986 0.00181272 0.00100167 0.000907678 0.00112525 0.00100167 -3.59457e-17 -4.37538e-17 0.00100167 0.000907678 -4.37538e-17 -4.93052e-17 0.00181272 0.00165961 0.000907678 0.000829377 0.00165961 0.00149505 0.000829377 0.000743269 0.000907678 0.000829377 -4.93052e-17 -4.96154e-17 0.000829377 0.000743269 -4.96154e-17 -3.95044e-17 0.00305025 0.002629 0.00226253 0.00189205 0.002629 0.00166276 0.00189205 0.00108023 0.00226253 0.00189205 0.00149505 0.00122211 0.00189205 0.00108023 0.00122211 0.00064647 0.00166276 -0.000646145 0.00108023 -0.00060008 -0.000646145 -0.00375651 -0.00060008 -0.00269286 0.00108023 -0.00060008 0.00064647 -0.000439485 -0.00060008 -0.00269286 -0.000439485 -0.00175733 0.00149505 0.00122211 0.000743269 0.000599077 0.00122211 0.00064647 0.000599077 0.000302389 0.000743269 0.000599077 -3.95044e-17 -1.14219e-17 0.000599077 0.000302389 -1.14219e-17 3.72217e-17 0.00064647 -0.000439485 0.000302389 -0.000229829 -0.000439485 -0.00175733 -0.000229829 -0.000870226 0.000302389 -0.000229829 3.72217e-17 8.50308e-17 -0.000229829 -0.000870226 8.50308e-17 8.68744e-17 -9.68236e-18 -7.87752e-18 -0.000399886 -0.000564854 -7.87752e-18 -3.6216e-18 -0.000564854 -0.000313442 -0.000399886 -0.000564854 -0.00089327 -0.0012009 -0.000564854 -0.000313442 -0.0012009 -0.000605647 -3.6216e-18 4.97797e-19 -0.000313442 -0.000135009 4.97797e-19 2.80796e-18 -0.000135009 -0.000113803 -0.000313442 -0.000135009 -0.000605647 -0.000243607 -0.000135009 -0.000113803 -0.000243607 -0.000212882 -0.00089327 -0.0012009 -0.00161896 -0.00197851 -0.0012009 -0.000605647 -0.00197851 -0.000839338 -0.00161896 -0.00197851 -0.0028641 -0.00292386 -0.00197851 -0.000839338 -0.00292386 -0.000945186 -0.000605647 -0.000243607 -0.000839338 -0.000297821 -0.000243607 -0.000212882 -0.000297821 -0.000283477 -0.000839338 -0.000297821 -0.000945186 -0.000268119 -0.000297821 -0.000283477 -0.000268119 -0.000314023 2.80796e-18 3.17687e-18 -0.000113803 -0.000187996 3.17687e-18 1.98078e-18 -0.000187996 -0.000313067 -0.000113803 -0.000187996 -0.000212882 -0.000368283 -0.000187996 -0.000313067 -0.000368283 -0.000620998 1.98078e-18 -4.72948e-19 -0.000313067 -0.000471686 -4.72948e-19 -3.8669e-18 -0.000471686 -0.000662667 -0.000313067 -0.000471686 -0.000620998 -0.000938339 -0.000471686 -0.000662667 -0.000938339 -0.00131889 -0.000212882 -0.000368283 -0.000283477 -0.000533854 -0.000368283 -0.000620998 -0.000533854 -0.000919034 -0.000283477 -0.000533854 -0.000314023 -0.000679092 -0.000533854 -0.000919034 -0.000679092 -0.00120313 -0.000620998 -0.000938339 -0.000919034 -0.00139516 -0.000938339 -0.00131889 -0.00139516 -0.00196237 -0.000919034 -0.00139516 -0.00120313 -0.00183781 -0.00139516 -0.00196237 -0.00183781 -0.0025872 -0.0028641 -0.00292386 -0.00534012 -0.00379157 -0.00292386 -0.000945186 -0.00379157 -0.000810978 -0.00534012 -0.00379157 -0.0107088 -0.00324977 -0.00379157 -0.000810978 -0.00324977 -0.000243035 -0.000945186 -0.000268119 -0.000810978 -0.000126 -0.000268119 -0.000314023 -0.000126 -0.000296577 -0.000810978 -0.000126 -0.000243035 0.000153376 -0.000126 -0.000296577 0.000153376 -0.000227696 -0.0107088 -0.00324977 -0.0200875 0.00232379 -0.00324977 -0.000243035 0.00232379 0.00135118 -0.0200875 0.00232379 0.00234646 0.00250259 0.00232379 0.00135118 0.00250259 0.00183668 -0.000243035 0.000153376 0.00135118 0.000630366 0.000153376 -0.000227696 0.000630366 -0.000105882 0.00135118 0.000630366 0.00183668 0.000977416 0.000630366 -0.000105882 0.000977416 1.87689e-05 -0.000314023 -0.000679092 -0.000296577 -0.000800339 -0.000679092 -0.00120313 -0.000800339 -0.00147023 -0.000296577 -0.000800339 -0.000227696 -0.000896131 -0.000800339 -0.00147023 -0.000896131 -0.00171838 -0.00120313 -0.00183781 -0.00147023 -0.00226261 -0.00183781 -0.0025872 -0.00226261 -0.00318798 -0.00147023 -0.00226261 -0.00171838 -0.0026667 -0.00226261 -0.00318798 -0.0026667 -0.00376011 -0.000227696 -0.000896131 -0.000105882 -0.000967277 -0.000896131 -0.00171838 -0.000967277 -0.00194679 -0.000105882 -0.000967277 1.87689e-05 -0.00102166 -0.000967277 -0.00194679 -0.00102166 -0.00215568 -0.00171838 -0.0026667 -0.00194679 -0.00304811 -0.0026667 -0.00376011 -0.00304811 -0.00430004 -0.00194679 -0.00304811 -0.00215568 -0.00340524 -0.00304811 -0.00430004 -0.00340524 -0.00480511 -3.8669e-18 -7.53888e-18 -0.000662667 -0.000894571 -7.53888e-18 -1.08231e-17 -0.000894571 -0.00118195 -0.000662667 -0.000894571 -0.00131889 -0.00178028 -0.000894571 -0.00118195 -0.00178028 -0.00235257 -1.08231e-17 -1.19422e-17 -0.00118195 -0.00153899 -1.19422e-17 -1.01984e-17 -0.00153899 -0.00196717 -0.00118195 -0.00153899 -0.00235257 -0.00306613 -0.00153899 -0.00196717 -0.00306613 -0.00392667 -0.00131889 -0.00178028 -0.00196237 -0.00264828 -0.00178028 -0.00235257 -0.00264828 -0.00350023 -0.00196237 -0.00264828 -0.0025872 -0.00348982 -0.00264828 -0.00350023 -0.00348982 -0.00461274 -0.00235257 -0.00306613 -0.00350023 -0.00456883 -0.00306613 -0.00392667 -0.00456883 -0.00586977 -0.00350023 -0.00456883 -0.00461274 -0.00603292 -0.00456883 -0.00586977 -0.00603292 -0.00778546 -1.01984e-17 -5.48662e-18 -0.00196717 -0.00243925 -5.48662e-18 1.55045e-18 -0.00243925 -0.0028901 -0.00196717 -0.00243925 -0.00392667 -0.00488141 -0.00243925 -0.0028901 -0.00488141 -0.00579836 1.55045e-18 1.09331e-17 -0.0028901 -0.0032281 1.09331e-17 1.79779e-17 -0.0032281 -0.00337009 -0.0028901 -0.0032281 -0.00579836 -0.00648839 -0.0032281 -0.00337009 -0.00648839 -0.00677811 -0.00392667 -0.00488141 -0.00586977 -0.0073286 -0.00488141 -0.00579836 -0.0073286 -0.00874312 -0.00586977 -0.0073286 -0.00778546 -0.00978114 -0.0073286 -0.00874312 -0.00978114 -0.011743 -0.00579836 -0.00648839 -0.00874312 -0.00981444 -0.00648839 -0.00677811 -0.00981444 -0.0102639 -0.00874312 -0.00981444 -0.011743 -0.0132427 -0.00981444 -0.0102639 -0.0132427 -0.0138715 -0.0025872 -0.00348982 -0.00318798 -0.00429636 -0.00348982 -0.00461274 -0.00429636 -0.00567713 -0.00318798 -0.00429636 -0.00376011 -0.00505978 -0.00429636 -0.00567713 -0.00505978 -0.00667957 -0.00461274 -0.00603292 -0.00567713 -0.0074419 -0.00603292 -0.00778546 -0.0074419 -0.00965909 -0.00567713 -0.0074419 -0.00667957 -0.00877602 -0.0074419 -0.00965909 -0.00877602 -0.0114707 -0.00376011 -0.00505978 -0.00430004 -0.00577281 -0.00505978 -0.00667957 -0.00577281 -0.00760563 -0.00430004 -0.00577281 -0.00480511 -0.00643011 -0.00577281 -0.00760563 -0.00643011 -0.00844356 -0.00667957 -0.00877602 -0.00760563 -0.0100119 -0.00877602 -0.0114707 -0.0100119 -0.0131936 -0.00760563 -0.0100119 -0.00844356 -0.0111281 -0.0100119 -0.0131936 -0.0111281 -0.0148001 -0.00778546 -0.00978114 -0.00965909 -0.0122364 -0.00978114 -0.011743 -0.0122364 -0.014817 -0.00965909 -0.0122364 -0.0114707 -0.014687 -0.0122364 -0.014817 -0.014687 -0.0179842 -0.011743 -0.0132427 -0.014817 -0.0168144 -0.0132427 -0.0138715 -0.0168144 -0.0176515 -0.014817 -0.0168144 -0.0179842 -0.0205772 -0.0168144 -0.0176515 -0.0205772 -0.0216644 -0.0114707 -0.014687 -0.0131936 -0.0171191 -0.014687 -0.0179842 -0.0171191 -0.0212633 -0.0131936 -0.0171191 -0.0148001 -0.0195153 -0.0171191 -0.0212633 -0.0195153 -0.0246696 -0.0179842 -0.0205772 -0.0212633 -0.0245876 -0.0205772 -0.0216644 -0.0245876 -0.0259838 -0.0212633 -0.0245876 -0.0246696 -0.0289023 -0.0245876 -0.0259838 -0.0289023 -0.0306856 1.79779e-17 2.09466e-17 -0.00337009 -0.00328224 2.09466e-17 1.91076e-17 -0.00328224 -0.00299848 -0.00337009 -0.00328224 -0.00677811 -0.00659664 -0.00328224 -0.00299848 -0.00659664 -0.00601506 1.91076e-17 1.07721e-17 -0.00299848 -0.00260227 1.07721e-17 8.58265e-19 -0.00260227 -0.00218573 -0.00299848 -0.00260227 -0.00601506 -0.00520732 -0.00260227 -0.00218573 -0.00520732 -0.00436354 -0.00677811 -0.00659664 -0.0102639 -0.00997679 -0.00659664 -0.00601506 -0.00997679 -0.00906803 -0.0102639 -0.00997679 -0.0138715 -0.0134591 -0.00997679 -0.00906803 -0.0134591 -0.012176 -0.00601506 -0.00520732 -0.00906803 -0.00781712 -0.00520732 -0.00436354 -0.00781712 -0.00652446 -0.00906803 -0.00781712 -0.012176 -0.0104319 -0.00781712 -0.00652446 -0.0104319 -0.00865723 8.58265e-19 -9.47564e-18 -0.00218573 -0.00181463 -9.47564e-18 -1.89569e-17 -0.00181463 -0.00151695 -0.00218573 -0.00181463 -0.00436354 -0.00361706 -0.00181463 -0.00151695 -0.00361706 -0.0030221 -1.89569e-17 -2.77755e-17 -0.00151695 -0.00129181 -2.77755e-17 -3.59457e-17 -0.00129181 -0.00112525 -0.00151695 -0.00129181 -0.0030221 -0.00257425 -0.00129181 -0.00112525 -0.00257425 -0.00224368 -0.00436354 -0.00361706 -0.00652446 -0.00539431 -0.00361706 -0.0030221 -0.00539431 -0.00450336 -0.00652446 -0.00539431 -0.00865723 -0.00713186 -0.00539431 -0.00450336 -0.00713186 -0.00594803 -0.0030221 -0.00257425 -0.00450336 -0.00383792 -0.00257425 -0.00224368 -0.00383792 -0.00334854 -0.00450336 -0.00383792 -0.00594803 -0.00507351 -0.00383792 -0.00334854 -0.00507351 -0.00443331 -0.0138715 -0.0134591 -0.0176515 -0.0170848 -0.0134591 -0.012176 -0.0170848 -0.0153579 -0.0176515 -0.0170848 -0.0216644 -0.0209017 -0.0170848 -0.0153579 -0.0209017 -0.0186328 -0.012176 -0.0104319 -0.0153579 -0.0130488 -0.0104319 -0.00865723 -0.0130488 -0.010747 -0.0153579 -0.0130488 -0.0186328 -0.0156605 -0.0130488 -0.010747 -0.0156605 -0.0127735 -0.0216644 -0.0209017 -0.0259838 -0.0249664 -0.0209017 -0.0186328 -0.0249664 -0.0220195 -0.0259838 -0.0249664 -0.0306856 -0.0293356 -0.0249664 -0.0220195 -0.0293356 -0.0255336 -0.0186328 -0.0156605 -0.0220195 -0.018253 -0.0156605 -0.0127735 -0.018253 -0.0147098 -0.0220195 -0.018253 -0.0255336 -0.020809 -0.018253 -0.0147098 -0.020809 -0.016528 -0.00865723 -0.00713186 -0.010747 -0.00881282 -0.00713186 -0.00594803 -0.00881282 -0.00734265 -0.010747 -0.00881282 -0.0127735 -0.0104171 -0.00881282 -0.00734265 -0.0104171 -0.00867286 -0.00594803 -0.00507351 -0.00734265 -0.0062718 -0.00507351 -0.00443331 -0.0062718 -0.00549181 -0.00734265 -0.0062718 -0.00867286 -0.007424 -0.0062718 -0.00549181 -0.007424 -0.00651847 -0.0127735 -0.0104171 -0.0147098 -0.0119208 -0.0104171 -0.00867286 -0.0119208 -0.00992369 -0.0147098 -0.0119208 -0.016528 -0.0133022 -0.0119208 -0.00992369 -0.0133022 -0.0110828 -0.00867286 -0.007424 -0.00992369 -0.00852207 -0.007424 -0.00651847 -0.00852207 -0.0075086 -0.00992369 -0.00852207 -0.0110828 -0.00955985 -0.00852207 -0.0075086 -0.00955985 -0.00845821 -3.59457e-17 -4.37538e-17 -0.00112525 -0.00100167 -4.37538e-17 -4.93052e-17 -0.00100167 -0.000907678 -0.00112525 -0.00100167 -0.00224368 -0.0019986 -0.00100167 -0.000907678 -0.0019986 -0.00181272 -4.93052e-17 -4.96154e-17 -0.000907678 -0.000829377 -4.96154e-17 -3.95044e-17 -0.000829377 -0.000743269 -0.000907678 -0.000829377 -0.00181272 -0.00165961 -0.000829377 -0.000743269 -0.00165961 -0.00149505 -0.00224368 -0.0019986 -0.00334854 -0.00298609 -0.0019986 -0.00181272 -0.00298609 -0.00271228 -0.00334854 -0.00298609 -0.00443331 -0.00395946 -0.00298609 -0.00271228 -0.00395946 -0.00360314 -0.00181272 -0.00165961 -0.00271228 -0.00249092 -0.00165961 -0.00149505 -0.00249092 -0.00226253 -0.00271228 -0.00249092 -0.00360314 -0.0033223 -0.00249092 -0.00226253 -0.0033223 -0.00305025 -3.95044e-17 -1.14219e-17 -0.000743269 -0.000599077 -1.14219e-17 3.72217e-17 -0.000599077 -0.000302389 -0.000743269 -0.000599077 -0.00149505 -0.00122211 -0.000599077 -0.000302389 -0.00122211 -0.00064647 3.72217e-17 8.50308e-17 -0.000302389 0.000229829 8.50308e-17 8.68744e-17 0.000229829 0.000870226 -0.000302389 0.000229829 -0.00064647 0.000439485 0.000229829 0.000870226 0.000439485 0.00175733 -0.00149505 -0.00122211 -0.00226253 -0.00189205 -0.00122211 -0.00064647 -0.00189205 -0.00108023 -0.00226253 -0.00189205 -0.00305025 -0.002629 -0.00189205 -0.00108023 -0.002629 -0.00166276 -0.00064647 0.000439485 -0.00108023 0.00060008 0.000439485 0.00175733 0.00060008 0.00269286 -0.00108023 0.00060008 -0.00166276 0.000646145 0.00060008 0.00269286 0.000646145 0.00375651 -0.00443331 -0.00395946 -0.00549181 -0.00491416 -0.00395946 -0.00360314 -0.00491416 -0.00448163 -0.00549181 -0.00491416 -0.00651847 -0.0058459 -0.00491416 -0.00448163 -0.0058459 -0.00534359 -0.00360314 -0.0033223 -0.00448163 -0.00415108 -0.0033223 -0.00305025 -0.00415108 -0.00385871 -0.00448163 -0.00415108 -0.00534359 -0.00497274 -0.00415108 -0.00385871 -0.00497274 -0.00468362 -0.00651847 -0.0058459 -0.0075086 -0.00675073 -0.0058459 -0.00534359 -0.00675073 -0.00618441 -0.0075086 -0.00675073 -0.00845821 -0.00762453 -0.00675073 -0.00618441 -0.00762453 -0.00699839 -0.00534359 -0.00497274 -0.00618441 -0.00578091 -0.00497274 -0.00468362 -0.00578091 -0.00551698 -0.00618441 -0.00578091 -0.00699839 -0.0065649 -0.00578091 -0.00551698 -0.0065649 -0.00632573 -0.00305025 -0.002629 -0.00385871 -0.00344698 -0.002629 -0.00166276 -0.00344698 -0.00246403 -0.00385871 -0.00344698 -0.00468362 -0.00435082 -0.00344698 -0.00246403 -0.00435082 -0.00357319 -0.00166276 0.000646145 -0.00246403 0.000371632 0.000646145 0.00375651 0.000371632 0.00515857 -0.00246403 0.000371632 -0.00357319 -0.000902194 0.000371632 0.00515857 -0.000902194 0.00732664 -0.00468362 -0.00435082 -0.00551698 -0.00535175 -0.00435082 -0.00357319 -0.00535175 -0.00522127 -0.00551698 -0.00535175 -0.00632573 -0.00628654 -0.00535175 -0.00522127 -0.00628654 -0.00644689 -0.00357319 -0.000902194 -0.00522127 -0.00475192 -0.000902194 0.00732664 -0.00475192 0.00971064 -0.00522127 -0.00475192 -0.00644689 -0.00676873 -0.00475192 0.00971064 -0.00676873 -0.00685778 0.00234646 0.00250259 0.00224575 0.00213512 0.00250259 0.00183668 0.00213512 0.00155845 0.00224575 0.00213512 0.00197169 0.00181869 0.00213512 0.00155845 0.00181869 0.00131122 0.00183668 0.000977416 0.00155845 0.000760461 0.000977416 1.87689e-05 0.000760461 -0.000171066 0.00155845 0.000760461 0.00131122 0.000563909 0.000760461 -0.000171066 0.000563909 -0.000343459 0.00197169 0.00181869 0.00172122 0.00156647 0.00181869 0.00131122 0.00156647 0.00110081 0.00172122 0.00156647 0.00151645 0.0013671 0.00156647 0.00110081 0.0013671 0.000928619 0.00131122 0.000563909 0.00110081 0.000392179 0.000563909 -0.000343459 0.000392179 -0.000495075 0.00110081 0.000392179 0.000928619 0.000248435 0.000392179 -0.000495075 0.000248435 -0.000622914 1.87689e-05 -0.00102166 -0.000171066 -0.00121182 -0.00102166 -0.00215568 -0.00121182 -0.00236753 -0.000171066 -0.00121182 -0.000343459 -0.00138325 -0.00121182 -0.00236753 -0.00138325 -0.00255713 -0.00215568 -0.00340524 -0.00236753 -0.00365937 -0.00340524 -0.00480511 -0.00365937 -0.00512592 -0.00236753 -0.00365937 -0.00255713 -0.00388527 -0.00365937 -0.00512592 -0.00388527 -0.00540721 -0.000343459 -0.00138325 -0.000495075 -0.00153345 -0.00138325 -0.00255713 -0.00153345 -0.00272228 -0.000495075 -0.00153345 -0.000622914 -0.00165987 -0.00153345 -0.00272228 -0.00165987 -0.00286061 -0.00255713 -0.00388527 -0.00272228 -0.00408057 -0.00388527 -0.00540721 -0.00408057 -0.00564689 -0.00272228 -0.00408057 -0.00286061 -0.00424298 -0.00408057 -0.00564689 -0.00424298 -0.00584356 0.00151645 0.0013671 0.001359 0.00121517 0.0013671 0.000928619 0.00121517 0.000794944 0.001359 0.00121517 0.00124776 0.00110804 0.00121517 0.000794944 0.00110804 0.000699661 0.000928619 0.000248435 0.000794944 0.000134843 0.000248435 -0.000622914 0.000134843 -0.000724624 0.000794944 0.000134843 0.000699661 5.28353e-05 0.000134843 -0.000724624 5.28353e-05 -0.000798459 0.00124776 0.00110804 0.00118152 0.00104426 0.00110804 0.000699661 0.00104426 0.000642578 0.00118152 0.00104426 0.00115953 0.00102307 0.00104426 0.000642578 0.00102307 0.000623566 0.000699661 5.28353e-05 0.000642578 3.30592e-06 5.28353e-05 -0.000798459 3.30592e-06 -0.000843225 0.000642578 3.30592e-06 0.000623566 -1.32556e-05 3.30592e-06 -0.000843225 -1.32556e-05 -0.000858222 -0.000622914 -0.00165987 -0.000724624 -0.00176037 -0.00165987 -0.00286061 -0.00176037 -0.00297016 -0.000724624 -0.00176037 -0.000798459 -0.00183332 -0.00176037 -0.00297016 -0.00183332 -0.00304944 -0.00286061 -0.00424298 -0.00297016 -0.00437079 -0.00424298 -0.00584356 -0.00437079 -0.00599659 -0.00297016 -0.00437079 -0.00304944 -0.00446283 -0.00437079 -0.00599659 -0.00446283 -0.00610581 -0.000798459 -0.00183332 -0.000843225 -0.00187755 -0.00183332 -0.00304944 -0.00187755 -0.00309742 -0.000843225 -0.00187755 -0.000858222 -0.00189237 -0.00187755 -0.00309742 -0.00189237 -0.00311348 -0.00304944 -0.00446283 -0.00309742 -0.00451833 -0.00446283 -0.00610581 -0.00451833 -0.00617127 -0.00309742 -0.00451833 -0.00311348 -0.00453688 -0.00451833 -0.00617127 -0.00453688 -0.00619308 -0.00480511 -0.00643011 -0.00512592 -0.006842 -0.00643011 -0.00844356 -0.006842 -0.00894699 -0.00512592 -0.006842 -0.00540721 -0.00719345 -0.006842 -0.00894699 -0.00719345 -0.00935846 -0.00844356 -0.0111281 -0.00894699 -0.0116485 -0.0111281 -0.0148001 -0.0116485 -0.0151348 -0.00894699 -0.0116485 -0.00935846 -0.0120476 -0.0116485 -0.0151348 -0.0120476 -0.0153551 -0.00540721 -0.00719345 -0.00564689 -0.00748493 -0.00719345 -0.00935846 -0.00748493 -0.0096857 -0.00564689 -0.00748493 -0.00584356 -0.00771859 -0.00748493 -0.0096857 -0.00771859 -0.00993867 -0.00935846 -0.0120476 -0.0096857 -0.012345 -0.0120476 -0.0153551 -0.012345 -0.0154905 -0.0096857 -0.012345 -0.00993867 -0.0125616 -0.012345 -0.0154905 -0.0125616 -0.0155692 -0.0148001 -0.0195153 -0.0151348 -0.0193516 -0.0195153 -0.0246696 -0.0193516 -0.0237443 -0.0151348 -0.0193516 -0.0153551 -0.0191587 -0.0193516 -0.0237443 -0.0191587 -0.0229581 -0.0246696 -0.0289023 -0.0237443 -0.0272445 -0.0289023 -0.0306856 -0.0272445 -0.0287207 -0.0237443 -0.0272445 -0.0229581 -0.0259065 -0.0272445 -0.0287207 -0.0259065 -0.0271553 -0.0153551 -0.0191587 -0.0154905 -0.0189608 -0.0191587 -0.0229581 -0.0189608 -0.0223074 -0.0154905 -0.0189608 -0.0155692 -0.0187786 -0.0189608 -0.0223074 -0.0187786 -0.021786 -0.0229581 -0.0259065 -0.0223074 -0.0248476 -0.0259065 -0.0271553 -0.0248476 -0.0259307 -0.0223074 -0.0248476 -0.021786 -0.0240281 -0.0248476 -0.0259307 -0.0240281 -0.0249918 -0.00584356 -0.00771859 -0.00599659 -0.00789693 -0.00771859 -0.00993867 -0.00789693 -0.0101261 -0.00599659 -0.00789693 -0.00610581 -0.00802236 -0.00789693 -0.0101261 -0.00802236 -0.0102549 -0.00993867 -0.0125616 -0.0101261 -0.0127141 -0.0125616 -0.0155692 -0.0127141 -0.0156119 -0.0101261 -0.0127141 -0.0102549 -0.0128146 -0.0127141 -0.0156119 -0.0128146 -0.0156331 -0.00610581 -0.00802236 -0.00617127 -0.0080968 -0.00802236 -0.0102549 -0.0080968 -0.0103302 -0.00617127 -0.0080968 -0.00619308 -0.00812147 -0.0080968 -0.0103302 -0.00812147 -0.010355 -0.0102549 -0.0128146 -0.0103302 -0.0128717 -0.0128146 -0.0156331 -0.0128717 -0.0156422 -0.0103302 -0.0128717 -0.010355 -0.0128902 -0.0128717 -0.0156422 -0.0128902 -0.0156447 -0.0155692 -0.0187786 -0.0156119 -0.0186259 -0.0187786 -0.021786 -0.0186259 -0.0213876 -0.0156119 -0.0186259 -0.0156331 -0.0185115 -0.0186259 -0.0213876 -0.0185115 -0.021107 -0.021786 -0.0240281 -0.0213876 -0.0234183 -0.0240281 -0.0249918 -0.0234183 -0.0242981 -0.0213876 -0.0234183 -0.021107 -0.0229968 -0.0234183 -0.0242981 -0.0229968 -0.0238212 -0.0156331 -0.0185115 -0.0156422 -0.0184409 -0.0185115 -0.021107 -0.0184409 -0.0209403 -0.0156422 -0.0184409 -0.0156447 -0.0184171 -0.0184409 -0.0209403 -0.0184171 -0.0208849 -0.021107 -0.0229968 -0.0209403 -0.0227493 -0.0229968 -0.0238212 -0.0227493 -0.0235421 -0.0209403 -0.0227493 -0.0208849 -0.0226677 -0.0227493 -0.0235421 -0.0226677 -0.0234502 -0.0306856 -0.0293356 -0.0287207 -0.0276792 -0.0293356 -0.0255336 -0.0276792 -0.0246128 -0.0287207 -0.0276792 -0.0271553 -0.0263429 -0.0276792 -0.0246128 -0.0263429 -0.0238311 -0.0255336 -0.020809 -0.0246128 -0.0206549 -0.020809 -0.016528 -0.0206549 -0.0168789 -0.0246128 -0.0206549 -0.0238311 -0.0204709 -0.0206549 -0.0168789 -0.0204709 -0.0171135 -0.0271553 -0.0263429 -0.0259307 -0.0252856 -0.0263429 -0.0238311 -0.0252856 -0.0231846 -0.0259307 -0.0252856 -0.0249918 -0.0244677 -0.0252856 -0.0231846 -0.0244677 -0.0226668 -0.0238311 -0.0204709 -0.0231846 -0.0202808 -0.0204709 -0.0171135 -0.0202808 -0.0172611 -0.0231846 -0.0202808 -0.0226668 -0.0201051 -0.0202808 -0.0172611 -0.0201051 -0.0173498 -0.016528 -0.0133022 -0.0168789 -0.0138458 -0.0133022 -0.0110828 -0.0138458 -0.0116164 -0.0168789 -0.0138458 -0.0171135 -0.014265 -0.0138458 -0.0116164 -0.014265 -0.012054 -0.0110828 -0.00955985 -0.0116164 -0.010009 -0.00955985 -0.00845821 -0.010009 -0.00882325 -0.0116164 -0.010009 -0.012054 -0.0103925 -0.010009 -0.00882325 -0.0103925 -0.00914205 -0.0171135 -0.014265 -0.0172611 -0.0145794 -0.014265 -0.012054 -0.0145794 -0.0124032 -0.0172611 -0.0145794 -0.0173498 -0.01481 -0.0145794 -0.0124032 -0.01481 -0.0126741 -0.012054 -0.0103925 -0.0124032 -0.0107108 -0.0103925 -0.00914205 -0.0107108 -0.00941284 -0.0124032 -0.0107108 -0.0126741 -0.0109663 -0.0107108 -0.00941284 -0.0109663 -0.00963449 -0.0249918 -0.0244677 -0.0242981 -0.0238591 -0.0244677 -0.0226668 -0.0238591 -0.0222713 -0.0242981 -0.0238591 -0.0238212 -0.0234385 -0.0238591 -0.0222713 -0.0234385 -0.0219929 -0.0226668 -0.0201051 -0.0222713 -0.0199575 -0.0201051 -0.0173498 -0.0199575 -0.0174004 -0.0222713 -0.0199575 -0.0219929 -0.0198468 -0.0199575 -0.0174004 -0.0198468 -0.0174272 -0.0238212 -0.0234385 -0.0235421 -0.0231917 -0.0234385 -0.0219929 -0.0231917 -0.0218275 -0.0235421 -0.0231917 -0.0234502 -0.0231102 -0.0231917 -0.0218275 -0.0231102 -0.0217726 -0.0219929 -0.0198468 -0.0218275 -0.0197785 -0.0198468 -0.0174272 -0.0197785 -0.0174397 -0.0218275 -0.0197785 -0.0217726 -0.0197555 -0.0197785 -0.0174397 -0.0197555 -0.0174433 -0.0173498 -0.01481 -0.0174004 -0.0149733 -0.01481 -0.0126741 -0.0149733 -0.0128755 -0.0174004 -0.0149733 -0.0174272 -0.0150816 -0.0149733 -0.0128755 -0.0150816 -0.0130142 -0.0126741 -0.0109663 -0.0128755 -0.0111614 -0.0109663 -0.00963449 -0.0111614 -0.00980662 -0.0128755 -0.0111614 -0.0130142 -0.0112988 -0.0111614 -0.00980662 -0.0112988 -0.0099293 -0.0174272 -0.0150816 -0.0174397 -0.0151434 -0.0150816 -0.0130142 -0.0151434 -0.0130954 -0.0174397 -0.0151434 -0.0174433 -0.0151634 -0.0151434 -0.0130954 -0.0151634 -0.0131222 -0.0130142 -0.0112988 -0.0130954 -0.0113803 -0.0112988 -0.0099293 -0.0113803 -0.0100028 -0.0130954 -0.0113803 -0.0131222 -0.0114074 -0.0113803 -0.0100028 -0.0114074 -0.0100272 -0.00845821 -0.00762453 -0.00882325 -0.00792868 -0.00762453 -0.00699839 -0.00792868 -0.00726215 -0.00882325 -0.00792868 -0.00914205 -0.00819604 -0.00792868 -0.00726215 -0.00819604 -0.00749284 -0.00699839 -0.0065649 -0.00726215 -0.00679907 -0.0065649 -0.00632573 -0.00679907 -0.00653106 -0.00726215 -0.00679907 -0.00749284 -0.00700152 -0.00679907 -0.00653106 -0.00700152 -0.00670546 -0.00914205 -0.00819604 -0.00941284 -0.00842495 -0.00819604 -0.00749284 -0.00842495 -0.0076898 -0.00941284 -0.00842495 -0.00963449 -0.00861379 -0.00842495 -0.0076898 -0.00861379 -0.00785205 -0.00749284 -0.00700152 -0.0076898 -0.00717272 -0.00700152 -0.00670546 -0.00717272 -0.00685079 -0.0076898 -0.00717272 -0.00785205 -0.00731271 -0.00717272 -0.00685079 -0.00731271 -0.00696825 -0.00632573 -0.00628654 -0.00653106 -0.00645271 -0.00628654 -0.00644689 -0.00645271 -0.00654854 -0.00653106 -0.00645271 -0.00670546 -0.00658997 -0.00645271 -0.00654854 -0.00658997 -0.00662835 -0.00644689 -0.00676873 -0.00654854 -0.00675987 -0.00676873 -0.00685778 -0.00675987 -0.0068568 -0.00654854 -0.00675987 -0.00662835 -0.00675315 -0.00675987 -0.0068568 -0.00675315 -0.00681836 -0.00670546 -0.00658997 -0.00685079 -0.00670203 -0.00658997 -0.00662835 -0.00670203 -0.0066927 -0.00685079 -0.00670203 -0.00696825 -0.00679132 -0.00670203 -0.0066927 -0.00679132 -0.00674425 -0.00662835 -0.00675315 -0.0066927 -0.00675763 -0.00675315 -0.00681836 -0.00675763 -0.00679612 -0.0066927 -0.00675763 -0.00674425 -0.00676752 -0.00675763 -0.00679612 -0.00676752 -0.00678718 -0.00963449 -0.00861379 -0.00980662 -0.00876145 -0.00861379 -0.00785205 -0.00876145 -0.00797886 -0.00980662 -0.00876145 -0.0099293 -0.00886727 -0.00876145 -0.00797886 -0.00886727 -0.00806973 -0.00785205 -0.00731271 -0.00797886 -0.00742153 -0.00731271 -0.00696825 -0.00742153 -0.00705875 -0.00797886 -0.00742153 -0.00806973 -0.00749921 -0.00742153 -0.00705875 -0.00749921 -0.00712296 -0.0099293 -0.00886727 -0.0100028 -0.00893088 -0.00886727 -0.00806973 -0.00893088 -0.00812437 -0.0100028 -0.00893088 -0.0100272 -0.0089521 -0.00893088 -0.00812437 -0.0089521 -0.00814259 -0.00806973 -0.00749921 -0.00812437 -0.0075458 -0.00749921 -0.00712296 -0.0075458 -0.00716132 -0.00812437 -0.0075458 -0.00814259 -0.00756133 -0.0075458 -0.00716132 -0.00756133 -0.00717408 -0.00696825 -0.00679132 -0.00705875 -0.00685948 -0.00679132 -0.00674425 -0.00685948 -0.00678411 -0.00705875 -0.00685948 -0.00712296 -0.00690757 -0.00685948 -0.00678411 -0.00690757 -0.00681263 -0.00674425 -0.00676752 -0.00678411 -0.00677873 -0.00676752 -0.00678718 -0.00677873 -0.00678569 -0.00678411 -0.00677873 -0.00681263 -0.0067885 -0.00677873 -0.00678569 -0.0067885 -0.00678736 -0.00712296 -0.00690757 -0.00716132 -0.0069362 -0.00690757 -0.00681263 -0.0069362 -0.00682979 -0.00716132 -0.0069362 -0.00717408 -0.00694571 -0.0069362 -0.00682979 -0.00694571 -0.00683552 -0.00681263 -0.0067885 -0.00682979 -0.00679504 -0.0067885 -0.00678736 -0.00679504 -0.0067894 -0.00682979 -0.00679504 -0.00683552 -0.00679733 -0.00679504 -0.0067894 -0.00679733 -0.00679024 
SCALARS conc double 1
LOOKUP_TABLE default
1 1 0 -98.7647 1 1 -98.7647 -143.036 0 -98.7647 0 -196.33 -98.7647 -143.036 -196.33 -282.531 1 1 -143.036 -89.0333 1 1 -89.0333 4.4858 -143.036 -89.0333 -282.531 -161.334 -89.0333 4.4858 -161.334 24.8206 0 -196.33 0 -281.404 -196.33 -282.531 -281.404 -389.299 0 -281.404 0 -335.039 -281.404 -389.299 -335.039 -419.607 -282.531 -161.334 -389.299 -173.418 -161.334 24.8206 -173.418 84.3379 -389.299 -173.418 -419.607 -79.6972 -173.418 84.3379 -79.6972 196.066 1 1 4.4858 61.4002 1 1 61.4002 96.661 4.4858 61.4002 24.8206 112.082 61.4002 96.661 112.082 177.671 1 1 96.661 125.236 1 1 125.236 65.6206 96.661 125.236 177.671 258.698 125.236 65.6206 258.698 142.696 24.8206 112.082 84.3379 125.505 112.082 177.671 125.505 202.785 84.3379 125.505 196.066 76.111 125.505 202.785 76.111 114.824 177.671 258.698 202.785 380.783 258.698 142.696 380.783 227.697 202.785 380.783 114.824 422.1 380.783 227.697 422.1 295.046 0 -335.039 0 -338.951 -335.039 -419.607 -338.951 -344.635 0 -338.951 0 -284.986 -338.951 -344.635 -284.986 -180.985 -419.607 -79.6972 -344.635 117.977 -79.6972 196.066 117.977 337.72 -344.635 117.977 -180.985 350.774 117.977 337.72 350.774 457.346 0 -284.986 0 -180.195 -284.986 -180.985 -180.195 10.4103 0 -180.195 0 -42.9104 -180.195 10.4103 -42.9104 152.894 -180.985 350.774 10.4103 514.44 350.774 457.346 514.44 496.153 10.4103 514.44 152.894 490.278 514.44 496.153 490.278 394.753 196.066 76.111 337.72 -27.8195 76.111 114.824 -27.8195 -87.1574 337.72 -27.8195 457.346 -134.276 -27.8195 -87.1574 -134.276 -300.746 114.824 422.1 -87.1574 336.354 422.1 295.046 336.354 317.645 -87.1574 336.354 -300.746 185.404 336.354 317.645 185.404 301.293 457.346 -134.276 496.153 -177.442 -134.276 -300.746 -177.442 -385.073 496.153 -177.442 394.753 -117.638 -177.442 -385.073 -117.638 -261.93 -300.746 185.404 -385.073 77.4777 185.404 301.293 77.4777 272.968 -385.073 77.4777 -261.93 65.5498 77.4777 272.968 65.5498 234.867 1 1 65.6206 -78.1775 1 1 -78.1775 -132.924 65.6206 -78.1775 142.696 -159.238 -78.1775 -132.924 -159.238 -265.285 1 1 -132.924 -63.5443 1 1 -63.5443 10.5377 -132.924 -63.5443 -265.285 -113.516 -63.5443 10.5377 -113.516 41.6789 142.696 -159.238 227.697 -224.471 -159.238 -265.285 -224.471 -367.847 227.697 -224.471 295.046 -240.328 -224.471 -367.847 -240.328 -396.512 -265.285 -113.516 -367.847 -122.595 -113.516 41.6789 -122.595 112.373 -367.847 -122.595 -396.512 -65.083 -122.595 112.373 -65.083 223.496 1 1 10.5377 -5.05856 1 1 -5.05856 -61.9206 10.5377 -5.05856 41.6789 0.328201 -5.05856 -61.9206 0.328201 -126.65 1 1 -61.9206 -66.5894 1 1 -66.5894 -43.079 -61.9206 -66.5894 -126.65 -135.384 -66.5894 -43.079 -135.384 -75.6527 41.6789 0.328201 112.373 27.3302 0.328201 -126.65 27.3302 -186.439 112.373 27.3302 223.496 79.4978 27.3302 -186.439 79.4978 -226.32 -126.65 -135.384 -186.439 -203.392 -135.384 -75.6527 -203.392 -89.4955 -186.439 -203.392 -226.32 -260.63 -203.392 -89.4955 -260.63 -76.1309 295.046 -240.328 317.645 -184.171 -240.328 -396.512 -184.171 -323.163 317.645 -184.171 301.293 -70.3479 -184.171 -323.163 -70.3479 -164.237 -396.512 -65.083 -323.163 56.419 -65.083 223.496 56.419 343.83 -323.163 56.419 -164.237 201.841 56.419 343.83 201.841 429.213 301.293 -70.3479 272.968 54.2822 -70.3479 -164.237 54.2822 16.4587 272.968 54.2822 234.867 134.843 54.2822 16.4587 134.843 137.847 -164.237 201.841 16.4587 311.746 201.841 429.213 311.746 450.072 16.4587 311.746 137.847 323.735 311.746 450.072 323.735 378.667 223.496 79.4978 343.83 144.522 79.4978 -226.32 144.522 -232.324 343.83 144.522 429.213 198.144 144.522 -232.324 198.144 -201.308 -226.32 -260.63 -232.324 -292.05 -260.63 -76.1309 -292.05 -28.1408 -232.324 -292.05 -201.308 -281.338 -292.05 -28.1408 -281.338 48.6546 429.213 198.144 450.072 216.783 198.144 -201.308 216.783 -143.156 450.072 216.783 378.667 183.453 216.783 -143.156 183.453 -71.156 -201.308 -281.338 -143.156 -216.813 -281.338 48.6546 -216.813 122.681 -143.156 -216.813 -71.156 -101.773 -216.813 122.681 -101.773 152.982 1 1 -43.079 -44.8163 1 1 -44.8163 45.4261 -43.079 -44.8163 -75.6527 -83.9583 -44.8163 45.4261 -83.9583 112.671 1 1 45.4261 82.472 1 1 82.472 -10.9667 45.4261 82.472 112.671 178.327 82.472 -10.9667 178.327 -30.2391 -75.6527 -83.9583 -89.4955 -70.1527 -83.9583 112.671 -70.1527 225.119 -89.4955 -70.1527 -76.1309 46.0999 -70.1527 225.119 46.0999 355.275 112.671 178.327 225.119 270.734 178.327 -30.2391 270.734 -59.1704 225.119 270.734 355.275 307.399 270.734 -59.1704 307.399 -90.724 1 1 -10.9667 -66.0023 1 1 -66.0023 -70.0903 -10.9667 -66.0023 -30.2391 -133.571 -66.0023 -70.0903 -133.571 -140.038 1 1 -70.0903 -45.8804 1 1 -45.8804 1.15565 -70.0903 -45.8804 -140.038 -91.3249 -45.8804 1.15565 -91.3249 0.599674 -30.2391 -133.571 -59.1704 -198.181 -133.571 -140.038 -198.181 -205.978 -59.1704 -198.181 -90.724 -251.534 -198.181 -205.978 -251.534 -259.505 -140.038 -91.3249 -205.978 -132.074 -91.3249 0.599674 -132.074 -1.00161 -205.978 -132.074 -259.505 -161.173 -132.074 -1.00161 -161.173 -1.73004 -76.1309 46.0999 -28.1408 240.532 46.0999 355.275 240.532 403.186 -28.1408 240.532 48.6546 400.781 240.532 403.186 400.781 308.273 355.275 307.399 403.186 240.503 307.399 -90.724 240.503 -112.269 403.186 240.503 308.273 98.5531 240.503 -112.269 98.5531 -117.109 48.6546 400.781 122.681 427.54 400.781 308.273 427.54 161.839 122.681 427.54 152.982 321.398 427.54 161.839 321.398 93.9449 308.273 98.5531 161.839 -17.0871 98.5531 -117.109 -17.0871 -110.216 161.839 -17.0871 93.9449 -42.0071 -17.0871 -110.216 -42.0071 -98.0209 -90.724 -251.534 -112.269 -284.546 -251.534 -259.505 -284.546 -289.249 -112.269 -284.546 -117.109 -288.14 -284.546 -289.249 -288.14 -285.182 -259.505 -161.173 -289.249 -171.374 -161.173 -1.73004 -171.374 0.413943 -289.249 -171.374 -285.182 -157.773 -171.374 0.413943 -157.773 7.57269 -117.109 -288.14 -110.216 -255.426 -288.14 -285.182 -255.426 -243.042 -110.216 -255.426 -98.0209 -186.902 -255.426 -243.042 -186.902 -165.611 -285.182 -157.773 -243.042 -119.874 -157.773 7.57269 -119.874 22.9908 -243.042 -119.874 -165.611 -61.8895 -119.874 22.9908 -61.8895 48.8096 1 1 1.15565 60.3017 1 1 60.3017 81.9504 1.15565 60.3017 0.599674 117.765 60.3017 81.9504 117.765 155.617 1 1 81.9504 59.9721 1 1 59.9721 55.1486 81.9504 59.9721 155.617 104.798 59.9721 55.1486 104.798 99.6685 0.599674 117.765 -1.00161 159.001 117.765 155.617 159.001 197.962 -1.00161 159.001 -1.73004 169.062 159.001 197.962 169.062 196.61 155.617 104.798 197.962 119.947 104.798 99.6685 119.947 123.364 197.962 119.947 196.61 118.634 119.947 123.364 118.634 134.118 1 1 55.1486 63.2229 1 1 63.2229 47.4294 55.1486 63.2229 99.6685 121.223 63.2229 47.4294 121.223 89.6769 1 1 47.4294 20.2196 1 1 20.2196 0 47.4294 20.2196 89.6769 36.8663 20.2196 0 36.8663 0 99.6685 121.223 123.364 159.327 121.223 89.6769 159.327 115 123.364 159.327 134.118 165.277 159.327 115 165.277 112.276 89.6769 36.8663 115 45.6919 36.8663 0 45.6919 0 115 45.6919 112.276 43.8958 45.6919 0 43.8958 0 -1.73004 169.062 0.413943 148.158 169.062 196.61 148.158 175.336 0.413943 148.158 7.57269 118.606 148.158 175.336 118.606 174.19 196.61 118.634 175.336 145.834 118.634 134.118 145.834 158.243 175.336 145.834 174.19 221.46 145.834 158.243 221.46 203.979 7.57269 118.606 22.9908 107.615 118.606 174.19 107.615 196.978 22.9908 107.615 48.8096 120.706 107.615 196.978 120.706 204.371 174.19 221.46 196.978 289.576 221.46 203.979 289.576 234.986 196.978 289.576 204.371 271.454 289.576 234.986 271.454 207.565 134.118 165.277 158.243 143.283 165.277 112.276 143.283 82.6904 158.243 143.283 203.979 112.685 143.283 82.6904 112.685 43.9647 112.276 43.8958 82.6904 33.0638 43.8958 0 33.0638 0 82.6904 33.0638 43.9647 19.6042 33.0638 0 19.6042 0 203.979 112.685 234.986 90.7999 112.685 43.9647 90.7999 19.1947 234.986 90.7999 207.565 80.3196 90.7999 19.1947 80.3196 18.8043 43.9647 19.6042 19.1947 11.3263 19.6042 0 11.3263 0 19.1947 11.3263 18.8043 12.6272 11.3263 0 12.6272 0 0 -42.9104 1 87.637 -42.9104 152.894 87.637 225.218 1 87.637 1 182.417 87.637 225.218 182.417 244.878 152.894 490.278 225.218 365.293 490.278 394.753 365.293 245.963 225.218 365.293 244.878 278.774 365.293 245.963 278.774 170.887 1 182.417 1 243.988 182.417 244.878 243.988 231.18 1 243.988 1 277.775 243.988 231.18 277.775 206.123 244.878 278.774 231.18 224.389 278.774 170.887 224.389 146.707 231.18 224.389 206.123 198.675 224.389 146.707 198.675 149.618 394.753 -117.638 245.963 -27.5737 -117.638 -261.93 -27.5737 -69.8135 245.963 -27.5737 170.887 39.3836 -27.5737 -69.8135 39.3836 51.2992 -261.93 65.5498 -69.8135 112.258 65.5498 234.867 112.258 203.626 -69.8135 112.258 51.2992 152.43 112.258 203.626 152.43 193.771 170.887 39.3836 146.707 95.7622 39.3836 51.2992 95.7622 122.361 146.707 95.7622 149.618 137.833 95.7622 122.361 137.833 158.567 51.2992 152.43 122.361 173.747 152.43 193.771 173.747 188.058 122.361 173.747 158.567 179.758 173.747 188.058 179.758 180.196 1 277.775 1 292.894 277.775 206.123 292.894 184.223 1 292.894 1 298.126 292.894 184.223 298.126 170.448 206.123 198.675 184.223 192.798 198.675 149.618 192.798 161.187 184.223 192.798 170.448 196.131 192.798 161.187 196.131 171.334 1 298.126 1 299.128 298.126 170.448 299.128 163.728 1 299.128 1 298.394 299.128 163.728 298.394 161.471 170.448 196.131 163.728 200.632 196.131 171.334 200.632 176.894 163.728 200.632 161.471 202.122 200.632 176.894 202.122 178.1 149.618 137.833 161.187 163.898 137.833 158.567 163.898 172.751 161.187 163.898 171.334 176.849 163.898 172.751 176.849 175.293 158.567 179.758 172.751 176.869 179.758 180.196 176.869 169.969 172.751 176.869 175.293 170.592 176.869 169.969 170.592 159.708 171.334 176.849 176.894 181.489 176.849 175.293 181.489 173.48 176.894 181.489 178.1 181.76 181.489 173.48 181.76 171.484 175.293 170.592 173.48 164.8 170.592 159.708 164.8 151.982 173.48 164.8 171.484 161.713 164.8 151.982 161.713 148.438 234.867 134.843 203.626 168.024 134.843 137.847 168.024 188.484 203.626 168.024 193.771 182.581 168.024 188.484 182.581 200.205 137.847 323.735 188.484 275.193 323.735 378.667 275.193 267.171 188.484 275.193 200.205 227.112 275.193 267.171 227.112 188.874 193.771 182.581 188.058 183.155 182.581 200.205 183.155 188.451 188.058 183.155 180.196 173.767 183.155 188.451 173.767 167.492 200.205 227.112 188.451 182.814 227.112 188.874 182.814 140.62 188.451 182.814 167.492 149.117 182.814 140.62 149.117 115.994 378.667 183.453 267.171 126.582 183.453 -71.156 126.582 -10.4052 267.171 126.582 188.874 95.16 126.582 -10.4052 95.16 34.3379 -71.156 -101.773 -10.4052 5.32028 -101.773 152.982 5.32028 149.371 -10.4052 5.32028 34.3379 65.0821 5.32028 149.371 65.0821 134.54 188.874 95.16 140.62 85.9766 95.16 34.3379 85.9766 66.0242 140.62 85.9766 115.994 88.292 85.9766 66.0242 88.292 84.4844 34.3379 65.0821 66.0242 90.5781 65.0821 134.54 90.5781 113.785 66.0242 90.5781 84.4844 96.2024 90.5781 113.785 96.2024 95.9132 180.196 173.767 169.969 160.127 173.767 167.492 160.127 147.448 169.969 160.127 159.708 147.428 160.127 147.448 147.428 133.064 167.492 149.117 147.448 128.039 149.117 115.994 128.039 106.318 147.448 128.039 133.064 117.192 128.039 106.318 117.192 103.987 159.708 147.428 151.982 138.763 147.428 133.064 138.763 125.015 151.982 138.763 148.438 135.225 138.763 125.015 135.225 122.282 133.064 117.192 125.015 112.77 117.192 103.987 112.77 104.265 125.015 112.77 122.282 111.798 112.77 104.265 111.798 104.97 115.994 88.292 106.318 93.3882 88.292 84.4844 93.3882 92.6098 106.318 93.3882 103.987 97.3208 93.3882 92.6098 97.3208 95.0459 84.4844 96.2024 92.6098 93.91 96.2024 95.9132 93.91 85.4083 92.6098 93.91 95.0459 90.8487 93.91 85.4083 90.8487 81.8974 103.987 97.3208 104.265 99.578 97.3208 95.0459 99.578 95.6644 104.265 99.578 104.97 100.776 99.578 95.6644 100.776 96.4726 95.0459 90.8487 95.6644 89.7052 90.8487 81.8974 89.7052 82.598 95.6644 89.7052 96.4726 90.6384 89.7052 82.598 90.6384 84.8363 152.982 321.398 149.371 200.989 321.398 93.9449 200.989 71.1002 149.371 200.989 134.54 130.038 200.989 71.1002 130.038 47.7178 93.9449 -42.0071 71.1002 -27.3234 -42.0071 -98.0209 -27.3234 -74.9939 71.1002 -27.3234 47.7178 -12.7881 -27.3234 -74.9939 -12.7881 -39.6371 134.54 130.038 113.785 89.998 130.038 47.7178 89.998 39.2496 113.785 89.998 95.9132 72.0965 89.998 39.2496 72.0965 44.2266 47.7178 -12.7881 39.2496 7.69204 -12.7881 -39.6371 7.69204 -0.449864 39.2496 7.69204 44.2266 31.9004 7.69204 -0.449864 31.9004 35.0659 -98.0209 -186.902 -74.9939 -108.615 -186.902 -165.611 -108.615 -77.2253 -74.9939 -108.615 -39.6371 -42.3347 -108.615 -77.2253 -42.3347 -5.98166 -165.611 -61.8895 -77.2253 2.20606 -61.8895 48.8096 2.20606 80.513 -77.2253 2.20606 -5.98166 52.1949 2.20606 80.513 52.1949 103.783 -39.6371 -42.3347 -0.449864 11.71 -42.3347 -5.98166 11.71 44.3829 -0.449864 11.71 35.0659 50.8162 11.71 44.3829 50.8162 74.5737 -5.98166 52.1949 44.3829 83.0411 52.1949 103.783 83.0411 112.672 44.3829 83.0411 74.5737 96.456 83.0411 112.672 96.456 109.376 95.9132 72.0965 85.4083 68.7306 72.0965 44.2266 68.7306 56.2655 85.4083 68.7306 81.8974 72.6391 68.7306 56.2655 72.6391 69.1188 44.2266 31.9004 56.2655 54.7459 31.9004 35.0659 54.7459 62.1123 56.2655 54.7459 69.1188 72.3092 54.7459 62.1123 72.3092 79.4256 81.8974 72.6391 82.598 78.136 72.6391 69.1188 78.136 78.6678 82.598 78.136 84.8363 81.9356 78.136 78.6678 81.9356 83.1033 69.1188 72.3092 78.6678 83.0118 72.3092 79.4256 83.0118 88.3019 78.6678 83.0118 83.1033 86.9393 83.0118 88.3019 86.9393 90.7921 35.0659 50.8162 62.1123 75.0154 50.8162 74.5737 75.0154 88.7288 62.1123 75.0154 79.4256 87.289 75.0154 88.7288 87.289 92.613 74.5737 96.456 88.7288 97.767 96.456 109.376 97.767 99.4549 88.7288 97.767 92.613 93.0697 97.767 99.4549 93.0697 88.3295 79.4256 87.289 88.3019 91.8268 87.289 92.613 91.8268 91.6619 88.3019 91.8268 90.7921 92.1736 91.8268 91.6619 92.1736 89.6898 92.613 93.0697 91.6619 87.3034 93.0697 88.3295 87.3034 79.5974 91.6619 87.3034 89.6898 83.4959 87.3034 79.5974 83.4959 74.9241 48.8096 120.706 80.513 137.304 120.706 204.371 137.304 187.083 80.513 137.304 103.783 139.471 137.304 187.083 139.471 160.342 204.371 271.454 187.083 204.463 271.454 207.565 204.463 149.199 187.083 204.463 160.342 151.076 204.463 149.199 151.076 104.992 103.783 139.471 112.672 128.924 139.471 160.342 128.924 129.968 112.672 128.924 109.376 111.599 128.924 129.968 111.599 102.425 160.342 151.076 129.968 110.423 151.076 104.992 110.423 75.9631 129.968 110.423 102.425 82.5435 110.423 75.9631 82.5435 59.4584 207.565 80.3196 149.199 68.3037 80.3196 18.8043 68.3037 26.5366 149.199 68.3037 104.992 54.934 68.3037 26.5366 54.934 29.8952 18.8043 12.6272 26.5366 16.9738 12.6272 0 16.9738 11.8896 26.5366 16.9738 29.8952 22.907 16.9738 11.8896 22.907 20.5351 104.992 54.934 75.9631 46.5916 54.934 29.8952 46.5916 32.9212 75.9631 46.5916 59.4584 43.3005 46.5916 32.9212 43.3005 36.3985 29.8952 22.907 32.9212 28.8975 22.907 20.5351 28.8975 27.7909 32.9212 28.8975 36.3985 34.3774 28.8975 27.7909 34.3774 33.8917 109.376 111.599 99.4549 93.728 111.599 102.425 93.728 81.4996 99.4549 93.728 88.3295 79.3554 93.728 81.4996 79.3554 67.8629 102.425 82.5435 81.4996 65.6254 82.5435 59.4584 65.6254 51.5031 81.4996 65.6254 67.8629 56.5765 65.6254 51.5031 56.5765 48.3632 88.3295 79.3554 79.5974 70.0159 79.3554 67.8629 70.0159 60.3124 79.5974 70.0159 74.9241 65.677 70.0159 60.3124 65.677 57.2775 67.8629 56.5765 60.3124 52.3534 56.5765 48.3632 52.3534 47.3379 60.3124 52.3534 57.2775 50.8578 52.3534 47.3379 50.8578 46.9172 59.4584 43.3005 51.5031 43.13 43.3005 36.3985 43.13 39.8579 51.5031 43.13 48.3632 44.1498 43.13 39.8579 44.1498 42.6468 36.3985 34.3774 39.8579 38.933 34.3774 33.8917 38.933 38.735 39.8579 38.933 42.6468 42.2472 38.933 38.735 42.2472 42.1715 48.3632 44.1498 47.3379 45.0375 44.1498 42.6468 45.0375 44.2884 47.3379 45.0375 46.9172 45.1042 45.0375 44.2884 45.1042 44.5258 42.6468 42.2472 44.2884 44.1102 42.2472 42.1715 44.1102 44.0817 44.2884 44.1102 44.5258 44.4084 44.1102 44.0817 44.4084 44.3952 1 298.394 1 296.529 298.394 161.471 296.529 162.37 1 296.529 1 293.04 296.529 162.37 293.04 167.216 161.471 202.122 162.37 199.448 202.122 178.1 199.448 175.605 162.37 199.448 167.216 193.711 199.448 175.605 193.711 169.331 1 293.04 1 285.932 293.04 167.216 285.932 178.113 1 285.932 1 270.747 285.932 178.113 270.747 196.084 167.216 193.711 178.113 188.521 193.711 169.331 188.521 159.292 178.113 188.521 196.084 190.531 188.521 159.292 190.531 148.009 178.1 181.76 175.605 179.31 181.76 171.484 179.31 170.687 175.605 179.31 169.331 173.192 179.31 170.687 173.192 169.932 171.484 161.713 170.687 162.004 161.713 148.438 162.004 149.524 170.687 162.004 169.932 164.876 162.004 149.524 164.876 154.561 169.331 173.192 159.292 160.353 173.192 169.932 160.353 165.576 159.292 160.353 148.009 137.03 160.353 165.576 137.03 151.471 169.932 164.876 165.576 168.074 164.876 154.561 168.074 161.806 165.576 168.074 151.471 167.866 168.074 161.806 167.866 168.659 1 270.747 1 240.598 270.747 196.084 240.598 217.42 1 240.598 1 188.432 240.598 217.42 188.432 230.938 196.084 190.531 217.42 208.387 190.531 148.009 208.387 143.308 217.42 208.387 230.938 249.229 208.387 143.308 249.229 159.286 1 188.432 1 110.387 188.432 230.938 110.387 219.838 1 110.387 0 5.50288 110.387 219.838 5.50288 170.215 230.938 249.229 219.838 315.734 249.229 159.286 315.734 213.528 219.838 315.734 170.215 412.167 315.734 213.528 412.167 321.107 148.009 137.03 143.308 101.114 137.03 151.471 101.114 119.264 143.308 101.114 159.286 54.2998 101.114 119.264 54.2998 59.0828 151.471 167.866 119.264 159.174 167.866 168.659 159.174 172.486 119.264 159.174 59.0828 136.381 159.174 172.486 136.381 172.387 159.286 54.2998 213.528 0.141146 54.2998 59.0828 0.141146 -40.516 213.528 0.141146 321.107 -69.4129 0.141146 -40.516 -69.4129 -196.215 59.0828 136.381 -40.516 96.4923 136.381 172.387 96.4923 172.097 -40.516 96.4923 -196.215 49.3763 96.4923 172.097 49.3763 183.968 148.438 135.225 149.524 136.828 135.225 122.282 136.828 124.005 149.524 136.828 154.561 143.077 136.828 124.005 143.077 130.193 122.282 111.798 124.005 112.98 111.798 104.97 112.98 105.42 124.005 112.98 130.193 116.764 112.98 105.42 116.764 105.871 154.561 143.077 161.806 152.743 143.077 130.193 152.743 141.26 161.806 152.743 168.659 163.177 152.743 141.26 163.177 156.574 130.193 116.764 141.26 125.129 116.764 105.871 125.129 107.83 141.26 125.129 156.574 140.824 125.129 107.83 140.824 114.797 104.97 100.776 105.42 101.167 100.776 96.4726 101.167 97.7748 105.42 101.167 105.871 100.268 101.167 97.7748 100.268 98.5669 96.4726 90.6384 97.7748 93.0729 90.6384 84.8363 93.0729 87.4255 97.7748 93.0729 98.5669 96.3633 93.0729 87.4255 96.3633 90.807 105.871 100.268 107.83 97.4239 100.268 98.5669 97.4239 96.7057 107.83 97.4239 114.797 93.1219 97.4239 96.7057 93.1219 89.2332 98.5669 96.3633 96.7057 99.2506 96.3633 90.807 99.2506 96.1767 96.7057 99.2506 89.2332 98.718 99.2506 96.1767 98.718 103.838 168.659 163.177 172.486 170.099 163.177 156.574 170.099 172.607 172.486 170.099 172.387 168.68 170.099 172.607 168.68 181.89 156.574 140.824 172.607 165.628 140.824 114.797 165.628 132.367 172.607 165.628 181.89 198.095 165.628 132.367 198.095 166.745 172.387 168.68 172.097 155.292 168.68 181.89 155.292 173.937 172.097 155.292 183.968 126.44 155.292 173.937 126.44 137.722 181.89 198.095 173.937 233.236 198.095 166.745 233.236 222.163 173.937 233.236 137.722 268.535 233.236 222.163 268.535 299.861 114.797 93.1219 132.367 90.6017 93.1219 89.2332 90.6017 73.4773 132.367 90.6017 166.745 96.4417 90.6017 73.4773 96.4417 48.6575 89.2332 98.718 73.4773 89.3071 98.718 103.838 89.3071 111.362 73.4773 89.3071 48.6575 63.8788 89.3071 111.362 63.8788 112.87 166.745 96.4417 222.163 118.201 96.4417 48.6575 118.201 15.7978 222.163 118.201 299.861 157.792 118.201 15.7978 157.792 -28.0781 48.6575 63.8788 15.7978 15.657 63.8788 112.87 15.657 101.287 15.7978 15.657 -28.0781 -60.3397 15.657 101.287 -60.3397 75.1514 84.8363 81.9356 87.4255 83.2239 81.9356 83.1033 83.2239 82.3926 87.4255 83.2239 90.807 83.3557 83.2239 82.3926 83.3557 77.9179 83.1033 86.9393 82.3926 84.7427 86.9393 90.7921 84.7427 88.2001 82.3926 84.7427 77.9179 77.1315 84.7427 88.2001 77.1315 80.484 90.807 83.3557 96.1767 85.3551 83.3557 77.9179 85.3551 72.5946 96.1767 85.3551 103.838 92.9755 85.3551 72.5946 92.9755 71.0745 77.9179 77.1315 72.5946 65.3134 77.1315 80.484 65.3134 66.7105 72.5946 65.3134 71.0745 52.0577 65.3134 66.7105 52.0577 46.3918 90.7921 92.1736 88.2001 90.0579 92.1736 89.6898 90.0579 88.3704 88.2001 90.0579 80.484 84.9905 90.0579 88.3704 84.9905 87.1575 89.6898 83.4959 88.3704 82.8238 83.4959 74.9241 82.8238 74.6674 88.3704 82.8238 87.1575 84.8862 82.8238 74.6674 84.8862 78.4516 80.484 84.9905 66.7105 74.5565 84.9905 87.1575 74.5565 83.3724 66.7105 74.5565 46.3918 55.4298 74.5565 83.3724 55.4298 72.5496 87.1575 84.8862 83.3724 87.7667 84.8862 78.4516 87.7667 85.3251 83.3724 87.7667 72.5496 87.8716 87.7667 85.3251 87.8716 93.5525 103.838 92.9755 111.362 109.087 92.9755 71.0745 109.087 79.2241 111.362 109.087 112.87 134.009 109.087 79.2241 134.009 102.374 71.0745 52.0577 79.2241 42.4346 52.0577 46.3918 42.4346 21.0599 79.2241 42.4346 102.374 42.9772 42.4346 21.0599 42.9772 -5.22907 112.87 134.009 101.287 165.859 134.009 102.374 165.859 143.009 101.287 165.859 75.1514 205.706 165.859 143.009 205.706 199.506 102.374 42.9772 143.009 58.5017 42.9772 -5.22907 58.5017 -28.0667 143.009 58.5017 199.506 86.9842 58.5017 -28.0667 86.9842 -48.3864 46.3918 55.4298 21.0599 25.0438 55.4298 72.5496 25.0438 49.4422 21.0599 25.0438 -5.22907 -16.8046 25.0438 49.4422 -16.8046 9.8958 72.5496 87.8716 49.4422 79.9742 87.8716 93.5525 79.9742 100.356 49.4422 79.9742 9.8958 58.1546 79.9742 100.356 58.1546 102.122 -5.22907 -16.8046 -28.0667 -68.0286 -16.8046 9.8958 -68.0286 -47.036 -28.0667 -68.0286 -48.3864 -127.62 -68.0286 -47.036 -127.62 -118.056 9.8958 58.1546 -47.036 18.1343 58.1546 102.122 18.1343 95.8084 -47.036 18.1343 -118.056 -39.245 18.1343 95.8084 -39.245 82.4239 74.9241 65.677 74.6674 65.8156 65.677 57.2775 65.8156 57.7565 74.6674 65.8156 78.4516 69.9859 65.8156 57.7565 69.9859 61.5281 57.2775 50.8578 57.7565 51.2327 50.8578 46.9172 51.2327 46.6665 57.7565 51.2327 61.5281 53.7589 51.2327 46.6665 53.7589 47.1115 78.4516 69.9859 85.3251 77.8168 69.9859 61.5281 77.8168 68.7836 85.3251 77.8168 93.5525 88.7313 77.8168 68.7836 88.7313 79.439 61.5281 53.7589 68.7836 59.4662 53.7589 47.1115 59.4662 49.6737 68.7836 59.4662 79.439 69.4039 59.4662 49.6737 69.4039 56.487 46.9172 45.1042 46.6665 44.1903 45.1042 44.5258 44.1903 43.2904 46.6665 44.1903 47.1115 42.6441 44.1903 43.2904 42.6441 40.6973 44.5258 44.4084 43.2904 43.1087 44.4084 44.3952 43.1087 43.0944 43.2904 43.1087 40.6973 40.2495 43.1087 43.0944 40.2495 40.2145 47.1115 42.6441 49.6737 41.4324 42.6441 40.6973 41.4324 37.101 49.6737 41.4324 56.487 42.3135 41.4324 37.101 42.3135 33.1989 40.6973 40.2495 37.101 35.9419 40.2495 40.2145 35.9419 35.8414 37.101 35.9419 33.1989 30.3756 35.9419 35.8414 30.3756 30.1091 93.5525 88.7313 100.356 101.839 88.7313 79.439 101.839 92.5074 100.356 101.839 102.122 116.451 101.839 92.5074 116.451 105.99 79.439 69.4039 92.5074 83.5526 69.4039 56.487 83.5526 69.8523 92.5074 83.5526 105.99 99.6437 83.5526 69.8523 99.6437 91.3413 102.122 116.451 95.8084 133.674 116.451 105.99 133.674 117.346 95.8084 133.674 82.4239 159.867 133.674 117.346 159.867 123.084 105.99 99.6437 117.346 112.362 99.6437 91.3413 112.362 121.372 117.346 112.362 123.084 113.056 112.362 121.372 113.056 161.64 56.487 42.3135 69.8523 47.874 42.3135 33.1989 47.874 30.0749 69.8523 47.874 91.3413 61.162 47.874 30.0749 61.162 28.8673 33.1989 30.3756 30.0749 23.7935 30.3756 30.1091 23.7935 23.199 30.0749 23.7935 28.8673 16.322 23.7935 23.199 16.322 15.3647 91.3413 61.162 121.372 84.7782 61.162 28.8673 84.7782 29.4197 121.372 84.7782 161.64 119.3 84.7782 29.4197 119.3 26.8223 28.8673 16.322 29.4197 7.45598 16.322 15.3647 7.45598 7.10282 29.4197 7.45598 26.8223 -4.78558 7.45598 7.10282 -4.78558 0 0 5.50288 0 -106.765 5.50288 170.215 -106.765 55.7588 0 -106.765 0 -197.593 -106.765 55.7588 -197.593 -112.445 170.215 412.167 55.7588 429.658 412.167 321.107 429.658 396.695 55.7588 429.658 -112.445 293.779 429.658 396.695 293.779 371.614 0 -197.593 0 -249.287 -197.593 -112.445 -249.287 -259.927 0 -249.287 0 -254.393 -249.287 -259.927 -254.393 -331.289 -112.445 293.779 -259.927 93.6907 293.779 371.614 93.6907 276.968 -259.927 93.6907 -331.289 -75.4863 93.6907 276.968 -75.4863 159.573 321.107 -69.4129 396.695 -112.198 -69.4129 -196.215 -112.198 -293.09 396.695 -112.198 371.614 -72.1884 -112.198 -293.09 -72.1884 -215.84 -196.215 49.3763 -293.09 54.9457 49.3763 183.968 54.9457 207.27 -293.09 54.9457 -215.84 150.491 54.9457 207.27 150.491 235.902 371.614 -72.1884 276.968 17.6456 -72.1884 -215.84 17.6456 -31.6752 276.968 17.6456 159.573 99.2583 17.6456 -31.6752 99.2583 133.903 -215.84 150.491 -31.6752 285.517 150.491 235.902 285.517 257.649 -31.6752 285.517 133.903 359.069 285.517 257.649 359.069 243.688 0 -254.393 0 -217.845 -254.393 -331.289 -217.845 -312.927 0 -217.845 0 -153.766 -217.845 -312.927 -153.766 -229.027 -331.289 -75.4863 -312.927 -152.449 -75.4863 159.573 -152.449 67.8389 -312.927 -152.449 -229.027 -139.164 -152.449 67.8389 -139.164 20.0285 0 -153.766 0 -77.8317 -153.766 -229.027 -77.8317 -116.36 0 -77.8317 1 1 -77.8317 -116.36 1 1 -229.027 -139.164 -116.36 -76.1233 -139.164 20.0285 -76.1233 3.84873 -116.36 -76.1233 1 1 -76.1233 3.84873 1 1 159.573 99.2583 67.8389 129.529 99.2583 133.903 129.529 193.311 67.8389 129.529 20.0285 107.058 129.529 193.311 107.058 158.128 133.903 359.069 193.311 319.099 359.069 243.688 319.099 189.492 193.311 319.099 158.128 212.996 319.099 189.492 212.996 119.344 20.0285 107.058 3.84873 56.8443 107.058 158.128 56.8443 83.5889 3.84873 56.8443 1 1 56.8443 83.5889 1 1 158.128 212.996 83.5889 102.206 212.996 119.344 102.206 55.16 83.5889 102.206 1 1 102.206 55.16 1 1 183.968 126.44 207.27 63.2966 126.44 137.722 63.2966 44.8909 207.27 63.2966 235.902 -32.724 63.2966 44.8909 -32.724 -101.823 137.722 268.535 44.8909 257.91 268.535 299.861 257.91 352.255 44.8909 257.91 -101.823 168.39 257.91 352.255 168.39 340.463 235.902 -32.724 257.649 -123.33 -32.724 -101.823 -123.33 -236.965 257.649 -123.33 243.688 -171.716 -123.33 -236.965 -171.716 -304.473 -101.823 168.39 -236.965 44.4165 168.39 340.463 44.4165 271.27 -236.965 44.4165 -304.473 -60.0811 44.4165 271.27 -60.0811 169.445 299.861 157.792 352.255 180.782 157.792 -28.0781 180.782 -82.6053 352.255 180.782 340.463 166.748 180.782 -82.6053 166.748 -129.577 -28.0781 -60.3397 -82.6053 -142.279 -60.3397 75.1514 -142.279 39.0663 -82.6053 -142.279 -129.577 -196.345 -142.279 39.0663 -196.345 1.70609 340.463 166.748 271.27 124.097 166.748 -129.577 124.097 -156.997 271.27 124.097 169.445 69.543 124.097 -156.997 69.543 -157.117 -129.577 -196.345 -156.997 -215.052 -196.345 1.70609 -215.052 -25.2858 -156.997 -215.052 -157.117 -199.816 -215.052 -25.2858 -199.816 -37.3399 243.688 -171.716 189.492 -164.356 -171.716 -304.473 -164.356 -287.979 189.492 -164.356 119.344 -117.777 -164.356 -287.979 -117.777 -209.502 -304.473 -60.0811 -287.979 -108.061 -60.0811 169.445 -108.061 78.5327 -287.979 -108.061 -209.502 -98.6177 -108.061 78.5327 -98.6177 24.5082 119.344 -117.777 55.16 -58.0241 -117.777 -209.502 -58.0241 -105.308 55.16 -58.0241 1 1 -58.0241 -105.308 1 1 -209.502 -98.6177 -105.308 -54.8089 -98.6177 24.5082 -54.8089 3.97166 -105.308 -54.8089 1 1 -54.8089 3.97166 1 1 169.445 69.543 78.5327 24.8286 69.543 -157.117 24.8286 -131.926 78.5327 24.8286 24.5082 1.47073 24.8286 -131.926 1.47073 -91.0099 -157.117 -199.816 -131.926 -159.662 -199.816 -37.3399 -159.662 -35.8267 -131.926 -159.662 -91.0099 -106.995 -159.662 -35.8267 -106.995 -25.7546 24.5082 1.47073 3.97166 -3.58546 1.47073 -91.0099 -3.58546 -45.0151 3.97166 -3.58546 1 1 -3.58546 -45.0151 1 1 -91.0099 -106.995 -45.0151 -52.2643 -106.995 -25.7546 -52.2643 -12.7372 -45.0151 -52.2643 1 1 -52.2643 -12.7372 1 1 75.1514 205.706 39.0663 225.137 205.706 199.506 225.137 237.203 39.0663 225.137 1.70609 202.977 225.137 237.203 202.977 235.125 199.506 86.9842 237.203 111.248 86.9842 -48.3864 111.248 -64.607 237.203 111.248 235.125 122.298 111.248 -64.607 122.298 -70.4867 1.70609 202.977 -25.2858 170.631 202.977 235.125 170.631 223.506 -25.2858 170.631 -37.3399 144.388 170.631 223.506 144.388 212.473 235.125 122.298 223.506 125.969 122.298 -70.4867 125.969 -67.3537 223.506 125.969 212.473 122.42 125.969 -67.3537 122.42 -57.3366 -48.3864 -127.62 -64.607 -179.019 -127.62 -118.056 -179.019 -179.606 -64.607 -179.019 -70.4867 -204.074 -179.019 -179.606 -204.074 -212.282 -118.056 -39.245 -179.606 -93.2764 -39.245 82.4239 -93.2764 62.5773 -179.606 -93.2764 -212.282 -126.377 -93.2764 62.5773 -126.377 37.467 -70.4867 -204.074 -67.3537 -202.6 -204.074 -212.282 -202.6 -215.939 -67.3537 -202.6 -57.3366 -178.747 -202.6 -215.939 -178.747 -194.374 -212.282 -126.377 -215.939 -136.92 -126.377 37.467 -136.92 15.3725 -215.939 -136.92 -194.374 -127.547 -136.92 15.3725 -127.547 0.768386 -37.3399 144.388 -35.8267 117.763 144.388 212.473 117.763 185.838 -35.8267 117.763 -25.7546 82.93 117.763 185.838 82.93 134.245 212.473 122.42 185.838 106.418 122.42 -57.3366 106.418 -42.9429 185.838 106.418 134.245 76.7845 106.418 -42.9429 76.7845 -27.1772 -25.7546 82.93 -12.7372 41.9547 82.93 134.245 41.9547 67.9539 -12.7372 41.9547 1 1 41.9547 67.9539 1 1 134.245 76.7845 67.9539 39.2187 76.7845 -27.1772 39.2187 -12.6287 67.9539 39.2187 1 1 39.2187 -12.6287 1 1 -57.3366 -178.747 -42.9429 -139.885 -178.747 -194.374 -139.885 -154.75 -42.9429 -139.885 -27.1772 -93.8262 -139.885 -154.75 -93.8262 -105.287 -194.374 -127.547 -154.75 -103.605 -127.547 0.768386 -103.605 -5.83517 -154.75 -103.605 -105.287 -71.2652 -103.605 -5.83517 -71.2652 -6.41201 -27.1772 -93.8262 -12.6287 -46.3802 -93.8262 -105.287 -46.3802 -52.6 -12.6287 -46.3802 1 1 -46.3802 -52.6 1 1 -105.287 -71.2652 -52.6 -35.7436 -71.2652 -6.41201 -35.7436 -3.71367 -52.6 -35.7436 1 1 -35.7436 -3.71367 1 1 82.4239 159.867 62.5773 178.545 159.867 123.084 178.545 119.421 62.5773 178.545 37.467 171.671 178.545 119.421 171.671 112.804 123.084 113.056 119.421 102.72 113.056 161.64 102.72 195.244 119.421 102.72 112.804 94.9379 102.72 195.244 94.9379 202.559 37.467 171.671 15.3725 148.71 171.671 112.804 148.71 110.609 15.3725 148.71 0.768386 118.576 148.71 110.609 118.576 108.325 112.804 94.9379 110.609 97.1236 94.9379 202.559 97.1236 187.385 110.609 97.1236 108.325 101.881 97.1236 187.385 101.881 157.484 161.64 119.3 195.244 146.215 119.3 26.8223 146.215 17.1257 195.244 146.215 202.559 148.286 146.215 17.1257 148.286 4.50547 26.8223 -4.78558 17.1257 -19.4269 -4.78558 0 -19.4269 0 17.1257 -19.4269 4.50547 -29.7157 -19.4269 0 -29.7157 0 202.559 148.286 187.385 128.685 148.286 4.50547 128.685 -6.47716 187.385 128.685 157.484 98.5117 128.685 -6.47716 98.5117 -11.873 4.50547 -29.7157 -6.47716 -33.8543 -29.7157 0 -33.8543 0 -6.47716 -33.8543 -11.873 -31.6563 -33.8543 0 -31.6563 0 0.768386 118.576 -5.83517 86.6452 118.576 108.325 86.6452 96.4165 -5.83517 86.6452 -6.41201 55.6383 86.6452 96.4165 55.6383 71.3182 108.325 101.881 96.4165 95.9416 101.881 157.484 95.9416 119.912 96.4165 95.9416 71.3182 73.6173 95.9416 119.912 73.6173 79.4989 -6.41201 55.6383 -3.71367 26.8235 55.6383 71.3182 26.8235 37.1962 -3.71367 26.8235 1 1 26.8235 37.1962 1 1 71.3182 73.6173 37.1962 39.2022 73.6173 79.4989 39.2022 39.1925 37.1962 39.2022 1 1 39.2022 39.1925 1 1 157.484 98.5117 119.912 68.38 98.5117 -11.873 68.38 -11.0369 119.912 68.38 79.4989 42.7409 68.38 -11.0369 42.7409 -6.70492 -11.873 -31.6563 -11.0369 -24.8306 -31.6563 0 -24.8306 0 -11.0369 -24.8306 -6.70492 -16.045 -24.8306 0 -16.045 0 79.4989 42.7409 39.1925 20.7348 42.7409 -6.70492 20.7348 -2.47903 39.1925 20.7348 1 1 20.7348 -2.47903 1 1 -6.70492 -16.045 -2.47903 -7.51626 -16.045 0 -7.51626 0 -2.47903 -7.51626 1 1 -7.51626 0 1 1 
