# vtk DataFile Version 3.0
#This file was generated by the deal.II library on 2025/2/5 at 9:12:49
ASCII
DATASET UNSTRUCTURED_GRID

POINTS 4096 double
-5 -2 0
-4.6875 -2 0
-5 -1.875 0
-4.6875 -1.875 0
-4.6875 -2 0
-4.375 -2 0
-4.6875 -1.875 0
-4.375 -1.875 0
-5 -1.875 0
-4.6875 -1.875 0
-5 -1.75 0
-4.6875 -1.75 0
-4.6875 -1.875 0
-4.375 -1.875 0
-4.6875 -1.75 0
-4.375 -1.75 0
-4.375 -2 0
-4.0625 -2 0
-4.375 -1.875 0
-4.0625 -1.875 0
-4.0625 -2 0
-3.75 -2 0
-4.0625 -1.875 0
-3.75 -1.875 0
-4.375 -1.875 0
-4.0625 -1.875 0
-4.375 -1.75 0
-4.0625 -1.75 0
-4.0625 -1.875 0
-3.75 -1.875 0
-4.0625 -1.75 0
-3.75 -1.75 0
-5 -1.75 0
-4.6875 -1.75 0
-5 -1.625 0
-4.6875 -1.625 0
-4.6875 -1.75 0
-4.375 -1.75 0
-4.6875 -1.625 0
-4.375 -1.625 0
-5 -1.625 0
-4.6875 -1.625 0
-5 -1.5 0
-4.6875 -1.5 0
-4.6875 -1.625 0
-4.375 -1.625 0
-4.6875 -1.5 0
-4.375 -1.5 0
-4.375 -1.75 0
-4.0625 -1.75 0
-4.375 -1.625 0
-4.0625 -1.625 0
-4.0625 -1.75 0
-3.75 -1.75 0
-4.0625 -1.625 0
-3.75 -1.625 0
-4.375 -1.625 0
-4.0625 -1.625 0
-4.375 -1.5 0
-4.0625 -1.5 0
-4.0625 -1.625 0
-3.75 -1.625 0
-4.0625 -1.5 0
-3.75 -1.5 0
-3.75 -2 0
-3.4375 -2 0
-3.75 -1.875 0
-3.4375 -1.875 0
-3.4375 -2 0
-3.125 -2 0
-3.4375 -1.875 0
-3.125 -1.875 0
-3.75 -1.875 0
-3.4375 -1.875 0
-3.75 -1.75 0
-3.4375 -1.75 0
-3.4375 -1.875 0
-3.125 -1.875 0
-3.4375 -1.75 0
-3.125 -1.75 0
-3.125 -2 0
-2.8125 -2 0
-3.125 -1.875 0
-2.8125 -1.875 0
-2.8125 -2 0
-2.5 -2 0
-2.8125 -1.875 0
-2.5 -1.875 0
-3.125 -1.875 0
-2.8125 -1.875 0
-3.125 -1.75 0
-2.8125 -1.75 0
-2.8125 -1.875 0
-2.5 -1.875 0
-2.8125 -1.75 0
-2.5 -1.75 0
-3.75 -1.75 0
-3.4375 -1.75 0
-3.75 -1.625 0
-3.4375 -1.625 0
-3.4375 -1.75 0
-3.125 -1.75 0
-3.4375 -1.625 0
-3.125 -1.625 0
-3.75 -1.625 0
-3.4375 -1.625 0
-3.75 -1.5 0
-3.4375 -1.5 0
-3.4375 -1.625 0
-3.125 -1.625 0
-3.4375 -1.5 0
-3.125 -1.5 0
-3.125 -1.75 0
-2.8125 -1.75 0
-3.125 -1.625 0
-2.8125 -1.625 0
-2.8125 -1.75 0
-2.5 -1.75 0
-2.8125 -1.625 0
-2.5 -1.625 0
-3.125 -1.625 0
-2.8125 -1.625 0
-3.125 -1.5 0
-2.8125 -1.5 0
-2.8125 -1.625 0
-2.5 -1.625 0
-2.8125 -1.5 0
-2.5 -1.5 0
-5 -1.5 0
-4.6875 -1.5 0
-5 -1.375 0
-4.6875 -1.375 0
-4.6875 -1.5 0
-4.375 -1.5 0
-4.6875 -1.375 0
-4.375 -1.375 0
-5 -1.375 0
-4.6875 -1.375 0
-5 -1.25 0
-4.6875 -1.25 0
-4.6875 -1.375 0
-4.375 -1.375 0
-4.6875 -1.25 0
-4.375 -1.25 0
-4.375 -1.5 0
-4.0625 -1.5 0
-4.375 -1.375 0
-4.0625 -1.375 0
-4.0625 -1.5 0
-3.75 -1.5 0
-4.0625 -1.375 0
-3.75 -1.375 0
-4.375 -1.375 0
-4.0625 -1.375 0
-4.375 -1.25 0
-4.0625 -1.25 0
-4.0625 -1.375 0
-3.75 -1.375 0
-4.0625 -1.25 0
-3.75 -1.25 0
-5 -1.25 0
-4.6875 -1.25 0
-5 -1.125 0
-4.6875 -1.125 0
-4.6875 -1.25 0
-4.375 -1.25 0
-4.6875 -1.125 0
-4.375 -1.125 0
-5 -1.125 0
-4.6875 -1.125 0
-5 -1 0
-4.6875 -1 0
-4.6875 -1.125 0
-4.375 -1.125 0
-4.6875 -1 0
-4.375 -1 0
-4.375 -1.25 0
-4.0625 -1.25 0
-4.375 -1.125 0
-4.0625 -1.125 0
-4.0625 -1.25 0
-3.75 -1.25 0
-4.0625 -1.125 0
-3.75 -1.125 0
-4.375 -1.125 0
-4.0625 -1.125 0
-4.375 -1 0
-4.0625 -1 0
-4.0625 -1.125 0
-3.75 -1.125 0
-4.0625 -1 0
-3.75 -1 0
-3.75 -1.5 0
-3.4375 -1.5 0
-3.75 -1.375 0
-3.4375 -1.375 0
-3.4375 -1.5 0
-3.125 -1.5 0
-3.4375 -1.375 0
-3.125 -1.375 0
-3.75 -1.375 0
-3.4375 -1.375 0
-3.75 -1.25 0
-3.4375 -1.25 0
-3.4375 -1.375 0
-3.125 -1.375 0
-3.4375 -1.25 0
-3.125 -1.25 0
-3.125 -1.5 0
-2.8125 -1.5 0
-3.125 -1.375 0
-2.8125 -1.375 0
-2.8125 -1.5 0
-2.5 -1.5 0
-2.8125 -1.375 0
-2.5 -1.375 0
-3.125 -1.375 0
-2.8125 -1.375 0
-3.125 -1.25 0
-2.8125 -1.25 0
-2.8125 -1.375 0
-2.5 -1.375 0
-2.8125 -1.25 0
-2.5 -1.25 0
-3.75 -1.25 0
-3.4375 -1.25 0
-3.75 -1.125 0
-3.4375 -1.125 0
-3.4375 -1.25 0
-3.125 -1.25 0
-3.4375 -1.125 0
-3.125 -1.125 0
-3.75 -1.125 0
-3.4375 -1.125 0
-3.75 -1 0
-3.4375 -1 0
-3.4375 -1.125 0
-3.125 -1.125 0
-3.4375 -1 0
-3.125 -1 0
-3.125 -1.25 0
-2.8125 -1.25 0
-3.125 -1.125 0
-2.8125 -1.125 0
-2.8125 -1.25 0
-2.5 -1.25 0
-2.8125 -1.125 0
-2.5 -1.125 0
-3.125 -1.125 0
-2.8125 -1.125 0
-3.125 -1 0
-2.8125 -1 0
-2.8125 -1.125 0
-2.5 -1.125 0
-2.8125 -1 0
-2.5 -1 0
-2.5 -2 0
-2.1875 -2 0
-2.5 -1.875 0
-2.1875 -1.875 0
-2.1875 -2 0
-1.875 -2 0
-2.1875 -1.875 0
-1.875 -1.875 0
-2.5 -1.875 0
-2.1875 -1.875 0
-2.5 -1.75 0
-2.1875 -1.75 0
-2.1875 -1.875 0
-1.875 -1.875 0
-2.1875 -1.75 0
-1.875 -1.75 0
-1.875 -2 0
-1.5625 -2 0
-1.875 -1.875 0
-1.5625 -1.875 0
-1.5625 -2 0
-1.25 -2 0
-1.5625 -1.875 0
-1.25 -1.875 0
-1.875 -1.875 0
-1.5625 -1.875 0
-1.875 -1.75 0
-1.5625 -1.75 0
-1.5625 -1.875 0
-1.25 -1.875 0
-1.5625 -1.75 0
-1.25 -1.75 0
-2.5 -1.75 0
-2.1875 -1.75 0
-2.5 -1.625 0
-2.1875 -1.625 0
-2.1875 -1.75 0
-1.875 -1.75 0
-2.1875 -1.625 0
-1.875 -1.625 0
-2.5 -1.625 0
-2.1875 -1.625 0
-2.5 -1.5 0
-2.1875 -1.5 0
-2.1875 -1.625 0
-1.875 -1.625 0
-2.1875 -1.5 0
-1.875 -1.5 0
-1.875 -1.75 0
-1.5625 -1.75 0
-1.875 -1.625 0
-1.5625 -1.625 0
-1.5625 -1.75 0
-1.25 -1.75 0
-1.5625 -1.625 0
-1.25 -1.625 0
-1.875 -1.625 0
-1.5625 -1.625 0
-1.875 -1.5 0
-1.5625 -1.5 0
-1.5625 -1.625 0
-1.25 -1.625 0
-1.5625 -1.5 0
-1.25 -1.5 0
-1.25 -2 0
-0.9375 -2 0
-1.25 -1.875 0
-0.9375 -1.875 0
-0.9375 -2 0
-0.625 -2 0
-0.9375 -1.875 0
-0.625 -1.875 0
-1.25 -1.875 0
-0.9375 -1.875 0
-1.25 -1.75 0
-0.9375 -1.75 0
-0.9375 -1.875 0
-0.625 -1.875 0
-0.9375 -1.75 0
-0.625 -1.75 0
-0.625 -2 0
-0.3125 -2 0
-0.625 -1.875 0
-0.3125 -1.875 0
-0.3125 -2 0
0 -2 0
-0.3125 -1.875 0
0 -1.875 0
-0.625 -1.875 0
-0.3125 -1.875 0
-0.625 -1.75 0
-0.3125 -1.75 0
-0.3125 -1.875 0
0 -1.875 0
-0.3125 -1.75 0
0 -1.75 0
-1.25 -1.75 0
-0.9375 -1.75 0
-1.25 -1.625 0
-0.9375 -1.625 0
-0.9375 -1.75 0
-0.625 -1.75 0
-0.9375 -1.625 0
-0.625 -1.625 0
-1.25 -1.625 0
-0.9375 -1.625 0
-1.25 -1.5 0
-0.9375 -1.5 0
-0.9375 -1.625 0
-0.625 -1.625 0
-0.9375 -1.5 0
-0.625 -1.5 0
-0.625 -1.75 0
-0.3125 -1.75 0
-0.625 -1.625 0
-0.3125 -1.625 0
-0.3125 -1.75 0
0 -1.75 0
-0.3125 -1.625 0
0 -1.625 0
-0.625 -1.625 0
-0.3125 -1.625 0
-0.625 -1.5 0
-0.3125 -1.5 0
-0.3125 -1.625 0
0 -1.625 0
-0.3125 -1.5 0
0 -1.5 0
-2.5 -1.5 0
-2.1875 -1.5 0
-2.5 -1.375 0
-2.1875 -1.375 0
-2.1875 -1.5 0
-1.875 -1.5 0
-2.1875 -1.375 0
-1.875 -1.375 0
-2.5 -1.375 0
-2.1875 -1.375 0
-2.5 -1.25 0
-2.1875 -1.25 0
-2.1875 -1.375 0
-1.875 -1.375 0
-2.1875 -1.25 0
-1.875 -1.25 0
-1.875 -1.5 0
-1.5625 -1.5 0
-1.875 -1.375 0
-1.5625 -1.375 0
-1.5625 -1.5 0
-1.25 -1.5 0
-1.5625 -1.375 0
-1.25 -1.375 0
-1.875 -1.375 0
-1.5625 -1.375 0
-1.875 -1.25 0
-1.5625 -1.25 0
-1.5625 -1.375 0
-1.25 -1.375 0
-1.5625 -1.25 0
-1.25 -1.25 0
-2.5 -1.25 0
-2.1875 -1.25 0
-2.5 -1.125 0
-2.1875 -1.125 0
-2.1875 -1.25 0
-1.875 -1.25 0
-2.1875 -1.125 0
-1.875 -1.125 0
-2.5 -1.125 0
-2.1875 -1.125 0
-2.5 -1 0
-2.1875 -1 0
-2.1875 -1.125 0
-1.875 -1.125 0
-2.1875 -1 0
-1.875 -1 0
-1.875 -1.25 0
-1.5625 -1.25 0
-1.875 -1.125 0
-1.5625 -1.125 0
-1.5625 -1.25 0
-1.25 -1.25 0
-1.5625 -1.125 0
-1.25 -1.125 0
-1.875 -1.125 0
-1.5625 -1.125 0
-1.875 -1 0
-1.5625 -1 0
-1.5625 -1.125 0
-1.25 -1.125 0
-1.5625 -1 0
-1.25 -1 0
-1.25 -1.5 0
-0.9375 -1.5 0
-1.25 -1.375 0
-0.9375 -1.375 0
-0.9375 -1.5 0
-0.625 -1.5 0
-0.9375 -1.375 0
-0.625 -1.375 0
-1.25 -1.375 0
-0.9375 -1.375 0
-1.25 -1.25 0
-0.9375 -1.25 0
-0.9375 -1.375 0
-0.625 -1.375 0
-0.9375 -1.25 0
-0.625 -1.25 0
-0.625 -1.5 0
-0.3125 -1.5 0
-0.625 -1.375 0
-0.3125 -1.375 0
-0.3125 -1.5 0
0 -1.5 0
-0.3125 -1.375 0
0 -1.375 0
-0.625 -1.375 0
-0.3125 -1.375 0
-0.625 -1.25 0
-0.3125 -1.25 0
-0.3125 -1.375 0
0 -1.375 0
-0.3125 -1.25 0
0 -1.25 0
-1.25 -1.25 0
-0.9375 -1.25 0
-1.25 -1.125 0
-0.9375 -1.125 0
-0.9375 -1.25 0
-0.625 -1.25 0
-0.9375 -1.125 0
-0.625 -1.125 0
-1.25 -1.125 0
-0.9375 -1.125 0
-1.25 -1 0
-0.9375 -1 0
-0.9375 -1.125 0
-0.625 -1.125 0
-0.9375 -1 0
-0.625 -1 0
-0.625 -1.25 0
-0.3125 -1.25 0
-0.625 -1.125 0
-0.3125 -1.125 0
-0.3125 -1.25 0
0 -1.25 0
-0.3125 -1.125 0
0 -1.125 0
-0.625 -1.125 0
-0.3125 -1.125 0
-0.625 -1 0
-0.3125 -1 0
-0.3125 -1.125 0
0 -1.125 0
-0.3125 -1 0
0 -1 0
0 -2 0
0.3125 -2 0
0 -1.875 0
0.3125 -1.875 0
0.3125 -2 0
0.625 -2 0
0.3125 -1.875 0
0.625 -1.875 0
0 -1.875 0
0.3125 -1.875 0
0 -1.75 0
0.3125 -1.75 0
0.3125 -1.875 0
0.625 -1.875 0
0.3125 -1.75 0
0.625 -1.75 0
0.625 -2 0
0.9375 -2 0
0.625 -1.875 0
0.9375 -1.875 0
0.9375 -2 0
1.25 -2 0
0.9375 -1.875 0
1.25 -1.875 0
0.625 -1.875 0
0.9375 -1.875 0
0.625 -1.75 0
0.9375 -1.75 0
0.9375 -1.875 0
1.25 -1.875 0
0.9375 -1.75 0
1.25 -1.75 0
0 -1.75 0
0.3125 -1.75 0
0 -1.625 0
0.3125 -1.625 0
0.3125 -1.75 0
0.625 -1.75 0
0.3125 -1.625 0
0.625 -1.625 0
0 -1.625 0
0.3125 -1.625 0
0 -1.5 0
0.3125 -1.5 0
0.3125 -1.625 0
0.625 -1.625 0
0.3125 -1.5 0
0.625 -1.5 0
0.625 -1.75 0
0.9375 -1.75 0
0.625 -1.625 0
0.9375 -1.625 0
0.9375 -1.75 0
1.25 -1.75 0
0.9375 -1.625 0
1.25 -1.625 0
0.625 -1.625 0
0.9375 -1.625 0
0.625 -1.5 0
0.9375 -1.5 0
0.9375 -1.625 0
1.25 -1.625 0
0.9375 -1.5 0
1.25 -1.5 0
1.25 -2 0
1.5625 -2 0
1.25 -1.875 0
1.5625 -1.875 0
1.5625 -2 0
1.875 -2 0
1.5625 -1.875 0
1.875 -1.875 0
1.25 -1.875 0
1.5625 -1.875 0
1.25 -1.75 0
1.5625 -1.75 0
1.5625 -1.875 0
1.875 -1.875 0
1.5625 -1.75 0
1.875 -1.75 0
1.875 -2 0
2.1875 -2 0
1.875 -1.875 0
2.1875 -1.875 0
2.1875 -2 0
2.5 -2 0
2.1875 -1.875 0
2.5 -1.875 0
1.875 -1.875 0
2.1875 -1.875 0
1.875 -1.75 0
2.1875 -1.75 0
2.1875 -1.875 0
2.5 -1.875 0
2.1875 -1.75 0
2.5 -1.75 0
1.25 -1.75 0
1.5625 -1.75 0
1.25 -1.625 0
1.5625 -1.625 0
1.5625 -1.75 0
1.875 -1.75 0
1.5625 -1.625 0
1.875 -1.625 0
1.25 -1.625 0
1.5625 -1.625 0
1.25 -1.5 0
1.5625 -1.5 0
1.5625 -1.625 0
1.875 -1.625 0
1.5625 -1.5 0
1.875 -1.5 0
1.875 -1.75 0
2.1875 -1.75 0
1.875 -1.625 0
2.1875 -1.625 0
2.1875 -1.75 0
2.5 -1.75 0
2.1875 -1.625 0
2.5 -1.625 0
1.875 -1.625 0
2.1875 -1.625 0
1.875 -1.5 0
2.1875 -1.5 0
2.1875 -1.625 0
2.5 -1.625 0
2.1875 -1.5 0
2.5 -1.5 0
0 -1.5 0
0.3125 -1.5 0
0 -1.375 0
0.3125 -1.375 0
0.3125 -1.5 0
0.625 -1.5 0
0.3125 -1.375 0
0.625 -1.375 0
0 -1.375 0
0.3125 -1.375 0
0 -1.25 0
0.3125 -1.25 0
0.3125 -1.375 0
0.625 -1.375 0
0.3125 -1.25 0
0.625 -1.25 0
0.625 -1.5 0
0.9375 -1.5 0
0.625 -1.375 0
0.9375 -1.375 0
0.9375 -1.5 0
1.25 -1.5 0
0.9375 -1.375 0
1.25 -1.375 0
0.625 -1.375 0
0.9375 -1.375 0
0.625 -1.25 0
0.9375 -1.25 0
0.9375 -1.375 0
1.25 -1.375 0
0.9375 -1.25 0
1.25 -1.25 0
0 -1.25 0
0.3125 -1.25 0
0 -1.125 0
0.3125 -1.125 0
0.3125 -1.25 0
0.625 -1.25 0
0.3125 -1.125 0
0.625 -1.125 0
0 -1.125 0
0.3125 -1.125 0
0 -1 0
0.3125 -1 0
0.3125 -1.125 0
0.625 -1.125 0
0.3125 -1 0
0.625 -1 0
0.625 -1.25 0
0.9375 -1.25 0
0.625 -1.125 0
0.9375 -1.125 0
0.9375 -1.25 0
1.25 -1.25 0
0.9375 -1.125 0
1.25 -1.125 0
0.625 -1.125 0
0.9375 -1.125 0
0.625 -1 0
0.9375 -1 0
0.9375 -1.125 0
1.25 -1.125 0
0.9375 -1 0
1.25 -1 0
1.25 -1.5 0
1.5625 -1.5 0
1.25 -1.375 0
1.5625 -1.375 0
1.5625 -1.5 0
1.875 -1.5 0
1.5625 -1.375 0
1.875 -1.375 0
1.25 -1.375 0
1.5625 -1.375 0
1.25 -1.25 0
1.5625 -1.25 0
1.5625 -1.375 0
1.875 -1.375 0
1.5625 -1.25 0
1.875 -1.25 0
1.875 -1.5 0
2.1875 -1.5 0
1.875 -1.375 0
2.1875 -1.375 0
2.1875 -1.5 0
2.5 -1.5 0
2.1875 -1.375 0
2.5 -1.375 0
1.875 -1.375 0
2.1875 -1.375 0
1.875 -1.25 0
2.1875 -1.25 0
2.1875 -1.375 0
2.5 -1.375 0
2.1875 -1.25 0
2.5 -1.25 0
1.25 -1.25 0
1.5625 -1.25 0
1.25 -1.125 0
1.5625 -1.125 0
1.5625 -1.25 0
1.875 -1.25 0
1.5625 -1.125 0
1.875 -1.125 0
1.25 -1.125 0
1.5625 -1.125 0
1.25 -1 0
1.5625 -1 0
1.5625 -1.125 0
1.875 -1.125 0
1.5625 -1 0
1.875 -1 0
1.875 -1.25 0
2.1875 -1.25 0
1.875 -1.125 0
2.1875 -1.125 0
2.1875 -1.25 0
2.5 -1.25 0
2.1875 -1.125 0
2.5 -1.125 0
1.875 -1.125 0
2.1875 -1.125 0
1.875 -1 0
2.1875 -1 0
2.1875 -1.125 0
2.5 -1.125 0
2.1875 -1 0
2.5 -1 0
2.5 -2 0
2.8125 -2 0
2.5 -1.875 0
2.8125 -1.875 0
2.8125 -2 0
3.125 -2 0
2.8125 -1.875 0
3.125 -1.875 0
2.5 -1.875 0
2.8125 -1.875 0
2.5 -1.75 0
2.8125 -1.75 0
2.8125 -1.875 0
3.125 -1.875 0
2.8125 -1.75 0
3.125 -1.75 0
3.125 -2 0
3.4375 -2 0
3.125 -1.875 0
3.4375 -1.875 0
3.4375 -2 0
3.75 -2 0
3.4375 -1.875 0
3.75 -1.875 0
3.125 -1.875 0
3.4375 -1.875 0
3.125 -1.75 0
3.4375 -1.75 0
3.4375 -1.875 0
3.75 -1.875 0
3.4375 -1.75 0
3.75 -1.75 0
2.5 -1.75 0
2.8125 -1.75 0
2.5 -1.625 0
2.8125 -1.625 0
2.8125 -1.75 0
3.125 -1.75 0
2.8125 -1.625 0
3.125 -1.625 0
2.5 -1.625 0
2.8125 -1.625 0
2.5 -1.5 0
2.8125 -1.5 0
2.8125 -1.625 0
3.125 -1.625 0
2.8125 -1.5 0
3.125 -1.5 0
3.125 -1.75 0
3.4375 -1.75 0
3.125 -1.625 0
3.4375 -1.625 0
3.4375 -1.75 0
3.75 -1.75 0
3.4375 -1.625 0
3.75 -1.625 0
3.125 -1.625 0
3.4375 -1.625 0
3.125 -1.5 0
3.4375 -1.5 0
3.4375 -1.625 0
3.75 -1.625 0
3.4375 -1.5 0
3.75 -1.5 0
3.75 -2 0
4.0625 -2 0
3.75 -1.875 0
4.0625 -1.875 0
4.0625 -2 0
4.375 -2 0
4.0625 -1.875 0
4.375 -1.875 0
3.75 -1.875 0
4.0625 -1.875 0
3.75 -1.75 0
4.0625 -1.75 0
4.0625 -1.875 0
4.375 -1.875 0
4.0625 -1.75 0
4.375 -1.75 0
4.375 -2 0
4.6875 -2 0
4.375 -1.875 0
4.6875 -1.875 0
4.6875 -2 0
5 -2 0
4.6875 -1.875 0
5 -1.875 0
4.375 -1.875 0
4.6875 -1.875 0
4.375 -1.75 0
4.6875 -1.75 0
4.6875 -1.875 0
5 -1.875 0
4.6875 -1.75 0
5 -1.75 0
3.75 -1.75 0
4.0625 -1.75 0
3.75 -1.625 0
4.0625 -1.625 0
4.0625 -1.75 0
4.375 -1.75 0
4.0625 -1.625 0
4.375 -1.625 0
3.75 -1.625 0
4.0625 -1.625 0
3.75 -1.5 0
4.0625 -1.5 0
4.0625 -1.625 0
4.375 -1.625 0
4.0625 -1.5 0
4.375 -1.5 0
4.375 -1.75 0
4.6875 -1.75 0
4.375 -1.625 0
4.6875 -1.625 0
4.6875 -1.75 0
5 -1.75 0
4.6875 -1.625 0
5 -1.625 0
4.375 -1.625 0
4.6875 -1.625 0
4.375 -1.5 0
4.6875 -1.5 0
4.6875 -1.625 0
5 -1.625 0
4.6875 -1.5 0
5 -1.5 0
2.5 -1.5 0
2.8125 -1.5 0
2.5 -1.375 0
2.8125 -1.375 0
2.8125 -1.5 0
3.125 -1.5 0
2.8125 -1.375 0
3.125 -1.375 0
2.5 -1.375 0
2.8125 -1.375 0
2.5 -1.25 0
2.8125 -1.25 0
2.8125 -1.375 0
3.125 -1.375 0
2.8125 -1.25 0
3.125 -1.25 0
3.125 -1.5 0
3.4375 -1.5 0
3.125 -1.375 0
3.4375 -1.375 0
3.4375 -1.5 0
3.75 -1.5 0
3.4375 -1.375 0
3.75 -1.375 0
3.125 -1.375 0
3.4375 -1.375 0
3.125 -1.25 0
3.4375 -1.25 0
3.4375 -1.375 0
3.75 -1.375 0
3.4375 -1.25 0
3.75 -1.25 0
2.5 -1.25 0
2.8125 -1.25 0
2.5 -1.125 0
2.8125 -1.125 0
2.8125 -1.25 0
3.125 -1.25 0
2.8125 -1.125 0
3.125 -1.125 0
2.5 -1.125 0
2.8125 -1.125 0
2.5 -1 0
2.8125 -1 0
2.8125 -1.125 0
3.125 -1.125 0
2.8125 -1 0
3.125 -1 0
3.125 -1.25 0
3.4375 -1.25 0
3.125 -1.125 0
3.4375 -1.125 0
3.4375 -1.25 0
3.75 -1.25 0
3.4375 -1.125 0
3.75 -1.125 0
3.125 -1.125 0
3.4375 -1.125 0
3.125 -1 0
3.4375 -1 0
3.4375 -1.125 0
3.75 -1.125 0
3.4375 -1 0
3.75 -1 0
3.75 -1.5 0
4.0625 -1.5 0
3.75 -1.375 0
4.0625 -1.375 0
4.0625 -1.5 0
4.375 -1.5 0
4.0625 -1.375 0
4.375 -1.375 0
3.75 -1.375 0
4.0625 -1.375 0
3.75 -1.25 0
4.0625 -1.25 0
4.0625 -1.375 0
4.375 -1.375 0
4.0625 -1.25 0
4.375 -1.25 0
4.375 -1.5 0
4.6875 -1.5 0
4.375 -1.375 0
4.6875 -1.375 0
4.6875 -1.5 0
5 -1.5 0
4.6875 -1.375 0
5 -1.375 0
4.375 -1.375 0
4.6875 -1.375 0
4.375 -1.25 0
4.6875 -1.25 0
4.6875 -1.375 0
5 -1.375 0
4.6875 -1.25 0
5 -1.25 0
3.75 -1.25 0
4.0625 -1.25 0
3.75 -1.125 0
4.0625 -1.125 0
4.0625 -1.25 0
4.375 -1.25 0
4.0625 -1.125 0
4.375 -1.125 0
3.75 -1.125 0
4.0625 -1.125 0
3.75 -1 0
4.0625 -1 0
4.0625 -1.125 0
4.375 -1.125 0
4.0625 -1 0
4.375 -1 0
4.375 -1.25 0
4.6875 -1.25 0
4.375 -1.125 0
4.6875 -1.125 0
4.6875 -1.25 0
5 -1.25 0
4.6875 -1.125 0
5 -1.125 0
4.375 -1.125 0
4.6875 -1.125 0
4.375 -1 0
4.6875 -1 0
4.6875 -1.125 0
5 -1.125 0
4.6875 -1 0
5 -1 0
-5 -1 0
-4.6875 -1 0
-5 -0.875 0
-4.6875 -0.875 0
-4.6875 -1 0
-4.375 -1 0
-4.6875 -0.875 0
-4.375 -0.875 0
-5 -0.875 0
-4.6875 -0.875 0
-5 -0.75 0
-4.6875 -0.75 0
-4.6875 -0.875 0
-4.375 -0.875 0
-4.6875 -0.75 0
-4.375 -0.75 0
-4.375 -1 0
-4.0625 -1 0
-4.375 -0.875 0
-4.0625 -0.875 0
-4.0625 -1 0
-3.75 -1 0
-4.0625 -0.875 0
-3.75 -0.875 0
-4.375 -0.875 0
-4.0625 -0.875 0
-4.375 -0.75 0
-4.0625 -0.75 0
-4.0625 -0.875 0
-3.75 -0.875 0
-4.0625 -0.75 0
-3.75 -0.75 0
-5 -0.75 0
-4.6875 -0.75 0
-5 -0.625 0
-4.6875 -0.625 0
-4.6875 -0.75 0
-4.375 -0.75 0
-4.6875 -0.625 0
-4.375 -0.625 0
-5 -0.625 0
-4.6875 -0.625 0
-5 -0.5 0
-4.6875 -0.5 0
-4.6875 -0.625 0
-4.375 -0.625 0
-4.6875 -0.5 0
-4.375 -0.5 0
-4.375 -0.75 0
-4.0625 -0.75 0
-4.375 -0.625 0
-4.0625 -0.625 0
-4.0625 -0.75 0
-3.75 -0.75 0
-4.0625 -0.625 0
-3.75 -0.625 0
-4.375 -0.625 0
-4.0625 -0.625 0
-4.375 -0.5 0
-4.0625 -0.5 0
-4.0625 -0.625 0
-3.75 -0.625 0
-4.0625 -0.5 0
-3.75 -0.5 0
-3.75 -1 0
-3.4375 -1 0
-3.75 -0.875 0
-3.4375 -0.875 0
-3.4375 -1 0
-3.125 -1 0
-3.4375 -0.875 0
-3.125 -0.875 0
-3.75 -0.875 0
-3.4375 -0.875 0
-3.75 -0.75 0
-3.4375 -0.75 0
-3.4375 -0.875 0
-3.125 -0.875 0
-3.4375 -0.75 0
-3.125 -0.75 0
-3.125 -1 0
-2.8125 -1 0
-3.125 -0.875 0
-2.8125 -0.875 0
-2.8125 -1 0
-2.5 -1 0
-2.8125 -0.875 0
-2.5 -0.875 0
-3.125 -0.875 0
-2.8125 -0.875 0
-3.125 -0.75 0
-2.8125 -0.75 0
-2.8125 -0.875 0
-2.5 -0.875 0
-2.8125 -0.75 0
-2.5 -0.75 0
-3.75 -0.75 0
-3.4375 -0.75 0
-3.75 -0.625 0
-3.4375 -0.625 0
-3.4375 -0.75 0
-3.125 -0.75 0
-3.4375 -0.625 0
-3.125 -0.625 0
-3.75 -0.625 0
-3.4375 -0.625 0
-3.75 -0.5 0
-3.4375 -0.5 0
-3.4375 -0.625 0
-3.125 -0.625 0
-3.4375 -0.5 0
-3.125 -0.5 0
-3.125 -0.75 0
-2.8125 -0.75 0
-3.125 -0.625 0
-2.8125 -0.625 0
-2.8125 -0.75 0
-2.5 -0.75 0
-2.8125 -0.625 0
-2.5 -0.625 0
-3.125 -0.625 0
-2.8125 -0.625 0
-3.125 -0.5 0
-2.8125 -0.5 0
-2.8125 -0.625 0
-2.5 -0.625 0
-2.8125 -0.5 0
-2.5 -0.5 0
-5 -0.5 0
-4.6875 -0.5 0
-5 -0.375 0
-4.6875 -0.375 0
-4.6875 -0.5 0
-4.375 -0.5 0
-4.6875 -0.375 0
-4.375 -0.375 0
-5 -0.375 0
-4.6875 -0.375 0
-5 -0.25 0
-4.6875 -0.25 0
-4.6875 -0.375 0
-4.375 -0.375 0
-4.6875 -0.25 0
-4.375 -0.25 0
-4.375 -0.5 0
-4.0625 -0.5 0
-4.375 -0.375 0
-4.0625 -0.375 0
-4.0625 -0.5 0
-3.75 -0.5 0
-4.0625 -0.375 0
-3.75 -0.375 0
-4.375 -0.375 0
-4.0625 -0.375 0
-4.375 -0.25 0
-4.0625 -0.25 0
-4.0625 -0.375 0
-3.75 -0.375 0
-4.0625 -0.25 0
-3.75 -0.25 0
-5 -0.25 0
-4.6875 -0.25 0
-5 -0.125 0
-4.6875 -0.125 0
-4.6875 -0.25 0
-4.375 -0.25 0
-4.6875 -0.125 0
-4.375 -0.125 0
-5 -0.125 0
-4.6875 -0.125 0
-5 0 0
-4.6875 0 0
-4.6875 -0.125 0
-4.375 -0.125 0
-4.6875 0 0
-4.375 0 0
-4.375 -0.25 0
-4.0625 -0.25 0
-4.375 -0.125 0
-4.0625 -0.125 0
-4.0625 -0.25 0
-3.75 -0.25 0
-4.0625 -0.125 0
-3.75 -0.125 0
-4.375 -0.125 0
-4.0625 -0.125 0
-4.375 0 0
-4.0625 0 0
-4.0625 -0.125 0
-3.75 -0.125 0
-4.0625 0 0
-3.75 0 0
-3.75 -0.5 0
-3.4375 -0.5 0
-3.75 -0.375 0
-3.4375 -0.375 0
-3.4375 -0.5 0
-3.125 -0.5 0
-3.4375 -0.375 0
-3.125 -0.375 0
-3.75 -0.375 0
-3.4375 -0.375 0
-3.75 -0.25 0
-3.4375 -0.25 0
-3.4375 -0.375 0
-3.125 -0.375 0
-3.4375 -0.25 0
-3.125 -0.25 0
-3.125 -0.5 0
-2.8125 -0.5 0
-3.125 -0.375 0
-2.8125 -0.375 0
-2.8125 -0.5 0
-2.5 -0.5 0
-2.8125 -0.375 0
-2.5 -0.375 0
-3.125 -0.375 0
-2.8125 -0.375 0
-3.125 -0.25 0
-2.8125 -0.25 0
-2.8125 -0.375 0
-2.5 -0.375 0
-2.8125 -0.25 0
-2.5 -0.25 0
-3.75 -0.25 0
-3.4375 -0.25 0
-3.75 -0.125 0
-3.4375 -0.125 0
-3.4375 -0.25 0
-3.125 -0.25 0
-3.4375 -0.125 0
-3.125 -0.125 0
-3.75 -0.125 0
-3.4375 -0.125 0
-3.75 0 0
-3.4375 0 0
-3.4375 -0.125 0
-3.125 -0.125 0
-3.4375 0 0
-3.125 0 0
-3.125 -0.25 0
-2.8125 -0.25 0
-3.125 -0.125 0
-2.8125 -0.125 0
-2.8125 -0.25 0
-2.5 -0.25 0
-2.8125 -0.125 0
-2.5 -0.125 0
-3.125 -0.125 0
-2.8125 -0.125 0
-3.125 0 0
-2.8125 0 0
-2.8125 -0.125 0
-2.5 -0.125 0
-2.8125 0 0
-2.5 0 0
-2.5 -1 0
-2.1875 -1 0
-2.5 -0.875 0
-2.1875 -0.875 0
-2.1875 -1 0
-1.875 -1 0
-2.1875 -0.875 0
-1.875 -0.875 0
-2.5 -0.875 0
-2.1875 -0.875 0
-2.5 -0.75 0
-2.1875 -0.75 0
-2.1875 -0.875 0
-1.875 -0.875 0
-2.1875 -0.75 0
-1.875 -0.75 0
-1.875 -1 0
-1.5625 -1 0
-1.875 -0.875 0
-1.5625 -0.875 0
-1.5625 -1 0
-1.25 -1 0
-1.5625 -0.875 0
-1.25 -0.875 0
-1.875 -0.875 0
-1.5625 -0.875 0
-1.875 -0.75 0
-1.5625 -0.75 0
-1.5625 -0.875 0
-1.25 -0.875 0
-1.5625 -0.75 0
-1.25 -0.75 0
-2.5 -0.75 0
-2.1875 -0.75 0
-2.5 -0.625 0
-2.1875 -0.625 0
-2.1875 -0.75 0
-1.875 -0.75 0
-2.1875 -0.625 0
-1.875 -0.625 0
-2.5 -0.625 0
-2.1875 -0.625 0
-2.5 -0.5 0
-2.1875 -0.5 0
-2.1875 -0.625 0
-1.875 -0.625 0
-2.1875 -0.5 0
-1.875 -0.5 0
-1.875 -0.75 0
-1.5625 -0.75 0
-1.875 -0.625 0
-1.5625 -0.625 0
-1.5625 -0.75 0
-1.25 -0.75 0
-1.5625 -0.625 0
-1.25 -0.625 0
-1.875 -0.625 0
-1.5625 -0.625 0
-1.875 -0.5 0
-1.5625 -0.5 0
-1.5625 -0.625 0
-1.25 -0.625 0
-1.5625 -0.5 0
-1.25 -0.5 0
-1.25 -1 0
-0.9375 -1 0
-1.25 -0.875 0
-0.9375 -0.875 0
-0.9375 -1 0
-0.625 -1 0
-0.9375 -0.875 0
-0.625 -0.875 0
-1.25 -0.875 0
-0.9375 -0.875 0
-1.25 -0.75 0
-0.9375 -0.75 0
-0.9375 -0.875 0
-0.625 -0.875 0
-0.9375 -0.75 0
-0.625 -0.75 0
-0.625 -1 0
-0.3125 -1 0
-0.625 -0.875 0
-0.3125 -0.875 0
-0.3125 -1 0
0 -1 0
-0.3125 -0.875 0
0 -0.875 0
-0.625 -0.875 0
-0.3125 -0.875 0
-0.625 -0.75 0
-0.3125 -0.75 0
-0.3125 -0.875 0
0 -0.875 0
-0.3125 -0.75 0
0 -0.75 0
-1.25 -0.75 0
-0.9375 -0.75 0
-1.25 -0.625 0
-0.9375 -0.625 0
-0.9375 -0.75 0
-0.625 -0.75 0
-0.9375 -0.625 0
-0.625 -0.625 0
-1.25 -0.625 0
-0.9375 -0.625 0
-1.25 -0.5 0
-0.9375 -0.5 0
-0.9375 -0.625 0
-0.625 -0.625 0
-0.9375 -0.5 0
-0.625 -0.5 0
-0.625 -0.75 0
-0.3125 -0.75 0
-0.625 -0.625 0
-0.3125 -0.625 0
-0.3125 -0.75 0
0 -0.75 0
-0.3125 -0.625 0
0 -0.625 0
-0.625 -0.625 0
-0.3125 -0.625 0
-0.625 -0.5 0
-0.3125 -0.5 0
-0.3125 -0.625 0
0 -0.625 0
-0.3125 -0.5 0
0 -0.5 0
-2.5 -0.5 0
-2.1875 -0.5 0
-2.5 -0.375 0
-2.1875 -0.375 0
-2.1875 -0.5 0
-1.875 -0.5 0
-2.1875 -0.375 0
-1.875 -0.375 0
-2.5 -0.375 0
-2.1875 -0.375 0
-2.5 -0.25 0
-2.1875 -0.25 0
-2.1875 -0.375 0
-1.875 -0.375 0
-2.1875 -0.25 0
-1.875 -0.25 0
-1.875 -0.5 0
-1.5625 -0.5 0
-1.875 -0.375 0
-1.5625 -0.375 0
-1.5625 -0.5 0
-1.25 -0.5 0
-1.5625 -0.375 0
-1.25 -0.375 0
-1.875 -0.375 0
-1.5625 -0.375 0
-1.875 -0.25 0
-1.5625 -0.25 0
-1.5625 -0.375 0
-1.25 -0.375 0
-1.5625 -0.25 0
-1.25 -0.25 0
-2.5 -0.25 0
-2.1875 -0.25 0
-2.5 -0.125 0
-2.1875 -0.125 0
-2.1875 -0.25 0
-1.875 -0.25 0
-2.1875 -0.125 0
-1.875 -0.125 0
-2.5 -0.125 0
-2.1875 -0.125 0
-2.5 0 0
-2.1875 0 0
-2.1875 -0.125 0
-1.875 -0.125 0
-2.1875 0 0
-1.875 0 0
-1.875 -0.25 0
-1.5625 -0.25 0
-1.875 -0.125 0
-1.5625 -0.125 0
-1.5625 -0.25 0
-1.25 -0.25 0
-1.5625 -0.125 0
-1.25 -0.125 0
-1.875 -0.125 0
-1.5625 -0.125 0
-1.875 0 0
-1.5625 0 0
-1.5625 -0.125 0
-1.25 -0.125 0
-1.5625 0 0
-1.25 0 0
-1.25 -0.5 0
-0.9375 -0.5 0
-1.25 -0.375 0
-0.9375 -0.375 0
-0.9375 -0.5 0
-0.625 -0.5 0
-0.9375 -0.375 0
-0.625 -0.375 0
-1.25 -0.375 0
-0.9375 -0.375 0
-1.25 -0.25 0
-0.9375 -0.25 0
-0.9375 -0.375 0
-0.625 -0.375 0
-0.9375 -0.25 0
-0.625 -0.25 0
-0.625 -0.5 0
-0.3125 -0.5 0
-0.625 -0.375 0
-0.3125 -0.375 0
-0.3125 -0.5 0
0 -0.5 0
-0.3125 -0.375 0
0 -0.375 0
-0.625 -0.375 0
-0.3125 -0.375 0
-0.625 -0.25 0
-0.3125 -0.25 0
-0.3125 -0.375 0
0 -0.375 0
-0.3125 -0.25 0
0 -0.25 0
-1.25 -0.25 0
-0.9375 -0.25 0
-1.25 -0.125 0
-0.9375 -0.125 0
-0.9375 -0.25 0
-0.625 -0.25 0
-0.9375 -0.125 0
-0.625 -0.125 0
-1.25 -0.125 0
-0.9375 -0.125 0
-1.25 0 0
-0.9375 0 0
-0.9375 -0.125 0
-0.625 -0.125 0
-0.9375 0 0
-0.625 0 0
-0.625 -0.25 0
-0.3125 -0.25 0
-0.625 -0.125 0
-0.3125 -0.125 0
-0.3125 -0.25 0
0 -0.25 0
-0.3125 -0.125 0
0 -0.125 0
-0.625 -0.125 0
-0.3125 -0.125 0
-0.625 0 0
-0.3125 0 0
-0.3125 -0.125 0
0 -0.125 0
-0.3125 0 0
0 0 0
0 -1 0
0.3125 -1 0
0 -0.875 0
0.3125 -0.875 0
0.3125 -1 0
0.625 -1 0
0.3125 -0.875 0
0.625 -0.875 0
0 -0.875 0
0.3125 -0.875 0
0 -0.75 0
0.3125 -0.75 0
0.3125 -0.875 0
0.625 -0.875 0
0.3125 -0.75 0
0.625 -0.75 0
0.625 -1 0
0.9375 -1 0
0.625 -0.875 0
0.9375 -0.875 0
0.9375 -1 0
1.25 -1 0
0.9375 -0.875 0
1.25 -0.875 0
0.625 -0.875 0
0.9375 -0.875 0
0.625 -0.75 0
0.9375 -0.75 0
0.9375 -0.875 0
1.25 -0.875 0
0.9375 -0.75 0
1.25 -0.75 0
0 -0.75 0
0.3125 -0.75 0
0 -0.625 0
0.3125 -0.625 0
0.3125 -0.75 0
0.625 -0.75 0
0.3125 -0.625 0
0.625 -0.625 0
0 -0.625 0
0.3125 -0.625 0
0 -0.5 0
0.3125 -0.5 0
0.3125 -0.625 0
0.625 -0.625 0
0.3125 -0.5 0
0.625 -0.5 0
0.625 -0.75 0
0.9375 -0.75 0
0.625 -0.625 0
0.9375 -0.625 0
0.9375 -0.75 0
1.25 -0.75 0
0.9375 -0.625 0
1.25 -0.625 0
0.625 -0.625 0
0.9375 -0.625 0
0.625 -0.5 0
0.9375 -0.5 0
0.9375 -0.625 0
1.25 -0.625 0
0.9375 -0.5 0
1.25 -0.5 0
1.25 -1 0
1.5625 -1 0
1.25 -0.875 0
1.5625 -0.875 0
1.5625 -1 0
1.875 -1 0
1.5625 -0.875 0
1.875 -0.875 0
1.25 -0.875 0
1.5625 -0.875 0
1.25 -0.75 0
1.5625 -0.75 0
1.5625 -0.875 0
1.875 -0.875 0
1.5625 -0.75 0
1.875 -0.75 0
1.875 -1 0
2.1875 -1 0
1.875 -0.875 0
2.1875 -0.875 0
2.1875 -1 0
2.5 -1 0
2.1875 -0.875 0
2.5 -0.875 0
1.875 -0.875 0
2.1875 -0.875 0
1.875 -0.75 0
2.1875 -0.75 0
2.1875 -0.875 0
2.5 -0.875 0
2.1875 -0.75 0
2.5 -0.75 0
1.25 -0.75 0
1.5625 -0.75 0
1.25 -0.625 0
1.5625 -0.625 0
1.5625 -0.75 0
1.875 -0.75 0
1.5625 -0.625 0
1.875 -0.625 0
1.25 -0.625 0
1.5625 -0.625 0
1.25 -0.5 0
1.5625 -0.5 0
1.5625 -0.625 0
1.875 -0.625 0
1.5625 -0.5 0
1.875 -0.5 0
1.875 -0.75 0
2.1875 -0.75 0
1.875 -0.625 0
2.1875 -0.625 0
2.1875 -0.75 0
2.5 -0.75 0
2.1875 -0.625 0
2.5 -0.625 0
1.875 -0.625 0
2.1875 -0.625 0
1.875 -0.5 0
2.1875 -0.5 0
2.1875 -0.625 0
2.5 -0.625 0
2.1875 -0.5 0
2.5 -0.5 0
0 -0.5 0
0.3125 -0.5 0
0 -0.375 0
0.3125 -0.375 0
0.3125 -0.5 0
0.625 -0.5 0
0.3125 -0.375 0
0.625 -0.375 0
0 -0.375 0
0.3125 -0.375 0
0 -0.25 0
0.3125 -0.25 0
0.3125 -0.375 0
0.625 -0.375 0
0.3125 -0.25 0
0.625 -0.25 0
0.625 -0.5 0
0.9375 -0.5 0
0.625 -0.375 0
0.9375 -0.375 0
0.9375 -0.5 0
1.25 -0.5 0
0.9375 -0.375 0
1.25 -0.375 0
0.625 -0.375 0
0.9375 -0.375 0
0.625 -0.25 0
0.9375 -0.25 0
0.9375 -0.375 0
1.25 -0.375 0
0.9375 -0.25 0
1.25 -0.25 0
0 -0.25 0
0.3125 -0.25 0
0 -0.125 0
0.3125 -0.125 0
0.3125 -0.25 0
0.625 -0.25 0
0.3125 -0.125 0
0.625 -0.125 0
0 -0.125 0
0.3125 -0.125 0
0 0 0
0.3125 0 0
0.3125 -0.125 0
0.625 -0.125 0
0.3125 0 0
0.625 0 0
0.625 -0.25 0
0.9375 -0.25 0
0.625 -0.125 0
0.9375 -0.125 0
0.9375 -0.25 0
1.25 -0.25 0
0.9375 -0.125 0
1.25 -0.125 0
0.625 -0.125 0
0.9375 -0.125 0
0.625 0 0
0.9375 0 0
0.9375 -0.125 0
1.25 -0.125 0
0.9375 0 0
1.25 0 0
1.25 -0.5 0
1.5625 -0.5 0
1.25 -0.375 0
1.5625 -0.375 0
1.5625 -0.5 0
1.875 -0.5 0
1.5625 -0.375 0
1.875 -0.375 0
1.25 -0.375 0
1.5625 -0.375 0
1.25 -0.25 0
1.5625 -0.25 0
1.5625 -0.375 0
1.875 -0.375 0
1.5625 -0.25 0
1.875 -0.25 0
1.875 -0.5 0
2.1875 -0.5 0
1.875 -0.375 0
2.1875 -0.375 0
2.1875 -0.5 0
2.5 -0.5 0
2.1875 -0.375 0
2.5 -0.375 0
1.875 -0.375 0
2.1875 -0.375 0
1.875 -0.25 0
2.1875 -0.25 0
2.1875 -0.375 0
2.5 -0.375 0
2.1875 -0.25 0
2.5 -0.25 0
1.25 -0.25 0
1.5625 -0.25 0
1.25 -0.125 0
1.5625 -0.125 0
1.5625 -0.25 0
1.875 -0.25 0
1.5625 -0.125 0
1.875 -0.125 0
1.25 -0.125 0
1.5625 -0.125 0
1.25 0 0
1.5625 0 0
1.5625 -0.125 0
1.875 -0.125 0
1.5625 0 0
1.875 0 0
1.875 -0.25 0
2.1875 -0.25 0
1.875 -0.125 0
2.1875 -0.125 0
2.1875 -0.25 0
2.5 -0.25 0
2.1875 -0.125 0
2.5 -0.125 0
1.875 -0.125 0
2.1875 -0.125 0
1.875 0 0
2.1875 0 0
2.1875 -0.125 0
2.5 -0.125 0
2.1875 0 0
2.5 0 0
2.5 -1 0
2.8125 -1 0
2.5 -0.875 0
2.8125 -0.875 0
2.8125 -1 0
3.125 -1 0
2.8125 -0.875 0
3.125 -0.875 0
2.5 -0.875 0
2.8125 -0.875 0
2.5 -0.75 0
2.8125 -0.75 0
2.8125 -0.875 0
3.125 -0.875 0
2.8125 -0.75 0
3.125 -0.75 0
3.125 -1 0
3.4375 -1 0
3.125 -0.875 0
3.4375 -0.875 0
3.4375 -1 0
3.75 -1 0
3.4375 -0.875 0
3.75 -0.875 0
3.125 -0.875 0
3.4375 -0.875 0
3.125 -0.75 0
3.4375 -0.75 0
3.4375 -0.875 0
3.75 -0.875 0
3.4375 -0.75 0
3.75 -0.75 0
2.5 -0.75 0
2.8125 -0.75 0
2.5 -0.625 0
2.8125 -0.625 0
2.8125 -0.75 0
3.125 -0.75 0
2.8125 -0.625 0
3.125 -0.625 0
2.5 -0.625 0
2.8125 -0.625 0
2.5 -0.5 0
2.8125 -0.5 0
2.8125 -0.625 0
3.125 -0.625 0
2.8125 -0.5 0
3.125 -0.5 0
3.125 -0.75 0
3.4375 -0.75 0
3.125 -0.625 0
3.4375 -0.625 0
3.4375 -0.75 0
3.75 -0.75 0
3.4375 -0.625 0
3.75 -0.625 0
3.125 -0.625 0
3.4375 -0.625 0
3.125 -0.5 0
3.4375 -0.5 0
3.4375 -0.625 0
3.75 -0.625 0
3.4375 -0.5 0
3.75 -0.5 0
3.75 -1 0
4.0625 -1 0
3.75 -0.875 0
4.0625 -0.875 0
4.0625 -1 0
4.375 -1 0
4.0625 -0.875 0
4.375 -0.875 0
3.75 -0.875 0
4.0625 -0.875 0
3.75 -0.75 0
4.0625 -0.75 0
4.0625 -0.875 0
4.375 -0.875 0
4.0625 -0.75 0
4.375 -0.75 0
4.375 -1 0
4.6875 -1 0
4.375 -0.875 0
4.6875 -0.875 0
4.6875 -1 0
5 -1 0
4.6875 -0.875 0
5 -0.875 0
4.375 -0.875 0
4.6875 -0.875 0
4.375 -0.75 0
4.6875 -0.75 0
4.6875 -0.875 0
5 -0.875 0
4.6875 -0.75 0
5 -0.75 0
3.75 -0.75 0
4.0625 -0.75 0
3.75 -0.625 0
4.0625 -0.625 0
4.0625 -0.75 0
4.375 -0.75 0
4.0625 -0.625 0
4.375 -0.625 0
3.75 -0.625 0
4.0625 -0.625 0
3.75 -0.5 0
4.0625 -0.5 0
4.0625 -0.625 0
4.375 -0.625 0
4.0625 -0.5 0
4.375 -0.5 0
4.375 -0.75 0
4.6875 -0.75 0
4.375 -0.625 0
4.6875 -0.625 0
4.6875 -0.75 0
5 -0.75 0
4.6875 -0.625 0
5 -0.625 0
4.375 -0.625 0
4.6875 -0.625 0
4.375 -0.5 0
4.6875 -0.5 0
4.6875 -0.625 0
5 -0.625 0
4.6875 -0.5 0
5 -0.5 0
2.5 -0.5 0
2.8125 -0.5 0
2.5 -0.375 0
2.8125 -0.375 0
2.8125 -0.5 0
3.125 -0.5 0
2.8125 -0.375 0
3.125 -0.375 0
2.5 -0.375 0
2.8125 -0.375 0
2.5 -0.25 0
2.8125 -0.25 0
2.8125 -0.375 0
3.125 -0.375 0
2.8125 -0.25 0
3.125 -0.25 0
3.125 -0.5 0
3.4375 -0.5 0
3.125 -0.375 0
3.4375 -0.375 0
3.4375 -0.5 0
3.75 -0.5 0
3.4375 -0.375 0
3.75 -0.375 0
3.125 -0.375 0
3.4375 -0.375 0
3.125 -0.25 0
3.4375 -0.25 0
3.4375 -0.375 0
3.75 -0.375 0
3.4375 -0.25 0
3.75 -0.25 0
2.5 -0.25 0
2.8125 -0.25 0
2.5 -0.125 0
2.8125 -0.125 0
2.8125 -0.25 0
3.125 -0.25 0
2.8125 -0.125 0
3.125 -0.125 0
2.5 -0.125 0
2.8125 -0.125 0
2.5 0 0
2.8125 0 0
2.8125 -0.125 0
3.125 -0.125 0
2.8125 0 0
3.125 0 0
3.125 -0.25 0
3.4375 -0.25 0
3.125 -0.125 0
3.4375 -0.125 0
3.4375 -0.25 0
3.75 -0.25 0
3.4375 -0.125 0
3.75 -0.125 0
3.125 -0.125 0
3.4375 -0.125 0
3.125 0 0
3.4375 0 0
3.4375 -0.125 0
3.75 -0.125 0
3.4375 0 0
3.75 0 0
3.75 -0.5 0
4.0625 -0.5 0
3.75 -0.375 0
4.0625 -0.375 0
4.0625 -0.5 0
4.375 -0.5 0
4.0625 -0.375 0
4.375 -0.375 0
3.75 -0.375 0
4.0625 -0.375 0
3.75 -0.25 0
4.0625 -0.25 0
4.0625 -0.375 0
4.375 -0.375 0
4.0625 -0.25 0
4.375 -0.25 0
4.375 -0.5 0
4.6875 -0.5 0
4.375 -0.375 0
4.6875 -0.375 0
4.6875 -0.5 0
5 -0.5 0
4.6875 -0.375 0
5 -0.375 0
4.375 -0.375 0
4.6875 -0.375 0
4.375 -0.25 0
4.6875 -0.25 0
4.6875 -0.375 0
5 -0.375 0
4.6875 -0.25 0
5 -0.25 0
3.75 -0.25 0
4.0625 -0.25 0
3.75 -0.125 0
4.0625 -0.125 0
4.0625 -0.25 0
4.375 -0.25 0
4.0625 -0.125 0
4.375 -0.125 0
3.75 -0.125 0
4.0625 -0.125 0
3.75 0 0
4.0625 0 0
4.0625 -0.125 0
4.375 -0.125 0
4.0625 0 0
4.375 0 0
4.375 -0.25 0
4.6875 -0.25 0
4.375 -0.125 0
4.6875 -0.125 0
4.6875 -0.25 0
5 -0.25 0
4.6875 -0.125 0
5 -0.125 0
4.375 -0.125 0
4.6875 -0.125 0
4.375 0 0
4.6875 0 0
4.6875 -0.125 0
5 -0.125 0
4.6875 0 0
5 0 0
-5 0 0
-4.6875 0 0
-5 0.125 0
-4.6875 0.125 0
-4.6875 0 0
-4.375 0 0
-4.6875 0.125 0
-4.375 0.125 0
-5 0.125 0
-4.6875 0.125 0
-5 0.25 0
-4.6875 0.25 0
-4.6875 0.125 0
-4.375 0.125 0
-4.6875 0.25 0
-4.375 0.25 0
-4.375 0 0
-4.0625 0 0
-4.375 0.125 0
-4.0625 0.125 0
-4.0625 0 0
-3.75 0 0
-4.0625 0.125 0
-3.75 0.125 0
-4.375 0.125 0
-4.0625 0.125 0
-4.375 0.25 0
-4.0625 0.25 0
-4.0625 0.125 0
-3.75 0.125 0
-4.0625 0.25 0
-3.75 0.25 0
-5 0.25 0
-4.6875 0.25 0
-5 0.375 0
-4.6875 0.375 0
-4.6875 0.25 0
-4.375 0.25 0
-4.6875 0.375 0
-4.375 0.375 0
-5 0.375 0
-4.6875 0.375 0
-5 0.5 0
-4.6875 0.5 0
-4.6875 0.375 0
-4.375 0.375 0
-4.6875 0.5 0
-4.375 0.5 0
-4.375 0.25 0
-4.0625 0.25 0
-4.375 0.375 0
-4.0625 0.375 0
-4.0625 0.25 0
-3.75 0.25 0
-4.0625 0.375 0
-3.75 0.375 0
-4.375 0.375 0
-4.0625 0.375 0
-4.375 0.5 0
-4.0625 0.5 0
-4.0625 0.375 0
-3.75 0.375 0
-4.0625 0.5 0
-3.75 0.5 0
-3.75 0 0
-3.4375 0 0
-3.75 0.125 0
-3.4375 0.125 0
-3.4375 0 0
-3.125 0 0
-3.4375 0.125 0
-3.125 0.125 0
-3.75 0.125 0
-3.4375 0.125 0
-3.75 0.25 0
-3.4375 0.25 0
-3.4375 0.125 0
-3.125 0.125 0
-3.4375 0.25 0
-3.125 0.25 0
-3.125 0 0
-2.8125 0 0
-3.125 0.125 0
-2.8125 0.125 0
-2.8125 0 0
-2.5 0 0
-2.8125 0.125 0
-2.5 0.125 0
-3.125 0.125 0
-2.8125 0.125 0
-3.125 0.25 0
-2.8125 0.25 0
-2.8125 0.125 0
-2.5 0.125 0
-2.8125 0.25 0
-2.5 0.25 0
-3.75 0.25 0
-3.4375 0.25 0
-3.75 0.375 0
-3.4375 0.375 0
-3.4375 0.25 0
-3.125 0.25 0
-3.4375 0.375 0
-3.125 0.375 0
-3.75 0.375 0
-3.4375 0.375 0
-3.75 0.5 0
-3.4375 0.5 0
-3.4375 0.375 0
-3.125 0.375 0
-3.4375 0.5 0
-3.125 0.5 0
-3.125 0.25 0
-2.8125 0.25 0
-3.125 0.375 0
-2.8125 0.375 0
-2.8125 0.25 0
-2.5 0.25 0
-2.8125 0.375 0
-2.5 0.375 0
-3.125 0.375 0
-2.8125 0.375 0
-3.125 0.5 0
-2.8125 0.5 0
-2.8125 0.375 0
-2.5 0.375 0
-2.8125 0.5 0
-2.5 0.5 0
-5 0.5 0
-4.6875 0.5 0
-5 0.625 0
-4.6875 0.625 0
-4.6875 0.5 0
-4.375 0.5 0
-4.6875 0.625 0
-4.375 0.625 0
-5 0.625 0
-4.6875 0.625 0
-5 0.75 0
-4.6875 0.75 0
-4.6875 0.625 0
-4.375 0.625 0
-4.6875 0.75 0
-4.375 0.75 0
-4.375 0.5 0
-4.0625 0.5 0
-4.375 0.625 0
-4.0625 0.625 0
-4.0625 0.5 0
-3.75 0.5 0
-4.0625 0.625 0
-3.75 0.625 0
-4.375 0.625 0
-4.0625 0.625 0
-4.375 0.75 0
-4.0625 0.75 0
-4.0625 0.625 0
-3.75 0.625 0
-4.0625 0.75 0
-3.75 0.75 0
-5 0.75 0
-4.6875 0.75 0
-5 0.875 0
-4.6875 0.875 0
-4.6875 0.75 0
-4.375 0.75 0
-4.6875 0.875 0
-4.375 0.875 0
-5 0.875 0
-4.6875 0.875 0
-5 1 0
-4.6875 1 0
-4.6875 0.875 0
-4.375 0.875 0
-4.6875 1 0
-4.375 1 0
-4.375 0.75 0
-4.0625 0.75 0
-4.375 0.875 0
-4.0625 0.875 0
-4.0625 0.75 0
-3.75 0.75 0
-4.0625 0.875 0
-3.75 0.875 0
-4.375 0.875 0
-4.0625 0.875 0
-4.375 1 0
-4.0625 1 0
-4.0625 0.875 0
-3.75 0.875 0
-4.0625 1 0
-3.75 1 0
-3.75 0.5 0
-3.4375 0.5 0
-3.75 0.625 0
-3.4375 0.625 0
-3.4375 0.5 0
-3.125 0.5 0
-3.4375 0.625 0
-3.125 0.625 0
-3.75 0.625 0
-3.4375 0.625 0
-3.75 0.75 0
-3.4375 0.75 0
-3.4375 0.625 0
-3.125 0.625 0
-3.4375 0.75 0
-3.125 0.75 0
-3.125 0.5 0
-2.8125 0.5 0
-3.125 0.625 0
-2.8125 0.625 0
-2.8125 0.5 0
-2.5 0.5 0
-2.8125 0.625 0
-2.5 0.625 0
-3.125 0.625 0
-2.8125 0.625 0
-3.125 0.75 0
-2.8125 0.75 0
-2.8125 0.625 0
-2.5 0.625 0
-2.8125 0.75 0
-2.5 0.75 0
-3.75 0.75 0
-3.4375 0.75 0
-3.75 0.875 0
-3.4375 0.875 0
-3.4375 0.75 0
-3.125 0.75 0
-3.4375 0.875 0
-3.125 0.875 0
-3.75 0.875 0
-3.4375 0.875 0
-3.75 1 0
-3.4375 1 0
-3.4375 0.875 0
-3.125 0.875 0
-3.4375 1 0
-3.125 1 0
-3.125 0.75 0
-2.8125 0.75 0
-3.125 0.875 0
-2.8125 0.875 0
-2.8125 0.75 0
-2.5 0.75 0
-2.8125 0.875 0
-2.5 0.875 0
-3.125 0.875 0
-2.8125 0.875 0
-3.125 1 0
-2.8125 1 0
-2.8125 0.875 0
-2.5 0.875 0
-2.8125 1 0
-2.5 1 0
-2.5 0 0
-2.1875 0 0
-2.5 0.125 0
-2.1875 0.125 0
-2.1875 0 0
-1.875 0 0
-2.1875 0.125 0
-1.875 0.125 0
-2.5 0.125 0
-2.1875 0.125 0
-2.5 0.25 0
-2.1875 0.25 0
-2.1875 0.125 0
-1.875 0.125 0
-2.1875 0.25 0
-1.875 0.25 0
-1.875 0 0
-1.5625 0 0
-1.875 0.125 0
-1.5625 0.125 0
-1.5625 0 0
-1.25 0 0
-1.5625 0.125 0
-1.25 0.125 0
-1.875 0.125 0
-1.5625 0.125 0
-1.875 0.25 0
-1.5625 0.25 0
-1.5625 0.125 0
-1.25 0.125 0
-1.5625 0.25 0
-1.25 0.25 0
-2.5 0.25 0
-2.1875 0.25 0
-2.5 0.375 0
-2.1875 0.375 0
-2.1875 0.25 0
-1.875 0.25 0
-2.1875 0.375 0
-1.875 0.375 0
-2.5 0.375 0
-2.1875 0.375 0
-2.5 0.5 0
-2.1875 0.5 0
-2.1875 0.375 0
-1.875 0.375 0
-2.1875 0.5 0
-1.875 0.5 0
-1.875 0.25 0
-1.5625 0.25 0
-1.875 0.375 0
-1.5625 0.375 0
-1.5625 0.25 0
-1.25 0.25 0
-1.5625 0.375 0
-1.25 0.375 0
-1.875 0.375 0
-1.5625 0.375 0
-1.875 0.5 0
-1.5625 0.5 0
-1.5625 0.375 0
-1.25 0.375 0
-1.5625 0.5 0
-1.25 0.5 0
-1.25 0 0
-0.9375 0 0
-1.25 0.125 0
-0.9375 0.125 0
-0.9375 0 0
-0.625 0 0
-0.9375 0.125 0
-0.625 0.125 0
-1.25 0.125 0
-0.9375 0.125 0
-1.25 0.25 0
-0.9375 0.25 0
-0.9375 0.125 0
-0.625 0.125 0
-0.9375 0.25 0
-0.625 0.25 0
-0.625 0 0
-0.3125 0 0
-0.625 0.125 0
-0.3125 0.125 0
-0.3125 0 0
0 0 0
-0.3125 0.125 0
0 0.125 0
-0.625 0.125 0
-0.3125 0.125 0
-0.625 0.25 0
-0.3125 0.25 0
-0.3125 0.125 0
0 0.125 0
-0.3125 0.25 0
0 0.25 0
-1.25 0.25 0
-0.9375 0.25 0
-1.25 0.375 0
-0.9375 0.375 0
-0.9375 0.25 0
-0.625 0.25 0
-0.9375 0.375 0
-0.625 0.375 0
-1.25 0.375 0
-0.9375 0.375 0
-1.25 0.5 0
-0.9375 0.5 0
-0.9375 0.375 0
-0.625 0.375 0
-0.9375 0.5 0
-0.625 0.5 0
-0.625 0.25 0
-0.3125 0.25 0
-0.625 0.375 0
-0.3125 0.375 0
-0.3125 0.25 0
0 0.25 0
-0.3125 0.375 0
0 0.375 0
-0.625 0.375 0
-0.3125 0.375 0
-0.625 0.5 0
-0.3125 0.5 0
-0.3125 0.375 0
0 0.375 0
-0.3125 0.5 0
0 0.5 0
-2.5 0.5 0
-2.1875 0.5 0
-2.5 0.625 0
-2.1875 0.625 0
-2.1875 0.5 0
-1.875 0.5 0
-2.1875 0.625 0
-1.875 0.625 0
-2.5 0.625 0
-2.1875 0.625 0
-2.5 0.75 0
-2.1875 0.75 0
-2.1875 0.625 0
-1.875 0.625 0
-2.1875 0.75 0
-1.875 0.75 0
-1.875 0.5 0
-1.5625 0.5 0
-1.875 0.625 0
-1.5625 0.625 0
-1.5625 0.5 0
-1.25 0.5 0
-1.5625 0.625 0
-1.25 0.625 0
-1.875 0.625 0
-1.5625 0.625 0
-1.875 0.75 0
-1.5625 0.75 0
-1.5625 0.625 0
-1.25 0.625 0
-1.5625 0.75 0
-1.25 0.75 0
-2.5 0.75 0
-2.1875 0.75 0
-2.5 0.875 0
-2.1875 0.875 0
-2.1875 0.75 0
-1.875 0.75 0
-2.1875 0.875 0
-1.875 0.875 0
-2.5 0.875 0
-2.1875 0.875 0
-2.5 1 0
-2.1875 1 0
-2.1875 0.875 0
-1.875 0.875 0
-2.1875 1 0
-1.875 1 0
-1.875 0.75 0
-1.5625 0.75 0
-1.875 0.875 0
-1.5625 0.875 0
-1.5625 0.75 0
-1.25 0.75 0
-1.5625 0.875 0
-1.25 0.875 0
-1.875 0.875 0
-1.5625 0.875 0
-1.875 1 0
-1.5625 1 0
-1.5625 0.875 0
-1.25 0.875 0
-1.5625 1 0
-1.25 1 0
-1.25 0.5 0
-0.9375 0.5 0
-1.25 0.625 0
-0.9375 0.625 0
-0.9375 0.5 0
-0.625 0.5 0
-0.9375 0.625 0
-0.625 0.625 0
-1.25 0.625 0
-0.9375 0.625 0
-1.25 0.75 0
-0.9375 0.75 0
-0.9375 0.625 0
-0.625 0.625 0
-0.9375 0.75 0
-0.625 0.75 0
-0.625 0.5 0
-0.3125 0.5 0
-0.625 0.625 0
-0.3125 0.625 0
-0.3125 0.5 0
0 0.5 0
-0.3125 0.625 0
0 0.625 0
-0.625 0.625 0
-0.3125 0.625 0
-0.625 0.75 0
-0.3125 0.75 0
-0.3125 0.625 0
0 0.625 0
-0.3125 0.75 0
0 0.75 0
-1.25 0.75 0
-0.9375 0.75 0
-1.25 0.875 0
-0.9375 0.875 0
-0.9375 0.75 0
-0.625 0.75 0
-0.9375 0.875 0
-0.625 0.875 0
-1.25 0.875 0
-0.9375 0.875 0
-1.25 1 0
-0.9375 1 0
-0.9375 0.875 0
-0.625 0.875 0
-0.9375 1 0
-0.625 1 0
-0.625 0.75 0
-0.3125 0.75 0
-0.625 0.875 0
-0.3125 0.875 0
-0.3125 0.75 0
0 0.75 0
-0.3125 0.875 0
0 0.875 0
-0.625 0.875 0
-0.3125 0.875 0
-0.625 1 0
-0.3125 1 0
-0.3125 0.875 0
0 0.875 0
-0.3125 1 0
0 1 0
0 0 0
0.3125 0 0
0 0.125 0
0.3125 0.125 0
0.3125 0 0
0.625 0 0
0.3125 0.125 0
0.625 0.125 0
0 0.125 0
0.3125 0.125 0
0 0.25 0
0.3125 0.25 0
0.3125 0.125 0
0.625 0.125 0
0.3125 0.25 0
0.625 0.25 0
0.625 0 0
0.9375 0 0
0.625 0.125 0
0.9375 0.125 0
0.9375 0 0
1.25 0 0
0.9375 0.125 0
1.25 0.125 0
0.625 0.125 0
0.9375 0.125 0
0.625 0.25 0
0.9375 0.25 0
0.9375 0.125 0
1.25 0.125 0
0.9375 0.25 0
1.25 0.25 0
0 0.25 0
0.3125 0.25 0
0 0.375 0
0.3125 0.375 0
0.3125 0.25 0
0.625 0.25 0
0.3125 0.375 0
0.625 0.375 0
0 0.375 0
0.3125 0.375 0
0 0.5 0
0.3125 0.5 0
0.3125 0.375 0
0.625 0.375 0
0.3125 0.5 0
0.625 0.5 0
0.625 0.25 0
0.9375 0.25 0
0.625 0.375 0
0.9375 0.375 0
0.9375 0.25 0
1.25 0.25 0
0.9375 0.375 0
1.25 0.375 0
0.625 0.375 0
0.9375 0.375 0
0.625 0.5 0
0.9375 0.5 0
0.9375 0.375 0
1.25 0.375 0
0.9375 0.5 0
1.25 0.5 0
1.25 0 0
1.5625 0 0
1.25 0.125 0
1.5625 0.125 0
1.5625 0 0
1.875 0 0
1.5625 0.125 0
1.875 0.125 0
1.25 0.125 0
1.5625 0.125 0
1.25 0.25 0
1.5625 0.25 0
1.5625 0.125 0
1.875 0.125 0
1.5625 0.25 0
1.875 0.25 0
1.875 0 0
2.1875 0 0
1.875 0.125 0
2.1875 0.125 0
2.1875 0 0
2.5 0 0
2.1875 0.125 0
2.5 0.125 0
1.875 0.125 0
2.1875 0.125 0
1.875 0.25 0
2.1875 0.25 0
2.1875 0.125 0
2.5 0.125 0
2.1875 0.25 0
2.5 0.25 0
1.25 0.25 0
1.5625 0.25 0
1.25 0.375 0
1.5625 0.375 0
1.5625 0.25 0
1.875 0.25 0
1.5625 0.375 0
1.875 0.375 0
1.25 0.375 0
1.5625 0.375 0
1.25 0.5 0
1.5625 0.5 0
1.5625 0.375 0
1.875 0.375 0
1.5625 0.5 0
1.875 0.5 0
1.875 0.25 0
2.1875 0.25 0
1.875 0.375 0
2.1875 0.375 0
2.1875 0.25 0
2.5 0.25 0
2.1875 0.375 0
2.5 0.375 0
1.875 0.375 0
2.1875 0.375 0
1.875 0.5 0
2.1875 0.5 0
2.1875 0.375 0
2.5 0.375 0
2.1875 0.5 0
2.5 0.5 0
0 0.5 0
0.3125 0.5 0
0 0.625 0
0.3125 0.625 0
0.3125 0.5 0
0.625 0.5 0
0.3125 0.625 0
0.625 0.625 0
0 0.625 0
0.3125 0.625 0
0 0.75 0
0.3125 0.75 0
0.3125 0.625 0
0.625 0.625 0
0.3125 0.75 0
0.625 0.75 0
0.625 0.5 0
0.9375 0.5 0
0.625 0.625 0
0.9375 0.625 0
0.9375 0.5 0
1.25 0.5 0
0.9375 0.625 0
1.25 0.625 0
0.625 0.625 0
0.9375 0.625 0
0.625 0.75 0
0.9375 0.75 0
0.9375 0.625 0
1.25 0.625 0
0.9375 0.75 0
1.25 0.75 0
0 0.75 0
0.3125 0.75 0
0 0.875 0
0.3125 0.875 0
0.3125 0.75 0
0.625 0.75 0
0.3125 0.875 0
0.625 0.875 0
0 0.875 0
0.3125 0.875 0
0 1 0
0.3125 1 0
0.3125 0.875 0
0.625 0.875 0
0.3125 1 0
0.625 1 0
0.625 0.75 0
0.9375 0.75 0
0.625 0.875 0
0.9375 0.875 0
0.9375 0.75 0
1.25 0.75 0
0.9375 0.875 0
1.25 0.875 0
0.625 0.875 0
0.9375 0.875 0
0.625 1 0
0.9375 1 0
0.9375 0.875 0
1.25 0.875 0
0.9375 1 0
1.25 1 0
1.25 0.5 0
1.5625 0.5 0
1.25 0.625 0
1.5625 0.625 0
1.5625 0.5 0
1.875 0.5 0
1.5625 0.625 0
1.875 0.625 0
1.25 0.625 0
1.5625 0.625 0
1.25 0.75 0
1.5625 0.75 0
1.5625 0.625 0
1.875 0.625 0
1.5625 0.75 0
1.875 0.75 0
1.875 0.5 0
2.1875 0.5 0
1.875 0.625 0
2.1875 0.625 0
2.1875 0.5 0
2.5 0.5 0
2.1875 0.625 0
2.5 0.625 0
1.875 0.625 0
2.1875 0.625 0
1.875 0.75 0
2.1875 0.75 0
2.1875 0.625 0
2.5 0.625 0
2.1875 0.75 0
2.5 0.75 0
1.25 0.75 0
1.5625 0.75 0
1.25 0.875 0
1.5625 0.875 0
1.5625 0.75 0
1.875 0.75 0
1.5625 0.875 0
1.875 0.875 0
1.25 0.875 0
1.5625 0.875 0
1.25 1 0
1.5625 1 0
1.5625 0.875 0
1.875 0.875 0
1.5625 1 0
1.875 1 0
1.875 0.75 0
2.1875 0.75 0
1.875 0.875 0
2.1875 0.875 0
2.1875 0.75 0
2.5 0.75 0
2.1875 0.875 0
2.5 0.875 0
1.875 0.875 0
2.1875 0.875 0
1.875 1 0
2.1875 1 0
2.1875 0.875 0
2.5 0.875 0
2.1875 1 0
2.5 1 0
2.5 0 0
2.8125 0 0
2.5 0.125 0
2.8125 0.125 0
2.8125 0 0
3.125 0 0
2.8125 0.125 0
3.125 0.125 0
2.5 0.125 0
2.8125 0.125 0
2.5 0.25 0
2.8125 0.25 0
2.8125 0.125 0
3.125 0.125 0
2.8125 0.25 0
3.125 0.25 0
3.125 0 0
3.4375 0 0
3.125 0.125 0
3.4375 0.125 0
3.4375 0 0
3.75 0 0
3.4375 0.125 0
3.75 0.125 0
3.125 0.125 0
3.4375 0.125 0
3.125 0.25 0
3.4375 0.25 0
3.4375 0.125 0
3.75 0.125 0
3.4375 0.25 0
3.75 0.25 0
2.5 0.25 0
2.8125 0.25 0
2.5 0.375 0
2.8125 0.375 0
2.8125 0.25 0
3.125 0.25 0
2.8125 0.375 0
3.125 0.375 0
2.5 0.375 0
2.8125 0.375 0
2.5 0.5 0
2.8125 0.5 0
2.8125 0.375 0
3.125 0.375 0
2.8125 0.5 0
3.125 0.5 0
3.125 0.25 0
3.4375 0.25 0
3.125 0.375 0
3.4375 0.375 0
3.4375 0.25 0
3.75 0.25 0
3.4375 0.375 0
3.75 0.375 0
3.125 0.375 0
3.4375 0.375 0
3.125 0.5 0
3.4375 0.5 0
3.4375 0.375 0
3.75 0.375 0
3.4375 0.5 0
3.75 0.5 0
3.75 0 0
4.0625 0 0
3.75 0.125 0
4.0625 0.125 0
4.0625 0 0
4.375 0 0
4.0625 0.125 0
4.375 0.125 0
3.75 0.125 0
4.0625 0.125 0
3.75 0.25 0
4.0625 0.25 0
4.0625 0.125 0
4.375 0.125 0
4.0625 0.25 0
4.375 0.25 0
4.375 0 0
4.6875 0 0
4.375 0.125 0
4.6875 0.125 0
4.6875 0 0
5 0 0
4.6875 0.125 0
5 0.125 0
4.375 0.125 0
4.6875 0.125 0
4.375 0.25 0
4.6875 0.25 0
4.6875 0.125 0
5 0.125 0
4.6875 0.25 0
5 0.25 0
3.75 0.25 0
4.0625 0.25 0
3.75 0.375 0
4.0625 0.375 0
4.0625 0.25 0
4.375 0.25 0
4.0625 0.375 0
4.375 0.375 0
3.75 0.375 0
4.0625 0.375 0
3.75 0.5 0
4.0625 0.5 0
4.0625 0.375 0
4.375 0.375 0
4.0625 0.5 0
4.375 0.5 0
4.375 0.25 0
4.6875 0.25 0
4.375 0.375 0
4.6875 0.375 0
4.6875 0.25 0
5 0.25 0
4.6875 0.375 0
5 0.375 0
4.375 0.375 0
4.6875 0.375 0
4.375 0.5 0
4.6875 0.5 0
4.6875 0.375 0
5 0.375 0
4.6875 0.5 0
5 0.5 0
2.5 0.5 0
2.8125 0.5 0
2.5 0.625 0
2.8125 0.625 0
2.8125 0.5 0
3.125 0.5 0
2.8125 0.625 0
3.125 0.625 0
2.5 0.625 0
2.8125 0.625 0
2.5 0.75 0
2.8125 0.75 0
2.8125 0.625 0
3.125 0.625 0
2.8125 0.75 0
3.125 0.75 0
3.125 0.5 0
3.4375 0.5 0
3.125 0.625 0
3.4375 0.625 0
3.4375 0.5 0
3.75 0.5 0
3.4375 0.625 0
3.75 0.625 0
3.125 0.625 0
3.4375 0.625 0
3.125 0.75 0
3.4375 0.75 0
3.4375 0.625 0
3.75 0.625 0
3.4375 0.75 0
3.75 0.75 0
2.5 0.75 0
2.8125 0.75 0
2.5 0.875 0
2.8125 0.875 0
2.8125 0.75 0
3.125 0.75 0
2.8125 0.875 0
3.125 0.875 0
2.5 0.875 0
2.8125 0.875 0
2.5 1 0
2.8125 1 0
2.8125 0.875 0
3.125 0.875 0
2.8125 1 0
3.125 1 0
3.125 0.75 0
3.4375 0.75 0
3.125 0.875 0
3.4375 0.875 0
3.4375 0.75 0
3.75 0.75 0
3.4375 0.875 0
3.75 0.875 0
3.125 0.875 0
3.4375 0.875 0
3.125 1 0
3.4375 1 0
3.4375 0.875 0
3.75 0.875 0
3.4375 1 0
3.75 1 0
3.75 0.5 0
4.0625 0.5 0
3.75 0.625 0
4.0625 0.625 0
4.0625 0.5 0
4.375 0.5 0
4.0625 0.625 0
4.375 0.625 0
3.75 0.625 0
4.0625 0.625 0
3.75 0.75 0
4.0625 0.75 0
4.0625 0.625 0
4.375 0.625 0
4.0625 0.75 0
4.375 0.75 0
4.375 0.5 0
4.6875 0.5 0
4.375 0.625 0
4.6875 0.625 0
4.6875 0.5 0
5 0.5 0
4.6875 0.625 0
5 0.625 0
4.375 0.625 0
4.6875 0.625 0
4.375 0.75 0
4.6875 0.75 0
4.6875 0.625 0
5 0.625 0
4.6875 0.75 0
5 0.75 0
3.75 0.75 0
4.0625 0.75 0
3.75 0.875 0
4.0625 0.875 0
4.0625 0.75 0
4.375 0.75 0
4.0625 0.875 0
4.375 0.875 0
3.75 0.875 0
4.0625 0.875 0
3.75 1 0
4.0625 1 0
4.0625 0.875 0
4.375 0.875 0
4.0625 1 0
4.375 1 0
4.375 0.75 0
4.6875 0.75 0
4.375 0.875 0
4.6875 0.875 0
4.6875 0.75 0
5 0.75 0
4.6875 0.875 0
5 0.875 0
4.375 0.875 0
4.6875 0.875 0
4.375 1 0
4.6875 1 0
4.6875 0.875 0
5 0.875 0
4.6875 1 0
5 1 0
-5 1 0
-4.6875 1 0
-5 1.125 0
-4.6875 1.125 0
-4.6875 1 0
-4.375 1 0
-4.6875 1.125 0
-4.375 1.125 0
-5 1.125 0
-4.6875 1.125 0
-5 1.25 0
-4.6875 1.25 0
-4.6875 1.125 0
-4.375 1.125 0
-4.6875 1.25 0
-4.375 1.25 0
-4.375 1 0
-4.0625 1 0
-4.375 1.125 0
-4.0625 1.125 0
-4.0625 1 0
-3.75 1 0
-4.0625 1.125 0
-3.75 1.125 0
-4.375 1.125 0
-4.0625 1.125 0
-4.375 1.25 0
-4.0625 1.25 0
-4.0625 1.125 0
-3.75 1.125 0
-4.0625 1.25 0
-3.75 1.25 0
-5 1.25 0
-4.6875 1.25 0
-5 1.375 0
-4.6875 1.375 0
-4.6875 1.25 0
-4.375 1.25 0
-4.6875 1.375 0
-4.375 1.375 0
-5 1.375 0
-4.6875 1.375 0
-5 1.5 0
-4.6875 1.5 0
-4.6875 1.375 0
-4.375 1.375 0
-4.6875 1.5 0
-4.375 1.5 0
-4.375 1.25 0
-4.0625 1.25 0
-4.375 1.375 0
-4.0625 1.375 0
-4.0625 1.25 0
-3.75 1.25 0
-4.0625 1.375 0
-3.75 1.375 0
-4.375 1.375 0
-4.0625 1.375 0
-4.375 1.5 0
-4.0625 1.5 0
-4.0625 1.375 0
-3.75 1.375 0
-4.0625 1.5 0
-3.75 1.5 0
-3.75 1 0
-3.4375 1 0
-3.75 1.125 0
-3.4375 1.125 0
-3.4375 1 0
-3.125 1 0
-3.4375 1.125 0
-3.125 1.125 0
-3.75 1.125 0
-3.4375 1.125 0
-3.75 1.25 0
-3.4375 1.25 0
-3.4375 1.125 0
-3.125 1.125 0
-3.4375 1.25 0
-3.125 1.25 0
-3.125 1 0
-2.8125 1 0
-3.125 1.125 0
-2.8125 1.125 0
-2.8125 1 0
-2.5 1 0
-2.8125 1.125 0
-2.5 1.125 0
-3.125 1.125 0
-2.8125 1.125 0
-3.125 1.25 0
-2.8125 1.25 0
-2.8125 1.125 0
-2.5 1.125 0
-2.8125 1.25 0
-2.5 1.25 0
-3.75 1.25 0
-3.4375 1.25 0
-3.75 1.375 0
-3.4375 1.375 0
-3.4375 1.25 0
-3.125 1.25 0
-3.4375 1.375 0
-3.125 1.375 0
-3.75 1.375 0
-3.4375 1.375 0
-3.75 1.5 0
-3.4375 1.5 0
-3.4375 1.375 0
-3.125 1.375 0
-3.4375 1.5 0
-3.125 1.5 0
-3.125 1.25 0
-2.8125 1.25 0
-3.125 1.375 0
-2.8125 1.375 0
-2.8125 1.25 0
-2.5 1.25 0
-2.8125 1.375 0
-2.5 1.375 0
-3.125 1.375 0
-2.8125 1.375 0
-3.125 1.5 0
-2.8125 1.5 0
-2.8125 1.375 0
-2.5 1.375 0
-2.8125 1.5 0
-2.5 1.5 0
-5 1.5 0
-4.6875 1.5 0
-5 1.625 0
-4.6875 1.625 0
-4.6875 1.5 0
-4.375 1.5 0
-4.6875 1.625 0
-4.375 1.625 0
-5 1.625 0
-4.6875 1.625 0
-5 1.75 0
-4.6875 1.75 0
-4.6875 1.625 0
-4.375 1.625 0
-4.6875 1.75 0
-4.375 1.75 0
-4.375 1.5 0
-4.0625 1.5 0
-4.375 1.625 0
-4.0625 1.625 0
-4.0625 1.5 0
-3.75 1.5 0
-4.0625 1.625 0
-3.75 1.625 0
-4.375 1.625 0
-4.0625 1.625 0
-4.375 1.75 0
-4.0625 1.75 0
-4.0625 1.625 0
-3.75 1.625 0
-4.0625 1.75 0
-3.75 1.75 0
-5 1.75 0
-4.6875 1.75 0
-5 1.875 0
-4.6875 1.875 0
-4.6875 1.75 0
-4.375 1.75 0
-4.6875 1.875 0
-4.375 1.875 0
-5 1.875 0
-4.6875 1.875 0
-5 2 0
-4.6875 2 0
-4.6875 1.875 0
-4.375 1.875 0
-4.6875 2 0
-4.375 2 0
-4.375 1.75 0
-4.0625 1.75 0
-4.375 1.875 0
-4.0625 1.875 0
-4.0625 1.75 0
-3.75 1.75 0
-4.0625 1.875 0
-3.75 1.875 0
-4.375 1.875 0
-4.0625 1.875 0
-4.375 2 0
-4.0625 2 0
-4.0625 1.875 0
-3.75 1.875 0
-4.0625 2 0
-3.75 2 0
-3.75 1.5 0
-3.4375 1.5 0
-3.75 1.625 0
-3.4375 1.625 0
-3.4375 1.5 0
-3.125 1.5 0
-3.4375 1.625 0
-3.125 1.625 0
-3.75 1.625 0
-3.4375 1.625 0
-3.75 1.75 0
-3.4375 1.75 0
-3.4375 1.625 0
-3.125 1.625 0
-3.4375 1.75 0
-3.125 1.75 0
-3.125 1.5 0
-2.8125 1.5 0
-3.125 1.625 0
-2.8125 1.625 0
-2.8125 1.5 0
-2.5 1.5 0
-2.8125 1.625 0
-2.5 1.625 0
-3.125 1.625 0
-2.8125 1.625 0
-3.125 1.75 0
-2.8125 1.75 0
-2.8125 1.625 0
-2.5 1.625 0
-2.8125 1.75 0
-2.5 1.75 0
-3.75 1.75 0
-3.4375 1.75 0
-3.75 1.875 0
-3.4375 1.875 0
-3.4375 1.75 0
-3.125 1.75 0
-3.4375 1.875 0
-3.125 1.875 0
-3.75 1.875 0
-3.4375 1.875 0
-3.75 2 0
-3.4375 2 0
-3.4375 1.875 0
-3.125 1.875 0
-3.4375 2 0
-3.125 2 0
-3.125 1.75 0
-2.8125 1.75 0
-3.125 1.875 0
-2.8125 1.875 0
-2.8125 1.75 0
-2.5 1.75 0
-2.8125 1.875 0
-2.5 1.875 0
-3.125 1.875 0
-2.8125 1.875 0
-3.125 2 0
-2.8125 2 0
-2.8125 1.875 0
-2.5 1.875 0
-2.8125 2 0
-2.5 2 0
-2.5 1 0
-2.1875 1 0
-2.5 1.125 0
-2.1875 1.125 0
-2.1875 1 0
-1.875 1 0
-2.1875 1.125 0
-1.875 1.125 0
-2.5 1.125 0
-2.1875 1.125 0
-2.5 1.25 0
-2.1875 1.25 0
-2.1875 1.125 0
-1.875 1.125 0
-2.1875 1.25 0
-1.875 1.25 0
-1.875 1 0
-1.5625 1 0
-1.875 1.125 0
-1.5625 1.125 0
-1.5625 1 0
-1.25 1 0
-1.5625 1.125 0
-1.25 1.125 0
-1.875 1.125 0
-1.5625 1.125 0
-1.875 1.25 0
-1.5625 1.25 0
-1.5625 1.125 0
-1.25 1.125 0
-1.5625 1.25 0
-1.25 1.25 0
-2.5 1.25 0
-2.1875 1.25 0
-2.5 1.375 0
-2.1875 1.375 0
-2.1875 1.25 0
-1.875 1.25 0
-2.1875 1.375 0
-1.875 1.375 0
-2.5 1.375 0
-2.1875 1.375 0
-2.5 1.5 0
-2.1875 1.5 0
-2.1875 1.375 0
-1.875 1.375 0
-2.1875 1.5 0
-1.875 1.5 0
-1.875 1.25 0
-1.5625 1.25 0
-1.875 1.375 0
-1.5625 1.375 0
-1.5625 1.25 0
-1.25 1.25 0
-1.5625 1.375 0
-1.25 1.375 0
-1.875 1.375 0
-1.5625 1.375 0
-1.875 1.5 0
-1.5625 1.5 0
-1.5625 1.375 0
-1.25 1.375 0
-1.5625 1.5 0
-1.25 1.5 0
-1.25 1 0
-0.9375 1 0
-1.25 1.125 0
-0.9375 1.125 0
-0.9375 1 0
-0.625 1 0
-0.9375 1.125 0
-0.625 1.125 0
-1.25 1.125 0
-0.9375 1.125 0
-1.25 1.25 0
-0.9375 1.25 0
-0.9375 1.125 0
-0.625 1.125 0
-0.9375 1.25 0
-0.625 1.25 0
-0.625 1 0
-0.3125 1 0
-0.625 1.125 0
-0.3125 1.125 0
-0.3125 1 0
0 1 0
-0.3125 1.125 0
0 1.125 0
-0.625 1.125 0
-0.3125 1.125 0
-0.625 1.25 0
-0.3125 1.25 0
-0.3125 1.125 0
0 1.125 0
-0.3125 1.25 0
0 1.25 0
-1.25 1.25 0
-0.9375 1.25 0
-1.25 1.375 0
-0.9375 1.375 0
-0.9375 1.25 0
-0.625 1.25 0
-0.9375 1.375 0
-0.625 1.375 0
-1.25 1.375 0
-0.9375 1.375 0
-1.25 1.5 0
-0.9375 1.5 0
-0.9375 1.375 0
-0.625 1.375 0
-0.9375 1.5 0
-0.625 1.5 0
-0.625 1.25 0
-0.3125 1.25 0
-0.625 1.375 0
-0.3125 1.375 0
-0.3125 1.25 0
0 1.25 0
-0.3125 1.375 0
0 1.375 0
-0.625 1.375 0
-0.3125 1.375 0
-0.625 1.5 0
-0.3125 1.5 0
-0.3125 1.375 0
0 1.375 0
-0.3125 1.5 0
0 1.5 0
-2.5 1.5 0
-2.1875 1.5 0
-2.5 1.625 0
-2.1875 1.625 0
-2.1875 1.5 0
-1.875 1.5 0
-2.1875 1.625 0
-1.875 1.625 0
-2.5 1.625 0
-2.1875 1.625 0
-2.5 1.75 0
-2.1875 1.75 0
-2.1875 1.625 0
-1.875 1.625 0
-2.1875 1.75 0
-1.875 1.75 0
-1.875 1.5 0
-1.5625 1.5 0
-1.875 1.625 0
-1.5625 1.625 0
-1.5625 1.5 0
-1.25 1.5 0
-1.5625 1.625 0
-1.25 1.625 0
-1.875 1.625 0
-1.5625 1.625 0
-1.875 1.75 0
-1.5625 1.75 0
-1.5625 1.625 0
-1.25 1.625 0
-1.5625 1.75 0
-1.25 1.75 0
-2.5 1.75 0
-2.1875 1.75 0
-2.5 1.875 0
-2.1875 1.875 0
-2.1875 1.75 0
-1.875 1.75 0
-2.1875 1.875 0
-1.875 1.875 0
-2.5 1.875 0
-2.1875 1.875 0
-2.5 2 0
-2.1875 2 0
-2.1875 1.875 0
-1.875 1.875 0
-2.1875 2 0
-1.875 2 0
-1.875 1.75 0
-1.5625 1.75 0
-1.875 1.875 0
-1.5625 1.875 0
-1.5625 1.75 0
-1.25 1.75 0
-1.5625 1.875 0
-1.25 1.875 0
-1.875 1.875 0
-1.5625 1.875 0
-1.875 2 0
-1.5625 2 0
-1.5625 1.875 0
-1.25 1.875 0
-1.5625 2 0
-1.25 2 0
-1.25 1.5 0
-0.9375 1.5 0
-1.25 1.625 0
-0.9375 1.625 0
-0.9375 1.5 0
-0.625 1.5 0
-0.9375 1.625 0
-0.625 1.625 0
-1.25 1.625 0
-0.9375 1.625 0
-1.25 1.75 0
-0.9375 1.75 0
-0.9375 1.625 0
-0.625 1.625 0
-0.9375 1.75 0
-0.625 1.75 0
-0.625 1.5 0
-0.3125 1.5 0
-0.625 1.625 0
-0.3125 1.625 0
-0.3125 1.5 0
0 1.5 0
-0.3125 1.625 0
0 1.625 0
-0.625 1.625 0
-0.3125 1.625 0
-0.625 1.75 0
-0.3125 1.75 0
-0.3125 1.625 0
0 1.625 0
-0.3125 1.75 0
0 1.75 0
-1.25 1.75 0
-0.9375 1.75 0
-1.25 1.875 0
-0.9375 1.875 0
-0.9375 1.75 0
-0.625 1.75 0
-0.9375 1.875 0
-0.625 1.875 0
-1.25 1.875 0
-0.9375 1.875 0
-1.25 2 0
-0.9375 2 0
-0.9375 1.875 0
-0.625 1.875 0
-0.9375 2 0
-0.625 2 0
-0.625 1.75 0
-0.3125 1.75 0
-0.625 1.875 0
-0.3125 1.875 0
-0.3125 1.75 0
0 1.75 0
-0.3125 1.875 0
0 1.875 0
-0.625 1.875 0
-0.3125 1.875 0
-0.625 2 0
-0.3125 2 0
-0.3125 1.875 0
0 1.875 0
-0.3125 2 0
0 2 0
0 1 0
0.3125 1 0
0 1.125 0
0.3125 1.125 0
0.3125 1 0
0.625 1 0
0.3125 1.125 0
0.625 1.125 0
0 1.125 0
0.3125 1.125 0
0 1.25 0
0.3125 1.25 0
0.3125 1.125 0
0.625 1.125 0
0.3125 1.25 0
0.625 1.25 0
0.625 1 0
0.9375 1 0
0.625 1.125 0
0.9375 1.125 0
0.9375 1 0
1.25 1 0
0.9375 1.125 0
1.25 1.125 0
0.625 1.125 0
0.9375 1.125 0
0.625 1.25 0
0.9375 1.25 0
0.9375 1.125 0
1.25 1.125 0
0.9375 1.25 0
1.25 1.25 0
0 1.25 0
0.3125 1.25 0
0 1.375 0
0.3125 1.375 0
0.3125 1.25 0
0.625 1.25 0
0.3125 1.375 0
0.625 1.375 0
0 1.375 0
0.3125 1.375 0
0 1.5 0
0.3125 1.5 0
0.3125 1.375 0
0.625 1.375 0
0.3125 1.5 0
0.625 1.5 0
0.625 1.25 0
0.9375 1.25 0
0.625 1.375 0
0.9375 1.375 0
0.9375 1.25 0
1.25 1.25 0
0.9375 1.375 0
1.25 1.375 0
0.625 1.375 0
0.9375 1.375 0
0.625 1.5 0
0.9375 1.5 0
0.9375 1.375 0
1.25 1.375 0
0.9375 1.5 0
1.25 1.5 0
1.25 1 0
1.5625 1 0
1.25 1.125 0
1.5625 1.125 0
1.5625 1 0
1.875 1 0
1.5625 1.125 0
1.875 1.125 0
1.25 1.125 0
1.5625 1.125 0
1.25 1.25 0
1.5625 1.25 0
1.5625 1.125 0
1.875 1.125 0
1.5625 1.25 0
1.875 1.25 0
1.875 1 0
2.1875 1 0
1.875 1.125 0
2.1875 1.125 0
2.1875 1 0
2.5 1 0
2.1875 1.125 0
2.5 1.125 0
1.875 1.125 0
2.1875 1.125 0
1.875 1.25 0
2.1875 1.25 0
2.1875 1.125 0
2.5 1.125 0
2.1875 1.25 0
2.5 1.25 0
1.25 1.25 0
1.5625 1.25 0
1.25 1.375 0
1.5625 1.375 0
1.5625 1.25 0
1.875 1.25 0
1.5625 1.375 0
1.875 1.375 0
1.25 1.375 0
1.5625 1.375 0
1.25 1.5 0
1.5625 1.5 0
1.5625 1.375 0
1.875 1.375 0
1.5625 1.5 0
1.875 1.5 0
1.875 1.25 0
2.1875 1.25 0
1.875 1.375 0
2.1875 1.375 0
2.1875 1.25 0
2.5 1.25 0
2.1875 1.375 0
2.5 1.375 0
1.875 1.375 0
2.1875 1.375 0
1.875 1.5 0
2.1875 1.5 0
2.1875 1.375 0
2.5 1.375 0
2.1875 1.5 0
2.5 1.5 0
0 1.5 0
0.3125 1.5 0
0 1.625 0
0.3125 1.625 0
0.3125 1.5 0
0.625 1.5 0
0.3125 1.625 0
0.625 1.625 0
0 1.625 0
0.3125 1.625 0
0 1.75 0
0.3125 1.75 0
0.3125 1.625 0
0.625 1.625 0
0.3125 1.75 0
0.625 1.75 0
0.625 1.5 0
0.9375 1.5 0
0.625 1.625 0
0.9375 1.625 0
0.9375 1.5 0
1.25 1.5 0
0.9375 1.625 0
1.25 1.625 0
0.625 1.625 0
0.9375 1.625 0
0.625 1.75 0
0.9375 1.75 0
0.9375 1.625 0
1.25 1.625 0
0.9375 1.75 0
1.25 1.75 0
0 1.75 0
0.3125 1.75 0
0 1.875 0
0.3125 1.875 0
0.3125 1.75 0
0.625 1.75 0
0.3125 1.875 0
0.625 1.875 0
0 1.875 0
0.3125 1.875 0
0 2 0
0.3125 2 0
0.3125 1.875 0
0.625 1.875 0
0.3125 2 0
0.625 2 0
0.625 1.75 0
0.9375 1.75 0
0.625 1.875 0
0.9375 1.875 0
0.9375 1.75 0
1.25 1.75 0
0.9375 1.875 0
1.25 1.875 0
0.625 1.875 0
0.9375 1.875 0
0.625 2 0
0.9375 2 0
0.9375 1.875 0
1.25 1.875 0
0.9375 2 0
1.25 2 0
1.25 1.5 0
1.5625 1.5 0
1.25 1.625 0
1.5625 1.625 0
1.5625 1.5 0
1.875 1.5 0
1.5625 1.625 0
1.875 1.625 0
1.25 1.625 0
1.5625 1.625 0
1.25 1.75 0
1.5625 1.75 0
1.5625 1.625 0
1.875 1.625 0
1.5625 1.75 0
1.875 1.75 0
1.875 1.5 0
2.1875 1.5 0
1.875 1.625 0
2.1875 1.625 0
2.1875 1.5 0
2.5 1.5 0
2.1875 1.625 0
2.5 1.625 0
1.875 1.625 0
2.1875 1.625 0
1.875 1.75 0
2.1875 1.75 0
2.1875 1.625 0
2.5 1.625 0
2.1875 1.75 0
2.5 1.75 0
1.25 1.75 0
1.5625 1.75 0
1.25 1.875 0
1.5625 1.875 0
1.5625 1.75 0
1.875 1.75 0
1.5625 1.875 0
1.875 1.875 0
1.25 1.875 0
1.5625 1.875 0
1.25 2 0
1.5625 2 0
1.5625 1.875 0
1.875 1.875 0
1.5625 2 0
1.875 2 0
1.875 1.75 0
2.1875 1.75 0
1.875 1.875 0
2.1875 1.875 0
2.1875 1.75 0
2.5 1.75 0
2.1875 1.875 0
2.5 1.875 0
1.875 1.875 0
2.1875 1.875 0
1.875 2 0
2.1875 2 0
2.1875 1.875 0
2.5 1.875 0
2.1875 2 0
2.5 2 0
2.5 1 0
2.8125 1 0
2.5 1.125 0
2.8125 1.125 0
2.8125 1 0
3.125 1 0
2.8125 1.125 0
3.125 1.125 0
2.5 1.125 0
2.8125 1.125 0
2.5 1.25 0
2.8125 1.25 0
2.8125 1.125 0
3.125 1.125 0
2.8125 1.25 0
3.125 1.25 0
3.125 1 0
3.4375 1 0
3.125 1.125 0
3.4375 1.125 0
3.4375 1 0
3.75 1 0
3.4375 1.125 0
3.75 1.125 0
3.125 1.125 0
3.4375 1.125 0
3.125 1.25 0
3.4375 1.25 0
3.4375 1.125 0
3.75 1.125 0
3.4375 1.25 0
3.75 1.25 0
2.5 1.25 0
2.8125 1.25 0
2.5 1.375 0
2.8125 1.375 0
2.8125 1.25 0
3.125 1.25 0
2.8125 1.375 0
3.125 1.375 0
2.5 1.375 0
2.8125 1.375 0
2.5 1.5 0
2.8125 1.5 0
2.8125 1.375 0
3.125 1.375 0
2.8125 1.5 0
3.125 1.5 0
3.125 1.25 0
3.4375 1.25 0
3.125 1.375 0
3.4375 1.375 0
3.4375 1.25 0
3.75 1.25 0
3.4375 1.375 0
3.75 1.375 0
3.125 1.375 0
3.4375 1.375 0
3.125 1.5 0
3.4375 1.5 0
3.4375 1.375 0
3.75 1.375 0
3.4375 1.5 0
3.75 1.5 0
3.75 1 0
4.0625 1 0
3.75 1.125 0
4.0625 1.125 0
4.0625 1 0
4.375 1 0
4.0625 1.125 0
4.375 1.125 0
3.75 1.125 0
4.0625 1.125 0
3.75 1.25 0
4.0625 1.25 0
4.0625 1.125 0
4.375 1.125 0
4.0625 1.25 0
4.375 1.25 0
4.375 1 0
4.6875 1 0
4.375 1.125 0
4.6875 1.125 0
4.6875 1 0
5 1 0
4.6875 1.125 0
5 1.125 0
4.375 1.125 0
4.6875 1.125 0
4.375 1.25 0
4.6875 1.25 0
4.6875 1.125 0
5 1.125 0
4.6875 1.25 0
5 1.25 0
3.75 1.25 0
4.0625 1.25 0
3.75 1.375 0
4.0625 1.375 0
4.0625 1.25 0
4.375 1.25 0
4.0625 1.375 0
4.375 1.375 0
3.75 1.375 0
4.0625 1.375 0
3.75 1.5 0
4.0625 1.5 0
4.0625 1.375 0
4.375 1.375 0
4.0625 1.5 0
4.375 1.5 0
4.375 1.25 0
4.6875 1.25 0
4.375 1.375 0
4.6875 1.375 0
4.6875 1.25 0
5 1.25 0
4.6875 1.375 0
5 1.375 0
4.375 1.375 0
4.6875 1.375 0
4.375 1.5 0
4.6875 1.5 0
4.6875 1.375 0
5 1.375 0
4.6875 1.5 0
5 1.5 0
2.5 1.5 0
2.8125 1.5 0
2.5 1.625 0
2.8125 1.625 0
2.8125 1.5 0
3.125 1.5 0
2.8125 1.625 0
3.125 1.625 0
2.5 1.625 0
2.8125 1.625 0
2.5 1.75 0
2.8125 1.75 0
2.8125 1.625 0
3.125 1.625 0
2.8125 1.75 0
3.125 1.75 0
3.125 1.5 0
3.4375 1.5 0
3.125 1.625 0
3.4375 1.625 0
3.4375 1.5 0
3.75 1.5 0
3.4375 1.625 0
3.75 1.625 0
3.125 1.625 0
3.4375 1.625 0
3.125 1.75 0
3.4375 1.75 0
3.4375 1.625 0
3.75 1.625 0
3.4375 1.75 0
3.75 1.75 0
2.5 1.75 0
2.8125 1.75 0
2.5 1.875 0
2.8125 1.875 0
2.8125 1.75 0
3.125 1.75 0
2.8125 1.875 0
3.125 1.875 0
2.5 1.875 0
2.8125 1.875 0
2.5 2 0
2.8125 2 0
2.8125 1.875 0
3.125 1.875 0
2.8125 2 0
3.125 2 0
3.125 1.75 0
3.4375 1.75 0
3.125 1.875 0
3.4375 1.875 0
3.4375 1.75 0
3.75 1.75 0
3.4375 1.875 0
3.75 1.875 0
3.125 1.875 0
3.4375 1.875 0
3.125 2 0
3.4375 2 0
3.4375 1.875 0
3.75 1.875 0
3.4375 2 0
3.75 2 0
3.75 1.5 0
4.0625 1.5 0
3.75 1.625 0
4.0625 1.625 0
4.0625 1.5 0
4.375 1.5 0
4.0625 1.625 0
4.375 1.625 0
3.75 1.625 0
4.0625 1.625 0
3.75 1.75 0
4.0625 1.75 0
4.0625 1.625 0
4.375 1.625 0
4.0625 1.75 0
4.375 1.75 0
4.375 1.5 0
4.6875 1.5 0
4.375 1.625 0
4.6875 1.625 0
4.6875 1.5 0
5 1.5 0
4.6875 1.625 0
5 1.625 0
4.375 1.625 0
4.6875 1.625 0
4.375 1.75 0
4.6875 1.75 0
4.6875 1.625 0
5 1.625 0
4.6875 1.75 0
5 1.75 0
3.75 1.75 0
4.0625 1.75 0
3.75 1.875 0
4.0625 1.875 0
4.0625 1.75 0
4.375 1.75 0
4.0625 1.875 0
4.375 1.875 0
3.75 1.875 0
4.0625 1.875 0
3.75 2 0
4.0625 2 0
4.0625 1.875 0
4.375 1.875 0
4.0625 2 0
4.375 2 0
4.375 1.75 0
4.6875 1.75 0
4.375 1.875 0
4.6875 1.875 0
4.6875 1.75 0
5 1.75 0
4.6875 1.875 0
5 1.875 0
4.375 1.875 0
4.6875 1.875 0
4.375 2 0
4.6875 2 0
4.6875 1.875 0
5 1.875 0
4.6875 2 0
5 2 0

CELLS 1024 5120
4	0	1	3	2
4	4	5	7	6
4	8	9	11	10
4	12	13	15	14
4	16	17	19	18
4	20	21	23	22
4	24	25	27	26
4	28	29	31	30
4	32	33	35	34
4	36	37	39	38
4	40	41	43	42
4	44	45	47	46
4	48	49	51	50
4	52	53	55	54
4	56	57	59	58
4	60	61	63	62
4	64	65	67	66
4	68	69	71	70
4	72	73	75	74
4	76	77	79	78
4	80	81	83	82
4	84	85	87	86
4	88	89	91	90
4	92	93	95	94
4	96	97	99	98
4	100	101	103	102
4	104	105	107	106
4	108	109	111	110
4	112	113	115	114
4	116	117	119	118
4	120	121	123	122
4	124	125	127	126
4	128	129	131	130
4	132	133	135	134
4	136	137	139	138
4	140	141	143	142
4	144	145	147	146
4	148	149	151	150
4	152	153	155	154
4	156	157	159	158
4	160	161	163	162
4	164	165	167	166
4	168	169	171	170
4	172	173	175	174
4	176	177	179	178
4	180	181	183	182
4	184	185	187	186
4	188	189	191	190
4	192	193	195	194
4	196	197	199	198
4	200	201	203	202
4	204	205	207	206
4	208	209	211	210
4	212	213	215	214
4	216	217	219	218
4	220	221	223	222
4	224	225	227	226
4	228	229	231	230
4	232	233	235	234
4	236	237	239	238
4	240	241	243	242
4	244	245	247	246
4	248	249	251	250
4	252	253	255	254
4	256	257	259	258
4	260	261	263	262
4	264	265	267	266
4	268	269	271	270
4	272	273	275	274
4	276	277	279	278
4	280	281	283	282
4	284	285	287	286
4	288	289	291	290
4	292	293	295	294
4	296	297	299	298
4	300	301	303	302
4	304	305	307	306
4	308	309	311	310
4	312	313	315	314
4	316	317	319	318
4	320	321	323	322
4	324	325	327	326
4	328	329	331	330
4	332	333	335	334
4	336	337	339	338
4	340	341	343	342
4	344	345	347	346
4	348	349	351	350
4	352	353	355	354
4	356	357	359	358
4	360	361	363	362
4	364	365	367	366
4	368	369	371	370
4	372	373	375	374
4	376	377	379	378
4	380	381	383	382
4	384	385	387	386
4	388	389	391	390
4	392	393	395	394
4	396	397	399	398
4	400	401	403	402
4	404	405	407	406
4	408	409	411	410
4	412	413	415	414
4	416	417	419	418
4	420	421	423	422
4	424	425	427	426
4	428	429	431	430
4	432	433	435	434
4	436	437	439	438
4	440	441	443	442
4	444	445	447	446
4	448	449	451	450
4	452	453	455	454
4	456	457	459	458
4	460	461	463	462
4	464	465	467	466
4	468	469	471	470
4	472	473	475	474
4	476	477	479	478
4	480	481	483	482
4	484	485	487	486
4	488	489	491	490
4	492	493	495	494
4	496	497	499	498
4	500	501	503	502
4	504	505	507	506
4	508	509	511	510
4	512	513	515	514
4	516	517	519	518
4	520	521	523	522
4	524	525	527	526
4	528	529	531	530
4	532	533	535	534
4	536	537	539	538
4	540	541	543	542
4	544	545	547	546
4	548	549	551	550
4	552	553	555	554
4	556	557	559	558
4	560	561	563	562
4	564	565	567	566
4	568	569	571	570
4	572	573	575	574
4	576	577	579	578
4	580	581	583	582
4	584	585	587	586
4	588	589	591	590
4	592	593	595	594
4	596	597	599	598
4	600	601	603	602
4	604	605	607	606
4	608	609	611	610
4	612	613	615	614
4	616	617	619	618
4	620	621	623	622
4	624	625	627	626
4	628	629	631	630
4	632	633	635	634
4	636	637	639	638
4	640	641	643	642
4	644	645	647	646
4	648	649	651	650
4	652	653	655	654
4	656	657	659	658
4	660	661	663	662
4	664	665	667	666
4	668	669	671	670
4	672	673	675	674
4	676	677	679	678
4	680	681	683	682
4	684	685	687	686
4	688	689	691	690
4	692	693	695	694
4	696	697	699	698
4	700	701	703	702
4	704	705	707	706
4	708	709	711	710
4	712	713	715	714
4	716	717	719	718
4	720	721	723	722
4	724	725	727	726
4	728	729	731	730
4	732	733	735	734
4	736	737	739	738
4	740	741	743	742
4	744	745	747	746
4	748	749	751	750
4	752	753	755	754
4	756	757	759	758
4	760	761	763	762
4	764	765	767	766
4	768	769	771	770
4	772	773	775	774
4	776	777	779	778
4	780	781	783	782
4	784	785	787	786
4	788	789	791	790
4	792	793	795	794
4	796	797	799	798
4	800	801	803	802
4	804	805	807	806
4	808	809	811	810
4	812	813	815	814
4	816	817	819	818
4	820	821	823	822
4	824	825	827	826
4	828	829	831	830
4	832	833	835	834
4	836	837	839	838
4	840	841	843	842
4	844	845	847	846
4	848	849	851	850
4	852	853	855	854
4	856	857	859	858
4	860	861	863	862
4	864	865	867	866
4	868	869	871	870
4	872	873	875	874
4	876	877	879	878
4	880	881	883	882
4	884	885	887	886
4	888	889	891	890
4	892	893	895	894
4	896	897	899	898
4	900	901	903	902
4	904	905	907	906
4	908	909	911	910
4	912	913	915	914
4	916	917	919	918
4	920	921	923	922
4	924	925	927	926
4	928	929	931	930
4	932	933	935	934
4	936	937	939	938
4	940	941	943	942
4	944	945	947	946
4	948	949	951	950
4	952	953	955	954
4	956	957	959	958
4	960	961	963	962
4	964	965	967	966
4	968	969	971	970
4	972	973	975	974
4	976	977	979	978
4	980	981	983	982
4	984	985	987	986
4	988	989	991	990
4	992	993	995	994
4	996	997	999	998
4	1000	1001	1003	1002
4	1004	1005	1007	1006
4	1008	1009	1011	1010
4	1012	1013	1015	1014
4	1016	1017	1019	1018
4	1020	1021	1023	1022
4	1024	1025	1027	1026
4	1028	1029	1031	1030
4	1032	1033	1035	1034
4	1036	1037	1039	1038
4	1040	1041	1043	1042
4	1044	1045	1047	1046
4	1048	1049	1051	1050
4	1052	1053	1055	1054
4	1056	1057	1059	1058
4	1060	1061	1063	1062
4	1064	1065	1067	1066
4	1068	1069	1071	1070
4	1072	1073	1075	1074
4	1076	1077	1079	1078
4	1080	1081	1083	1082
4	1084	1085	1087	1086
4	1088	1089	1091	1090
4	1092	1093	1095	1094
4	1096	1097	1099	1098
4	1100	1101	1103	1102
4	1104	1105	1107	1106
4	1108	1109	1111	1110
4	1112	1113	1115	1114
4	1116	1117	1119	1118
4	1120	1121	1123	1122
4	1124	1125	1127	1126
4	1128	1129	1131	1130
4	1132	1133	1135	1134
4	1136	1137	1139	1138
4	1140	1141	1143	1142
4	1144	1145	1147	1146
4	1148	1149	1151	1150
4	1152	1153	1155	1154
4	1156	1157	1159	1158
4	1160	1161	1163	1162
4	1164	1165	1167	1166
4	1168	1169	1171	1170
4	1172	1173	1175	1174
4	1176	1177	1179	1178
4	1180	1181	1183	1182
4	1184	1185	1187	1186
4	1188	1189	1191	1190
4	1192	1193	1195	1194
4	1196	1197	1199	1198
4	1200	1201	1203	1202
4	1204	1205	1207	1206
4	1208	1209	1211	1210
4	1212	1213	1215	1214
4	1216	1217	1219	1218
4	1220	1221	1223	1222
4	1224	1225	1227	1226
4	1228	1229	1231	1230
4	1232	1233	1235	1234
4	1236	1237	1239	1238
4	1240	1241	1243	1242
4	1244	1245	1247	1246
4	1248	1249	1251	1250
4	1252	1253	1255	1254
4	1256	1257	1259	1258
4	1260	1261	1263	1262
4	1264	1265	1267	1266
4	1268	1269	1271	1270
4	1272	1273	1275	1274
4	1276	1277	1279	1278
4	1280	1281	1283	1282
4	1284	1285	1287	1286
4	1288	1289	1291	1290
4	1292	1293	1295	1294
4	1296	1297	1299	1298
4	1300	1301	1303	1302
4	1304	1305	1307	1306
4	1308	1309	1311	1310
4	1312	1313	1315	1314
4	1316	1317	1319	1318
4	1320	1321	1323	1322
4	1324	1325	1327	1326
4	1328	1329	1331	1330
4	1332	1333	1335	1334
4	1336	1337	1339	1338
4	1340	1341	1343	1342
4	1344	1345	1347	1346
4	1348	1349	1351	1350
4	1352	1353	1355	1354
4	1356	1357	1359	1358
4	1360	1361	1363	1362
4	1364	1365	1367	1366
4	1368	1369	1371	1370
4	1372	1373	1375	1374
4	1376	1377	1379	1378
4	1380	1381	1383	1382
4	1384	1385	1387	1386
4	1388	1389	1391	1390
4	1392	1393	1395	1394
4	1396	1397	1399	1398
4	1400	1401	1403	1402
4	1404	1405	1407	1406
4	1408	1409	1411	1410
4	1412	1413	1415	1414
4	1416	1417	1419	1418
4	1420	1421	1423	1422
4	1424	1425	1427	1426
4	1428	1429	1431	1430
4	1432	1433	1435	1434
4	1436	1437	1439	1438
4	1440	1441	1443	1442
4	1444	1445	1447	1446
4	1448	1449	1451	1450
4	1452	1453	1455	1454
4	1456	1457	1459	1458
4	1460	1461	1463	1462
4	1464	1465	1467	1466
4	1468	1469	1471	1470
4	1472	1473	1475	1474
4	1476	1477	1479	1478
4	1480	1481	1483	1482
4	1484	1485	1487	1486
4	1488	1489	1491	1490
4	1492	1493	1495	1494
4	1496	1497	1499	1498
4	1500	1501	1503	1502
4	1504	1505	1507	1506
4	1508	1509	1511	1510
4	1512	1513	1515	1514
4	1516	1517	1519	1518
4	1520	1521	1523	1522
4	1524	1525	1527	1526
4	1528	1529	1531	1530
4	1532	1533	1535	1534
4	1536	1537	1539	1538
4	1540	1541	1543	1542
4	1544	1545	1547	1546
4	1548	1549	1551	1550
4	1552	1553	1555	1554
4	1556	1557	1559	1558
4	1560	1561	1563	1562
4	1564	1565	1567	1566
4	1568	1569	1571	1570
4	1572	1573	1575	1574
4	1576	1577	1579	1578
4	1580	1581	1583	1582
4	1584	1585	1587	1586
4	1588	1589	1591	1590
4	1592	1593	1595	1594
4	1596	1597	1599	1598
4	1600	1601	1603	1602
4	1604	1605	1607	1606
4	1608	1609	1611	1610
4	1612	1613	1615	1614
4	1616	1617	1619	1618
4	1620	1621	1623	1622
4	1624	1625	1627	1626
4	1628	1629	1631	1630
4	1632	1633	1635	1634
4	1636	1637	1639	1638
4	1640	1641	1643	1642
4	1644	1645	1647	1646
4	1648	1649	1651	1650
4	1652	1653	1655	1654
4	1656	1657	1659	1658
4	1660	1661	1663	1662
4	1664	1665	1667	1666
4	1668	1669	1671	1670
4	1672	1673	1675	1674
4	1676	1677	1679	1678
4	1680	1681	1683	1682
4	1684	1685	1687	1686
4	1688	1689	1691	1690
4	1692	1693	1695	1694
4	1696	1697	1699	1698
4	1700	1701	1703	1702
4	1704	1705	1707	1706
4	1708	1709	1711	1710
4	1712	1713	1715	1714
4	1716	1717	1719	1718
4	1720	1721	1723	1722
4	1724	1725	1727	1726
4	1728	1729	1731	1730
4	1732	1733	1735	1734
4	1736	1737	1739	1738
4	1740	1741	1743	1742
4	1744	1745	1747	1746
4	1748	1749	1751	1750
4	1752	1753	1755	1754
4	1756	1757	1759	1758
4	1760	1761	1763	1762
4	1764	1765	1767	1766
4	1768	1769	1771	1770
4	1772	1773	1775	1774
4	1776	1777	1779	1778
4	1780	1781	1783	1782
4	1784	1785	1787	1786
4	1788	1789	1791	1790
4	1792	1793	1795	1794
4	1796	1797	1799	1798
4	1800	1801	1803	1802
4	1804	1805	1807	1806
4	1808	1809	1811	1810
4	1812	1813	1815	1814
4	1816	1817	1819	1818
4	1820	1821	1823	1822
4	1824	1825	1827	1826
4	1828	1829	1831	1830
4	1832	1833	1835	1834
4	1836	1837	1839	1838
4	1840	1841	1843	1842
4	1844	1845	1847	1846
4	1848	1849	1851	1850
4	1852	1853	1855	1854
4	1856	1857	1859	1858
4	1860	1861	1863	1862
4	1864	1865	1867	1866
4	1868	1869	1871	1870
4	1872	1873	1875	1874
4	1876	1877	1879	1878
4	1880	1881	1883	1882
4	1884	1885	1887	1886
4	1888	1889	1891	1890
4	1892	1893	1895	1894
4	1896	1897	1899	1898
4	1900	1901	1903	1902
4	1904	1905	1907	1906
4	1908	1909	1911	1910
4	1912	1913	1915	1914
4	1916	1917	1919	1918
4	1920	1921	1923	1922
4	1924	1925	1927	1926
4	1928	1929	1931	1930
4	1932	1933	1935	1934
4	1936	1937	1939	1938
4	1940	1941	1943	1942
4	1944	1945	1947	1946
4	1948	1949	1951	1950
4	1952	1953	1955	1954
4	1956	1957	1959	1958
4	1960	1961	1963	1962
4	1964	1965	1967	1966
4	1968	1969	1971	1970
4	1972	1973	1975	1974
4	1976	1977	1979	1978
4	1980	1981	1983	1982
4	1984	1985	1987	1986
4	1988	1989	1991	1990
4	1992	1993	1995	1994
4	1996	1997	1999	1998
4	2000	2001	2003	2002
4	2004	2005	2007	2006
4	2008	2009	2011	2010
4	2012	2013	2015	2014
4	2016	2017	2019	2018
4	2020	2021	2023	2022
4	2024	2025	2027	2026
4	2028	2029	2031	2030
4	2032	2033	2035	2034
4	2036	2037	2039	2038
4	2040	2041	2043	2042
4	2044	2045	2047	2046
4	2048	2049	2051	2050
4	2052	2053	2055	2054
4	2056	2057	2059	2058
4	2060	2061	2063	2062
4	2064	2065	2067	2066
4	2068	2069	2071	2070
4	2072	2073	2075	2074
4	2076	2077	2079	2078
4	2080	2081	2083	2082
4	2084	2085	2087	2086
4	2088	2089	2091	2090
4	2092	2093	2095	2094
4	2096	2097	2099	2098
4	2100	2101	2103	2102
4	2104	2105	2107	2106
4	2108	2109	2111	2110
4	2112	2113	2115	2114
4	2116	2117	2119	2118
4	2120	2121	2123	2122
4	2124	2125	2127	2126
4	2128	2129	2131	2130
4	2132	2133	2135	2134
4	2136	2137	2139	2138
4	2140	2141	2143	2142
4	2144	2145	2147	2146
4	2148	2149	2151	2150
4	2152	2153	2155	2154
4	2156	2157	2159	2158
4	2160	2161	2163	2162
4	2164	2165	2167	2166
4	2168	2169	2171	2170
4	2172	2173	2175	2174
4	2176	2177	2179	2178
4	2180	2181	2183	2182
4	2184	2185	2187	2186
4	2188	2189	2191	2190
4	2192	2193	2195	2194
4	2196	2197	2199	2198
4	2200	2201	2203	2202
4	2204	2205	2207	2206
4	2208	2209	2211	2210
4	2212	2213	2215	2214
4	2216	2217	2219	2218
4	2220	2221	2223	2222
4	2224	2225	2227	2226
4	2228	2229	2231	2230
4	2232	2233	2235	2234
4	2236	2237	2239	2238
4	2240	2241	2243	2242
4	2244	2245	2247	2246
4	2248	2249	2251	2250
4	2252	2253	2255	2254
4	2256	2257	2259	2258
4	2260	2261	2263	2262
4	2264	2265	2267	2266
4	2268	2269	2271	2270
4	2272	2273	2275	2274
4	2276	2277	2279	2278
4	2280	2281	2283	2282
4	2284	2285	2287	2286
4	2288	2289	2291	2290
4	2292	2293	2295	2294
4	2296	2297	2299	2298
4	2300	2301	2303	2302
4	2304	2305	2307	2306
4	2308	2309	2311	2310
4	2312	2313	2315	2314
4	2316	2317	2319	2318
4	2320	2321	2323	2322
4	2324	2325	2327	2326
4	2328	2329	2331	2330
4	2332	2333	2335	2334
4	2336	2337	2339	2338
4	2340	2341	2343	2342
4	2344	2345	2347	2346
4	2348	2349	2351	2350
4	2352	2353	2355	2354
4	2356	2357	2359	2358
4	2360	2361	2363	2362
4	2364	2365	2367	2366
4	2368	2369	2371	2370
4	2372	2373	2375	2374
4	2376	2377	2379	2378
4	2380	2381	2383	2382
4	2384	2385	2387	2386
4	2388	2389	2391	2390
4	2392	2393	2395	2394
4	2396	2397	2399	2398
4	2400	2401	2403	2402
4	2404	2405	2407	2406
4	2408	2409	2411	2410
4	2412	2413	2415	2414
4	2416	2417	2419	2418
4	2420	2421	2423	2422
4	2424	2425	2427	2426
4	2428	2429	2431	2430
4	2432	2433	2435	2434
4	2436	2437	2439	2438
4	2440	2441	2443	2442
4	2444	2445	2447	2446
4	2448	2449	2451	2450
4	2452	2453	2455	2454
4	2456	2457	2459	2458
4	2460	2461	2463	2462
4	2464	2465	2467	2466
4	2468	2469	2471	2470
4	2472	2473	2475	2474
4	2476	2477	2479	2478
4	2480	2481	2483	2482
4	2484	2485	2487	2486
4	2488	2489	2491	2490
4	2492	2493	2495	2494
4	2496	2497	2499	2498
4	2500	2501	2503	2502
4	2504	2505	2507	2506
4	2508	2509	2511	2510
4	2512	2513	2515	2514
4	2516	2517	2519	2518
4	2520	2521	2523	2522
4	2524	2525	2527	2526
4	2528	2529	2531	2530
4	2532	2533	2535	2534
4	2536	2537	2539	2538
4	2540	2541	2543	2542
4	2544	2545	2547	2546
4	2548	2549	2551	2550
4	2552	2553	2555	2554
4	2556	2557	2559	2558
4	2560	2561	2563	2562
4	2564	2565	2567	2566
4	2568	2569	2571	2570
4	2572	2573	2575	2574
4	2576	2577	2579	2578
4	2580	2581	2583	2582
4	2584	2585	2587	2586
4	2588	2589	2591	2590
4	2592	2593	2595	2594
4	2596	2597	2599	2598
4	2600	2601	2603	2602
4	2604	2605	2607	2606
4	2608	2609	2611	2610
4	2612	2613	2615	2614
4	2616	2617	2619	2618
4	2620	2621	2623	2622
4	2624	2625	2627	2626
4	2628	2629	2631	2630
4	2632	2633	2635	2634
4	2636	2637	2639	2638
4	2640	2641	2643	2642
4	2644	2645	2647	2646
4	2648	2649	2651	2650
4	2652	2653	2655	2654
4	2656	2657	2659	2658
4	2660	2661	2663	2662
4	2664	2665	2667	2666
4	2668	2669	2671	2670
4	2672	2673	2675	2674
4	2676	2677	2679	2678
4	2680	2681	2683	2682
4	2684	2685	2687	2686
4	2688	2689	2691	2690
4	2692	2693	2695	2694
4	2696	2697	2699	2698
4	2700	2701	2703	2702
4	2704	2705	2707	2706
4	2708	2709	2711	2710
4	2712	2713	2715	2714
4	2716	2717	2719	2718
4	2720	2721	2723	2722
4	2724	2725	2727	2726
4	2728	2729	2731	2730
4	2732	2733	2735	2734
4	2736	2737	2739	2738
4	2740	2741	2743	2742
4	2744	2745	2747	2746
4	2748	2749	2751	2750
4	2752	2753	2755	2754
4	2756	2757	2759	2758
4	2760	2761	2763	2762
4	2764	2765	2767	2766
4	2768	2769	2771	2770
4	2772	2773	2775	2774
4	2776	2777	2779	2778
4	2780	2781	2783	2782
4	2784	2785	2787	2786
4	2788	2789	2791	2790
4	2792	2793	2795	2794
4	2796	2797	2799	2798
4	2800	2801	2803	2802
4	2804	2805	2807	2806
4	2808	2809	2811	2810
4	2812	2813	2815	2814
4	2816	2817	2819	2818
4	2820	2821	2823	2822
4	2824	2825	2827	2826
4	2828	2829	2831	2830
4	2832	2833	2835	2834
4	2836	2837	2839	2838
4	2840	2841	2843	2842
4	2844	2845	2847	2846
4	2848	2849	2851	2850
4	2852	2853	2855	2854
4	2856	2857	2859	2858
4	2860	2861	2863	2862
4	2864	2865	2867	2866
4	2868	2869	2871	2870
4	2872	2873	2875	2874
4	2876	2877	2879	2878
4	2880	2881	2883	2882
4	2884	2885	2887	2886
4	2888	2889	2891	2890
4	2892	2893	2895	2894
4	2896	2897	2899	2898
4	2900	2901	2903	2902
4	2904	2905	2907	2906
4	2908	2909	2911	2910
4	2912	2913	2915	2914
4	2916	2917	2919	2918
4	2920	2921	2923	2922
4	2924	2925	2927	2926
4	2928	2929	2931	2930
4	2932	2933	2935	2934
4	2936	2937	2939	2938
4	2940	2941	2943	2942
4	2944	2945	2947	2946
4	2948	2949	2951	2950
4	2952	2953	2955	2954
4	2956	2957	2959	2958
4	2960	2961	2963	2962
4	2964	2965	2967	2966
4	2968	2969	2971	2970
4	2972	2973	2975	2974
4	2976	2977	2979	2978
4	2980	2981	2983	2982
4	2984	2985	2987	2986
4	2988	2989	2991	2990
4	2992	2993	2995	2994
4	2996	2997	2999	2998
4	3000	3001	3003	3002
4	3004	3005	3007	3006
4	3008	3009	3011	3010
4	3012	3013	3015	3014
4	3016	3017	3019	3018
4	3020	3021	3023	3022
4	3024	3025	3027	3026
4	3028	3029	3031	3030
4	3032	3033	3035	3034
4	3036	3037	3039	3038
4	3040	3041	3043	3042
4	3044	3045	3047	3046
4	3048	3049	3051	3050
4	3052	3053	3055	3054
4	3056	3057	3059	3058
4	3060	3061	3063	3062
4	3064	3065	3067	3066
4	3068	3069	3071	3070
4	3072	3073	3075	3074
4	3076	3077	3079	3078
4	3080	3081	3083	3082
4	3084	3085	3087	3086
4	3088	3089	3091	3090
4	3092	3093	3095	3094
4	3096	3097	3099	3098
4	3100	3101	3103	3102
4	3104	3105	3107	3106
4	3108	3109	3111	3110
4	3112	3113	3115	3114
4	3116	3117	3119	3118
4	3120	3121	3123	3122
4	3124	3125	3127	3126
4	3128	3129	3131	3130
4	3132	3133	3135	3134
4	3136	3137	3139	3138
4	3140	3141	3143	3142
4	3144	3145	3147	3146
4	3148	3149	3151	3150
4	3152	3153	3155	3154
4	3156	3157	3159	3158
4	3160	3161	3163	3162
4	3164	3165	3167	3166
4	3168	3169	3171	3170
4	3172	3173	3175	3174
4	3176	3177	3179	3178
4	3180	3181	3183	3182
4	3184	3185	3187	3186
4	3188	3189	3191	3190
4	3192	3193	3195	3194
4	3196	3197	3199	3198
4	3200	3201	3203	3202
4	3204	3205	3207	3206
4	3208	3209	3211	3210
4	3212	3213	3215	3214
4	3216	3217	3219	3218
4	3220	3221	3223	3222
4	3224	3225	3227	3226
4	3228	3229	3231	3230
4	3232	3233	3235	3234
4	3236	3237	3239	3238
4	3240	3241	3243	3242
4	3244	3245	3247	3246
4	3248	3249	3251	3250
4	3252	3253	3255	3254
4	3256	3257	3259	3258
4	3260	3261	3263	3262
4	3264	3265	3267	3266
4	3268	3269	3271	3270
4	3272	3273	3275	3274
4	3276	3277	3279	3278
4	3280	3281	3283	3282
4	3284	3285	3287	3286
4	3288	3289	3291	3290
4	3292	3293	3295	3294
4	3296	3297	3299	3298
4	3300	3301	3303	3302
4	3304	3305	3307	3306
4	3308	3309	3311	3310
4	3312	3313	3315	3314
4	3316	3317	3319	3318
4	3320	3321	3323	3322
4	3324	3325	3327	3326
4	3328	3329	3331	3330
4	3332	3333	3335	3334
4	3336	3337	3339	3338
4	3340	3341	3343	3342
4	3344	3345	3347	3346
4	3348	3349	3351	3350
4	3352	3353	3355	3354
4	3356	3357	3359	3358
4	3360	3361	3363	3362
4	3364	3365	3367	3366
4	3368	3369	3371	3370
4	3372	3373	3375	3374
4	3376	3377	3379	3378
4	3380	3381	3383	3382
4	3384	3385	3387	3386
4	3388	3389	3391	3390
4	3392	3393	3395	3394
4	3396	3397	3399	3398
4	3400	3401	3403	3402
4	3404	3405	3407	3406
4	3408	3409	3411	3410
4	3412	3413	3415	3414
4	3416	3417	3419	3418
4	3420	3421	3423	3422
4	3424	3425	3427	3426
4	3428	3429	3431	3430
4	3432	3433	3435	3434
4	3436	3437	3439	3438
4	3440	3441	3443	3442
4	3444	3445	3447	3446
4	3448	3449	3451	3450
4	3452	3453	3455	3454
4	3456	3457	3459	3458
4	3460	3461	3463	3462
4	3464	3465	3467	3466
4	3468	3469	3471	3470
4	3472	3473	3475	3474
4	3476	3477	3479	3478
4	3480	3481	3483	3482
4	3484	3485	3487	3486
4	3488	3489	3491	3490
4	3492	3493	3495	3494
4	3496	3497	3499	3498
4	3500	3501	3503	3502
4	3504	3505	3507	3506
4	3508	3509	3511	3510
4	3512	3513	3515	3514
4	3516	3517	3519	3518
4	3520	3521	3523	3522
4	3524	3525	3527	3526
4	3528	3529	3531	3530
4	3532	3533	3535	3534
4	3536	3537	3539	3538
4	3540	3541	3543	3542
4	3544	3545	3547	3546
4	3548	3549	3551	3550
4	3552	3553	3555	3554
4	3556	3557	3559	3558
4	3560	3561	3563	3562
4	3564	3565	3567	3566
4	3568	3569	3571	3570
4	3572	3573	3575	3574
4	3576	3577	3579	3578
4	3580	3581	3583	3582
4	3584	3585	3587	3586
4	3588	3589	3591	3590
4	3592	3593	3595	3594
4	3596	3597	3599	3598
4	3600	3601	3603	3602
4	3604	3605	3607	3606
4	3608	3609	3611	3610
4	3612	3613	3615	3614
4	3616	3617	3619	3618
4	3620	3621	3623	3622
4	3624	3625	3627	3626
4	3628	3629	3631	3630
4	3632	3633	3635	3634
4	3636	3637	3639	3638
4	3640	3641	3643	3642
4	3644	3645	3647	3646
4	3648	3649	3651	3650
4	3652	3653	3655	3654
4	3656	3657	3659	3658
4	3660	3661	3663	3662
4	3664	3665	3667	3666
4	3668	3669	3671	3670
4	3672	3673	3675	3674
4	3676	3677	3679	3678
4	3680	3681	3683	3682
4	3684	3685	3687	3686
4	3688	3689	3691	3690
4	3692	3693	3695	3694
4	3696	3697	3699	3698
4	3700	3701	3703	3702
4	3704	3705	3707	3706
4	3708	3709	3711	3710
4	3712	3713	3715	3714
4	3716	3717	3719	3718
4	3720	3721	3723	3722
4	3724	3725	3727	3726
4	3728	3729	3731	3730
4	3732	3733	3735	3734
4	3736	3737	3739	3738
4	3740	3741	3743	3742
4	3744	3745	3747	3746
4	3748	3749	3751	3750
4	3752	3753	3755	3754
4	3756	3757	3759	3758
4	3760	3761	3763	3762
4	3764	3765	3767	3766
4	3768	3769	3771	3770
4	3772	3773	3775	3774
4	3776	3777	3779	3778
4	3780	3781	3783	3782
4	3784	3785	3787	3786
4	3788	3789	3791	3790
4	3792	3793	3795	3794
4	3796	3797	3799	3798
4	3800	3801	3803	3802
4	3804	3805	3807	3806
4	3808	3809	3811	3810
4	3812	3813	3815	3814
4	3816	3817	3819	3818
4	3820	3821	3823	3822
4	3824	3825	3827	3826
4	3828	3829	3831	3830
4	3832	3833	3835	3834
4	3836	3837	3839	3838
4	3840	3841	3843	3842
4	3844	3845	3847	3846
4	3848	3849	3851	3850
4	3852	3853	3855	3854
4	3856	3857	3859	3858
4	3860	3861	3863	3862
4	3864	3865	3867	3866
4	3868	3869	3871	3870
4	3872	3873	3875	3874
4	3876	3877	3879	3878
4	3880	3881	3883	3882
4	3884	3885	3887	3886
4	3888	3889	3891	3890
4	3892	3893	3895	3894
4	3896	3897	3899	3898
4	3900	3901	3903	3902
4	3904	3905	3907	3906
4	3908	3909	3911	3910
4	3912	3913	3915	3914
4	3916	3917	3919	3918
4	3920	3921	3923	3922
4	3924	3925	3927	3926
4	3928	3929	3931	3930
4	3932	3933	3935	3934
4	3936	3937	3939	3938
4	3940	3941	3943	3942
4	3944	3945	3947	3946
4	3948	3949	3951	3950
4	3952	3953	3955	3954
4	3956	3957	3959	3958
4	3960	3961	3963	3962
4	3964	3965	3967	3966
4	3968	3969	3971	3970
4	3972	3973	3975	3974
4	3976	3977	3979	3978
4	3980	3981	3983	3982
4	3984	3985	3987	3986
4	3988	3989	3991	3990
4	3992	3993	3995	3994
4	3996	3997	3999	3998
4	4000	4001	4003	4002
4	4004	4005	4007	4006
4	4008	4009	4011	4010
4	4012	4013	4015	4014
4	4016	4017	4019	4018
4	4020	4021	4023	4022
4	4024	4025	4027	4026
4	4028	4029	4031	4030
4	4032	4033	4035	4034
4	4036	4037	4039	4038
4	4040	4041	4043	4042
4	4044	4045	4047	4046
4	4048	4049	4051	4050
4	4052	4053	4055	4054
4	4056	4057	4059	4058
4	4060	4061	4063	4062
4	4064	4065	4067	4066
4	4068	4069	4071	4070
4	4072	4073	4075	4074
4	4076	4077	4079	4078
4	4080	4081	4083	4082
4	4084	4085	4087	4086
4	4088	4089	4091	4090
4	4092	4093	4095	4094

CELL_TYPES 1024
 9 9 9 9 9 9 9 9 9 9 9 9 9 9 9 9 9 9 9 9 9 9 9 9 9 9 9 9 9 9 9 9 9 9 9 9 9 9 9 9 9 9 9 9 9 9 9 9 9 9 9 9 9 9 9 9 9 9 9 9 9 9 9 9 9 9 9 9 9 9 9 9 9 9 9 9 9 9 9 9 9 9 9 9 9 9 9 9 9 9 9 9 9 9 9 9 9 9 9 9 9 9 9 9 9 9 9 9 9 9 9 9 9 9 9 9 9 9 9 9 9 9 9 9 9 9 9 9 9 9 9 9 9 9 9 9 9 9 9 9 9 9 9 9 9 9 9 9 9 9 9 9 9 9 9 9 9 9 9 9 9 9 9 9 9 9 9 9 9 9 9 9 9 9 9 9 9 9 9 9 9 9 9 9 9 9 9 9 9 9 9 9 9 9 9 9 9 9 9 9 9 9 9 9 9 9 9 9 9 9 9 9 9 9 9 9 9 9 9 9 9 9 9 9 9 9 9 9 9 9 9 9 9 9 9 9 9 9 9 9 9 9 9 9 9 9 9 9 9 9 9 9 9 9 9 9 9 9 9 9 9 9 9 9 9 9 9 9 9 9 9 9 9 9 9 9 9 9 9 9 9 9 9 9 9 9 9 9 9 9 9 9 9 9 9 9 9 9 9 9 9 9 9 9 9 9 9 9 9 9 9 9 9 9 9 9 9 9 9 9 9 9 9 9 9 9 9 9 9 9 9 9 9 9 9 9 9 9 9 9 9 9 9 9 9 9 9 9 9 9 9 9 9 9 9 9 9 9 9 9 9 9 9 9 9 9 9 9 9 9 9 9 9 9 9 9 9 9 9 9 9 9 9 9 9 9 9 9 9 9 9 9 9 9 9 9 9 9 9 9 9 9 9 9 9 9 9 9 9 9 9 9 9 9 9 9 9 9 9 9 9 9 9 9 9 9 9 9 9 9 9 9 9 9 9 9 9 9 9 9 9 9 9 9 9 9 9 9 9 9 9 9 9 9 9 9 9 9 9 9 9 9 9 9 9 9 9 9 9 9 9 9 9 9 9 9 9 9 9 9 9 9 9 9 9 9 9 9 9 9 9 9 9 9 9 9 9 9 9 9 9 9 9 9 9 9 9 9 9 9 9 9 9 9 9 9 9 9 9 9 9 9 9 9 9 9 9 9 9 9 9 9 9 9 9 9 9 9 9 9 9 9 9 9 9 9 9 9 9 9 9 9 9 9 9 9 9 9 9 9 9 9 9 9 9 9 9 9 9 9 9 9 9 9 9 9 9 9 9 9 9 9 9 9 9 9 9 9 9 9 9 9 9 9 9 9 9 9 9 9 9 9 9 9 9 9 9 9 9 9 9 9 9 9 9 9 9 9 9 9 9 9 9 9 9 9 9 9 9 9 9 9 9 9 9 9 9 9 9 9 9 9 9 9 9 9 9 9 9 9 9 9 9 9 9 9 9 9 9 9 9 9 9 9 9 9 9 9 9 9 9 9 9 9 9 9 9 9 9 9 9 9 9 9 9 9 9 9 9 9 9 9 9 9 9 9 9 9 9 9 9 9 9 9 9 9 9 9 9 9 9 9 9 9 9 9 9 9 9 9 9 9 9 9 9 9 9 9 9 9 9 9 9 9 9 9 9 9 9 9 9 9 9 9 9 9 9 9 9 9 9 9 9 9 9 9 9 9 9 9 9 9 9 9 9 9 9 9 9 9 9 9 9 9 9 9 9 9 9 9 9 9 9 9 9 9 9 9 9 9 9 9 9 9 9 9 9 9 9 9 9 9 9 9 9 9 9 9 9 9 9 9 9 9 9 9 9 9 9 9 9 9 9 9 9 9 9 9 9 9 9 9 9 9 9 9 9 9 9 9 9 9 9 9 9 9 9 9 9 9 9 9 9 9 9 9 9 9 9 9 9 9 9 9 9 9 9 9 9 9 9 9 9 9 9 9 9 9 9 9 9 9 9 9 9 9 9 9 9 9 9 9 9 9 9 9 9 9 9 9 9 9 9 9 9 9 9 9 9 9 9 9 9 9 9 9 9 9 9 9 9 9 9 9 9 9 9 9 9 9 9 9 9 9 9 9 9 9 9 9 9 9 9 9 9 9 9 9 9 9 9 9 9 9 9 9 9 9 9 9 9 9 9 9 9 9 9 9 9 9 9 9 9 9 9 9 9 9 9 9 9 9 9 9 9 9 9 9 9 9 9 9 9 9 9 9 9 9 9 9 9 9 9 9 9 9 9 9 9 9 9 9 9 9 9 9 9 9 9 9 9 9 9 9
POINT_DATA 4096
SCALARS x_velo double 1
LOOKUP_TABLE default
0 0 0 -0.000204038 0 0 -0.000204038 -0.000135917 0 -0.000204038 0 -0.000283129 -0.000204038 -0.000135917 -0.000283129 -0.000186302 0 0 -0.000135917 -1.18918e-05 0 0 -1.18918e-05 9.07683e-05 -0.000135917 -1.18918e-05 -0.000186302 1.49121e-05 -1.18918e-05 9.07683e-05 1.49121e-05 0.000186778 0 -0.000283129 0 -0.00029449 -0.000283129 -0.000186302 -0.00029449 -0.000166559 0 -0.00029449 0 -0.000262078 -0.00029449 -0.000166559 -0.000262078 -8.60786e-05 -0.000186302 1.49121e-05 -0.000166559 8.14877e-05 1.49121e-05 0.000186778 8.14877e-05 0.000293017 -0.000166559 8.14877e-05 -8.60786e-05 0.000184776 8.14877e-05 0.000293017 0.000184776 0.00040975 0 0 9.07683e-05 0.000158114 0 0 0.000158114 0.000199184 9.07683e-05 0.000158114 0.000186778 0.000303687 0.000158114 0.000199184 0.000303687 0.000378085 0 0 0.000199184 0.000224768 0 0 0.000224768 0.000241938 0.000199184 0.000224768 0.000378085 0.00042631 0.000224768 0.000241938 0.00042631 0.000459545 0.000186778 0.000303687 0.000293017 0.000441193 0.000303687 0.000378085 0.000441193 0.000539765 0.000293017 0.000441193 0.00040975 0.000572164 0.000441193 0.000539765 0.000572164 0.000685883 0.000378085 0.00042631 0.000539765 0.000606554 0.00042631 0.000459545 0.000606554 0.000654049 0.000539765 0.000606554 0.000685883 0.000766885 0.000606554 0.000654049 0.000766885 0.000826509 0 -0.000262078 0 -0.000185838 -0.000262078 -8.60786e-05 -0.000185838 5.133e-05 0 -0.000185838 0 -4.16623e-05 -0.000185838 5.133e-05 -4.16623e-05 0.000244607 -8.60786e-05 0.000184776 5.133e-05 0.000318368 0.000184776 0.00040975 0.000318368 0.000533231 5.133e-05 0.000318368 0.000244607 0.000471425 0.000318368 0.000533231 0.000471425 0.000655996 0 -4.16623e-05 0 0.000239293 -4.16623e-05 0.000244607 0.000239293 0.000480157 0 0.000239293 0 0.000742822 0.000239293 0.000480157 0.000742822 0.000739194 0.000244607 0.000471425 0.000480157 0.000627109 0.000471425 0.000655996 0.000627109 0.00076728 0.000480157 0.000627109 0.000739194 0.000759421 0.000627109 0.00076728 0.000759421 0.000853276 0.00040975 0.000572164 0.000533231 0.000695533 0.000572164 0.000685883 0.000695533 0.000816809 0.000533231 0.000695533 0.000655996 0.000808106 0.000695533 0.000816809 0.000808106 0.000931902 0.000685883 0.000766885 0.000816809 0.000908152 0.000766885 0.000826509 0.000908152 0.000977789 0.000816809 0.000908152 0.000931902 0.00103079 0.000908152 0.000977789 0.00103079 0.00110859 0.000655996 0.000808106 0.00076728 0.000905162 0.000808106 0.000931902 0.000905162 0.00102992 0.00076728 0.000905162 0.000853276 0.000981312 0.000905162 0.00102992 0.000981312 0.00110962 0.000931902 0.00103079 0.00102992 0.00113502 0.00103079 0.00110859 0.00113502 0.00121954 0.00102992 0.00113502 0.00110962 0.00122113 0.00113502 0.00121954 0.00122113 0.00131127 0 0 0.000241938 0.000254406 0 0 0.000254406 0.000263916 0.000241938 0.000254406 0.000459545 0.000483928 0.000254406 0.000263916 0.000483928 0.000502525 0 0 0.000263916 0.000271285 0 0 0.000271285 0.000276951 0.000263916 0.000271285 0.000502525 0.00051688 0.000271285 0.000276951 0.00051688 0.000527874 0.000459545 0.000483928 0.000654049 0.000689408 0.000483928 0.000502525 0.000689408 0.000716451 0.000654049 0.000689408 0.000826509 0.000871638 0.000689408 0.000716451 0.000871638 0.000906293 0.000502525 0.00051688 0.000716451 0.000737275 0.00051688 0.000527874 0.000737275 0.000753169 0.000716451 0.000737275 0.000906293 0.000932935 0.000737275 0.000753169 0.000932935 0.000953206 0 0 0.000276951 0.000281201 0 0 0.000281201 0.000284254 0.000276951 0.000281201 0.000527874 0.000536101 0.000281201 0.000284254 0.000536101 0.000542001 0 0 0.000284254 0.000286276 0 0 0.000286276 0.00028738 0.000284254 0.000286276 0.000542001 0.000545903 0.000286276 0.00028738 0.000545903 0.000548032 0.000527874 0.000536101 0.000753169 0.00076503 0.000536101 0.000542001 0.00076503 0.000773521 0.000753169 0.00076503 0.000953206 0.000968293 0.00076503 0.000773521 0.000968293 0.000979075 0.000542001 0.000545903 0.000773521 0.000779131 0.000545903 0.000548032 0.000779131 0.000782189 0.000773521 0.000779131 0.000979075 0.00098619 0.000779131 0.000782189 0.00098619 0.000990063 0.000826509 0.000871638 0.000977789 0.00103134 0.000871638 0.000906293 0.00103134 0.00107262 0.000977789 0.00103134 0.00110859 0.00116916 0.00103134 0.00107262 0.00116916 0.00121594 0.000906293 0.000932935 0.00107262 0.0011043 0.000932935 0.000953206 0.0011043 0.00112833 0.00107262 0.0011043 0.00121594 0.00125175 0.0011043 0.00112833 0.00125175 0.00127884 0.00110859 0.00116916 0.00121954 0.00128571 0.00116916 0.00121594 0.00128571 0.00133672 0.00121954 0.00128571 0.00131127 0.00138153 0.00128571 0.00133672 0.00138153 0.00143538 0.00121594 0.00125175 0.00133672 0.00137565 0.00125175 0.00127884 0.00137565 0.00140499 0.00133672 0.00137565 0.00143538 0.00147627 0.00137565 0.00140499 0.00147627 0.00150699 0.000953206 0.000968293 0.00112833 0.00114617 0.000968293 0.000979075 0.00114617 0.00115889 0.00112833 0.00114617 0.00127884 0.00129889 0.00114617 0.00115889 0.00129889 0.00131318 0.000979075 0.00098619 0.00115889 0.00116728 0.00098619 0.000990063 0.00116728 0.00117184 0.00115889 0.00116728 0.00131318 0.00132258 0.00116728 0.00117184 0.00132258 0.00132769 0.00127884 0.00129889 0.00140499 0.00142667 0.00129889 0.00131318 0.00142667 0.0014421 0.00140499 0.00142667 0.00150699 0.00152966 0.00142667 0.0014421 0.00152966 0.00154577 0.00131318 0.00132258 0.0014421 0.00145224 0.00132258 0.00132769 0.00145224 0.00145774 0.0014421 0.00145224 0.00154577 0.00155636 0.00145224 0.00145774 0.00155636 0.0015621 0 0 0.00028738 0.000287632 0 0 0.000287632 0.000287044 0.00028738 0.000287632 0.000548032 0.000548514 0.000287632 0.000287044 0.000548514 0.000547372 0 0 0.000287044 0.000285579 0 0 0.000285579 0.000283143 0.000287044 0.000285579 0.000547372 0.000544533 0.000285579 0.000283143 0.000544533 0.000539813 0.000548032 0.000548514 0.000782189 0.000782875 0.000548514 0.000547372 0.000782875 0.000781223 0.000782189 0.000782875 0.000990063 0.000990923 0.000782875 0.000781223 0.000990923 0.000988816 0.000547372 0.000544533 0.000781223 0.000777125 0.000544533 0.000539813 0.000777125 0.000770317 0.000781223 0.000777125 0.000988816 0.0009836 0.000777125 0.000770317 0.0009836 0.000974938 0 0 0.000283143 0.000279581 0 0 0.000279581 0.000274666 0.000283143 0.000279581 0.000539813 0.000532912 0.000279581 0.000274666 0.000532912 0.000523384 0 0 0.000274666 0.000268073 0 0 0.000268073 0.000259347 0.000274666 0.000268073 0.000523384 0.000510603 0.000268073 0.000259347 0.000510603 0.000493687 0.000539813 0.000532912 0.000770317 0.000760362 0.000532912 0.000523384 0.000760362 0.000746614 0.000770317 0.000760362 0.000974938 0.000962272 0.000760362 0.000746614 0.000962272 0.000944779 0.000523384 0.000510603 0.000746614 0.00072817 0.000510603 0.000493687 0.00072817 0.000703774 0.000746614 0.00072817 0.000944779 0.000921311 0.00072817 0.000703774 0.000921311 0.000890291 0.000990063 0.000990923 0.00117184 0.00117285 0.000990923 0.000988816 0.00117285 0.00117034 0.00117184 0.00117285 0.00132769 0.0013288 0.00117285 0.00117034 0.0013288 0.00132598 0.000988816 0.0009836 0.00117034 0.00116417 0.0009836 0.000974938 0.00116417 0.00115393 0.00117034 0.00116417 0.00132598 0.00131903 0.00116417 0.00115393 0.00131903 0.00130751 0.00132769 0.0013288 0.00145774 0.00145893 0.0013288 0.00132598 0.00145893 0.00145586 0.00145774 0.00145893 0.0015621 0.00156332 0.00145893 0.00145586 0.00156332 0.00156009 0.00132598 0.00131903 0.00145586 0.00144833 0.00131903 0.00130751 0.00144833 0.00143585 0.00145586 0.00144833 0.00156009 0.0015522 0.00144833 0.00143585 0.0015522 0.00153912 0.000974938 0.000962272 0.00115393 0.00113895 0.000962272 0.000944779 0.00113895 0.00111826 0.00115393 0.00113895 0.00130751 0.00129066 0.00113895 0.00111826 0.00129066 0.00126738 0.000944779 0.000921311 0.00111826 0.0010905 0.000921311 0.000890291 0.0010905 0.00105384 0.00111826 0.0010905 0.00126738 0.00123616 0.0010905 0.00105384 0.00123616 0.00119494 0.00130751 0.00129066 0.00143585 0.00141762 0.00129066 0.00126738 0.00141762 0.00139243 0.00143585 0.00141762 0.00153912 0.00152001 0.00141762 0.00139243 0.00152001 0.00149361 0.00126738 0.00123616 0.00139243 0.00135863 0.00123616 0.00119494 0.00135863 0.00131402 0.00139243 0.00135863 0.00149361 0.00145819 0.00135863 0.00131402 0.00145819 0.00141142 0 0 0.000259347 0.000247827 0 0 0.000247827 0.000232536 0.000259347 0.000247827 0.000493687 0.000471387 0.000247827 0.000232536 0.000471387 0.000441898 0 0 0.000232536 0.000212045 0 0 0.000212045 0.000184459 0.000232536 0.000212045 0.000441898 0.000402647 0.000212045 0.000184459 0.000402647 0.000350272 0.000493687 0.000471387 0.000703774 0.000671673 0.000471387 0.000441898 0.000671673 0.000629404 0.000703774 0.000671673 0.000890291 0.000849563 0.000671673 0.000629404 0.000849563 0.00079617 0.000441898 0.000402647 0.000629404 0.000573531 0.000402647 0.000350272 0.000573531 0.000499559 0.000629404 0.000573531 0.00079617 0.000726082 0.000573531 0.000499559 0.000726082 0.000633998 0 0 0.000184459 0.000148045 0 0 0.000148045 0.000103691 0.000184459 0.000148045 0.000350272 0.000281492 0.000148045 0.000103691 0.000281492 0.000196412 0 0 0.000103691 5.81601e-05 0 0 5.81601e-05 0 0.000103691 5.81601e-05 0.000196412 0.00010304 5.81601e-05 0 0.00010304 0 0.000350272 0.000281492 0.000499559 0.000402632 0.000281492 0.000196412 0.000402632 0.000280521 0.000499559 0.000402632 0.000633998 0.000513573 0.000402632 0.000280521 0.000513573 0.000359114 0.000196412 0.00010304 0.000280521 0.000140426 0.00010304 0 0.000140426 0 0.000280521 0.000140426 0.000359114 0.000175137 0.000140426 0 0.000175137 0 0.000890291 0.000849563 0.00105384 0.0010058 0.000849563 0.00079617 0.0010058 0.000943102 0.00105384 0.0010058 0.00119494 0.00114102 0.0010058 0.000943102 0.00114102 0.00107091 0.00079617 0.000726082 0.000943102 0.000861358 0.000726082 0.000633998 0.000861358 0.000754824 0.000943102 0.000861358 0.00107091 0.000980098 0.000861358 0.000754824 0.000980098 0.000862784 0.00119494 0.00114102 0.00131402 0.00125572 0.00114102 0.00107091 0.00125572 0.00118011 0.00131402 0.00125572 0.00141142 0.00135029 0.00125572 0.00118011 0.00135029 0.0012711 0.00107091 0.000980098 0.00118011 0.00108275 0.000980098 0.000862784 0.00108275 0.00095813 0.00118011 0.00108275 0.0012711 0.0011695 0.00108275 0.00095813 0.0011695 0.00104059 0.000633998 0.000513573 0.000754824 0.000616062 0.000513573 0.000359114 0.000616062 0.00043587 0.000754824 0.000616062 0.000862784 0.00071118 0.000616062 0.00043587 0.00071118 0.000514053 0.000359114 0.000175137 0.00043587 0.00021158 0.000175137 0 0.00021158 0 0.00043587 0.00021158 0.000514053 0.000256167 0.00021158 0 0.000256167 0 0.000862784 0.00071118 0.00095813 0.00079909 0.00071118 0.000514053 0.00079909 0.000594247 0.00095813 0.00079909 0.00104059 0.000878725 0.00079909 0.000594247 0.000878725 0.000676718 0.000514053 0.000256167 0.000594247 0.000321328 0.000256167 0 0.000321328 0 0.000594247 0.000321328 0.000676718 0.000418658 0.000321328 0 0.000418658 0 0 0.000742822 3.55078 3.59439 0.000742822 0.000739194 3.59439 3.68088 3.55078 3.59439 6.62813 6.63519 3.59439 3.68088 6.63519 6.71168 0.000739194 0.000759421 3.68088 3.76447 0.000759421 0.000853276 3.76447 3.82974 3.68088 3.76447 6.71168 6.80102 3.76447 3.82974 6.80102 6.88171 6.62813 6.63519 9.23203 9.20809 6.63519 6.71168 9.20809 9.23164 9.23203 9.20809 11.3625 11.3231 9.20809 9.23164 11.3231 11.2965 6.71168 6.80102 9.23164 9.28015 6.80102 6.88171 9.28015 9.33492 9.23164 9.28015 11.2965 11.2919 9.28015 9.33492 11.2919 11.3012 0.000853276 0.000981312 3.82974 3.87691 0.000981312 0.00110962 3.87691 3.91097 3.82974 3.87691 6.88171 6.94597 3.87691 3.91097 6.94597 6.99516 0.00110962 0.00122113 3.91097 3.93618 0.00122113 0.00131127 3.93618 3.9554 3.91097 3.93618 6.99516 7.03276 3.93618 3.9554 7.03276 7.06189 6.88171 6.94597 9.33492 9.38562 6.94597 6.99516 9.38562 9.42831 9.33492 9.38562 11.3012 11.3181 9.38562 9.42831 11.3181 11.3369 6.99516 7.03276 9.42831 9.46292 7.03276 7.06189 9.46292 9.49069 9.42831 9.46292 11.3369 11.3545 9.46292 9.49069 11.3545 11.3699 11.3625 11.3231 13.0195 12.9752 11.3231 11.2965 12.9752 12.9128 13.0195 12.9752 14.2031 14.1588 12.9752 12.9128 14.1588 14.0738 11.2965 11.2919 12.9128 12.8631 11.2919 11.3012 12.8631 12.8283 12.9128 12.8631 14.0738 13.9926 12.8631 12.8283 13.9926 13.925 14.2031 14.1588 14.9133 14.8703 14.1588 14.0738 14.8703 14.7729 14.9133 14.8703 15.15 15.1077 14.8703 14.7729 15.1077 15.0063 14.0738 13.9926 14.7729 14.6734 13.9926 13.925 14.6734 14.5865 14.7729 14.6734 15.0063 14.9008 14.6734 14.5865 14.9008 14.8077 11.3012 11.3181 12.8283 12.8069 11.3181 11.3369 12.8069 12.7946 12.8283 12.8069 13.925 13.8723 12.8069 12.7946 13.8723 13.8323 11.3369 11.3545 12.7946 12.7877 11.3545 11.3699 12.7877 12.784 12.7946 12.7877 13.8323 13.802 12.7877 12.784 13.802 13.7787 13.925 13.8723 14.5865 14.5146 13.8723 13.8323 14.5146 14.4565 14.5865 14.5146 14.8077 14.7294 14.5146 14.4565 14.7294 14.6651 13.8323 13.802 14.4565 14.4099 13.802 13.7787 14.4099 14.3726 14.4565 14.4099 14.6651 14.6128 14.4099 14.3726 14.6128 14.5704 0.00131127 0.00138153 3.9554 3.97041 0.00138153 0.00143538 3.97041 3.98238 3.9554 3.97041 7.06189 7.08483 3.97041 3.98238 7.08483 7.10317 0.00143538 0.00147627 3.98238 3.99205 0.00147627 0.00150699 3.99205 3.99994 3.98238 3.99205 7.10317 7.11801 3.99205 3.99994 7.11801 7.13012 7.06189 7.08483 9.49069 9.51303 7.08483 7.10317 9.51303 9.53112 9.49069 9.51303 11.3699 11.383 9.51303 9.53112 11.383 11.3939 7.10317 7.11801 9.53112 9.54586 7.11801 7.13012 9.54586 9.55797 9.53112 9.54586 11.3939 11.4031 9.54586 9.55797 11.4031 11.4108 0.00150699 0.00152966 3.99994 4.00644 0.00152966 0.00154577 4.00644 4.01182 3.99994 4.00644 7.13012 7.14009 4.00644 4.01182 7.14009 7.14835 0.00154577 0.00155636 4.01182 4.01632 0.00155636 0.0015621 4.01632 4.0201 4.01182 4.01632 7.14835 7.15524 4.01632 4.0201 7.15524 7.16103 7.13012 7.14009 9.55797 9.56798 7.14009 7.14835 9.56798 9.5763 9.55797 9.56798 11.4108 11.4173 9.56798 9.5763 11.4173 11.4228 7.14835 7.15524 9.5763 9.58327 7.15524 7.16103 9.58327 9.58915 9.5763 9.58327 11.4228 11.4274 9.58327 9.58915 11.4274 11.4315 11.3699 11.383 12.784 12.7819 11.383 11.3939 12.7819 12.7808 12.784 12.7819 13.7787 13.7605 12.7819 12.7808 13.7605 13.7463 11.3939 11.4031 12.7808 12.7804 11.4031 11.4108 12.7804 12.7803 12.7808 12.7804 13.7463 13.7351 12.7804 12.7803 13.7351 13.7263 13.7787 13.7605 14.3726 14.3425 13.7605 13.7463 14.3425 14.3183 14.3726 14.3425 14.5704 14.536 14.3425 14.3183 14.536 14.5081 13.7463 13.7351 14.3183 14.2988 13.7351 13.7263 14.2988 14.2831 14.3183 14.2988 14.5081 14.4855 14.2988 14.2831 14.4855 14.4672 11.4108 11.4173 12.7803 12.7805 11.4173 11.4228 12.7805 12.7808 12.7803 12.7805 13.7263 13.7193 12.7805 12.7808 13.7193 13.7138 11.4228 11.4274 12.7808 12.7814 11.4274 11.4315 12.7814 12.782 12.7808 12.7814 13.7138 13.7095 12.7814 12.782 13.7095 13.7062 13.7263 13.7193 14.2831 14.2705 13.7193 13.7138 14.2705 14.2603 14.2831 14.2705 14.4672 14.4524 14.2705 14.2603 14.4524 14.4405 13.7138 13.7095 14.2603 14.2523 13.7095 13.7062 14.2523 14.2459 14.2603 14.2523 14.4405 14.431 14.2523 14.2459 14.431 14.4234 0.0015621 0.00156332 4.0201 4.0233 0.00156332 0.00156009 4.0233 4.02604 4.0201 4.0233 7.16103 7.16593 4.0233 4.02604 7.16593 7.17012 0.00156009 0.0015522 4.02604 4.0284 0.0015522 0.00153912 4.0284 4.03047 4.02604 4.0284 7.17012 7.17375 4.0284 4.03047 7.17375 7.17691 7.16103 7.16593 9.58915 9.59416 7.16593 7.17012 9.59416 9.59846 9.58915 9.59416 11.4315 11.4349 9.59416 9.59846 11.4349 11.438 7.17012 7.17375 9.59846 9.6022 7.17375 7.17691 9.6022 9.60549 9.59846 9.6022 11.438 11.4408 9.6022 9.60549 11.4408 11.4433 0.00153912 0.00152001 4.03047 4.0323 0.00152001 0.00149361 4.0323 4.03394 4.03047 4.0323 7.17691 7.17971 4.0323 4.03394 7.17971 7.18223 0.00149361 0.00145819 4.03394 4.03544 0.00145819 0.00141142 4.03544 4.03683 4.03394 4.03544 7.18223 7.18454 4.03544 4.03683 7.18454 7.18669 7.17691 7.17971 9.60549 9.60843 7.17971 7.18223 9.60843 9.6111 9.60549 9.60843 11.4433 11.4455 9.60843 9.6111 11.4455 11.4477 7.18223 7.18454 9.6111 9.61357 7.18454 7.18669 9.61357 9.61589 9.6111 9.61357 11.4477 11.4498 9.61357 9.61589 11.4498 11.4518 11.4315 11.4349 12.782 12.7827 11.4349 11.438 12.7827 12.7835 12.782 12.7827 13.7062 13.7038 12.7827 12.7835 13.7038 13.7019 11.438 11.4408 12.7835 12.7844 11.4408 11.4433 12.7844 12.7854 12.7835 12.7844 13.7019 13.7007 12.7844 12.7854 13.7007 13.6999 13.7062 13.7038 14.2459 14.2408 13.7038 13.7019 14.2408 14.2369 14.2459 14.2408 14.4234 14.4174 14.2408 14.2369 14.4174 14.4127 13.7019 13.7007 14.2369 14.234 13.7007 13.6999 14.234 14.2318 14.2369 14.234 14.4127 14.4091 14.234 14.2318 14.4091 14.4064 11.4433 11.4455 12.7854 12.7864 11.4455 11.4477 12.7864 12.7876 12.7854 12.7864 13.6999 13.6995 12.7864 12.7876 13.6995 13.6995 11.4477 11.4498 12.7876 12.7888 11.4498 11.4518 12.7888 12.7901 12.7876 12.7888 13.6995 13.6998 12.7888 12.7901 13.6998 13.7003 13.6999 13.6995 14.2318 14.2303 13.6995 13.6995 14.2303 14.2293 14.2318 14.2303 14.4064 14.4044 14.2303 14.2293 14.4044 14.4031 13.6995 13.6998 14.2293 14.2288 13.6998 13.7003 14.2288 14.2287 14.2293 14.2288 14.4031 14.4023 14.2288 14.2287 14.4023 14.4019 0.00141142 0.00135029 4.03683 4.03816 0.00135029 0.0012711 4.03816 4.03944 4.03683 4.03816 7.18669 7.18874 4.03816 4.03944 7.18874 7.19073 0.0012711 0.0011695 4.03944 4.0407 0.0011695 0.00104059 4.0407 4.04195 4.03944 4.0407 7.19073 7.1927 4.0407 4.04195 7.1927 7.19467 7.18669 7.18874 9.61589 9.61813 7.18874 7.19073 9.61813 9.62032 9.61589 9.61813 11.4518 11.4537 9.61813 9.62032 11.4537 11.4557 7.19073 7.1927 9.62032 9.62251 7.1927 7.19467 9.62251 9.62471 9.62032 9.62251 11.4557 11.4578 9.62251 9.62471 11.4578 11.4599 0.00104059 0.000878725 4.04195 4.04315 0.000878725 0.000676718 4.04315 4.0441 4.04195 4.04315 7.19467 7.19657 4.04315 4.0441 7.19657 7.1982 0.000676718 0.000418658 4.0441 4.04421 0.000418658 0 4.04421 4.04042 4.0441 4.04421 7.1982 7.19886 4.04421 4.04042 7.19886 7.19719 7.19467 7.19657 9.62471 9.62687 7.19657 7.1982 9.62687 9.6288 9.62471 9.62687 11.4599 11.462 9.62687 9.6288 11.462 11.4639 7.1982 7.19886 9.6288 9.63001 7.19886 7.19719 9.63001 9.62981 9.6288 9.63001 11.4639 11.4654 9.63001 9.62981 11.4654 11.466 11.4518 11.4537 12.7901 12.7916 11.4537 11.4557 12.7916 12.7931 12.7901 12.7916 13.7003 13.701 12.7916 12.7931 13.701 13.702 11.4557 11.4578 12.7931 12.7948 11.4578 11.4599 12.7948 12.7965 12.7931 12.7948 13.702 13.7032 12.7948 12.7965 13.7032 13.7046 13.7003 13.701 14.2287 14.2289 13.701 13.702 14.2289 14.2294 14.2287 14.2289 14.4019 14.4019 14.2289 14.2294 14.4019 14.4023 13.702 13.7032 14.2294 14.2303 13.7032 13.7046 14.2303 14.2314 14.2294 14.2303 14.4023 14.403 14.2303 14.2314 14.403 14.404 11.4599 11.462 12.7965 12.7984 11.462 11.4639 12.7984 12.8002 12.7965 12.7984 13.7046 13.7062 12.7984 12.8002 13.7062 13.7077 11.4639 11.4654 12.8002 12.8017 11.4654 11.466 12.8017 12.8026 12.8002 12.8017 13.7077 13.7091 12.8017 12.8026 13.7091 13.7102 13.7046 13.7062 14.2314 14.2326 13.7062 13.7077 14.2326 14.234 14.2314 14.2326 14.404 14.4052 14.2326 14.234 14.4052 14.4064 13.7077 13.7091 14.234 14.2353 13.7091 13.7102 14.2353 14.2363 14.234 14.2353 14.4064 14.4076 14.2353 14.2363 14.4076 14.4087 15.15 15.1077 14.9133 14.8703 15.1077 15.0063 14.8703 14.7729 14.9133 14.8703 14.2031 14.1588 14.8703 14.7729 14.1588 14.0738 15.0063 14.9008 14.7729 14.6734 14.9008 14.8077 14.6734 14.5865 14.7729 14.6734 14.0738 13.9926 14.6734 14.5865 13.9926 13.925 14.2031 14.1588 13.0195 12.9752 14.1588 14.0738 12.9752 12.9128 13.0195 12.9752 11.3625 11.3231 12.9752 12.9128 11.3231 11.2965 14.0738 13.9926 12.9128 12.8631 13.9926 13.925 12.8631 12.8283 12.9128 12.8631 11.2965 11.2919 12.8631 12.8283 11.2919 11.3012 14.8077 14.7294 14.5865 14.5146 14.7294 14.6651 14.5146 14.4565 14.5865 14.5146 13.925 13.8723 14.5146 14.4565 13.8723 13.8323 14.6651 14.6128 14.4565 14.4099 14.6128 14.5704 14.4099 14.3726 14.4565 14.4099 13.8323 13.802 14.4099 14.3726 13.802 13.7787 13.925 13.8723 12.8283 12.8069 13.8723 13.8323 12.8069 12.7946 12.8283 12.8069 11.3012 11.3181 12.8069 12.7946 11.3181 11.3369 13.8323 13.802 12.7946 12.7877 13.802 13.7787 12.7877 12.784 12.7946 12.7877 11.3369 11.3545 12.7877 12.784 11.3545 11.3699 11.3625 11.3231 9.23203 9.20809 11.3231 11.2965 9.20809 9.23164 9.23203 9.20809 6.62813 6.63519 9.20809 9.23164 6.63519 6.71168 11.2965 11.2919 9.23164 9.28015 11.2919 11.3012 9.28015 9.33492 9.23164 9.28015 6.71168 6.80102 9.28015 9.33492 6.80102 6.88171 6.62813 6.63519 3.55078 3.59439 6.63519 6.71168 3.59439 3.68088 3.55078 3.59439 0 0.000742822 3.59439 3.68088 0.000742822 0.000739194 6.71168 6.80102 3.68088 3.76447 6.80102 6.88171 3.76447 3.82974 3.68088 3.76447 0.000739194 0.000759421 3.76447 3.82974 0.000759421 0.000853276 11.3012 11.3181 9.33492 9.38562 11.3181 11.3369 9.38562 9.42831 9.33492 9.38562 6.88171 6.94597 9.38562 9.42831 6.94597 6.99516 11.3369 11.3545 9.42831 9.46292 11.3545 11.3699 9.46292 9.49069 9.42831 9.46292 6.99516 7.03276 9.46292 9.49069 7.03276 7.06189 6.88171 6.94597 3.82974 3.87691 6.94597 6.99516 3.87691 3.91097 3.82974 3.87691 0.000853276 0.000981312 3.87691 3.91097 0.000981312 0.00110962 6.99516 7.03276 3.91097 3.93618 7.03276 7.06189 3.93618 3.9554 3.91097 3.93618 0.00110962 0.00122113 3.93618 3.9554 0.00122113 0.00131127 14.5704 14.536 14.3726 14.3425 14.536 14.5081 14.3425 14.3183 14.3726 14.3425 13.7787 13.7605 14.3425 14.3183 13.7605 13.7463 14.5081 14.4855 14.3183 14.2988 14.4855 14.4672 14.2988 14.2831 14.3183 14.2988 13.7463 13.7351 14.2988 14.2831 13.7351 13.7263 13.7787 13.7605 12.784 12.7819 13.7605 13.7463 12.7819 12.7808 12.784 12.7819 11.3699 11.383 12.7819 12.7808 11.383 11.3939 13.7463 13.7351 12.7808 12.7804 13.7351 13.7263 12.7804 12.7803 12.7808 12.7804 11.3939 11.4031 12.7804 12.7803 11.4031 11.4108 14.4672 14.4524 14.2831 14.2705 14.4524 14.4405 14.2705 14.2603 14.2831 14.2705 13.7263 13.7193 14.2705 14.2603 13.7193 13.7138 14.4405 14.431 14.2603 14.2523 14.431 14.4234 14.2523 14.2459 14.2603 14.2523 13.7138 13.7095 14.2523 14.2459 13.7095 13.7062 13.7263 13.7193 12.7803 12.7805 13.7193 13.7138 12.7805 12.7808 12.7803 12.7805 11.4108 11.4173 12.7805 12.7808 11.4173 11.4228 13.7138 13.7095 12.7808 12.7814 13.7095 13.7062 12.7814 12.782 12.7808 12.7814 11.4228 11.4274 12.7814 12.782 11.4274 11.4315 11.3699 11.383 9.49069 9.51303 11.383 11.3939 9.51303 9.53112 9.49069 9.51303 7.06189 7.08483 9.51303 9.53112 7.08483 7.10317 11.3939 11.4031 9.53112 9.54586 11.4031 11.4108 9.54586 9.55797 9.53112 9.54586 7.10317 7.11801 9.54586 9.55797 7.11801 7.13012 7.06189 7.08483 3.9554 3.97041 7.08483 7.10317 3.97041 3.98238 3.9554 3.97041 0.00131127 0.00138153 3.97041 3.98238 0.00138153 0.00143538 7.10317 7.11801 3.98238 3.99205 7.11801 7.13012 3.99205 3.99994 3.98238 3.99205 0.00143538 0.00147627 3.99205 3.99994 0.00147627 0.00150699 11.4108 11.4173 9.55797 9.56798 11.4173 11.4228 9.56798 9.5763 9.55797 9.56798 7.13012 7.14009 9.56798 9.5763 7.14009 7.14835 11.4228 11.4274 9.5763 9.58327 11.4274 11.4315 9.58327 9.58915 9.5763 9.58327 7.14835 7.15524 9.58327 9.58915 7.15524 7.16103 7.13012 7.14009 3.99994 4.00644 7.14009 7.14835 4.00644 4.01182 3.99994 4.00644 0.00150699 0.00152966 4.00644 4.01182 0.00152966 0.00154577 7.14835 7.15524 4.01182 4.01632 7.15524 7.16103 4.01632 4.0201 4.01182 4.01632 0.00154577 0.00155636 4.01632 4.0201 0.00155636 0.0015621 14.4234 14.4174 14.2459 14.2408 14.4174 14.4127 14.2408 14.2369 14.2459 14.2408 13.7062 13.7038 14.2408 14.2369 13.7038 13.7019 14.4127 14.4091 14.2369 14.234 14.4091 14.4064 14.234 14.2318 14.2369 14.234 13.7019 13.7007 14.234 14.2318 13.7007 13.6999 13.7062 13.7038 12.782 12.7827 13.7038 13.7019 12.7827 12.7835 12.782 12.7827 11.4315 11.4349 12.7827 12.7835 11.4349 11.438 13.7019 13.7007 12.7835 12.7844 13.7007 13.6999 12.7844 12.7854 12.7835 12.7844 11.438 11.4408 12.7844 12.7854 11.4408 11.4433 14.4064 14.4044 14.2318 14.2303 14.4044 14.4031 14.2303 14.2293 14.2318 14.2303 13.6999 13.6995 14.2303 14.2293 13.6995 13.6995 14.4031 14.4023 14.2293 14.2288 14.4023 14.4019 14.2288 14.2287 14.2293 14.2288 13.6995 13.6998 14.2288 14.2287 13.6998 13.7003 13.6999 13.6995 12.7854 12.7864 13.6995 13.6995 12.7864 12.7876 12.7854 12.7864 11.4433 11.4455 12.7864 12.7876 11.4455 11.4477 13.6995 13.6998 12.7876 12.7888 13.6998 13.7003 12.7888 12.7901 12.7876 12.7888 11.4477 11.4498 12.7888 12.7901 11.4498 11.4518 11.4315 11.4349 9.58915 9.59416 11.4349 11.438 9.59416 9.59846 9.58915 9.59416 7.16103 7.16593 9.59416 9.59846 7.16593 7.17012 11.438 11.4408 9.59846 9.6022 11.4408 11.4433 9.6022 9.60549 9.59846 9.6022 7.17012 7.17375 9.6022 9.60549 7.17375 7.17691 7.16103 7.16593 4.0201 4.0233 7.16593 7.17012 4.0233 4.02604 4.0201 4.0233 0.0015621 0.00156332 4.0233 4.02604 0.00156332 0.00156009 7.17012 7.17375 4.02604 4.0284 7.17375 7.17691 4.0284 4.03047 4.02604 4.0284 0.00156009 0.0015522 4.0284 4.03047 0.0015522 0.00153912 11.4433 11.4455 9.60549 9.60843 11.4455 11.4477 9.60843 9.6111 9.60549 9.60843 7.17691 7.17971 9.60843 9.6111 7.17971 7.18223 11.4477 11.4498 9.6111 9.61357 11.4498 11.4518 9.61357 9.61589 9.6111 9.61357 7.18223 7.18454 9.61357 9.61589 7.18454 7.18669 7.17691 7.17971 4.03047 4.0323 7.17971 7.18223 4.0323 4.03394 4.03047 4.0323 0.00153912 0.00152001 4.0323 4.03394 0.00152001 0.00149361 7.18223 7.18454 4.03394 4.03544 7.18454 7.18669 4.03544 4.03683 4.03394 4.03544 0.00149361 0.00145819 4.03544 4.03683 0.00145819 0.00141142 14.4019 14.4019 14.2287 14.2289 14.4019 14.4023 14.2289 14.2294 14.2287 14.2289 13.7003 13.701 14.2289 14.2294 13.701 13.702 14.4023 14.403 14.2294 14.2303 14.403 14.404 14.2303 14.2314 14.2294 14.2303 13.702 13.7032 14.2303 14.2314 13.7032 13.7046 13.7003 13.701 12.7901 12.7916 13.701 13.702 12.7916 12.7931 12.7901 12.7916 11.4518 11.4537 12.7916 12.7931 11.4537 11.4557 13.702 13.7032 12.7931 12.7948 13.7032 13.7046 12.7948 12.7965 12.7931 12.7948 11.4557 11.4578 12.7948 12.7965 11.4578 11.4599 14.404 14.4052 14.2314 14.2326 14.4052 14.4064 14.2326 14.234 14.2314 14.2326 13.7046 13.7062 14.2326 14.234 13.7062 13.7077 14.4064 14.4076 14.234 14.2353 14.4076 14.4087 14.2353 14.2363 14.234 14.2353 13.7077 13.7091 14.2353 14.2363 13.7091 13.7102 13.7046 13.7062 12.7965 12.7984 13.7062 13.7077 12.7984 12.8002 12.7965 12.7984 11.4599 11.462 12.7984 12.8002 11.462 11.4639 13.7077 13.7091 12.8002 12.8017 13.7091 13.7102 12.8017 12.8026 12.8002 12.8017 11.4639 11.4654 12.8017 12.8026 11.4654 11.466 11.4518 11.4537 9.61589 9.61813 11.4537 11.4557 9.61813 9.62032 9.61589 9.61813 7.18669 7.18874 9.61813 9.62032 7.18874 7.19073 11.4557 11.4578 9.62032 9.62251 11.4578 11.4599 9.62251 9.62471 9.62032 9.62251 7.19073 7.1927 9.62251 9.62471 7.1927 7.19467 7.18669 7.18874 4.03683 4.03816 7.18874 7.19073 4.03816 4.03944 4.03683 4.03816 0.00141142 0.00135029 4.03816 4.03944 0.00135029 0.0012711 7.19073 7.1927 4.03944 4.0407 7.1927 7.19467 4.0407 4.04195 4.03944 4.0407 0.0012711 0.0011695 4.0407 4.04195 0.0011695 0.00104059 11.4599 11.462 9.62471 9.62687 11.462 11.4639 9.62687 9.6288 9.62471 9.62687 7.19467 7.19657 9.62687 9.6288 7.19657 7.1982 11.4639 11.4654 9.6288 9.63001 11.4654 11.466 9.63001 9.62981 9.6288 9.63001 7.1982 7.19886 9.63001 9.62981 7.19886 7.19719 7.19467 7.19657 4.04195 4.04315 7.19657 7.1982 4.04315 4.0441 4.04195 4.04315 0.00104059 0.000878725 4.04315 4.0441 0.000878725 0.000676718 7.1982 7.19886 4.0441 4.04421 7.19886 7.19719 4.04421 4.04042 4.0441 4.04421 0.000676718 0.000418658 4.04421 4.04042 0.000418658 0 0 0.000742822 0 0.000239293 0.000742822 0.000739194 0.000239293 0.000480157 0 0.000239293 0 -4.16623e-05 0.000239293 0.000480157 -4.16623e-05 0.000244607 0.000739194 0.000759421 0.000480157 0.000627109 0.000759421 0.000853276 0.000627109 0.00076728 0.000480157 0.000627109 0.000244607 0.000471425 0.000627109 0.00076728 0.000471425 0.000655996 0 -4.16623e-05 0 -0.000185838 -4.16623e-05 0.000244607 -0.000185838 5.133e-05 0 -0.000185838 0 -0.000262078 -0.000185838 5.133e-05 -0.000262078 -8.60786e-05 0.000244607 0.000471425 5.133e-05 0.000318368 0.000471425 0.000655996 0.000318368 0.000533231 5.133e-05 0.000318368 -8.60786e-05 0.000184776 0.000318368 0.000533231 0.000184776 0.00040975 0.000853276 0.000981312 0.00076728 0.000905162 0.000981312 0.00110962 0.000905162 0.00102992 0.00076728 0.000905162 0.000655996 0.000808106 0.000905162 0.00102992 0.000808106 0.000931902 0.00110962 0.00122113 0.00102992 0.00113502 0.00122113 0.00131127 0.00113502 0.00121954 0.00102992 0.00113502 0.000931902 0.00103079 0.00113502 0.00121954 0.00103079 0.00110859 0.000655996 0.000808106 0.000533231 0.000695533 0.000808106 0.000931902 0.000695533 0.000816809 0.000533231 0.000695533 0.00040975 0.000572164 0.000695533 0.000816809 0.000572164 0.000685883 0.000931902 0.00103079 0.000816809 0.000908152 0.00103079 0.00110859 0.000908152 0.000977789 0.000816809 0.000908152 0.000685883 0.000766885 0.000908152 0.000977789 0.000766885 0.000826509 0 -0.000262078 0 -0.00029449 -0.000262078 -8.60786e-05 -0.00029449 -0.000166559 0 -0.00029449 0 -0.000283129 -0.00029449 -0.000166559 -0.000283129 -0.000186302 -8.60786e-05 0.000184776 -0.000166559 8.14877e-05 0.000184776 0.00040975 8.14877e-05 0.000293017 -0.000166559 8.14877e-05 -0.000186302 1.49121e-05 8.14877e-05 0.000293017 1.49121e-05 0.000186778 0 -0.000283129 0 -0.000204038 -0.000283129 -0.000186302 -0.000204038 -0.000135917 0 -0.000204038 0 0 -0.000204038 -0.000135917 0 0 -0.000186302 1.49121e-05 -0.000135917 -1.18918e-05 1.49121e-05 0.000186778 -1.18918e-05 9.07683e-05 -0.000135917 -1.18918e-05 0 0 -1.18918e-05 9.07683e-05 0 0 0.00040975 0.000572164 0.000293017 0.000441193 0.000572164 0.000685883 0.000441193 0.000539765 0.000293017 0.000441193 0.000186778 0.000303687 0.000441193 0.000539765 0.000303687 0.000378085 0.000685883 0.000766885 0.000539765 0.000606554 0.000766885 0.000826509 0.000606554 0.000654049 0.000539765 0.000606554 0.000378085 0.00042631 0.000606554 0.000654049 0.00042631 0.000459545 0.000186778 0.000303687 9.07683e-05 0.000158114 0.000303687 0.000378085 0.000158114 0.000199184 9.07683e-05 0.000158114 0 0 0.000158114 0.000199184 0 0 0.000378085 0.00042631 0.000199184 0.000224768 0.00042631 0.000459545 0.000224768 0.000241938 0.000199184 0.000224768 0 0 0.000224768 0.000241938 0 0 0.00131127 0.00138153 0.00121954 0.00128571 0.00138153 0.00143538 0.00128571 0.00133672 0.00121954 0.00128571 0.00110859 0.00116916 0.00128571 0.00133672 0.00116916 0.00121594 0.00143538 0.00147627 0.00133672 0.00137565 0.00147627 0.00150699 0.00137565 0.00140499 0.00133672 0.00137565 0.00121594 0.00125175 0.00137565 0.00140499 0.00125175 0.00127884 0.00110859 0.00116916 0.000977789 0.00103134 0.00116916 0.00121594 0.00103134 0.00107262 0.000977789 0.00103134 0.000826509 0.000871638 0.00103134 0.00107262 0.000871638 0.000906293 0.00121594 0.00125175 0.00107262 0.0011043 0.00125175 0.00127884 0.0011043 0.00112833 0.00107262 0.0011043 0.000906293 0.000932935 0.0011043 0.00112833 0.000932935 0.000953206 0.00150699 0.00152966 0.00140499 0.00142667 0.00152966 0.00154577 0.00142667 0.0014421 0.00140499 0.00142667 0.00127884 0.00129889 0.00142667 0.0014421 0.00129889 0.00131318 0.00154577 0.00155636 0.0014421 0.00145224 0.00155636 0.0015621 0.00145224 0.00145774 0.0014421 0.00145224 0.00131318 0.00132258 0.00145224 0.00145774 0.00132258 0.00132769 0.00127884 0.00129889 0.00112833 0.00114617 0.00129889 0.00131318 0.00114617 0.00115889 0.00112833 0.00114617 0.000953206 0.000968293 0.00114617 0.00115889 0.000968293 0.000979075 0.00131318 0.00132258 0.00115889 0.00116728 0.00132258 0.00132769 0.00116728 0.00117184 0.00115889 0.00116728 0.000979075 0.00098619 0.00116728 0.00117184 0.00098619 0.000990063 0.000826509 0.000871638 0.000654049 0.000689408 0.000871638 0.000906293 0.000689408 0.000716451 0.000654049 0.000689408 0.000459545 0.000483928 0.000689408 0.000716451 0.000483928 0.000502525 0.000906293 0.000932935 0.000716451 0.000737275 0.000932935 0.000953206 0.000737275 0.000753169 0.000716451 0.000737275 0.000502525 0.00051688 0.000737275 0.000753169 0.00051688 0.000527874 0.000459545 0.000483928 0.000241938 0.000254406 0.000483928 0.000502525 0.000254406 0.000263916 0.000241938 0.000254406 0 0 0.000254406 0.000263916 0 0 0.000502525 0.00051688 0.000263916 0.000271285 0.00051688 0.000527874 0.000271285 0.000276951 0.000263916 0.000271285 0 0 0.000271285 0.000276951 0 0 0.000953206 0.000968293 0.000753169 0.00076503 0.000968293 0.000979075 0.00076503 0.000773521 0.000753169 0.00076503 0.000527874 0.000536101 0.00076503 0.000773521 0.000536101 0.000542001 0.000979075 0.00098619 0.000773521 0.000779131 0.00098619 0.000990063 0.000779131 0.000782189 0.000773521 0.000779131 0.000542001 0.000545903 0.000779131 0.000782189 0.000545903 0.000548032 0.000527874 0.000536101 0.000276951 0.000281201 0.000536101 0.000542001 0.000281201 0.000284254 0.000276951 0.000281201 0 0 0.000281201 0.000284254 0 0 0.000542001 0.000545903 0.000284254 0.000286276 0.000545903 0.000548032 0.000286276 0.00028738 0.000284254 0.000286276 0 0 0.000286276 0.00028738 0 0 0.0015621 0.00156332 0.00145774 0.00145893 0.00156332 0.00156009 0.00145893 0.00145586 0.00145774 0.00145893 0.00132769 0.0013288 0.00145893 0.00145586 0.0013288 0.00132598 0.00156009 0.0015522 0.00145586 0.00144833 0.0015522 0.00153912 0.00144833 0.00143585 0.00145586 0.00144833 0.00132598 0.00131903 0.00144833 0.00143585 0.00131903 0.00130751 0.00132769 0.0013288 0.00117184 0.00117285 0.0013288 0.00132598 0.00117285 0.00117034 0.00117184 0.00117285 0.000990063 0.000990923 0.00117285 0.00117034 0.000990923 0.000988816 0.00132598 0.00131903 0.00117034 0.00116417 0.00131903 0.00130751 0.00116417 0.00115393 0.00117034 0.00116417 0.000988816 0.0009836 0.00116417 0.00115393 0.0009836 0.000974938 0.00153912 0.00152001 0.00143585 0.00141762 0.00152001 0.00149361 0.00141762 0.00139243 0.00143585 0.00141762 0.00130751 0.00129066 0.00141762 0.00139243 0.00129066 0.00126738 0.00149361 0.00145819 0.00139243 0.00135863 0.00145819 0.00141142 0.00135863 0.00131402 0.00139243 0.00135863 0.00126738 0.00123616 0.00135863 0.00131402 0.00123616 0.00119494 0.00130751 0.00129066 0.00115393 0.00113895 0.00129066 0.00126738 0.00113895 0.00111826 0.00115393 0.00113895 0.000974938 0.000962272 0.00113895 0.00111826 0.000962272 0.000944779 0.00126738 0.00123616 0.00111826 0.0010905 0.00123616 0.00119494 0.0010905 0.00105384 0.00111826 0.0010905 0.000944779 0.000921311 0.0010905 0.00105384 0.000921311 0.000890291 0.000990063 0.000990923 0.000782189 0.000782875 0.000990923 0.000988816 0.000782875 0.000781223 0.000782189 0.000782875 0.000548032 0.000548514 0.000782875 0.000781223 0.000548514 0.000547372 0.000988816 0.0009836 0.000781223 0.000777125 0.0009836 0.000974938 0.000777125 0.000770317 0.000781223 0.000777125 0.000547372 0.000544533 0.000777125 0.000770317 0.000544533 0.000539813 0.000548032 0.000548514 0.00028738 0.000287632 0.000548514 0.000547372 0.000287632 0.000287044 0.00028738 0.000287632 0 0 0.000287632 0.000287044 0 0 0.000547372 0.000544533 0.000287044 0.000285579 0.000544533 0.000539813 0.000285579 0.000283143 0.000287044 0.000285579 0 0 0.000285579 0.000283143 0 0 0.000974938 0.000962272 0.000770317 0.000760362 0.000962272 0.000944779 0.000760362 0.000746614 0.000770317 0.000760362 0.000539813 0.000532912 0.000760362 0.000746614 0.000532912 0.000523384 0.000944779 0.000921311 0.000746614 0.00072817 0.000921311 0.000890291 0.00072817 0.000703774 0.000746614 0.00072817 0.000523384 0.000510603 0.00072817 0.000703774 0.000510603 0.000493687 0.000539813 0.000532912 0.000283143 0.000279581 0.000532912 0.000523384 0.000279581 0.000274666 0.000283143 0.000279581 0 0 0.000279581 0.000274666 0 0 0.000523384 0.000510603 0.000274666 0.000268073 0.000510603 0.000493687 0.000268073 0.000259347 0.000274666 0.000268073 0 0 0.000268073 0.000259347 0 0 0.00141142 0.00135029 0.00131402 0.00125572 0.00135029 0.0012711 0.00125572 0.00118011 0.00131402 0.00125572 0.00119494 0.00114102 0.00125572 0.00118011 0.00114102 0.00107091 0.0012711 0.0011695 0.00118011 0.00108275 0.0011695 0.00104059 0.00108275 0.00095813 0.00118011 0.00108275 0.00107091 0.000980098 0.00108275 0.00095813 0.000980098 0.000862784 0.00119494 0.00114102 0.00105384 0.0010058 0.00114102 0.00107091 0.0010058 0.000943102 0.00105384 0.0010058 0.000890291 0.000849563 0.0010058 0.000943102 0.000849563 0.00079617 0.00107091 0.000980098 0.000943102 0.000861358 0.000980098 0.000862784 0.000861358 0.000754824 0.000943102 0.000861358 0.00079617 0.000726082 0.000861358 0.000754824 0.000726082 0.000633998 0.00104059 0.000878725 0.00095813 0.00079909 0.000878725 0.000676718 0.00079909 0.000594247 0.00095813 0.00079909 0.000862784 0.00071118 0.00079909 0.000594247 0.00071118 0.000514053 0.000676718 0.000418658 0.000594247 0.000321328 0.000418658 0 0.000321328 0 0.000594247 0.000321328 0.000514053 0.000256167 0.000321328 0 0.000256167 0 0.000862784 0.00071118 0.000754824 0.000616062 0.00071118 0.000514053 0.000616062 0.00043587 0.000754824 0.000616062 0.000633998 0.000513573 0.000616062 0.00043587 0.000513573 0.000359114 0.000514053 0.000256167 0.00043587 0.00021158 0.000256167 0 0.00021158 0 0.00043587 0.00021158 0.000359114 0.000175137 0.00021158 0 0.000175137 0 0.000890291 0.000849563 0.000703774 0.000671673 0.000849563 0.00079617 0.000671673 0.000629404 0.000703774 0.000671673 0.000493687 0.000471387 0.000671673 0.000629404 0.000471387 0.000441898 0.00079617 0.000726082 0.000629404 0.000573531 0.000726082 0.000633998 0.000573531 0.000499559 0.000629404 0.000573531 0.000441898 0.000402647 0.000573531 0.000499559 0.000402647 0.000350272 0.000493687 0.000471387 0.000259347 0.000247827 0.000471387 0.000441898 0.000247827 0.000232536 0.000259347 0.000247827 0 0 0.000247827 0.000232536 0 0 0.000441898 0.000402647 0.000232536 0.000212045 0.000402647 0.000350272 0.000212045 0.000184459 0.000232536 0.000212045 0 0 0.000212045 0.000184459 0 0 0.000633998 0.000513573 0.000499559 0.000402632 0.000513573 0.000359114 0.000402632 0.000280521 0.000499559 0.000402632 0.000350272 0.000281492 0.000402632 0.000280521 0.000281492 0.000196412 0.000359114 0.000175137 0.000280521 0.000140426 0.000175137 0 0.000140426 0 0.000280521 0.000140426 0.000196412 0.00010304 0.000140426 0 0.00010304 0 0.000350272 0.000281492 0.000184459 0.000148045 0.000281492 0.000196412 0.000148045 0.000103691 0.000184459 0.000148045 0 0 0.000148045 0.000103691 0 0 0.000196412 0.00010304 0.000103691 5.81601e-05 0.00010304 0 5.81601e-05 0 0.000103691 5.81601e-05 0 0 5.81601e-05 0 0 0 
SCALARS y_velo double 1
LOOKUP_TABLE default
0 0 0 -0.000256247 0 0 -0.000256247 -0.000349634 0 -0.000256247 0 -0.000508897 -0.000256247 -0.000349634 -0.000508897 -0.000732119 0 0 -0.000349634 -0.000381701 0 0 -0.000381701 -0.000381071 -0.000349634 -0.000381701 -0.000732119 -0.000797466 -0.000381701 -0.000381071 -0.000797466 -0.000786522 0 -0.000508897 0 -0.000762013 -0.000508897 -0.000732119 -0.000762013 -0.00113853 0 -0.000762013 0 -0.00103657 -0.000762013 -0.00113853 -0.00103657 -0.00156617 -0.000732119 -0.000797466 -0.00113853 -0.00123558 -0.000797466 -0.000786522 -0.00123558 -0.00120835 -0.00113853 -0.00123558 -0.00156617 -0.00168662 -0.00123558 -0.00120835 -0.00168662 -0.001639 0 0 -0.000381071 -0.000368709 0 0 -0.000368709 -0.00035394 -0.000381071 -0.000368709 -0.000786522 -0.000752937 -0.000368709 -0.00035394 -0.000752937 -0.000717674 0 0 -0.00035394 -0.000339559 0 0 -0.000339559 -0.000325884 -0.00035394 -0.000339559 -0.000717674 -0.000685633 -0.000339559 -0.000325884 -0.000685633 -0.000656415 -0.000786522 -0.000752937 -0.00120835 -0.00114855 -0.000752937 -0.000717674 -0.00114855 -0.00108938 -0.00120835 -0.00114855 -0.001639 -0.00155118 -0.00114855 -0.00108938 -0.00155118 -0.00146691 -0.000717674 -0.000685633 -0.00108938 -0.00103748 -0.000685633 -0.000656415 -0.00103748 -0.00099126 -0.00108938 -0.00103748 -0.00146691 -0.00139409 -0.00103748 -0.00099126 -0.00139409 -0.00132993 0 -0.00103657 0 -0.00135423 -0.00103657 -0.00156617 -0.00135423 -0.00201385 0 -0.00135423 0 -0.00174037 -0.00135423 -0.00201385 -0.00174037 -0.00247378 -0.00156617 -0.00168662 -0.00201385 -0.00214197 -0.00168662 -0.001639 -0.00214197 -0.00207173 -0.00201385 -0.00214197 -0.00247378 -0.00259297 -0.00214197 -0.00207173 -0.00259297 -0.00250101 0 -0.00174037 0 -0.00221559 -0.00174037 -0.00247378 -0.00221559 -0.00292451 0 -0.00221559 0 -0.00266037 -0.00221559 -0.00292451 -0.00266037 -0.0033451 -0.00247378 -0.00259297 -0.00292451 -0.00303105 -0.00259297 -0.00250101 -0.00303105 -0.0029234 -0.00292451 -0.00303105 -0.0033451 -0.00345056 -0.00303105 -0.0029234 -0.00345056 -0.0033386 -0.001639 -0.00155118 -0.00207173 -0.00195686 -0.00155118 -0.00146691 -0.00195686 -0.00184821 -0.00207173 -0.00195686 -0.00250101 -0.00236257 -0.00195686 -0.00184821 -0.00236257 -0.00223169 -0.00146691 -0.00139409 -0.00184821 -0.00175445 -0.00139409 -0.00132993 -0.00175445 -0.00167185 -0.00184821 -0.00175445 -0.00223169 -0.00211765 -0.00175445 -0.00167185 -0.00211765 -0.00201644 -0.00250101 -0.00236257 -0.0029234 -0.00276678 -0.00236257 -0.00223169 -0.00276678 -0.00261647 -0.0029234 -0.00276678 -0.0033386 -0.00316996 -0.00276678 -0.00261647 -0.00316996 -0.00300261 -0.00223169 -0.00211765 -0.00261647 -0.00248304 -0.00211765 -0.00201644 -0.00248304 -0.00236317 -0.00261647 -0.00248304 -0.00300261 -0.00285028 -0.00248304 -0.00236317 -0.00285028 -0.00271152 0 0 -0.000325884 -0.000312617 0 0 -0.000312617 -0.000299473 -0.000325884 -0.000312617 -0.000656415 -0.000628724 -0.000312617 -0.000299473 -0.000628724 -0.000601627 0 0 -0.000299473 -0.0002863 0 0 -0.0002863 -0.000273044 -0.000299473 -0.0002863 -0.000601627 -0.000574655 -0.0002863 -0.000273044 -0.000574655 -0.000547633 -0.000656415 -0.000628724 -0.00099126 -0.000948124 -0.000628724 -0.000601627 -0.000948124 -0.000906306 -0.00099126 -0.000948124 -0.00132993 -0.00127052 -0.000948124 -0.000906306 -0.00127052 -0.00121329 -0.000601627 -0.000574655 -0.000906306 -0.000864932 -0.000574655 -0.000547633 -0.000864932 -0.000823658 -0.000906306 -0.000864932 -0.00121329 -0.00115696 -0.000864932 -0.000823658 -0.00115696 -0.00110098 0 0 -0.000273044 -0.000259703 0 0 -0.000259703 -0.000246292 -0.000273044 -0.000259703 -0.000547633 -0.000520525 -0.000259703 -0.000246292 -0.000520525 -0.000493341 0 0 -0.000246292 -0.000232829 0 0 -0.000232829 -0.00021933 -0.000246292 -0.000232829 -0.000493341 -0.0004661 -0.000232829 -0.00021933 -0.0004661 -0.000438818 -0.000547633 -0.000520525 -0.000823658 -0.000782383 -0.000520525 -0.000493341 -0.000782383 -0.000741089 -0.000823658 -0.000782383 -0.00110098 -0.00104517 -0.000782383 -0.000741089 -0.00104517 -0.000989465 -0.000493341 -0.0004661 -0.000741089 -0.000699779 -0.0004661 -0.000438818 -0.000699779 -0.000658452 -0.000741089 -0.000699779 -0.000989465 -0.000933824 -0.000699779 -0.000658452 -0.000933824 -0.000878215 -0.00132993 -0.00127052 -0.00167185 -0.00159554 -0.00127052 -0.00121329 -0.00159554 -0.00152231 -0.00167185 -0.00159554 -0.00201644 -0.00192277 -0.00159554 -0.00152231 -0.00192277 -0.00183304 -0.00121329 -0.00115696 -0.00152231 -0.00145052 -0.00115696 -0.00110098 -0.00145052 -0.00137944 -0.00152231 -0.00145052 -0.00183304 -0.00174536 -0.00145052 -0.00137944 -0.00174536 -0.00165883 -0.00201644 -0.00192277 -0.00236317 -0.00225175 -0.00192277 -0.00183304 -0.00225175 -0.00214511 -0.00236317 -0.00225175 -0.00271152 -0.00258196 -0.00225175 -0.00214511 -0.00258196 -0.00245806 -0.00183304 -0.00174536 -0.00214511 -0.00204118 -0.00174536 -0.00165883 -0.00204118 -0.00193893 -0.00214511 -0.00204118 -0.00245806 -0.00233765 -0.00204118 -0.00193893 -0.00233765 -0.00221948 -0.00110098 -0.00104517 -0.00137944 -0.00130877 -0.00104517 -0.000989465 -0.00130877 -0.00123838 -0.00137944 -0.00130877 -0.00165883 -0.00157303 -0.00130877 -0.00123838 -0.00157303 -0.00148774 -0.000989465 -0.000933824 -0.00123838 -0.00116818 -0.000933824 -0.000878215 -0.00116818 -0.00109809 -0.00123838 -0.00116818 -0.00148774 -0.00140279 -0.00116818 -0.00109809 -0.00140279 -0.00131805 -0.00165883 -0.00157303 -0.00193893 -0.00183779 -0.00157303 -0.00148774 -0.00183779 -0.00173743 -0.00193893 -0.00183779 -0.00221948 -0.00210286 -0.00183779 -0.00173743 -0.00210286 -0.00198732 -0.00148774 -0.00140279 -0.00173743 -0.0016376 -0.00140279 -0.00131805 -0.0016376 -0.00153807 -0.00173743 -0.0016376 -0.00198732 -0.00187251 -0.0016376 -0.00153807 -0.00187251 -0.00175813 0 0 -0.00021933 -0.000205809 0 0 -0.000205809 -0.000192278 -0.00021933 -0.000205809 -0.000438818 -0.000411506 -0.000205809 -0.000192278 -0.000411506 -0.00038417 0 0 -0.000192278 -0.000178747 0 0 -0.000178747 -0.000165228 -0.000192278 -0.000178747 -0.00038417 -0.000356814 -0.000178747 -0.000165228 -0.000356814 -0.000329441 -0.000438818 -0.000411506 -0.000658452 -0.000617098 -0.000411506 -0.00038417 -0.000617098 -0.000575705 -0.000658452 -0.000617098 -0.000878215 -0.000822597 -0.000617098 -0.000575705 -0.000822597 -0.00076692 -0.00038417 -0.000356814 -0.000575705 -0.000534252 -0.000356814 -0.000329441 -0.000534252 -0.000492717 -0.000575705 -0.000534252 -0.00076692 -0.000711126 -0.000534252 -0.000492717 -0.000711126 -0.00065515 0 0 -0.000165228 -0.000151731 0 0 -0.000151731 -0.000138268 -0.000165228 -0.000151731 -0.000329441 -0.000302052 -0.000151731 -0.000138268 -0.000302052 -0.000274643 0 0 -0.000138268 -0.000124848 0 0 -0.000124848 -0.000111475 -0.000138268 -0.000124848 -0.000274643 -0.000247196 -0.000124848 -0.000111475 -0.000247196 -0.000219674 -0.000329441 -0.000302052 -0.000492717 -0.000451068 -0.000302052 -0.000274643 -0.000451068 -0.000409264 -0.000492717 -0.000451068 -0.00065515 -0.000598913 -0.000451068 -0.000409264 -0.000598913 -0.00054231 -0.000274643 -0.000247196 -0.000409264 -0.000367231 -0.000247196 -0.000219674 -0.000367231 -0.000324843 -0.000409264 -0.000367231 -0.00054231 -0.000485188 -0.000367231 -0.000324843 -0.000485188 -0.000427304 -0.000878215 -0.000822597 -0.00109809 -0.00102801 -0.000822597 -0.00076692 -0.00102801 -0.000957856 -0.00109809 -0.00102801 -0.00131805 -0.00123336 -0.00102801 -0.000957856 -0.00123336 -0.00114856 -0.00076692 -0.000711126 -0.000957856 -0.00088751 -0.000711126 -0.00065515 -0.00088751 -0.000816854 -0.000957856 -0.00088751 -0.00114856 -0.00106349 -0.00088751 -0.000816854 -0.00106349 -0.000977956 -0.00131805 -0.00123336 -0.00153807 -0.00143865 -0.00123336 -0.00114856 -0.00143865 -0.00133909 -0.00153807 -0.00143865 -0.00175813 -0.00164389 -0.00143865 -0.00133909 -0.00164389 -0.00152949 -0.00114856 -0.00106349 -0.00133909 -0.00123916 -0.00106349 -0.000977956 -0.00123916 -0.0011386 -0.00133909 -0.00123916 -0.00152949 -0.00141463 -0.00123916 -0.0011386 -0.00141463 -0.00129894 -0.00065515 -0.000598913 -0.000816854 -0.000745742 -0.000598913 -0.00054231 -0.000745742 -0.000673993 -0.000816854 -0.000745742 -0.000977956 -0.000891736 -0.000745742 -0.000673993 -0.000891736 -0.000804553 -0.00054231 -0.000485188 -0.000673993 -0.000601349 -0.000485188 -0.000427304 -0.000601349 -0.000527432 -0.000673993 -0.000601349 -0.000804553 -0.000716033 -0.000601349 -0.000527432 -0.000716033 -0.000625648 -0.000977956 -0.000891736 -0.0011386 -0.00103709 -0.000891736 -0.000804553 -0.00103709 -0.000934258 -0.0011386 -0.00103709 -0.00129894 -0.00118204 -0.00103709 -0.000934258 -0.00118204 -0.00106341 -0.000804553 -0.000716033 -0.000934258 -0.000829594 -0.000716033 -0.000625648 -0.000829594 -0.000722412 -0.000934258 -0.000829594 -0.00106341 -0.000942421 -0.000829594 -0.000722412 -0.000942421 -0.000818224 0 0 -0.000111475 -9.81522e-05 0 0 -9.81522e-05 -8.48896e-05 -0.000111475 -9.81522e-05 -0.000219674 -0.000192002 -9.81522e-05 -8.48896e-05 -0.000192002 -0.000164092 0 0 -8.48896e-05 -7.17697e-05 0 0 -7.17697e-05 -5.9117e-05 -8.48896e-05 -7.17697e-05 -0.000164092 -0.000135961 -7.17697e-05 -5.9117e-05 -0.000135961 -0.000108141 -0.000219674 -0.000192002 -0.000324843 -0.000281898 -0.000192002 -0.000164092 -0.000281898 -0.000238127 -0.000324843 -0.000281898 -0.000427304 -0.000368286 -0.000281898 -0.000238127 -0.000368286 -0.000307639 -0.000164092 -0.000135961 -0.000238127 -0.000193379 -0.000135961 -0.000108141 -0.000193379 -0.000148267 -0.000238127 -0.000193379 -0.000307639 -0.000244968 -0.000193379 -0.000148267 -0.000244968 -0.000180817 0 0 -5.9117e-05 -4.78718e-05 0 0 -4.78718e-05 -3.98516e-05 -5.9117e-05 -4.78718e-05 -0.000108141 -8.26751e-05 -4.78718e-05 -3.98516e-05 -8.26751e-05 -6.42968e-05 0 0 -3.98516e-05 -3.49521e-05 0 0 -3.49521e-05 0 -3.98516e-05 -3.49521e-05 -6.42968e-05 -5.47098e-05 -3.49521e-05 0 -5.47098e-05 0 -0.000108141 -8.26751e-05 -0.000148267 -0.000105826 -8.26751e-05 -6.42968e-05 -0.000105826 -7.39815e-05 -0.000148267 -0.000105826 -0.000180817 -0.000118822 -0.000105826 -7.39815e-05 -0.000118822 -6.95504e-05 -6.42968e-05 -5.47098e-05 -7.39815e-05 -5.80802e-05 -5.47098e-05 0 -5.80802e-05 0 -7.39815e-05 -5.80802e-05 -6.95504e-05 -4.6341e-05 -5.80802e-05 0 -4.6341e-05 0 -0.000427304 -0.000368286 -0.000527432 -0.00045168 -0.000368286 -0.000307639 -0.00045168 -0.00037335 -0.000527432 -0.00045168 -0.000625648 -0.000532641 -0.00045168 -0.00037335 -0.000532641 -0.000436023 -0.000307639 -0.000244968 -0.00037335 -0.00029176 -0.000244968 -0.000180817 -0.00029176 -0.000207227 -0.00037335 -0.00029176 -0.000436023 -0.000334818 -0.00029176 -0.000207227 -0.000334818 -0.000229013 -0.000625648 -0.000532641 -0.000722412 -0.000611765 -0.000532641 -0.000436023 -0.000611765 -0.000496439 -0.000722412 -0.000611765 -0.000818224 -0.00068968 -0.000611765 -0.000496439 -0.00068968 -0.000555378 -0.000436023 -0.000334818 -0.000496439 -0.000375191 -0.000334818 -0.000229013 -0.000375191 -0.000247676 -0.000496439 -0.000375191 -0.000555378 -0.00041388 -0.000375191 -0.000247676 -0.00041388 -0.000264612 -0.000180817 -0.000118822 -0.000207227 -0.000123482 -0.000118822 -6.95504e-05 -0.000123482 -5.24503e-05 -0.000207227 -0.000123482 -0.000229013 -0.000121965 -0.000123482 -5.24503e-05 -0.000121965 -2.54919e-05 -6.95504e-05 -4.6341e-05 -5.24503e-05 -1.92487e-05 -4.6341e-05 0 -1.92487e-05 0 -5.24503e-05 -1.92487e-05 -2.54919e-05 2.53584e-05 -1.92487e-05 0 2.53584e-05 0 -0.000229013 -0.000121965 -0.000247676 -0.000116699 -0.000121965 -2.54919e-05 -0.000116699 6.60818e-06 -0.000247676 -0.000116699 -0.000264612 -0.000109949 -0.000116699 6.60818e-06 -0.000109949 3.98902e-05 -2.54919e-05 2.53584e-05 6.60818e-06 8.95588e-05 2.53584e-05 0 8.95588e-05 0 6.60818e-06 8.95588e-05 3.98902e-05 0.000152876 8.95588e-05 0 0.000152876 0 0 -0.00266037 0 -0.0361296 -0.00266037 -0.0033451 -0.0361296 -0.0295174 0 -0.0361296 0 -0.087902 -0.0361296 -0.0295174 -0.087902 -0.0743908 -0.0033451 -0.00345056 -0.0295174 -0.0209287 -0.00345056 -0.0033386 -0.0209287 -0.0140635 -0.0295174 -0.0209287 -0.0743908 -0.0571978 -0.0209287 -0.0140635 -0.0571978 -0.0404833 0 -0.087902 0 -0.112038 -0.087902 -0.0743908 -0.112038 -0.107598 0 -0.112038 0 -0.1096 -0.112038 -0.107598 -0.1096 -0.117988 -0.0743908 -0.0571978 -0.107598 -0.0888576 -0.0571978 -0.0404833 -0.0888576 -0.0669513 -0.107598 -0.0888576 -0.117988 -0.102602 -0.0888576 -0.0669513 -0.102602 -0.0813987 -0.0033386 -0.00316996 -0.0140635 -0.00978906 -0.00316996 -0.00300261 -0.00978906 -0.00723748 -0.0140635 -0.00978906 -0.0404833 -0.0285008 -0.00978906 -0.00723748 -0.0285008 -0.0206415 -0.00300261 -0.00285028 -0.00723748 -0.00564106 -0.00285028 -0.00271152 -0.00564106 -0.0045559 -0.00723748 -0.00564106 -0.0206415 -0.0154716 -0.00564106 -0.0045559 -0.0154716 -0.0119248 -0.0404833 -0.0285008 -0.0669513 -0.0491834 -0.0285008 -0.0206415 -0.0491834 -0.0364678 -0.0669513 -0.0491834 -0.0813987 -0.0623594 -0.0491834 -0.0364678 -0.0623594 -0.0476218 -0.0206415 -0.0154716 -0.0364678 -0.0276031 -0.0154716 -0.0119248 -0.0276031 -0.0213139 -0.0364678 -0.0276031 -0.0476218 -0.0367339 -0.0276031 -0.0213139 -0.0367339 -0.0286944 0 -0.1096 0 -0.0904526 -0.1096 -0.117988 -0.0904526 -0.106753 0 -0.0904526 0 -0.0629335 -0.0904526 -0.106753 -0.0629335 -0.0795805 -0.117988 -0.102602 -0.106753 -0.0960345 -0.102602 -0.0813987 -0.0960345 -0.0790704 -0.106753 -0.0960345 -0.0795805 -0.0730108 -0.0960345 -0.0790704 -0.0730108 -0.0615337 0 -0.0629335 0 -0.0319913 -0.0629335 -0.0795805 -0.0319913 -0.0422557 0 -0.0319913 0 2.39571e-13 -0.0319913 -0.0422557 2.39571e-13 2.64192e-13 -0.0795805 -0.0730108 -0.0422557 -0.039149 -0.0730108 -0.0615337 -0.039149 -0.0334028 -0.0422557 -0.039149 2.64192e-13 4.23726e-13 -0.039149 -0.0334028 4.23726e-13 5.92158e-13 -0.0813987 -0.0623594 -0.0790704 -0.0627079 -0.0623594 -0.0476218 -0.0627079 -0.0492208 -0.0790704 -0.0627079 -0.0615337 -0.0500112 -0.0627079 -0.0492208 -0.0500112 -0.0401016 -0.0476218 -0.0367339 -0.0492208 -0.0387311 -0.0367339 -0.0286944 -0.0387311 -0.0306757 -0.0492208 -0.0387311 -0.0401016 -0.0320884 -0.0387311 -0.0306757 -0.0320884 -0.0257323 -0.0615337 -0.0500112 -0.0334028 -0.0275355 -0.0500112 -0.0401016 -0.0275355 -0.0223734 -0.0334028 -0.0275355 5.92158e-13 7.37197e-13 -0.0275355 -0.0223734 7.37197e-13 8.40739e-13 -0.0401016 -0.0320884 -0.0223734 -0.0180999 -0.0320884 -0.0257323 -0.0180999 -0.0146384 -0.0223734 -0.0180999 8.40739e-13 8.92134e-13 -0.0180999 -0.0146384 8.92134e-13 8.64424e-13 -0.00271152 -0.00258196 -0.0045559 -0.00375667 -0.00258196 -0.00245806 -0.00375667 -0.00313221 -0.0045559 -0.00375667 -0.0119248 -0.00936321 -0.00375667 -0.00313221 -0.00936321 -0.00742837 -0.00245806 -0.00233765 -0.00313221 -0.00262504 -0.00233765 -0.00221948 -0.00262504 -0.00220231 -0.00313221 -0.00262504 -0.00742837 -0.00591756 -0.00262504 -0.00220231 -0.00591756 -0.00471007 -0.0119248 -0.00936321 -0.0213139 -0.0167028 -0.00936321 -0.00742837 -0.0167028 -0.0132087 -0.0213139 -0.0167028 -0.0286944 -0.0226487 -0.0167028 -0.0132087 -0.0226487 -0.0179998 -0.00742837 -0.00591756 -0.0132087 -0.0104893 -0.00591756 -0.00471007 -0.0104893 -0.00833091 -0.0132087 -0.0104893 -0.0179998 -0.014354 -0.0104893 -0.00833091 -0.014354 -0.0114514 -0.00221948 -0.00210286 -0.00220231 -0.00184294 -0.00210286 -0.00198732 -0.00184294 -0.00153219 -0.00220231 -0.00184294 -0.00471007 -0.00372876 -0.00184294 -0.00153219 -0.00372876 -0.0029208 -0.00198732 -0.00187251 -0.00153219 -0.00125914 -0.00187251 -0.00175813 -0.00125914 -0.00101536 -0.00153219 -0.00125914 -0.0029208 -0.00224803 -0.00125914 -0.00101536 -0.00224803 -0.00168165 -0.00471007 -0.00372876 -0.00833091 -0.0065935 -0.00372876 -0.0029208 -0.0065935 -0.00518025 -0.00833091 -0.0065935 -0.0114514 -0.00911476 -0.0065935 -0.00518025 -0.00911476 -0.00721842 -0.0029208 -0.00224803 -0.00518025 -0.00402089 -0.00224803 -0.00168165 -0.00402089 -0.0030625 -0.00518025 -0.00402089 -0.00721842 -0.0056695 -0.00402089 -0.0030625 -0.0056695 -0.00439726 -0.0286944 -0.0226487 -0.0306757 -0.0244453 -0.0226487 -0.0179998 -0.0244453 -0.0195622 -0.0306757 -0.0244453 -0.0257323 -0.0206917 -0.0244453 -0.0195622 -0.0206917 -0.016668 -0.0179998 -0.014354 -0.0195622 -0.0156855 -0.014354 -0.0114514 -0.0156855 -0.0125757 -0.0195622 -0.0156855 -0.016668 -0.0134327 -0.0156855 -0.0125757 -0.0134327 -0.0108154 -0.0257323 -0.0206917 -0.0146384 -0.0118458 -0.0206917 -0.016668 -0.0118458 -0.00958723 -0.0146384 -0.0118458 8.64424e-13 7.41735e-13 -0.0118458 -0.00958723 7.41735e-13 4.7456e-13 -0.016668 -0.0134327 -0.00958723 -0.0077539 -0.0134327 -0.0108154 -0.0077539 -0.00626109 -0.00958723 -0.0077539 4.7456e-13 4.89105e-14 -0.0077539 -0.00626109 4.89105e-14 -5.05202e-13 -0.0114514 -0.00911476 -0.0125757 -0.0100621 -0.00911476 -0.00721842 -0.0100621 -0.00801863 -0.0125757 -0.0100621 -0.0108154 -0.00868845 -0.0100621 -0.00801863 -0.00868845 -0.00695405 -0.00721842 -0.0056695 -0.00801863 -0.00634994 -0.0056695 -0.00439726 -0.00634994 -0.00498187 -0.00801863 -0.00634994 -0.00695405 -0.00553578 -0.00634994 -0.00498187 -0.00553578 -0.00437296 -0.0108154 -0.00868845 -0.00626109 -0.00504271 -0.00868845 -0.00695405 -0.00504271 -0.00404653 -0.00626109 -0.00504271 -5.05202e-13 -1.0002e-12 -0.00504271 -0.00404653 -1.0002e-12 -1.13579e-12 -0.00695405 -0.00553578 -0.00404653 -0.00323071 -0.00553578 -0.00437296 -0.00323071 -0.00256146 -0.00404653 -0.00323071 -1.13579e-12 -8.98702e-13 -0.00323071 -0.00256146 -8.98702e-13 -6.54852e-13 -0.00175813 -0.00164389 -0.00101536 -0.000794163 -0.00164389 -0.00152949 -0.000794163 -0.000590057 -0.00101536 -0.000794163 -0.00168165 -0.00119932 -0.000794163 -0.000590057 -0.00119932 -0.000783268 -0.00152949 -0.00141463 -0.000590057 -0.000398444 -0.00141463 -0.00129894 -0.000398444 -0.000215307 -0.000590057 -0.000398444 -0.000783268 -0.000419085 -0.000398444 -0.000215307 -0.000419085 -9.48105e-05 -0.00168165 -0.00119932 -0.0030625 -0.00226409 -0.00119932 -0.000783268 -0.00226409 -0.00159321 -0.0030625 -0.00226409 -0.00439726 -0.00334652 -0.00226409 -0.00159321 -0.00334652 -0.00247346 -0.000783268 -0.000419085 -0.00159321 -0.00102378 -0.000419085 -9.48105e-05 -0.00102378 -0.00053447 -0.00159321 -0.00102378 -0.00247346 -0.00174283 -0.00102378 -0.00053447 -0.00174283 -0.00112592 -0.00129894 -0.00118204 -0.000215307 -3.69015e-05 -0.00118204 -0.00106341 -3.69015e-05 0.000140553 -0.000215307 -3.69015e-05 -9.48105e-05 0.000199811 -3.69015e-05 0.000140553 0.000199811 0.000474001 -0.00106341 -0.000942421 0.000140553 0.000321185 -0.000942421 -0.000818224 0.000321185 0.000509688 0.000140553 0.000321185 0.000474001 0.0007365 0.000321185 0.000509688 0.0007365 0.000995899 -9.48105e-05 0.000199811 -0.00053447 -0.000107464 0.000199811 0.000474001 -0.000107464 0.000272531 -0.00053447 -0.000107464 -0.00112592 -0.000599006 -0.000107464 0.000272531 -0.000599006 -0.0001421 0.000474001 0.0007365 0.000272531 0.000619092 0.0007365 0.000995899 0.000619092 0.000944517 0.000272531 0.000619092 -0.0001421 0.000261968 0.000619092 0.000944517 0.000261968 0.000628102 -0.00439726 -0.00334652 -0.00498187 -0.00385585 -0.00334652 -0.00247346 -0.00385585 -0.00292497 -0.00498187 -0.00385585 -0.00437296 -0.00341694 -0.00385585 -0.00292497 -0.00341694 -0.00262835 -0.00247346 -0.00174283 -0.00292497 -0.00215131 -0.00174283 -0.00112592 -0.00215131 -0.00150395 -0.00292497 -0.00215131 -0.00262835 -0.00197515 -0.00215131 -0.00150395 -0.00197515 -0.00143116 -0.00437296 -0.00341694 -0.00256146 -0.00201134 -0.00341694 -0.00262835 -0.00201134 -0.00155794 -0.00256146 -0.00201134 -6.54852e-13 -4.21184e-13 -0.00201134 -0.00155794 -4.21184e-13 4.33887e-13 -0.00262835 -0.00197515 -0.00155794 -0.00118296 -0.00197515 -0.00143116 -0.00118296 -0.000871373 -0.00155794 -0.00118296 4.33887e-13 1.06843e-12 -0.00118296 -0.000871373 1.06843e-12 1.41434e-12 -0.00112592 -0.000599006 -0.00150395 -0.000957427 -0.000599006 -0.0001421 -0.000957427 -0.000490466 -0.00150395 -0.000957427 -0.00143116 -0.000974775 -0.000957427 -0.000490466 -0.000974775 -0.00058804 -0.0001421 0.000261968 -0.000490466 -8.50795e-05 0.000261968 0.000628102 -8.50795e-05 0.000274005 -0.000490466 -8.50795e-05 -0.00058804 -0.000255872 -8.50795e-05 0.000274005 -0.000255872 3.43901e-05 -0.00143116 -0.000974775 -0.000871373 -0.000610777 -0.000974775 -0.00058804 -0.000610777 -0.000390874 -0.000871373 -0.000610777 1.41434e-12 1.42201e-12 -0.000610777 -0.000390874 1.42201e-12 1.18678e-12 -0.00058804 -0.000255872 -0.000390874 -0.00020304 -0.000255872 3.43901e-05 -0.00020304 -4.00751e-05 -0.000390874 -0.00020304 1.18678e-12 8.27764e-13 -0.00020304 -4.00751e-05 8.27764e-13 4.35058e-13 -0.000818224 -0.00068968 0.000509688 0.000711119 -0.00068968 -0.000555378 0.000711119 0.000929473 0.000509688 0.000711119 0.000995899 0.00126029 0.000711119 0.000929473 0.00126029 0.00153519 -0.000555378 -0.00041388 0.000929473 0.00116348 -0.00041388 -0.000264612 0.00116348 0.00139743 0.000929473 0.00116348 0.00153519 0.00181802 0.00116348 0.00139743 0.00181802 0.00208631 0.000995899 0.00126029 0.000944517 0.00125946 0.00126029 0.00153519 0.00125946 0.0015708 0.000944517 0.00125946 0.000628102 0.000968656 0.00125946 0.0015708 0.000968656 0.00129151 0.00153519 0.00181802 0.0015708 0.00187596 0.00181802 0.00208631 0.00187596 0.00215165 0.0015708 0.00187596 0.00129151 0.00159515 0.00187596 0.00215165 0.00159515 0.00185914 -0.000264612 -0.000109949 0.00139743 0.00158343 -0.000109949 3.98902e-05 0.00158343 0.00159398 0.00139743 0.00158343 0.00208631 0.00227576 0.00158343 0.00159398 0.00227576 0.00223067 3.98902e-05 0.000152876 0.00159398 0.0010642 0.000152876 0 0.0010642 -0.000681663 0.00159398 0.0010642 0.00223067 0.00155849 0.0010642 -0.000681663 0.00155849 0.000436042 0.00208631 0.00227576 0.00215165 0.00233368 0.00227576 0.00223067 0.00233368 0.00228419 0.00215165 0.00233368 0.00185914 0.00202851 0.00233368 0.00228419 0.00202851 0.00199676 0.00223067 0.00155849 0.00228419 0.00175016 0.00155849 0.000436042 0.00175016 0.00103859 0.00228419 0.00175016 0.00199676 0.0016347 0.00175016 0.00103859 0.0016347 0.00120518 0.000628102 0.000968656 0.000274005 0.000599173 0.000968656 0.00129151 0.000599173 0.000898417 0.000274005 0.000599173 3.43901e-05 0.000292915 0.000599173 0.000898417 0.000292915 0.000526358 0.00129151 0.00159515 0.000898417 0.0011715 0.00159515 0.00185914 0.0011715 0.00140278 0.000898417 0.0011715 0.000526358 0.000735279 0.0011715 0.00140278 0.000735279 0.00090942 3.43901e-05 0.000292915 -4.00751e-05 0.000103783 0.000292915 0.000526358 0.000103783 0.000232344 -4.00751e-05 0.000103783 4.35058e-13 7.28639e-14 0.000103783 0.000232344 7.28639e-14 -2.34587e-13 0.000526358 0.000735279 0.000232344 0.000346174 0.000735279 0.00090942 0.000346174 0.000440273 0.000232344 0.000346174 -2.34587e-13 -4.73541e-13 0.000346174 0.000440273 -4.73541e-13 -6.4194e-13 0.00185914 0.00202851 0.00140278 0.00155066 0.00202851 0.00199676 0.00155066 0.00154153 0.00140278 0.00155066 0.00090942 0.00102151 0.00155066 0.00154153 0.00102151 0.00102685 0.00199676 0.0016347 0.00154153 0.00131923 0.0016347 0.00120518 0.00131923 0.00107697 0.00154153 0.00131923 0.00102685 0.000905167 0.00131923 0.00107697 0.000905167 0.000781008 0.00090942 0.00102151 0.000440273 0.000501269 0.00102151 0.00102685 0.000501269 0.000508381 0.000440273 0.000501269 -6.4194e-13 -7.47125e-13 0.000501269 0.000508381 -7.47125e-13 -7.98618e-13 0.00102685 0.000905167 0.000508381 0.000456098 0.000905167 0.000781008 0.000456098 0.000405121 0.000508381 0.000456098 -7.98618e-13 -8.03253e-13 0.000456098 0.000405121 -8.03253e-13 -7.68867e-13 0 2.39571e-13 0 0.0319913 2.39571e-13 2.64192e-13 0.0319913 0.0422557 0 0.0319913 0 0.0629335 0.0319913 0.0422557 0.0629335 0.0795805 2.64192e-13 4.23726e-13 0.0422557 0.039149 4.23726e-13 5.92158e-13 0.039149 0.0334028 0.0422557 0.039149 0.0795805 0.0730108 0.039149 0.0334028 0.0730108 0.0615337 0 0.0629335 0 0.0904526 0.0629335 0.0795805 0.0904526 0.106753 0 0.0904526 0 0.1096 0.0904526 0.106753 0.1096 0.117988 0.0795805 0.0730108 0.106753 0.0960345 0.0730108 0.0615337 0.0960345 0.0790704 0.106753 0.0960345 0.117988 0.102602 0.0960345 0.0790704 0.102602 0.0813987 5.92158e-13 7.37197e-13 0.0334028 0.0275355 7.37197e-13 8.40739e-13 0.0275355 0.0223734 0.0334028 0.0275355 0.0615337 0.0500112 0.0275355 0.0223734 0.0500112 0.0401016 8.40739e-13 8.92134e-13 0.0223734 0.0180999 8.92134e-13 8.64424e-13 0.0180999 0.0146384 0.0223734 0.0180999 0.0401016 0.0320884 0.0180999 0.0146384 0.0320884 0.0257323 0.0615337 0.0500112 0.0790704 0.0627079 0.0500112 0.0401016 0.0627079 0.0492208 0.0790704 0.0627079 0.0813987 0.0623594 0.0627079 0.0492208 0.0623594 0.0476218 0.0401016 0.0320884 0.0492208 0.0387311 0.0320884 0.0257323 0.0387311 0.0306757 0.0492208 0.0387311 0.0476218 0.0367339 0.0387311 0.0306757 0.0367339 0.0286944 0 0.1096 0 0.112038 0.1096 0.117988 0.112038 0.107598 0 0.112038 0 0.087902 0.112038 0.107598 0.087902 0.0743908 0.117988 0.102602 0.107598 0.0888576 0.102602 0.0813987 0.0888576 0.0669513 0.107598 0.0888576 0.0743908 0.0571978 0.0888576 0.0669513 0.0571978 0.0404833 0 0.087902 0 0.0361296 0.087902 0.0743908 0.0361296 0.0295174 0 0.0361296 0 0.00266037 0.0361296 0.0295174 0.00266037 0.0033451 0.0743908 0.0571978 0.0295174 0.0209287 0.0571978 0.0404833 0.0209287 0.0140635 0.0295174 0.0209287 0.0033451 0.00345056 0.0209287 0.0140635 0.00345056 0.0033386 0.0813987 0.0623594 0.0669513 0.0491834 0.0623594 0.0476218 0.0491834 0.0364678 0.0669513 0.0491834 0.0404833 0.0285008 0.0491834 0.0364678 0.0285008 0.0206415 0.0476218 0.0367339 0.0364678 0.0276031 0.0367339 0.0286944 0.0276031 0.0213139 0.0364678 0.0276031 0.0206415 0.0154716 0.0276031 0.0213139 0.0154716 0.0119248 0.0404833 0.0285008 0.0140635 0.00978906 0.0285008 0.0206415 0.00978906 0.00723748 0.0140635 0.00978906 0.0033386 0.00316996 0.00978906 0.00723748 0.00316996 0.00300261 0.0206415 0.0154716 0.00723748 0.00564106 0.0154716 0.0119248 0.00564106 0.0045559 0.00723748 0.00564106 0.00300261 0.00285028 0.00564106 0.0045559 0.00285028 0.00271152 8.64424e-13 7.41735e-13 0.0146384 0.0118458 7.41735e-13 4.7456e-13 0.0118458 0.00958723 0.0146384 0.0118458 0.0257323 0.0206917 0.0118458 0.00958723 0.0206917 0.016668 4.7456e-13 4.89105e-14 0.00958723 0.0077539 4.89105e-14 -5.05202e-13 0.0077539 0.00626109 0.00958723 0.0077539 0.016668 0.0134327 0.0077539 0.00626109 0.0134327 0.0108154 0.0257323 0.0206917 0.0306757 0.0244453 0.0206917 0.016668 0.0244453 0.0195622 0.0306757 0.0244453 0.0286944 0.0226487 0.0244453 0.0195622 0.0226487 0.0179998 0.016668 0.0134327 0.0195622 0.0156855 0.0134327 0.0108154 0.0156855 0.0125757 0.0195622 0.0156855 0.0179998 0.014354 0.0156855 0.0125757 0.014354 0.0114514 -5.05202e-13 -1.0002e-12 0.00626109 0.00504271 -1.0002e-12 -1.13579e-12 0.00504271 0.00404653 0.00626109 0.00504271 0.0108154 0.00868845 0.00504271 0.00404653 0.00868845 0.00695405 -1.13579e-12 -8.98702e-13 0.00404653 0.00323071 -8.98702e-13 -6.54852e-13 0.00323071 0.00256146 0.00404653 0.00323071 0.00695405 0.00553578 0.00323071 0.00256146 0.00553578 0.00437296 0.0108154 0.00868845 0.0125757 0.0100621 0.00868845 0.00695405 0.0100621 0.00801863 0.0125757 0.0100621 0.0114514 0.00911476 0.0100621 0.00801863 0.00911476 0.00721842 0.00695405 0.00553578 0.00801863 0.00634994 0.00553578 0.00437296 0.00634994 0.00498187 0.00801863 0.00634994 0.00721842 0.0056695 0.00634994 0.00498187 0.0056695 0.00439726 0.0286944 0.0226487 0.0213139 0.0167028 0.0226487 0.0179998 0.0167028 0.0132087 0.0213139 0.0167028 0.0119248 0.00936321 0.0167028 0.0132087 0.00936321 0.00742837 0.0179998 0.014354 0.0132087 0.0104893 0.014354 0.0114514 0.0104893 0.00833091 0.0132087 0.0104893 0.00742837 0.00591756 0.0104893 0.00833091 0.00591756 0.00471007 0.0119248 0.00936321 0.0045559 0.00375667 0.00936321 0.00742837 0.00375667 0.00313221 0.0045559 0.00375667 0.00271152 0.00258196 0.00375667 0.00313221 0.00258196 0.00245806 0.00742837 0.00591756 0.00313221 0.00262504 0.00591756 0.00471007 0.00262504 0.00220231 0.00313221 0.00262504 0.00245806 0.00233765 0.00262504 0.00220231 0.00233765 0.00221948 0.0114514 0.00911476 0.00833091 0.0065935 0.00911476 0.00721842 0.0065935 0.00518025 0.00833091 0.0065935 0.00471007 0.00372876 0.0065935 0.00518025 0.00372876 0.0029208 0.00721842 0.0056695 0.00518025 0.00402089 0.0056695 0.00439726 0.00402089 0.0030625 0.00518025 0.00402089 0.0029208 0.00224803 0.00402089 0.0030625 0.00224803 0.00168165 0.00471007 0.00372876 0.00220231 0.00184294 0.00372876 0.0029208 0.00184294 0.00153219 0.00220231 0.00184294 0.00221948 0.00210286 0.00184294 0.00153219 0.00210286 0.00198732 0.0029208 0.00224803 0.00153219 0.00125914 0.00224803 0.00168165 0.00125914 0.00101536 0.00153219 0.00125914 0.00198732 0.00187251 0.00125914 0.00101536 0.00187251 0.00175813 -6.54852e-13 -4.21184e-13 0.00256146 0.00201134 -4.21184e-13 4.33887e-13 0.00201134 0.00155794 0.00256146 0.00201134 0.00437296 0.00341694 0.00201134 0.00155794 0.00341694 0.00262835 4.33887e-13 1.06843e-12 0.00155794 0.00118296 1.06843e-12 1.41434e-12 0.00118296 0.000871373 0.00155794 0.00118296 0.00262835 0.00197515 0.00118296 0.000871373 0.00197515 0.00143116 0.00437296 0.00341694 0.00498187 0.00385585 0.00341694 0.00262835 0.00385585 0.00292497 0.00498187 0.00385585 0.00439726 0.00334652 0.00385585 0.00292497 0.00334652 0.00247346 0.00262835 0.00197515 0.00292497 0.00215131 0.00197515 0.00143116 0.00215131 0.00150395 0.00292497 0.00215131 0.00247346 0.00174283 0.00215131 0.00150395 0.00174283 0.00112592 1.41434e-12 1.42201e-12 0.000871373 0.000610777 1.42201e-12 1.18678e-12 0.000610777 0.000390874 0.000871373 0.000610777 0.00143116 0.000974775 0.000610777 0.000390874 0.000974775 0.00058804 1.18678e-12 8.27764e-13 0.000390874 0.00020304 8.27764e-13 4.35058e-13 0.00020304 4.00751e-05 0.000390874 0.00020304 0.00058804 0.000255872 0.00020304 4.00751e-05 0.000255872 -3.43901e-05 0.00143116 0.000974775 0.00150395 0.000957427 0.000974775 0.00058804 0.000957427 0.000490466 0.00150395 0.000957427 0.00112592 0.000599006 0.000957427 0.000490466 0.000599006 0.0001421 0.00058804 0.000255872 0.000490466 8.50795e-05 0.000255872 -3.43901e-05 8.50795e-05 -0.000274005 0.000490466 8.50795e-05 0.0001421 -0.000261968 8.50795e-05 -0.000274005 -0.000261968 -0.000628102 0.00439726 0.00334652 0.0030625 0.00226409 0.00334652 0.00247346 0.00226409 0.00159321 0.0030625 0.00226409 0.00168165 0.00119932 0.00226409 0.00159321 0.00119932 0.000783268 0.00247346 0.00174283 0.00159321 0.00102378 0.00174283 0.00112592 0.00102378 0.00053447 0.00159321 0.00102378 0.000783268 0.000419085 0.00102378 0.00053447 0.000419085 9.48105e-05 0.00168165 0.00119932 0.00101536 0.000794163 0.00119932 0.000783268 0.000794163 0.000590057 0.00101536 0.000794163 0.00175813 0.00164389 0.000794163 0.000590057 0.00164389 0.00152949 0.000783268 0.000419085 0.000590057 0.000398444 0.000419085 9.48105e-05 0.000398444 0.000215307 0.000590057 0.000398444 0.00152949 0.00141463 0.000398444 0.000215307 0.00141463 0.00129894 0.00112592 0.000599006 0.00053447 0.000107464 0.000599006 0.0001421 0.000107464 -0.000272531 0.00053447 0.000107464 9.48105e-05 -0.000199811 0.000107464 -0.000272531 -0.000199811 -0.000474001 0.0001421 -0.000261968 -0.000272531 -0.000619092 -0.000261968 -0.000628102 -0.000619092 -0.000944517 -0.000272531 -0.000619092 -0.000474001 -0.0007365 -0.000619092 -0.000944517 -0.0007365 -0.000995899 9.48105e-05 -0.000199811 0.000215307 3.69015e-05 -0.000199811 -0.000474001 3.69015e-05 -0.000140553 0.000215307 3.69015e-05 0.00129894 0.00118204 3.69015e-05 -0.000140553 0.00118204 0.00106341 -0.000474001 -0.0007365 -0.000140553 -0.000321185 -0.0007365 -0.000995899 -0.000321185 -0.000509688 -0.000140553 -0.000321185 0.00106341 0.000942421 -0.000321185 -0.000509688 0.000942421 0.000818224 4.35058e-13 7.28639e-14 4.00751e-05 -0.000103783 7.28639e-14 -2.34587e-13 -0.000103783 -0.000232344 4.00751e-05 -0.000103783 -3.43901e-05 -0.000292915 -0.000103783 -0.000232344 -0.000292915 -0.000526358 -2.34587e-13 -4.73541e-13 -0.000232344 -0.000346174 -4.73541e-13 -6.4194e-13 -0.000346174 -0.000440273 -0.000232344 -0.000346174 -0.000526358 -0.000735279 -0.000346174 -0.000440273 -0.000735279 -0.00090942 -3.43901e-05 -0.000292915 -0.000274005 -0.000599173 -0.000292915 -0.000526358 -0.000599173 -0.000898417 -0.000274005 -0.000599173 -0.000628102 -0.000968656 -0.000599173 -0.000898417 -0.000968656 -0.00129151 -0.000526358 -0.000735279 -0.000898417 -0.0011715 -0.000735279 -0.00090942 -0.0011715 -0.00140278 -0.000898417 -0.0011715 -0.00129151 -0.00159515 -0.0011715 -0.00140278 -0.00159515 -0.00185914 -6.4194e-13 -7.47125e-13 -0.000440273 -0.000501269 -7.47125e-13 -7.98618e-13 -0.000501269 -0.000508381 -0.000440273 -0.000501269 -0.00090942 -0.00102151 -0.000501269 -0.000508381 -0.00102151 -0.00102685 -7.98618e-13 -8.03253e-13 -0.000508381 -0.000456098 -8.03253e-13 -7.68867e-13 -0.000456098 -0.000405121 -0.000508381 -0.000456098 -0.00102685 -0.000905167 -0.000456098 -0.000405121 -0.000905167 -0.000781008 -0.00090942 -0.00102151 -0.00140278 -0.00155066 -0.00102151 -0.00102685 -0.00155066 -0.00154153 -0.00140278 -0.00155066 -0.00185914 -0.00202851 -0.00155066 -0.00154153 -0.00202851 -0.00199676 -0.00102685 -0.000905167 -0.00154153 -0.00131923 -0.000905167 -0.000781008 -0.00131923 -0.00107697 -0.00154153 -0.00131923 -0.00199676 -0.0016347 -0.00131923 -0.00107697 -0.0016347 -0.00120518 -0.000628102 -0.000968656 -0.000944517 -0.00125946 -0.000968656 -0.00129151 -0.00125946 -0.0015708 -0.000944517 -0.00125946 -0.000995899 -0.00126029 -0.00125946 -0.0015708 -0.00126029 -0.00153519 -0.00129151 -0.00159515 -0.0015708 -0.00187596 -0.00159515 -0.00185914 -0.00187596 -0.00215165 -0.0015708 -0.00187596 -0.00153519 -0.00181802 -0.00187596 -0.00215165 -0.00181802 -0.00208631 -0.000995899 -0.00126029 -0.000509688 -0.000711119 -0.00126029 -0.00153519 -0.000711119 -0.000929473 -0.000509688 -0.000711119 0.000818224 0.00068968 -0.000711119 -0.000929473 0.00068968 0.000555378 -0.00153519 -0.00181802 -0.000929473 -0.00116348 -0.00181802 -0.00208631 -0.00116348 -0.00139743 -0.000929473 -0.00116348 0.000555378 0.00041388 -0.00116348 -0.00139743 0.00041388 0.000264612 -0.00185914 -0.00202851 -0.00215165 -0.00233368 -0.00202851 -0.00199676 -0.00233368 -0.00228419 -0.00215165 -0.00233368 -0.00208631 -0.00227576 -0.00233368 -0.00228419 -0.00227576 -0.00223067 -0.00199676 -0.0016347 -0.00228419 -0.00175016 -0.0016347 -0.00120518 -0.00175016 -0.00103859 -0.00228419 -0.00175016 -0.00223067 -0.00155849 -0.00175016 -0.00103859 -0.00155849 -0.000436042 -0.00208631 -0.00227576 -0.00139743 -0.00158343 -0.00227576 -0.00223067 -0.00158343 -0.00159398 -0.00139743 -0.00158343 0.000264612 0.000109949 -0.00158343 -0.00159398 0.000109949 -3.98902e-05 -0.00223067 -0.00155849 -0.00159398 -0.0010642 -0.00155849 -0.000436042 -0.0010642 0.000681663 -0.00159398 -0.0010642 -3.98902e-05 -0.000152876 -0.0010642 0.000681663 -0.000152876 0 0 0.00266037 0 0.00221559 0.00266037 0.0033451 0.00221559 0.00292451 0 0.00221559 0 0.00174037 0.00221559 0.00292451 0.00174037 0.00247378 0.0033451 0.00345056 0.00292451 0.00303105 0.00345056 0.0033386 0.00303105 0.0029234 0.00292451 0.00303105 0.00247378 0.00259297 0.00303105 0.0029234 0.00259297 0.00250101 0 0.00174037 0 0.00135423 0.00174037 0.00247378 0.00135423 0.00201385 0 0.00135423 0 0.00103657 0.00135423 0.00201385 0.00103657 0.00156617 0.00247378 0.00259297 0.00201385 0.00214197 0.00259297 0.00250101 0.00214197 0.00207173 0.00201385 0.00214197 0.00156617 0.00168662 0.00214197 0.00207173 0.00168662 0.001639 0.0033386 0.00316996 0.0029234 0.00276678 0.00316996 0.00300261 0.00276678 0.00261647 0.0029234 0.00276678 0.00250101 0.00236257 0.00276678 0.00261647 0.00236257 0.00223169 0.00300261 0.00285028 0.00261647 0.00248304 0.00285028 0.00271152 0.00248304 0.00236317 0.00261647 0.00248304 0.00223169 0.00211765 0.00248304 0.00236317 0.00211765 0.00201644 0.00250101 0.00236257 0.00207173 0.00195686 0.00236257 0.00223169 0.00195686 0.00184821 0.00207173 0.00195686 0.001639 0.00155118 0.00195686 0.00184821 0.00155118 0.00146691 0.00223169 0.00211765 0.00184821 0.00175445 0.00211765 0.00201644 0.00175445 0.00167185 0.00184821 0.00175445 0.00146691 0.00139409 0.00175445 0.00167185 0.00139409 0.00132993 0 0.00103657 0 0.000762013 0.00103657 0.00156617 0.000762013 0.00113853 0 0.000762013 0 0.000508897 0.000762013 0.00113853 0.000508897 0.000732119 0.00156617 0.00168662 0.00113853 0.00123558 0.00168662 0.001639 0.00123558 0.00120835 0.00113853 0.00123558 0.000732119 0.000797466 0.00123558 0.00120835 0.000797466 0.000786522 0 0.000508897 0 0.000256247 0.000508897 0.000732119 0.000256247 0.000349634 0 0.000256247 0 0 0.000256247 0.000349634 0 0 0.000732119 0.000797466 0.000349634 0.000381701 0.000797466 0.000786522 0.000381701 0.000381071 0.000349634 0.000381701 0 0 0.000381701 0.000381071 0 0 0.001639 0.00155118 0.00120835 0.00114855 0.00155118 0.00146691 0.00114855 0.00108938 0.00120835 0.00114855 0.000786522 0.000752937 0.00114855 0.00108938 0.000752937 0.000717674 0.00146691 0.00139409 0.00108938 0.00103748 0.00139409 0.00132993 0.00103748 0.00099126 0.00108938 0.00103748 0.000717674 0.000685633 0.00103748 0.00099126 0.000685633 0.000656415 0.000786522 0.000752937 0.000381071 0.000368709 0.000752937 0.000717674 0.000368709 0.00035394 0.000381071 0.000368709 0 0 0.000368709 0.00035394 0 0 0.000717674 0.000685633 0.00035394 0.000339559 0.000685633 0.000656415 0.000339559 0.000325884 0.00035394 0.000339559 0 0 0.000339559 0.000325884 0 0 0.00271152 0.00258196 0.00236317 0.00225175 0.00258196 0.00245806 0.00225175 0.00214511 0.00236317 0.00225175 0.00201644 0.00192277 0.00225175 0.00214511 0.00192277 0.00183304 0.00245806 0.00233765 0.00214511 0.00204118 0.00233765 0.00221948 0.00204118 0.00193893 0.00214511 0.00204118 0.00183304 0.00174536 0.00204118 0.00193893 0.00174536 0.00165883 0.00201644 0.00192277 0.00167185 0.00159554 0.00192277 0.00183304 0.00159554 0.00152231 0.00167185 0.00159554 0.00132993 0.00127052 0.00159554 0.00152231 0.00127052 0.00121329 0.00183304 0.00174536 0.00152231 0.00145052 0.00174536 0.00165883 0.00145052 0.00137944 0.00152231 0.00145052 0.00121329 0.00115696 0.00145052 0.00137944 0.00115696 0.00110098 0.00221948 0.00210286 0.00193893 0.00183779 0.00210286 0.00198732 0.00183779 0.00173743 0.00193893 0.00183779 0.00165883 0.00157303 0.00183779 0.00173743 0.00157303 0.00148774 0.00198732 0.00187251 0.00173743 0.0016376 0.00187251 0.00175813 0.0016376 0.00153807 0.00173743 0.0016376 0.00148774 0.00140279 0.0016376 0.00153807 0.00140279 0.00131805 0.00165883 0.00157303 0.00137944 0.00130877 0.00157303 0.00148774 0.00130877 0.00123838 0.00137944 0.00130877 0.00110098 0.00104517 0.00130877 0.00123838 0.00104517 0.000989465 0.00148774 0.00140279 0.00123838 0.00116818 0.00140279 0.00131805 0.00116818 0.00109809 0.00123838 0.00116818 0.000989465 0.000933824 0.00116818 0.00109809 0.000933824 0.000878215 0.00132993 0.00127052 0.00099126 0.000948124 0.00127052 0.00121329 0.000948124 0.000906306 0.00099126 0.000948124 0.000656415 0.000628724 0.000948124 0.000906306 0.000628724 0.000601627 0.00121329 0.00115696 0.000906306 0.000864932 0.00115696 0.00110098 0.000864932 0.000823658 0.000906306 0.000864932 0.000601627 0.000574655 0.000864932 0.000823658 0.000574655 0.000547633 0.000656415 0.000628724 0.000325884 0.000312617 0.000628724 0.000601627 0.000312617 0.000299473 0.000325884 0.000312617 0 0 0.000312617 0.000299473 0 0 0.000601627 0.000574655 0.000299473 0.0002863 0.000574655 0.000547633 0.0002863 0.000273044 0.000299473 0.0002863 0 0 0.0002863 0.000273044 0 0 0.00110098 0.00104517 0.000823658 0.000782383 0.00104517 0.000989465 0.000782383 0.000741089 0.000823658 0.000782383 0.000547633 0.000520525 0.000782383 0.000741089 0.000520525 0.000493341 0.000989465 0.000933824 0.000741089 0.000699779 0.000933824 0.000878215 0.000699779 0.000658452 0.000741089 0.000699779 0.000493341 0.0004661 0.000699779 0.000658452 0.0004661 0.000438818 0.000547633 0.000520525 0.000273044 0.000259703 0.000520525 0.000493341 0.000259703 0.000246292 0.000273044 0.000259703 0 0 0.000259703 0.000246292 0 0 0.000493341 0.0004661 0.000246292 0.000232829 0.0004661 0.000438818 0.000232829 0.00021933 0.000246292 0.000232829 0 0 0.000232829 0.00021933 0 0 0.00175813 0.00164389 0.00153807 0.00143865 0.00164389 0.00152949 0.00143865 0.00133909 0.00153807 0.00143865 0.00131805 0.00123336 0.00143865 0.00133909 0.00123336 0.00114856 0.00152949 0.00141463 0.00133909 0.00123916 0.00141463 0.00129894 0.00123916 0.0011386 0.00133909 0.00123916 0.00114856 0.00106349 0.00123916 0.0011386 0.00106349 0.000977956 0.00131805 0.00123336 0.00109809 0.00102801 0.00123336 0.00114856 0.00102801 0.000957856 0.00109809 0.00102801 0.000878215 0.000822597 0.00102801 0.000957856 0.000822597 0.00076692 0.00114856 0.00106349 0.000957856 0.00088751 0.00106349 0.000977956 0.00088751 0.000816854 0.000957856 0.00088751 0.00076692 0.000711126 0.00088751 0.000816854 0.000711126 0.00065515 0.00129894 0.00118204 0.0011386 0.00103709 0.00118204 0.00106341 0.00103709 0.000934258 0.0011386 0.00103709 0.000977956 0.000891736 0.00103709 0.000934258 0.000891736 0.000804553 0.00106341 0.000942421 0.000934258 0.000829594 0.000942421 0.000818224 0.000829594 0.000722412 0.000934258 0.000829594 0.000804553 0.000716033 0.000829594 0.000722412 0.000716033 0.000625648 0.000977956 0.000891736 0.000816854 0.000745742 0.000891736 0.000804553 0.000745742 0.000673993 0.000816854 0.000745742 0.00065515 0.000598913 0.000745742 0.000673993 0.000598913 0.00054231 0.000804553 0.000716033 0.000673993 0.000601349 0.000716033 0.000625648 0.000601349 0.000527432 0.000673993 0.000601349 0.00054231 0.000485188 0.000601349 0.000527432 0.000485188 0.000427304 0.000878215 0.000822597 0.000658452 0.000617098 0.000822597 0.00076692 0.000617098 0.000575705 0.000658452 0.000617098 0.000438818 0.000411506 0.000617098 0.000575705 0.000411506 0.00038417 0.00076692 0.000711126 0.000575705 0.000534252 0.000711126 0.00065515 0.000534252 0.000492717 0.000575705 0.000534252 0.00038417 0.000356814 0.000534252 0.000492717 0.000356814 0.000329441 0.000438818 0.000411506 0.00021933 0.000205809 0.000411506 0.00038417 0.000205809 0.000192278 0.00021933 0.000205809 0 0 0.000205809 0.000192278 0 0 0.00038417 0.000356814 0.000192278 0.000178747 0.000356814 0.000329441 0.000178747 0.000165228 0.000192278 0.000178747 0 0 0.000178747 0.000165228 0 0 0.00065515 0.000598913 0.000492717 0.000451068 0.000598913 0.00054231 0.000451068 0.000409264 0.000492717 0.000451068 0.000329441 0.000302052 0.000451068 0.000409264 0.000302052 0.000274643 0.00054231 0.000485188 0.000409264 0.000367231 0.000485188 0.000427304 0.000367231 0.000324843 0.000409264 0.000367231 0.000274643 0.000247196 0.000367231 0.000324843 0.000247196 0.000219674 0.000329441 0.000302052 0.000165228 0.000151731 0.000302052 0.000274643 0.000151731 0.000138268 0.000165228 0.000151731 0 0 0.000151731 0.000138268 0 0 0.000274643 0.000247196 0.000138268 0.000124848 0.000247196 0.000219674 0.000124848 0.000111475 0.000138268 0.000124848 0 0 0.000124848 0.000111475 0 0 0.000818224 0.00068968 0.000722412 0.000611765 0.00068968 0.000555378 0.000611765 0.000496439 0.000722412 0.000611765 0.000625648 0.000532641 0.000611765 0.000496439 0.000532641 0.000436023 0.000555378 0.00041388 0.000496439 0.000375191 0.00041388 0.000264612 0.000375191 0.000247676 0.000496439 0.000375191 0.000436023 0.000334818 0.000375191 0.000247676 0.000334818 0.000229013 0.000625648 0.000532641 0.000527432 0.00045168 0.000532641 0.000436023 0.00045168 0.00037335 0.000527432 0.00045168 0.000427304 0.000368286 0.00045168 0.00037335 0.000368286 0.000307639 0.000436023 0.000334818 0.00037335 0.00029176 0.000334818 0.000229013 0.00029176 0.000207227 0.00037335 0.00029176 0.000307639 0.000244968 0.00029176 0.000207227 0.000244968 0.000180817 0.000264612 0.000109949 0.000247676 0.000116699 0.000109949 -3.98902e-05 0.000116699 -6.60818e-06 0.000247676 0.000116699 0.000229013 0.000121965 0.000116699 -6.60818e-06 0.000121965 2.54919e-05 -3.98902e-05 -0.000152876 -6.60818e-06 -8.95588e-05 -0.000152876 0 -8.95588e-05 0 -6.60818e-06 -8.95588e-05 2.54919e-05 -2.53584e-05 -8.95588e-05 0 -2.53584e-05 0 0.000229013 0.000121965 0.000207227 0.000123482 0.000121965 2.54919e-05 0.000123482 5.24503e-05 0.000207227 0.000123482 0.000180817 0.000118822 0.000123482 5.24503e-05 0.000118822 6.95504e-05 2.54919e-05 -2.53584e-05 5.24503e-05 1.92487e-05 -2.53584e-05 0 1.92487e-05 0 5.24503e-05 1.92487e-05 6.95504e-05 4.6341e-05 1.92487e-05 0 4.6341e-05 0 0.000427304 0.000368286 0.000324843 0.000281898 0.000368286 0.000307639 0.000281898 0.000238127 0.000324843 0.000281898 0.000219674 0.000192002 0.000281898 0.000238127 0.000192002 0.000164092 0.000307639 0.000244968 0.000238127 0.000193379 0.000244968 0.000180817 0.000193379 0.000148267 0.000238127 0.000193379 0.000164092 0.000135961 0.000193379 0.000148267 0.000135961 0.000108141 0.000219674 0.000192002 0.000111475 9.81522e-05 0.000192002 0.000164092 9.81522e-05 8.48896e-05 0.000111475 9.81522e-05 0 0 9.81522e-05 8.48896e-05 0 0 0.000164092 0.000135961 8.48896e-05 7.17697e-05 0.000135961 0.000108141 7.17697e-05 5.9117e-05 8.48896e-05 7.17697e-05 0 0 7.17697e-05 5.9117e-05 0 0 0.000180817 0.000118822 0.000148267 0.000105826 0.000118822 6.95504e-05 0.000105826 7.39815e-05 0.000148267 0.000105826 0.000108141 8.26751e-05 0.000105826 7.39815e-05 8.26751e-05 6.42968e-05 6.95504e-05 4.6341e-05 7.39815e-05 5.80802e-05 4.6341e-05 0 5.80802e-05 0 7.39815e-05 5.80802e-05 6.42968e-05 5.47098e-05 5.80802e-05 0 5.47098e-05 0 0.000108141 8.26751e-05 5.9117e-05 4.78718e-05 8.26751e-05 6.42968e-05 4.78718e-05 3.98516e-05 5.9117e-05 4.78718e-05 0 0 4.78718e-05 3.98516e-05 0 0 6.42968e-05 5.47098e-05 3.98516e-05 3.49521e-05 5.47098e-05 0 3.49521e-05 0 3.98516e-05 3.49521e-05 0 0 3.49521e-05 0 0 0 
SCALARS x_dis double 1
LOOKUP_TABLE default
0 0 0 -0.000204038 0 0 -0.000204038 -0.000135917 0 -0.000204038 0 -0.000283129 -0.000204038 -0.000135917 -0.000283129 -0.000186302 0 0 -0.000135917 -1.18918e-05 0 0 -1.18918e-05 9.07683e-05 -0.000135917 -1.18918e-05 -0.000186302 1.49121e-05 -1.18918e-05 9.07683e-05 1.49121e-05 0.000186778 0 -0.000283129 0 -0.00029449 -0.000283129 -0.000186302 -0.00029449 -0.000166559 0 -0.00029449 0 -0.000262078 -0.00029449 -0.000166559 -0.000262078 -8.60786e-05 -0.000186302 1.49121e-05 -0.000166559 8.14877e-05 1.49121e-05 0.000186778 8.14877e-05 0.000293017 -0.000166559 8.14877e-05 -8.60786e-05 0.000184776 8.14877e-05 0.000293017 0.000184776 0.00040975 0 0 9.07683e-05 0.000158114 0 0 0.000158114 0.000199184 9.07683e-05 0.000158114 0.000186778 0.000303687 0.000158114 0.000199184 0.000303687 0.000378085 0 0 0.000199184 0.000224768 0 0 0.000224768 0.000241938 0.000199184 0.000224768 0.000378085 0.00042631 0.000224768 0.000241938 0.00042631 0.000459545 0.000186778 0.000303687 0.000293017 0.000441193 0.000303687 0.000378085 0.000441193 0.000539765 0.000293017 0.000441193 0.00040975 0.000572164 0.000441193 0.000539765 0.000572164 0.000685883 0.000378085 0.00042631 0.000539765 0.000606554 0.00042631 0.000459545 0.000606554 0.000654049 0.000539765 0.000606554 0.000685883 0.000766885 0.000606554 0.000654049 0.000766885 0.000826509 0 -0.000262078 0 -0.000185838 -0.000262078 -8.60786e-05 -0.000185838 5.133e-05 0 -0.000185838 0 -4.16622e-05 -0.000185838 5.133e-05 -4.16622e-05 0.000244607 -8.60786e-05 0.000184776 5.133e-05 0.000318368 0.000184776 0.00040975 0.000318368 0.000533231 5.133e-05 0.000318368 0.000244607 0.000471425 0.000318368 0.000533231 0.000471425 0.000655996 0 -4.16622e-05 0 0.000239294 -4.16622e-05 0.000244607 0.000239294 0.000480157 0 0.000239294 0 0.000742823 0.000239294 0.000480157 0.000742823 0.000739194 0.000244607 0.000471425 0.000480157 0.000627109 0.000471425 0.000655996 0.000627109 0.00076728 0.000480157 0.000627109 0.000739194 0.000759421 0.000627109 0.00076728 0.000759421 0.000853276 0.00040975 0.000572164 0.000533231 0.000695533 0.000572164 0.000685883 0.000695533 0.000816809 0.000533231 0.000695533 0.000655996 0.000808106 0.000695533 0.000816809 0.000808106 0.000931902 0.000685883 0.000766885 0.000816809 0.000908152 0.000766885 0.000826509 0.000908152 0.000977789 0.000816809 0.000908152 0.000931902 0.00103079 0.000908152 0.000977789 0.00103079 0.00110859 0.000655996 0.000808106 0.00076728 0.000905162 0.000808106 0.000931902 0.000905162 0.00102992 0.00076728 0.000905162 0.000853276 0.000981312 0.000905162 0.00102992 0.000981312 0.00110962 0.000931902 0.00103079 0.00102992 0.00113502 0.00103079 0.00110859 0.00113502 0.00121954 0.00102992 0.00113502 0.00110962 0.00122113 0.00113502 0.00121954 0.00122113 0.00131127 0 0 0.000241938 0.000254406 0 0 0.000254406 0.000263916 0.000241938 0.000254406 0.000459545 0.000483928 0.000254406 0.000263916 0.000483928 0.000502525 0 0 0.000263916 0.000271285 0 0 0.000271285 0.000276951 0.000263916 0.000271285 0.000502525 0.00051688 0.000271285 0.000276951 0.00051688 0.000527874 0.000459545 0.000483928 0.000654049 0.000689408 0.000483928 0.000502525 0.000689408 0.000716451 0.000654049 0.000689408 0.000826509 0.000871638 0.000689408 0.000716451 0.000871638 0.000906293 0.000502525 0.00051688 0.000716451 0.000737275 0.00051688 0.000527874 0.000737275 0.000753169 0.000716451 0.000737275 0.000906293 0.000932935 0.000737275 0.000753169 0.000932935 0.000953206 0 0 0.000276951 0.000281201 0 0 0.000281201 0.000284254 0.000276951 0.000281201 0.000527874 0.000536101 0.000281201 0.000284254 0.000536101 0.000542001 0 0 0.000284254 0.000286276 0 0 0.000286276 0.00028738 0.000284254 0.000286276 0.000542001 0.000545903 0.000286276 0.00028738 0.000545903 0.000548032 0.000527874 0.000536101 0.000753169 0.00076503 0.000536101 0.000542001 0.00076503 0.000773521 0.000753169 0.00076503 0.000953206 0.000968293 0.00076503 0.000773521 0.000968293 0.000979075 0.000542001 0.000545903 0.000773521 0.000779131 0.000545903 0.000548032 0.000779131 0.000782189 0.000773521 0.000779131 0.000979075 0.00098619 0.000779131 0.000782189 0.00098619 0.000990063 0.000826509 0.000871638 0.000977789 0.00103134 0.000871638 0.000906293 0.00103134 0.00107262 0.000977789 0.00103134 0.00110859 0.00116916 0.00103134 0.00107262 0.00116916 0.00121594 0.000906293 0.000932935 0.00107262 0.0011043 0.000932935 0.000953206 0.0011043 0.00112833 0.00107262 0.0011043 0.00121594 0.00125175 0.0011043 0.00112833 0.00125175 0.00127884 0.00110859 0.00116916 0.00121954 0.00128571 0.00116916 0.00121594 0.00128571 0.00133672 0.00121954 0.00128571 0.00131127 0.00138153 0.00128571 0.00133672 0.00138153 0.00143538 0.00121594 0.00125175 0.00133672 0.00137565 0.00125175 0.00127884 0.00137565 0.00140499 0.00133672 0.00137565 0.00143538 0.00147627 0.00137565 0.00140499 0.00147627 0.00150699 0.000953206 0.000968293 0.00112833 0.00114617 0.000968293 0.000979075 0.00114617 0.00115889 0.00112833 0.00114617 0.00127884 0.00129889 0.00114617 0.00115889 0.00129889 0.00131318 0.000979075 0.00098619 0.00115889 0.00116728 0.00098619 0.000990063 0.00116728 0.00117184 0.00115889 0.00116728 0.00131318 0.00132258 0.00116728 0.00117184 0.00132258 0.00132769 0.00127884 0.00129889 0.00140499 0.00142667 0.00129889 0.00131318 0.00142667 0.0014421 0.00140499 0.00142667 0.00150699 0.00152966 0.00142667 0.0014421 0.00152966 0.00154577 0.00131318 0.00132258 0.0014421 0.00145224 0.00132258 0.00132769 0.00145224 0.00145774 0.0014421 0.00145224 0.00154577 0.00155636 0.00145224 0.00145774 0.00155636 0.0015621 0 0 0.00028738 0.000287632 0 0 0.000287632 0.000287044 0.00028738 0.000287632 0.000548032 0.000548514 0.000287632 0.000287044 0.000548514 0.000547372 0 0 0.000287044 0.000285579 0 0 0.000285579 0.000283143 0.000287044 0.000285579 0.000547372 0.000544533 0.000285579 0.000283143 0.000544533 0.000539813 0.000548032 0.000548514 0.000782189 0.000782875 0.000548514 0.000547372 0.000782875 0.000781223 0.000782189 0.000782875 0.000990063 0.000990923 0.000782875 0.000781223 0.000990923 0.000988816 0.000547372 0.000544533 0.000781223 0.000777125 0.000544533 0.000539813 0.000777125 0.000770317 0.000781223 0.000777125 0.000988816 0.0009836 0.000777125 0.000770317 0.0009836 0.000974938 0 0 0.000283143 0.000279581 0 0 0.000279581 0.000274666 0.000283143 0.000279581 0.000539813 0.000532912 0.000279581 0.000274666 0.000532912 0.000523384 0 0 0.000274666 0.000268073 0 0 0.000268073 0.000259347 0.000274666 0.000268073 0.000523384 0.000510603 0.000268073 0.000259347 0.000510603 0.000493687 0.000539813 0.000532912 0.000770317 0.000760362 0.000532912 0.000523384 0.000760362 0.000746614 0.000770317 0.000760362 0.000974938 0.000962272 0.000760362 0.000746614 0.000962272 0.000944779 0.000523384 0.000510603 0.000746614 0.00072817 0.000510603 0.000493687 0.00072817 0.000703774 0.000746614 0.00072817 0.000944779 0.000921311 0.00072817 0.000703774 0.000921311 0.000890291 0.000990063 0.000990923 0.00117184 0.00117285 0.000990923 0.000988816 0.00117285 0.00117034 0.00117184 0.00117285 0.00132769 0.0013288 0.00117285 0.00117034 0.0013288 0.00132598 0.000988816 0.0009836 0.00117034 0.00116417 0.0009836 0.000974938 0.00116417 0.00115393 0.00117034 0.00116417 0.00132598 0.00131903 0.00116417 0.00115393 0.00131903 0.00130751 0.00132769 0.0013288 0.00145774 0.00145893 0.0013288 0.00132598 0.00145893 0.00145586 0.00145774 0.00145893 0.0015621 0.00156332 0.00145893 0.00145586 0.00156332 0.00156009 0.00132598 0.00131903 0.00145586 0.00144833 0.00131903 0.00130751 0.00144833 0.00143585 0.00145586 0.00144833 0.00156009 0.0015522 0.00144833 0.00143585 0.0015522 0.00153912 0.000974938 0.000962272 0.00115393 0.00113895 0.000962272 0.000944779 0.00113895 0.00111826 0.00115393 0.00113895 0.00130751 0.00129066 0.00113895 0.00111826 0.00129066 0.00126738 0.000944779 0.000921311 0.00111826 0.0010905 0.000921311 0.000890291 0.0010905 0.00105384 0.00111826 0.0010905 0.00126738 0.00123616 0.0010905 0.00105384 0.00123616 0.00119494 0.00130751 0.00129066 0.00143585 0.00141762 0.00129066 0.00126738 0.00141762 0.00139243 0.00143585 0.00141762 0.00153912 0.00152001 0.00141762 0.00139243 0.00152001 0.00149361 0.00126738 0.00123616 0.00139243 0.00135863 0.00123616 0.00119494 0.00135863 0.00131402 0.00139243 0.00135863 0.00149361 0.00145819 0.00135863 0.00131402 0.00145819 0.00141142 0 0 0.000259347 0.000247827 0 0 0.000247827 0.000232536 0.000259347 0.000247827 0.000493687 0.000471387 0.000247827 0.000232536 0.000471387 0.000441898 0 0 0.000232536 0.000212045 0 0 0.000212045 0.000184459 0.000232536 0.000212045 0.000441898 0.000402647 0.000212045 0.000184459 0.000402647 0.000350272 0.000493687 0.000471387 0.000703774 0.000671673 0.000471387 0.000441898 0.000671673 0.000629404 0.000703774 0.000671673 0.000890291 0.000849563 0.000671673 0.000629404 0.000849563 0.00079617 0.000441898 0.000402647 0.000629404 0.000573531 0.000402647 0.000350272 0.000573531 0.000499559 0.000629404 0.000573531 0.00079617 0.000726082 0.000573531 0.000499559 0.000726082 0.000633998 0 0 0.000184459 0.000148045 0 0 0.000148045 0.000103691 0.000184459 0.000148045 0.000350272 0.000281492 0.000148045 0.000103691 0.000281492 0.000196412 0 0 0.000103691 5.81601e-05 0 0 5.81601e-05 0 0.000103691 5.81601e-05 0.000196412 0.00010304 5.81601e-05 0 0.00010304 0 0.000350272 0.000281492 0.000499559 0.000402632 0.000281492 0.000196412 0.000402632 0.000280521 0.000499559 0.000402632 0.000633998 0.000513573 0.000402632 0.000280521 0.000513573 0.000359114 0.000196412 0.00010304 0.000280521 0.000140426 0.00010304 0 0.000140426 0 0.000280521 0.000140426 0.000359114 0.000175137 0.000140426 0 0.000175137 0 0.000890291 0.000849563 0.00105384 0.0010058 0.000849563 0.00079617 0.0010058 0.000943102 0.00105384 0.0010058 0.00119494 0.00114102 0.0010058 0.000943102 0.00114102 0.00107091 0.00079617 0.000726082 0.000943102 0.000861358 0.000726082 0.000633998 0.000861358 0.000754824 0.000943102 0.000861358 0.00107091 0.000980098 0.000861358 0.000754824 0.000980098 0.000862784 0.00119494 0.00114102 0.00131402 0.00125572 0.00114102 0.00107091 0.00125572 0.00118011 0.00131402 0.00125572 0.00141142 0.00135029 0.00125572 0.00118011 0.00135029 0.0012711 0.00107091 0.000980098 0.00118011 0.00108275 0.000980098 0.000862784 0.00108275 0.00095813 0.00118011 0.00108275 0.0012711 0.0011695 0.00108275 0.00095813 0.0011695 0.00104059 0.000633998 0.000513573 0.000754824 0.000616062 0.000513573 0.000359114 0.000616062 0.00043587 0.000754824 0.000616062 0.000862784 0.00071118 0.000616062 0.00043587 0.00071118 0.000514053 0.000359114 0.000175137 0.00043587 0.00021158 0.000175137 0 0.00021158 0 0.00043587 0.00021158 0.000514053 0.000256167 0.00021158 0 0.000256167 0 0.000862784 0.00071118 0.00095813 0.00079909 0.00071118 0.000514053 0.00079909 0.000594247 0.00095813 0.00079909 0.00104059 0.000878725 0.00079909 0.000594247 0.000878725 0.000676718 0.000514053 0.000256167 0.000594247 0.000321328 0.000256167 0 0.000321328 0 0.000594247 0.000321328 0.000676718 0.000418658 0.000321328 0 0.000418658 0 0 0.000742823 0 0.000498151 0.000742823 0.000739194 0.000498151 0.000670171 0 0.000498151 0 0.000309785 0.000498151 0.000670171 0.000309785 0.000587367 0.000739194 0.000759421 0.000670171 0.000778611 0.000759421 0.000853276 0.000778611 0.000902294 0.000670171 0.000778611 0.000587367 0.0007692 0.000778611 0.000902294 0.0007692 0.000927689 0 0.000309785 0 0.000207564 0.000309785 0.000587367 0.000207564 0.000511898 0 0.000207564 0 0.000155487 0.000207564 0.000511898 0.000155487 0.000451992 0.000587367 0.0007692 0.000511898 0.000745502 0.0007692 0.000927689 0.000745502 0.000936998 0.000511898 0.000745502 0.000451992 0.000717662 0.000745502 0.000936998 0.000717662 0.000936617 0.000853276 0.000981312 0.000902294 0.00103629 0.000981312 0.00110962 0.00103629 0.00116218 0.000902294 0.00103629 0.000927689 0.0010745 0.00103629 0.00116218 0.0010745 0.00120307 0.00110962 0.00122113 0.00116218 0.00126894 0.00122113 0.00131127 0.00126894 0.00135382 0.00116218 0.00126894 0.00120307 0.00130831 0.00126894 0.00135382 0.00130831 0.00139002 0.000927689 0.0010745 0.000936998 0.00109954 0.0010745 0.00120307 0.00109954 0.00123383 0.000936998 0.00109954 0.000936617 0.00111481 0.00109954 0.00123383 0.00111481 0.00125613 0.00120307 0.00130831 0.00123383 0.00133983 0.00130831 0.00139002 0.00133983 0.00141997 0.00123383 0.00133983 0.00125613 0.00136422 0.00133983 0.00141997 0.00136422 0.00144392 0 0.000155487 0 0.000128343 0.000155487 0.000451992 0.000128343 0.000409025 0 0.000128343 0 0.000113904 0.000128343 0.000409025 0.000113904 0.000380944 0.000451992 0.000717662 0.000409025 0.00069206 0.000717662 0.000936617 0.00069206 0.000931605 0.000409025 0.00069206 0.000380944 0.000672216 0.00069206 0.000931605 0.000672216 0.000925643 0 0.000113904 0 0.000106729 0.000113904 0.000380944 0.000106729 0.000365237 0 0.000106729 0 0.000104545 0.000106729 0.000365237 0.000104545 0.000360195 0.000380944 0.000672216 0.000365237 0.000659848 0.000672216 0.000925643 0.000659848 0.000921162 0.000365237 0.000659848 0.000360195 0.000655664 0.000659848 0.000921162 0.000655664 0.000919523 0.000936617 0.00111481 0.000931605 0.00112338 0.00111481 0.00125613 0.00112338 0.00127156 0.000931605 0.00112338 0.000925643 0.0011277 0.00112338 0.00127156 0.0011277 0.00128151 0.00125613 0.00136422 0.00127156 0.00138223 0.00136422 0.00144392 0.00138223 0.00146213 0.00127156 0.00138223 0.00128151 0.00139454 0.00138223 0.00146213 0.00139454 0.0014749 0.000925643 0.0011277 0.000921162 0.00112957 0.0011277 0.00128151 0.00112957 0.00128704 0.000921162 0.00112957 0.000919523 0.00113007 0.00112957 0.00128704 0.00113007 0.00128881 0.00128151 0.00139454 0.00128704 0.0014017 0.00139454 0.0014749 0.0014017 0.00148246 0.00128704 0.0014017 0.00128881 0.00140404 0.0014017 0.00148246 0.00140404 0.00148496 0.00131127 0.00138153 0.00135382 0.00141885 0.00138153 0.00143538 0.00141885 0.00146766 0.00135382 0.00141885 0.00139002 0.00145123 0.00141885 0.00146766 0.00145123 0.00149606 0.00143538 0.00147627 0.00146766 0.00150389 0.00147627 0.00150699 0.00150389 0.00153051 0.00146766 0.00150389 0.00149606 0.00152844 0.00150389 0.00153051 0.00152844 0.00155159 0.00139002 0.00145123 0.00141997 0.00147856 0.00145123 0.00149606 0.00147856 0.00152034 0.00141997 0.00147856 0.00144392 0.0015008 0.00147856 0.00152034 0.0015008 0.00154034 0.00149606 0.00152844 0.00152034 0.00154964 0.00152844 0.00155159 0.00154964 0.00156992 0.00152034 0.00154964 0.00154034 0.00156724 0.00154964 0.00156992 0.00156724 0.00158525 0.00150699 0.00152966 0.00153051 0.00154976 0.00152966 0.00154577 0.00154976 0.00156324 0.00153051 0.00154976 0.00155159 0.00156791 0.00154976 0.00156324 0.00156791 0.0015791 0.00154577 0.00155636 0.00156324 0.00157202 0.00155636 0.0015621 0.00157202 0.00157679 0.00156324 0.00157202 0.0015791 0.0015863 0.00157202 0.00157679 0.0015863 0.0015902 0.00155159 0.00156791 0.00156992 0.00158379 0.00156791 0.0015791 0.00158379 0.00159305 0.00156992 0.00158379 0.00158525 0.00159714 0.00158379 0.00159305 0.00159714 0.00160482 0.0015791 0.0015863 0.00159305 0.0015989 0.0015863 0.0015902 0.0015989 0.00160205 0.00159305 0.0015989 0.00160482 0.00160956 0.0015989 0.00160205 0.00160956 0.00161208 0.00144392 0.0015008 0.00146213 0.00151801 0.0015008 0.00154034 0.00151801 0.00155595 0.00146213 0.00151801 0.0014749 0.00153023 0.00151801 0.00155595 0.00153023 0.00156714 0.00154034 0.00156724 0.00155595 0.00158108 0.00156724 0.00158525 0.00158108 0.00159737 0.00155595 0.00158108 0.00156714 0.00159105 0.00158108 0.00159737 0.00159105 0.00160613 0.0014749 0.00153023 0.00148246 0.00153753 0.00153023 0.00156714 0.00153753 0.00157386 0.00148246 0.00153753 0.00148496 0.00153996 0.00153753 0.00157386 0.00153996 0.0015761 0.00156714 0.00159105 0.00157386 0.00159706 0.00159105 0.00160613 0.00159706 0.00161143 0.00157386 0.00159706 0.0015761 0.00159907 0.00159706 0.00161143 0.00159907 0.0016132 0.00158525 0.00159714 0.00159737 0.00160773 0.00159714 0.00160482 0.00160773 0.00161419 0.00159737 0.00160773 0.00160613 0.00161542 0.00160773 0.00161419 0.00161542 0.00162101 0.00160482 0.00160956 0.00161419 0.00161806 0.00160956 0.00161208 0.00161806 0.0016201 0.00161419 0.00161806 0.00162101 0.00162426 0.00161806 0.0016201 0.00162426 0.00162594 0.00160613 0.00161542 0.00161143 0.00162007 0.00161542 0.00162101 0.00162007 0.00162514 0.00161143 0.00162007 0.0016132 0.00162163 0.00162007 0.00162514 0.00162163 0.00162653 0.00162101 0.00162426 0.00162514 0.00162802 0.00162426 0.00162594 0.00162802 0.00162949 0.00162514 0.00162802 0.00162653 0.00162928 0.00162802 0.00162949 0.00162928 0.00163068 0.0015621 0.00156332 0.00157679 0.00157785 0.00156332 0.00156009 0.00157785 0.00157524 0.00157679 0.00157785 0.0015902 0.00159111 0.00157785 0.00157524 0.00159111 0.00158899 0.00156009 0.0015522 0.00157524 0.00156865 0.0015522 0.00153912 0.00156865 0.00155745 0.00157524 0.00156865 0.00158899 0.00158349 0.00156865 0.00155745 0.00158349 0.00157383 0.0015902 0.00159111 0.00160205 0.0016028 0.00159111 0.00158899 0.0016028 0.00160108 0.00160205 0.0016028 0.00161208 0.00161269 0.0016028 0.00160108 0.00161269 0.00161128 0.00158899 0.00158349 0.00160108 0.00159646 0.00158349 0.00157383 0.00159646 0.00158802 0.00160108 0.00159646 0.00161128 0.00160734 0.00159646 0.00158802 0.00160734 0.00159984 0.00153912 0.00152001 0.00155745 0.00154059 0.00152001 0.00149361 0.00154059 0.00151648 0.00155745 0.00154059 0.00157383 0.00155873 0.00154059 0.00151648 0.00155873 0.0015363 0.00149361 0.00145819 0.00151648 0.00148289 0.00145819 0.00141142 0.00148289 0.00143678 0.00151648 0.00148289 0.0015363 0.00150379 0.00148289 0.00143678 0.00150379 0.00145746 0.00157383 0.00155873 0.00158802 0.00157429 0.00155873 0.0015363 0.00157429 0.00155303 0.00158802 0.00157429 0.00159984 0.00158713 0.00157429 0.00155303 0.00158713 0.00156666 0.0015363 0.00150379 0.00155303 0.00152104 0.00150379 0.00145746 0.00152104 0.0014739 0.00155303 0.00152104 0.00156666 0.00153481 0.00152104 0.0014739 0.00153481 0.00148656 0.00161208 0.00161269 0.0016201 0.00162059 0.00161269 0.00161128 0.00162059 0.00161941 0.0016201 0.00162059 0.00162594 0.00162634 0.00162059 0.00161941 0.00162634 0.00162531 0.00161128 0.00160734 0.00161941 0.00161597 0.00160734 0.00159984 0.00161597 0.00160917 0.00161941 0.00161597 0.00162531 0.00162223 0.00161597 0.00160917 0.00162223 0.0016159 0.00162594 0.00162634 0.00162949 0.00162983 0.00162634 0.00162531 0.00162983 0.00162889 0.00162949 0.00162983 0.00163068 0.001631 0.00162983 0.00162889 0.001631 0.00163009 0.00162531 0.00162223 0.00162889 0.00162602 0.00162223 0.0016159 0.00162602 0.00161997 0.00162889 0.00162602 0.00163009 0.00162729 0.00162602 0.00161997 0.00162729 0.00162132 0.00159984 0.00158713 0.00160917 0.00159717 0.00158713 0.00156666 0.00159717 0.00157721 0.00160917 0.00159717 0.0016159 0.00160438 0.00159717 0.00157721 0.00160438 0.00158471 0.00156666 0.00153481 0.00157721 0.00154528 0.00153481 0.00148656 0.00154528 0.00149588 0.00157721 0.00154528 0.00158471 0.00155262 0.00154528 0.00149588 0.00155262 0.00150224 0.0016159 0.00160438 0.00161997 0.00160871 0.00160438 0.00158471 0.00160871 0.00158919 0.00161997 0.00160871 0.00162132 0.00161016 0.00160871 0.00158919 0.00161016 0.00159068 0.00158471 0.00155262 0.00158919 0.00155697 0.00155262 0.00150224 0.00155697 0.00150593 0.00158919 0.00155697 0.00159068 0.0015584 0.00155697 0.00150593 0.0015584 0.00150714 0.00141142 0.00135029 0.00143678 0.00137419 0.00135029 0.0012711 0.00137419 0.00129019 0.00143678 0.00137419 0.00145746 0.00139239 0.00137419 0.00129019 0.00139239 0.00130246 0.0012711 0.0011695 0.00129019 0.00117901 0.0011695 0.00104059 0.00117901 0.00103423 0.00129019 0.00117901 0.00130246 0.00118057 0.00117901 0.00103423 0.00118057 0.00101912 0.00145746 0.00139239 0.0014739 0.0014058 0.00139239 0.00130246 0.0014058 0.00130953 0.0014739 0.0014058 0.00148656 0.00141532 0.0014058 0.00130953 0.00141532 0.00131294 0.00130246 0.00118057 0.00130953 0.00117686 0.00118057 0.00101912 0.00117686 0.000999448 0.00130953 0.00117686 0.00131294 0.00117032 0.00117686 0.000999448 0.00117032 0.000978818 0.00104059 0.000878725 0.00103423 0.000848864 0.000878725 0.000676718 0.000848864 0.000614362 0.00103423 0.000848864 0.00101912 0.000810725 0.000848864 0.000614362 0.000810725 0.000548926 0.000676718 0.000418658 0.000614362 0.00031983 0.000418658 0 0.00031983 0 0.000614362 0.00031983 0.000548926 0.000234604 0.00031983 0 0.000234604 0 0.00101912 0.000810725 0.000999448 0.000770746 0.000810725 0.000548926 0.000770746 0.000490084 0.000999448 0.000770746 0.000978818 0.000733724 0.000770746 0.000490084 0.000733724 0.000442068 0.000548926 0.000234604 0.000490084 0.000180133 0.000234604 0 0.000180133 0 0.000490084 0.000180133 0.000442068 0.000147114 0.000180133 0 0.000147114 0 0.00148656 0.00141532 0.00149588 0.00142177 0.00141532 0.00131294 0.00142177 0.00131408 0.00149588 0.00142177 0.00150224 0.00142585 0.00142177 0.00131408 0.00142585 0.00131405 0.00131294 0.00117032 0.00131408 0.00116303 0.00117032 0.000978818 0.00116303 0.000960075 0.00131408 0.00116303 0.00131405 0.00115663 0.00116303 0.000960075 0.00115663 0.000945313 0.00150224 0.00142585 0.00150593 0.00142809 0.00142585 0.00131405 0.00142809 0.00131369 0.00150593 0.00142809 0.00150714 0.00142879 0.00142809 0.00131369 0.00142879 0.00131351 0.00131405 0.00115663 0.00131369 0.00115232 0.00115663 0.000945313 0.00115232 0.000935929 0.00131369 0.00115232 0.00131351 0.00115081 0.00115232 0.000935929 0.00115081 0.000932716 0.000978818 0.000733724 0.000960075 0.000702823 0.000733724 0.000442068 0.000702823 0.000406012 0.000960075 0.000702823 0.000945313 0.00067988 0.000702823 0.000406012 0.00067988 0.000381331 0.000442068 0.000147114 0.000406012 0.000126978 0.000147114 0 0.000126978 0 0.000406012 0.000126978 0.000381331 0.000114887 0.000126978 0 0.000114887 0 0.000945313 0.00067988 0.000935929 0.000665842 0.00067988 0.000381331 0.000665842 0.000367028 0.000935929 0.000665842 0.000932716 0.000661125 0.000665842 0.000367028 0.000661125 0.00036235 0.000381331 0.000114887 0.000367028 0.000108385 0.000114887 0 0.000108385 0 0.000367028 0.000108385 0.00036235 0.000106329 0.000108385 0 0.000106329 0 0 0.000104545 0 0.000106729 0.000104545 0.000360195 0.000106729 0.000365237 0 0.000106729 0 0.000113904 0.000106729 0.000365237 0.000113904 0.000380944 0.000360195 0.000655664 0.000365237 0.000659848 0.000655664 0.000919523 0.000659848 0.000921162 0.000365237 0.000659848 0.000380944 0.000672216 0.000659848 0.000921162 0.000672216 0.000925643 0 0.000113904 0 0.000128343 0.000113904 0.000380944 0.000128343 0.000409025 0 0.000128343 0 0.000155487 0.000128343 0.000409025 0.000155487 0.000451992 0.000380944 0.000672216 0.000409025 0.00069206 0.000672216 0.000925643 0.00069206 0.000931605 0.000409025 0.00069206 0.000451992 0.000717662 0.00069206 0.000931605 0.000717662 0.000936617 0.000919523 0.00113007 0.000921162 0.00112957 0.00113007 0.00128881 0.00112957 0.00128704 0.000921162 0.00112957 0.000925643 0.0011277 0.00112957 0.00128704 0.0011277 0.00128151 0.00128881 0.00140404 0.00128704 0.0014017 0.00140404 0.00148496 0.0014017 0.00148246 0.00128704 0.0014017 0.00128151 0.00139454 0.0014017 0.00148246 0.00139454 0.0014749 0.000925643 0.0011277 0.000931605 0.00112338 0.0011277 0.00128151 0.00112338 0.00127156 0.000931605 0.00112338 0.000936617 0.00111481 0.00112338 0.00127156 0.00111481 0.00125613 0.00128151 0.00139454 0.00127156 0.00138223 0.00139454 0.0014749 0.00138223 0.00146213 0.00127156 0.00138223 0.00125613 0.00136422 0.00138223 0.00146213 0.00136422 0.00144392 0 0.000155487 0 0.000207564 0.000155487 0.000451992 0.000207564 0.000511898 0 0.000207564 0 0.000309785 0.000207564 0.000511898 0.000309785 0.000587367 0.000451992 0.000717662 0.000511898 0.000745502 0.000717662 0.000936617 0.000745502 0.000936998 0.000511898 0.000745502 0.000587367 0.0007692 0.000745502 0.000936998 0.0007692 0.000927689 0 0.000309785 0 0.000498151 0.000309785 0.000587367 0.000498151 0.000670171 0 0.000498151 0 0.000742823 0.000498151 0.000670171 0.000742823 0.000739194 0.000587367 0.0007692 0.000670171 0.000778611 0.0007692 0.000927689 0.000778611 0.000902294 0.000670171 0.000778611 0.000739194 0.000759421 0.000778611 0.000902294 0.000759421 0.000853276 0.000936617 0.00111481 0.000936998 0.00109954 0.00111481 0.00125613 0.00109954 0.00123383 0.000936998 0.00109954 0.000927689 0.0010745 0.00109954 0.00123383 0.0010745 0.00120307 0.00125613 0.00136422 0.00123383 0.00133983 0.00136422 0.00144392 0.00133983 0.00141997 0.00123383 0.00133983 0.00120307 0.00130831 0.00133983 0.00141997 0.00130831 0.00139002 0.000927689 0.0010745 0.000902294 0.00103629 0.0010745 0.00120307 0.00103629 0.00116218 0.000902294 0.00103629 0.000853276 0.000981312 0.00103629 0.00116218 0.000981312 0.00110962 0.00120307 0.00130831 0.00116218 0.00126894 0.00130831 0.00139002 0.00126894 0.00135382 0.00116218 0.00126894 0.00110962 0.00122113 0.00126894 0.00135382 0.00122113 0.00131127 0.00148496 0.00153996 0.00148246 0.00153753 0.00153996 0.0015761 0.00153753 0.00157386 0.00148246 0.00153753 0.0014749 0.00153023 0.00153753 0.00157386 0.00153023 0.00156714 0.0015761 0.00159907 0.00157386 0.00159706 0.00159907 0.0016132 0.00159706 0.00161143 0.00157386 0.00159706 0.00156714 0.00159105 0.00159706 0.00161143 0.00159105 0.00160613 0.0014749 0.00153023 0.00146213 0.00151801 0.00153023 0.00156714 0.00151801 0.00155595 0.00146213 0.00151801 0.00144392 0.0015008 0.00151801 0.00155595 0.0015008 0.00154034 0.00156714 0.00159105 0.00155595 0.00158108 0.00159105 0.00160613 0.00158108 0.00159737 0.00155595 0.00158108 0.00154034 0.00156724 0.00158108 0.00159737 0.00156724 0.00158525 0.0016132 0.00162163 0.00161143 0.00162007 0.00162163 0.00162653 0.00162007 0.00162514 0.00161143 0.00162007 0.00160613 0.00161542 0.00162007 0.00162514 0.00161542 0.00162101 0.00162653 0.00162928 0.00162514 0.00162802 0.00162928 0.00163068 0.00162802 0.00162949 0.00162514 0.00162802 0.00162101 0.00162426 0.00162802 0.00162949 0.00162426 0.00162594 0.00160613 0.00161542 0.00159737 0.00160773 0.00161542 0.00162101 0.00160773 0.00161419 0.00159737 0.00160773 0.00158525 0.00159714 0.00160773 0.00161419 0.00159714 0.00160482 0.00162101 0.00162426 0.00161419 0.00161806 0.00162426 0.00162594 0.00161806 0.0016201 0.00161419 0.00161806 0.00160482 0.00160956 0.00161806 0.0016201 0.00160956 0.00161208 0.00144392 0.0015008 0.00141997 0.00147856 0.0015008 0.00154034 0.00147856 0.00152034 0.00141997 0.00147856 0.00139002 0.00145123 0.00147856 0.00152034 0.00145123 0.00149606 0.00154034 0.00156724 0.00152034 0.00154964 0.00156724 0.00158525 0.00154964 0.00156992 0.00152034 0.00154964 0.00149606 0.00152844 0.00154964 0.00156992 0.00152844 0.00155159 0.00139002 0.00145123 0.00135382 0.00141885 0.00145123 0.00149606 0.00141885 0.00146766 0.00135382 0.00141885 0.00131127 0.00138153 0.00141885 0.00146766 0.00138153 0.00143538 0.00149606 0.00152844 0.00146766 0.00150389 0.00152844 0.00155159 0.00150389 0.00153051 0.00146766 0.00150389 0.00143538 0.00147627 0.00150389 0.00153051 0.00147627 0.00150699 0.00158525 0.00159714 0.00156992 0.00158379 0.00159714 0.00160482 0.00158379 0.00159305 0.00156992 0.00158379 0.00155159 0.00156791 0.00158379 0.00159305 0.00156791 0.0015791 0.00160482 0.00160956 0.00159305 0.0015989 0.00160956 0.00161208 0.0015989 0.00160205 0.00159305 0.0015989 0.0015791 0.0015863 0.0015989 0.00160205 0.0015863 0.0015902 0.00155159 0.00156791 0.00153051 0.00154976 0.00156791 0.0015791 0.00154976 0.00156324 0.00153051 0.00154976 0.00150699 0.00152966 0.00154976 0.00156324 0.00152966 0.00154577 0.0015791 0.0015863 0.00156324 0.00157202 0.0015863 0.0015902 0.00157202 0.00157679 0.00156324 0.00157202 0.00154577 0.00155636 0.00157202 0.00157679 0.00155636 0.0015621 0.00163068 0.001631 0.00162949 0.00162983 0.001631 0.00163009 0.00162983 0.00162889 0.00162949 0.00162983 0.00162594 0.00162634 0.00162983 0.00162889 0.00162634 0.00162531 0.00163009 0.00162729 0.00162889 0.00162602 0.00162729 0.00162132 0.00162602 0.00161997 0.00162889 0.00162602 0.00162531 0.00162223 0.00162602 0.00161997 0.00162223 0.0016159 0.00162594 0.00162634 0.0016201 0.00162059 0.00162634 0.00162531 0.00162059 0.00161941 0.0016201 0.00162059 0.00161208 0.00161269 0.00162059 0.00161941 0.00161269 0.00161128 0.00162531 0.00162223 0.00161941 0.00161597 0.00162223 0.0016159 0.00161597 0.00160917 0.00161941 0.00161597 0.00161128 0.00160734 0.00161597 0.00160917 0.00160734 0.00159984 0.00162132 0.00161016 0.00161997 0.00160871 0.00161016 0.00159068 0.00160871 0.00158919 0.00161997 0.00160871 0.0016159 0.00160438 0.00160871 0.00158919 0.00160438 0.00158471 0.00159068 0.0015584 0.00158919 0.00155697 0.0015584 0.00150714 0.00155697 0.00150593 0.00158919 0.00155697 0.00158471 0.00155262 0.00155697 0.00150593 0.00155262 0.00150224 0.0016159 0.00160438 0.00160917 0.00159717 0.00160438 0.00158471 0.00159717 0.00157721 0.00160917 0.00159717 0.00159984 0.00158713 0.00159717 0.00157721 0.00158713 0.00156666 0.00158471 0.00155262 0.00157721 0.00154528 0.00155262 0.00150224 0.00154528 0.00149588 0.00157721 0.00154528 0.00156666 0.00153481 0.00154528 0.00149588 0.00153481 0.00148656 0.00161208 0.00161269 0.00160205 0.0016028 0.00161269 0.00161128 0.0016028 0.00160108 0.00160205 0.0016028 0.0015902 0.00159111 0.0016028 0.00160108 0.00159111 0.00158899 0.00161128 0.00160734 0.00160108 0.00159646 0.00160734 0.00159984 0.00159646 0.00158802 0.00160108 0.00159646 0.00158899 0.00158349 0.00159646 0.00158802 0.00158349 0.00157383 0.0015902 0.00159111 0.00157679 0.00157785 0.00159111 0.00158899 0.00157785 0.00157524 0.00157679 0.00157785 0.0015621 0.00156332 0.00157785 0.00157524 0.00156332 0.00156009 0.00158899 0.00158349 0.00157524 0.00156865 0.00158349 0.00157383 0.00156865 0.00155745 0.00157524 0.00156865 0.00156009 0.0015522 0.00156865 0.00155745 0.0015522 0.00153912 0.00159984 0.00158713 0.00158802 0.00157429 0.00158713 0.00156666 0.00157429 0.00155303 0.00158802 0.00157429 0.00157383 0.00155873 0.00157429 0.00155303 0.00155873 0.0015363 0.00156666 0.00153481 0.00155303 0.00152104 0.00153481 0.00148656 0.00152104 0.0014739 0.00155303 0.00152104 0.0015363 0.00150379 0.00152104 0.0014739 0.00150379 0.00145746 0.00157383 0.00155873 0.00155745 0.00154059 0.00155873 0.0015363 0.00154059 0.00151648 0.00155745 0.00154059 0.00153912 0.00152001 0.00154059 0.00151648 0.00152001 0.00149361 0.0015363 0.00150379 0.00151648 0.00148289 0.00150379 0.00145746 0.00148289 0.00143678 0.00151648 0.00148289 0.00149361 0.00145819 0.00148289 0.00143678 0.00145819 0.00141142 0.00150714 0.00142879 0.00150593 0.00142809 0.00142879 0.00131351 0.00142809 0.00131369 0.00150593 0.00142809 0.00150224 0.00142585 0.00142809 0.00131369 0.00142585 0.00131405 0.00131351 0.00115081 0.00131369 0.00115232 0.00115081 0.000932716 0.00115232 0.000935929 0.00131369 0.00115232 0.00131405 0.00115663 0.00115232 0.000935929 0.00115663 0.000945313 0.00150224 0.00142585 0.00149588 0.00142177 0.00142585 0.00131405 0.00142177 0.00131408 0.00149588 0.00142177 0.00148656 0.00141532 0.00142177 0.00131408 0.00141532 0.00131294 0.00131405 0.00115663 0.00131408 0.00116303 0.00115663 0.000945313 0.00116303 0.000960075 0.00131408 0.00116303 0.00131294 0.00117032 0.00116303 0.000960075 0.00117032 0.000978818 0.000932716 0.000661125 0.000935929 0.000665842 0.000661125 0.00036235 0.000665842 0.000367028 0.000935929 0.000665842 0.000945313 0.00067988 0.000665842 0.000367028 0.00067988 0.000381331 0.00036235 0.000106329 0.000367028 0.000108385 0.000106329 0 0.000108385 0 0.000367028 0.000108385 0.000381331 0.000114887 0.000108385 0 0.000114887 0 0.000945313 0.00067988 0.000960075 0.000702823 0.00067988 0.000381331 0.000702823 0.000406012 0.000960075 0.000702823 0.000978818 0.000733724 0.000702823 0.000406012 0.000733724 0.000442068 0.000381331 0.000114887 0.000406012 0.000126978 0.000114887 0 0.000126978 0 0.000406012 0.000126978 0.000442068 0.000147114 0.000126978 0 0.000147114 0 0.00148656 0.00141532 0.0014739 0.0014058 0.00141532 0.00131294 0.0014058 0.00130953 0.0014739 0.0014058 0.00145746 0.00139239 0.0014058 0.00130953 0.00139239 0.00130246 0.00131294 0.00117032 0.00130953 0.00117686 0.00117032 0.000978818 0.00117686 0.000999448 0.00130953 0.00117686 0.00130246 0.00118057 0.00117686 0.000999448 0.00118057 0.00101912 0.00145746 0.00139239 0.00143678 0.00137419 0.00139239 0.00130246 0.00137419 0.00129019 0.00143678 0.00137419 0.00141142 0.00135029 0.00137419 0.00129019 0.00135029 0.0012711 0.00130246 0.00118057 0.00129019 0.00117901 0.00118057 0.00101912 0.00117901 0.00103423 0.00129019 0.00117901 0.0012711 0.0011695 0.00117901 0.00103423 0.0011695 0.00104059 0.000978818 0.000733724 0.000999448 0.000770746 0.000733724 0.000442068 0.000770746 0.000490084 0.000999448 0.000770746 0.00101912 0.000810725 0.000770746 0.000490084 0.000810725 0.000548926 0.000442068 0.000147114 0.000490084 0.000180133 0.000147114 0 0.000180133 0 0.000490084 0.000180133 0.000548926 0.000234604 0.000180133 0 0.000234604 0 0.00101912 0.000810725 0.00103423 0.000848864 0.000810725 0.000548926 0.000848864 0.000614362 0.00103423 0.000848864 0.00104059 0.000878725 0.000848864 0.000614362 0.000878725 0.000676718 0.000548926 0.000234604 0.000614362 0.00031983 0.000234604 0 0.00031983 0 0.000614362 0.00031983 0.000676718 0.000418658 0.00031983 0 0.000418658 0 0 0.000742823 0 0.000239294 0.000742823 0.000739194 0.000239294 0.000480157 0 0.000239294 0 -4.16622e-05 0.000239294 0.000480157 -4.16622e-05 0.000244607 0.000739194 0.000759421 0.000480157 0.000627109 0.000759421 0.000853276 0.000627109 0.00076728 0.000480157 0.000627109 0.000244607 0.000471425 0.000627109 0.00076728 0.000471425 0.000655996 0 -4.16622e-05 0 -0.000185838 -4.16622e-05 0.000244607 -0.000185838 5.133e-05 0 -0.000185838 0 -0.000262078 -0.000185838 5.133e-05 -0.000262078 -8.60786e-05 0.000244607 0.000471425 5.133e-05 0.000318368 0.000471425 0.000655996 0.000318368 0.000533231 5.133e-05 0.000318368 -8.60786e-05 0.000184776 0.000318368 0.000533231 0.000184776 0.00040975 0.000853276 0.000981312 0.00076728 0.000905162 0.000981312 0.00110962 0.000905162 0.00102992 0.00076728 0.000905162 0.000655996 0.000808106 0.000905162 0.00102992 0.000808106 0.000931902 0.00110962 0.00122113 0.00102992 0.00113502 0.00122113 0.00131127 0.00113502 0.00121954 0.00102992 0.00113502 0.000931902 0.00103079 0.00113502 0.00121954 0.00103079 0.00110859 0.000655996 0.000808106 0.000533231 0.000695533 0.000808106 0.000931902 0.000695533 0.000816809 0.000533231 0.000695533 0.00040975 0.000572164 0.000695533 0.000816809 0.000572164 0.000685883 0.000931902 0.00103079 0.000816809 0.000908152 0.00103079 0.00110859 0.000908152 0.000977789 0.000816809 0.000908152 0.000685883 0.000766885 0.000908152 0.000977789 0.000766885 0.000826509 0 -0.000262078 0 -0.00029449 -0.000262078 -8.60786e-05 -0.00029449 -0.000166559 0 -0.00029449 0 -0.000283129 -0.00029449 -0.000166559 -0.000283129 -0.000186302 -8.60786e-05 0.000184776 -0.000166559 8.14877e-05 0.000184776 0.00040975 8.14877e-05 0.000293017 -0.000166559 8.14877e-05 -0.000186302 1.49121e-05 8.14877e-05 0.000293017 1.49121e-05 0.000186778 0 -0.000283129 0 -0.000204038 -0.000283129 -0.000186302 -0.000204038 -0.000135917 0 -0.000204038 0 0 -0.000204038 -0.000135917 0 0 -0.000186302 1.49121e-05 -0.000135917 -1.18918e-05 1.49121e-05 0.000186778 -1.18918e-05 9.07683e-05 -0.000135917 -1.18918e-05 0 0 -1.18918e-05 9.07683e-05 0 0 0.00040975 0.000572164 0.000293017 0.000441193 0.000572164 0.000685883 0.000441193 0.000539765 0.000293017 0.000441193 0.000186778 0.000303687 0.000441193 0.000539765 0.000303687 0.000378085 0.000685883 0.000766885 0.000539765 0.000606554 0.000766885 0.000826509 0.000606554 0.000654049 0.000539765 0.000606554 0.000378085 0.00042631 0.000606554 0.000654049 0.00042631 0.000459545 0.000186778 0.000303687 9.07683e-05 0.000158114 0.000303687 0.000378085 0.000158114 0.000199184 9.07683e-05 0.000158114 0 0 0.000158114 0.000199184 0 0 0.000378085 0.00042631 0.000199184 0.000224768 0.00042631 0.000459545 0.000224768 0.000241938 0.000199184 0.000224768 0 0 0.000224768 0.000241938 0 0 0.00131127 0.00138153 0.00121954 0.00128571 0.00138153 0.00143538 0.00128571 0.00133672 0.00121954 0.00128571 0.00110859 0.00116916 0.00128571 0.00133672 0.00116916 0.00121594 0.00143538 0.00147627 0.00133672 0.00137565 0.00147627 0.00150699 0.00137565 0.00140499 0.00133672 0.00137565 0.00121594 0.00125175 0.00137565 0.00140499 0.00125175 0.00127884 0.00110859 0.00116916 0.000977789 0.00103134 0.00116916 0.00121594 0.00103134 0.00107262 0.000977789 0.00103134 0.000826509 0.000871638 0.00103134 0.00107262 0.000871638 0.000906293 0.00121594 0.00125175 0.00107262 0.0011043 0.00125175 0.00127884 0.0011043 0.00112833 0.00107262 0.0011043 0.000906293 0.000932935 0.0011043 0.00112833 0.000932935 0.000953206 0.00150699 0.00152966 0.00140499 0.00142667 0.00152966 0.00154577 0.00142667 0.0014421 0.00140499 0.00142667 0.00127884 0.00129889 0.00142667 0.0014421 0.00129889 0.00131318 0.00154577 0.00155636 0.0014421 0.00145224 0.00155636 0.0015621 0.00145224 0.00145774 0.0014421 0.00145224 0.00131318 0.00132258 0.00145224 0.00145774 0.00132258 0.00132769 0.00127884 0.00129889 0.00112833 0.00114617 0.00129889 0.00131318 0.00114617 0.00115889 0.00112833 0.00114617 0.000953206 0.000968293 0.00114617 0.00115889 0.000968293 0.000979075 0.00131318 0.00132258 0.00115889 0.00116728 0.00132258 0.00132769 0.00116728 0.00117184 0.00115889 0.00116728 0.000979075 0.00098619 0.00116728 0.00117184 0.00098619 0.000990063 0.000826509 0.000871638 0.000654049 0.000689408 0.000871638 0.000906293 0.000689408 0.000716451 0.000654049 0.000689408 0.000459545 0.000483928 0.000689408 0.000716451 0.000483928 0.000502525 0.000906293 0.000932935 0.000716451 0.000737275 0.000932935 0.000953206 0.000737275 0.000753169 0.000716451 0.000737275 0.000502525 0.00051688 0.000737275 0.000753169 0.00051688 0.000527874 0.000459545 0.000483928 0.000241938 0.000254406 0.000483928 0.000502525 0.000254406 0.000263916 0.000241938 0.000254406 0 0 0.000254406 0.000263916 0 0 0.000502525 0.00051688 0.000263916 0.000271285 0.00051688 0.000527874 0.000271285 0.000276951 0.000263916 0.000271285 0 0 0.000271285 0.000276951 0 0 0.000953206 0.000968293 0.000753169 0.00076503 0.000968293 0.000979075 0.00076503 0.000773521 0.000753169 0.00076503 0.000527874 0.000536101 0.00076503 0.000773521 0.000536101 0.000542001 0.000979075 0.00098619 0.000773521 0.000779131 0.00098619 0.000990063 0.000779131 0.000782189 0.000773521 0.000779131 0.000542001 0.000545903 0.000779131 0.000782189 0.000545903 0.000548032 0.000527874 0.000536101 0.000276951 0.000281201 0.000536101 0.000542001 0.000281201 0.000284254 0.000276951 0.000281201 0 0 0.000281201 0.000284254 0 0 0.000542001 0.000545903 0.000284254 0.000286276 0.000545903 0.000548032 0.000286276 0.00028738 0.000284254 0.000286276 0 0 0.000286276 0.00028738 0 0 0.0015621 0.00156332 0.00145774 0.00145893 0.00156332 0.00156009 0.00145893 0.00145586 0.00145774 0.00145893 0.00132769 0.0013288 0.00145893 0.00145586 0.0013288 0.00132598 0.00156009 0.0015522 0.00145586 0.00144833 0.0015522 0.00153912 0.00144833 0.00143585 0.00145586 0.00144833 0.00132598 0.00131903 0.00144833 0.00143585 0.00131903 0.00130751 0.00132769 0.0013288 0.00117184 0.00117285 0.0013288 0.00132598 0.00117285 0.00117034 0.00117184 0.00117285 0.000990063 0.000990923 0.00117285 0.00117034 0.000990923 0.000988816 0.00132598 0.00131903 0.00117034 0.00116417 0.00131903 0.00130751 0.00116417 0.00115393 0.00117034 0.00116417 0.000988816 0.0009836 0.00116417 0.00115393 0.0009836 0.000974938 0.00153912 0.00152001 0.00143585 0.00141762 0.00152001 0.00149361 0.00141762 0.00139243 0.00143585 0.00141762 0.00130751 0.00129066 0.00141762 0.00139243 0.00129066 0.00126738 0.00149361 0.00145819 0.00139243 0.00135863 0.00145819 0.00141142 0.00135863 0.00131402 0.00139243 0.00135863 0.00126738 0.00123616 0.00135863 0.00131402 0.00123616 0.00119494 0.00130751 0.00129066 0.00115393 0.00113895 0.00129066 0.00126738 0.00113895 0.00111826 0.00115393 0.00113895 0.000974938 0.000962272 0.00113895 0.00111826 0.000962272 0.000944779 0.00126738 0.00123616 0.00111826 0.0010905 0.00123616 0.00119494 0.0010905 0.00105384 0.00111826 0.0010905 0.000944779 0.000921311 0.0010905 0.00105384 0.000921311 0.000890291 0.000990063 0.000990923 0.000782189 0.000782875 0.000990923 0.000988816 0.000782875 0.000781223 0.000782189 0.000782875 0.000548032 0.000548514 0.000782875 0.000781223 0.000548514 0.000547372 0.000988816 0.0009836 0.000781223 0.000777125 0.0009836 0.000974938 0.000777125 0.000770317 0.000781223 0.000777125 0.000547372 0.000544533 0.000777125 0.000770317 0.000544533 0.000539813 0.000548032 0.000548514 0.00028738 0.000287632 0.000548514 0.000547372 0.000287632 0.000287044 0.00028738 0.000287632 0 0 0.000287632 0.000287044 0 0 0.000547372 0.000544533 0.000287044 0.000285579 0.000544533 0.000539813 0.000285579 0.000283143 0.000287044 0.000285579 0 0 0.000285579 0.000283143 0 0 0.000974938 0.000962272 0.000770317 0.000760362 0.000962272 0.000944779 0.000760362 0.000746614 0.000770317 0.000760362 0.000539813 0.000532912 0.000760362 0.000746614 0.000532912 0.000523384 0.000944779 0.000921311 0.000746614 0.00072817 0.000921311 0.000890291 0.00072817 0.000703774 0.000746614 0.00072817 0.000523384 0.000510603 0.00072817 0.000703774 0.000510603 0.000493687 0.000539813 0.000532912 0.000283143 0.000279581 0.000532912 0.000523384 0.000279581 0.000274666 0.000283143 0.000279581 0 0 0.000279581 0.000274666 0 0 0.000523384 0.000510603 0.000274666 0.000268073 0.000510603 0.000493687 0.000268073 0.000259347 0.000274666 0.000268073 0 0 0.000268073 0.000259347 0 0 0.00141142 0.00135029 0.00131402 0.00125572 0.00135029 0.0012711 0.00125572 0.00118011 0.00131402 0.00125572 0.00119494 0.00114102 0.00125572 0.00118011 0.00114102 0.00107091 0.0012711 0.0011695 0.00118011 0.00108275 0.0011695 0.00104059 0.00108275 0.00095813 0.00118011 0.00108275 0.00107091 0.000980098 0.00108275 0.00095813 0.000980098 0.000862784 0.00119494 0.00114102 0.00105384 0.0010058 0.00114102 0.00107091 0.0010058 0.000943102 0.00105384 0.0010058 0.000890291 0.000849563 0.0010058 0.000943102 0.000849563 0.00079617 0.00107091 0.000980098 0.000943102 0.000861358 0.000980098 0.000862784 0.000861358 0.000754824 0.000943102 0.000861358 0.00079617 0.000726082 0.000861358 0.000754824 0.000726082 0.000633998 0.00104059 0.000878725 0.00095813 0.00079909 0.000878725 0.000676718 0.00079909 0.000594247 0.00095813 0.00079909 0.000862784 0.00071118 0.00079909 0.000594247 0.00071118 0.000514053 0.000676718 0.000418658 0.000594247 0.000321328 0.000418658 0 0.000321328 0 0.000594247 0.000321328 0.000514053 0.000256167 0.000321328 0 0.000256167 0 0.000862784 0.00071118 0.000754824 0.000616062 0.00071118 0.000514053 0.000616062 0.00043587 0.000754824 0.000616062 0.000633998 0.000513573 0.000616062 0.00043587 0.000513573 0.000359114 0.000514053 0.000256167 0.00043587 0.00021158 0.000256167 0 0.00021158 0 0.00043587 0.00021158 0.000359114 0.000175137 0.00021158 0 0.000175137 0 0.000890291 0.000849563 0.000703774 0.000671673 0.000849563 0.00079617 0.000671673 0.000629404 0.000703774 0.000671673 0.000493687 0.000471387 0.000671673 0.000629404 0.000471387 0.000441898 0.00079617 0.000726082 0.000629404 0.000573531 0.000726082 0.000633998 0.000573531 0.000499559 0.000629404 0.000573531 0.000441898 0.000402647 0.000573531 0.000499559 0.000402647 0.000350272 0.000493687 0.000471387 0.000259347 0.000247827 0.000471387 0.000441898 0.000247827 0.000232536 0.000259347 0.000247827 0 0 0.000247827 0.000232536 0 0 0.000441898 0.000402647 0.000232536 0.000212045 0.000402647 0.000350272 0.000212045 0.000184459 0.000232536 0.000212045 0 0 0.000212045 0.000184459 0 0 0.000633998 0.000513573 0.000499559 0.000402632 0.000513573 0.000359114 0.000402632 0.000280521 0.000499559 0.000402632 0.000350272 0.000281492 0.000402632 0.000280521 0.000281492 0.000196412 0.000359114 0.000175137 0.000280521 0.000140426 0.000175137 0 0.000140426 0 0.000280521 0.000140426 0.000196412 0.00010304 0.000140426 0 0.00010304 0 0.000350272 0.000281492 0.000184459 0.000148045 0.000281492 0.000196412 0.000148045 0.000103691 0.000184459 0.000148045 0 0 0.000148045 0.000103691 0 0 0.000196412 0.00010304 0.000103691 5.81601e-05 0.00010304 0 5.81601e-05 0 0.000103691 5.81601e-05 0 0 5.81601e-05 0 0 0 
SCALARS y_dis double 1
LOOKUP_TABLE default
0 0 0 -0.000256247 0 0 -0.000256247 -0.000349634 0 -0.000256247 0 -0.000508897 -0.000256247 -0.000349634 -0.000508897 -0.000732119 0 0 -0.000349634 -0.000381701 0 0 -0.000381701 -0.000381071 -0.000349634 -0.000381701 -0.000732119 -0.000797466 -0.000381701 -0.000381071 -0.000797466 -0.000786522 0 -0.000508897 0 -0.000762013 -0.000508897 -0.000732119 -0.000762013 -0.00113853 0 -0.000762013 0 -0.00103657 -0.000762013 -0.00113853 -0.00103657 -0.00156617 -0.000732119 -0.000797466 -0.00113853 -0.00123558 -0.000797466 -0.000786522 -0.00123558 -0.00120835 -0.00113853 -0.00123558 -0.00156617 -0.00168662 -0.00123558 -0.00120835 -0.00168662 -0.001639 0 0 -0.000381071 -0.000368709 0 0 -0.000368709 -0.00035394 -0.000381071 -0.000368709 -0.000786522 -0.000752937 -0.000368709 -0.00035394 -0.000752937 -0.000717674 0 0 -0.00035394 -0.000339559 0 0 -0.000339559 -0.000325884 -0.00035394 -0.000339559 -0.000717674 -0.000685633 -0.000339559 -0.000325884 -0.000685633 -0.000656415 -0.000786522 -0.000752937 -0.00120835 -0.00114855 -0.000752937 -0.000717674 -0.00114855 -0.00108938 -0.00120835 -0.00114855 -0.001639 -0.00155118 -0.00114855 -0.00108938 -0.00155118 -0.00146691 -0.000717674 -0.000685633 -0.00108938 -0.00103748 -0.000685633 -0.000656415 -0.00103748 -0.00099126 -0.00108938 -0.00103748 -0.00146691 -0.00139409 -0.00103748 -0.00099126 -0.00139409 -0.00132993 0 -0.00103657 0 -0.00135423 -0.00103657 -0.00156617 -0.00135423 -0.00201385 0 -0.00135423 0 -0.00174037 -0.00135423 -0.00201385 -0.00174037 -0.00247378 -0.00156617 -0.00168662 -0.00201385 -0.00214197 -0.00168662 -0.001639 -0.00214197 -0.00207173 -0.00201385 -0.00214197 -0.00247378 -0.00259297 -0.00214197 -0.00207173 -0.00259297 -0.00250101 0 -0.00174037 0 -0.00221559 -0.00174037 -0.00247378 -0.00221559 -0.00292451 0 -0.00221559 0 -0.00266037 -0.00221559 -0.00292451 -0.00266037 -0.0033451 -0.00247378 -0.00259297 -0.00292451 -0.00303105 -0.00259297 -0.00250101 -0.00303105 -0.0029234 -0.00292451 -0.00303105 -0.0033451 -0.00345056 -0.00303105 -0.0029234 -0.00345056 -0.0033386 -0.001639 -0.00155118 -0.00207173 -0.00195686 -0.00155118 -0.00146691 -0.00195686 -0.00184821 -0.00207173 -0.00195686 -0.00250101 -0.00236257 -0.00195686 -0.00184821 -0.00236257 -0.00223169 -0.00146691 -0.00139409 -0.00184821 -0.00175445 -0.00139409 -0.00132993 -0.00175445 -0.00167185 -0.00184821 -0.00175445 -0.00223169 -0.00211765 -0.00175445 -0.00167185 -0.00211765 -0.00201644 -0.00250101 -0.00236257 -0.0029234 -0.00276678 -0.00236257 -0.00223169 -0.00276678 -0.00261647 -0.0029234 -0.00276678 -0.0033386 -0.00316996 -0.00276678 -0.00261647 -0.00316996 -0.00300261 -0.00223169 -0.00211765 -0.00261647 -0.00248304 -0.00211765 -0.00201644 -0.00248304 -0.00236317 -0.00261647 -0.00248304 -0.00300261 -0.00285028 -0.00248304 -0.00236317 -0.00285028 -0.00271152 0 0 -0.000325884 -0.000312617 0 0 -0.000312617 -0.000299473 -0.000325884 -0.000312617 -0.000656415 -0.000628724 -0.000312617 -0.000299473 -0.000628724 -0.000601627 0 0 -0.000299473 -0.0002863 0 0 -0.0002863 -0.000273044 -0.000299473 -0.0002863 -0.000601627 -0.000574655 -0.0002863 -0.000273044 -0.000574655 -0.000547633 -0.000656415 -0.000628724 -0.00099126 -0.000948124 -0.000628724 -0.000601627 -0.000948124 -0.000906306 -0.00099126 -0.000948124 -0.00132993 -0.00127052 -0.000948124 -0.000906306 -0.00127052 -0.00121329 -0.000601627 -0.000574655 -0.000906306 -0.000864932 -0.000574655 -0.000547633 -0.000864932 -0.000823658 -0.000906306 -0.000864932 -0.00121329 -0.00115696 -0.000864932 -0.000823658 -0.00115696 -0.00110098 0 0 -0.000273044 -0.000259703 0 0 -0.000259703 -0.000246292 -0.000273044 -0.000259703 -0.000547633 -0.000520525 -0.000259703 -0.000246292 -0.000520525 -0.000493341 0 0 -0.000246292 -0.000232829 0 0 -0.000232829 -0.00021933 -0.000246292 -0.000232829 -0.000493341 -0.0004661 -0.000232829 -0.00021933 -0.0004661 -0.000438818 -0.000547633 -0.000520525 -0.000823658 -0.000782383 -0.000520525 -0.000493341 -0.000782383 -0.000741089 -0.000823658 -0.000782383 -0.00110098 -0.00104517 -0.000782383 -0.000741089 -0.00104517 -0.000989465 -0.000493341 -0.0004661 -0.000741089 -0.000699779 -0.0004661 -0.000438818 -0.000699779 -0.000658452 -0.000741089 -0.000699779 -0.000989465 -0.000933824 -0.000699779 -0.000658452 -0.000933824 -0.000878215 -0.00132993 -0.00127052 -0.00167185 -0.00159554 -0.00127052 -0.00121329 -0.00159554 -0.00152231 -0.00167185 -0.00159554 -0.00201644 -0.00192277 -0.00159554 -0.00152231 -0.00192277 -0.00183304 -0.00121329 -0.00115696 -0.00152231 -0.00145052 -0.00115696 -0.00110098 -0.00145052 -0.00137944 -0.00152231 -0.00145052 -0.00183304 -0.00174536 -0.00145052 -0.00137944 -0.00174536 -0.00165883 -0.00201644 -0.00192277 -0.00236317 -0.00225175 -0.00192277 -0.00183304 -0.00225175 -0.00214511 -0.00236317 -0.00225175 -0.00271152 -0.00258196 -0.00225175 -0.00214511 -0.00258196 -0.00245806 -0.00183304 -0.00174536 -0.00214511 -0.00204118 -0.00174536 -0.00165883 -0.00204118 -0.00193893 -0.00214511 -0.00204118 -0.00245806 -0.00233765 -0.00204118 -0.00193893 -0.00233765 -0.00221948 -0.00110098 -0.00104517 -0.00137944 -0.00130877 -0.00104517 -0.000989465 -0.00130877 -0.00123838 -0.00137944 -0.00130877 -0.00165883 -0.00157303 -0.00130877 -0.00123838 -0.00157303 -0.00148774 -0.000989465 -0.000933824 -0.00123838 -0.00116818 -0.000933824 -0.000878215 -0.00116818 -0.00109809 -0.00123838 -0.00116818 -0.00148774 -0.00140279 -0.00116818 -0.00109809 -0.00140279 -0.00131805 -0.00165883 -0.00157303 -0.00193893 -0.00183779 -0.00157303 -0.00148774 -0.00183779 -0.00173743 -0.00193893 -0.00183779 -0.00221948 -0.00210286 -0.00183779 -0.00173743 -0.00210286 -0.00198732 -0.00148774 -0.00140279 -0.00173743 -0.0016376 -0.00140279 -0.00131805 -0.0016376 -0.00153807 -0.00173743 -0.0016376 -0.00198732 -0.00187251 -0.0016376 -0.00153807 -0.00187251 -0.00175813 0 0 -0.00021933 -0.000205809 0 0 -0.000205809 -0.000192278 -0.00021933 -0.000205809 -0.000438818 -0.000411506 -0.000205809 -0.000192278 -0.000411506 -0.00038417 0 0 -0.000192278 -0.000178747 0 0 -0.000178747 -0.000165228 -0.000192278 -0.000178747 -0.00038417 -0.000356814 -0.000178747 -0.000165228 -0.000356814 -0.000329441 -0.000438818 -0.000411506 -0.000658452 -0.000617098 -0.000411506 -0.00038417 -0.000617098 -0.000575705 -0.000658452 -0.000617098 -0.000878215 -0.000822597 -0.000617098 -0.000575705 -0.000822597 -0.00076692 -0.00038417 -0.000356814 -0.000575705 -0.000534252 -0.000356814 -0.000329441 -0.000534252 -0.000492717 -0.000575705 -0.000534252 -0.00076692 -0.000711126 -0.000534252 -0.000492717 -0.000711126 -0.00065515 0 0 -0.000165228 -0.000151731 0 0 -0.000151731 -0.000138268 -0.000165228 -0.000151731 -0.000329441 -0.000302052 -0.000151731 -0.000138268 -0.000302052 -0.000274643 0 0 -0.000138268 -0.000124848 0 0 -0.000124848 -0.000111475 -0.000138268 -0.000124848 -0.000274643 -0.000247196 -0.000124848 -0.000111475 -0.000247196 -0.000219674 -0.000329441 -0.000302052 -0.000492717 -0.000451068 -0.000302052 -0.000274643 -0.000451068 -0.000409264 -0.000492717 -0.000451068 -0.00065515 -0.000598913 -0.000451068 -0.000409264 -0.000598913 -0.00054231 -0.000274643 -0.000247196 -0.000409264 -0.000367231 -0.000247196 -0.000219674 -0.000367231 -0.000324843 -0.000409264 -0.000367231 -0.00054231 -0.000485188 -0.000367231 -0.000324843 -0.000485188 -0.000427304 -0.000878215 -0.000822597 -0.00109809 -0.00102801 -0.000822597 -0.00076692 -0.00102801 -0.000957856 -0.00109809 -0.00102801 -0.00131805 -0.00123336 -0.00102801 -0.000957856 -0.00123336 -0.00114856 -0.00076692 -0.000711126 -0.000957856 -0.00088751 -0.000711126 -0.00065515 -0.00088751 -0.000816854 -0.000957856 -0.00088751 -0.00114856 -0.00106349 -0.00088751 -0.000816854 -0.00106349 -0.000977956 -0.00131805 -0.00123336 -0.00153807 -0.00143865 -0.00123336 -0.00114856 -0.00143865 -0.00133909 -0.00153807 -0.00143865 -0.00175813 -0.00164389 -0.00143865 -0.00133909 -0.00164389 -0.00152949 -0.00114856 -0.00106349 -0.00133909 -0.00123916 -0.00106349 -0.000977956 -0.00123916 -0.0011386 -0.00133909 -0.00123916 -0.00152949 -0.00141463 -0.00123916 -0.0011386 -0.00141463 -0.00129894 -0.00065515 -0.000598913 -0.000816854 -0.000745742 -0.000598913 -0.00054231 -0.000745742 -0.000673993 -0.000816854 -0.000745742 -0.000977956 -0.000891736 -0.000745742 -0.000673993 -0.000891736 -0.000804553 -0.00054231 -0.000485188 -0.000673993 -0.000601349 -0.000485188 -0.000427304 -0.000601349 -0.000527432 -0.000673993 -0.000601349 -0.000804553 -0.000716033 -0.000601349 -0.000527432 -0.000716033 -0.000625648 -0.000977956 -0.000891736 -0.0011386 -0.00103709 -0.000891736 -0.000804553 -0.00103709 -0.000934258 -0.0011386 -0.00103709 -0.00129894 -0.00118204 -0.00103709 -0.000934258 -0.00118204 -0.00106341 -0.000804553 -0.000716033 -0.000934258 -0.000829594 -0.000716033 -0.000625648 -0.000829594 -0.000722412 -0.000934258 -0.000829594 -0.00106341 -0.000942421 -0.000829594 -0.000722412 -0.000942421 -0.000818223 0 0 -0.000111475 -9.81522e-05 0 0 -9.81522e-05 -8.48896e-05 -0.000111475 -9.81522e-05 -0.000219674 -0.000192002 -9.81522e-05 -8.48896e-05 -0.000192002 -0.000164092 0 0 -8.48896e-05 -7.17697e-05 0 0 -7.17697e-05 -5.9117e-05 -8.48896e-05 -7.17697e-05 -0.000164092 -0.000135961 -7.17697e-05 -5.9117e-05 -0.000135961 -0.000108141 -0.000219674 -0.000192002 -0.000324843 -0.000281898 -0.000192002 -0.000164092 -0.000281898 -0.000238127 -0.000324843 -0.000281898 -0.000427304 -0.000368286 -0.000281898 -0.000238127 -0.000368286 -0.000307639 -0.000164092 -0.000135961 -0.000238127 -0.000193379 -0.000135961 -0.000108141 -0.000193379 -0.000148267 -0.000238127 -0.000193379 -0.000307639 -0.000244968 -0.000193379 -0.000148267 -0.000244968 -0.000180817 0 0 -5.9117e-05 -4.78718e-05 0 0 -4.78718e-05 -3.98516e-05 -5.9117e-05 -4.78718e-05 -0.000108141 -8.26751e-05 -4.78718e-05 -3.98516e-05 -8.26751e-05 -6.42968e-05 0 0 -3.98516e-05 -3.49521e-05 0 0 -3.49521e-05 0 -3.98516e-05 -3.49521e-05 -6.42968e-05 -5.47098e-05 -3.49521e-05 0 -5.47098e-05 0 -0.000108141 -8.26751e-05 -0.000148267 -0.000105826 -8.26751e-05 -6.42968e-05 -0.000105826 -7.39815e-05 -0.000148267 -0.000105826 -0.000180817 -0.000118822 -0.000105826 -7.39815e-05 -0.000118822 -6.95504e-05 -6.42968e-05 -5.47098e-05 -7.39815e-05 -5.80802e-05 -5.47098e-05 0 -5.80802e-05 0 -7.39815e-05 -5.80802e-05 -6.95504e-05 -4.6341e-05 -5.80802e-05 0 -4.6341e-05 0 -0.000427304 -0.000368286 -0.000527432 -0.00045168 -0.000368286 -0.000307639 -0.00045168 -0.00037335 -0.000527432 -0.00045168 -0.000625648 -0.000532641 -0.00045168 -0.00037335 -0.000532641 -0.000436023 -0.000307639 -0.000244968 -0.00037335 -0.00029176 -0.000244968 -0.000180817 -0.00029176 -0.000207227 -0.00037335 -0.00029176 -0.000436023 -0.000334818 -0.00029176 -0.000207227 -0.000334818 -0.000229013 -0.000625648 -0.000532641 -0.000722412 -0.000611765 -0.000532641 -0.000436023 -0.000611765 -0.000496439 -0.000722412 -0.000611765 -0.000818223 -0.00068968 -0.000611765 -0.000496439 -0.00068968 -0.000555378 -0.000436023 -0.000334818 -0.000496439 -0.000375191 -0.000334818 -0.000229013 -0.000375191 -0.000247676 -0.000496439 -0.000375191 -0.000555378 -0.00041388 -0.000375191 -0.000247676 -0.00041388 -0.000264612 -0.000180817 -0.000118822 -0.000207227 -0.000123482 -0.000118822 -6.95504e-05 -0.000123482 -5.24503e-05 -0.000207227 -0.000123482 -0.000229013 -0.000121965 -0.000123482 -5.24503e-05 -0.000121965 -2.54919e-05 -6.95504e-05 -4.6341e-05 -5.24503e-05 -1.92487e-05 -4.6341e-05 0 -1.92487e-05 0 -5.24503e-05 -1.92487e-05 -2.54919e-05 2.53584e-05 -1.92487e-05 0 2.53584e-05 0 -0.000229013 -0.000121965 -0.000247676 -0.000116699 -0.000121965 -2.54919e-05 -0.000116699 6.60819e-06 -0.000247676 -0.000116699 -0.000264612 -0.000109949 -0.000116699 6.60819e-06 -0.000109949 3.98903e-05 -2.54919e-05 2.53584e-05 6.60819e-06 8.95589e-05 2.53584e-05 0 8.95589e-05 0 6.60819e-06 8.95589e-05 3.98903e-05 0.000152876 8.95589e-05 0 0.000152876 0 0 -0.00266037 0 -0.00193173 -0.00266037 -0.0033451 -0.00193173 -0.00296023 0 -0.00193173 0 -0.00129068 -0.00193173 -0.00296023 -0.00129068 -0.00248233 -0.0033451 -0.00345056 -0.00296023 -0.00329826 -0.00345056 -0.0033386 -0.00329826 -0.00330964 -0.00296023 -0.00329826 -0.00248233 -0.00298624 -0.00329826 -0.00330964 -0.00298624 -0.00310106 0 -0.00129068 0 -0.000873666 -0.00129068 -0.00248233 -0.000873666 -0.00199712 0 -0.000873666 0 -0.00060238 -0.000873666 -0.00199712 -0.00060238 -0.00153906 -0.00248233 -0.00298624 -0.00199712 -0.0025714 -0.00298624 -0.00310106 -0.0025714 -0.0027542 -0.00199712 -0.0025714 -0.00153906 -0.00209579 -0.0025714 -0.0027542 -0.00209579 -0.00230511 -0.0033386 -0.00316996 -0.00330964 -0.00319376 -0.00316996 -0.00300261 -0.00319376 -0.00304129 -0.00330964 -0.00319376 -0.00310106 -0.00303874 -0.00319376 -0.00304129 -0.00303874 -0.00291027 -0.00300261 -0.00285028 -0.00304129 -0.00288663 -0.00285028 -0.00271152 -0.00288663 -0.0027394 -0.00304129 -0.00288663 -0.00291027 -0.00276484 -0.00288663 -0.0027394 -0.00276484 -0.00262067 -0.00310106 -0.00303874 -0.0027542 -0.00273711 -0.00303874 -0.00291027 -0.00273711 -0.00263619 -0.0027542 -0.00273711 -0.00230511 -0.00231914 -0.00273711 -0.00263619 -0.00231914 -0.00224515 -0.00291027 -0.00276484 -0.00263619 -0.00250805 -0.00276484 -0.00262067 -0.00250805 -0.0023761 -0.00263619 -0.00250805 -0.00224515 -0.00213938 -0.00250805 -0.0023761 -0.00213938 -0.00202663 0 -0.00060238 0 -0.000409084 -0.00060238 -0.00153906 -0.000409084 -0.00111747 0 -0.000409084 0 -0.000256213 -0.000409084 -0.00111747 -0.000256213 -0.000727268 -0.00153906 -0.00209579 -0.00111747 -0.00158757 -0.00209579 -0.00230511 -0.00158757 -0.00178356 -0.00111747 -0.00158757 -0.000727268 -0.0010636 -0.00158757 -0.00178356 -0.0010636 -0.00121342 0 -0.000256213 0 -0.000123782 -0.000256213 -0.000727268 -0.000123782 -0.000358374 0 -0.000123782 0 -4.85938e-18 -0.000123782 -0.000358374 -4.85938e-18 -1.56719e-17 -0.000727268 -0.0010636 -0.000358374 -0.000532944 -0.0010636 -0.00121342 -0.000532944 -0.000613678 -0.000358374 -0.000532944 -1.56719e-17 -2.50637e-17 -0.000532944 -0.000613678 -2.50637e-17 -2.82252e-17 -0.00230511 -0.00231914 -0.00178356 -0.00181254 -0.00231914 -0.00224515 -0.00181254 -0.00176232 -0.00178356 -0.00181254 -0.00121342 -0.00124233 -0.00181254 -0.00176232 -0.00124233 -0.00121187 -0.00224515 -0.00213938 -0.00176232 -0.00168175 -0.00213938 -0.00202663 -0.00168175 -0.00159328 -0.00176232 -0.00168175 -0.00121187 -0.0011578 -0.00168175 -0.00159328 -0.0011578 -0.00109707 -0.00121342 -0.00124233 -0.000613678 -0.000631174 -0.00124233 -0.00121187 -0.000631174 -0.000616947 -0.000613678 -0.000631174 -2.82252e-17 -2.33925e-17 -0.000631174 -0.000616947 -2.33925e-17 -9.39963e-18 -0.00121187 -0.0011578 -0.000616947 -0.000589864 -0.0011578 -0.00109707 -0.000589864 -0.000558996 -0.000616947 -0.000589864 -9.39963e-18 1.38756e-17 -0.000589864 -0.000558996 1.38756e-17 4.56334e-17 -0.00271152 -0.00258196 -0.0027394 -0.0026003 -0.00258196 -0.00245806 -0.0026003 -0.00246778 -0.0027394 -0.0026003 -0.00262067 -0.00248273 -0.0026003 -0.00246778 -0.00248273 -0.00235129 -0.00245806 -0.00233765 -0.00246778 -0.00234019 -0.00233765 -0.00221948 -0.00234019 -0.0022163 -0.00246778 -0.00234019 -0.00235129 -0.00222537 -0.00234019 -0.0022163 -0.00222537 -0.00210388 -0.00262067 -0.00248273 -0.0023761 -0.00224826 -0.00248273 -0.00235129 -0.00224826 -0.00212621 -0.0023761 -0.00224826 -0.00202663 -0.00191611 -0.00224826 -0.00212621 -0.00191611 -0.00181033 -0.00235129 -0.00222537 -0.00212621 -0.00200958 -0.00222537 -0.00210388 -0.00200958 -0.00189751 -0.00212621 -0.00200958 -0.00181033 -0.00170937 -0.00200958 -0.00189751 -0.00170937 -0.00161261 -0.00221948 -0.00210286 -0.0022163 -0.00209525 -0.00210286 -0.00198732 -0.00209525 -0.00197639 -0.0022163 -0.00209525 -0.00210388 -0.00198593 -0.00209525 -0.00197639 -0.00198593 -0.0018708 -0.00198732 -0.00187251 -0.00197639 -0.00185922 -0.00187251 -0.00175813 -0.00185922 -0.00174332 -0.00197639 -0.00185922 -0.0018708 -0.00175791 -0.00185922 -0.00174332 -0.00175791 -0.00164677 -0.00210388 -0.00198593 -0.00189751 -0.00178917 -0.00198593 -0.0018708 -0.00178917 -0.00168385 -0.00189751 -0.00178917 -0.00161261 -0.00151933 -0.00178917 -0.00168385 -0.00151933 -0.00142891 -0.0018708 -0.00175791 -0.00168385 -0.00158096 -0.00175791 -0.00164677 -0.00158096 -0.00148 -0.00168385 -0.00158096 -0.00142891 -0.00134081 -0.00158096 -0.00148 -0.00134081 -0.00125456 -0.00202663 -0.00191611 -0.00159328 -0.00150568 -0.00191611 -0.00181033 -0.00150568 -0.00142163 -0.00159328 -0.00150568 -0.00109707 -0.00103647 -0.00150568 -0.00142163 -0.00103647 -0.000978199 -0.00181033 -0.00170937 -0.00142163 -0.00134144 -0.00170937 -0.00161261 -0.00134144 -0.00126471 -0.00142163 -0.00134144 -0.000978199 -0.000922612 -0.00134144 -0.00126471 -0.000922612 -0.000869479 -0.00109707 -0.00103647 -0.000558996 -0.000528046 -0.00103647 -0.000978199 -0.000528046 -0.000498239 -0.000558996 -0.000528046 4.56334e-17 8.20392e-17 -0.000528046 -0.000498239 8.20392e-17 1.15228e-16 -0.000978199 -0.000922612 -0.000498239 -0.000469808 -0.000922612 -0.000869479 -0.000469808 -0.000442647 -0.000498239 -0.000469808 1.15228e-16 1.33016e-16 -0.000469808 -0.000442647 1.33016e-16 1.20497e-16 -0.00161261 -0.00151933 -0.00126471 -0.00119089 -0.00151933 -0.00142891 -0.00119089 -0.00111947 -0.00126471 -0.00119089 -0.000869479 -0.000818426 -0.00119089 -0.00111947 -0.000818426 -0.000769093 -0.00142891 -0.00134081 -0.00111947 -0.00105001 -0.00134081 -0.00125456 -0.00105001 -0.000982128 -0.00111947 -0.00105001 -0.000769093 -0.000721169 -0.00105001 -0.000982128 -0.000721169 -0.000674387 -0.000869479 -0.000818426 -0.000442647 -0.000416567 -0.000818426 -0.000769093 -0.000416567 -0.000391383 -0.000442647 -0.000416567 1.20497e-16 6.63708e-17 -0.000416567 -0.000391383 6.63708e-17 -2.66876e-17 -0.000769093 -0.000721169 -0.000391383 -0.000366936 -0.000721169 -0.000674387 -0.000366936 -0.000343087 -0.000391383 -0.000366936 -2.66876e-17 -1.35533e-16 -0.000366936 -0.000343087 -1.35533e-16 -2.23702e-16 -0.00175813 -0.00164389 -0.00174332 -0.00162829 -0.00164389 -0.00152949 -0.00162829 -0.00151376 -0.00174332 -0.00162829 -0.00164677 -0.00153695 -0.00162829 -0.00151376 -0.00153695 -0.00142804 -0.00152949 -0.00141463 -0.00151376 -0.00139938 -0.00141463 -0.00129894 -0.00139938 -0.00128475 -0.00151376 -0.00139938 -0.00142804 -0.00131967 -0.00139938 -0.00128475 -0.00131967 -0.00121145 -0.00164677 -0.00153695 -0.00148 -0.00138054 -0.00153695 -0.00142804 -0.00138054 -0.00128219 -0.00148 -0.00138054 -0.00125456 -0.00116979 -0.00138054 -0.00128219 -0.00116979 -0.00108613 -0.00142804 -0.00131967 -0.00128219 -0.00118458 -0.00131967 -0.00121145 -0.00118458 -0.00108735 -0.00128219 -0.00118458 -0.00108613 -0.00100326 -0.00118458 -0.00108735 -0.00100326 -0.000920862 -0.00129894 -0.00118204 -0.00128475 -0.00116947 -0.00118204 -0.00106341 -0.00116947 -0.00105305 -0.00128475 -0.00116947 -0.00121145 -0.00110298 -0.00116947 -0.00105305 -0.00110298 -0.000993805 -0.00106341 -0.000942421 -0.00105305 -0.000934894 -0.000942421 -0.000818223 -0.000934894 -0.000814252 -0.00105305 -0.000934894 -0.000993805 -0.000883403 -0.000934894 -0.000814252 -0.000883403 -0.000771123 -0.00121145 -0.00110298 -0.00108735 -0.000990142 -0.00110298 -0.000993805 -0.000990142 -0.000892548 -0.00108735 -0.000990142 -0.000920862 -0.000838627 -0.000990142 -0.000892548 -0.000838627 -0.000756217 -0.000993805 -0.000883403 -0.000892548 -0.00079411 -0.000883403 -0.000771123 -0.00079411 -0.000694297 -0.000892548 -0.00079411 -0.000756217 -0.000673255 -0.00079411 -0.000694297 -0.000673255 -0.00058932 -0.00125456 -0.00116979 -0.000982128 -0.000915502 -0.00116979 -0.00108613 -0.000915502 -0.000849847 -0.000982128 -0.000915502 -0.000674387 -0.000628518 -0.000915502 -0.000849847 -0.000628518 -0.000583361 -0.00108613 -0.00100326 -0.000849847 -0.000784899 -0.00100326 -0.000920862 -0.000784899 -0.000720407 -0.000849847 -0.000784899 -0.000583361 -0.00053873 -0.000784899 -0.000720407 -0.00053873 -0.000494452 -0.000674387 -0.000628518 -0.000343087 -0.000319717 -0.000628518 -0.000583361 -0.000319717 -0.000296722 -0.000343087 -0.000319717 -2.23702e-16 -2.59316e-16 -0.000319717 -0.000296722 -2.59316e-16 -2.3167e-16 -0.000583361 -0.00053873 -0.000296722 -0.000274006 -0.00053873 -0.000494452 -0.000274006 -0.000251481 -0.000296722 -0.000274006 -2.3167e-16 -1.53967e-16 -0.000274006 -0.000251481 -1.53967e-16 -5.40854e-17 -0.000920862 -0.000838627 -0.000720407 -0.000656124 -0.000838627 -0.000756217 -0.000656124 -0.000591786 -0.000720407 -0.000656124 -0.000494452 -0.000450353 -0.000656124 -0.000591786 -0.000450353 -0.000406256 -0.000756217 -0.000673255 -0.000591786 -0.000527108 -0.000673255 -0.00058932 -0.000527108 -0.000461777 -0.000591786 -0.000527108 -0.000406256 -0.000361968 -0.000527108 -0.000461777 -0.000361968 -0.000317281 -0.000494452 -0.000450353 -0.000251481 -0.000229059 -0.000450353 -0.000406256 -0.000229059 -0.000206649 -0.000251481 -0.000229059 -5.40854e-17 4.01145e-17 -0.000229059 -0.000206649 4.01145e-17 1.09951e-16 -0.000406256 -0.000361968 -0.000206649 -0.000184154 -0.000361968 -0.000317281 -0.000184154 -0.000161471 -0.000206649 -0.000184154 1.09951e-16 1.48111e-16 -0.000184154 -0.000161471 1.48111e-16 1.56236e-16 -0.000818223 -0.00068968 -0.000814252 -0.000690186 -0.00068968 -0.000555378 -0.000690186 -0.000561644 -0.000814252 -0.000690186 -0.000771123 -0.000656214 -0.000690186 -0.000561644 -0.000656214 -0.000537934 -0.000555378 -0.00041388 -0.000561644 -0.000427813 -0.00041388 -0.000264612 -0.000427813 -0.000289081 -0.000561644 -0.000427813 -0.000537934 -0.000415936 -0.000427813 -0.000289081 -0.000415936 -0.000291231 -0.000771123 -0.000656214 -0.000694297 -0.000592524 -0.000656214 -0.000537934 -0.000592524 -0.000488295 -0.000694297 -0.000592524 -0.00058932 -0.000503978 -0.000592524 -0.000488295 -0.000503978 -0.000416917 -0.000537934 -0.000415936 -0.000488295 -0.000381578 -0.000415936 -0.000291231 -0.000381578 -0.000273672 -0.000488295 -0.000381578 -0.000416917 -0.000328279 -0.000381578 -0.000273672 -0.000328279 -0.000239372 -0.000264612 -0.000109949 -0.000289081 -0.000149237 -0.000109949 3.98903e-05 -0.000149237 -2.06245e-05 -0.000289081 -0.000149237 -0.000291231 -0.000168263 -0.000149237 -2.06245e-05 -0.000168263 -5.95397e-05 3.98903e-05 0.000152876 -2.06245e-05 6.14309e-05 0.000152876 0 6.14309e-05 0 -2.06245e-05 6.14309e-05 -5.95397e-05 3.76639e-06 6.14309e-05 0 3.76639e-06 0 -0.000291231 -0.000168263 -0.000273672 -0.000168915 -0.000168263 -5.95397e-05 -0.000168915 -7.78109e-05 -0.000273672 -0.000168915 -0.000239372 -0.000153896 -0.000168915 -7.78109e-05 -0.000153896 -7.95023e-05 -5.95397e-05 3.76639e-06 -7.78109e-05 -2.04485e-05 3.76639e-06 0 -2.04485e-05 0 -7.78109e-05 -2.04485e-05 -7.95023e-05 -2.66923e-05 -2.04485e-05 0 -2.66923e-05 0 -0.00058932 -0.000503978 -0.000461777 -0.000395489 -0.000503978 -0.000416917 -0.000395489 -0.000328059 -0.000461777 -0.000395489 -0.000317281 -0.000272005 -0.000395489 -0.000328059 -0.000272005 -0.000226041 -0.000416917 -0.000328279 -0.000328059 -0.000259694 -0.000328279 -0.000239372 -0.000259694 -0.000191507 -0.000328059 -0.000259694 -0.000226041 -0.000179571 -0.000259694 -0.000191507 -0.000179571 -0.000133391 -0.000317281 -0.000272005 -0.000161471 -0.000138508 -0.000272005 -0.000226041 -0.000138508 -0.000115224 -0.000161471 -0.000138508 1.56236e-16 1.41031e-16 -0.000138508 -0.000115224 1.41031e-16 1.11573e-16 -0.000226041 -0.000179571 -0.000115224 -9.17218e-05 -0.000179571 -0.000133391 -9.17218e-05 -6.84135e-05 -0.000115224 -9.17218e-05 1.11573e-16 7.67482e-17 -9.17218e-05 -6.84135e-05 7.67482e-17 4.43666e-17 -0.000239372 -0.000153896 -0.000191507 -0.000126287 -0.000153896 -7.95023e-05 -0.000126287 -6.89378e-05 -0.000191507 -0.000126287 -0.000133391 -8.93146e-05 -0.000126287 -6.89378e-05 -8.93146e-05 -5.00842e-05 -7.95023e-05 -2.66923e-05 -6.89378e-05 -2.43181e-05 -2.66923e-05 0 -2.43181e-05 0 -6.89378e-05 -2.43181e-05 -5.00842e-05 -1.78071e-05 -2.43181e-05 0 -1.78071e-05 0 -0.000133391 -8.93146e-05 -6.84135e-05 -4.61811e-05 -8.93146e-05 -5.00842e-05 -4.61811e-05 -2.6215e-05 -6.84135e-05 -4.61811e-05 4.43666e-17 2.02155e-17 -4.61811e-05 -2.6215e-05 2.02155e-17 6.70862e-18 -5.00842e-05 -1.78071e-05 -2.6215e-05 -9.31106e-06 -1.78071e-05 0 -9.31106e-06 0 -2.6215e-05 -9.31106e-06 6.70862e-18 1.54739e-18 -9.31106e-06 0 1.54739e-18 0 0 -4.85938e-18 0 0.000123782 -4.85938e-18 -1.56719e-17 0.000123782 0.000358374 0 0.000123782 0 0.000256213 0.000123782 0.000358374 0.000256213 0.000727268 -1.56719e-17 -2.50637e-17 0.000358374 0.000532944 -2.50637e-17 -2.82252e-17 0.000532944 0.000613678 0.000358374 0.000532944 0.000727268 0.0010636 0.000532944 0.000613678 0.0010636 0.00121342 0 0.000256213 0 0.000409084 0.000256213 0.000727268 0.000409084 0.00111747 0 0.000409084 0 0.00060238 0.000409084 0.00111747 0.00060238 0.00153906 0.000727268 0.0010636 0.00111747 0.00158757 0.0010636 0.00121342 0.00158757 0.00178356 0.00111747 0.00158757 0.00153906 0.00209579 0.00158757 0.00178356 0.00209579 0.00230511 -2.82252e-17 -2.33925e-17 0.000613678 0.000631174 -2.33925e-17 -9.39963e-18 0.000631174 0.000616947 0.000613678 0.000631174 0.00121342 0.00124233 0.000631174 0.000616947 0.00124233 0.00121187 -9.39963e-18 1.38756e-17 0.000616947 0.000589864 1.38756e-17 4.56334e-17 0.000589864 0.000558996 0.000616947 0.000589864 0.00121187 0.0011578 0.000589864 0.000558996 0.0011578 0.00109707 0.00121342 0.00124233 0.00178356 0.00181254 0.00124233 0.00121187 0.00181254 0.00176232 0.00178356 0.00181254 0.00230511 0.00231914 0.00181254 0.00176232 0.00231914 0.00224515 0.00121187 0.0011578 0.00176232 0.00168175 0.0011578 0.00109707 0.00168175 0.00159328 0.00176232 0.00168175 0.00224515 0.00213938 0.00168175 0.00159328 0.00213938 0.00202663 0 0.00060238 0 0.000873666 0.00060238 0.00153906 0.000873666 0.00199712 0 0.000873666 0 0.00129068 0.000873666 0.00199712 0.00129068 0.00248233 0.00153906 0.00209579 0.00199712 0.0025714 0.00209579 0.00230511 0.0025714 0.0027542 0.00199712 0.0025714 0.00248233 0.00298624 0.0025714 0.0027542 0.00298624 0.00310106 0 0.00129068 0 0.00193173 0.00129068 0.00248233 0.00193173 0.00296023 0 0.00193173 0 0.00266037 0.00193173 0.00296023 0.00266037 0.0033451 0.00248233 0.00298624 0.00296023 0.00329826 0.00298624 0.00310106 0.00329826 0.00330964 0.00296023 0.00329826 0.0033451 0.00345056 0.00329826 0.00330964 0.00345056 0.0033386 0.00230511 0.00231914 0.0027542 0.00273711 0.00231914 0.00224515 0.00273711 0.00263619 0.0027542 0.00273711 0.00310106 0.00303874 0.00273711 0.00263619 0.00303874 0.00291027 0.00224515 0.00213938 0.00263619 0.00250805 0.00213938 0.00202663 0.00250805 0.0023761 0.00263619 0.00250805 0.00291027 0.00276484 0.00250805 0.0023761 0.00276484 0.00262067 0.00310106 0.00303874 0.00330964 0.00319376 0.00303874 0.00291027 0.00319376 0.00304129 0.00330964 0.00319376 0.0033386 0.00316996 0.00319376 0.00304129 0.00316996 0.00300261 0.00291027 0.00276484 0.00304129 0.00288663 0.00276484 0.00262067 0.00288663 0.0027394 0.00304129 0.00288663 0.00300261 0.00285028 0.00288663 0.0027394 0.00285028 0.00271152 4.56334e-17 8.20392e-17 0.000558996 0.000528046 8.20392e-17 1.15228e-16 0.000528046 0.000498239 0.000558996 0.000528046 0.00109707 0.00103647 0.000528046 0.000498239 0.00103647 0.000978199 1.15228e-16 1.33016e-16 0.000498239 0.000469808 1.33016e-16 1.20497e-16 0.000469808 0.000442647 0.000498239 0.000469808 0.000978199 0.000922612 0.000469808 0.000442647 0.000922612 0.000869479 0.00109707 0.00103647 0.00159328 0.00150568 0.00103647 0.000978199 0.00150568 0.00142163 0.00159328 0.00150568 0.00202663 0.00191611 0.00150568 0.00142163 0.00191611 0.00181033 0.000978199 0.000922612 0.00142163 0.00134144 0.000922612 0.000869479 0.00134144 0.00126471 0.00142163 0.00134144 0.00181033 0.00170937 0.00134144 0.00126471 0.00170937 0.00161261 1.20497e-16 6.63708e-17 0.000442647 0.000416567 6.63708e-17 -2.66876e-17 0.000416567 0.000391383 0.000442647 0.000416567 0.000869479 0.000818426 0.000416567 0.000391383 0.000818426 0.000769093 -2.66876e-17 -1.35533e-16 0.000391383 0.000366936 -1.35533e-16 -2.23702e-16 0.000366936 0.000343087 0.000391383 0.000366936 0.000769093 0.000721169 0.000366936 0.000343087 0.000721169 0.000674387 0.000869479 0.000818426 0.00126471 0.00119089 0.000818426 0.000769093 0.00119089 0.00111947 0.00126471 0.00119089 0.00161261 0.00151933 0.00119089 0.00111947 0.00151933 0.00142891 0.000769093 0.000721169 0.00111947 0.00105001 0.000721169 0.000674387 0.00105001 0.000982128 0.00111947 0.00105001 0.00142891 0.00134081 0.00105001 0.000982128 0.00134081 0.00125456 0.00202663 0.00191611 0.0023761 0.00224826 0.00191611 0.00181033 0.00224826 0.00212621 0.0023761 0.00224826 0.00262067 0.00248273 0.00224826 0.00212621 0.00248273 0.00235129 0.00181033 0.00170937 0.00212621 0.00200958 0.00170937 0.00161261 0.00200958 0.00189751 0.00212621 0.00200958 0.00235129 0.00222537 0.00200958 0.00189751 0.00222537 0.00210388 0.00262067 0.00248273 0.0027394 0.0026003 0.00248273 0.00235129 0.0026003 0.00246778 0.0027394 0.0026003 0.00271152 0.00258196 0.0026003 0.00246778 0.00258196 0.00245806 0.00235129 0.00222537 0.00246778 0.00234019 0.00222537 0.00210388 0.00234019 0.0022163 0.00246778 0.00234019 0.00245806 0.00233765 0.00234019 0.0022163 0.00233765 0.00221948 0.00161261 0.00151933 0.00189751 0.00178917 0.00151933 0.00142891 0.00178917 0.00168385 0.00189751 0.00178917 0.00210388 0.00198593 0.00178917 0.00168385 0.00198593 0.0018708 0.00142891 0.00134081 0.00168385 0.00158096 0.00134081 0.00125456 0.00158096 0.00148 0.00168385 0.00158096 0.0018708 0.00175791 0.00158096 0.00148 0.00175791 0.00164677 0.00210388 0.00198593 0.0022163 0.00209525 0.00198593 0.0018708 0.00209525 0.00197639 0.0022163 0.00209525 0.00221948 0.00210286 0.00209525 0.00197639 0.00210286 0.00198732 0.0018708 0.00175791 0.00197639 0.00185922 0.00175791 0.00164677 0.00185922 0.00174332 0.00197639 0.00185922 0.00198732 0.00187251 0.00185922 0.00174332 0.00187251 0.00175813 -2.23702e-16 -2.59316e-16 0.000343087 0.000319717 -2.59316e-16 -2.3167e-16 0.000319717 0.000296722 0.000343087 0.000319717 0.000674387 0.000628518 0.000319717 0.000296722 0.000628518 0.000583361 -2.3167e-16 -1.53967e-16 0.000296722 0.000274006 -1.53967e-16 -5.40854e-17 0.000274006 0.000251481 0.000296722 0.000274006 0.000583361 0.00053873 0.000274006 0.000251481 0.00053873 0.000494452 0.000674387 0.000628518 0.000982128 0.000915502 0.000628518 0.000583361 0.000915502 0.000849847 0.000982128 0.000915502 0.00125456 0.00116979 0.000915502 0.000849847 0.00116979 0.00108613 0.000583361 0.00053873 0.000849847 0.000784899 0.00053873 0.000494452 0.000784899 0.000720407 0.000849847 0.000784899 0.00108613 0.00100326 0.000784899 0.000720407 0.00100326 0.000920862 -5.40854e-17 4.01145e-17 0.000251481 0.000229059 4.01145e-17 1.09951e-16 0.000229059 0.000206649 0.000251481 0.000229059 0.000494452 0.000450353 0.000229059 0.000206649 0.000450353 0.000406256 1.09951e-16 1.48111e-16 0.000206649 0.000184154 1.48111e-16 1.56236e-16 0.000184154 0.000161471 0.000206649 0.000184154 0.000406256 0.000361968 0.000184154 0.000161471 0.000361968 0.000317281 0.000494452 0.000450353 0.000720407 0.000656124 0.000450353 0.000406256 0.000656124 0.000591786 0.000720407 0.000656124 0.000920862 0.000838627 0.000656124 0.000591786 0.000838627 0.000756217 0.000406256 0.000361968 0.000591786 0.000527108 0.000361968 0.000317281 0.000527108 0.000461777 0.000591786 0.000527108 0.000756217 0.000673255 0.000527108 0.000461777 0.000673255 0.00058932 0.00125456 0.00116979 0.00148 0.00138054 0.00116979 0.00108613 0.00138054 0.00128219 0.00148 0.00138054 0.00164677 0.00153695 0.00138054 0.00128219 0.00153695 0.00142804 0.00108613 0.00100326 0.00128219 0.00118458 0.00100326 0.000920862 0.00118458 0.00108735 0.00128219 0.00118458 0.00142804 0.00131967 0.00118458 0.00108735 0.00131967 0.00121145 0.00164677 0.00153695 0.00174332 0.00162829 0.00153695 0.00142804 0.00162829 0.00151376 0.00174332 0.00162829 0.00175813 0.00164389 0.00162829 0.00151376 0.00164389 0.00152949 0.00142804 0.00131967 0.00151376 0.00139938 0.00131967 0.00121145 0.00139938 0.00128475 0.00151376 0.00139938 0.00152949 0.00141463 0.00139938 0.00128475 0.00141463 0.00129894 0.000920862 0.000838627 0.00108735 0.000990142 0.000838627 0.000756217 0.000990142 0.000892548 0.00108735 0.000990142 0.00121145 0.00110298 0.000990142 0.000892548 0.00110298 0.000993805 0.000756217 0.000673255 0.000892548 0.00079411 0.000673255 0.00058932 0.00079411 0.000694297 0.000892548 0.00079411 0.000993805 0.000883403 0.00079411 0.000694297 0.000883403 0.000771123 0.00121145 0.00110298 0.00128475 0.00116947 0.00110298 0.000993805 0.00116947 0.00105305 0.00128475 0.00116947 0.00129894 0.00118204 0.00116947 0.00105305 0.00118204 0.00106341 0.000993805 0.000883403 0.00105305 0.000934894 0.000883403 0.000771123 0.000934894 0.000814252 0.00105305 0.000934894 0.00106341 0.000942421 0.000934894 0.000814252 0.000942421 0.000818223 1.56236e-16 1.41031e-16 0.000161471 0.000138508 1.41031e-16 1.11573e-16 0.000138508 0.000115224 0.000161471 0.000138508 0.000317281 0.000272005 0.000138508 0.000115224 0.000272005 0.000226041 1.11573e-16 7.67482e-17 0.000115224 9.17218e-05 7.67482e-17 4.43666e-17 9.17218e-05 6.84135e-05 0.000115224 9.17218e-05 0.000226041 0.000179571 9.17218e-05 6.84135e-05 0.000179571 0.000133391 0.000317281 0.000272005 0.000461777 0.000395489 0.000272005 0.000226041 0.000395489 0.000328059 0.000461777 0.000395489 0.00058932 0.000503978 0.000395489 0.000328059 0.000503978 0.000416917 0.000226041 0.000179571 0.000328059 0.000259694 0.000179571 0.000133391 0.000259694 0.000191507 0.000328059 0.000259694 0.000416917 0.000328279 0.000259694 0.000191507 0.000328279 0.000239372 4.43666e-17 2.02155e-17 6.84135e-05 4.61811e-05 2.02155e-17 6.70862e-18 4.61811e-05 2.6215e-05 6.84135e-05 4.61811e-05 0.000133391 8.93146e-05 4.61811e-05 2.6215e-05 8.93146e-05 5.00842e-05 6.70862e-18 1.54739e-18 2.6215e-05 9.31106e-06 1.54739e-18 0 9.31106e-06 0 2.6215e-05 9.31106e-06 5.00842e-05 1.78071e-05 9.31106e-06 0 1.78071e-05 0 0.000133391 8.93146e-05 0.000191507 0.000126287 8.93146e-05 5.00842e-05 0.000126287 6.89378e-05 0.000191507 0.000126287 0.000239372 0.000153896 0.000126287 6.89378e-05 0.000153896 7.95023e-05 5.00842e-05 1.78071e-05 6.89378e-05 2.43181e-05 1.78071e-05 0 2.43181e-05 0 6.89378e-05 2.43181e-05 7.95023e-05 2.66923e-05 2.43181e-05 0 2.66923e-05 0 0.00058932 0.000503978 0.000694297 0.000592524 0.000503978 0.000416917 0.000592524 0.000488295 0.000694297 0.000592524 0.000771123 0.000656214 0.000592524 0.000488295 0.000656214 0.000537934 0.000416917 0.000328279 0.000488295 0.000381578 0.000328279 0.000239372 0.000381578 0.000273672 0.000488295 0.000381578 0.000537934 0.000415936 0.000381578 0.000273672 0.000415936 0.000291231 0.000771123 0.000656214 0.000814252 0.000690186 0.000656214 0.000537934 0.000690186 0.000561644 0.000814252 0.000690186 0.000818223 0.00068968 0.000690186 0.000561644 0.00068968 0.000555378 0.000537934 0.000415936 0.000561644 0.000427813 0.000415936 0.000291231 0.000427813 0.000289081 0.000561644 0.000427813 0.000555378 0.00041388 0.000427813 0.000289081 0.00041388 0.000264612 0.000239372 0.000153896 0.000273672 0.000168915 0.000153896 7.95023e-05 0.000168915 7.78109e-05 0.000273672 0.000168915 0.000291231 0.000168263 0.000168915 7.78109e-05 0.000168263 5.95397e-05 7.95023e-05 2.66923e-05 7.78109e-05 2.04485e-05 2.66923e-05 0 2.04485e-05 0 7.78109e-05 2.04485e-05 5.95397e-05 -3.76639e-06 2.04485e-05 0 -3.76639e-06 0 0.000291231 0.000168263 0.000289081 0.000149237 0.000168263 5.95397e-05 0.000149237 2.06245e-05 0.000289081 0.000149237 0.000264612 0.000109949 0.000149237 2.06245e-05 0.000109949 -3.98903e-05 5.95397e-05 -3.76639e-06 2.06245e-05 -6.14309e-05 -3.76639e-06 0 -6.14309e-05 0 2.06245e-05 -6.14309e-05 -3.98903e-05 -0.000152876 -6.14309e-05 0 -0.000152876 0 0 0.00266037 0 0.00221559 0.00266037 0.0033451 0.00221559 0.00292451 0 0.00221559 0 0.00174037 0.00221559 0.00292451 0.00174037 0.00247378 0.0033451 0.00345056 0.00292451 0.00303105 0.00345056 0.0033386 0.00303105 0.0029234 0.00292451 0.00303105 0.00247378 0.00259297 0.00303105 0.0029234 0.00259297 0.00250101 0 0.00174037 0 0.00135423 0.00174037 0.00247378 0.00135423 0.00201385 0 0.00135423 0 0.00103657 0.00135423 0.00201385 0.00103657 0.00156617 0.00247378 0.00259297 0.00201385 0.00214197 0.00259297 0.00250101 0.00214197 0.00207173 0.00201385 0.00214197 0.00156617 0.00168662 0.00214197 0.00207173 0.00168662 0.001639 0.0033386 0.00316996 0.0029234 0.00276678 0.00316996 0.00300261 0.00276678 0.00261647 0.0029234 0.00276678 0.00250101 0.00236257 0.00276678 0.00261647 0.00236257 0.00223169 0.00300261 0.00285028 0.00261647 0.00248304 0.00285028 0.00271152 0.00248304 0.00236317 0.00261647 0.00248304 0.00223169 0.00211765 0.00248304 0.00236317 0.00211765 0.00201644 0.00250101 0.00236257 0.00207173 0.00195686 0.00236257 0.00223169 0.00195686 0.00184821 0.00207173 0.00195686 0.001639 0.00155118 0.00195686 0.00184821 0.00155118 0.00146691 0.00223169 0.00211765 0.00184821 0.00175445 0.00211765 0.00201644 0.00175445 0.00167185 0.00184821 0.00175445 0.00146691 0.00139409 0.00175445 0.00167185 0.00139409 0.00132993 0 0.00103657 0 0.000762013 0.00103657 0.00156617 0.000762013 0.00113853 0 0.000762013 0 0.000508897 0.000762013 0.00113853 0.000508897 0.000732119 0.00156617 0.00168662 0.00113853 0.00123558 0.00168662 0.001639 0.00123558 0.00120835 0.00113853 0.00123558 0.000732119 0.000797466 0.00123558 0.00120835 0.000797466 0.000786522 0 0.000508897 0 0.000256247 0.000508897 0.000732119 0.000256247 0.000349634 0 0.000256247 0 0 0.000256247 0.000349634 0 0 0.000732119 0.000797466 0.000349634 0.000381701 0.000797466 0.000786522 0.000381701 0.000381071 0.000349634 0.000381701 0 0 0.000381701 0.000381071 0 0 0.001639 0.00155118 0.00120835 0.00114855 0.00155118 0.00146691 0.00114855 0.00108938 0.00120835 0.00114855 0.000786522 0.000752937 0.00114855 0.00108938 0.000752937 0.000717674 0.00146691 0.00139409 0.00108938 0.00103748 0.00139409 0.00132993 0.00103748 0.00099126 0.00108938 0.00103748 0.000717674 0.000685633 0.00103748 0.00099126 0.000685633 0.000656415 0.000786522 0.000752937 0.000381071 0.000368709 0.000752937 0.000717674 0.000368709 0.00035394 0.000381071 0.000368709 0 0 0.000368709 0.00035394 0 0 0.000717674 0.000685633 0.00035394 0.000339559 0.000685633 0.000656415 0.000339559 0.000325884 0.00035394 0.000339559 0 0 0.000339559 0.000325884 0 0 0.00271152 0.00258196 0.00236317 0.00225175 0.00258196 0.00245806 0.00225175 0.00214511 0.00236317 0.00225175 0.00201644 0.00192277 0.00225175 0.00214511 0.00192277 0.00183304 0.00245806 0.00233765 0.00214511 0.00204118 0.00233765 0.00221948 0.00204118 0.00193893 0.00214511 0.00204118 0.00183304 0.00174536 0.00204118 0.00193893 0.00174536 0.00165883 0.00201644 0.00192277 0.00167185 0.00159554 0.00192277 0.00183304 0.00159554 0.00152231 0.00167185 0.00159554 0.00132993 0.00127052 0.00159554 0.00152231 0.00127052 0.00121329 0.00183304 0.00174536 0.00152231 0.00145052 0.00174536 0.00165883 0.00145052 0.00137944 0.00152231 0.00145052 0.00121329 0.00115696 0.00145052 0.00137944 0.00115696 0.00110098 0.00221948 0.00210286 0.00193893 0.00183779 0.00210286 0.00198732 0.00183779 0.00173743 0.00193893 0.00183779 0.00165883 0.00157303 0.00183779 0.00173743 0.00157303 0.00148774 0.00198732 0.00187251 0.00173743 0.0016376 0.00187251 0.00175813 0.0016376 0.00153807 0.00173743 0.0016376 0.00148774 0.00140279 0.0016376 0.00153807 0.00140279 0.00131805 0.00165883 0.00157303 0.00137944 0.00130877 0.00157303 0.00148774 0.00130877 0.00123838 0.00137944 0.00130877 0.00110098 0.00104517 0.00130877 0.00123838 0.00104517 0.000989465 0.00148774 0.00140279 0.00123838 0.00116818 0.00140279 0.00131805 0.00116818 0.00109809 0.00123838 0.00116818 0.000989465 0.000933824 0.00116818 0.00109809 0.000933824 0.000878215 0.00132993 0.00127052 0.00099126 0.000948124 0.00127052 0.00121329 0.000948124 0.000906306 0.00099126 0.000948124 0.000656415 0.000628724 0.000948124 0.000906306 0.000628724 0.000601627 0.00121329 0.00115696 0.000906306 0.000864932 0.00115696 0.00110098 0.000864932 0.000823658 0.000906306 0.000864932 0.000601627 0.000574655 0.000864932 0.000823658 0.000574655 0.000547633 0.000656415 0.000628724 0.000325884 0.000312617 0.000628724 0.000601627 0.000312617 0.000299473 0.000325884 0.000312617 0 0 0.000312617 0.000299473 0 0 0.000601627 0.000574655 0.000299473 0.0002863 0.000574655 0.000547633 0.0002863 0.000273044 0.000299473 0.0002863 0 0 0.0002863 0.000273044 0 0 0.00110098 0.00104517 0.000823658 0.000782383 0.00104517 0.000989465 0.000782383 0.000741089 0.000823658 0.000782383 0.000547633 0.000520525 0.000782383 0.000741089 0.000520525 0.000493341 0.000989465 0.000933824 0.000741089 0.000699779 0.000933824 0.000878215 0.000699779 0.000658452 0.000741089 0.000699779 0.000493341 0.0004661 0.000699779 0.000658452 0.0004661 0.000438818 0.000547633 0.000520525 0.000273044 0.000259703 0.000520525 0.000493341 0.000259703 0.000246292 0.000273044 0.000259703 0 0 0.000259703 0.000246292 0 0 0.000493341 0.0004661 0.000246292 0.000232829 0.0004661 0.000438818 0.000232829 0.00021933 0.000246292 0.000232829 0 0 0.000232829 0.00021933 0 0 0.00175813 0.00164389 0.00153807 0.00143865 0.00164389 0.00152949 0.00143865 0.00133909 0.00153807 0.00143865 0.00131805 0.00123336 0.00143865 0.00133909 0.00123336 0.00114856 0.00152949 0.00141463 0.00133909 0.00123916 0.00141463 0.00129894 0.00123916 0.0011386 0.00133909 0.00123916 0.00114856 0.00106349 0.00123916 0.0011386 0.00106349 0.000977956 0.00131805 0.00123336 0.00109809 0.00102801 0.00123336 0.00114856 0.00102801 0.000957856 0.00109809 0.00102801 0.000878215 0.000822597 0.00102801 0.000957856 0.000822597 0.00076692 0.00114856 0.00106349 0.000957856 0.00088751 0.00106349 0.000977956 0.00088751 0.000816854 0.000957856 0.00088751 0.00076692 0.000711126 0.00088751 0.000816854 0.000711126 0.00065515 0.00129894 0.00118204 0.0011386 0.00103709 0.00118204 0.00106341 0.00103709 0.000934258 0.0011386 0.00103709 0.000977956 0.000891736 0.00103709 0.000934258 0.000891736 0.000804553 0.00106341 0.000942421 0.000934258 0.000829594 0.000942421 0.000818223 0.000829594 0.000722412 0.000934258 0.000829594 0.000804553 0.000716033 0.000829594 0.000722412 0.000716033 0.000625648 0.000977956 0.000891736 0.000816854 0.000745742 0.000891736 0.000804553 0.000745742 0.000673993 0.000816854 0.000745742 0.00065515 0.000598913 0.000745742 0.000673993 0.000598913 0.00054231 0.000804553 0.000716033 0.000673993 0.000601349 0.000716033 0.000625648 0.000601349 0.000527432 0.000673993 0.000601349 0.00054231 0.000485188 0.000601349 0.000527432 0.000485188 0.000427304 0.000878215 0.000822597 0.000658452 0.000617098 0.000822597 0.00076692 0.000617098 0.000575705 0.000658452 0.000617098 0.000438818 0.000411506 0.000617098 0.000575705 0.000411506 0.00038417 0.00076692 0.000711126 0.000575705 0.000534252 0.000711126 0.00065515 0.000534252 0.000492717 0.000575705 0.000534252 0.00038417 0.000356814 0.000534252 0.000492717 0.000356814 0.000329441 0.000438818 0.000411506 0.00021933 0.000205809 0.000411506 0.00038417 0.000205809 0.000192278 0.00021933 0.000205809 0 0 0.000205809 0.000192278 0 0 0.00038417 0.000356814 0.000192278 0.000178747 0.000356814 0.000329441 0.000178747 0.000165228 0.000192278 0.000178747 0 0 0.000178747 0.000165228 0 0 0.00065515 0.000598913 0.000492717 0.000451068 0.000598913 0.00054231 0.000451068 0.000409264 0.000492717 0.000451068 0.000329441 0.000302052 0.000451068 0.000409264 0.000302052 0.000274643 0.00054231 0.000485188 0.000409264 0.000367231 0.000485188 0.000427304 0.000367231 0.000324843 0.000409264 0.000367231 0.000274643 0.000247196 0.000367231 0.000324843 0.000247196 0.000219674 0.000329441 0.000302052 0.000165228 0.000151731 0.000302052 0.000274643 0.000151731 0.000138268 0.000165228 0.000151731 0 0 0.000151731 0.000138268 0 0 0.000274643 0.000247196 0.000138268 0.000124848 0.000247196 0.000219674 0.000124848 0.000111475 0.000138268 0.000124848 0 0 0.000124848 0.000111475 0 0 0.000818223 0.00068968 0.000722412 0.000611765 0.00068968 0.000555378 0.000611765 0.000496439 0.000722412 0.000611765 0.000625648 0.000532641 0.000611765 0.000496439 0.000532641 0.000436023 0.000555378 0.00041388 0.000496439 0.000375191 0.00041388 0.000264612 0.000375191 0.000247676 0.000496439 0.000375191 0.000436023 0.000334818 0.000375191 0.000247676 0.000334818 0.000229013 0.000625648 0.000532641 0.000527432 0.00045168 0.000532641 0.000436023 0.00045168 0.00037335 0.000527432 0.00045168 0.000427304 0.000368286 0.00045168 0.00037335 0.000368286 0.000307639 0.000436023 0.000334818 0.00037335 0.00029176 0.000334818 0.000229013 0.00029176 0.000207227 0.00037335 0.00029176 0.000307639 0.000244968 0.00029176 0.000207227 0.000244968 0.000180817 0.000264612 0.000109949 0.000247676 0.000116699 0.000109949 -3.98903e-05 0.000116699 -6.60819e-06 0.000247676 0.000116699 0.000229013 0.000121965 0.000116699 -6.60819e-06 0.000121965 2.54919e-05 -3.98903e-05 -0.000152876 -6.60819e-06 -8.95589e-05 -0.000152876 0 -8.95589e-05 0 -6.60819e-06 -8.95589e-05 2.54919e-05 -2.53584e-05 -8.95589e-05 0 -2.53584e-05 0 0.000229013 0.000121965 0.000207227 0.000123482 0.000121965 2.54919e-05 0.000123482 5.24503e-05 0.000207227 0.000123482 0.000180817 0.000118822 0.000123482 5.24503e-05 0.000118822 6.95504e-05 2.54919e-05 -2.53584e-05 5.24503e-05 1.92487e-05 -2.53584e-05 0 1.92487e-05 0 5.24503e-05 1.92487e-05 6.95504e-05 4.6341e-05 1.92487e-05 0 4.6341e-05 0 0.000427304 0.000368286 0.000324843 0.000281898 0.000368286 0.000307639 0.000281898 0.000238127 0.000324843 0.000281898 0.000219674 0.000192002 0.000281898 0.000238127 0.000192002 0.000164092 0.000307639 0.000244968 0.000238127 0.000193379 0.000244968 0.000180817 0.000193379 0.000148267 0.000238127 0.000193379 0.000164092 0.000135961 0.000193379 0.000148267 0.000135961 0.000108141 0.000219674 0.000192002 0.000111475 9.81522e-05 0.000192002 0.000164092 9.81522e-05 8.48896e-05 0.000111475 9.81522e-05 0 0 9.81522e-05 8.48896e-05 0 0 0.000164092 0.000135961 8.48896e-05 7.17697e-05 0.000135961 0.000108141 7.17697e-05 5.9117e-05 8.48896e-05 7.17697e-05 0 0 7.17697e-05 5.9117e-05 0 0 0.000180817 0.000118822 0.000148267 0.000105826 0.000118822 6.95504e-05 0.000105826 7.39815e-05 0.000148267 0.000105826 0.000108141 8.26751e-05 0.000105826 7.39815e-05 8.26751e-05 6.42968e-05 6.95504e-05 4.6341e-05 7.39815e-05 5.80802e-05 4.6341e-05 0 5.80802e-05 0 7.39815e-05 5.80802e-05 6.42968e-05 5.47098e-05 5.80802e-05 0 5.47098e-05 0 0.000108141 8.26751e-05 5.9117e-05 4.78718e-05 8.26751e-05 6.42968e-05 4.78718e-05 3.98516e-05 5.9117e-05 4.78718e-05 0 0 4.78718e-05 3.98516e-05 0 0 6.42968e-05 5.47098e-05 3.98516e-05 3.49521e-05 5.47098e-05 0 3.49521e-05 0 3.98516e-05 3.49521e-05 0 0 3.49521e-05 0 0 0 
SCALARS p_fluid double 1
LOOKUP_TABLE default
0 0 0 0 0 0 0 0 0 0 0 0 0 0 0 0 0 0 0 0 0 0 0 0 0 0 0 0 0 0 0 0 0 0 0 0 0 0 0 0 0 0 0 0 0 0 0 0 0 0 0 0 0 0 0 0 0 0 0 0 0 0 0 0 0 0 0 0 0 0 0 0 0 0 0 0 0 0 0 0 0 0 0 0 0 0 0 0 0 0 0 0 0 0 0 0 0 0 0 0 0 0 0 0 0 0 0 0 0 0 0 0 0 0 0 0 0 0 0 0 0 0 0 0 0 0 0 0 0 0 0 0 0 0 0 0 0 0 0 0 0 0 0 0 0 0 0 0 0 0 0 0 0 0 0 0 0 0 0 0 0 0 0 0 0 0 0 0 0 0 0 0 0 0 0 0 0 0 0 0 0 0 0 0 0 0 0 0 0 0 0 0 0 0 0 0 0 0 0 0 0 0 0 0 0 0 0 0 0 0 0 0 0 0 0 0 0 0 0 0 0 0 0 0 0 0 0 0 0 0 0 0 0 0 0 0 0 0 0 0 0 0 0 0 0 0 0 0 0 0 0 0 0 0 0 0 0 0 0 0 0 0 0 0 0 0 0 0 0 0 0 0 0 0 0 0 0 0 0 0 0 0 0 0 0 0 0 0 0 0 0 0 0 0 0 0 0 0 0 0 0 0 0 0 0 0 0 0 0 0 0 0 0 0 0 0 0 0 0 0 0 0 0 0 0 0 0 0 0 0 0 0 0 0 0 0 0 0 0 0 0 0 0 0 0 0 0 0 0 0 0 0 0 0 0 0 0 0 0 0 0 0 0 0 0 0 0 0 0 0 0 0 0 0 0 0 0 0 0 0 0 0 0 0 0 0 0 0 0 0 0 0 0 0 0 0 0 0 0 0 0 0 0 0 0 0 0 0 0 0 0 0 0 0 0 0 0 0 0 0 0 0 0 0 0 0 0 0 0 0 0 0 0 0 0 0 0 0 0 0 0 0 0 0 0 0 0 0 0 0 0 0 0 0 0 0 0 0 0 0 0 0 0 0 0 0 0 0 0 0 0 0 0 0 0 0 0 0 0 0 0 0 0 0 0 0 0 0 0 0 0 0 0 0 0 0 0 0 0 0 0 0 0 0 0 0 0 0 0 0 0 0 0 0 0 0 0 0 0 0 0 0 0 0 0 0 0 0 0 0 0 0 0 0 0 0 0 0 0 0 0 0 0 0 0 0 0 0 0 0 0 0 0 0 0 0 0 0 0 0 0 0 0 0 0 0 0 0 0 0 0 0 0 0 0 0 0 0 0 0 0 0 0 0 0 0 0 0 0 0 0 0 0 0 0 0 0 0 0 0 0 0 0 0 0 0 0 0 0 0 0 0 0 0 0 0 0 0 0 0 0 0 0 0 0 0 0 0 0 0 0 0 0 0 0 0 0 0 0 0 0 0 0 0 0 0 0 0 0 0 0 0 0 0 0 0 0 0 0 0 0 0 0 0 0 0 0 0 0 0 0 0 0 0 0 0 0 0 0 0 0 0 0 0 0 0 0 0 0 0 0 0 0 0 0 0 0 0 0 0 0 0 0 0 0 0 0 0 0 0 0 0 0 0 0 0 0 0 0 0 0 0 0 0 0 0 0 0 0 0 0 0 0 0 0 0 0 0 0 0 0 0 0 0 0 0 0 0 0 0 0 0 0 0 0 0 0 0 0 0 0 0 0 0 0 0 0 0 0 0 0 0 0 0 0 0 0 0 0 0 0 0 0 0 0 0 0 0 0 0 0 0 0 0 0 0 0 0 0 0 0 0 0 0 0 0 0 0 0 0 0 0 0 0 0 0 0 0 0 0 0 0 0 0 0 0 0 0 0 0 0 0 0 0 0 0 0 0 0 0 0 0 0 0 0 0 0 0 0 0 0 0 0 0 0 0 0 0 0 0 0 0 0 0 0 0 0 0 0 0 0 0 0 0 0 0 0 0 0 0 0 0 0 0 0 0 0 0 0 0 0 0 0 0 0 0 0 0 0 0 0 0 0 0 0 0 0 0 0 0 0 0 0 0 0 0 0 0 0 0 0 0 0 0 0 0 0 0 0 0 0 0 0 0 0 0 0 0 0 0 0 0 0 0 0 0 0 0 0 0 0 0 0 0 0 0 0 0 0 0 0 0 0 0 0 0 0 0 0 0 0 0 0 0 0 0 0 0 0 0 0 0 0 0 0 0 0 0 0 0 0 0 0 0 0 0 0 0 0 0 0 0 0 0 0 0 0 0 0 0 0 0 0 0 0 0 0 0 0 0 0 0 0 0 201.253 197.881 201.332 197.96 197.747 193.003 197.659 192.915 201.735 197.625 202.14 198.029 197.739 192.878 197.789 192.928 192.975 187.517 192.884 187.425 187.484 181.602 187.413 181.532 192.9 187.425 192.871 187.395 187.411 181.54 187.367 181.495 202.476 197.725 202.993 198.241 197.913 192.86 198.057 193.004 203.328 197.932 203.857 198.461 198.192 192.921 198.341 193.07 192.918 187.37 192.921 187.374 187.376 181.496 187.336 181.456 192.982 187.335 192.991 187.344 187.351 181.451 187.309 181.409 181.582 175.483 181.532 175.433 175.472 169.252 175.436 169.217 181.527 175.44 181.49 175.403 175.432 169.222 175.404 169.194 169.246 162.952 169.22 162.926 162.948 156.603 162.928 156.583 169.216 162.929 169.196 162.909 162.926 156.585 162.91 156.569 181.487 175.409 181.449 175.37 175.4 169.199 175.371 169.17 181.447 175.375 181.403 175.33 175.366 169.175 175.332 169.141 169.193 162.912 169.172 162.891 162.909 156.572 162.893 156.556 169.168 162.895 169.144 162.87 162.89 156.559 162.873 156.541 204.162 198.186 204.638 198.663 198.468 192.989 198.577 193.097 204.894 198.439 205.269 198.814 198.689 193.021 198.748 193.079 193.045 187.309 193.04 187.304 187.324 181.402 187.281 181.359 193.076 187.283 193.056 187.262 187.291 181.354 187.253 181.316 205.455 198.653 205.693 198.892 198.834 193.018 198.855 193.039 205.792 198.807 205.873 198.889 198.902 193.006 198.906 193.01 193.075 187.254 193.052 187.231 187.257 181.314 187.23 181.287 193.059 187.229 193.049 187.22 187.231 181.287 187.222 181.277 181.401 175.334 181.355 175.288 175.327 169.146 175.29 169.109 181.354 175.291 181.315 175.252 175.285 169.114 175.253 169.082 169.139 162.874 169.112 162.848 162.869 156.544 162.85 156.525 169.108 162.852 169.083 162.827 162.847 156.527 162.829 156.509 181.313 175.254 181.287 175.227 175.25 169.085 175.228 169.063 181.286 175.228 181.277 175.219 175.226 169.064 175.218 169.057 169.08 162.83 169.063 162.813 162.826 156.512 162.814 156.499 169.061 162.815 169.055 162.809 162.812 156.5 162.808 156.496 156.6 150.216 156.584 150.2 150.214 143.799 150.201 143.786 156.583 150.201 156.571 150.189 150.2 143.787 150.19 143.777 143.797 137.357 143.787 137.347 137.356 130.896 137.347 130.887 143.786 137.348 143.778 137.34 137.347 130.888 137.34 130.881 156.569 150.191 156.558 150.179 150.189 143.778 150.18 143.769 156.556 150.181 156.543 150.168 150.179 143.77 150.169 143.76 143.777 137.34 143.77 137.333 137.339 130.882 137.333 130.875 143.769 137.334 143.761 137.326 137.333 130.876 137.326 130.87 130.895 124.418 130.888 124.41 124.417 117.926 124.411 117.92 130.887 124.411 130.881 124.405 124.41 117.92 124.406 117.915 117.926 111.423 117.92 111.417 111.422 104.91 111.418 104.905 117.92 111.418 117.916 111.414 111.417 104.905 111.414 104.902 130.881 124.406 130.876 124.401 124.405 117.916 124.401 117.911 130.875 124.401 130.87 124.396 124.401 117.912 124.396 117.907 117.915 111.414 117.912 111.41 111.413 104.902 111.41 104.898 117.911 111.41 117.907 111.406 111.41 104.899 111.407 104.895 156.54 150.17 156.526 150.155 150.167 143.761 150.156 143.751 156.524 150.157 156.51 150.144 150.155 143.752 150.145 143.742 143.76 137.327 143.751 137.318 137.326 130.87 137.319 130.863 143.75 137.319 143.742 137.311 137.318 130.864 137.311 130.858 156.509 150.145 156.499 150.136 150.143 143.743 150.136 143.736 156.498 150.137 156.495 150.133 150.135 143.736 150.133 143.734 143.741 137.312 143.736 137.306 137.311 130.858 137.306 130.854 143.735 137.307 143.733 137.305 137.306 130.854 137.304 130.852 130.869 124.396 130.864 124.391 124.396 117.908 124.391 117.903 130.863 124.391 130.858 124.386 124.39 117.903 124.386 117.899 117.907 111.407 117.903 111.403 111.406 104.896 111.403 104.892 117.903 111.403 117.899 111.399 111.403 104.892 111.4 104.889 130.857 124.386 130.854 124.383 124.386 117.899 124.383 117.896 130.854 124.383 130.852 124.382 124.382 117.897 124.381 117.895 117.899 111.4 117.896 111.397 111.399 104.89 111.397 104.887 117.896 111.397 117.895 111.396 111.397 104.888 111.396 104.887 104.91 98.3886 104.905 98.3844 98.3883 91.8602 98.3845 91.8564 104.905 98.3846 104.902 98.3812 98.3844 91.8565 98.3813 91.8534 91.86 85.3256 91.8565 85.3221 85.3254 78.7855 85.3221 78.7822 91.8564 85.3222 91.8535 85.3193 85.3221 78.7823 85.3193 78.7795 104.902 98.3813 104.899 98.3783 98.3812 91.8535 98.3784 91.8508 104.898 98.3785 104.895 98.3755 98.3783 91.8509 98.3756 91.8482 91.8534 85.3194 91.8508 85.3168 85.3193 78.7796 85.3168 78.7771 91.8507 85.3168 91.8483 85.3144 85.3167 78.7772 85.3144 78.7749 78.7854 72.2406 78.7823 72.2375 72.2406 65.6913 72.2375 65.6882 78.7822 72.2375 78.7796 72.2348 72.2375 65.6882 72.2348 65.6856 65.6913 59.1379 65.6882 59.1348 59.1379 52.5806 59.1348 52.5775 65.6882 59.1348 65.6856 59.1322 59.1348 52.5775 59.1321 52.5748 78.7795 72.2348 78.7771 72.2324 72.2348 65.6856 72.2324 65.6832 78.7771 72.2325 78.7749 72.2302 72.2324 65.6832 72.2303 65.681 65.6856 59.1321 65.6832 59.1298 59.1322 52.5748 59.1298 52.5724 65.6832 59.1298 65.681 59.1276 59.1298 52.5724 59.1276 52.5702 104.895 98.3757 104.892 98.3727 98.3754 91.8483 98.3728 91.8457 104.892 98.3729 104.889 98.3703 98.3727 91.8459 98.3704 91.8436 91.8481 85.3145 91.8458 85.3121 85.3143 78.7749 85.3122 78.7728 91.8457 85.3122 91.8436 85.3102 85.3121 78.7728 85.3103 78.771 104.889 98.3705 104.887 98.3687 98.3702 91.8437 98.3687 91.8421 104.887 98.3688 104.887 98.3681 98.3686 91.8422 98.368 91.8417 91.8435 85.3103 91.8421 85.3089 85.3102 78.7711 85.3089 78.7699 91.8421 85.309 91.8416 85.3085 85.3089 78.7699 85.3084 78.7695 78.7748 72.2303 78.7728 72.2283 72.2302 65.6811 72.2283 65.6791 78.7727 72.2283 78.771 72.2266 72.2282 65.6792 72.2267 65.6776 65.681 59.1276 65.6791 59.1257 59.1276 52.5702 59.1257 52.5684 65.6791 59.1258 65.6776 59.1243 59.1257 52.5684 59.1243 52.5669 78.771 72.2267 78.7699 72.2256 72.2266 65.6776 72.2256 65.6766 78.7698 72.2256 78.7694 72.2252 72.2255 65.6766 72.2252 65.6762 65.6776 59.1243 65.6766 59.1233 59.1242 52.5669 59.1233 52.566 65.6765 59.1233 65.6762 59.123 59.1233 52.566 59.1229 52.5657 52.5806 46.0195 52.5775 46.0164 46.0195 39.4545 46.0164 39.4514 52.5775 46.0164 52.5748 46.0137 46.0164 39.4514 46.0136 39.4487 39.4546 32.8856 39.4515 32.8825 32.8856 26.3123 32.8826 26.3092 39.4514 32.8825 39.4487 32.8799 32.8825 26.3094 32.88 26.3069 52.5748 46.0136 52.5724 46.0112 46.0136 39.4487 46.0112 39.4463 52.5724 46.0112 52.5702 46.0091 46.0112 39.4463 46.0091 39.4442 39.4487 32.8799 39.4464 32.8776 32.8798 26.3071 32.8777 26.305 39.4463 32.8777 39.4443 32.8757 32.8775 26.3052 32.8758 26.3035 26.3122 19.7342 26.3094 19.7314 19.734 13.1513 19.7318 13.1491 26.3092 19.7318 26.3071 19.7297 19.7313 13.1498 19.7301 13.1487 13.1504 6.56466 13.1497 6.56394 6.55462 -0.0198232 6.56568 -0.00876063 13.1485 6.56519 13.1495 6.56615 6.5612 -0.00690944 6.56572 -0.00238951 26.3068 19.7301 26.3053 19.7286 19.7294 13.1495 19.7291 13.1491 26.3049 19.7291 26.3038 19.728 19.7283 13.15 19.7284 13.1501 13.1479 6.56771 13.1498 6.56962 6.56663 -0.00366951 6.56959 -0.000702193 13.1486 6.57071 13.1505 6.57261 6.5705 -0.00175472 6.57257 0.000310488 52.5702 46.0091 52.5684 46.0072 46.0091 39.4442 46.0073 39.4425 52.5684 46.0073 52.5669 46.0058 46.0072 39.4425 46.0059 39.4411 39.4442 32.8758 39.4425 32.8741 32.8756 26.3037 32.8742 26.3024 39.4424 32.8742 39.4412 32.873 32.8741 26.3026 32.8731 26.3016 52.5669 46.0059 52.566 46.0049 46.0058 39.4412 46.0049 39.4403 52.566 46.005 52.5657 46.0046 46.0049 39.4403 46.0046 39.44 39.4411 32.8731 39.4403 32.8723 32.8729 26.3018 32.8723 26.3011 39.4403 32.8723 39.44 32.8721 32.8722 26.3012 32.872 26.301 26.3034 19.7284 26.3026 19.7276 19.7278 13.1508 19.728 13.151 26.3023 19.728 26.3018 19.7275 19.7275 13.1515 19.7278 13.1518 13.1498 6.57319 13.1513 6.57471 6.57329 -0.000486801 6.57466 0.000883021 13.1509 6.575 13.152 6.57606 6.5752 0.000310203 6.57604 0.00114661 26.3015 19.7278 26.3012 19.7275 19.7274 13.1521 19.7276 13.1523 26.3011 19.7276 26.301 19.7275 19.7274 13.1524 19.7275 13.1525 13.1518 6.57619 13.1524 6.5768 6.57639 0.000774734 6.57683 0.00121467 13.1523 6.57685 13.1525 6.57705 6.577 0.00103149 6.57714 0.00116729 205.873 198.889 205.792 198.807 198.906 193.01 198.902 193.006 205.693 198.892 205.455 198.653 198.855 193.039 198.834 193.018 193.049 187.22 193.059 187.229 187.222 181.277 187.231 181.287 193.052 187.231 193.075 187.254 187.23 181.287 187.257 181.314 205.269 198.814 204.894 198.439 198.748 193.079 198.689 193.021 204.638 198.663 204.162 198.186 198.577 193.097 198.468 192.989 193.056 187.262 193.076 187.283 187.253 181.316 187.291 181.354 193.04 187.304 193.045 187.309 187.281 181.359 187.324 181.402 181.277 175.219 181.286 175.228 175.218 169.057 175.226 169.064 181.287 175.227 181.313 175.254 175.228 169.063 175.25 169.085 169.055 162.809 169.061 162.815 162.808 156.496 162.812 156.5 169.063 162.813 169.08 162.83 162.814 156.499 162.826 156.512 181.315 175.252 181.354 175.291 175.253 169.082 175.285 169.114 181.355 175.288 181.401 175.334 175.29 169.109 175.327 169.146 169.083 162.827 169.108 162.852 162.829 156.509 162.847 156.527 169.112 162.848 169.139 162.874 162.85 156.525 162.869 156.544 203.857 198.461 203.328 197.932 198.341 193.07 198.192 192.921 202.993 198.241 202.476 197.725 198.057 193.004 197.913 192.86 192.991 187.344 192.982 187.335 187.309 181.409 187.351 181.451 192.921 187.374 192.918 187.37 187.336 181.456 187.376 181.496 202.14 198.029 201.735 197.625 197.789 192.928 197.739 192.878 201.332 197.96 201.253 197.881 197.659 192.915 197.747 193.003 192.871 187.395 192.9 187.425 187.367 181.495 187.411 181.54 192.884 187.425 192.975 187.517 187.413 181.532 187.484 181.602 181.403 175.33 181.447 175.375 175.332 169.141 175.366 169.175 181.449 175.37 181.487 175.409 175.371 169.17 175.4 169.199 169.144 162.87 169.168 162.895 162.873 156.541 162.89 156.559 169.172 162.891 169.193 162.912 162.893 156.556 162.909 156.572 181.49 175.403 181.527 175.44 175.404 169.194 175.432 169.222 181.532 175.433 181.582 175.483 175.436 169.217 175.472 169.252 169.196 162.909 169.216 162.929 162.91 156.569 162.926 156.585 169.22 162.926 169.246 162.952 162.928 156.583 162.948 156.603 156.495 150.133 156.498 150.137 150.133 143.734 150.135 143.736 156.499 150.136 156.509 150.145 150.136 143.736 150.143 143.743 143.733 137.305 143.735 137.307 137.304 130.852 137.306 130.854 143.736 137.306 143.741 137.312 137.306 130.854 137.311 130.858 156.51 150.144 156.524 150.157 150.145 143.742 150.155 143.752 156.526 150.155 156.54 150.17 150.156 143.751 150.167 143.761 143.742 137.311 143.75 137.319 137.311 130.858 137.318 130.864 143.751 137.318 143.76 137.327 137.319 130.863 137.326 130.87 130.852 124.382 130.854 124.383 124.381 117.895 124.382 117.897 130.854 124.383 130.857 124.386 124.383 117.896 124.386 117.899 117.895 111.396 117.896 111.397 111.396 104.887 111.397 104.888 117.896 111.397 117.899 111.4 111.397 104.887 111.399 104.89 130.858 124.386 130.863 124.391 124.386 117.899 124.39 117.903 130.864 124.391 130.869 124.396 124.391 117.903 124.396 117.908 117.899 111.399 117.903 111.403 111.4 104.889 111.403 104.892 117.903 111.403 117.907 111.407 111.403 104.892 111.406 104.896 156.543 150.168 156.556 150.181 150.169 143.76 150.179 143.77 156.558 150.179 156.569 150.191 150.18 143.769 150.189 143.778 143.761 137.326 143.769 137.334 137.326 130.87 137.333 130.876 143.77 137.333 143.777 137.34 137.333 130.875 137.339 130.882 156.571 150.189 156.583 150.201 150.19 143.777 150.2 143.787 156.584 150.2 156.6 150.216 150.201 143.786 150.214 143.799 143.778 137.34 143.786 137.348 137.34 130.881 137.347 130.888 143.787 137.347 143.797 137.357 137.347 130.887 137.356 130.896 130.87 124.396 130.875 124.401 124.396 117.907 124.401 117.912 130.876 124.401 130.881 124.406 124.401 117.911 124.405 117.916 117.907 111.406 117.911 111.41 111.407 104.895 111.41 104.899 117.912 111.41 117.915 111.414 111.41 104.898 111.413 104.902 130.881 124.405 130.887 124.411 124.406 117.915 124.41 117.92 130.888 124.41 130.895 124.418 124.411 117.92 124.417 117.926 117.916 111.414 117.92 111.418 111.414 104.902 111.417 104.905 117.92 111.417 117.926 111.423 111.418 104.905 111.422 104.91 104.887 98.3681 104.887 98.3688 98.368 91.8417 98.3686 91.8422 104.887 98.3687 104.889 98.3705 98.3687 91.8421 98.3702 91.8437 91.8416 85.3085 91.8421 85.309 85.3084 78.7695 85.3089 78.7699 91.8421 85.3089 91.8435 85.3103 85.3089 78.7699 85.3102 78.7711 104.889 98.3703 104.892 98.3729 98.3704 91.8436 98.3727 91.8459 104.892 98.3727 104.895 98.3757 98.3728 91.8457 98.3754 91.8483 91.8436 85.3102 91.8457 85.3122 85.3103 78.771 85.3121 78.7728 91.8458 85.3121 91.8481 85.3145 85.3122 78.7728 85.3143 78.7749 78.7694 72.2252 78.7698 72.2256 72.2252 65.6762 72.2255 65.6766 78.7699 72.2256 78.771 72.2267 72.2256 65.6766 72.2266 65.6776 65.6762 59.123 65.6765 59.1233 59.1229 52.5657 59.1233 52.566 65.6766 59.1233 65.6776 59.1243 59.1233 52.566 59.1242 52.5669 78.771 72.2266 78.7727 72.2283 72.2267 65.6776 72.2282 65.6792 78.7728 72.2283 78.7748 72.2303 72.2283 65.6791 72.2302 65.6811 65.6776 59.1243 65.6791 59.1258 59.1243 52.5669 59.1257 52.5684 65.6791 59.1257 65.681 59.1276 59.1257 52.5684 59.1276 52.5702 104.895 98.3755 104.898 98.3785 98.3756 91.8482 98.3783 91.8509 104.899 98.3783 104.902 98.3813 98.3784 91.8508 98.3812 91.8535 91.8483 85.3144 91.8507 85.3168 85.3144 78.7749 85.3167 78.7772 91.8508 85.3168 91.8534 85.3194 85.3168 78.7771 85.3193 78.7796 104.902 98.3812 104.905 98.3846 98.3813 91.8534 98.3844 91.8565 104.905 98.3844 104.91 98.3886 98.3845 91.8564 98.3883 91.8602 91.8535 85.3193 91.8564 85.3222 85.3193 78.7795 85.3221 78.7823 91.8565 85.3221 91.86 85.3256 85.3221 78.7822 85.3254 78.7855 78.7749 72.2302 78.7771 72.2325 72.2303 65.681 72.2324 65.6832 78.7771 72.2324 78.7795 72.2348 72.2324 65.6832 72.2348 65.6856 65.681 59.1276 65.6832 59.1298 59.1276 52.5702 59.1298 52.5724 65.6832 59.1298 65.6856 59.1321 59.1298 52.5724 59.1322 52.5748 78.7796 72.2348 78.7822 72.2375 72.2348 65.6856 72.2375 65.6882 78.7823 72.2375 78.7854 72.2406 72.2375 65.6882 72.2406 65.6913 65.6856 59.1322 65.6882 59.1348 59.1321 52.5748 59.1348 52.5775 65.6882 59.1348 65.6913 59.1379 59.1348 52.5775 59.1379 52.5806 52.5657 46.0046 52.566 46.005 46.0046 39.44 46.0049 39.4403 52.566 46.0049 52.5669 46.0059 46.0049 39.4403 46.0058 39.4412 39.44 32.8721 39.4403 32.8723 32.872 26.301 32.8722 26.3012 39.4403 32.8723 39.4411 32.8731 32.8723 26.3011 32.8729 26.3018 52.5669 46.0058 52.5684 46.0073 46.0059 39.4411 46.0072 39.4425 52.5684 46.0072 52.5702 46.0091 46.0073 39.4425 46.0091 39.4442 39.4412 32.873 39.4424 32.8742 32.8731 26.3016 32.8741 26.3026 39.4425 32.8741 39.4442 32.8758 32.8742 26.3024 32.8756 26.3037 26.301 19.7275 26.3011 19.7276 19.7275 13.1525 19.7274 13.1524 26.3012 19.7275 26.3015 19.7278 19.7276 13.1523 19.7274 13.1521 13.1525 6.57705 13.1523 6.57685 6.57714 0.00116729 6.577 0.00103149 13.1524 6.5768 13.1518 6.57619 6.57683 0.00121467 6.57639 0.000774734 26.3018 19.7275 26.3023 19.728 19.7278 13.1518 19.7275 13.1515 26.3026 19.7276 26.3034 19.7284 19.728 13.151 19.7278 13.1508 13.152 6.57606 13.1509 6.575 6.57604 0.00114661 6.5752 0.000310203 13.1513 6.57471 13.1498 6.57319 6.57466 0.000883021 6.57329 -0.000486801 52.5702 46.0091 52.5724 46.0112 46.0091 39.4442 46.0112 39.4463 52.5724 46.0112 52.5748 46.0136 46.0112 39.4463 46.0136 39.4487 39.4443 32.8757 39.4463 32.8777 32.8758 26.3035 32.8775 26.3052 39.4464 32.8776 39.4487 32.8799 32.8777 26.305 32.8798 26.3071 52.5748 46.0137 52.5775 46.0164 46.0136 39.4487 46.0164 39.4514 52.5775 46.0164 52.5806 46.0195 46.0164 39.4514 46.0195 39.4545 39.4487 32.8799 39.4514 32.8825 32.88 26.3069 32.8825 26.3094 39.4515 32.8825 39.4546 32.8856 32.8826 26.3092 32.8856 26.3123 26.3038 19.728 26.3049 19.7291 19.7284 13.1501 19.7283 13.15 26.3053 19.7286 26.3068 19.7301 19.7291 13.1491 19.7294 13.1495 13.1505 6.57261 13.1486 6.57071 6.57257 0.000310488 6.5705 -0.00175472 13.1498 6.56962 13.1479 6.56771 6.56959 -0.000702193 6.56663 -0.00366951 26.3071 19.7297 26.3092 19.7318 19.7301 13.1487 19.7313 13.1498 26.3094 19.7314 26.3122 19.7342 19.7318 13.1491 19.734 13.1513 13.1495 6.56615 13.1485 6.56519 6.56572 -0.00238951 6.5612 -0.00690944 13.1497 6.56394 13.1504 6.56466 6.56568 -0.00876063 6.55462 -0.0198232 0 0 0 0 0 0 0 0 0 0 0 0 0 0 0 0 0 0 0 0 0 0 0 0 0 0 0 0 0 0 0 0 0 0 0 0 0 0 0 0 0 0 0 0 0 0 0 0 0 0 0 0 0 0 0 0 0 0 0 0 0 0 0 0 0 0 0 0 0 0 0 0 0 0 0 0 0 0 0 0 0 0 0 0 0 0 0 0 0 0 0 0 0 0 0 0 0 0 0 0 0 0 0 0 0 0 0 0 0 0 0 0 0 0 0 0 0 0 0 0 0 0 0 0 0 0 0 0 0 0 0 0 0 0 0 0 0 0 0 0 0 0 0 0 0 0 0 0 0 0 0 0 0 0 0 0 0 0 0 0 0 0 0 0 0 0 0 0 0 0 0 0 0 0 0 0 0 0 0 0 0 0 0 0 0 0 0 0 0 0 0 0 0 0 0 0 0 0 0 0 0 0 0 0 0 0 0 0 0 0 0 0 0 0 0 0 0 0 0 0 0 0 0 0 0 0 0 0 0 0 0 0 0 0 0 0 0 0 0 0 0 0 0 0 0 0 0 0 0 0 0 0 0 0 0 0 0 0 0 0 0 0 0 0 0 0 0 0 0 0 0 0 0 0 0 0 0 0 0 0 0 0 0 0 0 0 0 0 0 0 0 0 0 0 0 0 0 0 0 0 0 0 0 0 0 0 0 0 0 0 0 0 0 0 0 0 0 0 0 0 0 0 0 0 0 0 0 0 0 0 0 0 0 0 0 0 0 0 0 0 0 0 0 0 0 0 0 0 0 0 0 0 0 0 0 0 0 0 0 0 0 0 0 0 0 0 0 0 0 0 0 0 0 0 0 0 0 0 0 0 0 0 0 0 0 0 0 0 0 0 0 0 0 0 0 0 0 0 0 0 0 0 0 0 0 0 0 0 0 0 0 0 0 0 0 0 0 0 0 0 0 0 0 0 0 0 0 0 0 0 0 0 0 0 0 0 0 0 0 0 0 0 0 0 0 0 0 0 0 0 0 0 0 0 0 0 0 0 0 0 0 0 0 0 0 0 0 0 0 0 0 0 0 0 0 0 0 0 0 0 0 0 0 0 0 0 0 0 0 0 0 0 0 0 0 0 0 0 0 0 0 0 0 0 0 0 0 0 0 0 0 0 0 0 0 0 0 0 0 0 0 0 0 0 0 0 0 0 0 0 0 0 0 0 0 0 0 0 0 0 0 0 0 0 0 0 0 0 0 0 0 0 0 0 0 0 0 0 0 0 0 0 0 0 0 0 0 0 0 0 0 0 0 0 0 0 0 0 0 0 0 0 0 0 0 0 0 0 0 0 0 0 0 0 0 0 0 0 0 0 0 0 0 0 0 0 0 0 0 0 0 0 0 0 0 0 0 0 0 0 0 0 0 0 0 0 0 0 0 0 0 0 0 0 0 0 0 0 0 0 0 0 0 0 0 0 0 0 0 0 0 0 0 0 0 0 0 0 0 0 0 0 0 0 0 0 0 0 0 0 0 0 0 0 0 0 0 0 0 0 0 0 0 0 0 0 0 0 0 0 0 0 0 0 0 0 0 0 0 0 0 0 0 0 0 0 0 0 0 0 0 0 0 0 0 0 0 0 0 0 0 0 0 0 0 0 0 0 0 0 0 0 0 0 0 0 0 0 0 0 0 0 0 0 0 0 0 0 0 0 0 0 0 0 0 0 0 0 0 0 0 0 0 0 0 0 0 0 0 0 0 0 0 0 0 0 0 0 0 0 0 0 0 0 0 0 0 0 0 0 0 0 0 0 0 0 0 0 0 0 0 0 0 0 0 0 0 0 0 0 0 0 0 0 0 0 0 0 0 0 0 0 0 0 0 0 0 0 0 0 0 0 0 0 0 0 0 0 0 0 0 0 0 0 0 0 0 0 0 0 0 0 0 0 0 0 0 0 0 0 0 0 0 0 0 0 0 0 0 0 0 0 0 0 0 0 0 0 0 0 0 0 0 0 0 0 0 0 0 0 0 0 0 0 0 0 0 0 0 0 0 0 0 0 0 0 0 0 0 0 0 0 0 0 0 0 0 0 0 0 0 0 0 0 0 0 0 0 0 0 0 0 0 0 0 0 0 0 0 0 0 0 0 0 0 0 0 0 0 0 0 0 0 0 0 0 0 0 0 0 0 0 0 0 0 0 0 0 0 0 0 0 0 0 0 0 0 0 0 0 0 0 0 0 0 0 0 0 0 0 0 0 0 0 0 0 0 0 0 0 0 0 0 0 0 0 0 0 0 0 0 0 0 0 0 0 0 0 0 0 0 0 0 0 
SCALARS wx_dis double 1
LOOKUP_TABLE default
0.0027015 0.00262323 0.00271442 0.00263418 0.00262323 0.00241134 0.00263418 0.00241771 0.00271442 0.00263418 0.00275385 0.00266748 0.00263418 0.00241771 0.00266748 0.00243681 0.00241134 0.00211961 0.00241771 0.00212145 0.00211961 0.00180289 0.00212145 0.00180174 0.00241771 0.00212145 0.00243681 0.0021267 0.00212145 0.00180174 0.0021267 0.00179806 0.00275385 0.00266748 0.0028219 0.0027245 0.00266748 0.00243681 0.0027245 0.00246846 0.0028219 0.0027245 0.0029223 0.00280776 0.0027245 0.00246846 0.00280776 0.00251223 0.00243681 0.0021267 0.00246846 0.00213448 0.0021267 0.00179806 0.00213448 0.00179107 0.00246846 0.00213448 0.00251223 0.00214322 0.00213448 0.00179107 0.00214322 0.00177947 0.00180289 0.00149859 0.00180174 0.00149599 0.00149859 0.00122557 0.00149599 0.0012225 0.00180174 0.00149599 0.00179806 0.00148805 0.00149599 0.0012225 0.00148805 0.00121322 0.00122557 0.000990324 0.0012225 0.000987282 0.000990324 0.000792855 0.000987282 0.000790051 0.0012225 0.000987282 0.00121322 0.000978125 0.000987282 0.000790051 0.000978125 0.000781629 0.00179806 0.00148805 0.00179107 0.0014743 0.00148805 0.00121322 0.0014743 0.00119751 0.00179107 0.0014743 0.00177947 0.00145398 0.0014743 0.00119751 0.00145398 0.001175 0.00121322 0.000978125 0.00119751 0.00096276 0.000978125 0.000781629 0.00096276 0.00076756 0.00119751 0.00096276 0.001175 0.00094105 0.00096276 0.00076756 0.00094105 0.000747802 0.0029223 0.00280776 0.00306056 0.00292138 0.00280776 0.00251223 0.00292138 0.00256692 0.00306056 0.00292138 0.00324257 0.00307252 0.00292138 0.00256692 0.00307252 0.0026297 0.00251223 0.00214322 0.00256692 0.00215036 0.00214322 0.00177947 0.00215036 0.00176139 0.00256692 0.00215036 0.0026297 0.00215213 0.00215036 0.00176139 0.00215213 0.00173438 0.00324257 0.00307252 0.00345977 0.003274 0.00307252 0.0026297 0.003274 0.00269499 0.00345977 0.003274 0.00354364 0.00351464 0.003274 0.00269499 0.00351464 0.00275423 0.0026297 0.00215213 0.00269499 0.00214309 0.00215213 0.00173438 0.00214309 0.00169545 0.00269499 0.00214309 0.00275423 0.00211592 0.00214309 0.00169545 0.00211592 0.001641 0.00177947 0.00145398 0.00176139 0.00142611 0.00145398 0.001175 0.00142611 0.00114525 0.00176139 0.00142611 0.00173438 0.00138944 0.00142611 0.00114525 0.00138944 0.00110776 0.001175 0.00094105 0.00114525 0.000912823 0.00094105 0.000747802 0.000912823 0.000722307 0.00114525 0.000912823 0.00110776 0.000877904 0.000912823 0.000722307 0.000877904 0.000691035 0.00173438 0.00138944 0.00169545 0.00134265 0.00138944 0.00110776 0.00134265 0.00106202 0.00169545 0.00134265 0.001641 0.00128436 0.00134265 0.00106202 0.00128436 0.00100761 0.00110776 0.000877904 0.00106202 0.000836144 0.000877904 0.000691035 0.000836144 0.000653962 0.00106202 0.000836144 0.00100761 0.000787461 0.000836144 0.000653962 0.000787461 0.000611105 0.000792855 0.000630352 0.000790051 0.000627857 0.000630352 0.000499022 0.000627857 0.000496845 0.000790051 0.000627857 0.000781629 0.000620373 0.000627857 0.000496845 0.000620373 0.000490319 0.000499022 0.000394922 0.000496845 0.000393044 0.000394922 0.000314344 0.000393044 0.000312729 0.000496845 0.000393044 0.000490319 0.000387414 0.000393044 0.000312729 0.000387414 0.000307891 0.000781629 0.000620373 0.00076756 0.000607897 0.000620373 0.000490319 0.000607897 0.000479454 0.00076756 0.000607897 0.000747802 0.000590429 0.000607897 0.000479454 0.000590429 0.000464268 0.000490319 0.000387414 0.000479454 0.000378051 0.000387414 0.000307891 0.000378051 0.000299852 0.000479454 0.000378051 0.000464268 0.000364982 0.000378051 0.000299852 0.000364982 0.000288646 0.000314344 0.000254005 0.000312729 0.00025261 0.000254005 0.000211166 0.00025261 0.000209942 0.000312729 0.00025261 0.000307891 0.000248433 0.00025261 0.000209942 0.000248433 0.000206276 0.000211166 0.000183696 0.000209942 0.00018259 0.000183696 0.000170113 0.00018259 0.000169073 0.000209942 0.00018259 0.000206276 0.000179281 0.00018259 0.000169073 0.000179281 0.000165962 0.000307891 0.000248433 0.000299852 0.000241497 0.000248433 0.000206276 0.000241497 0.000200196 0.000299852 0.000241497 0.000288646 0.000231842 0.000241497 0.000200196 0.000231842 0.000191741 0.000206276 0.000179281 0.000200196 0.000173794 0.000179281 0.000165962 0.000173794 0.000160805 0.000200196 0.000173794 0.000191741 0.000166172 0.000173794 0.000160805 0.000166172 0.000153642 0.000747802 0.000590429 0.000722307 0.000567971 0.000590429 0.000464268 0.000567971 0.000444788 0.000722307 0.000567971 0.000691035 0.000540537 0.000567971 0.000444788 0.000540537 0.000421052 0.000464268 0.000364982 0.000444788 0.000348249 0.000364982 0.000288646 0.000348249 0.000274325 0.000444788 0.000348249 0.000421052 0.000327906 0.000348249 0.000274325 0.000327906 0.000256954 0.000691035 0.000540537 0.000653962 0.000508151 0.000540537 0.000421052 0.000508151 0.00039311 0.000653962 0.000508151 0.000611105 0.00047086 0.000508151 0.00039311 0.00047086 0.000361028 0.000421052 0.000327906 0.00039311 0.000304021 0.000327906 0.000256954 0.000304021 0.000236614 0.00039311 0.000304021 0.000361028 0.000276678 0.000304021 0.000236614 0.000276678 0.000213407 0.000288646 0.000231842 0.000274325 0.000219524 0.000231842 0.000191741 0.000219524 0.000180973 0.000274325 0.000219524 0.000256954 0.000204617 0.000219524 0.000180973 0.000204617 0.000167966 0.000191741 0.000166172 0.000180973 0.000156474 0.000166172 0.000153642 0.000156474 0.000144533 0.000180973 0.000156474 0.000167966 0.000144777 0.000156474 0.000144533 0.000144777 0.000133551 0.000256954 0.000204617 0.000236614 0.000187211 0.000204617 0.000167966 0.000187211 0.000152818 0.000236614 0.000187211 0.000213407 0.000167417 0.000187211 0.000152818 0.000167417 0.000135641 0.000167966 0.000144777 0.000152818 0.000131178 0.000144777 0.000133551 0.000131178 0.000120791 0.000152818 0.000131178 0.000135641 0.000115791 0.000131178 0.000120791 0.000115791 0.000106364 0.000170113 0.000169587 0.000169073 0.000168562 0.000169587 0.000181925 0.000168562 0.000180868 0.000169073 0.000168562 0.000165962 0.000165496 0.000168562 0.000180868 0.000165496 0.000177705 0.000181925 0.000207524 0.000180868 0.000206394 0.000207524 0.000247286 0.000206394 0.000246052 0.000180868 0.000206394 0.000177705 0.000203009 0.000206394 0.000246052 0.000203009 0.000242353 0.000165962 0.000165496 0.000160805 0.000160412 0.000165496 0.000177705 0.000160412 0.000172454 0.000160805 0.000160412 0.000153642 0.000153347 0.000160412 0.000172454 0.000153347 0.000165149 0.000177705 0.000203009 0.000172454 0.000197383 0.000203009 0.000242353 0.000197383 0.000236196 0.000172454 0.000197383 0.000165149 0.000189544 0.000197383 0.000236196 0.000189544 0.000227595 0.000247286 0.000302488 0.000246052 0.000301136 0.000302488 0.000374581 0.000301136 0.00037312 0.000246052 0.000301136 0.000242353 0.000297079 0.000301136 0.00037312 0.000297079 0.00036873 0.000374581 0.000464884 0.00037312 0.000463357 0.000464884 0.000574168 0.000463357 0.000572663 0.00037312 0.000463357 0.00036873 0.000458762 0.000463357 0.000572663 0.000458762 0.000568126 0.000242353 0.000297079 0.000236196 0.000290312 0.000297079 0.00036873 0.000290312 0.000361392 0.000236196 0.000290312 0.000227595 0.000280831 0.000290312 0.000361392 0.000280831 0.000351074 0.00036873 0.000458762 0.000361392 0.000451058 0.000458762 0.000568126 0.000451058 0.000560487 0.000361392 0.000451058 0.000351074 0.000440177 0.000451058 0.000560487 0.000440177 0.000549633 0.000153642 0.000153347 0.000144533 0.000144356 0.000153347 0.000165149 0.000144356 0.000155838 0.000144533 0.000144356 0.000133551 0.000133511 0.000144356 0.000155838 0.000133511 0.000144584 0.000165149 0.000189544 0.000155838 0.000179526 0.000189544 0.000227595 0.000179526 0.000216569 0.000155838 0.000179526 0.000144584 0.00016738 0.000179526 0.000216569 0.00016738 0.000203146 0.000133551 0.000133511 0.000120791 0.000120898 0.000133511 0.000144584 0.000120898 0.000131464 0.000120791 0.000120898 0.000106364 0.000106623 0.000120898 0.000131464 0.000106623 0.000116574 0.000144584 0.00016738 0.000131464 0.000153167 0.00016738 0.000203146 0.000153167 0.000187364 0.000131464 0.000153167 0.000116574 0.000136966 0.000153167 0.000187364 0.000136966 0.000169273 0.000227595 0.000280831 0.000216569 0.00026863 0.000280831 0.000351074 0.00026863 0.000337733 0.000216569 0.00026863 0.000203146 0.000253703 0.00026863 0.000337733 0.000253703 0.000321318 0.000351074 0.000440177 0.000337733 0.000426026 0.000440177 0.000549633 0.000426026 0.000535405 0.000337733 0.000426026 0.000321318 0.000408489 0.000426026 0.000535405 0.000408489 0.000517606 0.000203146 0.000253703 0.000187364 0.000236052 0.000253703 0.000321318 0.000236052 0.000301772 0.000187364 0.000236052 0.000169273 0.000215683 0.000236052 0.000301772 0.000215683 0.000279039 0.000321318 0.000408489 0.000301772 0.000387432 0.000408489 0.000517606 0.000387432 0.000495995 0.000301772 0.000387432 0.000279039 0.000362706 0.000387432 0.000495995 0.000362706 0.000470305 0.000574168 0.000702087 0.000572663 0.000700749 0.000702087 0.00084647 0.000700749 0.000845511 0.000572663 0.000700749 0.000568126 0.000696703 0.000700749 0.000845511 0.000696703 0.000842588 0.00084647 0.00100251 0.000845511 0.00100221 0.00100251 0.00116196 0.00100221 0.00116263 0.000845511 0.00100221 0.000842588 0.00100124 0.00100221 0.00116263 0.00100124 0.0011646 0.000568126 0.000696703 0.000560487 0.000689847 0.000696703 0.000842588 0.000689847 0.000837568 0.000560487 0.000689847 0.000549633 0.000680013 0.000689847 0.000837568 0.000680013 0.000830225 0.000842588 0.00100124 0.000837568 0.000999455 0.00100124 0.0011646 0.000999455 0.00116771 0.000837568 0.000999455 0.000830225 0.00099658 0.000999455 0.00116771 0.00099658 0.0011717 0.00116196 0.00131262 0.00116263 0.00131457 0.00131262 0.00143874 0.00131457 0.00144208 0.00116263 0.00131457 0.0011646 0.0013204 0.00131457 0.00144208 0.0013204 0.00145216 0.00143874 0.00152339 0.00144208 0.00152784 0.00152339 0.00155327 0.00152784 0.00155813 0.00144208 0.00152784 0.00145216 0.00154131 0.00152784 0.00155813 0.00154131 0.00157285 0.0011646 0.0013204 0.00116771 0.00133003 0.0013204 0.00145216 0.00133003 0.00146912 0.00116771 0.00133003 0.0011717 0.00134331 0.00133003 0.00146912 0.00134331 0.00149315 0.00145216 0.00154131 0.00146912 0.00156416 0.00154131 0.00157285 0.00156416 0.00159783 0.00146912 0.00156416 0.00149315 0.00159707 0.00156416 0.00159783 0.00159707 0.00163372 0.000549633 0.000680013 0.000535405 0.000666965 0.000680013 0.000830225 0.000666965 0.000820242 0.000535405 0.000666965 0.000517606 0.000650405 0.000666965 0.000820242 0.000650405 0.000807209 0.000830225 0.00099658 0.000820242 0.000992227 0.00099658 0.0011717 0.000992227 0.00117614 0.000820242 0.000992227 0.000807209 0.000985884 0.000992227 0.00117614 0.000985884 0.0011805 0.000517606 0.000650405 0.000495995 0.000629966 0.000650405 0.000807209 0.000629966 0.000790618 0.000495995 0.000629966 0.000470305 0.000605227 0.000629966 0.000790618 0.000605227 0.00076987 0.000807209 0.000985884 0.000790618 0.000976907 0.000985884 0.0011805 0.000976907 0.00118402 0.000790618 0.000976907 0.00076987 0.00096451 0.000976907 0.00118402 0.00096451 0.00118575 0.0011717 0.00134331 0.00117614 0.00135997 0.00134331 0.00149315 0.00135997 0.00152451 0.00117614 0.00135997 0.0011805 0.00137957 0.00135997 0.00152451 0.00137957 0.00156335 0.00149315 0.00159707 0.00152451 0.00164114 0.00159707 0.00163372 0.00164114 0.00168132 0.00152451 0.00164114 0.00156335 0.00169842 0.00164114 0.00168132 0.00169842 0.00174082 0.0011805 0.00137957 0.00118402 0.00140139 0.00137957 0.00156335 0.00140139 0.00160961 0.00118402 0.00140139 0.00118575 0.00142444 0.00140139 0.00160961 0.00142444 0.00166291 0.00156335 0.00169842 0.00160961 0.00177286 0.00169842 0.00174082 0.00177286 0.00180674 0.00160961 0.00177286 0.00166291 0.00186236 0.00177286 0.00180674 0.00186236 0.00182343 0.00354364 0.00351464 -0.0147097 0.00326691 0.00351464 0.00275423 0.00326691 0.00215955 -0.0147097 0.00326691 -0.00794713 -0.0021654 0.00326691 0.00215955 -0.0021654 0.000500804 0.00275423 0.00211592 0.00215955 0.00167851 0.00211592 0.001641 0.00167851 0.0013991 0.00215955 0.00167851 0.000500804 0.00108858 0.00167851 0.0013991 0.00108858 0.00113466 -0.00794713 -0.0021654 -0.00456256 -0.00308121 -0.0021654 0.000500804 -0.00308121 -0.000264563 -0.00456256 -0.00308121 -0.00324703 -0.00275287 -0.00308121 -0.000264563 -0.00275287 -0.000665264 0.000500804 0.00108858 -0.000264563 0.000652786 0.00108858 0.00113466 0.000652786 0.000900572 -0.000264563 0.000652786 -0.000665264 0.000325257 0.000652786 0.000900572 0.000325257 0.00070317 0.001641 0.00128436 0.0013991 0.00116232 0.00128436 0.00100761 0.00116232 0.000952462 0.0013991 0.00116232 0.00113466 0.00103384 0.00116232 0.000952462 0.00103384 0.000892744 0.00100761 0.000787461 0.000952462 0.000769355 0.000787461 0.000611105 0.000769355 0.000613148 0.000952462 0.000769355 0.000892744 0.000746908 0.000769355 0.000613148 0.000746908 0.000610984 0.00113466 0.00103384 0.000900572 0.000912168 0.00103384 0.000892744 0.000912168 0.000833665 0.000900572 0.000912168 0.00070317 0.000804242 0.000912168 0.000833665 0.000804242 0.000779429 0.000892744 0.000746908 0.000833665 0.000722783 0.000746908 0.000610984 0.000722783 0.000606125 0.000833665 0.000722783 0.000779429 0.000699407 0.000722783 0.000606125 0.000699407 0.000599983 -0.00324703 -0.00275287 -0.00269469 -0.00234475 -0.00275287 -0.000665264 -0.00234475 -0.000863708 -0.00269469 -0.00234475 -0.00242948 -0.00206911 -0.00234475 -0.000863708 -0.00206911 -0.000951798 -0.000665264 0.000325257 -0.000863708 9.34131e-05 0.000325257 0.00070317 9.34131e-05 0.000547887 -0.000863708 9.34131e-05 -0.000951798 -5.75166e-05 9.34131e-05 0.000547887 -5.75166e-05 0.000437101 -0.00242948 -0.00206911 -0.00230061 -0.00192133 -0.00206911 -0.000951798 -0.00192133 -0.000986074 -0.00230061 -0.00192133 -0.00226128 -0.00187543 -0.00192133 -0.000986074 -0.00187543 -0.00099475 -0.000951798 -5.75166e-05 -0.000986074 -0.000141576 -5.75166e-05 0.000437101 -0.000141576 0.00037103 -0.000986074 -0.000141576 -0.00099475 -0.000168457 -0.000141576 0.00037103 -0.000168457 0.00034911 0.00070317 0.000804242 0.000547887 0.000715447 0.000804242 0.000779429 0.000715447 0.000733557 0.000547887 0.000715447 0.000437101 0.000649665 0.000715447 0.000733557 0.000649665 0.000698828 0.000779429 0.000699407 0.000733557 0.000678893 0.000699407 0.000599983 0.000678893 0.000593806 0.000733557 0.000678893 0.000698828 0.000662967 0.000678893 0.000593806 0.000662967 0.000588624 0.000437101 0.000649665 0.00037103 0.000609338 0.000649665 0.000698828 0.000609338 0.000677215 0.00037103 0.000609338 0.00034911 0.000595763 0.000609338 0.000677215 0.000595763 0.000669882 0.000698828 0.000662967 0.000677215 0.000652895 0.000662967 0.000588624 0.000652895 0.0005852 0.000677215 0.000652895 0.000669882 0.000649452 0.000652895 0.0005852 0.000649452 0.000584006 0.000611105 0.00047086 0.000613148 0.000483176 0.00047086 0.000361028 0.000483176 0.000377809 0.000613148 0.000483176 0.000610984 0.00049155 0.000483176 0.000377809 0.00049155 0.000391039 0.000361028 0.000276678 0.000377809 0.000294627 0.000276678 0.000213407 0.000294627 0.000230816 0.000377809 0.000294627 0.000391039 0.000309478 0.000294627 0.000230816 0.000309478 0.000245579 0.000610984 0.00049155 0.000606125 0.000496861 0.00049155 0.000391039 0.000496861 0.000401217 0.000606125 0.000496861 0.000599983 0.000499934 0.000496861 0.000401217 0.000499934 0.000408816 0.000391039 0.000309478 0.000401217 0.000321497 0.000309478 0.000245579 0.000321497 0.000257812 0.000401217 0.000321497 0.000408816 0.000330933 0.000321497 0.000257812 0.000330933 0.000267629 0.000213407 0.000167417 0.000230816 0.000183583 0.000167417 0.000135641 0.000183583 0.000150467 0.000230816 0.000183583 0.000245579 0.000197499 0.000183583 0.000150467 0.000197499 0.000163355 0.000135641 0.000115791 0.000150467 0.000129527 0.000115791 0.000106364 0.000129527 0.000119434 0.000150467 0.000129527 0.000163355 0.000141538 0.000129527 0.000119434 0.000141538 0.000130889 0.000245579 0.000197499 0.000257812 0.00020919 0.000197499 0.000163355 0.00020919 0.000174277 0.000257812 0.00020919 0.000267629 0.000218689 0.00020919 0.000174277 0.000218689 0.00018322 0.000163355 0.000141538 0.000174277 0.000151772 0.000141538 0.000130889 0.000151772 0.000140668 0.000174277 0.000151772 0.00018322 0.000160187 0.000151772 0.000140668 0.000160187 0.000148723 0.000599983 0.000499934 0.000593806 0.000501502 0.000499934 0.000408816 0.000501502 0.000414253 0.000593806 0.000501502 0.000588624 0.000502167 0.000501502 0.000414253 0.000502167 0.000417875 0.000408816 0.000330933 0.000414253 0.000338014 0.000330933 0.000267629 0.000338014 0.000275138 0.000414253 0.000338014 0.000417875 0.000342929 0.000338014 0.000275138 0.000342929 0.000280431 0.000588624 0.000502167 0.0005852 0.00050238 0.000502167 0.000417875 0.00050238 0.000419941 0.0005852 0.00050238 0.000584006 0.00050242 0.00050238 0.000419941 0.00050242 0.000420612 0.000417875 0.000342929 0.000419941 0.000345819 0.000342929 0.000280431 0.000345819 0.000283578 0.000419941 0.000345819 0.000420612 0.000346772 0.000345819 0.000283578 0.000346772 0.000284621 0.000267629 0.000218689 0.000275138 0.000226031 0.000218689 0.00018322 0.000226031 0.000190175 0.000275138 0.000226031 0.000280431 0.000231248 0.000226031 0.000190175 0.000231248 0.000195143 0.00018322 0.000160187 0.000190175 0.000166757 0.000160187 0.000148723 0.000166757 0.00015502 0.000190175 0.000166757 0.000195143 0.000171462 0.000166757 0.00015502 0.000171462 0.000159534 0.000280431 0.000231248 0.000283578 0.000234367 0.000231248 0.000195143 0.000234367 0.000198122 0.000283578 0.000234367 0.000284621 0.000235405 0.000234367 0.000198122 0.000235405 0.000199115 0.000195143 0.000171462 0.000198122 0.000174289 0.000171462 0.000159534 0.000174289 0.000162249 0.000198122 0.000174289 0.000199115 0.000175232 0.000174289 0.000162249 0.000175232 0.000163155 0.000106364 0.000106623 0.000119434 0.000119501 0.000106623 0.000116574 0.000119501 0.000129684 0.000119434 0.000119501 0.000130889 0.000130771 0.000119501 0.000129684 0.000130771 0.000141092 0.000116574 0.000136966 0.000129684 0.000150566 0.000136966 0.000169273 0.000150566 0.000183303 0.000129684 0.000150566 0.000141092 0.000162278 0.000150566 0.000183303 0.000162278 0.000195181 0.000130889 0.000130771 0.000140668 0.000140378 0.000130771 0.000141092 0.000140378 0.000150769 0.000140668 0.000140378 0.000148723 0.000148283 0.000140378 0.000150769 0.000148283 0.000158697 0.000141092 0.000162278 0.000150769 0.00017212 0.000162278 0.000195181 0.00017212 0.000205005 0.000150769 0.00017212 0.000158697 0.000180117 0.00017212 0.000205005 0.000180117 0.000212877 0.000169273 0.000215683 0.000183303 0.000229533 0.000215683 0.000279039 0.000229533 0.000291191 0.000183303 0.000229533 0.000195181 0.000240916 0.000229533 0.000291191 0.000240916 0.000300563 0.000279039 0.000362706 0.000291191 0.000370185 0.000362706 0.000470305 0.000370185 0.000467827 0.000291191 0.000370185 0.000300563 0.000374659 0.000370185 0.000467827 0.000374659 0.000462358 0.000195181 0.000240916 0.000205005 0.000250065 0.000240916 0.000300563 0.000250065 0.000307602 0.000205005 0.000250065 0.000212877 0.000257203 0.000250065 0.000307602 0.000257203 0.000312726 0.000300563 0.000374659 0.000307602 0.000376917 0.000374659 0.000462358 0.000376917 0.000455217 0.000307602 0.000376917 0.000312726 0.000377679 0.000376917 0.000455217 0.000377679 0.000447601 0.000148723 0.000148283 0.00015502 0.000154458 0.000148283 0.000158697 0.000154458 0.000164867 0.00015502 0.000154458 0.000159534 0.00015888 0.000154458 0.000164867 0.00015888 0.000169275 0.000158697 0.000180117 0.000164867 0.000186299 0.000180117 0.000212877 0.000186299 0.00021889 0.000164867 0.000186299 0.000169275 0.000190693 0.000186299 0.00021889 0.000190693 0.000223123 0.000159534 0.00015888 0.000162249 0.000161539 0.00015888 0.000169275 0.000161539 0.000171919 0.000162249 0.000161539 0.000163155 0.000162426 0.000161539 0.000171919 0.000162426 0.000172801 0.000169275 0.000190693 0.000171919 0.000193319 0.000190693 0.000223123 0.000193319 0.000225637 0.000171919 0.000193319 0.000172801 0.000194193 0.000193319 0.000225637 0.000194193 0.000226471 0.000212877 0.000257203 0.00021889 0.000262529 0.000257203 0.000312726 0.000262529 0.000316302 0.00021889 0.000262529 0.000223123 0.000266208 0.000262529 0.000316302 0.000266208 0.00031863 0.000312726 0.000377679 0.000316302 0.000377577 0.000377679 0.000447601 0.000377577 0.000440545 0.000316302 0.000377577 0.00031863 0.000377121 0.000377577 0.000440545 0.000377121 0.000434886 0.000223123 0.000266208 0.000225637 0.000268364 0.000266208 0.00031863 0.000268364 0.000319935 0.000225637 0.000268364 0.000226471 0.000269074 0.000268364 0.000319935 0.000269074 0.000320355 0.00031863 0.000377121 0.000319935 0.000376692 0.000377121 0.000434886 0.000376692 0.000431239 0.000319935 0.000376692 0.000320355 0.000376523 0.000376692 0.000431239 0.000376523 0.000429981 0.000470305 0.000605227 0.000467827 0.000583893 0.000605227 0.00076987 0.000583893 0.000715079 0.000467827 0.000583893 0.000462358 0.000560048 0.000583893 0.000715079 0.000560048 0.00065905 0.00076987 0.00096451 0.000715079 0.000852507 0.00096451 0.00118575 0.000852507 0.000977902 0.000715079 0.000852507 0.00065905 0.000741433 0.000852507 0.000977902 0.000741433 0.000770637 0.000462358 0.000560048 0.000455217 0.000535865 0.000560048 0.00065905 0.000535865 0.000605475 0.000455217 0.000535865 0.000447601 0.000513279 0.000535865 0.000605475 0.000513279 0.000557423 0.00065905 0.000741433 0.000605475 0.000638715 0.000741433 0.000770637 0.000638715 0.000587099 0.000605475 0.000638715 0.000557423 0.00054902 0.000638715 0.000587099 0.00054902 0.000432467 0.00118575 0.00142444 0.000977902 0.00106133 0.00142444 0.00166291 0.00106133 0.00108143 0.000977902 0.00106133 0.000770637 0.000663015 0.00106133 0.00108143 0.000663015 0.000173658 0.00166291 0.00186236 0.00108143 0.000870916 0.00186236 0.00182343 0.000870916 -0.00968424 0.00108143 0.000870916 0.000173658 -0.00159297 0.000870916 -0.00968424 -0.00159297 -0.00665054 0.000770637 0.000663015 0.000587099 0.000347876 0.000663015 0.000173658 0.000347876 -0.000340724 0.000587099 0.000347876 0.000432467 0.000102788 0.000347876 -0.000340724 0.000102788 -0.000652608 0.000173658 -0.00159297 -0.000340724 -0.00220097 -0.00159297 -0.00665054 -0.00220097 -0.00454755 -0.000340724 -0.00220097 -0.000652608 -0.00217871 -0.00220097 -0.00454755 -0.00217871 -0.00347144 0.000447601 0.000513279 0.000440545 0.000493937 0.000513279 0.000557423 0.000493937 0.00051743 0.000440545 0.000493937 0.000434886 0.000479159 0.000493937 0.00051743 0.000479159 0.000487474 0.000557423 0.00054902 0.00051743 0.000475973 0.00054902 0.000432467 0.000475973 0.000310583 0.00051743 0.000475973 0.000487474 0.000422176 0.000475973 0.000310583 0.000422176 0.000223273 0.000434886 0.000479159 0.000431239 0.000469905 0.000479159 0.000487474 0.000469905 0.00046895 0.000431239 0.000469905 0.000429981 0.000466755 0.000469905 0.00046895 0.000466755 0.000462684 0.000487474 0.000422176 0.00046895 0.000389299 0.000422176 0.000223273 0.000389299 0.000170986 0.00046895 0.000389299 0.000462684 0.000378245 0.000389299 0.000170986 0.000378245 0.000153595 0.000432467 0.000102788 0.000310583 -7.63449e-05 0.000102788 -0.000652608 -7.63449e-05 -0.000833117 0.000310583 -7.63449e-05 0.000223273 -0.000196483 -7.63449e-05 -0.000833117 -0.000196483 -0.000930133 -0.000652608 -0.00217871 -0.000833117 -0.00203974 -0.00217871 -0.00347144 -0.00203974 -0.00289925 -0.000833117 -0.00203974 -0.000930133 -0.00192025 -0.00203974 -0.00289925 -0.00192025 -0.00258082 0.000223273 -0.000196483 0.000170986 -0.000264991 -0.000196483 -0.000930133 -0.000264991 -0.000976435 0.000170986 -0.000264991 0.000153595 -0.000287189 -0.000264991 -0.000976435 -0.000287189 -0.000990005 -0.000930133 -0.00192025 -0.000976435 -0.00184721 -0.00192025 -0.00258082 -0.00184721 -0.00241537 -0.000976435 -0.00184721 -0.000990005 -0.00182303 -0.00184721 -0.00241537 -0.00182303 -0.0023637 -0.00226128 -0.00187543 -0.00230061 -0.00192133 -0.00187543 -0.00099475 -0.00192133 -0.000986074 -0.00230061 -0.00192133 -0.00242948 -0.00206911 -0.00192133 -0.000986074 -0.00206911 -0.000951798 -0.00099475 -0.000168457 -0.000986074 -0.000141576 -0.000168457 0.00034911 -0.000141576 0.00037103 -0.000986074 -0.000141576 -0.000951798 -5.75166e-05 -0.000141576 0.00037103 -5.75166e-05 0.000437101 -0.00242948 -0.00206911 -0.00269469 -0.00234475 -0.00206911 -0.000951798 -0.00234475 -0.000863708 -0.00269469 -0.00234475 -0.00324703 -0.00275287 -0.00234475 -0.000863708 -0.00275287 -0.000665264 -0.000951798 -5.75166e-05 -0.000863708 9.34131e-05 -5.75166e-05 0.000437101 9.34131e-05 0.000547887 -0.000863708 9.34131e-05 -0.000665264 0.000325257 9.34131e-05 0.000547887 0.000325257 0.00070317 0.00034911 0.000595763 0.00037103 0.000609338 0.000595763 0.000669882 0.000609338 0.000677215 0.00037103 0.000609338 0.000437101 0.000649665 0.000609338 0.000677215 0.000649665 0.000698828 0.000669882 0.000649452 0.000677215 0.000652895 0.000649452 0.000584006 0.000652895 0.0005852 0.000677215 0.000652895 0.000698828 0.000662967 0.000652895 0.0005852 0.000662967 0.000588624 0.000437101 0.000649665 0.000547887 0.000715447 0.000649665 0.000698828 0.000715447 0.000733557 0.000547887 0.000715447 0.00070317 0.000804242 0.000715447 0.000733557 0.000804242 0.000779429 0.000698828 0.000662967 0.000733557 0.000678893 0.000662967 0.000588624 0.000678893 0.000593806 0.000733557 0.000678893 0.000779429 0.000699407 0.000678893 0.000593806 0.000699407 0.000599983 -0.00324703 -0.00275287 -0.00456256 -0.00308121 -0.00275287 -0.000665264 -0.00308121 -0.000264563 -0.00456256 -0.00308121 -0.00794713 -0.0021654 -0.00308121 -0.000264563 -0.0021654 0.000500804 -0.000665264 0.000325257 -0.000264563 0.000652786 0.000325257 0.00070317 0.000652786 0.000900572 -0.000264563 0.000652786 0.000500804 0.00108858 0.000652786 0.000900572 0.00108858 0.00113466 -0.00794713 -0.0021654 -0.0147097 0.00326691 -0.0021654 0.000500804 0.00326691 0.00215955 -0.0147097 0.00326691 0.00354364 0.00351464 0.00326691 0.00215955 0.00351464 0.00275423 0.000500804 0.00108858 0.00215955 0.00167851 0.00108858 0.00113466 0.00167851 0.0013991 0.00215955 0.00167851 0.00275423 0.00211592 0.00167851 0.0013991 0.00211592 0.001641 0.00070317 0.000804242 0.000900572 0.000912168 0.000804242 0.000779429 0.000912168 0.000833665 0.000900572 0.000912168 0.00113466 0.00103384 0.000912168 0.000833665 0.00103384 0.000892744 0.000779429 0.000699407 0.000833665 0.000722783 0.000699407 0.000599983 0.000722783 0.000606125 0.000833665 0.000722783 0.000892744 0.000746908 0.000722783 0.000606125 0.000746908 0.000610984 0.00113466 0.00103384 0.0013991 0.00116232 0.00103384 0.000892744 0.00116232 0.000952462 0.0013991 0.00116232 0.001641 0.00128436 0.00116232 0.000952462 0.00128436 0.00100761 0.000892744 0.000746908 0.000952462 0.000769355 0.000746908 0.000610984 0.000769355 0.000613148 0.000952462 0.000769355 0.00100761 0.000787461 0.000769355 0.000613148 0.000787461 0.000611105 0.000584006 0.00050242 0.0005852 0.00050238 0.00050242 0.000420612 0.00050238 0.000419941 0.0005852 0.00050238 0.000588624 0.000502167 0.00050238 0.000419941 0.000502167 0.000417875 0.000420612 0.000346772 0.000419941 0.000345819 0.000346772 0.000284621 0.000345819 0.000283578 0.000419941 0.000345819 0.000417875 0.000342929 0.000345819 0.000283578 0.000342929 0.000280431 0.000588624 0.000502167 0.000593806 0.000501502 0.000502167 0.000417875 0.000501502 0.000414253 0.000593806 0.000501502 0.000599983 0.000499934 0.000501502 0.000414253 0.000499934 0.000408816 0.000417875 0.000342929 0.000414253 0.000338014 0.000342929 0.000280431 0.000338014 0.000275138 0.000414253 0.000338014 0.000408816 0.000330933 0.000338014 0.000275138 0.000330933 0.000267629 0.000284621 0.000235405 0.000283578 0.000234367 0.000235405 0.000199115 0.000234367 0.000198122 0.000283578 0.000234367 0.000280431 0.000231248 0.000234367 0.000198122 0.000231248 0.000195143 0.000199115 0.000175232 0.000198122 0.000174289 0.000175232 0.000163155 0.000174289 0.000162249 0.000198122 0.000174289 0.000195143 0.000171462 0.000174289 0.000162249 0.000171462 0.000159534 0.000280431 0.000231248 0.000275138 0.000226031 0.000231248 0.000195143 0.000226031 0.000190175 0.000275138 0.000226031 0.000267629 0.000218689 0.000226031 0.000190175 0.000218689 0.00018322 0.000195143 0.000171462 0.000190175 0.000166757 0.000171462 0.000159534 0.000166757 0.00015502 0.000190175 0.000166757 0.00018322 0.000160187 0.000166757 0.00015502 0.000160187 0.000148723 0.000599983 0.000499934 0.000606125 0.000496861 0.000499934 0.000408816 0.000496861 0.000401217 0.000606125 0.000496861 0.000610984 0.00049155 0.000496861 0.000401217 0.00049155 0.000391039 0.000408816 0.000330933 0.000401217 0.000321497 0.000330933 0.000267629 0.000321497 0.000257812 0.000401217 0.000321497 0.000391039 0.000309478 0.000321497 0.000257812 0.000309478 0.000245579 0.000610984 0.00049155 0.000613148 0.000483176 0.00049155 0.000391039 0.000483176 0.000377809 0.000613148 0.000483176 0.000611105 0.00047086 0.000483176 0.000377809 0.00047086 0.000361028 0.000391039 0.000309478 0.000377809 0.000294627 0.000309478 0.000245579 0.000294627 0.000230816 0.000377809 0.000294627 0.000361028 0.000276678 0.000294627 0.000230816 0.000276678 0.000213407 0.000267629 0.000218689 0.000257812 0.00020919 0.000218689 0.00018322 0.00020919 0.000174277 0.000257812 0.00020919 0.000245579 0.000197499 0.00020919 0.000174277 0.000197499 0.000163355 0.00018322 0.000160187 0.000174277 0.000151772 0.000160187 0.000148723 0.000151772 0.000140668 0.000174277 0.000151772 0.000163355 0.000141538 0.000151772 0.000140668 0.000141538 0.000130889 0.000245579 0.000197499 0.000230816 0.000183583 0.000197499 0.000163355 0.000183583 0.000150467 0.000230816 0.000183583 0.000213407 0.000167417 0.000183583 0.000150467 0.000167417 0.000135641 0.000163355 0.000141538 0.000150467 0.000129527 0.000141538 0.000130889 0.000129527 0.000119434 0.000150467 0.000129527 0.000135641 0.000115791 0.000129527 0.000119434 0.000115791 0.000106364 0.000163155 0.000162426 0.000162249 0.000161539 0.000162426 0.000172801 0.000161539 0.000171919 0.000162249 0.000161539 0.000159534 0.00015888 0.000161539 0.000171919 0.00015888 0.000169275 0.000172801 0.000194193 0.000171919 0.000193319 0.000194193 0.000226471 0.000193319 0.000225637 0.000171919 0.000193319 0.000169275 0.000190693 0.000193319 0.000225637 0.000190693 0.000223123 0.000159534 0.00015888 0.00015502 0.000154458 0.00015888 0.000169275 0.000154458 0.000164867 0.00015502 0.000154458 0.000148723 0.000148283 0.000154458 0.000164867 0.000148283 0.000158697 0.000169275 0.000190693 0.000164867 0.000186299 0.000190693 0.000223123 0.000186299 0.00021889 0.000164867 0.000186299 0.000158697 0.000180117 0.000186299 0.00021889 0.000180117 0.000212877 0.000226471 0.000269074 0.000225637 0.000268364 0.000269074 0.000320355 0.000268364 0.000319935 0.000225637 0.000268364 0.000223123 0.000266208 0.000268364 0.000319935 0.000266208 0.00031863 0.000320355 0.000376523 0.000319935 0.000376692 0.000376523 0.000429981 0.000376692 0.000431239 0.000319935 0.000376692 0.00031863 0.000377121 0.000376692 0.000431239 0.000377121 0.000434886 0.000223123 0.000266208 0.00021889 0.000262529 0.000266208 0.00031863 0.000262529 0.000316302 0.00021889 0.000262529 0.000212877 0.000257203 0.000262529 0.000316302 0.000257203 0.000312726 0.00031863 0.000377121 0.000316302 0.000377577 0.000377121 0.000434886 0.000377577 0.000440545 0.000316302 0.000377577 0.000312726 0.000377679 0.000377577 0.000440545 0.000377679 0.000447601 0.000148723 0.000148283 0.000140668 0.000140378 0.000148283 0.000158697 0.000140378 0.000150769 0.000140668 0.000140378 0.000130889 0.000130771 0.000140378 0.000150769 0.000130771 0.000141092 0.000158697 0.000180117 0.000150769 0.00017212 0.000180117 0.000212877 0.00017212 0.000205005 0.000150769 0.00017212 0.000141092 0.000162278 0.00017212 0.000205005 0.000162278 0.000195181 0.000130889 0.000130771 0.000119434 0.000119501 0.000130771 0.000141092 0.000119501 0.000129684 0.000119434 0.000119501 0.000106364 0.000106623 0.000119501 0.000129684 0.000106623 0.000116574 0.000141092 0.000162278 0.000129684 0.000150566 0.000162278 0.000195181 0.000150566 0.000183303 0.000129684 0.000150566 0.000116574 0.000136966 0.000150566 0.000183303 0.000136966 0.000169273 0.000212877 0.000257203 0.000205005 0.000250065 0.000257203 0.000312726 0.000250065 0.000307602 0.000205005 0.000250065 0.000195181 0.000240916 0.000250065 0.000307602 0.000240916 0.000300563 0.000312726 0.000377679 0.000307602 0.000376917 0.000377679 0.000447601 0.000376917 0.000455217 0.000307602 0.000376917 0.000300563 0.000374659 0.000376917 0.000455217 0.000374659 0.000462358 0.000195181 0.000240916 0.000183303 0.000229533 0.000240916 0.000300563 0.000229533 0.000291191 0.000183303 0.000229533 0.000169273 0.000215683 0.000229533 0.000291191 0.000215683 0.000279039 0.000300563 0.000374659 0.000291191 0.000370185 0.000374659 0.000462358 0.000370185 0.000467827 0.000291191 0.000370185 0.000279039 0.000362706 0.000370185 0.000467827 0.000362706 0.000470305 0.000429981 0.000466755 0.000431239 0.000469905 0.000466755 0.000462684 0.000469905 0.00046895 0.000431239 0.000469905 0.000434886 0.000479159 0.000469905 0.00046895 0.000479159 0.000487474 0.000462684 0.000378245 0.00046895 0.000389299 0.000378245 0.000153595 0.000389299 0.000170986 0.00046895 0.000389299 0.000487474 0.000422176 0.000389299 0.000170986 0.000422176 0.000223273 0.000434886 0.000479159 0.000440545 0.000493937 0.000479159 0.000487474 0.000493937 0.00051743 0.000440545 0.000493937 0.000447601 0.000513279 0.000493937 0.00051743 0.000513279 0.000557423 0.000487474 0.000422176 0.00051743 0.000475973 0.000422176 0.000223273 0.000475973 0.000310583 0.00051743 0.000475973 0.000557423 0.00054902 0.000475973 0.000310583 0.00054902 0.000432467 0.000153595 -0.000287189 0.000170986 -0.000264991 -0.000287189 -0.000990005 -0.000264991 -0.000976435 0.000170986 -0.000264991 0.000223273 -0.000196483 -0.000264991 -0.000976435 -0.000196483 -0.000930133 -0.000990005 -0.00182303 -0.000976435 -0.00184721 -0.00182303 -0.0023637 -0.00184721 -0.00241537 -0.000976435 -0.00184721 -0.000930133 -0.00192025 -0.00184721 -0.00241537 -0.00192025 -0.00258082 0.000223273 -0.000196483 0.000310583 -7.63449e-05 -0.000196483 -0.000930133 -7.63449e-05 -0.000833117 0.000310583 -7.63449e-05 0.000432467 0.000102788 -7.63449e-05 -0.000833117 0.000102788 -0.000652608 -0.000930133 -0.00192025 -0.000833117 -0.00203974 -0.00192025 -0.00258082 -0.00203974 -0.00289925 -0.000833117 -0.00203974 -0.000652608 -0.00217871 -0.00203974 -0.00289925 -0.00217871 -0.00347144 0.000447601 0.000513279 0.000455217 0.000535865 0.000513279 0.000557423 0.000535865 0.000605475 0.000455217 0.000535865 0.000462358 0.000560048 0.000535865 0.000605475 0.000560048 0.00065905 0.000557423 0.00054902 0.000605475 0.000638715 0.00054902 0.000432467 0.000638715 0.000587099 0.000605475 0.000638715 0.00065905 0.000741433 0.000638715 0.000587099 0.000741433 0.000770637 0.000462358 0.000560048 0.000467827 0.000583893 0.000560048 0.00065905 0.000583893 0.000715079 0.000467827 0.000583893 0.000470305 0.000605227 0.000583893 0.000715079 0.000605227 0.00076987 0.00065905 0.000741433 0.000715079 0.000852507 0.000741433 0.000770637 0.000852507 0.000977902 0.000715079 0.000852507 0.00076987 0.00096451 0.000852507 0.000977902 0.00096451 0.00118575 0.000432467 0.000102788 0.000587099 0.000347876 0.000102788 -0.000652608 0.000347876 -0.000340724 0.000587099 0.000347876 0.000770637 0.000663015 0.000347876 -0.000340724 0.000663015 0.000173658 -0.000652608 -0.00217871 -0.000340724 -0.00220097 -0.00217871 -0.00347144 -0.00220097 -0.00454755 -0.000340724 -0.00220097 0.000173658 -0.00159297 -0.00220097 -0.00454755 -0.00159297 -0.00665054 0.000770637 0.000663015 0.000977902 0.00106133 0.000663015 0.000173658 0.00106133 0.00108143 0.000977902 0.00106133 0.00118575 0.00142444 0.00106133 0.00108143 0.00142444 0.00166291 0.000173658 -0.00159297 0.00108143 0.000870916 -0.00159297 -0.00665054 0.000870916 -0.00968424 0.00108143 0.000870916 0.00166291 0.00186236 0.000870916 -0.00968424 0.00186236 0.00182343 0.00354364 0.00351464 0.00345977 0.003274 0.00351464 0.00275423 0.003274 0.00269499 0.00345977 0.003274 0.00324257 0.00307252 0.003274 0.00269499 0.00307252 0.0026297 0.00275423 0.00211592 0.00269499 0.00214309 0.00211592 0.001641 0.00214309 0.00169545 0.00269499 0.00214309 0.0026297 0.00215213 0.00214309 0.00169545 0.00215213 0.00173438 0.00324257 0.00307252 0.00306056 0.00292138 0.00307252 0.0026297 0.00292138 0.00256692 0.00306056 0.00292138 0.0029223 0.00280776 0.00292138 0.00256692 0.00280776 0.00251223 0.0026297 0.00215213 0.00256692 0.00215036 0.00215213 0.00173438 0.00215036 0.00176139 0.00256692 0.00215036 0.00251223 0.00214322 0.00215036 0.00176139 0.00214322 0.00177947 0.001641 0.00128436 0.00169545 0.00134265 0.00128436 0.00100761 0.00134265 0.00106202 0.00169545 0.00134265 0.00173438 0.00138944 0.00134265 0.00106202 0.00138944 0.00110776 0.00100761 0.000787461 0.00106202 0.000836144 0.000787461 0.000611105 0.000836144 0.000653962 0.00106202 0.000836144 0.00110776 0.000877904 0.000836144 0.000653962 0.000877904 0.000691035 0.00173438 0.00138944 0.00176139 0.00142611 0.00138944 0.00110776 0.00142611 0.00114525 0.00176139 0.00142611 0.00177947 0.00145398 0.00142611 0.00114525 0.00145398 0.001175 0.00110776 0.000877904 0.00114525 0.000912823 0.000877904 0.000691035 0.000912823 0.000722307 0.00114525 0.000912823 0.001175 0.00094105 0.000912823 0.000722307 0.00094105 0.000747802 0.0029223 0.00280776 0.0028219 0.0027245 0.00280776 0.00251223 0.0027245 0.00246846 0.0028219 0.0027245 0.00275385 0.00266748 0.0027245 0.00246846 0.00266748 0.00243681 0.00251223 0.00214322 0.00246846 0.00213448 0.00214322 0.00177947 0.00213448 0.00179107 0.00246846 0.00213448 0.00243681 0.0021267 0.00213448 0.00179107 0.0021267 0.00179806 0.00275385 0.00266748 0.00271442 0.00263418 0.00266748 0.00243681 0.00263418 0.00241771 0.00271442 0.00263418 0.0027015 0.00262323 0.00263418 0.00241771 0.00262323 0.00241134 0.00243681 0.0021267 0.00241771 0.00212145 0.0021267 0.00179806 0.00212145 0.00180174 0.00241771 0.00212145 0.00241134 0.00211961 0.00212145 0.00180174 0.00211961 0.00180289 0.00177947 0.00145398 0.00179107 0.0014743 0.00145398 0.001175 0.0014743 0.00119751 0.00179107 0.0014743 0.00179806 0.00148805 0.0014743 0.00119751 0.00148805 0.00121322 0.001175 0.00094105 0.00119751 0.00096276 0.00094105 0.000747802 0.00096276 0.00076756 0.00119751 0.00096276 0.00121322 0.000978125 0.00096276 0.00076756 0.000978125 0.000781629 0.00179806 0.00148805 0.00180174 0.00149599 0.00148805 0.00121322 0.00149599 0.0012225 0.00180174 0.00149599 0.00180289 0.00149859 0.00149599 0.0012225 0.00149859 0.00122557 0.00121322 0.000978125 0.0012225 0.000987282 0.000978125 0.000781629 0.000987282 0.000790051 0.0012225 0.000987282 0.00122557 0.000990324 0.000987282 0.000790051 0.000990324 0.000792855 0.000611105 0.00047086 0.000653962 0.000508151 0.00047086 0.000361028 0.000508151 0.00039311 0.000653962 0.000508151 0.000691035 0.000540537 0.000508151 0.00039311 0.000540537 0.000421052 0.000361028 0.000276678 0.00039311 0.000304021 0.000276678 0.000213407 0.000304021 0.000236614 0.00039311 0.000304021 0.000421052 0.000327906 0.000304021 0.000236614 0.000327906 0.000256954 0.000691035 0.000540537 0.000722307 0.000567971 0.000540537 0.000421052 0.000567971 0.000444788 0.000722307 0.000567971 0.000747802 0.000590429 0.000567971 0.000444788 0.000590429 0.000464268 0.000421052 0.000327906 0.000444788 0.000348249 0.000327906 0.000256954 0.000348249 0.000274325 0.000444788 0.000348249 0.000464268 0.000364982 0.000348249 0.000274325 0.000364982 0.000288646 0.000213407 0.000167417 0.000236614 0.000187211 0.000167417 0.000135641 0.000187211 0.000152818 0.000236614 0.000187211 0.000256954 0.000204617 0.000187211 0.000152818 0.000204617 0.000167966 0.000135641 0.000115791 0.000152818 0.000131178 0.000115791 0.000106364 0.000131178 0.000120791 0.000152818 0.000131178 0.000167966 0.000144777 0.000131178 0.000120791 0.000144777 0.000133551 0.000256954 0.000204617 0.000274325 0.000219524 0.000204617 0.000167966 0.000219524 0.000180973 0.000274325 0.000219524 0.000288646 0.000231842 0.000219524 0.000180973 0.000231842 0.000191741 0.000167966 0.000144777 0.000180973 0.000156474 0.000144777 0.000133551 0.000156474 0.000144533 0.000180973 0.000156474 0.000191741 0.000166172 0.000156474 0.000144533 0.000166172 0.000153642 0.000747802 0.000590429 0.00076756 0.000607897 0.000590429 0.000464268 0.000607897 0.000479454 0.00076756 0.000607897 0.000781629 0.000620373 0.000607897 0.000479454 0.000620373 0.000490319 0.000464268 0.000364982 0.000479454 0.000378051 0.000364982 0.000288646 0.000378051 0.000299852 0.000479454 0.000378051 0.000490319 0.000387414 0.000378051 0.000299852 0.000387414 0.000307891 0.000781629 0.000620373 0.000790051 0.000627857 0.000620373 0.000490319 0.000627857 0.000496845 0.000790051 0.000627857 0.000792855 0.000630352 0.000627857 0.000496845 0.000630352 0.000499022 0.000490319 0.000387414 0.000496845 0.000393044 0.000387414 0.000307891 0.000393044 0.000312729 0.000496845 0.000393044 0.000499022 0.000394922 0.000393044 0.000312729 0.000394922 0.000314344 0.000288646 0.000231842 0.000299852 0.000241497 0.000231842 0.000191741 0.000241497 0.000200196 0.000299852 0.000241497 0.000307891 0.000248433 0.000241497 0.000200196 0.000248433 0.000206276 0.000191741 0.000166172 0.000200196 0.000173794 0.000166172 0.000153642 0.000173794 0.000160805 0.000200196 0.000173794 0.000206276 0.000179281 0.000173794 0.000160805 0.000179281 0.000165962 0.000307891 0.000248433 0.000312729 0.00025261 0.000248433 0.000206276 0.00025261 0.000209942 0.000312729 0.00025261 0.000314344 0.000254005 0.00025261 0.000209942 0.000254005 0.000211166 0.000206276 0.000179281 0.000209942 0.00018259 0.000179281 0.000165962 0.00018259 0.000169073 0.000209942 0.00018259 0.000211166 0.000183696 0.00018259 0.000169073 0.000183696 0.000170113 0.000106364 0.000106623 0.000120791 0.000120898 0.000106623 0.000116574 0.000120898 0.000131464 0.000120791 0.000120898 0.000133551 0.000133511 0.000120898 0.000131464 0.000133511 0.000144584 0.000116574 0.000136966 0.000131464 0.000153167 0.000136966 0.000169273 0.000153167 0.000187364 0.000131464 0.000153167 0.000144584 0.00016738 0.000153167 0.000187364 0.00016738 0.000203146 0.000133551 0.000133511 0.000144533 0.000144356 0.000133511 0.000144584 0.000144356 0.000155838 0.000144533 0.000144356 0.000153642 0.000153347 0.000144356 0.000155838 0.000153347 0.000165149 0.000144584 0.00016738 0.000155838 0.000179526 0.00016738 0.000203146 0.000179526 0.000216569 0.000155838 0.000179526 0.000165149 0.000189544 0.000179526 0.000216569 0.000189544 0.000227595 0.000169273 0.000215683 0.000187364 0.000236052 0.000215683 0.000279039 0.000236052 0.000301772 0.000187364 0.000236052 0.000203146 0.000253703 0.000236052 0.000301772 0.000253703 0.000321318 0.000279039 0.000362706 0.000301772 0.000387432 0.000362706 0.000470305 0.000387432 0.000495995 0.000301772 0.000387432 0.000321318 0.000408489 0.000387432 0.000495995 0.000408489 0.000517606 0.000203146 0.000253703 0.000216569 0.00026863 0.000253703 0.000321318 0.00026863 0.000337733 0.000216569 0.00026863 0.000227595 0.000280831 0.00026863 0.000337733 0.000280831 0.000351074 0.000321318 0.000408489 0.000337733 0.000426026 0.000408489 0.000517606 0.000426026 0.000535405 0.000337733 0.000426026 0.000351074 0.000440177 0.000426026 0.000535405 0.000440177 0.000549633 0.000153642 0.000153347 0.000160805 0.000160412 0.000153347 0.000165149 0.000160412 0.000172454 0.000160805 0.000160412 0.000165962 0.000165496 0.000160412 0.000172454 0.000165496 0.000177705 0.000165149 0.000189544 0.000172454 0.000197383 0.000189544 0.000227595 0.000197383 0.000236196 0.000172454 0.000197383 0.000177705 0.000203009 0.000197383 0.000236196 0.000203009 0.000242353 0.000165962 0.000165496 0.000169073 0.000168562 0.000165496 0.000177705 0.000168562 0.000180868 0.000169073 0.000168562 0.000170113 0.000169587 0.000168562 0.000180868 0.000169587 0.000181925 0.000177705 0.000203009 0.000180868 0.000206394 0.000203009 0.000242353 0.000206394 0.000246052 0.000180868 0.000206394 0.000181925 0.000207524 0.000206394 0.000246052 0.000207524 0.000247286 0.000227595 0.000280831 0.000236196 0.000290312 0.000280831 0.000351074 0.000290312 0.000361392 0.000236196 0.000290312 0.000242353 0.000297079 0.000290312 0.000361392 0.000297079 0.00036873 0.000351074 0.000440177 0.000361392 0.000451058 0.000440177 0.000549633 0.000451058 0.000560487 0.000361392 0.000451058 0.00036873 0.000458762 0.000451058 0.000560487 0.000458762 0.000568126 0.000242353 0.000297079 0.000246052 0.000301136 0.000297079 0.00036873 0.000301136 0.00037312 0.000246052 0.000301136 0.000247286 0.000302488 0.000301136 0.00037312 0.000302488 0.000374581 0.00036873 0.000458762 0.00037312 0.000463357 0.000458762 0.000568126 0.000463357 0.000572663 0.00037312 0.000463357 0.000374581 0.000464884 0.000463357 0.000572663 0.000464884 0.000574168 0.000470305 0.000605227 0.000495995 0.000629966 0.000605227 0.00076987 0.000629966 0.000790618 0.000495995 0.000629966 0.000517606 0.000650405 0.000629966 0.000790618 0.000650405 0.000807209 0.00076987 0.00096451 0.000790618 0.000976907 0.00096451 0.00118575 0.000976907 0.00118402 0.000790618 0.000976907 0.000807209 0.000985884 0.000976907 0.00118402 0.000985884 0.0011805 0.000517606 0.000650405 0.000535405 0.000666965 0.000650405 0.000807209 0.000666965 0.000820242 0.000535405 0.000666965 0.000549633 0.000680013 0.000666965 0.000820242 0.000680013 0.000830225 0.000807209 0.000985884 0.000820242 0.000992227 0.000985884 0.0011805 0.000992227 0.00117614 0.000820242 0.000992227 0.000830225 0.00099658 0.000992227 0.00117614 0.00099658 0.0011717 0.00118575 0.00142444 0.00118402 0.00140139 0.00142444 0.00166291 0.00140139 0.00160961 0.00118402 0.00140139 0.0011805 0.00137957 0.00140139 0.00160961 0.00137957 0.00156335 0.00166291 0.00186236 0.00160961 0.00177286 0.00186236 0.00182343 0.00177286 0.00180674 0.00160961 0.00177286 0.00156335 0.00169842 0.00177286 0.00180674 0.00169842 0.00174082 0.0011805 0.00137957 0.00117614 0.00135997 0.00137957 0.00156335 0.00135997 0.00152451 0.00117614 0.00135997 0.0011717 0.00134331 0.00135997 0.00152451 0.00134331 0.00149315 0.00156335 0.00169842 0.00152451 0.00164114 0.00169842 0.00174082 0.00164114 0.00168132 0.00152451 0.00164114 0.00149315 0.00159707 0.00164114 0.00168132 0.00159707 0.00163372 0.000549633 0.000680013 0.000560487 0.000689847 0.000680013 0.000830225 0.000689847 0.000837568 0.000560487 0.000689847 0.000568126 0.000696703 0.000689847 0.000837568 0.000696703 0.000842588 0.000830225 0.00099658 0.000837568 0.000999455 0.00099658 0.0011717 0.000999455 0.00116771 0.000837568 0.000999455 0.000842588 0.00100124 0.000999455 0.00116771 0.00100124 0.0011646 0.000568126 0.000696703 0.000572663 0.000700749 0.000696703 0.000842588 0.000700749 0.000845511 0.000572663 0.000700749 0.000574168 0.000702087 0.000700749 0.000845511 0.000702087 0.00084647 0.000842588 0.00100124 0.000845511 0.00100221 0.00100124 0.0011646 0.00100221 0.00116263 0.000845511 0.00100221 0.00084647 0.00100251 0.00100221 0.00116263 0.00100251 0.00116196 0.0011717 0.00134331 0.00116771 0.00133003 0.00134331 0.00149315 0.00133003 0.00146912 0.00116771 0.00133003 0.0011646 0.0013204 0.00133003 0.00146912 0.0013204 0.00145216 0.00149315 0.00159707 0.00146912 0.00156416 0.00159707 0.00163372 0.00156416 0.00159783 0.00146912 0.00156416 0.00145216 0.00154131 0.00156416 0.00159783 0.00154131 0.00157285 0.0011646 0.0013204 0.00116263 0.00131457 0.0013204 0.00145216 0.00131457 0.00144208 0.00116263 0.00131457 0.00116196 0.00131262 0.00131457 0.00144208 0.00131262 0.00143874 0.00145216 0.00154131 0.00144208 0.00152784 0.00154131 0.00157285 0.00152784 0.00155813 0.00144208 0.00152784 0.00143874 0.00152339 0.00152784 0.00155813 0.00152339 0.00155327 
SCALARS wy_dis double 1
LOOKUP_TABLE default
-0.0177443 -0.0175222 -0.0177807 -0.0175545 -0.0175222 -0.0169034 -0.0175545 -0.0169257 -0.0177807 -0.0175545 -0.017891 -0.0176525 -0.0175545 -0.0169257 -0.0176525 -0.0169927 -0.0169034 -0.0160074 -0.0169257 -0.0160184 -0.0160074 -0.0149705 -0.0160184 -0.0149728 -0.0169257 -0.0160184 -0.0169927 -0.0160509 -0.0160184 -0.0149728 -0.0160509 -0.0149789 -0.017891 -0.0176525 -0.0180795 -0.0178195 -0.0176525 -0.0169927 -0.0178195 -0.0171049 -0.0180795 -0.0178195 -0.018353 -0.0180612 -0.0178195 -0.0171049 -0.0180612 -0.0172629 -0.0169927 -0.0160509 -0.0171049 -0.0161036 -0.0160509 -0.0149789 -0.0161036 -0.0149873 -0.0171049 -0.0161036 -0.0172629 -0.0161736 -0.0161036 -0.0149873 -0.0161736 -0.0149948 -0.0149705 -0.0139013 -0.0149728 -0.0138982 -0.0139013 -0.012867 -0.0138982 -0.0128614 -0.0149728 -0.0138982 -0.0149789 -0.0138885 -0.0138982 -0.0128614 -0.0138885 -0.0128443 -0.012867 -0.011901 -0.0128614 -0.0118946 -0.011901 -0.0110142 -0.0118946 -0.0110079 -0.0128614 -0.0118946 -0.0128443 -0.0118752 -0.0118946 -0.0110079 -0.0118752 -0.010989 -0.0149789 -0.0138885 -0.0149873 -0.013871 -0.0138885 -0.0128443 -0.013871 -0.0128147 -0.0149873 -0.013871 -0.0149948 -0.0138432 -0.013871 -0.0128147 -0.0138432 -0.0127715 -0.0128443 -0.0118752 -0.0128147 -0.0118424 -0.0118752 -0.010989 -0.0118424 -0.0109573 -0.0128147 -0.0118424 -0.0127715 -0.0117954 -0.0118424 -0.0109573 -0.0117954 -0.0109126 -0.018353 -0.0180612 -0.018721 -0.0183874 -0.0180612 -0.0172629 -0.0183874 -0.0174665 -0.018721 -0.0183874 -0.0191902 -0.0188154 -0.0183874 -0.0174665 -0.0188154 -0.0177137 -0.0172629 -0.0161736 -0.0174665 -0.0162565 -0.0161736 -0.0149948 -0.0162565 -0.0149969 -0.0174665 -0.0162565 -0.0177137 -0.0163454 -0.0162565 -0.0149969 -0.0163454 -0.0149876 -0.0191902 -0.0188154 -0.019725 -0.0193771 -0.0188154 -0.0177137 -0.0193771 -0.017998 -0.019725 -0.0193771 -0.019881 -0.0200394 -0.0193771 -0.017998 -0.0200394 -0.0182995 -0.0177137 -0.0163454 -0.017998 -0.0164301 -0.0163454 -0.0149876 -0.0164301 -0.0149589 -0.017998 -0.0164301 -0.0182995 -0.016496 -0.0164301 -0.0149589 -0.016496 -0.0149013 -0.0149948 -0.0138432 -0.0149969 -0.0138021 -0.0138432 -0.0127715 -0.0138021 -0.0127127 -0.0149969 -0.0138021 -0.0149876 -0.0137436 -0.0138021 -0.0127127 -0.0137436 -0.0126362 -0.0127715 -0.0117954 -0.0127127 -0.0117335 -0.0117954 -0.0109126 -0.0117335 -0.0108544 -0.0127127 -0.0117335 -0.0126362 -0.0116554 -0.0117335 -0.0108544 -0.0116554 -0.0107824 -0.0149876 -0.0137436 -0.0149589 -0.0136628 -0.0137436 -0.0126362 -0.0136628 -0.0125392 -0.0149589 -0.0136628 -0.0149013 -0.0135544 -0.0136628 -0.0125392 -0.0135544 -0.0124192 -0.0126362 -0.0116554 -0.0125392 -0.0115602 -0.0116554 -0.0107824 -0.0115602 -0.0106962 -0.0125392 -0.0115602 -0.0124192 -0.0114466 -0.0115602 -0.0106962 -0.0114466 -0.0105955 -0.0110142 -0.0102052 -0.0110079 -0.0101995 -0.0102052 -0.00946727 -0.0101995 -0.00946227 -0.0110079 -0.0101995 -0.010989 -0.0101823 -0.0101995 -0.00946227 -0.0101823 -0.00944728 -0.00946727 -0.00879186 -0.00946227 -0.00878755 -0.00879186 -0.00817036 -0.00878755 -0.00816668 -0.00946227 -0.00878755 -0.00944728 -0.00877465 -0.00878755 -0.00816668 -0.00877465 -0.00815565 -0.010989 -0.0101823 -0.0109573 -0.0101538 -0.0101823 -0.00944728 -0.0101538 -0.0094223 -0.0109573 -0.0101538 -0.0109126 -0.0101136 -0.0101538 -0.0094223 -0.0101136 -0.00938737 -0.00944728 -0.00877465 -0.0094223 -0.00875318 -0.00877465 -0.00815565 -0.00875318 -0.00813732 -0.0094223 -0.00875318 -0.00938737 -0.0087232 -0.00875318 -0.00813732 -0.0087232 -0.00811175 -0.00817036 -0.00759496 -0.00816668 -0.00759182 -0.00759496 -0.00705886 -0.00759182 -0.00705618 -0.00816668 -0.00759182 -0.00815565 -0.00758243 -0.00759182 -0.00705618 -0.00758243 -0.00704817 -0.00705886 -0.00655627 -0.00705618 -0.00655399 -0.00655627 -0.00608234 -0.00655399 -0.00608038 -0.00705618 -0.00655399 -0.00704817 -0.00654714 -0.00655399 -0.00608038 -0.00654714 -0.0060745 -0.00815565 -0.00758243 -0.00813732 -0.00756681 -0.00758243 -0.00704817 -0.00756681 -0.00703486 -0.00813732 -0.00756681 -0.00811175 -0.00754504 -0.00756681 -0.00703486 -0.00754504 -0.00701631 -0.00704817 -0.00654714 -0.00703486 -0.00653576 -0.00654714 -0.0060745 -0.00653576 -0.00606472 -0.00703486 -0.00653576 -0.00701631 -0.00651991 -0.00653576 -0.00606472 -0.00651991 -0.00605111 -0.0109126 -0.0101136 -0.0108544 -0.0100619 -0.0101136 -0.00938737 -0.0100619 -0.00934252 -0.0108544 -0.0100619 -0.0107824 -0.00999845 -0.0100619 -0.00934252 -0.00999845 -0.00928785 -0.00938737 -0.0087232 -0.00934252 -0.0086848 -0.0087232 -0.00811175 -0.0086848 -0.00807905 -0.00934252 -0.0086848 -0.00928785 -0.00863812 -0.0086848 -0.00807905 -0.00863812 -0.00803933 -0.0107824 -0.00999845 -0.0106962 -0.00992332 -0.00999845 -0.00928785 -0.00992332 -0.00922346 -0.0106962 -0.00992332 -0.0105955 -0.00983654 -0.00992332 -0.00922346 -0.00983654 -0.00914953 -0.00928785 -0.00863812 -0.00922346 -0.00858332 -0.00863812 -0.00803933 -0.00858332 -0.00799278 -0.00922346 -0.00858332 -0.00914953 -0.00852058 -0.00858332 -0.00799278 -0.00852058 -0.00793956 -0.00811175 -0.00754504 -0.00807905 -0.00751721 -0.00754504 -0.00701631 -0.00751721 -0.0069926 -0.00807905 -0.00751721 -0.00803933 -0.00748344 -0.00751721 -0.0069926 -0.00748344 -0.00696384 -0.00701631 -0.00651991 -0.0069926 -0.00649965 -0.00651991 -0.00605111 -0.00649965 -0.00603371 -0.0069926 -0.00649965 -0.00696384 -0.00647508 -0.00649965 -0.00603371 -0.00647508 -0.00601262 -0.00803933 -0.00748344 -0.00799278 -0.00744388 -0.00748344 -0.00696384 -0.00744388 -0.00693016 -0.00799278 -0.00744388 -0.00793956 -0.00739868 -0.00744388 -0.00693016 -0.00739868 -0.00689171 -0.00696384 -0.00647508 -0.00693016 -0.00644632 -0.00647508 -0.00601262 -0.00644632 -0.00598793 -0.00693016 -0.00644632 -0.00689171 -0.00641349 -0.00644632 -0.00598793 -0.00641349 -0.00595977 -0.00608234 -0.00563303 -0.00608038 -0.00563133 -0.00563303 -0.00520503 -0.00563133 -0.00520354 -0.00608038 -0.00563133 -0.0060745 -0.00562624 -0.00563133 -0.00520354 -0.00562624 -0.00519908 -0.00520503 -0.0047957 -0.00520354 -0.00479438 -0.0047957 -0.00440301 -0.00479438 -0.0044018 -0.00520354 -0.00479438 -0.00519908 -0.00479041 -0.00479438 -0.0044018 -0.00479041 -0.00439818 -0.0060745 -0.00562624 -0.00606472 -0.00561778 -0.00562624 -0.00519908 -0.00561778 -0.00519168 -0.00606472 -0.00561778 -0.00605111 -0.00560599 -0.00561778 -0.00519168 -0.00560599 -0.00518136 -0.00519908 -0.00479041 -0.00519168 -0.00478381 -0.00479041 -0.00439818 -0.00478381 -0.00439218 -0.00519168 -0.00478381 -0.00518136 -0.00477463 -0.00478381 -0.00439218 -0.00477463 -0.00438382 -0.00440301 -0.00402547 -0.0044018 -0.00402434 -0.00402547 -0.00366219 -0.00402434 -0.00366108 -0.0044018 -0.00402434 -0.00439818 -0.00402094 -0.00402434 -0.00366108 -0.00402094 -0.00365776 -0.00366219 -0.00331282 -0.00366108 -0.00331169 -0.00331282 -0.00297771 -0.00331169 -0.00297649 -0.00366108 -0.00331169 -0.00365776 -0.0033083 -0.00331169 -0.00297649 -0.0033083 -0.00297283 -0.00439818 -0.00402094 -0.00439218 -0.0040153 -0.00402094 -0.00365776 -0.0040153 -0.00365225 -0.00439218 -0.0040153 -0.00438382 -0.00400745 -0.0040153 -0.00365225 -0.00400745 -0.00364461 -0.00365776 -0.0033083 -0.00365225 -0.00330267 -0.0033083 -0.00297283 -0.00330267 -0.00296679 -0.00365225 -0.00330267 -0.00364461 -0.00329487 -0.00330267 -0.00296679 -0.00329487 -0.00295841 -0.00605111 -0.00560599 -0.00603371 -0.00559094 -0.00560599 -0.00518136 -0.00559094 -0.00516819 -0.00603371 -0.00559094 -0.00601262 -0.0055727 -0.00559094 -0.00516819 -0.0055727 -0.00515223 -0.00518136 -0.00477463 -0.00516819 -0.00476291 -0.00477463 -0.00438382 -0.00476291 -0.00437315 -0.00516819 -0.00476291 -0.00515223 -0.00474872 -0.00476291 -0.00437315 -0.00474872 -0.00436024 -0.00601262 -0.0055727 -0.00598793 -0.00555135 -0.0055727 -0.00515223 -0.00555135 -0.00513356 -0.00598793 -0.00555135 -0.00595977 -0.005527 -0.00555135 -0.00513356 -0.005527 -0.00511229 -0.00515223 -0.00474872 -0.00513356 -0.00473213 -0.00474872 -0.00436024 -0.00473213 -0.00434517 -0.00513356 -0.00473213 -0.00511229 -0.00471325 -0.00473213 -0.00434517 -0.00471325 -0.00432803 -0.00438382 -0.00400745 -0.00437315 -0.00399745 -0.00400745 -0.00364461 -0.00399745 -0.00363487 -0.00437315 -0.00399745 -0.00436024 -0.00398536 -0.00399745 -0.00363487 -0.00398536 -0.00362311 -0.00364461 -0.00329487 -0.00363487 -0.00328496 -0.00329487 -0.00295841 -0.00328496 -0.00294779 -0.00363487 -0.00328496 -0.00362311 -0.00327301 -0.00328496 -0.00294779 -0.00327301 -0.00293504 -0.00436024 -0.00398536 -0.00434517 -0.00397125 -0.00398536 -0.00362311 -0.00397125 -0.00360942 -0.00434517 -0.00397125 -0.00432803 -0.00395524 -0.00397125 -0.00360942 -0.00395524 -0.00359391 -0.00362311 -0.00327301 -0.00360942 -0.00325914 -0.00327301 -0.00293504 -0.00325914 -0.00292029 -0.00360942 -0.00325914 -0.00359391 -0.00324347 -0.00325914 -0.00292029 -0.00324347 -0.00290371 -0.00297771 -0.00265798 -0.00297649 -0.00265658 -0.00265798 -0.0023558 -0.00265658 -0.00235412 -0.00297649 -0.00265658 -0.00297283 -0.00265242 -0.00265658 -0.00235412 -0.00265242 -0.00234911 -0.0023558 -0.00207482 -0.00235412 -0.00207269 -0.00207482 -0.00182074 -0.00207269 -0.00181794 -0.00235412 -0.00207269 -0.00234911 -0.00206634 -0.00207269 -0.00181794 -0.00206634 -0.00180957 -0.00297283 -0.00265242 -0.00296679 -0.00264555 -0.00265242 -0.00234911 -0.00264555 -0.00234084 -0.00296679 -0.00264555 -0.00295841 -0.00263604 -0.00264555 -0.00234084 -0.00263604 -0.00232944 -0.00234911 -0.00206634 -0.00234084 -0.00205586 -0.00206634 -0.00180957 -0.00205586 -0.00179578 -0.00234084 -0.00205586 -0.00232944 -0.00204145 -0.00205586 -0.00179578 -0.00204145 -0.00177678 -0.00182074 -0.00160204 -0.00181794 -0.0015983 -0.00160204 -0.00143035 -0.0015983 -0.00142548 -0.00181794 -0.0015983 -0.00180957 -0.00158711 -0.0015983 -0.00142548 -0.00158711 -0.00141086 -0.00143035 -0.00131935 -0.00142548 -0.0013135 -0.00131935 -0.0012808 -0.0013135 -0.00127455 -0.00142548 -0.0013135 -0.00141086 -0.00129583 -0.0013135 -0.00127455 -0.00129583 -0.00125568 -0.00180957 -0.00158711 -0.00179578 -0.00156859 -0.00158711 -0.00141086 -0.00156859 -0.00138643 -0.00179578 -0.00156859 -0.00177678 -0.00154294 -0.00156859 -0.00138643 -0.00154294 -0.00135214 -0.00141086 -0.00129583 -0.00138643 -0.00126605 -0.00129583 -0.00125568 -0.00126605 -0.00122378 -0.00138643 -0.00126605 -0.00135214 -0.00122356 -0.00126605 -0.00122378 -0.00122356 -0.00117818 -0.00295841 -0.00263604 -0.00294779 -0.00262404 -0.00263604 -0.00232944 -0.00262404 -0.00231508 -0.00294779 -0.00262404 -0.00293504 -0.00260968 -0.00262404 -0.00231508 -0.00260968 -0.002298 -0.00232944 -0.00204145 -0.00231508 -0.00202336 -0.00204145 -0.00177678 -0.00202336 -0.00175291 -0.00231508 -0.00202336 -0.002298 -0.00200189 -0.00202336 -0.00175291 -0.00200189 -0.00172463 -0.00293504 -0.00260968 -0.00292029 -0.00259315 -0.00260968 -0.002298 -0.00259315 -0.00227844 -0.00292029 -0.00259315 -0.00290371 -0.0025747 -0.00259315 -0.00227844 -0.0025747 -0.00225678 -0.002298 -0.00200189 -0.00227844 -0.00197746 -0.00200189 -0.00172463 -0.00197746 -0.0016925 -0.00227844 -0.00197746 -0.00225678 -0.00195058 -0.00197746 -0.0016925 -0.00195058 -0.00165731 -0.00177678 -0.00154294 -0.00175291 -0.00151053 -0.00154294 -0.00135214 -0.00151053 -0.001308 -0.00175291 -0.00151053 -0.00172463 -0.00147188 -0.00151053 -0.001308 -0.00147188 -0.00125427 -0.00135214 -0.00122356 -0.001308 -0.0011674 -0.00122356 -0.00117818 -0.0011674 -0.00111799 -0.001308 -0.0011674 -0.00125427 -0.0010958 -0.0011674 -0.00111799 -0.0010958 -0.0010427 -0.00172463 -0.00147188 -0.0016925 -0.0014278 -0.00147188 -0.00125427 -0.0014278 -0.00119169 -0.0016925 -0.0014278 -0.00165731 -0.00137954 -0.0014278 -0.00119169 -0.00137954 -0.00112275 -0.00125427 -0.0010958 -0.00119169 -0.00100552 -0.0010958 -0.0010427 -0.00100552 -0.00095705 -0.00119169 -0.00100552 -0.00112275 -0.000902281 -0.00100552 -0.00095705 -0.000902281 -0.000916329 -0.019881 -0.0200394 0.0606203 -0.0142443 -0.0200394 -0.0182995 -0.0142443 -0.0144022 0.0606203 -0.0142443 0.0384042 0.00405134 -0.0142443 -0.0144022 0.00405134 -0.0077969 -0.0182995 -0.016496 -0.0144022 -0.0136309 -0.016496 -0.0149013 -0.0136309 -0.0127454 -0.0144022 -0.0136309 -0.0077969 -0.0104266 -0.0136309 -0.0127454 -0.0104266 -0.0105533 0.0384042 0.00405134 0.0232409 0.00796765 0.00405134 -0.0077969 0.00796765 -0.00418641 0.0232409 0.00796765 0.0150521 0.00708803 0.00796765 -0.00418641 0.00708803 -0.00206971 -0.0077969 -0.0104266 -0.00418641 -0.00779905 -0.0104266 -0.0105533 -0.00779905 -0.00848363 -0.00418641 -0.00779905 -0.00206971 -0.0056249 -0.00779905 -0.00848363 -0.0056249 -0.00655257 -0.0149013 -0.0135544 -0.0127454 -0.0117848 -0.0135544 -0.0124192 -0.0117848 -0.0108683 -0.0127454 -0.0117848 -0.0105533 -0.0100007 -0.0117848 -0.0108683 -0.0100007 -0.00930211 -0.0124192 -0.0114466 -0.0108683 -0.0100391 -0.0114466 -0.0105955 -0.0100391 -0.00929733 -0.0108683 -0.0100391 -0.00930211 -0.00861728 -0.0100391 -0.00929733 -0.00861728 -0.00798708 -0.0105533 -0.0100007 -0.00848363 -0.00823887 -0.0100007 -0.00930211 -0.00823887 -0.00773262 -0.00848363 -0.00823887 -0.00655257 -0.00651428 -0.00823887 -0.00773262 -0.00651428 -0.00616772 -0.00930211 -0.00861728 -0.00773262 -0.00718633 -0.00861728 -0.00798708 -0.00718633 -0.00666741 -0.00773262 -0.00718633 -0.00616772 -0.00575036 -0.00718633 -0.00666741 -0.00575036 -0.00534073 0.0150521 0.00708803 0.00996136 0.00525481 0.00708803 -0.00206971 0.00525481 -0.00090877 0.00996136 0.00525481 0.00618047 0.0034038 0.00525481 -0.00090877 0.0034038 -0.000340591 -0.00206971 -0.0056249 -0.00090877 -0.00384979 -0.0056249 -0.00655257 -0.00384979 -0.00476301 -0.00090877 -0.00384979 -0.000340591 -0.00238922 -0.00384979 -0.00476301 -0.00238922 -0.00309812 0.00618047 0.0034038 0.00297614 0.0016665 0.0034038 -0.000340591 0.0016665 -9.92703e-05 0.00297614 0.0016665 9.58725e-17 8.55387e-17 0.0016665 -9.92703e-05 8.55387e-17 3.52082e-17 -0.000340591 -0.00238922 -9.92703e-05 -0.00114143 -0.00238922 -0.00309812 -0.00114143 -0.00152491 -9.92703e-05 -0.00114143 3.52082e-17 -1.21072e-17 -0.00114143 -0.00152491 -1.21072e-17 -3.98771e-17 -0.00655257 -0.00651428 -0.00476301 -0.00483354 -0.00651428 -0.00616772 -0.00483354 -0.00461206 -0.00476301 -0.00483354 -0.00309812 -0.00319478 -0.00483354 -0.00461206 -0.00319478 -0.00306702 -0.00616772 -0.00575036 -0.00461206 -0.0043124 -0.00575036 -0.00534073 -0.0043124 -0.00400913 -0.00461206 -0.0043124 -0.00306702 -0.00287433 -0.0043124 -0.00400913 -0.00287433 -0.00267431 -0.00309812 -0.00319478 -0.00152491 -0.00158855 -0.00319478 -0.00306702 -0.00158855 -0.00153097 -0.00152491 -0.00158855 -3.98771e-17 -4.92477e-17 -0.00158855 -0.00153097 -4.92477e-17 -4.53226e-17 -0.00306702 -0.00287433 -0.00153097 -0.00143689 -0.00287433 -0.00267431 -0.00143689 -0.00133759 -0.00153097 -0.00143689 -4.53226e-17 -3.06171e-17 -0.00143689 -0.00133759 -3.06171e-17 -7.27802e-18 -0.0105955 -0.00983654 -0.00929733 -0.00863074 -0.00983654 -0.00914953 -0.00863074 -0.00802613 -0.00929733 -0.00863074 -0.00798708 -0.00741501 -0.00863074 -0.00802613 -0.00741501 -0.00689456 -0.00914953 -0.00852058 -0.00802613 -0.00747259 -0.00852058 -0.00793956 -0.00747259 -0.0069615 -0.00802613 -0.00747259 -0.00689456 -0.00641781 -0.00747259 -0.0069615 -0.00641781 -0.00597774 -0.00798708 -0.00741501 -0.00666741 -0.00619101 -0.00741501 -0.00689456 -0.00619101 -0.005756 -0.00666741 -0.00619101 -0.00534073 -0.00496034 -0.00619101 -0.005756 -0.00496034 -0.00461166 -0.00689456 -0.00641781 -0.005756 -0.00535718 -0.00641781 -0.00597774 -0.00535718 -0.00498907 -0.005756 -0.00535718 -0.00461166 -0.00429165 -0.00535718 -0.00498907 -0.00429165 -0.00399626 -0.00793956 -0.00739868 -0.0069615 -0.006486 -0.00739868 -0.00689171 -0.006486 -0.00604055 -0.0069615 -0.006486 -0.00597774 -0.00556851 -0.006486 -0.00604055 -0.00556851 -0.00518531 -0.00689171 -0.00641349 -0.00604055 -0.00562057 -0.00641349 -0.00595977 -0.00562057 -0.0052223 -0.00604055 -0.00562057 -0.00518531 -0.00482419 -0.00562057 -0.0052223 -0.00482419 -0.00448186 -0.00597774 -0.00556851 -0.00498907 -0.00464687 -0.00556851 -0.00518531 -0.00464687 -0.00432655 -0.00498907 -0.00464687 -0.00399626 -0.00372173 -0.00464687 -0.00432655 -0.00372173 -0.00346484 -0.00518531 -0.00482419 -0.00432655 -0.00402481 -0.00482419 -0.00448186 -0.00402481 -0.00373886 -0.00432655 -0.00402481 -0.00346484 -0.0032229 -0.00402481 -0.00373886 -0.0032229 -0.00299371 -0.00534073 -0.00496034 -0.00400913 -0.00372454 -0.00496034 -0.00461166 -0.00372454 -0.00346272 -0.00400913 -0.00372454 -0.00267431 -0.00248502 -0.00372454 -0.00346272 -0.00248502 -0.00231036 -0.00461166 -0.00429165 -0.00346272 -0.00322218 -0.00429165 -0.00399626 -0.00322218 -0.00300013 -0.00346272 -0.00322218 -0.00231036 -0.00214976 -0.00322218 -0.00300013 -0.00214976 -0.00200148 -0.00267431 -0.00248502 -0.00133759 -0.0012431 -0.00248502 -0.00231036 -0.0012431 -0.00115574 -0.00133759 -0.0012431 -7.27802e-18 2.22408e-17 -0.0012431 -0.00115574 2.22408e-17 5.25816e-17 -0.00231036 -0.00214976 -0.00115574 -0.00107537 -0.00214976 -0.00200148 -0.00107537 -0.00100116 -0.00115574 -0.00107537 5.25816e-17 7.50851e-17 -0.00107537 -0.00100116 7.50851e-17 7.80667e-17 -0.00399626 -0.00372173 -0.00300013 -0.00279378 -0.00372173 -0.00346484 -0.00279378 -0.00260073 -0.00300013 -0.00279378 -0.00200148 -0.0018637 -0.00279378 -0.00260073 -0.0018637 -0.00173482 -0.00346484 -0.0032229 -0.00260073 -0.00241897 -0.0032229 -0.00299371 -0.00241897 -0.00224681 -0.00260073 -0.00241897 -0.00173482 -0.0016135 -0.00241897 -0.00224681 -0.0016135 -0.00149861 -0.00200148 -0.0018637 -0.00100116 -0.000932207 -0.0018637 -0.00173482 -0.000932207 -0.000867714 -0.00100116 -0.000932207 7.80667e-17 5.13889e-17 -0.000932207 -0.000867714 5.13889e-17 -5.7048e-18 -0.00173482 -0.0016135 -0.000867714 -0.000807008 -0.0016135 -0.00149861 -0.000807008 -0.000749524 -0.000867714 -0.000807008 -5.7048e-18 -7.74944e-17 -0.000807008 -0.000749524 -7.74944e-17 -1.37372e-16 -0.00595977 -0.005527 -0.0052223 -0.00484259 -0.005527 -0.00511229 -0.00484259 -0.00447886 -0.0052223 -0.00484259 -0.00448186 -0.00415562 -0.00484259 -0.00447886 -0.00415562 -0.00384323 -0.00511229 -0.00471325 -0.00447886 -0.00412904 -0.00471325 -0.00432803 -0.00412904 -0.00379147 -0.00447886 -0.00412904 -0.00384323 -0.00354288 -0.00412904 -0.00379147 -0.00354288 -0.00325317 -0.00448186 -0.00415562 -0.00373886 -0.00346644 -0.00415562 -0.00384323 -0.00346644 -0.00320567 -0.00373886 -0.00346644 -0.00299371 -0.00277541 -0.00346644 -0.00320567 -0.00277541 -0.0025665 -0.00384323 -0.00354288 -0.00320567 -0.00295504 -0.00354288 -0.00325317 -0.00295504 -0.00271334 -0.00320567 -0.00295504 -0.0025665 -0.00236576 -0.00295504 -0.00271334 -0.00236576 -0.00217223 -0.00432803 -0.00395524 -0.00379147 -0.00346493 -0.00395524 -0.00359391 -0.00346493 -0.00314855 -0.00379147 -0.00346493 -0.00325317 -0.00297301 -0.00346493 -0.00314855 -0.00297301 -0.00270167 -0.00359391 -0.00324347 -0.00314855 -0.00284182 -0.00324347 -0.00290371 -0.00284182 -0.00254453 -0.00314855 -0.00284182 -0.00270167 -0.00243869 -0.00284182 -0.00254453 -0.00243869 -0.00218389 -0.00325317 -0.00297301 -0.00271334 -0.00247969 -0.00297301 -0.00270167 -0.00247969 -0.00225346 -0.00271334 -0.00247969 -0.00217223 -0.00198519 -0.00247969 -0.00225346 -0.00198519 -0.00180413 -0.00270167 -0.00243869 -0.00225346 -0.00203427 -0.00243869 -0.00218389 -0.00203427 -0.00182194 -0.00225346 -0.00203427 -0.00180413 -0.00162874 -0.00203427 -0.00182194 -0.00162874 -0.00145889 -0.00299371 -0.00277541 -0.00224681 -0.00208288 -0.00277541 -0.0025665 -0.00208288 -0.00192602 -0.00224681 -0.00208288 -0.00149861 -0.00138922 -0.00208288 -0.00192602 -0.00138922 -0.00128456 -0.0025665 -0.00236576 -0.00192602 -0.00177533 -0.00236576 -0.00217223 -0.00177533 -0.00163009 -0.00192602 -0.00177533 -0.00128456 -0.00118404 -0.00177533 -0.00163009 -0.00118404 -0.00108716 -0.00149861 -0.00138922 -0.000749524 -0.000694797 -0.00138922 -0.00128456 -0.000694797 -0.000642447 -0.000749524 -0.000694797 -1.37372e-16 -1.62409e-16 -0.000694797 -0.000642447 -1.62409e-16 -1.45151e-16 -0.00128456 -0.00118404 -0.000642447 -0.000592166 -0.00118404 -0.00108716 -0.000592166 -0.000543711 -0.000642447 -0.000592166 -1.45151e-16 -9.5759e-17 -0.000592166 -0.000543711 -9.5759e-17 -3.49433e-17 -0.00217223 -0.00198519 -0.00163009 -0.00148973 -0.00198519 -0.00180413 -0.00148973 -0.0013539 -0.00163009 -0.00148973 -0.00108716 -0.000993558 -0.00148973 -0.0013539 -0.000993558 -0.000902978 -0.00180413 -0.00162874 -0.0013539 -0.00122233 -0.00162874 -0.00145889 -0.00122233 -0.00109495 -0.0013539 -0.00122233 -0.000902978 -0.000815261 -0.00122233 -0.00109495 -0.000815261 -0.000730336 -0.00108716 -0.000993558 -0.000543711 -0.0004969 -0.000993558 -0.000902978 -0.0004969 -0.000451603 -0.000543711 -0.0004969 -3.49433e-17 1.78289e-17 -0.0004969 -0.000451603 1.78289e-17 5.09158e-17 -0.000902978 -0.000815261 -0.000451603 -0.000407742 -0.000815261 -0.000730336 -0.000407742 -0.00036528 -0.000451603 -0.000407742 5.09158e-17 6.15862e-17 -0.000407742 -0.00036528 6.15862e-17 5.27631e-17 -0.00290371 -0.0025747 -0.00254453 -0.00225675 -0.0025747 -0.00225678 -0.00225675 -0.00197873 -0.00254453 -0.00225675 -0.00218389 -0.00193731 -0.00225675 -0.00197873 -0.00193731 -0.00169921 -0.00225678 -0.00195058 -0.00197873 -0.00171077 -0.00195058 -0.00165731 -0.00171077 -0.00145188 -0.00197873 -0.00171077 -0.00169921 -0.00147006 -0.00171077 -0.00145188 -0.00147006 -0.00125078 -0.00218389 -0.00193731 -0.00182194 -0.00161652 -0.00193731 -0.00169921 -0.00161652 -0.00141822 -0.00182194 -0.00161652 -0.00145889 -0.00129459 -0.00161652 -0.00141822 -0.00129459 -0.00113601 -0.00169921 -0.00147006 -0.00141822 -0.00122748 -0.00147006 -0.00125078 -0.00122748 -0.00104516 -0.00141822 -0.00122748 -0.00113601 -0.000983458 -0.00122748 -0.00104516 -0.000983458 -0.00083724 -0.00165731 -0.00137954 -0.00145188 -0.00118943 -0.00137954 -0.00112275 -0.00118943 -0.000832895 -0.00145188 -0.00118943 -0.00125078 -0.001044 -0.00118943 -0.000832895 -0.001044 -0.000864475 -0.00112275 -0.000902281 -0.000832895 2.0479e-05 -0.000902281 -0.000916329 2.0479e-05 -0.00126878 -0.000832895 2.0479e-05 -0.000864475 -0.000763282 2.0479e-05 -0.00126878 -0.000763282 0.000618678 -0.00125078 -0.001044 -0.00104516 -0.000873584 -0.001044 -0.000864475 -0.000873584 -0.000721924 -0.00104516 -0.000873584 -0.00083724 -0.00069678 -0.000873584 -0.000721924 -0.00069678 -0.000551787 -0.000864475 -0.000763282 -0.000721924 -0.000588204 -0.000763282 0.000618678 -0.000588204 0.0011162 -0.000721924 -0.000588204 -0.000551787 -0.00029015 -0.000588204 0.0011162 -0.00029015 0.00106377 -0.00145889 -0.00129459 -0.00109495 -0.000971744 -0.00129459 -0.00113601 -0.000971744 -0.000852841 -0.00109495 -0.000971744 -0.000730336 -0.000648211 -0.000971744 -0.000852841 -0.000648211 -0.000568953 -0.00113601 -0.000983458 -0.000852841 -0.000738391 -0.000983458 -0.00083724 -0.000738391 -0.000628197 -0.000852841 -0.000738391 -0.000568953 -0.000492614 -0.000738391 -0.000628197 -0.000492614 -0.000418765 -0.000730336 -0.000648211 -0.00036528 -0.00032422 -0.000648211 -0.000568953 -0.00032422 -0.000284593 -0.00036528 -0.00032422 5.27631e-17 3.08734e-17 -0.00032422 -0.000284593 3.08734e-17 3.41906e-18 -0.000568953 -0.000492614 -0.000284593 -0.000246407 -0.000492614 -0.000418765 -0.000246407 -0.000209336 -0.000284593 -0.000246407 3.41906e-18 -2.165e-17 -0.000246407 -0.000209336 -2.165e-17 -3.57311e-17 -0.00083724 -0.00069678 -0.000628197 -0.000519198 -0.00069678 -0.000551787 -0.000519198 -0.000389259 -0.000628197 -0.000519198 -0.000418765 -0.000343672 -0.000519198 -0.000389259 -0.000343672 -0.000244679 -0.000551787 -0.00029015 -0.000389259 -9.94261e-05 -0.00029015 0.00106377 -9.94261e-05 0.000844984 -0.000389259 -9.94261e-05 -0.000244679 -1.33186e-05 -9.94261e-05 0.000844984 -1.33186e-05 0.000576385 -0.000418765 -0.000343672 -0.000209336 -0.000170917 -0.000343672 -0.000244679 -0.000170917 -0.000117334 -0.000209336 -0.000170917 -3.57311e-17 -3.15199e-17 -0.000170917 -0.000117334 -3.15199e-17 -9.85912e-18 -0.000244679 -1.33186e-05 -0.000117334 8.05191e-06 -1.33186e-05 0.000576385 8.05191e-06 0.000291075 -0.000117334 8.05191e-06 -9.85912e-18 1.06322e-18 8.05191e-06 0.000291075 1.06322e-18 -4.96456e-17 9.58725e-17 8.55387e-17 -0.00297614 -0.0016665 8.55387e-17 3.52082e-17 -0.0016665 9.92703e-05 -0.00297614 -0.0016665 -0.00618047 -0.0034038 -0.0016665 9.92703e-05 -0.0034038 0.000340591 3.52082e-17 -1.21072e-17 9.92703e-05 0.00114143 -1.21072e-17 -3.98771e-17 0.00114143 0.00152491 9.92703e-05 0.00114143 0.000340591 0.00238922 0.00114143 0.00152491 0.00238922 0.00309812 -0.00618047 -0.0034038 -0.00996136 -0.00525481 -0.0034038 0.000340591 -0.00525481 0.00090877 -0.00996136 -0.00525481 -0.0150521 -0.00708803 -0.00525481 0.00090877 -0.00708803 0.00206971 0.000340591 0.00238922 0.00090877 0.00384979 0.00238922 0.00309812 0.00384979 0.00476301 0.00090877 0.00384979 0.00206971 0.0056249 0.00384979 0.00476301 0.0056249 0.00655257 -3.98771e-17 -4.92477e-17 0.00152491 0.00158855 -4.92477e-17 -4.53226e-17 0.00158855 0.00153097 0.00152491 0.00158855 0.00309812 0.00319478 0.00158855 0.00153097 0.00319478 0.00306702 -4.53226e-17 -3.06171e-17 0.00153097 0.00143689 -3.06171e-17 -7.27802e-18 0.00143689 0.00133759 0.00153097 0.00143689 0.00306702 0.00287433 0.00143689 0.00133759 0.00287433 0.00267431 0.00309812 0.00319478 0.00476301 0.00483354 0.00319478 0.00306702 0.00483354 0.00461206 0.00476301 0.00483354 0.00655257 0.00651428 0.00483354 0.00461206 0.00651428 0.00616772 0.00306702 0.00287433 0.00461206 0.0043124 0.00287433 0.00267431 0.0043124 0.00400913 0.00461206 0.0043124 0.00616772 0.00575036 0.0043124 0.00400913 0.00575036 0.00534073 -0.0150521 -0.00708803 -0.0232409 -0.00796765 -0.00708803 0.00206971 -0.00796765 0.00418641 -0.0232409 -0.00796765 -0.0384042 -0.00405134 -0.00796765 0.00418641 -0.00405134 0.0077969 0.00206971 0.0056249 0.00418641 0.00779905 0.0056249 0.00655257 0.00779905 0.00848363 0.00418641 0.00779905 0.0077969 0.0104266 0.00779905 0.00848363 0.0104266 0.0105533 -0.0384042 -0.00405134 -0.0606203 0.0142443 -0.00405134 0.0077969 0.0142443 0.0144022 -0.0606203 0.0142443 0.019881 0.0200394 0.0142443 0.0144022 0.0200394 0.0182995 0.0077969 0.0104266 0.0144022 0.0136309 0.0104266 0.0105533 0.0136309 0.0127454 0.0144022 0.0136309 0.0182995 0.016496 0.0136309 0.0127454 0.016496 0.0149013 0.00655257 0.00651428 0.00848363 0.00823887 0.00651428 0.00616772 0.00823887 0.00773262 0.00848363 0.00823887 0.0105533 0.0100007 0.00823887 0.00773262 0.0100007 0.00930211 0.00616772 0.00575036 0.00773262 0.00718633 0.00575036 0.00534073 0.00718633 0.00666741 0.00773262 0.00718633 0.00930211 0.00861728 0.00718633 0.00666741 0.00861728 0.00798708 0.0105533 0.0100007 0.0127454 0.0117848 0.0100007 0.00930211 0.0117848 0.0108683 0.0127454 0.0117848 0.0149013 0.0135544 0.0117848 0.0108683 0.0135544 0.0124192 0.00930211 0.00861728 0.0108683 0.0100391 0.00861728 0.00798708 0.0100391 0.00929733 0.0108683 0.0100391 0.0124192 0.0114466 0.0100391 0.00929733 0.0114466 0.0105955 -7.27802e-18 2.22408e-17 0.00133759 0.0012431 2.22408e-17 5.25816e-17 0.0012431 0.00115574 0.00133759 0.0012431 0.00267431 0.00248502 0.0012431 0.00115574 0.00248502 0.00231036 5.25816e-17 7.50851e-17 0.00115574 0.00107537 7.50851e-17 7.80667e-17 0.00107537 0.00100116 0.00115574 0.00107537 0.00231036 0.00214976 0.00107537 0.00100116 0.00214976 0.00200148 0.00267431 0.00248502 0.00400913 0.00372454 0.00248502 0.00231036 0.00372454 0.00346272 0.00400913 0.00372454 0.00534073 0.00496034 0.00372454 0.00346272 0.00496034 0.00461166 0.00231036 0.00214976 0.00346272 0.00322218 0.00214976 0.00200148 0.00322218 0.00300013 0.00346272 0.00322218 0.00461166 0.00429165 0.00322218 0.00300013 0.00429165 0.00399626 7.80667e-17 5.13889e-17 0.00100116 0.000932207 5.13889e-17 -5.7048e-18 0.000932207 0.000867714 0.00100116 0.000932207 0.00200148 0.0018637 0.000932207 0.000867714 0.0018637 0.00173482 -5.7048e-18 -7.74944e-17 0.000867714 0.000807008 -7.74944e-17 -1.37372e-16 0.000807008 0.000749524 0.000867714 0.000807008 0.00173482 0.0016135 0.000807008 0.000749524 0.0016135 0.00149861 0.00200148 0.0018637 0.00300013 0.00279378 0.0018637 0.00173482 0.00279378 0.00260073 0.00300013 0.00279378 0.00399626 0.00372173 0.00279378 0.00260073 0.00372173 0.00346484 0.00173482 0.0016135 0.00260073 0.00241897 0.0016135 0.00149861 0.00241897 0.00224681 0.00260073 0.00241897 0.00346484 0.0032229 0.00241897 0.00224681 0.0032229 0.00299371 0.00534073 0.00496034 0.00666741 0.00619101 0.00496034 0.00461166 0.00619101 0.005756 0.00666741 0.00619101 0.00798708 0.00741501 0.00619101 0.005756 0.00741501 0.00689456 0.00461166 0.00429165 0.005756 0.00535718 0.00429165 0.00399626 0.00535718 0.00498907 0.005756 0.00535718 0.00689456 0.00641781 0.00535718 0.00498907 0.00641781 0.00597774 0.00798708 0.00741501 0.00929733 0.00863074 0.00741501 0.00689456 0.00863074 0.00802613 0.00929733 0.00863074 0.0105955 0.00983654 0.00863074 0.00802613 0.00983654 0.00914953 0.00689456 0.00641781 0.00802613 0.00747259 0.00641781 0.00597774 0.00747259 0.0069615 0.00802613 0.00747259 0.00914953 0.00852058 0.00747259 0.0069615 0.00852058 0.00793956 0.00399626 0.00372173 0.00498907 0.00464687 0.00372173 0.00346484 0.00464687 0.00432655 0.00498907 0.00464687 0.00597774 0.00556851 0.00464687 0.00432655 0.00556851 0.00518531 0.00346484 0.0032229 0.00432655 0.00402481 0.0032229 0.00299371 0.00402481 0.00373886 0.00432655 0.00402481 0.00518531 0.00482419 0.00402481 0.00373886 0.00482419 0.00448186 0.00597774 0.00556851 0.0069615 0.006486 0.00556851 0.00518531 0.006486 0.00604055 0.0069615 0.006486 0.00793956 0.00739868 0.006486 0.00604055 0.00739868 0.00689171 0.00518531 0.00482419 0.00604055 0.00562057 0.00482419 0.00448186 0.00562057 0.0052223 0.00604055 0.00562057 0.00689171 0.00641349 0.00562057 0.0052223 0.00641349 0.00595977 -1.37372e-16 -1.62409e-16 0.000749524 0.000694797 -1.62409e-16 -1.45151e-16 0.000694797 0.000642447 0.000749524 0.000694797 0.00149861 0.00138922 0.000694797 0.000642447 0.00138922 0.00128456 -1.45151e-16 -9.5759e-17 0.000642447 0.000592166 -9.5759e-17 -3.49433e-17 0.000592166 0.000543711 0.000642447 0.000592166 0.00128456 0.00118404 0.000592166 0.000543711 0.00118404 0.00108716 0.00149861 0.00138922 0.00224681 0.00208288 0.00138922 0.00128456 0.00208288 0.00192602 0.00224681 0.00208288 0.00299371 0.00277541 0.00208288 0.00192602 0.00277541 0.0025665 0.00128456 0.00118404 0.00192602 0.00177533 0.00118404 0.00108716 0.00177533 0.00163009 0.00192602 0.00177533 0.0025665 0.00236576 0.00177533 0.00163009 0.00236576 0.00217223 -3.49433e-17 1.78289e-17 0.000543711 0.0004969 1.78289e-17 5.09158e-17 0.0004969 0.000451603 0.000543711 0.0004969 0.00108716 0.000993558 0.0004969 0.000451603 0.000993558 0.000902978 5.09158e-17 6.15862e-17 0.000451603 0.000407742 6.15862e-17 5.27631e-17 0.000407742 0.00036528 0.000451603 0.000407742 0.000902978 0.000815261 0.000407742 0.00036528 0.000815261 0.000730336 0.00108716 0.000993558 0.00163009 0.00148973 0.000993558 0.000902978 0.00148973 0.0013539 0.00163009 0.00148973 0.00217223 0.00198519 0.00148973 0.0013539 0.00198519 0.00180413 0.000902978 0.000815261 0.0013539 0.00122233 0.000815261 0.000730336 0.00122233 0.00109495 0.0013539 0.00122233 0.00180413 0.00162874 0.00122233 0.00109495 0.00162874 0.00145889 0.00299371 0.00277541 0.00373886 0.00346644 0.00277541 0.0025665 0.00346644 0.00320567 0.00373886 0.00346644 0.00448186 0.00415562 0.00346644 0.00320567 0.00415562 0.00384323 0.0025665 0.00236576 0.00320567 0.00295504 0.00236576 0.00217223 0.00295504 0.00271334 0.00320567 0.00295504 0.00384323 0.00354288 0.00295504 0.00271334 0.00354288 0.00325317 0.00448186 0.00415562 0.0052223 0.00484259 0.00415562 0.00384323 0.00484259 0.00447886 0.0052223 0.00484259 0.00595977 0.005527 0.00484259 0.00447886 0.005527 0.00511229 0.00384323 0.00354288 0.00447886 0.00412904 0.00354288 0.00325317 0.00412904 0.00379147 0.00447886 0.00412904 0.00511229 0.00471325 0.00412904 0.00379147 0.00471325 0.00432803 0.00217223 0.00198519 0.00271334 0.00247969 0.00198519 0.00180413 0.00247969 0.00225346 0.00271334 0.00247969 0.00325317 0.00297301 0.00247969 0.00225346 0.00297301 0.00270167 0.00180413 0.00162874 0.00225346 0.00203427 0.00162874 0.00145889 0.00203427 0.00182194 0.00225346 0.00203427 0.00270167 0.00243869 0.00203427 0.00182194 0.00243869 0.00218389 0.00325317 0.00297301 0.00379147 0.00346493 0.00297301 0.00270167 0.00346493 0.00314855 0.00379147 0.00346493 0.00432803 0.00395524 0.00346493 0.00314855 0.00395524 0.00359391 0.00270167 0.00243869 0.00314855 0.00284182 0.00243869 0.00218389 0.00284182 0.00254453 0.00314855 0.00284182 0.00359391 0.00324347 0.00284182 0.00254453 0.00324347 0.00290371 5.27631e-17 3.08734e-17 0.00036528 0.00032422 3.08734e-17 3.41906e-18 0.00032422 0.000284593 0.00036528 0.00032422 0.000730336 0.000648211 0.00032422 0.000284593 0.000648211 0.000568953 3.41906e-18 -2.165e-17 0.000284593 0.000246407 -2.165e-17 -3.57311e-17 0.000246407 0.000209336 0.000284593 0.000246407 0.000568953 0.000492614 0.000246407 0.000209336 0.000492614 0.000418765 0.000730336 0.000648211 0.00109495 0.000971744 0.000648211 0.000568953 0.000971744 0.000852841 0.00109495 0.000971744 0.00145889 0.00129459 0.000971744 0.000852841 0.00129459 0.00113601 0.000568953 0.000492614 0.000852841 0.000738391 0.000492614 0.000418765 0.000738391 0.000628197 0.000852841 0.000738391 0.00113601 0.000983458 0.000738391 0.000628197 0.000983458 0.00083724 -3.57311e-17 -3.15199e-17 0.000209336 0.000170917 -3.15199e-17 -9.85912e-18 0.000170917 0.000117334 0.000209336 0.000170917 0.000418765 0.000343672 0.000170917 0.000117334 0.000343672 0.000244679 -9.85912e-18 1.06322e-18 0.000117334 -8.05191e-06 1.06322e-18 -4.96456e-17 -8.05191e-06 -0.000291075 0.000117334 -8.05191e-06 0.000244679 1.33186e-05 -8.05191e-06 -0.000291075 1.33186e-05 -0.000576385 0.000418765 0.000343672 0.000628197 0.000519198 0.000343672 0.000244679 0.000519198 0.000389259 0.000628197 0.000519198 0.00083724 0.00069678 0.000519198 0.000389259 0.00069678 0.000551787 0.000244679 1.33186e-05 0.000389259 9.94261e-05 1.33186e-05 -0.000576385 9.94261e-05 -0.000844984 0.000389259 9.94261e-05 0.000551787 0.00029015 9.94261e-05 -0.000844984 0.00029015 -0.00106377 0.00145889 0.00129459 0.00182194 0.00161652 0.00129459 0.00113601 0.00161652 0.00141822 0.00182194 0.00161652 0.00218389 0.00193731 0.00161652 0.00141822 0.00193731 0.00169921 0.00113601 0.000983458 0.00141822 0.00122748 0.000983458 0.00083724 0.00122748 0.00104516 0.00141822 0.00122748 0.00169921 0.00147006 0.00122748 0.00104516 0.00147006 0.00125078 0.00218389 0.00193731 0.00254453 0.00225675 0.00193731 0.00169921 0.00225675 0.00197873 0.00254453 0.00225675 0.00290371 0.0025747 0.00225675 0.00197873 0.0025747 0.00225678 0.00169921 0.00147006 0.00197873 0.00171077 0.00147006 0.00125078 0.00171077 0.00145188 0.00197873 0.00171077 0.00225678 0.00195058 0.00171077 0.00145188 0.00195058 0.00165731 0.00083724 0.00069678 0.00104516 0.000873584 0.00069678 0.000551787 0.000873584 0.000721924 0.00104516 0.000873584 0.00125078 0.001044 0.000873584 0.000721924 0.001044 0.000864475 0.000551787 0.00029015 0.000721924 0.000588204 0.00029015 -0.00106377 0.000588204 -0.0011162 0.000721924 0.000588204 0.000864475 0.000763282 0.000588204 -0.0011162 0.000763282 -0.000618678 0.00125078 0.001044 0.00145188 0.00118943 0.001044 0.000864475 0.00118943 0.000832895 0.00145188 0.00118943 0.00165731 0.00137954 0.00118943 0.000832895 0.00137954 0.00112275 0.000864475 0.000763282 0.000832895 -2.0479e-05 0.000763282 -0.000618678 -2.0479e-05 0.00126878 0.000832895 -2.0479e-05 0.00112275 0.000902281 -2.0479e-05 0.00126878 0.000902281 0.000916329 0.019881 0.0200394 0.019725 0.0193771 0.0200394 0.0182995 0.0193771 0.017998 0.019725 0.0193771 0.0191902 0.0188154 0.0193771 0.017998 0.0188154 0.0177137 0.0182995 0.016496 0.017998 0.0164301 0.016496 0.0149013 0.0164301 0.0149589 0.017998 0.0164301 0.0177137 0.0163454 0.0164301 0.0149589 0.0163454 0.0149876 0.0191902 0.0188154 0.018721 0.0183874 0.0188154 0.0177137 0.0183874 0.0174665 0.018721 0.0183874 0.018353 0.0180612 0.0183874 0.0174665 0.0180612 0.0172629 0.0177137 0.0163454 0.0174665 0.0162565 0.0163454 0.0149876 0.0162565 0.0149969 0.0174665 0.0162565 0.0172629 0.0161736 0.0162565 0.0149969 0.0161736 0.0149948 0.0149013 0.0135544 0.0149589 0.0136628 0.0135544 0.0124192 0.0136628 0.0125392 0.0149589 0.0136628 0.0149876 0.0137436 0.0136628 0.0125392 0.0137436 0.0126362 0.0124192 0.0114466 0.0125392 0.0115602 0.0114466 0.0105955 0.0115602 0.0106962 0.0125392 0.0115602 0.0126362 0.0116554 0.0115602 0.0106962 0.0116554 0.0107824 0.0149876 0.0137436 0.0149969 0.0138021 0.0137436 0.0126362 0.0138021 0.0127127 0.0149969 0.0138021 0.0149948 0.0138432 0.0138021 0.0127127 0.0138432 0.0127715 0.0126362 0.0116554 0.0127127 0.0117335 0.0116554 0.0107824 0.0117335 0.0108544 0.0127127 0.0117335 0.0127715 0.0117954 0.0117335 0.0108544 0.0117954 0.0109126 0.018353 0.0180612 0.0180795 0.0178195 0.0180612 0.0172629 0.0178195 0.0171049 0.0180795 0.0178195 0.017891 0.0176525 0.0178195 0.0171049 0.0176525 0.0169927 0.0172629 0.0161736 0.0171049 0.0161036 0.0161736 0.0149948 0.0161036 0.0149873 0.0171049 0.0161036 0.0169927 0.0160509 0.0161036 0.0149873 0.0160509 0.0149789 0.017891 0.0176525 0.0177807 0.0175545 0.0176525 0.0169927 0.0175545 0.0169257 0.0177807 0.0175545 0.0177443 0.0175222 0.0175545 0.0169257 0.0175222 0.0169034 0.0169927 0.0160509 0.0169257 0.0160184 0.0160509 0.0149789 0.0160184 0.0149728 0.0169257 0.0160184 0.0169034 0.0160074 0.0160184 0.0149728 0.0160074 0.0149705 0.0149948 0.0138432 0.0149873 0.013871 0.0138432 0.0127715 0.013871 0.0128147 0.0149873 0.013871 0.0149789 0.0138885 0.013871 0.0128147 0.0138885 0.0128443 0.0127715 0.0117954 0.0128147 0.0118424 0.0117954 0.0109126 0.0118424 0.0109573 0.0128147 0.0118424 0.0128443 0.0118752 0.0118424 0.0109573 0.0118752 0.010989 0.0149789 0.0138885 0.0149728 0.0138982 0.0138885 0.0128443 0.0138982 0.0128614 0.0149728 0.0138982 0.0149705 0.0139013 0.0138982 0.0128614 0.0139013 0.012867 0.0128443 0.0118752 0.0128614 0.0118946 0.0118752 0.010989 0.0118946 0.0110079 0.0128614 0.0118946 0.012867 0.011901 0.0118946 0.0110079 0.011901 0.0110142 0.0105955 0.00983654 0.0106962 0.00992332 0.00983654 0.00914953 0.00992332 0.00922346 0.0106962 0.00992332 0.0107824 0.00999845 0.00992332 0.00922346 0.00999845 0.00928785 0.00914953 0.00852058 0.00922346 0.00858332 0.00852058 0.00793956 0.00858332 0.00799278 0.00922346 0.00858332 0.00928785 0.00863812 0.00858332 0.00799278 0.00863812 0.00803933 0.0107824 0.00999845 0.0108544 0.0100619 0.00999845 0.00928785 0.0100619 0.00934252 0.0108544 0.0100619 0.0109126 0.0101136 0.0100619 0.00934252 0.0101136 0.00938737 0.00928785 0.00863812 0.00934252 0.0086848 0.00863812 0.00803933 0.0086848 0.00807905 0.00934252 0.0086848 0.00938737 0.0087232 0.0086848 0.00807905 0.0087232 0.00811175 0.00793956 0.00739868 0.00799278 0.00744388 0.00739868 0.00689171 0.00744388 0.00693016 0.00799278 0.00744388 0.00803933 0.00748344 0.00744388 0.00693016 0.00748344 0.00696384 0.00689171 0.00641349 0.00693016 0.00644632 0.00641349 0.00595977 0.00644632 0.00598793 0.00693016 0.00644632 0.00696384 0.00647508 0.00644632 0.00598793 0.00647508 0.00601262 0.00803933 0.00748344 0.00807905 0.00751721 0.00748344 0.00696384 0.00751721 0.0069926 0.00807905 0.00751721 0.00811175 0.00754504 0.00751721 0.0069926 0.00754504 0.00701631 0.00696384 0.00647508 0.0069926 0.00649965 0.00647508 0.00601262 0.00649965 0.00603371 0.0069926 0.00649965 0.00701631 0.00651991 0.00649965 0.00603371 0.00651991 0.00605111 0.0109126 0.0101136 0.0109573 0.0101538 0.0101136 0.00938737 0.0101538 0.0094223 0.0109573 0.0101538 0.010989 0.0101823 0.0101538 0.0094223 0.0101823 0.00944728 0.00938737 0.0087232 0.0094223 0.00875318 0.0087232 0.00811175 0.00875318 0.00813732 0.0094223 0.00875318 0.00944728 0.00877465 0.00875318 0.00813732 0.00877465 0.00815565 0.010989 0.0101823 0.0110079 0.0101995 0.0101823 0.00944728 0.0101995 0.00946227 0.0110079 0.0101995 0.0110142 0.0102052 0.0101995 0.00946227 0.0102052 0.00946727 0.00944728 0.00877465 0.00946227 0.00878755 0.00877465 0.00815565 0.00878755 0.00816668 0.00946227 0.00878755 0.00946727 0.00879186 0.00878755 0.00816668 0.00879186 0.00817036 0.00811175 0.00754504 0.00813732 0.00756681 0.00754504 0.00701631 0.00756681 0.00703486 0.00813732 0.00756681 0.00815565 0.00758243 0.00756681 0.00703486 0.00758243 0.00704817 0.00701631 0.00651991 0.00703486 0.00653576 0.00651991 0.00605111 0.00653576 0.00606472 0.00703486 0.00653576 0.00704817 0.00654714 0.00653576 0.00606472 0.00654714 0.0060745 0.00815565 0.00758243 0.00816668 0.00759182 0.00758243 0.00704817 0.00759182 0.00705618 0.00816668 0.00759182 0.00817036 0.00759496 0.00759182 0.00705618 0.00759496 0.00705886 0.00704817 0.00654714 0.00705618 0.00655399 0.00654714 0.0060745 0.00655399 0.00608038 0.00705618 0.00655399 0.00705886 0.00655627 0.00655399 0.00608038 0.00655627 0.00608234 0.00595977 0.005527 0.00598793 0.00555135 0.005527 0.00511229 0.00555135 0.00513356 0.00598793 0.00555135 0.00601262 0.0055727 0.00555135 0.00513356 0.0055727 0.00515223 0.00511229 0.00471325 0.00513356 0.00473213 0.00471325 0.00432803 0.00473213 0.00434517 0.00513356 0.00473213 0.00515223 0.00474872 0.00473213 0.00434517 0.00474872 0.00436024 0.00601262 0.0055727 0.00603371 0.00559094 0.0055727 0.00515223 0.00559094 0.00516819 0.00603371 0.00559094 0.00605111 0.00560599 0.00559094 0.00516819 0.00560599 0.00518136 0.00515223 0.00474872 0.00516819 0.00476291 0.00474872 0.00436024 0.00476291 0.00437315 0.00516819 0.00476291 0.00518136 0.00477463 0.00476291 0.00437315 0.00477463 0.00438382 0.00432803 0.00395524 0.00434517 0.00397125 0.00395524 0.00359391 0.00397125 0.00360942 0.00434517 0.00397125 0.00436024 0.00398536 0.00397125 0.00360942 0.00398536 0.00362311 0.00359391 0.00324347 0.00360942 0.00325914 0.00324347 0.00290371 0.00325914 0.00292029 0.00360942 0.00325914 0.00362311 0.00327301 0.00325914 0.00292029 0.00327301 0.00293504 0.00436024 0.00398536 0.00437315 0.00399745 0.00398536 0.00362311 0.00399745 0.00363487 0.00437315 0.00399745 0.00438382 0.00400745 0.00399745 0.00363487 0.00400745 0.00364461 0.00362311 0.00327301 0.00363487 0.00328496 0.00327301 0.00293504 0.00328496 0.00294779 0.00363487 0.00328496 0.00364461 0.00329487 0.00328496 0.00294779 0.00329487 0.00295841 0.00605111 0.00560599 0.00606472 0.00561778 0.00560599 0.00518136 0.00561778 0.00519168 0.00606472 0.00561778 0.0060745 0.00562624 0.00561778 0.00519168 0.00562624 0.00519908 0.00518136 0.00477463 0.00519168 0.00478381 0.00477463 0.00438382 0.00478381 0.00439218 0.00519168 0.00478381 0.00519908 0.00479041 0.00478381 0.00439218 0.00479041 0.00439818 0.0060745 0.00562624 0.00608038 0.00563133 0.00562624 0.00519908 0.00563133 0.00520354 0.00608038 0.00563133 0.00608234 0.00563303 0.00563133 0.00520354 0.00563303 0.00520503 0.00519908 0.00479041 0.00520354 0.00479438 0.00479041 0.00439818 0.00479438 0.0044018 0.00520354 0.00479438 0.00520503 0.0047957 0.00479438 0.0044018 0.0047957 0.00440301 0.00438382 0.00400745 0.00439218 0.0040153 0.00400745 0.00364461 0.0040153 0.00365225 0.00439218 0.0040153 0.00439818 0.00402094 0.0040153 0.00365225 0.00402094 0.00365776 0.00364461 0.00329487 0.00365225 0.00330267 0.00329487 0.00295841 0.00330267 0.00296679 0.00365225 0.00330267 0.00365776 0.0033083 0.00330267 0.00296679 0.0033083 0.00297283 0.00439818 0.00402094 0.0044018 0.00402434 0.00402094 0.00365776 0.00402434 0.00366108 0.0044018 0.00402434 0.00440301 0.00402547 0.00402434 0.00366108 0.00402547 0.00366219 0.00365776 0.0033083 0.00366108 0.00331169 0.0033083 0.00297283 0.00331169 0.00297649 0.00366108 0.00331169 0.00366219 0.00331282 0.00331169 0.00297649 0.00331282 0.00297771 0.00290371 0.0025747 0.00292029 0.00259315 0.0025747 0.00225678 0.00259315 0.00227844 0.00292029 0.00259315 0.00293504 0.00260968 0.00259315 0.00227844 0.00260968 0.002298 0.00225678 0.00195058 0.00227844 0.00197746 0.00195058 0.00165731 0.00197746 0.0016925 0.00227844 0.00197746 0.002298 0.00200189 0.00197746 0.0016925 0.00200189 0.00172463 0.00293504 0.00260968 0.00294779 0.00262404 0.00260968 0.002298 0.00262404 0.00231508 0.00294779 0.00262404 0.00295841 0.00263604 0.00262404 0.00231508 0.00263604 0.00232944 0.002298 0.00200189 0.00231508 0.00202336 0.00200189 0.00172463 0.00202336 0.00175291 0.00231508 0.00202336 0.00232944 0.00204145 0.00202336 0.00175291 0.00204145 0.00177678 0.00165731 0.00137954 0.0016925 0.0014278 0.00137954 0.00112275 0.0014278 0.00119169 0.0016925 0.0014278 0.00172463 0.00147188 0.0014278 0.00119169 0.00147188 0.00125427 0.00112275 0.000902281 0.00119169 0.00100552 0.000902281 0.000916329 0.00100552 0.00095705 0.00119169 0.00100552 0.00125427 0.0010958 0.00100552 0.00095705 0.0010958 0.0010427 0.00172463 0.00147188 0.00175291 0.00151053 0.00147188 0.00125427 0.00151053 0.001308 0.00175291 0.00151053 0.00177678 0.00154294 0.00151053 0.001308 0.00154294 0.00135214 0.00125427 0.0010958 0.001308 0.0011674 0.0010958 0.0010427 0.0011674 0.00111799 0.001308 0.0011674 0.00135214 0.00122356 0.0011674 0.00111799 0.00122356 0.00117818 0.00295841 0.00263604 0.00296679 0.00264555 0.00263604 0.00232944 0.00264555 0.00234084 0.00296679 0.00264555 0.00297283 0.00265242 0.00264555 0.00234084 0.00265242 0.00234911 0.00232944 0.00204145 0.00234084 0.00205586 0.00204145 0.00177678 0.00205586 0.00179578 0.00234084 0.00205586 0.00234911 0.00206634 0.00205586 0.00179578 0.00206634 0.00180957 0.00297283 0.00265242 0.00297649 0.00265658 0.00265242 0.00234911 0.00265658 0.00235412 0.00297649 0.00265658 0.00297771 0.00265798 0.00265658 0.00235412 0.00265798 0.0023558 0.00234911 0.00206634 0.00235412 0.00207269 0.00206634 0.00180957 0.00207269 0.00181794 0.00235412 0.00207269 0.0023558 0.00207482 0.00207269 0.00181794 0.00207482 0.00182074 0.00177678 0.00154294 0.00179578 0.00156859 0.00154294 0.00135214 0.00156859 0.00138643 0.00179578 0.00156859 0.00180957 0.00158711 0.00156859 0.00138643 0.00158711 0.00141086 0.00135214 0.00122356 0.00138643 0.00126605 0.00122356 0.00117818 0.00126605 0.00122378 0.00138643 0.00126605 0.00141086 0.00129583 0.00126605 0.00122378 0.00129583 0.00125568 0.00180957 0.00158711 0.00181794 0.0015983 0.00158711 0.00141086 0.0015983 0.00142548 0.00181794 0.0015983 0.00182074 0.00160204 0.0015983 0.00142548 0.00160204 0.00143035 0.00141086 0.00129583 0.00142548 0.0013135 0.00129583 0.00125568 0.0013135 0.00127455 0.00142548 0.0013135 0.00143035 0.00131935 0.0013135 0.00127455 0.00131935 0.0012808 
SCALARS conc double 1
LOOKUP_TABLE default
1 1 0 0.00578262 1 1 0.00578262 0.00660841 0 0.00578262 0 0.00586772 0.00578262 0.00660841 0.00586772 0.00820328 1 1 0.00660841 0.00679679 1 1 0.00679679 0.00634121 0.00660841 0.00679679 0.00820328 0.00836984 0.00679679 0.00634121 0.00836984 0.00744462 0 0.00586772 0 0.0066748 0.00586772 0.00820328 0.0066748 0.00988193 0 0.0066748 0 0.00809617 0.0066748 0.00988193 0.00809617 0.0118824 0.00820328 0.00836984 0.00988193 0.00998935 0.00836984 0.00744462 0.00998935 0.0085001 0.00988193 0.00998935 0.0118824 0.0116843 0.00998935 0.0085001 0.0116843 0.00954114 1 1 0.00634121 0.0056483 1 1 0.0056483 0.00490215 0.00634121 0.0056483 0.00744462 0.00604437 0.0056483 0.00490215 0.00604437 0.00455722 1 1 0.00490215 0.00421446 1 1 0.00421446 0.00364949 0.00490215 0.00421446 0.00455722 0.00319028 0.00421446 0.00364949 0.00319028 0.00206938 0.00744462 0.00604437 0.0085001 0.00638578 0.00604437 0.00455722 0.00638578 0.00416943 0.0085001 0.00638578 0.00954114 0.00670114 0.00638578 0.00416943 0.00670114 0.00377769 0.00455722 0.00319028 0.00416943 0.00214438 0.00319028 0.00206938 0.00214438 0.000488686 0.00416943 0.00214438 0.00377769 0.00112666 0.00214438 0.000488686 0.00112666 -0.00103171 0 0.00809617 0 0.0102735 0.00809617 0.0118824 0.0102735 0.0143418 0 0.0102735 0 0.0136216 0.0102735 0.0143418 0.0136216 0.0173263 0.0118824 0.0116843 0.0143418 0.0134759 0.0116843 0.00954114 0.0134759 0.0105831 0.0143418 0.0134759 0.0173263 0.0153349 0.0134759 0.0105831 0.0153349 0.0116329 0 0.0136216 0 0.019061 0.0136216 0.0173263 0.019061 0.0206848 0 0.019061 0 0.0286939 0.019061 0.0206848 0.0286939 0.0234718 0.0173263 0.0153349 0.0206848 0.0171926 0.0153349 0.0116329 0.0171926 0.0126917 0.0206848 0.0171926 0.0234718 0.019145 0.0171926 0.0126917 0.019145 0.0137033 0.00954114 0.00670114 0.0105831 0.00701622 0.00670114 0.00377769 0.00701622 0.00341823 0.0105831 0.00701622 0.0116329 0.0073498 0.00701622 0.00341823 0.0073498 0.00312407 0.00377769 0.00112666 0.00341823 0.000185882 0.00112666 -0.00103171 0.000185882 -0.00243208 0.00341823 0.000185882 0.00312407 -0.000631687 0.000185882 -0.00243208 -0.000631687 -0.00365498 0.0116329 0.0073498 0.0126917 0.00771094 0.0073498 0.00312407 0.00771094 0.00292478 0.0126917 0.00771094 0.0137033 0.0081126 0.00771094 0.00292478 0.0081126 0.00284272 0.00312407 -0.000631687 0.00292478 -0.00128338 -0.000631687 -0.00365498 -0.00128338 -0.00464632 0.00292478 -0.00128338 0.00284272 -0.00173012 -0.00128338 -0.00464632 -0.00173012 -0.00535652 1 1 0.00364949 0.00324727 1 1 0.00324727 0.00303153 0.00364949 0.00324727 0.00206938 0.00127203 0.00324727 0.00303153 0.00127203 0.000844543 1 1 0.00303153 0.00301397 1 1 0.00301397 0.00319633 0.00303153 0.00301397 0.000844543 0.00080965 0.00301397 0.00319633 0.00080965 0.00117051 0.00206938 0.00127203 0.000488686 -0.000686502 0.00127203 0.000844543 -0.000686502 -0.00131473 0.000488686 -0.000686502 -0.00103171 -0.00255883 -0.000686502 -0.00131473 -0.00255883 -0.00337131 0.000844543 0.00080965 -0.00131473 -0.00136344 0.00080965 0.00117051 -0.00136344 -0.000828571 -0.00131473 -0.00136344 -0.00337131 -0.00342853 -0.00136344 -0.000828571 -0.00342853 -0.00272625 1 1 0.00319633 0.00357154 1 1 0.00357154 0.00412466 0.00319633 0.00357154 0.00117051 0.001913 0.00357154 0.00412466 0.001913 0.00300742 1 1 0.00412466 0.0048337 1 1 0.0048337 0.0056706 0.00412466 0.0048337 0.00300742 0.00441017 0.0048337 0.0056706 0.00441017 0.00606567 0.00117051 0.001913 -0.000828571 0.000268674 0.001913 0.00300742 0.000268674 0.00188425 -0.000828571 0.000268674 -0.00272625 -0.00129277 0.000268674 0.00188425 -0.00129277 0.000814145 0.00300742 0.00441017 0.00188425 0.00395372 0.00441017 0.00606567 0.00395372 0.00639499 0.00188425 0.00395372 0.000814145 0.00351032 0.00395372 0.00639499 0.00351032 0.00668872 -0.00103171 -0.00255883 -0.00243208 -0.00427662 -0.00255883 -0.00337131 -0.00427662 -0.00525146 -0.00243208 -0.00427662 -0.00365498 -0.00577394 -0.00427662 -0.00525146 -0.00577394 -0.006884 -0.00337131 -0.00342853 -0.00525146 -0.00531009 -0.00342853 -0.00272625 -0.00531009 -0.004449 -0.00525146 -0.00531009 -0.006884 -0.00693518 -0.00531009 -0.004449 -0.00693518 -0.00592571 -0.00365498 -0.00577394 -0.00464632 -0.00698853 -0.00577394 -0.006884 -0.00698853 -0.00820161 -0.00464632 -0.00698853 -0.00535652 -0.00786279 -0.00698853 -0.00820161 -0.00786279 -0.00914199 -0.006884 -0.00693518 -0.00820161 -0.00823477 -0.00693518 -0.00592571 -0.00823477 -0.00708899 -0.00820161 -0.00823477 -0.00914199 -0.00914493 -0.00823477 -0.00708899 -0.00914493 -0.0078764 -0.00272625 -0.00129277 -0.004449 -0.00270352 -0.00129277 0.000814145 -0.00270352 -0.000144339 -0.004449 -0.00270352 -0.00592571 -0.00389784 -0.00270352 -0.000144339 -0.00389784 -0.000934181 0.000814145 0.00351032 -0.000144339 0.0031261 0.00351032 0.00668872 0.0031261 0.00697783 -0.000144339 0.0031261 -0.000934181 0.00284637 0.0031261 0.00697783 0.00284637 0.00729341 -0.00592571 -0.00389784 -0.00708899 -0.00481329 -0.00389784 -0.000934181 -0.00481329 -0.00150097 -0.00708899 -0.00481329 -0.0078764 -0.00539189 -0.00481329 -0.00150097 -0.00539189 -0.00179394 -0.000934181 0.00284637 -0.00150097 0.00271475 0.00284637 0.00729341 0.00271475 0.00766593 -0.00150097 0.00271475 -0.00179394 0.00277227 0.00271475 0.00766593 0.00277227 0.00812458 1 1 0.0056706 0.00660227 1 1 0.00660227 0.00759181 0.0056706 0.00660227 0.00606567 0.0079084 0.00660227 0.00759181 0.0079084 0.00986533 1 1 0.00759181 0.00859979 1 1 0.00859979 0.00958556 0.00759181 0.00859979 0.00986533 0.0118584 0.00859979 0.00958556 0.0118584 0.0138073 0.00606567 0.0079084 0.00639499 0.00911143 0.0079084 0.00986533 0.00911143 0.0119953 0.00639499 0.00911143 0.00668872 0.0102235 0.00911143 0.0119953 0.0102235 0.0139744 0.00986533 0.0118584 0.0119953 0.0149317 0.0118584 0.0138073 0.0149317 0.0178022 0.0119953 0.0149317 0.0139744 0.0177921 0.0149317 0.0178022 0.0177921 0.0215225 1 1 0.00958556 0.0105085 1 1 0.0105085 0.0113292 0.00958556 0.0105085 0.0138073 0.0156317 0.0105085 0.0113292 0.0156317 0.0172535 1 1 0.0113292 0.01201 1 1 0.01201 0.0125156 0.0113292 0.01201 0.0172535 0.0185988 0.01201 0.0125156 0.0185988 0.0195978 0.0138073 0.0156317 0.0178022 0.0204885 0.0156317 0.0172535 0.0204885 0.0228761 0.0178022 0.0204885 0.0215225 0.0250123 0.0204885 0.0228761 0.0250123 0.0281128 0.0172535 0.0185988 0.0228761 0.0248562 0.0185988 0.0195978 0.0248562 0.0263268 0.0228761 0.0248562 0.0281128 0.0306836 0.0248562 0.0263268 0.0306836 0.0325935 0.00668872 0.0102235 0.00697783 0.0112583 0.0102235 0.0139744 0.0112583 0.0157977 0.00697783 0.0112583 0.00729341 0.0122307 0.0112583 0.0157977 0.0122307 0.0174624 0.0139744 0.0177921 0.0157977 0.0204152 0.0177921 0.0215225 0.0204152 0.0249247 0.0157977 0.0204152 0.0174624 0.0227801 0.0204152 0.0249247 0.0227801 0.0279696 0.00729341 0.0122307 0.00766593 0.0131562 0.0122307 0.0174624 0.0131562 0.0189678 0.00766593 0.0131562 0.00812458 0.0140505 0.0131562 0.0189678 0.0140505 0.020315 0.0174624 0.0227801 0.0189678 0.0248692 0.0227801 0.0279696 0.0248692 0.0306232 0.0189678 0.0248692 0.020315 0.0266686 0.0248692 0.0306232 0.0266686 0.0328561 0.0215225 0.0250123 0.0249247 0.029141 0.0250123 0.0281128 0.029141 0.0328853 0.0249247 0.029141 0.0279696 0.0328185 0.029141 0.0328853 0.0328185 0.0371214 0.0281128 0.0306836 0.0328853 0.0359887 0.0306836 0.0325935 0.0359887 0.0382947 0.0328853 0.0359887 0.0371214 0.0406858 0.0359887 0.0382947 0.0406858 0.0433346 0.0279696 0.0328185 0.0306232 0.0359943 0.0328185 0.0371214 0.0359943 0.0407563 0.0306232 0.0359943 0.0328561 0.0386249 0.0359943 0.0407563 0.0386249 0.0437331 0.0371214 0.0406858 0.0407563 0.0446977 0.0406858 0.0433346 0.0446977 0.0476257 0.0407563 0.0446977 0.0437331 0.0479559 0.0446977 0.0476257 0.0479559 0.0510902 1 1 0.0125156 0.0128118 1 1 0.0128118 0.0128626 0.0125156 0.0128118 0.0195978 0.0201832 0.0128118 0.0128626 0.0201832 0.0202857 1 1 0.0128626 0.0126253 1 1 0.0126253 0.0120336 0.0128626 0.0126253 0.0202857 0.0198209 0.0126253 0.0120336 0.0198209 0.018669 0.0195978 0.0201832 0.0263268 0.0271904 0.0201832 0.0202857 0.0271904 0.0273472 0.0263268 0.0271904 0.0325935 0.0337182 0.0271904 0.0273472 0.0337182 0.0339324 0.0202857 0.0198209 0.0273472 0.0266783 0.0198209 0.018669 0.0266783 0.0250128 0.0273472 0.0266783 0.0339324 0.0330903 0.0266783 0.0250128 0.0330903 0.0309856 1 1 0.0120336 0.010995 1 1 0.010995 0.00926523 0.0120336 0.010995 0.018669 0.0166156 0.010995 0.00926523 0.0166156 0.0133699 1 1 0.00926523 0.00704109 1 1 0.00704109 0 0.00926523 0.00704109 0.0133699 0.00825601 0.00704109 0 0.00825601 0 0.018669 0.0166156 0.0250128 0.0220652 0.0166156 0.0133699 0.0220652 0.0173449 0.0250128 0.0220652 0.0309856 0.0272776 0.0220652 0.0173449 0.0272776 0.0213214 0.0133699 0.00825601 0.0173449 0.0100364 0.00825601 0 0.0100364 0 0.0173449 0.0100364 0.0213214 0.012163 0.0100364 0 0.012163 0 0.0325935 0.0337182 0.0382947 0.039657 0.0337182 0.0339324 0.039657 0.0399309 0.0382947 0.039657 0.0433346 0.0449043 0.039657 0.0399309 0.0449043 0.0452379 0.0339324 0.0330903 0.0399309 0.0389533 0.0330903 0.0309856 0.0389533 0.036498 0.0399309 0.0389533 0.0452379 0.0441653 0.0389533 0.036498 0.0441653 0.0414592 0.0433346 0.0449043 0.0476257 0.0493656 0.0449043 0.0452379 0.0493656 0.0497556 0.0476257 0.0493656 0.0510902 0.0529562 0.0493656 0.0497556 0.0529562 0.0533926 0.0452379 0.0441653 0.0497556 0.0486265 0.0441653 0.0414592 0.0486265 0.0457772 0.0497556 0.0486265 0.0533926 0.052248 0.0486265 0.0457772 0.052248 0.0493336 0.0309856 0.0272776 0.036498 0.0321986 0.0272776 0.0213214 0.0321986 0.025333 0.036498 0.0321986 0.0414592 0.0367522 0.0321986 0.025333 0.0367522 0.0293741 0.0213214 0.012163 0.025333 0.0146166 0.012163 0 0.0146166 0 0.025333 0.0146166 0.0293741 0.0175405 0.0146166 0 0.0175405 0 0.0414592 0.0367522 0.0457772 0.0408445 0.0367522 0.0293741 0.0408445 0.0333491 0.0457772 0.0408445 0.0493336 0.0444524 0.0408445 0.0333491 0.0444524 0.0368235 0.0293741 0.0175405 0.0333491 0.0213287 0.0175405 0 0.0213287 0 0.0333491 0.0213287 0.0368235 0.0269223 0.0213287 0 0.0269223 0 0 0.0286939 1 0.0343021 0.0286939 0.0234718 0.0343021 0.0266875 1 0.0343021 1 0.042212 0.0343021 0.0266875 0.042212 0.0282052 0.0234718 0.019145 0.0266875 0.0208418 0.019145 0.0137033 0.0208418 0.0147042 0.0266875 0.0208418 0.0282052 0.0226634 0.0208418 0.0147042 0.0226634 0.0155957 1 0.042212 1 0.0485356 0.042212 0.0282052 0.0485356 0.02893 1 0.0485356 1 0.0535913 0.0485356 0.02893 0.0535913 0.0290124 0.0282052 0.0226634 0.02893 0.0244306 0.0226634 0.0155957 0.0244306 0.0164052 0.02893 0.0244306 0.0290124 0.0261635 0.0244306 0.0164052 0.0261635 0.0170926 0.0137033 0.0081126 0.0147042 0.00854859 0.0081126 0.00284272 0.00854859 0.00290515 0.0147042 0.00854859 0.0155957 0.00908941 0.00854859 0.00290515 0.00908941 0.00314069 0.00284272 -0.00173012 0.00290515 -0.00194229 -0.00173012 -0.00535652 -0.00194229 -0.00575349 0.00290515 -0.00194229 0.00314069 -0.00190763 -0.00194229 -0.00575349 -0.00190763 -0.00585927 0.0155957 0.00908941 0.0164052 0.0097404 0.00908941 0.00314069 0.0097404 0.00352664 0.0164052 0.0097404 0.0170926 0.0104672 0.0097404 0.00352664 0.0104672 0.00399132 0.00314069 -0.00190763 0.00352664 -0.00167186 -0.00190763 -0.00585927 -0.00167186 -0.00574931 0.00352664 -0.00167186 0.00399132 -0.00131587 -0.00167186 -0.00574931 -0.00131587 -0.00551963 1 0.0535913 1 0.0574404 0.0535913 0.0290124 0.0574404 0.028787 1 0.0574404 1 0.0601361 0.0574404 0.028787 0.0601361 0.0285048 0.0290124 0.0261635 0.028787 0.0277441 0.0261635 0.0170926 0.0277441 0.0176423 0.028787 0.0277441 0.0285048 0.0290169 0.0277441 0.0176423 0.0290169 0.0180447 1 0.0601361 1 0.0617323 0.0601361 0.0285048 0.0617323 0.0283014 1 0.0617323 1 0.0622648 0.0617323 0.0283014 0.0622648 0.028233 0.0285048 0.0290169 0.0283014 0.0298441 0.0290169 0.0180447 0.0298441 0.0182924 0.0283014 0.0298441 0.028233 0.0301352 0.0298441 0.0182924 0.0301352 0.0183809 0.0170926 0.0104672 0.0176423 0.011186 0.0104672 0.00399132 0.011186 0.00445109 0.0176423 0.011186 0.0180447 0.0117958 0.011186 0.00445109 0.0117958 0.00483272 0.00399132 -0.00131587 0.00445109 -0.00092996 -0.00131587 -0.00551963 -0.00092996 -0.00525885 0.00445109 -0.00092996 0.00483272 -0.000593666 -0.00092996 -0.00525885 -0.000593666 -0.00503267 0.0180447 0.0117958 0.0182924 0.012206 0.0117958 0.00483272 0.012206 0.00508438 0.0182924 0.012206 0.0183809 0.0123553 0.012206 0.00508438 0.0123553 0.00517681 0.00483272 -0.000593666 0.00508438 -0.000365571 -0.000593666 -0.00503267 -0.000365571 -0.00488106 0.00508438 -0.000365571 0.00517681 -0.000280414 -0.000365571 -0.00488106 -0.000280414 -0.00482354 -0.00535652 -0.00786279 -0.00575349 -0.00836687 -0.00786279 -0.00914199 -0.00836687 -0.00967952 -0.00575349 -0.00836687 -0.00585927 -0.00855657 -0.00836687 -0.00967952 -0.00855657 -0.00990289 -0.00914199 -0.00914493 -0.00967952 -0.00964602 -0.00914493 -0.0078764 -0.00964602 -0.00827542 -0.00967952 -0.00964602 -0.00990289 -0.00985556 -0.00964602 -0.00827542 -0.00985556 -0.00842684 -0.00585927 -0.00855657 -0.00574931 -0.00853185 -0.00855657 -0.00990289 -0.00853185 -0.00993296 -0.00574931 -0.00853185 -0.00551963 -0.00839437 -0.00853185 -0.00993296 -0.00839437 -0.00987326 -0.00990289 -0.00985556 -0.00993296 -0.00990904 -0.00985556 -0.00842684 -0.00990904 -0.00847418 -0.00993296 -0.00990904 -0.00987326 -0.00990572 -0.00990904 -0.00847418 -0.00990572 -0.00850728 -0.0078764 -0.00539189 -0.00827542 -0.00562892 -0.00539189 -0.00179394 -0.00562892 -0.00181652 -0.00827542 -0.00562892 -0.00842684 -0.00568169 -0.00562892 -0.00181652 -0.00568169 -0.00173488 -0.00179394 0.00277227 -0.00181652 0.0030075 0.00277227 0.00812458 0.0030075 0.00865038 -0.00181652 0.0030075 -0.00173488 0.00325348 0.0030075 0.00865038 0.00325348 0.00908395 -0.00842684 -0.00568169 -0.00847418 -0.00569444 -0.00568169 -0.00173488 -0.00569444 -0.00168671 -0.00847418 -0.00569444 -0.00850728 -0.00574257 -0.00569444 -0.00168671 -0.00574257 -0.00172849 -0.00173488 0.00325348 -0.00168671 0.00338632 0.00325348 0.00908395 0.00338632 0.00932188 -0.00168671 0.00338632 -0.00172849 0.00337211 0.00338632 0.00932188 0.00337211 0.00935572 -0.00551963 -0.00839437 -0.00525885 -0.00822563 -0.00839437 -0.00987326 -0.00822563 -0.00979382 -0.00525885 -0.00822563 -0.00503267 -0.00807843 -0.00822563 -0.00979382 -0.00807843 -0.00972952 -0.00987326 -0.00990572 -0.00979382 -0.00989982 -0.00990572 -0.00850728 -0.00989982 -0.00856129 -0.00979382 -0.00989982 -0.00972952 -0.00990648 -0.00989982 -0.00856129 -0.00990648 -0.00862992 -0.00503267 -0.00807843 -0.00488106 -0.00798016 -0.00807843 -0.00972952 -0.00798016 -0.00968983 -0.00488106 -0.00798016 -0.00482354 -0.00794167 -0.00798016 -0.00968983 -0.00794167 -0.00967271 -0.00972952 -0.00990648 -0.00968983 -0.00991748 -0.00990648 -0.00862992 -0.00991748 -0.00868643 -0.00968983 -0.00991748 -0.00967271 -0.00991892 -0.00991748 -0.00868643 -0.00991892 -0.00870473 -0.00850728 -0.00574257 -0.00856129 -0.00583952 -0.00574257 -0.00172849 -0.00583952 -0.00185036 -0.00856129 -0.00583952 -0.00862992 -0.00595701 -0.00583952 -0.00185036 -0.00595701 -0.00200236 -0.00172849 0.00337211 -0.00185036 0.00324473 0.00337211 0.00935572 0.00324473 0.00924299 -0.00185036 0.00324473 -0.00200236 0.00307448 0.00324473 0.00924299 0.00307448 0.00907203 -0.00862992 -0.00595701 -0.00868643 -0.00605051 -0.00595701 -0.00200236 -0.00605051 -0.00212344 -0.00868643 -0.00605051 -0.00870473 -0.0060827 -0.00605051 -0.00212344 -0.0060827 -0.00216621 -0.00200236 0.00307448 -0.00212344 0.00293682 0.00307448 0.00907203 0.00293682 0.00892982 -0.00212344 0.00293682 -0.00216621 0.00288738 0.00293682 0.00892982 0.00288738 0.00887801 0.00812458 0.0140505 0.00865038 0.014888 0.0140505 0.020315 0.014888 0.0214729 0.00865038 0.014888 0.00908395 0.015525 0.014888 0.0214729 0.015525 0.0223214 0.020315 0.0266686 0.0214729 0.028143 0.0266686 0.0328561 0.028143 0.0346308 0.0214729 0.028143 0.0223214 0.0292032 0.028143 0.0346308 0.0292032 0.0358955 0.00908395 0.015525 0.00932188 0.0158847 0.015525 0.0223214 0.0158847 0.0228155 0.00932188 0.0158847 0.00935572 0.015986 0.0158847 0.0228155 0.015986 0.0230022 0.0223214 0.0292032 0.0228155 0.0298403 0.0292032 0.0358955 0.0298403 0.0366804 0.0228155 0.0298403 0.0230022 0.030129 0.0298403 0.0366804 0.030129 0.0370864 0.0328561 0.0386249 0.0346308 0.0406723 0.0386249 0.0437331 0.0406723 0.0460155 0.0346308 0.0406723 0.0358955 0.0421275 0.0406723 0.0460155 0.0421275 0.047642 0.0437331 0.0479559 0.0460155 0.0504277 0.0479559 0.0510902 0.0504277 0.0537013 0.0460155 0.0504277 0.047642 0.0522032 0.0504277 0.0537013 0.0522032 0.0556035 0.0358955 0.0421275 0.0366804 0.0430621 0.0421275 0.047642 0.0430621 0.0487263 0.0366804 0.0430621 0.0370864 0.0436004 0.0430621 0.0487263 0.0436004 0.0494124 0.047642 0.0522032 0.0487263 0.0534375 0.0522032 0.0556035 0.0534375 0.0569919 0.0487263 0.0534375 0.0494124 0.0542895 0.0534375 0.0569919 0.0542895 0.0580336 0.00935572 0.015986 0.00924299 0.0159085 0.015986 0.0230022 0.0159085 0.0229808 0.00924299 0.0159085 0.00907203 0.0157555 0.0159085 0.0229808 0.0157555 0.0228652 0.0230022 0.030129 0.0229808 0.0301848 0.030129 0.0370864 0.0301848 0.0372408 0.0229808 0.0301848 0.0228652 0.030127 0.0301848 0.0372408 0.030127 0.037262 0.00907203 0.0157555 0.00892982 0.0156218 0.0157555 0.0228652 0.0156218 0.0227538 0.00892982 0.0156218 0.00887801 0.0155723 0.0156218 0.0227538 0.0155723 0.0227117 0.0228652 0.030127 0.0227538 0.0300525 0.030127 0.037262 0.0300525 0.03724 0.0227538 0.0300525 0.0227117 0.030023 0.0300525 0.03724 0.030023 0.0372288 0.0370864 0.0436004 0.0372408 0.0438755 0.0436004 0.0494124 0.0438755 0.0498324 0.0372408 0.0438755 0.037262 0.0439985 0.0438755 0.0498324 0.0439985 0.050082 0.0494124 0.0542895 0.0498324 0.0548823 0.0542895 0.0580336 0.0548823 0.0588331 0.0498324 0.0548823 0.050082 0.0552868 0.0548823 0.0588331 0.0552868 0.0594262 0.037262 0.0439985 0.03724 0.0440455 0.0439985 0.050082 0.0440455 0.0502164 0.03724 0.0440455 0.0372288 0.0440587 0.0440455 0.0502164 0.0440587 0.0502607 0.050082 0.0552868 0.0502164 0.0555293 0.0552868 0.0594262 0.0555293 0.0598012 0.0502164 0.0555293 0.0502607 0.0556123 0.0555293 0.0598012 0.0556123 0.0599316 0.0510902 0.0529562 0.0537013 0.0556566 0.0529562 0.0533926 0.0556566 0.0561416 0.0537013 0.0556566 0.0556035 0.0576686 0.0556566 0.0561416 0.0576686 0.0582601 0.0533926 0.052248 0.0561416 0.055022 0.052248 0.0493336 0.055022 0.0521782 0.0561416 0.055022 0.0582601 0.0572764 0.055022 0.0521782 0.0572764 0.0546441 0.0556035 0.0576686 0.0569919 0.0592241 0.0576686 0.0582601 0.0592241 0.0600139 0.0569919 0.0592241 0.0580336 0.0604901 0.0592241 0.0600139 0.0604901 0.0615572 0.0582601 0.0572764 0.0600139 0.0592927 0.0572764 0.0546441 0.0592927 0.057053 0.0600139 0.0592927 0.0615572 0.0611985 0.0592927 0.057053 0.0611985 0.0594623 0.0493336 0.0444524 0.0521782 0.0474051 0.0444524 0.0368235 0.0474051 0.0406403 0.0521782 0.0474051 0.0546441 0.0503305 0.0474051 0.0406403 0.0503305 0.0442885 0.0368235 0.0269223 0.0406403 0.0302888 0.0269223 0 0.0302888 0.0190276 0.0406403 0.0302888 0.0442885 0.0364977 0.0302888 0.0190276 0.0364977 0.0311229 0.0546441 0.0503305 0.057053 0.0533734 0.0503305 0.0442885 0.0533734 0.0484399 0.057053 0.0533734 0.0594623 0.0565174 0.0533734 0.0484399 0.0565174 0.0527505 0.0442885 0.0364977 0.0484399 0.0430958 0.0364977 0.0311229 0.0430958 0.0402709 0.0484399 0.0430958 0.0527505 0.0491533 0.0430958 0.0402709 0.0491533 0.0475273 0.0580336 0.0604901 0.0588331 0.0615404 0.0604901 0.0615572 0.0615404 0.0629187 0.0588331 0.0615404 0.0594262 0.0623638 0.0615404 0.0629187 0.0623638 0.0640256 0.0615572 0.0611985 0.0629187 0.0629562 0.0611985 0.0594623 0.0629562 0.0617395 0.0629187 0.0629562 0.0640256 0.0644153 0.0629562 0.0617395 0.0644153 0.0636391 0.0594262 0.0623638 0.0598012 0.0629005 0.0623638 0.0640256 0.0629005 0.0647596 0.0598012 0.0629005 0.0599316 0.0630889 0.0629005 0.0647596 0.0630889 0.0650184 0.0640256 0.0644153 0.0647596 0.0653899 0.0644153 0.0636391 0.0653899 0.0649041 0.0647596 0.0653899 0.0650184 0.0657338 0.0653899 0.0649041 0.0657338 0.0653487 0.0594623 0.0565174 0.0617395 0.0594953 0.0565174 0.0527505 0.0594953 0.0566881 0.0617395 0.0594953 0.0636391 0.061946 0.0594953 0.0566881 0.061946 0.0597993 0.0527505 0.0491533 0.0566881 0.0541923 0.0491533 0.0475273 0.0541923 0.0531524 0.0566881 0.0541923 0.0597993 0.0579385 0.0541923 0.0531524 0.0579385 0.0571877 0.0636391 0.061946 0.0649041 0.0635523 0.061946 0.0597993 0.0635523 0.0617775 0.0649041 0.0635523 0.0653487 0.0641112 0.0635523 0.0617775 0.0641112 0.0624548 0.0597993 0.0579385 0.0617775 0.0602375 0.0579385 0.0571877 0.0602375 0.0596206 0.0617775 0.0602375 0.0624548 0.0610119 0.0602375 0.0596206 0.0610119 0.0604341 1 0.0622648 1 0.061745 0.0622648 0.028233 0.061745 0.0283132 1 0.061745 1 0.0601604 0.061745 0.0283132 0.0601604 0.0285283 0.028233 0.0301352 0.0283132 0.029859 0.0301352 0.0183809 0.029859 0.0183081 0.0283132 0.029859 0.0285283 0.0290463 0.029859 0.0183081 0.0290463 0.0180759 1 0.0601604 1 0.0574746 0.0601604 0.0285283 0.0574746 0.0288224 1 0.0574746 1 0.0536329 0.0574746 0.0288224 0.0536329 0.0290593 0.0285283 0.0290463 0.0288224 0.0277877 0.0290463 0.0180759 0.0277877 0.017689 0.0288224 0.0277877 0.0290593 0.0262207 0.0277877 0.017689 0.0262207 0.0171543 0.0183809 0.0123553 0.0183081 0.0122223 0.0123553 0.00517681 0.0122223 0.00510068 0.0183081 0.0122223 0.0180759 0.0118284 0.0122223 0.00510068 0.0118284 0.00486523 0.00517681 -0.000280414 0.00510068 -0.000349606 -0.000280414 -0.00482354 -0.000349606 -0.0048657 0.00510068 -0.000349606 0.00486523 -0.000561844 -0.000349606 -0.0048657 -0.000561844 -0.00500205 0.0180759 0.0118284 0.017689 0.0112345 0.0118284 0.00486523 0.0112345 0.00449958 0.017689 0.0112345 0.0171543 0.0105312 0.0112345 0.00449958 0.0105312 0.00405538 0.00486523 -0.000561844 0.00449958 -0.000882518 -0.000561844 -0.00500205 -0.000882518 -0.00521321 0.00449958 -0.000882518 0.00405538 -0.00125322 -0.000882518 -0.00521321 -0.00125322 -0.00545936 1 0.0536329 1 0.0485818 0.0536329 0.0290593 0.0485818 0.0289876 1 0.0485818 1 0.0422599 0.0485818 0.0289876 0.0422599 0.0282721 0.0290593 0.0262207 0.0289876 0.0245004 0.0262207 0.0171543 0.0245004 0.0164812 0.0289876 0.0245004 0.0282721 0.0227446 0.0245004 0.0164812 0.0227446 0.0156849 1 0.0422599 1 0.0343499 0.0422599 0.0282721 0.0343499 0.0267616 1 0.0343499 0 0.0287415 0.0343499 0.0267616 0.0287415 0.0235515 0.0282721 0.0227446 0.0267616 0.0209329 0.0227446 0.0156849 0.0209329 0.014805 0.0267616 0.0209329 0.0235515 0.0192446 0.0209329 0.014805 0.0192446 0.0138139 0.0171543 0.0105312 0.0164812 0.00981927 0.0105312 0.00405538 0.00981927 0.00360557 0.0164812 0.00981927 0.0156849 0.00918202 0.00981927 0.00360557 0.00918202 0.00323343 0.00405538 -0.00125322 0.00360557 -0.00159469 -0.00125322 -0.00545936 -0.00159469 -0.00567508 0.00360557 -0.00159469 0.00323343 -0.00181697 -0.00159469 -0.00567508 -0.00181697 -0.00577207 0.0156849 0.00918202 0.014805 0.00865342 0.00918202 0.00323343 0.00865342 0.00301017 0.014805 0.00865342 0.0138139 0.00822771 0.00865342 0.00301017 0.00822771 0.00295799 0.00323343 -0.00181697 0.00301017 -0.00183963 -0.00181697 -0.00577207 -0.00183963 -0.00565476 0.00301017 -0.00183963 0.00295799 -0.00161749 -0.00183963 -0.00565476 -0.00161749 -0.00524824 -0.00482354 -0.00794167 -0.0048657 -0.00796554 -0.00794167 -0.00967271 -0.00796554 -0.00967604 -0.0048657 -0.00796554 -0.00500205 -0.0080493 -0.00796554 -0.00967604 -0.0080493 -0.00970204 -0.00967271 -0.00991892 -0.00967604 -0.00990455 -0.00991892 -0.00870473 -0.00990455 -0.00867436 -0.00967604 -0.00990455 -0.00970204 -0.00988071 -0.00990455 -0.00867436 -0.00988071 -0.00860586 -0.00500205 -0.0080493 -0.00521321 -0.00818221 -0.0080493 -0.00970204 -0.00818221 -0.00975285 -0.00521321 -0.00818221 -0.00545936 -0.00833706 -0.00818221 -0.00975285 -0.00833706 -0.00981918 -0.00970204 -0.00988071 -0.00975285 -0.0098614 -0.00988071 -0.00860586 -0.0098614 -0.00852543 -0.00975285 -0.0098614 -0.00981918 -0.00985501 -0.0098614 -0.00852543 -0.00985501 -0.00845993 -0.00870473 -0.0060827 -0.00867436 -0.00603929 -0.0060827 -0.00216621 -0.00603929 -0.00211305 -0.00867436 -0.00603929 -0.00860586 -0.00593464 -0.00603929 -0.00211305 -0.00593464 -0.00198164 -0.00216621 0.00288738 -0.00211305 0.00294642 0.00288738 0.00887801 0.00294642 0.00893866 -0.00211305 0.00294642 -0.00198164 0.00309363 0.00294642 0.00893866 0.00309363 0.00908966 -0.00860586 -0.00593464 -0.00852543 -0.00580618 -0.00593464 -0.00198164 -0.00580618 -0.00181945 -0.00852543 -0.00580618 -0.00845993 -0.00569852 -0.00580618 -0.00181945 -0.00569852 -0.00168764 -0.00198164 0.00309363 -0.00181945 0.0032733 0.00309363 0.00908966 0.0032733 0.00926931 -0.00181945 0.0032733 -0.00168764 0.00340988 0.0032733 0.00926931 0.00340988 0.00939054 -0.00545936 -0.00833706 -0.00567508 -0.00846125 -0.00833706 -0.00981918 -0.00846125 -0.00986635 -0.00567508 -0.00846125 -0.00577207 -0.00847364 -0.00846125 -0.00986635 -0.00847364 -0.00982464 -0.00981918 -0.00985501 -0.00986635 -0.00984656 -0.00985501 -0.00845993 -0.00984656 -0.00841583 -0.00986635 -0.00984656 -0.00982464 -0.00978215 -0.00984656 -0.00841583 -0.00978215 -0.00835828 -0.00577207 -0.00847364 -0.00565476 -0.00827298 -0.00847364 -0.00982464 -0.00827298 -0.00959093 -0.00565476 -0.00827298 -0.00524824 -0.00775985 -0.00827298 -0.00959093 -0.00775985 -0.00904488 -0.00982464 -0.00978215 -0.00959093 -0.0095629 -0.00978215 -0.00835828 -0.0095629 -0.00819776 -0.00959093 -0.0095629 -0.00904488 -0.00905381 -0.0095629 -0.00819776 -0.00905381 -0.00779127 -0.00845993 -0.00569852 -0.00841583 -0.00564015 -0.00569852 -0.00168764 -0.00564015 -0.00163634 -0.00841583 -0.00564015 -0.00835828 -0.00561786 -0.00564015 -0.00163634 -0.00561786 -0.00167564 -0.00168764 0.00340988 -0.00163634 0.00343291 0.00340988 0.00939054 0.00343291 0.00936487 -0.00163634 0.00343291 -0.00167564 0.00330833 0.00343291 0.00936487 0.00330833 0.00913458 -0.00835828 -0.00561786 -0.00819776 -0.0055566 -0.00561786 -0.00167564 -0.0055566 -0.00174936 -0.00819776 -0.0055566 -0.00779127 -0.00531258 -0.0055566 -0.00174936 -0.00531258 -0.00172026 -0.00167564 0.00330833 -0.00174936 0.0030697 0.00330833 0.00913458 0.0030697 0.00870786 -0.00174936 0.0030697 -0.00172026 0.00284055 0.0030697 0.00870786 0.00284055 0.0081877 0.00887801 0.0155723 0.00893866 0.0156299 0.0155723 0.0227117 0.0156299 0.0227613 0.00893866 0.0156299 0.00908966 0.0157717 0.0156299 0.0227613 0.0157717 0.02288 0.0227117 0.030023 0.0227613 0.0300593 0.030023 0.0372288 0.0300593 0.0372461 0.0227613 0.0300593 0.02288 0.0301404 0.0300593 0.0372461 0.0301404 0.0372742 0.00908966 0.0157717 0.00926931 0.0159327 0.0157717 0.02288 0.0159327 0.023003 0.00926931 0.0159327 0.00939054 0.016018 0.0159327 0.023003 0.016018 0.0230315 0.02288 0.0301404 0.023003 0.0302049 0.0301404 0.0372742 0.0302049 0.0372591 0.023003 0.0302049 0.0230315 0.0301557 0.0302049 0.0372591 0.0301557 0.0371107 0.0372288 0.0440587 0.0372461 0.044051 0.0440587 0.0502607 0.044051 0.0502214 0.0372461 0.044051 0.0372742 0.0440095 0.044051 0.0502214 0.0440095 0.0500919 0.0502607 0.0556123 0.0502214 0.0555337 0.0556123 0.0599316 0.0555337 0.059805 0.0502214 0.0555337 0.0500919 0.0552955 0.0555337 0.059805 0.0552955 0.0594339 0.0372742 0.0440095 0.0372591 0.043892 0.0440095 0.0500919 0.043892 0.0498472 0.0372591 0.043892 0.0371107 0.0436223 0.043892 0.0498472 0.0436223 0.0494321 0.0500919 0.0552955 0.0498472 0.0548955 0.0552955 0.0594339 0.0548955 0.0588447 0.0498472 0.0548955 0.0494321 0.0543071 0.0548955 0.0588447 0.0543071 0.0580491 0.00939054 0.016018 0.00936487 0.0159242 0.016018 0.0230315 0.0159242 0.0228517 0.00936487 0.0159242 0.00913458 0.0155716 0.0159242 0.0228517 0.0155716 0.0223641 0.0230315 0.0301557 0.0228517 0.0298734 0.0301557 0.0371107 0.0298734 0.0367105 0.0228517 0.0298734 0.0223641 0.0292423 0.0298734 0.0367105 0.0292423 0.0359311 0.00913458 0.0155716 0.00870786 0.014941 0.0155716 0.0223641 0.014941 0.0215215 0.00870786 0.014941 0.0081877 0.0141087 0.014941 0.0215215 0.0141087 0.0203685 0.0223641 0.0292423 0.0215215 0.0281875 0.0292423 0.0359311 0.0281875 0.0346714 0.0215215 0.0281875 0.0203685 0.0267177 0.0281875 0.0346714 0.0267177 0.0329009 0.0371107 0.0436223 0.0367105 0.0430893 0.0436223 0.0494321 0.0430893 0.0487507 0.0367105 0.0430893 0.0359311 0.0421597 0.0430893 0.0487507 0.0421597 0.047671 0.0494321 0.0543071 0.0487507 0.0534593 0.0543071 0.0580491 0.0534593 0.0570112 0.0487507 0.0534593 0.047671 0.0522291 0.0534593 0.0570112 0.0522291 0.0556264 0.0359311 0.0421597 0.0346714 0.0407091 0.0421597 0.047671 0.0407091 0.0460487 0.0346714 0.0407091 0.0329009 0.0386656 0.0407091 0.0460487 0.0386656 0.0437698 0.047671 0.0522291 0.0460487 0.0504574 0.0522291 0.0556264 0.0504574 0.0537277 0.0460487 0.0504574 0.0437698 0.0479888 0.0504574 0.0537277 0.0479888 0.0511195 0.0599316 0.0630889 0.059805 0.0629038 0.0630889 0.0650184 0.0629038 0.0647625 0.059805 0.0629038 0.0594339 0.0623706 0.0629038 0.0647625 0.0623706 0.0640313 0.0650184 0.0657338 0.0647625 0.0653923 0.0657338 0.0653487 0.0653923 0.0649061 0.0647625 0.0653923 0.0640313 0.0644202 0.0653923 0.0649061 0.0644202 0.0636431 0.0594339 0.0623706 0.0588447 0.0615506 0.0623706 0.0640313 0.0615506 0.0629274 0.0588447 0.0615506 0.0580491 0.0605036 0.0615506 0.0629274 0.0605036 0.0615689 0.0640313 0.0644202 0.0629274 0.0629635 0.0644202 0.0636431 0.0629635 0.0617455 0.0629274 0.0629635 0.0615689 0.0612083 0.0629635 0.0617455 0.0612083 0.0594703 0.0653487 0.0641112 0.0649061 0.0635539 0.0641112 0.0624548 0.0635539 0.0617787 0.0649061 0.0635539 0.0636431 0.0619492 0.0635539 0.0617787 0.0619492 0.0598017 0.0624548 0.0610119 0.0617787 0.0602385 0.0610119 0.0604341 0.0602385 0.0596214 0.0617787 0.0602385 0.0598017 0.0579404 0.0602385 0.0596214 0.0579404 0.0571894 0.0636431 0.0619492 0.0617455 0.0595001 0.0619492 0.0598017 0.0595001 0.0566917 0.0617455 0.0595001 0.0594703 0.0565237 0.0595001 0.0566917 0.0565237 0.0527552 0.0598017 0.0579404 0.0566917 0.054195 0.0579404 0.0571894 0.054195 0.0531548 0.0566917 0.054195 0.0527552 0.0491567 0.054195 0.0531548 0.0491567 0.0475302 0.0580491 0.0605036 0.0570112 0.059241 0.0605036 0.0615689 0.059241 0.0600284 0.0570112 0.059241 0.0556264 0.0576888 0.059241 0.0600284 0.0576888 0.0582775 0.0615689 0.0612083 0.0600284 0.059305 0.0612083 0.0594703 0.059305 0.057063 0.0600284 0.059305 0.0582775 0.0572911 0.059305 0.057063 0.0572911 0.0546562 0.0556264 0.0576888 0.0537277 0.0556798 0.0576888 0.0582775 0.0556798 0.0561617 0.0537277 0.0556798 0.0511195 0.052982 0.0556798 0.0561617 0.052982 0.053415 0.0582775 0.0572911 0.0561617 0.0550391 0.0572911 0.0546562 0.0550391 0.0521923 0.0561617 0.0550391 0.053415 0.0522671 0.0550391 0.0521923 0.0522671 0.0493494 0.0594703 0.0565237 0.057063 0.0533813 0.0565237 0.0527552 0.0533813 0.0484457 0.057063 0.0533813 0.0546562 0.0503399 0.0533813 0.0484457 0.0503399 0.0442954 0.0527552 0.0491567 0.0484457 0.0430998 0.0491567 0.0475302 0.0430998 0.0402741 0.0484457 0.0430998 0.0442954 0.0365021 0.0430998 0.0402741 0.0365021 0.0311259 0.0546562 0.0503399 0.0521923 0.0474161 0.0503399 0.0442954 0.0474161 0.0406482 0.0521923 0.0474161 0.0493494 0.0444648 0.0474161 0.0406482 0.0444648 0.0368323 0.0442954 0.0365021 0.0406482 0.0302934 0.0365021 0.0311259 0.0302934 0.0190298 0.0406482 0.0302934 0.0368323 0.0269276 0.0302934 0.0190298 0.0269276 0 0 0.0287415 0 0.0191099 0.0287415 0.0235515 0.0191099 0.0207697 0 0.0191099 0 0.0136734 0.0191099 0.0207697 0.0136734 0.0174164 0.0235515 0.0192446 0.0207697 0.0172994 0.0192446 0.0138139 0.0172994 0.0128103 0.0207697 0.0172994 0.0174164 0.0154479 0.0172994 0.0128103 0.0154479 0.0117573 0 0.0136734 0 0.0103295 0.0136734 0.0174164 0.0103295 0.0144376 0 0.0103295 0 0.00815819 0.0103295 0.0144376 0.00815819 0.0119842 0.0174164 0.0154479 0.0144376 0.0135938 0.0154479 0.0117573 0.0135938 0.0107113 0.0144376 0.0135938 0.0119842 0.0118057 0.0135938 0.0107113 0.0118057 0.00967068 0.0138139 0.00822771 0.0128103 0.00783403 0.00822771 0.00295799 0.00783403 0.00304779 0.0128103 0.00783403 0.0117573 0.00747833 0.00783403 0.00304779 0.00747833 0.00325201 0.00295799 -0.00161749 0.00304779 -0.00116338 -0.00161749 -0.00524824 -0.00116338 -0.00453109 0.00304779 -0.00116338 0.00325201 -0.000507218 -0.00116338 -0.00453109 -0.000507218 -0.0035357 0.0117573 0.00747833 0.0107113 0.00714749 0.00747833 0.00325201 0.00714749 0.00354814 0.0107113 0.00714749 0.00967068 0.00683228 0.00714749 0.00354814 0.00683228 0.00390648 0.00325201 -0.000507218 0.00354814 0.000311761 -0.000507218 -0.0035357 0.000311761 -0.00231178 0.00354814 0.000311761 0.00390648 0.0012508 0.000311761 -0.00231178 0.0012508 -0.000913492 0 0.00815819 0 0.00674586 0.00815819 0.0119842 0.00674586 0.00999014 0 0.00674586 0 0.00595366 0.00674586 0.00999014 0.00595366 0.00831769 0.0119842 0.0118057 0.00999014 0.0101125 0.0118057 0.00967068 0.0101125 0.00862846 0.00999014 0.0101125 0.00831769 0.00849264 0.0101125 0.00862846 0.00849264 0.00756908 0 0.00595366 0 0.0058957 0.00595366 0.00831769 0.0058957 0.00672572 0 0.0058957 1 1 0.0058957 0.00672572 1 1 0.00831769 0.00849264 0.00672572 0.00691727 0.00849264 0.00756908 0.00691727 0.0064587 0.00672572 0.00691727 1 1 0.00691727 0.0064587 1 1 0.00967068 0.00683228 0.00862846 0.00651381 0.00683228 0.00390648 0.00651381 0.00429393 0.00862846 0.00651381 0.00756908 0.00616618 0.00651381 0.00429393 0.00616618 0.00467423 0.00390648 0.0012508 0.00429393 0.00226358 0.0012508 -0.000913492 0.00226358 0.000601695 0.00429393 0.00226358 0.00467423 0.00330137 0.00226358 0.000601695 0.00330137 0.00217409 0.00756908 0.00616618 0.0064587 0.00576075 0.00616618 0.00467423 0.00576075 0.00500848 0.0064587 0.00576075 1 1 0.00576075 0.00500848 1 1 0.00467423 0.00330137 0.00500848 0.00431433 0.00330137 0.00217409 0.00431433 0.00374294 0.00500848 0.00431433 1 1 0.00431433 0.00374294 1 1 -0.00524824 -0.00775985 -0.00453109 -0.00687907 -0.00775985 -0.00904488 -0.00687907 -0.0080984 -0.00453109 -0.00687907 -0.0035357 -0.00566078 -0.00687907 -0.0080984 -0.00566078 -0.00677739 -0.00904488 -0.00905381 -0.0080984 -0.00813796 -0.00905381 -0.00779127 -0.00813796 -0.00699854 -0.0080984 -0.00813796 -0.00677739 -0.00683523 -0.00813796 -0.00699854 -0.00683523 -0.00583233 -0.0035357 -0.00566078 -0.00231178 -0.00416269 -0.00566078 -0.00677739 -0.00416269 -0.00514425 -0.00231178 -0.00416269 -0.000913492 -0.00244715 -0.00416269 -0.00514425 -0.00244715 -0.00326636 -0.00677739 -0.00683523 -0.00514425 -0.00520964 -0.00683523 -0.00583233 -0.00520964 -0.00435519 -0.00514425 -0.00520964 -0.00326636 -0.00333029 -0.00520964 -0.00435519 -0.00333029 -0.00263455 -0.00779127 -0.00531258 -0.00699854 -0.00472903 -0.00531258 -0.00172026 -0.00472903 -0.00142266 -0.00699854 -0.00472903 -0.00583233 -0.00381085 -0.00472903 -0.00142266 -0.00381085 -0.000853325 -0.00172026 0.00284055 -0.00142266 0.00278735 0.00284055 0.0081877 0.00278735 0.00773308 -0.00142266 0.00278735 -0.000853325 0.00292136 0.00278735 0.00773308 0.00292136 0.00736281 -0.00583233 -0.00381085 -0.00435519 -0.00261613 -0.00381085 -0.000853325 -0.00261613 -6.31049e-05 -0.00435519 -0.00261613 -0.00263455 -0.00120735 -0.00261613 -6.31049e-05 -0.00120735 0.000893554 -0.000853325 0.00292136 -6.31049e-05 0.00320146 0.00292136 0.00736281 0.00320146 0.0070476 -6.31049e-05 0.00320146 0.000893554 0.00358401 0.00320146 0.0070476 0.00358401 0.00675697 -0.000913492 -0.00244715 0.000601695 -0.000580057 -0.00244715 -0.00326636 -0.000580057 -0.0012149 0.000601695 -0.000580057 0.00217409 0.00137029 -0.000580057 -0.0012149 0.00137029 0.000936469 -0.00326636 -0.00333029 -0.0012149 -0.00127011 -0.00333029 -0.00263455 -0.00127011 -0.000741493 -0.0012149 -0.00127011 0.000936469 0.000895476 -0.00127011 -0.000741493 0.000895476 0.00125052 0.00217409 0.00137029 0.00374294 0.00333452 0.00137029 0.000936469 0.00333452 0.0031129 0.00374294 0.00333452 1 1 0.00333452 0.0031129 1 1 0.000936469 0.000895476 0.0031129 0.00308981 0.000895476 0.00125052 0.00308981 0.00326695 0.0031129 0.00308981 1 1 0.00308981 0.00326695 1 1 -0.00263455 -0.00120735 -0.000741493 0.000349766 -0.00120735 0.000893554 0.000349766 0.00195964 -0.000741493 0.000349766 0.00125052 0.00198749 0.000349766 0.00195964 0.00198749 0.00307668 0.000893554 0.00358401 0.00195964 0.0040237 0.00358401 0.00675697 0.0040237 0.00645983 0.00195964 0.0040237 0.00307668 0.00447448 0.0040237 0.00645983 0.00447448 0.00612528 0.00125052 0.00198749 0.00326695 0.00363727 0.00198749 0.00307668 0.00363727 0.00418578 0.00326695 0.00363727 1 1 0.00363727 0.00418578 1 1 0.00307668 0.00447448 0.00418578 0.00489048 0.00447448 0.00612528 0.00489048 0.00572326 0.00418578 0.00489048 1 1 0.00489048 0.00572326 1 1 0.0081877 0.0141087 0.00773308 0.0132182 0.0141087 0.0203685 0.0132182 0.0190248 0.00773308 0.0132182 0.00736281 0.0122947 0.0132182 0.0190248 0.0122947 0.0175214 0.0203685 0.0267177 0.0190248 0.0249215 0.0267177 0.0329009 0.0249215 0.0306709 0.0190248 0.0249215 0.0175214 0.0228342 0.0249215 0.0306709 0.0228342 0.0280191 0.00736281 0.0122947 0.0070476 0.0113227 0.0122947 0.0175214 0.0113227 0.0158571 0.0070476 0.0113227 0.00675697 0.0102865 0.0113227 0.0158571 0.0102865 0.0140326 0.0175214 0.0228342 0.0158571 0.0204697 0.0228342 0.0280191 0.0204697 0.0249746 0.0158571 0.0204697 0.0140326 0.0178455 0.0204697 0.0249746 0.0178455 0.0215714 0.0329009 0.0386656 0.0306709 0.0360377 0.0386656 0.0437698 0.0360377 0.0407955 0.0306709 0.0360377 0.0280191 0.0328635 0.0360377 0.0407955 0.0328635 0.0371622 0.0437698 0.0479888 0.0407955 0.044733 0.0479888 0.0511195 0.044733 0.0476571 0.0407955 0.044733 0.0371622 0.0407225 0.044733 0.0476571 0.0407225 0.0433673 0.0280191 0.0328635 0.0249746 0.0291865 0.0328635 0.0371622 0.0291865 0.0329264 0.0249746 0.0291865 0.0215714 0.0250568 0.0291865 0.0329264 0.0250568 0.0281532 0.0371622 0.0407225 0.0329264 0.0360257 0.0407225 0.0433673 0.0360257 0.0383278 0.0329264 0.0360257 0.0281532 0.03072 0.0360257 0.0383278 0.03072 0.032626 0.00675697 0.0102865 0.00645983 0.00917137 0.0102865 0.0140326 0.00917137 0.0120506 0.00645983 0.00917137 0.00612528 0.00796354 0.00917137 0.0120506 0.00796354 0.00991622 0.0140326 0.0178455 0.0120506 0.0149826 0.0178455 0.0215714 0.0149826 0.0178487 0.0120506 0.0149826 0.00991622 0.0119052 0.0149826 0.0178487 0.0119052 0.0138502 0.00612528 0.00796354 0.00572326 0.00665101 0.00796354 0.00991622 0.00665101 0.00763682 0.00572326 0.00665101 1 1 0.00665101 0.00763682 1 1 0.00991622 0.0119052 0.00763682 0.00864123 0.0119052 0.0138502 0.00864123 0.00962357 0.00763682 0.00864123 1 1 0.00864123 0.00962357 1 1 0.0215714 0.0250568 0.0178487 0.020531 0.0250568 0.0281532 0.020531 0.0229146 0.0178487 0.020531 0.0138502 0.0156708 0.020531 0.0229146 0.0156708 0.0172891 0.0281532 0.03072 0.0229146 0.0248909 0.03072 0.032626 0.0248909 0.0263579 0.0229146 0.0248909 0.0172891 0.0186309 0.0248909 0.0263579 0.0186309 0.0196265 0.0138502 0.0156708 0.00962357 0.0105432 0.0156708 0.0172891 0.0105432 0.0113607 0.00962357 0.0105432 1 1 0.0105432 0.0113607 1 1 0.0172891 0.0186309 0.0113607 0.0120386 0.0186309 0.0196265 0.0120386 0.0125412 0.0113607 0.0120386 1 1 0.0120386 0.0125412 1 1 0.0511195 0.052982 0.0476571 0.0493934 0.052982 0.053415 0.0493934 0.0497797 0.0476571 0.0493934 0.0433673 0.0449332 0.0493934 0.0497797 0.0449332 0.0452632 0.053415 0.0522671 0.0497797 0.0486472 0.0522671 0.0493494 0.0486472 0.0457943 0.0497797 0.0486472 0.0452632 0.0441869 0.0486472 0.0457943 0.0441869 0.0414773 0.0433673 0.0449332 0.0383278 0.0396863 0.0449332 0.0452632 0.0396863 0.0399566 0.0383278 0.0396863 0.032626 0.033747 0.0396863 0.0399566 0.033747 0.0339577 0.0452632 0.0441869 0.0399566 0.0389753 0.0441869 0.0414773 0.0389753 0.0365165 0.0399566 0.0389753 0.0339577 0.0331121 0.0389753 0.0365165 0.0331121 0.031004 0.0493494 0.0444648 0.0457943 0.0408581 0.0444648 0.0368323 0.0408581 0.0333588 0.0457943 0.0408581 0.0414773 0.0367666 0.0408581 0.0333588 0.0367666 0.0293845 0.0368323 0.0269276 0.0333588 0.0213341 0.0269276 0 0.0213341 0 0.0333588 0.0213341 0.0293845 0.0175462 0.0213341 0 0.0175462 0 0.0414773 0.0367666 0.0365165 0.0322134 0.0367666 0.0293845 0.0322134 0.0253439 0.0365165 0.0322134 0.031004 0.0272926 0.0322134 0.0253439 0.0272926 0.0213325 0.0293845 0.0175462 0.0253439 0.0146225 0.0175462 0 0.0146225 0 0.0253439 0.0146225 0.0213325 0.0121693 0.0146225 0 0.0121693 0 0.032626 0.033747 0.0263579 0.0272181 0.033747 0.0339577 0.0272181 0.0273714 0.0263579 0.0272181 0.0196265 0.0202088 0.0272181 0.0273714 0.0202088 0.0203082 0.0339577 0.0331121 0.0273714 0.0266993 0.0331121 0.031004 0.0266993 0.0250306 0.0273714 0.0266993 0.0203082 0.0198405 0.0266993 0.0250306 0.0198405 0.0186858 0.0196265 0.0202088 0.0125412 0.0128346 0.0202088 0.0203082 0.0128346 0.0128828 0.0125412 0.0128346 1 1 0.0128346 0.0128828 1 1 0.0203082 0.0198405 0.0128828 0.0126429 0.0198405 0.0186858 0.0126429 0.0120488 0.0128828 0.0126429 1 1 0.0126429 0.0120488 1 1 0.031004 0.0272926 0.0250306 0.0220799 0.0272926 0.0213325 0.0220799 0.0173562 0.0250306 0.0220799 0.0186858 0.0166296 0.0220799 0.0173562 0.0166296 0.0133812 0.0213325 0.0121693 0.0173562 0.0100431 0.0121693 0 0.0100431 0 0.0173562 0.0100431 0.0133812 0.00826356 0.0100431 0 0.00826356 0 0.0186858 0.0166296 0.0120488 0.0110081 0.0166296 0.0133812 0.0110081 0.00927608 0.0120488 0.0110081 1 1 0.0110081 0.00927608 1 1 0.0133812 0.00826356 0.00927608 0.00705023 0.00826356 0 0.00705023 0 0.00927608 0.00705023 1 1 0.00705023 0 1 1 
