# vtk DataFile Version 3.0
#This file was generated by the deal.II library on 2025/2/16 at 14:39:12
ASCII
DATASET UNSTRUCTURED_GRID

POINTS 4096 double
-5 -2 0
-4.6875 -2 0
-5 -1.875 0
-4.6875 -1.875 0
-4.6875 -2 0
-4.375 -2 0
-4.6875 -1.875 0
-4.375 -1.875 0
-5 -1.875 0
-4.6875 -1.875 0
-5 -1.75 0
-4.6875 -1.75 0
-4.6875 -1.875 0
-4.375 -1.875 0
-4.6875 -1.75 0
-4.375 -1.75 0
-4.375 -2 0
-4.0625 -2 0
-4.375 -1.875 0
-4.0625 -1.875 0
-4.0625 -2 0
-3.75 -2 0
-4.0625 -1.875 0
-3.75 -1.875 0
-4.375 -1.875 0
-4.0625 -1.875 0
-4.375 -1.75 0
-4.0625 -1.75 0
-4.0625 -1.875 0
-3.75 -1.875 0
-4.0625 -1.75 0
-3.75 -1.75 0
-5 -1.75 0
-4.6875 -1.75 0
-5 -1.625 0
-4.6875 -1.625 0
-4.6875 -1.75 0
-4.375 -1.75 0
-4.6875 -1.625 0
-4.375 -1.625 0
-5 -1.625 0
-4.6875 -1.625 0
-5 -1.5 0
-4.6875 -1.5 0
-4.6875 -1.625 0
-4.375 -1.625 0
-4.6875 -1.5 0
-4.375 -1.5 0
-4.375 -1.75 0
-4.0625 -1.75 0
-4.375 -1.625 0
-4.0625 -1.625 0
-4.0625 -1.75 0
-3.75 -1.75 0
-4.0625 -1.625 0
-3.75 -1.625 0
-4.375 -1.625 0
-4.0625 -1.625 0
-4.375 -1.5 0
-4.0625 -1.5 0
-4.0625 -1.625 0
-3.75 -1.625 0
-4.0625 -1.5 0
-3.75 -1.5 0
-3.75 -2 0
-3.4375 -2 0
-3.75 -1.875 0
-3.4375 -1.875 0
-3.4375 -2 0
-3.125 -2 0
-3.4375 -1.875 0
-3.125 -1.875 0
-3.75 -1.875 0
-3.4375 -1.875 0
-3.75 -1.75 0
-3.4375 -1.75 0
-3.4375 -1.875 0
-3.125 -1.875 0
-3.4375 -1.75 0
-3.125 -1.75 0
-3.125 -2 0
-2.8125 -2 0
-3.125 -1.875 0
-2.8125 -1.875 0
-2.8125 -2 0
-2.5 -2 0
-2.8125 -1.875 0
-2.5 -1.875 0
-3.125 -1.875 0
-2.8125 -1.875 0
-3.125 -1.75 0
-2.8125 -1.75 0
-2.8125 -1.875 0
-2.5 -1.875 0
-2.8125 -1.75 0
-2.5 -1.75 0
-3.75 -1.75 0
-3.4375 -1.75 0
-3.75 -1.625 0
-3.4375 -1.625 0
-3.4375 -1.75 0
-3.125 -1.75 0
-3.4375 -1.625 0
-3.125 -1.625 0
-3.75 -1.625 0
-3.4375 -1.625 0
-3.75 -1.5 0
-3.4375 -1.5 0
-3.4375 -1.625 0
-3.125 -1.625 0
-3.4375 -1.5 0
-3.125 -1.5 0
-3.125 -1.75 0
-2.8125 -1.75 0
-3.125 -1.625 0
-2.8125 -1.625 0
-2.8125 -1.75 0
-2.5 -1.75 0
-2.8125 -1.625 0
-2.5 -1.625 0
-3.125 -1.625 0
-2.8125 -1.625 0
-3.125 -1.5 0
-2.8125 -1.5 0
-2.8125 -1.625 0
-2.5 -1.625 0
-2.8125 -1.5 0
-2.5 -1.5 0
-5 -1.5 0
-4.6875 -1.5 0
-5 -1.375 0
-4.6875 -1.375 0
-4.6875 -1.5 0
-4.375 -1.5 0
-4.6875 -1.375 0
-4.375 -1.375 0
-5 -1.375 0
-4.6875 -1.375 0
-5 -1.25 0
-4.6875 -1.25 0
-4.6875 -1.375 0
-4.375 -1.375 0
-4.6875 -1.25 0
-4.375 -1.25 0
-4.375 -1.5 0
-4.0625 -1.5 0
-4.375 -1.375 0
-4.0625 -1.375 0
-4.0625 -1.5 0
-3.75 -1.5 0
-4.0625 -1.375 0
-3.75 -1.375 0
-4.375 -1.375 0
-4.0625 -1.375 0
-4.375 -1.25 0
-4.0625 -1.25 0
-4.0625 -1.375 0
-3.75 -1.375 0
-4.0625 -1.25 0
-3.75 -1.25 0
-5 -1.25 0
-4.6875 -1.25 0
-5 -1.125 0
-4.6875 -1.125 0
-4.6875 -1.25 0
-4.375 -1.25 0
-4.6875 -1.125 0
-4.375 -1.125 0
-5 -1.125 0
-4.6875 -1.125 0
-5 -1 0
-4.6875 -1 0
-4.6875 -1.125 0
-4.375 -1.125 0
-4.6875 -1 0
-4.375 -1 0
-4.375 -1.25 0
-4.0625 -1.25 0
-4.375 -1.125 0
-4.0625 -1.125 0
-4.0625 -1.25 0
-3.75 -1.25 0
-4.0625 -1.125 0
-3.75 -1.125 0
-4.375 -1.125 0
-4.0625 -1.125 0
-4.375 -1 0
-4.0625 -1 0
-4.0625 -1.125 0
-3.75 -1.125 0
-4.0625 -1 0
-3.75 -1 0
-3.75 -1.5 0
-3.4375 -1.5 0
-3.75 -1.375 0
-3.4375 -1.375 0
-3.4375 -1.5 0
-3.125 -1.5 0
-3.4375 -1.375 0
-3.125 -1.375 0
-3.75 -1.375 0
-3.4375 -1.375 0
-3.75 -1.25 0
-3.4375 -1.25 0
-3.4375 -1.375 0
-3.125 -1.375 0
-3.4375 -1.25 0
-3.125 -1.25 0
-3.125 -1.5 0
-2.8125 -1.5 0
-3.125 -1.375 0
-2.8125 -1.375 0
-2.8125 -1.5 0
-2.5 -1.5 0
-2.8125 -1.375 0
-2.5 -1.375 0
-3.125 -1.375 0
-2.8125 -1.375 0
-3.125 -1.25 0
-2.8125 -1.25 0
-2.8125 -1.375 0
-2.5 -1.375 0
-2.8125 -1.25 0
-2.5 -1.25 0
-3.75 -1.25 0
-3.4375 -1.25 0
-3.75 -1.125 0
-3.4375 -1.125 0
-3.4375 -1.25 0
-3.125 -1.25 0
-3.4375 -1.125 0
-3.125 -1.125 0
-3.75 -1.125 0
-3.4375 -1.125 0
-3.75 -1 0
-3.4375 -1 0
-3.4375 -1.125 0
-3.125 -1.125 0
-3.4375 -1 0
-3.125 -1 0
-3.125 -1.25 0
-2.8125 -1.25 0
-3.125 -1.125 0
-2.8125 -1.125 0
-2.8125 -1.25 0
-2.5 -1.25 0
-2.8125 -1.125 0
-2.5 -1.125 0
-3.125 -1.125 0
-2.8125 -1.125 0
-3.125 -1 0
-2.8125 -1 0
-2.8125 -1.125 0
-2.5 -1.125 0
-2.8125 -1 0
-2.5 -1 0
-2.5 -2 0
-2.1875 -2 0
-2.5 -1.875 0
-2.1875 -1.875 0
-2.1875 -2 0
-1.875 -2 0
-2.1875 -1.875 0
-1.875 -1.875 0
-2.5 -1.875 0
-2.1875 -1.875 0
-2.5 -1.75 0
-2.1875 -1.75 0
-2.1875 -1.875 0
-1.875 -1.875 0
-2.1875 -1.75 0
-1.875 -1.75 0
-1.875 -2 0
-1.5625 -2 0
-1.875 -1.875 0
-1.5625 -1.875 0
-1.5625 -2 0
-1.25 -2 0
-1.5625 -1.875 0
-1.25 -1.875 0
-1.875 -1.875 0
-1.5625 -1.875 0
-1.875 -1.75 0
-1.5625 -1.75 0
-1.5625 -1.875 0
-1.25 -1.875 0
-1.5625 -1.75 0
-1.25 -1.75 0
-2.5 -1.75 0
-2.1875 -1.75 0
-2.5 -1.625 0
-2.1875 -1.625 0
-2.1875 -1.75 0
-1.875 -1.75 0
-2.1875 -1.625 0
-1.875 -1.625 0
-2.5 -1.625 0
-2.1875 -1.625 0
-2.5 -1.5 0
-2.1875 -1.5 0
-2.1875 -1.625 0
-1.875 -1.625 0
-2.1875 -1.5 0
-1.875 -1.5 0
-1.875 -1.75 0
-1.5625 -1.75 0
-1.875 -1.625 0
-1.5625 -1.625 0
-1.5625 -1.75 0
-1.25 -1.75 0
-1.5625 -1.625 0
-1.25 -1.625 0
-1.875 -1.625 0
-1.5625 -1.625 0
-1.875 -1.5 0
-1.5625 -1.5 0
-1.5625 -1.625 0
-1.25 -1.625 0
-1.5625 -1.5 0
-1.25 -1.5 0
-1.25 -2 0
-0.9375 -2 0
-1.25 -1.875 0
-0.9375 -1.875 0
-0.9375 -2 0
-0.625 -2 0
-0.9375 -1.875 0
-0.625 -1.875 0
-1.25 -1.875 0
-0.9375 -1.875 0
-1.25 -1.75 0
-0.9375 -1.75 0
-0.9375 -1.875 0
-0.625 -1.875 0
-0.9375 -1.75 0
-0.625 -1.75 0
-0.625 -2 0
-0.3125 -2 0
-0.625 -1.875 0
-0.3125 -1.875 0
-0.3125 -2 0
0 -2 0
-0.3125 -1.875 0
0 -1.875 0
-0.625 -1.875 0
-0.3125 -1.875 0
-0.625 -1.75 0
-0.3125 -1.75 0
-0.3125 -1.875 0
0 -1.875 0
-0.3125 -1.75 0
0 -1.75 0
-1.25 -1.75 0
-0.9375 -1.75 0
-1.25 -1.625 0
-0.9375 -1.625 0
-0.9375 -1.75 0
-0.625 -1.75 0
-0.9375 -1.625 0
-0.625 -1.625 0
-1.25 -1.625 0
-0.9375 -1.625 0
-1.25 -1.5 0
-0.9375 -1.5 0
-0.9375 -1.625 0
-0.625 -1.625 0
-0.9375 -1.5 0
-0.625 -1.5 0
-0.625 -1.75 0
-0.3125 -1.75 0
-0.625 -1.625 0
-0.3125 -1.625 0
-0.3125 -1.75 0
0 -1.75 0
-0.3125 -1.625 0
0 -1.625 0
-0.625 -1.625 0
-0.3125 -1.625 0
-0.625 -1.5 0
-0.3125 -1.5 0
-0.3125 -1.625 0
0 -1.625 0
-0.3125 -1.5 0
0 -1.5 0
-2.5 -1.5 0
-2.1875 -1.5 0
-2.5 -1.375 0
-2.1875 -1.375 0
-2.1875 -1.5 0
-1.875 -1.5 0
-2.1875 -1.375 0
-1.875 -1.375 0
-2.5 -1.375 0
-2.1875 -1.375 0
-2.5 -1.25 0
-2.1875 -1.25 0
-2.1875 -1.375 0
-1.875 -1.375 0
-2.1875 -1.25 0
-1.875 -1.25 0
-1.875 -1.5 0
-1.5625 -1.5 0
-1.875 -1.375 0
-1.5625 -1.375 0
-1.5625 -1.5 0
-1.25 -1.5 0
-1.5625 -1.375 0
-1.25 -1.375 0
-1.875 -1.375 0
-1.5625 -1.375 0
-1.875 -1.25 0
-1.5625 -1.25 0
-1.5625 -1.375 0
-1.25 -1.375 0
-1.5625 -1.25 0
-1.25 -1.25 0
-2.5 -1.25 0
-2.1875 -1.25 0
-2.5 -1.125 0
-2.1875 -1.125 0
-2.1875 -1.25 0
-1.875 -1.25 0
-2.1875 -1.125 0
-1.875 -1.125 0
-2.5 -1.125 0
-2.1875 -1.125 0
-2.5 -1 0
-2.1875 -1 0
-2.1875 -1.125 0
-1.875 -1.125 0
-2.1875 -1 0
-1.875 -1 0
-1.875 -1.25 0
-1.5625 -1.25 0
-1.875 -1.125 0
-1.5625 -1.125 0
-1.5625 -1.25 0
-1.25 -1.25 0
-1.5625 -1.125 0
-1.25 -1.125 0
-1.875 -1.125 0
-1.5625 -1.125 0
-1.875 -1 0
-1.5625 -1 0
-1.5625 -1.125 0
-1.25 -1.125 0
-1.5625 -1 0
-1.25 -1 0
-1.25 -1.5 0
-0.9375 -1.5 0
-1.25 -1.375 0
-0.9375 -1.375 0
-0.9375 -1.5 0
-0.625 -1.5 0
-0.9375 -1.375 0
-0.625 -1.375 0
-1.25 -1.375 0
-0.9375 -1.375 0
-1.25 -1.25 0
-0.9375 -1.25 0
-0.9375 -1.375 0
-0.625 -1.375 0
-0.9375 -1.25 0
-0.625 -1.25 0
-0.625 -1.5 0
-0.3125 -1.5 0
-0.625 -1.375 0
-0.3125 -1.375 0
-0.3125 -1.5 0
0 -1.5 0
-0.3125 -1.375 0
0 -1.375 0
-0.625 -1.375 0
-0.3125 -1.375 0
-0.625 -1.25 0
-0.3125 -1.25 0
-0.3125 -1.375 0
0 -1.375 0
-0.3125 -1.25 0
0 -1.25 0
-1.25 -1.25 0
-0.9375 -1.25 0
-1.25 -1.125 0
-0.9375 -1.125 0
-0.9375 -1.25 0
-0.625 -1.25 0
-0.9375 -1.125 0
-0.625 -1.125 0
-1.25 -1.125 0
-0.9375 -1.125 0
-1.25 -1 0
-0.9375 -1 0
-0.9375 -1.125 0
-0.625 -1.125 0
-0.9375 -1 0
-0.625 -1 0
-0.625 -1.25 0
-0.3125 -1.25 0
-0.625 -1.125 0
-0.3125 -1.125 0
-0.3125 -1.25 0
0 -1.25 0
-0.3125 -1.125 0
0 -1.125 0
-0.625 -1.125 0
-0.3125 -1.125 0
-0.625 -1 0
-0.3125 -1 0
-0.3125 -1.125 0
0 -1.125 0
-0.3125 -1 0
0 -1 0
0 -2 0
0.3125 -2 0
0 -1.875 0
0.3125 -1.875 0
0.3125 -2 0
0.625 -2 0
0.3125 -1.875 0
0.625 -1.875 0
0 -1.875 0
0.3125 -1.875 0
0 -1.75 0
0.3125 -1.75 0
0.3125 -1.875 0
0.625 -1.875 0
0.3125 -1.75 0
0.625 -1.75 0
0.625 -2 0
0.9375 -2 0
0.625 -1.875 0
0.9375 -1.875 0
0.9375 -2 0
1.25 -2 0
0.9375 -1.875 0
1.25 -1.875 0
0.625 -1.875 0
0.9375 -1.875 0
0.625 -1.75 0
0.9375 -1.75 0
0.9375 -1.875 0
1.25 -1.875 0
0.9375 -1.75 0
1.25 -1.75 0
0 -1.75 0
0.3125 -1.75 0
0 -1.625 0
0.3125 -1.625 0
0.3125 -1.75 0
0.625 -1.75 0
0.3125 -1.625 0
0.625 -1.625 0
0 -1.625 0
0.3125 -1.625 0
0 -1.5 0
0.3125 -1.5 0
0.3125 -1.625 0
0.625 -1.625 0
0.3125 -1.5 0
0.625 -1.5 0
0.625 -1.75 0
0.9375 -1.75 0
0.625 -1.625 0
0.9375 -1.625 0
0.9375 -1.75 0
1.25 -1.75 0
0.9375 -1.625 0
1.25 -1.625 0
0.625 -1.625 0
0.9375 -1.625 0
0.625 -1.5 0
0.9375 -1.5 0
0.9375 -1.625 0
1.25 -1.625 0
0.9375 -1.5 0
1.25 -1.5 0
1.25 -2 0
1.5625 -2 0
1.25 -1.875 0
1.5625 -1.875 0
1.5625 -2 0
1.875 -2 0
1.5625 -1.875 0
1.875 -1.875 0
1.25 -1.875 0
1.5625 -1.875 0
1.25 -1.75 0
1.5625 -1.75 0
1.5625 -1.875 0
1.875 -1.875 0
1.5625 -1.75 0
1.875 -1.75 0
1.875 -2 0
2.1875 -2 0
1.875 -1.875 0
2.1875 -1.875 0
2.1875 -2 0
2.5 -2 0
2.1875 -1.875 0
2.5 -1.875 0
1.875 -1.875 0
2.1875 -1.875 0
1.875 -1.75 0
2.1875 -1.75 0
2.1875 -1.875 0
2.5 -1.875 0
2.1875 -1.75 0
2.5 -1.75 0
1.25 -1.75 0
1.5625 -1.75 0
1.25 -1.625 0
1.5625 -1.625 0
1.5625 -1.75 0
1.875 -1.75 0
1.5625 -1.625 0
1.875 -1.625 0
1.25 -1.625 0
1.5625 -1.625 0
1.25 -1.5 0
1.5625 -1.5 0
1.5625 -1.625 0
1.875 -1.625 0
1.5625 -1.5 0
1.875 -1.5 0
1.875 -1.75 0
2.1875 -1.75 0
1.875 -1.625 0
2.1875 -1.625 0
2.1875 -1.75 0
2.5 -1.75 0
2.1875 -1.625 0
2.5 -1.625 0
1.875 -1.625 0
2.1875 -1.625 0
1.875 -1.5 0
2.1875 -1.5 0
2.1875 -1.625 0
2.5 -1.625 0
2.1875 -1.5 0
2.5 -1.5 0
0 -1.5 0
0.3125 -1.5 0
0 -1.375 0
0.3125 -1.375 0
0.3125 -1.5 0
0.625 -1.5 0
0.3125 -1.375 0
0.625 -1.375 0
0 -1.375 0
0.3125 -1.375 0
0 -1.25 0
0.3125 -1.25 0
0.3125 -1.375 0
0.625 -1.375 0
0.3125 -1.25 0
0.625 -1.25 0
0.625 -1.5 0
0.9375 -1.5 0
0.625 -1.375 0
0.9375 -1.375 0
0.9375 -1.5 0
1.25 -1.5 0
0.9375 -1.375 0
1.25 -1.375 0
0.625 -1.375 0
0.9375 -1.375 0
0.625 -1.25 0
0.9375 -1.25 0
0.9375 -1.375 0
1.25 -1.375 0
0.9375 -1.25 0
1.25 -1.25 0
0 -1.25 0
0.3125 -1.25 0
0 -1.125 0
0.3125 -1.125 0
0.3125 -1.25 0
0.625 -1.25 0
0.3125 -1.125 0
0.625 -1.125 0
0 -1.125 0
0.3125 -1.125 0
0 -1 0
0.3125 -1 0
0.3125 -1.125 0
0.625 -1.125 0
0.3125 -1 0
0.625 -1 0
0.625 -1.25 0
0.9375 -1.25 0
0.625 -1.125 0
0.9375 -1.125 0
0.9375 -1.25 0
1.25 -1.25 0
0.9375 -1.125 0
1.25 -1.125 0
0.625 -1.125 0
0.9375 -1.125 0
0.625 -1 0
0.9375 -1 0
0.9375 -1.125 0
1.25 -1.125 0
0.9375 -1 0
1.25 -1 0
1.25 -1.5 0
1.5625 -1.5 0
1.25 -1.375 0
1.5625 -1.375 0
1.5625 -1.5 0
1.875 -1.5 0
1.5625 -1.375 0
1.875 -1.375 0
1.25 -1.375 0
1.5625 -1.375 0
1.25 -1.25 0
1.5625 -1.25 0
1.5625 -1.375 0
1.875 -1.375 0
1.5625 -1.25 0
1.875 -1.25 0
1.875 -1.5 0
2.1875 -1.5 0
1.875 -1.375 0
2.1875 -1.375 0
2.1875 -1.5 0
2.5 -1.5 0
2.1875 -1.375 0
2.5 -1.375 0
1.875 -1.375 0
2.1875 -1.375 0
1.875 -1.25 0
2.1875 -1.25 0
2.1875 -1.375 0
2.5 -1.375 0
2.1875 -1.25 0
2.5 -1.25 0
1.25 -1.25 0
1.5625 -1.25 0
1.25 -1.125 0
1.5625 -1.125 0
1.5625 -1.25 0
1.875 -1.25 0
1.5625 -1.125 0
1.875 -1.125 0
1.25 -1.125 0
1.5625 -1.125 0
1.25 -1 0
1.5625 -1 0
1.5625 -1.125 0
1.875 -1.125 0
1.5625 -1 0
1.875 -1 0
1.875 -1.25 0
2.1875 -1.25 0
1.875 -1.125 0
2.1875 -1.125 0
2.1875 -1.25 0
2.5 -1.25 0
2.1875 -1.125 0
2.5 -1.125 0
1.875 -1.125 0
2.1875 -1.125 0
1.875 -1 0
2.1875 -1 0
2.1875 -1.125 0
2.5 -1.125 0
2.1875 -1 0
2.5 -1 0
2.5 -2 0
2.8125 -2 0
2.5 -1.875 0
2.8125 -1.875 0
2.8125 -2 0
3.125 -2 0
2.8125 -1.875 0
3.125 -1.875 0
2.5 -1.875 0
2.8125 -1.875 0
2.5 -1.75 0
2.8125 -1.75 0
2.8125 -1.875 0
3.125 -1.875 0
2.8125 -1.75 0
3.125 -1.75 0
3.125 -2 0
3.4375 -2 0
3.125 -1.875 0
3.4375 -1.875 0
3.4375 -2 0
3.75 -2 0
3.4375 -1.875 0
3.75 -1.875 0
3.125 -1.875 0
3.4375 -1.875 0
3.125 -1.75 0
3.4375 -1.75 0
3.4375 -1.875 0
3.75 -1.875 0
3.4375 -1.75 0
3.75 -1.75 0
2.5 -1.75 0
2.8125 -1.75 0
2.5 -1.625 0
2.8125 -1.625 0
2.8125 -1.75 0
3.125 -1.75 0
2.8125 -1.625 0
3.125 -1.625 0
2.5 -1.625 0
2.8125 -1.625 0
2.5 -1.5 0
2.8125 -1.5 0
2.8125 -1.625 0
3.125 -1.625 0
2.8125 -1.5 0
3.125 -1.5 0
3.125 -1.75 0
3.4375 -1.75 0
3.125 -1.625 0
3.4375 -1.625 0
3.4375 -1.75 0
3.75 -1.75 0
3.4375 -1.625 0
3.75 -1.625 0
3.125 -1.625 0
3.4375 -1.625 0
3.125 -1.5 0
3.4375 -1.5 0
3.4375 -1.625 0
3.75 -1.625 0
3.4375 -1.5 0
3.75 -1.5 0
3.75 -2 0
4.0625 -2 0
3.75 -1.875 0
4.0625 -1.875 0
4.0625 -2 0
4.375 -2 0
4.0625 -1.875 0
4.375 -1.875 0
3.75 -1.875 0
4.0625 -1.875 0
3.75 -1.75 0
4.0625 -1.75 0
4.0625 -1.875 0
4.375 -1.875 0
4.0625 -1.75 0
4.375 -1.75 0
4.375 -2 0
4.6875 -2 0
4.375 -1.875 0
4.6875 -1.875 0
4.6875 -2 0
5 -2 0
4.6875 -1.875 0
5 -1.875 0
4.375 -1.875 0
4.6875 -1.875 0
4.375 -1.75 0
4.6875 -1.75 0
4.6875 -1.875 0
5 -1.875 0
4.6875 -1.75 0
5 -1.75 0
3.75 -1.75 0
4.0625 -1.75 0
3.75 -1.625 0
4.0625 -1.625 0
4.0625 -1.75 0
4.375 -1.75 0
4.0625 -1.625 0
4.375 -1.625 0
3.75 -1.625 0
4.0625 -1.625 0
3.75 -1.5 0
4.0625 -1.5 0
4.0625 -1.625 0
4.375 -1.625 0
4.0625 -1.5 0
4.375 -1.5 0
4.375 -1.75 0
4.6875 -1.75 0
4.375 -1.625 0
4.6875 -1.625 0
4.6875 -1.75 0
5 -1.75 0
4.6875 -1.625 0
5 -1.625 0
4.375 -1.625 0
4.6875 -1.625 0
4.375 -1.5 0
4.6875 -1.5 0
4.6875 -1.625 0
5 -1.625 0
4.6875 -1.5 0
5 -1.5 0
2.5 -1.5 0
2.8125 -1.5 0
2.5 -1.375 0
2.8125 -1.375 0
2.8125 -1.5 0
3.125 -1.5 0
2.8125 -1.375 0
3.125 -1.375 0
2.5 -1.375 0
2.8125 -1.375 0
2.5 -1.25 0
2.8125 -1.25 0
2.8125 -1.375 0
3.125 -1.375 0
2.8125 -1.25 0
3.125 -1.25 0
3.125 -1.5 0
3.4375 -1.5 0
3.125 -1.375 0
3.4375 -1.375 0
3.4375 -1.5 0
3.75 -1.5 0
3.4375 -1.375 0
3.75 -1.375 0
3.125 -1.375 0
3.4375 -1.375 0
3.125 -1.25 0
3.4375 -1.25 0
3.4375 -1.375 0
3.75 -1.375 0
3.4375 -1.25 0
3.75 -1.25 0
2.5 -1.25 0
2.8125 -1.25 0
2.5 -1.125 0
2.8125 -1.125 0
2.8125 -1.25 0
3.125 -1.25 0
2.8125 -1.125 0
3.125 -1.125 0
2.5 -1.125 0
2.8125 -1.125 0
2.5 -1 0
2.8125 -1 0
2.8125 -1.125 0
3.125 -1.125 0
2.8125 -1 0
3.125 -1 0
3.125 -1.25 0
3.4375 -1.25 0
3.125 -1.125 0
3.4375 -1.125 0
3.4375 -1.25 0
3.75 -1.25 0
3.4375 -1.125 0
3.75 -1.125 0
3.125 -1.125 0
3.4375 -1.125 0
3.125 -1 0
3.4375 -1 0
3.4375 -1.125 0
3.75 -1.125 0
3.4375 -1 0
3.75 -1 0
3.75 -1.5 0
4.0625 -1.5 0
3.75 -1.375 0
4.0625 -1.375 0
4.0625 -1.5 0
4.375 -1.5 0
4.0625 -1.375 0
4.375 -1.375 0
3.75 -1.375 0
4.0625 -1.375 0
3.75 -1.25 0
4.0625 -1.25 0
4.0625 -1.375 0
4.375 -1.375 0
4.0625 -1.25 0
4.375 -1.25 0
4.375 -1.5 0
4.6875 -1.5 0
4.375 -1.375 0
4.6875 -1.375 0
4.6875 -1.5 0
5 -1.5 0
4.6875 -1.375 0
5 -1.375 0
4.375 -1.375 0
4.6875 -1.375 0
4.375 -1.25 0
4.6875 -1.25 0
4.6875 -1.375 0
5 -1.375 0
4.6875 -1.25 0
5 -1.25 0
3.75 -1.25 0
4.0625 -1.25 0
3.75 -1.125 0
4.0625 -1.125 0
4.0625 -1.25 0
4.375 -1.25 0
4.0625 -1.125 0
4.375 -1.125 0
3.75 -1.125 0
4.0625 -1.125 0
3.75 -1 0
4.0625 -1 0
4.0625 -1.125 0
4.375 -1.125 0
4.0625 -1 0
4.375 -1 0
4.375 -1.25 0
4.6875 -1.25 0
4.375 -1.125 0
4.6875 -1.125 0
4.6875 -1.25 0
5 -1.25 0
4.6875 -1.125 0
5 -1.125 0
4.375 -1.125 0
4.6875 -1.125 0
4.375 -1 0
4.6875 -1 0
4.6875 -1.125 0
5 -1.125 0
4.6875 -1 0
5 -1 0
-5 -1 0
-4.6875 -1 0
-5 -0.875 0
-4.6875 -0.875 0
-4.6875 -1 0
-4.375 -1 0
-4.6875 -0.875 0
-4.375 -0.875 0
-5 -0.875 0
-4.6875 -0.875 0
-5 -0.75 0
-4.6875 -0.75 0
-4.6875 -0.875 0
-4.375 -0.875 0
-4.6875 -0.75 0
-4.375 -0.75 0
-4.375 -1 0
-4.0625 -1 0
-4.375 -0.875 0
-4.0625 -0.875 0
-4.0625 -1 0
-3.75 -1 0
-4.0625 -0.875 0
-3.75 -0.875 0
-4.375 -0.875 0
-4.0625 -0.875 0
-4.375 -0.75 0
-4.0625 -0.75 0
-4.0625 -0.875 0
-3.75 -0.875 0
-4.0625 -0.75 0
-3.75 -0.75 0
-5 -0.75 0
-4.6875 -0.75 0
-5 -0.625 0
-4.6875 -0.625 0
-4.6875 -0.75 0
-4.375 -0.75 0
-4.6875 -0.625 0
-4.375 -0.625 0
-5 -0.625 0
-4.6875 -0.625 0
-5 -0.5 0
-4.6875 -0.5 0
-4.6875 -0.625 0
-4.375 -0.625 0
-4.6875 -0.5 0
-4.375 -0.5 0
-4.375 -0.75 0
-4.0625 -0.75 0
-4.375 -0.625 0
-4.0625 -0.625 0
-4.0625 -0.75 0
-3.75 -0.75 0
-4.0625 -0.625 0
-3.75 -0.625 0
-4.375 -0.625 0
-4.0625 -0.625 0
-4.375 -0.5 0
-4.0625 -0.5 0
-4.0625 -0.625 0
-3.75 -0.625 0
-4.0625 -0.5 0
-3.75 -0.5 0
-3.75 -1 0
-3.4375 -1 0
-3.75 -0.875 0
-3.4375 -0.875 0
-3.4375 -1 0
-3.125 -1 0
-3.4375 -0.875 0
-3.125 -0.875 0
-3.75 -0.875 0
-3.4375 -0.875 0
-3.75 -0.75 0
-3.4375 -0.75 0
-3.4375 -0.875 0
-3.125 -0.875 0
-3.4375 -0.75 0
-3.125 -0.75 0
-3.125 -1 0
-2.8125 -1 0
-3.125 -0.875 0
-2.8125 -0.875 0
-2.8125 -1 0
-2.5 -1 0
-2.8125 -0.875 0
-2.5 -0.875 0
-3.125 -0.875 0
-2.8125 -0.875 0
-3.125 -0.75 0
-2.8125 -0.75 0
-2.8125 -0.875 0
-2.5 -0.875 0
-2.8125 -0.75 0
-2.5 -0.75 0
-3.75 -0.75 0
-3.4375 -0.75 0
-3.75 -0.625 0
-3.4375 -0.625 0
-3.4375 -0.75 0
-3.125 -0.75 0
-3.4375 -0.625 0
-3.125 -0.625 0
-3.75 -0.625 0
-3.4375 -0.625 0
-3.75 -0.5 0
-3.4375 -0.5 0
-3.4375 -0.625 0
-3.125 -0.625 0
-3.4375 -0.5 0
-3.125 -0.5 0
-3.125 -0.75 0
-2.8125 -0.75 0
-3.125 -0.625 0
-2.8125 -0.625 0
-2.8125 -0.75 0
-2.5 -0.75 0
-2.8125 -0.625 0
-2.5 -0.625 0
-3.125 -0.625 0
-2.8125 -0.625 0
-3.125 -0.5 0
-2.8125 -0.5 0
-2.8125 -0.625 0
-2.5 -0.625 0
-2.8125 -0.5 0
-2.5 -0.5 0
-5 -0.5 0
-4.6875 -0.5 0
-5 -0.375 0
-4.6875 -0.375 0
-4.6875 -0.5 0
-4.375 -0.5 0
-4.6875 -0.375 0
-4.375 -0.375 0
-5 -0.375 0
-4.6875 -0.375 0
-5 -0.25 0
-4.6875 -0.25 0
-4.6875 -0.375 0
-4.375 -0.375 0
-4.6875 -0.25 0
-4.375 -0.25 0
-4.375 -0.5 0
-4.0625 -0.5 0
-4.375 -0.375 0
-4.0625 -0.375 0
-4.0625 -0.5 0
-3.75 -0.5 0
-4.0625 -0.375 0
-3.75 -0.375 0
-4.375 -0.375 0
-4.0625 -0.375 0
-4.375 -0.25 0
-4.0625 -0.25 0
-4.0625 -0.375 0
-3.75 -0.375 0
-4.0625 -0.25 0
-3.75 -0.25 0
-5 -0.25 0
-4.6875 -0.25 0
-5 -0.125 0
-4.6875 -0.125 0
-4.6875 -0.25 0
-4.375 -0.25 0
-4.6875 -0.125 0
-4.375 -0.125 0
-5 -0.125 0
-4.6875 -0.125 0
-5 0 0
-4.6875 0 0
-4.6875 -0.125 0
-4.375 -0.125 0
-4.6875 0 0
-4.375 0 0
-4.375 -0.25 0
-4.0625 -0.25 0
-4.375 -0.125 0
-4.0625 -0.125 0
-4.0625 -0.25 0
-3.75 -0.25 0
-4.0625 -0.125 0
-3.75 -0.125 0
-4.375 -0.125 0
-4.0625 -0.125 0
-4.375 0 0
-4.0625 0 0
-4.0625 -0.125 0
-3.75 -0.125 0
-4.0625 0 0
-3.75 0 0
-3.75 -0.5 0
-3.4375 -0.5 0
-3.75 -0.375 0
-3.4375 -0.375 0
-3.4375 -0.5 0
-3.125 -0.5 0
-3.4375 -0.375 0
-3.125 -0.375 0
-3.75 -0.375 0
-3.4375 -0.375 0
-3.75 -0.25 0
-3.4375 -0.25 0
-3.4375 -0.375 0
-3.125 -0.375 0
-3.4375 -0.25 0
-3.125 -0.25 0
-3.125 -0.5 0
-2.8125 -0.5 0
-3.125 -0.375 0
-2.8125 -0.375 0
-2.8125 -0.5 0
-2.5 -0.5 0
-2.8125 -0.375 0
-2.5 -0.375 0
-3.125 -0.375 0
-2.8125 -0.375 0
-3.125 -0.25 0
-2.8125 -0.25 0
-2.8125 -0.375 0
-2.5 -0.375 0
-2.8125 -0.25 0
-2.5 -0.25 0
-3.75 -0.25 0
-3.4375 -0.25 0
-3.75 -0.125 0
-3.4375 -0.125 0
-3.4375 -0.25 0
-3.125 -0.25 0
-3.4375 -0.125 0
-3.125 -0.125 0
-3.75 -0.125 0
-3.4375 -0.125 0
-3.75 0 0
-3.4375 0 0
-3.4375 -0.125 0
-3.125 -0.125 0
-3.4375 0 0
-3.125 0 0
-3.125 -0.25 0
-2.8125 -0.25 0
-3.125 -0.125 0
-2.8125 -0.125 0
-2.8125 -0.25 0
-2.5 -0.25 0
-2.8125 -0.125 0
-2.5 -0.125 0
-3.125 -0.125 0
-2.8125 -0.125 0
-3.125 0 0
-2.8125 0 0
-2.8125 -0.125 0
-2.5 -0.125 0
-2.8125 0 0
-2.5 0 0
-2.5 -1 0
-2.1875 -1 0
-2.5 -0.875 0
-2.1875 -0.875 0
-2.1875 -1 0
-1.875 -1 0
-2.1875 -0.875 0
-1.875 -0.875 0
-2.5 -0.875 0
-2.1875 -0.875 0
-2.5 -0.75 0
-2.1875 -0.75 0
-2.1875 -0.875 0
-1.875 -0.875 0
-2.1875 -0.75 0
-1.875 -0.75 0
-1.875 -1 0
-1.5625 -1 0
-1.875 -0.875 0
-1.5625 -0.875 0
-1.5625 -1 0
-1.25 -1 0
-1.5625 -0.875 0
-1.25 -0.875 0
-1.875 -0.875 0
-1.5625 -0.875 0
-1.875 -0.75 0
-1.5625 -0.75 0
-1.5625 -0.875 0
-1.25 -0.875 0
-1.5625 -0.75 0
-1.25 -0.75 0
-2.5 -0.75 0
-2.1875 -0.75 0
-2.5 -0.625 0
-2.1875 -0.625 0
-2.1875 -0.75 0
-1.875 -0.75 0
-2.1875 -0.625 0
-1.875 -0.625 0
-2.5 -0.625 0
-2.1875 -0.625 0
-2.5 -0.5 0
-2.1875 -0.5 0
-2.1875 -0.625 0
-1.875 -0.625 0
-2.1875 -0.5 0
-1.875 -0.5 0
-1.875 -0.75 0
-1.5625 -0.75 0
-1.875 -0.625 0
-1.5625 -0.625 0
-1.5625 -0.75 0
-1.25 -0.75 0
-1.5625 -0.625 0
-1.25 -0.625 0
-1.875 -0.625 0
-1.5625 -0.625 0
-1.875 -0.5 0
-1.5625 -0.5 0
-1.5625 -0.625 0
-1.25 -0.625 0
-1.5625 -0.5 0
-1.25 -0.5 0
-1.25 -1 0
-0.9375 -1 0
-1.25 -0.875 0
-0.9375 -0.875 0
-0.9375 -1 0
-0.625 -1 0
-0.9375 -0.875 0
-0.625 -0.875 0
-1.25 -0.875 0
-0.9375 -0.875 0
-1.25 -0.75 0
-0.9375 -0.75 0
-0.9375 -0.875 0
-0.625 -0.875 0
-0.9375 -0.75 0
-0.625 -0.75 0
-0.625 -1 0
-0.3125 -1 0
-0.625 -0.875 0
-0.3125 -0.875 0
-0.3125 -1 0
0 -1 0
-0.3125 -0.875 0
0 -0.875 0
-0.625 -0.875 0
-0.3125 -0.875 0
-0.625 -0.75 0
-0.3125 -0.75 0
-0.3125 -0.875 0
0 -0.875 0
-0.3125 -0.75 0
0 -0.75 0
-1.25 -0.75 0
-0.9375 -0.75 0
-1.25 -0.625 0
-0.9375 -0.625 0
-0.9375 -0.75 0
-0.625 -0.75 0
-0.9375 -0.625 0
-0.625 -0.625 0
-1.25 -0.625 0
-0.9375 -0.625 0
-1.25 -0.5 0
-0.9375 -0.5 0
-0.9375 -0.625 0
-0.625 -0.625 0
-0.9375 -0.5 0
-0.625 -0.5 0
-0.625 -0.75 0
-0.3125 -0.75 0
-0.625 -0.625 0
-0.3125 -0.625 0
-0.3125 -0.75 0
0 -0.75 0
-0.3125 -0.625 0
0 -0.625 0
-0.625 -0.625 0
-0.3125 -0.625 0
-0.625 -0.5 0
-0.3125 -0.5 0
-0.3125 -0.625 0
0 -0.625 0
-0.3125 -0.5 0
0 -0.5 0
-2.5 -0.5 0
-2.1875 -0.5 0
-2.5 -0.375 0
-2.1875 -0.375 0
-2.1875 -0.5 0
-1.875 -0.5 0
-2.1875 -0.375 0
-1.875 -0.375 0
-2.5 -0.375 0
-2.1875 -0.375 0
-2.5 -0.25 0
-2.1875 -0.25 0
-2.1875 -0.375 0
-1.875 -0.375 0
-2.1875 -0.25 0
-1.875 -0.25 0
-1.875 -0.5 0
-1.5625 -0.5 0
-1.875 -0.375 0
-1.5625 -0.375 0
-1.5625 -0.5 0
-1.25 -0.5 0
-1.5625 -0.375 0
-1.25 -0.375 0
-1.875 -0.375 0
-1.5625 -0.375 0
-1.875 -0.25 0
-1.5625 -0.25 0
-1.5625 -0.375 0
-1.25 -0.375 0
-1.5625 -0.25 0
-1.25 -0.25 0
-2.5 -0.25 0
-2.1875 -0.25 0
-2.5 -0.125 0
-2.1875 -0.125 0
-2.1875 -0.25 0
-1.875 -0.25 0
-2.1875 -0.125 0
-1.875 -0.125 0
-2.5 -0.125 0
-2.1875 -0.125 0
-2.5 0 0
-2.1875 0 0
-2.1875 -0.125 0
-1.875 -0.125 0
-2.1875 0 0
-1.875 0 0
-1.875 -0.25 0
-1.5625 -0.25 0
-1.875 -0.125 0
-1.5625 -0.125 0
-1.5625 -0.25 0
-1.25 -0.25 0
-1.5625 -0.125 0
-1.25 -0.125 0
-1.875 -0.125 0
-1.5625 -0.125 0
-1.875 0 0
-1.5625 0 0
-1.5625 -0.125 0
-1.25 -0.125 0
-1.5625 0 0
-1.25 0 0
-1.25 -0.5 0
-0.9375 -0.5 0
-1.25 -0.375 0
-0.9375 -0.375 0
-0.9375 -0.5 0
-0.625 -0.5 0
-0.9375 -0.375 0
-0.625 -0.375 0
-1.25 -0.375 0
-0.9375 -0.375 0
-1.25 -0.25 0
-0.9375 -0.25 0
-0.9375 -0.375 0
-0.625 -0.375 0
-0.9375 -0.25 0
-0.625 -0.25 0
-0.625 -0.5 0
-0.3125 -0.5 0
-0.625 -0.375 0
-0.3125 -0.375 0
-0.3125 -0.5 0
0 -0.5 0
-0.3125 -0.375 0
0 -0.375 0
-0.625 -0.375 0
-0.3125 -0.375 0
-0.625 -0.25 0
-0.3125 -0.25 0
-0.3125 -0.375 0
0 -0.375 0
-0.3125 -0.25 0
0 -0.25 0
-1.25 -0.25 0
-0.9375 -0.25 0
-1.25 -0.125 0
-0.9375 -0.125 0
-0.9375 -0.25 0
-0.625 -0.25 0
-0.9375 -0.125 0
-0.625 -0.125 0
-1.25 -0.125 0
-0.9375 -0.125 0
-1.25 0 0
-0.9375 0 0
-0.9375 -0.125 0
-0.625 -0.125 0
-0.9375 0 0
-0.625 0 0
-0.625 -0.25 0
-0.3125 -0.25 0
-0.625 -0.125 0
-0.3125 -0.125 0
-0.3125 -0.25 0
0 -0.25 0
-0.3125 -0.125 0
0 -0.125 0
-0.625 -0.125 0
-0.3125 -0.125 0
-0.625 0 0
-0.3125 0 0
-0.3125 -0.125 0
0 -0.125 0
-0.3125 0 0
0 0 0
0 -1 0
0.3125 -1 0
0 -0.875 0
0.3125 -0.875 0
0.3125 -1 0
0.625 -1 0
0.3125 -0.875 0
0.625 -0.875 0
0 -0.875 0
0.3125 -0.875 0
0 -0.75 0
0.3125 -0.75 0
0.3125 -0.875 0
0.625 -0.875 0
0.3125 -0.75 0
0.625 -0.75 0
0.625 -1 0
0.9375 -1 0
0.625 -0.875 0
0.9375 -0.875 0
0.9375 -1 0
1.25 -1 0
0.9375 -0.875 0
1.25 -0.875 0
0.625 -0.875 0
0.9375 -0.875 0
0.625 -0.75 0
0.9375 -0.75 0
0.9375 -0.875 0
1.25 -0.875 0
0.9375 -0.75 0
1.25 -0.75 0
0 -0.75 0
0.3125 -0.75 0
0 -0.625 0
0.3125 -0.625 0
0.3125 -0.75 0
0.625 -0.75 0
0.3125 -0.625 0
0.625 -0.625 0
0 -0.625 0
0.3125 -0.625 0
0 -0.5 0
0.3125 -0.5 0
0.3125 -0.625 0
0.625 -0.625 0
0.3125 -0.5 0
0.625 -0.5 0
0.625 -0.75 0
0.9375 -0.75 0
0.625 -0.625 0
0.9375 -0.625 0
0.9375 -0.75 0
1.25 -0.75 0
0.9375 -0.625 0
1.25 -0.625 0
0.625 -0.625 0
0.9375 -0.625 0
0.625 -0.5 0
0.9375 -0.5 0
0.9375 -0.625 0
1.25 -0.625 0
0.9375 -0.5 0
1.25 -0.5 0
1.25 -1 0
1.5625 -1 0
1.25 -0.875 0
1.5625 -0.875 0
1.5625 -1 0
1.875 -1 0
1.5625 -0.875 0
1.875 -0.875 0
1.25 -0.875 0
1.5625 -0.875 0
1.25 -0.75 0
1.5625 -0.75 0
1.5625 -0.875 0
1.875 -0.875 0
1.5625 -0.75 0
1.875 -0.75 0
1.875 -1 0
2.1875 -1 0
1.875 -0.875 0
2.1875 -0.875 0
2.1875 -1 0
2.5 -1 0
2.1875 -0.875 0
2.5 -0.875 0
1.875 -0.875 0
2.1875 -0.875 0
1.875 -0.75 0
2.1875 -0.75 0
2.1875 -0.875 0
2.5 -0.875 0
2.1875 -0.75 0
2.5 -0.75 0
1.25 -0.75 0
1.5625 -0.75 0
1.25 -0.625 0
1.5625 -0.625 0
1.5625 -0.75 0
1.875 -0.75 0
1.5625 -0.625 0
1.875 -0.625 0
1.25 -0.625 0
1.5625 -0.625 0
1.25 -0.5 0
1.5625 -0.5 0
1.5625 -0.625 0
1.875 -0.625 0
1.5625 -0.5 0
1.875 -0.5 0
1.875 -0.75 0
2.1875 -0.75 0
1.875 -0.625 0
2.1875 -0.625 0
2.1875 -0.75 0
2.5 -0.75 0
2.1875 -0.625 0
2.5 -0.625 0
1.875 -0.625 0
2.1875 -0.625 0
1.875 -0.5 0
2.1875 -0.5 0
2.1875 -0.625 0
2.5 -0.625 0
2.1875 -0.5 0
2.5 -0.5 0
0 -0.5 0
0.3125 -0.5 0
0 -0.375 0
0.3125 -0.375 0
0.3125 -0.5 0
0.625 -0.5 0
0.3125 -0.375 0
0.625 -0.375 0
0 -0.375 0
0.3125 -0.375 0
0 -0.25 0
0.3125 -0.25 0
0.3125 -0.375 0
0.625 -0.375 0
0.3125 -0.25 0
0.625 -0.25 0
0.625 -0.5 0
0.9375 -0.5 0
0.625 -0.375 0
0.9375 -0.375 0
0.9375 -0.5 0
1.25 -0.5 0
0.9375 -0.375 0
1.25 -0.375 0
0.625 -0.375 0
0.9375 -0.375 0
0.625 -0.25 0
0.9375 -0.25 0
0.9375 -0.375 0
1.25 -0.375 0
0.9375 -0.25 0
1.25 -0.25 0
0 -0.25 0
0.3125 -0.25 0
0 -0.125 0
0.3125 -0.125 0
0.3125 -0.25 0
0.625 -0.25 0
0.3125 -0.125 0
0.625 -0.125 0
0 -0.125 0
0.3125 -0.125 0
0 0 0
0.3125 0 0
0.3125 -0.125 0
0.625 -0.125 0
0.3125 0 0
0.625 0 0
0.625 -0.25 0
0.9375 -0.25 0
0.625 -0.125 0
0.9375 -0.125 0
0.9375 -0.25 0
1.25 -0.25 0
0.9375 -0.125 0
1.25 -0.125 0
0.625 -0.125 0
0.9375 -0.125 0
0.625 0 0
0.9375 0 0
0.9375 -0.125 0
1.25 -0.125 0
0.9375 0 0
1.25 0 0
1.25 -0.5 0
1.5625 -0.5 0
1.25 -0.375 0
1.5625 -0.375 0
1.5625 -0.5 0
1.875 -0.5 0
1.5625 -0.375 0
1.875 -0.375 0
1.25 -0.375 0
1.5625 -0.375 0
1.25 -0.25 0
1.5625 -0.25 0
1.5625 -0.375 0
1.875 -0.375 0
1.5625 -0.25 0
1.875 -0.25 0
1.875 -0.5 0
2.1875 -0.5 0
1.875 -0.375 0
2.1875 -0.375 0
2.1875 -0.5 0
2.5 -0.5 0
2.1875 -0.375 0
2.5 -0.375 0
1.875 -0.375 0
2.1875 -0.375 0
1.875 -0.25 0
2.1875 -0.25 0
2.1875 -0.375 0
2.5 -0.375 0
2.1875 -0.25 0
2.5 -0.25 0
1.25 -0.25 0
1.5625 -0.25 0
1.25 -0.125 0
1.5625 -0.125 0
1.5625 -0.25 0
1.875 -0.25 0
1.5625 -0.125 0
1.875 -0.125 0
1.25 -0.125 0
1.5625 -0.125 0
1.25 0 0
1.5625 0 0
1.5625 -0.125 0
1.875 -0.125 0
1.5625 0 0
1.875 0 0
1.875 -0.25 0
2.1875 -0.25 0
1.875 -0.125 0
2.1875 -0.125 0
2.1875 -0.25 0
2.5 -0.25 0
2.1875 -0.125 0
2.5 -0.125 0
1.875 -0.125 0
2.1875 -0.125 0
1.875 0 0
2.1875 0 0
2.1875 -0.125 0
2.5 -0.125 0
2.1875 0 0
2.5 0 0
2.5 -1 0
2.8125 -1 0
2.5 -0.875 0
2.8125 -0.875 0
2.8125 -1 0
3.125 -1 0
2.8125 -0.875 0
3.125 -0.875 0
2.5 -0.875 0
2.8125 -0.875 0
2.5 -0.75 0
2.8125 -0.75 0
2.8125 -0.875 0
3.125 -0.875 0
2.8125 -0.75 0
3.125 -0.75 0
3.125 -1 0
3.4375 -1 0
3.125 -0.875 0
3.4375 -0.875 0
3.4375 -1 0
3.75 -1 0
3.4375 -0.875 0
3.75 -0.875 0
3.125 -0.875 0
3.4375 -0.875 0
3.125 -0.75 0
3.4375 -0.75 0
3.4375 -0.875 0
3.75 -0.875 0
3.4375 -0.75 0
3.75 -0.75 0
2.5 -0.75 0
2.8125 -0.75 0
2.5 -0.625 0
2.8125 -0.625 0
2.8125 -0.75 0
3.125 -0.75 0
2.8125 -0.625 0
3.125 -0.625 0
2.5 -0.625 0
2.8125 -0.625 0
2.5 -0.5 0
2.8125 -0.5 0
2.8125 -0.625 0
3.125 -0.625 0
2.8125 -0.5 0
3.125 -0.5 0
3.125 -0.75 0
3.4375 -0.75 0
3.125 -0.625 0
3.4375 -0.625 0
3.4375 -0.75 0
3.75 -0.75 0
3.4375 -0.625 0
3.75 -0.625 0
3.125 -0.625 0
3.4375 -0.625 0
3.125 -0.5 0
3.4375 -0.5 0
3.4375 -0.625 0
3.75 -0.625 0
3.4375 -0.5 0
3.75 -0.5 0
3.75 -1 0
4.0625 -1 0
3.75 -0.875 0
4.0625 -0.875 0
4.0625 -1 0
4.375 -1 0
4.0625 -0.875 0
4.375 -0.875 0
3.75 -0.875 0
4.0625 -0.875 0
3.75 -0.75 0
4.0625 -0.75 0
4.0625 -0.875 0
4.375 -0.875 0
4.0625 -0.75 0
4.375 -0.75 0
4.375 -1 0
4.6875 -1 0
4.375 -0.875 0
4.6875 -0.875 0
4.6875 -1 0
5 -1 0
4.6875 -0.875 0
5 -0.875 0
4.375 -0.875 0
4.6875 -0.875 0
4.375 -0.75 0
4.6875 -0.75 0
4.6875 -0.875 0
5 -0.875 0
4.6875 -0.75 0
5 -0.75 0
3.75 -0.75 0
4.0625 -0.75 0
3.75 -0.625 0
4.0625 -0.625 0
4.0625 -0.75 0
4.375 -0.75 0
4.0625 -0.625 0
4.375 -0.625 0
3.75 -0.625 0
4.0625 -0.625 0
3.75 -0.5 0
4.0625 -0.5 0
4.0625 -0.625 0
4.375 -0.625 0
4.0625 -0.5 0
4.375 -0.5 0
4.375 -0.75 0
4.6875 -0.75 0
4.375 -0.625 0
4.6875 -0.625 0
4.6875 -0.75 0
5 -0.75 0
4.6875 -0.625 0
5 -0.625 0
4.375 -0.625 0
4.6875 -0.625 0
4.375 -0.5 0
4.6875 -0.5 0
4.6875 -0.625 0
5 -0.625 0
4.6875 -0.5 0
5 -0.5 0
2.5 -0.5 0
2.8125 -0.5 0
2.5 -0.375 0
2.8125 -0.375 0
2.8125 -0.5 0
3.125 -0.5 0
2.8125 -0.375 0
3.125 -0.375 0
2.5 -0.375 0
2.8125 -0.375 0
2.5 -0.25 0
2.8125 -0.25 0
2.8125 -0.375 0
3.125 -0.375 0
2.8125 -0.25 0
3.125 -0.25 0
3.125 -0.5 0
3.4375 -0.5 0
3.125 -0.375 0
3.4375 -0.375 0
3.4375 -0.5 0
3.75 -0.5 0
3.4375 -0.375 0
3.75 -0.375 0
3.125 -0.375 0
3.4375 -0.375 0
3.125 -0.25 0
3.4375 -0.25 0
3.4375 -0.375 0
3.75 -0.375 0
3.4375 -0.25 0
3.75 -0.25 0
2.5 -0.25 0
2.8125 -0.25 0
2.5 -0.125 0
2.8125 -0.125 0
2.8125 -0.25 0
3.125 -0.25 0
2.8125 -0.125 0
3.125 -0.125 0
2.5 -0.125 0
2.8125 -0.125 0
2.5 0 0
2.8125 0 0
2.8125 -0.125 0
3.125 -0.125 0
2.8125 0 0
3.125 0 0
3.125 -0.25 0
3.4375 -0.25 0
3.125 -0.125 0
3.4375 -0.125 0
3.4375 -0.25 0
3.75 -0.25 0
3.4375 -0.125 0
3.75 -0.125 0
3.125 -0.125 0
3.4375 -0.125 0
3.125 0 0
3.4375 0 0
3.4375 -0.125 0
3.75 -0.125 0
3.4375 0 0
3.75 0 0
3.75 -0.5 0
4.0625 -0.5 0
3.75 -0.375 0
4.0625 -0.375 0
4.0625 -0.5 0
4.375 -0.5 0
4.0625 -0.375 0
4.375 -0.375 0
3.75 -0.375 0
4.0625 -0.375 0
3.75 -0.25 0
4.0625 -0.25 0
4.0625 -0.375 0
4.375 -0.375 0
4.0625 -0.25 0
4.375 -0.25 0
4.375 -0.5 0
4.6875 -0.5 0
4.375 -0.375 0
4.6875 -0.375 0
4.6875 -0.5 0
5 -0.5 0
4.6875 -0.375 0
5 -0.375 0
4.375 -0.375 0
4.6875 -0.375 0
4.375 -0.25 0
4.6875 -0.25 0
4.6875 -0.375 0
5 -0.375 0
4.6875 -0.25 0
5 -0.25 0
3.75 -0.25 0
4.0625 -0.25 0
3.75 -0.125 0
4.0625 -0.125 0
4.0625 -0.25 0
4.375 -0.25 0
4.0625 -0.125 0
4.375 -0.125 0
3.75 -0.125 0
4.0625 -0.125 0
3.75 0 0
4.0625 0 0
4.0625 -0.125 0
4.375 -0.125 0
4.0625 0 0
4.375 0 0
4.375 -0.25 0
4.6875 -0.25 0
4.375 -0.125 0
4.6875 -0.125 0
4.6875 -0.25 0
5 -0.25 0
4.6875 -0.125 0
5 -0.125 0
4.375 -0.125 0
4.6875 -0.125 0
4.375 0 0
4.6875 0 0
4.6875 -0.125 0
5 -0.125 0
4.6875 0 0
5 0 0
-5 0 0
-4.6875 0 0
-5 0.125 0
-4.6875 0.125 0
-4.6875 0 0
-4.375 0 0
-4.6875 0.125 0
-4.375 0.125 0
-5 0.125 0
-4.6875 0.125 0
-5 0.25 0
-4.6875 0.25 0
-4.6875 0.125 0
-4.375 0.125 0
-4.6875 0.25 0
-4.375 0.25 0
-4.375 0 0
-4.0625 0 0
-4.375 0.125 0
-4.0625 0.125 0
-4.0625 0 0
-3.75 0 0
-4.0625 0.125 0
-3.75 0.125 0
-4.375 0.125 0
-4.0625 0.125 0
-4.375 0.25 0
-4.0625 0.25 0
-4.0625 0.125 0
-3.75 0.125 0
-4.0625 0.25 0
-3.75 0.25 0
-5 0.25 0
-4.6875 0.25 0
-5 0.375 0
-4.6875 0.375 0
-4.6875 0.25 0
-4.375 0.25 0
-4.6875 0.375 0
-4.375 0.375 0
-5 0.375 0
-4.6875 0.375 0
-5 0.5 0
-4.6875 0.5 0
-4.6875 0.375 0
-4.375 0.375 0
-4.6875 0.5 0
-4.375 0.5 0
-4.375 0.25 0
-4.0625 0.25 0
-4.375 0.375 0
-4.0625 0.375 0
-4.0625 0.25 0
-3.75 0.25 0
-4.0625 0.375 0
-3.75 0.375 0
-4.375 0.375 0
-4.0625 0.375 0
-4.375 0.5 0
-4.0625 0.5 0
-4.0625 0.375 0
-3.75 0.375 0
-4.0625 0.5 0
-3.75 0.5 0
-3.75 0 0
-3.4375 0 0
-3.75 0.125 0
-3.4375 0.125 0
-3.4375 0 0
-3.125 0 0
-3.4375 0.125 0
-3.125 0.125 0
-3.75 0.125 0
-3.4375 0.125 0
-3.75 0.25 0
-3.4375 0.25 0
-3.4375 0.125 0
-3.125 0.125 0
-3.4375 0.25 0
-3.125 0.25 0
-3.125 0 0
-2.8125 0 0
-3.125 0.125 0
-2.8125 0.125 0
-2.8125 0 0
-2.5 0 0
-2.8125 0.125 0
-2.5 0.125 0
-3.125 0.125 0
-2.8125 0.125 0
-3.125 0.25 0
-2.8125 0.25 0
-2.8125 0.125 0
-2.5 0.125 0
-2.8125 0.25 0
-2.5 0.25 0
-3.75 0.25 0
-3.4375 0.25 0
-3.75 0.375 0
-3.4375 0.375 0
-3.4375 0.25 0
-3.125 0.25 0
-3.4375 0.375 0
-3.125 0.375 0
-3.75 0.375 0
-3.4375 0.375 0
-3.75 0.5 0
-3.4375 0.5 0
-3.4375 0.375 0
-3.125 0.375 0
-3.4375 0.5 0
-3.125 0.5 0
-3.125 0.25 0
-2.8125 0.25 0
-3.125 0.375 0
-2.8125 0.375 0
-2.8125 0.25 0
-2.5 0.25 0
-2.8125 0.375 0
-2.5 0.375 0
-3.125 0.375 0
-2.8125 0.375 0
-3.125 0.5 0
-2.8125 0.5 0
-2.8125 0.375 0
-2.5 0.375 0
-2.8125 0.5 0
-2.5 0.5 0
-5 0.5 0
-4.6875 0.5 0
-5 0.625 0
-4.6875 0.625 0
-4.6875 0.5 0
-4.375 0.5 0
-4.6875 0.625 0
-4.375 0.625 0
-5 0.625 0
-4.6875 0.625 0
-5 0.75 0
-4.6875 0.75 0
-4.6875 0.625 0
-4.375 0.625 0
-4.6875 0.75 0
-4.375 0.75 0
-4.375 0.5 0
-4.0625 0.5 0
-4.375 0.625 0
-4.0625 0.625 0
-4.0625 0.5 0
-3.75 0.5 0
-4.0625 0.625 0
-3.75 0.625 0
-4.375 0.625 0
-4.0625 0.625 0
-4.375 0.75 0
-4.0625 0.75 0
-4.0625 0.625 0
-3.75 0.625 0
-4.0625 0.75 0
-3.75 0.75 0
-5 0.75 0
-4.6875 0.75 0
-5 0.875 0
-4.6875 0.875 0
-4.6875 0.75 0
-4.375 0.75 0
-4.6875 0.875 0
-4.375 0.875 0
-5 0.875 0
-4.6875 0.875 0
-5 1 0
-4.6875 1 0
-4.6875 0.875 0
-4.375 0.875 0
-4.6875 1 0
-4.375 1 0
-4.375 0.75 0
-4.0625 0.75 0
-4.375 0.875 0
-4.0625 0.875 0
-4.0625 0.75 0
-3.75 0.75 0
-4.0625 0.875 0
-3.75 0.875 0
-4.375 0.875 0
-4.0625 0.875 0
-4.375 1 0
-4.0625 1 0
-4.0625 0.875 0
-3.75 0.875 0
-4.0625 1 0
-3.75 1 0
-3.75 0.5 0
-3.4375 0.5 0
-3.75 0.625 0
-3.4375 0.625 0
-3.4375 0.5 0
-3.125 0.5 0
-3.4375 0.625 0
-3.125 0.625 0
-3.75 0.625 0
-3.4375 0.625 0
-3.75 0.75 0
-3.4375 0.75 0
-3.4375 0.625 0
-3.125 0.625 0
-3.4375 0.75 0
-3.125 0.75 0
-3.125 0.5 0
-2.8125 0.5 0
-3.125 0.625 0
-2.8125 0.625 0
-2.8125 0.5 0
-2.5 0.5 0
-2.8125 0.625 0
-2.5 0.625 0
-3.125 0.625 0
-2.8125 0.625 0
-3.125 0.75 0
-2.8125 0.75 0
-2.8125 0.625 0
-2.5 0.625 0
-2.8125 0.75 0
-2.5 0.75 0
-3.75 0.75 0
-3.4375 0.75 0
-3.75 0.875 0
-3.4375 0.875 0
-3.4375 0.75 0
-3.125 0.75 0
-3.4375 0.875 0
-3.125 0.875 0
-3.75 0.875 0
-3.4375 0.875 0
-3.75 1 0
-3.4375 1 0
-3.4375 0.875 0
-3.125 0.875 0
-3.4375 1 0
-3.125 1 0
-3.125 0.75 0
-2.8125 0.75 0
-3.125 0.875 0
-2.8125 0.875 0
-2.8125 0.75 0
-2.5 0.75 0
-2.8125 0.875 0
-2.5 0.875 0
-3.125 0.875 0
-2.8125 0.875 0
-3.125 1 0
-2.8125 1 0
-2.8125 0.875 0
-2.5 0.875 0
-2.8125 1 0
-2.5 1 0
-2.5 0 0
-2.1875 0 0
-2.5 0.125 0
-2.1875 0.125 0
-2.1875 0 0
-1.875 0 0
-2.1875 0.125 0
-1.875 0.125 0
-2.5 0.125 0
-2.1875 0.125 0
-2.5 0.25 0
-2.1875 0.25 0
-2.1875 0.125 0
-1.875 0.125 0
-2.1875 0.25 0
-1.875 0.25 0
-1.875 0 0
-1.5625 0 0
-1.875 0.125 0
-1.5625 0.125 0
-1.5625 0 0
-1.25 0 0
-1.5625 0.125 0
-1.25 0.125 0
-1.875 0.125 0
-1.5625 0.125 0
-1.875 0.25 0
-1.5625 0.25 0
-1.5625 0.125 0
-1.25 0.125 0
-1.5625 0.25 0
-1.25 0.25 0
-2.5 0.25 0
-2.1875 0.25 0
-2.5 0.375 0
-2.1875 0.375 0
-2.1875 0.25 0
-1.875 0.25 0
-2.1875 0.375 0
-1.875 0.375 0
-2.5 0.375 0
-2.1875 0.375 0
-2.5 0.5 0
-2.1875 0.5 0
-2.1875 0.375 0
-1.875 0.375 0
-2.1875 0.5 0
-1.875 0.5 0
-1.875 0.25 0
-1.5625 0.25 0
-1.875 0.375 0
-1.5625 0.375 0
-1.5625 0.25 0
-1.25 0.25 0
-1.5625 0.375 0
-1.25 0.375 0
-1.875 0.375 0
-1.5625 0.375 0
-1.875 0.5 0
-1.5625 0.5 0
-1.5625 0.375 0
-1.25 0.375 0
-1.5625 0.5 0
-1.25 0.5 0
-1.25 0 0
-0.9375 0 0
-1.25 0.125 0
-0.9375 0.125 0
-0.9375 0 0
-0.625 0 0
-0.9375 0.125 0
-0.625 0.125 0
-1.25 0.125 0
-0.9375 0.125 0
-1.25 0.25 0
-0.9375 0.25 0
-0.9375 0.125 0
-0.625 0.125 0
-0.9375 0.25 0
-0.625 0.25 0
-0.625 0 0
-0.3125 0 0
-0.625 0.125 0
-0.3125 0.125 0
-0.3125 0 0
0 0 0
-0.3125 0.125 0
0 0.125 0
-0.625 0.125 0
-0.3125 0.125 0
-0.625 0.25 0
-0.3125 0.25 0
-0.3125 0.125 0
0 0.125 0
-0.3125 0.25 0
0 0.25 0
-1.25 0.25 0
-0.9375 0.25 0
-1.25 0.375 0
-0.9375 0.375 0
-0.9375 0.25 0
-0.625 0.25 0
-0.9375 0.375 0
-0.625 0.375 0
-1.25 0.375 0
-0.9375 0.375 0
-1.25 0.5 0
-0.9375 0.5 0
-0.9375 0.375 0
-0.625 0.375 0
-0.9375 0.5 0
-0.625 0.5 0
-0.625 0.25 0
-0.3125 0.25 0
-0.625 0.375 0
-0.3125 0.375 0
-0.3125 0.25 0
0 0.25 0
-0.3125 0.375 0
0 0.375 0
-0.625 0.375 0
-0.3125 0.375 0
-0.625 0.5 0
-0.3125 0.5 0
-0.3125 0.375 0
0 0.375 0
-0.3125 0.5 0
0 0.5 0
-2.5 0.5 0
-2.1875 0.5 0
-2.5 0.625 0
-2.1875 0.625 0
-2.1875 0.5 0
-1.875 0.5 0
-2.1875 0.625 0
-1.875 0.625 0
-2.5 0.625 0
-2.1875 0.625 0
-2.5 0.75 0
-2.1875 0.75 0
-2.1875 0.625 0
-1.875 0.625 0
-2.1875 0.75 0
-1.875 0.75 0
-1.875 0.5 0
-1.5625 0.5 0
-1.875 0.625 0
-1.5625 0.625 0
-1.5625 0.5 0
-1.25 0.5 0
-1.5625 0.625 0
-1.25 0.625 0
-1.875 0.625 0
-1.5625 0.625 0
-1.875 0.75 0
-1.5625 0.75 0
-1.5625 0.625 0
-1.25 0.625 0
-1.5625 0.75 0
-1.25 0.75 0
-2.5 0.75 0
-2.1875 0.75 0
-2.5 0.875 0
-2.1875 0.875 0
-2.1875 0.75 0
-1.875 0.75 0
-2.1875 0.875 0
-1.875 0.875 0
-2.5 0.875 0
-2.1875 0.875 0
-2.5 1 0
-2.1875 1 0
-2.1875 0.875 0
-1.875 0.875 0
-2.1875 1 0
-1.875 1 0
-1.875 0.75 0
-1.5625 0.75 0
-1.875 0.875 0
-1.5625 0.875 0
-1.5625 0.75 0
-1.25 0.75 0
-1.5625 0.875 0
-1.25 0.875 0
-1.875 0.875 0
-1.5625 0.875 0
-1.875 1 0
-1.5625 1 0
-1.5625 0.875 0
-1.25 0.875 0
-1.5625 1 0
-1.25 1 0
-1.25 0.5 0
-0.9375 0.5 0
-1.25 0.625 0
-0.9375 0.625 0
-0.9375 0.5 0
-0.625 0.5 0
-0.9375 0.625 0
-0.625 0.625 0
-1.25 0.625 0
-0.9375 0.625 0
-1.25 0.75 0
-0.9375 0.75 0
-0.9375 0.625 0
-0.625 0.625 0
-0.9375 0.75 0
-0.625 0.75 0
-0.625 0.5 0
-0.3125 0.5 0
-0.625 0.625 0
-0.3125 0.625 0
-0.3125 0.5 0
0 0.5 0
-0.3125 0.625 0
0 0.625 0
-0.625 0.625 0
-0.3125 0.625 0
-0.625 0.75 0
-0.3125 0.75 0
-0.3125 0.625 0
0 0.625 0
-0.3125 0.75 0
0 0.75 0
-1.25 0.75 0
-0.9375 0.75 0
-1.25 0.875 0
-0.9375 0.875 0
-0.9375 0.75 0
-0.625 0.75 0
-0.9375 0.875 0
-0.625 0.875 0
-1.25 0.875 0
-0.9375 0.875 0
-1.25 1 0
-0.9375 1 0
-0.9375 0.875 0
-0.625 0.875 0
-0.9375 1 0
-0.625 1 0
-0.625 0.75 0
-0.3125 0.75 0
-0.625 0.875 0
-0.3125 0.875 0
-0.3125 0.75 0
0 0.75 0
-0.3125 0.875 0
0 0.875 0
-0.625 0.875 0
-0.3125 0.875 0
-0.625 1 0
-0.3125 1 0
-0.3125 0.875 0
0 0.875 0
-0.3125 1 0
0 1 0
0 0 0
0.3125 0 0
0 0.125 0
0.3125 0.125 0
0.3125 0 0
0.625 0 0
0.3125 0.125 0
0.625 0.125 0
0 0.125 0
0.3125 0.125 0
0 0.25 0
0.3125 0.25 0
0.3125 0.125 0
0.625 0.125 0
0.3125 0.25 0
0.625 0.25 0
0.625 0 0
0.9375 0 0
0.625 0.125 0
0.9375 0.125 0
0.9375 0 0
1.25 0 0
0.9375 0.125 0
1.25 0.125 0
0.625 0.125 0
0.9375 0.125 0
0.625 0.25 0
0.9375 0.25 0
0.9375 0.125 0
1.25 0.125 0
0.9375 0.25 0
1.25 0.25 0
0 0.25 0
0.3125 0.25 0
0 0.375 0
0.3125 0.375 0
0.3125 0.25 0
0.625 0.25 0
0.3125 0.375 0
0.625 0.375 0
0 0.375 0
0.3125 0.375 0
0 0.5 0
0.3125 0.5 0
0.3125 0.375 0
0.625 0.375 0
0.3125 0.5 0
0.625 0.5 0
0.625 0.25 0
0.9375 0.25 0
0.625 0.375 0
0.9375 0.375 0
0.9375 0.25 0
1.25 0.25 0
0.9375 0.375 0
1.25 0.375 0
0.625 0.375 0
0.9375 0.375 0
0.625 0.5 0
0.9375 0.5 0
0.9375 0.375 0
1.25 0.375 0
0.9375 0.5 0
1.25 0.5 0
1.25 0 0
1.5625 0 0
1.25 0.125 0
1.5625 0.125 0
1.5625 0 0
1.875 0 0
1.5625 0.125 0
1.875 0.125 0
1.25 0.125 0
1.5625 0.125 0
1.25 0.25 0
1.5625 0.25 0
1.5625 0.125 0
1.875 0.125 0
1.5625 0.25 0
1.875 0.25 0
1.875 0 0
2.1875 0 0
1.875 0.125 0
2.1875 0.125 0
2.1875 0 0
2.5 0 0
2.1875 0.125 0
2.5 0.125 0
1.875 0.125 0
2.1875 0.125 0
1.875 0.25 0
2.1875 0.25 0
2.1875 0.125 0
2.5 0.125 0
2.1875 0.25 0
2.5 0.25 0
1.25 0.25 0
1.5625 0.25 0
1.25 0.375 0
1.5625 0.375 0
1.5625 0.25 0
1.875 0.25 0
1.5625 0.375 0
1.875 0.375 0
1.25 0.375 0
1.5625 0.375 0
1.25 0.5 0
1.5625 0.5 0
1.5625 0.375 0
1.875 0.375 0
1.5625 0.5 0
1.875 0.5 0
1.875 0.25 0
2.1875 0.25 0
1.875 0.375 0
2.1875 0.375 0
2.1875 0.25 0
2.5 0.25 0
2.1875 0.375 0
2.5 0.375 0
1.875 0.375 0
2.1875 0.375 0
1.875 0.5 0
2.1875 0.5 0
2.1875 0.375 0
2.5 0.375 0
2.1875 0.5 0
2.5 0.5 0
0 0.5 0
0.3125 0.5 0
0 0.625 0
0.3125 0.625 0
0.3125 0.5 0
0.625 0.5 0
0.3125 0.625 0
0.625 0.625 0
0 0.625 0
0.3125 0.625 0
0 0.75 0
0.3125 0.75 0
0.3125 0.625 0
0.625 0.625 0
0.3125 0.75 0
0.625 0.75 0
0.625 0.5 0
0.9375 0.5 0
0.625 0.625 0
0.9375 0.625 0
0.9375 0.5 0
1.25 0.5 0
0.9375 0.625 0
1.25 0.625 0
0.625 0.625 0
0.9375 0.625 0
0.625 0.75 0
0.9375 0.75 0
0.9375 0.625 0
1.25 0.625 0
0.9375 0.75 0
1.25 0.75 0
0 0.75 0
0.3125 0.75 0
0 0.875 0
0.3125 0.875 0
0.3125 0.75 0
0.625 0.75 0
0.3125 0.875 0
0.625 0.875 0
0 0.875 0
0.3125 0.875 0
0 1 0
0.3125 1 0
0.3125 0.875 0
0.625 0.875 0
0.3125 1 0
0.625 1 0
0.625 0.75 0
0.9375 0.75 0
0.625 0.875 0
0.9375 0.875 0
0.9375 0.75 0
1.25 0.75 0
0.9375 0.875 0
1.25 0.875 0
0.625 0.875 0
0.9375 0.875 0
0.625 1 0
0.9375 1 0
0.9375 0.875 0
1.25 0.875 0
0.9375 1 0
1.25 1 0
1.25 0.5 0
1.5625 0.5 0
1.25 0.625 0
1.5625 0.625 0
1.5625 0.5 0
1.875 0.5 0
1.5625 0.625 0
1.875 0.625 0
1.25 0.625 0
1.5625 0.625 0
1.25 0.75 0
1.5625 0.75 0
1.5625 0.625 0
1.875 0.625 0
1.5625 0.75 0
1.875 0.75 0
1.875 0.5 0
2.1875 0.5 0
1.875 0.625 0
2.1875 0.625 0
2.1875 0.5 0
2.5 0.5 0
2.1875 0.625 0
2.5 0.625 0
1.875 0.625 0
2.1875 0.625 0
1.875 0.75 0
2.1875 0.75 0
2.1875 0.625 0
2.5 0.625 0
2.1875 0.75 0
2.5 0.75 0
1.25 0.75 0
1.5625 0.75 0
1.25 0.875 0
1.5625 0.875 0
1.5625 0.75 0
1.875 0.75 0
1.5625 0.875 0
1.875 0.875 0
1.25 0.875 0
1.5625 0.875 0
1.25 1 0
1.5625 1 0
1.5625 0.875 0
1.875 0.875 0
1.5625 1 0
1.875 1 0
1.875 0.75 0
2.1875 0.75 0
1.875 0.875 0
2.1875 0.875 0
2.1875 0.75 0
2.5 0.75 0
2.1875 0.875 0
2.5 0.875 0
1.875 0.875 0
2.1875 0.875 0
1.875 1 0
2.1875 1 0
2.1875 0.875 0
2.5 0.875 0
2.1875 1 0
2.5 1 0
2.5 0 0
2.8125 0 0
2.5 0.125 0
2.8125 0.125 0
2.8125 0 0
3.125 0 0
2.8125 0.125 0
3.125 0.125 0
2.5 0.125 0
2.8125 0.125 0
2.5 0.25 0
2.8125 0.25 0
2.8125 0.125 0
3.125 0.125 0
2.8125 0.25 0
3.125 0.25 0
3.125 0 0
3.4375 0 0
3.125 0.125 0
3.4375 0.125 0
3.4375 0 0
3.75 0 0
3.4375 0.125 0
3.75 0.125 0
3.125 0.125 0
3.4375 0.125 0
3.125 0.25 0
3.4375 0.25 0
3.4375 0.125 0
3.75 0.125 0
3.4375 0.25 0
3.75 0.25 0
2.5 0.25 0
2.8125 0.25 0
2.5 0.375 0
2.8125 0.375 0
2.8125 0.25 0
3.125 0.25 0
2.8125 0.375 0
3.125 0.375 0
2.5 0.375 0
2.8125 0.375 0
2.5 0.5 0
2.8125 0.5 0
2.8125 0.375 0
3.125 0.375 0
2.8125 0.5 0
3.125 0.5 0
3.125 0.25 0
3.4375 0.25 0
3.125 0.375 0
3.4375 0.375 0
3.4375 0.25 0
3.75 0.25 0
3.4375 0.375 0
3.75 0.375 0
3.125 0.375 0
3.4375 0.375 0
3.125 0.5 0
3.4375 0.5 0
3.4375 0.375 0
3.75 0.375 0
3.4375 0.5 0
3.75 0.5 0
3.75 0 0
4.0625 0 0
3.75 0.125 0
4.0625 0.125 0
4.0625 0 0
4.375 0 0
4.0625 0.125 0
4.375 0.125 0
3.75 0.125 0
4.0625 0.125 0
3.75 0.25 0
4.0625 0.25 0
4.0625 0.125 0
4.375 0.125 0
4.0625 0.25 0
4.375 0.25 0
4.375 0 0
4.6875 0 0
4.375 0.125 0
4.6875 0.125 0
4.6875 0 0
5 0 0
4.6875 0.125 0
5 0.125 0
4.375 0.125 0
4.6875 0.125 0
4.375 0.25 0
4.6875 0.25 0
4.6875 0.125 0
5 0.125 0
4.6875 0.25 0
5 0.25 0
3.75 0.25 0
4.0625 0.25 0
3.75 0.375 0
4.0625 0.375 0
4.0625 0.25 0
4.375 0.25 0
4.0625 0.375 0
4.375 0.375 0
3.75 0.375 0
4.0625 0.375 0
3.75 0.5 0
4.0625 0.5 0
4.0625 0.375 0
4.375 0.375 0
4.0625 0.5 0
4.375 0.5 0
4.375 0.25 0
4.6875 0.25 0
4.375 0.375 0
4.6875 0.375 0
4.6875 0.25 0
5 0.25 0
4.6875 0.375 0
5 0.375 0
4.375 0.375 0
4.6875 0.375 0
4.375 0.5 0
4.6875 0.5 0
4.6875 0.375 0
5 0.375 0
4.6875 0.5 0
5 0.5 0
2.5 0.5 0
2.8125 0.5 0
2.5 0.625 0
2.8125 0.625 0
2.8125 0.5 0
3.125 0.5 0
2.8125 0.625 0
3.125 0.625 0
2.5 0.625 0
2.8125 0.625 0
2.5 0.75 0
2.8125 0.75 0
2.8125 0.625 0
3.125 0.625 0
2.8125 0.75 0
3.125 0.75 0
3.125 0.5 0
3.4375 0.5 0
3.125 0.625 0
3.4375 0.625 0
3.4375 0.5 0
3.75 0.5 0
3.4375 0.625 0
3.75 0.625 0
3.125 0.625 0
3.4375 0.625 0
3.125 0.75 0
3.4375 0.75 0
3.4375 0.625 0
3.75 0.625 0
3.4375 0.75 0
3.75 0.75 0
2.5 0.75 0
2.8125 0.75 0
2.5 0.875 0
2.8125 0.875 0
2.8125 0.75 0
3.125 0.75 0
2.8125 0.875 0
3.125 0.875 0
2.5 0.875 0
2.8125 0.875 0
2.5 1 0
2.8125 1 0
2.8125 0.875 0
3.125 0.875 0
2.8125 1 0
3.125 1 0
3.125 0.75 0
3.4375 0.75 0
3.125 0.875 0
3.4375 0.875 0
3.4375 0.75 0
3.75 0.75 0
3.4375 0.875 0
3.75 0.875 0
3.125 0.875 0
3.4375 0.875 0
3.125 1 0
3.4375 1 0
3.4375 0.875 0
3.75 0.875 0
3.4375 1 0
3.75 1 0
3.75 0.5 0
4.0625 0.5 0
3.75 0.625 0
4.0625 0.625 0
4.0625 0.5 0
4.375 0.5 0
4.0625 0.625 0
4.375 0.625 0
3.75 0.625 0
4.0625 0.625 0
3.75 0.75 0
4.0625 0.75 0
4.0625 0.625 0
4.375 0.625 0
4.0625 0.75 0
4.375 0.75 0
4.375 0.5 0
4.6875 0.5 0
4.375 0.625 0
4.6875 0.625 0
4.6875 0.5 0
5 0.5 0
4.6875 0.625 0
5 0.625 0
4.375 0.625 0
4.6875 0.625 0
4.375 0.75 0
4.6875 0.75 0
4.6875 0.625 0
5 0.625 0
4.6875 0.75 0
5 0.75 0
3.75 0.75 0
4.0625 0.75 0
3.75 0.875 0
4.0625 0.875 0
4.0625 0.75 0
4.375 0.75 0
4.0625 0.875 0
4.375 0.875 0
3.75 0.875 0
4.0625 0.875 0
3.75 1 0
4.0625 1 0
4.0625 0.875 0
4.375 0.875 0
4.0625 1 0
4.375 1 0
4.375 0.75 0
4.6875 0.75 0
4.375 0.875 0
4.6875 0.875 0
4.6875 0.75 0
5 0.75 0
4.6875 0.875 0
5 0.875 0
4.375 0.875 0
4.6875 0.875 0
4.375 1 0
4.6875 1 0
4.6875 0.875 0
5 0.875 0
4.6875 1 0
5 1 0
-5 1 0
-4.6875 1 0
-5 1.125 0
-4.6875 1.125 0
-4.6875 1 0
-4.375 1 0
-4.6875 1.125 0
-4.375 1.125 0
-5 1.125 0
-4.6875 1.125 0
-5 1.25 0
-4.6875 1.25 0
-4.6875 1.125 0
-4.375 1.125 0
-4.6875 1.25 0
-4.375 1.25 0
-4.375 1 0
-4.0625 1 0
-4.375 1.125 0
-4.0625 1.125 0
-4.0625 1 0
-3.75 1 0
-4.0625 1.125 0
-3.75 1.125 0
-4.375 1.125 0
-4.0625 1.125 0
-4.375 1.25 0
-4.0625 1.25 0
-4.0625 1.125 0
-3.75 1.125 0
-4.0625 1.25 0
-3.75 1.25 0
-5 1.25 0
-4.6875 1.25 0
-5 1.375 0
-4.6875 1.375 0
-4.6875 1.25 0
-4.375 1.25 0
-4.6875 1.375 0
-4.375 1.375 0
-5 1.375 0
-4.6875 1.375 0
-5 1.5 0
-4.6875 1.5 0
-4.6875 1.375 0
-4.375 1.375 0
-4.6875 1.5 0
-4.375 1.5 0
-4.375 1.25 0
-4.0625 1.25 0
-4.375 1.375 0
-4.0625 1.375 0
-4.0625 1.25 0
-3.75 1.25 0
-4.0625 1.375 0
-3.75 1.375 0
-4.375 1.375 0
-4.0625 1.375 0
-4.375 1.5 0
-4.0625 1.5 0
-4.0625 1.375 0
-3.75 1.375 0
-4.0625 1.5 0
-3.75 1.5 0
-3.75 1 0
-3.4375 1 0
-3.75 1.125 0
-3.4375 1.125 0
-3.4375 1 0
-3.125 1 0
-3.4375 1.125 0
-3.125 1.125 0
-3.75 1.125 0
-3.4375 1.125 0
-3.75 1.25 0
-3.4375 1.25 0
-3.4375 1.125 0
-3.125 1.125 0
-3.4375 1.25 0
-3.125 1.25 0
-3.125 1 0
-2.8125 1 0
-3.125 1.125 0
-2.8125 1.125 0
-2.8125 1 0
-2.5 1 0
-2.8125 1.125 0
-2.5 1.125 0
-3.125 1.125 0
-2.8125 1.125 0
-3.125 1.25 0
-2.8125 1.25 0
-2.8125 1.125 0
-2.5 1.125 0
-2.8125 1.25 0
-2.5 1.25 0
-3.75 1.25 0
-3.4375 1.25 0
-3.75 1.375 0
-3.4375 1.375 0
-3.4375 1.25 0
-3.125 1.25 0
-3.4375 1.375 0
-3.125 1.375 0
-3.75 1.375 0
-3.4375 1.375 0
-3.75 1.5 0
-3.4375 1.5 0
-3.4375 1.375 0
-3.125 1.375 0
-3.4375 1.5 0
-3.125 1.5 0
-3.125 1.25 0
-2.8125 1.25 0
-3.125 1.375 0
-2.8125 1.375 0
-2.8125 1.25 0
-2.5 1.25 0
-2.8125 1.375 0
-2.5 1.375 0
-3.125 1.375 0
-2.8125 1.375 0
-3.125 1.5 0
-2.8125 1.5 0
-2.8125 1.375 0
-2.5 1.375 0
-2.8125 1.5 0
-2.5 1.5 0
-5 1.5 0
-4.6875 1.5 0
-5 1.625 0
-4.6875 1.625 0
-4.6875 1.5 0
-4.375 1.5 0
-4.6875 1.625 0
-4.375 1.625 0
-5 1.625 0
-4.6875 1.625 0
-5 1.75 0
-4.6875 1.75 0
-4.6875 1.625 0
-4.375 1.625 0
-4.6875 1.75 0
-4.375 1.75 0
-4.375 1.5 0
-4.0625 1.5 0
-4.375 1.625 0
-4.0625 1.625 0
-4.0625 1.5 0
-3.75 1.5 0
-4.0625 1.625 0
-3.75 1.625 0
-4.375 1.625 0
-4.0625 1.625 0
-4.375 1.75 0
-4.0625 1.75 0
-4.0625 1.625 0
-3.75 1.625 0
-4.0625 1.75 0
-3.75 1.75 0
-5 1.75 0
-4.6875 1.75 0
-5 1.875 0
-4.6875 1.875 0
-4.6875 1.75 0
-4.375 1.75 0
-4.6875 1.875 0
-4.375 1.875 0
-5 1.875 0
-4.6875 1.875 0
-5 2 0
-4.6875 2 0
-4.6875 1.875 0
-4.375 1.875 0
-4.6875 2 0
-4.375 2 0
-4.375 1.75 0
-4.0625 1.75 0
-4.375 1.875 0
-4.0625 1.875 0
-4.0625 1.75 0
-3.75 1.75 0
-4.0625 1.875 0
-3.75 1.875 0
-4.375 1.875 0
-4.0625 1.875 0
-4.375 2 0
-4.0625 2 0
-4.0625 1.875 0
-3.75 1.875 0
-4.0625 2 0
-3.75 2 0
-3.75 1.5 0
-3.4375 1.5 0
-3.75 1.625 0
-3.4375 1.625 0
-3.4375 1.5 0
-3.125 1.5 0
-3.4375 1.625 0
-3.125 1.625 0
-3.75 1.625 0
-3.4375 1.625 0
-3.75 1.75 0
-3.4375 1.75 0
-3.4375 1.625 0
-3.125 1.625 0
-3.4375 1.75 0
-3.125 1.75 0
-3.125 1.5 0
-2.8125 1.5 0
-3.125 1.625 0
-2.8125 1.625 0
-2.8125 1.5 0
-2.5 1.5 0
-2.8125 1.625 0
-2.5 1.625 0
-3.125 1.625 0
-2.8125 1.625 0
-3.125 1.75 0
-2.8125 1.75 0
-2.8125 1.625 0
-2.5 1.625 0
-2.8125 1.75 0
-2.5 1.75 0
-3.75 1.75 0
-3.4375 1.75 0
-3.75 1.875 0
-3.4375 1.875 0
-3.4375 1.75 0
-3.125 1.75 0
-3.4375 1.875 0
-3.125 1.875 0
-3.75 1.875 0
-3.4375 1.875 0
-3.75 2 0
-3.4375 2 0
-3.4375 1.875 0
-3.125 1.875 0
-3.4375 2 0
-3.125 2 0
-3.125 1.75 0
-2.8125 1.75 0
-3.125 1.875 0
-2.8125 1.875 0
-2.8125 1.75 0
-2.5 1.75 0
-2.8125 1.875 0
-2.5 1.875 0
-3.125 1.875 0
-2.8125 1.875 0
-3.125 2 0
-2.8125 2 0
-2.8125 1.875 0
-2.5 1.875 0
-2.8125 2 0
-2.5 2 0
-2.5 1 0
-2.1875 1 0
-2.5 1.125 0
-2.1875 1.125 0
-2.1875 1 0
-1.875 1 0
-2.1875 1.125 0
-1.875 1.125 0
-2.5 1.125 0
-2.1875 1.125 0
-2.5 1.25 0
-2.1875 1.25 0
-2.1875 1.125 0
-1.875 1.125 0
-2.1875 1.25 0
-1.875 1.25 0
-1.875 1 0
-1.5625 1 0
-1.875 1.125 0
-1.5625 1.125 0
-1.5625 1 0
-1.25 1 0
-1.5625 1.125 0
-1.25 1.125 0
-1.875 1.125 0
-1.5625 1.125 0
-1.875 1.25 0
-1.5625 1.25 0
-1.5625 1.125 0
-1.25 1.125 0
-1.5625 1.25 0
-1.25 1.25 0
-2.5 1.25 0
-2.1875 1.25 0
-2.5 1.375 0
-2.1875 1.375 0
-2.1875 1.25 0
-1.875 1.25 0
-2.1875 1.375 0
-1.875 1.375 0
-2.5 1.375 0
-2.1875 1.375 0
-2.5 1.5 0
-2.1875 1.5 0
-2.1875 1.375 0
-1.875 1.375 0
-2.1875 1.5 0
-1.875 1.5 0
-1.875 1.25 0
-1.5625 1.25 0
-1.875 1.375 0
-1.5625 1.375 0
-1.5625 1.25 0
-1.25 1.25 0
-1.5625 1.375 0
-1.25 1.375 0
-1.875 1.375 0
-1.5625 1.375 0
-1.875 1.5 0
-1.5625 1.5 0
-1.5625 1.375 0
-1.25 1.375 0
-1.5625 1.5 0
-1.25 1.5 0
-1.25 1 0
-0.9375 1 0
-1.25 1.125 0
-0.9375 1.125 0
-0.9375 1 0
-0.625 1 0
-0.9375 1.125 0
-0.625 1.125 0
-1.25 1.125 0
-0.9375 1.125 0
-1.25 1.25 0
-0.9375 1.25 0
-0.9375 1.125 0
-0.625 1.125 0
-0.9375 1.25 0
-0.625 1.25 0
-0.625 1 0
-0.3125 1 0
-0.625 1.125 0
-0.3125 1.125 0
-0.3125 1 0
0 1 0
-0.3125 1.125 0
0 1.125 0
-0.625 1.125 0
-0.3125 1.125 0
-0.625 1.25 0
-0.3125 1.25 0
-0.3125 1.125 0
0 1.125 0
-0.3125 1.25 0
0 1.25 0
-1.25 1.25 0
-0.9375 1.25 0
-1.25 1.375 0
-0.9375 1.375 0
-0.9375 1.25 0
-0.625 1.25 0
-0.9375 1.375 0
-0.625 1.375 0
-1.25 1.375 0
-0.9375 1.375 0
-1.25 1.5 0
-0.9375 1.5 0
-0.9375 1.375 0
-0.625 1.375 0
-0.9375 1.5 0
-0.625 1.5 0
-0.625 1.25 0
-0.3125 1.25 0
-0.625 1.375 0
-0.3125 1.375 0
-0.3125 1.25 0
0 1.25 0
-0.3125 1.375 0
0 1.375 0
-0.625 1.375 0
-0.3125 1.375 0
-0.625 1.5 0
-0.3125 1.5 0
-0.3125 1.375 0
0 1.375 0
-0.3125 1.5 0
0 1.5 0
-2.5 1.5 0
-2.1875 1.5 0
-2.5 1.625 0
-2.1875 1.625 0
-2.1875 1.5 0
-1.875 1.5 0
-2.1875 1.625 0
-1.875 1.625 0
-2.5 1.625 0
-2.1875 1.625 0
-2.5 1.75 0
-2.1875 1.75 0
-2.1875 1.625 0
-1.875 1.625 0
-2.1875 1.75 0
-1.875 1.75 0
-1.875 1.5 0
-1.5625 1.5 0
-1.875 1.625 0
-1.5625 1.625 0
-1.5625 1.5 0
-1.25 1.5 0
-1.5625 1.625 0
-1.25 1.625 0
-1.875 1.625 0
-1.5625 1.625 0
-1.875 1.75 0
-1.5625 1.75 0
-1.5625 1.625 0
-1.25 1.625 0
-1.5625 1.75 0
-1.25 1.75 0
-2.5 1.75 0
-2.1875 1.75 0
-2.5 1.875 0
-2.1875 1.875 0
-2.1875 1.75 0
-1.875 1.75 0
-2.1875 1.875 0
-1.875 1.875 0
-2.5 1.875 0
-2.1875 1.875 0
-2.5 2 0
-2.1875 2 0
-2.1875 1.875 0
-1.875 1.875 0
-2.1875 2 0
-1.875 2 0
-1.875 1.75 0
-1.5625 1.75 0
-1.875 1.875 0
-1.5625 1.875 0
-1.5625 1.75 0
-1.25 1.75 0
-1.5625 1.875 0
-1.25 1.875 0
-1.875 1.875 0
-1.5625 1.875 0
-1.875 2 0
-1.5625 2 0
-1.5625 1.875 0
-1.25 1.875 0
-1.5625 2 0
-1.25 2 0
-1.25 1.5 0
-0.9375 1.5 0
-1.25 1.625 0
-0.9375 1.625 0
-0.9375 1.5 0
-0.625 1.5 0
-0.9375 1.625 0
-0.625 1.625 0
-1.25 1.625 0
-0.9375 1.625 0
-1.25 1.75 0
-0.9375 1.75 0
-0.9375 1.625 0
-0.625 1.625 0
-0.9375 1.75 0
-0.625 1.75 0
-0.625 1.5 0
-0.3125 1.5 0
-0.625 1.625 0
-0.3125 1.625 0
-0.3125 1.5 0
0 1.5 0
-0.3125 1.625 0
0 1.625 0
-0.625 1.625 0
-0.3125 1.625 0
-0.625 1.75 0
-0.3125 1.75 0
-0.3125 1.625 0
0 1.625 0
-0.3125 1.75 0
0 1.75 0
-1.25 1.75 0
-0.9375 1.75 0
-1.25 1.875 0
-0.9375 1.875 0
-0.9375 1.75 0
-0.625 1.75 0
-0.9375 1.875 0
-0.625 1.875 0
-1.25 1.875 0
-0.9375 1.875 0
-1.25 2 0
-0.9375 2 0
-0.9375 1.875 0
-0.625 1.875 0
-0.9375 2 0
-0.625 2 0
-0.625 1.75 0
-0.3125 1.75 0
-0.625 1.875 0
-0.3125 1.875 0
-0.3125 1.75 0
0 1.75 0
-0.3125 1.875 0
0 1.875 0
-0.625 1.875 0
-0.3125 1.875 0
-0.625 2 0
-0.3125 2 0
-0.3125 1.875 0
0 1.875 0
-0.3125 2 0
0 2 0
0 1 0
0.3125 1 0
0 1.125 0
0.3125 1.125 0
0.3125 1 0
0.625 1 0
0.3125 1.125 0
0.625 1.125 0
0 1.125 0
0.3125 1.125 0
0 1.25 0
0.3125 1.25 0
0.3125 1.125 0
0.625 1.125 0
0.3125 1.25 0
0.625 1.25 0
0.625 1 0
0.9375 1 0
0.625 1.125 0
0.9375 1.125 0
0.9375 1 0
1.25 1 0
0.9375 1.125 0
1.25 1.125 0
0.625 1.125 0
0.9375 1.125 0
0.625 1.25 0
0.9375 1.25 0
0.9375 1.125 0
1.25 1.125 0
0.9375 1.25 0
1.25 1.25 0
0 1.25 0
0.3125 1.25 0
0 1.375 0
0.3125 1.375 0
0.3125 1.25 0
0.625 1.25 0
0.3125 1.375 0
0.625 1.375 0
0 1.375 0
0.3125 1.375 0
0 1.5 0
0.3125 1.5 0
0.3125 1.375 0
0.625 1.375 0
0.3125 1.5 0
0.625 1.5 0
0.625 1.25 0
0.9375 1.25 0
0.625 1.375 0
0.9375 1.375 0
0.9375 1.25 0
1.25 1.25 0
0.9375 1.375 0
1.25 1.375 0
0.625 1.375 0
0.9375 1.375 0
0.625 1.5 0
0.9375 1.5 0
0.9375 1.375 0
1.25 1.375 0
0.9375 1.5 0
1.25 1.5 0
1.25 1 0
1.5625 1 0
1.25 1.125 0
1.5625 1.125 0
1.5625 1 0
1.875 1 0
1.5625 1.125 0
1.875 1.125 0
1.25 1.125 0
1.5625 1.125 0
1.25 1.25 0
1.5625 1.25 0
1.5625 1.125 0
1.875 1.125 0
1.5625 1.25 0
1.875 1.25 0
1.875 1 0
2.1875 1 0
1.875 1.125 0
2.1875 1.125 0
2.1875 1 0
2.5 1 0
2.1875 1.125 0
2.5 1.125 0
1.875 1.125 0
2.1875 1.125 0
1.875 1.25 0
2.1875 1.25 0
2.1875 1.125 0
2.5 1.125 0
2.1875 1.25 0
2.5 1.25 0
1.25 1.25 0
1.5625 1.25 0
1.25 1.375 0
1.5625 1.375 0
1.5625 1.25 0
1.875 1.25 0
1.5625 1.375 0
1.875 1.375 0
1.25 1.375 0
1.5625 1.375 0
1.25 1.5 0
1.5625 1.5 0
1.5625 1.375 0
1.875 1.375 0
1.5625 1.5 0
1.875 1.5 0
1.875 1.25 0
2.1875 1.25 0
1.875 1.375 0
2.1875 1.375 0
2.1875 1.25 0
2.5 1.25 0
2.1875 1.375 0
2.5 1.375 0
1.875 1.375 0
2.1875 1.375 0
1.875 1.5 0
2.1875 1.5 0
2.1875 1.375 0
2.5 1.375 0
2.1875 1.5 0
2.5 1.5 0
0 1.5 0
0.3125 1.5 0
0 1.625 0
0.3125 1.625 0
0.3125 1.5 0
0.625 1.5 0
0.3125 1.625 0
0.625 1.625 0
0 1.625 0
0.3125 1.625 0
0 1.75 0
0.3125 1.75 0
0.3125 1.625 0
0.625 1.625 0
0.3125 1.75 0
0.625 1.75 0
0.625 1.5 0
0.9375 1.5 0
0.625 1.625 0
0.9375 1.625 0
0.9375 1.5 0
1.25 1.5 0
0.9375 1.625 0
1.25 1.625 0
0.625 1.625 0
0.9375 1.625 0
0.625 1.75 0
0.9375 1.75 0
0.9375 1.625 0
1.25 1.625 0
0.9375 1.75 0
1.25 1.75 0
0 1.75 0
0.3125 1.75 0
0 1.875 0
0.3125 1.875 0
0.3125 1.75 0
0.625 1.75 0
0.3125 1.875 0
0.625 1.875 0
0 1.875 0
0.3125 1.875 0
0 2 0
0.3125 2 0
0.3125 1.875 0
0.625 1.875 0
0.3125 2 0
0.625 2 0
0.625 1.75 0
0.9375 1.75 0
0.625 1.875 0
0.9375 1.875 0
0.9375 1.75 0
1.25 1.75 0
0.9375 1.875 0
1.25 1.875 0
0.625 1.875 0
0.9375 1.875 0
0.625 2 0
0.9375 2 0
0.9375 1.875 0
1.25 1.875 0
0.9375 2 0
1.25 2 0
1.25 1.5 0
1.5625 1.5 0
1.25 1.625 0
1.5625 1.625 0
1.5625 1.5 0
1.875 1.5 0
1.5625 1.625 0
1.875 1.625 0
1.25 1.625 0
1.5625 1.625 0
1.25 1.75 0
1.5625 1.75 0
1.5625 1.625 0
1.875 1.625 0
1.5625 1.75 0
1.875 1.75 0
1.875 1.5 0
2.1875 1.5 0
1.875 1.625 0
2.1875 1.625 0
2.1875 1.5 0
2.5 1.5 0
2.1875 1.625 0
2.5 1.625 0
1.875 1.625 0
2.1875 1.625 0
1.875 1.75 0
2.1875 1.75 0
2.1875 1.625 0
2.5 1.625 0
2.1875 1.75 0
2.5 1.75 0
1.25 1.75 0
1.5625 1.75 0
1.25 1.875 0
1.5625 1.875 0
1.5625 1.75 0
1.875 1.75 0
1.5625 1.875 0
1.875 1.875 0
1.25 1.875 0
1.5625 1.875 0
1.25 2 0
1.5625 2 0
1.5625 1.875 0
1.875 1.875 0
1.5625 2 0
1.875 2 0
1.875 1.75 0
2.1875 1.75 0
1.875 1.875 0
2.1875 1.875 0
2.1875 1.75 0
2.5 1.75 0
2.1875 1.875 0
2.5 1.875 0
1.875 1.875 0
2.1875 1.875 0
1.875 2 0
2.1875 2 0
2.1875 1.875 0
2.5 1.875 0
2.1875 2 0
2.5 2 0
2.5 1 0
2.8125 1 0
2.5 1.125 0
2.8125 1.125 0
2.8125 1 0
3.125 1 0
2.8125 1.125 0
3.125 1.125 0
2.5 1.125 0
2.8125 1.125 0
2.5 1.25 0
2.8125 1.25 0
2.8125 1.125 0
3.125 1.125 0
2.8125 1.25 0
3.125 1.25 0
3.125 1 0
3.4375 1 0
3.125 1.125 0
3.4375 1.125 0
3.4375 1 0
3.75 1 0
3.4375 1.125 0
3.75 1.125 0
3.125 1.125 0
3.4375 1.125 0
3.125 1.25 0
3.4375 1.25 0
3.4375 1.125 0
3.75 1.125 0
3.4375 1.25 0
3.75 1.25 0
2.5 1.25 0
2.8125 1.25 0
2.5 1.375 0
2.8125 1.375 0
2.8125 1.25 0
3.125 1.25 0
2.8125 1.375 0
3.125 1.375 0
2.5 1.375 0
2.8125 1.375 0
2.5 1.5 0
2.8125 1.5 0
2.8125 1.375 0
3.125 1.375 0
2.8125 1.5 0
3.125 1.5 0
3.125 1.25 0
3.4375 1.25 0
3.125 1.375 0
3.4375 1.375 0
3.4375 1.25 0
3.75 1.25 0
3.4375 1.375 0
3.75 1.375 0
3.125 1.375 0
3.4375 1.375 0
3.125 1.5 0
3.4375 1.5 0
3.4375 1.375 0
3.75 1.375 0
3.4375 1.5 0
3.75 1.5 0
3.75 1 0
4.0625 1 0
3.75 1.125 0
4.0625 1.125 0
4.0625 1 0
4.375 1 0
4.0625 1.125 0
4.375 1.125 0
3.75 1.125 0
4.0625 1.125 0
3.75 1.25 0
4.0625 1.25 0
4.0625 1.125 0
4.375 1.125 0
4.0625 1.25 0
4.375 1.25 0
4.375 1 0
4.6875 1 0
4.375 1.125 0
4.6875 1.125 0
4.6875 1 0
5 1 0
4.6875 1.125 0
5 1.125 0
4.375 1.125 0
4.6875 1.125 0
4.375 1.25 0
4.6875 1.25 0
4.6875 1.125 0
5 1.125 0
4.6875 1.25 0
5 1.25 0
3.75 1.25 0
4.0625 1.25 0
3.75 1.375 0
4.0625 1.375 0
4.0625 1.25 0
4.375 1.25 0
4.0625 1.375 0
4.375 1.375 0
3.75 1.375 0
4.0625 1.375 0
3.75 1.5 0
4.0625 1.5 0
4.0625 1.375 0
4.375 1.375 0
4.0625 1.5 0
4.375 1.5 0
4.375 1.25 0
4.6875 1.25 0
4.375 1.375 0
4.6875 1.375 0
4.6875 1.25 0
5 1.25 0
4.6875 1.375 0
5 1.375 0
4.375 1.375 0
4.6875 1.375 0
4.375 1.5 0
4.6875 1.5 0
4.6875 1.375 0
5 1.375 0
4.6875 1.5 0
5 1.5 0
2.5 1.5 0
2.8125 1.5 0
2.5 1.625 0
2.8125 1.625 0
2.8125 1.5 0
3.125 1.5 0
2.8125 1.625 0
3.125 1.625 0
2.5 1.625 0
2.8125 1.625 0
2.5 1.75 0
2.8125 1.75 0
2.8125 1.625 0
3.125 1.625 0
2.8125 1.75 0
3.125 1.75 0
3.125 1.5 0
3.4375 1.5 0
3.125 1.625 0
3.4375 1.625 0
3.4375 1.5 0
3.75 1.5 0
3.4375 1.625 0
3.75 1.625 0
3.125 1.625 0
3.4375 1.625 0
3.125 1.75 0
3.4375 1.75 0
3.4375 1.625 0
3.75 1.625 0
3.4375 1.75 0
3.75 1.75 0
2.5 1.75 0
2.8125 1.75 0
2.5 1.875 0
2.8125 1.875 0
2.8125 1.75 0
3.125 1.75 0
2.8125 1.875 0
3.125 1.875 0
2.5 1.875 0
2.8125 1.875 0
2.5 2 0
2.8125 2 0
2.8125 1.875 0
3.125 1.875 0
2.8125 2 0
3.125 2 0
3.125 1.75 0
3.4375 1.75 0
3.125 1.875 0
3.4375 1.875 0
3.4375 1.75 0
3.75 1.75 0
3.4375 1.875 0
3.75 1.875 0
3.125 1.875 0
3.4375 1.875 0
3.125 2 0
3.4375 2 0
3.4375 1.875 0
3.75 1.875 0
3.4375 2 0
3.75 2 0
3.75 1.5 0
4.0625 1.5 0
3.75 1.625 0
4.0625 1.625 0
4.0625 1.5 0
4.375 1.5 0
4.0625 1.625 0
4.375 1.625 0
3.75 1.625 0
4.0625 1.625 0
3.75 1.75 0
4.0625 1.75 0
4.0625 1.625 0
4.375 1.625 0
4.0625 1.75 0
4.375 1.75 0
4.375 1.5 0
4.6875 1.5 0
4.375 1.625 0
4.6875 1.625 0
4.6875 1.5 0
5 1.5 0
4.6875 1.625 0
5 1.625 0
4.375 1.625 0
4.6875 1.625 0
4.375 1.75 0
4.6875 1.75 0
4.6875 1.625 0
5 1.625 0
4.6875 1.75 0
5 1.75 0
3.75 1.75 0
4.0625 1.75 0
3.75 1.875 0
4.0625 1.875 0
4.0625 1.75 0
4.375 1.75 0
4.0625 1.875 0
4.375 1.875 0
3.75 1.875 0
4.0625 1.875 0
3.75 2 0
4.0625 2 0
4.0625 1.875 0
4.375 1.875 0
4.0625 2 0
4.375 2 0
4.375 1.75 0
4.6875 1.75 0
4.375 1.875 0
4.6875 1.875 0
4.6875 1.75 0
5 1.75 0
4.6875 1.875 0
5 1.875 0
4.375 1.875 0
4.6875 1.875 0
4.375 2 0
4.6875 2 0
4.6875 1.875 0
5 1.875 0
4.6875 2 0
5 2 0

CELLS 1024 5120
4	0	1	3	2
4	4	5	7	6
4	8	9	11	10
4	12	13	15	14
4	16	17	19	18
4	20	21	23	22
4	24	25	27	26
4	28	29	31	30
4	32	33	35	34
4	36	37	39	38
4	40	41	43	42
4	44	45	47	46
4	48	49	51	50
4	52	53	55	54
4	56	57	59	58
4	60	61	63	62
4	64	65	67	66
4	68	69	71	70
4	72	73	75	74
4	76	77	79	78
4	80	81	83	82
4	84	85	87	86
4	88	89	91	90
4	92	93	95	94
4	96	97	99	98
4	100	101	103	102
4	104	105	107	106
4	108	109	111	110
4	112	113	115	114
4	116	117	119	118
4	120	121	123	122
4	124	125	127	126
4	128	129	131	130
4	132	133	135	134
4	136	137	139	138
4	140	141	143	142
4	144	145	147	146
4	148	149	151	150
4	152	153	155	154
4	156	157	159	158
4	160	161	163	162
4	164	165	167	166
4	168	169	171	170
4	172	173	175	174
4	176	177	179	178
4	180	181	183	182
4	184	185	187	186
4	188	189	191	190
4	192	193	195	194
4	196	197	199	198
4	200	201	203	202
4	204	205	207	206
4	208	209	211	210
4	212	213	215	214
4	216	217	219	218
4	220	221	223	222
4	224	225	227	226
4	228	229	231	230
4	232	233	235	234
4	236	237	239	238
4	240	241	243	242
4	244	245	247	246
4	248	249	251	250
4	252	253	255	254
4	256	257	259	258
4	260	261	263	262
4	264	265	267	266
4	268	269	271	270
4	272	273	275	274
4	276	277	279	278
4	280	281	283	282
4	284	285	287	286
4	288	289	291	290
4	292	293	295	294
4	296	297	299	298
4	300	301	303	302
4	304	305	307	306
4	308	309	311	310
4	312	313	315	314
4	316	317	319	318
4	320	321	323	322
4	324	325	327	326
4	328	329	331	330
4	332	333	335	334
4	336	337	339	338
4	340	341	343	342
4	344	345	347	346
4	348	349	351	350
4	352	353	355	354
4	356	357	359	358
4	360	361	363	362
4	364	365	367	366
4	368	369	371	370
4	372	373	375	374
4	376	377	379	378
4	380	381	383	382
4	384	385	387	386
4	388	389	391	390
4	392	393	395	394
4	396	397	399	398
4	400	401	403	402
4	404	405	407	406
4	408	409	411	410
4	412	413	415	414
4	416	417	419	418
4	420	421	423	422
4	424	425	427	426
4	428	429	431	430
4	432	433	435	434
4	436	437	439	438
4	440	441	443	442
4	444	445	447	446
4	448	449	451	450
4	452	453	455	454
4	456	457	459	458
4	460	461	463	462
4	464	465	467	466
4	468	469	471	470
4	472	473	475	474
4	476	477	479	478
4	480	481	483	482
4	484	485	487	486
4	488	489	491	490
4	492	493	495	494
4	496	497	499	498
4	500	501	503	502
4	504	505	507	506
4	508	509	511	510
4	512	513	515	514
4	516	517	519	518
4	520	521	523	522
4	524	525	527	526
4	528	529	531	530
4	532	533	535	534
4	536	537	539	538
4	540	541	543	542
4	544	545	547	546
4	548	549	551	550
4	552	553	555	554
4	556	557	559	558
4	560	561	563	562
4	564	565	567	566
4	568	569	571	570
4	572	573	575	574
4	576	577	579	578
4	580	581	583	582
4	584	585	587	586
4	588	589	591	590
4	592	593	595	594
4	596	597	599	598
4	600	601	603	602
4	604	605	607	606
4	608	609	611	610
4	612	613	615	614
4	616	617	619	618
4	620	621	623	622
4	624	625	627	626
4	628	629	631	630
4	632	633	635	634
4	636	637	639	638
4	640	641	643	642
4	644	645	647	646
4	648	649	651	650
4	652	653	655	654
4	656	657	659	658
4	660	661	663	662
4	664	665	667	666
4	668	669	671	670
4	672	673	675	674
4	676	677	679	678
4	680	681	683	682
4	684	685	687	686
4	688	689	691	690
4	692	693	695	694
4	696	697	699	698
4	700	701	703	702
4	704	705	707	706
4	708	709	711	710
4	712	713	715	714
4	716	717	719	718
4	720	721	723	722
4	724	725	727	726
4	728	729	731	730
4	732	733	735	734
4	736	737	739	738
4	740	741	743	742
4	744	745	747	746
4	748	749	751	750
4	752	753	755	754
4	756	757	759	758
4	760	761	763	762
4	764	765	767	766
4	768	769	771	770
4	772	773	775	774
4	776	777	779	778
4	780	781	783	782
4	784	785	787	786
4	788	789	791	790
4	792	793	795	794
4	796	797	799	798
4	800	801	803	802
4	804	805	807	806
4	808	809	811	810
4	812	813	815	814
4	816	817	819	818
4	820	821	823	822
4	824	825	827	826
4	828	829	831	830
4	832	833	835	834
4	836	837	839	838
4	840	841	843	842
4	844	845	847	846
4	848	849	851	850
4	852	853	855	854
4	856	857	859	858
4	860	861	863	862
4	864	865	867	866
4	868	869	871	870
4	872	873	875	874
4	876	877	879	878
4	880	881	883	882
4	884	885	887	886
4	888	889	891	890
4	892	893	895	894
4	896	897	899	898
4	900	901	903	902
4	904	905	907	906
4	908	909	911	910
4	912	913	915	914
4	916	917	919	918
4	920	921	923	922
4	924	925	927	926
4	928	929	931	930
4	932	933	935	934
4	936	937	939	938
4	940	941	943	942
4	944	945	947	946
4	948	949	951	950
4	952	953	955	954
4	956	957	959	958
4	960	961	963	962
4	964	965	967	966
4	968	969	971	970
4	972	973	975	974
4	976	977	979	978
4	980	981	983	982
4	984	985	987	986
4	988	989	991	990
4	992	993	995	994
4	996	997	999	998
4	1000	1001	1003	1002
4	1004	1005	1007	1006
4	1008	1009	1011	1010
4	1012	1013	1015	1014
4	1016	1017	1019	1018
4	1020	1021	1023	1022
4	1024	1025	1027	1026
4	1028	1029	1031	1030
4	1032	1033	1035	1034
4	1036	1037	1039	1038
4	1040	1041	1043	1042
4	1044	1045	1047	1046
4	1048	1049	1051	1050
4	1052	1053	1055	1054
4	1056	1057	1059	1058
4	1060	1061	1063	1062
4	1064	1065	1067	1066
4	1068	1069	1071	1070
4	1072	1073	1075	1074
4	1076	1077	1079	1078
4	1080	1081	1083	1082
4	1084	1085	1087	1086
4	1088	1089	1091	1090
4	1092	1093	1095	1094
4	1096	1097	1099	1098
4	1100	1101	1103	1102
4	1104	1105	1107	1106
4	1108	1109	1111	1110
4	1112	1113	1115	1114
4	1116	1117	1119	1118
4	1120	1121	1123	1122
4	1124	1125	1127	1126
4	1128	1129	1131	1130
4	1132	1133	1135	1134
4	1136	1137	1139	1138
4	1140	1141	1143	1142
4	1144	1145	1147	1146
4	1148	1149	1151	1150
4	1152	1153	1155	1154
4	1156	1157	1159	1158
4	1160	1161	1163	1162
4	1164	1165	1167	1166
4	1168	1169	1171	1170
4	1172	1173	1175	1174
4	1176	1177	1179	1178
4	1180	1181	1183	1182
4	1184	1185	1187	1186
4	1188	1189	1191	1190
4	1192	1193	1195	1194
4	1196	1197	1199	1198
4	1200	1201	1203	1202
4	1204	1205	1207	1206
4	1208	1209	1211	1210
4	1212	1213	1215	1214
4	1216	1217	1219	1218
4	1220	1221	1223	1222
4	1224	1225	1227	1226
4	1228	1229	1231	1230
4	1232	1233	1235	1234
4	1236	1237	1239	1238
4	1240	1241	1243	1242
4	1244	1245	1247	1246
4	1248	1249	1251	1250
4	1252	1253	1255	1254
4	1256	1257	1259	1258
4	1260	1261	1263	1262
4	1264	1265	1267	1266
4	1268	1269	1271	1270
4	1272	1273	1275	1274
4	1276	1277	1279	1278
4	1280	1281	1283	1282
4	1284	1285	1287	1286
4	1288	1289	1291	1290
4	1292	1293	1295	1294
4	1296	1297	1299	1298
4	1300	1301	1303	1302
4	1304	1305	1307	1306
4	1308	1309	1311	1310
4	1312	1313	1315	1314
4	1316	1317	1319	1318
4	1320	1321	1323	1322
4	1324	1325	1327	1326
4	1328	1329	1331	1330
4	1332	1333	1335	1334
4	1336	1337	1339	1338
4	1340	1341	1343	1342
4	1344	1345	1347	1346
4	1348	1349	1351	1350
4	1352	1353	1355	1354
4	1356	1357	1359	1358
4	1360	1361	1363	1362
4	1364	1365	1367	1366
4	1368	1369	1371	1370
4	1372	1373	1375	1374
4	1376	1377	1379	1378
4	1380	1381	1383	1382
4	1384	1385	1387	1386
4	1388	1389	1391	1390
4	1392	1393	1395	1394
4	1396	1397	1399	1398
4	1400	1401	1403	1402
4	1404	1405	1407	1406
4	1408	1409	1411	1410
4	1412	1413	1415	1414
4	1416	1417	1419	1418
4	1420	1421	1423	1422
4	1424	1425	1427	1426
4	1428	1429	1431	1430
4	1432	1433	1435	1434
4	1436	1437	1439	1438
4	1440	1441	1443	1442
4	1444	1445	1447	1446
4	1448	1449	1451	1450
4	1452	1453	1455	1454
4	1456	1457	1459	1458
4	1460	1461	1463	1462
4	1464	1465	1467	1466
4	1468	1469	1471	1470
4	1472	1473	1475	1474
4	1476	1477	1479	1478
4	1480	1481	1483	1482
4	1484	1485	1487	1486
4	1488	1489	1491	1490
4	1492	1493	1495	1494
4	1496	1497	1499	1498
4	1500	1501	1503	1502
4	1504	1505	1507	1506
4	1508	1509	1511	1510
4	1512	1513	1515	1514
4	1516	1517	1519	1518
4	1520	1521	1523	1522
4	1524	1525	1527	1526
4	1528	1529	1531	1530
4	1532	1533	1535	1534
4	1536	1537	1539	1538
4	1540	1541	1543	1542
4	1544	1545	1547	1546
4	1548	1549	1551	1550
4	1552	1553	1555	1554
4	1556	1557	1559	1558
4	1560	1561	1563	1562
4	1564	1565	1567	1566
4	1568	1569	1571	1570
4	1572	1573	1575	1574
4	1576	1577	1579	1578
4	1580	1581	1583	1582
4	1584	1585	1587	1586
4	1588	1589	1591	1590
4	1592	1593	1595	1594
4	1596	1597	1599	1598
4	1600	1601	1603	1602
4	1604	1605	1607	1606
4	1608	1609	1611	1610
4	1612	1613	1615	1614
4	1616	1617	1619	1618
4	1620	1621	1623	1622
4	1624	1625	1627	1626
4	1628	1629	1631	1630
4	1632	1633	1635	1634
4	1636	1637	1639	1638
4	1640	1641	1643	1642
4	1644	1645	1647	1646
4	1648	1649	1651	1650
4	1652	1653	1655	1654
4	1656	1657	1659	1658
4	1660	1661	1663	1662
4	1664	1665	1667	1666
4	1668	1669	1671	1670
4	1672	1673	1675	1674
4	1676	1677	1679	1678
4	1680	1681	1683	1682
4	1684	1685	1687	1686
4	1688	1689	1691	1690
4	1692	1693	1695	1694
4	1696	1697	1699	1698
4	1700	1701	1703	1702
4	1704	1705	1707	1706
4	1708	1709	1711	1710
4	1712	1713	1715	1714
4	1716	1717	1719	1718
4	1720	1721	1723	1722
4	1724	1725	1727	1726
4	1728	1729	1731	1730
4	1732	1733	1735	1734
4	1736	1737	1739	1738
4	1740	1741	1743	1742
4	1744	1745	1747	1746
4	1748	1749	1751	1750
4	1752	1753	1755	1754
4	1756	1757	1759	1758
4	1760	1761	1763	1762
4	1764	1765	1767	1766
4	1768	1769	1771	1770
4	1772	1773	1775	1774
4	1776	1777	1779	1778
4	1780	1781	1783	1782
4	1784	1785	1787	1786
4	1788	1789	1791	1790
4	1792	1793	1795	1794
4	1796	1797	1799	1798
4	1800	1801	1803	1802
4	1804	1805	1807	1806
4	1808	1809	1811	1810
4	1812	1813	1815	1814
4	1816	1817	1819	1818
4	1820	1821	1823	1822
4	1824	1825	1827	1826
4	1828	1829	1831	1830
4	1832	1833	1835	1834
4	1836	1837	1839	1838
4	1840	1841	1843	1842
4	1844	1845	1847	1846
4	1848	1849	1851	1850
4	1852	1853	1855	1854
4	1856	1857	1859	1858
4	1860	1861	1863	1862
4	1864	1865	1867	1866
4	1868	1869	1871	1870
4	1872	1873	1875	1874
4	1876	1877	1879	1878
4	1880	1881	1883	1882
4	1884	1885	1887	1886
4	1888	1889	1891	1890
4	1892	1893	1895	1894
4	1896	1897	1899	1898
4	1900	1901	1903	1902
4	1904	1905	1907	1906
4	1908	1909	1911	1910
4	1912	1913	1915	1914
4	1916	1917	1919	1918
4	1920	1921	1923	1922
4	1924	1925	1927	1926
4	1928	1929	1931	1930
4	1932	1933	1935	1934
4	1936	1937	1939	1938
4	1940	1941	1943	1942
4	1944	1945	1947	1946
4	1948	1949	1951	1950
4	1952	1953	1955	1954
4	1956	1957	1959	1958
4	1960	1961	1963	1962
4	1964	1965	1967	1966
4	1968	1969	1971	1970
4	1972	1973	1975	1974
4	1976	1977	1979	1978
4	1980	1981	1983	1982
4	1984	1985	1987	1986
4	1988	1989	1991	1990
4	1992	1993	1995	1994
4	1996	1997	1999	1998
4	2000	2001	2003	2002
4	2004	2005	2007	2006
4	2008	2009	2011	2010
4	2012	2013	2015	2014
4	2016	2017	2019	2018
4	2020	2021	2023	2022
4	2024	2025	2027	2026
4	2028	2029	2031	2030
4	2032	2033	2035	2034
4	2036	2037	2039	2038
4	2040	2041	2043	2042
4	2044	2045	2047	2046
4	2048	2049	2051	2050
4	2052	2053	2055	2054
4	2056	2057	2059	2058
4	2060	2061	2063	2062
4	2064	2065	2067	2066
4	2068	2069	2071	2070
4	2072	2073	2075	2074
4	2076	2077	2079	2078
4	2080	2081	2083	2082
4	2084	2085	2087	2086
4	2088	2089	2091	2090
4	2092	2093	2095	2094
4	2096	2097	2099	2098
4	2100	2101	2103	2102
4	2104	2105	2107	2106
4	2108	2109	2111	2110
4	2112	2113	2115	2114
4	2116	2117	2119	2118
4	2120	2121	2123	2122
4	2124	2125	2127	2126
4	2128	2129	2131	2130
4	2132	2133	2135	2134
4	2136	2137	2139	2138
4	2140	2141	2143	2142
4	2144	2145	2147	2146
4	2148	2149	2151	2150
4	2152	2153	2155	2154
4	2156	2157	2159	2158
4	2160	2161	2163	2162
4	2164	2165	2167	2166
4	2168	2169	2171	2170
4	2172	2173	2175	2174
4	2176	2177	2179	2178
4	2180	2181	2183	2182
4	2184	2185	2187	2186
4	2188	2189	2191	2190
4	2192	2193	2195	2194
4	2196	2197	2199	2198
4	2200	2201	2203	2202
4	2204	2205	2207	2206
4	2208	2209	2211	2210
4	2212	2213	2215	2214
4	2216	2217	2219	2218
4	2220	2221	2223	2222
4	2224	2225	2227	2226
4	2228	2229	2231	2230
4	2232	2233	2235	2234
4	2236	2237	2239	2238
4	2240	2241	2243	2242
4	2244	2245	2247	2246
4	2248	2249	2251	2250
4	2252	2253	2255	2254
4	2256	2257	2259	2258
4	2260	2261	2263	2262
4	2264	2265	2267	2266
4	2268	2269	2271	2270
4	2272	2273	2275	2274
4	2276	2277	2279	2278
4	2280	2281	2283	2282
4	2284	2285	2287	2286
4	2288	2289	2291	2290
4	2292	2293	2295	2294
4	2296	2297	2299	2298
4	2300	2301	2303	2302
4	2304	2305	2307	2306
4	2308	2309	2311	2310
4	2312	2313	2315	2314
4	2316	2317	2319	2318
4	2320	2321	2323	2322
4	2324	2325	2327	2326
4	2328	2329	2331	2330
4	2332	2333	2335	2334
4	2336	2337	2339	2338
4	2340	2341	2343	2342
4	2344	2345	2347	2346
4	2348	2349	2351	2350
4	2352	2353	2355	2354
4	2356	2357	2359	2358
4	2360	2361	2363	2362
4	2364	2365	2367	2366
4	2368	2369	2371	2370
4	2372	2373	2375	2374
4	2376	2377	2379	2378
4	2380	2381	2383	2382
4	2384	2385	2387	2386
4	2388	2389	2391	2390
4	2392	2393	2395	2394
4	2396	2397	2399	2398
4	2400	2401	2403	2402
4	2404	2405	2407	2406
4	2408	2409	2411	2410
4	2412	2413	2415	2414
4	2416	2417	2419	2418
4	2420	2421	2423	2422
4	2424	2425	2427	2426
4	2428	2429	2431	2430
4	2432	2433	2435	2434
4	2436	2437	2439	2438
4	2440	2441	2443	2442
4	2444	2445	2447	2446
4	2448	2449	2451	2450
4	2452	2453	2455	2454
4	2456	2457	2459	2458
4	2460	2461	2463	2462
4	2464	2465	2467	2466
4	2468	2469	2471	2470
4	2472	2473	2475	2474
4	2476	2477	2479	2478
4	2480	2481	2483	2482
4	2484	2485	2487	2486
4	2488	2489	2491	2490
4	2492	2493	2495	2494
4	2496	2497	2499	2498
4	2500	2501	2503	2502
4	2504	2505	2507	2506
4	2508	2509	2511	2510
4	2512	2513	2515	2514
4	2516	2517	2519	2518
4	2520	2521	2523	2522
4	2524	2525	2527	2526
4	2528	2529	2531	2530
4	2532	2533	2535	2534
4	2536	2537	2539	2538
4	2540	2541	2543	2542
4	2544	2545	2547	2546
4	2548	2549	2551	2550
4	2552	2553	2555	2554
4	2556	2557	2559	2558
4	2560	2561	2563	2562
4	2564	2565	2567	2566
4	2568	2569	2571	2570
4	2572	2573	2575	2574
4	2576	2577	2579	2578
4	2580	2581	2583	2582
4	2584	2585	2587	2586
4	2588	2589	2591	2590
4	2592	2593	2595	2594
4	2596	2597	2599	2598
4	2600	2601	2603	2602
4	2604	2605	2607	2606
4	2608	2609	2611	2610
4	2612	2613	2615	2614
4	2616	2617	2619	2618
4	2620	2621	2623	2622
4	2624	2625	2627	2626
4	2628	2629	2631	2630
4	2632	2633	2635	2634
4	2636	2637	2639	2638
4	2640	2641	2643	2642
4	2644	2645	2647	2646
4	2648	2649	2651	2650
4	2652	2653	2655	2654
4	2656	2657	2659	2658
4	2660	2661	2663	2662
4	2664	2665	2667	2666
4	2668	2669	2671	2670
4	2672	2673	2675	2674
4	2676	2677	2679	2678
4	2680	2681	2683	2682
4	2684	2685	2687	2686
4	2688	2689	2691	2690
4	2692	2693	2695	2694
4	2696	2697	2699	2698
4	2700	2701	2703	2702
4	2704	2705	2707	2706
4	2708	2709	2711	2710
4	2712	2713	2715	2714
4	2716	2717	2719	2718
4	2720	2721	2723	2722
4	2724	2725	2727	2726
4	2728	2729	2731	2730
4	2732	2733	2735	2734
4	2736	2737	2739	2738
4	2740	2741	2743	2742
4	2744	2745	2747	2746
4	2748	2749	2751	2750
4	2752	2753	2755	2754
4	2756	2757	2759	2758
4	2760	2761	2763	2762
4	2764	2765	2767	2766
4	2768	2769	2771	2770
4	2772	2773	2775	2774
4	2776	2777	2779	2778
4	2780	2781	2783	2782
4	2784	2785	2787	2786
4	2788	2789	2791	2790
4	2792	2793	2795	2794
4	2796	2797	2799	2798
4	2800	2801	2803	2802
4	2804	2805	2807	2806
4	2808	2809	2811	2810
4	2812	2813	2815	2814
4	2816	2817	2819	2818
4	2820	2821	2823	2822
4	2824	2825	2827	2826
4	2828	2829	2831	2830
4	2832	2833	2835	2834
4	2836	2837	2839	2838
4	2840	2841	2843	2842
4	2844	2845	2847	2846
4	2848	2849	2851	2850
4	2852	2853	2855	2854
4	2856	2857	2859	2858
4	2860	2861	2863	2862
4	2864	2865	2867	2866
4	2868	2869	2871	2870
4	2872	2873	2875	2874
4	2876	2877	2879	2878
4	2880	2881	2883	2882
4	2884	2885	2887	2886
4	2888	2889	2891	2890
4	2892	2893	2895	2894
4	2896	2897	2899	2898
4	2900	2901	2903	2902
4	2904	2905	2907	2906
4	2908	2909	2911	2910
4	2912	2913	2915	2914
4	2916	2917	2919	2918
4	2920	2921	2923	2922
4	2924	2925	2927	2926
4	2928	2929	2931	2930
4	2932	2933	2935	2934
4	2936	2937	2939	2938
4	2940	2941	2943	2942
4	2944	2945	2947	2946
4	2948	2949	2951	2950
4	2952	2953	2955	2954
4	2956	2957	2959	2958
4	2960	2961	2963	2962
4	2964	2965	2967	2966
4	2968	2969	2971	2970
4	2972	2973	2975	2974
4	2976	2977	2979	2978
4	2980	2981	2983	2982
4	2984	2985	2987	2986
4	2988	2989	2991	2990
4	2992	2993	2995	2994
4	2996	2997	2999	2998
4	3000	3001	3003	3002
4	3004	3005	3007	3006
4	3008	3009	3011	3010
4	3012	3013	3015	3014
4	3016	3017	3019	3018
4	3020	3021	3023	3022
4	3024	3025	3027	3026
4	3028	3029	3031	3030
4	3032	3033	3035	3034
4	3036	3037	3039	3038
4	3040	3041	3043	3042
4	3044	3045	3047	3046
4	3048	3049	3051	3050
4	3052	3053	3055	3054
4	3056	3057	3059	3058
4	3060	3061	3063	3062
4	3064	3065	3067	3066
4	3068	3069	3071	3070
4	3072	3073	3075	3074
4	3076	3077	3079	3078
4	3080	3081	3083	3082
4	3084	3085	3087	3086
4	3088	3089	3091	3090
4	3092	3093	3095	3094
4	3096	3097	3099	3098
4	3100	3101	3103	3102
4	3104	3105	3107	3106
4	3108	3109	3111	3110
4	3112	3113	3115	3114
4	3116	3117	3119	3118
4	3120	3121	3123	3122
4	3124	3125	3127	3126
4	3128	3129	3131	3130
4	3132	3133	3135	3134
4	3136	3137	3139	3138
4	3140	3141	3143	3142
4	3144	3145	3147	3146
4	3148	3149	3151	3150
4	3152	3153	3155	3154
4	3156	3157	3159	3158
4	3160	3161	3163	3162
4	3164	3165	3167	3166
4	3168	3169	3171	3170
4	3172	3173	3175	3174
4	3176	3177	3179	3178
4	3180	3181	3183	3182
4	3184	3185	3187	3186
4	3188	3189	3191	3190
4	3192	3193	3195	3194
4	3196	3197	3199	3198
4	3200	3201	3203	3202
4	3204	3205	3207	3206
4	3208	3209	3211	3210
4	3212	3213	3215	3214
4	3216	3217	3219	3218
4	3220	3221	3223	3222
4	3224	3225	3227	3226
4	3228	3229	3231	3230
4	3232	3233	3235	3234
4	3236	3237	3239	3238
4	3240	3241	3243	3242
4	3244	3245	3247	3246
4	3248	3249	3251	3250
4	3252	3253	3255	3254
4	3256	3257	3259	3258
4	3260	3261	3263	3262
4	3264	3265	3267	3266
4	3268	3269	3271	3270
4	3272	3273	3275	3274
4	3276	3277	3279	3278
4	3280	3281	3283	3282
4	3284	3285	3287	3286
4	3288	3289	3291	3290
4	3292	3293	3295	3294
4	3296	3297	3299	3298
4	3300	3301	3303	3302
4	3304	3305	3307	3306
4	3308	3309	3311	3310
4	3312	3313	3315	3314
4	3316	3317	3319	3318
4	3320	3321	3323	3322
4	3324	3325	3327	3326
4	3328	3329	3331	3330
4	3332	3333	3335	3334
4	3336	3337	3339	3338
4	3340	3341	3343	3342
4	3344	3345	3347	3346
4	3348	3349	3351	3350
4	3352	3353	3355	3354
4	3356	3357	3359	3358
4	3360	3361	3363	3362
4	3364	3365	3367	3366
4	3368	3369	3371	3370
4	3372	3373	3375	3374
4	3376	3377	3379	3378
4	3380	3381	3383	3382
4	3384	3385	3387	3386
4	3388	3389	3391	3390
4	3392	3393	3395	3394
4	3396	3397	3399	3398
4	3400	3401	3403	3402
4	3404	3405	3407	3406
4	3408	3409	3411	3410
4	3412	3413	3415	3414
4	3416	3417	3419	3418
4	3420	3421	3423	3422
4	3424	3425	3427	3426
4	3428	3429	3431	3430
4	3432	3433	3435	3434
4	3436	3437	3439	3438
4	3440	3441	3443	3442
4	3444	3445	3447	3446
4	3448	3449	3451	3450
4	3452	3453	3455	3454
4	3456	3457	3459	3458
4	3460	3461	3463	3462
4	3464	3465	3467	3466
4	3468	3469	3471	3470
4	3472	3473	3475	3474
4	3476	3477	3479	3478
4	3480	3481	3483	3482
4	3484	3485	3487	3486
4	3488	3489	3491	3490
4	3492	3493	3495	3494
4	3496	3497	3499	3498
4	3500	3501	3503	3502
4	3504	3505	3507	3506
4	3508	3509	3511	3510
4	3512	3513	3515	3514
4	3516	3517	3519	3518
4	3520	3521	3523	3522
4	3524	3525	3527	3526
4	3528	3529	3531	3530
4	3532	3533	3535	3534
4	3536	3537	3539	3538
4	3540	3541	3543	3542
4	3544	3545	3547	3546
4	3548	3549	3551	3550
4	3552	3553	3555	3554
4	3556	3557	3559	3558
4	3560	3561	3563	3562
4	3564	3565	3567	3566
4	3568	3569	3571	3570
4	3572	3573	3575	3574
4	3576	3577	3579	3578
4	3580	3581	3583	3582
4	3584	3585	3587	3586
4	3588	3589	3591	3590
4	3592	3593	3595	3594
4	3596	3597	3599	3598
4	3600	3601	3603	3602
4	3604	3605	3607	3606
4	3608	3609	3611	3610
4	3612	3613	3615	3614
4	3616	3617	3619	3618
4	3620	3621	3623	3622
4	3624	3625	3627	3626
4	3628	3629	3631	3630
4	3632	3633	3635	3634
4	3636	3637	3639	3638
4	3640	3641	3643	3642
4	3644	3645	3647	3646
4	3648	3649	3651	3650
4	3652	3653	3655	3654
4	3656	3657	3659	3658
4	3660	3661	3663	3662
4	3664	3665	3667	3666
4	3668	3669	3671	3670
4	3672	3673	3675	3674
4	3676	3677	3679	3678
4	3680	3681	3683	3682
4	3684	3685	3687	3686
4	3688	3689	3691	3690
4	3692	3693	3695	3694
4	3696	3697	3699	3698
4	3700	3701	3703	3702
4	3704	3705	3707	3706
4	3708	3709	3711	3710
4	3712	3713	3715	3714
4	3716	3717	3719	3718
4	3720	3721	3723	3722
4	3724	3725	3727	3726
4	3728	3729	3731	3730
4	3732	3733	3735	3734
4	3736	3737	3739	3738
4	3740	3741	3743	3742
4	3744	3745	3747	3746
4	3748	3749	3751	3750
4	3752	3753	3755	3754
4	3756	3757	3759	3758
4	3760	3761	3763	3762
4	3764	3765	3767	3766
4	3768	3769	3771	3770
4	3772	3773	3775	3774
4	3776	3777	3779	3778
4	3780	3781	3783	3782
4	3784	3785	3787	3786
4	3788	3789	3791	3790
4	3792	3793	3795	3794
4	3796	3797	3799	3798
4	3800	3801	3803	3802
4	3804	3805	3807	3806
4	3808	3809	3811	3810
4	3812	3813	3815	3814
4	3816	3817	3819	3818
4	3820	3821	3823	3822
4	3824	3825	3827	3826
4	3828	3829	3831	3830
4	3832	3833	3835	3834
4	3836	3837	3839	3838
4	3840	3841	3843	3842
4	3844	3845	3847	3846
4	3848	3849	3851	3850
4	3852	3853	3855	3854
4	3856	3857	3859	3858
4	3860	3861	3863	3862
4	3864	3865	3867	3866
4	3868	3869	3871	3870
4	3872	3873	3875	3874
4	3876	3877	3879	3878
4	3880	3881	3883	3882
4	3884	3885	3887	3886
4	3888	3889	3891	3890
4	3892	3893	3895	3894
4	3896	3897	3899	3898
4	3900	3901	3903	3902
4	3904	3905	3907	3906
4	3908	3909	3911	3910
4	3912	3913	3915	3914
4	3916	3917	3919	3918
4	3920	3921	3923	3922
4	3924	3925	3927	3926
4	3928	3929	3931	3930
4	3932	3933	3935	3934
4	3936	3937	3939	3938
4	3940	3941	3943	3942
4	3944	3945	3947	3946
4	3948	3949	3951	3950
4	3952	3953	3955	3954
4	3956	3957	3959	3958
4	3960	3961	3963	3962
4	3964	3965	3967	3966
4	3968	3969	3971	3970
4	3972	3973	3975	3974
4	3976	3977	3979	3978
4	3980	3981	3983	3982
4	3984	3985	3987	3986
4	3988	3989	3991	3990
4	3992	3993	3995	3994
4	3996	3997	3999	3998
4	4000	4001	4003	4002
4	4004	4005	4007	4006
4	4008	4009	4011	4010
4	4012	4013	4015	4014
4	4016	4017	4019	4018
4	4020	4021	4023	4022
4	4024	4025	4027	4026
4	4028	4029	4031	4030
4	4032	4033	4035	4034
4	4036	4037	4039	4038
4	4040	4041	4043	4042
4	4044	4045	4047	4046
4	4048	4049	4051	4050
4	4052	4053	4055	4054
4	4056	4057	4059	4058
4	4060	4061	4063	4062
4	4064	4065	4067	4066
4	4068	4069	4071	4070
4	4072	4073	4075	4074
4	4076	4077	4079	4078
4	4080	4081	4083	4082
4	4084	4085	4087	4086
4	4088	4089	4091	4090
4	4092	4093	4095	4094

CELL_TYPES 1024
 9 9 9 9 9 9 9 9 9 9 9 9 9 9 9 9 9 9 9 9 9 9 9 9 9 9 9 9 9 9 9 9 9 9 9 9 9 9 9 9 9 9 9 9 9 9 9 9 9 9 9 9 9 9 9 9 9 9 9 9 9 9 9 9 9 9 9 9 9 9 9 9 9 9 9 9 9 9 9 9 9 9 9 9 9 9 9 9 9 9 9 9 9 9 9 9 9 9 9 9 9 9 9 9 9 9 9 9 9 9 9 9 9 9 9 9 9 9 9 9 9 9 9 9 9 9 9 9 9 9 9 9 9 9 9 9 9 9 9 9 9 9 9 9 9 9 9 9 9 9 9 9 9 9 9 9 9 9 9 9 9 9 9 9 9 9 9 9 9 9 9 9 9 9 9 9 9 9 9 9 9 9 9 9 9 9 9 9 9 9 9 9 9 9 9 9 9 9 9 9 9 9 9 9 9 9 9 9 9 9 9 9 9 9 9 9 9 9 9 9 9 9 9 9 9 9 9 9 9 9 9 9 9 9 9 9 9 9 9 9 9 9 9 9 9 9 9 9 9 9 9 9 9 9 9 9 9 9 9 9 9 9 9 9 9 9 9 9 9 9 9 9 9 9 9 9 9 9 9 9 9 9 9 9 9 9 9 9 9 9 9 9 9 9 9 9 9 9 9 9 9 9 9 9 9 9 9 9 9 9 9 9 9 9 9 9 9 9 9 9 9 9 9 9 9 9 9 9 9 9 9 9 9 9 9 9 9 9 9 9 9 9 9 9 9 9 9 9 9 9 9 9 9 9 9 9 9 9 9 9 9 9 9 9 9 9 9 9 9 9 9 9 9 9 9 9 9 9 9 9 9 9 9 9 9 9 9 9 9 9 9 9 9 9 9 9 9 9 9 9 9 9 9 9 9 9 9 9 9 9 9 9 9 9 9 9 9 9 9 9 9 9 9 9 9 9 9 9 9 9 9 9 9 9 9 9 9 9 9 9 9 9 9 9 9 9 9 9 9 9 9 9 9 9 9 9 9 9 9 9 9 9 9 9 9 9 9 9 9 9 9 9 9 9 9 9 9 9 9 9 9 9 9 9 9 9 9 9 9 9 9 9 9 9 9 9 9 9 9 9 9 9 9 9 9 9 9 9 9 9 9 9 9 9 9 9 9 9 9 9 9 9 9 9 9 9 9 9 9 9 9 9 9 9 9 9 9 9 9 9 9 9 9 9 9 9 9 9 9 9 9 9 9 9 9 9 9 9 9 9 9 9 9 9 9 9 9 9 9 9 9 9 9 9 9 9 9 9 9 9 9 9 9 9 9 9 9 9 9 9 9 9 9 9 9 9 9 9 9 9 9 9 9 9 9 9 9 9 9 9 9 9 9 9 9 9 9 9 9 9 9 9 9 9 9 9 9 9 9 9 9 9 9 9 9 9 9 9 9 9 9 9 9 9 9 9 9 9 9 9 9 9 9 9 9 9 9 9 9 9 9 9 9 9 9 9 9 9 9 9 9 9 9 9 9 9 9 9 9 9 9 9 9 9 9 9 9 9 9 9 9 9 9 9 9 9 9 9 9 9 9 9 9 9 9 9 9 9 9 9 9 9 9 9 9 9 9 9 9 9 9 9 9 9 9 9 9 9 9 9 9 9 9 9 9 9 9 9 9 9 9 9 9 9 9 9 9 9 9 9 9 9 9 9 9 9 9 9 9 9 9 9 9 9 9 9 9 9 9 9 9 9 9 9 9 9 9 9 9 9 9 9 9 9 9 9 9 9 9 9 9 9 9 9 9 9 9 9 9 9 9 9 9 9 9 9 9 9 9 9 9 9 9 9 9 9 9 9 9 9 9 9 9 9 9 9 9 9 9 9 9 9 9 9 9 9 9 9 9 9 9 9 9 9 9 9 9 9 9 9 9 9 9 9 9 9 9 9 9 9 9 9 9 9 9 9 9 9 9 9 9 9 9 9 9 9 9 9 9 9 9 9 9 9 9 9 9 9 9 9 9 9 9 9 9 9 9 9 9 9 9 9 9 9 9 9 9 9 9 9 9 9 9 9 9 9 9 9 9 9 9 9 9 9 9 9 9 9 9 9 9 9 9 9 9 9 9 9 9 9 9 9 9 9 9 9 9 9 9 9 9 9 9 9 9 9 9 9 9 9 9 9 9 9 9 9 9 9 9 9 9 9 9 9 9 9 9 9 9 9 9 9 9 9 9 9 9 9 9 9 9 9 9 9 9 9 9 9 9 9 9 9 9 9 9 9 9 9 9 9 9 9 9 9 9 9 9 9 9 9 9 9 9 9
POINT_DATA 4096
SCALARS x_velo double 1
LOOKUP_TABLE default
0 0 0 -2.055e-10 0 0 -2.055e-10 -4.37679e-10 0 -2.055e-10 0 -3.85396e-10 -2.055e-10 -4.37679e-10 -3.85396e-10 -8.56055e-10 0 0 -4.37679e-10 -7.36027e-10 0 0 -7.36027e-10 -1.08919e-09 -4.37679e-10 -7.36027e-10 -8.56055e-10 -1.43139e-09 -7.36027e-10 -1.08919e-09 -1.43139e-09 -2.10915e-09 0 -3.85396e-10 0 -5.44557e-10 -3.85396e-10 -8.56055e-10 -5.44557e-10 -1.24466e-09 0 -5.44557e-10 0 -6.88901e-10 -5.44557e-10 -1.24466e-09 -6.88901e-10 -1.5973e-09 -8.56055e-10 -1.43139e-09 -1.24466e-09 -2.07191e-09 -1.43139e-09 -2.10915e-09 -2.07191e-09 -3.04143e-09 -1.24466e-09 -2.07191e-09 -1.5973e-09 -2.64475e-09 -2.07191e-09 -3.04143e-09 -2.64475e-09 -3.86802e-09 0 0 -1.08919e-09 -1.50608e-09 0 0 -1.50608e-09 -1.99902e-09 -1.08919e-09 -1.50608e-09 -2.10915e-09 -2.91356e-09 -1.50608e-09 -1.99902e-09 -2.91356e-09 -3.87389e-09 0 0 -1.99902e-09 -2.57005e-09 0 0 -2.57005e-09 -3.20451e-09 -1.99902e-09 -2.57005e-09 -3.87389e-09 -5.00564e-09 -2.57005e-09 -3.20451e-09 -5.00564e-09 -6.30028e-09 -2.10915e-09 -2.91356e-09 -3.04143e-09 -4.19899e-09 -2.91356e-09 -3.87389e-09 -4.19899e-09 -5.59651e-09 -3.04143e-09 -4.19899e-09 -3.86802e-09 -5.33822e-09 -4.19899e-09 -5.59651e-09 -5.33822e-09 -7.13459e-09 -3.87389e-09 -5.00564e-09 -5.59651e-09 -7.27464e-09 -5.00564e-09 -6.30028e-09 -7.27464e-09 -9.25006e-09 -5.59651e-09 -7.27464e-09 -7.13459e-09 -9.33373e-09 -7.27464e-09 -9.25006e-09 -9.33373e-09 -1.19961e-08 0 -6.88901e-10 0 -8.23785e-10 -6.88901e-10 -1.5973e-09 -8.23785e-10 -1.91091e-09 0 -8.23785e-10 0 -9.58387e-10 -8.23785e-10 -1.91091e-09 -9.58387e-10 -2.18192e-09 -1.5973e-09 -2.64475e-09 -1.91091e-09 -3.13809e-09 -2.64475e-09 -3.86802e-09 -3.13809e-09 -4.57161e-09 -1.91091e-09 -3.13809e-09 -2.18192e-09 -3.54048e-09 -3.13809e-09 -4.57161e-09 -3.54048e-09 -5.13613e-09 0 -9.58387e-10 0 -1.11253e-09 -9.58387e-10 -2.18192e-09 -1.11253e-09 -2.4001e-09 0 -1.11253e-09 0 -1.29217e-09 -1.11253e-09 -2.4001e-09 -1.29217e-09 -2.55515e-09 -2.18192e-09 -3.54048e-09 -2.4001e-09 -3.84047e-09 -3.54048e-09 -5.13613e-09 -3.84047e-09 -5.54743e-09 -2.4001e-09 -3.84047e-09 -2.55515e-09 -4.02656e-09 -3.84047e-09 -5.54743e-09 -4.02656e-09 -5.7943e-09 -3.86802e-09 -5.33822e-09 -4.57161e-09 -6.30688e-09 -5.33822e-09 -7.13459e-09 -6.30688e-09 -8.45238e-09 -4.57161e-09 -6.30688e-09 -5.13613e-09 -7.08156e-09 -6.30688e-09 -8.45238e-09 -7.08156e-09 -9.51249e-09 -7.13459e-09 -9.33373e-09 -8.45238e-09 -1.11293e-08 -9.33373e-09 -1.19961e-08 -1.11293e-08 -1.44601e-08 -8.45238e-09 -1.11293e-08 -9.51249e-09 -1.25993e-08 -1.11293e-08 -1.44601e-08 -1.25993e-08 -1.65439e-08 -5.13613e-09 -7.08156e-09 -5.54743e-09 -7.64141e-09 -7.08156e-09 -9.51249e-09 -7.64141e-09 -1.02786e-08 -5.54743e-09 -7.64141e-09 -5.7943e-09 -7.97041e-09 -7.64141e-09 -1.02786e-08 -7.97041e-09 -1.07196e-08 -9.51249e-09 -1.25993e-08 -1.02786e-08 -1.36769e-08 -1.25993e-08 -1.65439e-08 -1.36769e-08 -1.813e-08 -1.02786e-08 -1.36769e-08 -1.07196e-08 -1.42956e-08 -1.36769e-08 -1.813e-08 -1.42956e-08 -1.90847e-08 0 0 -3.20451e-09 -3.87388e-09 0 0 -3.87388e-09 -4.54391e-09 -3.20451e-09 -3.87388e-09 -6.30028e-09 -7.72446e-09 -3.87388e-09 -4.54391e-09 -7.72446e-09 -9.21725e-09 0 0 -4.54391e-09 -5.16258e-09 0 0 -5.16258e-09 -5.59711e-09 -4.54391e-09 -5.16258e-09 -9.21725e-09 -1.06428e-08 -5.16258e-09 -5.59711e-09 -1.06428e-08 -1.16627e-08 -6.30028e-09 -7.72446e-09 -9.25006e-09 -1.15043e-08 -7.72446e-09 -9.21725e-09 -1.15043e-08 -1.39539e-08 -9.25006e-09 -1.15043e-08 -1.19961e-08 -1.51392e-08 -1.15043e-08 -1.39539e-08 -1.51392e-08 -1.86669e-08 -9.21725e-09 -1.06428e-08 -1.39539e-08 -1.63506e-08 -1.06428e-08 -1.16627e-08 -1.63506e-08 -1.80914e-08 -1.39539e-08 -1.63506e-08 -1.86669e-08 -2.21997e-08 -1.63506e-08 -1.80914e-08 -2.21997e-08 -2.48185e-08 0 0 -5.59711e-09 -5.55738e-09 0 0 -5.55738e-09 -4.65299e-09 -5.59711e-09 -5.55738e-09 -1.16627e-08 -1.16223e-08 -5.55738e-09 -4.65299e-09 -1.16223e-08 -9.71912e-09 0 0 -4.65299e-09 -2.68135e-09 0 0 -2.68135e-09 5.41843e-11 -4.65299e-09 -2.68135e-09 -9.71912e-09 -5.58719e-09 -2.68135e-09 5.41843e-11 -5.58719e-09 1.11265e-10 -1.16627e-08 -1.16223e-08 -1.80914e-08 -1.80981e-08 -1.16223e-08 -9.71912e-09 -1.80981e-08 -1.51332e-08 -1.80914e-08 -1.80981e-08 -2.48185e-08 -2.49594e-08 -1.80981e-08 -1.51332e-08 -2.49594e-08 -2.0907e-08 -9.71912e-09 -5.58719e-09 -1.51332e-08 -8.68848e-09 -5.58719e-09 1.11265e-10 -8.68848e-09 1.71566e-10 -1.51332e-08 -8.68848e-09 -2.0907e-08 -1.20062e-08 -8.68848e-09 1.71566e-10 -1.20062e-08 2.35562e-10 -1.19961e-08 -1.51392e-08 -1.44601e-08 -1.85257e-08 -1.51392e-08 -1.86669e-08 -1.85257e-08 -2.32415e-08 -1.44601e-08 -1.85257e-08 -1.65439e-08 -2.15257e-08 -1.85257e-08 -2.32415e-08 -2.15257e-08 -2.75218e-08 -1.86669e-08 -2.21997e-08 -2.32415e-08 -2.80974e-08 -2.21997e-08 -2.48185e-08 -2.80974e-08 -3.18159e-08 -2.32415e-08 -2.80974e-08 -2.75218e-08 -3.39288e-08 -2.80974e-08 -3.18159e-08 -3.39288e-08 -3.90873e-08 -1.65439e-08 -2.15257e-08 -1.813e-08 -2.39599e-08 -2.15257e-08 -2.75218e-08 -2.39599e-08 -3.12916e-08 -1.813e-08 -2.39599e-08 -1.90847e-08 -2.55964e-08 -2.39599e-08 -3.12916e-08 -2.55964e-08 -3.42372e-08 -2.75218e-08 -3.39288e-08 -3.12916e-08 -3.95306e-08 -3.39288e-08 -3.90873e-08 -3.95306e-08 -4.66593e-08 -3.12916e-08 -3.95306e-08 -3.42372e-08 -4.46372e-08 -3.95306e-08 -4.66593e-08 -4.46372e-08 -5.4558e-08 -2.48185e-08 -2.49594e-08 -3.18159e-08 -3.22644e-08 -2.49594e-08 -2.0907e-08 -3.22644e-08 -2.71558e-08 -3.18159e-08 -3.22644e-08 -3.90873e-08 -4.01748e-08 -3.22644e-08 -2.71558e-08 -4.01748e-08 -3.41377e-08 -2.0907e-08 -1.20062e-08 -2.71558e-08 -1.56339e-08 -1.20062e-08 2.35562e-10 -1.56339e-08 3.03861e-10 -2.71558e-08 -1.56339e-08 -3.41377e-08 -1.97704e-08 -1.56339e-08 3.03861e-10 -1.97704e-08 3.77139e-10 -3.90873e-08 -4.01748e-08 -4.66593e-08 -4.89877e-08 -4.01748e-08 -3.41377e-08 -4.89877e-08 -4.23183e-08 -4.66593e-08 -4.89877e-08 -5.4558e-08 -5.9201e-08 -4.89877e-08 -4.23183e-08 -5.9201e-08 -5.25128e-08 -3.41377e-08 -1.97704e-08 -4.23183e-08 -2.47726e-08 -1.97704e-08 3.77139e-10 -2.47726e-08 4.56012e-10 -4.23183e-08 -2.47726e-08 -5.25128e-08 -3.1275e-08 -2.47726e-08 4.56012e-10 -3.1275e-08 5.40752e-10 0 0 5.41843e-11 2.78421e-09 0 0 2.78421e-09 4.74144e-09 5.41843e-11 2.78421e-09 1.11265e-10 5.79847e-09 2.78421e-09 4.74144e-09 5.79847e-09 9.90085e-09 0 0 4.74144e-09 5.6272e-09 0 0 5.6272e-09 5.64834e-09 4.74144e-09 5.6272e-09 9.90085e-09 1.17656e-08 5.6272e-09 5.64834e-09 1.17656e-08 1.17676e-08 1.11265e-10 5.79847e-09 1.71566e-10 9.01411e-09 5.79847e-09 9.90085e-09 9.01411e-09 1.54128e-08 1.71566e-10 9.01411e-09 2.35562e-10 1.24528e-08 9.01411e-09 1.54128e-08 1.24528e-08 2.12892e-08 9.90085e-09 1.17656e-08 1.54128e-08 1.83179e-08 1.17656e-08 1.17676e-08 1.83179e-08 1.82516e-08 1.54128e-08 1.83179e-08 2.12892e-08 2.52583e-08 1.83179e-08 1.82516e-08 2.52583e-08 2.5035e-08 0 0 5.64834e-09 5.1976e-09 0 0 5.1976e-09 4.56587e-09 5.64834e-09 5.1976e-09 1.17676e-08 1.07144e-08 5.1976e-09 4.56587e-09 1.07144e-08 9.26238e-09 0 0 4.56587e-09 3.88598e-09 0 0 3.88598e-09 3.20964e-09 4.56587e-09 3.88598e-09 9.26238e-09 7.74995e-09 3.88598e-09 3.20964e-09 7.74995e-09 6.31202e-09 1.17676e-08 1.07144e-08 1.82516e-08 1.64596e-08 1.07144e-08 9.26238e-09 1.64596e-08 1.40228e-08 1.82516e-08 1.64596e-08 2.5035e-08 2.23462e-08 1.64596e-08 1.40228e-08 2.23462e-08 1.87594e-08 9.26238e-09 7.74995e-09 1.40228e-08 1.15438e-08 7.74995e-09 6.31202e-09 1.15438e-08 9.26926e-09 1.40228e-08 1.15438e-08 1.87594e-08 1.51928e-08 1.15438e-08 9.26926e-09 1.51928e-08 1.2023e-08 2.35562e-10 1.24528e-08 3.03861e-10 1.62089e-08 1.24528e-08 2.12892e-08 1.62089e-08 2.76454e-08 3.03861e-10 1.62089e-08 3.77139e-10 2.04826e-08 1.62089e-08 2.76454e-08 2.04826e-08 3.47402e-08 2.12892e-08 2.52583e-08 2.76454e-08 3.26444e-08 2.52583e-08 2.5035e-08 3.26444e-08 3.20887e-08 2.76454e-08 3.26444e-08 3.47402e-08 4.06377e-08 3.26444e-08 3.20887e-08 4.06377e-08 3.94154e-08 3.77139e-10 2.04826e-08 4.56012e-10 2.56317e-08 2.04826e-08 3.47402e-08 2.56317e-08 4.30397e-08 4.56012e-10 2.56317e-08 5.40752e-10 3.22917e-08 2.56317e-08 4.30397e-08 3.22917e-08 5.33604e-08 3.47402e-08 4.06377e-08 4.30397e-08 4.95351e-08 4.06377e-08 3.94154e-08 4.95351e-08 4.70411e-08 4.30397e-08 4.95351e-08 5.33604e-08 5.98348e-08 4.95351e-08 4.70411e-08 5.98348e-08 5.49909e-08 2.5035e-08 2.23462e-08 3.20887e-08 2.82804e-08 2.23462e-08 1.87594e-08 2.82804e-08 2.33565e-08 3.20887e-08 2.82804e-08 3.94154e-08 3.41463e-08 2.82804e-08 2.33565e-08 3.41463e-08 2.76574e-08 1.87594e-08 1.51928e-08 2.33565e-08 1.85926e-08 1.51928e-08 1.2023e-08 1.85926e-08 1.44945e-08 2.33565e-08 1.85926e-08 2.76574e-08 2.16045e-08 1.85926e-08 1.44945e-08 2.16045e-08 1.65848e-08 3.94154e-08 3.41463e-08 4.70411e-08 3.97795e-08 3.41463e-08 2.76574e-08 3.97795e-08 3.14446e-08 4.70411e-08 3.97795e-08 5.49909e-08 4.4913e-08 3.97795e-08 3.14446e-08 4.4913e-08 3.44035e-08 2.76574e-08 2.16045e-08 3.14446e-08 2.40482e-08 2.16045e-08 1.65848e-08 2.40482e-08 1.81761e-08 3.14446e-08 2.40482e-08 3.44035e-08 2.56911e-08 2.40482e-08 1.81761e-08 2.56911e-08 1.91338e-08 0 0 3.20964e-09 2.57061e-09 0 0 2.57061e-09 1.99671e-09 3.20964e-09 2.57061e-09 6.31202e-09 5.0083e-09 2.57061e-09 1.99671e-09 5.0083e-09 3.87081e-09 0 0 1.99671e-09 1.50186e-09 0 0 1.50186e-09 1.08319e-09 1.99671e-09 1.50186e-09 3.87081e-09 2.90673e-09 1.50186e-09 1.08319e-09 2.90673e-09 2.09913e-09 6.31202e-09 5.0083e-09 9.26926e-09 7.28044e-09 5.0083e-09 3.87081e-09 7.28044e-09 5.59383e-09 9.26926e-09 7.28044e-09 1.2023e-08 9.3432e-09 7.28044e-09 5.59383e-09 9.3432e-09 7.13304e-09 3.87081e-09 2.90673e-09 5.59383e-09 4.19089e-09 2.90673e-09 2.09913e-09 4.19089e-09 3.02921e-09 5.59383e-09 4.19089e-09 7.13304e-09 5.32986e-09 4.19089e-09 3.02921e-09 5.32986e-09 3.85508e-09 0 0 1.08319e-09 7.2764e-10 0 0 7.2764e-10 4.26419e-10 1.08319e-09 7.2764e-10 2.09913e-09 1.41756e-09 7.2764e-10 4.26419e-10 1.41756e-09 8.38063e-10 0 0 4.26419e-10 1.93586e-10 0 0 1.93586e-10 0 4.26419e-10 1.93586e-10 8.38063e-10 3.67825e-10 1.93586e-10 0 3.67825e-10 0 2.09913e-09 1.41756e-09 3.02921e-09 2.05535e-09 1.41756e-09 8.38063e-10 2.05535e-09 1.22372e-09 3.02921e-09 2.05535e-09 3.85508e-09 2.62784e-09 2.05535e-09 1.22372e-09 2.62784e-09 1.57664e-09 8.38063e-10 3.67825e-10 1.22372e-09 5.24833e-10 3.67825e-10 0 5.24833e-10 0 1.22372e-09 5.24833e-10 1.57664e-09 6.69334e-10 5.24833e-10 0 6.69334e-10 0 1.2023e-08 9.3432e-09 1.44945e-08 1.11425e-08 9.3432e-09 7.13304e-09 1.11425e-08 8.45231e-09 1.44945e-08 1.11425e-08 1.65848e-08 1.26158e-08 1.11425e-08 8.45231e-09 1.26158e-08 9.51383e-09 7.13304e-09 5.32986e-09 8.45231e-09 6.29887e-09 5.32986e-09 3.85508e-09 6.29887e-09 4.559e-09 8.45231e-09 6.29887e-09 9.51383e-09 7.07407e-09 6.29887e-09 4.559e-09 7.07407e-09 5.12432e-09 1.65848e-08 1.26158e-08 1.81761e-08 1.3696e-08 1.26158e-08 9.51383e-09 1.3696e-08 1.02809e-08 1.81761e-08 1.3696e-08 1.91338e-08 1.43159e-08 1.3696e-08 1.02809e-08 1.43159e-08 1.07221e-08 9.51383e-09 7.07407e-09 1.02809e-08 7.63418e-09 7.07407e-09 5.12432e-09 7.63418e-09 5.53628e-09 1.02809e-08 7.63418e-09 1.07221e-08 7.96279e-09 7.63418e-09 5.53628e-09 7.96279e-09 5.78298e-09 3.85508e-09 2.62784e-09 4.559e-09 3.12264e-09 2.62784e-09 1.57664e-09 3.12264e-09 1.89334e-09 4.559e-09 3.12264e-09 5.12432e-09 3.52757e-09 3.12264e-09 1.89334e-09 3.52757e-09 2.16986e-09 1.57664e-09 6.69334e-10 1.89334e-09 8.06599e-10 6.69334e-10 0 8.06599e-10 0 1.89334e-09 8.06599e-10 2.16986e-09 9.46725e-10 8.06599e-10 0 9.46725e-10 0 5.12432e-09 3.52757e-09 5.53628e-09 3.83032e-09 3.52757e-09 2.16986e-09 3.83032e-09 2.39497e-09 5.53628e-09 3.83032e-09 5.78298e-09 4.01821e-09 3.83032e-09 2.39497e-09 4.01821e-09 2.55746e-09 2.16986e-09 9.46725e-10 2.39497e-09 1.11211e-09 9.46725e-10 0 1.11211e-09 0 2.39497e-09 1.11211e-09 2.55746e-09 1.31004e-09 1.11211e-09 0 1.31004e-09 0 0 -1.29217e-09 3.55078 3.54098 -1.29217e-09 -2.55515e-09 3.54098 3.54344 3.55078 3.54098 6.62813 6.61949 3.54098 3.54344 6.61949 6.61837 -2.55515e-09 -4.02656e-09 3.54344 3.54796 -4.02656e-09 -5.7943e-09 3.54796 3.5528 3.54344 3.54796 6.61837 6.62258 3.54796 3.5528 6.62258 6.62858 6.62813 6.61949 9.23203 9.22736 6.61949 6.61837 9.22736 9.22387 9.23203 9.22736 11.3625 11.3602 9.22736 9.22387 11.3602 11.357 6.61837 6.62258 9.22387 9.22567 6.62258 6.62858 9.22567 9.23033 9.22387 9.22567 11.357 11.3569 9.22567 9.23033 11.3569 11.3595 -5.7943e-09 -7.97041e-09 3.5528 3.55754 -7.97041e-09 -1.07196e-08 3.55754 3.56236 3.5528 3.55754 6.62858 6.63519 3.55754 3.56236 6.63519 6.64229 -1.07196e-08 -1.42956e-08 3.56236 3.56773 -1.42956e-08 -1.90847e-08 3.56773 3.57473 3.56236 3.56773 6.64229 6.65043 3.56773 3.57473 6.65043 6.66106 6.62858 6.63519 9.23033 9.23649 6.63519 6.64229 9.23649 9.24373 9.23033 9.23649 11.3595 11.364 9.23649 9.24373 11.364 11.3699 6.64229 6.65043 9.24373 9.25244 6.65043 6.66106 9.25244 9.26405 9.24373 9.25244 11.3699 11.3777 9.25244 9.26405 11.3777 11.3885 11.3625 11.3602 13.0195 13.0183 11.3602 11.357 13.0183 13.0159 13.0195 13.0183 14.2031 14.2023 13.0183 13.0159 14.2023 14.2003 11.357 11.3569 13.0159 13.0149 11.3569 11.3595 13.0149 13.0158 13.0159 13.0149 14.2003 14.199 13.0149 13.0158 14.199 14.199 14.2031 14.2023 14.9133 14.9125 14.2023 14.2003 14.9125 14.9107 14.9133 14.9125 15.15 15.1492 14.9125 14.9107 15.1492 15.1475 14.2003 14.199 14.9107 14.9093 14.199 14.199 14.9093 14.9088 14.9107 14.9093 15.1475 15.146 14.9093 14.9088 15.146 15.1453 11.3595 11.364 13.0158 13.0186 11.364 11.3699 13.0186 13.0229 13.0158 13.0186 14.199 14.2004 13.0186 13.0229 14.2004 14.2032 11.3699 11.3777 13.0229 13.029 11.3777 11.3885 13.029 13.038 13.0229 13.029 14.2032 14.2078 13.029 13.038 14.2078 14.215 14.199 14.2004 14.9088 14.9094 14.2004 14.2032 14.9094 14.9113 14.9088 14.9094 15.1453 15.1458 14.9094 14.9113 15.1458 15.1474 14.2032 14.2078 14.9113 14.9149 14.2078 14.215 14.9149 14.9208 14.9113 14.9149 15.1474 15.1505 14.9149 14.9208 15.1505 15.156 -1.90847e-08 -2.55964e-08 3.57473 3.58587 -2.55964e-08 -3.42372e-08 3.58587 3.60617 3.57473 3.58587 6.66106 6.67749 3.58587 3.60617 6.67749 6.70603 -3.42372e-08 -4.46372e-08 3.60617 3.64325 -4.46372e-08 -5.4558e-08 3.64325 3.70403 3.60617 3.64325 6.70603 6.75619 3.64325 3.70403 6.75619 6.83694 6.66106 6.67749 9.26405 9.28171 6.67749 6.70603 9.28171 9.31128 9.26405 9.28171 11.3885 11.405 9.28171 9.31128 11.405 11.432 6.70603 6.75619 9.31128 9.36132 6.75619 6.83694 9.36132 9.44011 9.31128 9.36132 11.432 11.4764 9.36132 9.44011 11.4764 11.545 -5.4558e-08 -5.9201e-08 3.70403 3.78634 -5.9201e-08 -5.25128e-08 3.78634 3.86935 3.70403 3.78634 6.83694 6.94732 3.78634 3.86935 6.94732 7.06498 -5.25128e-08 -3.1275e-08 3.86935 3.91476 -3.1275e-08 5.40752e-10 3.91476 3.88937 3.86935 3.91476 7.06498 7.14512 3.91476 3.88937 7.14512 7.14264 6.83694 6.94732 9.44011 9.54807 6.94732 7.06498 9.54807 9.66812 9.44011 9.54807 11.545 11.6387 9.54807 9.66812 11.6387 11.7458 7.06498 7.14512 9.66812 9.76316 7.14512 7.14264 9.76316 9.79107 9.66812 9.76316 11.7458 11.8394 9.76316 9.79107 11.8394 11.8862 11.3885 11.405 13.038 13.0522 11.405 11.432 13.0522 13.0754 13.038 13.0522 14.215 14.2268 13.0522 13.0754 14.2268 14.2463 11.432 11.4764 13.0754 13.113 11.4764 11.545 13.113 13.1702 13.0754 13.113 14.2463 14.2779 13.113 13.1702 14.2779 14.3257 14.215 14.2268 14.9208 14.9309 14.2268 14.2463 14.9309 14.9478 14.9208 14.9309 15.156 15.1654 14.9309 14.9478 15.1654 15.1815 14.2463 14.2779 14.9478 14.9754 14.2779 14.3257 14.9754 15.0172 14.9478 14.9754 15.1815 15.2077 14.9754 15.0172 15.2077 15.2475 11.545 11.6387 13.1702 13.2481 11.6387 11.7458 13.2481 13.339 13.1702 13.2481 14.3257 14.391 13.2481 13.339 14.391 14.4683 11.7458 11.8394 13.339 13.4236 11.8394 11.8862 13.4236 13.4775 13.339 13.4236 14.4683 14.5435 13.4236 13.4775 14.5435 14.5983 14.3257 14.391 15.0172 15.0746 14.391 14.4683 15.0746 15.1432 15.0172 15.0746 15.2475 15.3021 15.0746 15.1432 15.3021 15.3678 14.4683 14.5435 15.1432 15.2121 14.5435 14.5983 15.2121 15.2659 15.1432 15.2121 15.3678 15.4345 15.2121 15.2659 15.4345 15.4878 5.40752e-10 3.22917e-08 3.88937 3.79513 3.22917e-08 5.33604e-08 3.79513 3.67182 3.88937 3.79513 7.14264 7.04714 3.79513 3.67182 7.04714 6.89525 5.33604e-08 5.98348e-08 3.67182 3.56635 5.98348e-08 5.49909e-08 3.56635 3.5033 3.67182 3.56635 6.89525 6.74416 3.56635 3.5033 6.74416 6.63473 7.14264 7.04714 9.79107 9.73272 7.04714 6.89525 9.73272 9.60814 9.79107 9.73272 11.8862 11.8659 9.73272 9.60814 11.8659 11.7852 6.89525 6.74416 9.60814 9.46308 6.74416 6.63473 9.46308 9.33952 9.60814 9.46308 11.7852 11.6735 9.46308 9.33952 11.6735 11.5638 5.49909e-08 4.4913e-08 3.5033 3.48067 4.4913e-08 3.44035e-08 3.48067 3.483 3.5033 3.48067 6.63473 6.57677 3.48067 3.483 6.57677 6.55819 3.44035e-08 2.56911e-08 3.483 3.49509 2.56911e-08 1.91338e-08 3.49509 3.50797 3.483 3.49509 6.55819 6.56103 3.49509 3.50797 6.56103 6.57165 6.63473 6.57677 9.33952 9.25704 6.57677 6.55819 9.25704 9.21377 9.33952 9.25704 11.5638 11.4776 9.25704 9.21377 11.4776 11.4206 6.55819 6.56103 9.21377 9.19742 6.56103 6.57165 9.19742 9.19541 9.21377 9.19742 11.4206 11.3879 9.19742 9.19541 11.3879 11.3714 11.8862 11.8659 13.4775 13.4829 11.8659 11.7852 13.4829 13.4397 13.4775 13.4829 14.5983 14.6178 13.4829 13.4397 14.6178 14.5992 11.7852 11.6735 13.4397 13.3648 11.6735 11.5638 13.3648 13.2809 13.4397 13.3648 14.5992 14.552 13.3648 13.2809 14.552 14.4919 14.5983 14.6178 15.2659 15.2919 14.6178 14.5992 15.2919 15.2864 15.2659 15.2919 15.4878 15.5157 15.2919 15.2864 15.5157 15.5141 14.5992 14.552 15.2864 15.2553 14.552 14.4919 15.2553 15.2103 15.2864 15.2553 15.5141 15.4883 15.2553 15.2103 15.4883 15.4483 11.5638 11.4776 13.2809 13.206 11.4776 11.4206 13.206 13.1485 13.2809 13.206 14.4919 14.4324 13.206 13.1485 14.4324 14.3816 11.4206 11.3879 13.1485 13.1087 11.3879 11.3714 13.1087 13.0826 13.1485 13.1087 14.3816 14.342 13.1087 13.0826 14.342 14.3125 14.4919 14.4324 15.2103 15.1622 14.4324 14.3816 15.1622 15.1182 15.2103 15.1622 15.4483 15.4042 15.1622 15.1182 15.4042 15.3629 14.3816 14.342 15.1182 15.0814 14.342 14.3125 15.0814 15.0519 15.1182 15.0814 15.3629 15.3275 15.0814 15.0519 15.3275 15.2985 1.91338e-08 1.43159e-08 3.50797 3.51844 1.43159e-08 1.07221e-08 3.51844 3.5263 3.50797 3.51844 6.57165 6.58303 3.51844 3.5263 6.58303 6.59279 1.07221e-08 7.96279e-09 3.5263 3.53222 7.96279e-09 5.78298e-09 3.53222 3.53673 3.5263 3.53222 6.59279 6.60064 3.53222 3.53673 6.60064 6.60674 6.57165 6.58303 9.19541 9.19929 6.58303 6.59279 9.19929 9.20476 9.19541 9.19929 11.3714 11.3642 9.19929 9.20476 11.3642 11.3616 6.59279 6.60064 9.20476 9.21008 6.60064 6.60674 9.21008 9.21453 9.20476 9.21008 11.3616 11.3611 9.21008 9.21453 11.3611 11.3613 5.78298e-09 4.01821e-09 3.53673 3.53985 4.01821e-09 2.55746e-09 3.53985 3.5409 3.53673 3.53985 6.60674 6.61088 3.53985 3.5409 6.61088 6.61203 2.55746e-09 1.31004e-09 3.5409 3.53822 1.31004e-09 0 3.53822 3.5287 3.5409 3.53822 6.61203 6.60824 3.53822 3.5287 6.60824 6.60184 6.60674 6.61088 9.21453 9.21743 6.61088 6.61203 9.21743 9.21764 9.21453 9.21743 11.3613 11.361 9.21743 9.21764 11.361 11.3592 6.61203 6.60824 9.21764 9.21382 6.60824 6.60184 9.21382 9.20998 9.21764 9.21382 11.3592 11.3551 9.21382 9.20998 11.3551 11.3519 11.3714 11.3642 13.0826 13.0661 11.3642 11.3616 13.0661 13.0555 13.0826 13.0661 14.3125 14.2909 13.0661 13.0555 14.2909 14.2748 11.3616 11.3611 13.0555 13.0484 11.3611 11.3613 13.0484 13.0433 13.0555 13.0484 14.2748 14.2626 13.0484 13.0433 14.2626 14.2531 14.3125 14.2909 15.0519 15.0286 14.2909 14.2748 15.0286 15.01 15.0519 15.0286 15.2985 15.2749 15.0286 15.01 15.2749 15.2556 14.2748 14.2626 15.01 14.995 14.2626 14.2531 14.995 14.9827 15.01 14.995 15.2556 15.2398 14.995 14.9827 15.2398 15.2266 11.3613 11.361 13.0433 13.039 11.361 11.3592 13.039 13.0345 13.0433 13.039 14.2531 14.2452 13.039 13.0345 14.2452 14.2381 11.3592 11.3551 13.0345 13.0292 11.3551 11.3519 13.0292 13.0253 13.0345 13.0292 14.2381 14.2314 13.0292 13.0253 14.2314 14.226 14.2531 14.2452 14.9827 14.9725 14.2452 14.2381 14.9725 14.9636 14.9827 14.9725 15.2266 15.2155 14.9725 14.9636 15.2155 15.2061 14.2381 14.2314 14.9636 14.9558 14.2314 14.226 14.9558 14.9491 14.9636 14.9558 15.2061 15.1979 14.9558 14.9491 15.1979 15.1906 15.15 15.1492 14.9133 14.9125 15.1492 15.1475 14.9125 14.9107 14.9133 14.9125 14.2031 14.2023 14.9125 14.9107 14.2023 14.2003 15.1475 15.146 14.9107 14.9093 15.146 15.1453 14.9093 14.9088 14.9107 14.9093 14.2003 14.199 14.9093 14.9088 14.199 14.199 14.2031 14.2023 13.0195 13.0183 14.2023 14.2003 13.0183 13.0159 13.0195 13.0183 11.3625 11.3602 13.0183 13.0159 11.3602 11.357 14.2003 14.199 13.0159 13.0149 14.199 14.199 13.0149 13.0158 13.0159 13.0149 11.357 11.3569 13.0149 13.0158 11.3569 11.3595 15.1453 15.1458 14.9088 14.9094 15.1458 15.1474 14.9094 14.9113 14.9088 14.9094 14.199 14.2004 14.9094 14.9113 14.2004 14.2032 15.1474 15.1505 14.9113 14.9149 15.1505 15.156 14.9149 14.9208 14.9113 14.9149 14.2032 14.2078 14.9149 14.9208 14.2078 14.215 14.199 14.2004 13.0158 13.0186 14.2004 14.2032 13.0186 13.0229 13.0158 13.0186 11.3595 11.364 13.0186 13.0229 11.364 11.3699 14.2032 14.2078 13.0229 13.029 14.2078 14.215 13.029 13.038 13.0229 13.029 11.3699 11.3777 13.029 13.038 11.3777 11.3885 11.3625 11.3602 9.23203 9.22736 11.3602 11.357 9.22736 9.22387 9.23203 9.22736 6.62813 6.61949 9.22736 9.22387 6.61949 6.61837 11.357 11.3569 9.22387 9.22567 11.3569 11.3595 9.22567 9.23033 9.22387 9.22567 6.61837 6.62258 9.22567 9.23033 6.62258 6.62858 6.62813 6.61949 3.55078 3.54098 6.61949 6.61837 3.54098 3.54344 3.55078 3.54098 0 -1.29217e-09 3.54098 3.54344 -1.29217e-09 -2.55515e-09 6.61837 6.62258 3.54344 3.54796 6.62258 6.62858 3.54796 3.5528 3.54344 3.54796 -2.55515e-09 -4.02656e-09 3.54796 3.5528 -4.02656e-09 -5.7943e-09 11.3595 11.364 9.23033 9.23649 11.364 11.3699 9.23649 9.24373 9.23033 9.23649 6.62858 6.63519 9.23649 9.24373 6.63519 6.64229 11.3699 11.3777 9.24373 9.25244 11.3777 11.3885 9.25244 9.26405 9.24373 9.25244 6.64229 6.65043 9.25244 9.26405 6.65043 6.66106 6.62858 6.63519 3.5528 3.55754 6.63519 6.64229 3.55754 3.56236 3.5528 3.55754 -5.7943e-09 -7.97041e-09 3.55754 3.56236 -7.97041e-09 -1.07196e-08 6.64229 6.65043 3.56236 3.56773 6.65043 6.66106 3.56773 3.57473 3.56236 3.56773 -1.07196e-08 -1.42956e-08 3.56773 3.57473 -1.42956e-08 -1.90847e-08 15.156 15.1654 14.9208 14.9309 15.1654 15.1815 14.9309 14.9478 14.9208 14.9309 14.215 14.2268 14.9309 14.9478 14.2268 14.2463 15.1815 15.2077 14.9478 14.9754 15.2077 15.2475 14.9754 15.0172 14.9478 14.9754 14.2463 14.2779 14.9754 15.0172 14.2779 14.3257 14.215 14.2268 13.038 13.0522 14.2268 14.2463 13.0522 13.0754 13.038 13.0522 11.3885 11.405 13.0522 13.0754 11.405 11.432 14.2463 14.2779 13.0754 13.113 14.2779 14.3257 13.113 13.1702 13.0754 13.113 11.432 11.4764 13.113 13.1702 11.4764 11.545 15.2475 15.3021 15.0172 15.0746 15.3021 15.3678 15.0746 15.1432 15.0172 15.0746 14.3257 14.391 15.0746 15.1432 14.391 14.4683 15.3678 15.4345 15.1432 15.2121 15.4345 15.4878 15.2121 15.2659 15.1432 15.2121 14.4683 14.5435 15.2121 15.2659 14.5435 14.5983 14.3257 14.391 13.1702 13.2481 14.391 14.4683 13.2481 13.339 13.1702 13.2481 11.545 11.6387 13.2481 13.339 11.6387 11.7458 14.4683 14.5435 13.339 13.4236 14.5435 14.5983 13.4236 13.4775 13.339 13.4236 11.7458 11.8394 13.4236 13.4775 11.8394 11.8862 11.3885 11.405 9.26405 9.28171 11.405 11.432 9.28171 9.31128 9.26405 9.28171 6.66106 6.67749 9.28171 9.31128 6.67749 6.70603 11.432 11.4764 9.31128 9.36132 11.4764 11.545 9.36132 9.44011 9.31128 9.36132 6.70603 6.75619 9.36132 9.44011 6.75619 6.83694 6.66106 6.67749 3.57473 3.58587 6.67749 6.70603 3.58587 3.60617 3.57473 3.58587 -1.90847e-08 -2.55964e-08 3.58587 3.60617 -2.55964e-08 -3.42372e-08 6.70603 6.75619 3.60617 3.64325 6.75619 6.83694 3.64325 3.70403 3.60617 3.64325 -3.42372e-08 -4.46372e-08 3.64325 3.70403 -4.46372e-08 -5.4558e-08 11.545 11.6387 9.44011 9.54807 11.6387 11.7458 9.54807 9.66812 9.44011 9.54807 6.83694 6.94732 9.54807 9.66812 6.94732 7.06498 11.7458 11.8394 9.66812 9.76316 11.8394 11.8862 9.76316 9.79107 9.66812 9.76316 7.06498 7.14512 9.76316 9.79107 7.14512 7.14264 6.83694 6.94732 3.70403 3.78634 6.94732 7.06498 3.78634 3.86935 3.70403 3.78634 -5.4558e-08 -5.9201e-08 3.78634 3.86935 -5.9201e-08 -5.25128e-08 7.06498 7.14512 3.86935 3.91476 7.14512 7.14264 3.91476 3.88937 3.86935 3.91476 -5.25128e-08 -3.1275e-08 3.91476 3.88937 -3.1275e-08 5.40752e-10 15.4878 15.5157 15.2659 15.2919 15.5157 15.5141 15.2919 15.2864 15.2659 15.2919 14.5983 14.6178 15.2919 15.2864 14.6178 14.5992 15.5141 15.4883 15.2864 15.2553 15.4883 15.4483 15.2553 15.2103 15.2864 15.2553 14.5992 14.552 15.2553 15.2103 14.552 14.4919 14.5983 14.6178 13.4775 13.4829 14.6178 14.5992 13.4829 13.4397 13.4775 13.4829 11.8862 11.8659 13.4829 13.4397 11.8659 11.7852 14.5992 14.552 13.4397 13.3648 14.552 14.4919 13.3648 13.2809 13.4397 13.3648 11.7852 11.6735 13.3648 13.2809 11.6735 11.5638 15.4483 15.4042 15.2103 15.1622 15.4042 15.3629 15.1622 15.1182 15.2103 15.1622 14.4919 14.4324 15.1622 15.1182 14.4324 14.3816 15.3629 15.3275 15.1182 15.0814 15.3275 15.2985 15.0814 15.0519 15.1182 15.0814 14.3816 14.342 15.0814 15.0519 14.342 14.3125 14.4919 14.4324 13.2809 13.206 14.4324 14.3816 13.206 13.1485 13.2809 13.206 11.5638 11.4776 13.206 13.1485 11.4776 11.4206 14.3816 14.342 13.1485 13.1087 14.342 14.3125 13.1087 13.0826 13.1485 13.1087 11.4206 11.3879 13.1087 13.0826 11.3879 11.3714 11.8862 11.8659 9.79107 9.73272 11.8659 11.7852 9.73272 9.60814 9.79107 9.73272 7.14264 7.04714 9.73272 9.60814 7.04714 6.89525 11.7852 11.6735 9.60814 9.46308 11.6735 11.5638 9.46308 9.33952 9.60814 9.46308 6.89525 6.74416 9.46308 9.33952 6.74416 6.63473 7.14264 7.04714 3.88937 3.79513 7.04714 6.89525 3.79513 3.67182 3.88937 3.79513 5.40752e-10 3.22917e-08 3.79513 3.67182 3.22917e-08 5.33604e-08 6.89525 6.74416 3.67182 3.56635 6.74416 6.63473 3.56635 3.5033 3.67182 3.56635 5.33604e-08 5.98348e-08 3.56635 3.5033 5.98348e-08 5.49909e-08 11.5638 11.4776 9.33952 9.25704 11.4776 11.4206 9.25704 9.21377 9.33952 9.25704 6.63473 6.57677 9.25704 9.21377 6.57677 6.55819 11.4206 11.3879 9.21377 9.19742 11.3879 11.3714 9.19742 9.19541 9.21377 9.19742 6.55819 6.56103 9.19742 9.19541 6.56103 6.57165 6.63473 6.57677 3.5033 3.48067 6.57677 6.55819 3.48067 3.483 3.5033 3.48067 5.49909e-08 4.4913e-08 3.48067 3.483 4.4913e-08 3.44035e-08 6.55819 6.56103 3.483 3.49509 6.56103 6.57165 3.49509 3.50797 3.483 3.49509 3.44035e-08 2.56911e-08 3.49509 3.50797 2.56911e-08 1.91338e-08 15.2985 15.2749 15.0519 15.0286 15.2749 15.2556 15.0286 15.01 15.0519 15.0286 14.3125 14.2909 15.0286 15.01 14.2909 14.2748 15.2556 15.2398 15.01 14.995 15.2398 15.2266 14.995 14.9827 15.01 14.995 14.2748 14.2626 14.995 14.9827 14.2626 14.2531 14.3125 14.2909 13.0826 13.0661 14.2909 14.2748 13.0661 13.0555 13.0826 13.0661 11.3714 11.3642 13.0661 13.0555 11.3642 11.3616 14.2748 14.2626 13.0555 13.0484 14.2626 14.2531 13.0484 13.0433 13.0555 13.0484 11.3616 11.3611 13.0484 13.0433 11.3611 11.3613 15.2266 15.2155 14.9827 14.9725 15.2155 15.2061 14.9725 14.9636 14.9827 14.9725 14.2531 14.2452 14.9725 14.9636 14.2452 14.2381 15.2061 15.1979 14.9636 14.9558 15.1979 15.1906 14.9558 14.9491 14.9636 14.9558 14.2381 14.2314 14.9558 14.9491 14.2314 14.226 14.2531 14.2452 13.0433 13.039 14.2452 14.2381 13.039 13.0345 13.0433 13.039 11.3613 11.361 13.039 13.0345 11.361 11.3592 14.2381 14.2314 13.0345 13.0292 14.2314 14.226 13.0292 13.0253 13.0345 13.0292 11.3592 11.3551 13.0292 13.0253 11.3551 11.3519 11.3714 11.3642 9.19541 9.19929 11.3642 11.3616 9.19929 9.20476 9.19541 9.19929 6.57165 6.58303 9.19929 9.20476 6.58303 6.59279 11.3616 11.3611 9.20476 9.21008 11.3611 11.3613 9.21008 9.21453 9.20476 9.21008 6.59279 6.60064 9.21008 9.21453 6.60064 6.60674 6.57165 6.58303 3.50797 3.51844 6.58303 6.59279 3.51844 3.5263 3.50797 3.51844 1.91338e-08 1.43159e-08 3.51844 3.5263 1.43159e-08 1.07221e-08 6.59279 6.60064 3.5263 3.53222 6.60064 6.60674 3.53222 3.53673 3.5263 3.53222 1.07221e-08 7.96279e-09 3.53222 3.53673 7.96279e-09 5.78298e-09 11.3613 11.361 9.21453 9.21743 11.361 11.3592 9.21743 9.21764 9.21453 9.21743 6.60674 6.61088 9.21743 9.21764 6.61088 6.61203 11.3592 11.3551 9.21764 9.21382 11.3551 11.3519 9.21382 9.20998 9.21764 9.21382 6.61203 6.60824 9.21382 9.20998 6.60824 6.60184 6.60674 6.61088 3.53673 3.53985 6.61088 6.61203 3.53985 3.5409 3.53673 3.53985 5.78298e-09 4.01821e-09 3.53985 3.5409 4.01821e-09 2.55746e-09 6.61203 6.60824 3.5409 3.53822 6.60824 6.60184 3.53822 3.5287 3.5409 3.53822 2.55746e-09 1.31004e-09 3.53822 3.5287 1.31004e-09 0 0 -1.29217e-09 0 -1.11253e-09 -1.29217e-09 -2.55515e-09 -1.11253e-09 -2.4001e-09 0 -1.11253e-09 0 -9.58387e-10 -1.11253e-09 -2.4001e-09 -9.58387e-10 -2.18192e-09 -2.55515e-09 -4.02656e-09 -2.4001e-09 -3.84047e-09 -4.02656e-09 -5.7943e-09 -3.84047e-09 -5.54743e-09 -2.4001e-09 -3.84047e-09 -2.18192e-09 -3.54048e-09 -3.84047e-09 -5.54743e-09 -3.54048e-09 -5.13613e-09 0 -9.58387e-10 0 -8.23785e-10 -9.58387e-10 -2.18192e-09 -8.23785e-10 -1.91091e-09 0 -8.23785e-10 0 -6.88901e-10 -8.23785e-10 -1.91091e-09 -6.88901e-10 -1.5973e-09 -2.18192e-09 -3.54048e-09 -1.91091e-09 -3.13809e-09 -3.54048e-09 -5.13613e-09 -3.13809e-09 -4.57161e-09 -1.91091e-09 -3.13809e-09 -1.5973e-09 -2.64475e-09 -3.13809e-09 -4.57161e-09 -2.64475e-09 -3.86802e-09 -5.7943e-09 -7.97041e-09 -5.54743e-09 -7.64141e-09 -7.97041e-09 -1.07196e-08 -7.64141e-09 -1.02786e-08 -5.54743e-09 -7.64141e-09 -5.13613e-09 -7.08156e-09 -7.64141e-09 -1.02786e-08 -7.08156e-09 -9.51249e-09 -1.07196e-08 -1.42956e-08 -1.02786e-08 -1.36769e-08 -1.42956e-08 -1.90847e-08 -1.36769e-08 -1.813e-08 -1.02786e-08 -1.36769e-08 -9.51249e-09 -1.25993e-08 -1.36769e-08 -1.813e-08 -1.25993e-08 -1.65439e-08 -5.13613e-09 -7.08156e-09 -4.57161e-09 -6.30688e-09 -7.08156e-09 -9.51249e-09 -6.30688e-09 -8.45238e-09 -4.57161e-09 -6.30688e-09 -3.86802e-09 -5.33822e-09 -6.30688e-09 -8.45238e-09 -5.33822e-09 -7.13459e-09 -9.51249e-09 -1.25993e-08 -8.45238e-09 -1.11293e-08 -1.25993e-08 -1.65439e-08 -1.11293e-08 -1.44601e-08 -8.45238e-09 -1.11293e-08 -7.13459e-09 -9.33373e-09 -1.11293e-08 -1.44601e-08 -9.33373e-09 -1.19961e-08 0 -6.88901e-10 0 -5.44557e-10 -6.88901e-10 -1.5973e-09 -5.44557e-10 -1.24466e-09 0 -5.44557e-10 0 -3.85396e-10 -5.44557e-10 -1.24466e-09 -3.85396e-10 -8.56055e-10 -1.5973e-09 -2.64475e-09 -1.24466e-09 -2.07191e-09 -2.64475e-09 -3.86802e-09 -2.07191e-09 -3.04143e-09 -1.24466e-09 -2.07191e-09 -8.56055e-10 -1.43139e-09 -2.07191e-09 -3.04143e-09 -1.43139e-09 -2.10915e-09 0 -3.85396e-10 0 -2.055e-10 -3.85396e-10 -8.56055e-10 -2.055e-10 -4.37679e-10 0 -2.055e-10 0 0 -2.055e-10 -4.37679e-10 0 0 -8.56055e-10 -1.43139e-09 -4.37679e-10 -7.36027e-10 -1.43139e-09 -2.10915e-09 -7.36027e-10 -1.08919e-09 -4.37679e-10 -7.36027e-10 0 0 -7.36027e-10 -1.08919e-09 0 0 -3.86802e-09 -5.33822e-09 -3.04143e-09 -4.19899e-09 -5.33822e-09 -7.13459e-09 -4.19899e-09 -5.59651e-09 -3.04143e-09 -4.19899e-09 -2.10915e-09 -2.91356e-09 -4.19899e-09 -5.59651e-09 -2.91356e-09 -3.87389e-09 -7.13459e-09 -9.33373e-09 -5.59651e-09 -7.27464e-09 -9.33373e-09 -1.19961e-08 -7.27464e-09 -9.25006e-09 -5.59651e-09 -7.27464e-09 -3.87389e-09 -5.00564e-09 -7.27464e-09 -9.25006e-09 -5.00564e-09 -6.30028e-09 -2.10915e-09 -2.91356e-09 -1.08919e-09 -1.50608e-09 -2.91356e-09 -3.87389e-09 -1.50608e-09 -1.99902e-09 -1.08919e-09 -1.50608e-09 0 0 -1.50608e-09 -1.99902e-09 0 0 -3.87389e-09 -5.00564e-09 -1.99902e-09 -2.57005e-09 -5.00564e-09 -6.30028e-09 -2.57005e-09 -3.20451e-09 -1.99902e-09 -2.57005e-09 0 0 -2.57005e-09 -3.20451e-09 0 0 -1.90847e-08 -2.55964e-08 -1.813e-08 -2.39599e-08 -2.55964e-08 -3.42372e-08 -2.39599e-08 -3.12916e-08 -1.813e-08 -2.39599e-08 -1.65439e-08 -2.15257e-08 -2.39599e-08 -3.12916e-08 -2.15257e-08 -2.75218e-08 -3.42372e-08 -4.46372e-08 -3.12916e-08 -3.95306e-08 -4.46372e-08 -5.4558e-08 -3.95306e-08 -4.66593e-08 -3.12916e-08 -3.95306e-08 -2.75218e-08 -3.39288e-08 -3.95306e-08 -4.66593e-08 -3.39288e-08 -3.90873e-08 -1.65439e-08 -2.15257e-08 -1.44601e-08 -1.85257e-08 -2.15257e-08 -2.75218e-08 -1.85257e-08 -2.32415e-08 -1.44601e-08 -1.85257e-08 -1.19961e-08 -1.51392e-08 -1.85257e-08 -2.32415e-08 -1.51392e-08 -1.86669e-08 -2.75218e-08 -3.39288e-08 -2.32415e-08 -2.80974e-08 -3.39288e-08 -3.90873e-08 -2.80974e-08 -3.18159e-08 -2.32415e-08 -2.80974e-08 -1.86669e-08 -2.21997e-08 -2.80974e-08 -3.18159e-08 -2.21997e-08 -2.48185e-08 -5.4558e-08 -5.9201e-08 -4.66593e-08 -4.89877e-08 -5.9201e-08 -5.25128e-08 -4.89877e-08 -4.23183e-08 -4.66593e-08 -4.89877e-08 -3.90873e-08 -4.01748e-08 -4.89877e-08 -4.23183e-08 -4.01748e-08 -3.41377e-08 -5.25128e-08 -3.1275e-08 -4.23183e-08 -2.47726e-08 -3.1275e-08 5.40752e-10 -2.47726e-08 4.56012e-10 -4.23183e-08 -2.47726e-08 -3.41377e-08 -1.97704e-08 -2.47726e-08 4.56012e-10 -1.97704e-08 3.77139e-10 -3.90873e-08 -4.01748e-08 -3.18159e-08 -3.22644e-08 -4.01748e-08 -3.41377e-08 -3.22644e-08 -2.71558e-08 -3.18159e-08 -3.22644e-08 -2.48185e-08 -2.49594e-08 -3.22644e-08 -2.71558e-08 -2.49594e-08 -2.0907e-08 -3.41377e-08 -1.97704e-08 -2.71558e-08 -1.56339e-08 -1.97704e-08 3.77139e-10 -1.56339e-08 3.03861e-10 -2.71558e-08 -1.56339e-08 -2.0907e-08 -1.20062e-08 -1.56339e-08 3.03861e-10 -1.20062e-08 2.35562e-10 -1.19961e-08 -1.51392e-08 -9.25006e-09 -1.15043e-08 -1.51392e-08 -1.86669e-08 -1.15043e-08 -1.39539e-08 -9.25006e-09 -1.15043e-08 -6.30028e-09 -7.72446e-09 -1.15043e-08 -1.39539e-08 -7.72446e-09 -9.21725e-09 -1.86669e-08 -2.21997e-08 -1.39539e-08 -1.63506e-08 -2.21997e-08 -2.48185e-08 -1.63506e-08 -1.80914e-08 -1.39539e-08 -1.63506e-08 -9.21725e-09 -1.06428e-08 -1.63506e-08 -1.80914e-08 -1.06428e-08 -1.16627e-08 -6.30028e-09 -7.72446e-09 -3.20451e-09 -3.87388e-09 -7.72446e-09 -9.21725e-09 -3.87388e-09 -4.54391e-09 -3.20451e-09 -3.87388e-09 0 0 -3.87388e-09 -4.54391e-09 0 0 -9.21725e-09 -1.06428e-08 -4.54391e-09 -5.16258e-09 -1.06428e-08 -1.16627e-08 -5.16258e-09 -5.59711e-09 -4.54391e-09 -5.16258e-09 0 0 -5.16258e-09 -5.59711e-09 0 0 -2.48185e-08 -2.49594e-08 -1.80914e-08 -1.80981e-08 -2.49594e-08 -2.0907e-08 -1.80981e-08 -1.51332e-08 -1.80914e-08 -1.80981e-08 -1.16627e-08 -1.16223e-08 -1.80981e-08 -1.51332e-08 -1.16223e-08 -9.71912e-09 -2.0907e-08 -1.20062e-08 -1.51332e-08 -8.68848e-09 -1.20062e-08 2.35562e-10 -8.68848e-09 1.71566e-10 -1.51332e-08 -8.68848e-09 -9.71912e-09 -5.58719e-09 -8.68848e-09 1.71566e-10 -5.58719e-09 1.11265e-10 -1.16627e-08 -1.16223e-08 -5.59711e-09 -5.55738e-09 -1.16223e-08 -9.71912e-09 -5.55738e-09 -4.65299e-09 -5.59711e-09 -5.55738e-09 0 0 -5.55738e-09 -4.65299e-09 0 0 -9.71912e-09 -5.58719e-09 -4.65299e-09 -2.68135e-09 -5.58719e-09 1.11265e-10 -2.68135e-09 5.41843e-11 -4.65299e-09 -2.68135e-09 0 0 -2.68135e-09 5.41843e-11 0 0 5.40752e-10 3.22917e-08 4.56012e-10 2.56317e-08 3.22917e-08 5.33604e-08 2.56317e-08 4.30397e-08 4.56012e-10 2.56317e-08 3.77139e-10 2.04826e-08 2.56317e-08 4.30397e-08 2.04826e-08 3.47402e-08 5.33604e-08 5.98348e-08 4.30397e-08 4.95351e-08 5.98348e-08 5.49909e-08 4.95351e-08 4.70411e-08 4.30397e-08 4.95351e-08 3.47402e-08 4.06377e-08 4.95351e-08 4.70411e-08 4.06377e-08 3.94154e-08 3.77139e-10 2.04826e-08 3.03861e-10 1.62089e-08 2.04826e-08 3.47402e-08 1.62089e-08 2.76454e-08 3.03861e-10 1.62089e-08 2.35562e-10 1.24528e-08 1.62089e-08 2.76454e-08 1.24528e-08 2.12892e-08 3.47402e-08 4.06377e-08 2.76454e-08 3.26444e-08 4.06377e-08 3.94154e-08 3.26444e-08 3.20887e-08 2.76454e-08 3.26444e-08 2.12892e-08 2.52583e-08 3.26444e-08 3.20887e-08 2.52583e-08 2.5035e-08 5.49909e-08 4.4913e-08 4.70411e-08 3.97795e-08 4.4913e-08 3.44035e-08 3.97795e-08 3.14446e-08 4.70411e-08 3.97795e-08 3.94154e-08 3.41463e-08 3.97795e-08 3.14446e-08 3.41463e-08 2.76574e-08 3.44035e-08 2.56911e-08 3.14446e-08 2.40482e-08 2.56911e-08 1.91338e-08 2.40482e-08 1.81761e-08 3.14446e-08 2.40482e-08 2.76574e-08 2.16045e-08 2.40482e-08 1.81761e-08 2.16045e-08 1.65848e-08 3.94154e-08 3.41463e-08 3.20887e-08 2.82804e-08 3.41463e-08 2.76574e-08 2.82804e-08 2.33565e-08 3.20887e-08 2.82804e-08 2.5035e-08 2.23462e-08 2.82804e-08 2.33565e-08 2.23462e-08 1.87594e-08 2.76574e-08 2.16045e-08 2.33565e-08 1.85926e-08 2.16045e-08 1.65848e-08 1.85926e-08 1.44945e-08 2.33565e-08 1.85926e-08 1.87594e-08 1.51928e-08 1.85926e-08 1.44945e-08 1.51928e-08 1.2023e-08 2.35562e-10 1.24528e-08 1.71566e-10 9.01411e-09 1.24528e-08 2.12892e-08 9.01411e-09 1.54128e-08 1.71566e-10 9.01411e-09 1.11265e-10 5.79847e-09 9.01411e-09 1.54128e-08 5.79847e-09 9.90085e-09 2.12892e-08 2.52583e-08 1.54128e-08 1.83179e-08 2.52583e-08 2.5035e-08 1.83179e-08 1.82516e-08 1.54128e-08 1.83179e-08 9.90085e-09 1.17656e-08 1.83179e-08 1.82516e-08 1.17656e-08 1.17676e-08 1.11265e-10 5.79847e-09 5.41843e-11 2.78421e-09 5.79847e-09 9.90085e-09 2.78421e-09 4.74144e-09 5.41843e-11 2.78421e-09 0 0 2.78421e-09 4.74144e-09 0 0 9.90085e-09 1.17656e-08 4.74144e-09 5.6272e-09 1.17656e-08 1.17676e-08 5.6272e-09 5.64834e-09 4.74144e-09 5.6272e-09 0 0 5.6272e-09 5.64834e-09 0 0 2.5035e-08 2.23462e-08 1.82516e-08 1.64596e-08 2.23462e-08 1.87594e-08 1.64596e-08 1.40228e-08 1.82516e-08 1.64596e-08 1.17676e-08 1.07144e-08 1.64596e-08 1.40228e-08 1.07144e-08 9.26238e-09 1.87594e-08 1.51928e-08 1.40228e-08 1.15438e-08 1.51928e-08 1.2023e-08 1.15438e-08 9.26926e-09 1.40228e-08 1.15438e-08 9.26238e-09 7.74995e-09 1.15438e-08 9.26926e-09 7.74995e-09 6.31202e-09 1.17676e-08 1.07144e-08 5.64834e-09 5.1976e-09 1.07144e-08 9.26238e-09 5.1976e-09 4.56587e-09 5.64834e-09 5.1976e-09 0 0 5.1976e-09 4.56587e-09 0 0 9.26238e-09 7.74995e-09 4.56587e-09 3.88598e-09 7.74995e-09 6.31202e-09 3.88598e-09 3.20964e-09 4.56587e-09 3.88598e-09 0 0 3.88598e-09 3.20964e-09 0 0 1.91338e-08 1.43159e-08 1.81761e-08 1.3696e-08 1.43159e-08 1.07221e-08 1.3696e-08 1.02809e-08 1.81761e-08 1.3696e-08 1.65848e-08 1.26158e-08 1.3696e-08 1.02809e-08 1.26158e-08 9.51383e-09 1.07221e-08 7.96279e-09 1.02809e-08 7.63418e-09 7.96279e-09 5.78298e-09 7.63418e-09 5.53628e-09 1.02809e-08 7.63418e-09 9.51383e-09 7.07407e-09 7.63418e-09 5.53628e-09 7.07407e-09 5.12432e-09 1.65848e-08 1.26158e-08 1.44945e-08 1.11425e-08 1.26158e-08 9.51383e-09 1.11425e-08 8.45231e-09 1.44945e-08 1.11425e-08 1.2023e-08 9.3432e-09 1.11425e-08 8.45231e-09 9.3432e-09 7.13304e-09 9.51383e-09 7.07407e-09 8.45231e-09 6.29887e-09 7.07407e-09 5.12432e-09 6.29887e-09 4.559e-09 8.45231e-09 6.29887e-09 7.13304e-09 5.32986e-09 6.29887e-09 4.559e-09 5.32986e-09 3.85508e-09 5.78298e-09 4.01821e-09 5.53628e-09 3.83032e-09 4.01821e-09 2.55746e-09 3.83032e-09 2.39497e-09 5.53628e-09 3.83032e-09 5.12432e-09 3.52757e-09 3.83032e-09 2.39497e-09 3.52757e-09 2.16986e-09 2.55746e-09 1.31004e-09 2.39497e-09 1.11211e-09 1.31004e-09 0 1.11211e-09 0 2.39497e-09 1.11211e-09 2.16986e-09 9.46725e-10 1.11211e-09 0 9.46725e-10 0 5.12432e-09 3.52757e-09 4.559e-09 3.12264e-09 3.52757e-09 2.16986e-09 3.12264e-09 1.89334e-09 4.559e-09 3.12264e-09 3.85508e-09 2.62784e-09 3.12264e-09 1.89334e-09 2.62784e-09 1.57664e-09 2.16986e-09 9.46725e-10 1.89334e-09 8.06599e-10 9.46725e-10 0 8.06599e-10 0 1.89334e-09 8.06599e-10 1.57664e-09 6.69334e-10 8.06599e-10 0 6.69334e-10 0 1.2023e-08 9.3432e-09 9.26926e-09 7.28044e-09 9.3432e-09 7.13304e-09 7.28044e-09 5.59383e-09 9.26926e-09 7.28044e-09 6.31202e-09 5.0083e-09 7.28044e-09 5.59383e-09 5.0083e-09 3.87081e-09 7.13304e-09 5.32986e-09 5.59383e-09 4.19089e-09 5.32986e-09 3.85508e-09 4.19089e-09 3.02921e-09 5.59383e-09 4.19089e-09 3.87081e-09 2.90673e-09 4.19089e-09 3.02921e-09 2.90673e-09 2.09913e-09 6.31202e-09 5.0083e-09 3.20964e-09 2.57061e-09 5.0083e-09 3.87081e-09 2.57061e-09 1.99671e-09 3.20964e-09 2.57061e-09 0 0 2.57061e-09 1.99671e-09 0 0 3.87081e-09 2.90673e-09 1.99671e-09 1.50186e-09 2.90673e-09 2.09913e-09 1.50186e-09 1.08319e-09 1.99671e-09 1.50186e-09 0 0 1.50186e-09 1.08319e-09 0 0 3.85508e-09 2.62784e-09 3.02921e-09 2.05535e-09 2.62784e-09 1.57664e-09 2.05535e-09 1.22372e-09 3.02921e-09 2.05535e-09 2.09913e-09 1.41756e-09 2.05535e-09 1.22372e-09 1.41756e-09 8.38063e-10 1.57664e-09 6.69334e-10 1.22372e-09 5.24833e-10 6.69334e-10 0 5.24833e-10 0 1.22372e-09 5.24833e-10 8.38063e-10 3.67825e-10 5.24833e-10 0 3.67825e-10 0 2.09913e-09 1.41756e-09 1.08319e-09 7.2764e-10 1.41756e-09 8.38063e-10 7.2764e-10 4.26419e-10 1.08319e-09 7.2764e-10 0 0 7.2764e-10 4.26419e-10 0 0 8.38063e-10 3.67825e-10 4.26419e-10 1.93586e-10 3.67825e-10 0 1.93586e-10 0 4.26419e-10 1.93586e-10 0 0 1.93586e-10 0 0 0 
SCALARS y_velo double 1
LOOKUP_TABLE default
0 0 0 -8.7745e-11 0 0 -8.7745e-11 -7.37488e-11 0 -8.7745e-11 0 -1.08263e-10 -8.7745e-11 -7.37488e-11 -1.08263e-10 -5.91502e-11 0 0 -7.37488e-11 -7.10173e-11 0 0 -7.10173e-11 -8.16972e-11 -7.37488e-11 -7.10173e-11 -5.91502e-11 -3.75488e-11 -7.10173e-11 -8.16972e-11 -3.75488e-11 -4.04161e-11 0 -1.08263e-10 0 -5.63742e-11 -1.08263e-10 -5.91502e-11 -5.63742e-11 3.89726e-11 0 -5.63742e-11 0 6.23043e-11 -5.63742e-11 3.89726e-11 6.23043e-11 2.1436e-10 -5.91502e-11 -3.75488e-11 3.89726e-11 9.11334e-11 -3.75488e-11 -4.04161e-11 9.11334e-11 1.13496e-10 3.89726e-11 9.11334e-11 2.1436e-10 3.04196e-10 9.11334e-11 1.13496e-10 3.04196e-10 3.67777e-10 0 0 -8.16972e-11 -1.04015e-10 0 0 -1.04015e-10 -1.39452e-10 -8.16972e-11 -1.04015e-10 -4.04161e-11 -6.1063e-11 -1.04015e-10 -1.39452e-10 -6.1063e-11 -1.03396e-10 0 0 -1.39452e-10 -1.88472e-10 0 0 -1.88472e-10 -2.4165e-10 -1.39452e-10 -1.88472e-10 -1.03396e-10 -1.71145e-10 -1.88472e-10 -2.4165e-10 -1.71145e-10 -2.46008e-10 -4.04161e-11 -6.1063e-11 1.13496e-10 1.1886e-10 -6.1063e-11 -1.03396e-10 1.1886e-10 1.01003e-10 1.13496e-10 1.1886e-10 3.67777e-10 4.23593e-10 1.1886e-10 1.01003e-10 4.23593e-10 4.64253e-10 -1.03396e-10 -1.71145e-10 1.01003e-10 5.26984e-11 -1.71145e-10 -2.46008e-10 5.26984e-11 2.33867e-12 1.01003e-10 5.26984e-11 4.64253e-10 4.81045e-10 5.26984e-11 2.33867e-12 4.81045e-10 5.15007e-10 0 6.23043e-11 0 2.43657e-10 6.23043e-11 2.1436e-10 2.43657e-10 4.56832e-10 0 2.43657e-10 0 4.86177e-10 2.43657e-10 4.56832e-10 4.86177e-10 7.51314e-10 2.1436e-10 3.04196e-10 4.56832e-10 5.88629e-10 3.04196e-10 3.67777e-10 5.88629e-10 7.08075e-10 4.56832e-10 5.88629e-10 7.51314e-10 9.29359e-10 5.88629e-10 7.08075e-10 9.29359e-10 1.1179e-09 0 4.86177e-10 0 7.85704e-10 4.86177e-10 7.51314e-10 7.85704e-10 1.0776e-09 0 7.85704e-10 0 1.08119e-09 7.85704e-10 1.0776e-09 1.08119e-09 1.41838e-09 7.51314e-10 9.29359e-10 1.0776e-09 1.30972e-09 9.29359e-10 1.1179e-09 1.30972e-09 1.5788e-09 1.0776e-09 1.30972e-09 1.41838e-09 1.71276e-09 1.30972e-09 1.5788e-09 1.71276e-09 2.07056e-09 3.67777e-10 4.23593e-10 7.08075e-10 8.38076e-10 4.23593e-10 4.64253e-10 8.38076e-10 9.72591e-10 7.08075e-10 8.38076e-10 1.1179e-09 1.34372e-09 8.38076e-10 9.72591e-10 1.34372e-09 1.60618e-09 4.64253e-10 4.81045e-10 9.72591e-10 1.10584e-09 4.81045e-10 5.15007e-10 1.10584e-09 1.29613e-09 9.72591e-10 1.10584e-09 1.60618e-09 1.90955e-09 1.10584e-09 1.29613e-09 1.90955e-09 2.33774e-09 1.1179e-09 1.34372e-09 1.5788e-09 1.91794e-09 1.34372e-09 1.60618e-09 1.91794e-09 2.33741e-09 1.5788e-09 1.91794e-09 2.07056e-09 2.53376e-09 1.91794e-09 2.33741e-09 2.53376e-09 3.12915e-09 1.60618e-09 1.90955e-09 2.33741e-09 2.86131e-09 1.90955e-09 2.33774e-09 2.86131e-09 3.61335e-09 2.33741e-09 2.86131e-09 3.12915e-09 3.91235e-09 2.86131e-09 3.61335e-09 3.91235e-09 5.06899e-09 0 0 -2.4165e-10 -2.67276e-10 0 0 -2.67276e-10 -2.03062e-10 -2.4165e-10 -2.67276e-10 -2.46008e-10 -2.52977e-10 -2.67276e-10 -2.03062e-10 -2.52977e-10 -2.8319e-11 0 0 -2.03062e-10 3.18472e-11 0 0 3.18472e-11 4.93369e-10 -2.03062e-10 3.18472e-11 -2.8319e-11 6.65382e-10 3.18472e-11 4.93369e-10 6.65382e-10 2.02976e-09 -2.46008e-10 -2.52977e-10 2.33867e-12 7.72421e-11 -2.52977e-10 -2.8319e-11 7.72421e-11 5.72214e-10 2.33867e-12 7.72421e-11 5.15007e-10 7.52097e-10 7.72421e-11 5.72214e-10 7.52097e-10 1.63919e-09 -2.8319e-11 6.65382e-10 5.72214e-10 1.94414e-09 6.65382e-10 2.02976e-09 1.94414e-09 4.62596e-09 5.72214e-10 1.94414e-09 1.63919e-09 3.90475e-09 1.94414e-09 4.62596e-09 3.90475e-09 8.29585e-09 0 0 4.93369e-10 1.15466e-09 0 0 1.15466e-09 1.8786e-09 4.93369e-10 1.15466e-09 2.02976e-09 4.04499e-09 1.15466e-09 1.8786e-09 4.04499e-09 6.32793e-09 0 0 1.8786e-09 2.45133e-09 0 0 2.45133e-09 2.67052e-09 1.8786e-09 2.45133e-09 6.32793e-09 8.18327e-09 2.45133e-09 2.67052e-09 8.18327e-09 8.90437e-09 2.02976e-09 4.04499e-09 4.62596e-09 8.65176e-09 4.04499e-09 6.32793e-09 8.65176e-09 1.33044e-08 4.62596e-09 8.65176e-09 8.29585e-09 1.49594e-08 8.65176e-09 1.33044e-08 1.49594e-08 2.27737e-08 6.32793e-09 8.18327e-09 1.33044e-08 1.71464e-08 8.18327e-09 8.90437e-09 1.71464e-08 1.86533e-08 1.33044e-08 1.71464e-08 2.27737e-08 2.93034e-08 1.71464e-08 1.86533e-08 2.93034e-08 3.18819e-08 5.15007e-10 7.52097e-10 1.29613e-09 1.79335e-09 7.52097e-10 1.63919e-09 1.79335e-09 3.21044e-09 1.29613e-09 1.79335e-09 2.33774e-09 3.21247e-09 1.79335e-09 3.21044e-09 3.21247e-09 5.3237e-09 1.63919e-09 3.90475e-09 3.21044e-09 6.5882e-09 3.90475e-09 8.29585e-09 6.5882e-09 1.30639e-08 3.21044e-09 6.5882e-09 5.3237e-09 1.00527e-08 6.5882e-09 1.30639e-08 1.00527e-08 1.89854e-08 2.33774e-09 3.21247e-09 3.61335e-09 5.00378e-09 3.21247e-09 5.3237e-09 5.00378e-09 8.01612e-09 3.61335e-09 5.00378e-09 5.06899e-09 7.13281e-09 5.00378e-09 8.01612e-09 7.13281e-09 1.13203e-08 5.3237e-09 1.00527e-08 8.01612e-09 1.43891e-08 1.00527e-08 1.89854e-08 1.43891e-08 2.6179e-08 8.01612e-09 1.43891e-08 1.13203e-08 1.97424e-08 1.43891e-08 2.6179e-08 1.97424e-08 3.48787e-08 8.29585e-09 1.49594e-08 1.30639e-08 2.29633e-08 1.49594e-08 2.27737e-08 2.29633e-08 3.4706e-08 1.30639e-08 2.29633e-08 1.89854e-08 3.26853e-08 2.29633e-08 3.4706e-08 3.26853e-08 4.90727e-08 2.27737e-08 2.93034e-08 3.4706e-08 4.46127e-08 2.93034e-08 3.18819e-08 4.46127e-08 4.85464e-08 3.4706e-08 4.46127e-08 4.90727e-08 6.30032e-08 4.46127e-08 4.85464e-08 6.30032e-08 6.856e-08 1.89854e-08 3.26853e-08 2.6179e-08 4.42036e-08 3.26853e-08 4.90727e-08 4.42036e-08 6.58452e-08 2.6179e-08 4.42036e-08 3.48787e-08 5.77038e-08 4.42036e-08 6.58452e-08 5.77038e-08 8.49924e-08 4.90727e-08 6.30032e-08 6.58452e-08 8.43341e-08 6.30032e-08 6.856e-08 8.43341e-08 9.1735e-08 6.58452e-08 8.43341e-08 8.49924e-08 1.08324e-07 8.43341e-08 9.1735e-08 1.08324e-07 1.17683e-07 0 0 2.67052e-09 2.45178e-09 0 0 2.45178e-09 1.88008e-09 2.67052e-09 2.45178e-09 8.90437e-09 8.18774e-09 2.45178e-09 1.88008e-09 8.18774e-09 6.33659e-09 0 0 1.88008e-09 1.15782e-09 0 0 1.15782e-09 4.98514e-10 1.88008e-09 1.15782e-09 6.33659e-09 4.05744e-09 1.15782e-09 4.98514e-10 4.05744e-09 2.04565e-09 8.90437e-09 8.18774e-09 1.86533e-08 1.71588e-08 8.18774e-09 6.33659e-09 1.71588e-08 1.33266e-08 1.86533e-08 1.71588e-08 3.18819e-08 2.93282e-08 1.71588e-08 1.33266e-08 2.93282e-08 2.28166e-08 6.33659e-09 4.05744e-09 1.33266e-08 8.68048e-09 4.05744e-09 2.04565e-09 8.68048e-09 4.65889e-09 1.33266e-08 8.68048e-09 2.28166e-08 1.50122e-08 8.68048e-09 4.65889e-09 1.50122e-08 8.3527e-09 0 0 4.98514e-10 3.89634e-11 0 0 3.89634e-11 -1.94111e-10 4.98514e-10 3.89634e-11 2.04565e-09 6.84379e-10 3.89634e-11 -1.94111e-10 6.84379e-10 -6.51755e-12 0 0 -1.94111e-10 -2.56611e-10 0 0 -2.56611e-10 -2.29358e-10 -1.94111e-10 -2.56611e-10 -6.51755e-12 -2.28612e-10 -2.56611e-10 -2.29358e-10 -2.28612e-10 -2.19223e-10 2.04565e-09 6.84379e-10 4.65889e-09 1.98017e-09 6.84379e-10 -6.51755e-12 1.98017e-09 6.10844e-10 4.65889e-09 1.98017e-09 8.3527e-09 3.96327e-09 1.98017e-09 6.10844e-10 3.96327e-09 1.6987e-09 -6.51755e-12 -2.28612e-10 6.10844e-10 1.18261e-10 -2.28612e-10 -2.19223e-10 1.18261e-10 4.57102e-11 6.10844e-10 1.18261e-10 1.6987e-09 8.12663e-10 1.18261e-10 4.57102e-11 8.12663e-10 5.7696e-10 3.18819e-08 2.93282e-08 4.85464e-08 4.46549e-08 2.93282e-08 2.28166e-08 4.46549e-08 3.47777e-08 4.85464e-08 4.46549e-08 6.856e-08 6.30685e-08 4.46549e-08 3.47777e-08 6.30685e-08 4.9182e-08 2.28166e-08 1.50122e-08 3.47777e-08 2.30486e-08 1.50122e-08 8.3527e-09 2.30486e-08 1.31521e-08 3.47777e-08 2.30486e-08 4.9182e-08 3.28124e-08 2.30486e-08 1.31521e-08 3.28124e-08 1.91129e-08 6.856e-08 6.30685e-08 9.1735e-08 8.4429e-08 6.30685e-08 4.9182e-08 8.4429e-08 6.60023e-08 9.1735e-08 8.4429e-08 1.17683e-07 1.08456e-07 8.4429e-08 6.60023e-08 1.08456e-07 8.52086e-08 4.9182e-08 3.28124e-08 6.60023e-08 4.43829e-08 3.28124e-08 1.91129e-08 4.43829e-08 2.63542e-08 6.60023e-08 4.43829e-08 8.52086e-08 5.79466e-08 4.43829e-08 2.63542e-08 5.79466e-08 3.51107e-08 8.3527e-09 3.96327e-09 1.31521e-08 6.67492e-09 3.96327e-09 1.6987e-09 6.67492e-09 3.29493e-09 1.31521e-08 6.67492e-09 1.91129e-08 1.01735e-08 6.67492e-09 3.29493e-09 1.01735e-08 5.43727e-09 1.6987e-09 8.12663e-10 3.29493e-09 1.87628e-09 8.12663e-10 5.7696e-10 1.87628e-09 1.37857e-09 3.29493e-09 1.87628e-09 5.43727e-09 3.32052e-09 1.87628e-09 1.37857e-09 3.32052e-09 2.44246e-09 1.91129e-08 1.01735e-08 2.63542e-08 1.45502e-08 1.01735e-08 5.43727e-09 1.45502e-08 8.16284e-09 2.63542e-08 1.45502e-08 3.51107e-08 1.99499e-08 1.45502e-08 8.16284e-09 1.99499e-08 1.1504e-08 5.43727e-09 3.32052e-09 8.16284e-09 5.13955e-09 3.32052e-09 2.44246e-09 5.13955e-09 3.74205e-09 8.16284e-09 5.13955e-09 1.1504e-08 7.29873e-09 5.13955e-09 3.74205e-09 7.29873e-09 5.22319e-09 0 0 -2.29358e-10 -1.74636e-10 0 0 -1.74636e-10 -1.24175e-10 -2.29358e-10 -1.74636e-10 -2.19223e-10 -1.42014e-10 -1.74636e-10 -1.24175e-10 -1.42014e-10 -7.1962e-11 0 0 -1.24175e-10 -8.74198e-11 0 0 -8.74198e-11 -6.40091e-11 -1.24175e-10 -8.74198e-11 -7.1962e-11 -2.73653e-11 -8.74198e-11 -6.40091e-11 -2.73653e-11 -4.66693e-12 -2.19223e-10 -1.42014e-10 4.57102e-11 9.85056e-11 -1.42014e-10 -7.1962e-11 9.85056e-11 1.49402e-10 4.57102e-11 9.85056e-11 5.7696e-10 5.44827e-10 9.85056e-11 1.49402e-10 5.44827e-10 5.3035e-10 -7.1962e-11 -2.73653e-11 1.49402e-10 1.70038e-10 -2.73653e-11 -4.66693e-12 1.70038e-10 1.67416e-10 1.49402e-10 1.70038e-10 5.3035e-10 4.92517e-10 1.70038e-10 1.67416e-10 4.92517e-10 4.39767e-10 0 0 -6.40091e-11 -5.28472e-11 0 0 -5.28472e-11 -5.66472e-11 -6.40091e-11 -5.28472e-11 -4.66693e-12 -7.72679e-13 -5.28472e-11 -5.66472e-11 -7.72679e-13 -2.46243e-11 0 0 -5.66472e-11 -7.46469e-11 0 0 -7.46469e-11 0 -5.66472e-11 -7.46469e-11 -2.46243e-11 -8.31305e-11 -7.46469e-11 0 -8.31305e-11 0 -4.66693e-12 -7.72679e-13 1.67416e-10 1.46538e-10 -7.72679e-13 -2.46243e-11 1.46538e-10 9.09016e-11 1.67416e-10 1.46538e-10 4.39767e-10 3.77936e-10 1.46538e-10 9.09016e-11 3.77936e-10 2.83536e-10 -2.46243e-11 -8.31305e-11 9.09016e-11 -2.01191e-11 -8.31305e-11 0 -2.01191e-11 0 9.09016e-11 -2.01191e-11 2.83536e-10 1.09762e-10 -2.01191e-11 0 1.09762e-10 0 5.7696e-10 5.44827e-10 1.37857e-09 1.18882e-09 5.44827e-10 5.3035e-10 1.18882e-09 1.05706e-09 1.37857e-09 1.18882e-09 2.44246e-09 2.01287e-09 1.18882e-09 1.05706e-09 2.01287e-09 1.70967e-09 5.3035e-10 4.92517e-10 1.05706e-09 9.2494e-10 4.92517e-10 4.39767e-10 9.2494e-10 7.97888e-10 1.05706e-09 9.2494e-10 1.70967e-09 1.44869e-09 9.2494e-10 7.97888e-10 1.44869e-09 1.22522e-09 2.44246e-09 2.01287e-09 3.74205e-09 2.98606e-09 2.01287e-09 1.70967e-09 2.98606e-09 2.46054e-09 3.74205e-09 2.98606e-09 5.22319e-09 4.0595e-09 2.98606e-09 2.46054e-09 4.0595e-09 3.27253e-09 1.70967e-09 1.44869e-09 2.46054e-09 2.04123e-09 1.44869e-09 1.22522e-09 2.04123e-09 1.70333e-09 2.46054e-09 2.04123e-09 3.27253e-09 2.67562e-09 2.04123e-09 1.70333e-09 2.67562e-09 2.21214e-09 4.39767e-10 3.77936e-10 7.97888e-10 6.80163e-10 3.77936e-10 2.83536e-10 6.80163e-10 5.43014e-10 7.97888e-10 6.80163e-10 1.22522e-09 1.03796e-09 6.80163e-10 5.43014e-10 1.03796e-09 8.53948e-10 2.83536e-10 1.09762e-10 5.43014e-10 3.03267e-10 1.09762e-10 0 3.03267e-10 0 5.43014e-10 3.03267e-10 8.53948e-10 5.59663e-10 3.03267e-10 0 5.59663e-10 0 1.22522e-09 1.03796e-09 1.70333e-09 1.43453e-09 1.03796e-09 8.53948e-10 1.43453e-09 1.1955e-09 1.70333e-09 1.43453e-09 2.21214e-09 1.85296e-09 1.43453e-09 1.1955e-09 1.85296e-09 1.54994e-09 8.53948e-10 5.59663e-10 1.1955e-09 8.74939e-10 5.59663e-10 0 8.74939e-10 0 1.1955e-09 8.74939e-10 1.54994e-09 1.18305e-09 8.74939e-10 0 1.18305e-09 0 0 1.08119e-09 0 -0.00336806 1.08119e-09 1.41838e-09 -0.00336806 -0.00114505 0 -0.00336806 0 -0.0058436 -0.00336806 -0.00114505 -0.0058436 -0.00301383 1.41838e-09 1.71276e-09 -0.00114505 0.000506256 1.71276e-09 2.07056e-09 0.000506256 0.00153124 -0.00114505 0.000506256 -0.00301383 -0.000421665 0.000506256 0.00153124 -0.000421665 0.0014226 0 -0.0058436 0 -0.00472422 -0.0058436 -0.00301383 -0.00472422 -0.00357211 0 -0.00472422 0 -0.00323425 -0.00472422 -0.00357211 -0.00323425 -0.00311755 -0.00301383 -0.000421665 -0.00357211 -0.00127543 -0.000421665 0.0014226 -0.00127543 0.000758088 -0.00357211 -0.00127543 -0.00311755 -0.00153685 -0.00127543 0.000758088 -0.00153685 0.000207003 2.07056e-09 2.53376e-09 0.00153124 0.00221245 2.53376e-09 3.12915e-09 0.00221245 0.00283592 0.00153124 0.00221245 0.0014226 0.00275509 0.00221245 0.00283592 0.00275509 0.00397164 3.12915e-09 3.91235e-09 0.00283592 0.00374577 3.91235e-09 5.06899e-09 0.00374577 0.00561746 0.00283592 0.00374577 0.00397164 0.0056165 0.00374577 0.00561746 0.0056165 0.00866545 0.0014226 0.00275509 0.000758088 0.0024125 0.00275509 0.00397164 0.0024125 0.00399038 0.000758088 0.0024125 0.000207003 0.00180402 0.0024125 0.00399038 0.00180402 0.00342633 0.00397164 0.0056165 0.00399038 0.00606435 0.0056165 0.00866545 0.00606435 0.00965543 0.00399038 0.00606435 0.00342633 0.00557002 0.00606435 0.00965543 0.00557002 0.00914723 0 -0.00323425 0 -0.00210005 -0.00323425 -0.00311755 -0.00210005 -0.00229133 0 -0.00210005 0 -0.00126449 -0.00210005 -0.00229133 -0.00126449 -0.00146544 -0.00311755 -0.00153685 -0.00229133 -0.00131907 -0.00153685 0.000207003 -0.00131907 -4.20649e-05 -0.00229133 -0.00131907 -0.00146544 -0.000905299 -0.00131907 -4.20649e-05 -0.000905299 -8.63828e-05 0 -0.00126449 0 -0.000595788 -0.00126449 -0.00146544 -0.000595788 -0.000710741 0 -0.000595788 0 1.29831e-14 -0.000595788 -0.000710741 1.29831e-14 2.71788e-14 -0.00146544 -0.000905299 -0.000710741 -0.000451955 -0.000905299 -8.63828e-05 -0.000451955 -5.19433e-05 -0.000710741 -0.000451955 2.71788e-14 3.92907e-14 -0.000451955 -5.19433e-05 3.92907e-14 5.23906e-14 0.000207003 0.00180402 -4.20649e-05 0.00124584 0.00180402 0.00342633 0.00124584 0.00263832 -4.20649e-05 0.00124584 -8.63828e-05 0.000790912 0.00124584 0.00263832 0.000790912 0.00178403 0.00342633 0.00557002 0.00263832 0.00451858 0.00557002 0.00914723 0.00451858 0.00760907 0.00263832 0.00451858 0.00178403 0.00315614 0.00451858 0.00760907 0.00315614 0.00540366 -8.63828e-05 0.000790912 -5.19433e-05 0.000389213 0.000790912 0.00178403 0.000389213 0.000901289 -5.19433e-05 0.000389213 5.23906e-14 6.83542e-14 0.000389213 0.000901289 6.83542e-14 7.62428e-14 0.00178403 0.00315614 0.000901289 0.00161971 0.00315614 0.00540366 0.00161971 0.00279721 0.000901289 0.00161971 7.62428e-14 8.21074e-14 0.00161971 0.00279721 8.21074e-14 8.22584e-14 5.06899e-09 7.13281e-09 0.00561746 0.00984858 7.13281e-09 1.13203e-08 0.00984858 0.0187495 0.00561746 0.00984858 0.00866545 0.0149295 0.00984858 0.0187495 0.0149295 0.0271657 1.13203e-08 1.97424e-08 0.0187495 0.0347107 1.97424e-08 3.48787e-08 0.0347107 0.0573863 0.0187495 0.0347107 0.0271657 0.0480097 0.0347107 0.0573863 0.0480097 0.0768276 0.00866545 0.0149295 0.00965543 0.0165137 0.0149295 0.0271657 0.0165137 0.0290913 0.00965543 0.0165137 0.00914723 0.0156398 0.0165137 0.0290913 0.0156398 0.0269683 0.0271657 0.0480097 0.0290913 0.0494894 0.0480097 0.0768276 0.0494894 0.0767913 0.0290913 0.0494894 0.0269683 0.0445605 0.0494894 0.0767913 0.0445605 0.0673161 3.48787e-08 5.77038e-08 0.0573863 0.0795352 5.77038e-08 8.49924e-08 0.0795352 0.086176 0.0573863 0.0795352 0.0768276 0.105326 0.0795352 0.086176 0.105326 0.11666 8.49924e-08 1.08324e-07 0.086176 0.0637412 1.08324e-07 1.17683e-07 0.0637412 0.0155388 0.086176 0.0637412 0.11666 0.0945147 0.0637412 0.0155388 0.0945147 0.0392389 0.0768276 0.105326 0.0767913 0.103659 0.105326 0.11666 0.103659 0.115872 0.0767913 0.103659 0.0673161 0.0892916 0.103659 0.115872 0.0892916 0.099713 0.11666 0.0945147 0.115872 0.0993296 0.0945147 0.0392389 0.0993296 0.0524026 0.115872 0.0993296 0.099713 0.0880668 0.0993296 0.0524026 0.0880668 0.0525353 0.00914723 0.0156398 0.00760907 0.0130412 0.0156398 0.0269683 0.0130412 0.0221883 0.00760907 0.0130412 0.00540366 0.00928282 0.0130412 0.0221883 0.00928282 0.0156662 0.0269683 0.0445605 0.0221883 0.0359197 0.0445605 0.0673161 0.0359197 0.0531568 0.0221883 0.0359197 0.0156662 0.0250266 0.0359197 0.0531568 0.0250266 0.0365175 0.00540366 0.00928282 0.00279721 0.0048114 0.00928282 0.0156662 0.0048114 0.00808409 0.00279721 0.0048114 8.22584e-14 7.74619e-14 0.0048114 0.00808409 7.74619e-14 6.39043e-14 0.0156662 0.0250266 0.00808409 0.0128184 0.0250266 0.0365175 0.0128184 0.0185524 0.00808409 0.0128184 6.39043e-14 4.7546e-14 0.0128184 0.0185524 4.7546e-14 2.36282e-14 0.0673161 0.0892916 0.0531568 0.0694143 0.0892916 0.099713 0.0694143 0.077077 0.0531568 0.0694143 0.0365175 0.047133 0.0694143 0.077077 0.047133 0.0520194 0.099713 0.0880668 0.077077 0.0689709 0.0880668 0.0525353 0.0689709 0.0438275 0.077077 0.0689709 0.0520194 0.0467606 0.0689709 0.0438275 0.0467606 0.0306542 0.0365175 0.047133 0.0185524 0.0237783 0.047133 0.0520194 0.0237783 0.0261334 0.0185524 0.0237783 2.36282e-14 -6.54459e-15 0.0237783 0.0261334 -6.54459e-15 -4.0339e-14 0.0520194 0.0467606 0.0261334 0.023518 0.0467606 0.0306542 0.023518 0.015634 0.0261334 0.023518 -4.0339e-14 -7.59384e-14 0.023518 0.015634 -7.59384e-14 -1.04711e-13 1.17683e-07 1.08456e-07 0.0155388 -0.0360703 1.08456e-07 8.52086e-08 -0.0360703 -0.0680989 0.0155388 -0.0360703 0.0392389 -0.0271015 -0.0360703 -0.0680989 -0.0271015 -0.0768022 8.52086e-08 5.79466e-08 -0.0680989 -0.0737017 5.79466e-08 3.51107e-08 -0.0737017 -0.060934 -0.0680989 -0.0737017 -0.0768022 -0.0961513 -0.0737017 -0.060934 -0.0961513 -0.0893391 0.0392389 -0.0271015 0.0524026 -0.00880402 -0.0271015 -0.0768022 -0.00880402 -0.0607003 0.0524026 -0.00880402 0.0525353 0.00392069 -0.00880402 -0.0607003 0.00392069 -0.0405102 -0.0768022 -0.0961513 -0.0607003 -0.0880699 -0.0961513 -0.0893391 -0.0880699 -0.0904106 -0.0607003 -0.0880699 -0.0405102 -0.0679162 -0.0880699 -0.0904106 -0.0679162 -0.0756445 3.51107e-08 1.99499e-08 -0.060934 -0.0421127 1.99499e-08 1.1504e-08 -0.0421127 -0.0258241 -0.060934 -0.0421127 -0.0893391 -0.0693577 -0.0421127 -0.0258241 -0.0693577 -0.0479736 1.1504e-08 7.29873e-09 -0.0258241 -0.0149788 7.29873e-09 5.22319e-09 -0.0149788 -0.00882835 -0.0258241 -0.0149788 -0.0479736 -0.0312432 -0.0149788 -0.00882835 -0.0312432 -0.0202083 -0.0893391 -0.0693577 -0.0904106 -0.0769262 -0.0693577 -0.0479736 -0.0769262 -0.0582424 -0.0904106 -0.0769262 -0.0756445 -0.0690724 -0.0769262 -0.0582424 -0.0690724 -0.0560015 -0.0479736 -0.0312432 -0.0582424 -0.041322 -0.0312432 -0.0202083 -0.041322 -0.0287303 -0.0582424 -0.041322 -0.0560015 -0.0424311 -0.041322 -0.0287303 -0.0424311 -0.0312822 0.0525353 0.00392069 0.0438275 0.00875435 0.00392069 -0.0405102 0.00875435 -0.0245742 0.0438275 0.00875435 0.0306542 0.00810126 0.00875435 -0.0245742 0.00810126 -0.0136914 -0.0405102 -0.0679162 -0.0245742 -0.0468892 -0.0679162 -0.0756445 -0.0468892 -0.0554593 -0.0245742 -0.0468892 -0.0136914 -0.0288675 -0.0468892 -0.0554593 -0.0288675 -0.0354765 0.0306542 0.00810126 0.015634 0.00460704 0.00810126 -0.0136914 0.00460704 -0.00611097 0.015634 0.00460704 -1.04711e-13 -1.18456e-13 0.00460704 -0.00611097 -1.18456e-13 -1.16985e-13 -0.0136914 -0.0288675 -0.00611097 -0.013697 -0.0288675 -0.0354765 -0.013697 -0.0171722 -0.00611097 -0.013697 -1.16985e-13 -1.05646e-13 -0.013697 -0.0171722 -1.05646e-13 -9.18017e-14 -0.0756445 -0.0690724 -0.0554593 -0.0532176 -0.0690724 -0.0560015 -0.0532176 -0.0452822 -0.0554593 -0.0532176 -0.0354765 -0.0350883 -0.0532176 -0.0452822 -0.0350883 -0.0307644 -0.0560015 -0.0424311 -0.0452822 -0.0359942 -0.0424311 -0.0312822 -0.0359942 -0.0277703 -0.0452822 -0.0359942 -0.0307644 -0.0252295 -0.0359942 -0.0277703 -0.0252295 -0.0200911 -0.0354765 -0.0350883 -0.0171722 -0.0172421 -0.0350883 -0.0307644 -0.0172421 -0.0153493 -0.0171722 -0.0172421 -9.18017e-14 -7.77064e-14 -0.0172421 -0.0153493 -7.77064e-14 -6.58504e-14 -0.0307644 -0.0252295 -0.0153493 -0.0128003 -0.0252295 -0.0200911 -0.0128003 -0.0103801 -0.0153493 -0.0128003 -6.58504e-14 -5.47656e-14 -0.0128003 -0.0103801 -5.47656e-14 -4.44817e-14 5.22319e-09 4.0595e-09 -0.00882835 -0.00558126 4.0595e-09 3.27253e-09 -0.00558126 -0.00380644 -0.00882835 -0.00558126 -0.0202083 -0.0135286 -0.00558126 -0.00380644 -0.0135286 -0.00951821 3.27253e-09 2.67562e-09 -0.00380644 -0.00270459 2.67562e-09 2.21214e-09 -0.00270459 -0.00193286 -0.00380644 -0.00270459 -0.00951821 -0.00696893 -0.00270459 -0.00193286 -0.00696893 -0.00522566 -0.0202083 -0.0135286 -0.0287303 -0.0202636 -0.0135286 -0.00951821 -0.0202636 -0.0147516 -0.0287303 -0.0202636 -0.0312822 -0.0231294 -0.0202636 -0.0147516 -0.0231294 -0.0174406 -0.00951821 -0.00696893 -0.0147516 -0.0110858 -0.00696893 -0.00522566 -0.0110858 -0.00854277 -0.0147516 -0.0110858 -0.0174406 -0.0134635 -0.0110858 -0.00854277 -0.0134635 -0.010618 2.21214e-09 1.85296e-09 -0.00193286 -0.00141057 1.85296e-09 1.54994e-09 -0.00141057 -0.00124834 -0.00193286 -0.00141057 -0.00522566 -0.00403594 -0.00141057 -0.00124834 -0.00403594 -0.00344571 1.54994e-09 1.18305e-09 -0.00124834 -0.00191218 1.18305e-09 0 -0.00191218 -0.00402306 -0.00124834 -0.00191218 -0.00344571 -0.00390381 -0.00191218 -0.00402306 -0.00390381 -0.00479568 -0.00522566 -0.00403594 -0.00854277 -0.00677539 -0.00403594 -0.00344571 -0.00677539 -0.00573226 -0.00854277 -0.00677539 -0.010618 -0.00858508 -0.00677539 -0.00573226 -0.00858508 -0.00726958 -0.00344571 -0.00390381 -0.00573226 -0.00559696 -0.00390381 -0.00479568 -0.00559696 -0.00561949 -0.00573226 -0.00559696 -0.00726958 -0.00666085 -0.00559696 -0.00561949 -0.00666085 -0.00613318 -0.0312822 -0.0231294 -0.0277703 -0.0213702 -0.0231294 -0.0174406 -0.0213702 -0.0166528 -0.0277703 -0.0213702 -0.0200911 -0.0159339 -0.0213702 -0.0166528 -0.0159339 -0.012754 -0.0174406 -0.0134635 -0.0166528 -0.0131997 -0.0134635 -0.010618 -0.0131997 -0.0106391 -0.0166528 -0.0131997 -0.012754 -0.0103418 -0.0131997 -0.0106391 -0.0103418 -0.00849428 -0.0200911 -0.0159339 -0.0103801 -0.00838629 -0.0159339 -0.012754 -0.00838629 -0.00683117 -0.0103801 -0.00838629 -4.44817e-14 -3.63142e-14 -0.00838629 -0.00683117 -3.63142e-14 -3.07084e-14 -0.012754 -0.0103418 -0.00683117 -0.00562552 -0.0103418 -0.00849428 -0.00562552 -0.00468118 -0.00683117 -0.00562552 -3.07084e-14 -2.8072e-14 -0.00562552 -0.00468118 -2.8072e-14 -2.94593e-14 -0.010618 -0.00858508 -0.0106391 -0.00874989 -0.00858508 -0.00726958 -0.00874989 -0.00744877 -0.0106391 -0.00874989 -0.00849428 -0.00708901 -0.00874989 -0.00744877 -0.00708901 -0.00607624 -0.00726958 -0.00666085 -0.00744877 -0.00665383 -0.00666085 -0.00613318 -0.00665383 -0.0059076 -0.00744877 -0.00665383 -0.00607624 -0.00537955 -0.00665383 -0.0059076 -0.00537955 -0.00470942 -0.00849428 -0.00708901 -0.00468118 -0.00394681 -0.00708901 -0.00607624 -0.00394681 -0.00340183 -0.00468118 -0.00394681 -2.94593e-14 -3.47254e-14 -0.00394681 -0.00340183 -3.47254e-14 -4.09623e-14 -0.00607624 -0.00537955 -0.00340183 -0.00300488 -0.00537955 -0.00470942 -0.00300488 -0.00261842 -0.00340183 -0.00300488 -4.09623e-14 -4.35666e-14 -0.00300488 -0.00261842 -4.35666e-14 -4.05266e-14 0 1.29831e-14 0 0.000595788 1.29831e-14 2.71788e-14 0.000595788 0.000710741 0 0.000595788 0 0.00126449 0.000595788 0.000710741 0.00126449 0.00146544 2.71788e-14 3.92907e-14 0.000710741 0.000451955 3.92907e-14 5.23906e-14 0.000451955 5.19433e-05 0.000710741 0.000451955 0.00146544 0.000905299 0.000451955 5.19433e-05 0.000905299 8.63828e-05 0 0.00126449 0 0.00210005 0.00126449 0.00146544 0.00210005 0.00229133 0 0.00210005 0 0.00323425 0.00210005 0.00229133 0.00323425 0.00311755 0.00146544 0.000905299 0.00229133 0.00131907 0.000905299 8.63828e-05 0.00131907 4.20649e-05 0.00229133 0.00131907 0.00311755 0.00153685 0.00131907 4.20649e-05 0.00153685 -0.000207003 5.23906e-14 6.83542e-14 5.19433e-05 -0.000389213 6.83542e-14 7.62428e-14 -0.000389213 -0.000901289 5.19433e-05 -0.000389213 8.63828e-05 -0.000790912 -0.000389213 -0.000901289 -0.000790912 -0.00178403 7.62428e-14 8.21074e-14 -0.000901289 -0.00161971 8.21074e-14 8.22584e-14 -0.00161971 -0.00279721 -0.000901289 -0.00161971 -0.00178403 -0.00315614 -0.00161971 -0.00279721 -0.00315614 -0.00540366 8.63828e-05 -0.000790912 4.20649e-05 -0.00124584 -0.000790912 -0.00178403 -0.00124584 -0.00263832 4.20649e-05 -0.00124584 -0.000207003 -0.00180402 -0.00124584 -0.00263832 -0.00180402 -0.00342633 -0.00178403 -0.00315614 -0.00263832 -0.00451858 -0.00315614 -0.00540366 -0.00451858 -0.00760907 -0.00263832 -0.00451858 -0.00342633 -0.00557002 -0.00451858 -0.00760907 -0.00557002 -0.00914723 0 0.00323425 0 0.00472422 0.00323425 0.00311755 0.00472422 0.00357211 0 0.00472422 0 0.0058436 0.00472422 0.00357211 0.0058436 0.00301383 0.00311755 0.00153685 0.00357211 0.00127543 0.00153685 -0.000207003 0.00127543 -0.000758088 0.00357211 0.00127543 0.00301383 0.000421665 0.00127543 -0.000758088 0.000421665 -0.0014226 0 0.0058436 0 0.00336806 0.0058436 0.00301383 0.00336806 0.00114505 0 0.00336806 0 -1.08119e-09 0.00336806 0.00114505 -1.08119e-09 -1.41838e-09 0.00301383 0.000421665 0.00114505 -0.000506256 0.000421665 -0.0014226 -0.000506256 -0.00153124 0.00114505 -0.000506256 -1.41838e-09 -1.71276e-09 -0.000506256 -0.00153124 -1.71276e-09 -2.07056e-09 -0.000207003 -0.00180402 -0.000758088 -0.0024125 -0.00180402 -0.00342633 -0.0024125 -0.00399038 -0.000758088 -0.0024125 -0.0014226 -0.00275509 -0.0024125 -0.00399038 -0.00275509 -0.00397164 -0.00342633 -0.00557002 -0.00399038 -0.00606435 -0.00557002 -0.00914723 -0.00606435 -0.00965543 -0.00399038 -0.00606435 -0.00397164 -0.0056165 -0.00606435 -0.00965543 -0.0056165 -0.00866545 -0.0014226 -0.00275509 -0.00153124 -0.00221245 -0.00275509 -0.00397164 -0.00221245 -0.00283592 -0.00153124 -0.00221245 -2.07056e-09 -2.53376e-09 -0.00221245 -0.00283592 -2.53376e-09 -3.12915e-09 -0.00397164 -0.0056165 -0.00283592 -0.00374577 -0.0056165 -0.00866545 -0.00374577 -0.00561746 -0.00283592 -0.00374577 -3.12915e-09 -3.91235e-09 -0.00374577 -0.00561746 -3.91235e-09 -5.06899e-09 8.22584e-14 7.74619e-14 -0.00279721 -0.0048114 7.74619e-14 6.39043e-14 -0.0048114 -0.00808409 -0.00279721 -0.0048114 -0.00540366 -0.00928282 -0.0048114 -0.00808409 -0.00928282 -0.0156662 6.39043e-14 4.7546e-14 -0.00808409 -0.0128184 4.7546e-14 2.36282e-14 -0.0128184 -0.0185524 -0.00808409 -0.0128184 -0.0156662 -0.0250266 -0.0128184 -0.0185524 -0.0250266 -0.0365175 -0.00540366 -0.00928282 -0.00760907 -0.0130412 -0.00928282 -0.0156662 -0.0130412 -0.0221883 -0.00760907 -0.0130412 -0.00914723 -0.0156398 -0.0130412 -0.0221883 -0.0156398 -0.0269683 -0.0156662 -0.0250266 -0.0221883 -0.0359197 -0.0250266 -0.0365175 -0.0359197 -0.0531568 -0.0221883 -0.0359197 -0.0269683 -0.0445605 -0.0359197 -0.0531568 -0.0445605 -0.0673161 2.36282e-14 -6.54459e-15 -0.0185524 -0.0237783 -6.54459e-15 -4.0339e-14 -0.0237783 -0.0261334 -0.0185524 -0.0237783 -0.0365175 -0.047133 -0.0237783 -0.0261334 -0.047133 -0.0520194 -4.0339e-14 -7.59384e-14 -0.0261334 -0.023518 -7.59384e-14 -1.04711e-13 -0.023518 -0.015634 -0.0261334 -0.023518 -0.0520194 -0.0467606 -0.023518 -0.015634 -0.0467606 -0.0306542 -0.0365175 -0.047133 -0.0531568 -0.0694143 -0.047133 -0.0520194 -0.0694143 -0.077077 -0.0531568 -0.0694143 -0.0673161 -0.0892916 -0.0694143 -0.077077 -0.0892916 -0.099713 -0.0520194 -0.0467606 -0.077077 -0.0689709 -0.0467606 -0.0306542 -0.0689709 -0.0438275 -0.077077 -0.0689709 -0.099713 -0.0880668 -0.0689709 -0.0438275 -0.0880668 -0.0525353 -0.00914723 -0.0156398 -0.00965543 -0.0165137 -0.0156398 -0.0269683 -0.0165137 -0.0290913 -0.00965543 -0.0165137 -0.00866545 -0.0149295 -0.0165137 -0.0290913 -0.0149295 -0.0271657 -0.0269683 -0.0445605 -0.0290913 -0.0494894 -0.0445605 -0.0673161 -0.0494894 -0.0767913 -0.0290913 -0.0494894 -0.0271657 -0.0480097 -0.0494894 -0.0767913 -0.0480097 -0.0768276 -0.00866545 -0.0149295 -0.00561746 -0.00984858 -0.0149295 -0.0271657 -0.00984858 -0.0187495 -0.00561746 -0.00984858 -5.06899e-09 -7.13281e-09 -0.00984858 -0.0187495 -7.13281e-09 -1.13203e-08 -0.0271657 -0.0480097 -0.0187495 -0.0347107 -0.0480097 -0.0768276 -0.0347107 -0.0573863 -0.0187495 -0.0347107 -1.13203e-08 -1.97424e-08 -0.0347107 -0.0573863 -1.97424e-08 -3.48787e-08 -0.0673161 -0.0892916 -0.0767913 -0.103659 -0.0892916 -0.099713 -0.103659 -0.115872 -0.0767913 -0.103659 -0.0768276 -0.105326 -0.103659 -0.115872 -0.105326 -0.11666 -0.099713 -0.0880668 -0.115872 -0.0993296 -0.0880668 -0.0525353 -0.0993296 -0.0524026 -0.115872 -0.0993296 -0.11666 -0.0945147 -0.0993296 -0.0524026 -0.0945147 -0.0392389 -0.0768276 -0.105326 -0.0573863 -0.0795352 -0.105326 -0.11666 -0.0795352 -0.086176 -0.0573863 -0.0795352 -3.48787e-08 -5.77038e-08 -0.0795352 -0.086176 -5.77038e-08 -8.49924e-08 -0.11666 -0.0945147 -0.086176 -0.0637412 -0.0945147 -0.0392389 -0.0637412 -0.0155388 -0.086176 -0.0637412 -8.49924e-08 -1.08324e-07 -0.0637412 -0.0155388 -1.08324e-07 -1.17683e-07 -1.04711e-13 -1.18456e-13 -0.015634 -0.00460704 -1.18456e-13 -1.16985e-13 -0.00460704 0.00611097 -0.015634 -0.00460704 -0.0306542 -0.00810126 -0.00460704 0.00611097 -0.00810126 0.0136914 -1.16985e-13 -1.05646e-13 0.00611097 0.013697 -1.05646e-13 -9.18017e-14 0.013697 0.0171722 0.00611097 0.013697 0.0136914 0.0288675 0.013697 0.0171722 0.0288675 0.0354765 -0.0306542 -0.00810126 -0.0438275 -0.00875435 -0.00810126 0.0136914 -0.00875435 0.0245742 -0.0438275 -0.00875435 -0.0525353 -0.00392069 -0.00875435 0.0245742 -0.00392069 0.0405102 0.0136914 0.0288675 0.0245742 0.0468892 0.0288675 0.0354765 0.0468892 0.0554593 0.0245742 0.0468892 0.0405102 0.0679162 0.0468892 0.0554593 0.0679162 0.0756445 -9.18017e-14 -7.77064e-14 0.0171722 0.0172421 -7.77064e-14 -6.58504e-14 0.0172421 0.0153493 0.0171722 0.0172421 0.0354765 0.0350883 0.0172421 0.0153493 0.0350883 0.0307644 -6.58504e-14 -5.47656e-14 0.0153493 0.0128003 -5.47656e-14 -4.44817e-14 0.0128003 0.0103801 0.0153493 0.0128003 0.0307644 0.0252295 0.0128003 0.0103801 0.0252295 0.0200911 0.0354765 0.0350883 0.0554593 0.0532176 0.0350883 0.0307644 0.0532176 0.0452822 0.0554593 0.0532176 0.0756445 0.0690724 0.0532176 0.0452822 0.0690724 0.0560015 0.0307644 0.0252295 0.0452822 0.0359942 0.0252295 0.0200911 0.0359942 0.0277703 0.0452822 0.0359942 0.0560015 0.0424311 0.0359942 0.0277703 0.0424311 0.0312822 -0.0525353 -0.00392069 -0.0524026 0.00880402 -0.00392069 0.0405102 0.00880402 0.0607003 -0.0524026 0.00880402 -0.0392389 0.0271015 0.00880402 0.0607003 0.0271015 0.0768022 0.0405102 0.0679162 0.0607003 0.0880699 0.0679162 0.0756445 0.0880699 0.0904106 0.0607003 0.0880699 0.0768022 0.0961513 0.0880699 0.0904106 0.0961513 0.0893391 -0.0392389 0.0271015 -0.0155388 0.0360703 0.0271015 0.0768022 0.0360703 0.0680989 -0.0155388 0.0360703 -1.17683e-07 -1.08456e-07 0.0360703 0.0680989 -1.08456e-07 -8.52086e-08 0.0768022 0.0961513 0.0680989 0.0737017 0.0961513 0.0893391 0.0737017 0.060934 0.0680989 0.0737017 -8.52086e-08 -5.79466e-08 0.0737017 0.060934 -5.79466e-08 -3.51107e-08 0.0756445 0.0690724 0.0904106 0.0769262 0.0690724 0.0560015 0.0769262 0.0582424 0.0904106 0.0769262 0.0893391 0.0693577 0.0769262 0.0582424 0.0693577 0.0479736 0.0560015 0.0424311 0.0582424 0.041322 0.0424311 0.0312822 0.041322 0.0287303 0.0582424 0.041322 0.0479736 0.0312432 0.041322 0.0287303 0.0312432 0.0202083 0.0893391 0.0693577 0.060934 0.0421127 0.0693577 0.0479736 0.0421127 0.0258241 0.060934 0.0421127 -3.51107e-08 -1.99499e-08 0.0421127 0.0258241 -1.99499e-08 -1.1504e-08 0.0479736 0.0312432 0.0258241 0.0149788 0.0312432 0.0202083 0.0149788 0.00882835 0.0258241 0.0149788 -1.1504e-08 -7.29873e-09 0.0149788 0.00882835 -7.29873e-09 -5.22319e-09 -4.44817e-14 -3.63142e-14 0.0103801 0.00838629 -3.63142e-14 -3.07084e-14 0.00838629 0.00683117 0.0103801 0.00838629 0.0200911 0.0159339 0.00838629 0.00683117 0.0159339 0.012754 -3.07084e-14 -2.8072e-14 0.00683117 0.00562552 -2.8072e-14 -2.94593e-14 0.00562552 0.00468118 0.00683117 0.00562552 0.012754 0.0103418 0.00562552 0.00468118 0.0103418 0.00849428 0.0200911 0.0159339 0.0277703 0.0213702 0.0159339 0.012754 0.0213702 0.0166528 0.0277703 0.0213702 0.0312822 0.0231294 0.0213702 0.0166528 0.0231294 0.0174406 0.012754 0.0103418 0.0166528 0.0131997 0.0103418 0.00849428 0.0131997 0.0106391 0.0166528 0.0131997 0.0174406 0.0134635 0.0131997 0.0106391 0.0134635 0.010618 -2.94593e-14 -3.47254e-14 0.00468118 0.00394681 -3.47254e-14 -4.09623e-14 0.00394681 0.00340183 0.00468118 0.00394681 0.00849428 0.00708901 0.00394681 0.00340183 0.00708901 0.00607624 -4.09623e-14 -4.35666e-14 0.00340183 0.00300488 -4.35666e-14 -4.05266e-14 0.00300488 0.00261842 0.00340183 0.00300488 0.00607624 0.00537955 0.00300488 0.00261842 0.00537955 0.00470942 0.00849428 0.00708901 0.0106391 0.00874989 0.00708901 0.00607624 0.00874989 0.00744877 0.0106391 0.00874989 0.010618 0.00858508 0.00874989 0.00744877 0.00858508 0.00726958 0.00607624 0.00537955 0.00744877 0.00665383 0.00537955 0.00470942 0.00665383 0.0059076 0.00744877 0.00665383 0.00726958 0.00666085 0.00665383 0.0059076 0.00666085 0.00613318 0.0312822 0.0231294 0.0287303 0.0202636 0.0231294 0.0174406 0.0202636 0.0147516 0.0287303 0.0202636 0.0202083 0.0135286 0.0202636 0.0147516 0.0135286 0.00951821 0.0174406 0.0134635 0.0147516 0.0110858 0.0134635 0.010618 0.0110858 0.00854277 0.0147516 0.0110858 0.00951821 0.00696893 0.0110858 0.00854277 0.00696893 0.00522566 0.0202083 0.0135286 0.00882835 0.00558126 0.0135286 0.00951821 0.00558126 0.00380644 0.00882835 0.00558126 -5.22319e-09 -4.0595e-09 0.00558126 0.00380644 -4.0595e-09 -3.27253e-09 0.00951821 0.00696893 0.00380644 0.00270459 0.00696893 0.00522566 0.00270459 0.00193286 0.00380644 0.00270459 -3.27253e-09 -2.67562e-09 0.00270459 0.00193286 -2.67562e-09 -2.21214e-09 0.010618 0.00858508 0.00854277 0.00677539 0.00858508 0.00726958 0.00677539 0.00573226 0.00854277 0.00677539 0.00522566 0.00403594 0.00677539 0.00573226 0.00403594 0.00344571 0.00726958 0.00666085 0.00573226 0.00559696 0.00666085 0.00613318 0.00559696 0.00561949 0.00573226 0.00559696 0.00344571 0.00390381 0.00559696 0.00561949 0.00390381 0.00479568 0.00522566 0.00403594 0.00193286 0.00141057 0.00403594 0.00344571 0.00141057 0.00124834 0.00193286 0.00141057 -2.21214e-09 -1.85296e-09 0.00141057 0.00124834 -1.85296e-09 -1.54994e-09 0.00344571 0.00390381 0.00124834 0.00191218 0.00390381 0.00479568 0.00191218 0.00402306 0.00124834 0.00191218 -1.54994e-09 -1.18305e-09 0.00191218 0.00402306 -1.18305e-09 0 0 -1.08119e-09 0 -7.85704e-10 -1.08119e-09 -1.41838e-09 -7.85704e-10 -1.0776e-09 0 -7.85704e-10 0 -4.86177e-10 -7.85704e-10 -1.0776e-09 -4.86177e-10 -7.51314e-10 -1.41838e-09 -1.71276e-09 -1.0776e-09 -1.30972e-09 -1.71276e-09 -2.07056e-09 -1.30972e-09 -1.5788e-09 -1.0776e-09 -1.30972e-09 -7.51314e-10 -9.29359e-10 -1.30972e-09 -1.5788e-09 -9.29359e-10 -1.1179e-09 0 -4.86177e-10 0 -2.43657e-10 -4.86177e-10 -7.51314e-10 -2.43657e-10 -4.56832e-10 0 -2.43657e-10 0 -6.23043e-11 -2.43657e-10 -4.56832e-10 -6.23043e-11 -2.1436e-10 -7.51314e-10 -9.29359e-10 -4.56832e-10 -5.88629e-10 -9.29359e-10 -1.1179e-09 -5.88629e-10 -7.08075e-10 -4.56832e-10 -5.88629e-10 -2.1436e-10 -3.04196e-10 -5.88629e-10 -7.08075e-10 -3.04196e-10 -3.67777e-10 -2.07056e-09 -2.53376e-09 -1.5788e-09 -1.91794e-09 -2.53376e-09 -3.12915e-09 -1.91794e-09 -2.33741e-09 -1.5788e-09 -1.91794e-09 -1.1179e-09 -1.34372e-09 -1.91794e-09 -2.33741e-09 -1.34372e-09 -1.60618e-09 -3.12915e-09 -3.91235e-09 -2.33741e-09 -2.86131e-09 -3.91235e-09 -5.06899e-09 -2.86131e-09 -3.61335e-09 -2.33741e-09 -2.86131e-09 -1.60618e-09 -1.90955e-09 -2.86131e-09 -3.61335e-09 -1.90955e-09 -2.33774e-09 -1.1179e-09 -1.34372e-09 -7.08075e-10 -8.38076e-10 -1.34372e-09 -1.60618e-09 -8.38076e-10 -9.72591e-10 -7.08075e-10 -8.38076e-10 -3.67777e-10 -4.23593e-10 -8.38076e-10 -9.72591e-10 -4.23593e-10 -4.64253e-10 -1.60618e-09 -1.90955e-09 -9.72591e-10 -1.10584e-09 -1.90955e-09 -2.33774e-09 -1.10584e-09 -1.29613e-09 -9.72591e-10 -1.10584e-09 -4.64253e-10 -4.81045e-10 -1.10584e-09 -1.29613e-09 -4.81045e-10 -5.15007e-10 0 -6.23043e-11 0 5.63742e-11 -6.23043e-11 -2.1436e-10 5.63742e-11 -3.89726e-11 0 5.63742e-11 0 1.08263e-10 5.63742e-11 -3.89726e-11 1.08263e-10 5.91502e-11 -2.1436e-10 -3.04196e-10 -3.89726e-11 -9.11334e-11 -3.04196e-10 -3.67777e-10 -9.11334e-11 -1.13496e-10 -3.89726e-11 -9.11334e-11 5.91502e-11 3.75488e-11 -9.11334e-11 -1.13496e-10 3.75488e-11 4.04161e-11 0 1.08263e-10 0 8.7745e-11 1.08263e-10 5.91502e-11 8.7745e-11 7.37488e-11 0 8.7745e-11 0 0 8.7745e-11 7.37488e-11 0 0 5.91502e-11 3.75488e-11 7.37488e-11 7.10173e-11 3.75488e-11 4.04161e-11 7.10173e-11 8.16972e-11 7.37488e-11 7.10173e-11 0 0 7.10173e-11 8.16972e-11 0 0 -3.67777e-10 -4.23593e-10 -1.13496e-10 -1.1886e-10 -4.23593e-10 -4.64253e-10 -1.1886e-10 -1.01003e-10 -1.13496e-10 -1.1886e-10 4.04161e-11 6.1063e-11 -1.1886e-10 -1.01003e-10 6.1063e-11 1.03396e-10 -4.64253e-10 -4.81045e-10 -1.01003e-10 -5.26984e-11 -4.81045e-10 -5.15007e-10 -5.26984e-11 -2.33867e-12 -1.01003e-10 -5.26984e-11 1.03396e-10 1.71145e-10 -5.26984e-11 -2.33867e-12 1.71145e-10 2.46008e-10 4.04161e-11 6.1063e-11 8.16972e-11 1.04015e-10 6.1063e-11 1.03396e-10 1.04015e-10 1.39452e-10 8.16972e-11 1.04015e-10 0 0 1.04015e-10 1.39452e-10 0 0 1.03396e-10 1.71145e-10 1.39452e-10 1.88472e-10 1.71145e-10 2.46008e-10 1.88472e-10 2.4165e-10 1.39452e-10 1.88472e-10 0 0 1.88472e-10 2.4165e-10 0 0 -5.06899e-09 -7.13281e-09 -3.61335e-09 -5.00378e-09 -7.13281e-09 -1.13203e-08 -5.00378e-09 -8.01612e-09 -3.61335e-09 -5.00378e-09 -2.33774e-09 -3.21247e-09 -5.00378e-09 -8.01612e-09 -3.21247e-09 -5.3237e-09 -1.13203e-08 -1.97424e-08 -8.01612e-09 -1.43891e-08 -1.97424e-08 -3.48787e-08 -1.43891e-08 -2.6179e-08 -8.01612e-09 -1.43891e-08 -5.3237e-09 -1.00527e-08 -1.43891e-08 -2.6179e-08 -1.00527e-08 -1.89854e-08 -2.33774e-09 -3.21247e-09 -1.29613e-09 -1.79335e-09 -3.21247e-09 -5.3237e-09 -1.79335e-09 -3.21044e-09 -1.29613e-09 -1.79335e-09 -5.15007e-10 -7.52097e-10 -1.79335e-09 -3.21044e-09 -7.52097e-10 -1.63919e-09 -5.3237e-09 -1.00527e-08 -3.21044e-09 -6.5882e-09 -1.00527e-08 -1.89854e-08 -6.5882e-09 -1.30639e-08 -3.21044e-09 -6.5882e-09 -1.63919e-09 -3.90475e-09 -6.5882e-09 -1.30639e-08 -3.90475e-09 -8.29585e-09 -3.48787e-08 -5.77038e-08 -2.6179e-08 -4.42036e-08 -5.77038e-08 -8.49924e-08 -4.42036e-08 -6.58452e-08 -2.6179e-08 -4.42036e-08 -1.89854e-08 -3.26853e-08 -4.42036e-08 -6.58452e-08 -3.26853e-08 -4.90727e-08 -8.49924e-08 -1.08324e-07 -6.58452e-08 -8.43341e-08 -1.08324e-07 -1.17683e-07 -8.43341e-08 -9.1735e-08 -6.58452e-08 -8.43341e-08 -4.90727e-08 -6.30032e-08 -8.43341e-08 -9.1735e-08 -6.30032e-08 -6.856e-08 -1.89854e-08 -3.26853e-08 -1.30639e-08 -2.29633e-08 -3.26853e-08 -4.90727e-08 -2.29633e-08 -3.4706e-08 -1.30639e-08 -2.29633e-08 -8.29585e-09 -1.49594e-08 -2.29633e-08 -3.4706e-08 -1.49594e-08 -2.27737e-08 -4.90727e-08 -6.30032e-08 -3.4706e-08 -4.46127e-08 -6.30032e-08 -6.856e-08 -4.46127e-08 -4.85464e-08 -3.4706e-08 -4.46127e-08 -2.27737e-08 -2.93034e-08 -4.46127e-08 -4.85464e-08 -2.93034e-08 -3.18819e-08 -5.15007e-10 -7.52097e-10 -2.33867e-12 -7.72421e-11 -7.52097e-10 -1.63919e-09 -7.72421e-11 -5.72214e-10 -2.33867e-12 -7.72421e-11 2.46008e-10 2.52977e-10 -7.72421e-11 -5.72214e-10 2.52977e-10 2.8319e-11 -1.63919e-09 -3.90475e-09 -5.72214e-10 -1.94414e-09 -3.90475e-09 -8.29585e-09 -1.94414e-09 -4.62596e-09 -5.72214e-10 -1.94414e-09 2.8319e-11 -6.65382e-10 -1.94414e-09 -4.62596e-09 -6.65382e-10 -2.02976e-09 2.46008e-10 2.52977e-10 2.4165e-10 2.67276e-10 2.52977e-10 2.8319e-11 2.67276e-10 2.03062e-10 2.4165e-10 2.67276e-10 0 0 2.67276e-10 2.03062e-10 0 0 2.8319e-11 -6.65382e-10 2.03062e-10 -3.18472e-11 -6.65382e-10 -2.02976e-09 -3.18472e-11 -4.93369e-10 2.03062e-10 -3.18472e-11 0 0 -3.18472e-11 -4.93369e-10 0 0 -8.29585e-09 -1.49594e-08 -4.62596e-09 -8.65176e-09 -1.49594e-08 -2.27737e-08 -8.65176e-09 -1.33044e-08 -4.62596e-09 -8.65176e-09 -2.02976e-09 -4.04499e-09 -8.65176e-09 -1.33044e-08 -4.04499e-09 -6.32793e-09 -2.27737e-08 -2.93034e-08 -1.33044e-08 -1.71464e-08 -2.93034e-08 -3.18819e-08 -1.71464e-08 -1.86533e-08 -1.33044e-08 -1.71464e-08 -6.32793e-09 -8.18327e-09 -1.71464e-08 -1.86533e-08 -8.18327e-09 -8.90437e-09 -2.02976e-09 -4.04499e-09 -4.93369e-10 -1.15466e-09 -4.04499e-09 -6.32793e-09 -1.15466e-09 -1.8786e-09 -4.93369e-10 -1.15466e-09 0 0 -1.15466e-09 -1.8786e-09 0 0 -6.32793e-09 -8.18327e-09 -1.8786e-09 -2.45133e-09 -8.18327e-09 -8.90437e-09 -2.45133e-09 -2.67052e-09 -1.8786e-09 -2.45133e-09 0 0 -2.45133e-09 -2.67052e-09 0 0 -1.17683e-07 -1.08456e-07 -9.1735e-08 -8.4429e-08 -1.08456e-07 -8.52086e-08 -8.4429e-08 -6.60023e-08 -9.1735e-08 -8.4429e-08 -6.856e-08 -6.30685e-08 -8.4429e-08 -6.60023e-08 -6.30685e-08 -4.9182e-08 -8.52086e-08 -5.79466e-08 -6.60023e-08 -4.43829e-08 -5.79466e-08 -3.51107e-08 -4.43829e-08 -2.63542e-08 -6.60023e-08 -4.43829e-08 -4.9182e-08 -3.28124e-08 -4.43829e-08 -2.63542e-08 -3.28124e-08 -1.91129e-08 -6.856e-08 -6.30685e-08 -4.85464e-08 -4.46549e-08 -6.30685e-08 -4.9182e-08 -4.46549e-08 -3.47777e-08 -4.85464e-08 -4.46549e-08 -3.18819e-08 -2.93282e-08 -4.46549e-08 -3.47777e-08 -2.93282e-08 -2.28166e-08 -4.9182e-08 -3.28124e-08 -3.47777e-08 -2.30486e-08 -3.28124e-08 -1.91129e-08 -2.30486e-08 -1.31521e-08 -3.47777e-08 -2.30486e-08 -2.28166e-08 -1.50122e-08 -2.30486e-08 -1.31521e-08 -1.50122e-08 -8.3527e-09 -3.51107e-08 -1.99499e-08 -2.63542e-08 -1.45502e-08 -1.99499e-08 -1.1504e-08 -1.45502e-08 -8.16284e-09 -2.63542e-08 -1.45502e-08 -1.91129e-08 -1.01735e-08 -1.45502e-08 -8.16284e-09 -1.01735e-08 -5.43727e-09 -1.1504e-08 -7.29873e-09 -8.16284e-09 -5.13955e-09 -7.29873e-09 -5.22319e-09 -5.13955e-09 -3.74205e-09 -8.16284e-09 -5.13955e-09 -5.43727e-09 -3.32052e-09 -5.13955e-09 -3.74205e-09 -3.32052e-09 -2.44246e-09 -1.91129e-08 -1.01735e-08 -1.31521e-08 -6.67492e-09 -1.01735e-08 -5.43727e-09 -6.67492e-09 -3.29493e-09 -1.31521e-08 -6.67492e-09 -8.3527e-09 -3.96327e-09 -6.67492e-09 -3.29493e-09 -3.96327e-09 -1.6987e-09 -5.43727e-09 -3.32052e-09 -3.29493e-09 -1.87628e-09 -3.32052e-09 -2.44246e-09 -1.87628e-09 -1.37857e-09 -3.29493e-09 -1.87628e-09 -1.6987e-09 -8.12663e-10 -1.87628e-09 -1.37857e-09 -8.12663e-10 -5.7696e-10 -3.18819e-08 -2.93282e-08 -1.86533e-08 -1.71588e-08 -2.93282e-08 -2.28166e-08 -1.71588e-08 -1.33266e-08 -1.86533e-08 -1.71588e-08 -8.90437e-09 -8.18774e-09 -1.71588e-08 -1.33266e-08 -8.18774e-09 -6.33659e-09 -2.28166e-08 -1.50122e-08 -1.33266e-08 -8.68048e-09 -1.50122e-08 -8.3527e-09 -8.68048e-09 -4.65889e-09 -1.33266e-08 -8.68048e-09 -6.33659e-09 -4.05744e-09 -8.68048e-09 -4.65889e-09 -4.05744e-09 -2.04565e-09 -8.90437e-09 -8.18774e-09 -2.67052e-09 -2.45178e-09 -8.18774e-09 -6.33659e-09 -2.45178e-09 -1.88008e-09 -2.67052e-09 -2.45178e-09 0 0 -2.45178e-09 -1.88008e-09 0 0 -6.33659e-09 -4.05744e-09 -1.88008e-09 -1.15782e-09 -4.05744e-09 -2.04565e-09 -1.15782e-09 -4.98514e-10 -1.88008e-09 -1.15782e-09 0 0 -1.15782e-09 -4.98514e-10 0 0 -8.3527e-09 -3.96327e-09 -4.65889e-09 -1.98017e-09 -3.96327e-09 -1.6987e-09 -1.98017e-09 -6.10844e-10 -4.65889e-09 -1.98017e-09 -2.04565e-09 -6.84379e-10 -1.98017e-09 -6.10844e-10 -6.84379e-10 6.51755e-12 -1.6987e-09 -8.12663e-10 -6.10844e-10 -1.18261e-10 -8.12663e-10 -5.7696e-10 -1.18261e-10 -4.57102e-11 -6.10844e-10 -1.18261e-10 6.51755e-12 2.28612e-10 -1.18261e-10 -4.57102e-11 2.28612e-10 2.19223e-10 -2.04565e-09 -6.84379e-10 -4.98514e-10 -3.89634e-11 -6.84379e-10 6.51755e-12 -3.89634e-11 1.94111e-10 -4.98514e-10 -3.89634e-11 0 0 -3.89634e-11 1.94111e-10 0 0 6.51755e-12 2.28612e-10 1.94111e-10 2.56611e-10 2.28612e-10 2.19223e-10 2.56611e-10 2.29358e-10 1.94111e-10 2.56611e-10 0 0 2.56611e-10 2.29358e-10 0 0 -5.22319e-09 -4.0595e-09 -3.74205e-09 -2.98606e-09 -4.0595e-09 -3.27253e-09 -2.98606e-09 -2.46054e-09 -3.74205e-09 -2.98606e-09 -2.44246e-09 -2.01287e-09 -2.98606e-09 -2.46054e-09 -2.01287e-09 -1.70967e-09 -3.27253e-09 -2.67562e-09 -2.46054e-09 -2.04123e-09 -2.67562e-09 -2.21214e-09 -2.04123e-09 -1.70333e-09 -2.46054e-09 -2.04123e-09 -1.70967e-09 -1.44869e-09 -2.04123e-09 -1.70333e-09 -1.44869e-09 -1.22522e-09 -2.44246e-09 -2.01287e-09 -1.37857e-09 -1.18882e-09 -2.01287e-09 -1.70967e-09 -1.18882e-09 -1.05706e-09 -1.37857e-09 -1.18882e-09 -5.7696e-10 -5.44827e-10 -1.18882e-09 -1.05706e-09 -5.44827e-10 -5.3035e-10 -1.70967e-09 -1.44869e-09 -1.05706e-09 -9.2494e-10 -1.44869e-09 -1.22522e-09 -9.2494e-10 -7.97888e-10 -1.05706e-09 -9.2494e-10 -5.3035e-10 -4.92517e-10 -9.2494e-10 -7.97888e-10 -4.92517e-10 -4.39767e-10 -2.21214e-09 -1.85296e-09 -1.70333e-09 -1.43453e-09 -1.85296e-09 -1.54994e-09 -1.43453e-09 -1.1955e-09 -1.70333e-09 -1.43453e-09 -1.22522e-09 -1.03796e-09 -1.43453e-09 -1.1955e-09 -1.03796e-09 -8.53948e-10 -1.54994e-09 -1.18305e-09 -1.1955e-09 -8.74939e-10 -1.18305e-09 0 -8.74939e-10 0 -1.1955e-09 -8.74939e-10 -8.53948e-10 -5.59663e-10 -8.74939e-10 0 -5.59663e-10 0 -1.22522e-09 -1.03796e-09 -7.97888e-10 -6.80163e-10 -1.03796e-09 -8.53948e-10 -6.80163e-10 -5.43014e-10 -7.97888e-10 -6.80163e-10 -4.39767e-10 -3.77936e-10 -6.80163e-10 -5.43014e-10 -3.77936e-10 -2.83536e-10 -8.53948e-10 -5.59663e-10 -5.43014e-10 -3.03267e-10 -5.59663e-10 0 -3.03267e-10 0 -5.43014e-10 -3.03267e-10 -2.83536e-10 -1.09762e-10 -3.03267e-10 0 -1.09762e-10 0 -5.7696e-10 -5.44827e-10 -4.57102e-11 -9.85056e-11 -5.44827e-10 -5.3035e-10 -9.85056e-11 -1.49402e-10 -4.57102e-11 -9.85056e-11 2.19223e-10 1.42014e-10 -9.85056e-11 -1.49402e-10 1.42014e-10 7.1962e-11 -5.3035e-10 -4.92517e-10 -1.49402e-10 -1.70038e-10 -4.92517e-10 -4.39767e-10 -1.70038e-10 -1.67416e-10 -1.49402e-10 -1.70038e-10 7.1962e-11 2.73653e-11 -1.70038e-10 -1.67416e-10 2.73653e-11 4.66693e-12 2.19223e-10 1.42014e-10 2.29358e-10 1.74636e-10 1.42014e-10 7.1962e-11 1.74636e-10 1.24175e-10 2.29358e-10 1.74636e-10 0 0 1.74636e-10 1.24175e-10 0 0 7.1962e-11 2.73653e-11 1.24175e-10 8.74198e-11 2.73653e-11 4.66693e-12 8.74198e-11 6.40091e-11 1.24175e-10 8.74198e-11 0 0 8.74198e-11 6.40091e-11 0 0 -4.39767e-10 -3.77936e-10 -1.67416e-10 -1.46538e-10 -3.77936e-10 -2.83536e-10 -1.46538e-10 -9.09016e-11 -1.67416e-10 -1.46538e-10 4.66693e-12 7.72679e-13 -1.46538e-10 -9.09016e-11 7.72679e-13 2.46243e-11 -2.83536e-10 -1.09762e-10 -9.09016e-11 2.01191e-11 -1.09762e-10 0 2.01191e-11 0 -9.09016e-11 2.01191e-11 2.46243e-11 8.31305e-11 2.01191e-11 0 8.31305e-11 0 4.66693e-12 7.72679e-13 6.40091e-11 5.28472e-11 7.72679e-13 2.46243e-11 5.28472e-11 5.66472e-11 6.40091e-11 5.28472e-11 0 0 5.28472e-11 5.66472e-11 0 0 2.46243e-11 8.31305e-11 5.66472e-11 7.46469e-11 8.31305e-11 0 7.46469e-11 0 5.66472e-11 7.46469e-11 0 0 7.46469e-11 0 0 0 
SCALARS x_dis double 1
LOOKUP_TABLE default
0 0 0 -0.000153298 0 0 -0.000153298 -0.000197498 0 -0.000153298 0 -0.000243053 -0.000153298 -0.000197498 -0.000243053 -0.000348634 0 0 -0.000197498 -0.000238635 0 0 -0.000238635 -0.000309087 -0.000197498 -0.000238635 -0.000348634 -0.000443897 -0.000238635 -0.000309087 -0.000443897 -0.000590096 0 -0.000243053 0 -0.000295172 -0.000243053 -0.000348634 -0.000295172 -0.000456186 0 -0.000295172 0 -0.000321156 -0.000295172 -0.000456186 -0.000321156 -0.000521236 -0.000348634 -0.000443897 -0.000456186 -0.000609954 -0.000443897 -0.000590096 -0.000609954 -0.000833995 -0.000456186 -0.000609954 -0.000521236 -0.000733124 -0.000609954 -0.000833995 -0.000733124 -0.001034 0 0 -0.000309087 -0.000418876 0 0 -0.000418876 -0.000568165 -0.000309087 -0.000418876 -0.000590096 -0.000807764 -0.000418876 -0.000568165 -0.000807764 -0.00110117 0 0 -0.000568165 -0.000752669 0 0 -0.000752669 -0.000964244 -0.000568165 -0.000752669 -0.00110117 -0.00146802 -0.000752669 -0.000964244 -0.00146802 -0.0019004 -0.000590096 -0.000807764 -0.000833995 -0.0011562 -0.000807764 -0.00110117 -0.0011562 -0.00158765 -0.000833995 -0.0011562 -0.001034 -0.00145481 -0.0011562 -0.00158765 -0.00145481 -0.00201541 -0.00110117 -0.00146802 -0.00158765 -0.00213377 -0.00146802 -0.0019004 -0.00213377 -0.00279463 -0.00158765 -0.00213377 -0.00201541 -0.0027341 -0.00213377 -0.00279463 -0.0027341 -0.00362622 0 -0.000321156 0 -0.000321289 -0.000321156 -0.000521236 -0.000321289 -0.000542994 0 -0.000321289 0 -0.000285255 -0.000321289 -0.000542994 -0.000285255 -0.000519011 -0.000521236 -0.000733124 -0.000542994 -0.00081146 -0.000733124 -0.001034 -0.00081146 -0.00118538 -0.000542994 -0.00081146 -0.000519011 -0.000845119 -0.00081146 -0.00118538 -0.000845119 -0.00128551 0 -0.000285255 0 -0.000183592 -0.000285255 -0.000519011 -0.000183592 -0.000450537 0 -0.000183592 0 2.63582e-05 -0.000183592 -0.000450537 2.63582e-05 -0.000340747 -0.000519011 -0.000845119 -0.000450537 -0.000837064 -0.000845119 -0.00128551 -0.000837064 -0.00133396 -0.000450537 -0.000837064 -0.000340747 -0.00079459 -0.000837064 -0.00133396 -0.00079459 -0.00133283 -0.001034 -0.00145481 -0.00118538 -0.00169534 -0.00145481 -0.00201541 -0.00169534 -0.0023717 -0.00118538 -0.00169534 -0.00128551 -0.00187084 -0.00169534 -0.0023717 -0.00187084 -0.00264367 -0.00201541 -0.0027341 -0.0023717 -0.00324993 -0.0027341 -0.00362622 -0.00324993 -0.0043677 -0.0023717 -0.00324993 -0.00264367 -0.00365955 -0.00324993 -0.0043677 -0.00365955 -0.0049849 -0.00128551 -0.00187084 -0.00133396 -0.00197595 -0.00187084 -0.00264367 -0.00197595 -0.00281914 -0.00133396 -0.00197595 -0.00133283 -0.00200735 -0.00197595 -0.00281914 -0.00200735 -0.00288771 -0.00264367 -0.00365955 -0.00281914 -0.00393968 -0.00365955 -0.0049849 -0.00393968 -0.00543722 -0.00281914 -0.00393968 -0.00288771 -0.00406716 -0.00393968 -0.00543722 -0.00406716 -0.00567845 0 0 -0.000964244 -0.00119186 0 0 -0.00119186 -0.00142354 -0.000964244 -0.00119186 -0.0019004 -0.00238472 -0.00119186 -0.00142354 -0.00238472 -0.00289947 0 0 -0.00142354 -0.00164101 0 0 -0.00164101 -0.00179652 -0.00142354 -0.00164101 -0.00289947 -0.00339705 -0.00164101 -0.00179652 -0.00339705 -0.00375745 -0.0019004 -0.00238472 -0.00279463 -0.00356121 -0.00238472 -0.00289947 -0.00356121 -0.00440392 -0.00279463 -0.00356121 -0.00362622 -0.004695 -0.00356121 -0.00440392 -0.004695 -0.00590612 -0.00289947 -0.00339705 -0.00440392 -0.00523617 -0.00339705 -0.00375745 -0.00523617 -0.00584594 -0.00440392 -0.00523617 -0.00590612 -0.0071275 -0.00523617 -0.00584594 -0.0071275 -0.00803787 0 0 -0.00179652 -0.00178583 0 0 -0.00178583 -0.00146906 -0.00179652 -0.00178583 -0.00375745 -0.00374795 -0.00178583 -0.00146906 -0.00374795 -0.00308264 0 0 -0.00146906 -0.000773293 0 0 -0.000773293 0.000194105 -0.00146906 -0.000773293 -0.00308264 -0.00162977 -0.000773293 0.000194105 -0.00162977 0.000377637 -0.00375745 -0.00374795 -0.00584594 -0.00585261 -0.00374795 -0.00308264 -0.00585261 -0.0048177 -0.00584594 -0.00585261 -0.00803787 -0.00808814 -0.00585261 -0.0048177 -0.00808814 -0.0066744 -0.00308264 -0.00162977 -0.0048177 -0.00255886 -0.00162977 0.000377637 -0.00255886 0.000550836 -0.0048177 -0.00255886 -0.0066744 -0.00356469 -0.00255886 0.000550836 -0.00356469 0.000713976 -0.00362622 -0.004695 -0.0043677 -0.00574997 -0.004695 -0.00590612 -0.00574997 -0.00736584 -0.0043677 -0.00574997 -0.0049849 -0.00667841 -0.00574997 -0.00736584 -0.00667841 -0.00872906 -0.00590612 -0.0071275 -0.00736584 -0.00903768 -0.0071275 -0.00803787 -0.00903768 -0.0103203 -0.00736584 -0.00903768 -0.00872906 -0.0109254 -0.00903768 -0.0103203 -0.0109254 -0.0126894 -0.0049849 -0.00667841 -0.00543722 -0.00741873 -0.00667841 -0.00872906 -0.00741873 -0.00992135 -0.00543722 -0.00741873 -0.00567845 -0.00789163 -0.00741873 -0.00992135 -0.00789163 -0.0108356 -0.00872906 -0.0109254 -0.00992135 -0.0127324 -0.0109254 -0.0126894 -0.0127324 -0.0151472 -0.00992135 -0.0127324 -0.0108356 -0.0143656 -0.0127324 -0.0151472 -0.0143656 -0.0176926 -0.00803787 -0.00808814 -0.0103203 -0.0104686 -0.00808814 -0.0066744 -0.0104686 -0.0086847 -0.0103203 -0.0104686 -0.0126894 -0.0130403 -0.0104686 -0.0086847 -0.0130403 -0.0109253 -0.0066744 -0.00356469 -0.0086847 -0.0046736 -0.00356469 0.000713976 -0.0046736 0.000867362 -0.0086847 -0.0046736 -0.0109253 -0.00594498 -0.0046736 0.000867362 -0.00594498 0.00101131 -0.0126894 -0.0130403 -0.0151472 -0.0158909 -0.0130403 -0.0109253 -0.0158909 -0.0135384 -0.0151472 -0.0158909 -0.0176926 -0.0191702 -0.0158909 -0.0135384 -0.0191702 -0.0167782 -0.0109253 -0.00594498 -0.0135384 -0.00748877 -0.00594498 0.00101131 -0.00748877 0.00114611 -0.0135384 -0.00748877 -0.0167782 -0.00950545 -0.00748877 0.00114611 -0.00950545 0.00127197 0 0 0.000194105 0.0011593 0 0 0.0011593 0.00184903 0.000194105 0.0011593 0.000377637 0.00238061 0.0011593 0.00184903 0.00238061 0.00382134 0 0 0.00184903 0.00215724 0 0 0.00215724 0.00215802 0.00184903 0.00215724 0.00382134 0.0044694 0.00215724 0.00215802 0.0044694 0.00445897 0.000377637 0.00238061 0.000550836 0.00365378 0.00238061 0.00382134 0.00365378 0.00589414 0.000550836 0.00365378 0.000713976 0.0049834 0.00365378 0.00589414 0.0049834 0.00806789 0.00382134 0.0044694 0.00589414 0.00690289 0.0044694 0.00445897 0.00690289 0.00686617 0.00589414 0.00690289 0.00806789 0.00944617 0.00690289 0.00686617 0.00944617 0.00935566 0 0 0.00215802 0.00199178 0 0 0.00199178 0.00176272 0.00215802 0.00199178 0.00445897 0.00407717 0.00199178 0.00176272 0.00407717 0.0035567 0 0 0.00176272 0.00151809 0 0 0.00151809 0.0012753 0.00176272 0.00151809 0.0035567 0.00301658 0.00151809 0.0012753 0.00301658 0.00250263 0.00445897 0.00407717 0.00686617 0.00622451 0.00407717 0.0035567 0.00622451 0.00535852 0.00686617 0.00622451 0.00935566 0.00840316 0.00622451 0.00535852 0.00840316 0.0071378 0.0035567 0.00301658 0.00535852 0.00447876 0.00301658 0.00250263 0.00447876 0.00366916 0.00535852 0.00447876 0.0071378 0.00587889 0.00447876 0.00366916 0.00587889 0.00475506 0.000713976 0.0049834 0.000867362 0.00639632 0.0049834 0.00806789 0.00639632 0.0103748 0.000867362 0.00639632 0.00101131 0.00795249 0.00639632 0.0103748 0.00795249 0.0128921 0.00806789 0.00944617 0.0103748 0.0121135 0.00944617 0.00935566 0.0121135 0.0119145 0.0103748 0.0121135 0.0128921 0.0149512 0.0121135 0.0119145 0.0149512 0.014539 0.00101131 0.00795249 0.00114611 0.00976239 0.00795249 0.0128921 0.00976239 0.0157622 0.00114611 0.00976239 0.00127197 0.012027 0.00976239 0.0157622 0.012027 0.0192397 0.0128921 0.0149512 0.0157622 0.0180472 0.0149512 0.014539 0.0180472 0.0172311 0.0157622 0.0180472 0.0192397 0.0215514 0.0180472 0.0172311 0.0215514 0.0199895 0.00935566 0.00840316 0.0119145 0.0105799 0.00840316 0.0071378 0.0105799 0.0088546 0.0119145 0.0105799 0.014539 0.0127133 0.0105799 0.0088546 0.0127133 0.0104551 0.0071378 0.00587889 0.0088546 0.00718135 0.00587889 0.00475506 0.00718135 0.00573358 0.0088546 0.00718135 0.0104551 0.00833883 0.00718135 0.00573358 0.00833883 0.00657109 0.014539 0.0127133 0.0172311 0.0147454 0.0127133 0.0104551 0.0147454 0.0118649 0.0172311 0.0147454 0.0199895 0.0165827 0.0147454 0.0118649 0.0165827 0.012977 0.0104551 0.00833883 0.0118649 0.00929002 0.00833883 0.00657109 0.00929002 0.00722745 0.0118649 0.00929002 0.012977 0.00995583 0.00929002 0.00722745 0.00995583 0.00765682 0 0 0.0012753 0.00104475 0 0 0.00104475 0.000834747 0.0012753 0.00104475 0.00250263 0.00203344 0.00104475 0.000834747 0.00203344 0.00161785 0 0 0.000834747 0.000648836 0 0 0.000648836 0.000484854 0.000834747 0.000648836 0.00161785 0.00125613 0.000648836 0.000484854 0.00125613 0.000940339 0.00250263 0.00203344 0.00366916 0.00295536 0.00203344 0.00161785 0.00295536 0.0023403 0.00366916 0.00295536 0.00475506 0.0037959 0.00295536 0.0023403 0.0037959 0.00299152 0.00161785 0.00125613 0.0023403 0.0018148 0.00125613 0.000940339 0.0018148 0.00136131 0.0023403 0.0018148 0.00299152 0.00231725 0.0018148 0.00136131 0.00231725 0.0017425 0 0 0.000484854 0.000337635 0 0 0.000337635 0.000205716 0.000484854 0.000337635 0.000940339 0.000658514 0.000337635 0.000205716 0.000658514 0.000403976 0 0 0.000205716 9.92926e-05 0 0 9.92926e-05 0 0.000205716 9.92926e-05 0.000403976 0.000186063 9.92926e-05 0 0.000186063 0 0.000940339 0.000658514 0.00136131 0.000958932 0.000658514 0.000403976 0.000958932 0.000592061 0.00136131 0.000958932 0.0017425 0.00123571 0.000958932 0.000592061 0.00123571 0.000769709 0.000403976 0.000186063 0.000592061 0.000264316 0.000186063 0 0.000264316 0 0.000592061 0.000264316 0.000769709 0.00033872 0.000264316 0 0.00033872 0 0.00475506 0.0037959 0.00573358 0.00453684 0.0037959 0.00299152 0.00453684 0.00355958 0.00573358 0.00453684 0.00657109 0.00515708 0.00453684 0.00355958 0.00515708 0.00403184 0.00299152 0.00231725 0.00355958 0.00275561 0.00231725 0.0017425 0.00275561 0.00207864 0.00355958 0.00275561 0.00403184 0.00312209 0.00275561 0.00207864 0.00312209 0.00236453 0.00657109 0.00515708 0.00722745 0.00563372 0.00515708 0.00403184 0.00563372 0.00439591 0.00722745 0.00563372 0.00765682 0.00594388 0.00563372 0.00439591 0.00594388 0.00464102 0.00403184 0.00312209 0.00439591 0.00340957 0.00312209 0.00236453 0.00340957 0.00259533 0.00439591 0.00340957 0.00464102 0.00361239 0.00340957 0.00259533 0.00361239 0.00276674 0.0017425 0.00123571 0.00207864 0.00148591 0.00123571 0.000769709 0.00148591 0.000938601 0.00207864 0.00148591 0.00236453 0.00170642 0.00148591 0.000938601 0.00170642 0.00110044 0.000769709 0.00033872 0.000938601 0.000414376 0.00033872 0 0.000414376 0 0.000938601 0.000414376 0.00110044 0.000500156 0.000414376 0 0.000500156 0 0.00236453 0.00170642 0.00259533 0.00189352 0.00170642 0.00110044 0.00189352 0.00125294 0.00259533 0.00189352 0.00276674 0.00204253 0.00189352 0.00125294 0.00204253 0.00139402 0.00110044 0.000500156 0.00125294 0.000614737 0.000500156 0 0.000614737 0 0.00125294 0.000614737 0.00139402 0.000773348 0.000614737 0 0.000773348 0 0 2.63582e-05 0 -3.81257e-05 2.63582e-05 -0.000340747 -3.81257e-05 -0.000365067 0 -3.81257e-05 0 -8.3044e-05 -3.81257e-05 -0.000365067 -8.3044e-05 -0.000393057 -0.000340747 -0.00079459 -0.000365067 -0.000833608 -0.00079459 -0.00133283 -0.000833608 -0.00142627 -0.000365067 -0.000833608 -0.000393057 -0.000877929 -0.000833608 -0.00142627 -0.000877929 -0.00151739 0 -8.3044e-05 0 -0.000105258 -8.3044e-05 -0.000393057 -0.000105258 -0.000419349 0 -0.000105258 0 -0.000115993 -0.000105258 -0.000419349 -0.000115993 -0.000441552 -0.000393057 -0.000877929 -0.000419349 -0.000922219 -0.000877929 -0.00151739 -0.000922219 -0.0016016 -0.000419349 -0.000922219 -0.000441552 -0.000962531 -0.000922219 -0.0016016 -0.000962531 -0.00167514 -0.00133283 -0.00200735 -0.00142627 -0.0021808 -0.00200735 -0.00288771 -0.0021808 -0.00315909 -0.00142627 -0.0021808 -0.00151739 -0.00234032 -0.0021808 -0.00315909 -0.00234032 -0.00340009 -0.00288771 -0.00406716 -0.00315909 -0.00444249 -0.00406716 -0.00567845 -0.00444249 -0.00613255 -0.00315909 -0.00444249 -0.00340009 -0.00476371 -0.00444249 -0.00613255 -0.00476371 -0.00650161 -0.00151739 -0.00234032 -0.0016016 -0.00248155 -0.00234032 -0.00340009 -0.00248155 -0.00360724 -0.0016016 -0.00248155 -0.00167514 -0.00260106 -0.00248155 -0.00360724 -0.00260106 -0.00377834 -0.00340009 -0.00476371 -0.00360724 -0.00503109 -0.00476371 -0.00650161 -0.00503109 -0.00679489 -0.00360724 -0.00503109 -0.00377834 -0.00524592 -0.00503109 -0.00679489 -0.00524592 -0.00702109 0 -0.000115993 0 -0.000121704 -0.000115993 -0.000441552 -0.000121704 -0.000458819 0 -0.000121704 0 -0.000125006 -0.000121704 -0.000458819 -0.000125006 -0.000471073 -0.000441552 -0.000962531 -0.000458819 -0.000996124 -0.000962531 -0.00167514 -0.000996124 -0.0017351 -0.000458819 -0.000996124 -0.000471073 -0.0010212 -0.000996124 -0.0017351 -0.0010212 -0.00177934 0 -0.000125006 0 -0.000126808 -0.000125006 -0.000471073 -0.000126808 -0.000478393 0 -0.000126808 0 -0.000127389 -0.000126808 -0.000478393 -0.000127389 -0.000480829 -0.000471073 -0.0010212 -0.000478393 -0.00103664 -0.0010212 -0.00177934 -0.00103664 -0.00180643 -0.000478393 -0.00103664 -0.000480829 -0.00104185 -0.00103664 -0.00180643 -0.00104185 -0.00181555 -0.00167514 -0.00260106 -0.0017351 -0.00269633 -0.00260106 -0.00377834 -0.00269633 -0.00391211 -0.0017351 -0.00269633 -0.00177934 -0.00276555 -0.00269633 -0.00391211 -0.00276555 -0.0040079 -0.00377834 -0.00524592 -0.00391211 -0.00541014 -0.00524592 -0.00702109 -0.00541014 -0.00718812 -0.00391211 -0.00541014 -0.0040079 -0.00552571 -0.00541014 -0.00718812 -0.00552571 -0.00730251 -0.00177934 -0.00276555 -0.00180643 -0.00280752 -0.00276555 -0.0040079 -0.00280752 -0.00406543 -0.00180643 -0.00280752 -0.00181555 -0.00282158 -0.00280752 -0.00406543 -0.00282158 -0.00408462 -0.0040079 -0.00552571 -0.00406543 -0.00559431 -0.00552571 -0.00730251 -0.00559431 -0.00736915 -0.00406543 -0.00559431 -0.00408462 -0.00561705 -0.00559431 -0.00736915 -0.00561705 -0.00739103 -0.00567845 -0.00789163 -0.00613255 -0.00833061 -0.00789163 -0.0108356 -0.00833061 -0.0110536 -0.00613255 -0.00833061 -0.00650161 -0.0086561 -0.00833061 -0.0110536 -0.0086561 -0.0111605 -0.0108356 -0.0143656 -0.0110536 -0.0140467 -0.0143656 -0.0176926 -0.0140467 -0.0165418 -0.0110536 -0.0140467 -0.0111605 -0.0136953 -0.0140467 -0.0165418 -0.0136953 -0.0155391 -0.00650161 -0.0086561 -0.00679489 -0.00889252 -0.0086561 -0.0111605 -0.00889252 -0.0111967 -0.00679489 -0.00889252 -0.00702109 -0.00905965 -0.00889252 -0.0111967 -0.00905965 -0.0111915 -0.0111605 -0.0136953 -0.0111967 -0.0133518 -0.0136953 -0.0155391 -0.0133518 -0.0146924 -0.0111967 -0.0133518 -0.0111915 -0.0130434 -0.0133518 -0.0146924 -0.0130434 -0.0140039 -0.0176926 -0.0191702 -0.0165418 -0.0171926 -0.0191702 -0.0167782 -0.0171926 -0.0145307 -0.0165418 -0.0171926 -0.0155391 -0.0155933 -0.0171926 -0.0145307 -0.0155933 -0.012786 -0.0167782 -0.00950545 -0.0145307 -0.00797637 -0.00950545 0.00127197 -0.00797637 0.00127324 -0.0145307 -0.00797637 -0.012786 -0.00681555 -0.00797637 0.00127324 -0.00681555 0.00127541 -0.0155391 -0.0155933 -0.0146924 -0.014317 -0.0155933 -0.012786 -0.014317 -0.0114387 -0.0146924 -0.014317 -0.0140039 -0.0133234 -0.014317 -0.0114387 -0.0133234 -0.0104169 -0.012786 -0.00681555 -0.0114387 -0.00593524 -0.00681555 0.00127541 -0.00593524 0.00127801 -0.0114387 -0.00593524 -0.0104169 -0.00527719 -0.00593524 0.00127801 -0.00527719 0.00128062 -0.00702109 -0.00905965 -0.00718812 -0.00917344 -0.00905965 -0.0111915 -0.00917344 -0.011167 -0.00718812 -0.00917344 -0.00730251 -0.00924614 -0.00917344 -0.011167 -0.00924614 -0.011139 -0.0111915 -0.0130434 -0.011167 -0.0127886 -0.0130434 -0.0140039 -0.0127886 -0.0134724 -0.011167 -0.0127886 -0.011139 -0.0125993 -0.0127886 -0.0134724 -0.0125993 -0.0130955 -0.00730251 -0.00924614 -0.00736915 -0.00928636 -0.00924614 -0.011139 -0.00928636 -0.0111182 -0.00736915 -0.00928636 -0.00739103 -0.0092992 -0.00928636 -0.0111182 -0.0092992 -0.0111106 -0.011139 -0.0125993 -0.0111182 -0.012483 -0.0125993 -0.0130955 -0.012483 -0.0128705 -0.0111182 -0.012483 -0.0111106 -0.0124438 -0.012483 -0.0128705 -0.0124438 -0.0127957 -0.0140039 -0.0133234 -0.0134724 -0.0125812 -0.0133234 -0.0104169 -0.0125812 -0.00966876 -0.0134724 -0.0125812 -0.0130955 -0.0120669 -0.0125812 -0.00966876 -0.0120669 -0.00915804 -0.0104169 -0.00527719 -0.00966876 -0.00480083 -0.00527719 0.00128062 -0.00480083 0.00128296 -0.00966876 -0.00480083 -0.00915804 -0.00447833 -0.00480083 0.00128296 -0.00447833 0.00128478 -0.0130955 -0.0120669 -0.0128705 -0.0117647 -0.0120669 -0.00915804 -0.0117647 -0.00886071 -0.0128705 -0.0117647 -0.0127957 -0.0116649 -0.0117647 -0.00886071 -0.0116649 -0.00876309 -0.00915804 -0.00447833 -0.00886071 -0.00429159 -0.00447833 0.00128478 -0.00429159 0.00128593 -0.00886071 -0.00429159 -0.00876309 -0.00423044 -0.00429159 0.00128593 -0.00423044 0.00128633 0.00127197 0.012027 0.00127324 0.0105042 0.012027 0.0192397 0.0105042 0.017008 0.00127324 0.0105042 0.00127541 0.00935063 0.0105042 0.017008 0.00935063 0.0152781 0.0192397 0.0215514 0.017008 0.0196008 0.0215514 0.0199895 0.0196008 0.0188751 0.017008 0.0196008 0.0152781 0.0180251 0.0196008 0.0188751 0.0180251 0.017904 0.00127541 0.00935063 0.00127801 0.00847774 0.00935063 0.0152781 0.00847774 0.013944 0.00127801 0.00847774 0.00128062 0.00782661 0.00847774 0.013944 0.00782661 0.0129334 0.0152781 0.0180251 0.013944 0.0167692 0.0180251 0.017904 0.0167692 0.0170841 0.013944 0.0167692 0.0129334 0.0157924 0.0167692 0.0170841 0.0157924 0.0164176 0.0199895 0.0165827 0.0188751 0.0163068 0.0165827 0.012977 0.0163068 0.0132423 0.0188751 0.0163068 0.017904 0.0159927 0.0163068 0.0132423 0.0159927 0.0133903 0.012977 0.00995583 0.0132423 0.0104451 0.00995583 0.00765682 0.0104451 0.00816301 0.0132423 0.0104451 0.0133903 0.0108138 0.0104451 0.00816301 0.0108138 0.00857573 0.017904 0.0159927 0.0170841 0.0156808 0.0159927 0.0133903 0.0156808 0.0134611 0.0170841 0.0156808 0.0164176 0.0153983 0.0156808 0.0134611 0.0153983 0.0134841 0.0133903 0.0108138 0.0134611 0.0110863 0.0108138 0.00857573 0.0110863 0.00890466 0.0134611 0.0110863 0.0134841 0.0112826 0.0110863 0.00890466 0.0112826 0.00915902 0.00128062 0.00782661 0.00128296 0.00735615 0.00782661 0.0129334 0.00735615 0.0121944 0.00128296 0.00735615 0.00128478 0.00703813 0.00735615 0.0121944 0.00703813 0.0116904 0.0129334 0.0157924 0.0121944 0.0150634 0.0157924 0.0164176 0.0150634 0.0159032 0.0121944 0.0150634 0.0116904 0.0145587 0.0150634 0.0159032 0.0145587 0.0155385 0.00128478 0.00703813 0.00128593 0.00685419 0.00703813 0.0116904 0.00685419 0.0113972 0.00128593 0.00685419 0.00128633 0.00679399 0.00685419 0.0113972 0.00679399 0.0113009 0.0116904 0.0145587 0.0113972 0.0142622 0.0145587 0.0155385 0.0142622 0.0153209 0.0113972 0.0142622 0.0113009 0.0141644 0.0142622 0.0153209 0.0141644 0.0152486 0.0164176 0.0153983 0.0159032 0.0151636 0.0153983 0.0134841 0.0151636 0.0134816 0.0159032 0.0151636 0.0155385 0.0149886 0.0151636 0.0134816 0.0149886 0.0134692 0.0134841 0.0112826 0.0134816 0.0114187 0.0112826 0.00915902 0.0114187 0.00934724 0.0134816 0.0114187 0.0134692 0.0115072 0.0114187 0.00934724 0.0115072 0.00947637 0.0155385 0.0149886 0.0153209 0.0148809 0.0149886 0.0134692 0.0148809 0.0134577 0.0153209 0.0148809 0.0152486 0.0148445 0.0148809 0.0134577 0.0148445 0.0134532 0.0134692 0.0115072 0.0134577 0.0115569 0.0115072 0.00947637 0.0115569 0.00955168 0.0134577 0.0115569 0.0134532 0.0115728 0.0115569 0.00955168 0.0115728 0.00957642 0.00765682 0.00594388 0.00816301 0.00637118 0.00594388 0.00464102 0.00637118 0.00496078 0.00816301 0.00637118 0.00857573 0.00673403 0.00637118 0.00496078 0.00673403 0.00523712 0.00464102 0.00361239 0.00496078 0.00382441 0.00361239 0.00276674 0.00382441 0.00287785 0.00496078 0.00382441 0.00523712 0.0040059 0.00382441 0.00287785 0.0040059 0.00296609 0.00857573 0.00673403 0.00890466 0.00703382 0.00673403 0.00523712 0.00703382 0.00546896 0.00890466 0.00703382 0.00915902 0.00727308 0.00703382 0.00546896 0.00727308 0.00565647 0.00523712 0.0040059 0.00546896 0.00415699 0.0040059 0.00296609 0.00415699 0.00303487 0.00546896 0.00415699 0.00565647 0.00427845 0.00415699 0.00303487 0.00427845 0.00308726 0.00276674 0.00204253 0.00287785 0.00205803 0.00204253 0.00139402 0.00205803 0.0013157 0.00287785 0.00205803 0.00296609 0.00205691 0.00205803 0.0013157 0.00205691 0.00123264 0.00139402 0.000773348 0.0013157 0.000611633 0.000773348 0 0.000611633 0 0.0013157 0.000611633 0.00123264 0.000473964 0.000611633 0 0.000473964 0 0.00296609 0.00205691 0.00303487 0.00204736 0.00205691 0.00123264 0.00204736 0.00115938 0.00303487 0.00204736 0.00308726 0.00203525 0.00204736 0.00115938 0.00203525 0.00110159 0.00123264 0.000473964 0.00115938 0.000388625 0.000473964 0 0.000388625 0 0.00115938 0.000388625 0.00110159 0.000339129 0.000388625 0 0.000339129 0 0.00915902 0.00727308 0.00934724 0.00745489 0.00727308 0.00565647 0.00745489 0.00580052 0.00934724 0.00745489 0.00947637 0.00758224 0.00745489 0.00580052 0.00758224 0.00590229 0.00565647 0.00427845 0.00580052 0.00437136 0.00427845 0.00308726 0.00437136 0.00312573 0.00580052 0.00437136 0.00590229 0.00443681 0.00437136 0.00312573 0.00443681 0.00315208 0.00947637 0.00758224 0.00955168 0.00765758 0.00758224 0.00590229 0.00765758 0.00596286 0.00955168 0.00765758 0.00957642 0.00768251 0.00765758 0.00596286 0.00768251 0.00598296 0.00590229 0.00443681 0.00596286 0.00447569 0.00443681 0.00315208 0.00447569 0.00316747 0.00596286 0.00447569 0.00598296 0.00448858 0.00447569 0.00316747 0.00448858 0.00317253 0.00308726 0.00203525 0.00312573 0.0020241 0.00203525 0.00110159 0.0020241 0.00105999 0.00312573 0.0020241 0.00315208 0.00201563 0.0020241 0.00105999 0.00201563 0.00103271 0.00110159 0.000339129 0.00105999 0.000310455 0.000339129 0 0.000310455 0 0.00105999 0.000310455 0.00103271 0.000294068 0.000310455 0 0.000294068 0 0.00315208 0.00201563 0.00316747 0.00201047 0.00201563 0.00103271 0.00201047 0.00101743 0.00316747 0.00201047 0.00317253 0.00200875 0.00201047 0.00101743 0.00200875 0.00101253 0.00103271 0.000294068 0.00101743 0.00028559 0.000294068 0 0.00028559 0 0.00101743 0.00028559 0.00101253 0.000282966 0.00028559 0 0.000282966 0 0 -0.000127389 0 -0.000126808 -0.000127389 -0.000480829 -0.000126808 -0.000478393 0 -0.000126808 0 -0.000125006 -0.000126808 -0.000478393 -0.000125006 -0.000471073 -0.000480829 -0.00104185 -0.000478393 -0.00103664 -0.00104185 -0.00181555 -0.00103664 -0.00180643 -0.000478393 -0.00103664 -0.000471073 -0.0010212 -0.00103664 -0.00180643 -0.0010212 -0.00177934 0 -0.000125006 0 -0.000121704 -0.000125006 -0.000471073 -0.000121704 -0.000458819 0 -0.000121704 0 -0.000115993 -0.000121704 -0.000458819 -0.000115993 -0.000441552 -0.000471073 -0.0010212 -0.000458819 -0.000996124 -0.0010212 -0.00177934 -0.000996124 -0.0017351 -0.000458819 -0.000996124 -0.000441552 -0.000962531 -0.000996124 -0.0017351 -0.000962531 -0.00167514 -0.00181555 -0.00282158 -0.00180643 -0.00280752 -0.00282158 -0.00408462 -0.00280752 -0.00406543 -0.00180643 -0.00280752 -0.00177934 -0.00276555 -0.00280752 -0.00406543 -0.00276555 -0.0040079 -0.00408462 -0.00561705 -0.00406543 -0.00559431 -0.00561705 -0.00739103 -0.00559431 -0.00736915 -0.00406543 -0.00559431 -0.0040079 -0.00552571 -0.00559431 -0.00736915 -0.00552571 -0.00730251 -0.00177934 -0.00276555 -0.0017351 -0.00269633 -0.00276555 -0.0040079 -0.00269633 -0.00391211 -0.0017351 -0.00269633 -0.00167514 -0.00260106 -0.00269633 -0.00391211 -0.00260106 -0.00377834 -0.0040079 -0.00552571 -0.00391211 -0.00541014 -0.00552571 -0.00730251 -0.00541014 -0.00718812 -0.00391211 -0.00541014 -0.00377834 -0.00524592 -0.00541014 -0.00718812 -0.00524592 -0.00702109 0 -0.000115993 0 -0.000105258 -0.000115993 -0.000441552 -0.000105258 -0.000419349 0 -0.000105258 0 -8.3044e-05 -0.000105258 -0.000419349 -8.3044e-05 -0.000393057 -0.000441552 -0.000962531 -0.000419349 -0.000922219 -0.000962531 -0.00167514 -0.000922219 -0.0016016 -0.000419349 -0.000922219 -0.000393057 -0.000877929 -0.000922219 -0.0016016 -0.000877929 -0.00151739 0 -8.3044e-05 0 -3.81257e-05 -8.3044e-05 -0.000393057 -3.81257e-05 -0.000365067 0 -3.81257e-05 0 2.63582e-05 -3.81257e-05 -0.000365067 2.63582e-05 -0.000340747 -0.000393057 -0.000877929 -0.000365067 -0.000833608 -0.000877929 -0.00151739 -0.000833608 -0.00142627 -0.000365067 -0.000833608 -0.000340747 -0.00079459 -0.000833608 -0.00142627 -0.00079459 -0.00133283 -0.00167514 -0.00260106 -0.0016016 -0.00248155 -0.00260106 -0.00377834 -0.00248155 -0.00360724 -0.0016016 -0.00248155 -0.00151739 -0.00234032 -0.00248155 -0.00360724 -0.00234032 -0.00340009 -0.00377834 -0.00524592 -0.00360724 -0.00503109 -0.00524592 -0.00702109 -0.00503109 -0.00679489 -0.00360724 -0.00503109 -0.00340009 -0.00476371 -0.00503109 -0.00679489 -0.00476371 -0.00650161 -0.00151739 -0.00234032 -0.00142627 -0.0021808 -0.00234032 -0.00340009 -0.0021808 -0.00315909 -0.00142627 -0.0021808 -0.00133283 -0.00200735 -0.0021808 -0.00315909 -0.00200735 -0.00288771 -0.00340009 -0.00476371 -0.00315909 -0.00444249 -0.00476371 -0.00650161 -0.00444249 -0.00613255 -0.00315909 -0.00444249 -0.00288771 -0.00406716 -0.00444249 -0.00613255 -0.00406716 -0.00567845 -0.00739103 -0.0092992 -0.00736915 -0.00928636 -0.0092992 -0.0111106 -0.00928636 -0.0111182 -0.00736915 -0.00928636 -0.00730251 -0.00924614 -0.00928636 -0.0111182 -0.00924614 -0.011139 -0.0111106 -0.0124438 -0.0111182 -0.012483 -0.0124438 -0.0127957 -0.012483 -0.0128705 -0.0111182 -0.012483 -0.011139 -0.0125993 -0.012483 -0.0128705 -0.0125993 -0.0130955 -0.00730251 -0.00924614 -0.00718812 -0.00917344 -0.00924614 -0.011139 -0.00917344 -0.011167 -0.00718812 -0.00917344 -0.00702109 -0.00905965 -0.00917344 -0.011167 -0.00905965 -0.0111915 -0.011139 -0.0125993 -0.011167 -0.0127886 -0.0125993 -0.0130955 -0.0127886 -0.0134724 -0.011167 -0.0127886 -0.0111915 -0.0130434 -0.0127886 -0.0134724 -0.0130434 -0.0140039 -0.0127957 -0.0116649 -0.0128705 -0.0117647 -0.0116649 -0.00876309 -0.0117647 -0.00886071 -0.0128705 -0.0117647 -0.0130955 -0.0120669 -0.0117647 -0.00886071 -0.0120669 -0.00915804 -0.00876309 -0.00423044 -0.00886071 -0.00429159 -0.00423044 0.00128633 -0.00429159 0.00128593 -0.00886071 -0.00429159 -0.00915804 -0.00447833 -0.00429159 0.00128593 -0.00447833 0.00128478 -0.0130955 -0.0120669 -0.0134724 -0.0125812 -0.0120669 -0.00915804 -0.0125812 -0.00966876 -0.0134724 -0.0125812 -0.0140039 -0.0133234 -0.0125812 -0.00966876 -0.0133234 -0.0104169 -0.00915804 -0.00447833 -0.00966876 -0.00480083 -0.00447833 0.00128478 -0.00480083 0.00128296 -0.00966876 -0.00480083 -0.0104169 -0.00527719 -0.00480083 0.00128296 -0.00527719 0.00128062 -0.00702109 -0.00905965 -0.00679489 -0.00889252 -0.00905965 -0.0111915 -0.00889252 -0.0111967 -0.00679489 -0.00889252 -0.00650161 -0.0086561 -0.00889252 -0.0111967 -0.0086561 -0.0111605 -0.0111915 -0.0130434 -0.0111967 -0.0133518 -0.0130434 -0.0140039 -0.0133518 -0.0146924 -0.0111967 -0.0133518 -0.0111605 -0.0136953 -0.0133518 -0.0146924 -0.0136953 -0.0155391 -0.00650161 -0.0086561 -0.00613255 -0.00833061 -0.0086561 -0.0111605 -0.00833061 -0.0110536 -0.00613255 -0.00833061 -0.00567845 -0.00789163 -0.00833061 -0.0110536 -0.00789163 -0.0108356 -0.0111605 -0.0136953 -0.0110536 -0.0140467 -0.0136953 -0.0155391 -0.0140467 -0.0165418 -0.0110536 -0.0140467 -0.0108356 -0.0143656 -0.0140467 -0.0165418 -0.0143656 -0.0176926 -0.0140039 -0.0133234 -0.0146924 -0.014317 -0.0133234 -0.0104169 -0.014317 -0.0114387 -0.0146924 -0.014317 -0.0155391 -0.0155933 -0.014317 -0.0114387 -0.0155933 -0.012786 -0.0104169 -0.00527719 -0.0114387 -0.00593524 -0.00527719 0.00128062 -0.00593524 0.00127801 -0.0114387 -0.00593524 -0.012786 -0.00681555 -0.00593524 0.00127801 -0.00681555 0.00127541 -0.0155391 -0.0155933 -0.0165418 -0.0171926 -0.0155933 -0.012786 -0.0171926 -0.0145307 -0.0165418 -0.0171926 -0.0176926 -0.0191702 -0.0171926 -0.0145307 -0.0191702 -0.0167782 -0.012786 -0.00681555 -0.0145307 -0.00797637 -0.00681555 0.00127541 -0.00797637 0.00127324 -0.0145307 -0.00797637 -0.0167782 -0.00950545 -0.00797637 0.00127324 -0.00950545 0.00127197 0.00128633 0.00679399 0.00128593 0.00685419 0.00679399 0.0113009 0.00685419 0.0113972 0.00128593 0.00685419 0.00128478 0.00703813 0.00685419 0.0113972 0.00703813 0.0116904 0.0113009 0.0141644 0.0113972 0.0142622 0.0141644 0.0152486 0.0142622 0.0153209 0.0113972 0.0142622 0.0116904 0.0145587 0.0142622 0.0153209 0.0145587 0.0155385 0.00128478 0.00703813 0.00128296 0.00735615 0.00703813 0.0116904 0.00735615 0.0121944 0.00128296 0.00735615 0.00128062 0.00782661 0.00735615 0.0121944 0.00782661 0.0129334 0.0116904 0.0145587 0.0121944 0.0150634 0.0145587 0.0155385 0.0150634 0.0159032 0.0121944 0.0150634 0.0129334 0.0157924 0.0150634 0.0159032 0.0157924 0.0164176 0.0152486 0.0148445 0.0153209 0.0148809 0.0148445 0.0134532 0.0148809 0.0134577 0.0153209 0.0148809 0.0155385 0.0149886 0.0148809 0.0134577 0.0149886 0.0134692 0.0134532 0.0115728 0.0134577 0.0115569 0.0115728 0.00957642 0.0115569 0.00955168 0.0134577 0.0115569 0.0134692 0.0115072 0.0115569 0.00955168 0.0115072 0.00947637 0.0155385 0.0149886 0.0159032 0.0151636 0.0149886 0.0134692 0.0151636 0.0134816 0.0159032 0.0151636 0.0164176 0.0153983 0.0151636 0.0134816 0.0153983 0.0134841 0.0134692 0.0115072 0.0134816 0.0114187 0.0115072 0.00947637 0.0114187 0.00934724 0.0134816 0.0114187 0.0134841 0.0112826 0.0114187 0.00934724 0.0112826 0.00915902 0.00128062 0.00782661 0.00127801 0.00847774 0.00782661 0.0129334 0.00847774 0.013944 0.00127801 0.00847774 0.00127541 0.00935063 0.00847774 0.013944 0.00935063 0.0152781 0.0129334 0.0157924 0.013944 0.0167692 0.0157924 0.0164176 0.0167692 0.0170841 0.013944 0.0167692 0.0152781 0.0180251 0.0167692 0.0170841 0.0180251 0.017904 0.00127541 0.00935063 0.00127324 0.0105042 0.00935063 0.0152781 0.0105042 0.017008 0.00127324 0.0105042 0.00127197 0.012027 0.0105042 0.017008 0.012027 0.0192397 0.0152781 0.0180251 0.017008 0.0196008 0.0180251 0.017904 0.0196008 0.0188751 0.017008 0.0196008 0.0192397 0.0215514 0.0196008 0.0188751 0.0215514 0.0199895 0.0164176 0.0153983 0.0170841 0.0156808 0.0153983 0.0134841 0.0156808 0.0134611 0.0170841 0.0156808 0.017904 0.0159927 0.0156808 0.0134611 0.0159927 0.0133903 0.0134841 0.0112826 0.0134611 0.0110863 0.0112826 0.00915902 0.0110863 0.00890466 0.0134611 0.0110863 0.0133903 0.0108138 0.0110863 0.00890466 0.0108138 0.00857573 0.017904 0.0159927 0.0188751 0.0163068 0.0159927 0.0133903 0.0163068 0.0132423 0.0188751 0.0163068 0.0199895 0.0165827 0.0163068 0.0132423 0.0165827 0.012977 0.0133903 0.0108138 0.0132423 0.0104451 0.0108138 0.00857573 0.0104451 0.00816301 0.0132423 0.0104451 0.012977 0.00995583 0.0104451 0.00816301 0.00995583 0.00765682 0.00957642 0.00768251 0.00955168 0.00765758 0.00768251 0.00598296 0.00765758 0.00596286 0.00955168 0.00765758 0.00947637 0.00758224 0.00765758 0.00596286 0.00758224 0.00590229 0.00598296 0.00448858 0.00596286 0.00447569 0.00448858 0.00317253 0.00447569 0.00316747 0.00596286 0.00447569 0.00590229 0.00443681 0.00447569 0.00316747 0.00443681 0.00315208 0.00947637 0.00758224 0.00934724 0.00745489 0.00758224 0.00590229 0.00745489 0.00580052 0.00934724 0.00745489 0.00915902 0.00727308 0.00745489 0.00580052 0.00727308 0.00565647 0.00590229 0.00443681 0.00580052 0.00437136 0.00443681 0.00315208 0.00437136 0.00312573 0.00580052 0.00437136 0.00565647 0.00427845 0.00437136 0.00312573 0.00427845 0.00308726 0.00317253 0.00200875 0.00316747 0.00201047 0.00200875 0.00101253 0.00201047 0.00101743 0.00316747 0.00201047 0.00315208 0.00201563 0.00201047 0.00101743 0.00201563 0.00103271 0.00101253 0.000282966 0.00101743 0.00028559 0.000282966 0 0.00028559 0 0.00101743 0.00028559 0.00103271 0.000294068 0.00028559 0 0.000294068 0 0.00315208 0.00201563 0.00312573 0.0020241 0.00201563 0.00103271 0.0020241 0.00105999 0.00312573 0.0020241 0.00308726 0.00203525 0.0020241 0.00105999 0.00203525 0.00110159 0.00103271 0.000294068 0.00105999 0.000310455 0.000294068 0 0.000310455 0 0.00105999 0.000310455 0.00110159 0.000339129 0.000310455 0 0.000339129 0 0.00915902 0.00727308 0.00890466 0.00703382 0.00727308 0.00565647 0.00703382 0.00546896 0.00890466 0.00703382 0.00857573 0.00673403 0.00703382 0.00546896 0.00673403 0.00523712 0.00565647 0.00427845 0.00546896 0.00415699 0.00427845 0.00308726 0.00415699 0.00303487 0.00546896 0.00415699 0.00523712 0.0040059 0.00415699 0.00303487 0.0040059 0.00296609 0.00857573 0.00673403 0.00816301 0.00637118 0.00673403 0.00523712 0.00637118 0.00496078 0.00816301 0.00637118 0.00765682 0.00594388 0.00637118 0.00496078 0.00594388 0.00464102 0.00523712 0.0040059 0.00496078 0.00382441 0.0040059 0.00296609 0.00382441 0.00287785 0.00496078 0.00382441 0.00464102 0.00361239 0.00382441 0.00287785 0.00361239 0.00276674 0.00308726 0.00203525 0.00303487 0.00204736 0.00203525 0.00110159 0.00204736 0.00115938 0.00303487 0.00204736 0.00296609 0.00205691 0.00204736 0.00115938 0.00205691 0.00123264 0.00110159 0.000339129 0.00115938 0.000388625 0.000339129 0 0.000388625 0 0.00115938 0.000388625 0.00123264 0.000473964 0.000388625 0 0.000473964 0 0.00296609 0.00205691 0.00287785 0.00205803 0.00205691 0.00123264 0.00205803 0.0013157 0.00287785 0.00205803 0.00276674 0.00204253 0.00205803 0.0013157 0.00204253 0.00139402 0.00123264 0.000473964 0.0013157 0.000611633 0.000473964 0 0.000611633 0 0.0013157 0.000611633 0.00139402 0.000773348 0.000611633 0 0.000773348 0 0 2.63582e-05 0 -0.000183592 2.63582e-05 -0.000340747 -0.000183592 -0.000450537 0 -0.000183592 0 -0.000285255 -0.000183592 -0.000450537 -0.000285255 -0.000519011 -0.000340747 -0.00079459 -0.000450537 -0.000837064 -0.00079459 -0.00133283 -0.000837064 -0.00133396 -0.000450537 -0.000837064 -0.000519011 -0.000845119 -0.000837064 -0.00133396 -0.000845119 -0.00128551 0 -0.000285255 0 -0.000321289 -0.000285255 -0.000519011 -0.000321289 -0.000542994 0 -0.000321289 0 -0.000321156 -0.000321289 -0.000542994 -0.000321156 -0.000521236 -0.000519011 -0.000845119 -0.000542994 -0.00081146 -0.000845119 -0.00128551 -0.00081146 -0.00118538 -0.000542994 -0.00081146 -0.000521236 -0.000733124 -0.00081146 -0.00118538 -0.000733124 -0.001034 -0.00133283 -0.00200735 -0.00133396 -0.00197595 -0.00200735 -0.00288771 -0.00197595 -0.00281914 -0.00133396 -0.00197595 -0.00128551 -0.00187084 -0.00197595 -0.00281914 -0.00187084 -0.00264367 -0.00288771 -0.00406716 -0.00281914 -0.00393968 -0.00406716 -0.00567845 -0.00393968 -0.00543722 -0.00281914 -0.00393968 -0.00264367 -0.00365955 -0.00393968 -0.00543722 -0.00365955 -0.0049849 -0.00128551 -0.00187084 -0.00118538 -0.00169534 -0.00187084 -0.00264367 -0.00169534 -0.0023717 -0.00118538 -0.00169534 -0.001034 -0.00145481 -0.00169534 -0.0023717 -0.00145481 -0.00201541 -0.00264367 -0.00365955 -0.0023717 -0.00324993 -0.00365955 -0.0049849 -0.00324993 -0.0043677 -0.0023717 -0.00324993 -0.00201541 -0.0027341 -0.00324993 -0.0043677 -0.0027341 -0.00362622 0 -0.000321156 0 -0.000295172 -0.000321156 -0.000521236 -0.000295172 -0.000456186 0 -0.000295172 0 -0.000243053 -0.000295172 -0.000456186 -0.000243053 -0.000348634 -0.000521236 -0.000733124 -0.000456186 -0.000609954 -0.000733124 -0.001034 -0.000609954 -0.000833995 -0.000456186 -0.000609954 -0.000348634 -0.000443897 -0.000609954 -0.000833995 -0.000443897 -0.000590096 0 -0.000243053 0 -0.000153298 -0.000243053 -0.000348634 -0.000153298 -0.000197498 0 -0.000153298 0 0 -0.000153298 -0.000197498 0 0 -0.000348634 -0.000443897 -0.000197498 -0.000238635 -0.000443897 -0.000590096 -0.000238635 -0.000309087 -0.000197498 -0.000238635 0 0 -0.000238635 -0.000309087 0 0 -0.001034 -0.00145481 -0.000833995 -0.0011562 -0.00145481 -0.00201541 -0.0011562 -0.00158765 -0.000833995 -0.0011562 -0.000590096 -0.000807764 -0.0011562 -0.00158765 -0.000807764 -0.00110117 -0.00201541 -0.0027341 -0.00158765 -0.00213377 -0.0027341 -0.00362622 -0.00213377 -0.00279463 -0.00158765 -0.00213377 -0.00110117 -0.00146802 -0.00213377 -0.00279463 -0.00146802 -0.0019004 -0.000590096 -0.000807764 -0.000309087 -0.000418876 -0.000807764 -0.00110117 -0.000418876 -0.000568165 -0.000309087 -0.000418876 0 0 -0.000418876 -0.000568165 0 0 -0.00110117 -0.00146802 -0.000568165 -0.000752669 -0.00146802 -0.0019004 -0.000752669 -0.000964244 -0.000568165 -0.000752669 0 0 -0.000752669 -0.000964244 0 0 -0.00567845 -0.00789163 -0.00543722 -0.00741873 -0.00789163 -0.0108356 -0.00741873 -0.00992135 -0.00543722 -0.00741873 -0.0049849 -0.00667841 -0.00741873 -0.00992135 -0.00667841 -0.00872906 -0.0108356 -0.0143656 -0.00992135 -0.0127324 -0.0143656 -0.0176926 -0.0127324 -0.0151472 -0.00992135 -0.0127324 -0.00872906 -0.0109254 -0.0127324 -0.0151472 -0.0109254 -0.0126894 -0.0049849 -0.00667841 -0.0043677 -0.00574997 -0.00667841 -0.00872906 -0.00574997 -0.00736584 -0.0043677 -0.00574997 -0.00362622 -0.004695 -0.00574997 -0.00736584 -0.004695 -0.00590612 -0.00872906 -0.0109254 -0.00736584 -0.00903768 -0.0109254 -0.0126894 -0.00903768 -0.0103203 -0.00736584 -0.00903768 -0.00590612 -0.0071275 -0.00903768 -0.0103203 -0.0071275 -0.00803787 -0.0176926 -0.0191702 -0.0151472 -0.0158909 -0.0191702 -0.0167782 -0.0158909 -0.0135384 -0.0151472 -0.0158909 -0.0126894 -0.0130403 -0.0158909 -0.0135384 -0.0130403 -0.0109253 -0.0167782 -0.00950545 -0.0135384 -0.00748877 -0.00950545 0.00127197 -0.00748877 0.00114611 -0.0135384 -0.00748877 -0.0109253 -0.00594498 -0.00748877 0.00114611 -0.00594498 0.00101131 -0.0126894 -0.0130403 -0.0103203 -0.0104686 -0.0130403 -0.0109253 -0.0104686 -0.0086847 -0.0103203 -0.0104686 -0.00803787 -0.00808814 -0.0104686 -0.0086847 -0.00808814 -0.0066744 -0.0109253 -0.00594498 -0.0086847 -0.0046736 -0.00594498 0.00101131 -0.0046736 0.000867362 -0.0086847 -0.0046736 -0.0066744 -0.00356469 -0.0046736 0.000867362 -0.00356469 0.000713976 -0.00362622 -0.004695 -0.00279463 -0.00356121 -0.004695 -0.00590612 -0.00356121 -0.00440392 -0.00279463 -0.00356121 -0.0019004 -0.00238472 -0.00356121 -0.00440392 -0.00238472 -0.00289947 -0.00590612 -0.0071275 -0.00440392 -0.00523617 -0.0071275 -0.00803787 -0.00523617 -0.00584594 -0.00440392 -0.00523617 -0.00289947 -0.00339705 -0.00523617 -0.00584594 -0.00339705 -0.00375745 -0.0019004 -0.00238472 -0.000964244 -0.00119186 -0.00238472 -0.00289947 -0.00119186 -0.00142354 -0.000964244 -0.00119186 0 0 -0.00119186 -0.00142354 0 0 -0.00289947 -0.00339705 -0.00142354 -0.00164101 -0.00339705 -0.00375745 -0.00164101 -0.00179652 -0.00142354 -0.00164101 0 0 -0.00164101 -0.00179652 0 0 -0.00803787 -0.00808814 -0.00584594 -0.00585261 -0.00808814 -0.0066744 -0.00585261 -0.0048177 -0.00584594 -0.00585261 -0.00375745 -0.00374795 -0.00585261 -0.0048177 -0.00374795 -0.00308264 -0.0066744 -0.00356469 -0.0048177 -0.00255886 -0.00356469 0.000713976 -0.00255886 0.000550836 -0.0048177 -0.00255886 -0.00308264 -0.00162977 -0.00255886 0.000550836 -0.00162977 0.000377637 -0.00375745 -0.00374795 -0.00179652 -0.00178583 -0.00374795 -0.00308264 -0.00178583 -0.00146906 -0.00179652 -0.00178583 0 0 -0.00178583 -0.00146906 0 0 -0.00308264 -0.00162977 -0.00146906 -0.000773293 -0.00162977 0.000377637 -0.000773293 0.000194105 -0.00146906 -0.000773293 0 0 -0.000773293 0.000194105 0 0 0.00127197 0.012027 0.00114611 0.00976239 0.012027 0.0192397 0.00976239 0.0157622 0.00114611 0.00976239 0.00101131 0.00795249 0.00976239 0.0157622 0.00795249 0.0128921 0.0192397 0.0215514 0.0157622 0.0180472 0.0215514 0.0199895 0.0180472 0.0172311 0.0157622 0.0180472 0.0128921 0.0149512 0.0180472 0.0172311 0.0149512 0.014539 0.00101131 0.00795249 0.000867362 0.00639632 0.00795249 0.0128921 0.00639632 0.0103748 0.000867362 0.00639632 0.000713976 0.0049834 0.00639632 0.0103748 0.0049834 0.00806789 0.0128921 0.0149512 0.0103748 0.0121135 0.0149512 0.014539 0.0121135 0.0119145 0.0103748 0.0121135 0.00806789 0.00944617 0.0121135 0.0119145 0.00944617 0.00935566 0.0199895 0.0165827 0.0172311 0.0147454 0.0165827 0.012977 0.0147454 0.0118649 0.0172311 0.0147454 0.014539 0.0127133 0.0147454 0.0118649 0.0127133 0.0104551 0.012977 0.00995583 0.0118649 0.00929002 0.00995583 0.00765682 0.00929002 0.00722745 0.0118649 0.00929002 0.0104551 0.00833883 0.00929002 0.00722745 0.00833883 0.00657109 0.014539 0.0127133 0.0119145 0.0105799 0.0127133 0.0104551 0.0105799 0.0088546 0.0119145 0.0105799 0.00935566 0.00840316 0.0105799 0.0088546 0.00840316 0.0071378 0.0104551 0.00833883 0.0088546 0.00718135 0.00833883 0.00657109 0.00718135 0.00573358 0.0088546 0.00718135 0.0071378 0.00587889 0.00718135 0.00573358 0.00587889 0.00475506 0.000713976 0.0049834 0.000550836 0.00365378 0.0049834 0.00806789 0.00365378 0.00589414 0.000550836 0.00365378 0.000377637 0.00238061 0.00365378 0.00589414 0.00238061 0.00382134 0.00806789 0.00944617 0.00589414 0.00690289 0.00944617 0.00935566 0.00690289 0.00686617 0.00589414 0.00690289 0.00382134 0.0044694 0.00690289 0.00686617 0.0044694 0.00445897 0.000377637 0.00238061 0.000194105 0.0011593 0.00238061 0.00382134 0.0011593 0.00184903 0.000194105 0.0011593 0 0 0.0011593 0.00184903 0 0 0.00382134 0.0044694 0.00184903 0.00215724 0.0044694 0.00445897 0.00215724 0.00215802 0.00184903 0.00215724 0 0 0.00215724 0.00215802 0 0 0.00935566 0.00840316 0.00686617 0.00622451 0.00840316 0.0071378 0.00622451 0.00535852 0.00686617 0.00622451 0.00445897 0.00407717 0.00622451 0.00535852 0.00407717 0.0035567 0.0071378 0.00587889 0.00535852 0.00447876 0.00587889 0.00475506 0.00447876 0.00366916 0.00535852 0.00447876 0.0035567 0.00301658 0.00447876 0.00366916 0.00301658 0.00250263 0.00445897 0.00407717 0.00215802 0.00199178 0.00407717 0.0035567 0.00199178 0.00176272 0.00215802 0.00199178 0 0 0.00199178 0.00176272 0 0 0.0035567 0.00301658 0.00176272 0.00151809 0.00301658 0.00250263 0.00151809 0.0012753 0.00176272 0.00151809 0 0 0.00151809 0.0012753 0 0 0.00765682 0.00594388 0.00722745 0.00563372 0.00594388 0.00464102 0.00563372 0.00439591 0.00722745 0.00563372 0.00657109 0.00515708 0.00563372 0.00439591 0.00515708 0.00403184 0.00464102 0.00361239 0.00439591 0.00340957 0.00361239 0.00276674 0.00340957 0.00259533 0.00439591 0.00340957 0.00403184 0.00312209 0.00340957 0.00259533 0.00312209 0.00236453 0.00657109 0.00515708 0.00573358 0.00453684 0.00515708 0.00403184 0.00453684 0.00355958 0.00573358 0.00453684 0.00475506 0.0037959 0.00453684 0.00355958 0.0037959 0.00299152 0.00403184 0.00312209 0.00355958 0.00275561 0.00312209 0.00236453 0.00275561 0.00207864 0.00355958 0.00275561 0.00299152 0.00231725 0.00275561 0.00207864 0.00231725 0.0017425 0.00276674 0.00204253 0.00259533 0.00189352 0.00204253 0.00139402 0.00189352 0.00125294 0.00259533 0.00189352 0.00236453 0.00170642 0.00189352 0.00125294 0.00170642 0.00110044 0.00139402 0.000773348 0.00125294 0.000614737 0.000773348 0 0.000614737 0 0.00125294 0.000614737 0.00110044 0.000500156 0.000614737 0 0.000500156 0 0.00236453 0.00170642 0.00207864 0.00148591 0.00170642 0.00110044 0.00148591 0.000938601 0.00207864 0.00148591 0.0017425 0.00123571 0.00148591 0.000938601 0.00123571 0.000769709 0.00110044 0.000500156 0.000938601 0.000414376 0.000500156 0 0.000414376 0 0.000938601 0.000414376 0.000769709 0.00033872 0.000414376 0 0.00033872 0 0.00475506 0.0037959 0.00366916 0.00295536 0.0037959 0.00299152 0.00295536 0.0023403 0.00366916 0.00295536 0.00250263 0.00203344 0.00295536 0.0023403 0.00203344 0.00161785 0.00299152 0.00231725 0.0023403 0.0018148 0.00231725 0.0017425 0.0018148 0.00136131 0.0023403 0.0018148 0.00161785 0.00125613 0.0018148 0.00136131 0.00125613 0.000940339 0.00250263 0.00203344 0.0012753 0.00104475 0.00203344 0.00161785 0.00104475 0.000834747 0.0012753 0.00104475 0 0 0.00104475 0.000834747 0 0 0.00161785 0.00125613 0.000834747 0.000648836 0.00125613 0.000940339 0.000648836 0.000484854 0.000834747 0.000648836 0 0 0.000648836 0.000484854 0 0 0.0017425 0.00123571 0.00136131 0.000958932 0.00123571 0.000769709 0.000958932 0.000592061 0.00136131 0.000958932 0.000940339 0.000658514 0.000958932 0.000592061 0.000658514 0.000403976 0.000769709 0.00033872 0.000592061 0.000264316 0.00033872 0 0.000264316 0 0.000592061 0.000264316 0.000403976 0.000186063 0.000264316 0 0.000186063 0 0.000940339 0.000658514 0.000484854 0.000337635 0.000658514 0.000403976 0.000337635 0.000205716 0.000484854 0.000337635 0 0 0.000337635 0.000205716 0 0 0.000403976 0.000186063 0.000205716 9.92926e-05 0.000186063 0 9.92926e-05 0 0.000205716 9.92926e-05 0 0 9.92926e-05 0 0 0 
SCALARS y_dis double 1
LOOKUP_TABLE default
0 0 0 -0.000137331 0 0 -0.000137331 -0.000174985 0 -0.000137331 0 -0.000251968 -0.000137331 -0.000174985 -0.000251968 -0.000336543 0 0 -0.000174985 -0.000189293 0 0 -0.000189293 -0.000192989 -0.000174985 -0.000189293 -0.000336543 -0.000359908 -0.000189293 -0.000192989 -0.000359908 -0.000356112 0 -0.000251968 0 -0.000344753 -0.000251968 -0.000336543 -0.000344753 -0.000482783 0 -0.000344753 0 -0.000427355 -0.000344753 -0.000482783 -0.000427355 -0.000615061 -0.000336543 -0.000359908 -0.000482783 -0.000509822 -0.000359908 -0.000356112 -0.000509822 -0.000489256 -0.000482783 -0.000509822 -0.000615061 -0.000638542 -0.000509822 -0.000489256 -0.000638542 -0.00059313 0 0 -0.000192989 -0.000194986 0 0 -0.000194986 -0.000200041 -0.000192989 -0.000194986 -0.000356112 -0.000347416 -0.000194986 -0.000200041 -0.000347416 -0.000344756 0 0 -0.000200041 -0.000209483 0 0 -0.000209483 -0.000220078 -0.000200041 -0.000209483 -0.000344756 -0.000351401 -0.000209483 -0.000220078 -0.000351401 -0.000360477 -0.000356112 -0.000347416 -0.000489256 -0.000458785 -0.000347416 -0.000344756 -0.000458785 -0.000435731 -0.000489256 -0.000458785 -0.00059313 -0.000531191 -0.000458785 -0.000435731 -0.000531191 -0.000475179 -0.000344756 -0.000351401 -0.000435731 -0.000425159 -0.000351401 -0.000360477 -0.000425159 -0.00041585 -0.000435731 -0.000425159 -0.000475179 -0.000430998 -0.000425159 -0.00041585 -0.000430998 -0.000382134 0 -0.000427355 0 -0.000511707 -0.000427355 -0.000615061 -0.000511707 -0.000736535 0 -0.000511707 0 -0.000611169 -0.000511707 -0.000736535 -0.000611169 -0.000848642 -0.000615061 -0.000638542 -0.000736535 -0.000746538 -0.000638542 -0.00059313 -0.000746538 -0.000669465 -0.000736535 -0.000746538 -0.000848642 -0.000834792 -0.000746538 -0.000669465 -0.000834792 -0.000721193 0 -0.000611169 0 -0.000737992 -0.000611169 -0.000848642 -0.000737992 -0.000947763 0 -0.000737992 0 -0.000854026 -0.000737992 -0.000947763 -0.000854026 -0.00102933 -0.000848642 -0.000834792 -0.000947763 -0.000904648 -0.000834792 -0.000721193 -0.000904648 -0.000752753 -0.000947763 -0.000904648 -0.00102933 -0.000958685 -0.000904648 -0.000752753 -0.000958685 -0.000770539 -0.00059313 -0.000531191 -0.000669465 -0.000567877 -0.000531191 -0.000475179 -0.000567877 -0.0004668 -0.000669465 -0.000567877 -0.000721193 -0.00057368 -0.000567877 -0.0004668 -0.00057368 -0.00041655 -0.000475179 -0.000430998 -0.0004668 -0.000371199 -0.000430998 -0.000382134 -0.000371199 -0.000257801 -0.0004668 -0.000371199 -0.00041655 -0.000251311 -0.000371199 -0.000257801 -0.000251311 -4.54178e-05 -0.000721193 -0.00057368 -0.000752753 -0.000555421 -0.00057368 -0.00041655 -0.000555421 -0.000333329 -0.000752753 -0.000555421 -0.000770539 -0.000522289 -0.000555421 -0.000333329 -0.000522289 -0.000229678 -0.00041655 -0.000251311 -0.000333329 -8.14916e-05 -0.000251311 -4.54178e-05 -8.14916e-05 0.000246202 -0.000333329 -8.14916e-05 -0.000229678 0.000121902 -8.14916e-05 0.000246202 0.000121902 0.000598997 0 0 -0.000220078 -0.000220767 0 0 -0.000220767 -0.00019035 -0.000220078 -0.000220767 -0.000360477 -0.000345428 -0.000220767 -0.00019035 -0.000345428 -0.00025032 0 0 -0.00019035 -0.000101916 0 0 -0.000101916 6.22763e-05 -0.00019035 -0.000101916 -0.00025032 4.05949e-06 -0.000101916 6.22763e-05 4.05949e-06 0.000482579 -0.000360477 -0.000345428 -0.00041585 -0.000362411 -0.000345428 -0.00025032 -0.000362411 -0.00016394 -0.00041585 -0.000362411 -0.000382134 -0.000262108 -0.000362411 -0.00016394 -0.000262108 8.22441e-05 -0.00025032 4.05949e-06 -0.00016394 0.000332272 4.05949e-06 0.000482579 0.000332272 0.00126643 -0.00016394 0.000332272 8.22441e-05 0.000894839 0.000332272 0.00126643 0.000894839 0.00241873 0 0 6.22763e-05 0.000291548 0 0 0.000291548 0.000538624 6.22763e-05 0.000291548 0.000482579 0.00117388 0.000291548 0.000538624 0.00117388 0.00194611 0 0 0.000538624 0.000732866 0 0 0.000732866 0.000810177 0.000538624 0.000732866 0.00194611 0.00256948 0.000732866 0.000810177 0.00256948 0.00281743 0.000482579 0.00117388 0.00126643 0.00264108 0.00117388 0.00194611 0.00264108 0.00420926 0.00126643 0.00264108 0.00241873 0.00468895 0.00264108 0.00420926 0.00468895 0.00731866 0.00194611 0.00256948 0.00420926 0.00549557 0.00256948 0.00281743 0.00549557 0.0060082 0.00420926 0.00549557 0.00731866 0.00950148 0.00549557 0.0060082 0.00950148 0.0103737 -0.000382134 -0.000262108 -0.000257801 -3.73071e-05 -0.000262108 8.22441e-05 -3.73071e-05 0.000500636 -0.000257801 -3.73071e-05 -4.54178e-05 0.000315708 -3.73071e-05 0.000500636 0.000315708 0.00110346 8.22441e-05 0.000894839 0.000500636 0.00170525 0.000894839 0.00241873 0.00170525 0.00394797 0.000500636 0.00170525 0.00110346 0.00278249 0.00170525 0.00394797 0.00278249 0.00587284 -4.54178e-05 0.000315708 0.000246202 0.000794884 0.000315708 0.00110346 0.000794884 0.00190263 0.000246202 0.000794884 0.000598997 0.00138861 0.000794884 0.00190263 0.00138861 0.00290855 0.00110346 0.00278249 0.00190263 0.00415615 0.00278249 0.00587284 0.00415615 0.00823294 0.00190263 0.00415615 0.00290855 0.00587363 0.00415615 0.00823294 0.00587363 0.0111065 0.00241873 0.00468895 0.00394797 0.0073174 0.00468895 0.00731866 0.0073174 0.0112672 0.00394797 0.0073174 0.00587284 0.0105356 0.0073174 0.0112672 0.0105356 0.0160494 0.00731866 0.00950148 0.0112672 0.0145773 0.00950148 0.0103737 0.0145773 0.0159039 0.0112672 0.0145773 0.0160494 0.0207053 0.0145773 0.0159039 0.0207053 0.0225761 0.00587284 0.0105356 0.00823294 0.0143725 0.0105356 0.0160494 0.0143725 0.0216621 0.00823294 0.0143725 0.0111065 0.0188948 0.0143725 0.0216621 0.0188948 0.0281053 0.0160494 0.0207053 0.0216621 0.0278466 0.0207053 0.0225761 0.0278466 0.0303364 0.0216621 0.0278466 0.0281053 0.0359187 0.0278466 0.0303364 0.0359187 0.0390656 0 0 0.000810177 0.000744604 0 0 0.000744604 0.000562294 0.000810177 0.000744604 0.00281743 0.00259441 0.000744604 0.000562294 0.00259441 0.00199594 0 0 0.000562294 0.000327359 0 0 0.000327359 0.000110317 0.000562294 0.000327359 0.00199594 0.00124856 0.000327359 0.000110317 0.00124856 0.000582015 0.00281743 0.00259441 0.0060082 0.00553523 0.00259441 0.00199594 0.00553523 0.00428791 0.0060082 0.00553523 0.0103737 0.00955753 0.00553523 0.00428791 0.00955753 0.00742897 0.00199594 0.00124856 0.00428791 0.00275786 0.00124856 0.000582015 0.00275786 0.00142074 0.00428791 0.00275786 0.00742897 0.00485122 0.00275786 0.00142074 0.00485122 0.00263143 0 0 0.000110317 -4.16804e-05 0 0 -4.16804e-05 -0.000118003 0.000110317 -4.16804e-05 0.000582015 0.000128165 -4.16804e-05 -0.000118003 0.000128165 -0.00010159 0 0 -0.000118003 -0.000136365 0 0 -0.000136365 -0.000123604 -0.000118003 -0.000136365 -0.00010159 -0.000171988 -0.000136365 -0.000123604 -0.000171988 -0.000161967 0.000582015 0.000128165 0.00142074 0.000523874 0.000128165 -0.00010159 0.000523874 6.50639e-05 0.00142074 0.000523874 0.00263143 0.00115749 0.000523874 6.50639e-05 0.00115749 0.000395201 -0.00010159 -0.000171988 6.50639e-05 -9.55551e-05 -0.000171988 -0.000161967 -9.55551e-05 -0.000110131 6.50639e-05 -9.55551e-05 0.000395201 0.000102199 -9.55551e-05 -0.000110131 0.000102199 3.5451e-05 0.0103737 0.00955753 0.0159039 0.0146516 0.00955753 0.00742897 0.0146516 0.0114122 0.0159039 0.0146516 0.0225761 0.0207997 0.0146516 0.0114122 0.0207997 0.0162324 0.00742897 0.00485122 0.0114122 0.0075287 0.00485122 0.00263143 0.0075287 0.0042226 0.0114122 0.0075287 0.0162324 0.0107996 0.0075287 0.0042226 0.0107996 0.00621295 0.0225761 0.0207997 0.0303364 0.0279635 0.0207997 0.0162324 0.0279635 0.0218866 0.0303364 0.0279635 0.0390656 0.0360605 0.0279635 0.0218866 0.0360605 0.0283752 0.0162324 0.0107996 0.0218866 0.0146931 0.0107996 0.00621295 0.0146931 0.00864203 0.0218866 0.0146931 0.0283752 0.019276 0.0146931 0.00864203 0.019276 0.0115881 0.00263143 0.00115749 0.0042226 0.00204236 0.00115749 0.000395201 0.00204236 0.000900949 0.0042226 0.00204236 0.00621295 0.0031973 0.00204236 0.000900949 0.0031973 0.0015942 0.000395201 0.000102199 0.000900949 0.000428069 0.000102199 3.5451e-05 0.000428069 0.000275703 0.000900949 0.000428069 0.0015942 0.000885292 0.000428069 0.000275703 0.000885292 0.000607412 0.00621295 0.0031973 0.00864203 0.00465165 0.0031973 0.0015942 0.00465165 0.00248646 0.00864203 0.00465165 0.0115881 0.00645257 0.00465165 0.00248646 0.00645257 0.00358767 0.0015942 0.000885292 0.00248646 0.00147128 0.000885292 0.000607412 0.00147128 0.00102109 0.00248646 0.00147128 0.00358767 0.00217379 0.00147128 0.00102109 0.00217379 0.00149796 0 0 -0.000123604 -0.0001008 0 0 -0.0001008 -7.89229e-05 -0.000123604 -0.0001008 -0.000161967 -0.00012698 -0.0001008 -7.89229e-05 -0.00012698 -9.29751e-05 0 0 -7.89229e-05 -6.14759e-05 0 0 -6.14759e-05 -4.87742e-05 -7.89229e-05 -6.14759e-05 -9.29751e-05 -6.67947e-05 -6.14759e-05 -4.87742e-05 -6.67947e-05 -4.81219e-05 -0.000161967 -0.00012698 -0.000110131 -7.85959e-05 -0.00012698 -9.29751e-05 -7.85959e-05 -4.50152e-05 -0.000110131 -7.85959e-05 3.5451e-05 4.32591e-05 -7.85959e-05 -4.50152e-05 4.32591e-05 6.12124e-05 -9.29751e-05 -6.67947e-05 -4.50152e-05 -1.99856e-05 -6.67947e-05 -4.81219e-05 -1.99856e-05 -2.43812e-06 -4.50152e-05 -1.99856e-05 6.12124e-05 7.41041e-05 -1.99856e-05 -2.43812e-06 7.41041e-05 8.31834e-05 0 0 -4.87742e-05 -4.12296e-05 0 0 -4.12296e-05 -4.09029e-05 -4.87742e-05 -4.12296e-05 -4.81219e-05 -3.77034e-05 -4.12296e-05 -4.09029e-05 -3.77034e-05 -4.17351e-05 0 0 -4.09029e-05 -4.67089e-05 0 0 -4.67089e-05 0 -4.09029e-05 -4.67089e-05 -4.17351e-05 -6.20224e-05 -4.67089e-05 0 -6.20224e-05 0 -4.81219e-05 -3.77034e-05 -2.43812e-06 6.53646e-06 -3.77034e-05 -4.17351e-05 6.53646e-06 -4.14692e-06 -2.43812e-06 6.53646e-06 8.31834e-05 8.69201e-05 6.53646e-06 -4.14692e-06 8.69201e-05 6.98102e-05 -4.17351e-05 -6.20224e-05 -4.14692e-06 -4.26529e-05 -6.20224e-05 0 -4.26529e-05 0 -4.14692e-06 -4.26529e-05 6.98102e-05 9.7656e-06 -4.26529e-05 0 9.7656e-06 0 3.5451e-05 4.32591e-05 0.000275703 0.000235376 4.32591e-05 6.12124e-05 0.000235376 0.000220456 0.000275703 0.000235376 0.000607412 0.000491296 0.000235376 0.000220456 0.000491296 0.000425371 6.12124e-05 7.41041e-05 0.000220456 0.00020959 7.41041e-05 8.31834e-05 0.00020959 0.000202864 0.000220456 0.00020959 0.000425371 0.000379359 0.00020959 0.000202864 0.000379359 0.000349914 0.000607412 0.000491296 0.00102109 0.000800027 0.000491296 0.000425371 0.000800027 0.000665964 0.00102109 0.000800027 0.00149796 0.00114447 0.000800027 0.000665964 0.00114447 0.000928984 0.000425371 0.000379359 0.000665964 0.000574952 0.000379359 0.000349914 0.000574952 0.000516961 0.000665964 0.000574952 0.000928984 0.000786421 0.000574952 0.000516961 0.000786421 0.000696047 8.31834e-05 8.69201e-05 0.000202864 0.000197897 8.69201e-05 6.98102e-05 0.000197897 0.000176214 0.000202864 0.000197897 0.000349914 0.000332894 0.000197897 0.000176214 0.000332894 0.000308324 6.98102e-05 9.7656e-06 0.000176214 9.51643e-05 9.7656e-06 0 9.51643e-05 0 0.000176214 9.51643e-05 0.000308324 0.00021587 9.51643e-05 0 0.00021587 0 0.000349914 0.000332894 0.000516961 0.00048447 0.000332894 0.000308324 0.00048447 0.000455875 0.000516961 0.00048447 0.000696047 0.000645049 0.00048447 0.000455875 0.000645049 0.000609791 0.000308324 0.00021587 0.000455875 0.000373295 0.00021587 0 0.000373295 0 0.000455875 0.000373295 0.000609791 0.000530451 0.000373295 0 0.000530451 0 0 -0.000854026 0 -0.000466722 -0.000854026 -0.00102933 -0.000466722 -0.000635077 0 -0.000466722 0 -0.000209336 -0.000466722 -0.000635077 -0.000209336 -0.000346219 -0.00102933 -0.000958685 -0.000635077 -0.000576248 -0.000958685 -0.000770539 -0.000576248 -0.000389855 -0.000635077 -0.000576248 -0.000346219 -0.000293811 -0.000576248 -0.000389855 -0.000293811 -0.000117293 0 -0.000209336 0 -7.42874e-05 -0.000209336 -0.000346219 -7.42874e-05 -0.000153298 0 -7.42874e-05 0 -1.09505e-05 -7.42874e-05 -0.000153298 -1.09505e-05 -3.81797e-05 -0.000346219 -0.000293811 -0.000153298 -0.000101445 -0.000293811 -0.000117293 -0.000101445 5.87619e-05 -0.000153298 -0.000101445 -3.81797e-05 1.34422e-05 -0.000101445 5.87619e-05 1.34422e-05 0.00015134 -0.000770539 -0.000522289 -0.000389855 -0.000125821 -0.000522289 -0.000229678 -0.000125821 0.000203863 -0.000389855 -0.000125821 -0.000117293 0.000144244 -0.000125821 0.000203863 0.000144244 0.000483248 -0.000229678 0.000121902 0.000203863 0.000621876 0.000121902 0.000598997 0.000621876 0.00120696 0.000203863 0.000621876 0.000483248 0.000927015 0.000621876 0.00120696 0.000927015 0.00155752 -0.000117293 0.000144244 5.87619e-05 0.000302112 0.000144244 0.000483248 0.000302112 0.000625595 5.87619e-05 0.000302112 0.00015134 0.000363085 0.000302112 0.000625595 0.000363085 0.00064938 0.000483248 0.000927015 0.000625595 0.00105777 0.000927015 0.00155752 0.00105777 0.00167639 0.000625595 0.00105777 0.00064938 0.00103705 0.00105777 0.00167639 0.00103705 0.00159399 0 -1.09505e-05 0 1.39222e-05 -1.09505e-05 -3.81797e-05 1.39222e-05 1.807e-05 0 1.39222e-05 0 1.81253e-05 1.39222e-05 1.807e-05 1.81253e-05 3.32234e-05 -3.81797e-05 1.34422e-05 1.807e-05 6.53583e-05 1.34422e-05 0.00015134 6.53583e-05 0.000175203 1.807e-05 6.53583e-05 3.32234e-05 6.98524e-05 6.53583e-05 0.000175203 6.98524e-05 0.000146466 0 1.81253e-05 0 1.14377e-05 1.81253e-05 3.32234e-05 1.14377e-05 2.27381e-05 0 1.14377e-05 0 3.5315e-17 1.14377e-05 2.27381e-05 3.5315e-17 1.04281e-16 3.32234e-05 6.98524e-05 2.27381e-05 4.27905e-05 6.98524e-05 0.000146466 4.27905e-05 8.2186e-05 2.27381e-05 4.27905e-05 1.04281e-16 1.7102e-16 4.27905e-05 8.2186e-05 1.7102e-16 2.17481e-16 0.00015134 0.000363085 0.000175203 0.000344229 0.000363085 0.00064938 0.000344229 0.000575328 0.000175203 0.000344229 0.000146466 0.000264128 0.000344229 0.000575328 0.000264128 0.000426115 0.00064938 0.00103705 0.000575328 0.000891037 0.00103705 0.00159399 0.000891037 0.00134537 0.000575328 0.000891037 0.000426115 0.000648641 0.000891037 0.00134537 0.000648641 0.000969103 0.000146466 0.000264128 8.2186e-05 0.000142536 0.000264128 0.000426115 0.000142536 0.00022593 8.2186e-05 0.000142536 2.17481e-16 2.31634e-16 0.000142536 0.00022593 2.31634e-16 2.03482e-16 0.000426115 0.000648641 0.00022593 0.000340843 0.000648641 0.000969103 0.000340843 0.000506371 0.00022593 0.000340843 2.03482e-16 1.27714e-16 0.000340843 0.000506371 1.27714e-16 1.04249e-17 0.000598997 0.00138861 0.00120696 0.00214749 0.00138861 0.00290855 0.00214749 0.00381214 0.00120696 0.00214749 0.00155752 0.00255136 0.00214749 0.00381214 0.00255136 0.00422091 0.00290855 0.00587363 0.00381214 0.00676164 0.00587363 0.0111065 0.00676164 0.0115544 0.00381214 0.00676164 0.00422091 0.00699425 0.00676164 0.0115544 0.00699425 0.0112358 0.00155752 0.00255136 0.00167639 0.00263684 0.00255136 0.00422091 0.00263684 0.00419326 0.00167639 0.00263684 0.00159399 0.0024486 0.00263684 0.00419326 0.0024486 0.00379828 0.00422091 0.00699425 0.00419326 0.00666369 0.00699425 0.0112358 0.00666369 0.0102769 0.00419326 0.00666369 0.00379828 0.00587164 0.00666369 0.0102769 0.00587164 0.0088058 0.0111065 0.0188948 0.0115544 0.0182488 0.0188948 0.0281053 0.0182488 0.0258106 0.0115544 0.0182488 0.0112358 0.0168712 0.0182488 0.0258106 0.0168712 0.0230009 0.0281053 0.0359187 0.0258106 0.0320371 0.0359187 0.0390656 0.0320371 0.0345148 0.0258106 0.0320371 0.0230009 0.0279234 0.0320371 0.0345148 0.0279234 0.0298633 0.0112358 0.0168712 0.0102769 0.0148964 0.0168712 0.0230009 0.0148964 0.019773 0.0102769 0.0148964 0.0088058 0.0124496 0.0148964 0.019773 0.0124496 0.0162084 0.0230009 0.0279234 0.019773 0.0236114 0.0279234 0.0298633 0.0236114 0.0251129 0.019773 0.0236114 0.0162084 0.0191212 0.0236114 0.0251129 0.0191212 0.0202543 0.00159399 0.0024486 0.00134537 0.00203638 0.0024486 0.00379828 0.00203638 0.00310794 0.00134537 0.00203638 0.000969103 0.00145351 0.00203638 0.00310794 0.00145351 0.0021955 0.00379828 0.00587164 0.00310794 0.00471627 0.00587164 0.0088058 0.00471627 0.00693897 0.00310794 0.00471627 0.0021955 0.00329198 0.00471627 0.00693897 0.00329198 0.00478317 0.000969103 0.00145351 0.000506371 0.000755665 0.00145351 0.0021955 0.000755665 0.00113482 0.000506371 0.000755665 1.04249e-17 -1.23738e-16 0.000755665 0.00113482 -1.23738e-16 -2.31134e-16 0.0021955 0.00329198 0.00113482 0.00169012 0.00329198 0.00478317 0.00169012 0.00243832 0.00113482 0.00169012 -2.31134e-16 -2.59549e-16 0.00169012 0.00243832 -2.59549e-16 -1.79168e-16 0.0088058 0.0124496 0.00693897 0.00964103 0.0124496 0.0162084 0.00964103 0.0123812 0.00693897 0.00964103 0.00478317 0.00656976 0.00964103 0.0123812 0.00656976 0.0083603 0.0162084 0.0191212 0.0123812 0.0144799 0.0191212 0.0202543 0.0144799 0.0152931 0.0123812 0.0144799 0.0083603 0.00972068 0.0144799 0.0152931 0.00972068 0.0102464 0.00478317 0.00656976 0.00243832 0.00332716 0.00656976 0.0083603 0.00332716 0.00421184 0.00243832 0.00332716 -1.79168e-16 -6.74584e-19 0.00332716 0.00421184 -6.74584e-19 2.33141e-16 0.0083603 0.00972068 0.00421184 0.0048808 0.00972068 0.0102464 0.0048808 0.00513896 0.00421184 0.0048808 2.33141e-16 4.69131e-16 0.0048808 0.00513896 4.69131e-16 6.54222e-16 0.0390656 0.0360605 0.0345148 0.0321732 0.0360605 0.0283752 0.0321732 0.0260732 0.0345148 0.0321732 0.0298633 0.0280494 0.0321732 0.0260732 0.0280494 0.023246 0.0283752 0.019276 0.0260732 0.0186255 0.019276 0.0115881 0.0186255 0.0120365 0.0260732 0.0186255 0.023246 0.0172264 0.0186255 0.0120365 0.0172264 0.0116943 0.0298633 0.0280494 0.0251129 0.0237232 0.0280494 0.023246 0.0237232 0.0199916 0.0251129 0.0237232 0.0202543 0.0192152 0.0237232 0.0199916 0.0192152 0.0163929 0.023246 0.0172264 0.0199916 0.0152152 0.0172264 0.0116943 0.0152152 0.0106909 0.0199916 0.0152152 0.0163929 0.0127197 0.0152152 0.0106909 0.0127197 0.00915791 0.0115881 0.00645257 0.0120365 0.00734655 0.00645257 0.00358767 0.00734655 0.00450219 0.0120365 0.00734655 0.0116943 0.00755384 0.00734655 0.00450219 0.00755384 0.00488365 0.00358767 0.00217379 0.00450219 0.00294804 0.00217379 0.00149796 0.00294804 0.00212525 0.00450219 0.00294804 0.00488365 0.00332199 0.00294804 0.00212525 0.00332199 0.00244242 0.0116943 0.00755384 0.0106909 0.00717115 0.00755384 0.00488365 0.00717115 0.00479588 0.0106909 0.00717115 0.00915791 0.00630456 0.00717115 0.00479588 0.00630456 0.00431338 0.00488365 0.00332199 0.00479588 0.00333868 0.00332199 0.00244242 0.00333868 0.00248273 0.00479588 0.00333868 0.00431338 0.00304914 0.00333868 0.00248273 0.00304914 0.00228413 0.0202543 0.0192152 0.0152931 0.014553 0.0192152 0.0163929 0.014553 0.0125251 0.0152931 0.014553 0.0102464 0.00977071 0.014553 0.0125251 0.00977071 0.0084589 0.0163929 0.0127197 0.0125251 0.00985242 0.0127197 0.00915791 0.00985242 0.00721529 0.0125251 0.00985242 0.0084589 0.00671489 0.00985242 0.00721529 0.00671489 0.00497321 0.0102464 0.00977071 0.00513896 0.0049062 0.00977071 0.0084589 0.0049062 0.00426194 0.00513896 0.0049062 6.54222e-16 7.55877e-16 0.0049062 0.00426194 7.55877e-16 7.70118e-16 0.0084589 0.00671489 0.00426194 0.00340099 0.00671489 0.00497321 0.00340099 0.00253509 0.00426194 0.00340099 7.70118e-16 7.15196e-16 0.00340099 0.00253509 7.15196e-16 6.21537e-16 0.00915791 0.00630456 0.00721529 0.0050567 0.00630456 0.00431338 0.0050567 0.00351354 0.00721529 0.0050567 0.00497321 0.00352643 0.0050567 0.00351354 0.00352643 0.00247508 0.00431338 0.00304914 0.00351354 0.0025096 0.00304914 0.00228413 0.0025096 0.00188923 0.00351354 0.0025096 0.00247508 0.00177985 0.0025096 0.00188923 0.00177985 0.00134417 0.00497321 0.00352643 0.00253509 0.00180959 0.00352643 0.00247508 0.00180959 0.00127737 0.00253509 0.00180959 6.21537e-16 5.14027e-16 0.00180959 0.00127737 5.14027e-16 4.07916e-16 0.00247508 0.00177985 0.00127737 0.000922096 0.00177985 0.00134417 0.000922096 0.000697647 0.00127737 0.000922096 4.07916e-16 3.12421e-16 0.000922096 0.000697647 3.12421e-16 2.31224e-16 0.00149796 0.00114447 0.00212525 0.00166641 0.00114447 0.000928984 0.00166641 0.0013833 0.00212525 0.00166641 0.00244242 0.00193299 0.00166641 0.0013833 0.00193299 0.00161509 0.000928984 0.000786421 0.0013833 0.00119295 0.000786421 0.000696047 0.00119295 0.00105596 0.0013833 0.00119295 0.00161509 0.00139811 0.00119295 0.00105596 0.00139811 0.00123044 0.00244242 0.00193299 0.00248273 0.00197365 0.00193299 0.00161509 0.00197365 0.00165252 0.00248273 0.00197365 0.00228413 0.00182021 0.00197365 0.00165252 0.00182021 0.00152477 0.00161509 0.00139811 0.00165252 0.00143027 0.00139811 0.00123044 0.00143027 0.00125018 0.00165252 0.00143027 0.00152477 0.0013178 0.00143027 0.00125018 0.0013178 0.00114444 0.000696047 0.000645049 0.00105596 0.000938877 0.000645049 0.000609791 0.000938877 0.000789439 0.00105596 0.000938877 0.00123044 0.00106364 0.000938877 0.000789439 0.00106364 0.00082731 0.000609791 0.000530451 0.000789439 0.000511666 0.000530451 0 0.000511666 0 0.000789439 0.000511666 0.00082731 0.000422388 0.000511666 0 0.000422388 0 0.00123044 0.00106364 0.00125018 0.0010566 0.00106364 0.00082731 0.0010566 0.00077562 0.00125018 0.0010566 0.00114444 0.000949773 0.0010566 0.00077562 0.000949773 0.000667636 0.00082731 0.000422388 0.00077562 0.000340084 0.000422388 0 0.000340084 0 0.00077562 0.000340084 0.000667636 0.000267751 0.000340084 0 0.000267751 0 0.00228413 0.00182021 0.00188923 0.00150767 0.00182021 0.00152477 0.00150767 0.00126279 0.00188923 0.00150767 0.00134417 0.0010736 0.00150767 0.00126279 0.0010736 0.000898952 0.00152477 0.0013178 0.00126279 0.00108955 0.0013178 0.00114444 0.00108955 0.000941049 0.00126279 0.00108955 0.000898952 0.000774511 0.00108955 0.000941049 0.000774511 0.000666203 0.00134417 0.0010736 0.000697647 0.000557469 0.0010736 0.000898952 0.000557469 0.000466668 0.000697647 0.000557469 2.31224e-16 1.66028e-16 0.000557469 0.000466668 1.66028e-16 1.16696e-16 0.000898952 0.000774511 0.000466668 0.000401688 0.000774511 0.000666203 0.000401688 0.000344638 0.000466668 0.000401688 1.16696e-16 8.02257e-17 0.000401688 0.000344638 8.02257e-17 5.32753e-17 0.00114444 0.000949773 0.000941049 0.00077006 0.000949773 0.000667636 0.00077006 0.000524773 0.000941049 0.00077006 0.000666203 0.000539732 0.00077006 0.000524773 0.000539732 0.000360315 0.000667636 0.000267751 0.000524773 0.000199856 0.000267751 0 0.000199856 0 0.000524773 0.000199856 0.000360315 0.000133222 0.000199856 0 0.000133222 0 0.000666203 0.000539732 0.000344638 0.000277553 0.000539732 0.000360315 0.000277553 0.000183133 0.000344638 0.000277553 5.32753e-17 3.28873e-17 0.000277553 0.000183133 3.28873e-17 1.72114e-17 0.000360315 0.000133222 0.000183133 6.6676e-05 0.000133222 0 6.6676e-05 0 0.000183133 6.6676e-05 1.72114e-17 5.45978e-18 6.6676e-05 0 5.45978e-18 0 0 3.5315e-17 0 -1.14377e-05 3.5315e-17 1.04281e-16 -1.14377e-05 -2.27381e-05 0 -1.14377e-05 0 -1.81253e-05 -1.14377e-05 -2.27381e-05 -1.81253e-05 -3.32234e-05 1.04281e-16 1.7102e-16 -2.27381e-05 -4.27905e-05 1.7102e-16 2.17481e-16 -4.27905e-05 -8.2186e-05 -2.27381e-05 -4.27905e-05 -3.32234e-05 -6.98524e-05 -4.27905e-05 -8.2186e-05 -6.98524e-05 -0.000146466 0 -1.81253e-05 0 -1.39222e-05 -1.81253e-05 -3.32234e-05 -1.39222e-05 -1.807e-05 0 -1.39222e-05 0 1.09505e-05 -1.39222e-05 -1.807e-05 1.09505e-05 3.81797e-05 -3.32234e-05 -6.98524e-05 -1.807e-05 -6.53583e-05 -6.98524e-05 -0.000146466 -6.53583e-05 -0.000175203 -1.807e-05 -6.53583e-05 3.81797e-05 -1.34422e-05 -6.53583e-05 -0.000175203 -1.34422e-05 -0.00015134 2.17481e-16 2.31634e-16 -8.2186e-05 -0.000142536 2.31634e-16 2.03482e-16 -0.000142536 -0.00022593 -8.2186e-05 -0.000142536 -0.000146466 -0.000264128 -0.000142536 -0.00022593 -0.000264128 -0.000426115 2.03482e-16 1.27714e-16 -0.00022593 -0.000340843 1.27714e-16 1.04249e-17 -0.000340843 -0.000506371 -0.00022593 -0.000340843 -0.000426115 -0.000648641 -0.000340843 -0.000506371 -0.000648641 -0.000969103 -0.000146466 -0.000264128 -0.000175203 -0.000344229 -0.000264128 -0.000426115 -0.000344229 -0.000575328 -0.000175203 -0.000344229 -0.00015134 -0.000363085 -0.000344229 -0.000575328 -0.000363085 -0.00064938 -0.000426115 -0.000648641 -0.000575328 -0.000891037 -0.000648641 -0.000969103 -0.000891037 -0.00134537 -0.000575328 -0.000891037 -0.00064938 -0.00103705 -0.000891037 -0.00134537 -0.00103705 -0.00159399 0 1.09505e-05 0 7.42874e-05 1.09505e-05 3.81797e-05 7.42874e-05 0.000153298 0 7.42874e-05 0 0.000209336 7.42874e-05 0.000153298 0.000209336 0.000346219 3.81797e-05 -1.34422e-05 0.000153298 0.000101445 -1.34422e-05 -0.00015134 0.000101445 -5.87619e-05 0.000153298 0.000101445 0.000346219 0.000293811 0.000101445 -5.87619e-05 0.000293811 0.000117293 0 0.000209336 0 0.000466722 0.000209336 0.000346219 0.000466722 0.000635077 0 0.000466722 0 0.000854026 0.000466722 0.000635077 0.000854026 0.00102933 0.000346219 0.000293811 0.000635077 0.000576248 0.000293811 0.000117293 0.000576248 0.000389855 0.000635077 0.000576248 0.00102933 0.000958685 0.000576248 0.000389855 0.000958685 0.000770539 -0.00015134 -0.000363085 -5.87619e-05 -0.000302112 -0.000363085 -0.00064938 -0.000302112 -0.000625595 -5.87619e-05 -0.000302112 0.000117293 -0.000144244 -0.000302112 -0.000625595 -0.000144244 -0.000483248 -0.00064938 -0.00103705 -0.000625595 -0.00105777 -0.00103705 -0.00159399 -0.00105777 -0.00167639 -0.000625595 -0.00105777 -0.000483248 -0.000927015 -0.00105777 -0.00167639 -0.000927015 -0.00155752 0.000117293 -0.000144244 0.000389855 0.000125821 -0.000144244 -0.000483248 0.000125821 -0.000203863 0.000389855 0.000125821 0.000770539 0.000522289 0.000125821 -0.000203863 0.000522289 0.000229678 -0.000483248 -0.000927015 -0.000203863 -0.000621876 -0.000927015 -0.00155752 -0.000621876 -0.00120696 -0.000203863 -0.000621876 0.000229678 -0.000121902 -0.000621876 -0.00120696 -0.000121902 -0.000598997 1.04249e-17 -1.23738e-16 -0.000506371 -0.000755665 -1.23738e-16 -2.31134e-16 -0.000755665 -0.00113482 -0.000506371 -0.000755665 -0.000969103 -0.00145351 -0.000755665 -0.00113482 -0.00145351 -0.0021955 -2.31134e-16 -2.59549e-16 -0.00113482 -0.00169012 -2.59549e-16 -1.79168e-16 -0.00169012 -0.00243832 -0.00113482 -0.00169012 -0.0021955 -0.00329198 -0.00169012 -0.00243832 -0.00329198 -0.00478317 -0.000969103 -0.00145351 -0.00134537 -0.00203638 -0.00145351 -0.0021955 -0.00203638 -0.00310794 -0.00134537 -0.00203638 -0.00159399 -0.0024486 -0.00203638 -0.00310794 -0.0024486 -0.00379828 -0.0021955 -0.00329198 -0.00310794 -0.00471627 -0.00329198 -0.00478317 -0.00471627 -0.00693897 -0.00310794 -0.00471627 -0.00379828 -0.00587164 -0.00471627 -0.00693897 -0.00587164 -0.0088058 -1.79168e-16 -6.74584e-19 -0.00243832 -0.00332716 -6.74584e-19 2.33141e-16 -0.00332716 -0.00421184 -0.00243832 -0.00332716 -0.00478317 -0.00656976 -0.00332716 -0.00421184 -0.00656976 -0.0083603 2.33141e-16 4.69131e-16 -0.00421184 -0.0048808 4.69131e-16 6.54222e-16 -0.0048808 -0.00513896 -0.00421184 -0.0048808 -0.0083603 -0.00972068 -0.0048808 -0.00513896 -0.00972068 -0.0102464 -0.00478317 -0.00656976 -0.00693897 -0.00964103 -0.00656976 -0.0083603 -0.00964103 -0.0123812 -0.00693897 -0.00964103 -0.0088058 -0.0124496 -0.00964103 -0.0123812 -0.0124496 -0.0162084 -0.0083603 -0.00972068 -0.0123812 -0.0144799 -0.00972068 -0.0102464 -0.0144799 -0.0152931 -0.0123812 -0.0144799 -0.0162084 -0.0191212 -0.0144799 -0.0152931 -0.0191212 -0.0202543 -0.00159399 -0.0024486 -0.00167639 -0.00263684 -0.0024486 -0.00379828 -0.00263684 -0.00419326 -0.00167639 -0.00263684 -0.00155752 -0.00255136 -0.00263684 -0.00419326 -0.00255136 -0.00422091 -0.00379828 -0.00587164 -0.00419326 -0.00666369 -0.00587164 -0.0088058 -0.00666369 -0.0102769 -0.00419326 -0.00666369 -0.00422091 -0.00699425 -0.00666369 -0.0102769 -0.00699425 -0.0112358 -0.00155752 -0.00255136 -0.00120696 -0.00214749 -0.00255136 -0.00422091 -0.00214749 -0.00381214 -0.00120696 -0.00214749 -0.000598997 -0.00138861 -0.00214749 -0.00381214 -0.00138861 -0.00290855 -0.00422091 -0.00699425 -0.00381214 -0.00676164 -0.00699425 -0.0112358 -0.00676164 -0.0115544 -0.00381214 -0.00676164 -0.00290855 -0.00587363 -0.00676164 -0.0115544 -0.00587363 -0.0111065 -0.0088058 -0.0124496 -0.0102769 -0.0148964 -0.0124496 -0.0162084 -0.0148964 -0.019773 -0.0102769 -0.0148964 -0.0112358 -0.0168712 -0.0148964 -0.019773 -0.0168712 -0.0230009 -0.0162084 -0.0191212 -0.019773 -0.0236114 -0.0191212 -0.0202543 -0.0236114 -0.0251129 -0.019773 -0.0236114 -0.0230009 -0.0279234 -0.0236114 -0.0251129 -0.0279234 -0.0298633 -0.0112358 -0.0168712 -0.0115544 -0.0182488 -0.0168712 -0.0230009 -0.0182488 -0.0258106 -0.0115544 -0.0182488 -0.0111065 -0.0188948 -0.0182488 -0.0258106 -0.0188948 -0.0281053 -0.0230009 -0.0279234 -0.0258106 -0.0320371 -0.0279234 -0.0298633 -0.0320371 -0.0345148 -0.0258106 -0.0320371 -0.0281053 -0.0359187 -0.0320371 -0.0345148 -0.0359187 -0.0390656 6.54222e-16 7.55877e-16 -0.00513896 -0.0049062 7.55877e-16 7.70118e-16 -0.0049062 -0.00426194 -0.00513896 -0.0049062 -0.0102464 -0.00977071 -0.0049062 -0.00426194 -0.00977071 -0.0084589 7.70118e-16 7.15196e-16 -0.00426194 -0.00340099 7.15196e-16 6.21537e-16 -0.00340099 -0.00253509 -0.00426194 -0.00340099 -0.0084589 -0.00671489 -0.00340099 -0.00253509 -0.00671489 -0.00497321 -0.0102464 -0.00977071 -0.0152931 -0.014553 -0.00977071 -0.0084589 -0.014553 -0.0125251 -0.0152931 -0.014553 -0.0202543 -0.0192152 -0.014553 -0.0125251 -0.0192152 -0.0163929 -0.0084589 -0.00671489 -0.0125251 -0.00985242 -0.00671489 -0.00497321 -0.00985242 -0.00721529 -0.0125251 -0.00985242 -0.0163929 -0.0127197 -0.00985242 -0.00721529 -0.0127197 -0.00915791 6.21537e-16 5.14027e-16 -0.00253509 -0.00180959 5.14027e-16 4.07916e-16 -0.00180959 -0.00127737 -0.00253509 -0.00180959 -0.00497321 -0.00352643 -0.00180959 -0.00127737 -0.00352643 -0.00247508 4.07916e-16 3.12421e-16 -0.00127737 -0.000922096 3.12421e-16 2.31224e-16 -0.000922096 -0.000697647 -0.00127737 -0.000922096 -0.00247508 -0.00177985 -0.000922096 -0.000697647 -0.00177985 -0.00134417 -0.00497321 -0.00352643 -0.00721529 -0.0050567 -0.00352643 -0.00247508 -0.0050567 -0.00351354 -0.00721529 -0.0050567 -0.00915791 -0.00630456 -0.0050567 -0.00351354 -0.00630456 -0.00431338 -0.00247508 -0.00177985 -0.00351354 -0.0025096 -0.00177985 -0.00134417 -0.0025096 -0.00188923 -0.00351354 -0.0025096 -0.00431338 -0.00304914 -0.0025096 -0.00188923 -0.00304914 -0.00228413 -0.0202543 -0.0192152 -0.0251129 -0.0237232 -0.0192152 -0.0163929 -0.0237232 -0.0199916 -0.0251129 -0.0237232 -0.0298633 -0.0280494 -0.0237232 -0.0199916 -0.0280494 -0.023246 -0.0163929 -0.0127197 -0.0199916 -0.0152152 -0.0127197 -0.00915791 -0.0152152 -0.0106909 -0.0199916 -0.0152152 -0.023246 -0.0172264 -0.0152152 -0.0106909 -0.0172264 -0.0116943 -0.0298633 -0.0280494 -0.0345148 -0.0321732 -0.0280494 -0.023246 -0.0321732 -0.0260732 -0.0345148 -0.0321732 -0.0390656 -0.0360605 -0.0321732 -0.0260732 -0.0360605 -0.0283752 -0.023246 -0.0172264 -0.0260732 -0.0186255 -0.0172264 -0.0116943 -0.0186255 -0.0120365 -0.0260732 -0.0186255 -0.0283752 -0.019276 -0.0186255 -0.0120365 -0.019276 -0.0115881 -0.00915791 -0.00630456 -0.0106909 -0.00717115 -0.00630456 -0.00431338 -0.00717115 -0.00479588 -0.0106909 -0.00717115 -0.0116943 -0.00755384 -0.00717115 -0.00479588 -0.00755384 -0.00488365 -0.00431338 -0.00304914 -0.00479588 -0.00333868 -0.00304914 -0.00228413 -0.00333868 -0.00248273 -0.00479588 -0.00333868 -0.00488365 -0.00332199 -0.00333868 -0.00248273 -0.00332199 -0.00244242 -0.0116943 -0.00755384 -0.0120365 -0.00734655 -0.00755384 -0.00488365 -0.00734655 -0.00450219 -0.0120365 -0.00734655 -0.0115881 -0.00645257 -0.00734655 -0.00450219 -0.00645257 -0.00358767 -0.00488365 -0.00332199 -0.00450219 -0.00294804 -0.00332199 -0.00244242 -0.00294804 -0.00212525 -0.00450219 -0.00294804 -0.00358767 -0.00217379 -0.00294804 -0.00212525 -0.00217379 -0.00149796 2.31224e-16 1.66028e-16 -0.000697647 -0.000557469 1.66028e-16 1.16696e-16 -0.000557469 -0.000466668 -0.000697647 -0.000557469 -0.00134417 -0.0010736 -0.000557469 -0.000466668 -0.0010736 -0.000898952 1.16696e-16 8.02257e-17 -0.000466668 -0.000401688 8.02257e-17 5.32753e-17 -0.000401688 -0.000344638 -0.000466668 -0.000401688 -0.000898952 -0.000774511 -0.000401688 -0.000344638 -0.000774511 -0.000666203 -0.00134417 -0.0010736 -0.00188923 -0.00150767 -0.0010736 -0.000898952 -0.00150767 -0.00126279 -0.00188923 -0.00150767 -0.00228413 -0.00182021 -0.00150767 -0.00126279 -0.00182021 -0.00152477 -0.000898952 -0.000774511 -0.00126279 -0.00108955 -0.000774511 -0.000666203 -0.00108955 -0.000941049 -0.00126279 -0.00108955 -0.00152477 -0.0013178 -0.00108955 -0.000941049 -0.0013178 -0.00114444 5.32753e-17 3.28873e-17 -0.000344638 -0.000277553 3.28873e-17 1.72114e-17 -0.000277553 -0.000183133 -0.000344638 -0.000277553 -0.000666203 -0.000539732 -0.000277553 -0.000183133 -0.000539732 -0.000360315 1.72114e-17 5.45978e-18 -0.000183133 -6.6676e-05 5.45978e-18 0 -6.6676e-05 0 -0.000183133 -6.6676e-05 -0.000360315 -0.000133222 -6.6676e-05 0 -0.000133222 0 -0.000666203 -0.000539732 -0.000941049 -0.00077006 -0.000539732 -0.000360315 -0.00077006 -0.000524773 -0.000941049 -0.00077006 -0.00114444 -0.000949773 -0.00077006 -0.000524773 -0.000949773 -0.000667636 -0.000360315 -0.000133222 -0.000524773 -0.000199856 -0.000133222 0 -0.000199856 0 -0.000524773 -0.000199856 -0.000667636 -0.000267751 -0.000199856 0 -0.000267751 0 -0.00228413 -0.00182021 -0.00248273 -0.00197365 -0.00182021 -0.00152477 -0.00197365 -0.00165252 -0.00248273 -0.00197365 -0.00244242 -0.00193299 -0.00197365 -0.00165252 -0.00193299 -0.00161509 -0.00152477 -0.0013178 -0.00165252 -0.00143027 -0.0013178 -0.00114444 -0.00143027 -0.00125018 -0.00165252 -0.00143027 -0.00161509 -0.00139811 -0.00143027 -0.00125018 -0.00139811 -0.00123044 -0.00244242 -0.00193299 -0.00212525 -0.00166641 -0.00193299 -0.00161509 -0.00166641 -0.0013833 -0.00212525 -0.00166641 -0.00149796 -0.00114447 -0.00166641 -0.0013833 -0.00114447 -0.000928984 -0.00161509 -0.00139811 -0.0013833 -0.00119295 -0.00139811 -0.00123044 -0.00119295 -0.00105596 -0.0013833 -0.00119295 -0.000928984 -0.000786421 -0.00119295 -0.00105596 -0.000786421 -0.000696047 -0.00114444 -0.000949773 -0.00125018 -0.0010566 -0.000949773 -0.000667636 -0.0010566 -0.00077562 -0.00125018 -0.0010566 -0.00123044 -0.00106364 -0.0010566 -0.00077562 -0.00106364 -0.00082731 -0.000667636 -0.000267751 -0.00077562 -0.000340084 -0.000267751 0 -0.000340084 0 -0.00077562 -0.000340084 -0.00082731 -0.000422388 -0.000340084 0 -0.000422388 0 -0.00123044 -0.00106364 -0.00105596 -0.000938877 -0.00106364 -0.00082731 -0.000938877 -0.000789439 -0.00105596 -0.000938877 -0.000696047 -0.000645049 -0.000938877 -0.000789439 -0.000645049 -0.000609791 -0.00082731 -0.000422388 -0.000789439 -0.000511666 -0.000422388 0 -0.000511666 0 -0.000789439 -0.000511666 -0.000609791 -0.000530451 -0.000511666 0 -0.000530451 0 0 0.000854026 0 0.000737992 0.000854026 0.00102933 0.000737992 0.000947763 0 0.000737992 0 0.000611169 0.000737992 0.000947763 0.000611169 0.000848642 0.00102933 0.000958685 0.000947763 0.000904648 0.000958685 0.000770539 0.000904648 0.000752753 0.000947763 0.000904648 0.000848642 0.000834792 0.000904648 0.000752753 0.000834792 0.000721193 0 0.000611169 0 0.000511707 0.000611169 0.000848642 0.000511707 0.000736535 0 0.000511707 0 0.000427355 0.000511707 0.000736535 0.000427355 0.000615061 0.000848642 0.000834792 0.000736535 0.000746538 0.000834792 0.000721193 0.000746538 0.000669465 0.000736535 0.000746538 0.000615061 0.000638542 0.000746538 0.000669465 0.000638542 0.00059313 0.000770539 0.000522289 0.000752753 0.000555421 0.000522289 0.000229678 0.000555421 0.000333329 0.000752753 0.000555421 0.000721193 0.00057368 0.000555421 0.000333329 0.00057368 0.00041655 0.000229678 -0.000121902 0.000333329 8.14916e-05 -0.000121902 -0.000598997 8.14916e-05 -0.000246202 0.000333329 8.14916e-05 0.00041655 0.000251311 8.14916e-05 -0.000246202 0.000251311 4.54178e-05 0.000721193 0.00057368 0.000669465 0.000567877 0.00057368 0.00041655 0.000567877 0.0004668 0.000669465 0.000567877 0.00059313 0.000531191 0.000567877 0.0004668 0.000531191 0.000475179 0.00041655 0.000251311 0.0004668 0.000371199 0.000251311 4.54178e-05 0.000371199 0.000257801 0.0004668 0.000371199 0.000475179 0.000430998 0.000371199 0.000257801 0.000430998 0.000382134 0 0.000427355 0 0.000344753 0.000427355 0.000615061 0.000344753 0.000482783 0 0.000344753 0 0.000251968 0.000344753 0.000482783 0.000251968 0.000336543 0.000615061 0.000638542 0.000482783 0.000509822 0.000638542 0.00059313 0.000509822 0.000489256 0.000482783 0.000509822 0.000336543 0.000359908 0.000509822 0.000489256 0.000359908 0.000356112 0 0.000251968 0 0.000137331 0.000251968 0.000336543 0.000137331 0.000174985 0 0.000137331 0 0 0.000137331 0.000174985 0 0 0.000336543 0.000359908 0.000174985 0.000189293 0.000359908 0.000356112 0.000189293 0.000192989 0.000174985 0.000189293 0 0 0.000189293 0.000192989 0 0 0.00059313 0.000531191 0.000489256 0.000458785 0.000531191 0.000475179 0.000458785 0.000435731 0.000489256 0.000458785 0.000356112 0.000347416 0.000458785 0.000435731 0.000347416 0.000344756 0.000475179 0.000430998 0.000435731 0.000425159 0.000430998 0.000382134 0.000425159 0.00041585 0.000435731 0.000425159 0.000344756 0.000351401 0.000425159 0.00041585 0.000351401 0.000360477 0.000356112 0.000347416 0.000192989 0.000194986 0.000347416 0.000344756 0.000194986 0.000200041 0.000192989 0.000194986 0 0 0.000194986 0.000200041 0 0 0.000344756 0.000351401 0.000200041 0.000209483 0.000351401 0.000360477 0.000209483 0.000220078 0.000200041 0.000209483 0 0 0.000209483 0.000220078 0 0 -0.000598997 -0.00138861 -0.000246202 -0.000794884 -0.00138861 -0.00290855 -0.000794884 -0.00190263 -0.000246202 -0.000794884 4.54178e-05 -0.000315708 -0.000794884 -0.00190263 -0.000315708 -0.00110346 -0.00290855 -0.00587363 -0.00190263 -0.00415615 -0.00587363 -0.0111065 -0.00415615 -0.00823294 -0.00190263 -0.00415615 -0.00110346 -0.00278249 -0.00415615 -0.00823294 -0.00278249 -0.00587284 4.54178e-05 -0.000315708 0.000257801 3.73071e-05 -0.000315708 -0.00110346 3.73071e-05 -0.000500636 0.000257801 3.73071e-05 0.000382134 0.000262108 3.73071e-05 -0.000500636 0.000262108 -8.22441e-05 -0.00110346 -0.00278249 -0.000500636 -0.00170525 -0.00278249 -0.00587284 -0.00170525 -0.00394797 -0.000500636 -0.00170525 -8.22441e-05 -0.000894839 -0.00170525 -0.00394797 -0.000894839 -0.00241873 -0.0111065 -0.0188948 -0.00823294 -0.0143725 -0.0188948 -0.0281053 -0.0143725 -0.0216621 -0.00823294 -0.0143725 -0.00587284 -0.0105356 -0.0143725 -0.0216621 -0.0105356 -0.0160494 -0.0281053 -0.0359187 -0.0216621 -0.0278466 -0.0359187 -0.0390656 -0.0278466 -0.0303364 -0.0216621 -0.0278466 -0.0160494 -0.0207053 -0.0278466 -0.0303364 -0.0207053 -0.0225761 -0.00587284 -0.0105356 -0.00394797 -0.0073174 -0.0105356 -0.0160494 -0.0073174 -0.0112672 -0.00394797 -0.0073174 -0.00241873 -0.00468895 -0.0073174 -0.0112672 -0.00468895 -0.00731866 -0.0160494 -0.0207053 -0.0112672 -0.0145773 -0.0207053 -0.0225761 -0.0145773 -0.0159039 -0.0112672 -0.0145773 -0.00731866 -0.00950148 -0.0145773 -0.0159039 -0.00950148 -0.0103737 0.000382134 0.000262108 0.00041585 0.000362411 0.000262108 -8.22441e-05 0.000362411 0.00016394 0.00041585 0.000362411 0.000360477 0.000345428 0.000362411 0.00016394 0.000345428 0.00025032 -8.22441e-05 -0.000894839 0.00016394 -0.000332272 -0.000894839 -0.00241873 -0.000332272 -0.00126643 0.00016394 -0.000332272 0.00025032 -4.05949e-06 -0.000332272 -0.00126643 -4.05949e-06 -0.000482579 0.000360477 0.000345428 0.000220078 0.000220767 0.000345428 0.00025032 0.000220767 0.00019035 0.000220078 0.000220767 0 0 0.000220767 0.00019035 0 0 0.00025032 -4.05949e-06 0.00019035 0.000101916 -4.05949e-06 -0.000482579 0.000101916 -6.22763e-05 0.00019035 0.000101916 0 0 0.000101916 -6.22763e-05 0 0 -0.00241873 -0.00468895 -0.00126643 -0.00264108 -0.00468895 -0.00731866 -0.00264108 -0.00420926 -0.00126643 -0.00264108 -0.000482579 -0.00117388 -0.00264108 -0.00420926 -0.00117388 -0.00194611 -0.00731866 -0.00950148 -0.00420926 -0.00549557 -0.00950148 -0.0103737 -0.00549557 -0.0060082 -0.00420926 -0.00549557 -0.00194611 -0.00256948 -0.00549557 -0.0060082 -0.00256948 -0.00281743 -0.000482579 -0.00117388 -6.22763e-05 -0.000291548 -0.00117388 -0.00194611 -0.000291548 -0.000538624 -6.22763e-05 -0.000291548 0 0 -0.000291548 -0.000538624 0 0 -0.00194611 -0.00256948 -0.000538624 -0.000732866 -0.00256948 -0.00281743 -0.000732866 -0.000810177 -0.000538624 -0.000732866 0 0 -0.000732866 -0.000810177 0 0 -0.0390656 -0.0360605 -0.0303364 -0.0279635 -0.0360605 -0.0283752 -0.0279635 -0.0218866 -0.0303364 -0.0279635 -0.0225761 -0.0207997 -0.0279635 -0.0218866 -0.0207997 -0.0162324 -0.0283752 -0.019276 -0.0218866 -0.0146931 -0.019276 -0.0115881 -0.0146931 -0.00864203 -0.0218866 -0.0146931 -0.0162324 -0.0107996 -0.0146931 -0.00864203 -0.0107996 -0.00621295 -0.0225761 -0.0207997 -0.0159039 -0.0146516 -0.0207997 -0.0162324 -0.0146516 -0.0114122 -0.0159039 -0.0146516 -0.0103737 -0.00955753 -0.0146516 -0.0114122 -0.00955753 -0.00742897 -0.0162324 -0.0107996 -0.0114122 -0.0075287 -0.0107996 -0.00621295 -0.0075287 -0.0042226 -0.0114122 -0.0075287 -0.00742897 -0.00485122 -0.0075287 -0.0042226 -0.00485122 -0.00263143 -0.0115881 -0.00645257 -0.00864203 -0.00465165 -0.00645257 -0.00358767 -0.00465165 -0.00248646 -0.00864203 -0.00465165 -0.00621295 -0.0031973 -0.00465165 -0.00248646 -0.0031973 -0.0015942 -0.00358767 -0.00217379 -0.00248646 -0.00147128 -0.00217379 -0.00149796 -0.00147128 -0.00102109 -0.00248646 -0.00147128 -0.0015942 -0.000885292 -0.00147128 -0.00102109 -0.000885292 -0.000607412 -0.00621295 -0.0031973 -0.0042226 -0.00204236 -0.0031973 -0.0015942 -0.00204236 -0.000900949 -0.0042226 -0.00204236 -0.00263143 -0.00115749 -0.00204236 -0.000900949 -0.00115749 -0.000395201 -0.0015942 -0.000885292 -0.000900949 -0.000428069 -0.000885292 -0.000607412 -0.000428069 -0.000275703 -0.000900949 -0.000428069 -0.000395201 -0.000102199 -0.000428069 -0.000275703 -0.000102199 -3.5451e-05 -0.0103737 -0.00955753 -0.0060082 -0.00553523 -0.00955753 -0.00742897 -0.00553523 -0.00428791 -0.0060082 -0.00553523 -0.00281743 -0.00259441 -0.00553523 -0.00428791 -0.00259441 -0.00199594 -0.00742897 -0.00485122 -0.00428791 -0.00275786 -0.00485122 -0.00263143 -0.00275786 -0.00142074 -0.00428791 -0.00275786 -0.00199594 -0.00124856 -0.00275786 -0.00142074 -0.00124856 -0.000582015 -0.00281743 -0.00259441 -0.000810177 -0.000744604 -0.00259441 -0.00199594 -0.000744604 -0.000562294 -0.000810177 -0.000744604 0 0 -0.000744604 -0.000562294 0 0 -0.00199594 -0.00124856 -0.000562294 -0.000327359 -0.00124856 -0.000582015 -0.000327359 -0.000110317 -0.000562294 -0.000327359 0 0 -0.000327359 -0.000110317 0 0 -0.00263143 -0.00115749 -0.00142074 -0.000523874 -0.00115749 -0.000395201 -0.000523874 -6.50639e-05 -0.00142074 -0.000523874 -0.000582015 -0.000128165 -0.000523874 -6.50639e-05 -0.000128165 0.00010159 -0.000395201 -0.000102199 -6.50639e-05 9.55551e-05 -0.000102199 -3.5451e-05 9.55551e-05 0.000110131 -6.50639e-05 9.55551e-05 0.00010159 0.000171988 9.55551e-05 0.000110131 0.000171988 0.000161967 -0.000582015 -0.000128165 -0.000110317 4.16804e-05 -0.000128165 0.00010159 4.16804e-05 0.000118003 -0.000110317 4.16804e-05 0 0 4.16804e-05 0.000118003 0 0 0.00010159 0.000171988 0.000118003 0.000136365 0.000171988 0.000161967 0.000136365 0.000123604 0.000118003 0.000136365 0 0 0.000136365 0.000123604 0 0 -0.00149796 -0.00114447 -0.00102109 -0.000800027 -0.00114447 -0.000928984 -0.000800027 -0.000665964 -0.00102109 -0.000800027 -0.000607412 -0.000491296 -0.000800027 -0.000665964 -0.000491296 -0.000425371 -0.000928984 -0.000786421 -0.000665964 -0.000574952 -0.000786421 -0.000696047 -0.000574952 -0.000516961 -0.000665964 -0.000574952 -0.000425371 -0.000379359 -0.000574952 -0.000516961 -0.000379359 -0.000349914 -0.000607412 -0.000491296 -0.000275703 -0.000235376 -0.000491296 -0.000425371 -0.000235376 -0.000220456 -0.000275703 -0.000235376 -3.5451e-05 -4.32591e-05 -0.000235376 -0.000220456 -4.32591e-05 -6.12124e-05 -0.000425371 -0.000379359 -0.000220456 -0.00020959 -0.000379359 -0.000349914 -0.00020959 -0.000202864 -0.000220456 -0.00020959 -6.12124e-05 -7.41041e-05 -0.00020959 -0.000202864 -7.41041e-05 -8.31834e-05 -0.000696047 -0.000645049 -0.000516961 -0.00048447 -0.000645049 -0.000609791 -0.00048447 -0.000455875 -0.000516961 -0.00048447 -0.000349914 -0.000332894 -0.00048447 -0.000455875 -0.000332894 -0.000308324 -0.000609791 -0.000530451 -0.000455875 -0.000373295 -0.000530451 0 -0.000373295 0 -0.000455875 -0.000373295 -0.000308324 -0.00021587 -0.000373295 0 -0.00021587 0 -0.000349914 -0.000332894 -0.000202864 -0.000197897 -0.000332894 -0.000308324 -0.000197897 -0.000176214 -0.000202864 -0.000197897 -8.31834e-05 -8.69201e-05 -0.000197897 -0.000176214 -8.69201e-05 -6.98102e-05 -0.000308324 -0.00021587 -0.000176214 -9.51643e-05 -0.00021587 0 -9.51643e-05 0 -0.000176214 -9.51643e-05 -6.98102e-05 -9.7656e-06 -9.51643e-05 0 -9.7656e-06 0 -3.5451e-05 -4.32591e-05 0.000110131 7.85959e-05 -4.32591e-05 -6.12124e-05 7.85959e-05 4.50152e-05 0.000110131 7.85959e-05 0.000161967 0.00012698 7.85959e-05 4.50152e-05 0.00012698 9.29751e-05 -6.12124e-05 -7.41041e-05 4.50152e-05 1.99856e-05 -7.41041e-05 -8.31834e-05 1.99856e-05 2.43812e-06 4.50152e-05 1.99856e-05 9.29751e-05 6.67947e-05 1.99856e-05 2.43812e-06 6.67947e-05 4.81219e-05 0.000161967 0.00012698 0.000123604 0.0001008 0.00012698 9.29751e-05 0.0001008 7.89229e-05 0.000123604 0.0001008 0 0 0.0001008 7.89229e-05 0 0 9.29751e-05 6.67947e-05 7.89229e-05 6.14759e-05 6.67947e-05 4.81219e-05 6.14759e-05 4.87742e-05 7.89229e-05 6.14759e-05 0 0 6.14759e-05 4.87742e-05 0 0 -8.31834e-05 -8.69201e-05 2.43812e-06 -6.53646e-06 -8.69201e-05 -6.98102e-05 -6.53646e-06 4.14692e-06 2.43812e-06 -6.53646e-06 4.81219e-05 3.77034e-05 -6.53646e-06 4.14692e-06 3.77034e-05 4.17351e-05 -6.98102e-05 -9.7656e-06 4.14692e-06 4.26529e-05 -9.7656e-06 0 4.26529e-05 0 4.14692e-06 4.26529e-05 4.17351e-05 6.20224e-05 4.26529e-05 0 6.20224e-05 0 4.81219e-05 3.77034e-05 4.87742e-05 4.12296e-05 3.77034e-05 4.17351e-05 4.12296e-05 4.09029e-05 4.87742e-05 4.12296e-05 0 0 4.12296e-05 4.09029e-05 0 0 4.17351e-05 6.20224e-05 4.09029e-05 4.67089e-05 6.20224e-05 0 4.67089e-05 0 4.09029e-05 4.67089e-05 0 0 4.67089e-05 0 0 0 
SCALARS p_fluid double 1
LOOKUP_TABLE default
0 0 0 0 0 0 0 0 0 0 0 0 0 0 0 0 0 0 0 0 0 0 0 0 0 0 0 0 0 0 0 0 0 0 0 0 0 0 0 0 0 0 0 0 0 0 0 0 0 0 0 0 0 0 0 0 0 0 0 0 0 0 0 0 0 0 0 0 0 0 0 0 0 0 0 0 0 0 0 0 0 0 0 0 0 0 0 0 0 0 0 0 0 0 0 0 0 0 0 0 0 0 0 0 0 0 0 0 0 0 0 0 0 0 0 0 0 0 0 0 0 0 0 0 0 0 0 0 0 0 0 0 0 0 0 0 0 0 0 0 0 0 0 0 0 0 0 0 0 0 0 0 0 0 0 0 0 0 0 0 0 0 0 0 0 0 0 0 0 0 0 0 0 0 0 0 0 0 0 0 0 0 0 0 0 0 0 0 0 0 0 0 0 0 0 0 0 0 0 0 0 0 0 0 0 0 0 0 0 0 0 0 0 0 0 0 0 0 0 0 0 0 0 0 0 0 0 0 0 0 0 0 0 0 0 0 0 0 0 0 0 0 0 0 0 0 0 0 0 0 0 0 0 0 0 0 0 0 0 0 0 0 0 0 0 0 0 0 0 0 0 0 0 0 0 0 0 0 0 0 0 0 0 0 0 0 0 0 0 0 0 0 0 0 0 0 0 0 0 0 0 0 0 0 0 0 0 0 0 0 0 0 0 0 0 0 0 0 0 0 0 0 0 0 0 0 0 0 0 0 0 0 0 0 0 0 0 0 0 0 0 0 0 0 0 0 0 0 0 0 0 0 0 0 0 0 0 0 0 0 0 0 0 0 0 0 0 0 0 0 0 0 0 0 0 0 0 0 0 0 0 0 0 0 0 0 0 0 0 0 0 0 0 0 0 0 0 0 0 0 0 0 0 0 0 0 0 0 0 0 0 0 0 0 0 0 0 0 0 0 0 0 0 0 0 0 0 0 0 0 0 0 0 0 0 0 0 0 0 0 0 0 0 0 0 0 0 0 0 0 0 0 0 0 0 0 0 0 0 0 0 0 0 0 0 0 0 0 0 0 0 0 0 0 0 0 0 0 0 0 0 0 0 0 0 0 0 0 0 0 0 0 0 0 0 0 0 0 0 0 0 0 0 0 0 0 0 0 0 0 0 0 0 0 0 0 0 0 0 0 0 0 0 0 0 0 0 0 0 0 0 0 0 0 0 0 0 0 0 0 0 0 0 0 0 0 0 0 0 0 0 0 0 0 0 0 0 0 0 0 0 0 0 0 0 0 0 0 0 0 0 0 0 0 0 0 0 0 0 0 0 0 0 0 0 0 0 0 0 0 0 0 0 0 0 0 0 0 0 0 0 0 0 0 0 0 0 0 0 0 0 0 0 0 0 0 0 0 0 0 0 0 0 0 0 0 0 0 0 0 0 0 0 0 0 0 0 0 0 0 0 0 0 0 0 0 0 0 0 0 0 0 0 0 0 0 0 0 0 0 0 0 0 0 0 0 0 0 0 0 0 0 0 0 0 0 0 0 0 0 0 0 0 0 0 0 0 0 0 0 0 0 0 0 0 0 0 0 0 0 0 0 0 0 0 0 0 0 0 0 0 0 0 0 0 0 0 0 0 0 0 0 0 0 0 0 0 0 0 0 0 0 0 0 0 0 0 0 0 0 0 0 0 0 0 0 0 0 0 0 0 0 0 0 0 0 0 0 0 0 0 0 0 0 0 0 0 0 0 0 0 0 0 0 0 0 0 0 0 0 0 0 0 0 0 0 0 0 0 0 0 0 0 0 0 0 0 0 0 0 0 0 0 0 0 0 0 0 0 0 0 0 0 0 0 0 0 0 0 0 0 0 0 0 0 0 0 0 0 0 0 0 0 0 0 0 0 0 0 0 0 0 0 0 0 0 0 0 0 0 0 0 0 0 0 0 0 0 0 0 0 0 0 0 0 0 0 0 0 0 0 0 0 0 0 0 0 0 0 0 0 0 0 0 0 0 0 0 0 0 0 0 0 0 0 0 0 0 0 0 0 0 0 0 0 0 0 0 0 0 0 0 0 0 0 0 0 0 0 0 0 0 0 0 0 0 0 0 0 0 0 0 0 0 0 0 0 0 0 0 0 0 0 0 0 0 0 0 0 0 0 0 0 0 0 0 0 0 0 0 0 0 0 0 0 0 0 0 0 0 0 0 0 0 0 0 0 0 0 0 0 0 0 0 0 0 0 0 0 0 0 0 0 0 0 0 0 0 0 0 0 0 0 0 0 0 0 0 0 0 0 0 0 0 0 0 0 0 0 0 0 0 0 0 93.3161 90.6979 93.3588 90.7407 90.7047 87.9513 90.6995 87.9461 93.4318 90.6759 93.4586 90.7027 90.7101 87.9434 90.7051 87.9384 87.9483 85.148 87.9421 85.1419 85.1466 82.3201 85.1411 82.3146 87.944 85.1418 87.9385 85.1364 85.141 82.3153 85.1361 82.3103 93.4734 90.6876 93.4931 90.7074 90.7088 87.9378 90.7066 87.9356 93.5031 90.6979 93.5196 90.7144 90.7133 87.9302 90.7129 87.9299 87.939 85.1369 87.9326 85.1305 85.1357 82.311 85.1298 82.3051 87.9339 85.1301 87.9273 85.1235 85.1296 82.3056 85.1229 82.2989 82.3191 79.4776 82.3149 79.4734 79.4769 76.6266 79.474 76.6236 82.3143 79.4741 82.3104 79.4702 79.4734 76.6242 79.4702 76.621 76.6262 73.7706 76.6242 73.7686 73.7709 70.9112 73.7688 70.9091 76.624 73.7687 76.6207 73.7653 73.7698 70.9076 73.7641 70.902 82.31 79.4706 82.3051 79.4657 79.4701 76.6209 79.4656 76.6164 82.3047 79.466 82.2989 79.4602 79.4657 76.6159 79.46 76.6101 76.6214 73.7641 76.6157 73.7583 73.7667 70.8983 73.7563 70.8878 76.617 73.7562 76.6092 73.7484 73.76 70.8826 73.7459 70.8685 93.5253 90.7088 93.5381 90.7216 90.719 87.9245 90.7201 87.9256 93.5415 90.7181 93.5506 90.7272 90.7248 87.9212 90.7263 87.9227 87.9291 85.1225 87.9236 85.117 85.1228 82.2991 85.1164 82.2926 87.9254 85.1157 87.9214 85.1117 85.1166 82.2926 85.1113 82.2873 93.5525 90.7252 93.5578 90.7306 90.7294 87.9198 90.7305 87.9209 93.5587 90.7296 93.5605 90.7314 90.732 87.9195 90.7325 87.9199 87.9229 85.1106 87.9206 85.1083 85.1116 82.2872 85.1082 82.2838 87.9214 85.1077 87.9206 85.1069 85.1084 82.2837 85.1072 82.2825 82.2986 79.4603 82.2926 79.4542 79.4603 76.6093 79.454 76.6031 82.2924 79.4541 82.2873 79.449 79.4544 76.6022 79.4488 76.5966 76.6108 73.7458 76.6021 73.7371 73.7502 70.8628 73.7348 70.8474 76.6038 73.7346 76.5959 73.7267 73.7389 70.8421 73.7252 70.8284 82.2873 79.4488 82.2838 79.4454 79.4492 76.5958 79.4453 76.592 82.2838 79.4452 82.2826 79.444 79.4456 76.5915 79.4442 76.5902 76.5973 73.7247 76.5919 73.7192 73.7283 70.8243 73.7189 70.8149 76.5926 73.7181 76.5907 73.7162 73.7206 70.8127 73.7172 70.8094 70.9141 68.0448 70.9079 68.0386 68.0542 65.1485 68.0337 65.128 70.9123 68.0332 70.899 68.0199 68.0455 65.1151 68.0141 65.0837 65.1703 62.1546 65.1164 62.1007 62.1918 58.9238 62.0798 58.8118 65.1397 62.0775 65.0743 62.0121 62.1138 58.7823 62 58.6685 70.9054 68.0116 70.8834 67.9896 68.0269 65.0686 67.9819 65.0236 70.8915 67.9793 70.8636 67.9514 67.996 65.0069 67.9435 64.9543 65.0943 61.9907 65.0128 61.9093 62.0224 58.6484 61.8983 58.5243 65.0321 61.8886 64.9441 61.8006 61.9157 58.5092 61.7917 58.3852 58.966 55.2581 58.7847 55.0768 55.272 51.0168 55.0569 50.8017 58.8154 55.0578 58.6578 54.9001 55.0561 50.8186 54.8981 50.6606 50.963 46.339 50.8086 46.1846 46.2261 41.765 46.2278 41.7668 50.7556 46.2469 50.6743 46.1656 46.1425 41.8437 46.1949 41.896 58.6686 54.8977 58.5195 54.7486 54.8787 50.6928 54.757 50.5711 58.5204 54.7549 58.3841 54.6186 54.7272 50.611 54.6314 50.5153 50.6201 46.2294 50.5951 46.2045 46.1309 41.9584 46.237 42.0645 50.5368 46.2697 50.5418 46.2747 46.1776 42.1224 46.3058 42.2506 70.8721 67.9408 70.8431 67.9119 67.9571 64.9385 67.9051 64.8865 70.8507 67.9025 70.8256 67.8775 67.9167 64.8733 67.8732 64.8298 64.961 61.7828 64.8783 61.7001 61.8045 58.3749 61.6938 58.2642 64.8917 61.6864 64.8248 61.6195 61.7025 58.2578 61.616 58.1713 70.8312 67.8706 70.8143 67.8537 67.8815 64.8205 67.8528 64.7917 70.8173 67.85 70.8113 67.8441 67.8571 64.7869 67.8471 64.7769 64.834 61.6103 64.7907 61.567 61.6213 58.1678 61.5665 58.113 64.7954 61.5623 64.7804 61.5474 61.569 58.1116 61.5502 58.0928 58.3799 54.6293 58.265 54.5144 54.5997 50.5549 54.5267 50.482 58.259 54.5257 58.1725 54.4392 54.4988 50.5158 54.4475 50.4645 50.4875 46.3336 50.5046 46.3508 46.2536 42.3004 46.3757 42.4225 50.46 46.3981 50.4786 46.4167 46.3339 42.4617 46.4315 42.5594 58.1671 54.4483 58.1137 54.3949 54.4271 50.4888 54.3967 50.4585 58.1106 54.3999 58.0925 54.3818 54.386 50.4712 54.3759 50.4611 50.4472 46.4496 50.4607 46.4632 46.4025 42.5863 46.4649 42.6486 50.4446 46.48 50.4495 46.4849 46.4501 42.6623 46.4715 42.6836 41.6683 37.9463 41.8292 38.1073 37.9267 35.1256 38.1542 35.3531 41.7629 38.1505 41.9289 38.3166 38.1384 35.3463 38.3362 35.5442 35.1697 33.019 35.3638 33.213 33.0796 31.1544 33.1943 31.2691 35.3892 33.1769 35.5434 33.3311 33.2338 31.231 33.3163 31.3135 41.8932 38.3402 42.0912 38.5382 38.3429 35.5238 38.547 35.7279 42.0643 38.5565 42.2722 38.7644 38.5623 35.7036 38.7676 35.9089 35.5762 33.2907 35.7178 33.4323 33.3514 31.2778 33.4124 31.3388 35.7572 33.3886 35.8952 33.5266 33.4514 31.3004 33.5053 31.3544 31.1996 29.1875 31.2404 29.2283 29.2088 26.9846 29.2045 26.9804 31.273 29.2032 31.2954 29.2257 29.2228 26.97 29.2117 26.9589 26.9882 24.5616 26.967 24.5404 24.5576 21.9896 24.5356 21.9675 26.9734 24.5395 26.9515 24.5175 24.5357 21.9702 24.5151 21.9496 31.3192 29.2054 31.3197 29.2058 29.2221 26.9527 29.1933 26.9238 31.3444 29.184 31.3355 29.1751 29.2026 26.9173 29.1637 26.8784 26.9529 24.5191 26.9186 24.4848 24.5127 21.9535 24.4843 21.9251 26.9179 24.4869 26.8743 24.4434 24.4798 21.93 24.444 21.8942 42.2501 38.7793 42.4388 38.968 38.7835 35.8865 38.9691 36.0721 42.4211 38.9796 42.5688 39.1273 38.9817 36.0543 39.1277 36.2003 35.9334 33.4861 36.0597 33.6124 33.5438 31.3177 33.5942 31.3681 36.0912 33.5795 36.1926 33.6809 33.627 31.3374 33.6696 31.3799 42.5563 39.1353 42.6496 39.2286 39.1362 36.1881 39.2289 36.2808 42.6432 39.2327 42.675 39.2645 39.2331 36.2746 39.2648 36.3063 36.2146 33.6581 36.2799 33.7234 33.693 31.3581 33.7216 31.3866 36.2912 33.7117 36.3137 33.7342 33.7338 31.3753 33.7438 31.3853 31.3605 29.1532 31.3522 29.1449 29.1734 26.8711 29.1354 26.8331 31.3745 29.1257 31.3698 29.1211 29.1449 26.8261 29.1151 26.7963 26.8738 24.445 26.83 24.4012 24.4391 21.8989 24.402 21.8619 26.8303 24.402 26.7943 24.366 24.3981 21.8657 24.3667 21.8343 31.3864 29.1071 31.3847 29.1053 29.1226 26.7908 29.1041 26.7723 31.3934 29.0979 31.3931 29.0976 29.1082 26.7693 29.102 26.7631 26.795 24.3662 26.7719 24.3431 24.3641 21.8369 24.3434 21.8163 26.7725 24.3431 26.7645 24.3352 24.3421 21.8176 24.3349 21.8104 21.9846 19.332 21.9672 19.3146 19.3285 16.6271 19.3159 16.6145 21.9654 19.3177 21.9498 19.302 19.3141 16.6168 19.3031 16.6058 16.6251 13.8931 16.6159 13.8839 13.8919 11.1377 13.885 11.1307 16.6146 13.8855 16.6068 13.8776 13.8841 11.1318 13.8784 11.1262 21.9469 19.3055 21.9267 19.2853 19.3009 16.6081 19.2873 16.5946 21.9221 19.2898 21.8966 19.2643 19.2838 16.5977 19.2667 16.5806 16.6053 13.8791 16.5962 13.87 13.8774 11.1272 13.8712 11.121 16.5939 13.872 16.5825 13.8606 13.8696 11.1224 13.862 11.1148 11.1369 8.36452 11.1316 8.35921 8.36373 5.57646 8.36002 5.57275 11.1308 8.3602 11.1268 8.35621 8.35904 5.57393 8.35691 5.5718 5.57505 2.77805 5.5735 2.7765 2.76312 -0.0214104 2.77873 -0.0058072 5.57196 2.77808 5.57281 2.77893 2.77239 -0.00347451 2.77792 0.0020551 11.1259 8.35725 11.1219 8.35322 8.35579 5.57317 8.35412 5.57151 11.1207 8.35449 11.1159 8.34973 8.35275 5.57295 8.35073 5.57093 5.57067 2.78105 5.57247 2.78285 2.77968 -0.000179741 2.78254 0.00267864 5.57065 2.7844 5.57172 2.78547 2.78432 0.000728105 2.78525 0.00166053 21.8913 19.2689 21.8642 19.2418 19.2627 16.584 19.2441 16.5655 21.8595 19.2458 21.8359 19.2222 19.2403 16.5686 19.2238 16.5521 16.5798 13.8629 16.5673 13.8505 13.8601 11.1164 13.8518 11.1081 16.5646 13.8526 16.5533 13.8414 13.8499 11.1096 13.8423 11.102 21.8326 19.2251 21.8167 19.2093 19.221 16.5544 19.2097 16.5432 21.815 19.2108 21.8095 19.2053 19.2082 16.5444 19.2043 16.5404 16.5513 13.843 16.5435 13.8353 13.8408 11.1032 13.8355 11.0978 16.5424 13.8361 16.5396 13.8334 13.8347 11.0985 13.8328 11.0966 11.1144 8.35112 11.1091 8.34582 8.34926 5.57231 8.34672 5.56977 11.1076 8.3471 11.1027 8.34217 8.34538 5.57092 8.34278 5.56832 5.57048 2.78636 5.57041 2.78629 2.78669 9.6254e-05 2.78615 -0.000439949 5.56956 2.78678 5.56875 2.78597 2.78719 -0.001598 2.78592 -0.00286375 11.1015 8.34313 11.098 8.33964 8.34178 5.56912 8.33983 5.56717 11.0974 8.34015 11.0961 8.33889 8.3393 5.56758 8.33858 5.56685 5.56821 2.78623 5.56733 2.78535 2.78657 -0.00361818 2.7854 -0.00479295 5.56707 2.78546 5.56671 2.78509 2.78571 -0.00516088 2.78524 -0.00562768 93.5605 90.7314 93.5587 90.7296 90.7325 87.9199 90.732 87.9195 93.5578 90.7306 93.5525 90.7252 90.7305 87.9209 90.7294 87.9198 87.9206 85.1069 87.9214 85.1077 85.1072 82.2825 85.1084 82.2837 87.9206 85.1083 87.9229 85.1106 85.1082 82.2838 85.1116 82.2872 93.5506 90.7272 93.5415 90.7181 90.7263 87.9227 90.7248 87.9212 93.5381 90.7216 93.5253 90.7088 90.7201 87.9256 90.719 87.9245 87.9214 85.1117 87.9254 85.1157 85.1113 82.2873 85.1166 82.2926 87.9236 85.117 87.9291 85.1225 85.1164 82.2926 85.1228 82.2991 82.2826 79.444 82.2838 79.4452 79.4442 76.5902 79.4456 76.5915 82.2838 79.4454 82.2873 79.4488 79.4453 76.592 79.4492 76.5958 76.5907 73.7162 76.5926 73.7181 73.7172 70.8094 73.7206 70.8127 76.5919 73.7192 76.5973 73.7247 73.7189 70.8149 73.7283 70.8243 82.2873 79.449 82.2924 79.4541 79.4488 76.5966 79.4544 76.6022 82.2926 79.4542 82.2986 79.4603 79.454 76.6031 79.4603 76.6093 76.5959 73.7267 76.6038 73.7346 73.7252 70.8284 73.7389 70.8421 76.6021 73.7371 76.6108 73.7458 73.7348 70.8474 73.7502 70.8628 93.5196 90.7144 93.5031 90.6979 90.7129 87.9299 90.7133 87.9302 93.4931 90.7074 93.4734 90.6876 90.7066 87.9356 90.7088 87.9378 87.9273 85.1235 87.9339 85.1301 85.1229 82.2989 85.1296 82.3056 87.9326 85.1305 87.939 85.1369 85.1298 82.3051 85.1357 82.311 93.4586 90.7027 93.4318 90.6759 90.7051 87.9384 90.7101 87.9434 93.3588 90.7407 93.3161 90.6979 90.6995 87.9461 90.7047 87.9513 87.9385 85.1364 87.944 85.1418 85.1361 82.3103 85.141 82.3153 87.9421 85.1419 87.9483 85.148 85.1411 82.3146 85.1466 82.3201 82.2989 79.4602 82.3047 79.466 79.46 76.6101 79.4657 76.6159 82.3051 79.4657 82.31 79.4706 79.4656 76.6164 79.4701 76.6209 76.6092 73.7484 76.617 73.7562 73.7459 70.8685 73.76 70.8826 76.6157 73.7583 76.6214 73.7641 73.7563 70.8878 73.7667 70.8983 82.3104 79.4702 82.3143 79.4741 79.4702 76.621 79.4734 76.6242 82.3149 79.4734 82.3191 79.4776 79.474 76.6236 79.4769 76.6266 76.6207 73.7653 76.624 73.7687 73.7641 70.902 73.7698 70.9076 76.6242 73.7686 76.6262 73.7706 73.7688 70.9091 73.7709 70.9112 70.8113 67.8441 70.8173 67.85 67.8471 64.7769 67.8571 64.7869 70.8143 67.8537 70.8312 67.8706 67.8528 64.7917 67.8815 64.8205 64.7804 61.5474 64.7954 61.5623 61.5502 58.0928 61.569 58.1116 64.7907 61.567 64.834 61.6103 61.5665 58.113 61.6213 58.1678 70.8256 67.8775 70.8507 67.9025 67.8732 64.8298 67.9167 64.8733 70.8431 67.9119 70.8721 67.9408 67.9051 64.8865 67.9571 64.9385 64.8248 61.6195 64.8917 61.6864 61.616 58.1713 61.7025 58.2578 64.8783 61.7001 64.961 61.7828 61.6938 58.2642 61.8045 58.3749 58.0925 54.3818 58.1106 54.3999 54.3759 50.4611 54.386 50.4712 58.1137 54.3949 58.1671 54.4483 54.3967 50.4585 54.4271 50.4888 50.4495 46.4849 50.4446 46.48 46.4715 42.6836 46.4501 42.6623 50.4607 46.4632 50.4472 46.4496 46.4649 42.6486 46.4025 42.5863 58.1725 54.4392 58.259 54.5257 54.4475 50.4645 54.4988 50.5158 58.265 54.5144 58.3799 54.6293 54.5267 50.482 54.5997 50.5549 50.4786 46.4167 50.46 46.3981 46.4315 42.5594 46.3339 42.4617 50.5046 46.3508 50.4875 46.3336 46.3757 42.4225 46.2536 42.3004 70.8636 67.9514 70.8915 67.9793 67.9435 64.9543 67.996 65.0069 70.8834 67.9896 70.9054 68.0116 67.9819 65.0236 68.0269 65.0686 64.9441 61.8006 65.0321 61.8886 61.7917 58.3852 61.9157 58.5092 65.0128 61.9093 65.0943 61.9907 61.8983 58.5243 62.0224 58.6484 70.899 68.0199 70.9123 68.0332 68.0141 65.0837 68.0455 65.1151 70.9079 68.0386 70.9141 68.0448 68.0337 65.128 68.0542 65.1485 65.0743 62.0121 65.1397 62.0775 62 58.6685 62.1138 58.7823 65.1164 62.1007 65.1703 62.1546 62.0798 58.8118 62.1918 58.9238 58.3841 54.6186 58.5204 54.7549 54.6314 50.5153 54.7272 50.611 58.5195 54.7486 58.6686 54.8977 54.757 50.5711 54.8787 50.6928 50.5418 46.2747 50.5368 46.2697 46.3058 42.2506 46.1776 42.1224 50.5951 46.2045 50.6201 46.2294 46.237 42.0645 46.1309 41.9584 58.6578 54.9001 58.8154 55.0578 54.8981 50.6606 55.0561 50.8186 58.7847 55.0768 58.966 55.2581 55.0569 50.8017 55.272 51.0168 50.6743 46.1656 50.7556 46.2469 46.1949 41.896 46.1425 41.8437 50.8086 46.1846 50.963 46.339 46.2278 41.7668 46.2261 41.765 42.675 39.2645 42.6432 39.2327 39.2648 36.3063 39.2331 36.2746 42.6496 39.2286 42.5563 39.1353 39.2289 36.2808 39.1362 36.1881 36.3137 33.7342 36.2912 33.7117 33.7438 31.3853 33.7338 31.3753 36.2799 33.7234 36.2146 33.6581 33.7216 31.3866 33.693 31.3581 42.5688 39.1273 42.4211 38.9796 39.1277 36.2003 38.9817 36.0543 42.4388 38.968 42.2501 38.7793 38.9691 36.0721 38.7835 35.8865 36.1926 33.6809 36.0912 33.5795 33.6696 31.3799 33.627 31.3374 36.0597 33.6124 35.9334 33.4861 33.5942 31.3681 33.5438 31.3177 31.3931 29.0976 31.3934 29.0979 29.102 26.7631 29.1082 26.7693 31.3847 29.1053 31.3864 29.1071 29.1041 26.7723 29.1226 26.7908 26.7645 24.3352 26.7725 24.3431 24.3349 21.8104 24.3421 21.8176 26.7719 24.3431 26.795 24.3662 24.3434 21.8163 24.3641 21.8369 31.3698 29.1211 31.3745 29.1257 29.1151 26.7963 29.1449 26.8261 31.3522 29.1449 31.3605 29.1532 29.1354 26.8331 29.1734 26.8711 26.7943 24.366 26.8303 24.402 24.3667 21.8343 24.3981 21.8657 26.83 24.4012 26.8738 24.445 24.402 21.8619 24.4391 21.8989 42.2722 38.7644 42.0643 38.5565 38.7676 35.9089 38.5623 35.7036 42.0912 38.5382 41.8932 38.3402 38.547 35.7279 38.3429 35.5238 35.8952 33.5266 35.7572 33.3886 33.5053 31.3544 33.4514 31.3004 35.7178 33.4323 35.5762 33.2907 33.4124 31.3388 33.3514 31.2778 41.9289 38.3166 41.7629 38.1505 38.3362 35.5442 38.1384 35.3463 41.8292 38.1073 41.6683 37.9463 38.1542 35.3531 37.9267 35.1256 35.5434 33.3311 35.3892 33.1769 33.3163 31.3135 33.2338 31.231 35.3638 33.213 35.1697 33.019 33.1943 31.2691 33.0796 31.1544 31.3355 29.1751 31.3444 29.184 29.1637 26.8784 29.2026 26.9173 31.3197 29.2058 31.3192 29.2054 29.1933 26.9238 29.2221 26.9527 26.8743 24.4434 26.9179 24.4869 24.444 21.8942 24.4798 21.93 26.9186 24.4848 26.9529 24.5191 24.4843 21.9251 24.5127 21.9535 31.2954 29.2257 31.273 29.2032 29.2117 26.9589 29.2228 26.97 31.2404 29.2283 31.1996 29.1875 29.2045 26.9804 29.2088 26.9846 26.9515 24.5175 26.9734 24.5395 24.5151 21.9496 24.5357 21.9702 26.967 24.5404 26.9882 24.5616 24.5356 21.9675 24.5576 21.9896 21.8095 19.2053 21.815 19.2108 19.2043 16.5404 19.2082 16.5444 21.8167 19.2093 21.8326 19.2251 19.2097 16.5432 19.221 16.5544 16.5396 13.8334 16.5424 13.8361 13.8328 11.0966 13.8347 11.0985 16.5435 13.8353 16.5513 13.843 13.8355 11.0978 13.8408 11.1032 21.8359 19.2222 21.8595 19.2458 19.2238 16.5521 19.2403 16.5686 21.8642 19.2418 21.8913 19.2689 19.2441 16.5655 19.2627 16.584 16.5533 13.8414 16.5646 13.8526 13.8423 11.102 13.8499 11.1096 16.5673 13.8505 16.5798 13.8629 13.8518 11.1081 13.8601 11.1164 11.0961 8.33889 11.0974 8.34015 8.33858 5.56685 8.3393 5.56758 11.098 8.33964 11.1015 8.34313 8.33983 5.56717 8.34178 5.56912 5.56671 2.78509 5.56707 2.78546 2.78524 -0.00562768 2.78571 -0.00516088 5.56733 2.78535 5.56821 2.78623 2.7854 -0.00479295 2.78657 -0.00361818 11.1027 8.34217 11.1076 8.3471 8.34278 5.56832 8.34538 5.57092 11.1091 8.34582 11.1144 8.35112 8.34672 5.56977 8.34926 5.57231 5.56875 2.78597 5.56956 2.78678 2.78592 -0.00286375 2.78719 -0.001598 5.57041 2.78629 5.57048 2.78636 2.78615 -0.000439949 2.78669 9.6254e-05 21.8966 19.2643 21.9221 19.2898 19.2667 16.5806 19.2838 16.5977 21.9267 19.2853 21.9469 19.3055 19.2873 16.5946 19.3009 16.6081 16.5825 13.8606 16.5939 13.872 13.862 11.1148 13.8696 11.1224 16.5962 13.87 16.6053 13.8791 13.8712 11.121 13.8774 11.1272 21.9498 19.302 21.9654 19.3177 19.3031 16.6058 19.3141 16.6168 21.9672 19.3146 21.9846 19.332 19.3159 16.6145 19.3285 16.6271 16.6068 13.8776 16.6146 13.8855 13.8784 11.1262 13.8841 11.1318 16.6159 13.8839 16.6251 13.8931 13.885 11.1307 13.8919 11.1377 11.1159 8.34973 11.1207 8.35449 8.35073 5.57093 8.35275 5.57295 11.1219 8.35322 11.1259 8.35725 8.35412 5.57151 8.35579 5.57317 5.57172 2.78547 5.57065 2.7844 2.78525 0.00166053 2.78432 0.000728105 5.57247 2.78285 5.57067 2.78105 2.78254 0.00267864 2.77968 -0.000179741 11.1268 8.35621 11.1308 8.3602 8.35691 5.5718 8.35904 5.57393 11.1316 8.35921 11.1369 8.36452 8.36002 5.57275 8.36373 5.57646 5.57281 2.77893 5.57196 2.77808 2.77792 0.0020551 2.77239 -0.00347451 5.5735 2.7765 5.57505 2.77805 2.77873 -0.0058072 2.76312 -0.0214104 0 0 0 0 0 0 0 0 0 0 0 0 0 0 0 0 0 0 0 0 0 0 0 0 0 0 0 0 0 0 0 0 0 0 0 0 0 0 0 0 0 0 0 0 0 0 0 0 0 0 0 0 0 0 0 0 0 0 0 0 0 0 0 0 0 0 0 0 0 0 0 0 0 0 0 0 0 0 0 0 0 0 0 0 0 0 0 0 0 0 0 0 0 0 0 0 0 0 0 0 0 0 0 0 0 0 0 0 0 0 0 0 0 0 0 0 0 0 0 0 0 0 0 0 0 0 0 0 0 0 0 0 0 0 0 0 0 0 0 0 0 0 0 0 0 0 0 0 0 0 0 0 0 0 0 0 0 0 0 0 0 0 0 0 0 0 0 0 0 0 0 0 0 0 0 0 0 0 0 0 0 0 0 0 0 0 0 0 0 0 0 0 0 0 0 0 0 0 0 0 0 0 0 0 0 0 0 0 0 0 0 0 0 0 0 0 0 0 0 0 0 0 0 0 0 0 0 0 0 0 0 0 0 0 0 0 0 0 0 0 0 0 0 0 0 0 0 0 0 0 0 0 0 0 0 0 0 0 0 0 0 0 0 0 0 0 0 0 0 0 0 0 0 0 0 0 0 0 0 0 0 0 0 0 0 0 0 0 0 0 0 0 0 0 0 0 0 0 0 0 0 0 0 0 0 0 0 0 0 0 0 0 0 0 0 0 0 0 0 0 0 0 0 0 0 0 0 0 0 0 0 0 0 0 0 0 0 0 0 0 0 0 0 0 0 0 0 0 0 0 0 0 0 0 0 0 0 0 0 0 0 0 0 0 0 0 0 0 0 0 0 0 0 0 0 0 0 0 0 0 0 0 0 0 0 0 0 0 0 0 0 0 0 0 0 0 0 0 0 0 0 0 0 0 0 0 0 0 0 0 0 0 0 0 0 0 0 0 0 0 0 0 0 0 0 0 0 0 0 0 0 0 0 0 0 0 0 0 0 0 0 0 0 0 0 0 0 0 0 0 0 0 0 0 0 0 0 0 0 0 0 0 0 0 0 0 0 0 0 0 0 0 0 0 0 0 0 0 0 0 0 0 0 0 0 0 0 0 0 0 0 0 0 0 0 0 0 0 0 0 0 0 0 0 0 0 0 0 0 0 0 0 0 0 0 0 0 0 0 0 0 0 0 0 0 0 0 0 0 0 0 0 0 0 0 0 0 0 0 0 0 0 0 0 0 0 0 0 0 0 0 0 0 0 0 0 0 0 0 0 0 0 0 0 0 0 0 0 0 0 0 0 0 0 0 0 0 0 0 0 0 0 0 0 0 0 0 0 0 0 0 0 0 0 0 0 0 0 0 0 0 0 0 0 0 0 0 0 0 0 0 0 0 0 0 0 0 0 0 0 0 0 0 0 0 0 0 0 0 0 0 0 0 0 0 0 0 0 0 0 0 0 0 0 0 0 0 0 0 0 0 0 0 0 0 0 0 0 0 0 0 0 0 0 0 0 0 0 0 0 0 0 0 0 0 0 0 0 0 0 0 0 0 0 0 0 0 0 0 0 0 0 0 0 0 0 0 0 0 0 0 0 0 0 0 0 0 0 0 0 0 0 0 0 0 0 0 0 0 0 0 0 0 0 0 0 0 0 0 0 0 0 0 0 0 0 0 0 0 0 0 0 0 0 0 0 0 0 0 0 0 0 0 0 0 0 0 0 0 0 0 0 0 0 0 0 0 0 0 0 0 0 0 0 0 0 0 0 0 0 0 0 0 0 0 0 0 0 0 0 0 0 0 0 0 0 0 0 0 0 0 0 0 0 0 0 0 0 0 0 0 0 0 0 0 0 0 0 0 0 0 0 0 0 0 0 0 0 0 0 0 0 0 0 0 0 0 0 0 0 0 0 0 0 0 0 0 0 0 0 0 0 0 0 0 0 0 0 0 0 0 0 0 0 0 0 0 0 0 0 0 0 0 0 0 0 0 0 0 0 0 0 0 0 0 0 0 0 0 0 0 0 0 0 0 0 0 0 0 0 0 0 0 0 0 0 0 0 0 0 0 0 0 0 0 0 0 0 0 0 0 0 0 0 0 0 0 0 0 0 0 0 0 0 0 0 0 0 0 0 0 0 0 0 0 0 0 0 0 0 0 0 0 0 0 0 0 0 0 0 0 0 0 0 0 0 0 0 0 0 0 0 0 0 0 0 0 0 0 0 0 0 0 0 0 0 0 0 0 0 0 0 0 0 0 0 0 0 0 0 0 0 0 0 0 0 0 0 0 0 0 0 0 0 0 0 0 0 0 0 0 0 0 0 
SCALARS wx_dis double 1
LOOKUP_TABLE default
0.00158199 0.00155234 0.00158678 0.00155692 0.00155234 0.00146525 0.00155692 0.00146978 0.00158678 0.00155692 0.00160124 0.00157066 0.00155692 0.00146978 0.00157066 0.00148314 0.00146525 0.00132015 0.00146978 0.00132579 0.00132015 0.00110255 0.00132579 0.00111093 0.00146978 0.00132579 0.00148314 0.00134243 0.00132579 0.00111093 0.00134243 0.00113583 0.00160124 0.00157066 0.00162567 0.00159352 0.00157066 0.00148314 0.00159352 0.00150473 0.00162567 0.00159352 0.00166067 0.00162554 0.00159352 0.00150473 0.00162554 0.00153341 0.00148314 0.00134243 0.00150473 0.00136925 0.00134243 0.00113583 0.00136925 0.00117662 0.00150473 0.00136925 0.00153341 0.00140477 0.00136925 0.00117662 0.00140477 0.00123215 0.00110255 0.000778701 0.00111093 0.000791096 0.000778701 0.000299415 0.000791096 0.000316208 0.00111093 0.000791096 0.00113583 0.000828209 0.000791096 0.000316208 0.000828209 0.000366767 0.000299415 -0.000388392 0.000316208 -0.000368411 -0.000388392 -0.00132151 -0.000368411 -0.00130208 0.000316208 -0.000368411 0.000366767 -0.000307885 -0.000368411 -0.00130208 -0.000307885 -0.00124265 0.00113583 0.000828209 0.00117662 0.000889815 0.000828209 0.000366767 0.000889815 0.0004516 0.00117662 0.000889815 0.00123215 0.00097548 0.000889815 0.0004516 0.00097548 0.000571472 0.000366767 -0.000307885 0.0004516 -0.000205092 -0.000307885 -0.00124265 -0.000205092 -0.00113982 0.0004516 -0.000205092 0.000571472 -5.72556e-05 -0.000205092 -0.00113982 -5.72556e-05 -0.000987912 0.00166067 0.00162554 0.0017073 0.00166692 0.00162554 0.00153341 0.00166692 0.00156734 0.0017073 0.00166692 0.00176687 0.00171848 0.00166692 0.00156734 0.00171848 0.00160367 0.00153341 0.00140477 0.00156734 0.00144682 0.00140477 0.00123215 0.00144682 0.00130078 0.00156734 0.00144682 0.00160367 0.00149234 0.00144682 0.00130078 0.00149234 0.00138027 0.00176687 0.00171848 0.00183695 0.00178235 0.00171848 0.00160367 0.00178235 0.001638 0.00183695 0.00178235 0.00186972 0.00185315 0.00178235 0.001638 0.00185315 0.0016644 0.00160367 0.00149234 0.001638 0.00153727 0.00149234 0.00138027 0.00153727 0.00146776 0.001638 0.00153727 0.0016644 0.00157642 0.00153727 0.00146776 0.00157642 0.00155972 0.00123215 0.00097548 0.00130078 0.00108449 0.00097548 0.000571472 0.00108449 0.000727261 0.00130078 0.00108449 0.00138027 0.00121575 0.00108449 0.000727261 0.00121575 0.000919774 0.000571472 -5.72556e-05 0.000727261 0.000139301 -5.72556e-05 -0.000987912 0.000139301 -0.000779001 0.000727261 0.000139301 0.000919774 0.000388904 0.000139301 -0.000779001 0.000388904 -0.000503041 0.00138027 0.00121575 0.00146776 0.00136768 0.00121575 0.000919774 0.00136768 0.00114948 0.00146776 0.00136768 0.00155972 0.00153805 0.00136768 0.00114948 0.00153805 0.00141624 0.000919774 0.000388904 0.00114948 0.00069616 0.000388904 -0.000503041 0.00069616 -0.000148054 0.00114948 0.00069616 0.00141624 0.00106566 0.00069616 -0.000148054 0.00106566 0.000299991 -0.00132151 -0.00248891 -0.00130208 -0.00247712 -0.00248891 -0.00379136 -0.00247712 -0.00379726 -0.00130208 -0.00247712 -0.00124265 -0.00244009 -0.00247712 -0.00379726 -0.00244009 -0.00381326 -0.00379136 -0.00500756 -0.00379726 -0.00504113 -0.00500756 -0.00579901 -0.00504113 -0.00586405 -0.00379726 -0.00504113 -0.00381326 -0.00514113 -0.00504113 -0.00586405 -0.00514113 -0.00606058 -0.00124265 -0.00244009 -0.00113982 -0.0023728 -0.00244009 -0.00381326 -0.0023728 -0.0038341 -0.00113982 -0.0023728 -0.000987912 -0.00226661 -0.0023728 -0.0038341 -0.00226661 -0.00385045 -0.00381326 -0.00514113 -0.0038341 -0.00530516 -0.00514113 -0.00606058 -0.00530516 -0.0063928 -0.0038341 -0.00530516 -0.00385045 -0.00552856 -0.00530516 -0.0063928 -0.00552856 -0.00686738 -0.00579901 -0.00578835 -0.00586405 -0.00587572 -0.00578835 -0.00471486 -0.00587572 -0.00480075 -0.00586405 -0.00587572 -0.00606058 -0.00614178 -0.00587572 -0.00480075 -0.00614178 -0.00506359 -0.00471486 -0.00260565 -0.00480075 -0.00265957 -0.00260565 0.000150542 -0.00265957 0.000150198 -0.00480075 -0.00265957 -0.00506359 -0.00282503 -0.00265957 0.000150198 -0.00282503 0.00014919 -0.00606058 -0.00614178 -0.0063928 -0.00659854 -0.00614178 -0.00506359 -0.00659854 -0.00551927 -0.0063928 -0.00659854 -0.00686738 -0.00726676 -0.00659854 -0.00551927 -0.00726676 -0.00619589 -0.00506359 -0.00282503 -0.00551927 -0.00311347 -0.00282503 0.00014919 -0.00311347 0.000147591 -0.00551927 -0.00311347 -0.00619589 -0.00354535 -0.00311347 0.000147591 -0.00354535 0.000145529 -0.000987912 -0.00226661 -0.000779001 -0.00210897 -0.00226661 -0.00385045 -0.00210897 -0.00384801 -0.000779001 -0.00210897 -0.000503041 -0.00188295 -0.00210897 -0.00384801 -0.00188295 -0.00380621 -0.00385045 -0.00552856 -0.00384801 -0.00580319 -0.00552856 -0.00686738 -0.00580319 -0.00749297 -0.00384801 -0.00580319 -0.00380621 -0.00611562 -0.00580319 -0.00749297 -0.00611562 -0.0082792 -0.000503041 -0.00188295 -0.000148054 -0.00156673 -0.00188295 -0.00380621 -0.00156673 -0.0036964 -0.000148054 -0.00156673 0.000299991 -0.00113207 -0.00156673 -0.0036964 -0.00113207 -0.00347796 -0.00380621 -0.00611562 -0.0036964 -0.00644424 -0.00611562 -0.0082792 -0.00644424 -0.00923491 -0.0036964 -0.00644424 -0.00347796 -0.00675422 -0.00644424 -0.00923491 -0.00675422 -0.0103664 -0.00686738 -0.00726676 -0.00749297 -0.00817703 -0.00726676 -0.00619589 -0.00817703 -0.00713631 -0.00749297 -0.00817703 -0.0082792 -0.00937127 -0.00817703 -0.00713631 -0.00937127 -0.00840224 -0.00619589 -0.00354535 -0.00713631 -0.00415241 -0.00354535 0.000145529 -0.00415241 0.000143192 -0.00713631 -0.00415241 -0.00840224 -0.00498136 -0.00415241 0.000143192 -0.00498136 0.000140842 -0.0082792 -0.00937127 -0.00923491 -0.0109051 -0.00937127 -0.00840224 -0.0109051 -0.0100807 -0.00923491 -0.0109051 -0.0103664 -0.0128548 -0.0109051 -0.0100807 -0.0128548 -0.0122995 -0.00840224 -0.00498136 -0.0100807 -0.00609994 -0.00498136 0.000140842 -0.00609994 0.000138834 -0.0100807 -0.00609994 -0.0122995 -0.0076105 -0.00609994 0.000138834 -0.0076105 0.000137621 0.000150542 0.00291121 0.000150198 0.0029643 0.00291121 0.00503559 0.0029643 0.00512027 0.000150198 0.0029643 0.00014919 0.0031273 0.0029643 0.00512027 0.0031273 0.00537948 0.00503559 0.00613961 0.00512027 0.00622526 0.00613961 0.00620232 0.00622526 0.00626513 0.00512027 0.00622526 0.00537948 0.00648615 0.00622526 0.00626513 0.00648615 0.00645497 0.00014919 0.0031273 0.000147591 0.00341178 0.0031273 0.00537948 0.00341178 0.00582918 0.000147591 0.00341178 0.000145529 0.0038384 0.00341178 0.00582918 0.0038384 0.00649755 0.00537948 0.00648615 0.00582918 0.00693429 0.00648615 0.00645497 0.00693429 0.00677598 0.00582918 0.00693429 0.00649755 0.00759044 0.00693429 0.00677598 0.00759044 0.00723476 0.00620232 0.00549068 0.00626513 0.00552159 0.00549068 0.00438733 0.00552159 0.00439026 0.00626513 0.00552159 0.00645497 0.00561361 0.00552159 0.00439026 0.00561361 0.00439732 0.00438733 0.0032348 0.00439026 0.00321983 0.0032348 0.0022569 0.00321983 0.00223422 0.00439026 0.00321983 0.00439732 0.00317324 0.00321983 0.00223422 0.00317324 0.00216501 0.00645497 0.00561361 0.00677598 0.00576428 0.00561361 0.00439732 0.00576428 0.0044032 0.00677598 0.00576428 0.00723476 0.00596885 0.00576428 0.0044032 0.00596885 0.00439847 0.00439732 0.00317324 0.0044032 0.00308994 0.00317324 0.00216501 0.00308994 0.00204577 0.0044032 0.00308994 0.00439847 0.0029612 0.00308994 0.00204577 0.0029612 0.00187068 0.000145529 0.0038384 0.000143192 0.00443921 0.0038384 0.00649755 0.00443921 0.00742762 0.000143192 0.00443921 0.000140842 0.00526134 0.00443921 0.00742762 0.00526134 0.00868124 0.00649755 0.00759044 0.00742762 0.00848514 0.00759044 0.00723476 0.00848514 0.00783986 0.00742762 0.00848514 0.00868124 0.00966027 0.00848514 0.00783986 0.00966027 0.00860072 0.000140842 0.00526134 0.000138834 0.00637308 0.00526134 0.00868124 0.00637308 0.0103457 0.000138834 0.00637308 0.000137621 0.00787749 0.00637308 0.0103457 0.00787749 0.012549 0.00868124 0.00966027 0.0103457 0.0111713 0.00966027 0.00860072 0.0111713 0.00952597 0.0103457 0.0111713 0.012549 0.0130945 0.0111713 0.00952597 0.0130945 0.0106215 0.00723476 0.00596885 0.00783986 0.00621904 0.00596885 0.00439847 0.00621904 0.00436873 0.00783986 0.00621904 0.00860072 0.00650125 0.00621904 0.00436873 0.00650125 0.00429326 0.00439847 0.0029612 0.00436873 0.00277433 0.0029612 0.00187068 0.00277433 0.00163162 0.00436873 0.00277433 0.00429326 0.00251226 0.00277433 0.00163162 0.00251226 0.00131832 0.00860072 0.00650125 0.00952597 0.00679366 0.00650125 0.00429326 0.00679366 0.00414322 0.00952597 0.00679366 0.0106215 0.00706115 0.00679366 0.00414322 0.00706115 0.00387781 0.00429326 0.00251226 0.00414322 0.002153 0.00251226 0.00131832 0.002153 0.000918558 0.00414322 0.002153 0.00387781 0.00166813 0.002153 0.000918558 0.00166813 0.000418041 0.0022569 0.00155371 0.00223422 0.00153061 0.00155371 0.00113448 0.00153061 0.00111502 0.00223422 0.00153061 0.00216501 0.00146066 0.00153061 0.00111502 0.00146066 0.00105637 0.00113448 0.000956475 0.00111502 0.000942407 0.000956475 0.000953815 0.000942407 0.000945589 0.00111502 0.000942407 0.00105637 0.000900143 0.000942407 0.000945589 0.000900143 0.000920949 0.00216501 0.00146066 0.00204577 0.00134199 0.00146066 0.00105637 0.00134199 0.000957776 0.00204577 0.00134199 0.00187068 0.00117159 0.00134199 0.000957776 0.00117159 0.000818056 0.00105637 0.000900143 0.000957776 0.000829513 0.000900143 0.000920949 0.000829513 0.000880013 0.000957776 0.000829513 0.000818056 0.000730291 0.000829513 0.000880013 0.000730291 0.000822987 0.000953815 0.00105426 0.000945589 0.00105165 0.00105426 0.00118827 0.00105165 0.00119051 0.000945589 0.00105165 0.000920949 0.00104394 0.00105165 0.00119051 0.00104394 0.00119745 0.00118827 0.00129616 0.00119051 0.00130174 0.00129616 0.00133697 0.00130174 0.00134373 0.00119051 0.00130174 0.00119745 0.00131883 0.00130174 0.00134373 0.00131883 0.00136438 0.000920949 0.00104394 0.000880013 0.00103146 0.00104394 0.00119745 0.00103146 0.00120983 0.000880013 0.00103146 0.000822987 0.00101477 0.00103146 0.00120983 0.00101477 0.00122881 0.00119745 0.00131883 0.00120983 0.00134854 0.00131883 0.00136438 0.00134854 0.00140008 0.00120983 0.00134854 0.00122881 0.00139277 0.00134854 0.00140008 0.00139277 0.00145268 0.00187068 0.00117159 0.00163162 0.000945443 0.00117159 0.000818056 0.000945443 0.000635773 0.00163162 0.000945443 0.00131832 0.000658837 0.000945443 0.000635773 0.000658837 0.000409436 0.000818056 0.000730291 0.000635773 0.000602276 0.000730291 0.000822987 0.000602276 0.000750181 0.000635773 0.000602276 0.000409436 0.000445406 0.000602276 0.000750181 0.000445406 0.000662026 0.00131832 0.000658837 0.000918558 0.000306721 0.000658837 0.000409436 0.000306721 0.000137796 0.000918558 0.000306721 0.000418041 -0.000115956 0.000306721 0.000137796 -0.000115956 -0.000179866 0.000409436 0.000445406 0.000137796 0.000259907 0.000445406 0.000662026 0.000259907 0.0005591 0.000137796 0.000259907 -0.000179866 4.64373e-05 0.000259907 0.0005591 4.64373e-05 0.000442139 0.000822987 0.00101477 0.000750181 0.000994567 0.00101477 0.00122881 0.000994567 0.00125598 0.000750181 0.000994567 0.000662026 0.000971617 0.000994567 0.00125598 0.000971617 0.00129314 0.00122881 0.00139277 0.00125598 0.00145452 0.00139277 0.00145268 0.00145452 0.0015246 0.00125598 0.00145452 0.00129314 0.00153867 0.00145452 0.0015246 0.00153867 0.00161745 0.000662026 0.000971617 0.0005591 0.000946619 0.000971617 0.00129314 0.000946619 0.00134206 0.0005591 0.000946619 0.000442139 0.000920184 0.000946619 0.00134206 0.000920184 0.00140438 0.00129314 0.00153867 0.00134206 0.00165362 0.00153867 0.00161745 0.00165362 0.00172344 0.00134206 0.00165362 0.00140438 0.00179778 0.00165362 0.00172344 0.00179778 0.00174961 0.00186972 0.00185315 0.000609684 0.0024833 0.00185315 0.0016644 0.0024833 0.00179839 0.000609684 0.0024833 0.00215005 0.00155756 0.0024833 0.00179839 0.00155756 0.00162576 0.0016644 0.00157642 0.00179839 0.0015806 0.00157642 0.00155972 0.0015806 0.00148727 0.00179839 0.0015806 0.00162576 0.00153577 0.0015806 0.00148727 0.00153577 0.00141323 0.00215005 0.00155756 0.00262943 0.00160842 0.00155756 0.00162576 0.00160842 0.00162726 0.00262943 0.00160842 0.00273877 0.00184194 0.00160842 0.00162726 0.00184194 0.00166945 0.00162576 0.00153577 0.00162726 0.00151431 0.00153577 0.00141323 0.00151431 0.00134956 0.00162726 0.00151431 0.00166945 0.00150273 0.00151431 0.00134956 0.00150273 0.00129686 0.00155972 0.00153805 0.00148727 0.00137901 0.00153805 0.00141624 0.00137901 0.00115642 0.00148727 0.00137901 0.00141323 0.00123736 0.00137901 0.00115642 0.00123736 0.000933327 0.00141624 0.00106566 0.00115642 0.000700425 0.00106566 0.000299991 0.000700425 -0.000145447 0.00115642 0.000700425 0.000933327 0.000397265 0.000700425 -0.000145447 0.000397265 -0.000497928 0.00141323 0.00123736 0.00134956 0.0011161 0.00123736 0.000933327 0.0011161 0.000747001 0.00134956 0.0011161 0.00129686 0.0010163 0.0011161 0.000747001 0.0010163 0.000596732 0.000933327 0.000397265 0.000747001 0.000151457 0.000397265 -0.000497928 0.000151457 -0.000771574 0.000747001 0.000151457 0.000596732 -4.17525e-05 0.000151457 -0.000771574 -4.17525e-05 -0.000978451 0.00273877 0.00184194 0.00277137 0.00202271 0.00184194 0.00166945 0.00202271 0.00171849 0.00277137 0.00202271 0.00279331 0.00213308 0.00202271 0.00171849 0.00213308 0.00175975 0.00166945 0.00150273 0.00171849 0.0014976 0.00150273 0.00129686 0.0014976 0.00125577 0.00171849 0.0014976 0.00175975 0.00149616 0.0014976 0.00125577 0.00149616 0.00122655 0.00279331 0.00213308 0.00280964 0.0021907 0.00213308 0.00175975 0.0021907 0.00178617 0.00280964 0.0021907 0.0028158 0.00220852 0.0021907 0.00178617 0.00220852 0.00179516 0.00175975 0.00149616 0.00178617 0.00149621 0.00149616 0.00122655 0.00149621 0.00120912 0.00178617 0.00149621 0.00179516 0.00149638 0.00149621 0.00120912 0.00149638 0.00120334 0.00129686 0.0010163 0.00125577 0.00093852 0.0010163 0.000596732 0.00093852 0.000481467 0.00125577 0.00093852 0.00122655 0.000882984 0.00093852 0.000481467 0.000882984 0.000400106 0.000596732 -4.17525e-05 0.000481467 -0.000186825 -4.17525e-05 -0.000978451 -0.000186825 -0.00112869 0.000481467 -0.000186825 0.000400106 -0.000287552 -0.000186825 -0.00112869 -0.000287552 -0.00123027 0.00122655 0.000882984 0.00120912 0.000849703 0.000882984 0.000400106 0.000849703 0.000351709 0.00120912 0.000849703 0.00120334 0.00083862 0.000849703 0.000351709 0.00083862 0.000335649 0.000400106 -0.000287552 0.000351709 -0.000346801 -0.000287552 -0.00123027 -0.000346801 -0.00128893 0.000351709 -0.000346801 0.000335649 -0.000366349 -0.000346801 -0.00128893 -0.000366349 -0.0013081 0.000299991 -0.00113207 -0.000145447 -0.00156515 -0.00113207 -0.00347796 -0.00156515 -0.00369547 -0.000145447 -0.00156515 -0.000497928 -0.00187986 -0.00156515 -0.00369547 -0.00187986 -0.00380438 -0.00347796 -0.00675422 -0.00369547 -0.00644372 -0.00675422 -0.0103664 -0.00644372 -0.00923469 -0.00369547 -0.00644372 -0.00380438 -0.0061146 -0.00644372 -0.00923469 -0.0061146 -0.00827875 -0.000497928 -0.00187986 -0.000771574 -0.00210448 -0.00187986 -0.00380438 -0.00210448 -0.00384535 -0.000771574 -0.00210448 -0.000978451 -0.00226089 -0.00210448 -0.00384535 -0.00226089 -0.00384707 -0.00380438 -0.0061146 -0.00384535 -0.00580172 -0.0061146 -0.00827875 -0.00580172 -0.00749232 -0.00384535 -0.00580172 -0.00384707 -0.00552669 -0.00580172 -0.00749232 -0.00552669 -0.00686655 -0.0103664 -0.0128548 -0.00923469 -0.0109051 -0.0128548 -0.0122995 -0.0109051 -0.0100809 -0.00923469 -0.0109051 -0.00827875 -0.00937128 -0.0109051 -0.0100809 -0.00937128 -0.00840271 -0.0122995 -0.0076105 -0.0100809 -0.00610047 -0.0076105 0.000137621 -0.00610047 0.00013788 -0.0100809 -0.00610047 -0.00840271 -0.0049824 -0.00610047 0.00013788 -0.0049824 0.00013897 -0.00827875 -0.00937128 -0.00749232 -0.00817704 -0.00937128 -0.00840271 -0.00817704 -0.00713699 -0.00749232 -0.00817704 -0.00686655 -0.00726678 -0.00817704 -0.00713699 -0.00726678 -0.00619675 -0.00840271 -0.0049824 -0.00713699 -0.00415392 -0.0049824 0.00013897 -0.00415392 0.000140474 -0.00713699 -0.00415392 -0.00619675 -0.00354728 -0.00415392 0.000140474 -0.00354728 0.00014207 -0.000978451 -0.00226089 -0.00112869 -0.00236607 -0.00226089 -0.00384707 -0.00236607 -0.00383012 -0.00112869 -0.00236607 -0.00123027 -0.00243262 -0.00236607 -0.00383012 -0.00243262 -0.00380884 -0.00384707 -0.00552669 -0.00383012 -0.00530296 -0.00552669 -0.00686655 -0.00530296 -0.00639182 -0.00383012 -0.00530296 -0.00380884 -0.00513868 -0.00530296 -0.00639182 -0.00513868 -0.0060595 -0.00123027 -0.00243262 -0.00128893 -0.00246918 -0.00243262 -0.00380884 -0.00246918 -0.00379256 -0.00128893 -0.00246918 -0.0013081 -0.00248081 -0.00246918 -0.00379256 -0.00248081 -0.00378657 -0.00380884 -0.00513868 -0.00379256 -0.00503853 -0.00513868 -0.0060595 -0.00503853 -0.0058629 -0.00379256 -0.00503853 -0.00378657 -0.0050049 -0.00503853 -0.0058629 -0.0050049 -0.00579784 -0.00686655 -0.00726678 -0.00639182 -0.00659856 -0.00726678 -0.00619675 -0.00659856 -0.00552028 -0.00639182 -0.00659856 -0.0060595 -0.0061418 -0.00659856 -0.00552028 -0.0061418 -0.00506472 -0.00619675 -0.00354728 -0.00552028 -0.00311573 -0.00354728 0.00014207 -0.00311573 0.000143524 -0.00552028 -0.00311573 -0.00506472 -0.00282755 -0.00311573 0.000143524 -0.00282755 0.000144671 -0.0060595 -0.0061418 -0.0058629 -0.00587574 -0.0061418 -0.00506472 -0.00587574 -0.00480195 -0.0058629 -0.00587574 -0.00579784 -0.00578837 -0.00587574 -0.00480195 -0.00578837 -0.00471608 -0.00506472 -0.00282755 -0.00480195 -0.00266224 -0.00282755 0.000144671 -0.00266224 0.0001454 -0.00480195 -0.00266224 -0.00471608 -0.00260837 -0.00266224 0.0001454 -0.00260837 0.00014565 0.000137621 0.00787749 0.00013788 0.00637146 0.00787749 0.012549 0.00637146 0.010343 0.00013788 0.00637146 0.00013897 0.00525817 0.00637146 0.010343 0.00525817 0.00867601 0.012549 0.0130945 0.010343 0.011167 0.0130945 0.0106215 0.011167 0.0095188 0.010343 0.011167 0.00867601 0.00965169 0.011167 0.0095188 0.00965169 0.00858668 0.00013897 0.00525817 0.000140474 0.00443462 0.00525817 0.00867601 0.00443462 0.00742002 0.000140474 0.00443462 0.00014207 0.00383256 0.00443462 0.00742002 0.00383256 0.00648789 0.00867601 0.00965169 0.00742002 0.00847268 0.00965169 0.00858668 0.00847268 0.00781947 0.00742002 0.00847268 0.00648789 0.00757458 0.00847268 0.00781947 0.00757458 0.00720881 0.0106215 0.00706115 0.0095188 0.00678196 0.00706115 0.00387781 0.00678196 0.00412409 0.0095188 0.00678196 0.00858668 0.00647829 0.00678196 0.00412409 0.00647829 0.00425573 0.00387781 0.00166813 0.00412409 0.00212173 0.00166813 0.000418041 0.00212173 0.000867448 0.00412409 0.00212173 0.00425573 0.00245094 0.00212173 0.000867448 0.00245094 0.00121808 0.00858668 0.00647829 0.00781947 0.00618571 0.00647829 0.00425573 0.00618571 0.00431425 0.00781947 0.00618571 0.00720881 0.00592642 0.00618571 0.00431425 0.00592642 0.00432914 0.00425573 0.00245094 0.00431425 0.00268531 0.00245094 0.00121808 0.00268531 0.00148612 0.00431425 0.00268531 0.00432914 0.0028479 0.00268531 0.00148612 0.0028479 0.00168554 0.00014207 0.00383256 0.000143524 0.00340491 0.00383256 0.00648789 0.00340491 0.00581781 0.000143524 0.00340491 0.000144671 0.00311967 0.00340491 0.00581781 0.00311967 0.00536685 0.00648789 0.00757458 0.00581781 0.00691564 0.00757458 0.00720881 0.00691564 0.00674546 0.00581781 0.00691564 0.00536685 0.00646543 0.00691564 0.00674546 0.00646543 0.00642106 0.000144671 0.00311967 0.0001454 0.0029562 0.00311967 0.00536685 0.0029562 0.00510687 0.0001454 0.0029562 0.00014565 0.00290295 0.0029562 0.00510687 0.00290295 0.00502193 0.00536685 0.00646543 0.00510687 0.00620326 0.00646543 0.00642106 0.00620326 0.00622913 0.00510687 0.00620326 0.00502193 0.00611718 0.00620326 0.00622913 0.00611718 0.00616562 0.00720881 0.00592642 0.00674546 0.00571439 0.00592642 0.00432914 0.00571439 0.00432167 0.00674546 0.00571439 0.00642106 0.00555817 0.00571439 0.00432167 0.00555817 0.00430673 0.00432914 0.0028479 0.00432167 0.00295673 0.0028479 0.00168554 0.00295673 0.00182813 0.00432167 0.00295673 0.00430673 0.00302524 0.00295673 0.00182813 0.00302524 0.00192323 0.00642106 0.00555817 0.00622913 0.00546274 0.00555817 0.00430673 0.00546274 0.00429409 0.00622913 0.00546274 0.00616562 0.00543067 0.00546274 0.00429409 0.00543067 0.00428929 0.00430673 0.00302524 0.00429409 0.00306272 0.00302524 0.00192323 0.00306272 0.00197759 0.00429409 0.00306272 0.00428929 0.00307462 0.00306272 0.00197759 0.00307462 0.00199526 0.000418041 -0.000115956 0.000867448 0.000223103 -0.000115956 -0.000179866 0.000223103 7.18418e-07 0.000867448 0.000223103 0.00121808 0.000494844 0.000223103 7.18418e-07 0.000494844 0.000140573 -0.000179866 4.64373e-05 7.18418e-07 3.4287e-05 4.64373e-05 0.000442139 3.4287e-05 0.000185696 7.18418e-07 3.4287e-05 0.000140573 2.09377e-06 3.4287e-05 0.000185696 2.09377e-06 -7.99144e-05 0.00121808 0.000494844 0.00148612 0.000707493 0.000494844 0.000140573 0.000707493 0.000245994 0.00148612 0.000707493 0.00168554 0.000868947 0.000707493 0.000245994 0.000868947 0.000322879 0.000140573 2.09377e-06 0.000245994 -3.89975e-05 2.09377e-06 -7.99144e-05 -3.89975e-05 -0.000316888 0.000245994 -3.89975e-05 0.000322879 -8.18927e-05 -3.89975e-05 -0.000316888 -8.18927e-05 -0.000517468 0.000442139 0.000920184 0.000185696 0.000331343 0.000920184 0.00140438 0.000331343 0.000385408 0.000185696 0.000331343 -7.99144e-05 -0.000319608 0.000331343 0.000385408 -0.000319608 -0.00118541 0.00140438 0.00179778 0.000385408 3.62855e-05 0.00179778 0.00174961 3.62855e-05 -0.017838 0.000385408 3.62855e-05 -0.00118541 -0.00423028 3.62855e-05 -0.017838 -0.00423028 -0.0128494 -7.99144e-05 -0.000319608 -0.000316888 -0.000832581 -0.000319608 -0.00118541 -0.000832581 -0.00208581 -0.000316888 -0.000832581 -0.000517468 -0.00123047 -0.000832581 -0.00208581 -0.00123047 -0.00263968 -0.00118541 -0.00423028 -0.00208581 -0.00534274 -0.00423028 -0.0128494 -0.00534274 -0.00945633 -0.00208581 -0.00534274 -0.00263968 -0.00537957 -0.00534274 -0.00945633 -0.00537957 -0.00779312 0.00168554 0.000868947 0.00182813 0.000986373 0.000868947 0.000322879 0.000986373 0.000376593 0.00182813 0.000986373 0.00192323 0.00106575 0.000986373 0.000376593 0.00106575 0.000411613 0.000322879 -8.18927e-05 0.000376593 -0.00012081 -8.18927e-05 -0.000517468 -0.00012081 -0.000675787 0.000376593 -0.00012081 0.000411613 -0.000151421 -0.00012081 -0.000675787 -0.000151421 -0.000789121 0.00192323 0.00106575 0.00197759 0.00111154 0.00106575 0.000411613 0.00111154 0.000431265 0.00197759 0.00111154 0.00199526 0.00112649 0.00111154 0.000431265 0.00112649 0.000437588 0.000411613 -0.000151421 0.000431265 -0.000170852 -0.000151421 -0.000789121 -0.000170852 -0.000856899 0.000431265 -0.000170852 0.000437588 -0.0001775 -0.000170852 -0.000856899 -0.0001775 -0.000879422 -0.000517468 -0.00123047 -0.000675787 -0.00152049 -0.00123047 -0.00263968 -0.00152049 -0.00296685 -0.000675787 -0.00152049 -0.000789121 -0.00171448 -0.00152049 -0.00296685 -0.00171448 -0.00314742 -0.00263968 -0.00537957 -0.00296685 -0.00520772 -0.00537957 -0.00779312 -0.00520772 -0.00695867 -0.00296685 -0.00520772 -0.00314742 -0.00505389 -0.00520772 -0.00695867 -0.00505389 -0.00652055 -0.000789121 -0.00171448 -0.000856899 -0.00182487 -0.00171448 -0.00314742 -0.00182487 -0.00323602 -0.000856899 -0.00182487 -0.000879422 -0.0018606 -0.00182487 -0.00323602 -0.0018606 -0.00326247 -0.00314742 -0.00505389 -0.00323602 -0.00496059 -0.00505389 -0.00652055 -0.00496059 -0.0063029 -0.00323602 -0.00496059 -0.00326247 -0.00493 -0.00496059 -0.0063029 -0.00493 -0.00623655 0.0028158 0.00220852 0.00280964 0.0021907 0.00220852 0.00179516 0.0021907 0.00178617 0.00280964 0.0021907 0.00279331 0.00213308 0.0021907 0.00178617 0.00213308 0.00175975 0.00179516 0.00149638 0.00178617 0.00149621 0.00149638 0.00120334 0.00149621 0.00120912 0.00178617 0.00149621 0.00175975 0.00149616 0.00149621 0.00120912 0.00149616 0.00122655 0.00279331 0.00213308 0.00277137 0.00202271 0.00213308 0.00175975 0.00202271 0.00171849 0.00277137 0.00202271 0.00273877 0.00184194 0.00202271 0.00171849 0.00184194 0.00166945 0.00175975 0.00149616 0.00171849 0.0014976 0.00149616 0.00122655 0.0014976 0.00125577 0.00171849 0.0014976 0.00166945 0.00150273 0.0014976 0.00125577 0.00150273 0.00129686 0.00120334 0.00083862 0.00120912 0.000849703 0.00083862 0.000335649 0.000849703 0.000351709 0.00120912 0.000849703 0.00122655 0.000882984 0.000849703 0.000351709 0.000882984 0.000400106 0.000335649 -0.000366349 0.000351709 -0.000346801 -0.000366349 -0.0013081 -0.000346801 -0.00128893 0.000351709 -0.000346801 0.000400106 -0.000287552 -0.000346801 -0.00128893 -0.000287552 -0.00123027 0.00122655 0.000882984 0.00125577 0.00093852 0.000882984 0.000400106 0.00093852 0.000481467 0.00125577 0.00093852 0.00129686 0.0010163 0.00093852 0.000481467 0.0010163 0.000596732 0.000400106 -0.000287552 0.000481467 -0.000186825 -0.000287552 -0.00123027 -0.000186825 -0.00112869 0.000481467 -0.000186825 0.000596732 -4.17525e-05 -0.000186825 -0.00112869 -4.17525e-05 -0.000978451 0.00273877 0.00184194 0.00262943 0.00160842 0.00184194 0.00166945 0.00160842 0.00162726 0.00262943 0.00160842 0.00215005 0.00155756 0.00160842 0.00162726 0.00155756 0.00162576 0.00166945 0.00150273 0.00162726 0.00151431 0.00150273 0.00129686 0.00151431 0.00134956 0.00162726 0.00151431 0.00162576 0.00153577 0.00151431 0.00134956 0.00153577 0.00141323 0.00215005 0.00155756 0.000609684 0.0024833 0.00155756 0.00162576 0.0024833 0.00179839 0.000609684 0.0024833 0.00186972 0.00185315 0.0024833 0.00179839 0.00185315 0.0016644 0.00162576 0.00153577 0.00179839 0.0015806 0.00153577 0.00141323 0.0015806 0.00148727 0.00179839 0.0015806 0.0016644 0.00157642 0.0015806 0.00148727 0.00157642 0.00155972 0.00129686 0.0010163 0.00134956 0.0011161 0.0010163 0.000596732 0.0011161 0.000747001 0.00134956 0.0011161 0.00141323 0.00123736 0.0011161 0.000747001 0.00123736 0.000933327 0.000596732 -4.17525e-05 0.000747001 0.000151457 -4.17525e-05 -0.000978451 0.000151457 -0.000771574 0.000747001 0.000151457 0.000933327 0.000397265 0.000151457 -0.000771574 0.000397265 -0.000497928 0.00141323 0.00123736 0.00148727 0.00137901 0.00123736 0.000933327 0.00137901 0.00115642 0.00148727 0.00137901 0.00155972 0.00153805 0.00137901 0.00115642 0.00153805 0.00141624 0.000933327 0.000397265 0.00115642 0.000700425 0.000397265 -0.000497928 0.000700425 -0.000145447 0.00115642 0.000700425 0.00141624 0.00106566 0.000700425 -0.000145447 0.00106566 0.000299991 -0.0013081 -0.00248081 -0.00128893 -0.00246918 -0.00248081 -0.00378657 -0.00246918 -0.00379256 -0.00128893 -0.00246918 -0.00123027 -0.00243262 -0.00246918 -0.00379256 -0.00243262 -0.00380884 -0.00378657 -0.0050049 -0.00379256 -0.00503853 -0.0050049 -0.00579784 -0.00503853 -0.0058629 -0.00379256 -0.00503853 -0.00380884 -0.00513868 -0.00503853 -0.0058629 -0.00513868 -0.0060595 -0.00123027 -0.00243262 -0.00112869 -0.00236607 -0.00243262 -0.00380884 -0.00236607 -0.00383012 -0.00112869 -0.00236607 -0.000978451 -0.00226089 -0.00236607 -0.00383012 -0.00226089 -0.00384707 -0.00380884 -0.00513868 -0.00383012 -0.00530296 -0.00513868 -0.0060595 -0.00530296 -0.00639182 -0.00383012 -0.00530296 -0.00384707 -0.00552669 -0.00530296 -0.00639182 -0.00552669 -0.00686655 -0.00579784 -0.00578837 -0.0058629 -0.00587574 -0.00578837 -0.00471608 -0.00587574 -0.00480195 -0.0058629 -0.00587574 -0.0060595 -0.0061418 -0.00587574 -0.00480195 -0.0061418 -0.00506472 -0.00471608 -0.00260837 -0.00480195 -0.00266224 -0.00260837 0.00014565 -0.00266224 0.0001454 -0.00480195 -0.00266224 -0.00506472 -0.00282755 -0.00266224 0.0001454 -0.00282755 0.000144671 -0.0060595 -0.0061418 -0.00639182 -0.00659856 -0.0061418 -0.00506472 -0.00659856 -0.00552028 -0.00639182 -0.00659856 -0.00686655 -0.00726678 -0.00659856 -0.00552028 -0.00726678 -0.00619675 -0.00506472 -0.00282755 -0.00552028 -0.00311573 -0.00282755 0.000144671 -0.00311573 0.000143524 -0.00552028 -0.00311573 -0.00619675 -0.00354728 -0.00311573 0.000143524 -0.00354728 0.00014207 -0.000978451 -0.00226089 -0.000771574 -0.00210448 -0.00226089 -0.00384707 -0.00210448 -0.00384535 -0.000771574 -0.00210448 -0.000497928 -0.00187986 -0.00210448 -0.00384535 -0.00187986 -0.00380438 -0.00384707 -0.00552669 -0.00384535 -0.00580172 -0.00552669 -0.00686655 -0.00580172 -0.00749232 -0.00384535 -0.00580172 -0.00380438 -0.0061146 -0.00580172 -0.00749232 -0.0061146 -0.00827875 -0.000497928 -0.00187986 -0.000145447 -0.00156515 -0.00187986 -0.00380438 -0.00156515 -0.00369547 -0.000145447 -0.00156515 0.000299991 -0.00113207 -0.00156515 -0.00369547 -0.00113207 -0.00347796 -0.00380438 -0.0061146 -0.00369547 -0.00644372 -0.0061146 -0.00827875 -0.00644372 -0.00923469 -0.00369547 -0.00644372 -0.00347796 -0.00675422 -0.00644372 -0.00923469 -0.00675422 -0.0103664 -0.00686655 -0.00726678 -0.00749232 -0.00817704 -0.00726678 -0.00619675 -0.00817704 -0.00713699 -0.00749232 -0.00817704 -0.00827875 -0.00937128 -0.00817704 -0.00713699 -0.00937128 -0.00840271 -0.00619675 -0.00354728 -0.00713699 -0.00415392 -0.00354728 0.00014207 -0.00415392 0.000140474 -0.00713699 -0.00415392 -0.00840271 -0.0049824 -0.00415392 0.000140474 -0.0049824 0.00013897 -0.00827875 -0.00937128 -0.00923469 -0.0109051 -0.00937128 -0.00840271 -0.0109051 -0.0100809 -0.00923469 -0.0109051 -0.0103664 -0.0128548 -0.0109051 -0.0100809 -0.0128548 -0.0122995 -0.00840271 -0.0049824 -0.0100809 -0.00610047 -0.0049824 0.00013897 -0.00610047 0.00013788 -0.0100809 -0.00610047 -0.0122995 -0.0076105 -0.00610047 0.00013788 -0.0076105 0.000137621 0.00014565 0.00290295 0.0001454 0.0029562 0.00290295 0.00502193 0.0029562 0.00510687 0.0001454 0.0029562 0.000144671 0.00311967 0.0029562 0.00510687 0.00311967 0.00536685 0.00502193 0.00611718 0.00510687 0.00620326 0.00611718 0.00616562 0.00620326 0.00622913 0.00510687 0.00620326 0.00536685 0.00646543 0.00620326 0.00622913 0.00646543 0.00642106 0.000144671 0.00311967 0.000143524 0.00340491 0.00311967 0.00536685 0.00340491 0.00581781 0.000143524 0.00340491 0.00014207 0.00383256 0.00340491 0.00581781 0.00383256 0.00648789 0.00536685 0.00646543 0.00581781 0.00691564 0.00646543 0.00642106 0.00691564 0.00674546 0.00581781 0.00691564 0.00648789 0.00757458 0.00691564 0.00674546 0.00757458 0.00720881 0.00616562 0.00543067 0.00622913 0.00546274 0.00543067 0.00428929 0.00546274 0.00429409 0.00622913 0.00546274 0.00642106 0.00555817 0.00546274 0.00429409 0.00555817 0.00430673 0.00428929 0.00307462 0.00429409 0.00306272 0.00307462 0.00199526 0.00306272 0.00197759 0.00429409 0.00306272 0.00430673 0.00302524 0.00306272 0.00197759 0.00302524 0.00192323 0.00642106 0.00555817 0.00674546 0.00571439 0.00555817 0.00430673 0.00571439 0.00432167 0.00674546 0.00571439 0.00720881 0.00592642 0.00571439 0.00432167 0.00592642 0.00432914 0.00430673 0.00302524 0.00432167 0.00295673 0.00302524 0.00192323 0.00295673 0.00182813 0.00432167 0.00295673 0.00432914 0.0028479 0.00295673 0.00182813 0.0028479 0.00168554 0.00014207 0.00383256 0.000140474 0.00443462 0.00383256 0.00648789 0.00443462 0.00742002 0.000140474 0.00443462 0.00013897 0.00525817 0.00443462 0.00742002 0.00525817 0.00867601 0.00648789 0.00757458 0.00742002 0.00847268 0.00757458 0.00720881 0.00847268 0.00781947 0.00742002 0.00847268 0.00867601 0.00965169 0.00847268 0.00781947 0.00965169 0.00858668 0.00013897 0.00525817 0.00013788 0.00637146 0.00525817 0.00867601 0.00637146 0.010343 0.00013788 0.00637146 0.000137621 0.00787749 0.00637146 0.010343 0.00787749 0.012549 0.00867601 0.00965169 0.010343 0.011167 0.00965169 0.00858668 0.011167 0.0095188 0.010343 0.011167 0.012549 0.0130945 0.011167 0.0095188 0.0130945 0.0106215 0.00720881 0.00592642 0.00781947 0.00618571 0.00592642 0.00432914 0.00618571 0.00431425 0.00781947 0.00618571 0.00858668 0.00647829 0.00618571 0.00431425 0.00647829 0.00425573 0.00432914 0.0028479 0.00431425 0.00268531 0.0028479 0.00168554 0.00268531 0.00148612 0.00431425 0.00268531 0.00425573 0.00245094 0.00268531 0.00148612 0.00245094 0.00121808 0.00858668 0.00647829 0.0095188 0.00678196 0.00647829 0.00425573 0.00678196 0.00412409 0.0095188 0.00678196 0.0106215 0.00706115 0.00678196 0.00412409 0.00706115 0.00387781 0.00425573 0.00245094 0.00412409 0.00212173 0.00245094 0.00121808 0.00212173 0.000867448 0.00412409 0.00212173 0.00387781 0.00166813 0.00212173 0.000867448 0.00166813 0.000418041 0.00199526 0.00112649 0.00197759 0.00111154 0.00112649 0.000437588 0.00111154 0.000431265 0.00197759 0.00111154 0.00192323 0.00106575 0.00111154 0.000431265 0.00106575 0.000411613 0.000437588 -0.0001775 0.000431265 -0.000170852 -0.0001775 -0.000879422 -0.000170852 -0.000856899 0.000431265 -0.000170852 0.000411613 -0.000151421 -0.000170852 -0.000856899 -0.000151421 -0.000789121 0.00192323 0.00106575 0.00182813 0.000986373 0.00106575 0.000411613 0.000986373 0.000376593 0.00182813 0.000986373 0.00168554 0.000868947 0.000986373 0.000376593 0.000868947 0.000322879 0.000411613 -0.000151421 0.000376593 -0.00012081 -0.000151421 -0.000789121 -0.00012081 -0.000675787 0.000376593 -0.00012081 0.000322879 -8.18927e-05 -0.00012081 -0.000675787 -8.18927e-05 -0.000517468 -0.000879422 -0.0018606 -0.000856899 -0.00182487 -0.0018606 -0.00326247 -0.00182487 -0.00323602 -0.000856899 -0.00182487 -0.000789121 -0.00171448 -0.00182487 -0.00323602 -0.00171448 -0.00314742 -0.00326247 -0.00493 -0.00323602 -0.00496059 -0.00493 -0.00623655 -0.00496059 -0.0063029 -0.00323602 -0.00496059 -0.00314742 -0.00505389 -0.00496059 -0.0063029 -0.00505389 -0.00652055 -0.000789121 -0.00171448 -0.000675787 -0.00152049 -0.00171448 -0.00314742 -0.00152049 -0.00296685 -0.000675787 -0.00152049 -0.000517468 -0.00123047 -0.00152049 -0.00296685 -0.00123047 -0.00263968 -0.00314742 -0.00505389 -0.00296685 -0.00520772 -0.00505389 -0.00652055 -0.00520772 -0.00695867 -0.00296685 -0.00520772 -0.00263968 -0.00537957 -0.00520772 -0.00695867 -0.00537957 -0.00779312 0.00168554 0.000868947 0.00148612 0.000707493 0.000868947 0.000322879 0.000707493 0.000245994 0.00148612 0.000707493 0.00121808 0.000494844 0.000707493 0.000245994 0.000494844 0.000140573 0.000322879 -8.18927e-05 0.000245994 -3.89975e-05 -8.18927e-05 -0.000517468 -3.89975e-05 -0.000316888 0.000245994 -3.89975e-05 0.000140573 2.09377e-06 -3.89975e-05 -0.000316888 2.09377e-06 -7.99144e-05 0.00121808 0.000494844 0.000867448 0.000223103 0.000494844 0.000140573 0.000223103 7.18418e-07 0.000867448 0.000223103 0.000418041 -0.000115956 0.000223103 7.18418e-07 -0.000115956 -0.000179866 0.000140573 2.09377e-06 7.18418e-07 3.4287e-05 2.09377e-06 -7.99144e-05 3.4287e-05 0.000185696 7.18418e-07 3.4287e-05 -0.000179866 4.64373e-05 3.4287e-05 0.000185696 4.64373e-05 0.000442139 -0.000517468 -0.00123047 -0.000316888 -0.000832581 -0.00123047 -0.00263968 -0.000832581 -0.00208581 -0.000316888 -0.000832581 -7.99144e-05 -0.000319608 -0.000832581 -0.00208581 -0.000319608 -0.00118541 -0.00263968 -0.00537957 -0.00208581 -0.00534274 -0.00537957 -0.00779312 -0.00534274 -0.00945633 -0.00208581 -0.00534274 -0.00118541 -0.00423028 -0.00534274 -0.00945633 -0.00423028 -0.0128494 -7.99144e-05 -0.000319608 0.000185696 0.000331343 -0.000319608 -0.00118541 0.000331343 0.000385408 0.000185696 0.000331343 0.000442139 0.000920184 0.000331343 0.000385408 0.000920184 0.00140438 -0.00118541 -0.00423028 0.000385408 3.62855e-05 -0.00423028 -0.0128494 3.62855e-05 -0.017838 0.000385408 3.62855e-05 0.00140438 0.00179778 3.62855e-05 -0.017838 0.00179778 0.00174961 0.00186972 0.00185315 0.00183695 0.00178235 0.00185315 0.0016644 0.00178235 0.001638 0.00183695 0.00178235 0.00176687 0.00171848 0.00178235 0.001638 0.00171848 0.00160367 0.0016644 0.00157642 0.001638 0.00153727 0.00157642 0.00155972 0.00153727 0.00146776 0.001638 0.00153727 0.00160367 0.00149234 0.00153727 0.00146776 0.00149234 0.00138027 0.00176687 0.00171848 0.0017073 0.00166692 0.00171848 0.00160367 0.00166692 0.00156734 0.0017073 0.00166692 0.00166067 0.00162554 0.00166692 0.00156734 0.00162554 0.00153341 0.00160367 0.00149234 0.00156734 0.00144682 0.00149234 0.00138027 0.00144682 0.00130078 0.00156734 0.00144682 0.00153341 0.00140477 0.00144682 0.00130078 0.00140477 0.00123215 0.00155972 0.00153805 0.00146776 0.00136768 0.00153805 0.00141624 0.00136768 0.00114948 0.00146776 0.00136768 0.00138027 0.00121575 0.00136768 0.00114948 0.00121575 0.000919774 0.00141624 0.00106566 0.00114948 0.00069616 0.00106566 0.000299991 0.00069616 -0.000148054 0.00114948 0.00069616 0.000919774 0.000388904 0.00069616 -0.000148054 0.000388904 -0.000503041 0.00138027 0.00121575 0.00130078 0.00108449 0.00121575 0.000919774 0.00108449 0.000727261 0.00130078 0.00108449 0.00123215 0.00097548 0.00108449 0.000727261 0.00097548 0.000571472 0.000919774 0.000388904 0.000727261 0.000139301 0.000388904 -0.000503041 0.000139301 -0.000779001 0.000727261 0.000139301 0.000571472 -5.72556e-05 0.000139301 -0.000779001 -5.72556e-05 -0.000987912 0.00166067 0.00162554 0.00162567 0.00159352 0.00162554 0.00153341 0.00159352 0.00150473 0.00162567 0.00159352 0.00160124 0.00157066 0.00159352 0.00150473 0.00157066 0.00148314 0.00153341 0.00140477 0.00150473 0.00136925 0.00140477 0.00123215 0.00136925 0.00117662 0.00150473 0.00136925 0.00148314 0.00134243 0.00136925 0.00117662 0.00134243 0.00113583 0.00160124 0.00157066 0.00158678 0.00155692 0.00157066 0.00148314 0.00155692 0.00146978 0.00158678 0.00155692 0.00158199 0.00155234 0.00155692 0.00146978 0.00155234 0.00146525 0.00148314 0.00134243 0.00146978 0.00132579 0.00134243 0.00113583 0.00132579 0.00111093 0.00146978 0.00132579 0.00146525 0.00132015 0.00132579 0.00111093 0.00132015 0.00110255 0.00123215 0.00097548 0.00117662 0.000889815 0.00097548 0.000571472 0.000889815 0.0004516 0.00117662 0.000889815 0.00113583 0.000828209 0.000889815 0.0004516 0.000828209 0.000366767 0.000571472 -5.72556e-05 0.0004516 -0.000205092 -5.72556e-05 -0.000987912 -0.000205092 -0.00113982 0.0004516 -0.000205092 0.000366767 -0.000307885 -0.000205092 -0.00113982 -0.000307885 -0.00124265 0.00113583 0.000828209 0.00111093 0.000791096 0.000828209 0.000366767 0.000791096 0.000316208 0.00111093 0.000791096 0.00110255 0.000778701 0.000791096 0.000316208 0.000778701 0.000299415 0.000366767 -0.000307885 0.000316208 -0.000368411 -0.000307885 -0.00124265 -0.000368411 -0.00130208 0.000316208 -0.000368411 0.000299415 -0.000388392 -0.000368411 -0.00130208 -0.000388392 -0.00132151 0.000299991 -0.00113207 -0.000148054 -0.00156673 -0.00113207 -0.00347796 -0.00156673 -0.0036964 -0.000148054 -0.00156673 -0.000503041 -0.00188295 -0.00156673 -0.0036964 -0.00188295 -0.00380621 -0.00347796 -0.00675422 -0.0036964 -0.00644424 -0.00675422 -0.0103664 -0.00644424 -0.00923491 -0.0036964 -0.00644424 -0.00380621 -0.00611562 -0.00644424 -0.00923491 -0.00611562 -0.0082792 -0.000503041 -0.00188295 -0.000779001 -0.00210897 -0.00188295 -0.00380621 -0.00210897 -0.00384801 -0.000779001 -0.00210897 -0.000987912 -0.00226661 -0.00210897 -0.00384801 -0.00226661 -0.00385045 -0.00380621 -0.00611562 -0.00384801 -0.00580319 -0.00611562 -0.0082792 -0.00580319 -0.00749297 -0.00384801 -0.00580319 -0.00385045 -0.00552856 -0.00580319 -0.00749297 -0.00552856 -0.00686738 -0.0103664 -0.0128548 -0.00923491 -0.0109051 -0.0128548 -0.0122995 -0.0109051 -0.0100807 -0.00923491 -0.0109051 -0.0082792 -0.00937127 -0.0109051 -0.0100807 -0.00937127 -0.00840224 -0.0122995 -0.0076105 -0.0100807 -0.00609994 -0.0076105 0.000137621 -0.00609994 0.000138834 -0.0100807 -0.00609994 -0.00840224 -0.00498136 -0.00609994 0.000138834 -0.00498136 0.000140842 -0.0082792 -0.00937127 -0.00749297 -0.00817703 -0.00937127 -0.00840224 -0.00817703 -0.00713631 -0.00749297 -0.00817703 -0.00686738 -0.00726676 -0.00817703 -0.00713631 -0.00726676 -0.00619589 -0.00840224 -0.00498136 -0.00713631 -0.00415241 -0.00498136 0.000140842 -0.00415241 0.000143192 -0.00713631 -0.00415241 -0.00619589 -0.00354535 -0.00415241 0.000143192 -0.00354535 0.000145529 -0.000987912 -0.00226661 -0.00113982 -0.0023728 -0.00226661 -0.00385045 -0.0023728 -0.0038341 -0.00113982 -0.0023728 -0.00124265 -0.00244009 -0.0023728 -0.0038341 -0.00244009 -0.00381326 -0.00385045 -0.00552856 -0.0038341 -0.00530516 -0.00552856 -0.00686738 -0.00530516 -0.0063928 -0.0038341 -0.00530516 -0.00381326 -0.00514113 -0.00530516 -0.0063928 -0.00514113 -0.00606058 -0.00124265 -0.00244009 -0.00130208 -0.00247712 -0.00244009 -0.00381326 -0.00247712 -0.00379726 -0.00130208 -0.00247712 -0.00132151 -0.00248891 -0.00247712 -0.00379726 -0.00248891 -0.00379136 -0.00381326 -0.00514113 -0.00379726 -0.00504113 -0.00514113 -0.00606058 -0.00504113 -0.00586405 -0.00379726 -0.00504113 -0.00379136 -0.00500756 -0.00504113 -0.00586405 -0.00500756 -0.00579901 -0.00686738 -0.00726676 -0.0063928 -0.00659854 -0.00726676 -0.00619589 -0.00659854 -0.00551927 -0.0063928 -0.00659854 -0.00606058 -0.00614178 -0.00659854 -0.00551927 -0.00614178 -0.00506359 -0.00619589 -0.00354535 -0.00551927 -0.00311347 -0.00354535 0.000145529 -0.00311347 0.000147591 -0.00551927 -0.00311347 -0.00506359 -0.00282503 -0.00311347 0.000147591 -0.00282503 0.00014919 -0.00606058 -0.00614178 -0.00586405 -0.00587572 -0.00614178 -0.00506359 -0.00587572 -0.00480075 -0.00586405 -0.00587572 -0.00579901 -0.00578835 -0.00587572 -0.00480075 -0.00578835 -0.00471486 -0.00506359 -0.00282503 -0.00480075 -0.00265957 -0.00282503 0.00014919 -0.00265957 0.000150198 -0.00480075 -0.00265957 -0.00471486 -0.00260565 -0.00265957 0.000150198 -0.00260565 0.000150542 0.000137621 0.00787749 0.000138834 0.00637308 0.00787749 0.012549 0.00637308 0.0103457 0.000138834 0.00637308 0.000140842 0.00526134 0.00637308 0.0103457 0.00526134 0.00868124 0.012549 0.0130945 0.0103457 0.0111713 0.0130945 0.0106215 0.0111713 0.00952597 0.0103457 0.0111713 0.00868124 0.00966027 0.0111713 0.00952597 0.00966027 0.00860072 0.000140842 0.00526134 0.000143192 0.00443921 0.00526134 0.00868124 0.00443921 0.00742762 0.000143192 0.00443921 0.000145529 0.0038384 0.00443921 0.00742762 0.0038384 0.00649755 0.00868124 0.00966027 0.00742762 0.00848514 0.00966027 0.00860072 0.00848514 0.00783986 0.00742762 0.00848514 0.00649755 0.00759044 0.00848514 0.00783986 0.00759044 0.00723476 0.0106215 0.00706115 0.00952597 0.00679366 0.00706115 0.00387781 0.00679366 0.00414322 0.00952597 0.00679366 0.00860072 0.00650125 0.00679366 0.00414322 0.00650125 0.00429326 0.00387781 0.00166813 0.00414322 0.002153 0.00166813 0.000418041 0.002153 0.000918558 0.00414322 0.002153 0.00429326 0.00251226 0.002153 0.000918558 0.00251226 0.00131832 0.00860072 0.00650125 0.00783986 0.00621904 0.00650125 0.00429326 0.00621904 0.00436873 0.00783986 0.00621904 0.00723476 0.00596885 0.00621904 0.00436873 0.00596885 0.00439847 0.00429326 0.00251226 0.00436873 0.00277433 0.00251226 0.00131832 0.00277433 0.00163162 0.00436873 0.00277433 0.00439847 0.0029612 0.00277433 0.00163162 0.0029612 0.00187068 0.000145529 0.0038384 0.000147591 0.00341178 0.0038384 0.00649755 0.00341178 0.00582918 0.000147591 0.00341178 0.00014919 0.0031273 0.00341178 0.00582918 0.0031273 0.00537948 0.00649755 0.00759044 0.00582918 0.00693429 0.00759044 0.00723476 0.00693429 0.00677598 0.00582918 0.00693429 0.00537948 0.00648615 0.00693429 0.00677598 0.00648615 0.00645497 0.00014919 0.0031273 0.000150198 0.0029643 0.0031273 0.00537948 0.0029643 0.00512027 0.000150198 0.0029643 0.000150542 0.00291121 0.0029643 0.00512027 0.00291121 0.00503559 0.00537948 0.00648615 0.00512027 0.00622526 0.00648615 0.00645497 0.00622526 0.00626513 0.00512027 0.00622526 0.00503559 0.00613961 0.00622526 0.00626513 0.00613961 0.00620232 0.00723476 0.00596885 0.00677598 0.00576428 0.00596885 0.00439847 0.00576428 0.0044032 0.00677598 0.00576428 0.00645497 0.00561361 0.00576428 0.0044032 0.00561361 0.00439732 0.00439847 0.0029612 0.0044032 0.00308994 0.0029612 0.00187068 0.00308994 0.00204577 0.0044032 0.00308994 0.00439732 0.00317324 0.00308994 0.00204577 0.00317324 0.00216501 0.00645497 0.00561361 0.00626513 0.00552159 0.00561361 0.00439732 0.00552159 0.00439026 0.00626513 0.00552159 0.00620232 0.00549068 0.00552159 0.00439026 0.00549068 0.00438733 0.00439732 0.00317324 0.00439026 0.00321983 0.00317324 0.00216501 0.00321983 0.00223422 0.00439026 0.00321983 0.00438733 0.0032348 0.00321983 0.00223422 0.0032348 0.0022569 0.000418041 -0.000115956 0.000918558 0.000306721 -0.000115956 -0.000179866 0.000306721 0.000137796 0.000918558 0.000306721 0.00131832 0.000658837 0.000306721 0.000137796 0.000658837 0.000409436 -0.000179866 4.64373e-05 0.000137796 0.000259907 4.64373e-05 0.000442139 0.000259907 0.0005591 0.000137796 0.000259907 0.000409436 0.000445406 0.000259907 0.0005591 0.000445406 0.000662026 0.00131832 0.000658837 0.00163162 0.000945443 0.000658837 0.000409436 0.000945443 0.000635773 0.00163162 0.000945443 0.00187068 0.00117159 0.000945443 0.000635773 0.00117159 0.000818056 0.000409436 0.000445406 0.000635773 0.000602276 0.000445406 0.000662026 0.000602276 0.000750181 0.000635773 0.000602276 0.000818056 0.000730291 0.000602276 0.000750181 0.000730291 0.000822987 0.000442139 0.000920184 0.0005591 0.000946619 0.000920184 0.00140438 0.000946619 0.00134206 0.0005591 0.000946619 0.000662026 0.000971617 0.000946619 0.00134206 0.000971617 0.00129314 0.00140438 0.00179778 0.00134206 0.00165362 0.00179778 0.00174961 0.00165362 0.00172344 0.00134206 0.00165362 0.00129314 0.00153867 0.00165362 0.00172344 0.00153867 0.00161745 0.000662026 0.000971617 0.000750181 0.000994567 0.000971617 0.00129314 0.000994567 0.00125598 0.000750181 0.000994567 0.000822987 0.00101477 0.000994567 0.00125598 0.00101477 0.00122881 0.00129314 0.00153867 0.00125598 0.00145452 0.00153867 0.00161745 0.00145452 0.0015246 0.00125598 0.00145452 0.00122881 0.00139277 0.00145452 0.0015246 0.00139277 0.00145268 0.00187068 0.00117159 0.00204577 0.00134199 0.00117159 0.000818056 0.00134199 0.000957776 0.00204577 0.00134199 0.00216501 0.00146066 0.00134199 0.000957776 0.00146066 0.00105637 0.000818056 0.000730291 0.000957776 0.000829513 0.000730291 0.000822987 0.000829513 0.000880013 0.000957776 0.000829513 0.00105637 0.000900143 0.000829513 0.000880013 0.000900143 0.000920949 0.00216501 0.00146066 0.00223422 0.00153061 0.00146066 0.00105637 0.00153061 0.00111502 0.00223422 0.00153061 0.0022569 0.00155371 0.00153061 0.00111502 0.00155371 0.00113448 0.00105637 0.000900143 0.00111502 0.000942407 0.000900143 0.000920949 0.000942407 0.000945589 0.00111502 0.000942407 0.00113448 0.000956475 0.000942407 0.000945589 0.000956475 0.000953815 0.000822987 0.00101477 0.000880013 0.00103146 0.00101477 0.00122881 0.00103146 0.00120983 0.000880013 0.00103146 0.000920949 0.00104394 0.00103146 0.00120983 0.00104394 0.00119745 0.00122881 0.00139277 0.00120983 0.00134854 0.00139277 0.00145268 0.00134854 0.00140008 0.00120983 0.00134854 0.00119745 0.00131883 0.00134854 0.00140008 0.00131883 0.00136438 0.000920949 0.00104394 0.000945589 0.00105165 0.00104394 0.00119745 0.00105165 0.00119051 0.000945589 0.00105165 0.000953815 0.00105426 0.00105165 0.00119051 0.00105426 0.00118827 0.00119745 0.00131883 0.00119051 0.00130174 0.00131883 0.00136438 0.00130174 0.00134373 0.00119051 0.00130174 0.00118827 0.00129616 0.00130174 0.00134373 0.00129616 0.00133697 
SCALARS wy_dis double 1
LOOKUP_TABLE default
0.00592054 0.00608937 0.0058936 0.00606209 0.00608937 0.00659935 0.00606209 0.00657154 0.0058936 0.00606209 0.00581291 0.00598029 0.00606209 0.00657154 0.00598029 0.00648809 0.00659935 0.00745691 0.00657154 0.00742857 0.00745691 0.0086694 0.00742857 0.00863999 0.00657154 0.00742857 0.00648809 0.00734364 0.00742857 0.00863999 0.00734364 0.00855192 0.00581291 0.00598029 0.00567895 0.00584399 0.00598029 0.00648809 0.00584399 0.00634893 0.00567895 0.00584399 0.00549278 0.00565313 0.00584399 0.00634893 0.00565313 0.00615388 0.00648809 0.00734364 0.00634893 0.00720238 0.00734364 0.00855192 0.00720238 0.00840578 0.00634893 0.00720238 0.00615388 0.00700526 0.00720238 0.00840578 0.00700526 0.00820251 0.0086694 0.010251 0.00863999 0.0102194 0.010251 0.0122299 0.0102194 0.0121945 0.00863999 0.0102194 0.00855192 0.0101247 0.0102194 0.0121945 0.0101247 0.0120885 0.0122299 0.0146537 0.0121945 0.0146128 0.0146537 0.0175903 0.0146128 0.0175427 0.0121945 0.0146128 0.0120885 0.0144903 0.0146128 0.0175427 0.0144903 0.0173999 0.00855192 0.0101247 0.00840578 0.00996779 0.0101247 0.0120885 0.00996779 0.0119129 0.00840578 0.00996779 0.00820251 0.00974991 0.00996779 0.0119129 0.00974991 0.011669 0.0120885 0.0144903 0.0119129 0.0142868 0.0144903 0.0173999 0.0142868 0.0171616 0.0119129 0.0142868 0.011669 0.0140037 0.0142868 0.0171616 0.0140037 0.0168276 0.00549278 0.00565313 0.00525683 0.0054071 0.00565313 0.00615388 0.0054071 0.00590256 0.00525683 0.0054071 0.00497801 0.00510334 0.0054071 0.00590256 0.00510334 0.00559443 0.00615388 0.00700526 0.00590256 0.00675298 0.00700526 0.00820251 0.00675298 0.00794348 0.00590256 0.00675298 0.00559443 0.00644653 0.00675298 0.00794348 0.00644653 0.00763053 0.00497801 0.00510334 0.0046844 0.00473402 0.00510334 0.00559443 0.00473402 0.00522896 0.0046844 0.00473402 0.00455904 0.00430821 0.00473402 0.00522896 0.00430821 0.00480768 0.00559443 0.00644653 0.00522896 0.00608734 0.00644653 0.00763053 0.00608734 0.00726592 0.00522896 0.00608734 0.00480768 0.00567715 0.00608734 0.00726592 0.00567715 0.00685179 0.00820251 0.00974991 0.00794348 0.00947289 0.00974991 0.011669 0.00947289 0.0113591 0.00794348 0.00947289 0.00763053 0.00913911 0.00947289 0.0113591 0.00913911 0.0109861 0.011669 0.0140037 0.0113591 0.013643 0.0140037 0.0168276 0.013643 0.0163981 0.0113591 0.013643 0.0109861 0.0132075 0.013643 0.0163981 0.0132075 0.0158745 0.00763053 0.00913911 0.00726592 0.00875145 0.00913911 0.0109861 0.00875145 0.0105536 0.00726592 0.00875145 0.00685179 0.00831236 0.00875145 0.0105536 0.00831236 0.0100648 0.0109861 0.0132075 0.0105536 0.0127017 0.0132075 0.0158745 0.0127017 0.0152595 0.0105536 0.0127017 0.0100648 0.0121297 0.0127017 0.0152595 0.0121297 0.0145573 0.0175903 0.0211206 0.0175427 0.0210673 0.0211206 0.0253104 0.0210673 0.025257 0.0175427 0.0210673 0.0173999 0.0209065 0.0210673 0.025257 0.0209065 0.0250948 0.0253104 0.0301517 0.025257 0.0301111 0.0301517 0.0354748 0.0301111 0.0354672 0.025257 0.0301111 0.0250948 0.0299863 0.0301111 0.0354672 0.0299863 0.0354407 0.0173999 0.0209065 0.0171616 0.0206359 0.0209065 0.0250948 0.0206359 0.0248177 0.0171616 0.0206359 0.0168276 0.0202514 0.0206359 0.0248177 0.0202514 0.0244154 0.0250948 0.0299863 0.0248177 0.0297671 0.0299863 0.0354407 0.0297671 0.0353842 0.0248177 0.0297671 0.0244154 0.0294363 0.0297671 0.0353842 0.0294363 0.0352781 0.0354748 0.0408668 0.0354672 0.0409133 0.0408668 0.0456632 0.0409133 0.0457748 0.0354672 0.0409133 0.0354407 0.041051 0.0409133 0.0457748 0.041051 0.0461114 0.0456632 0.0490768 0.0457748 0.049243 0.0490768 0.0504533 0.049243 0.050641 0.0457748 0.049243 0.0461114 0.0497473 0.049243 0.050641 0.0497473 0.0512113 0.0354407 0.041051 0.0353842 0.0412735 0.041051 0.0461114 0.0412735 0.0466777 0.0353842 0.0412735 0.0352781 0.0415694 0.0412735 0.0466777 0.0415694 0.0474817 0.0461114 0.0497473 0.0466777 0.0506065 0.0497473 0.0512113 0.0506065 0.0521866 0.0466777 0.0506065 0.0474817 0.0518502 0.0506065 0.0521866 0.0518502 0.0536058 0.0168276 0.0202514 0.0163981 0.0197483 0.0202514 0.0244154 0.0197483 0.0238739 0.0163981 0.0197483 0.0158745 0.0191215 0.0197483 0.0238739 0.0191215 0.0231755 0.0244154 0.0294363 0.0238739 0.0289688 0.0294363 0.0352781 0.0289688 0.0350924 0.0238739 0.0289688 0.0231755 0.0283309 0.0289688 0.0350924 0.0283309 0.0347843 0.0158745 0.0191215 0.0152595 0.0183671 0.0191215 0.0231755 0.0183671 0.0223002 0.0152595 0.0183671 0.0145573 0.0174842 0.0183671 0.0223002 0.0174842 0.0212326 0.0231755 0.0283309 0.0223002 0.0274795 0.0283309 0.0347843 0.0274795 0.0342955 0.0223002 0.0274795 0.0212326 0.0263749 0.0274795 0.0342955 0.0263749 0.0335649 0.0352781 0.0415694 0.0350924 0.0419199 0.0415694 0.0474817 0.0419199 0.0485338 0.0350924 0.0419199 0.0347843 0.0422958 0.0419199 0.0485338 0.0422958 0.0498462 0.0474817 0.0518502 0.0485338 0.0535225 0.0518502 0.0536058 0.0535225 0.0555282 0.0485338 0.0535225 0.0498462 0.0556851 0.0535225 0.0555282 0.0556851 0.0580384 0.0347843 0.0422958 0.0342955 0.0426535 0.0422958 0.0498462 0.0426535 0.051431 0.0342955 0.0426535 0.0335649 0.0429413 0.0426535 0.051431 0.0429413 0.0532931 0.0498462 0.0556851 0.051431 0.0584203 0.0556851 0.0580384 0.0584203 0.0612516 0.051431 0.0584203 0.0532931 0.0618129 0.0584203 0.0612516 0.0618129 0.0652912 0.0504533 0.0495367 0.050641 0.0497029 0.0495367 0.046584 0.0497029 0.0466954 0.050641 0.0497029 0.0512113 0.050207 0.0497029 0.0466954 0.050207 0.0470313 0.046584 0.0422515 0.0466954 0.0422975 0.0422515 0.0373302 0.0422975 0.0373216 0.0466954 0.0422975 0.0470313 0.0424335 0.0422975 0.0373216 0.0424335 0.0372923 0.0512113 0.050207 0.0521866 0.0510659 0.050207 0.0470313 0.0510659 0.0475965 0.0521866 0.0510659 0.0536058 0.0523094 0.0510659 0.0475965 0.0523094 0.0483993 0.0470313 0.0424335 0.0475965 0.0426535 0.0424335 0.0372923 0.0426535 0.0372311 0.0475965 0.0426535 0.0483993 0.042946 0.0426535 0.0372311 0.042946 0.0371185 0.0373302 0.0324898 0.0373216 0.0324478 0.0324898 0.028149 0.0324478 0.0280938 0.0373216 0.0324478 0.0372923 0.0323187 0.0324478 0.0280938 0.0323187 0.0279258 0.028149 0.0244836 0.0280938 0.024428 0.0244836 0.021507 0.024428 0.0214568 0.0280938 0.024428 0.0279258 0.0242602 0.024428 0.0214568 0.0242602 0.0213059 0.0372923 0.0323187 0.0372311 0.0320923 0.0323187 0.0279258 0.0320923 0.0276391 0.0372311 0.0320923 0.0371185 0.0317515 0.0320923 0.0276391 0.0317515 0.0272234 0.0279258 0.0242602 0.0276391 0.0239777 0.0242602 0.0213059 0.0239777 0.0210541 0.0276391 0.0239777 0.0272234 0.0235765 0.0239777 0.0210541 0.0235765 0.0207009 0.0536058 0.0523094 0.0555282 0.0539816 0.0523094 0.0483993 0.0539816 0.0494501 0.0555282 0.0539816 0.0580384 0.0561446 0.0539816 0.0494501 0.0561446 0.0507614 0.0483993 0.042946 0.0494501 0.0432922 0.042946 0.0371185 0.0432922 0.0369246 0.0494501 0.0432922 0.0507614 0.0436633 0.0432922 0.0369246 0.0436633 0.0366065 0.0580384 0.0561446 0.0612516 0.0588809 0.0561446 0.0507614 0.0588809 0.0523456 0.0612516 0.0588809 0.0652912 0.062276 0.0588809 0.0523456 0.062276 0.0542088 0.0507614 0.0436633 0.0523456 0.044016 0.0436633 0.0366065 0.044016 0.0361061 0.0523456 0.044016 0.0542088 0.0442989 0.044016 0.0361061 0.0442989 0.0353625 0.0371185 0.0317515 0.0369246 0.0312712 0.0317515 0.0272234 0.0312712 0.0266644 0.0369246 0.0312712 0.0366065 0.0306175 0.0312712 0.0266644 0.0306175 0.0259446 0.0272234 0.0235765 0.0266644 0.0230517 0.0235765 0.0207009 0.0230517 0.0202464 0.0266644 0.0230517 0.0259446 0.0223982 0.0230517 0.0202464 0.0223982 0.0196914 0.0366065 0.0306175 0.0361061 0.0297476 0.0306175 0.0259446 0.0297476 0.0250438 0.0361061 0.0297476 0.0353625 0.0286215 0.0297476 0.0250438 0.0286215 0.0239466 0.0259446 0.0223982 0.0250438 0.0216118 0.0223982 0.0196914 0.0216118 0.0190386 0.0250438 0.0216118 0.0239466 0.0206916 0.0216118 0.0190386 0.0206916 0.0182917 0.021507 0.019157 0.0214568 0.0191134 0.019157 0.0173529 0.0191134 0.0173153 0.0214568 0.0191134 0.0213059 0.0189827 0.0191134 0.0173153 0.0189827 0.0172026 0.0173529 0.01602 0.0173153 0.0159876 0.01602 0.0150917 0.0159876 0.0150645 0.0173153 0.0159876 0.0172026 0.0158905 0.0159876 0.0150645 0.0158905 0.0149829 0.0213059 0.0189827 0.0210541 0.0187653 0.0189827 0.0172026 0.0187653 0.0170152 0.0210541 0.0187653 0.0207009 0.0184622 0.0187653 0.0170152 0.0184622 0.0167538 0.0172026 0.0158905 0.0170152 0.0157288 0.0158905 0.0149829 0.0157288 0.0148464 0.0170152 0.0157288 0.0167538 0.0155024 0.0157288 0.0148464 0.0155024 0.0146544 0.0150917 0.0145021 0.0150645 0.0144808 0.0145021 0.0141766 0.0144808 0.0141622 0.0150645 0.0144808 0.0149829 0.014417 0.0144808 0.0141622 0.014417 0.0141191 0.0141766 0.0140317 0.0141622 0.0140235 0.0140317 0.0139936 0.0140235 0.0139881 0.0141622 0.0140235 0.0141191 0.0139996 0.0140235 0.0139881 0.0139996 0.0139723 0.0149829 0.014417 0.0148464 0.01431 0.014417 0.0141191 0.01431 0.0140474 0.0148464 0.01431 0.0146544 0.0141587 0.01431 0.0140474 0.0141587 0.0139471 0.0141191 0.0139996 0.0140474 0.0139617 0.0139996 0.0139723 0.0139617 0.013949 0.0140474 0.0139617 0.0139471 0.013913 0.0139617 0.013949 0.013913 0.0139235 0.0207009 0.0184622 0.0202464 0.0180747 0.0184622 0.0167538 0.0180747 0.0164197 0.0202464 0.0180747 0.0196914 0.0176053 0.0180747 0.0164197 0.0176053 0.0160144 0.0167538 0.0155024 0.0164197 0.0152115 0.0155024 0.0146544 0.0152115 0.0144057 0.0164197 0.0152115 0.0160144 0.0148564 0.0152115 0.0144057 0.0148564 0.0140989 0.0196914 0.0176053 0.0190386 0.0170575 0.0176053 0.0160144 0.0170575 0.0155402 0.0190386 0.0170575 0.0182917 0.0164349 0.0170575 0.0155402 0.0164349 0.0149987 0.0160144 0.0148564 0.0155402 0.0144371 0.0148564 0.0140989 0.0144371 0.013732 0.0155402 0.0144371 0.0149987 0.0139533 0.0144371 0.013732 0.0139533 0.0133019 0.0146544 0.0141587 0.0144057 0.0139613 0.0141587 0.0139471 0.0139613 0.0138176 0.0144057 0.0139613 0.0140989 0.013715 0.0139613 0.0138176 0.013715 0.013657 0.0139471 0.013913 0.0138176 0.0138585 0.013913 0.0139235 0.0138585 0.0139035 0.0138176 0.0138585 0.013657 0.0138051 0.0138585 0.0139035 0.0138051 0.0139004 0.0140989 0.013715 0.013732 0.0134155 0.013715 0.013657 0.0134155 0.0134606 0.013732 0.0134155 0.0133019 0.0130563 0.0134155 0.0134606 0.0130563 0.0132177 0.013657 0.0138051 0.0134606 0.0137624 0.0138051 0.0139004 0.0137624 0.0139226 0.0134606 0.0137624 0.0132177 0.013717 0.0137624 0.0139226 0.013717 0.0138998 0.00455904 0.00430821 0.0123008 0.00208422 0.00430821 0.00480768 0.00208422 0.00399459 0.0123008 0.00208422 0.00386194 0.00464884 0.00208422 0.00399459 0.00464884 0.00410585 0.00480768 0.00567715 0.00399459 0.00505114 0.00567715 0.00685179 0.00505114 0.00610726 0.00399459 0.00505114 0.00410585 0.00452119 0.00505114 0.00610726 0.00452119 0.00533838 0.00386194 0.00464884 9.49938e-05 0.00391282 0.00464884 0.00410585 0.00391282 0.00356851 9.49938e-05 0.00391282 -0.00111833 0.00259255 0.00391282 0.00356851 0.00259255 0.00285742 0.00410585 0.00452119 0.00356851 0.0038644 0.00452119 0.00533838 0.0038644 0.00451973 0.00356851 0.0038644 0.00285742 0.00314275 0.0038644 0.00451973 0.00314275 0.00366171 0.00685179 0.00831236 0.00610726 0.00738762 0.00831236 0.0100648 0.00738762 0.00893094 0.00610726 0.00738762 0.00533838 0.00642157 0.00738762 0.00893094 0.00642157 0.00775001 0.0100648 0.0121297 0.00893094 0.0107639 0.0121297 0.0145573 0.0107639 0.0129442 0.00893094 0.0107639 0.00775001 0.00934194 0.0107639 0.0129442 0.00934194 0.0112547 0.00533838 0.00642157 0.00451973 0.0054157 0.00642157 0.00775001 0.0054157 0.00652726 0.00451973 0.0054157 0.00366171 0.0043755 0.0054157 0.00652726 0.0043755 0.00526805 0.00775001 0.00934194 0.00652726 0.00786957 0.00934194 0.0112547 0.00786957 0.00949533 0.00652726 0.00786957 0.00526805 0.00635269 0.00786957 0.00949533 0.00635269 0.00767442 -0.00111833 0.00259255 -0.00129268 0.001551 0.00259255 0.00285742 0.001551 0.0021079 -0.00129268 0.001551 -0.00102523 0.00084653 0.001551 0.0021079 0.00084653 0.0013757 0.00285742 0.00314275 0.0021079 0.00238047 0.00314275 0.00366171 0.00238047 0.00277265 0.0021079 0.00238047 0.0013757 0.0015954 0.00238047 0.00277265 0.0015954 0.00186074 -0.00102523 0.00084653 -0.000554529 0.000369133 0.00084653 0.0013757 0.000369133 0.000676553 -0.000554529 0.000369133 -1.01075e-15 -2.73248e-16 0.000369133 0.000676553 -2.73248e-16 2.78133e-16 0.0013757 0.0015954 0.000676553 0.000799621 0.0015954 0.00186074 0.000799621 0.000933995 0.000676553 0.000799621 2.78133e-16 6.01342e-16 0.000799621 0.000933995 6.01342e-16 8.77469e-16 0.00366171 0.0043755 0.00277265 0.00330705 0.0043755 0.00526805 0.00330705 0.00397857 0.00277265 0.00330705 0.00186074 0.00221693 0.00330705 0.00397857 0.00221693 0.00266568 0.00526805 0.00635269 0.00397857 0.00479855 0.00635269 0.00767442 0.00479855 0.00580226 0.00397857 0.00479855 0.00266568 0.0032155 0.00479855 0.00580226 0.0032155 0.00389057 0.00186074 0.00221693 0.000933995 0.00111216 0.00221693 0.00266568 0.00111216 0.00133687 0.000933995 0.00111216 8.77469e-16 1.00327e-15 0.00111216 0.00133687 1.00327e-15 9.9298e-16 0.00266568 0.0032155 0.00133687 0.00161275 0.0032155 0.00389057 0.00161275 0.00195206 0.00133687 0.00161275 9.9298e-16 8.05247e-16 0.00161275 0.00195206 8.05247e-16 4.26877e-16 0.0145573 0.0174842 0.0129442 0.015608 0.0174842 0.0212326 0.015608 0.0190327 0.0129442 0.015608 0.0112547 0.0136139 0.015608 0.0190327 0.0136139 0.0166491 0.0212326 0.0263749 0.0190327 0.0236518 0.0263749 0.0335649 0.0236518 0.0298843 0.0190327 0.0236518 0.0166491 0.0206794 0.0236518 0.0298843 0.0206794 0.0259584 0.0112547 0.0136139 0.00949533 0.0115134 0.0136139 0.0166491 0.0115134 0.0141062 0.00949533 0.0115134 0.00767442 0.00932187 0.0115134 0.0141062 0.00932187 0.0114337 0.0166491 0.0206794 0.0141062 0.0175021 0.0206794 0.0259584 0.0175021 0.0218451 0.0141062 0.0175021 0.0114337 0.0141683 0.0175021 0.0218451 0.0141683 0.0176003 0.0335649 0.0429413 0.0298843 0.0376825 0.0429413 0.0532931 0.0376825 0.0459842 0.0298843 0.0376825 0.0259584 0.0323403 0.0376825 0.0459842 0.0323403 0.0389291 0.0532931 0.0618129 0.0459842 0.0526445 0.0618129 0.0652912 0.0526445 0.0553408 0.0459842 0.0526445 0.0389291 0.0441018 0.0526445 0.0553408 0.0441018 0.0461823 0.0259584 0.0323403 0.0218451 0.0269532 0.0323403 0.0389291 0.0269532 0.0320985 0.0218451 0.0269532 0.0176003 0.0215515 0.0269532 0.0320985 0.0215515 0.0254555 0.0389291 0.0441018 0.0320985 0.0360679 0.0441018 0.0461823 0.0360679 0.0376569 0.0320985 0.0360679 0.0254555 0.0284263 0.0360679 0.0376569 0.0284263 0.0296116 0.00767442 0.00932187 0.00580226 0.00705653 0.00932187 0.0114337 0.00705653 0.00866057 0.00580226 0.00705653 0.00389057 0.00473543 0.00705653 0.00866057 0.00473543 0.00581374 0.0114337 0.0141683 0.00866057 0.010719 0.0141683 0.0176003 0.010719 0.013266 0.00866057 0.010719 0.00581374 0.00718858 0.010719 0.013266 0.00718858 0.00887296 0.00389057 0.00473543 0.00195206 0.00237705 0.00473543 0.00581374 0.00237705 0.00291876 0.00195206 0.00237705 4.26877e-16 -9.09404e-17 0.00237705 0.00291876 -9.09404e-17 -5.98112e-16 0.00581374 0.00718858 0.00291876 0.00360676 0.00718858 0.00887296 0.00360676 0.00444473 0.00291876 0.00360676 -5.98112e-16 -8.0268e-16 0.00360676 0.00444473 -8.0268e-16 -5.73596e-16 0.0176003 0.0215515 0.013266 0.0161517 0.0215515 0.0254555 0.0161517 0.018962 0.013266 0.0161517 0.00887296 0.0107603 0.0161517 0.018962 0.0107603 0.0125799 0.0254555 0.0284263 0.018962 0.0210787 0.0284263 0.0296116 0.0210787 0.0219214 0.018962 0.0210787 0.0125799 0.0139407 0.0210787 0.0219214 0.0139407 0.0144817 0.00887296 0.0107603 0.00444473 0.00537755 0.0107603 0.0125799 0.00537755 0.0062716 0.00444473 0.00537755 -5.73596e-16 4.20869e-17 0.00537755 0.0062716 4.20869e-17 8.50559e-16 0.0125799 0.0139407 0.0062716 0.00693739 0.0139407 0.0144817 0.00693739 0.00720187 0.0062716 0.00693739 8.50559e-16 1.64066e-15 0.00693739 0.00720187 1.64066e-15 2.21657e-15 0.0652912 0.062276 0.0553408 0.0530472 0.062276 0.0542088 0.0530472 0.0467829 0.0553408 0.0530472 0.0461823 0.0444456 0.0530472 0.0467829 0.0444456 0.0396123 0.0542088 0.0442989 0.0467829 0.0388702 0.0442989 0.0353625 0.0388702 0.0314603 0.0467829 0.0388702 0.0396123 0.0333584 0.0388702 0.0314603 0.0333584 0.0273115 0.0461823 0.0444456 0.0376569 0.0363536 0.0444456 0.0396123 0.0363536 0.0326671 0.0376569 0.0363536 0.0296116 0.0286544 0.0363536 0.0326671 0.0286544 0.02591 0.0396123 0.0333584 0.0326671 0.0278018 0.0333584 0.0273115 0.0278018 0.0229743 0.0326671 0.0278018 0.02591 0.0222306 0.0278018 0.0229743 0.0222306 0.0185048 0.0353625 0.0286215 0.0314603 0.0256237 0.0286215 0.0239466 0.0256237 0.0214163 0.0314603 0.0256237 0.0273115 0.0223741 0.0256237 0.0214163 0.0223741 0.0186985 0.0239466 0.0206916 0.0214163 0.0184254 0.0206916 0.0182917 0.0184254 0.0162242 0.0214163 0.0184254 0.0186985 0.0160367 0.0184254 0.0162242 0.0160367 0.0140744 0.0273115 0.0223741 0.0229743 0.0189175 0.0223741 0.0186985 0.0189175 0.0158184 0.0229743 0.0189175 0.0185048 0.0153026 0.0189175 0.0158184 0.0153026 0.0128063 0.0186985 0.0160367 0.0158184 0.0135377 0.0160367 0.0140744 0.0135377 0.0118504 0.0158184 0.0135377 0.0128063 0.0109447 0.0135377 0.0118504 0.0109447 0.00956155 0.0296116 0.0286544 0.0219214 0.0212496 0.0286544 0.02591 0.0212496 0.0193027 0.0219214 0.0212496 0.0144817 0.0140545 0.0212496 0.0193027 0.0140545 0.012807 0.02591 0.0222306 0.0193027 0.0166612 0.0222306 0.0185048 0.0166612 0.013945 0.0193027 0.0166612 0.012807 0.0111 0.0166612 0.013945 0.0111 0.00932593 0.0144817 0.0140545 0.00720187 0.00699428 0.0140545 0.012807 0.00699428 0.00638509 0.00720187 0.00699428 2.21657e-15 2.45054e-15 0.00699428 0.00638509 2.45054e-15 2.35261e-15 0.012807 0.0111 0.00638509 0.00554742 0.0111 0.00932593 0.00554742 0.0046713 0.00638509 0.00554742 2.35261e-15 2.04693e-15 0.00554742 0.0046713 2.04693e-15 1.67075e-15 0.0185048 0.0153026 0.013945 0.0115709 0.0153026 0.0128063 0.0115709 0.00969167 0.013945 0.0115709 0.00932593 0.00775708 0.0115709 0.00969167 0.00775708 0.00650191 0.0128063 0.0109447 0.00969167 0.00827551 0.0109447 0.00956155 0.00827551 0.00721922 0.00969167 0.00827551 0.00650191 0.00554896 0.00827551 0.00721922 0.00554896 0.0048359 0.00932593 0.00775708 0.0046713 0.00389117 0.00775708 0.00650191 0.00389117 0.00326307 0.0046713 0.00389117 1.67075e-15 1.31326e-15 0.00389117 0.00326307 1.31326e-15 9.96891e-16 0.00650191 0.00554896 0.00326307 0.00278407 0.00554896 0.0048359 0.00278407 0.00242492 0.00326307 0.00278407 9.96891e-16 7.37093e-16 0.00278407 0.00242492 7.37093e-16 5.32075e-16 0.0182917 0.0164349 0.0162242 0.0145418 0.0164349 0.0149987 0.0145418 0.0132484 0.0162242 0.0145418 0.0140744 0.0125858 0.0145418 0.0132484 0.0125858 0.0114436 0.0149987 0.0139533 0.0132484 0.0122862 0.0139533 0.0133019 0.0122862 0.0116088 0.0132484 0.0122862 0.0114436 0.0105703 0.0122862 0.0116088 0.0105703 0.00986934 0.0140744 0.0125858 0.0118504 0.010575 0.0125858 0.0114436 0.010575 0.00959549 0.0118504 0.010575 0.00956155 0.00851748 0.010575 0.00959549 0.00851748 0.00771341 0.0114436 0.0105703 0.00959549 0.00882595 0.0105703 0.00986934 0.00882595 0.00814231 0.00959549 0.00882595 0.00771341 0.00706579 0.00882595 0.00814231 0.00706579 0.00644472 0.0133019 0.0130563 0.0116088 0.0111286 0.0130563 0.0132177 0.0111286 0.0106665 0.0116088 0.0111286 0.00986934 0.00909876 0.0111286 0.0106665 0.00909876 0.00749101 0.0132177 0.013717 0.0106665 0.00925593 0.013717 0.0138998 0.00925593 -0.0178997 0.0106665 0.00925593 0.00749101 0.00227615 0.00925593 -0.0178997 0.00227615 -0.0144336 0.00986934 0.00909876 0.00814231 0.00724055 0.00909876 0.00749101 0.00724055 0.00525183 0.00814231 0.00724055 0.00644472 0.00554362 0.00724055 0.00525183 0.00554362 0.0035905 0.00749101 0.00227615 0.00525183 -0.000302464 0.00227615 -0.0144336 -0.000302464 -0.010564 0.00525183 -0.000302464 0.0035905 -0.00102454 -0.000302464 -0.010564 -0.00102454 -0.00784419 0.00956155 0.00851748 0.00721922 0.00642183 0.00851748 0.00771341 0.00642183 0.00580573 0.00721922 0.00642183 0.0048359 0.00429734 0.00642183 0.00580573 0.00429734 0.00387997 0.00771341 0.00706579 0.00580573 0.00529908 0.00706579 0.00644472 0.00529908 0.00478577 0.00580573 0.00529908 0.00387997 0.00353138 0.00529908 0.00478577 0.00353138 0.0031651 0.0048359 0.00429734 0.00242492 0.00215351 0.00429734 0.00387997 0.00215351 0.00194275 0.00242492 0.00215351 5.32075e-16 3.78274e-16 0.00215351 0.00194275 3.78274e-16 2.72849e-16 0.00387997 0.00353138 0.00194275 0.00176504 0.00353138 0.0031651 0.00176504 0.00157439 0.00194275 0.00176504 2.72849e-16 1.99687e-16 0.00176504 0.00157439 1.99687e-16 1.42968e-16 0.00644472 0.00554362 0.00478577 0.0040022 0.00554362 0.0035905 0.0040022 0.00235601 0.00478577 0.0040022 0.0031651 0.00259104 0.0040022 0.00235601 0.00259104 0.0014195 0.0035905 -0.00102454 0.00235601 -0.0010629 -0.00102454 -0.00784419 -0.0010629 -0.0056748 0.00235601 -0.0010629 0.0014195 -0.000816905 -0.0010629 -0.0056748 -0.000816905 -0.00371968 0.0031651 0.00259104 0.00157439 0.00127189 0.00259104 0.0014195 0.00127189 0.000666492 0.00157439 0.00127189 1.42968e-16 9.30279e-17 0.00127189 0.000666492 9.30279e-17 3.85844e-17 0.0014195 -0.000816905 0.000666492 -0.000436892 -0.000816905 -0.00371968 -0.000436892 -0.00184582 0.000666492 -0.000436892 3.85844e-17 -3.57205e-17 -0.000436892 -0.00184582 -3.57205e-17 -1.48563e-16 -1.01075e-15 -2.73248e-16 0.000554529 -0.000369133 -2.73248e-16 2.78133e-16 -0.000369133 -0.000676553 0.000554529 -0.000369133 0.00102523 -0.00084653 -0.000369133 -0.000676553 -0.00084653 -0.0013757 2.78133e-16 6.01342e-16 -0.000676553 -0.000799621 6.01342e-16 8.77469e-16 -0.000799621 -0.000933995 -0.000676553 -0.000799621 -0.0013757 -0.0015954 -0.000799621 -0.000933995 -0.0015954 -0.00186074 0.00102523 -0.00084653 0.00129268 -0.001551 -0.00084653 -0.0013757 -0.001551 -0.0021079 0.00129268 -0.001551 0.00111833 -0.00259255 -0.001551 -0.0021079 -0.00259255 -0.00285742 -0.0013757 -0.0015954 -0.0021079 -0.00238047 -0.0015954 -0.00186074 -0.00238047 -0.00277265 -0.0021079 -0.00238047 -0.00285742 -0.00314275 -0.00238047 -0.00277265 -0.00314275 -0.00366171 8.77469e-16 1.00327e-15 -0.000933995 -0.00111216 1.00327e-15 9.9298e-16 -0.00111216 -0.00133687 -0.000933995 -0.00111216 -0.00186074 -0.00221693 -0.00111216 -0.00133687 -0.00221693 -0.00266568 9.9298e-16 8.05247e-16 -0.00133687 -0.00161275 8.05247e-16 4.26877e-16 -0.00161275 -0.00195206 -0.00133687 -0.00161275 -0.00266568 -0.0032155 -0.00161275 -0.00195206 -0.0032155 -0.00389057 -0.00186074 -0.00221693 -0.00277265 -0.00330705 -0.00221693 -0.00266568 -0.00330705 -0.00397857 -0.00277265 -0.00330705 -0.00366171 -0.0043755 -0.00330705 -0.00397857 -0.0043755 -0.00526805 -0.00266568 -0.0032155 -0.00397857 -0.00479855 -0.0032155 -0.00389057 -0.00479855 -0.00580226 -0.00397857 -0.00479855 -0.00526805 -0.00635269 -0.00479855 -0.00580226 -0.00635269 -0.00767442 0.00111833 -0.00259255 -9.49938e-05 -0.00391282 -0.00259255 -0.00285742 -0.00391282 -0.00356851 -9.49938e-05 -0.00391282 -0.00386194 -0.00464884 -0.00391282 -0.00356851 -0.00464884 -0.00410585 -0.00285742 -0.00314275 -0.00356851 -0.0038644 -0.00314275 -0.00366171 -0.0038644 -0.00451973 -0.00356851 -0.0038644 -0.00410585 -0.00452119 -0.0038644 -0.00451973 -0.00452119 -0.00533838 -0.00386194 -0.00464884 -0.0123008 -0.00208422 -0.00464884 -0.00410585 -0.00208422 -0.00399459 -0.0123008 -0.00208422 -0.00455904 -0.00430821 -0.00208422 -0.00399459 -0.00430821 -0.00480768 -0.00410585 -0.00452119 -0.00399459 -0.00505114 -0.00452119 -0.00533838 -0.00505114 -0.00610726 -0.00399459 -0.00505114 -0.00480768 -0.00567715 -0.00505114 -0.00610726 -0.00567715 -0.00685179 -0.00366171 -0.0043755 -0.00451973 -0.0054157 -0.0043755 -0.00526805 -0.0054157 -0.00652726 -0.00451973 -0.0054157 -0.00533838 -0.00642157 -0.0054157 -0.00652726 -0.00642157 -0.00775001 -0.00526805 -0.00635269 -0.00652726 -0.00786957 -0.00635269 -0.00767442 -0.00786957 -0.00949533 -0.00652726 -0.00786957 -0.00775001 -0.00934194 -0.00786957 -0.00949533 -0.00934194 -0.0112547 -0.00533838 -0.00642157 -0.00610726 -0.00738762 -0.00642157 -0.00775001 -0.00738762 -0.00893094 -0.00610726 -0.00738762 -0.00685179 -0.00831236 -0.00738762 -0.00893094 -0.00831236 -0.0100648 -0.00775001 -0.00934194 -0.00893094 -0.0107639 -0.00934194 -0.0112547 -0.0107639 -0.0129442 -0.00893094 -0.0107639 -0.0100648 -0.0121297 -0.0107639 -0.0129442 -0.0121297 -0.0145573 4.26877e-16 -9.09404e-17 -0.00195206 -0.00237705 -9.09404e-17 -5.98112e-16 -0.00237705 -0.00291876 -0.00195206 -0.00237705 -0.00389057 -0.00473543 -0.00237705 -0.00291876 -0.00473543 -0.00581374 -5.98112e-16 -8.0268e-16 -0.00291876 -0.00360676 -8.0268e-16 -5.73596e-16 -0.00360676 -0.00444473 -0.00291876 -0.00360676 -0.00581374 -0.00718858 -0.00360676 -0.00444473 -0.00718858 -0.00887296 -0.00389057 -0.00473543 -0.00580226 -0.00705653 -0.00473543 -0.00581374 -0.00705653 -0.00866057 -0.00580226 -0.00705653 -0.00767442 -0.00932187 -0.00705653 -0.00866057 -0.00932187 -0.0114337 -0.00581374 -0.00718858 -0.00866057 -0.010719 -0.00718858 -0.00887296 -0.010719 -0.013266 -0.00866057 -0.010719 -0.0114337 -0.0141683 -0.010719 -0.013266 -0.0141683 -0.0176003 -5.73596e-16 4.20869e-17 -0.00444473 -0.00537755 4.20869e-17 8.50559e-16 -0.00537755 -0.0062716 -0.00444473 -0.00537755 -0.00887296 -0.0107603 -0.00537755 -0.0062716 -0.0107603 -0.0125799 8.50559e-16 1.64066e-15 -0.0062716 -0.00693739 1.64066e-15 2.21657e-15 -0.00693739 -0.00720187 -0.0062716 -0.00693739 -0.0125799 -0.0139407 -0.00693739 -0.00720187 -0.0139407 -0.0144817 -0.00887296 -0.0107603 -0.013266 -0.0161517 -0.0107603 -0.0125799 -0.0161517 -0.018962 -0.013266 -0.0161517 -0.0176003 -0.0215515 -0.0161517 -0.018962 -0.0215515 -0.0254555 -0.0125799 -0.0139407 -0.018962 -0.0210787 -0.0139407 -0.0144817 -0.0210787 -0.0219214 -0.018962 -0.0210787 -0.0254555 -0.0284263 -0.0210787 -0.0219214 -0.0284263 -0.0296116 -0.00767442 -0.00932187 -0.00949533 -0.0115134 -0.00932187 -0.0114337 -0.0115134 -0.0141062 -0.00949533 -0.0115134 -0.0112547 -0.0136139 -0.0115134 -0.0141062 -0.0136139 -0.0166491 -0.0114337 -0.0141683 -0.0141062 -0.0175021 -0.0141683 -0.0176003 -0.0175021 -0.0218451 -0.0141062 -0.0175021 -0.0166491 -0.0206794 -0.0175021 -0.0218451 -0.0206794 -0.0259584 -0.0112547 -0.0136139 -0.0129442 -0.015608 -0.0136139 -0.0166491 -0.015608 -0.0190327 -0.0129442 -0.015608 -0.0145573 -0.0174842 -0.015608 -0.0190327 -0.0174842 -0.0212326 -0.0166491 -0.0206794 -0.0190327 -0.0236518 -0.0206794 -0.0259584 -0.0236518 -0.0298843 -0.0190327 -0.0236518 -0.0212326 -0.0263749 -0.0236518 -0.0298843 -0.0263749 -0.0335649 -0.0176003 -0.0215515 -0.0218451 -0.0269532 -0.0215515 -0.0254555 -0.0269532 -0.0320985 -0.0218451 -0.0269532 -0.0259584 -0.0323403 -0.0269532 -0.0320985 -0.0323403 -0.0389291 -0.0254555 -0.0284263 -0.0320985 -0.0360679 -0.0284263 -0.0296116 -0.0360679 -0.0376569 -0.0320985 -0.0360679 -0.0389291 -0.0441018 -0.0360679 -0.0376569 -0.0441018 -0.0461823 -0.0259584 -0.0323403 -0.0298843 -0.0376825 -0.0323403 -0.0389291 -0.0376825 -0.0459842 -0.0298843 -0.0376825 -0.0335649 -0.0429413 -0.0376825 -0.0459842 -0.0429413 -0.0532931 -0.0389291 -0.0441018 -0.0459842 -0.0526445 -0.0441018 -0.0461823 -0.0526445 -0.0553408 -0.0459842 -0.0526445 -0.0532931 -0.0618129 -0.0526445 -0.0553408 -0.0618129 -0.0652912 2.21657e-15 2.45054e-15 -0.00720187 -0.00699428 2.45054e-15 2.35261e-15 -0.00699428 -0.00638509 -0.00720187 -0.00699428 -0.0144817 -0.0140545 -0.00699428 -0.00638509 -0.0140545 -0.012807 2.35261e-15 2.04693e-15 -0.00638509 -0.00554742 2.04693e-15 1.67075e-15 -0.00554742 -0.0046713 -0.00638509 -0.00554742 -0.012807 -0.0111 -0.00554742 -0.0046713 -0.0111 -0.00932593 -0.0144817 -0.0140545 -0.0219214 -0.0212496 -0.0140545 -0.012807 -0.0212496 -0.0193027 -0.0219214 -0.0212496 -0.0296116 -0.0286544 -0.0212496 -0.0193027 -0.0286544 -0.02591 -0.012807 -0.0111 -0.0193027 -0.0166612 -0.0111 -0.00932593 -0.0166612 -0.013945 -0.0193027 -0.0166612 -0.02591 -0.0222306 -0.0166612 -0.013945 -0.0222306 -0.0185048 1.67075e-15 1.31326e-15 -0.0046713 -0.00389117 1.31326e-15 9.96891e-16 -0.00389117 -0.00326307 -0.0046713 -0.00389117 -0.00932593 -0.00775708 -0.00389117 -0.00326307 -0.00775708 -0.00650191 9.96891e-16 7.37093e-16 -0.00326307 -0.00278407 7.37093e-16 5.32075e-16 -0.00278407 -0.00242492 -0.00326307 -0.00278407 -0.00650191 -0.00554896 -0.00278407 -0.00242492 -0.00554896 -0.0048359 -0.00932593 -0.00775708 -0.013945 -0.0115709 -0.00775708 -0.00650191 -0.0115709 -0.00969167 -0.013945 -0.0115709 -0.0185048 -0.0153026 -0.0115709 -0.00969167 -0.0153026 -0.0128063 -0.00650191 -0.00554896 -0.00969167 -0.00827551 -0.00554896 -0.0048359 -0.00827551 -0.00721922 -0.00969167 -0.00827551 -0.0128063 -0.0109447 -0.00827551 -0.00721922 -0.0109447 -0.00956155 -0.0296116 -0.0286544 -0.0376569 -0.0363536 -0.0286544 -0.02591 -0.0363536 -0.0326671 -0.0376569 -0.0363536 -0.0461823 -0.0444456 -0.0363536 -0.0326671 -0.0444456 -0.0396123 -0.02591 -0.0222306 -0.0326671 -0.0278018 -0.0222306 -0.0185048 -0.0278018 -0.0229743 -0.0326671 -0.0278018 -0.0396123 -0.0333584 -0.0278018 -0.0229743 -0.0333584 -0.0273115 -0.0461823 -0.0444456 -0.0553408 -0.0530472 -0.0444456 -0.0396123 -0.0530472 -0.0467829 -0.0553408 -0.0530472 -0.0652912 -0.062276 -0.0530472 -0.0467829 -0.062276 -0.0542088 -0.0396123 -0.0333584 -0.0467829 -0.0388702 -0.0333584 -0.0273115 -0.0388702 -0.0314603 -0.0467829 -0.0388702 -0.0542088 -0.0442989 -0.0388702 -0.0314603 -0.0442989 -0.0353625 -0.0185048 -0.0153026 -0.0229743 -0.0189175 -0.0153026 -0.0128063 -0.0189175 -0.0158184 -0.0229743 -0.0189175 -0.0273115 -0.0223741 -0.0189175 -0.0158184 -0.0223741 -0.0186985 -0.0128063 -0.0109447 -0.0158184 -0.0135377 -0.0109447 -0.00956155 -0.0135377 -0.0118504 -0.0158184 -0.0135377 -0.0186985 -0.0160367 -0.0135377 -0.0118504 -0.0160367 -0.0140744 -0.0273115 -0.0223741 -0.0314603 -0.0256237 -0.0223741 -0.0186985 -0.0256237 -0.0214163 -0.0314603 -0.0256237 -0.0353625 -0.0286215 -0.0256237 -0.0214163 -0.0286215 -0.0239466 -0.0186985 -0.0160367 -0.0214163 -0.0184254 -0.0160367 -0.0140744 -0.0184254 -0.0162242 -0.0214163 -0.0184254 -0.0239466 -0.0206916 -0.0184254 -0.0162242 -0.0206916 -0.0182917 5.32075e-16 3.78274e-16 -0.00242492 -0.00215351 3.78274e-16 2.72849e-16 -0.00215351 -0.00194275 -0.00242492 -0.00215351 -0.0048359 -0.00429734 -0.00215351 -0.00194275 -0.00429734 -0.00387997 2.72849e-16 1.99687e-16 -0.00194275 -0.00176504 1.99687e-16 1.42968e-16 -0.00176504 -0.00157439 -0.00194275 -0.00176504 -0.00387997 -0.00353138 -0.00176504 -0.00157439 -0.00353138 -0.0031651 -0.0048359 -0.00429734 -0.00721922 -0.00642183 -0.00429734 -0.00387997 -0.00642183 -0.00580573 -0.00721922 -0.00642183 -0.00956155 -0.00851748 -0.00642183 -0.00580573 -0.00851748 -0.00771341 -0.00387997 -0.00353138 -0.00580573 -0.00529908 -0.00353138 -0.0031651 -0.00529908 -0.00478577 -0.00580573 -0.00529908 -0.00771341 -0.00706579 -0.00529908 -0.00478577 -0.00706579 -0.00644472 1.42968e-16 9.30279e-17 -0.00157439 -0.00127189 9.30279e-17 3.85844e-17 -0.00127189 -0.000666492 -0.00157439 -0.00127189 -0.0031651 -0.00259104 -0.00127189 -0.000666492 -0.00259104 -0.0014195 3.85844e-17 -3.57205e-17 -0.000666492 0.000436892 -3.57205e-17 -1.48563e-16 0.000436892 0.00184582 -0.000666492 0.000436892 -0.0014195 0.000816905 0.000436892 0.00184582 0.000816905 0.00371968 -0.0031651 -0.00259104 -0.00478577 -0.0040022 -0.00259104 -0.0014195 -0.0040022 -0.00235601 -0.00478577 -0.0040022 -0.00644472 -0.00554362 -0.0040022 -0.00235601 -0.00554362 -0.0035905 -0.0014195 0.000816905 -0.00235601 0.0010629 0.000816905 0.00371968 0.0010629 0.0056748 -0.00235601 0.0010629 -0.0035905 0.00102454 0.0010629 0.0056748 0.00102454 0.00784419 -0.00956155 -0.00851748 -0.0118504 -0.010575 -0.00851748 -0.00771341 -0.010575 -0.00959549 -0.0118504 -0.010575 -0.0140744 -0.0125858 -0.010575 -0.00959549 -0.0125858 -0.0114436 -0.00771341 -0.00706579 -0.00959549 -0.00882595 -0.00706579 -0.00644472 -0.00882595 -0.00814231 -0.00959549 -0.00882595 -0.0114436 -0.0105703 -0.00882595 -0.00814231 -0.0105703 -0.00986934 -0.0140744 -0.0125858 -0.0162242 -0.0145418 -0.0125858 -0.0114436 -0.0145418 -0.0132484 -0.0162242 -0.0145418 -0.0182917 -0.0164349 -0.0145418 -0.0132484 -0.0164349 -0.0149987 -0.0114436 -0.0105703 -0.0132484 -0.0122862 -0.0105703 -0.00986934 -0.0122862 -0.0116088 -0.0132484 -0.0122862 -0.0149987 -0.0139533 -0.0122862 -0.0116088 -0.0139533 -0.0133019 -0.00644472 -0.00554362 -0.00814231 -0.00724055 -0.00554362 -0.0035905 -0.00724055 -0.00525183 -0.00814231 -0.00724055 -0.00986934 -0.00909876 -0.00724055 -0.00525183 -0.00909876 -0.00749101 -0.0035905 0.00102454 -0.00525183 0.000302464 0.00102454 0.00784419 0.000302464 0.010564 -0.00525183 0.000302464 -0.00749101 -0.00227615 0.000302464 0.010564 -0.00227615 0.0144336 -0.00986934 -0.00909876 -0.0116088 -0.0111286 -0.00909876 -0.00749101 -0.0111286 -0.0106665 -0.0116088 -0.0111286 -0.0133019 -0.0130563 -0.0111286 -0.0106665 -0.0130563 -0.0132177 -0.00749101 -0.00227615 -0.0106665 -0.00925593 -0.00227615 0.0144336 -0.00925593 0.0178997 -0.0106665 -0.00925593 -0.0132177 -0.013717 -0.00925593 0.0178997 -0.013717 -0.0138998 -0.00455904 -0.00430821 -0.0046844 -0.00473402 -0.00430821 -0.00480768 -0.00473402 -0.00522896 -0.0046844 -0.00473402 -0.00497801 -0.00510334 -0.00473402 -0.00522896 -0.00510334 -0.00559443 -0.00480768 -0.00567715 -0.00522896 -0.00608734 -0.00567715 -0.00685179 -0.00608734 -0.00726592 -0.00522896 -0.00608734 -0.00559443 -0.00644653 -0.00608734 -0.00726592 -0.00644653 -0.00763053 -0.00497801 -0.00510334 -0.00525683 -0.0054071 -0.00510334 -0.00559443 -0.0054071 -0.00590256 -0.00525683 -0.0054071 -0.00549278 -0.00565313 -0.0054071 -0.00590256 -0.00565313 -0.00615388 -0.00559443 -0.00644653 -0.00590256 -0.00675298 -0.00644653 -0.00763053 -0.00675298 -0.00794348 -0.00590256 -0.00675298 -0.00615388 -0.00700526 -0.00675298 -0.00794348 -0.00700526 -0.00820251 -0.00685179 -0.00831236 -0.00726592 -0.00875145 -0.00831236 -0.0100648 -0.00875145 -0.0105536 -0.00726592 -0.00875145 -0.00763053 -0.00913911 -0.00875145 -0.0105536 -0.00913911 -0.0109861 -0.0100648 -0.0121297 -0.0105536 -0.0127017 -0.0121297 -0.0145573 -0.0127017 -0.0152595 -0.0105536 -0.0127017 -0.0109861 -0.0132075 -0.0127017 -0.0152595 -0.0132075 -0.0158745 -0.00763053 -0.00913911 -0.00794348 -0.00947289 -0.00913911 -0.0109861 -0.00947289 -0.0113591 -0.00794348 -0.00947289 -0.00820251 -0.00974991 -0.00947289 -0.0113591 -0.00974991 -0.011669 -0.0109861 -0.0132075 -0.0113591 -0.013643 -0.0132075 -0.0158745 -0.013643 -0.0163981 -0.0113591 -0.013643 -0.011669 -0.0140037 -0.013643 -0.0163981 -0.0140037 -0.0168276 -0.00549278 -0.00565313 -0.00567895 -0.00584399 -0.00565313 -0.00615388 -0.00584399 -0.00634893 -0.00567895 -0.00584399 -0.00581291 -0.00598029 -0.00584399 -0.00634893 -0.00598029 -0.00648809 -0.00615388 -0.00700526 -0.00634893 -0.00720238 -0.00700526 -0.00820251 -0.00720238 -0.00840578 -0.00634893 -0.00720238 -0.00648809 -0.00734364 -0.00720238 -0.00840578 -0.00734364 -0.00855192 -0.00581291 -0.00598029 -0.0058936 -0.00606209 -0.00598029 -0.00648809 -0.00606209 -0.00657154 -0.0058936 -0.00606209 -0.00592054 -0.00608937 -0.00606209 -0.00657154 -0.00608937 -0.00659935 -0.00648809 -0.00734364 -0.00657154 -0.00742857 -0.00734364 -0.00855192 -0.00742857 -0.00863999 -0.00657154 -0.00742857 -0.00659935 -0.00745691 -0.00742857 -0.00863999 -0.00745691 -0.0086694 -0.00820251 -0.00974991 -0.00840578 -0.00996779 -0.00974991 -0.011669 -0.00996779 -0.0119129 -0.00840578 -0.00996779 -0.00855192 -0.0101247 -0.00996779 -0.0119129 -0.0101247 -0.0120885 -0.011669 -0.0140037 -0.0119129 -0.0142868 -0.0140037 -0.0168276 -0.0142868 -0.0171616 -0.0119129 -0.0142868 -0.0120885 -0.0144903 -0.0142868 -0.0171616 -0.0144903 -0.0173999 -0.00855192 -0.0101247 -0.00863999 -0.0102194 -0.0101247 -0.0120885 -0.0102194 -0.0121945 -0.00863999 -0.0102194 -0.0086694 -0.010251 -0.0102194 -0.0121945 -0.010251 -0.0122299 -0.0120885 -0.0144903 -0.0121945 -0.0146128 -0.0144903 -0.0173999 -0.0146128 -0.0175427 -0.0121945 -0.0146128 -0.0122299 -0.0146537 -0.0146128 -0.0175427 -0.0146537 -0.0175903 -0.0145573 -0.0174842 -0.0152595 -0.0183671 -0.0174842 -0.0212326 -0.0183671 -0.0223002 -0.0152595 -0.0183671 -0.0158745 -0.0191215 -0.0183671 -0.0223002 -0.0191215 -0.0231755 -0.0212326 -0.0263749 -0.0223002 -0.0274795 -0.0263749 -0.0335649 -0.0274795 -0.0342955 -0.0223002 -0.0274795 -0.0231755 -0.0283309 -0.0274795 -0.0342955 -0.0283309 -0.0347843 -0.0158745 -0.0191215 -0.0163981 -0.0197483 -0.0191215 -0.0231755 -0.0197483 -0.0238739 -0.0163981 -0.0197483 -0.0168276 -0.0202514 -0.0197483 -0.0238739 -0.0202514 -0.0244154 -0.0231755 -0.0283309 -0.0238739 -0.0289688 -0.0283309 -0.0347843 -0.0289688 -0.0350924 -0.0238739 -0.0289688 -0.0244154 -0.0294363 -0.0289688 -0.0350924 -0.0294363 -0.0352781 -0.0335649 -0.0429413 -0.0342955 -0.0426535 -0.0429413 -0.0532931 -0.0426535 -0.051431 -0.0342955 -0.0426535 -0.0347843 -0.0422958 -0.0426535 -0.051431 -0.0422958 -0.0498462 -0.0532931 -0.0618129 -0.051431 -0.0584203 -0.0618129 -0.0652912 -0.0584203 -0.0612516 -0.051431 -0.0584203 -0.0498462 -0.0556851 -0.0584203 -0.0612516 -0.0556851 -0.0580384 -0.0347843 -0.0422958 -0.0350924 -0.0419199 -0.0422958 -0.0498462 -0.0419199 -0.0485338 -0.0350924 -0.0419199 -0.0352781 -0.0415694 -0.0419199 -0.0485338 -0.0415694 -0.0474817 -0.0498462 -0.0556851 -0.0485338 -0.0535225 -0.0556851 -0.0580384 -0.0535225 -0.0555282 -0.0485338 -0.0535225 -0.0474817 -0.0518502 -0.0535225 -0.0555282 -0.0518502 -0.0536058 -0.0168276 -0.0202514 -0.0171616 -0.0206359 -0.0202514 -0.0244154 -0.0206359 -0.0248177 -0.0171616 -0.0206359 -0.0173999 -0.0209065 -0.0206359 -0.0248177 -0.0209065 -0.0250948 -0.0244154 -0.0294363 -0.0248177 -0.0297671 -0.0294363 -0.0352781 -0.0297671 -0.0353842 -0.0248177 -0.0297671 -0.0250948 -0.0299863 -0.0297671 -0.0353842 -0.0299863 -0.0354407 -0.0173999 -0.0209065 -0.0175427 -0.0210673 -0.0209065 -0.0250948 -0.0210673 -0.025257 -0.0175427 -0.0210673 -0.0175903 -0.0211206 -0.0210673 -0.025257 -0.0211206 -0.0253104 -0.0250948 -0.0299863 -0.025257 -0.0301111 -0.0299863 -0.0354407 -0.0301111 -0.0354672 -0.025257 -0.0301111 -0.0253104 -0.0301517 -0.0301111 -0.0354672 -0.0301517 -0.0354748 -0.0352781 -0.0415694 -0.0353842 -0.0412735 -0.0415694 -0.0474817 -0.0412735 -0.0466777 -0.0353842 -0.0412735 -0.0354407 -0.041051 -0.0412735 -0.0466777 -0.041051 -0.0461114 -0.0474817 -0.0518502 -0.0466777 -0.0506065 -0.0518502 -0.0536058 -0.0506065 -0.0521866 -0.0466777 -0.0506065 -0.0461114 -0.0497473 -0.0506065 -0.0521866 -0.0497473 -0.0512113 -0.0354407 -0.041051 -0.0354672 -0.0409133 -0.041051 -0.0461114 -0.0409133 -0.0457748 -0.0354672 -0.0409133 -0.0354748 -0.0408668 -0.0409133 -0.0457748 -0.0408668 -0.0456632 -0.0461114 -0.0497473 -0.0457748 -0.049243 -0.0497473 -0.0512113 -0.049243 -0.050641 -0.0457748 -0.049243 -0.0456632 -0.0490768 -0.049243 -0.050641 -0.0490768 -0.0504533 -0.0652912 -0.062276 -0.0612516 -0.0588809 -0.062276 -0.0542088 -0.0588809 -0.0523456 -0.0612516 -0.0588809 -0.0580384 -0.0561446 -0.0588809 -0.0523456 -0.0561446 -0.0507614 -0.0542088 -0.0442989 -0.0523456 -0.044016 -0.0442989 -0.0353625 -0.044016 -0.0361061 -0.0523456 -0.044016 -0.0507614 -0.0436633 -0.044016 -0.0361061 -0.0436633 -0.0366065 -0.0580384 -0.0561446 -0.0555282 -0.0539816 -0.0561446 -0.0507614 -0.0539816 -0.0494501 -0.0555282 -0.0539816 -0.0536058 -0.0523094 -0.0539816 -0.0494501 -0.0523094 -0.0483993 -0.0507614 -0.0436633 -0.0494501 -0.0432922 -0.0436633 -0.0366065 -0.0432922 -0.0369246 -0.0494501 -0.0432922 -0.0483993 -0.042946 -0.0432922 -0.0369246 -0.042946 -0.0371185 -0.0353625 -0.0286215 -0.0361061 -0.0297476 -0.0286215 -0.0239466 -0.0297476 -0.0250438 -0.0361061 -0.0297476 -0.0366065 -0.0306175 -0.0297476 -0.0250438 -0.0306175 -0.0259446 -0.0239466 -0.0206916 -0.0250438 -0.0216118 -0.0206916 -0.0182917 -0.0216118 -0.0190386 -0.0250438 -0.0216118 -0.0259446 -0.0223982 -0.0216118 -0.0190386 -0.0223982 -0.0196914 -0.0366065 -0.0306175 -0.0369246 -0.0312712 -0.0306175 -0.0259446 -0.0312712 -0.0266644 -0.0369246 -0.0312712 -0.0371185 -0.0317515 -0.0312712 -0.0266644 -0.0317515 -0.0272234 -0.0259446 -0.0223982 -0.0266644 -0.0230517 -0.0223982 -0.0196914 -0.0230517 -0.0202464 -0.0266644 -0.0230517 -0.0272234 -0.0235765 -0.0230517 -0.0202464 -0.0235765 -0.0207009 -0.0536058 -0.0523094 -0.0521866 -0.0510659 -0.0523094 -0.0483993 -0.0510659 -0.0475965 -0.0521866 -0.0510659 -0.0512113 -0.050207 -0.0510659 -0.0475965 -0.050207 -0.0470313 -0.0483993 -0.042946 -0.0475965 -0.0426535 -0.042946 -0.0371185 -0.0426535 -0.0372311 -0.0475965 -0.0426535 -0.0470313 -0.0424335 -0.0426535 -0.0372311 -0.0424335 -0.0372923 -0.0512113 -0.050207 -0.050641 -0.0497029 -0.050207 -0.0470313 -0.0497029 -0.0466954 -0.050641 -0.0497029 -0.0504533 -0.0495367 -0.0497029 -0.0466954 -0.0495367 -0.046584 -0.0470313 -0.0424335 -0.0466954 -0.0422975 -0.0424335 -0.0372923 -0.0422975 -0.0373216 -0.0466954 -0.0422975 -0.046584 -0.0422515 -0.0422975 -0.0373216 -0.0422515 -0.0373302 -0.0371185 -0.0317515 -0.0372311 -0.0320923 -0.0317515 -0.0272234 -0.0320923 -0.0276391 -0.0372311 -0.0320923 -0.0372923 -0.0323187 -0.0320923 -0.0276391 -0.0323187 -0.0279258 -0.0272234 -0.0235765 -0.0276391 -0.0239777 -0.0235765 -0.0207009 -0.0239777 -0.0210541 -0.0276391 -0.0239777 -0.0279258 -0.0242602 -0.0239777 -0.0210541 -0.0242602 -0.0213059 -0.0372923 -0.0323187 -0.0373216 -0.0324478 -0.0323187 -0.0279258 -0.0324478 -0.0280938 -0.0373216 -0.0324478 -0.0373302 -0.0324898 -0.0324478 -0.0280938 -0.0324898 -0.028149 -0.0279258 -0.0242602 -0.0280938 -0.024428 -0.0242602 -0.0213059 -0.024428 -0.0214568 -0.0280938 -0.024428 -0.028149 -0.0244836 -0.024428 -0.0214568 -0.0244836 -0.021507 -0.0182917 -0.0164349 -0.0190386 -0.0170575 -0.0164349 -0.0149987 -0.0170575 -0.0155402 -0.0190386 -0.0170575 -0.0196914 -0.0176053 -0.0170575 -0.0155402 -0.0176053 -0.0160144 -0.0149987 -0.0139533 -0.0155402 -0.0144371 -0.0139533 -0.0133019 -0.0144371 -0.013732 -0.0155402 -0.0144371 -0.0160144 -0.0148564 -0.0144371 -0.013732 -0.0148564 -0.0140989 -0.0196914 -0.0176053 -0.0202464 -0.0180747 -0.0176053 -0.0160144 -0.0180747 -0.0164197 -0.0202464 -0.0180747 -0.0207009 -0.0184622 -0.0180747 -0.0164197 -0.0184622 -0.0167538 -0.0160144 -0.0148564 -0.0164197 -0.0152115 -0.0148564 -0.0140989 -0.0152115 -0.0144057 -0.0164197 -0.0152115 -0.0167538 -0.0155024 -0.0152115 -0.0144057 -0.0155024 -0.0146544 -0.0133019 -0.0130563 -0.013732 -0.0134155 -0.0130563 -0.0132177 -0.0134155 -0.0134606 -0.013732 -0.0134155 -0.0140989 -0.013715 -0.0134155 -0.0134606 -0.013715 -0.013657 -0.0132177 -0.013717 -0.0134606 -0.0137624 -0.013717 -0.0138998 -0.0137624 -0.0139226 -0.0134606 -0.0137624 -0.013657 -0.0138051 -0.0137624 -0.0139226 -0.0138051 -0.0139004 -0.0140989 -0.013715 -0.0144057 -0.0139613 -0.013715 -0.013657 -0.0139613 -0.0138176 -0.0144057 -0.0139613 -0.0146544 -0.0141587 -0.0139613 -0.0138176 -0.0141587 -0.0139471 -0.013657 -0.0138051 -0.0138176 -0.0138585 -0.0138051 -0.0139004 -0.0138585 -0.0139035 -0.0138176 -0.0138585 -0.0139471 -0.013913 -0.0138585 -0.0139035 -0.013913 -0.0139235 -0.0207009 -0.0184622 -0.0210541 -0.0187653 -0.0184622 -0.0167538 -0.0187653 -0.0170152 -0.0210541 -0.0187653 -0.0213059 -0.0189827 -0.0187653 -0.0170152 -0.0189827 -0.0172026 -0.0167538 -0.0155024 -0.0170152 -0.0157288 -0.0155024 -0.0146544 -0.0157288 -0.0148464 -0.0170152 -0.0157288 -0.0172026 -0.0158905 -0.0157288 -0.0148464 -0.0158905 -0.0149829 -0.0213059 -0.0189827 -0.0214568 -0.0191134 -0.0189827 -0.0172026 -0.0191134 -0.0173153 -0.0214568 -0.0191134 -0.021507 -0.019157 -0.0191134 -0.0173153 -0.019157 -0.0173529 -0.0172026 -0.0158905 -0.0173153 -0.0159876 -0.0158905 -0.0149829 -0.0159876 -0.0150645 -0.0173153 -0.0159876 -0.0173529 -0.01602 -0.0159876 -0.0150645 -0.01602 -0.0150917 -0.0146544 -0.0141587 -0.0148464 -0.01431 -0.0141587 -0.0139471 -0.01431 -0.0140474 -0.0148464 -0.01431 -0.0149829 -0.014417 -0.01431 -0.0140474 -0.014417 -0.0141191 -0.0139471 -0.013913 -0.0140474 -0.0139617 -0.013913 -0.0139235 -0.0139617 -0.013949 -0.0140474 -0.0139617 -0.0141191 -0.0139996 -0.0139617 -0.013949 -0.0139996 -0.0139723 -0.0149829 -0.014417 -0.0150645 -0.0144808 -0.014417 -0.0141191 -0.0144808 -0.0141622 -0.0150645 -0.0144808 -0.0150917 -0.0145021 -0.0144808 -0.0141622 -0.0145021 -0.0141766 -0.0141191 -0.0139996 -0.0141622 -0.0140235 -0.0139996 -0.0139723 -0.0140235 -0.0139881 -0.0141622 -0.0140235 -0.0141766 -0.0140317 -0.0140235 -0.0139881 -0.0140317 -0.0139936 
SCALARS conc double 1
LOOKUP_TABLE default
0 0 0 0.840999 0 0 0.840999 1.57633 0 0.840999 0 1.63571 0.840999 1.57633 1.63571 3.05779 0 0 1.57633 2.16395 0 0 2.16395 2.61911 1.57633 2.16395 3.05779 4.1864 2.16395 2.61911 4.1864 5.05745 0 1.63571 0 2.34205 1.63571 3.05779 2.34205 4.35639 0 2.34205 0 2.92388 2.34205 4.35639 2.92388 5.39262 3.05779 4.1864 4.35639 5.935 4.1864 5.05745 5.935 7.14609 4.35639 5.935 5.39262 7.28878 5.935 7.14609 7.28878 8.73174 0 0 2.61911 2.97816 0 0 2.97816 3.27276 2.61911 2.97816 5.05745 5.74468 2.97816 3.27276 5.74468 6.30942 0 0 3.27276 3.52337 0 0 3.52337 3.74148 3.27276 3.52337 6.30942 6.79058 3.52337 3.74148 6.79058 7.20984 5.05745 5.74468 7.14609 8.10206 5.74468 6.30942 8.10206 8.88977 7.14609 8.10206 8.73174 9.87242 8.10206 8.88977 9.87242 10.8162 6.30942 6.79058 8.88977 9.56263 6.79058 7.20984 9.56263 10.15 8.88977 9.56263 10.8162 11.6254 9.56263 10.15 11.6254 12.3337 0 2.92388 0 3.35382 2.92388 5.39262 3.35382 6.09777 0 3.35382 0 3.61748 3.35382 6.09777 3.61748 6.41519 5.39262 7.28878 6.09777 8.14159 7.28878 8.73174 8.14159 9.68264 6.09777 8.14159 6.41519 8.40498 8.14159 9.68264 8.40498 9.89448 0 3.61748 0 3.72118 3.61748 6.41519 3.72118 6.29805 0 3.72118 0 3.70808 3.72118 6.29805 3.70808 5.69767 6.41519 8.40498 6.29805 8.01051 8.40498 9.89448 8.01051 9.29606 6.29805 8.01051 5.69767 6.91362 8.01051 9.29606 6.91362 7.85445 8.73174 9.87242 9.68264 10.9052 9.87242 10.8162 10.9052 11.9228 9.68264 10.9052 9.89448 11.0848 10.9052 11.9228 11.0848 12.0841 10.8162 11.6254 11.9228 12.7998 11.6254 12.3337 12.7998 13.5705 11.9228 12.7998 12.0841 12.9518 12.7998 13.5705 12.9518 13.7181 9.89448 11.0848 9.29606 10.3366 11.0848 12.0841 10.3366 11.2222 9.29606 10.3366 7.85445 8.63281 10.3366 11.2222 8.63281 9.31242 12.0841 12.9518 11.2222 11.9994 12.9518 13.7181 11.9994 12.691 11.2222 11.9994 9.31242 9.91971 11.9994 12.691 9.91971 10.4665 0 0 3.74148 3.93284 0 0 3.93284 4.09977 3.74148 3.93284 7.20984 7.57799 3.93284 4.09977 7.57799 7.89931 0 0 4.09977 4.24243 0 0 4.24243 4.35964 4.09977 4.24243 7.89931 8.17409 4.24243 4.35964 8.17409 8.39991 7.20984 7.57799 10.15 10.6665 7.57799 7.89931 10.6665 11.1178 10.15 10.6665 12.3337 12.9577 10.6665 11.1178 12.9577 13.5037 7.89931 8.17409 11.1178 11.504 8.17409 8.39991 11.504 11.8216 11.1178 11.504 13.5037 13.9717 11.504 11.8216 13.9717 14.357 0 0 4.35964 4.44937 0 0 4.44937 4.50961 4.35964 4.44937 8.39991 8.57278 4.44937 4.50961 8.57278 8.68861 0 0 4.50961 4.53938 0 0 4.53938 4.53955 4.50961 4.53938 8.68861 8.74534 4.53938 4.53955 8.74534 8.74471 8.39991 8.57278 11.8216 12.0647 8.57278 8.68861 12.0647 12.227 11.8216 12.0647 14.357 14.6517 12.0647 12.227 14.6517 14.8474 8.68861 8.74534 12.227 12.3052 8.74534 8.74471 12.3052 12.3018 12.227 12.3052 14.8474 14.9392 12.3052 12.3018 14.9392 14.9302 12.3337 12.9577 13.5705 14.2512 12.9577 13.5037 14.2512 14.8479 13.5705 14.2512 13.7181 14.3974 14.2512 14.8479 14.3974 14.9945 13.5037 13.9717 14.8479 15.3604 13.9717 14.357 15.3604 15.783 14.8479 15.3604 14.9945 15.5088 15.3604 15.783 15.5088 15.9342 13.7181 14.3974 12.691 13.307 14.3974 14.9945 13.307 13.8507 12.691 13.307 10.4665 10.9573 13.307 13.8507 10.9573 11.3932 14.9945 15.5088 13.8507 14.3209 15.5088 15.9342 14.3209 14.712 13.8507 14.3209 11.3932 11.7731 14.3209 14.712 11.7731 12.0922 14.357 14.6517 15.783 16.1064 14.6517 14.8474 16.1064 16.3192 15.783 16.1064 15.9342 16.2598 16.1064 16.3192 16.2598 16.4715 14.8474 14.9392 16.3192 16.4148 14.9392 14.9302 16.4148 16.3967 16.3192 16.4148 16.4715 16.56 16.4148 16.3967 16.56 16.5288 15.9342 16.2598 14.712 15.0118 16.2598 16.4715 15.0118 15.2034 14.712 15.0118 12.0922 12.3384 15.0118 15.2034 12.3384 12.4913 16.4715 16.56 15.2034 15.2733 16.56 16.5288 15.2733 15.2249 15.2034 15.2733 12.4913 12.532 15.2733 15.2249 12.532 12.4622 0 0 4.53955 4.51272 0 0 4.51272 4.46207 4.53955 4.51272 8.74471 8.692 4.51272 4.46207 8.692 8.59368 0 0 4.46207 4.38969 0 0 4.38969 4.29576 4.46207 4.38969 8.59368 8.45402 4.38969 4.29576 8.45402 8.27327 8.74471 8.692 12.3018 12.225 8.692 8.59368 12.225 12.0848 12.3018 12.225 14.9302 14.8318 12.225 12.0848 14.8318 14.6581 8.59368 8.45402 12.0848 11.8878 8.45402 8.27327 11.8878 11.634 12.0848 11.8878 14.6581 14.4178 11.8878 11.634 14.4178 14.111 0 0 4.29576 4.1787 0 0 4.1787 4.03623 4.29576 4.1787 8.27327 8.04818 4.1787 4.03623 8.04818 7.77414 0 0 4.03623 3.86616 0 0 3.86616 3.66654 4.03623 3.86616 7.77414 7.4469 3.86616 3.66654 7.4469 7.06277 8.27327 8.04818 11.634 11.3185 8.04818 7.77414 11.3185 10.9341 11.634 11.3185 14.111 13.7303 11.3185 10.9341 13.7303 13.266 7.77414 7.4469 10.9341 10.4748 7.4469 7.06277 10.4748 9.93548 10.9341 10.4748 13.266 12.7104 10.4748 9.93548 12.7104 12.0579 14.9302 14.8318 16.3967 16.2799 14.8318 14.6581 16.2799 16.083 16.3967 16.2799 16.5288 16.3972 16.2799 16.083 16.3972 16.1891 14.6581 14.4178 16.083 15.8175 14.4178 14.111 15.8175 15.4828 16.083 15.8175 16.1891 15.9192 15.8175 15.4828 15.9192 15.5854 16.5288 16.3972 15.2249 15.0821 16.3972 16.1891 15.0821 14.876 15.2249 15.0821 12.4622 12.3119 15.0821 14.876 12.3119 12.1211 16.1891 15.9192 14.876 14.6244 15.9192 15.5854 14.6244 14.3232 14.876 14.6244 12.1211 11.9115 14.6244 14.3232 11.9115 11.6754 14.111 13.7303 15.4828 15.0684 13.7303 13.266 15.0684 14.5621 15.4828 15.0684 15.5854 15.1738 15.0684 14.5621 15.1738 14.669 13.266 12.7104 14.5621 13.9549 12.7104 12.0579 13.9549 13.2415 14.5621 13.9549 14.669 14.0612 13.9549 13.2415 14.0612 13.3464 15.5854 15.1738 14.3232 13.9535 15.1738 14.669 13.9535 13.4966 14.3232 13.9535 11.6754 11.3875 13.9535 13.4966 11.3875 11.0253 14.669 14.0612 13.4966 12.9425 14.0612 13.3464 12.9425 12.2895 13.4966 12.9425 11.0253 10.5793 12.9425 12.2895 10.5793 10.0516 0 0 3.66654 3.43488 0 0 3.43488 3.16678 3.66654 3.43488 7.06277 6.61718 3.43488 3.16678 6.61718 6.10189 0 0 3.16678 2.85401 0 0 2.85401 2.4822 3.16678 2.85401 6.10189 5.50143 2.85401 2.4822 5.50143 4.78858 7.06277 6.61718 9.93548 9.31032 6.61718 6.10189 9.31032 8.58838 9.93548 9.31032 12.0579 11.3023 9.31032 8.58838 11.3023 10.4315 6.10189 5.50143 8.58838 7.74876 5.50143 4.78858 7.74876 6.75423 8.58838 7.74876 10.4315 9.42165 7.74876 6.75423 9.42165 8.22958 0 0 2.4822 2.02868 0 0 2.02868 1.46542 2.4822 2.02868 4.78858 3.91975 2.02868 1.46542 3.91975 2.83856 0 0 1.46542 0.778193 0 0 0.778193 0 1.46542 0.778193 2.83856 1.51153 0.778193 0 1.51153 0 4.78858 3.91975 6.75423 5.54406 3.91975 2.83856 5.54406 4.03364 6.75423 5.54406 8.22958 6.78329 5.54406 4.03364 6.78329 4.97283 2.83856 1.51153 4.03364 2.15945 1.51153 0 2.15945 0 4.03364 2.15945 4.97283 2.68768 2.15945 0 2.68768 0 12.0579 11.3023 13.2415 12.4164 11.3023 10.4315 12.4164 11.4683 13.2415 12.4164 13.3464 12.5211 12.4164 11.4683 12.5211 11.5766 10.4315 9.42165 11.4683 10.3733 9.42165 8.22958 10.3733 9.08704 11.4683 10.3733 11.5766 10.4922 10.3733 9.08704 10.4922 9.22753 13.3464 12.5211 12.2895 11.5376 12.5211 11.5766 11.5376 10.6823 12.2895 11.5376 10.0516 9.44647 11.5376 10.6823 9.44647 8.76486 11.5766 10.4922 10.6823 9.70856 10.4922 9.22753 9.70856 8.58622 10.6823 9.70856 8.76486 8.00051 9.70856 8.58622 8.00051 7.13437 8.22958 6.78329 9.08704 7.53392 6.78329 4.97283 7.53392 5.58825 9.08704 7.53392 9.22753 7.71104 7.53392 5.58825 7.71104 5.82194 4.97283 2.68768 5.58825 3.07168 2.68768 0 3.07168 0 5.58825 3.07168 5.82194 3.3026 3.07168 0 3.3026 0 9.22753 7.71104 8.58622 7.25334 7.71104 5.82194 7.25334 5.61913 8.58622 7.25334 7.13437 6.13706 7.25334 5.61913 6.13706 4.90176 5.82194 3.3026 5.61913 3.39925 3.3026 0 3.39925 0 5.61913 3.39925 4.90176 3.43665 3.39925 0 3.43665 0 0 3.70808 1 5.58126 3.70808 5.69767 5.58126 7.23255 1 5.58126 1 7.67908 5.58126 7.23255 7.67908 8.48683 5.69767 6.91362 7.23255 8.41419 6.91362 7.85445 8.41419 9.37194 7.23255 8.41419 8.48683 9.7785 8.41419 9.37194 9.7785 10.7072 1 7.67908 1 9.80895 7.67908 8.48683 9.80895 9.36538 1 9.80895 1 11.7635 9.80895 9.36538 11.7635 9.90014 8.48683 9.7785 9.36538 10.9865 9.7785 10.7072 10.9865 11.8228 9.36538 10.9865 9.90014 12.0279 10.9865 11.8228 12.0279 12.7044 7.85445 8.63281 9.37194 10.1914 8.63281 9.31242 10.1914 10.926 9.37194 10.1914 10.7072 11.565 10.1914 10.926 11.565 12.3378 9.31242 9.91971 10.926 11.59 9.91971 10.4665 11.59 12.1913 10.926 11.59 12.3378 13.0441 11.59 12.1913 13.0441 13.6846 10.7072 11.565 11.8228 12.7379 11.565 12.3378 12.7379 13.5318 11.8228 12.7379 12.7044 13.7042 12.7379 13.5318 13.7042 14.4996 12.3378 13.0441 13.5318 14.2706 13.0441 13.6846 14.2706 14.9364 13.5318 14.2706 14.4996 15.2656 14.2706 14.9364 15.2656 15.944 1 11.7635 1 13.389 11.7635 9.90014 13.389 10.1819 1 13.389 1 14.5929 13.389 10.1819 14.5929 10.3079 9.90014 12.0279 10.1819 12.8835 12.0279 12.7044 12.8835 13.3581 10.1819 12.8835 10.3079 13.5246 12.8835 13.3581 13.5246 13.8025 1 14.5929 1 15.3282 14.5929 10.3079 15.3282 10.3535 1 15.3282 1 15.575 15.3282 10.3535 15.575 10.3638 10.3079 13.5246 10.3535 13.9227 13.5246 13.8025 13.9227 14.0585 10.3535 13.9227 10.3638 14.0577 13.9227 14.0585 14.0577 14.142 12.7044 13.7042 13.3581 14.4615 13.7042 14.4996 14.4615 15.2409 13.3581 14.4615 13.8025 15.0067 14.4615 15.2409 15.0067 15.7612 14.4996 15.2656 15.2409 16.0308 15.2656 15.944 16.0308 16.7119 15.2409 16.0308 15.7612 16.5712 16.0308 16.7119 16.5712 17.2491 13.8025 15.0067 14.0585 15.3359 15.0067 15.7612 15.3359 16.0688 14.0585 15.3359 14.142 15.446 15.3359 16.0688 15.446 16.1704 15.7612 16.5712 16.0688 16.8925 16.5712 17.2491 16.8925 17.5661 16.0688 16.8925 16.1704 16.999 16.8925 17.5661 16.999 17.6707 10.4665 10.9573 12.1913 12.7318 10.9573 11.3932 12.7318 13.2104 12.1913 12.7318 13.6846 14.2595 12.7318 13.2104 14.2595 14.7648 11.3932 11.7731 13.2104 13.6224 11.7731 12.0922 13.6224 13.9572 13.2104 13.6224 14.7648 15.1929 13.6224 13.9572 15.1929 15.5302 13.6846 14.2595 14.9364 15.5317 14.2595 14.7648 15.5317 16.0493 14.9364 15.5317 15.944 16.5493 15.5317 16.0493 16.5493 17.0682 14.7648 15.1929 16.0493 16.4799 15.1929 15.5302 16.4799 16.81 16.0493 16.4799 17.0682 17.4935 16.4799 16.81 17.4935 17.8134 12.0922 12.3384 13.9572 14.1978 12.3384 12.4913 14.1978 14.3254 13.9572 14.1978 15.5302 15.759 14.1978 14.3254 15.759 15.8659 12.4913 12.532 14.3254 14.3333 12.532 12.4622 14.3333 14.2388 14.3254 14.3333 15.8659 15.8543 14.3333 14.2388 15.8543 15.7489 15.5302 15.759 16.81 17.0256 15.759 15.8659 17.0256 17.1205 16.81 17.0256 17.8134 18.0195 17.0256 17.1205 18.0195 18.1116 15.8659 15.8543 17.1205 17.1043 15.8543 15.7489 17.1043 17.0016 17.1205 17.1043 18.1116 18.1013 17.1043 17.0016 18.1013 18.0078 15.944 16.5493 16.7119 17.3203 16.5493 17.0682 17.3203 17.8347 16.7119 17.3203 17.2491 17.8577 17.3203 17.8347 17.8577 18.3659 17.0682 17.4935 17.8347 18.2523 17.4935 17.8134 18.2523 18.5637 17.8347 18.2523 18.3659 18.777 18.2523 18.5637 18.777 19.0833 17.2491 17.8577 17.5661 18.174 17.8577 18.3659 18.174 18.6774 17.5661 18.174 17.6707 18.2783 18.174 18.6774 18.2783 18.78 18.3659 18.777 18.6774 19.0845 18.777 19.0833 19.0845 19.3885 18.6774 19.0845 18.78 19.1858 19.0845 19.3885 19.1858 19.4892 17.8134 18.0195 18.5637 18.766 18.0195 18.1116 18.766 18.8618 18.5637 18.766 19.0833 19.2856 18.766 18.8618 19.2856 19.3877 18.1116 18.1013 18.8618 18.8616 18.1013 18.0078 18.8616 18.7778 18.8618 18.8616 19.3877 19.3971 18.8616 18.7778 19.3971 19.3204 19.0833 19.2856 19.3885 19.5925 19.2856 19.3877 19.5925 19.6997 19.3885 19.5925 19.4892 19.694 19.5925 19.6997 19.694 19.8032 19.3877 19.3971 19.6997 19.7156 19.3971 19.3204 19.7156 19.6427 19.6997 19.7156 19.8032 19.8212 19.7156 19.6427 19.8212 19.7495 12.4622 12.3119 14.2388 14.078 12.3119 12.1211 14.078 13.8817 14.2388 14.078 15.7489 15.5839 14.078 13.8817 15.5839 15.3803 12.1211 11.9115 13.8817 13.6565 11.9115 11.6754 13.6565 13.3849 13.8817 13.6565 15.3803 15.1344 13.6565 13.3849 15.1344 14.8248 15.7489 15.5839 17.0016 16.8383 15.5839 15.3803 16.8383 16.6255 17.0016 16.8383 18.0078 17.8473 16.8383 16.6255 17.8473 17.6228 15.3803 15.1344 16.6255 16.354 15.1344 14.8248 16.354 16.0045 16.6255 16.354 17.6228 17.3243 16.354 16.0045 17.3243 16.937 11.6754 11.3875 13.3849 13.0418 11.3875 11.0253 13.0418 12.6104 13.3849 13.0418 14.8248 14.4294 13.0418 12.6104 14.4294 13.9372 11.0253 10.5793 12.6104 12.0875 10.5793 10.0516 12.0875 11.4784 12.6104 12.0875 13.9372 13.3499 12.0875 11.4784 13.3499 12.6754 14.8248 14.4294 16.0045 15.5605 14.4294 13.9372 15.5605 15.017 16.0045 15.5605 16.937 16.4516 15.5605 15.017 16.4516 15.8681 13.9372 13.3499 15.017 14.3792 13.3499 12.6754 14.3792 13.6564 15.017 14.3792 15.8681 15.1938 14.3792 13.6564 15.1938 14.4393 18.0078 17.8473 18.7778 18.6181 17.8473 17.6228 18.6181 18.3808 18.7778 18.6181 19.3204 19.1594 18.6181 18.3808 19.1594 18.9106 17.6228 17.3243 18.3808 18.0573 17.3243 16.937 18.0573 17.6387 18.3808 18.0573 18.9106 18.5676 18.0573 17.6387 18.5676 18.1262 19.3204 19.1594 19.6427 19.4799 19.1594 18.9106 19.4799 19.2231 19.6427 19.4799 19.7495 19.586 19.4799 19.2231 19.586 19.3264 18.9106 18.5676 19.2231 18.8679 18.5676 18.1262 18.8679 18.413 19.2231 18.8679 19.3264 18.967 18.8679 18.413 18.967 18.5076 16.937 16.4516 17.6387 17.1216 16.4516 15.8681 17.1216 16.5096 17.6387 17.1216 18.1262 17.5874 17.1216 16.5096 17.5874 16.9574 15.8681 15.1938 16.5096 15.8118 15.1938 14.4393 15.8118 15.0393 16.5096 15.8118 16.9574 16.2462 15.8118 15.0393 16.2462 15.4656 18.1262 17.5874 18.413 17.8619 17.5874 16.9574 17.8619 17.2223 18.413 17.8619 18.5076 17.9526 17.8619 17.2223 17.9526 17.31 16.9574 16.2462 17.2223 16.5047 16.2462 15.4656 16.5047 15.7214 17.2223 16.5047 17.31 16.5906 16.5047 15.7214 16.5906 15.8068 10.0516 9.44647 11.4784 10.7898 9.44647 8.76486 10.7898 10.0246 11.4784 10.7898 12.6754 11.9221 10.7898 10.0246 11.9221 11.0952 8.76486 8.00051 10.0246 9.17977 8.00051 7.13437 9.17977 8.24608 10.0246 9.17977 11.0952 10.1966 9.17977 8.24608 10.1966 9.22437 12.6754 11.9221 13.6564 12.8584 11.9221 11.0952 12.8584 11.9931 13.6564 12.8584 14.4393 13.6153 12.8584 11.9931 13.6153 12.7327 11.0952 10.1966 11.9931 11.0675 10.1966 9.22437 11.0675 10.0894 11.9931 11.0675 12.7327 11.8036 11.0675 10.0894 11.8036 10.8445 7.13437 6.13706 8.24608 7.19633 6.13706 4.90176 7.19633 6.01204 8.24608 7.19633 9.22437 8.17465 7.19633 6.01204 8.17465 7.03626 4.90176 3.43665 6.01204 4.48176 3.43665 0 4.48176 2.99012 6.01204 4.48176 7.03626 5.80544 4.48176 2.99012 5.80544 5.03925 9.22437 8.17465 10.0894 9.07146 8.17465 7.03626 9.07146 8.03662 10.0894 9.07146 10.8445 9.88244 9.07146 8.03662 9.88244 8.97032 7.03626 5.80544 8.03662 7.0966 5.80544 5.03925 7.0966 6.646 8.03662 7.0966 8.97032 8.24253 7.0966 6.646 8.24253 7.94297 14.4393 13.6153 15.0393 14.2042 13.6153 12.7327 14.2042 13.32 15.0393 14.2042 15.4656 14.6288 14.2042 13.32 14.6288 13.7512 12.7327 11.8036 13.32 12.403 11.8036 10.8445 12.403 11.4767 13.32 12.403 13.7512 12.8524 12.403 11.4767 12.8524 11.9601 15.4656 14.6288 15.7214 14.8864 14.6288 13.7512 14.8864 14.0164 15.7214 14.8864 15.8068 14.973 14.8864 14.0164 14.973 14.1061 13.7512 12.8524 14.0164 13.1328 12.8524 11.9601 13.1328 12.2652 14.0164 13.1328 14.1061 13.2283 13.1328 12.2652 13.2283 12.3697 10.8445 9.88244 11.4767 10.5782 9.88244 8.97032 10.5782 9.77355 11.4767 10.5782 11.9601 11.1163 10.5782 9.77355 11.1163 10.3887 8.97032 8.24253 9.77355 9.18269 8.24253 7.94297 9.18269 8.95847 9.77355 9.18269 10.3887 9.87816 9.18269 8.95847 9.87816 9.69163 11.9601 11.1163 12.2652 11.4571 11.1163 10.3887 11.4571 10.7739 12.2652 11.4571 12.3697 11.5738 11.4571 10.7739 11.5738 10.9049 10.3887 9.87816 10.7739 10.3044 9.87816 9.69163 10.3044 10.1354 10.7739 10.3044 10.9049 10.4479 10.3044 10.1354 10.4479 10.284 1 15.575 1 15.3282 15.575 10.3638 15.3282 10.3535 1 15.3282 1 14.5929 15.3282 10.3535 14.5929 10.3079 10.3638 14.0577 10.3535 13.9227 14.0577 14.142 13.9227 14.0585 10.3535 13.9227 10.3079 13.5246 13.9227 14.0585 13.5246 13.8025 1 14.5929 1 13.389 14.5929 10.3079 13.389 10.1819 1 13.389 1 11.7635 13.389 10.1819 11.7635 9.90014 10.3079 13.5246 10.1819 12.8835 13.5246 13.8025 12.8835 13.3581 10.1819 12.8835 9.90014 12.0279 12.8835 13.3581 12.0279 12.7044 14.142 15.446 14.0585 15.3359 15.446 16.1704 15.3359 16.0688 14.0585 15.3359 13.8025 15.0067 15.3359 16.0688 15.0067 15.7612 16.1704 16.999 16.0688 16.8925 16.999 17.6707 16.8925 17.5661 16.0688 16.8925 15.7612 16.5712 16.8925 17.5661 16.5712 17.2491 13.8025 15.0067 13.3581 14.4615 15.0067 15.7612 14.4615 15.2409 13.3581 14.4615 12.7044 13.7042 14.4615 15.2409 13.7042 14.4996 15.7612 16.5712 15.2409 16.0308 16.5712 17.2491 16.0308 16.7119 15.2409 16.0308 14.4996 15.2656 16.0308 16.7119 15.2656 15.944 1 11.7635 1 9.80895 11.7635 9.90014 9.80895 9.36538 1 9.80895 1 7.67908 9.80895 9.36538 7.67908 8.48683 9.90014 12.0279 9.36538 10.9865 12.0279 12.7044 10.9865 11.8228 9.36538 10.9865 8.48683 9.7785 10.9865 11.8228 9.7785 10.7072 1 7.67908 1 5.58126 7.67908 8.48683 5.58126 7.23255 1 5.58126 0 3.70808 5.58126 7.23255 3.70808 5.69767 8.48683 9.7785 7.23255 8.41419 9.7785 10.7072 8.41419 9.37194 7.23255 8.41419 5.69767 6.91362 8.41419 9.37194 6.91362 7.85445 12.7044 13.7042 11.8228 12.7379 13.7042 14.4996 12.7379 13.5318 11.8228 12.7379 10.7072 11.565 12.7379 13.5318 11.565 12.3378 14.4996 15.2656 13.5318 14.2706 15.2656 15.944 14.2706 14.9364 13.5318 14.2706 12.3378 13.0441 14.2706 14.9364 13.0441 13.6846 10.7072 11.565 9.37194 10.1914 11.565 12.3378 10.1914 10.926 9.37194 10.1914 7.85445 8.63281 10.1914 10.926 8.63281 9.31242 12.3378 13.0441 10.926 11.59 13.0441 13.6846 11.59 12.1913 10.926 11.59 9.31242 9.91971 11.59 12.1913 9.91971 10.4665 17.6707 18.2783 17.5661 18.174 18.2783 18.78 18.174 18.6774 17.5661 18.174 17.2491 17.8577 18.174 18.6774 17.8577 18.3659 18.78 19.1858 18.6774 19.0845 19.1858 19.4892 19.0845 19.3885 18.6774 19.0845 18.3659 18.777 19.0845 19.3885 18.777 19.0833 17.2491 17.8577 16.7119 17.3203 17.8577 18.3659 17.3203 17.8347 16.7119 17.3203 15.944 16.5493 17.3203 17.8347 16.5493 17.0682 18.3659 18.777 17.8347 18.2523 18.777 19.0833 18.2523 18.5637 17.8347 18.2523 17.0682 17.4935 18.2523 18.5637 17.4935 17.8134 19.4892 19.694 19.3885 19.5925 19.694 19.8032 19.5925 19.6997 19.3885 19.5925 19.0833 19.2856 19.5925 19.6997 19.2856 19.3877 19.8032 19.8212 19.6997 19.7156 19.8212 19.7495 19.7156 19.6427 19.6997 19.7156 19.3877 19.3971 19.7156 19.6427 19.3971 19.3204 19.0833 19.2856 18.5637 18.766 19.2856 19.3877 18.766 18.8618 18.5637 18.766 17.8134 18.0195 18.766 18.8618 18.0195 18.1116 19.3877 19.3971 18.8618 18.8616 19.3971 19.3204 18.8616 18.7778 18.8618 18.8616 18.1116 18.1013 18.8616 18.7778 18.1013 18.0078 15.944 16.5493 14.9364 15.5317 16.5493 17.0682 15.5317 16.0493 14.9364 15.5317 13.6846 14.2595 15.5317 16.0493 14.2595 14.7648 17.0682 17.4935 16.0493 16.4799 17.4935 17.8134 16.4799 16.81 16.0493 16.4799 14.7648 15.1929 16.4799 16.81 15.1929 15.5302 13.6846 14.2595 12.1913 12.7318 14.2595 14.7648 12.7318 13.2104 12.1913 12.7318 10.4665 10.9573 12.7318 13.2104 10.9573 11.3932 14.7648 15.1929 13.2104 13.6224 15.1929 15.5302 13.6224 13.9572 13.2104 13.6224 11.3932 11.7731 13.6224 13.9572 11.7731 12.0922 17.8134 18.0195 16.81 17.0256 18.0195 18.1116 17.0256 17.1205 16.81 17.0256 15.5302 15.759 17.0256 17.1205 15.759 15.8659 18.1116 18.1013 17.1205 17.1043 18.1013 18.0078 17.1043 17.0016 17.1205 17.1043 15.8659 15.8543 17.1043 17.0016 15.8543 15.7489 15.5302 15.759 13.9572 14.1978 15.759 15.8659 14.1978 14.3254 13.9572 14.1978 12.0922 12.3384 14.1978 14.3254 12.3384 12.4913 15.8659 15.8543 14.3254 14.3333 15.8543 15.7489 14.3333 14.2388 14.3254 14.3333 12.4913 12.532 14.3333 14.2388 12.532 12.4622 19.7495 19.586 19.6427 19.4799 19.586 19.3264 19.4799 19.2231 19.6427 19.4799 19.3204 19.1594 19.4799 19.2231 19.1594 18.9106 19.3264 18.967 19.2231 18.8679 18.967 18.5076 18.8679 18.413 19.2231 18.8679 18.9106 18.5676 18.8679 18.413 18.5676 18.1262 19.3204 19.1594 18.7778 18.6181 19.1594 18.9106 18.6181 18.3808 18.7778 18.6181 18.0078 17.8473 18.6181 18.3808 17.8473 17.6228 18.9106 18.5676 18.3808 18.0573 18.5676 18.1262 18.0573 17.6387 18.3808 18.0573 17.6228 17.3243 18.0573 17.6387 17.3243 16.937 18.5076 17.9526 18.413 17.8619 17.9526 17.31 17.8619 17.2223 18.413 17.8619 18.1262 17.5874 17.8619 17.2223 17.5874 16.9574 17.31 16.5906 17.2223 16.5047 16.5906 15.8068 16.5047 15.7214 17.2223 16.5047 16.9574 16.2462 16.5047 15.7214 16.2462 15.4656 18.1262 17.5874 17.6387 17.1216 17.5874 16.9574 17.1216 16.5096 17.6387 17.1216 16.937 16.4516 17.1216 16.5096 16.4516 15.8681 16.9574 16.2462 16.5096 15.8118 16.2462 15.4656 15.8118 15.0393 16.5096 15.8118 15.8681 15.1938 15.8118 15.0393 15.1938 14.4393 18.0078 17.8473 17.0016 16.8383 17.8473 17.6228 16.8383 16.6255 17.0016 16.8383 15.7489 15.5839 16.8383 16.6255 15.5839 15.3803 17.6228 17.3243 16.6255 16.354 17.3243 16.937 16.354 16.0045 16.6255 16.354 15.3803 15.1344 16.354 16.0045 15.1344 14.8248 15.7489 15.5839 14.2388 14.078 15.5839 15.3803 14.078 13.8817 14.2388 14.078 12.4622 12.3119 14.078 13.8817 12.3119 12.1211 15.3803 15.1344 13.8817 13.6565 15.1344 14.8248 13.6565 13.3849 13.8817 13.6565 12.1211 11.9115 13.6565 13.3849 11.9115 11.6754 16.937 16.4516 16.0045 15.5605 16.4516 15.8681 15.5605 15.017 16.0045 15.5605 14.8248 14.4294 15.5605 15.017 14.4294 13.9372 15.8681 15.1938 15.017 14.3792 15.1938 14.4393 14.3792 13.6564 15.017 14.3792 13.9372 13.3499 14.3792 13.6564 13.3499 12.6754 14.8248 14.4294 13.3849 13.0418 14.4294 13.9372 13.0418 12.6104 13.3849 13.0418 11.6754 11.3875 13.0418 12.6104 11.3875 11.0253 13.9372 13.3499 12.6104 12.0875 13.3499 12.6754 12.0875 11.4784 12.6104 12.0875 11.0253 10.5793 12.0875 11.4784 10.5793 10.0516 15.8068 14.973 15.7214 14.8864 14.973 14.1061 14.8864 14.0164 15.7214 14.8864 15.4656 14.6288 14.8864 14.0164 14.6288 13.7512 14.1061 13.2283 14.0164 13.1328 13.2283 12.3697 13.1328 12.2652 14.0164 13.1328 13.7512 12.8524 13.1328 12.2652 12.8524 11.9601 15.4656 14.6288 15.0393 14.2042 14.6288 13.7512 14.2042 13.32 15.0393 14.2042 14.4393 13.6153 14.2042 13.32 13.6153 12.7327 13.7512 12.8524 13.32 12.403 12.8524 11.9601 12.403 11.4767 13.32 12.403 12.7327 11.8036 12.403 11.4767 11.8036 10.8445 12.3697 11.5738 12.2652 11.4571 11.5738 10.9049 11.4571 10.7739 12.2652 11.4571 11.9601 11.1163 11.4571 10.7739 11.1163 10.3887 10.9049 10.4479 10.7739 10.3044 10.4479 10.284 10.3044 10.1354 10.7739 10.3044 10.3887 9.87816 10.3044 10.1354 9.87816 9.69163 11.9601 11.1163 11.4767 10.5782 11.1163 10.3887 10.5782 9.77355 11.4767 10.5782 10.8445 9.88244 10.5782 9.77355 9.88244 8.97032 10.3887 9.87816 9.77355 9.18269 9.87816 9.69163 9.18269 8.95847 9.77355 9.18269 8.97032 8.24253 9.18269 8.95847 8.24253 7.94297 14.4393 13.6153 13.6564 12.8584 13.6153 12.7327 12.8584 11.9931 13.6564 12.8584 12.6754 11.9221 12.8584 11.9931 11.9221 11.0952 12.7327 11.8036 11.9931 11.0675 11.8036 10.8445 11.0675 10.0894 11.9931 11.0675 11.0952 10.1966 11.0675 10.0894 10.1966 9.22437 12.6754 11.9221 11.4784 10.7898 11.9221 11.0952 10.7898 10.0246 11.4784 10.7898 10.0516 9.44647 10.7898 10.0246 9.44647 8.76486 11.0952 10.1966 10.0246 9.17977 10.1966 9.22437 9.17977 8.24608 10.0246 9.17977 8.76486 8.00051 9.17977 8.24608 8.00051 7.13437 10.8445 9.88244 10.0894 9.07146 9.88244 8.97032 9.07146 8.03662 10.0894 9.07146 9.22437 8.17465 9.07146 8.03662 8.17465 7.03626 8.97032 8.24253 8.03662 7.0966 8.24253 7.94297 7.0966 6.646 8.03662 7.0966 7.03626 5.80544 7.0966 6.646 5.80544 5.03925 9.22437 8.17465 8.24608 7.19633 8.17465 7.03626 7.19633 6.01204 8.24608 7.19633 7.13437 6.13706 7.19633 6.01204 6.13706 4.90176 7.03626 5.80544 6.01204 4.48176 5.80544 5.03925 4.48176 2.99012 6.01204 4.48176 4.90176 3.43665 4.48176 2.99012 3.43665 0 0 3.70808 0 3.72118 3.70808 5.69767 3.72118 6.29805 0 3.72118 0 3.61748 3.72118 6.29805 3.61748 6.41519 5.69767 6.91362 6.29805 8.01051 6.91362 7.85445 8.01051 9.29606 6.29805 8.01051 6.41519 8.40498 8.01051 9.29606 8.40498 9.89448 0 3.61748 0 3.35382 3.61748 6.41519 3.35382 6.09777 0 3.35382 0 2.92388 3.35382 6.09777 2.92388 5.39262 6.41519 8.40498 6.09777 8.14159 8.40498 9.89448 8.14159 9.68264 6.09777 8.14159 5.39262 7.28878 8.14159 9.68264 7.28878 8.73174 7.85445 8.63281 9.29606 10.3366 8.63281 9.31242 10.3366 11.2222 9.29606 10.3366 9.89448 11.0848 10.3366 11.2222 11.0848 12.0841 9.31242 9.91971 11.2222 11.9994 9.91971 10.4665 11.9994 12.691 11.2222 11.9994 12.0841 12.9518 11.9994 12.691 12.9518 13.7181 9.89448 11.0848 9.68264 10.9052 11.0848 12.0841 10.9052 11.9228 9.68264 10.9052 8.73174 9.87242 10.9052 11.9228 9.87242 10.8162 12.0841 12.9518 11.9228 12.7998 12.9518 13.7181 12.7998 13.5705 11.9228 12.7998 10.8162 11.6254 12.7998 13.5705 11.6254 12.3337 0 2.92388 0 2.34205 2.92388 5.39262 2.34205 4.35639 0 2.34205 0 1.63571 2.34205 4.35639 1.63571 3.05779 5.39262 7.28878 4.35639 5.935 7.28878 8.73174 5.935 7.14609 4.35639 5.935 3.05779 4.1864 5.935 7.14609 4.1864 5.05745 0 1.63571 0 0.840999 1.63571 3.05779 0.840999 1.57633 0 0.840999 0 0 0.840999 1.57633 0 0 3.05779 4.1864 1.57633 2.16395 4.1864 5.05745 2.16395 2.61911 1.57633 2.16395 0 0 2.16395 2.61911 0 0 8.73174 9.87242 7.14609 8.10206 9.87242 10.8162 8.10206 8.88977 7.14609 8.10206 5.05745 5.74468 8.10206 8.88977 5.74468 6.30942 10.8162 11.6254 8.88977 9.56263 11.6254 12.3337 9.56263 10.15 8.88977 9.56263 6.30942 6.79058 9.56263 10.15 6.79058 7.20984 5.05745 5.74468 2.61911 2.97816 5.74468 6.30942 2.97816 3.27276 2.61911 2.97816 0 0 2.97816 3.27276 0 0 6.30942 6.79058 3.27276 3.52337 6.79058 7.20984 3.52337 3.74148 3.27276 3.52337 0 0 3.52337 3.74148 0 0 10.4665 10.9573 12.691 13.307 10.9573 11.3932 13.307 13.8507 12.691 13.307 13.7181 14.3974 13.307 13.8507 14.3974 14.9945 11.3932 11.7731 13.8507 14.3209 11.7731 12.0922 14.3209 14.712 13.8507 14.3209 14.9945 15.5088 14.3209 14.712 15.5088 15.9342 13.7181 14.3974 13.5705 14.2512 14.3974 14.9945 14.2512 14.8479 13.5705 14.2512 12.3337 12.9577 14.2512 14.8479 12.9577 13.5037 14.9945 15.5088 14.8479 15.3604 15.5088 15.9342 15.3604 15.783 14.8479 15.3604 13.5037 13.9717 15.3604 15.783 13.9717 14.357 12.0922 12.3384 14.712 15.0118 12.3384 12.4913 15.0118 15.2034 14.712 15.0118 15.9342 16.2598 15.0118 15.2034 16.2598 16.4715 12.4913 12.532 15.2034 15.2733 12.532 12.4622 15.2733 15.2249 15.2034 15.2733 16.4715 16.56 15.2733 15.2249 16.56 16.5288 15.9342 16.2598 15.783 16.1064 16.2598 16.4715 16.1064 16.3192 15.783 16.1064 14.357 14.6517 16.1064 16.3192 14.6517 14.8474 16.4715 16.56 16.3192 16.4148 16.56 16.5288 16.4148 16.3967 16.3192 16.4148 14.8474 14.9392 16.4148 16.3967 14.9392 14.9302 12.3337 12.9577 10.15 10.6665 12.9577 13.5037 10.6665 11.1178 10.15 10.6665 7.20984 7.57799 10.6665 11.1178 7.57799 7.89931 13.5037 13.9717 11.1178 11.504 13.9717 14.357 11.504 11.8216 11.1178 11.504 7.89931 8.17409 11.504 11.8216 8.17409 8.39991 7.20984 7.57799 3.74148 3.93284 7.57799 7.89931 3.93284 4.09977 3.74148 3.93284 0 0 3.93284 4.09977 0 0 7.89931 8.17409 4.09977 4.24243 8.17409 8.39991 4.24243 4.35964 4.09977 4.24243 0 0 4.24243 4.35964 0 0 14.357 14.6517 11.8216 12.0647 14.6517 14.8474 12.0647 12.227 11.8216 12.0647 8.39991 8.57278 12.0647 12.227 8.57278 8.68861 14.8474 14.9392 12.227 12.3052 14.9392 14.9302 12.3052 12.3018 12.227 12.3052 8.68861 8.74534 12.3052 12.3018 8.74534 8.74471 8.39991 8.57278 4.35964 4.44937 8.57278 8.68861 4.44937 4.50961 4.35964 4.44937 0 0 4.44937 4.50961 0 0 8.68861 8.74534 4.50961 4.53938 8.74534 8.74471 4.53938 4.53955 4.50961 4.53938 0 0 4.53938 4.53955 0 0 12.4622 12.3119 15.2249 15.0821 12.3119 12.1211 15.0821 14.876 15.2249 15.0821 16.5288 16.3972 15.0821 14.876 16.3972 16.1891 12.1211 11.9115 14.876 14.6244 11.9115 11.6754 14.6244 14.3232 14.876 14.6244 16.1891 15.9192 14.6244 14.3232 15.9192 15.5854 16.5288 16.3972 16.3967 16.2799 16.3972 16.1891 16.2799 16.083 16.3967 16.2799 14.9302 14.8318 16.2799 16.083 14.8318 14.6581 16.1891 15.9192 16.083 15.8175 15.9192 15.5854 15.8175 15.4828 16.083 15.8175 14.6581 14.4178 15.8175 15.4828 14.4178 14.111 11.6754 11.3875 14.3232 13.9535 11.3875 11.0253 13.9535 13.4966 14.3232 13.9535 15.5854 15.1738 13.9535 13.4966 15.1738 14.669 11.0253 10.5793 13.4966 12.9425 10.5793 10.0516 12.9425 12.2895 13.4966 12.9425 14.669 14.0612 12.9425 12.2895 14.0612 13.3464 15.5854 15.1738 15.4828 15.0684 15.1738 14.669 15.0684 14.5621 15.4828 15.0684 14.111 13.7303 15.0684 14.5621 13.7303 13.266 14.669 14.0612 14.5621 13.9549 14.0612 13.3464 13.9549 13.2415 14.5621 13.9549 13.266 12.7104 13.9549 13.2415 12.7104 12.0579 14.9302 14.8318 12.3018 12.225 14.8318 14.6581 12.225 12.0848 12.3018 12.225 8.74471 8.692 12.225 12.0848 8.692 8.59368 14.6581 14.4178 12.0848 11.8878 14.4178 14.111 11.8878 11.634 12.0848 11.8878 8.59368 8.45402 11.8878 11.634 8.45402 8.27327 8.74471 8.692 4.53955 4.51272 8.692 8.59368 4.51272 4.46207 4.53955 4.51272 0 0 4.51272 4.46207 0 0 8.59368 8.45402 4.46207 4.38969 8.45402 8.27327 4.38969 4.29576 4.46207 4.38969 0 0 4.38969 4.29576 0 0 14.111 13.7303 11.634 11.3185 13.7303 13.266 11.3185 10.9341 11.634 11.3185 8.27327 8.04818 11.3185 10.9341 8.04818 7.77414 13.266 12.7104 10.9341 10.4748 12.7104 12.0579 10.4748 9.93548 10.9341 10.4748 7.77414 7.4469 10.4748 9.93548 7.4469 7.06277 8.27327 8.04818 4.29576 4.1787 8.04818 7.77414 4.1787 4.03623 4.29576 4.1787 0 0 4.1787 4.03623 0 0 7.77414 7.4469 4.03623 3.86616 7.4469 7.06277 3.86616 3.66654 4.03623 3.86616 0 0 3.86616 3.66654 0 0 10.0516 9.44647 12.2895 11.5376 9.44647 8.76486 11.5376 10.6823 12.2895 11.5376 13.3464 12.5211 11.5376 10.6823 12.5211 11.5766 8.76486 8.00051 10.6823 9.70856 8.00051 7.13437 9.70856 8.58622 10.6823 9.70856 11.5766 10.4922 9.70856 8.58622 10.4922 9.22753 13.3464 12.5211 13.2415 12.4164 12.5211 11.5766 12.4164 11.4683 13.2415 12.4164 12.0579 11.3023 12.4164 11.4683 11.3023 10.4315 11.5766 10.4922 11.4683 10.3733 10.4922 9.22753 10.3733 9.08704 11.4683 10.3733 10.4315 9.42165 10.3733 9.08704 9.42165 8.22958 7.13437 6.13706 8.58622 7.25334 6.13706 4.90176 7.25334 5.61913 8.58622 7.25334 9.22753 7.71104 7.25334 5.61913 7.71104 5.82194 4.90176 3.43665 5.61913 3.39925 3.43665 0 3.39925 0 5.61913 3.39925 5.82194 3.3026 3.39925 0 3.3026 0 9.22753 7.71104 9.08704 7.53392 7.71104 5.82194 7.53392 5.58825 9.08704 7.53392 8.22958 6.78329 7.53392 5.58825 6.78329 4.97283 5.82194 3.3026 5.58825 3.07168 3.3026 0 3.07168 0 5.58825 3.07168 4.97283 2.68768 3.07168 0 2.68768 0 12.0579 11.3023 9.93548 9.31032 11.3023 10.4315 9.31032 8.58838 9.93548 9.31032 7.06277 6.61718 9.31032 8.58838 6.61718 6.10189 10.4315 9.42165 8.58838 7.74876 9.42165 8.22958 7.74876 6.75423 8.58838 7.74876 6.10189 5.50143 7.74876 6.75423 5.50143 4.78858 7.06277 6.61718 3.66654 3.43488 6.61718 6.10189 3.43488 3.16678 3.66654 3.43488 0 0 3.43488 3.16678 0 0 6.10189 5.50143 3.16678 2.85401 5.50143 4.78858 2.85401 2.4822 3.16678 2.85401 0 0 2.85401 2.4822 0 0 8.22958 6.78329 6.75423 5.54406 6.78329 4.97283 5.54406 4.03364 6.75423 5.54406 4.78858 3.91975 5.54406 4.03364 3.91975 2.83856 4.97283 2.68768 4.03364 2.15945 2.68768 0 2.15945 0 4.03364 2.15945 2.83856 1.51153 2.15945 0 1.51153 0 4.78858 3.91975 2.4822 2.02868 3.91975 2.83856 2.02868 1.46542 2.4822 2.02868 0 0 2.02868 1.46542 0 0 2.83856 1.51153 1.46542 0.778193 1.51153 0 0.778193 0 1.46542 0.778193 0 0 0.778193 0 0 0 
