# vtk DataFile Version 3.0
#This file was generated by the deal.II library on 2025/2/16 at 14:28:26
ASCII
DATASET UNSTRUCTURED_GRID

POINTS 4096 double
-5 -2 0
-4.6875 -2 0
-5 -1.875 0
-4.6875 -1.875 0
-4.6875 -2 0
-4.375 -2 0
-4.6875 -1.875 0
-4.375 -1.875 0
-5 -1.875 0
-4.6875 -1.875 0
-5 -1.75 0
-4.6875 -1.75 0
-4.6875 -1.875 0
-4.375 -1.875 0
-4.6875 -1.75 0
-4.375 -1.75 0
-4.375 -2 0
-4.0625 -2 0
-4.375 -1.875 0
-4.0625 -1.875 0
-4.0625 -2 0
-3.75 -2 0
-4.0625 -1.875 0
-3.75 -1.875 0
-4.375 -1.875 0
-4.0625 -1.875 0
-4.375 -1.75 0
-4.0625 -1.75 0
-4.0625 -1.875 0
-3.75 -1.875 0
-4.0625 -1.75 0
-3.75 -1.75 0
-5 -1.75 0
-4.6875 -1.75 0
-5 -1.625 0
-4.6875 -1.625 0
-4.6875 -1.75 0
-4.375 -1.75 0
-4.6875 -1.625 0
-4.375 -1.625 0
-5 -1.625 0
-4.6875 -1.625 0
-5 -1.5 0
-4.6875 -1.5 0
-4.6875 -1.625 0
-4.375 -1.625 0
-4.6875 -1.5 0
-4.375 -1.5 0
-4.375 -1.75 0
-4.0625 -1.75 0
-4.375 -1.625 0
-4.0625 -1.625 0
-4.0625 -1.75 0
-3.75 -1.75 0
-4.0625 -1.625 0
-3.75 -1.625 0
-4.375 -1.625 0
-4.0625 -1.625 0
-4.375 -1.5 0
-4.0625 -1.5 0
-4.0625 -1.625 0
-3.75 -1.625 0
-4.0625 -1.5 0
-3.75 -1.5 0
-3.75 -2 0
-3.4375 -2 0
-3.75 -1.875 0
-3.4375 -1.875 0
-3.4375 -2 0
-3.125 -2 0
-3.4375 -1.875 0
-3.125 -1.875 0
-3.75 -1.875 0
-3.4375 -1.875 0
-3.75 -1.75 0
-3.4375 -1.75 0
-3.4375 -1.875 0
-3.125 -1.875 0
-3.4375 -1.75 0
-3.125 -1.75 0
-3.125 -2 0
-2.8125 -2 0
-3.125 -1.875 0
-2.8125 -1.875 0
-2.8125 -2 0
-2.5 -2 0
-2.8125 -1.875 0
-2.5 -1.875 0
-3.125 -1.875 0
-2.8125 -1.875 0
-3.125 -1.75 0
-2.8125 -1.75 0
-2.8125 -1.875 0
-2.5 -1.875 0
-2.8125 -1.75 0
-2.5 -1.75 0
-3.75 -1.75 0
-3.4375 -1.75 0
-3.75 -1.625 0
-3.4375 -1.625 0
-3.4375 -1.75 0
-3.125 -1.75 0
-3.4375 -1.625 0
-3.125 -1.625 0
-3.75 -1.625 0
-3.4375 -1.625 0
-3.75 -1.5 0
-3.4375 -1.5 0
-3.4375 -1.625 0
-3.125 -1.625 0
-3.4375 -1.5 0
-3.125 -1.5 0
-3.125 -1.75 0
-2.8125 -1.75 0
-3.125 -1.625 0
-2.8125 -1.625 0
-2.8125 -1.75 0
-2.5 -1.75 0
-2.8125 -1.625 0
-2.5 -1.625 0
-3.125 -1.625 0
-2.8125 -1.625 0
-3.125 -1.5 0
-2.8125 -1.5 0
-2.8125 -1.625 0
-2.5 -1.625 0
-2.8125 -1.5 0
-2.5 -1.5 0
-5 -1.5 0
-4.6875 -1.5 0
-5 -1.375 0
-4.6875 -1.375 0
-4.6875 -1.5 0
-4.375 -1.5 0
-4.6875 -1.375 0
-4.375 -1.375 0
-5 -1.375 0
-4.6875 -1.375 0
-5 -1.25 0
-4.6875 -1.25 0
-4.6875 -1.375 0
-4.375 -1.375 0
-4.6875 -1.25 0
-4.375 -1.25 0
-4.375 -1.5 0
-4.0625 -1.5 0
-4.375 -1.375 0
-4.0625 -1.375 0
-4.0625 -1.5 0
-3.75 -1.5 0
-4.0625 -1.375 0
-3.75 -1.375 0
-4.375 -1.375 0
-4.0625 -1.375 0
-4.375 -1.25 0
-4.0625 -1.25 0
-4.0625 -1.375 0
-3.75 -1.375 0
-4.0625 -1.25 0
-3.75 -1.25 0
-5 -1.25 0
-4.6875 -1.25 0
-5 -1.125 0
-4.6875 -1.125 0
-4.6875 -1.25 0
-4.375 -1.25 0
-4.6875 -1.125 0
-4.375 -1.125 0
-5 -1.125 0
-4.6875 -1.125 0
-5 -1 0
-4.6875 -1 0
-4.6875 -1.125 0
-4.375 -1.125 0
-4.6875 -1 0
-4.375 -1 0
-4.375 -1.25 0
-4.0625 -1.25 0
-4.375 -1.125 0
-4.0625 -1.125 0
-4.0625 -1.25 0
-3.75 -1.25 0
-4.0625 -1.125 0
-3.75 -1.125 0
-4.375 -1.125 0
-4.0625 -1.125 0
-4.375 -1 0
-4.0625 -1 0
-4.0625 -1.125 0
-3.75 -1.125 0
-4.0625 -1 0
-3.75 -1 0
-3.75 -1.5 0
-3.4375 -1.5 0
-3.75 -1.375 0
-3.4375 -1.375 0
-3.4375 -1.5 0
-3.125 -1.5 0
-3.4375 -1.375 0
-3.125 -1.375 0
-3.75 -1.375 0
-3.4375 -1.375 0
-3.75 -1.25 0
-3.4375 -1.25 0
-3.4375 -1.375 0
-3.125 -1.375 0
-3.4375 -1.25 0
-3.125 -1.25 0
-3.125 -1.5 0
-2.8125 -1.5 0
-3.125 -1.375 0
-2.8125 -1.375 0
-2.8125 -1.5 0
-2.5 -1.5 0
-2.8125 -1.375 0
-2.5 -1.375 0
-3.125 -1.375 0
-2.8125 -1.375 0
-3.125 -1.25 0
-2.8125 -1.25 0
-2.8125 -1.375 0
-2.5 -1.375 0
-2.8125 -1.25 0
-2.5 -1.25 0
-3.75 -1.25 0
-3.4375 -1.25 0
-3.75 -1.125 0
-3.4375 -1.125 0
-3.4375 -1.25 0
-3.125 -1.25 0
-3.4375 -1.125 0
-3.125 -1.125 0
-3.75 -1.125 0
-3.4375 -1.125 0
-3.75 -1 0
-3.4375 -1 0
-3.4375 -1.125 0
-3.125 -1.125 0
-3.4375 -1 0
-3.125 -1 0
-3.125 -1.25 0
-2.8125 -1.25 0
-3.125 -1.125 0
-2.8125 -1.125 0
-2.8125 -1.25 0
-2.5 -1.25 0
-2.8125 -1.125 0
-2.5 -1.125 0
-3.125 -1.125 0
-2.8125 -1.125 0
-3.125 -1 0
-2.8125 -1 0
-2.8125 -1.125 0
-2.5 -1.125 0
-2.8125 -1 0
-2.5 -1 0
-2.5 -2 0
-2.1875 -2 0
-2.5 -1.875 0
-2.1875 -1.875 0
-2.1875 -2 0
-1.875 -2 0
-2.1875 -1.875 0
-1.875 -1.875 0
-2.5 -1.875 0
-2.1875 -1.875 0
-2.5 -1.75 0
-2.1875 -1.75 0
-2.1875 -1.875 0
-1.875 -1.875 0
-2.1875 -1.75 0
-1.875 -1.75 0
-1.875 -2 0
-1.5625 -2 0
-1.875 -1.875 0
-1.5625 -1.875 0
-1.5625 -2 0
-1.25 -2 0
-1.5625 -1.875 0
-1.25 -1.875 0
-1.875 -1.875 0
-1.5625 -1.875 0
-1.875 -1.75 0
-1.5625 -1.75 0
-1.5625 -1.875 0
-1.25 -1.875 0
-1.5625 -1.75 0
-1.25 -1.75 0
-2.5 -1.75 0
-2.1875 -1.75 0
-2.5 -1.625 0
-2.1875 -1.625 0
-2.1875 -1.75 0
-1.875 -1.75 0
-2.1875 -1.625 0
-1.875 -1.625 0
-2.5 -1.625 0
-2.1875 -1.625 0
-2.5 -1.5 0
-2.1875 -1.5 0
-2.1875 -1.625 0
-1.875 -1.625 0
-2.1875 -1.5 0
-1.875 -1.5 0
-1.875 -1.75 0
-1.5625 -1.75 0
-1.875 -1.625 0
-1.5625 -1.625 0
-1.5625 -1.75 0
-1.25 -1.75 0
-1.5625 -1.625 0
-1.25 -1.625 0
-1.875 -1.625 0
-1.5625 -1.625 0
-1.875 -1.5 0
-1.5625 -1.5 0
-1.5625 -1.625 0
-1.25 -1.625 0
-1.5625 -1.5 0
-1.25 -1.5 0
-1.25 -2 0
-0.9375 -2 0
-1.25 -1.875 0
-0.9375 -1.875 0
-0.9375 -2 0
-0.625 -2 0
-0.9375 -1.875 0
-0.625 -1.875 0
-1.25 -1.875 0
-0.9375 -1.875 0
-1.25 -1.75 0
-0.9375 -1.75 0
-0.9375 -1.875 0
-0.625 -1.875 0
-0.9375 -1.75 0
-0.625 -1.75 0
-0.625 -2 0
-0.3125 -2 0
-0.625 -1.875 0
-0.3125 -1.875 0
-0.3125 -2 0
0 -2 0
-0.3125 -1.875 0
0 -1.875 0
-0.625 -1.875 0
-0.3125 -1.875 0
-0.625 -1.75 0
-0.3125 -1.75 0
-0.3125 -1.875 0
0 -1.875 0
-0.3125 -1.75 0
0 -1.75 0
-1.25 -1.75 0
-0.9375 -1.75 0
-1.25 -1.625 0
-0.9375 -1.625 0
-0.9375 -1.75 0
-0.625 -1.75 0
-0.9375 -1.625 0
-0.625 -1.625 0
-1.25 -1.625 0
-0.9375 -1.625 0
-1.25 -1.5 0
-0.9375 -1.5 0
-0.9375 -1.625 0
-0.625 -1.625 0
-0.9375 -1.5 0
-0.625 -1.5 0
-0.625 -1.75 0
-0.3125 -1.75 0
-0.625 -1.625 0
-0.3125 -1.625 0
-0.3125 -1.75 0
0 -1.75 0
-0.3125 -1.625 0
0 -1.625 0
-0.625 -1.625 0
-0.3125 -1.625 0
-0.625 -1.5 0
-0.3125 -1.5 0
-0.3125 -1.625 0
0 -1.625 0
-0.3125 -1.5 0
0 -1.5 0
-2.5 -1.5 0
-2.1875 -1.5 0
-2.5 -1.375 0
-2.1875 -1.375 0
-2.1875 -1.5 0
-1.875 -1.5 0
-2.1875 -1.375 0
-1.875 -1.375 0
-2.5 -1.375 0
-2.1875 -1.375 0
-2.5 -1.25 0
-2.1875 -1.25 0
-2.1875 -1.375 0
-1.875 -1.375 0
-2.1875 -1.25 0
-1.875 -1.25 0
-1.875 -1.5 0
-1.5625 -1.5 0
-1.875 -1.375 0
-1.5625 -1.375 0
-1.5625 -1.5 0
-1.25 -1.5 0
-1.5625 -1.375 0
-1.25 -1.375 0
-1.875 -1.375 0
-1.5625 -1.375 0
-1.875 -1.25 0
-1.5625 -1.25 0
-1.5625 -1.375 0
-1.25 -1.375 0
-1.5625 -1.25 0
-1.25 -1.25 0
-2.5 -1.25 0
-2.1875 -1.25 0
-2.5 -1.125 0
-2.1875 -1.125 0
-2.1875 -1.25 0
-1.875 -1.25 0
-2.1875 -1.125 0
-1.875 -1.125 0
-2.5 -1.125 0
-2.1875 -1.125 0
-2.5 -1 0
-2.1875 -1 0
-2.1875 -1.125 0
-1.875 -1.125 0
-2.1875 -1 0
-1.875 -1 0
-1.875 -1.25 0
-1.5625 -1.25 0
-1.875 -1.125 0
-1.5625 -1.125 0
-1.5625 -1.25 0
-1.25 -1.25 0
-1.5625 -1.125 0
-1.25 -1.125 0
-1.875 -1.125 0
-1.5625 -1.125 0
-1.875 -1 0
-1.5625 -1 0
-1.5625 -1.125 0
-1.25 -1.125 0
-1.5625 -1 0
-1.25 -1 0
-1.25 -1.5 0
-0.9375 -1.5 0
-1.25 -1.375 0
-0.9375 -1.375 0
-0.9375 -1.5 0
-0.625 -1.5 0
-0.9375 -1.375 0
-0.625 -1.375 0
-1.25 -1.375 0
-0.9375 -1.375 0
-1.25 -1.25 0
-0.9375 -1.25 0
-0.9375 -1.375 0
-0.625 -1.375 0
-0.9375 -1.25 0
-0.625 -1.25 0
-0.625 -1.5 0
-0.3125 -1.5 0
-0.625 -1.375 0
-0.3125 -1.375 0
-0.3125 -1.5 0
0 -1.5 0
-0.3125 -1.375 0
0 -1.375 0
-0.625 -1.375 0
-0.3125 -1.375 0
-0.625 -1.25 0
-0.3125 -1.25 0
-0.3125 -1.375 0
0 -1.375 0
-0.3125 -1.25 0
0 -1.25 0
-1.25 -1.25 0
-0.9375 -1.25 0
-1.25 -1.125 0
-0.9375 -1.125 0
-0.9375 -1.25 0
-0.625 -1.25 0
-0.9375 -1.125 0
-0.625 -1.125 0
-1.25 -1.125 0
-0.9375 -1.125 0
-1.25 -1 0
-0.9375 -1 0
-0.9375 -1.125 0
-0.625 -1.125 0
-0.9375 -1 0
-0.625 -1 0
-0.625 -1.25 0
-0.3125 -1.25 0
-0.625 -1.125 0
-0.3125 -1.125 0
-0.3125 -1.25 0
0 -1.25 0
-0.3125 -1.125 0
0 -1.125 0
-0.625 -1.125 0
-0.3125 -1.125 0
-0.625 -1 0
-0.3125 -1 0
-0.3125 -1.125 0
0 -1.125 0
-0.3125 -1 0
0 -1 0
0 -2 0
0.3125 -2 0
0 -1.875 0
0.3125 -1.875 0
0.3125 -2 0
0.625 -2 0
0.3125 -1.875 0
0.625 -1.875 0
0 -1.875 0
0.3125 -1.875 0
0 -1.75 0
0.3125 -1.75 0
0.3125 -1.875 0
0.625 -1.875 0
0.3125 -1.75 0
0.625 -1.75 0
0.625 -2 0
0.9375 -2 0
0.625 -1.875 0
0.9375 -1.875 0
0.9375 -2 0
1.25 -2 0
0.9375 -1.875 0
1.25 -1.875 0
0.625 -1.875 0
0.9375 -1.875 0
0.625 -1.75 0
0.9375 -1.75 0
0.9375 -1.875 0
1.25 -1.875 0
0.9375 -1.75 0
1.25 -1.75 0
0 -1.75 0
0.3125 -1.75 0
0 -1.625 0
0.3125 -1.625 0
0.3125 -1.75 0
0.625 -1.75 0
0.3125 -1.625 0
0.625 -1.625 0
0 -1.625 0
0.3125 -1.625 0
0 -1.5 0
0.3125 -1.5 0
0.3125 -1.625 0
0.625 -1.625 0
0.3125 -1.5 0
0.625 -1.5 0
0.625 -1.75 0
0.9375 -1.75 0
0.625 -1.625 0
0.9375 -1.625 0
0.9375 -1.75 0
1.25 -1.75 0
0.9375 -1.625 0
1.25 -1.625 0
0.625 -1.625 0
0.9375 -1.625 0
0.625 -1.5 0
0.9375 -1.5 0
0.9375 -1.625 0
1.25 -1.625 0
0.9375 -1.5 0
1.25 -1.5 0
1.25 -2 0
1.5625 -2 0
1.25 -1.875 0
1.5625 -1.875 0
1.5625 -2 0
1.875 -2 0
1.5625 -1.875 0
1.875 -1.875 0
1.25 -1.875 0
1.5625 -1.875 0
1.25 -1.75 0
1.5625 -1.75 0
1.5625 -1.875 0
1.875 -1.875 0
1.5625 -1.75 0
1.875 -1.75 0
1.875 -2 0
2.1875 -2 0
1.875 -1.875 0
2.1875 -1.875 0
2.1875 -2 0
2.5 -2 0
2.1875 -1.875 0
2.5 -1.875 0
1.875 -1.875 0
2.1875 -1.875 0
1.875 -1.75 0
2.1875 -1.75 0
2.1875 -1.875 0
2.5 -1.875 0
2.1875 -1.75 0
2.5 -1.75 0
1.25 -1.75 0
1.5625 -1.75 0
1.25 -1.625 0
1.5625 -1.625 0
1.5625 -1.75 0
1.875 -1.75 0
1.5625 -1.625 0
1.875 -1.625 0
1.25 -1.625 0
1.5625 -1.625 0
1.25 -1.5 0
1.5625 -1.5 0
1.5625 -1.625 0
1.875 -1.625 0
1.5625 -1.5 0
1.875 -1.5 0
1.875 -1.75 0
2.1875 -1.75 0
1.875 -1.625 0
2.1875 -1.625 0
2.1875 -1.75 0
2.5 -1.75 0
2.1875 -1.625 0
2.5 -1.625 0
1.875 -1.625 0
2.1875 -1.625 0
1.875 -1.5 0
2.1875 -1.5 0
2.1875 -1.625 0
2.5 -1.625 0
2.1875 -1.5 0
2.5 -1.5 0
0 -1.5 0
0.3125 -1.5 0
0 -1.375 0
0.3125 -1.375 0
0.3125 -1.5 0
0.625 -1.5 0
0.3125 -1.375 0
0.625 -1.375 0
0 -1.375 0
0.3125 -1.375 0
0 -1.25 0
0.3125 -1.25 0
0.3125 -1.375 0
0.625 -1.375 0
0.3125 -1.25 0
0.625 -1.25 0
0.625 -1.5 0
0.9375 -1.5 0
0.625 -1.375 0
0.9375 -1.375 0
0.9375 -1.5 0
1.25 -1.5 0
0.9375 -1.375 0
1.25 -1.375 0
0.625 -1.375 0
0.9375 -1.375 0
0.625 -1.25 0
0.9375 -1.25 0
0.9375 -1.375 0
1.25 -1.375 0
0.9375 -1.25 0
1.25 -1.25 0
0 -1.25 0
0.3125 -1.25 0
0 -1.125 0
0.3125 -1.125 0
0.3125 -1.25 0
0.625 -1.25 0
0.3125 -1.125 0
0.625 -1.125 0
0 -1.125 0
0.3125 -1.125 0
0 -1 0
0.3125 -1 0
0.3125 -1.125 0
0.625 -1.125 0
0.3125 -1 0
0.625 -1 0
0.625 -1.25 0
0.9375 -1.25 0
0.625 -1.125 0
0.9375 -1.125 0
0.9375 -1.25 0
1.25 -1.25 0
0.9375 -1.125 0
1.25 -1.125 0
0.625 -1.125 0
0.9375 -1.125 0
0.625 -1 0
0.9375 -1 0
0.9375 -1.125 0
1.25 -1.125 0
0.9375 -1 0
1.25 -1 0
1.25 -1.5 0
1.5625 -1.5 0
1.25 -1.375 0
1.5625 -1.375 0
1.5625 -1.5 0
1.875 -1.5 0
1.5625 -1.375 0
1.875 -1.375 0
1.25 -1.375 0
1.5625 -1.375 0
1.25 -1.25 0
1.5625 -1.25 0
1.5625 -1.375 0
1.875 -1.375 0
1.5625 -1.25 0
1.875 -1.25 0
1.875 -1.5 0
2.1875 -1.5 0
1.875 -1.375 0
2.1875 -1.375 0
2.1875 -1.5 0
2.5 -1.5 0
2.1875 -1.375 0
2.5 -1.375 0
1.875 -1.375 0
2.1875 -1.375 0
1.875 -1.25 0
2.1875 -1.25 0
2.1875 -1.375 0
2.5 -1.375 0
2.1875 -1.25 0
2.5 -1.25 0
1.25 -1.25 0
1.5625 -1.25 0
1.25 -1.125 0
1.5625 -1.125 0
1.5625 -1.25 0
1.875 -1.25 0
1.5625 -1.125 0
1.875 -1.125 0
1.25 -1.125 0
1.5625 -1.125 0
1.25 -1 0
1.5625 -1 0
1.5625 -1.125 0
1.875 -1.125 0
1.5625 -1 0
1.875 -1 0
1.875 -1.25 0
2.1875 -1.25 0
1.875 -1.125 0
2.1875 -1.125 0
2.1875 -1.25 0
2.5 -1.25 0
2.1875 -1.125 0
2.5 -1.125 0
1.875 -1.125 0
2.1875 -1.125 0
1.875 -1 0
2.1875 -1 0
2.1875 -1.125 0
2.5 -1.125 0
2.1875 -1 0
2.5 -1 0
2.5 -2 0
2.8125 -2 0
2.5 -1.875 0
2.8125 -1.875 0
2.8125 -2 0
3.125 -2 0
2.8125 -1.875 0
3.125 -1.875 0
2.5 -1.875 0
2.8125 -1.875 0
2.5 -1.75 0
2.8125 -1.75 0
2.8125 -1.875 0
3.125 -1.875 0
2.8125 -1.75 0
3.125 -1.75 0
3.125 -2 0
3.4375 -2 0
3.125 -1.875 0
3.4375 -1.875 0
3.4375 -2 0
3.75 -2 0
3.4375 -1.875 0
3.75 -1.875 0
3.125 -1.875 0
3.4375 -1.875 0
3.125 -1.75 0
3.4375 -1.75 0
3.4375 -1.875 0
3.75 -1.875 0
3.4375 -1.75 0
3.75 -1.75 0
2.5 -1.75 0
2.8125 -1.75 0
2.5 -1.625 0
2.8125 -1.625 0
2.8125 -1.75 0
3.125 -1.75 0
2.8125 -1.625 0
3.125 -1.625 0
2.5 -1.625 0
2.8125 -1.625 0
2.5 -1.5 0
2.8125 -1.5 0
2.8125 -1.625 0
3.125 -1.625 0
2.8125 -1.5 0
3.125 -1.5 0
3.125 -1.75 0
3.4375 -1.75 0
3.125 -1.625 0
3.4375 -1.625 0
3.4375 -1.75 0
3.75 -1.75 0
3.4375 -1.625 0
3.75 -1.625 0
3.125 -1.625 0
3.4375 -1.625 0
3.125 -1.5 0
3.4375 -1.5 0
3.4375 -1.625 0
3.75 -1.625 0
3.4375 -1.5 0
3.75 -1.5 0
3.75 -2 0
4.0625 -2 0
3.75 -1.875 0
4.0625 -1.875 0
4.0625 -2 0
4.375 -2 0
4.0625 -1.875 0
4.375 -1.875 0
3.75 -1.875 0
4.0625 -1.875 0
3.75 -1.75 0
4.0625 -1.75 0
4.0625 -1.875 0
4.375 -1.875 0
4.0625 -1.75 0
4.375 -1.75 0
4.375 -2 0
4.6875 -2 0
4.375 -1.875 0
4.6875 -1.875 0
4.6875 -2 0
5 -2 0
4.6875 -1.875 0
5 -1.875 0
4.375 -1.875 0
4.6875 -1.875 0
4.375 -1.75 0
4.6875 -1.75 0
4.6875 -1.875 0
5 -1.875 0
4.6875 -1.75 0
5 -1.75 0
3.75 -1.75 0
4.0625 -1.75 0
3.75 -1.625 0
4.0625 -1.625 0
4.0625 -1.75 0
4.375 -1.75 0
4.0625 -1.625 0
4.375 -1.625 0
3.75 -1.625 0
4.0625 -1.625 0
3.75 -1.5 0
4.0625 -1.5 0
4.0625 -1.625 0
4.375 -1.625 0
4.0625 -1.5 0
4.375 -1.5 0
4.375 -1.75 0
4.6875 -1.75 0
4.375 -1.625 0
4.6875 -1.625 0
4.6875 -1.75 0
5 -1.75 0
4.6875 -1.625 0
5 -1.625 0
4.375 -1.625 0
4.6875 -1.625 0
4.375 -1.5 0
4.6875 -1.5 0
4.6875 -1.625 0
5 -1.625 0
4.6875 -1.5 0
5 -1.5 0
2.5 -1.5 0
2.8125 -1.5 0
2.5 -1.375 0
2.8125 -1.375 0
2.8125 -1.5 0
3.125 -1.5 0
2.8125 -1.375 0
3.125 -1.375 0
2.5 -1.375 0
2.8125 -1.375 0
2.5 -1.25 0
2.8125 -1.25 0
2.8125 -1.375 0
3.125 -1.375 0
2.8125 -1.25 0
3.125 -1.25 0
3.125 -1.5 0
3.4375 -1.5 0
3.125 -1.375 0
3.4375 -1.375 0
3.4375 -1.5 0
3.75 -1.5 0
3.4375 -1.375 0
3.75 -1.375 0
3.125 -1.375 0
3.4375 -1.375 0
3.125 -1.25 0
3.4375 -1.25 0
3.4375 -1.375 0
3.75 -1.375 0
3.4375 -1.25 0
3.75 -1.25 0
2.5 -1.25 0
2.8125 -1.25 0
2.5 -1.125 0
2.8125 -1.125 0
2.8125 -1.25 0
3.125 -1.25 0
2.8125 -1.125 0
3.125 -1.125 0
2.5 -1.125 0
2.8125 -1.125 0
2.5 -1 0
2.8125 -1 0
2.8125 -1.125 0
3.125 -1.125 0
2.8125 -1 0
3.125 -1 0
3.125 -1.25 0
3.4375 -1.25 0
3.125 -1.125 0
3.4375 -1.125 0
3.4375 -1.25 0
3.75 -1.25 0
3.4375 -1.125 0
3.75 -1.125 0
3.125 -1.125 0
3.4375 -1.125 0
3.125 -1 0
3.4375 -1 0
3.4375 -1.125 0
3.75 -1.125 0
3.4375 -1 0
3.75 -1 0
3.75 -1.5 0
4.0625 -1.5 0
3.75 -1.375 0
4.0625 -1.375 0
4.0625 -1.5 0
4.375 -1.5 0
4.0625 -1.375 0
4.375 -1.375 0
3.75 -1.375 0
4.0625 -1.375 0
3.75 -1.25 0
4.0625 -1.25 0
4.0625 -1.375 0
4.375 -1.375 0
4.0625 -1.25 0
4.375 -1.25 0
4.375 -1.5 0
4.6875 -1.5 0
4.375 -1.375 0
4.6875 -1.375 0
4.6875 -1.5 0
5 -1.5 0
4.6875 -1.375 0
5 -1.375 0
4.375 -1.375 0
4.6875 -1.375 0
4.375 -1.25 0
4.6875 -1.25 0
4.6875 -1.375 0
5 -1.375 0
4.6875 -1.25 0
5 -1.25 0
3.75 -1.25 0
4.0625 -1.25 0
3.75 -1.125 0
4.0625 -1.125 0
4.0625 -1.25 0
4.375 -1.25 0
4.0625 -1.125 0
4.375 -1.125 0
3.75 -1.125 0
4.0625 -1.125 0
3.75 -1 0
4.0625 -1 0
4.0625 -1.125 0
4.375 -1.125 0
4.0625 -1 0
4.375 -1 0
4.375 -1.25 0
4.6875 -1.25 0
4.375 -1.125 0
4.6875 -1.125 0
4.6875 -1.25 0
5 -1.25 0
4.6875 -1.125 0
5 -1.125 0
4.375 -1.125 0
4.6875 -1.125 0
4.375 -1 0
4.6875 -1 0
4.6875 -1.125 0
5 -1.125 0
4.6875 -1 0
5 -1 0
-5 -1 0
-4.6875 -1 0
-5 -0.875 0
-4.6875 -0.875 0
-4.6875 -1 0
-4.375 -1 0
-4.6875 -0.875 0
-4.375 -0.875 0
-5 -0.875 0
-4.6875 -0.875 0
-5 -0.75 0
-4.6875 -0.75 0
-4.6875 -0.875 0
-4.375 -0.875 0
-4.6875 -0.75 0
-4.375 -0.75 0
-4.375 -1 0
-4.0625 -1 0
-4.375 -0.875 0
-4.0625 -0.875 0
-4.0625 -1 0
-3.75 -1 0
-4.0625 -0.875 0
-3.75 -0.875 0
-4.375 -0.875 0
-4.0625 -0.875 0
-4.375 -0.75 0
-4.0625 -0.75 0
-4.0625 -0.875 0
-3.75 -0.875 0
-4.0625 -0.75 0
-3.75 -0.75 0
-5 -0.75 0
-4.6875 -0.75 0
-5 -0.625 0
-4.6875 -0.625 0
-4.6875 -0.75 0
-4.375 -0.75 0
-4.6875 -0.625 0
-4.375 -0.625 0
-5 -0.625 0
-4.6875 -0.625 0
-5 -0.5 0
-4.6875 -0.5 0
-4.6875 -0.625 0
-4.375 -0.625 0
-4.6875 -0.5 0
-4.375 -0.5 0
-4.375 -0.75 0
-4.0625 -0.75 0
-4.375 -0.625 0
-4.0625 -0.625 0
-4.0625 -0.75 0
-3.75 -0.75 0
-4.0625 -0.625 0
-3.75 -0.625 0
-4.375 -0.625 0
-4.0625 -0.625 0
-4.375 -0.5 0
-4.0625 -0.5 0
-4.0625 -0.625 0
-3.75 -0.625 0
-4.0625 -0.5 0
-3.75 -0.5 0
-3.75 -1 0
-3.4375 -1 0
-3.75 -0.875 0
-3.4375 -0.875 0
-3.4375 -1 0
-3.125 -1 0
-3.4375 -0.875 0
-3.125 -0.875 0
-3.75 -0.875 0
-3.4375 -0.875 0
-3.75 -0.75 0
-3.4375 -0.75 0
-3.4375 -0.875 0
-3.125 -0.875 0
-3.4375 -0.75 0
-3.125 -0.75 0
-3.125 -1 0
-2.8125 -1 0
-3.125 -0.875 0
-2.8125 -0.875 0
-2.8125 -1 0
-2.5 -1 0
-2.8125 -0.875 0
-2.5 -0.875 0
-3.125 -0.875 0
-2.8125 -0.875 0
-3.125 -0.75 0
-2.8125 -0.75 0
-2.8125 -0.875 0
-2.5 -0.875 0
-2.8125 -0.75 0
-2.5 -0.75 0
-3.75 -0.75 0
-3.4375 -0.75 0
-3.75 -0.625 0
-3.4375 -0.625 0
-3.4375 -0.75 0
-3.125 -0.75 0
-3.4375 -0.625 0
-3.125 -0.625 0
-3.75 -0.625 0
-3.4375 -0.625 0
-3.75 -0.5 0
-3.4375 -0.5 0
-3.4375 -0.625 0
-3.125 -0.625 0
-3.4375 -0.5 0
-3.125 -0.5 0
-3.125 -0.75 0
-2.8125 -0.75 0
-3.125 -0.625 0
-2.8125 -0.625 0
-2.8125 -0.75 0
-2.5 -0.75 0
-2.8125 -0.625 0
-2.5 -0.625 0
-3.125 -0.625 0
-2.8125 -0.625 0
-3.125 -0.5 0
-2.8125 -0.5 0
-2.8125 -0.625 0
-2.5 -0.625 0
-2.8125 -0.5 0
-2.5 -0.5 0
-5 -0.5 0
-4.6875 -0.5 0
-5 -0.375 0
-4.6875 -0.375 0
-4.6875 -0.5 0
-4.375 -0.5 0
-4.6875 -0.375 0
-4.375 -0.375 0
-5 -0.375 0
-4.6875 -0.375 0
-5 -0.25 0
-4.6875 -0.25 0
-4.6875 -0.375 0
-4.375 -0.375 0
-4.6875 -0.25 0
-4.375 -0.25 0
-4.375 -0.5 0
-4.0625 -0.5 0
-4.375 -0.375 0
-4.0625 -0.375 0
-4.0625 -0.5 0
-3.75 -0.5 0
-4.0625 -0.375 0
-3.75 -0.375 0
-4.375 -0.375 0
-4.0625 -0.375 0
-4.375 -0.25 0
-4.0625 -0.25 0
-4.0625 -0.375 0
-3.75 -0.375 0
-4.0625 -0.25 0
-3.75 -0.25 0
-5 -0.25 0
-4.6875 -0.25 0
-5 -0.125 0
-4.6875 -0.125 0
-4.6875 -0.25 0
-4.375 -0.25 0
-4.6875 -0.125 0
-4.375 -0.125 0
-5 -0.125 0
-4.6875 -0.125 0
-5 0 0
-4.6875 0 0
-4.6875 -0.125 0
-4.375 -0.125 0
-4.6875 0 0
-4.375 0 0
-4.375 -0.25 0
-4.0625 -0.25 0
-4.375 -0.125 0
-4.0625 -0.125 0
-4.0625 -0.25 0
-3.75 -0.25 0
-4.0625 -0.125 0
-3.75 -0.125 0
-4.375 -0.125 0
-4.0625 -0.125 0
-4.375 0 0
-4.0625 0 0
-4.0625 -0.125 0
-3.75 -0.125 0
-4.0625 0 0
-3.75 0 0
-3.75 -0.5 0
-3.4375 -0.5 0
-3.75 -0.375 0
-3.4375 -0.375 0
-3.4375 -0.5 0
-3.125 -0.5 0
-3.4375 -0.375 0
-3.125 -0.375 0
-3.75 -0.375 0
-3.4375 -0.375 0
-3.75 -0.25 0
-3.4375 -0.25 0
-3.4375 -0.375 0
-3.125 -0.375 0
-3.4375 -0.25 0
-3.125 -0.25 0
-3.125 -0.5 0
-2.8125 -0.5 0
-3.125 -0.375 0
-2.8125 -0.375 0
-2.8125 -0.5 0
-2.5 -0.5 0
-2.8125 -0.375 0
-2.5 -0.375 0
-3.125 -0.375 0
-2.8125 -0.375 0
-3.125 -0.25 0
-2.8125 -0.25 0
-2.8125 -0.375 0
-2.5 -0.375 0
-2.8125 -0.25 0
-2.5 -0.25 0
-3.75 -0.25 0
-3.4375 -0.25 0
-3.75 -0.125 0
-3.4375 -0.125 0
-3.4375 -0.25 0
-3.125 -0.25 0
-3.4375 -0.125 0
-3.125 -0.125 0
-3.75 -0.125 0
-3.4375 -0.125 0
-3.75 0 0
-3.4375 0 0
-3.4375 -0.125 0
-3.125 -0.125 0
-3.4375 0 0
-3.125 0 0
-3.125 -0.25 0
-2.8125 -0.25 0
-3.125 -0.125 0
-2.8125 -0.125 0
-2.8125 -0.25 0
-2.5 -0.25 0
-2.8125 -0.125 0
-2.5 -0.125 0
-3.125 -0.125 0
-2.8125 -0.125 0
-3.125 0 0
-2.8125 0 0
-2.8125 -0.125 0
-2.5 -0.125 0
-2.8125 0 0
-2.5 0 0
-2.5 -1 0
-2.1875 -1 0
-2.5 -0.875 0
-2.1875 -0.875 0
-2.1875 -1 0
-1.875 -1 0
-2.1875 -0.875 0
-1.875 -0.875 0
-2.5 -0.875 0
-2.1875 -0.875 0
-2.5 -0.75 0
-2.1875 -0.75 0
-2.1875 -0.875 0
-1.875 -0.875 0
-2.1875 -0.75 0
-1.875 -0.75 0
-1.875 -1 0
-1.5625 -1 0
-1.875 -0.875 0
-1.5625 -0.875 0
-1.5625 -1 0
-1.25 -1 0
-1.5625 -0.875 0
-1.25 -0.875 0
-1.875 -0.875 0
-1.5625 -0.875 0
-1.875 -0.75 0
-1.5625 -0.75 0
-1.5625 -0.875 0
-1.25 -0.875 0
-1.5625 -0.75 0
-1.25 -0.75 0
-2.5 -0.75 0
-2.1875 -0.75 0
-2.5 -0.625 0
-2.1875 -0.625 0
-2.1875 -0.75 0
-1.875 -0.75 0
-2.1875 -0.625 0
-1.875 -0.625 0
-2.5 -0.625 0
-2.1875 -0.625 0
-2.5 -0.5 0
-2.1875 -0.5 0
-2.1875 -0.625 0
-1.875 -0.625 0
-2.1875 -0.5 0
-1.875 -0.5 0
-1.875 -0.75 0
-1.5625 -0.75 0
-1.875 -0.625 0
-1.5625 -0.625 0
-1.5625 -0.75 0
-1.25 -0.75 0
-1.5625 -0.625 0
-1.25 -0.625 0
-1.875 -0.625 0
-1.5625 -0.625 0
-1.875 -0.5 0
-1.5625 -0.5 0
-1.5625 -0.625 0
-1.25 -0.625 0
-1.5625 -0.5 0
-1.25 -0.5 0
-1.25 -1 0
-0.9375 -1 0
-1.25 -0.875 0
-0.9375 -0.875 0
-0.9375 -1 0
-0.625 -1 0
-0.9375 -0.875 0
-0.625 -0.875 0
-1.25 -0.875 0
-0.9375 -0.875 0
-1.25 -0.75 0
-0.9375 -0.75 0
-0.9375 -0.875 0
-0.625 -0.875 0
-0.9375 -0.75 0
-0.625 -0.75 0
-0.625 -1 0
-0.3125 -1 0
-0.625 -0.875 0
-0.3125 -0.875 0
-0.3125 -1 0
0 -1 0
-0.3125 -0.875 0
0 -0.875 0
-0.625 -0.875 0
-0.3125 -0.875 0
-0.625 -0.75 0
-0.3125 -0.75 0
-0.3125 -0.875 0
0 -0.875 0
-0.3125 -0.75 0
0 -0.75 0
-1.25 -0.75 0
-0.9375 -0.75 0
-1.25 -0.625 0
-0.9375 -0.625 0
-0.9375 -0.75 0
-0.625 -0.75 0
-0.9375 -0.625 0
-0.625 -0.625 0
-1.25 -0.625 0
-0.9375 -0.625 0
-1.25 -0.5 0
-0.9375 -0.5 0
-0.9375 -0.625 0
-0.625 -0.625 0
-0.9375 -0.5 0
-0.625 -0.5 0
-0.625 -0.75 0
-0.3125 -0.75 0
-0.625 -0.625 0
-0.3125 -0.625 0
-0.3125 -0.75 0
0 -0.75 0
-0.3125 -0.625 0
0 -0.625 0
-0.625 -0.625 0
-0.3125 -0.625 0
-0.625 -0.5 0
-0.3125 -0.5 0
-0.3125 -0.625 0
0 -0.625 0
-0.3125 -0.5 0
0 -0.5 0
-2.5 -0.5 0
-2.1875 -0.5 0
-2.5 -0.375 0
-2.1875 -0.375 0
-2.1875 -0.5 0
-1.875 -0.5 0
-2.1875 -0.375 0
-1.875 -0.375 0
-2.5 -0.375 0
-2.1875 -0.375 0
-2.5 -0.25 0
-2.1875 -0.25 0
-2.1875 -0.375 0
-1.875 -0.375 0
-2.1875 -0.25 0
-1.875 -0.25 0
-1.875 -0.5 0
-1.5625 -0.5 0
-1.875 -0.375 0
-1.5625 -0.375 0
-1.5625 -0.5 0
-1.25 -0.5 0
-1.5625 -0.375 0
-1.25 -0.375 0
-1.875 -0.375 0
-1.5625 -0.375 0
-1.875 -0.25 0
-1.5625 -0.25 0
-1.5625 -0.375 0
-1.25 -0.375 0
-1.5625 -0.25 0
-1.25 -0.25 0
-2.5 -0.25 0
-2.1875 -0.25 0
-2.5 -0.125 0
-2.1875 -0.125 0
-2.1875 -0.25 0
-1.875 -0.25 0
-2.1875 -0.125 0
-1.875 -0.125 0
-2.5 -0.125 0
-2.1875 -0.125 0
-2.5 0 0
-2.1875 0 0
-2.1875 -0.125 0
-1.875 -0.125 0
-2.1875 0 0
-1.875 0 0
-1.875 -0.25 0
-1.5625 -0.25 0
-1.875 -0.125 0
-1.5625 -0.125 0
-1.5625 -0.25 0
-1.25 -0.25 0
-1.5625 -0.125 0
-1.25 -0.125 0
-1.875 -0.125 0
-1.5625 -0.125 0
-1.875 0 0
-1.5625 0 0
-1.5625 -0.125 0
-1.25 -0.125 0
-1.5625 0 0
-1.25 0 0
-1.25 -0.5 0
-0.9375 -0.5 0
-1.25 -0.375 0
-0.9375 -0.375 0
-0.9375 -0.5 0
-0.625 -0.5 0
-0.9375 -0.375 0
-0.625 -0.375 0
-1.25 -0.375 0
-0.9375 -0.375 0
-1.25 -0.25 0
-0.9375 -0.25 0
-0.9375 -0.375 0
-0.625 -0.375 0
-0.9375 -0.25 0
-0.625 -0.25 0
-0.625 -0.5 0
-0.3125 -0.5 0
-0.625 -0.375 0
-0.3125 -0.375 0
-0.3125 -0.5 0
0 -0.5 0
-0.3125 -0.375 0
0 -0.375 0
-0.625 -0.375 0
-0.3125 -0.375 0
-0.625 -0.25 0
-0.3125 -0.25 0
-0.3125 -0.375 0
0 -0.375 0
-0.3125 -0.25 0
0 -0.25 0
-1.25 -0.25 0
-0.9375 -0.25 0
-1.25 -0.125 0
-0.9375 -0.125 0
-0.9375 -0.25 0
-0.625 -0.25 0
-0.9375 -0.125 0
-0.625 -0.125 0
-1.25 -0.125 0
-0.9375 -0.125 0
-1.25 0 0
-0.9375 0 0
-0.9375 -0.125 0
-0.625 -0.125 0
-0.9375 0 0
-0.625 0 0
-0.625 -0.25 0
-0.3125 -0.25 0
-0.625 -0.125 0
-0.3125 -0.125 0
-0.3125 -0.25 0
0 -0.25 0
-0.3125 -0.125 0
0 -0.125 0
-0.625 -0.125 0
-0.3125 -0.125 0
-0.625 0 0
-0.3125 0 0
-0.3125 -0.125 0
0 -0.125 0
-0.3125 0 0
0 0 0
0 -1 0
0.3125 -1 0
0 -0.875 0
0.3125 -0.875 0
0.3125 -1 0
0.625 -1 0
0.3125 -0.875 0
0.625 -0.875 0
0 -0.875 0
0.3125 -0.875 0
0 -0.75 0
0.3125 -0.75 0
0.3125 -0.875 0
0.625 -0.875 0
0.3125 -0.75 0
0.625 -0.75 0
0.625 -1 0
0.9375 -1 0
0.625 -0.875 0
0.9375 -0.875 0
0.9375 -1 0
1.25 -1 0
0.9375 -0.875 0
1.25 -0.875 0
0.625 -0.875 0
0.9375 -0.875 0
0.625 -0.75 0
0.9375 -0.75 0
0.9375 -0.875 0
1.25 -0.875 0
0.9375 -0.75 0
1.25 -0.75 0
0 -0.75 0
0.3125 -0.75 0
0 -0.625 0
0.3125 -0.625 0
0.3125 -0.75 0
0.625 -0.75 0
0.3125 -0.625 0
0.625 -0.625 0
0 -0.625 0
0.3125 -0.625 0
0 -0.5 0
0.3125 -0.5 0
0.3125 -0.625 0
0.625 -0.625 0
0.3125 -0.5 0
0.625 -0.5 0
0.625 -0.75 0
0.9375 -0.75 0
0.625 -0.625 0
0.9375 -0.625 0
0.9375 -0.75 0
1.25 -0.75 0
0.9375 -0.625 0
1.25 -0.625 0
0.625 -0.625 0
0.9375 -0.625 0
0.625 -0.5 0
0.9375 -0.5 0
0.9375 -0.625 0
1.25 -0.625 0
0.9375 -0.5 0
1.25 -0.5 0
1.25 -1 0
1.5625 -1 0
1.25 -0.875 0
1.5625 -0.875 0
1.5625 -1 0
1.875 -1 0
1.5625 -0.875 0
1.875 -0.875 0
1.25 -0.875 0
1.5625 -0.875 0
1.25 -0.75 0
1.5625 -0.75 0
1.5625 -0.875 0
1.875 -0.875 0
1.5625 -0.75 0
1.875 -0.75 0
1.875 -1 0
2.1875 -1 0
1.875 -0.875 0
2.1875 -0.875 0
2.1875 -1 0
2.5 -1 0
2.1875 -0.875 0
2.5 -0.875 0
1.875 -0.875 0
2.1875 -0.875 0
1.875 -0.75 0
2.1875 -0.75 0
2.1875 -0.875 0
2.5 -0.875 0
2.1875 -0.75 0
2.5 -0.75 0
1.25 -0.75 0
1.5625 -0.75 0
1.25 -0.625 0
1.5625 -0.625 0
1.5625 -0.75 0
1.875 -0.75 0
1.5625 -0.625 0
1.875 -0.625 0
1.25 -0.625 0
1.5625 -0.625 0
1.25 -0.5 0
1.5625 -0.5 0
1.5625 -0.625 0
1.875 -0.625 0
1.5625 -0.5 0
1.875 -0.5 0
1.875 -0.75 0
2.1875 -0.75 0
1.875 -0.625 0
2.1875 -0.625 0
2.1875 -0.75 0
2.5 -0.75 0
2.1875 -0.625 0
2.5 -0.625 0
1.875 -0.625 0
2.1875 -0.625 0
1.875 -0.5 0
2.1875 -0.5 0
2.1875 -0.625 0
2.5 -0.625 0
2.1875 -0.5 0
2.5 -0.5 0
0 -0.5 0
0.3125 -0.5 0
0 -0.375 0
0.3125 -0.375 0
0.3125 -0.5 0
0.625 -0.5 0
0.3125 -0.375 0
0.625 -0.375 0
0 -0.375 0
0.3125 -0.375 0
0 -0.25 0
0.3125 -0.25 0
0.3125 -0.375 0
0.625 -0.375 0
0.3125 -0.25 0
0.625 -0.25 0
0.625 -0.5 0
0.9375 -0.5 0
0.625 -0.375 0
0.9375 -0.375 0
0.9375 -0.5 0
1.25 -0.5 0
0.9375 -0.375 0
1.25 -0.375 0
0.625 -0.375 0
0.9375 -0.375 0
0.625 -0.25 0
0.9375 -0.25 0
0.9375 -0.375 0
1.25 -0.375 0
0.9375 -0.25 0
1.25 -0.25 0
0 -0.25 0
0.3125 -0.25 0
0 -0.125 0
0.3125 -0.125 0
0.3125 -0.25 0
0.625 -0.25 0
0.3125 -0.125 0
0.625 -0.125 0
0 -0.125 0
0.3125 -0.125 0
0 0 0
0.3125 0 0
0.3125 -0.125 0
0.625 -0.125 0
0.3125 0 0
0.625 0 0
0.625 -0.25 0
0.9375 -0.25 0
0.625 -0.125 0
0.9375 -0.125 0
0.9375 -0.25 0
1.25 -0.25 0
0.9375 -0.125 0
1.25 -0.125 0
0.625 -0.125 0
0.9375 -0.125 0
0.625 0 0
0.9375 0 0
0.9375 -0.125 0
1.25 -0.125 0
0.9375 0 0
1.25 0 0
1.25 -0.5 0
1.5625 -0.5 0
1.25 -0.375 0
1.5625 -0.375 0
1.5625 -0.5 0
1.875 -0.5 0
1.5625 -0.375 0
1.875 -0.375 0
1.25 -0.375 0
1.5625 -0.375 0
1.25 -0.25 0
1.5625 -0.25 0
1.5625 -0.375 0
1.875 -0.375 0
1.5625 -0.25 0
1.875 -0.25 0
1.875 -0.5 0
2.1875 -0.5 0
1.875 -0.375 0
2.1875 -0.375 0
2.1875 -0.5 0
2.5 -0.5 0
2.1875 -0.375 0
2.5 -0.375 0
1.875 -0.375 0
2.1875 -0.375 0
1.875 -0.25 0
2.1875 -0.25 0
2.1875 -0.375 0
2.5 -0.375 0
2.1875 -0.25 0
2.5 -0.25 0
1.25 -0.25 0
1.5625 -0.25 0
1.25 -0.125 0
1.5625 -0.125 0
1.5625 -0.25 0
1.875 -0.25 0
1.5625 -0.125 0
1.875 -0.125 0
1.25 -0.125 0
1.5625 -0.125 0
1.25 0 0
1.5625 0 0
1.5625 -0.125 0
1.875 -0.125 0
1.5625 0 0
1.875 0 0
1.875 -0.25 0
2.1875 -0.25 0
1.875 -0.125 0
2.1875 -0.125 0
2.1875 -0.25 0
2.5 -0.25 0
2.1875 -0.125 0
2.5 -0.125 0
1.875 -0.125 0
2.1875 -0.125 0
1.875 0 0
2.1875 0 0
2.1875 -0.125 0
2.5 -0.125 0
2.1875 0 0
2.5 0 0
2.5 -1 0
2.8125 -1 0
2.5 -0.875 0
2.8125 -0.875 0
2.8125 -1 0
3.125 -1 0
2.8125 -0.875 0
3.125 -0.875 0
2.5 -0.875 0
2.8125 -0.875 0
2.5 -0.75 0
2.8125 -0.75 0
2.8125 -0.875 0
3.125 -0.875 0
2.8125 -0.75 0
3.125 -0.75 0
3.125 -1 0
3.4375 -1 0
3.125 -0.875 0
3.4375 -0.875 0
3.4375 -1 0
3.75 -1 0
3.4375 -0.875 0
3.75 -0.875 0
3.125 -0.875 0
3.4375 -0.875 0
3.125 -0.75 0
3.4375 -0.75 0
3.4375 -0.875 0
3.75 -0.875 0
3.4375 -0.75 0
3.75 -0.75 0
2.5 -0.75 0
2.8125 -0.75 0
2.5 -0.625 0
2.8125 -0.625 0
2.8125 -0.75 0
3.125 -0.75 0
2.8125 -0.625 0
3.125 -0.625 0
2.5 -0.625 0
2.8125 -0.625 0
2.5 -0.5 0
2.8125 -0.5 0
2.8125 -0.625 0
3.125 -0.625 0
2.8125 -0.5 0
3.125 -0.5 0
3.125 -0.75 0
3.4375 -0.75 0
3.125 -0.625 0
3.4375 -0.625 0
3.4375 -0.75 0
3.75 -0.75 0
3.4375 -0.625 0
3.75 -0.625 0
3.125 -0.625 0
3.4375 -0.625 0
3.125 -0.5 0
3.4375 -0.5 0
3.4375 -0.625 0
3.75 -0.625 0
3.4375 -0.5 0
3.75 -0.5 0
3.75 -1 0
4.0625 -1 0
3.75 -0.875 0
4.0625 -0.875 0
4.0625 -1 0
4.375 -1 0
4.0625 -0.875 0
4.375 -0.875 0
3.75 -0.875 0
4.0625 -0.875 0
3.75 -0.75 0
4.0625 -0.75 0
4.0625 -0.875 0
4.375 -0.875 0
4.0625 -0.75 0
4.375 -0.75 0
4.375 -1 0
4.6875 -1 0
4.375 -0.875 0
4.6875 -0.875 0
4.6875 -1 0
5 -1 0
4.6875 -0.875 0
5 -0.875 0
4.375 -0.875 0
4.6875 -0.875 0
4.375 -0.75 0
4.6875 -0.75 0
4.6875 -0.875 0
5 -0.875 0
4.6875 -0.75 0
5 -0.75 0
3.75 -0.75 0
4.0625 -0.75 0
3.75 -0.625 0
4.0625 -0.625 0
4.0625 -0.75 0
4.375 -0.75 0
4.0625 -0.625 0
4.375 -0.625 0
3.75 -0.625 0
4.0625 -0.625 0
3.75 -0.5 0
4.0625 -0.5 0
4.0625 -0.625 0
4.375 -0.625 0
4.0625 -0.5 0
4.375 -0.5 0
4.375 -0.75 0
4.6875 -0.75 0
4.375 -0.625 0
4.6875 -0.625 0
4.6875 -0.75 0
5 -0.75 0
4.6875 -0.625 0
5 -0.625 0
4.375 -0.625 0
4.6875 -0.625 0
4.375 -0.5 0
4.6875 -0.5 0
4.6875 -0.625 0
5 -0.625 0
4.6875 -0.5 0
5 -0.5 0
2.5 -0.5 0
2.8125 -0.5 0
2.5 -0.375 0
2.8125 -0.375 0
2.8125 -0.5 0
3.125 -0.5 0
2.8125 -0.375 0
3.125 -0.375 0
2.5 -0.375 0
2.8125 -0.375 0
2.5 -0.25 0
2.8125 -0.25 0
2.8125 -0.375 0
3.125 -0.375 0
2.8125 -0.25 0
3.125 -0.25 0
3.125 -0.5 0
3.4375 -0.5 0
3.125 -0.375 0
3.4375 -0.375 0
3.4375 -0.5 0
3.75 -0.5 0
3.4375 -0.375 0
3.75 -0.375 0
3.125 -0.375 0
3.4375 -0.375 0
3.125 -0.25 0
3.4375 -0.25 0
3.4375 -0.375 0
3.75 -0.375 0
3.4375 -0.25 0
3.75 -0.25 0
2.5 -0.25 0
2.8125 -0.25 0
2.5 -0.125 0
2.8125 -0.125 0
2.8125 -0.25 0
3.125 -0.25 0
2.8125 -0.125 0
3.125 -0.125 0
2.5 -0.125 0
2.8125 -0.125 0
2.5 0 0
2.8125 0 0
2.8125 -0.125 0
3.125 -0.125 0
2.8125 0 0
3.125 0 0
3.125 -0.25 0
3.4375 -0.25 0
3.125 -0.125 0
3.4375 -0.125 0
3.4375 -0.25 0
3.75 -0.25 0
3.4375 -0.125 0
3.75 -0.125 0
3.125 -0.125 0
3.4375 -0.125 0
3.125 0 0
3.4375 0 0
3.4375 -0.125 0
3.75 -0.125 0
3.4375 0 0
3.75 0 0
3.75 -0.5 0
4.0625 -0.5 0
3.75 -0.375 0
4.0625 -0.375 0
4.0625 -0.5 0
4.375 -0.5 0
4.0625 -0.375 0
4.375 -0.375 0
3.75 -0.375 0
4.0625 -0.375 0
3.75 -0.25 0
4.0625 -0.25 0
4.0625 -0.375 0
4.375 -0.375 0
4.0625 -0.25 0
4.375 -0.25 0
4.375 -0.5 0
4.6875 -0.5 0
4.375 -0.375 0
4.6875 -0.375 0
4.6875 -0.5 0
5 -0.5 0
4.6875 -0.375 0
5 -0.375 0
4.375 -0.375 0
4.6875 -0.375 0
4.375 -0.25 0
4.6875 -0.25 0
4.6875 -0.375 0
5 -0.375 0
4.6875 -0.25 0
5 -0.25 0
3.75 -0.25 0
4.0625 -0.25 0
3.75 -0.125 0
4.0625 -0.125 0
4.0625 -0.25 0
4.375 -0.25 0
4.0625 -0.125 0
4.375 -0.125 0
3.75 -0.125 0
4.0625 -0.125 0
3.75 0 0
4.0625 0 0
4.0625 -0.125 0
4.375 -0.125 0
4.0625 0 0
4.375 0 0
4.375 -0.25 0
4.6875 -0.25 0
4.375 -0.125 0
4.6875 -0.125 0
4.6875 -0.25 0
5 -0.25 0
4.6875 -0.125 0
5 -0.125 0
4.375 -0.125 0
4.6875 -0.125 0
4.375 0 0
4.6875 0 0
4.6875 -0.125 0
5 -0.125 0
4.6875 0 0
5 0 0
-5 0 0
-4.6875 0 0
-5 0.125 0
-4.6875 0.125 0
-4.6875 0 0
-4.375 0 0
-4.6875 0.125 0
-4.375 0.125 0
-5 0.125 0
-4.6875 0.125 0
-5 0.25 0
-4.6875 0.25 0
-4.6875 0.125 0
-4.375 0.125 0
-4.6875 0.25 0
-4.375 0.25 0
-4.375 0 0
-4.0625 0 0
-4.375 0.125 0
-4.0625 0.125 0
-4.0625 0 0
-3.75 0 0
-4.0625 0.125 0
-3.75 0.125 0
-4.375 0.125 0
-4.0625 0.125 0
-4.375 0.25 0
-4.0625 0.25 0
-4.0625 0.125 0
-3.75 0.125 0
-4.0625 0.25 0
-3.75 0.25 0
-5 0.25 0
-4.6875 0.25 0
-5 0.375 0
-4.6875 0.375 0
-4.6875 0.25 0
-4.375 0.25 0
-4.6875 0.375 0
-4.375 0.375 0
-5 0.375 0
-4.6875 0.375 0
-5 0.5 0
-4.6875 0.5 0
-4.6875 0.375 0
-4.375 0.375 0
-4.6875 0.5 0
-4.375 0.5 0
-4.375 0.25 0
-4.0625 0.25 0
-4.375 0.375 0
-4.0625 0.375 0
-4.0625 0.25 0
-3.75 0.25 0
-4.0625 0.375 0
-3.75 0.375 0
-4.375 0.375 0
-4.0625 0.375 0
-4.375 0.5 0
-4.0625 0.5 0
-4.0625 0.375 0
-3.75 0.375 0
-4.0625 0.5 0
-3.75 0.5 0
-3.75 0 0
-3.4375 0 0
-3.75 0.125 0
-3.4375 0.125 0
-3.4375 0 0
-3.125 0 0
-3.4375 0.125 0
-3.125 0.125 0
-3.75 0.125 0
-3.4375 0.125 0
-3.75 0.25 0
-3.4375 0.25 0
-3.4375 0.125 0
-3.125 0.125 0
-3.4375 0.25 0
-3.125 0.25 0
-3.125 0 0
-2.8125 0 0
-3.125 0.125 0
-2.8125 0.125 0
-2.8125 0 0
-2.5 0 0
-2.8125 0.125 0
-2.5 0.125 0
-3.125 0.125 0
-2.8125 0.125 0
-3.125 0.25 0
-2.8125 0.25 0
-2.8125 0.125 0
-2.5 0.125 0
-2.8125 0.25 0
-2.5 0.25 0
-3.75 0.25 0
-3.4375 0.25 0
-3.75 0.375 0
-3.4375 0.375 0
-3.4375 0.25 0
-3.125 0.25 0
-3.4375 0.375 0
-3.125 0.375 0
-3.75 0.375 0
-3.4375 0.375 0
-3.75 0.5 0
-3.4375 0.5 0
-3.4375 0.375 0
-3.125 0.375 0
-3.4375 0.5 0
-3.125 0.5 0
-3.125 0.25 0
-2.8125 0.25 0
-3.125 0.375 0
-2.8125 0.375 0
-2.8125 0.25 0
-2.5 0.25 0
-2.8125 0.375 0
-2.5 0.375 0
-3.125 0.375 0
-2.8125 0.375 0
-3.125 0.5 0
-2.8125 0.5 0
-2.8125 0.375 0
-2.5 0.375 0
-2.8125 0.5 0
-2.5 0.5 0
-5 0.5 0
-4.6875 0.5 0
-5 0.625 0
-4.6875 0.625 0
-4.6875 0.5 0
-4.375 0.5 0
-4.6875 0.625 0
-4.375 0.625 0
-5 0.625 0
-4.6875 0.625 0
-5 0.75 0
-4.6875 0.75 0
-4.6875 0.625 0
-4.375 0.625 0
-4.6875 0.75 0
-4.375 0.75 0
-4.375 0.5 0
-4.0625 0.5 0
-4.375 0.625 0
-4.0625 0.625 0
-4.0625 0.5 0
-3.75 0.5 0
-4.0625 0.625 0
-3.75 0.625 0
-4.375 0.625 0
-4.0625 0.625 0
-4.375 0.75 0
-4.0625 0.75 0
-4.0625 0.625 0
-3.75 0.625 0
-4.0625 0.75 0
-3.75 0.75 0
-5 0.75 0
-4.6875 0.75 0
-5 0.875 0
-4.6875 0.875 0
-4.6875 0.75 0
-4.375 0.75 0
-4.6875 0.875 0
-4.375 0.875 0
-5 0.875 0
-4.6875 0.875 0
-5 1 0
-4.6875 1 0
-4.6875 0.875 0
-4.375 0.875 0
-4.6875 1 0
-4.375 1 0
-4.375 0.75 0
-4.0625 0.75 0
-4.375 0.875 0
-4.0625 0.875 0
-4.0625 0.75 0
-3.75 0.75 0
-4.0625 0.875 0
-3.75 0.875 0
-4.375 0.875 0
-4.0625 0.875 0
-4.375 1 0
-4.0625 1 0
-4.0625 0.875 0
-3.75 0.875 0
-4.0625 1 0
-3.75 1 0
-3.75 0.5 0
-3.4375 0.5 0
-3.75 0.625 0
-3.4375 0.625 0
-3.4375 0.5 0
-3.125 0.5 0
-3.4375 0.625 0
-3.125 0.625 0
-3.75 0.625 0
-3.4375 0.625 0
-3.75 0.75 0
-3.4375 0.75 0
-3.4375 0.625 0
-3.125 0.625 0
-3.4375 0.75 0
-3.125 0.75 0
-3.125 0.5 0
-2.8125 0.5 0
-3.125 0.625 0
-2.8125 0.625 0
-2.8125 0.5 0
-2.5 0.5 0
-2.8125 0.625 0
-2.5 0.625 0
-3.125 0.625 0
-2.8125 0.625 0
-3.125 0.75 0
-2.8125 0.75 0
-2.8125 0.625 0
-2.5 0.625 0
-2.8125 0.75 0
-2.5 0.75 0
-3.75 0.75 0
-3.4375 0.75 0
-3.75 0.875 0
-3.4375 0.875 0
-3.4375 0.75 0
-3.125 0.75 0
-3.4375 0.875 0
-3.125 0.875 0
-3.75 0.875 0
-3.4375 0.875 0
-3.75 1 0
-3.4375 1 0
-3.4375 0.875 0
-3.125 0.875 0
-3.4375 1 0
-3.125 1 0
-3.125 0.75 0
-2.8125 0.75 0
-3.125 0.875 0
-2.8125 0.875 0
-2.8125 0.75 0
-2.5 0.75 0
-2.8125 0.875 0
-2.5 0.875 0
-3.125 0.875 0
-2.8125 0.875 0
-3.125 1 0
-2.8125 1 0
-2.8125 0.875 0
-2.5 0.875 0
-2.8125 1 0
-2.5 1 0
-2.5 0 0
-2.1875 0 0
-2.5 0.125 0
-2.1875 0.125 0
-2.1875 0 0
-1.875 0 0
-2.1875 0.125 0
-1.875 0.125 0
-2.5 0.125 0
-2.1875 0.125 0
-2.5 0.25 0
-2.1875 0.25 0
-2.1875 0.125 0
-1.875 0.125 0
-2.1875 0.25 0
-1.875 0.25 0
-1.875 0 0
-1.5625 0 0
-1.875 0.125 0
-1.5625 0.125 0
-1.5625 0 0
-1.25 0 0
-1.5625 0.125 0
-1.25 0.125 0
-1.875 0.125 0
-1.5625 0.125 0
-1.875 0.25 0
-1.5625 0.25 0
-1.5625 0.125 0
-1.25 0.125 0
-1.5625 0.25 0
-1.25 0.25 0
-2.5 0.25 0
-2.1875 0.25 0
-2.5 0.375 0
-2.1875 0.375 0
-2.1875 0.25 0
-1.875 0.25 0
-2.1875 0.375 0
-1.875 0.375 0
-2.5 0.375 0
-2.1875 0.375 0
-2.5 0.5 0
-2.1875 0.5 0
-2.1875 0.375 0
-1.875 0.375 0
-2.1875 0.5 0
-1.875 0.5 0
-1.875 0.25 0
-1.5625 0.25 0
-1.875 0.375 0
-1.5625 0.375 0
-1.5625 0.25 0
-1.25 0.25 0
-1.5625 0.375 0
-1.25 0.375 0
-1.875 0.375 0
-1.5625 0.375 0
-1.875 0.5 0
-1.5625 0.5 0
-1.5625 0.375 0
-1.25 0.375 0
-1.5625 0.5 0
-1.25 0.5 0
-1.25 0 0
-0.9375 0 0
-1.25 0.125 0
-0.9375 0.125 0
-0.9375 0 0
-0.625 0 0
-0.9375 0.125 0
-0.625 0.125 0
-1.25 0.125 0
-0.9375 0.125 0
-1.25 0.25 0
-0.9375 0.25 0
-0.9375 0.125 0
-0.625 0.125 0
-0.9375 0.25 0
-0.625 0.25 0
-0.625 0 0
-0.3125 0 0
-0.625 0.125 0
-0.3125 0.125 0
-0.3125 0 0
0 0 0
-0.3125 0.125 0
0 0.125 0
-0.625 0.125 0
-0.3125 0.125 0
-0.625 0.25 0
-0.3125 0.25 0
-0.3125 0.125 0
0 0.125 0
-0.3125 0.25 0
0 0.25 0
-1.25 0.25 0
-0.9375 0.25 0
-1.25 0.375 0
-0.9375 0.375 0
-0.9375 0.25 0
-0.625 0.25 0
-0.9375 0.375 0
-0.625 0.375 0
-1.25 0.375 0
-0.9375 0.375 0
-1.25 0.5 0
-0.9375 0.5 0
-0.9375 0.375 0
-0.625 0.375 0
-0.9375 0.5 0
-0.625 0.5 0
-0.625 0.25 0
-0.3125 0.25 0
-0.625 0.375 0
-0.3125 0.375 0
-0.3125 0.25 0
0 0.25 0
-0.3125 0.375 0
0 0.375 0
-0.625 0.375 0
-0.3125 0.375 0
-0.625 0.5 0
-0.3125 0.5 0
-0.3125 0.375 0
0 0.375 0
-0.3125 0.5 0
0 0.5 0
-2.5 0.5 0
-2.1875 0.5 0
-2.5 0.625 0
-2.1875 0.625 0
-2.1875 0.5 0
-1.875 0.5 0
-2.1875 0.625 0
-1.875 0.625 0
-2.5 0.625 0
-2.1875 0.625 0
-2.5 0.75 0
-2.1875 0.75 0
-2.1875 0.625 0
-1.875 0.625 0
-2.1875 0.75 0
-1.875 0.75 0
-1.875 0.5 0
-1.5625 0.5 0
-1.875 0.625 0
-1.5625 0.625 0
-1.5625 0.5 0
-1.25 0.5 0
-1.5625 0.625 0
-1.25 0.625 0
-1.875 0.625 0
-1.5625 0.625 0
-1.875 0.75 0
-1.5625 0.75 0
-1.5625 0.625 0
-1.25 0.625 0
-1.5625 0.75 0
-1.25 0.75 0
-2.5 0.75 0
-2.1875 0.75 0
-2.5 0.875 0
-2.1875 0.875 0
-2.1875 0.75 0
-1.875 0.75 0
-2.1875 0.875 0
-1.875 0.875 0
-2.5 0.875 0
-2.1875 0.875 0
-2.5 1 0
-2.1875 1 0
-2.1875 0.875 0
-1.875 0.875 0
-2.1875 1 0
-1.875 1 0
-1.875 0.75 0
-1.5625 0.75 0
-1.875 0.875 0
-1.5625 0.875 0
-1.5625 0.75 0
-1.25 0.75 0
-1.5625 0.875 0
-1.25 0.875 0
-1.875 0.875 0
-1.5625 0.875 0
-1.875 1 0
-1.5625 1 0
-1.5625 0.875 0
-1.25 0.875 0
-1.5625 1 0
-1.25 1 0
-1.25 0.5 0
-0.9375 0.5 0
-1.25 0.625 0
-0.9375 0.625 0
-0.9375 0.5 0
-0.625 0.5 0
-0.9375 0.625 0
-0.625 0.625 0
-1.25 0.625 0
-0.9375 0.625 0
-1.25 0.75 0
-0.9375 0.75 0
-0.9375 0.625 0
-0.625 0.625 0
-0.9375 0.75 0
-0.625 0.75 0
-0.625 0.5 0
-0.3125 0.5 0
-0.625 0.625 0
-0.3125 0.625 0
-0.3125 0.5 0
0 0.5 0
-0.3125 0.625 0
0 0.625 0
-0.625 0.625 0
-0.3125 0.625 0
-0.625 0.75 0
-0.3125 0.75 0
-0.3125 0.625 0
0 0.625 0
-0.3125 0.75 0
0 0.75 0
-1.25 0.75 0
-0.9375 0.75 0
-1.25 0.875 0
-0.9375 0.875 0
-0.9375 0.75 0
-0.625 0.75 0
-0.9375 0.875 0
-0.625 0.875 0
-1.25 0.875 0
-0.9375 0.875 0
-1.25 1 0
-0.9375 1 0
-0.9375 0.875 0
-0.625 0.875 0
-0.9375 1 0
-0.625 1 0
-0.625 0.75 0
-0.3125 0.75 0
-0.625 0.875 0
-0.3125 0.875 0
-0.3125 0.75 0
0 0.75 0
-0.3125 0.875 0
0 0.875 0
-0.625 0.875 0
-0.3125 0.875 0
-0.625 1 0
-0.3125 1 0
-0.3125 0.875 0
0 0.875 0
-0.3125 1 0
0 1 0
0 0 0
0.3125 0 0
0 0.125 0
0.3125 0.125 0
0.3125 0 0
0.625 0 0
0.3125 0.125 0
0.625 0.125 0
0 0.125 0
0.3125 0.125 0
0 0.25 0
0.3125 0.25 0
0.3125 0.125 0
0.625 0.125 0
0.3125 0.25 0
0.625 0.25 0
0.625 0 0
0.9375 0 0
0.625 0.125 0
0.9375 0.125 0
0.9375 0 0
1.25 0 0
0.9375 0.125 0
1.25 0.125 0
0.625 0.125 0
0.9375 0.125 0
0.625 0.25 0
0.9375 0.25 0
0.9375 0.125 0
1.25 0.125 0
0.9375 0.25 0
1.25 0.25 0
0 0.25 0
0.3125 0.25 0
0 0.375 0
0.3125 0.375 0
0.3125 0.25 0
0.625 0.25 0
0.3125 0.375 0
0.625 0.375 0
0 0.375 0
0.3125 0.375 0
0 0.5 0
0.3125 0.5 0
0.3125 0.375 0
0.625 0.375 0
0.3125 0.5 0
0.625 0.5 0
0.625 0.25 0
0.9375 0.25 0
0.625 0.375 0
0.9375 0.375 0
0.9375 0.25 0
1.25 0.25 0
0.9375 0.375 0
1.25 0.375 0
0.625 0.375 0
0.9375 0.375 0
0.625 0.5 0
0.9375 0.5 0
0.9375 0.375 0
1.25 0.375 0
0.9375 0.5 0
1.25 0.5 0
1.25 0 0
1.5625 0 0
1.25 0.125 0
1.5625 0.125 0
1.5625 0 0
1.875 0 0
1.5625 0.125 0
1.875 0.125 0
1.25 0.125 0
1.5625 0.125 0
1.25 0.25 0
1.5625 0.25 0
1.5625 0.125 0
1.875 0.125 0
1.5625 0.25 0
1.875 0.25 0
1.875 0 0
2.1875 0 0
1.875 0.125 0
2.1875 0.125 0
2.1875 0 0
2.5 0 0
2.1875 0.125 0
2.5 0.125 0
1.875 0.125 0
2.1875 0.125 0
1.875 0.25 0
2.1875 0.25 0
2.1875 0.125 0
2.5 0.125 0
2.1875 0.25 0
2.5 0.25 0
1.25 0.25 0
1.5625 0.25 0
1.25 0.375 0
1.5625 0.375 0
1.5625 0.25 0
1.875 0.25 0
1.5625 0.375 0
1.875 0.375 0
1.25 0.375 0
1.5625 0.375 0
1.25 0.5 0
1.5625 0.5 0
1.5625 0.375 0
1.875 0.375 0
1.5625 0.5 0
1.875 0.5 0
1.875 0.25 0
2.1875 0.25 0
1.875 0.375 0
2.1875 0.375 0
2.1875 0.25 0
2.5 0.25 0
2.1875 0.375 0
2.5 0.375 0
1.875 0.375 0
2.1875 0.375 0
1.875 0.5 0
2.1875 0.5 0
2.1875 0.375 0
2.5 0.375 0
2.1875 0.5 0
2.5 0.5 0
0 0.5 0
0.3125 0.5 0
0 0.625 0
0.3125 0.625 0
0.3125 0.5 0
0.625 0.5 0
0.3125 0.625 0
0.625 0.625 0
0 0.625 0
0.3125 0.625 0
0 0.75 0
0.3125 0.75 0
0.3125 0.625 0
0.625 0.625 0
0.3125 0.75 0
0.625 0.75 0
0.625 0.5 0
0.9375 0.5 0
0.625 0.625 0
0.9375 0.625 0
0.9375 0.5 0
1.25 0.5 0
0.9375 0.625 0
1.25 0.625 0
0.625 0.625 0
0.9375 0.625 0
0.625 0.75 0
0.9375 0.75 0
0.9375 0.625 0
1.25 0.625 0
0.9375 0.75 0
1.25 0.75 0
0 0.75 0
0.3125 0.75 0
0 0.875 0
0.3125 0.875 0
0.3125 0.75 0
0.625 0.75 0
0.3125 0.875 0
0.625 0.875 0
0 0.875 0
0.3125 0.875 0
0 1 0
0.3125 1 0
0.3125 0.875 0
0.625 0.875 0
0.3125 1 0
0.625 1 0
0.625 0.75 0
0.9375 0.75 0
0.625 0.875 0
0.9375 0.875 0
0.9375 0.75 0
1.25 0.75 0
0.9375 0.875 0
1.25 0.875 0
0.625 0.875 0
0.9375 0.875 0
0.625 1 0
0.9375 1 0
0.9375 0.875 0
1.25 0.875 0
0.9375 1 0
1.25 1 0
1.25 0.5 0
1.5625 0.5 0
1.25 0.625 0
1.5625 0.625 0
1.5625 0.5 0
1.875 0.5 0
1.5625 0.625 0
1.875 0.625 0
1.25 0.625 0
1.5625 0.625 0
1.25 0.75 0
1.5625 0.75 0
1.5625 0.625 0
1.875 0.625 0
1.5625 0.75 0
1.875 0.75 0
1.875 0.5 0
2.1875 0.5 0
1.875 0.625 0
2.1875 0.625 0
2.1875 0.5 0
2.5 0.5 0
2.1875 0.625 0
2.5 0.625 0
1.875 0.625 0
2.1875 0.625 0
1.875 0.75 0
2.1875 0.75 0
2.1875 0.625 0
2.5 0.625 0
2.1875 0.75 0
2.5 0.75 0
1.25 0.75 0
1.5625 0.75 0
1.25 0.875 0
1.5625 0.875 0
1.5625 0.75 0
1.875 0.75 0
1.5625 0.875 0
1.875 0.875 0
1.25 0.875 0
1.5625 0.875 0
1.25 1 0
1.5625 1 0
1.5625 0.875 0
1.875 0.875 0
1.5625 1 0
1.875 1 0
1.875 0.75 0
2.1875 0.75 0
1.875 0.875 0
2.1875 0.875 0
2.1875 0.75 0
2.5 0.75 0
2.1875 0.875 0
2.5 0.875 0
1.875 0.875 0
2.1875 0.875 0
1.875 1 0
2.1875 1 0
2.1875 0.875 0
2.5 0.875 0
2.1875 1 0
2.5 1 0
2.5 0 0
2.8125 0 0
2.5 0.125 0
2.8125 0.125 0
2.8125 0 0
3.125 0 0
2.8125 0.125 0
3.125 0.125 0
2.5 0.125 0
2.8125 0.125 0
2.5 0.25 0
2.8125 0.25 0
2.8125 0.125 0
3.125 0.125 0
2.8125 0.25 0
3.125 0.25 0
3.125 0 0
3.4375 0 0
3.125 0.125 0
3.4375 0.125 0
3.4375 0 0
3.75 0 0
3.4375 0.125 0
3.75 0.125 0
3.125 0.125 0
3.4375 0.125 0
3.125 0.25 0
3.4375 0.25 0
3.4375 0.125 0
3.75 0.125 0
3.4375 0.25 0
3.75 0.25 0
2.5 0.25 0
2.8125 0.25 0
2.5 0.375 0
2.8125 0.375 0
2.8125 0.25 0
3.125 0.25 0
2.8125 0.375 0
3.125 0.375 0
2.5 0.375 0
2.8125 0.375 0
2.5 0.5 0
2.8125 0.5 0
2.8125 0.375 0
3.125 0.375 0
2.8125 0.5 0
3.125 0.5 0
3.125 0.25 0
3.4375 0.25 0
3.125 0.375 0
3.4375 0.375 0
3.4375 0.25 0
3.75 0.25 0
3.4375 0.375 0
3.75 0.375 0
3.125 0.375 0
3.4375 0.375 0
3.125 0.5 0
3.4375 0.5 0
3.4375 0.375 0
3.75 0.375 0
3.4375 0.5 0
3.75 0.5 0
3.75 0 0
4.0625 0 0
3.75 0.125 0
4.0625 0.125 0
4.0625 0 0
4.375 0 0
4.0625 0.125 0
4.375 0.125 0
3.75 0.125 0
4.0625 0.125 0
3.75 0.25 0
4.0625 0.25 0
4.0625 0.125 0
4.375 0.125 0
4.0625 0.25 0
4.375 0.25 0
4.375 0 0
4.6875 0 0
4.375 0.125 0
4.6875 0.125 0
4.6875 0 0
5 0 0
4.6875 0.125 0
5 0.125 0
4.375 0.125 0
4.6875 0.125 0
4.375 0.25 0
4.6875 0.25 0
4.6875 0.125 0
5 0.125 0
4.6875 0.25 0
5 0.25 0
3.75 0.25 0
4.0625 0.25 0
3.75 0.375 0
4.0625 0.375 0
4.0625 0.25 0
4.375 0.25 0
4.0625 0.375 0
4.375 0.375 0
3.75 0.375 0
4.0625 0.375 0
3.75 0.5 0
4.0625 0.5 0
4.0625 0.375 0
4.375 0.375 0
4.0625 0.5 0
4.375 0.5 0
4.375 0.25 0
4.6875 0.25 0
4.375 0.375 0
4.6875 0.375 0
4.6875 0.25 0
5 0.25 0
4.6875 0.375 0
5 0.375 0
4.375 0.375 0
4.6875 0.375 0
4.375 0.5 0
4.6875 0.5 0
4.6875 0.375 0
5 0.375 0
4.6875 0.5 0
5 0.5 0
2.5 0.5 0
2.8125 0.5 0
2.5 0.625 0
2.8125 0.625 0
2.8125 0.5 0
3.125 0.5 0
2.8125 0.625 0
3.125 0.625 0
2.5 0.625 0
2.8125 0.625 0
2.5 0.75 0
2.8125 0.75 0
2.8125 0.625 0
3.125 0.625 0
2.8125 0.75 0
3.125 0.75 0
3.125 0.5 0
3.4375 0.5 0
3.125 0.625 0
3.4375 0.625 0
3.4375 0.5 0
3.75 0.5 0
3.4375 0.625 0
3.75 0.625 0
3.125 0.625 0
3.4375 0.625 0
3.125 0.75 0
3.4375 0.75 0
3.4375 0.625 0
3.75 0.625 0
3.4375 0.75 0
3.75 0.75 0
2.5 0.75 0
2.8125 0.75 0
2.5 0.875 0
2.8125 0.875 0
2.8125 0.75 0
3.125 0.75 0
2.8125 0.875 0
3.125 0.875 0
2.5 0.875 0
2.8125 0.875 0
2.5 1 0
2.8125 1 0
2.8125 0.875 0
3.125 0.875 0
2.8125 1 0
3.125 1 0
3.125 0.75 0
3.4375 0.75 0
3.125 0.875 0
3.4375 0.875 0
3.4375 0.75 0
3.75 0.75 0
3.4375 0.875 0
3.75 0.875 0
3.125 0.875 0
3.4375 0.875 0
3.125 1 0
3.4375 1 0
3.4375 0.875 0
3.75 0.875 0
3.4375 1 0
3.75 1 0
3.75 0.5 0
4.0625 0.5 0
3.75 0.625 0
4.0625 0.625 0
4.0625 0.5 0
4.375 0.5 0
4.0625 0.625 0
4.375 0.625 0
3.75 0.625 0
4.0625 0.625 0
3.75 0.75 0
4.0625 0.75 0
4.0625 0.625 0
4.375 0.625 0
4.0625 0.75 0
4.375 0.75 0
4.375 0.5 0
4.6875 0.5 0
4.375 0.625 0
4.6875 0.625 0
4.6875 0.5 0
5 0.5 0
4.6875 0.625 0
5 0.625 0
4.375 0.625 0
4.6875 0.625 0
4.375 0.75 0
4.6875 0.75 0
4.6875 0.625 0
5 0.625 0
4.6875 0.75 0
5 0.75 0
3.75 0.75 0
4.0625 0.75 0
3.75 0.875 0
4.0625 0.875 0
4.0625 0.75 0
4.375 0.75 0
4.0625 0.875 0
4.375 0.875 0
3.75 0.875 0
4.0625 0.875 0
3.75 1 0
4.0625 1 0
4.0625 0.875 0
4.375 0.875 0
4.0625 1 0
4.375 1 0
4.375 0.75 0
4.6875 0.75 0
4.375 0.875 0
4.6875 0.875 0
4.6875 0.75 0
5 0.75 0
4.6875 0.875 0
5 0.875 0
4.375 0.875 0
4.6875 0.875 0
4.375 1 0
4.6875 1 0
4.6875 0.875 0
5 0.875 0
4.6875 1 0
5 1 0
-5 1 0
-4.6875 1 0
-5 1.125 0
-4.6875 1.125 0
-4.6875 1 0
-4.375 1 0
-4.6875 1.125 0
-4.375 1.125 0
-5 1.125 0
-4.6875 1.125 0
-5 1.25 0
-4.6875 1.25 0
-4.6875 1.125 0
-4.375 1.125 0
-4.6875 1.25 0
-4.375 1.25 0
-4.375 1 0
-4.0625 1 0
-4.375 1.125 0
-4.0625 1.125 0
-4.0625 1 0
-3.75 1 0
-4.0625 1.125 0
-3.75 1.125 0
-4.375 1.125 0
-4.0625 1.125 0
-4.375 1.25 0
-4.0625 1.25 0
-4.0625 1.125 0
-3.75 1.125 0
-4.0625 1.25 0
-3.75 1.25 0
-5 1.25 0
-4.6875 1.25 0
-5 1.375 0
-4.6875 1.375 0
-4.6875 1.25 0
-4.375 1.25 0
-4.6875 1.375 0
-4.375 1.375 0
-5 1.375 0
-4.6875 1.375 0
-5 1.5 0
-4.6875 1.5 0
-4.6875 1.375 0
-4.375 1.375 0
-4.6875 1.5 0
-4.375 1.5 0
-4.375 1.25 0
-4.0625 1.25 0
-4.375 1.375 0
-4.0625 1.375 0
-4.0625 1.25 0
-3.75 1.25 0
-4.0625 1.375 0
-3.75 1.375 0
-4.375 1.375 0
-4.0625 1.375 0
-4.375 1.5 0
-4.0625 1.5 0
-4.0625 1.375 0
-3.75 1.375 0
-4.0625 1.5 0
-3.75 1.5 0
-3.75 1 0
-3.4375 1 0
-3.75 1.125 0
-3.4375 1.125 0
-3.4375 1 0
-3.125 1 0
-3.4375 1.125 0
-3.125 1.125 0
-3.75 1.125 0
-3.4375 1.125 0
-3.75 1.25 0
-3.4375 1.25 0
-3.4375 1.125 0
-3.125 1.125 0
-3.4375 1.25 0
-3.125 1.25 0
-3.125 1 0
-2.8125 1 0
-3.125 1.125 0
-2.8125 1.125 0
-2.8125 1 0
-2.5 1 0
-2.8125 1.125 0
-2.5 1.125 0
-3.125 1.125 0
-2.8125 1.125 0
-3.125 1.25 0
-2.8125 1.25 0
-2.8125 1.125 0
-2.5 1.125 0
-2.8125 1.25 0
-2.5 1.25 0
-3.75 1.25 0
-3.4375 1.25 0
-3.75 1.375 0
-3.4375 1.375 0
-3.4375 1.25 0
-3.125 1.25 0
-3.4375 1.375 0
-3.125 1.375 0
-3.75 1.375 0
-3.4375 1.375 0
-3.75 1.5 0
-3.4375 1.5 0
-3.4375 1.375 0
-3.125 1.375 0
-3.4375 1.5 0
-3.125 1.5 0
-3.125 1.25 0
-2.8125 1.25 0
-3.125 1.375 0
-2.8125 1.375 0
-2.8125 1.25 0
-2.5 1.25 0
-2.8125 1.375 0
-2.5 1.375 0
-3.125 1.375 0
-2.8125 1.375 0
-3.125 1.5 0
-2.8125 1.5 0
-2.8125 1.375 0
-2.5 1.375 0
-2.8125 1.5 0
-2.5 1.5 0
-5 1.5 0
-4.6875 1.5 0
-5 1.625 0
-4.6875 1.625 0
-4.6875 1.5 0
-4.375 1.5 0
-4.6875 1.625 0
-4.375 1.625 0
-5 1.625 0
-4.6875 1.625 0
-5 1.75 0
-4.6875 1.75 0
-4.6875 1.625 0
-4.375 1.625 0
-4.6875 1.75 0
-4.375 1.75 0
-4.375 1.5 0
-4.0625 1.5 0
-4.375 1.625 0
-4.0625 1.625 0
-4.0625 1.5 0
-3.75 1.5 0
-4.0625 1.625 0
-3.75 1.625 0
-4.375 1.625 0
-4.0625 1.625 0
-4.375 1.75 0
-4.0625 1.75 0
-4.0625 1.625 0
-3.75 1.625 0
-4.0625 1.75 0
-3.75 1.75 0
-5 1.75 0
-4.6875 1.75 0
-5 1.875 0
-4.6875 1.875 0
-4.6875 1.75 0
-4.375 1.75 0
-4.6875 1.875 0
-4.375 1.875 0
-5 1.875 0
-4.6875 1.875 0
-5 2 0
-4.6875 2 0
-4.6875 1.875 0
-4.375 1.875 0
-4.6875 2 0
-4.375 2 0
-4.375 1.75 0
-4.0625 1.75 0
-4.375 1.875 0
-4.0625 1.875 0
-4.0625 1.75 0
-3.75 1.75 0
-4.0625 1.875 0
-3.75 1.875 0
-4.375 1.875 0
-4.0625 1.875 0
-4.375 2 0
-4.0625 2 0
-4.0625 1.875 0
-3.75 1.875 0
-4.0625 2 0
-3.75 2 0
-3.75 1.5 0
-3.4375 1.5 0
-3.75 1.625 0
-3.4375 1.625 0
-3.4375 1.5 0
-3.125 1.5 0
-3.4375 1.625 0
-3.125 1.625 0
-3.75 1.625 0
-3.4375 1.625 0
-3.75 1.75 0
-3.4375 1.75 0
-3.4375 1.625 0
-3.125 1.625 0
-3.4375 1.75 0
-3.125 1.75 0
-3.125 1.5 0
-2.8125 1.5 0
-3.125 1.625 0
-2.8125 1.625 0
-2.8125 1.5 0
-2.5 1.5 0
-2.8125 1.625 0
-2.5 1.625 0
-3.125 1.625 0
-2.8125 1.625 0
-3.125 1.75 0
-2.8125 1.75 0
-2.8125 1.625 0
-2.5 1.625 0
-2.8125 1.75 0
-2.5 1.75 0
-3.75 1.75 0
-3.4375 1.75 0
-3.75 1.875 0
-3.4375 1.875 0
-3.4375 1.75 0
-3.125 1.75 0
-3.4375 1.875 0
-3.125 1.875 0
-3.75 1.875 0
-3.4375 1.875 0
-3.75 2 0
-3.4375 2 0
-3.4375 1.875 0
-3.125 1.875 0
-3.4375 2 0
-3.125 2 0
-3.125 1.75 0
-2.8125 1.75 0
-3.125 1.875 0
-2.8125 1.875 0
-2.8125 1.75 0
-2.5 1.75 0
-2.8125 1.875 0
-2.5 1.875 0
-3.125 1.875 0
-2.8125 1.875 0
-3.125 2 0
-2.8125 2 0
-2.8125 1.875 0
-2.5 1.875 0
-2.8125 2 0
-2.5 2 0
-2.5 1 0
-2.1875 1 0
-2.5 1.125 0
-2.1875 1.125 0
-2.1875 1 0
-1.875 1 0
-2.1875 1.125 0
-1.875 1.125 0
-2.5 1.125 0
-2.1875 1.125 0
-2.5 1.25 0
-2.1875 1.25 0
-2.1875 1.125 0
-1.875 1.125 0
-2.1875 1.25 0
-1.875 1.25 0
-1.875 1 0
-1.5625 1 0
-1.875 1.125 0
-1.5625 1.125 0
-1.5625 1 0
-1.25 1 0
-1.5625 1.125 0
-1.25 1.125 0
-1.875 1.125 0
-1.5625 1.125 0
-1.875 1.25 0
-1.5625 1.25 0
-1.5625 1.125 0
-1.25 1.125 0
-1.5625 1.25 0
-1.25 1.25 0
-2.5 1.25 0
-2.1875 1.25 0
-2.5 1.375 0
-2.1875 1.375 0
-2.1875 1.25 0
-1.875 1.25 0
-2.1875 1.375 0
-1.875 1.375 0
-2.5 1.375 0
-2.1875 1.375 0
-2.5 1.5 0
-2.1875 1.5 0
-2.1875 1.375 0
-1.875 1.375 0
-2.1875 1.5 0
-1.875 1.5 0
-1.875 1.25 0
-1.5625 1.25 0
-1.875 1.375 0
-1.5625 1.375 0
-1.5625 1.25 0
-1.25 1.25 0
-1.5625 1.375 0
-1.25 1.375 0
-1.875 1.375 0
-1.5625 1.375 0
-1.875 1.5 0
-1.5625 1.5 0
-1.5625 1.375 0
-1.25 1.375 0
-1.5625 1.5 0
-1.25 1.5 0
-1.25 1 0
-0.9375 1 0
-1.25 1.125 0
-0.9375 1.125 0
-0.9375 1 0
-0.625 1 0
-0.9375 1.125 0
-0.625 1.125 0
-1.25 1.125 0
-0.9375 1.125 0
-1.25 1.25 0
-0.9375 1.25 0
-0.9375 1.125 0
-0.625 1.125 0
-0.9375 1.25 0
-0.625 1.25 0
-0.625 1 0
-0.3125 1 0
-0.625 1.125 0
-0.3125 1.125 0
-0.3125 1 0
0 1 0
-0.3125 1.125 0
0 1.125 0
-0.625 1.125 0
-0.3125 1.125 0
-0.625 1.25 0
-0.3125 1.25 0
-0.3125 1.125 0
0 1.125 0
-0.3125 1.25 0
0 1.25 0
-1.25 1.25 0
-0.9375 1.25 0
-1.25 1.375 0
-0.9375 1.375 0
-0.9375 1.25 0
-0.625 1.25 0
-0.9375 1.375 0
-0.625 1.375 0
-1.25 1.375 0
-0.9375 1.375 0
-1.25 1.5 0
-0.9375 1.5 0
-0.9375 1.375 0
-0.625 1.375 0
-0.9375 1.5 0
-0.625 1.5 0
-0.625 1.25 0
-0.3125 1.25 0
-0.625 1.375 0
-0.3125 1.375 0
-0.3125 1.25 0
0 1.25 0
-0.3125 1.375 0
0 1.375 0
-0.625 1.375 0
-0.3125 1.375 0
-0.625 1.5 0
-0.3125 1.5 0
-0.3125 1.375 0
0 1.375 0
-0.3125 1.5 0
0 1.5 0
-2.5 1.5 0
-2.1875 1.5 0
-2.5 1.625 0
-2.1875 1.625 0
-2.1875 1.5 0
-1.875 1.5 0
-2.1875 1.625 0
-1.875 1.625 0
-2.5 1.625 0
-2.1875 1.625 0
-2.5 1.75 0
-2.1875 1.75 0
-2.1875 1.625 0
-1.875 1.625 0
-2.1875 1.75 0
-1.875 1.75 0
-1.875 1.5 0
-1.5625 1.5 0
-1.875 1.625 0
-1.5625 1.625 0
-1.5625 1.5 0
-1.25 1.5 0
-1.5625 1.625 0
-1.25 1.625 0
-1.875 1.625 0
-1.5625 1.625 0
-1.875 1.75 0
-1.5625 1.75 0
-1.5625 1.625 0
-1.25 1.625 0
-1.5625 1.75 0
-1.25 1.75 0
-2.5 1.75 0
-2.1875 1.75 0
-2.5 1.875 0
-2.1875 1.875 0
-2.1875 1.75 0
-1.875 1.75 0
-2.1875 1.875 0
-1.875 1.875 0
-2.5 1.875 0
-2.1875 1.875 0
-2.5 2 0
-2.1875 2 0
-2.1875 1.875 0
-1.875 1.875 0
-2.1875 2 0
-1.875 2 0
-1.875 1.75 0
-1.5625 1.75 0
-1.875 1.875 0
-1.5625 1.875 0
-1.5625 1.75 0
-1.25 1.75 0
-1.5625 1.875 0
-1.25 1.875 0
-1.875 1.875 0
-1.5625 1.875 0
-1.875 2 0
-1.5625 2 0
-1.5625 1.875 0
-1.25 1.875 0
-1.5625 2 0
-1.25 2 0
-1.25 1.5 0
-0.9375 1.5 0
-1.25 1.625 0
-0.9375 1.625 0
-0.9375 1.5 0
-0.625 1.5 0
-0.9375 1.625 0
-0.625 1.625 0
-1.25 1.625 0
-0.9375 1.625 0
-1.25 1.75 0
-0.9375 1.75 0
-0.9375 1.625 0
-0.625 1.625 0
-0.9375 1.75 0
-0.625 1.75 0
-0.625 1.5 0
-0.3125 1.5 0
-0.625 1.625 0
-0.3125 1.625 0
-0.3125 1.5 0
0 1.5 0
-0.3125 1.625 0
0 1.625 0
-0.625 1.625 0
-0.3125 1.625 0
-0.625 1.75 0
-0.3125 1.75 0
-0.3125 1.625 0
0 1.625 0
-0.3125 1.75 0
0 1.75 0
-1.25 1.75 0
-0.9375 1.75 0
-1.25 1.875 0
-0.9375 1.875 0
-0.9375 1.75 0
-0.625 1.75 0
-0.9375 1.875 0
-0.625 1.875 0
-1.25 1.875 0
-0.9375 1.875 0
-1.25 2 0
-0.9375 2 0
-0.9375 1.875 0
-0.625 1.875 0
-0.9375 2 0
-0.625 2 0
-0.625 1.75 0
-0.3125 1.75 0
-0.625 1.875 0
-0.3125 1.875 0
-0.3125 1.75 0
0 1.75 0
-0.3125 1.875 0
0 1.875 0
-0.625 1.875 0
-0.3125 1.875 0
-0.625 2 0
-0.3125 2 0
-0.3125 1.875 0
0 1.875 0
-0.3125 2 0
0 2 0
0 1 0
0.3125 1 0
0 1.125 0
0.3125 1.125 0
0.3125 1 0
0.625 1 0
0.3125 1.125 0
0.625 1.125 0
0 1.125 0
0.3125 1.125 0
0 1.25 0
0.3125 1.25 0
0.3125 1.125 0
0.625 1.125 0
0.3125 1.25 0
0.625 1.25 0
0.625 1 0
0.9375 1 0
0.625 1.125 0
0.9375 1.125 0
0.9375 1 0
1.25 1 0
0.9375 1.125 0
1.25 1.125 0
0.625 1.125 0
0.9375 1.125 0
0.625 1.25 0
0.9375 1.25 0
0.9375 1.125 0
1.25 1.125 0
0.9375 1.25 0
1.25 1.25 0
0 1.25 0
0.3125 1.25 0
0 1.375 0
0.3125 1.375 0
0.3125 1.25 0
0.625 1.25 0
0.3125 1.375 0
0.625 1.375 0
0 1.375 0
0.3125 1.375 0
0 1.5 0
0.3125 1.5 0
0.3125 1.375 0
0.625 1.375 0
0.3125 1.5 0
0.625 1.5 0
0.625 1.25 0
0.9375 1.25 0
0.625 1.375 0
0.9375 1.375 0
0.9375 1.25 0
1.25 1.25 0
0.9375 1.375 0
1.25 1.375 0
0.625 1.375 0
0.9375 1.375 0
0.625 1.5 0
0.9375 1.5 0
0.9375 1.375 0
1.25 1.375 0
0.9375 1.5 0
1.25 1.5 0
1.25 1 0
1.5625 1 0
1.25 1.125 0
1.5625 1.125 0
1.5625 1 0
1.875 1 0
1.5625 1.125 0
1.875 1.125 0
1.25 1.125 0
1.5625 1.125 0
1.25 1.25 0
1.5625 1.25 0
1.5625 1.125 0
1.875 1.125 0
1.5625 1.25 0
1.875 1.25 0
1.875 1 0
2.1875 1 0
1.875 1.125 0
2.1875 1.125 0
2.1875 1 0
2.5 1 0
2.1875 1.125 0
2.5 1.125 0
1.875 1.125 0
2.1875 1.125 0
1.875 1.25 0
2.1875 1.25 0
2.1875 1.125 0
2.5 1.125 0
2.1875 1.25 0
2.5 1.25 0
1.25 1.25 0
1.5625 1.25 0
1.25 1.375 0
1.5625 1.375 0
1.5625 1.25 0
1.875 1.25 0
1.5625 1.375 0
1.875 1.375 0
1.25 1.375 0
1.5625 1.375 0
1.25 1.5 0
1.5625 1.5 0
1.5625 1.375 0
1.875 1.375 0
1.5625 1.5 0
1.875 1.5 0
1.875 1.25 0
2.1875 1.25 0
1.875 1.375 0
2.1875 1.375 0
2.1875 1.25 0
2.5 1.25 0
2.1875 1.375 0
2.5 1.375 0
1.875 1.375 0
2.1875 1.375 0
1.875 1.5 0
2.1875 1.5 0
2.1875 1.375 0
2.5 1.375 0
2.1875 1.5 0
2.5 1.5 0
0 1.5 0
0.3125 1.5 0
0 1.625 0
0.3125 1.625 0
0.3125 1.5 0
0.625 1.5 0
0.3125 1.625 0
0.625 1.625 0
0 1.625 0
0.3125 1.625 0
0 1.75 0
0.3125 1.75 0
0.3125 1.625 0
0.625 1.625 0
0.3125 1.75 0
0.625 1.75 0
0.625 1.5 0
0.9375 1.5 0
0.625 1.625 0
0.9375 1.625 0
0.9375 1.5 0
1.25 1.5 0
0.9375 1.625 0
1.25 1.625 0
0.625 1.625 0
0.9375 1.625 0
0.625 1.75 0
0.9375 1.75 0
0.9375 1.625 0
1.25 1.625 0
0.9375 1.75 0
1.25 1.75 0
0 1.75 0
0.3125 1.75 0
0 1.875 0
0.3125 1.875 0
0.3125 1.75 0
0.625 1.75 0
0.3125 1.875 0
0.625 1.875 0
0 1.875 0
0.3125 1.875 0
0 2 0
0.3125 2 0
0.3125 1.875 0
0.625 1.875 0
0.3125 2 0
0.625 2 0
0.625 1.75 0
0.9375 1.75 0
0.625 1.875 0
0.9375 1.875 0
0.9375 1.75 0
1.25 1.75 0
0.9375 1.875 0
1.25 1.875 0
0.625 1.875 0
0.9375 1.875 0
0.625 2 0
0.9375 2 0
0.9375 1.875 0
1.25 1.875 0
0.9375 2 0
1.25 2 0
1.25 1.5 0
1.5625 1.5 0
1.25 1.625 0
1.5625 1.625 0
1.5625 1.5 0
1.875 1.5 0
1.5625 1.625 0
1.875 1.625 0
1.25 1.625 0
1.5625 1.625 0
1.25 1.75 0
1.5625 1.75 0
1.5625 1.625 0
1.875 1.625 0
1.5625 1.75 0
1.875 1.75 0
1.875 1.5 0
2.1875 1.5 0
1.875 1.625 0
2.1875 1.625 0
2.1875 1.5 0
2.5 1.5 0
2.1875 1.625 0
2.5 1.625 0
1.875 1.625 0
2.1875 1.625 0
1.875 1.75 0
2.1875 1.75 0
2.1875 1.625 0
2.5 1.625 0
2.1875 1.75 0
2.5 1.75 0
1.25 1.75 0
1.5625 1.75 0
1.25 1.875 0
1.5625 1.875 0
1.5625 1.75 0
1.875 1.75 0
1.5625 1.875 0
1.875 1.875 0
1.25 1.875 0
1.5625 1.875 0
1.25 2 0
1.5625 2 0
1.5625 1.875 0
1.875 1.875 0
1.5625 2 0
1.875 2 0
1.875 1.75 0
2.1875 1.75 0
1.875 1.875 0
2.1875 1.875 0
2.1875 1.75 0
2.5 1.75 0
2.1875 1.875 0
2.5 1.875 0
1.875 1.875 0
2.1875 1.875 0
1.875 2 0
2.1875 2 0
2.1875 1.875 0
2.5 1.875 0
2.1875 2 0
2.5 2 0
2.5 1 0
2.8125 1 0
2.5 1.125 0
2.8125 1.125 0
2.8125 1 0
3.125 1 0
2.8125 1.125 0
3.125 1.125 0
2.5 1.125 0
2.8125 1.125 0
2.5 1.25 0
2.8125 1.25 0
2.8125 1.125 0
3.125 1.125 0
2.8125 1.25 0
3.125 1.25 0
3.125 1 0
3.4375 1 0
3.125 1.125 0
3.4375 1.125 0
3.4375 1 0
3.75 1 0
3.4375 1.125 0
3.75 1.125 0
3.125 1.125 0
3.4375 1.125 0
3.125 1.25 0
3.4375 1.25 0
3.4375 1.125 0
3.75 1.125 0
3.4375 1.25 0
3.75 1.25 0
2.5 1.25 0
2.8125 1.25 0
2.5 1.375 0
2.8125 1.375 0
2.8125 1.25 0
3.125 1.25 0
2.8125 1.375 0
3.125 1.375 0
2.5 1.375 0
2.8125 1.375 0
2.5 1.5 0
2.8125 1.5 0
2.8125 1.375 0
3.125 1.375 0
2.8125 1.5 0
3.125 1.5 0
3.125 1.25 0
3.4375 1.25 0
3.125 1.375 0
3.4375 1.375 0
3.4375 1.25 0
3.75 1.25 0
3.4375 1.375 0
3.75 1.375 0
3.125 1.375 0
3.4375 1.375 0
3.125 1.5 0
3.4375 1.5 0
3.4375 1.375 0
3.75 1.375 0
3.4375 1.5 0
3.75 1.5 0
3.75 1 0
4.0625 1 0
3.75 1.125 0
4.0625 1.125 0
4.0625 1 0
4.375 1 0
4.0625 1.125 0
4.375 1.125 0
3.75 1.125 0
4.0625 1.125 0
3.75 1.25 0
4.0625 1.25 0
4.0625 1.125 0
4.375 1.125 0
4.0625 1.25 0
4.375 1.25 0
4.375 1 0
4.6875 1 0
4.375 1.125 0
4.6875 1.125 0
4.6875 1 0
5 1 0
4.6875 1.125 0
5 1.125 0
4.375 1.125 0
4.6875 1.125 0
4.375 1.25 0
4.6875 1.25 0
4.6875 1.125 0
5 1.125 0
4.6875 1.25 0
5 1.25 0
3.75 1.25 0
4.0625 1.25 0
3.75 1.375 0
4.0625 1.375 0
4.0625 1.25 0
4.375 1.25 0
4.0625 1.375 0
4.375 1.375 0
3.75 1.375 0
4.0625 1.375 0
3.75 1.5 0
4.0625 1.5 0
4.0625 1.375 0
4.375 1.375 0
4.0625 1.5 0
4.375 1.5 0
4.375 1.25 0
4.6875 1.25 0
4.375 1.375 0
4.6875 1.375 0
4.6875 1.25 0
5 1.25 0
4.6875 1.375 0
5 1.375 0
4.375 1.375 0
4.6875 1.375 0
4.375 1.5 0
4.6875 1.5 0
4.6875 1.375 0
5 1.375 0
4.6875 1.5 0
5 1.5 0
2.5 1.5 0
2.8125 1.5 0
2.5 1.625 0
2.8125 1.625 0
2.8125 1.5 0
3.125 1.5 0
2.8125 1.625 0
3.125 1.625 0
2.5 1.625 0
2.8125 1.625 0
2.5 1.75 0
2.8125 1.75 0
2.8125 1.625 0
3.125 1.625 0
2.8125 1.75 0
3.125 1.75 0
3.125 1.5 0
3.4375 1.5 0
3.125 1.625 0
3.4375 1.625 0
3.4375 1.5 0
3.75 1.5 0
3.4375 1.625 0
3.75 1.625 0
3.125 1.625 0
3.4375 1.625 0
3.125 1.75 0
3.4375 1.75 0
3.4375 1.625 0
3.75 1.625 0
3.4375 1.75 0
3.75 1.75 0
2.5 1.75 0
2.8125 1.75 0
2.5 1.875 0
2.8125 1.875 0
2.8125 1.75 0
3.125 1.75 0
2.8125 1.875 0
3.125 1.875 0
2.5 1.875 0
2.8125 1.875 0
2.5 2 0
2.8125 2 0
2.8125 1.875 0
3.125 1.875 0
2.8125 2 0
3.125 2 0
3.125 1.75 0
3.4375 1.75 0
3.125 1.875 0
3.4375 1.875 0
3.4375 1.75 0
3.75 1.75 0
3.4375 1.875 0
3.75 1.875 0
3.125 1.875 0
3.4375 1.875 0
3.125 2 0
3.4375 2 0
3.4375 1.875 0
3.75 1.875 0
3.4375 2 0
3.75 2 0
3.75 1.5 0
4.0625 1.5 0
3.75 1.625 0
4.0625 1.625 0
4.0625 1.5 0
4.375 1.5 0
4.0625 1.625 0
4.375 1.625 0
3.75 1.625 0
4.0625 1.625 0
3.75 1.75 0
4.0625 1.75 0
4.0625 1.625 0
4.375 1.625 0
4.0625 1.75 0
4.375 1.75 0
4.375 1.5 0
4.6875 1.5 0
4.375 1.625 0
4.6875 1.625 0
4.6875 1.5 0
5 1.5 0
4.6875 1.625 0
5 1.625 0
4.375 1.625 0
4.6875 1.625 0
4.375 1.75 0
4.6875 1.75 0
4.6875 1.625 0
5 1.625 0
4.6875 1.75 0
5 1.75 0
3.75 1.75 0
4.0625 1.75 0
3.75 1.875 0
4.0625 1.875 0
4.0625 1.75 0
4.375 1.75 0
4.0625 1.875 0
4.375 1.875 0
3.75 1.875 0
4.0625 1.875 0
3.75 2 0
4.0625 2 0
4.0625 1.875 0
4.375 1.875 0
4.0625 2 0
4.375 2 0
4.375 1.75 0
4.6875 1.75 0
4.375 1.875 0
4.6875 1.875 0
4.6875 1.75 0
5 1.75 0
4.6875 1.875 0
5 1.875 0
4.375 1.875 0
4.6875 1.875 0
4.375 2 0
4.6875 2 0
4.6875 1.875 0
5 1.875 0
4.6875 2 0
5 2 0

CELLS 1024 5120
4	0	1	3	2
4	4	5	7	6
4	8	9	11	10
4	12	13	15	14
4	16	17	19	18
4	20	21	23	22
4	24	25	27	26
4	28	29	31	30
4	32	33	35	34
4	36	37	39	38
4	40	41	43	42
4	44	45	47	46
4	48	49	51	50
4	52	53	55	54
4	56	57	59	58
4	60	61	63	62
4	64	65	67	66
4	68	69	71	70
4	72	73	75	74
4	76	77	79	78
4	80	81	83	82
4	84	85	87	86
4	88	89	91	90
4	92	93	95	94
4	96	97	99	98
4	100	101	103	102
4	104	105	107	106
4	108	109	111	110
4	112	113	115	114
4	116	117	119	118
4	120	121	123	122
4	124	125	127	126
4	128	129	131	130
4	132	133	135	134
4	136	137	139	138
4	140	141	143	142
4	144	145	147	146
4	148	149	151	150
4	152	153	155	154
4	156	157	159	158
4	160	161	163	162
4	164	165	167	166
4	168	169	171	170
4	172	173	175	174
4	176	177	179	178
4	180	181	183	182
4	184	185	187	186
4	188	189	191	190
4	192	193	195	194
4	196	197	199	198
4	200	201	203	202
4	204	205	207	206
4	208	209	211	210
4	212	213	215	214
4	216	217	219	218
4	220	221	223	222
4	224	225	227	226
4	228	229	231	230
4	232	233	235	234
4	236	237	239	238
4	240	241	243	242
4	244	245	247	246
4	248	249	251	250
4	252	253	255	254
4	256	257	259	258
4	260	261	263	262
4	264	265	267	266
4	268	269	271	270
4	272	273	275	274
4	276	277	279	278
4	280	281	283	282
4	284	285	287	286
4	288	289	291	290
4	292	293	295	294
4	296	297	299	298
4	300	301	303	302
4	304	305	307	306
4	308	309	311	310
4	312	313	315	314
4	316	317	319	318
4	320	321	323	322
4	324	325	327	326
4	328	329	331	330
4	332	333	335	334
4	336	337	339	338
4	340	341	343	342
4	344	345	347	346
4	348	349	351	350
4	352	353	355	354
4	356	357	359	358
4	360	361	363	362
4	364	365	367	366
4	368	369	371	370
4	372	373	375	374
4	376	377	379	378
4	380	381	383	382
4	384	385	387	386
4	388	389	391	390
4	392	393	395	394
4	396	397	399	398
4	400	401	403	402
4	404	405	407	406
4	408	409	411	410
4	412	413	415	414
4	416	417	419	418
4	420	421	423	422
4	424	425	427	426
4	428	429	431	430
4	432	433	435	434
4	436	437	439	438
4	440	441	443	442
4	444	445	447	446
4	448	449	451	450
4	452	453	455	454
4	456	457	459	458
4	460	461	463	462
4	464	465	467	466
4	468	469	471	470
4	472	473	475	474
4	476	477	479	478
4	480	481	483	482
4	484	485	487	486
4	488	489	491	490
4	492	493	495	494
4	496	497	499	498
4	500	501	503	502
4	504	505	507	506
4	508	509	511	510
4	512	513	515	514
4	516	517	519	518
4	520	521	523	522
4	524	525	527	526
4	528	529	531	530
4	532	533	535	534
4	536	537	539	538
4	540	541	543	542
4	544	545	547	546
4	548	549	551	550
4	552	553	555	554
4	556	557	559	558
4	560	561	563	562
4	564	565	567	566
4	568	569	571	570
4	572	573	575	574
4	576	577	579	578
4	580	581	583	582
4	584	585	587	586
4	588	589	591	590
4	592	593	595	594
4	596	597	599	598
4	600	601	603	602
4	604	605	607	606
4	608	609	611	610
4	612	613	615	614
4	616	617	619	618
4	620	621	623	622
4	624	625	627	626
4	628	629	631	630
4	632	633	635	634
4	636	637	639	638
4	640	641	643	642
4	644	645	647	646
4	648	649	651	650
4	652	653	655	654
4	656	657	659	658
4	660	661	663	662
4	664	665	667	666
4	668	669	671	670
4	672	673	675	674
4	676	677	679	678
4	680	681	683	682
4	684	685	687	686
4	688	689	691	690
4	692	693	695	694
4	696	697	699	698
4	700	701	703	702
4	704	705	707	706
4	708	709	711	710
4	712	713	715	714
4	716	717	719	718
4	720	721	723	722
4	724	725	727	726
4	728	729	731	730
4	732	733	735	734
4	736	737	739	738
4	740	741	743	742
4	744	745	747	746
4	748	749	751	750
4	752	753	755	754
4	756	757	759	758
4	760	761	763	762
4	764	765	767	766
4	768	769	771	770
4	772	773	775	774
4	776	777	779	778
4	780	781	783	782
4	784	785	787	786
4	788	789	791	790
4	792	793	795	794
4	796	797	799	798
4	800	801	803	802
4	804	805	807	806
4	808	809	811	810
4	812	813	815	814
4	816	817	819	818
4	820	821	823	822
4	824	825	827	826
4	828	829	831	830
4	832	833	835	834
4	836	837	839	838
4	840	841	843	842
4	844	845	847	846
4	848	849	851	850
4	852	853	855	854
4	856	857	859	858
4	860	861	863	862
4	864	865	867	866
4	868	869	871	870
4	872	873	875	874
4	876	877	879	878
4	880	881	883	882
4	884	885	887	886
4	888	889	891	890
4	892	893	895	894
4	896	897	899	898
4	900	901	903	902
4	904	905	907	906
4	908	909	911	910
4	912	913	915	914
4	916	917	919	918
4	920	921	923	922
4	924	925	927	926
4	928	929	931	930
4	932	933	935	934
4	936	937	939	938
4	940	941	943	942
4	944	945	947	946
4	948	949	951	950
4	952	953	955	954
4	956	957	959	958
4	960	961	963	962
4	964	965	967	966
4	968	969	971	970
4	972	973	975	974
4	976	977	979	978
4	980	981	983	982
4	984	985	987	986
4	988	989	991	990
4	992	993	995	994
4	996	997	999	998
4	1000	1001	1003	1002
4	1004	1005	1007	1006
4	1008	1009	1011	1010
4	1012	1013	1015	1014
4	1016	1017	1019	1018
4	1020	1021	1023	1022
4	1024	1025	1027	1026
4	1028	1029	1031	1030
4	1032	1033	1035	1034
4	1036	1037	1039	1038
4	1040	1041	1043	1042
4	1044	1045	1047	1046
4	1048	1049	1051	1050
4	1052	1053	1055	1054
4	1056	1057	1059	1058
4	1060	1061	1063	1062
4	1064	1065	1067	1066
4	1068	1069	1071	1070
4	1072	1073	1075	1074
4	1076	1077	1079	1078
4	1080	1081	1083	1082
4	1084	1085	1087	1086
4	1088	1089	1091	1090
4	1092	1093	1095	1094
4	1096	1097	1099	1098
4	1100	1101	1103	1102
4	1104	1105	1107	1106
4	1108	1109	1111	1110
4	1112	1113	1115	1114
4	1116	1117	1119	1118
4	1120	1121	1123	1122
4	1124	1125	1127	1126
4	1128	1129	1131	1130
4	1132	1133	1135	1134
4	1136	1137	1139	1138
4	1140	1141	1143	1142
4	1144	1145	1147	1146
4	1148	1149	1151	1150
4	1152	1153	1155	1154
4	1156	1157	1159	1158
4	1160	1161	1163	1162
4	1164	1165	1167	1166
4	1168	1169	1171	1170
4	1172	1173	1175	1174
4	1176	1177	1179	1178
4	1180	1181	1183	1182
4	1184	1185	1187	1186
4	1188	1189	1191	1190
4	1192	1193	1195	1194
4	1196	1197	1199	1198
4	1200	1201	1203	1202
4	1204	1205	1207	1206
4	1208	1209	1211	1210
4	1212	1213	1215	1214
4	1216	1217	1219	1218
4	1220	1221	1223	1222
4	1224	1225	1227	1226
4	1228	1229	1231	1230
4	1232	1233	1235	1234
4	1236	1237	1239	1238
4	1240	1241	1243	1242
4	1244	1245	1247	1246
4	1248	1249	1251	1250
4	1252	1253	1255	1254
4	1256	1257	1259	1258
4	1260	1261	1263	1262
4	1264	1265	1267	1266
4	1268	1269	1271	1270
4	1272	1273	1275	1274
4	1276	1277	1279	1278
4	1280	1281	1283	1282
4	1284	1285	1287	1286
4	1288	1289	1291	1290
4	1292	1293	1295	1294
4	1296	1297	1299	1298
4	1300	1301	1303	1302
4	1304	1305	1307	1306
4	1308	1309	1311	1310
4	1312	1313	1315	1314
4	1316	1317	1319	1318
4	1320	1321	1323	1322
4	1324	1325	1327	1326
4	1328	1329	1331	1330
4	1332	1333	1335	1334
4	1336	1337	1339	1338
4	1340	1341	1343	1342
4	1344	1345	1347	1346
4	1348	1349	1351	1350
4	1352	1353	1355	1354
4	1356	1357	1359	1358
4	1360	1361	1363	1362
4	1364	1365	1367	1366
4	1368	1369	1371	1370
4	1372	1373	1375	1374
4	1376	1377	1379	1378
4	1380	1381	1383	1382
4	1384	1385	1387	1386
4	1388	1389	1391	1390
4	1392	1393	1395	1394
4	1396	1397	1399	1398
4	1400	1401	1403	1402
4	1404	1405	1407	1406
4	1408	1409	1411	1410
4	1412	1413	1415	1414
4	1416	1417	1419	1418
4	1420	1421	1423	1422
4	1424	1425	1427	1426
4	1428	1429	1431	1430
4	1432	1433	1435	1434
4	1436	1437	1439	1438
4	1440	1441	1443	1442
4	1444	1445	1447	1446
4	1448	1449	1451	1450
4	1452	1453	1455	1454
4	1456	1457	1459	1458
4	1460	1461	1463	1462
4	1464	1465	1467	1466
4	1468	1469	1471	1470
4	1472	1473	1475	1474
4	1476	1477	1479	1478
4	1480	1481	1483	1482
4	1484	1485	1487	1486
4	1488	1489	1491	1490
4	1492	1493	1495	1494
4	1496	1497	1499	1498
4	1500	1501	1503	1502
4	1504	1505	1507	1506
4	1508	1509	1511	1510
4	1512	1513	1515	1514
4	1516	1517	1519	1518
4	1520	1521	1523	1522
4	1524	1525	1527	1526
4	1528	1529	1531	1530
4	1532	1533	1535	1534
4	1536	1537	1539	1538
4	1540	1541	1543	1542
4	1544	1545	1547	1546
4	1548	1549	1551	1550
4	1552	1553	1555	1554
4	1556	1557	1559	1558
4	1560	1561	1563	1562
4	1564	1565	1567	1566
4	1568	1569	1571	1570
4	1572	1573	1575	1574
4	1576	1577	1579	1578
4	1580	1581	1583	1582
4	1584	1585	1587	1586
4	1588	1589	1591	1590
4	1592	1593	1595	1594
4	1596	1597	1599	1598
4	1600	1601	1603	1602
4	1604	1605	1607	1606
4	1608	1609	1611	1610
4	1612	1613	1615	1614
4	1616	1617	1619	1618
4	1620	1621	1623	1622
4	1624	1625	1627	1626
4	1628	1629	1631	1630
4	1632	1633	1635	1634
4	1636	1637	1639	1638
4	1640	1641	1643	1642
4	1644	1645	1647	1646
4	1648	1649	1651	1650
4	1652	1653	1655	1654
4	1656	1657	1659	1658
4	1660	1661	1663	1662
4	1664	1665	1667	1666
4	1668	1669	1671	1670
4	1672	1673	1675	1674
4	1676	1677	1679	1678
4	1680	1681	1683	1682
4	1684	1685	1687	1686
4	1688	1689	1691	1690
4	1692	1693	1695	1694
4	1696	1697	1699	1698
4	1700	1701	1703	1702
4	1704	1705	1707	1706
4	1708	1709	1711	1710
4	1712	1713	1715	1714
4	1716	1717	1719	1718
4	1720	1721	1723	1722
4	1724	1725	1727	1726
4	1728	1729	1731	1730
4	1732	1733	1735	1734
4	1736	1737	1739	1738
4	1740	1741	1743	1742
4	1744	1745	1747	1746
4	1748	1749	1751	1750
4	1752	1753	1755	1754
4	1756	1757	1759	1758
4	1760	1761	1763	1762
4	1764	1765	1767	1766
4	1768	1769	1771	1770
4	1772	1773	1775	1774
4	1776	1777	1779	1778
4	1780	1781	1783	1782
4	1784	1785	1787	1786
4	1788	1789	1791	1790
4	1792	1793	1795	1794
4	1796	1797	1799	1798
4	1800	1801	1803	1802
4	1804	1805	1807	1806
4	1808	1809	1811	1810
4	1812	1813	1815	1814
4	1816	1817	1819	1818
4	1820	1821	1823	1822
4	1824	1825	1827	1826
4	1828	1829	1831	1830
4	1832	1833	1835	1834
4	1836	1837	1839	1838
4	1840	1841	1843	1842
4	1844	1845	1847	1846
4	1848	1849	1851	1850
4	1852	1853	1855	1854
4	1856	1857	1859	1858
4	1860	1861	1863	1862
4	1864	1865	1867	1866
4	1868	1869	1871	1870
4	1872	1873	1875	1874
4	1876	1877	1879	1878
4	1880	1881	1883	1882
4	1884	1885	1887	1886
4	1888	1889	1891	1890
4	1892	1893	1895	1894
4	1896	1897	1899	1898
4	1900	1901	1903	1902
4	1904	1905	1907	1906
4	1908	1909	1911	1910
4	1912	1913	1915	1914
4	1916	1917	1919	1918
4	1920	1921	1923	1922
4	1924	1925	1927	1926
4	1928	1929	1931	1930
4	1932	1933	1935	1934
4	1936	1937	1939	1938
4	1940	1941	1943	1942
4	1944	1945	1947	1946
4	1948	1949	1951	1950
4	1952	1953	1955	1954
4	1956	1957	1959	1958
4	1960	1961	1963	1962
4	1964	1965	1967	1966
4	1968	1969	1971	1970
4	1972	1973	1975	1974
4	1976	1977	1979	1978
4	1980	1981	1983	1982
4	1984	1985	1987	1986
4	1988	1989	1991	1990
4	1992	1993	1995	1994
4	1996	1997	1999	1998
4	2000	2001	2003	2002
4	2004	2005	2007	2006
4	2008	2009	2011	2010
4	2012	2013	2015	2014
4	2016	2017	2019	2018
4	2020	2021	2023	2022
4	2024	2025	2027	2026
4	2028	2029	2031	2030
4	2032	2033	2035	2034
4	2036	2037	2039	2038
4	2040	2041	2043	2042
4	2044	2045	2047	2046
4	2048	2049	2051	2050
4	2052	2053	2055	2054
4	2056	2057	2059	2058
4	2060	2061	2063	2062
4	2064	2065	2067	2066
4	2068	2069	2071	2070
4	2072	2073	2075	2074
4	2076	2077	2079	2078
4	2080	2081	2083	2082
4	2084	2085	2087	2086
4	2088	2089	2091	2090
4	2092	2093	2095	2094
4	2096	2097	2099	2098
4	2100	2101	2103	2102
4	2104	2105	2107	2106
4	2108	2109	2111	2110
4	2112	2113	2115	2114
4	2116	2117	2119	2118
4	2120	2121	2123	2122
4	2124	2125	2127	2126
4	2128	2129	2131	2130
4	2132	2133	2135	2134
4	2136	2137	2139	2138
4	2140	2141	2143	2142
4	2144	2145	2147	2146
4	2148	2149	2151	2150
4	2152	2153	2155	2154
4	2156	2157	2159	2158
4	2160	2161	2163	2162
4	2164	2165	2167	2166
4	2168	2169	2171	2170
4	2172	2173	2175	2174
4	2176	2177	2179	2178
4	2180	2181	2183	2182
4	2184	2185	2187	2186
4	2188	2189	2191	2190
4	2192	2193	2195	2194
4	2196	2197	2199	2198
4	2200	2201	2203	2202
4	2204	2205	2207	2206
4	2208	2209	2211	2210
4	2212	2213	2215	2214
4	2216	2217	2219	2218
4	2220	2221	2223	2222
4	2224	2225	2227	2226
4	2228	2229	2231	2230
4	2232	2233	2235	2234
4	2236	2237	2239	2238
4	2240	2241	2243	2242
4	2244	2245	2247	2246
4	2248	2249	2251	2250
4	2252	2253	2255	2254
4	2256	2257	2259	2258
4	2260	2261	2263	2262
4	2264	2265	2267	2266
4	2268	2269	2271	2270
4	2272	2273	2275	2274
4	2276	2277	2279	2278
4	2280	2281	2283	2282
4	2284	2285	2287	2286
4	2288	2289	2291	2290
4	2292	2293	2295	2294
4	2296	2297	2299	2298
4	2300	2301	2303	2302
4	2304	2305	2307	2306
4	2308	2309	2311	2310
4	2312	2313	2315	2314
4	2316	2317	2319	2318
4	2320	2321	2323	2322
4	2324	2325	2327	2326
4	2328	2329	2331	2330
4	2332	2333	2335	2334
4	2336	2337	2339	2338
4	2340	2341	2343	2342
4	2344	2345	2347	2346
4	2348	2349	2351	2350
4	2352	2353	2355	2354
4	2356	2357	2359	2358
4	2360	2361	2363	2362
4	2364	2365	2367	2366
4	2368	2369	2371	2370
4	2372	2373	2375	2374
4	2376	2377	2379	2378
4	2380	2381	2383	2382
4	2384	2385	2387	2386
4	2388	2389	2391	2390
4	2392	2393	2395	2394
4	2396	2397	2399	2398
4	2400	2401	2403	2402
4	2404	2405	2407	2406
4	2408	2409	2411	2410
4	2412	2413	2415	2414
4	2416	2417	2419	2418
4	2420	2421	2423	2422
4	2424	2425	2427	2426
4	2428	2429	2431	2430
4	2432	2433	2435	2434
4	2436	2437	2439	2438
4	2440	2441	2443	2442
4	2444	2445	2447	2446
4	2448	2449	2451	2450
4	2452	2453	2455	2454
4	2456	2457	2459	2458
4	2460	2461	2463	2462
4	2464	2465	2467	2466
4	2468	2469	2471	2470
4	2472	2473	2475	2474
4	2476	2477	2479	2478
4	2480	2481	2483	2482
4	2484	2485	2487	2486
4	2488	2489	2491	2490
4	2492	2493	2495	2494
4	2496	2497	2499	2498
4	2500	2501	2503	2502
4	2504	2505	2507	2506
4	2508	2509	2511	2510
4	2512	2513	2515	2514
4	2516	2517	2519	2518
4	2520	2521	2523	2522
4	2524	2525	2527	2526
4	2528	2529	2531	2530
4	2532	2533	2535	2534
4	2536	2537	2539	2538
4	2540	2541	2543	2542
4	2544	2545	2547	2546
4	2548	2549	2551	2550
4	2552	2553	2555	2554
4	2556	2557	2559	2558
4	2560	2561	2563	2562
4	2564	2565	2567	2566
4	2568	2569	2571	2570
4	2572	2573	2575	2574
4	2576	2577	2579	2578
4	2580	2581	2583	2582
4	2584	2585	2587	2586
4	2588	2589	2591	2590
4	2592	2593	2595	2594
4	2596	2597	2599	2598
4	2600	2601	2603	2602
4	2604	2605	2607	2606
4	2608	2609	2611	2610
4	2612	2613	2615	2614
4	2616	2617	2619	2618
4	2620	2621	2623	2622
4	2624	2625	2627	2626
4	2628	2629	2631	2630
4	2632	2633	2635	2634
4	2636	2637	2639	2638
4	2640	2641	2643	2642
4	2644	2645	2647	2646
4	2648	2649	2651	2650
4	2652	2653	2655	2654
4	2656	2657	2659	2658
4	2660	2661	2663	2662
4	2664	2665	2667	2666
4	2668	2669	2671	2670
4	2672	2673	2675	2674
4	2676	2677	2679	2678
4	2680	2681	2683	2682
4	2684	2685	2687	2686
4	2688	2689	2691	2690
4	2692	2693	2695	2694
4	2696	2697	2699	2698
4	2700	2701	2703	2702
4	2704	2705	2707	2706
4	2708	2709	2711	2710
4	2712	2713	2715	2714
4	2716	2717	2719	2718
4	2720	2721	2723	2722
4	2724	2725	2727	2726
4	2728	2729	2731	2730
4	2732	2733	2735	2734
4	2736	2737	2739	2738
4	2740	2741	2743	2742
4	2744	2745	2747	2746
4	2748	2749	2751	2750
4	2752	2753	2755	2754
4	2756	2757	2759	2758
4	2760	2761	2763	2762
4	2764	2765	2767	2766
4	2768	2769	2771	2770
4	2772	2773	2775	2774
4	2776	2777	2779	2778
4	2780	2781	2783	2782
4	2784	2785	2787	2786
4	2788	2789	2791	2790
4	2792	2793	2795	2794
4	2796	2797	2799	2798
4	2800	2801	2803	2802
4	2804	2805	2807	2806
4	2808	2809	2811	2810
4	2812	2813	2815	2814
4	2816	2817	2819	2818
4	2820	2821	2823	2822
4	2824	2825	2827	2826
4	2828	2829	2831	2830
4	2832	2833	2835	2834
4	2836	2837	2839	2838
4	2840	2841	2843	2842
4	2844	2845	2847	2846
4	2848	2849	2851	2850
4	2852	2853	2855	2854
4	2856	2857	2859	2858
4	2860	2861	2863	2862
4	2864	2865	2867	2866
4	2868	2869	2871	2870
4	2872	2873	2875	2874
4	2876	2877	2879	2878
4	2880	2881	2883	2882
4	2884	2885	2887	2886
4	2888	2889	2891	2890
4	2892	2893	2895	2894
4	2896	2897	2899	2898
4	2900	2901	2903	2902
4	2904	2905	2907	2906
4	2908	2909	2911	2910
4	2912	2913	2915	2914
4	2916	2917	2919	2918
4	2920	2921	2923	2922
4	2924	2925	2927	2926
4	2928	2929	2931	2930
4	2932	2933	2935	2934
4	2936	2937	2939	2938
4	2940	2941	2943	2942
4	2944	2945	2947	2946
4	2948	2949	2951	2950
4	2952	2953	2955	2954
4	2956	2957	2959	2958
4	2960	2961	2963	2962
4	2964	2965	2967	2966
4	2968	2969	2971	2970
4	2972	2973	2975	2974
4	2976	2977	2979	2978
4	2980	2981	2983	2982
4	2984	2985	2987	2986
4	2988	2989	2991	2990
4	2992	2993	2995	2994
4	2996	2997	2999	2998
4	3000	3001	3003	3002
4	3004	3005	3007	3006
4	3008	3009	3011	3010
4	3012	3013	3015	3014
4	3016	3017	3019	3018
4	3020	3021	3023	3022
4	3024	3025	3027	3026
4	3028	3029	3031	3030
4	3032	3033	3035	3034
4	3036	3037	3039	3038
4	3040	3041	3043	3042
4	3044	3045	3047	3046
4	3048	3049	3051	3050
4	3052	3053	3055	3054
4	3056	3057	3059	3058
4	3060	3061	3063	3062
4	3064	3065	3067	3066
4	3068	3069	3071	3070
4	3072	3073	3075	3074
4	3076	3077	3079	3078
4	3080	3081	3083	3082
4	3084	3085	3087	3086
4	3088	3089	3091	3090
4	3092	3093	3095	3094
4	3096	3097	3099	3098
4	3100	3101	3103	3102
4	3104	3105	3107	3106
4	3108	3109	3111	3110
4	3112	3113	3115	3114
4	3116	3117	3119	3118
4	3120	3121	3123	3122
4	3124	3125	3127	3126
4	3128	3129	3131	3130
4	3132	3133	3135	3134
4	3136	3137	3139	3138
4	3140	3141	3143	3142
4	3144	3145	3147	3146
4	3148	3149	3151	3150
4	3152	3153	3155	3154
4	3156	3157	3159	3158
4	3160	3161	3163	3162
4	3164	3165	3167	3166
4	3168	3169	3171	3170
4	3172	3173	3175	3174
4	3176	3177	3179	3178
4	3180	3181	3183	3182
4	3184	3185	3187	3186
4	3188	3189	3191	3190
4	3192	3193	3195	3194
4	3196	3197	3199	3198
4	3200	3201	3203	3202
4	3204	3205	3207	3206
4	3208	3209	3211	3210
4	3212	3213	3215	3214
4	3216	3217	3219	3218
4	3220	3221	3223	3222
4	3224	3225	3227	3226
4	3228	3229	3231	3230
4	3232	3233	3235	3234
4	3236	3237	3239	3238
4	3240	3241	3243	3242
4	3244	3245	3247	3246
4	3248	3249	3251	3250
4	3252	3253	3255	3254
4	3256	3257	3259	3258
4	3260	3261	3263	3262
4	3264	3265	3267	3266
4	3268	3269	3271	3270
4	3272	3273	3275	3274
4	3276	3277	3279	3278
4	3280	3281	3283	3282
4	3284	3285	3287	3286
4	3288	3289	3291	3290
4	3292	3293	3295	3294
4	3296	3297	3299	3298
4	3300	3301	3303	3302
4	3304	3305	3307	3306
4	3308	3309	3311	3310
4	3312	3313	3315	3314
4	3316	3317	3319	3318
4	3320	3321	3323	3322
4	3324	3325	3327	3326
4	3328	3329	3331	3330
4	3332	3333	3335	3334
4	3336	3337	3339	3338
4	3340	3341	3343	3342
4	3344	3345	3347	3346
4	3348	3349	3351	3350
4	3352	3353	3355	3354
4	3356	3357	3359	3358
4	3360	3361	3363	3362
4	3364	3365	3367	3366
4	3368	3369	3371	3370
4	3372	3373	3375	3374
4	3376	3377	3379	3378
4	3380	3381	3383	3382
4	3384	3385	3387	3386
4	3388	3389	3391	3390
4	3392	3393	3395	3394
4	3396	3397	3399	3398
4	3400	3401	3403	3402
4	3404	3405	3407	3406
4	3408	3409	3411	3410
4	3412	3413	3415	3414
4	3416	3417	3419	3418
4	3420	3421	3423	3422
4	3424	3425	3427	3426
4	3428	3429	3431	3430
4	3432	3433	3435	3434
4	3436	3437	3439	3438
4	3440	3441	3443	3442
4	3444	3445	3447	3446
4	3448	3449	3451	3450
4	3452	3453	3455	3454
4	3456	3457	3459	3458
4	3460	3461	3463	3462
4	3464	3465	3467	3466
4	3468	3469	3471	3470
4	3472	3473	3475	3474
4	3476	3477	3479	3478
4	3480	3481	3483	3482
4	3484	3485	3487	3486
4	3488	3489	3491	3490
4	3492	3493	3495	3494
4	3496	3497	3499	3498
4	3500	3501	3503	3502
4	3504	3505	3507	3506
4	3508	3509	3511	3510
4	3512	3513	3515	3514
4	3516	3517	3519	3518
4	3520	3521	3523	3522
4	3524	3525	3527	3526
4	3528	3529	3531	3530
4	3532	3533	3535	3534
4	3536	3537	3539	3538
4	3540	3541	3543	3542
4	3544	3545	3547	3546
4	3548	3549	3551	3550
4	3552	3553	3555	3554
4	3556	3557	3559	3558
4	3560	3561	3563	3562
4	3564	3565	3567	3566
4	3568	3569	3571	3570
4	3572	3573	3575	3574
4	3576	3577	3579	3578
4	3580	3581	3583	3582
4	3584	3585	3587	3586
4	3588	3589	3591	3590
4	3592	3593	3595	3594
4	3596	3597	3599	3598
4	3600	3601	3603	3602
4	3604	3605	3607	3606
4	3608	3609	3611	3610
4	3612	3613	3615	3614
4	3616	3617	3619	3618
4	3620	3621	3623	3622
4	3624	3625	3627	3626
4	3628	3629	3631	3630
4	3632	3633	3635	3634
4	3636	3637	3639	3638
4	3640	3641	3643	3642
4	3644	3645	3647	3646
4	3648	3649	3651	3650
4	3652	3653	3655	3654
4	3656	3657	3659	3658
4	3660	3661	3663	3662
4	3664	3665	3667	3666
4	3668	3669	3671	3670
4	3672	3673	3675	3674
4	3676	3677	3679	3678
4	3680	3681	3683	3682
4	3684	3685	3687	3686
4	3688	3689	3691	3690
4	3692	3693	3695	3694
4	3696	3697	3699	3698
4	3700	3701	3703	3702
4	3704	3705	3707	3706
4	3708	3709	3711	3710
4	3712	3713	3715	3714
4	3716	3717	3719	3718
4	3720	3721	3723	3722
4	3724	3725	3727	3726
4	3728	3729	3731	3730
4	3732	3733	3735	3734
4	3736	3737	3739	3738
4	3740	3741	3743	3742
4	3744	3745	3747	3746
4	3748	3749	3751	3750
4	3752	3753	3755	3754
4	3756	3757	3759	3758
4	3760	3761	3763	3762
4	3764	3765	3767	3766
4	3768	3769	3771	3770
4	3772	3773	3775	3774
4	3776	3777	3779	3778
4	3780	3781	3783	3782
4	3784	3785	3787	3786
4	3788	3789	3791	3790
4	3792	3793	3795	3794
4	3796	3797	3799	3798
4	3800	3801	3803	3802
4	3804	3805	3807	3806
4	3808	3809	3811	3810
4	3812	3813	3815	3814
4	3816	3817	3819	3818
4	3820	3821	3823	3822
4	3824	3825	3827	3826
4	3828	3829	3831	3830
4	3832	3833	3835	3834
4	3836	3837	3839	3838
4	3840	3841	3843	3842
4	3844	3845	3847	3846
4	3848	3849	3851	3850
4	3852	3853	3855	3854
4	3856	3857	3859	3858
4	3860	3861	3863	3862
4	3864	3865	3867	3866
4	3868	3869	3871	3870
4	3872	3873	3875	3874
4	3876	3877	3879	3878
4	3880	3881	3883	3882
4	3884	3885	3887	3886
4	3888	3889	3891	3890
4	3892	3893	3895	3894
4	3896	3897	3899	3898
4	3900	3901	3903	3902
4	3904	3905	3907	3906
4	3908	3909	3911	3910
4	3912	3913	3915	3914
4	3916	3917	3919	3918
4	3920	3921	3923	3922
4	3924	3925	3927	3926
4	3928	3929	3931	3930
4	3932	3933	3935	3934
4	3936	3937	3939	3938
4	3940	3941	3943	3942
4	3944	3945	3947	3946
4	3948	3949	3951	3950
4	3952	3953	3955	3954
4	3956	3957	3959	3958
4	3960	3961	3963	3962
4	3964	3965	3967	3966
4	3968	3969	3971	3970
4	3972	3973	3975	3974
4	3976	3977	3979	3978
4	3980	3981	3983	3982
4	3984	3985	3987	3986
4	3988	3989	3991	3990
4	3992	3993	3995	3994
4	3996	3997	3999	3998
4	4000	4001	4003	4002
4	4004	4005	4007	4006
4	4008	4009	4011	4010
4	4012	4013	4015	4014
4	4016	4017	4019	4018
4	4020	4021	4023	4022
4	4024	4025	4027	4026
4	4028	4029	4031	4030
4	4032	4033	4035	4034
4	4036	4037	4039	4038
4	4040	4041	4043	4042
4	4044	4045	4047	4046
4	4048	4049	4051	4050
4	4052	4053	4055	4054
4	4056	4057	4059	4058
4	4060	4061	4063	4062
4	4064	4065	4067	4066
4	4068	4069	4071	4070
4	4072	4073	4075	4074
4	4076	4077	4079	4078
4	4080	4081	4083	4082
4	4084	4085	4087	4086
4	4088	4089	4091	4090
4	4092	4093	4095	4094

CELL_TYPES 1024
 9 9 9 9 9 9 9 9 9 9 9 9 9 9 9 9 9 9 9 9 9 9 9 9 9 9 9 9 9 9 9 9 9 9 9 9 9 9 9 9 9 9 9 9 9 9 9 9 9 9 9 9 9 9 9 9 9 9 9 9 9 9 9 9 9 9 9 9 9 9 9 9 9 9 9 9 9 9 9 9 9 9 9 9 9 9 9 9 9 9 9 9 9 9 9 9 9 9 9 9 9 9 9 9 9 9 9 9 9 9 9 9 9 9 9 9 9 9 9 9 9 9 9 9 9 9 9 9 9 9 9 9 9 9 9 9 9 9 9 9 9 9 9 9 9 9 9 9 9 9 9 9 9 9 9 9 9 9 9 9 9 9 9 9 9 9 9 9 9 9 9 9 9 9 9 9 9 9 9 9 9 9 9 9 9 9 9 9 9 9 9 9 9 9 9 9 9 9 9 9 9 9 9 9 9 9 9 9 9 9 9 9 9 9 9 9 9 9 9 9 9 9 9 9 9 9 9 9 9 9 9 9 9 9 9 9 9 9 9 9 9 9 9 9 9 9 9 9 9 9 9 9 9 9 9 9 9 9 9 9 9 9 9 9 9 9 9 9 9 9 9 9 9 9 9 9 9 9 9 9 9 9 9 9 9 9 9 9 9 9 9 9 9 9 9 9 9 9 9 9 9 9 9 9 9 9 9 9 9 9 9 9 9 9 9 9 9 9 9 9 9 9 9 9 9 9 9 9 9 9 9 9 9 9 9 9 9 9 9 9 9 9 9 9 9 9 9 9 9 9 9 9 9 9 9 9 9 9 9 9 9 9 9 9 9 9 9 9 9 9 9 9 9 9 9 9 9 9 9 9 9 9 9 9 9 9 9 9 9 9 9 9 9 9 9 9 9 9 9 9 9 9 9 9 9 9 9 9 9 9 9 9 9 9 9 9 9 9 9 9 9 9 9 9 9 9 9 9 9 9 9 9 9 9 9 9 9 9 9 9 9 9 9 9 9 9 9 9 9 9 9 9 9 9 9 9 9 9 9 9 9 9 9 9 9 9 9 9 9 9 9 9 9 9 9 9 9 9 9 9 9 9 9 9 9 9 9 9 9 9 9 9 9 9 9 9 9 9 9 9 9 9 9 9 9 9 9 9 9 9 9 9 9 9 9 9 9 9 9 9 9 9 9 9 9 9 9 9 9 9 9 9 9 9 9 9 9 9 9 9 9 9 9 9 9 9 9 9 9 9 9 9 9 9 9 9 9 9 9 9 9 9 9 9 9 9 9 9 9 9 9 9 9 9 9 9 9 9 9 9 9 9 9 9 9 9 9 9 9 9 9 9 9 9 9 9 9 9 9 9 9 9 9 9 9 9 9 9 9 9 9 9 9 9 9 9 9 9 9 9 9 9 9 9 9 9 9 9 9 9 9 9 9 9 9 9 9 9 9 9 9 9 9 9 9 9 9 9 9 9 9 9 9 9 9 9 9 9 9 9 9 9 9 9 9 9 9 9 9 9 9 9 9 9 9 9 9 9 9 9 9 9 9 9 9 9 9 9 9 9 9 9 9 9 9 9 9 9 9 9 9 9 9 9 9 9 9 9 9 9 9 9 9 9 9 9 9 9 9 9 9 9 9 9 9 9 9 9 9 9 9 9 9 9 9 9 9 9 9 9 9 9 9 9 9 9 9 9 9 9 9 9 9 9 9 9 9 9 9 9 9 9 9 9 9 9 9 9 9 9 9 9 9 9 9 9 9 9 9 9 9 9 9 9 9 9 9 9 9 9 9 9 9 9 9 9 9 9 9 9 9 9 9 9 9 9 9 9 9 9 9 9 9 9 9 9 9 9 9 9 9 9 9 9 9 9 9 9 9 9 9 9 9 9 9 9 9 9 9 9 9 9 9 9 9 9 9 9 9 9 9 9 9 9 9 9 9 9 9 9 9 9 9 9 9 9 9 9 9 9 9 9 9 9 9 9 9 9 9 9 9 9 9 9 9 9 9 9 9 9 9 9 9 9 9 9 9 9 9 9 9 9 9 9 9 9 9 9 9 9 9 9 9 9 9 9 9 9 9 9 9 9 9 9 9 9 9 9 9 9 9 9 9 9 9 9 9 9 9 9 9 9 9 9 9 9 9 9 9 9 9 9 9 9 9 9 9 9 9 9 9 9 9 9 9 9 9 9 9 9 9 9 9 9 9 9 9 9 9 9 9 9 9 9 9 9 9 9 9 9 9 9 9 9 9 9 9 9 9 9 9 9 9 9 9 9 9 9 9 9 9 9 9 9 9 9 9 9 9 9 9 9 9 9
POINT_DATA 4096
SCALARS x_velo double 1
LOOKUP_TABLE default
0 0 0 1.21039e-09 0 0 1.21039e-09 6.21753e-10 0 1.21039e-09 0 1.63117e-09 1.21039e-09 6.21753e-10 1.63117e-09 7.27143e-10 0 0 6.21753e-10 -3.76519e-10 0 0 -3.76519e-10 -1.29773e-09 6.21753e-10 -3.76519e-10 7.27143e-10 -9.42846e-10 -3.76519e-10 -1.29773e-09 -9.42846e-10 -2.54559e-09 0 1.63117e-09 0 1.63931e-09 1.63117e-09 7.27143e-10 1.63931e-09 4.31048e-10 0 1.63931e-09 0 1.3963e-09 1.63931e-09 4.31048e-10 1.3963e-09 -1.89477e-10 7.27143e-10 -9.42846e-10 4.31048e-10 -1.68683e-09 -9.42846e-10 -2.54559e-09 -1.68683e-09 -3.75293e-09 4.31048e-10 -1.68683e-09 -1.89477e-10 -2.56943e-09 -1.68683e-09 -3.75293e-09 -2.56943e-09 -4.89912e-09 0 0 -1.29773e-09 -2.06862e-09 0 0 -2.06862e-09 -2.75834e-09 -1.29773e-09 -2.06862e-09 -2.54559e-09 -3.94841e-09 -2.06862e-09 -2.75834e-09 -3.94841e-09 -5.25619e-09 0 0 -2.75834e-09 -3.43585e-09 0 0 -3.43585e-09 -4.13182e-09 -2.75834e-09 -3.43585e-09 -5.25619e-09 -6.58385e-09 -3.43585e-09 -4.13182e-09 -6.58385e-09 -7.99286e-09 -2.54559e-09 -3.94841e-09 -3.75293e-09 -5.64154e-09 -3.94841e-09 -5.25619e-09 -5.64154e-09 -7.48309e-09 -3.75293e-09 -5.64154e-09 -4.89912e-09 -7.13084e-09 -5.64154e-09 -7.48309e-09 -7.13084e-09 -9.41582e-09 -5.25619e-09 -6.58385e-09 -7.48309e-09 -9.42282e-09 -6.58385e-09 -7.99286e-09 -9.42282e-09 -1.15523e-08 -7.48309e-09 -9.42282e-09 -9.41582e-09 -1.19179e-08 -9.42282e-09 -1.15523e-08 -1.19179e-08 -1.47597e-08 0 1.3963e-09 0 9.13123e-10 1.3963e-09 -1.89477e-10 9.13123e-10 -1.09159e-09 0 9.13123e-10 0 5.48912e-11 9.13123e-10 -1.09159e-09 5.48912e-11 -2.24716e-09 -1.89477e-10 -2.56943e-09 -1.09159e-09 -3.53002e-09 -2.56943e-09 -4.89912e-09 -3.53002e-09 -5.93847e-09 -1.09159e-09 -3.53002e-09 -2.24716e-09 -4.47989e-09 -3.53002e-09 -5.93847e-09 -4.47989e-09 -6.80292e-09 0 5.48912e-11 0 -1.58143e-09 5.48912e-11 -2.24716e-09 -1.58143e-09 -3.54581e-09 0 -1.58143e-09 0 -4.49023e-09 -1.58143e-09 -3.54581e-09 -4.49023e-09 -4.8392e-09 -2.24716e-09 -4.47989e-09 -3.54581e-09 -5.29301e-09 -4.47989e-09 -6.80292e-09 -5.29301e-09 -7.40582e-09 -3.54581e-09 -5.29301e-09 -4.8392e-09 -5.78687e-09 -5.29301e-09 -7.40582e-09 -5.78687e-09 -7.6449e-09 -4.89912e-09 -7.13084e-09 -5.93847e-09 -8.38256e-09 -7.13084e-09 -9.41582e-09 -8.38256e-09 -1.102e-08 -5.93847e-09 -8.38256e-09 -6.80292e-09 -9.35047e-09 -8.38256e-09 -1.102e-08 -9.35047e-09 -1.22534e-08 -9.41582e-09 -1.19179e-08 -1.102e-08 -1.40217e-08 -1.19179e-08 -1.47597e-08 -1.40217e-08 -1.75454e-08 -1.102e-08 -1.40217e-08 -1.22534e-08 -1.56765e-08 -1.40217e-08 -1.75454e-08 -1.56765e-08 -1.98203e-08 -6.80292e-09 -9.35047e-09 -7.40582e-09 -9.9815e-09 -9.35047e-09 -1.22534e-08 -9.9815e-09 -1.30713e-08 -7.40582e-09 -9.9815e-09 -7.6449e-09 -1.02233e-08 -9.9815e-09 -1.30713e-08 -1.02233e-08 -1.34341e-08 -1.22534e-08 -1.56765e-08 -1.30713e-08 -1.68193e-08 -1.56765e-08 -1.98203e-08 -1.68193e-08 -2.1478e-08 -1.30713e-08 -1.68193e-08 -1.34341e-08 -1.73876e-08 -1.68193e-08 -2.1478e-08 -1.73876e-08 -2.23969e-08 0 0 -4.13182e-09 -4.84461e-09 0 0 -4.84461e-09 -5.55576e-09 -4.13182e-09 -4.84461e-09 -7.99286e-09 -9.4926e-09 -4.84461e-09 -5.55576e-09 -9.4926e-09 -1.10485e-08 0 0 -5.55576e-09 -6.22078e-09 0 0 -6.22078e-09 -6.70686e-09 -5.55576e-09 -6.22078e-09 -1.10485e-08 -1.25404e-08 -6.22078e-09 -6.70686e-09 -1.25404e-08 -1.36376e-08 -7.99286e-09 -9.4926e-09 -1.15523e-08 -1.39002e-08 -9.4926e-09 -1.10485e-08 -1.39002e-08 -1.64148e-08 -1.15523e-08 -1.39002e-08 -1.47597e-08 -1.79996e-08 -1.39002e-08 -1.64148e-08 -1.79996e-08 -2.1573e-08 -1.10485e-08 -1.25404e-08 -1.64148e-08 -1.88729e-08 -1.25404e-08 -1.36376e-08 -1.88729e-08 -2.06932e-08 -1.64148e-08 -1.88729e-08 -2.1573e-08 -2.51347e-08 -1.88729e-08 -2.06932e-08 -2.51347e-08 -2.78059e-08 0 0 -6.70686e-09 -6.71922e-09 0 0 -6.71922e-09 -5.86233e-09 -6.70686e-09 -6.71922e-09 -1.36376e-08 -1.36882e-08 -6.71922e-09 -5.86233e-09 -1.36882e-08 -1.18882e-08 0 0 -5.86233e-09 -3.9298e-09 0 0 -3.9298e-09 -1.22427e-09 -5.86233e-09 -3.9298e-09 -1.18882e-08 -7.86454e-09 -3.9298e-09 -1.22427e-09 -7.86454e-09 -2.26998e-09 -1.36376e-08 -1.36882e-08 -2.06932e-08 -2.08164e-08 -1.36882e-08 -1.18882e-08 -2.08164e-08 -1.80155e-08 -2.06932e-08 -2.08164e-08 -2.78059e-08 -2.80663e-08 -2.08164e-08 -1.80155e-08 -2.80663e-08 -2.42363e-08 -1.18882e-08 -7.86454e-09 -1.80155e-08 -1.17759e-08 -7.86454e-09 -2.26998e-09 -1.17759e-08 -3.13806e-09 -1.80155e-08 -1.17759e-08 -2.42363e-08 -1.56688e-08 -1.17759e-08 -3.13806e-09 -1.56688e-08 -3.82925e-09 -1.47597e-08 -1.79996e-08 -1.75454e-08 -2.16965e-08 -1.79996e-08 -2.1573e-08 -2.16965e-08 -2.6416e-08 -1.75454e-08 -2.16965e-08 -1.98203e-08 -2.48653e-08 -2.16965e-08 -2.6416e-08 -2.48653e-08 -3.07993e-08 -2.1573e-08 -2.51347e-08 -2.6416e-08 -3.12339e-08 -2.51347e-08 -2.78059e-08 -3.12339e-08 -3.49339e-08 -2.6416e-08 -3.12339e-08 -3.07993e-08 -3.7056e-08 -3.12339e-08 -3.49339e-08 -3.7056e-08 -4.2056e-08 -1.98203e-08 -2.48653e-08 -2.1478e-08 -2.7343e-08 -2.48653e-08 -3.07993e-08 -2.7343e-08 -3.45235e-08 -2.1478e-08 -2.7343e-08 -2.23969e-08 -2.89191e-08 -2.7343e-08 -3.45235e-08 -2.89191e-08 -3.73018e-08 -3.07993e-08 -3.7056e-08 -3.45235e-08 -4.24397e-08 -3.7056e-08 -4.2056e-08 -4.24397e-08 -4.91595e-08 -3.45235e-08 -4.24397e-08 -3.73018e-08 -4.71283e-08 -4.24397e-08 -4.91595e-08 -4.71283e-08 -5.62158e-08 -2.78059e-08 -2.80663e-08 -3.49339e-08 -3.54627e-08 -2.80663e-08 -2.42363e-08 -3.54627e-08 -3.06187e-08 -3.49339e-08 -3.54627e-08 -4.2056e-08 -4.31074e-08 -3.54627e-08 -3.06187e-08 -4.31074e-08 -3.73403e-08 -2.42363e-08 -1.56688e-08 -3.06187e-08 -1.96006e-08 -1.56688e-08 -3.82925e-09 -1.96006e-08 -4.34408e-09 -3.06187e-08 -1.96006e-08 -3.73403e-08 -2.37102e-08 -1.96006e-08 -4.34408e-09 -2.37102e-08 -4.68287e-09 -4.2056e-08 -4.31074e-08 -4.91595e-08 -5.12025e-08 -4.31074e-08 -3.73403e-08 -5.12025e-08 -4.47411e-08 -4.91595e-08 -5.12025e-08 -5.62158e-08 -6.00977e-08 -5.12025e-08 -4.47411e-08 -6.00977e-08 -5.34415e-08 -3.73403e-08 -2.37102e-08 -4.47411e-08 -2.8263e-08 -2.37102e-08 -4.68287e-09 -2.8263e-08 -4.84575e-09 -4.47411e-08 -2.8263e-08 -5.34415e-08 -3.37574e-08 -2.8263e-08 -4.84575e-09 -3.37574e-08 -4.8328e-09 0 0 -1.22427e-09 1.48099e-09 0 0 1.48099e-09 3.41439e-09 -1.22427e-09 1.48099e-09 -2.26998e-09 3.32374e-09 1.48099e-09 3.41439e-09 3.32374e-09 7.34807e-09 0 0 3.41439e-09 4.27726e-09 0 0 4.27726e-09 4.28032e-09 3.41439e-09 4.27726e-09 7.34807e-09 9.15804e-09 4.27726e-09 4.28032e-09 9.15804e-09 9.13543e-09 -2.26998e-09 3.32374e-09 -3.13806e-09 5.49783e-09 3.32374e-09 7.34807e-09 5.49783e-09 1.17361e-08 -3.13806e-09 5.49783e-09 -3.82925e-09 8.00624e-09 5.49783e-09 1.17361e-08 8.00624e-09 1.65681e-08 7.34807e-09 9.15804e-09 1.17361e-08 1.45482e-08 9.15804e-09 9.13543e-09 1.45482e-08 1.44622e-08 1.17361e-08 1.45482e-08 1.65681e-08 2.04072e-08 1.45482e-08 1.44622e-08 2.04072e-08 2.0189e-08 0 0 4.28032e-09 3.82265e-09 0 0 3.82265e-09 3.20183e-09 4.28032e-09 3.82265e-09 9.13543e-09 8.09171e-09 3.82265e-09 3.20183e-09 8.09171e-09 6.68476e-09 0 0 3.20183e-09 2.55379e-09 0 0 2.55379e-09 1.92835e-09 3.20183e-09 2.55379e-09 6.68476e-09 5.25156e-09 2.55379e-09 1.92835e-09 5.25156e-09 3.92209e-09 9.13543e-09 8.09171e-09 1.44622e-08 1.27167e-08 8.09171e-09 6.68476e-09 1.27167e-08 1.038e-08 1.44622e-08 1.27167e-08 2.0189e-08 1.76092e-08 1.27167e-08 1.038e-08 1.76092e-08 1.42004e-08 6.68476e-09 5.25156e-09 1.038e-08 8.04255e-09 5.25156e-09 3.92209e-09 8.04255e-09 5.94077e-09 1.038e-08 8.04255e-09 1.42004e-08 1.08524e-08 8.04255e-09 5.94077e-09 1.08524e-08 7.92559e-09 -3.82925e-09 8.00624e-09 -4.34408e-09 1.09052e-08 8.00624e-09 1.65681e-08 1.09052e-08 2.19102e-08 -4.34408e-09 1.09052e-08 -4.68287e-09 1.43325e-08 1.09052e-08 2.19102e-08 1.43325e-08 2.79382e-08 1.65681e-08 2.04072e-08 2.19102e-08 2.67567e-08 2.04072e-08 2.0189e-08 2.67567e-08 2.62705e-08 2.19102e-08 2.67567e-08 2.79382e-08 3.36961e-08 2.67567e-08 2.62705e-08 3.36961e-08 3.26818e-08 -4.68287e-09 1.43325e-08 -4.84575e-09 1.85532e-08 1.43325e-08 2.79382e-08 1.85532e-08 3.49909e-08 -4.84575e-09 1.85532e-08 -4.8328e-09 2.40651e-08 1.85532e-08 3.49909e-08 2.40651e-08 4.36878e-08 2.79382e-08 3.36961e-08 3.49909e-08 4.14253e-08 3.36961e-08 3.26818e-08 4.14253e-08 3.94075e-08 3.49909e-08 4.14253e-08 4.36878e-08 5.02923e-08 4.14253e-08 3.94075e-08 5.02923e-08 4.64162e-08 2.0189e-08 1.76092e-08 2.62705e-08 2.26733e-08 1.76092e-08 1.42004e-08 2.26733e-08 1.80337e-08 2.62705e-08 2.26733e-08 3.26818e-08 2.77902e-08 2.26733e-08 1.80337e-08 2.77902e-08 2.17304e-08 1.42004e-08 1.08524e-08 1.80337e-08 1.35805e-08 1.08524e-08 7.92559e-09 1.35805e-08 9.79964e-09 1.80337e-08 1.35805e-08 2.17304e-08 1.60957e-08 1.35805e-08 9.79964e-09 1.60957e-08 1.1468e-08 3.26818e-08 2.77902e-08 3.94075e-08 3.27948e-08 2.77902e-08 2.17304e-08 3.27948e-08 2.50867e-08 3.94075e-08 3.27948e-08 4.64162e-08 3.7427e-08 3.27948e-08 2.50867e-08 3.7427e-08 2.78114e-08 2.17304e-08 1.60957e-08 2.50867e-08 1.82297e-08 1.60957e-08 1.1468e-08 1.82297e-08 1.28189e-08 2.50867e-08 1.82297e-08 2.78114e-08 1.97668e-08 1.82297e-08 1.28189e-08 1.97668e-08 1.37253e-08 0 0 1.92835e-09 1.35541e-09 0 0 1.35541e-09 8.6118e-10 1.92835e-09 1.35541e-09 3.92209e-09 2.75084e-09 1.35541e-09 8.6118e-10 2.75084e-09 1.76911e-09 0 0 8.6118e-10 4.62769e-10 0 0 4.62769e-10 1.6619e-10 8.6118e-10 4.62769e-10 1.76911e-09 9.91115e-10 4.62769e-10 1.6619e-10 9.91115e-10 4.15869e-10 3.92209e-09 2.75084e-09 5.94077e-09 4.15079e-09 2.75084e-09 1.76911e-09 4.15079e-09 2.69128e-09 5.94077e-09 4.15079e-09 7.92559e-09 5.50978e-09 4.15079e-09 2.69128e-09 5.50978e-09 3.59185e-09 1.76911e-09 9.91115e-10 2.69128e-09 1.55517e-09 9.91115e-10 4.15869e-10 1.55517e-09 7.21549e-10 2.69128e-09 1.55517e-09 3.59185e-09 2.12576e-09 1.55517e-09 7.21549e-10 2.12576e-09 1.05867e-09 0 0 1.6619e-10 -2.83621e-11 0 0 -2.83621e-11 -1.20905e-10 1.6619e-10 -2.83621e-11 4.15869e-10 3.60208e-11 -2.83621e-11 -1.20905e-10 3.60208e-11 -1.53695e-10 0 0 -1.20905e-10 -1.13753e-10 0 0 -1.13753e-10 0 -1.20905e-10 -1.13753e-10 -1.53695e-10 -1.58878e-10 -1.13753e-10 0 -1.58878e-10 0 4.15869e-10 3.60208e-11 7.21549e-10 1.67374e-10 3.60208e-11 -1.53695e-10 1.67374e-10 -1.23257e-10 7.21549e-10 1.67374e-10 1.05867e-09 3.44582e-10 1.67374e-10 -1.23257e-10 3.44582e-10 -4.78639e-11 -1.53695e-10 -1.58878e-10 -1.23257e-10 -1.62448e-10 -1.58878e-10 0 -1.62448e-10 0 -1.23257e-10 -1.62448e-10 -4.78639e-11 -1.4041e-10 -1.62448e-10 0 -1.4041e-10 0 7.92559e-09 5.50978e-09 9.79964e-09 6.7733e-09 5.50978e-09 3.59185e-09 6.7733e-09 4.43252e-09 9.79964e-09 6.7733e-09 1.1468e-08 7.87963e-09 6.7733e-09 4.43252e-09 7.87963e-09 5.17407e-09 3.59185e-09 2.12576e-09 4.43252e-09 2.67486e-09 2.12576e-09 1.05867e-09 2.67486e-09 1.40586e-09 4.43252e-09 2.67486e-09 5.17407e-09 3.17654e-09 2.67486e-09 1.40586e-09 3.17654e-09 1.74517e-09 1.1468e-08 7.87963e-09 1.28189e-08 8.7628e-09 7.87963e-09 5.17407e-09 8.7628e-09 5.77885e-09 1.28189e-08 8.7628e-09 1.37253e-08 9.35742e-09 8.7628e-09 5.77885e-09 9.35742e-09 6.21426e-09 5.17407e-09 3.17654e-09 5.77885e-09 3.60821e-09 3.17654e-09 1.74517e-09 3.60821e-09 2.06245e-09 5.77885e-09 3.60821e-09 6.21426e-09 3.9523e-09 3.60821e-09 2.06245e-09 3.9523e-09 2.34753e-09 1.05867e-09 3.44582e-10 1.40586e-09 5.5129e-10 3.44582e-10 -4.78639e-11 5.5129e-10 6.03059e-11 1.40586e-09 5.5129e-10 1.74517e-09 7.75852e-10 5.5129e-10 6.03059e-11 7.75852e-10 1.95803e-10 -4.78639e-11 -1.4041e-10 6.03059e-11 -1.0023e-10 -1.4041e-10 0 -1.0023e-10 0 6.03059e-11 -1.0023e-10 1.95803e-10 -4.29134e-11 -1.0023e-10 0 -4.29134e-11 0 1.74517e-09 7.75852e-10 2.06245e-09 1.0111e-09 7.75852e-10 1.95803e-10 1.0111e-09 3.6011e-10 2.06245e-09 1.0111e-09 2.34753e-09 1.25364e-09 1.0111e-09 3.6011e-10 1.25364e-09 5.60812e-10 1.95803e-10 -4.29134e-11 3.6011e-10 3.85749e-11 -4.29134e-11 0 3.85749e-11 0 3.6011e-10 3.85749e-11 5.60812e-10 1.68207e-10 3.85749e-11 0 1.68207e-10 0 0 -4.49023e-09 3.55078 3.53344 -4.49023e-09 -4.8392e-09 3.53344 3.53289 3.55078 3.53344 6.62813 6.61165 3.53344 3.53289 6.61165 6.60453 -4.8392e-09 -5.78687e-09 3.53289 3.53553 -5.78687e-09 -7.6449e-09 3.53553 3.53876 3.53289 3.53553 6.60453 6.6053 3.53553 3.53876 6.6053 6.60868 6.62813 6.61165 9.23203 9.2216 6.61165 6.60453 9.2216 9.21128 9.23203 9.2216 11.3625 11.3565 9.2216 9.21128 11.3565 11.3476 6.60453 6.6053 9.21128 9.20879 6.6053 6.60868 9.20879 9.21034 9.21128 9.20879 11.3476 11.3433 9.20879 9.21034 11.3433 11.3428 -7.6449e-09 -1.02233e-08 3.53876 3.54172 -1.02233e-08 -1.34341e-08 3.54172 3.54432 3.53876 3.54172 6.60868 6.6126 3.54172 3.54432 6.6126 6.61639 -1.34341e-08 -1.73876e-08 3.54432 3.54675 -1.73876e-08 -2.23969e-08 3.54675 3.54934 3.54432 3.54675 6.61639 6.62009 3.54675 3.54934 6.62009 6.62408 6.60868 6.6126 9.21034 9.21346 6.6126 6.61639 9.21346 9.21707 9.21034 9.21346 11.3428 11.3443 9.21346 9.21707 11.3443 11.3468 6.61639 6.62009 9.21707 9.22089 6.62009 6.62408 9.22089 9.22519 9.21707 9.22089 11.3468 11.3499 9.22089 9.22519 11.3499 11.3536 11.3625 11.3565 13.0195 13.0161 11.3565 11.3476 13.0161 13.0097 13.0195 13.0161 14.2031 14.201 13.0161 13.0097 14.201 14.1968 11.3476 11.3433 13.0097 13.0054 11.3433 11.3428 13.0054 13.0037 13.0097 13.0054 14.1968 14.1932 13.0054 13.0037 14.1932 14.1911 14.2031 14.201 14.9133 14.9119 14.201 14.1968 14.9119 14.9088 14.9133 14.9119 15.15 15.1488 14.9119 14.9088 15.1488 15.1462 14.1968 14.1932 14.9088 14.9059 14.1932 14.1911 14.9059 14.9037 14.9088 14.9059 15.1462 15.1434 14.9059 14.9037 15.1434 15.1413 11.3428 11.3443 13.0037 13.0038 11.3443 11.3468 13.0038 13.005 13.0037 13.0038 14.1911 14.1903 13.0038 13.005 14.1903 14.1905 11.3468 11.3499 13.005 13.0069 11.3499 11.3536 13.0069 13.0097 13.005 13.0069 14.1905 14.1915 13.0069 13.0097 14.1915 14.1933 14.1911 14.1903 14.9037 14.9026 14.1903 14.1905 14.9026 14.9022 14.9037 14.9026 15.1413 15.1401 14.9026 14.9022 15.1401 15.1395 14.1905 14.1915 14.9022 14.9026 14.1915 14.1933 14.9026 14.9037 14.9022 14.9026 15.1395 15.1397 14.9026 14.9037 15.1397 15.1406 -2.23969e-08 -2.89191e-08 3.54934 3.55278 -2.89191e-08 -3.73018e-08 3.55278 3.55826 3.54934 3.55278 6.62408 6.62922 3.55278 3.55826 6.62922 6.63704 -3.73018e-08 -4.71283e-08 3.55826 3.56754 -4.71283e-08 -5.62158e-08 3.56754 3.58207 3.55826 3.56754 6.63704 6.64973 3.56754 3.58207 6.64973 6.66922 6.62408 6.62922 9.22519 9.23071 6.62922 6.63704 9.23071 9.23887 9.22519 9.23071 11.3536 11.3586 9.23071 9.23887 11.3586 11.366 6.63704 6.64973 9.23887 9.25162 6.64973 6.66922 9.25162 9.27075 9.23887 9.25162 11.366 11.3773 9.25162 9.27075 11.3773 11.3939 -5.62158e-08 -6.00977e-08 3.58207 3.60111 -6.00977e-08 -5.34415e-08 3.60111 3.61982 3.58207 3.60111 6.66922 6.69498 3.60111 3.61982 6.69498 6.72175 -5.34415e-08 -3.37574e-08 3.61982 3.63004 -3.37574e-08 -4.8328e-09 3.63004 3.62507 3.61982 3.63004 6.72175 6.73981 3.63004 3.62507 6.73981 6.7399 6.66922 6.69498 9.27075 9.2961 6.69498 6.72175 9.2961 9.32357 9.27075 9.2961 11.3939 11.4159 9.2961 9.32357 11.4159 11.4404 6.72175 6.73981 9.32357 9.34503 6.73981 6.7399 9.34503 9.35171 9.32357 9.34503 11.4404 11.4615 9.34503 9.35171 11.4615 11.4723 11.3536 11.3586 13.0097 13.0137 11.3586 11.366 13.0137 13.0199 13.0097 13.0137 14.1933 14.1963 13.0137 13.0199 14.1963 14.2011 11.366 11.3773 13.0199 13.0292 11.3773 11.3939 13.0292 13.043 13.0199 13.0292 14.2011 14.2088 13.0292 13.043 14.2088 14.22 14.1933 14.1963 14.9037 14.906 14.1963 14.2011 14.906 14.91 14.9037 14.906 15.1406 15.1426 14.906 14.91 15.1426 15.1462 14.2011 14.2088 14.91 14.9164 14.2088 14.22 14.9164 14.926 14.91 14.9164 15.1462 15.1523 14.9164 14.926 15.1523 15.1613 11.3939 11.4159 13.043 13.0611 11.4159 11.4404 13.0611 13.0817 13.043 13.0611 14.22 14.235 13.0611 13.0817 14.235 14.2523 11.4404 11.4615 13.0817 13.1007 11.4615 11.4723 13.1007 13.1129 13.0817 13.1007 14.2523 14.269 13.1007 13.1129 14.269 14.2812 14.22 14.235 14.926 14.9389 14.235 14.2523 14.9389 14.9541 14.926 14.9389 15.1613 15.1735 14.9389 14.9541 15.1735 15.188 14.2523 14.269 14.9541 14.9692 14.269 14.2812 14.9692 14.9811 14.9541 14.9692 15.188 15.2025 14.9692 14.9811 15.2025 15.2143 -4.8328e-09 2.40651e-08 3.62507 3.60521 2.40651e-08 4.36878e-08 3.60521 3.57845 3.62507 3.60521 6.7399 6.71988 3.60521 3.57845 6.71988 6.68715 4.36878e-08 5.02923e-08 3.57845 3.55486 5.02923e-08 4.64162e-08 3.55486 3.54035 3.57845 3.55486 6.68715 6.65381 3.55486 3.54035 6.65381 6.62914 6.7399 6.71988 9.35171 9.33974 6.71988 6.68715 9.33974 9.31317 9.35171 9.33974 11.4723 11.4685 9.33974 9.31317 11.4685 11.4516 6.68715 6.65381 9.31317 9.28156 6.65381 6.62914 9.28156 9.25417 9.31317 9.28156 11.4516 11.4276 9.28156 9.25417 11.4276 11.4037 4.64162e-08 3.7427e-08 3.54035 3.53497 3.7427e-08 2.78114e-08 3.53497 3.53542 3.54035 3.53497 6.62914 6.61589 3.53497 3.53542 6.61589 6.61165 2.78114e-08 1.97668e-08 3.53542 3.53822 1.97668e-08 1.37253e-08 3.53822 3.5413 3.53542 3.53822 6.61165 6.61243 3.53822 3.5413 6.61243 6.6151 6.62914 6.61589 9.25417 9.2357 6.61589 6.61165 9.2357 9.22604 9.25417 9.2357 11.4037 11.3847 9.2357 9.22604 11.3847 11.3722 6.61165 6.61243 9.22604 9.22258 6.61243 6.6151 9.22258 9.22248 9.22604 9.22258 11.3722 11.3652 9.22258 9.22248 11.3652 11.3619 11.4723 11.4685 13.1129 13.1147 11.4685 11.4516 13.1147 13.106 13.1129 13.1147 14.2812 14.286 13.1147 13.106 14.286 14.2826 11.4516 11.4276 13.106 13.0902 11.4276 11.4037 13.0902 13.0722 13.106 13.0902 14.2826 14.273 13.0902 13.0722 14.273 14.2604 14.2812 14.286 14.9811 14.9873 14.286 14.2826 14.9873 14.9868 14.9811 14.9873 15.2143 15.2208 14.9873 14.9868 15.2208 15.2212 14.2826 14.273 14.9868 14.9807 14.273 14.2604 14.9807 14.9715 14.9868 14.9807 15.2212 15.2163 14.9807 14.9715 15.2163 15.2081 11.4037 11.3847 13.0722 13.056 11.3847 11.3722 13.056 13.0436 13.0722 13.056 14.2604 14.2477 13.056 13.0436 14.2477 14.2369 11.3722 11.3652 13.0436 13.035 11.3652 11.3619 13.035 13.0297 13.0436 13.035 14.2369 14.2285 13.035 13.0297 14.2285 14.2225 14.2604 14.2477 14.9715 14.9614 14.2477 14.2369 14.9614 14.9521 14.9715 14.9614 15.2081 15.199 14.9614 14.9521 15.199 15.1903 14.2369 14.2285 14.9521 14.9444 14.2285 14.2225 14.9444 14.9384 14.9521 14.9444 15.1903 15.1829 14.9444 14.9384 15.1829 15.177 1.37253e-08 9.35742e-09 3.5413 3.54388 9.35742e-09 6.21426e-09 3.54388 3.54592 3.5413 3.54388 6.6151 6.61803 3.54388 3.54592 6.61803 6.62066 6.21426e-09 3.9523e-09 3.54592 3.54756 3.9523e-09 2.34753e-09 3.54756 3.5489 3.54592 3.54756 6.62066 6.62291 3.54756 3.5489 6.62291 6.62479 6.6151 6.61803 9.22248 9.22381 6.61803 6.62066 9.22381 9.22557 9.22248 9.22381 11.3619 11.3608 9.22381 9.22557 11.3608 11.3608 6.62066 6.62291 9.22557 9.22735 6.62291 6.62479 9.22735 9.22896 9.22557 9.22735 11.3608 11.3613 9.22735 9.22896 11.3613 11.362 2.34753e-09 1.25364e-09 3.5489 3.54989 1.25364e-09 5.60812e-10 3.54989 3.55027 3.5489 3.54989 6.62479 6.62618 3.54989 3.55027 6.62618 6.6267 5.60812e-10 1.68207e-10 3.55027 3.54936 1.68207e-10 0 3.54936 3.54511 3.55027 3.54936 6.6267 6.62554 3.54936 3.54511 6.62554 6.62283 6.62479 6.62618 9.22896 9.23018 6.62618 6.6267 9.23018 9.2306 9.22896 9.23018 11.362 11.3626 9.23018 9.2306 11.3626 11.3626 6.6267 6.62554 9.2306 9.22966 6.62554 6.62283 9.22966 9.22823 9.2306 9.22966 11.3626 11.3619 9.22966 9.22823 11.3619 11.3611 11.3619 11.3608 13.0297 13.0265 11.3608 11.3608 13.0265 13.0248 13.0297 13.0265 14.2225 14.2182 13.0265 13.0248 14.2182 14.2152 11.3608 11.3613 13.0248 13.0238 11.3613 11.362 13.0238 13.0234 13.0248 13.0238 14.2152 14.2132 13.0238 13.0234 14.2132 14.2117 14.2225 14.2182 14.9384 14.9337 14.2182 14.2152 14.9337 14.9302 14.9384 14.9337 15.177 15.1723 14.9337 14.9302 15.1723 15.1687 14.2152 14.2132 14.9302 14.9276 14.2132 14.2117 14.9276 14.9255 14.9302 14.9276 15.1687 15.1658 14.9276 14.9255 15.1658 15.1636 11.362 11.3626 13.0234 13.0231 11.3626 11.3626 13.0231 13.0227 13.0234 13.0231 14.2117 14.2107 13.0231 13.0227 14.2107 14.2097 11.3626 11.3619 13.0227 13.0219 11.3619 11.3611 13.0219 13.0211 13.0227 13.0219 14.2097 14.2087 13.0219 13.0211 14.2087 14.2079 14.2117 14.2107 14.9255 14.9239 14.2107 14.2097 14.9239 14.9226 14.9255 14.9239 15.1636 15.1618 14.9239 14.9226 15.1618 15.1604 14.2097 14.2087 14.9226 14.9214 14.2087 14.2079 14.9214 14.9204 14.9226 14.9214 15.1604 15.1591 14.9214 14.9204 15.1591 15.158 15.15 15.1488 14.9133 14.9119 15.1488 15.1462 14.9119 14.9088 14.9133 14.9119 14.2031 14.201 14.9119 14.9088 14.201 14.1968 15.1462 15.1434 14.9088 14.9059 15.1434 15.1413 14.9059 14.9037 14.9088 14.9059 14.1968 14.1932 14.9059 14.9037 14.1932 14.1911 14.2031 14.201 13.0195 13.0161 14.201 14.1968 13.0161 13.0097 13.0195 13.0161 11.3625 11.3565 13.0161 13.0097 11.3565 11.3476 14.1968 14.1932 13.0097 13.0054 14.1932 14.1911 13.0054 13.0037 13.0097 13.0054 11.3476 11.3433 13.0054 13.0037 11.3433 11.3428 15.1413 15.1401 14.9037 14.9026 15.1401 15.1395 14.9026 14.9022 14.9037 14.9026 14.1911 14.1903 14.9026 14.9022 14.1903 14.1905 15.1395 15.1397 14.9022 14.9026 15.1397 15.1406 14.9026 14.9037 14.9022 14.9026 14.1905 14.1915 14.9026 14.9037 14.1915 14.1933 14.1911 14.1903 13.0037 13.0038 14.1903 14.1905 13.0038 13.005 13.0037 13.0038 11.3428 11.3443 13.0038 13.005 11.3443 11.3468 14.1905 14.1915 13.005 13.0069 14.1915 14.1933 13.0069 13.0097 13.005 13.0069 11.3468 11.3499 13.0069 13.0097 11.3499 11.3536 11.3625 11.3565 9.23203 9.2216 11.3565 11.3476 9.2216 9.21128 9.23203 9.2216 6.62813 6.61165 9.2216 9.21128 6.61165 6.60453 11.3476 11.3433 9.21128 9.20879 11.3433 11.3428 9.20879 9.21034 9.21128 9.20879 6.60453 6.6053 9.20879 9.21034 6.6053 6.60868 6.62813 6.61165 3.55078 3.53344 6.61165 6.60453 3.53344 3.53289 3.55078 3.53344 0 -4.49023e-09 3.53344 3.53289 -4.49023e-09 -4.8392e-09 6.60453 6.6053 3.53289 3.53553 6.6053 6.60868 3.53553 3.53876 3.53289 3.53553 -4.8392e-09 -5.78687e-09 3.53553 3.53876 -5.78687e-09 -7.6449e-09 11.3428 11.3443 9.21034 9.21346 11.3443 11.3468 9.21346 9.21707 9.21034 9.21346 6.60868 6.6126 9.21346 9.21707 6.6126 6.61639 11.3468 11.3499 9.21707 9.22089 11.3499 11.3536 9.22089 9.22519 9.21707 9.22089 6.61639 6.62009 9.22089 9.22519 6.62009 6.62408 6.60868 6.6126 3.53876 3.54172 6.6126 6.61639 3.54172 3.54432 3.53876 3.54172 -7.6449e-09 -1.02233e-08 3.54172 3.54432 -1.02233e-08 -1.34341e-08 6.61639 6.62009 3.54432 3.54675 6.62009 6.62408 3.54675 3.54934 3.54432 3.54675 -1.34341e-08 -1.73876e-08 3.54675 3.54934 -1.73876e-08 -2.23969e-08 15.1406 15.1426 14.9037 14.906 15.1426 15.1462 14.906 14.91 14.9037 14.906 14.1933 14.1963 14.906 14.91 14.1963 14.2011 15.1462 15.1523 14.91 14.9164 15.1523 15.1613 14.9164 14.926 14.91 14.9164 14.2011 14.2088 14.9164 14.926 14.2088 14.22 14.1933 14.1963 13.0097 13.0137 14.1963 14.2011 13.0137 13.0199 13.0097 13.0137 11.3536 11.3586 13.0137 13.0199 11.3586 11.366 14.2011 14.2088 13.0199 13.0292 14.2088 14.22 13.0292 13.043 13.0199 13.0292 11.366 11.3773 13.0292 13.043 11.3773 11.3939 15.1613 15.1735 14.926 14.9389 15.1735 15.188 14.9389 14.9541 14.926 14.9389 14.22 14.235 14.9389 14.9541 14.235 14.2523 15.188 15.2025 14.9541 14.9692 15.2025 15.2143 14.9692 14.9811 14.9541 14.9692 14.2523 14.269 14.9692 14.9811 14.269 14.2812 14.22 14.235 13.043 13.0611 14.235 14.2523 13.0611 13.0817 13.043 13.0611 11.3939 11.4159 13.0611 13.0817 11.4159 11.4404 14.2523 14.269 13.0817 13.1007 14.269 14.2812 13.1007 13.1129 13.0817 13.1007 11.4404 11.4615 13.1007 13.1129 11.4615 11.4723 11.3536 11.3586 9.22519 9.23071 11.3586 11.366 9.23071 9.23887 9.22519 9.23071 6.62408 6.62922 9.23071 9.23887 6.62922 6.63704 11.366 11.3773 9.23887 9.25162 11.3773 11.3939 9.25162 9.27075 9.23887 9.25162 6.63704 6.64973 9.25162 9.27075 6.64973 6.66922 6.62408 6.62922 3.54934 3.55278 6.62922 6.63704 3.55278 3.55826 3.54934 3.55278 -2.23969e-08 -2.89191e-08 3.55278 3.55826 -2.89191e-08 -3.73018e-08 6.63704 6.64973 3.55826 3.56754 6.64973 6.66922 3.56754 3.58207 3.55826 3.56754 -3.73018e-08 -4.71283e-08 3.56754 3.58207 -4.71283e-08 -5.62158e-08 11.3939 11.4159 9.27075 9.2961 11.4159 11.4404 9.2961 9.32357 9.27075 9.2961 6.66922 6.69498 9.2961 9.32357 6.69498 6.72175 11.4404 11.4615 9.32357 9.34503 11.4615 11.4723 9.34503 9.35171 9.32357 9.34503 6.72175 6.73981 9.34503 9.35171 6.73981 6.7399 6.66922 6.69498 3.58207 3.60111 6.69498 6.72175 3.60111 3.61982 3.58207 3.60111 -5.62158e-08 -6.00977e-08 3.60111 3.61982 -6.00977e-08 -5.34415e-08 6.72175 6.73981 3.61982 3.63004 6.73981 6.7399 3.63004 3.62507 3.61982 3.63004 -5.34415e-08 -3.37574e-08 3.63004 3.62507 -3.37574e-08 -4.8328e-09 15.2143 15.2208 14.9811 14.9873 15.2208 15.2212 14.9873 14.9868 14.9811 14.9873 14.2812 14.286 14.9873 14.9868 14.286 14.2826 15.2212 15.2163 14.9868 14.9807 15.2163 15.2081 14.9807 14.9715 14.9868 14.9807 14.2826 14.273 14.9807 14.9715 14.273 14.2604 14.2812 14.286 13.1129 13.1147 14.286 14.2826 13.1147 13.106 13.1129 13.1147 11.4723 11.4685 13.1147 13.106 11.4685 11.4516 14.2826 14.273 13.106 13.0902 14.273 14.2604 13.0902 13.0722 13.106 13.0902 11.4516 11.4276 13.0902 13.0722 11.4276 11.4037 15.2081 15.199 14.9715 14.9614 15.199 15.1903 14.9614 14.9521 14.9715 14.9614 14.2604 14.2477 14.9614 14.9521 14.2477 14.2369 15.1903 15.1829 14.9521 14.9444 15.1829 15.177 14.9444 14.9384 14.9521 14.9444 14.2369 14.2285 14.9444 14.9384 14.2285 14.2225 14.2604 14.2477 13.0722 13.056 14.2477 14.2369 13.056 13.0436 13.0722 13.056 11.4037 11.3847 13.056 13.0436 11.3847 11.3722 14.2369 14.2285 13.0436 13.035 14.2285 14.2225 13.035 13.0297 13.0436 13.035 11.3722 11.3652 13.035 13.0297 11.3652 11.3619 11.4723 11.4685 9.35171 9.33974 11.4685 11.4516 9.33974 9.31317 9.35171 9.33974 6.7399 6.71988 9.33974 9.31317 6.71988 6.68715 11.4516 11.4276 9.31317 9.28156 11.4276 11.4037 9.28156 9.25417 9.31317 9.28156 6.68715 6.65381 9.28156 9.25417 6.65381 6.62914 6.7399 6.71988 3.62507 3.60521 6.71988 6.68715 3.60521 3.57845 3.62507 3.60521 -4.8328e-09 2.40651e-08 3.60521 3.57845 2.40651e-08 4.36878e-08 6.68715 6.65381 3.57845 3.55486 6.65381 6.62914 3.55486 3.54035 3.57845 3.55486 4.36878e-08 5.02923e-08 3.55486 3.54035 5.02923e-08 4.64162e-08 11.4037 11.3847 9.25417 9.2357 11.3847 11.3722 9.2357 9.22604 9.25417 9.2357 6.62914 6.61589 9.2357 9.22604 6.61589 6.61165 11.3722 11.3652 9.22604 9.22258 11.3652 11.3619 9.22258 9.22248 9.22604 9.22258 6.61165 6.61243 9.22258 9.22248 6.61243 6.6151 6.62914 6.61589 3.54035 3.53497 6.61589 6.61165 3.53497 3.53542 3.54035 3.53497 4.64162e-08 3.7427e-08 3.53497 3.53542 3.7427e-08 2.78114e-08 6.61165 6.61243 3.53542 3.53822 6.61243 6.6151 3.53822 3.5413 3.53542 3.53822 2.78114e-08 1.97668e-08 3.53822 3.5413 1.97668e-08 1.37253e-08 15.177 15.1723 14.9384 14.9337 15.1723 15.1687 14.9337 14.9302 14.9384 14.9337 14.2225 14.2182 14.9337 14.9302 14.2182 14.2152 15.1687 15.1658 14.9302 14.9276 15.1658 15.1636 14.9276 14.9255 14.9302 14.9276 14.2152 14.2132 14.9276 14.9255 14.2132 14.2117 14.2225 14.2182 13.0297 13.0265 14.2182 14.2152 13.0265 13.0248 13.0297 13.0265 11.3619 11.3608 13.0265 13.0248 11.3608 11.3608 14.2152 14.2132 13.0248 13.0238 14.2132 14.2117 13.0238 13.0234 13.0248 13.0238 11.3608 11.3613 13.0238 13.0234 11.3613 11.362 15.1636 15.1618 14.9255 14.9239 15.1618 15.1604 14.9239 14.9226 14.9255 14.9239 14.2117 14.2107 14.9239 14.9226 14.2107 14.2097 15.1604 15.1591 14.9226 14.9214 15.1591 15.158 14.9214 14.9204 14.9226 14.9214 14.2097 14.2087 14.9214 14.9204 14.2087 14.2079 14.2117 14.2107 13.0234 13.0231 14.2107 14.2097 13.0231 13.0227 13.0234 13.0231 11.362 11.3626 13.0231 13.0227 11.3626 11.3626 14.2097 14.2087 13.0227 13.0219 14.2087 14.2079 13.0219 13.0211 13.0227 13.0219 11.3626 11.3619 13.0219 13.0211 11.3619 11.3611 11.3619 11.3608 9.22248 9.22381 11.3608 11.3608 9.22381 9.22557 9.22248 9.22381 6.6151 6.61803 9.22381 9.22557 6.61803 6.62066 11.3608 11.3613 9.22557 9.22735 11.3613 11.362 9.22735 9.22896 9.22557 9.22735 6.62066 6.62291 9.22735 9.22896 6.62291 6.62479 6.6151 6.61803 3.5413 3.54388 6.61803 6.62066 3.54388 3.54592 3.5413 3.54388 1.37253e-08 9.35742e-09 3.54388 3.54592 9.35742e-09 6.21426e-09 6.62066 6.62291 3.54592 3.54756 6.62291 6.62479 3.54756 3.5489 3.54592 3.54756 6.21426e-09 3.9523e-09 3.54756 3.5489 3.9523e-09 2.34753e-09 11.362 11.3626 9.22896 9.23018 11.3626 11.3626 9.23018 9.2306 9.22896 9.23018 6.62479 6.62618 9.23018 9.2306 6.62618 6.6267 11.3626 11.3619 9.2306 9.22966 11.3619 11.3611 9.22966 9.22823 9.2306 9.22966 6.6267 6.62554 9.22966 9.22823 6.62554 6.62283 6.62479 6.62618 3.5489 3.54989 6.62618 6.6267 3.54989 3.55027 3.5489 3.54989 2.34753e-09 1.25364e-09 3.54989 3.55027 1.25364e-09 5.60812e-10 6.6267 6.62554 3.55027 3.54936 6.62554 6.62283 3.54936 3.54511 3.55027 3.54936 5.60812e-10 1.68207e-10 3.54936 3.54511 1.68207e-10 0 0 -4.49023e-09 0 -1.58143e-09 -4.49023e-09 -4.8392e-09 -1.58143e-09 -3.54581e-09 0 -1.58143e-09 0 5.48912e-11 -1.58143e-09 -3.54581e-09 5.48912e-11 -2.24716e-09 -4.8392e-09 -5.78687e-09 -3.54581e-09 -5.29301e-09 -5.78687e-09 -7.6449e-09 -5.29301e-09 -7.40582e-09 -3.54581e-09 -5.29301e-09 -2.24716e-09 -4.47989e-09 -5.29301e-09 -7.40582e-09 -4.47989e-09 -6.80292e-09 0 5.48912e-11 0 9.13123e-10 5.48912e-11 -2.24716e-09 9.13123e-10 -1.09159e-09 0 9.13123e-10 0 1.3963e-09 9.13123e-10 -1.09159e-09 1.3963e-09 -1.89477e-10 -2.24716e-09 -4.47989e-09 -1.09159e-09 -3.53002e-09 -4.47989e-09 -6.80292e-09 -3.53002e-09 -5.93847e-09 -1.09159e-09 -3.53002e-09 -1.89477e-10 -2.56943e-09 -3.53002e-09 -5.93847e-09 -2.56943e-09 -4.89912e-09 -7.6449e-09 -1.02233e-08 -7.40582e-09 -9.9815e-09 -1.02233e-08 -1.34341e-08 -9.9815e-09 -1.30713e-08 -7.40582e-09 -9.9815e-09 -6.80292e-09 -9.35047e-09 -9.9815e-09 -1.30713e-08 -9.35047e-09 -1.22534e-08 -1.34341e-08 -1.73876e-08 -1.30713e-08 -1.68193e-08 -1.73876e-08 -2.23969e-08 -1.68193e-08 -2.1478e-08 -1.30713e-08 -1.68193e-08 -1.22534e-08 -1.56765e-08 -1.68193e-08 -2.1478e-08 -1.56765e-08 -1.98203e-08 -6.80292e-09 -9.35047e-09 -5.93847e-09 -8.38256e-09 -9.35047e-09 -1.22534e-08 -8.38256e-09 -1.102e-08 -5.93847e-09 -8.38256e-09 -4.89912e-09 -7.13084e-09 -8.38256e-09 -1.102e-08 -7.13084e-09 -9.41582e-09 -1.22534e-08 -1.56765e-08 -1.102e-08 -1.40217e-08 -1.56765e-08 -1.98203e-08 -1.40217e-08 -1.75454e-08 -1.102e-08 -1.40217e-08 -9.41582e-09 -1.19179e-08 -1.40217e-08 -1.75454e-08 -1.19179e-08 -1.47597e-08 0 1.3963e-09 0 1.63931e-09 1.3963e-09 -1.89477e-10 1.63931e-09 4.31048e-10 0 1.63931e-09 0 1.63117e-09 1.63931e-09 4.31048e-10 1.63117e-09 7.27143e-10 -1.89477e-10 -2.56943e-09 4.31048e-10 -1.68683e-09 -2.56943e-09 -4.89912e-09 -1.68683e-09 -3.75293e-09 4.31048e-10 -1.68683e-09 7.27143e-10 -9.42846e-10 -1.68683e-09 -3.75293e-09 -9.42846e-10 -2.54559e-09 0 1.63117e-09 0 1.21039e-09 1.63117e-09 7.27143e-10 1.21039e-09 6.21753e-10 0 1.21039e-09 0 0 1.21039e-09 6.21753e-10 0 0 7.27143e-10 -9.42846e-10 6.21753e-10 -3.76519e-10 -9.42846e-10 -2.54559e-09 -3.76519e-10 -1.29773e-09 6.21753e-10 -3.76519e-10 0 0 -3.76519e-10 -1.29773e-09 0 0 -4.89912e-09 -7.13084e-09 -3.75293e-09 -5.64154e-09 -7.13084e-09 -9.41582e-09 -5.64154e-09 -7.48309e-09 -3.75293e-09 -5.64154e-09 -2.54559e-09 -3.94841e-09 -5.64154e-09 -7.48309e-09 -3.94841e-09 -5.25619e-09 -9.41582e-09 -1.19179e-08 -7.48309e-09 -9.42282e-09 -1.19179e-08 -1.47597e-08 -9.42282e-09 -1.15523e-08 -7.48309e-09 -9.42282e-09 -5.25619e-09 -6.58385e-09 -9.42282e-09 -1.15523e-08 -6.58385e-09 -7.99286e-09 -2.54559e-09 -3.94841e-09 -1.29773e-09 -2.06862e-09 -3.94841e-09 -5.25619e-09 -2.06862e-09 -2.75834e-09 -1.29773e-09 -2.06862e-09 0 0 -2.06862e-09 -2.75834e-09 0 0 -5.25619e-09 -6.58385e-09 -2.75834e-09 -3.43585e-09 -6.58385e-09 -7.99286e-09 -3.43585e-09 -4.13182e-09 -2.75834e-09 -3.43585e-09 0 0 -3.43585e-09 -4.13182e-09 0 0 -2.23969e-08 -2.89191e-08 -2.1478e-08 -2.7343e-08 -2.89191e-08 -3.73018e-08 -2.7343e-08 -3.45235e-08 -2.1478e-08 -2.7343e-08 -1.98203e-08 -2.48653e-08 -2.7343e-08 -3.45235e-08 -2.48653e-08 -3.07993e-08 -3.73018e-08 -4.71283e-08 -3.45235e-08 -4.24397e-08 -4.71283e-08 -5.62158e-08 -4.24397e-08 -4.91595e-08 -3.45235e-08 -4.24397e-08 -3.07993e-08 -3.7056e-08 -4.24397e-08 -4.91595e-08 -3.7056e-08 -4.2056e-08 -1.98203e-08 -2.48653e-08 -1.75454e-08 -2.16965e-08 -2.48653e-08 -3.07993e-08 -2.16965e-08 -2.6416e-08 -1.75454e-08 -2.16965e-08 -1.47597e-08 -1.79996e-08 -2.16965e-08 -2.6416e-08 -1.79996e-08 -2.1573e-08 -3.07993e-08 -3.7056e-08 -2.6416e-08 -3.12339e-08 -3.7056e-08 -4.2056e-08 -3.12339e-08 -3.49339e-08 -2.6416e-08 -3.12339e-08 -2.1573e-08 -2.51347e-08 -3.12339e-08 -3.49339e-08 -2.51347e-08 -2.78059e-08 -5.62158e-08 -6.00977e-08 -4.91595e-08 -5.12025e-08 -6.00977e-08 -5.34415e-08 -5.12025e-08 -4.47411e-08 -4.91595e-08 -5.12025e-08 -4.2056e-08 -4.31074e-08 -5.12025e-08 -4.47411e-08 -4.31074e-08 -3.73403e-08 -5.34415e-08 -3.37574e-08 -4.47411e-08 -2.8263e-08 -3.37574e-08 -4.8328e-09 -2.8263e-08 -4.84575e-09 -4.47411e-08 -2.8263e-08 -3.73403e-08 -2.37102e-08 -2.8263e-08 -4.84575e-09 -2.37102e-08 -4.68287e-09 -4.2056e-08 -4.31074e-08 -3.49339e-08 -3.54627e-08 -4.31074e-08 -3.73403e-08 -3.54627e-08 -3.06187e-08 -3.49339e-08 -3.54627e-08 -2.78059e-08 -2.80663e-08 -3.54627e-08 -3.06187e-08 -2.80663e-08 -2.42363e-08 -3.73403e-08 -2.37102e-08 -3.06187e-08 -1.96006e-08 -2.37102e-08 -4.68287e-09 -1.96006e-08 -4.34408e-09 -3.06187e-08 -1.96006e-08 -2.42363e-08 -1.56688e-08 -1.96006e-08 -4.34408e-09 -1.56688e-08 -3.82925e-09 -1.47597e-08 -1.79996e-08 -1.15523e-08 -1.39002e-08 -1.79996e-08 -2.1573e-08 -1.39002e-08 -1.64148e-08 -1.15523e-08 -1.39002e-08 -7.99286e-09 -9.4926e-09 -1.39002e-08 -1.64148e-08 -9.4926e-09 -1.10485e-08 -2.1573e-08 -2.51347e-08 -1.64148e-08 -1.88729e-08 -2.51347e-08 -2.78059e-08 -1.88729e-08 -2.06932e-08 -1.64148e-08 -1.88729e-08 -1.10485e-08 -1.25404e-08 -1.88729e-08 -2.06932e-08 -1.25404e-08 -1.36376e-08 -7.99286e-09 -9.4926e-09 -4.13182e-09 -4.84461e-09 -9.4926e-09 -1.10485e-08 -4.84461e-09 -5.55576e-09 -4.13182e-09 -4.84461e-09 0 0 -4.84461e-09 -5.55576e-09 0 0 -1.10485e-08 -1.25404e-08 -5.55576e-09 -6.22078e-09 -1.25404e-08 -1.36376e-08 -6.22078e-09 -6.70686e-09 -5.55576e-09 -6.22078e-09 0 0 -6.22078e-09 -6.70686e-09 0 0 -2.78059e-08 -2.80663e-08 -2.06932e-08 -2.08164e-08 -2.80663e-08 -2.42363e-08 -2.08164e-08 -1.80155e-08 -2.06932e-08 -2.08164e-08 -1.36376e-08 -1.36882e-08 -2.08164e-08 -1.80155e-08 -1.36882e-08 -1.18882e-08 -2.42363e-08 -1.56688e-08 -1.80155e-08 -1.17759e-08 -1.56688e-08 -3.82925e-09 -1.17759e-08 -3.13806e-09 -1.80155e-08 -1.17759e-08 -1.18882e-08 -7.86454e-09 -1.17759e-08 -3.13806e-09 -7.86454e-09 -2.26998e-09 -1.36376e-08 -1.36882e-08 -6.70686e-09 -6.71922e-09 -1.36882e-08 -1.18882e-08 -6.71922e-09 -5.86233e-09 -6.70686e-09 -6.71922e-09 0 0 -6.71922e-09 -5.86233e-09 0 0 -1.18882e-08 -7.86454e-09 -5.86233e-09 -3.9298e-09 -7.86454e-09 -2.26998e-09 -3.9298e-09 -1.22427e-09 -5.86233e-09 -3.9298e-09 0 0 -3.9298e-09 -1.22427e-09 0 0 -4.8328e-09 2.40651e-08 -4.84575e-09 1.85532e-08 2.40651e-08 4.36878e-08 1.85532e-08 3.49909e-08 -4.84575e-09 1.85532e-08 -4.68287e-09 1.43325e-08 1.85532e-08 3.49909e-08 1.43325e-08 2.79382e-08 4.36878e-08 5.02923e-08 3.49909e-08 4.14253e-08 5.02923e-08 4.64162e-08 4.14253e-08 3.94075e-08 3.49909e-08 4.14253e-08 2.79382e-08 3.36961e-08 4.14253e-08 3.94075e-08 3.36961e-08 3.26818e-08 -4.68287e-09 1.43325e-08 -4.34408e-09 1.09052e-08 1.43325e-08 2.79382e-08 1.09052e-08 2.19102e-08 -4.34408e-09 1.09052e-08 -3.82925e-09 8.00624e-09 1.09052e-08 2.19102e-08 8.00624e-09 1.65681e-08 2.79382e-08 3.36961e-08 2.19102e-08 2.67567e-08 3.36961e-08 3.26818e-08 2.67567e-08 2.62705e-08 2.19102e-08 2.67567e-08 1.65681e-08 2.04072e-08 2.67567e-08 2.62705e-08 2.04072e-08 2.0189e-08 4.64162e-08 3.7427e-08 3.94075e-08 3.27948e-08 3.7427e-08 2.78114e-08 3.27948e-08 2.50867e-08 3.94075e-08 3.27948e-08 3.26818e-08 2.77902e-08 3.27948e-08 2.50867e-08 2.77902e-08 2.17304e-08 2.78114e-08 1.97668e-08 2.50867e-08 1.82297e-08 1.97668e-08 1.37253e-08 1.82297e-08 1.28189e-08 2.50867e-08 1.82297e-08 2.17304e-08 1.60957e-08 1.82297e-08 1.28189e-08 1.60957e-08 1.1468e-08 3.26818e-08 2.77902e-08 2.62705e-08 2.26733e-08 2.77902e-08 2.17304e-08 2.26733e-08 1.80337e-08 2.62705e-08 2.26733e-08 2.0189e-08 1.76092e-08 2.26733e-08 1.80337e-08 1.76092e-08 1.42004e-08 2.17304e-08 1.60957e-08 1.80337e-08 1.35805e-08 1.60957e-08 1.1468e-08 1.35805e-08 9.79964e-09 1.80337e-08 1.35805e-08 1.42004e-08 1.08524e-08 1.35805e-08 9.79964e-09 1.08524e-08 7.92559e-09 -3.82925e-09 8.00624e-09 -3.13806e-09 5.49783e-09 8.00624e-09 1.65681e-08 5.49783e-09 1.17361e-08 -3.13806e-09 5.49783e-09 -2.26998e-09 3.32374e-09 5.49783e-09 1.17361e-08 3.32374e-09 7.34807e-09 1.65681e-08 2.04072e-08 1.17361e-08 1.45482e-08 2.04072e-08 2.0189e-08 1.45482e-08 1.44622e-08 1.17361e-08 1.45482e-08 7.34807e-09 9.15804e-09 1.45482e-08 1.44622e-08 9.15804e-09 9.13543e-09 -2.26998e-09 3.32374e-09 -1.22427e-09 1.48099e-09 3.32374e-09 7.34807e-09 1.48099e-09 3.41439e-09 -1.22427e-09 1.48099e-09 0 0 1.48099e-09 3.41439e-09 0 0 7.34807e-09 9.15804e-09 3.41439e-09 4.27726e-09 9.15804e-09 9.13543e-09 4.27726e-09 4.28032e-09 3.41439e-09 4.27726e-09 0 0 4.27726e-09 4.28032e-09 0 0 2.0189e-08 1.76092e-08 1.44622e-08 1.27167e-08 1.76092e-08 1.42004e-08 1.27167e-08 1.038e-08 1.44622e-08 1.27167e-08 9.13543e-09 8.09171e-09 1.27167e-08 1.038e-08 8.09171e-09 6.68476e-09 1.42004e-08 1.08524e-08 1.038e-08 8.04255e-09 1.08524e-08 7.92559e-09 8.04255e-09 5.94077e-09 1.038e-08 8.04255e-09 6.68476e-09 5.25156e-09 8.04255e-09 5.94077e-09 5.25156e-09 3.92209e-09 9.13543e-09 8.09171e-09 4.28032e-09 3.82265e-09 8.09171e-09 6.68476e-09 3.82265e-09 3.20183e-09 4.28032e-09 3.82265e-09 0 0 3.82265e-09 3.20183e-09 0 0 6.68476e-09 5.25156e-09 3.20183e-09 2.55379e-09 5.25156e-09 3.92209e-09 2.55379e-09 1.92835e-09 3.20183e-09 2.55379e-09 0 0 2.55379e-09 1.92835e-09 0 0 1.37253e-08 9.35742e-09 1.28189e-08 8.7628e-09 9.35742e-09 6.21426e-09 8.7628e-09 5.77885e-09 1.28189e-08 8.7628e-09 1.1468e-08 7.87963e-09 8.7628e-09 5.77885e-09 7.87963e-09 5.17407e-09 6.21426e-09 3.9523e-09 5.77885e-09 3.60821e-09 3.9523e-09 2.34753e-09 3.60821e-09 2.06245e-09 5.77885e-09 3.60821e-09 5.17407e-09 3.17654e-09 3.60821e-09 2.06245e-09 3.17654e-09 1.74517e-09 1.1468e-08 7.87963e-09 9.79964e-09 6.7733e-09 7.87963e-09 5.17407e-09 6.7733e-09 4.43252e-09 9.79964e-09 6.7733e-09 7.92559e-09 5.50978e-09 6.7733e-09 4.43252e-09 5.50978e-09 3.59185e-09 5.17407e-09 3.17654e-09 4.43252e-09 2.67486e-09 3.17654e-09 1.74517e-09 2.67486e-09 1.40586e-09 4.43252e-09 2.67486e-09 3.59185e-09 2.12576e-09 2.67486e-09 1.40586e-09 2.12576e-09 1.05867e-09 2.34753e-09 1.25364e-09 2.06245e-09 1.0111e-09 1.25364e-09 5.60812e-10 1.0111e-09 3.6011e-10 2.06245e-09 1.0111e-09 1.74517e-09 7.75852e-10 1.0111e-09 3.6011e-10 7.75852e-10 1.95803e-10 5.60812e-10 1.68207e-10 3.6011e-10 3.85749e-11 1.68207e-10 0 3.85749e-11 0 3.6011e-10 3.85749e-11 1.95803e-10 -4.29134e-11 3.85749e-11 0 -4.29134e-11 0 1.74517e-09 7.75852e-10 1.40586e-09 5.5129e-10 7.75852e-10 1.95803e-10 5.5129e-10 6.03059e-11 1.40586e-09 5.5129e-10 1.05867e-09 3.44582e-10 5.5129e-10 6.03059e-11 3.44582e-10 -4.78639e-11 1.95803e-10 -4.29134e-11 6.03059e-11 -1.0023e-10 -4.29134e-11 0 -1.0023e-10 0 6.03059e-11 -1.0023e-10 -4.78639e-11 -1.4041e-10 -1.0023e-10 0 -1.4041e-10 0 7.92559e-09 5.50978e-09 5.94077e-09 4.15079e-09 5.50978e-09 3.59185e-09 4.15079e-09 2.69128e-09 5.94077e-09 4.15079e-09 3.92209e-09 2.75084e-09 4.15079e-09 2.69128e-09 2.75084e-09 1.76911e-09 3.59185e-09 2.12576e-09 2.69128e-09 1.55517e-09 2.12576e-09 1.05867e-09 1.55517e-09 7.21549e-10 2.69128e-09 1.55517e-09 1.76911e-09 9.91115e-10 1.55517e-09 7.21549e-10 9.91115e-10 4.15869e-10 3.92209e-09 2.75084e-09 1.92835e-09 1.35541e-09 2.75084e-09 1.76911e-09 1.35541e-09 8.6118e-10 1.92835e-09 1.35541e-09 0 0 1.35541e-09 8.6118e-10 0 0 1.76911e-09 9.91115e-10 8.6118e-10 4.62769e-10 9.91115e-10 4.15869e-10 4.62769e-10 1.6619e-10 8.6118e-10 4.62769e-10 0 0 4.62769e-10 1.6619e-10 0 0 1.05867e-09 3.44582e-10 7.21549e-10 1.67374e-10 3.44582e-10 -4.78639e-11 1.67374e-10 -1.23257e-10 7.21549e-10 1.67374e-10 4.15869e-10 3.60208e-11 1.67374e-10 -1.23257e-10 3.60208e-11 -1.53695e-10 -4.78639e-11 -1.4041e-10 -1.23257e-10 -1.62448e-10 -1.4041e-10 0 -1.62448e-10 0 -1.23257e-10 -1.62448e-10 -1.53695e-10 -1.58878e-10 -1.62448e-10 0 -1.58878e-10 0 4.15869e-10 3.60208e-11 1.6619e-10 -2.83621e-11 3.60208e-11 -1.53695e-10 -2.83621e-11 -1.20905e-10 1.6619e-10 -2.83621e-11 0 0 -2.83621e-11 -1.20905e-10 0 0 -1.53695e-10 -1.58878e-10 -1.20905e-10 -1.13753e-10 -1.58878e-10 0 -1.13753e-10 0 -1.20905e-10 -1.13753e-10 0 0 -1.13753e-10 0 0 0 
SCALARS y_velo double 1
LOOKUP_TABLE default
0 0 0 1.63922e-09 0 0 1.63922e-09 2.24625e-09 0 1.63922e-09 0 3.30123e-09 1.63922e-09 2.24625e-09 3.30123e-09 4.77086e-09 0 0 2.24625e-09 2.44708e-09 0 0 2.44708e-09 2.43069e-09 2.24625e-09 2.44708e-09 4.77086e-09 5.20143e-09 2.44708e-09 2.43069e-09 5.20143e-09 5.13125e-09 0 3.30123e-09 0 5.00898e-09 3.30123e-09 4.77086e-09 5.00898e-09 7.50781e-09 0 5.00898e-09 0 6.88836e-09 5.00898e-09 7.50781e-09 6.88836e-09 1.04303e-08 4.77086e-09 5.20143e-09 7.50781e-09 8.179e-09 5.20143e-09 5.13125e-09 8.179e-09 8.04165e-09 7.50781e-09 8.179e-09 1.04303e-08 1.13097e-08 8.179e-09 8.04165e-09 1.13097e-08 1.11033e-08 0 0 2.43069e-09 2.33128e-09 0 0 2.33128e-09 2.20618e-09 2.43069e-09 2.33128e-09 5.13125e-09 4.90449e-09 2.33128e-09 2.20618e-09 4.90449e-09 4.64928e-09 0 0 2.20618e-09 2.07314e-09 0 0 2.07314e-09 1.9438e-09 2.20618e-09 2.07314e-09 4.64928e-09 4.39457e-09 2.07314e-09 1.9438e-09 4.39457e-09 4.15741e-09 5.13125e-09 4.90449e-09 8.04165e-09 7.68465e-09 4.90449e-09 4.64928e-09 7.68465e-09 7.31155e-09 8.04165e-09 7.68465e-09 1.11033e-08 1.06336e-08 7.68465e-09 7.31155e-09 1.06336e-08 1.01711e-08 4.64928e-09 4.39457e-09 7.31155e-09 6.96042e-09 4.39457e-09 4.15741e-09 6.96042e-09 6.65262e-09 7.31155e-09 6.96042e-09 1.01711e-08 9.7626e-09 6.96042e-09 6.65262e-09 9.7626e-09 9.43638e-09 0 6.88836e-09 0 9.06634e-09 6.88836e-09 1.04303e-08 9.06634e-09 1.35202e-08 0 9.06634e-09 0 1.16896e-08 9.06634e-09 1.35202e-08 1.16896e-08 1.67172e-08 1.04303e-08 1.13097e-08 1.35202e-08 1.4528e-08 1.13097e-08 1.11033e-08 1.4528e-08 1.42616e-08 1.35202e-08 1.4528e-08 1.67172e-08 1.77683e-08 1.4528e-08 1.42616e-08 1.77683e-08 1.74686e-08 0 1.16896e-08 0 1.48725e-08 1.16896e-08 1.67172e-08 1.48725e-08 1.98767e-08 0 1.48725e-08 0 1.7857e-08 1.48725e-08 1.98767e-08 1.7857e-08 2.28612e-08 1.67172e-08 1.77683e-08 1.98767e-08 2.09664e-08 1.77683e-08 1.74686e-08 2.09664e-08 2.06888e-08 1.98767e-08 2.09664e-08 2.28612e-08 2.40781e-08 2.09664e-08 2.06888e-08 2.40781e-08 2.39062e-08 1.11033e-08 1.06336e-08 1.42616e-08 1.37133e-08 1.06336e-08 1.01711e-08 1.37133e-08 1.32029e-08 1.42616e-08 1.37133e-08 1.74686e-08 1.68893e-08 1.37133e-08 1.32029e-08 1.68893e-08 1.63796e-08 1.01711e-08 9.7626e-09 1.32029e-08 1.27873e-08 9.7626e-09 9.43638e-09 1.27873e-08 1.25081e-08 1.32029e-08 1.27873e-08 1.63796e-08 1.6013e-08 1.27873e-08 1.25081e-08 1.6013e-08 1.58563e-08 1.74686e-08 1.68893e-08 2.06888e-08 2.01329e-08 1.68893e-08 1.63796e-08 2.01329e-08 1.96714e-08 2.06888e-08 2.01329e-08 2.39062e-08 2.3425e-08 2.01329e-08 1.96714e-08 2.3425e-08 2.3046e-08 1.63796e-08 1.6013e-08 1.96714e-08 1.94079e-08 1.6013e-08 1.58563e-08 1.94079e-08 1.9453e-08 1.96714e-08 1.94079e-08 2.3046e-08 2.29257e-08 1.94079e-08 1.9453e-08 2.29257e-08 2.32456e-08 0 0 1.9438e-09 1.84622e-09 0 0 1.84622e-09 1.83514e-09 1.9438e-09 1.84622e-09 4.15741e-09 4.00117e-09 1.84622e-09 1.83514e-09 4.00117e-09 4.06933e-09 0 0 1.83514e-09 1.98018e-09 0 0 1.98018e-09 2.3251e-09 1.83514e-09 1.98018e-09 4.06933e-09 4.56723e-09 1.98018e-09 2.3251e-09 4.56723e-09 5.65797e-09 4.15741e-09 4.00117e-09 6.65262e-09 6.49394e-09 4.00117e-09 4.06933e-09 6.49394e-09 6.74317e-09 6.65262e-09 6.49394e-09 9.43638e-09 9.34732e-09 6.49394e-09 6.74317e-09 9.34732e-09 9.88984e-09 4.06933e-09 4.56723e-09 6.74317e-09 7.79727e-09 4.56723e-09 5.65797e-09 7.79727e-09 1.00119e-08 6.74317e-09 7.79727e-09 9.88984e-09 1.17003e-08 7.79727e-09 1.00119e-08 1.17003e-08 1.5399e-08 0 0 2.3251e-09 2.83664e-09 0 0 2.83664e-09 3.38547e-09 2.3251e-09 2.83664e-09 5.65797e-09 7.29751e-09 2.83664e-09 3.38547e-09 7.29751e-09 9.12559e-09 0 0 3.38547e-09 3.78713e-09 0 0 3.78713e-09 3.88237e-09 3.38547e-09 3.78713e-09 9.12559e-09 1.05415e-08 3.78713e-09 3.88237e-09 1.05415e-08 1.09731e-08 5.65797e-09 7.29751e-09 1.00119e-08 1.33674e-08 7.29751e-09 9.12559e-09 1.33674e-08 1.71887e-08 1.00119e-08 1.33674e-08 1.5399e-08 2.1037e-08 1.33674e-08 1.71887e-08 2.1037e-08 2.75547e-08 9.12559e-09 1.05415e-08 1.71887e-08 2.0231e-08 1.05415e-08 1.09731e-08 2.0231e-08 2.12431e-08 1.71887e-08 2.0231e-08 2.75547e-08 3.28374e-08 2.0231e-08 2.12431e-08 3.28374e-08 3.46774e-08 9.43638e-09 9.34732e-09 1.25081e-08 1.25769e-08 9.34732e-09 9.88984e-09 1.25769e-08 1.35389e-08 1.25081e-08 1.25769e-08 1.58563e-08 1.61883e-08 1.25769e-08 1.35389e-08 1.61883e-08 1.77185e-08 9.88984e-09 1.17003e-08 1.35389e-08 1.63091e-08 1.17003e-08 1.5399e-08 1.63091e-08 2.18409e-08 1.35389e-08 1.63091e-08 1.77185e-08 2.16703e-08 1.63091e-08 2.18409e-08 2.16703e-08 2.93855e-08 1.58563e-08 1.61883e-08 1.9453e-08 2.01714e-08 1.61883e-08 1.77185e-08 2.01714e-08 2.2455e-08 1.9453e-08 2.01714e-08 2.32456e-08 2.44906e-08 2.01714e-08 2.2455e-08 2.44906e-08 2.77705e-08 1.77185e-08 2.16703e-08 2.2455e-08 2.78567e-08 2.16703e-08 2.93855e-08 2.78567e-08 3.81349e-08 2.2455e-08 2.78567e-08 2.77705e-08 3.49875e-08 2.78567e-08 3.81349e-08 3.49875e-08 4.82929e-08 1.5399e-08 2.1037e-08 2.18409e-08 3.03086e-08 2.1037e-08 2.75547e-08 3.03086e-08 4.02115e-08 2.18409e-08 3.03086e-08 2.93855e-08 4.12101e-08 3.03086e-08 4.02115e-08 4.12101e-08 5.5155e-08 2.75547e-08 3.28374e-08 4.02115e-08 4.83449e-08 3.28374e-08 3.46774e-08 4.83449e-08 5.12611e-08 4.02115e-08 4.83449e-08 5.5155e-08 6.67221e-08 4.83449e-08 5.12611e-08 6.67221e-08 7.09524e-08 2.93855e-08 4.12101e-08 3.81349e-08 5.38231e-08 4.12101e-08 5.5155e-08 5.38231e-08 7.23922e-08 3.81349e-08 5.38231e-08 4.82929e-08 6.83345e-08 5.38231e-08 7.23922e-08 6.83345e-08 9.19501e-08 5.5155e-08 6.67221e-08 7.23922e-08 8.78889e-08 6.67221e-08 7.09524e-08 8.78889e-08 9.36331e-08 7.23922e-08 8.78889e-08 9.19501e-08 1.11658e-07 8.78889e-08 9.36331e-08 1.11658e-07 1.19017e-07 0 0 3.88237e-09 3.60911e-09 0 0 3.60911e-09 3.03012e-09 3.88237e-09 3.60911e-09 1.09731e-08 1.01846e-08 3.60911e-09 3.03012e-09 1.01846e-08 8.41214e-09 0 0 3.03012e-09 2.30496e-09 0 0 2.30496e-09 1.61801e-09 3.03012e-09 2.30496e-09 8.41214e-09 6.22789e-09 2.30496e-09 1.61801e-09 6.22789e-09 4.23271e-09 1.09731e-08 1.01846e-08 2.12431e-08 1.9695e-08 1.01846e-08 8.41214e-09 1.9695e-08 1.61153e-08 2.12431e-08 1.9695e-08 3.46774e-08 3.21225e-08 1.9695e-08 1.61153e-08 3.21225e-08 2.61206e-08 8.41214e-09 6.22789e-09 1.61153e-08 1.17549e-08 6.22789e-09 4.23271e-09 1.17549e-08 7.85887e-09 1.61153e-08 1.17549e-08 2.61206e-08 1.88779e-08 1.17549e-08 7.85887e-09 1.88779e-08 1.25102e-08 0 0 1.61801e-09 1.09843e-09 0 0 1.09843e-09 7.79444e-10 1.61801e-09 1.09843e-09 4.23271e-09 2.78701e-09 1.09843e-09 7.79444e-10 2.78701e-09 1.93472e-09 0 0 7.79444e-10 6.17004e-10 0 0 6.17004e-10 5.40571e-10 7.79444e-10 6.17004e-10 1.93472e-09 1.51181e-09 6.17004e-10 5.40571e-10 1.51181e-09 1.31004e-09 4.23271e-09 2.78701e-09 7.85887e-09 5.1033e-09 2.78701e-09 1.93472e-09 5.1033e-09 3.50785e-09 7.85887e-09 5.1033e-09 1.25102e-08 8.07894e-09 5.1033e-09 3.50785e-09 8.07894e-09 5.53387e-09 1.93472e-09 1.51181e-09 3.50785e-09 2.71515e-09 1.51181e-09 1.31004e-09 2.71515e-09 2.32272e-09 3.50785e-09 2.71515e-09 5.53387e-09 4.25211e-09 2.71515e-09 2.32272e-09 4.25211e-09 3.5892e-09 3.46774e-08 3.21225e-08 5.12611e-08 4.74521e-08 3.21225e-08 2.61206e-08 4.74521e-08 3.84173e-08 5.12611e-08 4.74521e-08 7.09524e-08 6.56533e-08 4.74521e-08 3.84173e-08 6.56533e-08 5.30028e-08 2.61206e-08 1.88779e-08 3.84173e-08 2.76011e-08 1.88779e-08 1.25102e-08 2.76011e-08 1.82102e-08 3.84173e-08 2.76011e-08 5.30028e-08 3.79541e-08 2.76011e-08 1.82102e-08 3.79541e-08 2.50085e-08 7.09524e-08 6.56533e-08 9.36331e-08 8.66471e-08 6.56533e-08 5.30028e-08 8.66471e-08 6.9886e-08 9.36331e-08 8.66471e-08 1.19017e-07 1.10248e-07 8.66471e-08 6.9886e-08 1.10248e-07 8.9096e-08 5.30028e-08 3.79541e-08 6.9886e-08 5.00206e-08 3.79541e-08 2.50085e-08 5.00206e-08 3.30096e-08 6.9886e-08 5.00206e-08 8.9096e-08 6.399e-08 5.00206e-08 3.30096e-08 6.399e-08 4.24199e-08 1.25102e-08 8.07894e-09 1.82102e-08 1.17488e-08 8.07894e-09 5.53387e-09 1.17488e-08 8.04453e-09 1.82102e-08 1.17488e-08 2.50085e-08 1.61615e-08 1.17488e-08 8.04453e-09 1.61615e-08 1.10705e-08 5.53387e-09 4.25211e-09 8.04453e-09 6.14108e-09 4.25211e-09 3.5892e-09 6.14108e-09 5.11314e-09 8.04453e-09 6.14108e-09 1.10705e-08 8.39089e-09 6.14108e-09 5.11314e-09 8.39089e-09 6.88719e-09 2.50085e-08 1.61615e-08 3.30096e-08 2.13923e-08 1.61615e-08 1.10705e-08 2.13923e-08 1.46411e-08 3.30096e-08 2.13923e-08 4.24199e-08 2.75634e-08 2.13923e-08 1.46411e-08 2.75634e-08 1.87817e-08 1.10705e-08 8.39089e-09 1.46411e-08 1.09948e-08 8.39089e-09 6.88719e-09 1.09948e-08 8.88739e-09 1.46411e-08 1.09948e-08 1.87817e-08 1.3921e-08 1.09948e-08 8.88739e-09 1.3921e-08 1.10652e-08 0 0 5.40571e-10 4.93515e-10 0 0 4.93515e-10 4.457e-10 5.40571e-10 4.93515e-10 1.31004e-09 1.17975e-09 4.93515e-10 4.457e-10 1.17975e-09 1.04869e-09 0 0 4.457e-10 3.87163e-10 0 0 3.87163e-10 3.17759e-10 4.457e-10 3.87163e-10 1.04869e-09 8.96045e-10 3.87163e-10 3.17759e-10 8.96045e-10 7.22709e-10 1.31004e-09 1.17975e-09 2.32272e-09 2.06013e-09 1.17975e-09 1.04869e-09 2.06013e-09 1.80377e-09 2.32272e-09 2.06013e-09 3.5892e-09 3.13365e-09 2.06013e-09 1.80377e-09 3.13365e-09 2.70396e-09 1.04869e-09 8.96045e-10 1.80377e-09 1.51995e-09 8.96045e-10 7.22709e-10 1.51995e-09 1.20996e-09 1.80377e-09 1.51995e-09 2.70396e-09 2.25083e-09 1.51995e-09 1.20996e-09 2.25083e-09 1.77361e-09 0 0 3.17759e-10 2.40754e-10 0 0 2.40754e-10 1.61811e-10 3.17759e-10 2.40754e-10 7.22709e-10 5.35164e-10 2.40754e-10 1.61811e-10 5.35164e-10 3.43851e-10 0 0 1.61811e-10 9.06033e-11 0 0 9.06033e-11 0 1.61811e-10 9.06033e-11 3.43851e-10 1.69739e-10 9.06033e-11 0 1.69739e-10 0 7.22709e-10 5.35164e-10 1.20996e-09 8.82278e-10 5.35164e-10 3.43851e-10 8.82278e-10 5.50489e-10 1.20996e-09 8.82278e-10 1.77361e-09 1.28043e-09 8.82278e-10 5.50489e-10 1.28043e-09 7.85213e-10 3.43851e-10 1.69739e-10 5.50489e-10 2.45983e-10 1.69739e-10 0 2.45983e-10 0 5.50489e-10 2.45983e-10 7.85213e-10 3.29749e-10 2.45983e-10 0 3.29749e-10 0 3.5892e-09 3.13365e-09 5.11314e-09 4.39385e-09 3.13365e-09 2.70396e-09 4.39385e-09 3.73856e-09 5.11314e-09 4.39385e-09 6.88719e-09 5.82571e-09 4.39385e-09 3.73856e-09 5.82571e-09 4.89138e-09 2.70396e-09 2.25083e-09 3.73856e-09 3.07818e-09 2.25083e-09 1.77361e-09 3.07818e-09 2.40609e-09 3.73856e-09 3.07818e-09 4.89138e-09 3.98822e-09 3.07818e-09 2.40609e-09 3.98822e-09 3.09762e-09 6.88719e-09 5.82571e-09 8.88739e-09 7.40215e-09 5.82571e-09 4.89138e-09 7.40215e-09 6.13907e-09 8.88739e-09 7.40215e-09 1.10652e-08 9.07983e-09 7.40215e-09 6.13907e-09 9.07983e-09 7.44941e-09 4.89138e-09 3.98822e-09 6.13907e-09 4.96317e-09 3.98822e-09 3.09762e-09 4.96317e-09 3.83576e-09 6.13907e-09 4.96317e-09 7.44941e-09 5.98068e-09 4.96317e-09 3.83576e-09 5.98068e-09 4.60518e-09 1.77361e-09 1.28043e-09 2.40609e-09 1.72669e-09 1.28043e-09 7.85213e-10 1.72669e-09 1.05087e-09 2.40609e-09 1.72669e-09 3.09762e-09 2.21623e-09 1.72669e-09 1.05087e-09 2.21623e-09 1.34891e-09 7.85213e-10 3.29749e-10 1.05087e-09 4.27974e-10 3.29749e-10 0 4.27974e-10 0 1.05087e-09 4.27974e-10 1.34891e-09 5.45884e-10 4.27974e-10 0 5.45884e-10 0 3.09762e-09 2.21623e-09 3.83576e-09 2.74172e-09 2.21623e-09 1.34891e-09 2.74172e-09 1.67821e-09 3.83576e-09 2.74172e-09 4.60518e-09 3.29261e-09 2.74172e-09 1.67821e-09 3.29261e-09 2.03304e-09 1.34891e-09 5.45884e-10 1.67821e-09 6.89413e-10 5.45884e-10 0 6.89413e-10 0 1.67821e-09 6.89413e-10 2.03304e-09 8.67108e-10 6.89413e-10 0 8.67108e-10 0 0 1.7857e-08 0 -0.00452645 1.7857e-08 2.28612e-08 -0.00452645 -0.00205809 0 -0.00452645 0 -0.00800441 -0.00452645 -0.00205809 -0.00800441 -0.00473165 2.28612e-08 2.40781e-08 -0.00205809 -0.000410382 2.40781e-08 2.39062e-08 -0.000410382 0.000451221 -0.00205809 -0.000410382 -0.00473165 -0.00200537 -0.000410382 0.000451221 -0.00200537 -0.000311447 0 -0.00800441 0 -0.00658023 -0.00800441 -0.00473165 -0.00658023 -0.00551579 0 -0.00658023 0 -0.0045956 -0.00658023 -0.00551579 -0.0045956 -0.00486022 -0.00473165 -0.00200537 -0.00551579 -0.00315652 -0.00200537 -0.000311447 -0.00315652 -0.0012615 -0.00551579 -0.00315652 -0.00486022 -0.00335292 -0.00315652 -0.0012615 -0.00335292 -0.00176549 2.39062e-08 2.3425e-08 0.000451221 0.000854115 2.3425e-08 2.3046e-08 0.000854115 0.00107207 0.000451221 0.000854115 -0.000311447 0.000644862 0.000854115 0.00107207 0.000644862 0.00122736 2.3046e-08 2.29257e-08 0.00107207 0.00129593 2.29257e-08 2.32456e-08 0.00129593 0.00172906 0.00107207 0.00129593 0.00122736 0.0017433 0.00129593 0.00172906 0.0017433 0.00251433 -0.000311447 0.000644862 -0.0012615 4.84765e-06 0.000644862 0.00122736 4.84765e-06 0.000864892 -0.0012615 4.84765e-06 -0.00176549 -0.000535828 4.84765e-06 0.000864892 -0.000535828 0.00038744 0.00122736 0.0017433 0.000864892 0.00161405 0.0017433 0.00251433 0.00161405 0.00259627 0.000864892 0.00161405 0.00038744 0.00121783 0.00161405 0.00259627 0.00121783 0.00225156 0 -0.0045956 0 -0.00304391 -0.0045956 -0.00486022 -0.00304391 -0.00363888 0 -0.00304391 0 -0.00186293 -0.00304391 -0.00363888 -0.00186293 -0.00236878 -0.00486022 -0.00335292 -0.00363888 -0.00281283 -0.00335292 -0.00176549 -0.00281283 -0.00170289 -0.00363888 -0.00281283 -0.00236878 -0.00194518 -0.00281283 -0.00170289 -0.00194518 -0.00126563 0 -0.00186293 0 -0.000887073 -0.00186293 -0.00236878 -0.000887073 -0.00116261 0 -0.000887073 0 3.96484e-12 -0.000887073 -0.00116261 3.96484e-12 7.52165e-12 -0.00236878 -0.00194518 -0.00116261 -0.000982148 -0.00194518 -0.00126563 -0.000982148 -0.000660008 -0.00116261 -0.000982148 7.52165e-12 1.0503e-11 -0.000982148 -0.000660008 1.0503e-11 1.27419e-11 -0.00176549 -0.000535828 -0.00170289 -0.00073715 -0.000535828 0.00038744 -0.00073715 5.13713e-05 -0.00170289 -0.00073715 -0.00126563 -0.000630885 -0.00073715 5.13713e-05 -0.000630885 -8.27588e-05 0.00038744 0.00121783 5.13713e-05 0.000795241 0.00121783 0.00225156 0.000795241 0.00171452 5.13713e-05 0.000795241 -8.27588e-05 0.000456869 0.000795241 0.00171452 0.000456869 0.00113147 -0.00126563 -0.000630885 -0.000660008 -0.00034921 -0.000630885 -8.27588e-05 -0.00034921 -7.33425e-05 -0.000660008 -0.00034921 1.27419e-11 1.40443e-11 -0.00034921 -7.33425e-05 1.40443e-11 1.4291e-11 -8.27588e-05 0.000456869 -7.33425e-05 0.000205577 0.000456869 0.00113147 0.000205577 0.000558799 -7.33425e-05 0.000205577 1.4291e-11 1.34568e-11 0.000205577 0.000558799 1.34568e-11 1.15098e-11 2.32456e-08 2.44906e-08 0.00172906 0.00270492 2.44906e-08 2.77705e-08 0.00270492 0.00473572 0.00172906 0.00270492 0.00251433 0.00399527 0.00270492 0.00473572 0.00399527 0.00681009 2.77705e-08 3.49875e-08 0.00473572 0.00830209 3.49875e-08 4.82929e-08 0.00830209 0.013208 0.00473572 0.00830209 0.00681009 0.0114956 0.00830209 0.013208 0.0114956 0.0177919 0.00251433 0.00399527 0.00259627 0.00426747 0.00399527 0.00681009 0.00426747 0.00719473 0.00259627 0.00426747 0.00225156 0.00387875 0.00426747 0.00719473 0.00387875 0.00654988 0.00681009 0.0114956 0.00719473 0.011812 0.0114956 0.0177919 0.011812 0.0178298 0.00719473 0.011812 0.00654988 0.0105623 0.011812 0.0178298 0.0105623 0.0156168 4.82929e-08 6.83345e-08 0.013208 0.0177755 6.83345e-08 9.19501e-08 0.0177755 0.0189203 0.013208 0.0177755 0.0177919 0.0237868 0.0177755 0.0189203 0.0237868 0.0259631 9.19501e-08 1.11658e-07 0.0189203 0.0140705 1.11658e-07 1.19017e-07 0.0140705 0.00386748 0.0189203 0.0140705 0.0259631 0.0211366 0.0140705 0.00386748 0.0211366 0.00937838 0.0177919 0.0237868 0.0178298 0.0235723 0.0237868 0.0259631 0.0235723 0.0260417 0.0178298 0.0235723 0.0156168 0.0203711 0.0235723 0.0260417 0.0203711 0.0225438 0.0259631 0.0211366 0.0260417 0.0224242 0.0211366 0.00937838 0.0224242 0.0124002 0.0260417 0.0224242 0.0225438 0.0200057 0.0224242 0.0124002 0.0200057 0.0123945 0.00225156 0.00387875 0.00171452 0.00310364 0.00387875 0.00654988 0.00310364 0.00528535 0.00171452 0.00310364 0.00113147 0.00213425 0.00310364 0.00528535 0.00213425 0.00366893 0.00654988 0.0105623 0.00528535 0.00844005 0.0105623 0.0156168 0.00844005 0.0122946 0.00528535 0.00844005 0.00366893 0.00583186 0.00844005 0.0122946 0.00583186 0.00841524 0.00113147 0.00213425 0.000558799 0.00108161 0.00213425 0.00366893 0.00108161 0.00187172 0.000558799 0.00108161 1.15098e-11 8.4018e-12 0.00108161 0.00187172 8.4018e-12 4.10804e-12 0.00366893 0.00583186 0.00187172 0.00296954 0.00583186 0.00841524 0.00296954 0.0042631 0.00187172 0.00296954 4.10804e-12 -1.23533e-12 0.00296954 0.0042631 -1.23533e-12 -7.22342e-12 0.0156168 0.0203711 0.0122946 0.0158449 0.0203711 0.0225438 0.0158449 0.0174759 0.0122946 0.0158449 0.00841524 0.0107496 0.0158449 0.0174759 0.0107496 0.0118051 0.0225438 0.0200057 0.0174759 0.0157226 0.0200057 0.0123945 0.0157226 0.0103292 0.0174759 0.0157226 0.0118051 0.0106761 0.0157226 0.0103292 0.0106761 0.00721987 0.00841524 0.0107496 0.0042631 0.00541732 0.0107496 0.0118051 0.00541732 0.00593086 0.0042631 0.00541732 -7.22342e-12 -1.31724e-11 0.00541732 0.00593086 -1.31724e-11 -1.82767e-11 0.0118051 0.0106761 0.00593086 0.0053721 0.0106761 0.00721987 0.0053721 0.00368039 0.00593086 0.0053721 -1.82767e-11 -2.19503e-11 0.0053721 0.00368039 -2.19503e-11 -2.40819e-11 1.19017e-07 1.10248e-07 0.00386748 -0.00741341 1.10248e-07 8.9096e-08 -0.00741341 -0.0148959 0.00386748 -0.00741341 0.00937838 -0.00504855 -0.00741341 -0.0148959 -0.00504855 -0.0163651 8.9096e-08 6.399e-08 -0.0148959 -0.0165644 6.399e-08 4.24199e-08 -0.0165644 -0.0138268 -0.0148959 -0.0165644 -0.0163651 -0.0211658 -0.0165644 -0.0138268 -0.0211658 -0.0199145 0.00937838 -0.00504855 0.0124002 -0.000874692 -0.00504855 -0.0163651 -0.000874692 -0.0125152 0.0124002 -0.000874692 0.0123945 0.00185748 -0.000874692 -0.0125152 0.00185748 -0.00802625 -0.0163651 -0.0211658 -0.0125152 -0.018989 -0.0211658 -0.0199145 -0.018989 -0.0198165 -0.0125152 -0.018989 -0.00802625 -0.0143625 -0.018989 -0.0198165 -0.0143625 -0.0163297 4.24199e-08 2.75634e-08 -0.0138268 -0.00949138 2.75634e-08 1.87817e-08 -0.00949138 -0.00566766 -0.0138268 -0.00949138 -0.0199145 -0.0154242 -0.00949138 -0.00566766 -0.0154242 -0.0104794 1.87817e-08 1.3921e-08 -0.00566766 -0.00310158 1.3921e-08 1.10652e-08 -0.00310158 -0.00163399 -0.00566766 -0.00310158 -0.0104794 -0.00656983 -0.00310158 -0.00163399 -0.00656983 -0.00397435 -0.0199145 -0.0154242 -0.0198165 -0.0168845 -0.0154242 -0.0104794 -0.0168845 -0.0126279 -0.0198165 -0.0168845 -0.0163297 -0.0149731 -0.0168845 -0.0126279 -0.0149731 -0.0120348 -0.0104794 -0.00656983 -0.0126279 -0.00871474 -0.00656983 -0.00397435 -0.00871474 -0.00578078 -0.0126279 -0.00871474 -0.0120348 -0.00892238 -0.00871474 -0.00578078 -0.00892238 -0.00634143 0.0123945 0.00185748 0.0103292 0.00272478 0.00185748 -0.00802625 0.00272478 -0.00465947 0.0103292 0.00272478 0.00721987 0.00232791 0.00272478 -0.00465947 0.00232791 -0.00249244 -0.00802625 -0.0143625 -0.00465947 -0.00975726 -0.0143625 -0.0163297 -0.00975726 -0.0118269 -0.00465947 -0.00975726 -0.00249244 -0.00593902 -0.00975726 -0.0118269 -0.00593902 -0.00750277 0.00721987 0.00232791 0.00368039 0.00128796 0.00232791 -0.00249244 0.00128796 -0.00108134 0.00368039 0.00128796 -2.40819e-11 -2.50279e-11 0.00128796 -0.00108134 -2.50279e-11 -2.53333e-11 -0.00249244 -0.00593902 -0.00108134 -0.00279988 -0.00593902 -0.00750277 -0.00279988 -0.00361519 -0.00108134 -0.00279988 -2.53333e-11 -2.52934e-11 -0.00279988 -0.00361519 -2.52934e-11 -2.47213e-11 -0.0163297 -0.0149731 -0.0118269 -0.011415 -0.0149731 -0.0120348 -0.011415 -0.00964676 -0.0118269 -0.011415 -0.00750277 -0.00746925 -0.011415 -0.00964676 -0.00746925 -0.00650781 -0.0120348 -0.00892238 -0.00964676 -0.00752655 -0.00892238 -0.00634143 -0.00752655 -0.00562942 -0.00964676 -0.00752655 -0.00650781 -0.00524484 -0.00752655 -0.00562942 -0.00524484 -0.00405991 -0.00750277 -0.00746925 -0.00361519 -0.0036544 -0.00746925 -0.00650781 -0.0036544 -0.00323258 -0.00361519 -0.0036544 -2.47213e-11 -2.31953e-11 -0.0036544 -0.00323258 -2.31953e-11 -2.05011e-11 -0.00650781 -0.00524484 -0.00323258 -0.00264972 -0.00524484 -0.00405991 -0.00264972 -0.00209079 -0.00323258 -0.00264972 -2.05011e-11 -1.67779e-11 -0.00264972 -0.00209079 -1.67779e-11 -1.24594e-11 1.10652e-08 9.07983e-09 -0.00163399 -0.000845422 9.07983e-09 7.44941e-09 -0.000845422 -0.00039919 -0.00163399 -0.000845422 -0.00397435 -0.00238842 -0.000845422 -0.00039919 -0.00238842 -0.00141931 7.44941e-09 5.98068e-09 -0.00039919 -0.000109363 5.98068e-09 4.60518e-09 -0.000109363 9.69148e-05 -0.00039919 -0.000109363 -0.00141931 -0.000788244 -0.000109363 9.69148e-05 -0.000788244 -0.000353653 -0.00397435 -0.00238842 -0.00578078 -0.00379372 -0.00238842 -0.00141931 -0.00379372 -0.00248577 -0.00578078 -0.00379372 -0.00634143 -0.00444078 -0.00379372 -0.00248577 -0.00444078 -0.00310349 -0.00141931 -0.000788244 -0.00248577 -0.00160391 -0.000788244 -0.000353653 -0.00160391 -0.00099255 -0.00248577 -0.00160391 -0.00310349 -0.00216075 -0.00160391 -0.00099255 -0.00216075 -0.00149008 4.60518e-09 3.29261e-09 9.69148e-05 0.000220165 3.29261e-09 2.03304e-09 0.000220165 0.000191521 9.69148e-05 0.000220165 -0.000353653 -8.26732e-05 0.000220165 0.000191521 -8.26732e-05 -4.15406e-05 2.03304e-09 8.67108e-10 0.000191521 -0.000221581 8.67108e-10 0 -0.000221581 -0.00139385 0.000191521 -0.000221581 -4.15406e-05 -0.000477619 -0.000221581 -0.00139385 -0.000477619 -0.00112009 -0.000353653 -8.26732e-05 -0.00099255 -0.000598067 -8.26732e-05 -4.15406e-05 -0.000598067 -0.000459419 -0.00099255 -0.000598067 -0.00149008 -0.00104159 -0.000598067 -0.000459419 -0.00104159 -0.000833483 -4.15406e-05 -0.000477619 -0.000459419 -0.000708183 -0.000477619 -0.00112009 -0.000708183 -0.00100551 -0.000459419 -0.000708183 -0.000833483 -0.000903797 -0.000708183 -0.00100551 -0.000903797 -0.000977754 -0.00634143 -0.00444078 -0.00562942 -0.00414246 -0.00444078 -0.00310349 -0.00414246 -0.00303869 -0.00562942 -0.00414246 -0.00405991 -0.00309473 -0.00414246 -0.00303869 -0.00309473 -0.00235191 -0.00310349 -0.00216075 -0.00303869 -0.00222646 -0.00216075 -0.00149008 -0.00222646 -0.00162968 -0.00303869 -0.00222646 -0.00235191 -0.0017866 -0.00222646 -0.00162968 -0.0017866 -0.00135876 -0.00405991 -0.00309473 -0.00209079 -0.00162745 -0.00309473 -0.00235191 -0.00162745 -0.00126414 -0.00209079 -0.00162745 -1.24594e-11 -8.08984e-12 -0.00162745 -0.00126414 -8.08984e-12 -4.15774e-12 -0.00235191 -0.0017866 -0.00126414 -0.000981955 -0.0017866 -0.00135876 -0.000981955 -0.000764004 -0.00126414 -0.000981955 -4.15774e-12 -9.96183e-13 -0.000981955 -0.000764004 -9.96183e-13 1.24402e-12 -0.00149008 -0.00104159 -0.00162968 -0.00121605 -0.00104159 -0.000833483 -0.00121605 -0.000994447 -0.00162968 -0.00121605 -0.00135876 -0.00105282 -0.00121605 -0.000994447 -0.00105282 -0.000874412 -0.000833483 -0.000903797 -0.000994447 -0.00095948 -0.000903797 -0.000977754 -0.00095948 -0.000915135 -0.000994447 -0.00095948 -0.000874412 -0.000808021 -0.00095948 -0.000915135 -0.000808021 -0.000730959 -0.00135876 -0.00105282 -0.000764004 -0.000604744 -0.00105282 -0.000874412 -0.000604744 -0.000507371 -0.000764004 -0.000604744 1.24402e-12 2.58432e-12 -0.000604744 -0.000507371 2.58432e-12 3.14694e-12 -0.000874412 -0.000808021 -0.000507371 -0.000461612 -0.000808021 -0.000730959 -0.000461612 -0.000409222 -0.000507371 -0.000461612 3.14694e-12 3.04538e-12 -0.000461612 -0.000409222 3.04538e-12 2.57431e-12 0 3.96484e-12 0 0.000887073 3.96484e-12 7.52165e-12 0.000887073 0.00116261 0 0.000887073 0 0.00186293 0.000887073 0.00116261 0.00186293 0.00236878 7.52165e-12 1.0503e-11 0.00116261 0.000982148 1.0503e-11 1.27419e-11 0.000982148 0.000660008 0.00116261 0.000982148 0.00236878 0.00194518 0.000982148 0.000660008 0.00194518 0.00126563 0 0.00186293 0 0.00304391 0.00186293 0.00236878 0.00304391 0.00363888 0 0.00304391 0 0.0045956 0.00304391 0.00363888 0.0045956 0.00486022 0.00236878 0.00194518 0.00363888 0.00281283 0.00194518 0.00126563 0.00281283 0.00170289 0.00363888 0.00281283 0.00486022 0.00335292 0.00281283 0.00170289 0.00335292 0.00176549 1.27419e-11 1.40443e-11 0.000660008 0.00034921 1.40443e-11 1.4291e-11 0.00034921 7.33425e-05 0.000660008 0.00034921 0.00126563 0.000630885 0.00034921 7.33425e-05 0.000630885 8.27588e-05 1.4291e-11 1.34568e-11 7.33425e-05 -0.000205577 1.34568e-11 1.15098e-11 -0.000205577 -0.000558799 7.33425e-05 -0.000205577 8.27588e-05 -0.000456869 -0.000205577 -0.000558799 -0.000456869 -0.00113147 0.00126563 0.000630885 0.00170289 0.00073715 0.000630885 8.27588e-05 0.00073715 -5.13713e-05 0.00170289 0.00073715 0.00176549 0.000535828 0.00073715 -5.13713e-05 0.000535828 -0.00038744 8.27588e-05 -0.000456869 -5.13713e-05 -0.000795241 -0.000456869 -0.00113147 -0.000795241 -0.00171452 -5.13713e-05 -0.000795241 -0.00038744 -0.00121783 -0.000795241 -0.00171452 -0.00121783 -0.00225156 0 0.0045956 0 0.00658023 0.0045956 0.00486022 0.00658023 0.00551579 0 0.00658023 0 0.00800441 0.00658023 0.00551579 0.00800441 0.00473165 0.00486022 0.00335292 0.00551579 0.00315652 0.00335292 0.00176549 0.00315652 0.0012615 0.00551579 0.00315652 0.00473165 0.00200537 0.00315652 0.0012615 0.00200537 0.000311447 0 0.00800441 0 0.00452645 0.00800441 0.00473165 0.00452645 0.00205809 0 0.00452645 0 -1.7857e-08 0.00452645 0.00205809 -1.7857e-08 -2.28612e-08 0.00473165 0.00200537 0.00205809 0.000410382 0.00200537 0.000311447 0.000410382 -0.000451221 0.00205809 0.000410382 -2.28612e-08 -2.40781e-08 0.000410382 -0.000451221 -2.40781e-08 -2.39062e-08 0.00176549 0.000535828 0.0012615 -4.84765e-06 0.000535828 -0.00038744 -4.84765e-06 -0.000864892 0.0012615 -4.84765e-06 0.000311447 -0.000644862 -4.84765e-06 -0.000864892 -0.000644862 -0.00122736 -0.00038744 -0.00121783 -0.000864892 -0.00161405 -0.00121783 -0.00225156 -0.00161405 -0.00259627 -0.000864892 -0.00161405 -0.00122736 -0.0017433 -0.00161405 -0.00259627 -0.0017433 -0.00251433 0.000311447 -0.000644862 -0.000451221 -0.000854115 -0.000644862 -0.00122736 -0.000854115 -0.00107207 -0.000451221 -0.000854115 -2.39062e-08 -2.3425e-08 -0.000854115 -0.00107207 -2.3425e-08 -2.3046e-08 -0.00122736 -0.0017433 -0.00107207 -0.00129593 -0.0017433 -0.00251433 -0.00129593 -0.00172906 -0.00107207 -0.00129593 -2.3046e-08 -2.29257e-08 -0.00129593 -0.00172906 -2.29257e-08 -2.32456e-08 1.15098e-11 8.4018e-12 -0.000558799 -0.00108161 8.4018e-12 4.10804e-12 -0.00108161 -0.00187172 -0.000558799 -0.00108161 -0.00113147 -0.00213425 -0.00108161 -0.00187172 -0.00213425 -0.00366893 4.10804e-12 -1.23533e-12 -0.00187172 -0.00296954 -1.23533e-12 -7.22342e-12 -0.00296954 -0.0042631 -0.00187172 -0.00296954 -0.00366893 -0.00583186 -0.00296954 -0.0042631 -0.00583186 -0.00841524 -0.00113147 -0.00213425 -0.00171452 -0.00310364 -0.00213425 -0.00366893 -0.00310364 -0.00528535 -0.00171452 -0.00310364 -0.00225156 -0.00387875 -0.00310364 -0.00528535 -0.00387875 -0.00654988 -0.00366893 -0.00583186 -0.00528535 -0.00844005 -0.00583186 -0.00841524 -0.00844005 -0.0122946 -0.00528535 -0.00844005 -0.00654988 -0.0105623 -0.00844005 -0.0122946 -0.0105623 -0.0156168 -7.22342e-12 -1.31724e-11 -0.0042631 -0.00541732 -1.31724e-11 -1.82767e-11 -0.00541732 -0.00593086 -0.0042631 -0.00541732 -0.00841524 -0.0107496 -0.00541732 -0.00593086 -0.0107496 -0.0118051 -1.82767e-11 -2.19503e-11 -0.00593086 -0.0053721 -2.19503e-11 -2.40819e-11 -0.0053721 -0.00368039 -0.00593086 -0.0053721 -0.0118051 -0.0106761 -0.0053721 -0.00368039 -0.0106761 -0.00721987 -0.00841524 -0.0107496 -0.0122946 -0.0158449 -0.0107496 -0.0118051 -0.0158449 -0.0174759 -0.0122946 -0.0158449 -0.0156168 -0.0203711 -0.0158449 -0.0174759 -0.0203711 -0.0225438 -0.0118051 -0.0106761 -0.0174759 -0.0157226 -0.0106761 -0.00721987 -0.0157226 -0.0103292 -0.0174759 -0.0157226 -0.0225438 -0.0200057 -0.0157226 -0.0103292 -0.0200057 -0.0123945 -0.00225156 -0.00387875 -0.00259627 -0.00426747 -0.00387875 -0.00654988 -0.00426747 -0.00719473 -0.00259627 -0.00426747 -0.00251433 -0.00399527 -0.00426747 -0.00719473 -0.00399527 -0.00681009 -0.00654988 -0.0105623 -0.00719473 -0.011812 -0.0105623 -0.0156168 -0.011812 -0.0178298 -0.00719473 -0.011812 -0.00681009 -0.0114956 -0.011812 -0.0178298 -0.0114956 -0.0177919 -0.00251433 -0.00399527 -0.00172906 -0.00270492 -0.00399527 -0.00681009 -0.00270492 -0.00473572 -0.00172906 -0.00270492 -2.32456e-08 -2.44906e-08 -0.00270492 -0.00473572 -2.44906e-08 -2.77705e-08 -0.00681009 -0.0114956 -0.00473572 -0.00830209 -0.0114956 -0.0177919 -0.00830209 -0.013208 -0.00473572 -0.00830209 -2.77705e-08 -3.49875e-08 -0.00830209 -0.013208 -3.49875e-08 -4.82929e-08 -0.0156168 -0.0203711 -0.0178298 -0.0235723 -0.0203711 -0.0225438 -0.0235723 -0.0260417 -0.0178298 -0.0235723 -0.0177919 -0.0237868 -0.0235723 -0.0260417 -0.0237868 -0.0259631 -0.0225438 -0.0200057 -0.0260417 -0.0224242 -0.0200057 -0.0123945 -0.0224242 -0.0124002 -0.0260417 -0.0224242 -0.0259631 -0.0211366 -0.0224242 -0.0124002 -0.0211366 -0.00937838 -0.0177919 -0.0237868 -0.013208 -0.0177755 -0.0237868 -0.0259631 -0.0177755 -0.0189203 -0.013208 -0.0177755 -4.82929e-08 -6.83345e-08 -0.0177755 -0.0189203 -6.83345e-08 -9.19501e-08 -0.0259631 -0.0211366 -0.0189203 -0.0140705 -0.0211366 -0.00937838 -0.0140705 -0.00386748 -0.0189203 -0.0140705 -9.19501e-08 -1.11658e-07 -0.0140705 -0.00386748 -1.11658e-07 -1.19017e-07 -2.40819e-11 -2.50279e-11 -0.00368039 -0.00128796 -2.50279e-11 -2.53333e-11 -0.00128796 0.00108134 -0.00368039 -0.00128796 -0.00721987 -0.00232791 -0.00128796 0.00108134 -0.00232791 0.00249244 -2.53333e-11 -2.52934e-11 0.00108134 0.00279988 -2.52934e-11 -2.47213e-11 0.00279988 0.00361519 0.00108134 0.00279988 0.00249244 0.00593902 0.00279988 0.00361519 0.00593902 0.00750277 -0.00721987 -0.00232791 -0.0103292 -0.00272478 -0.00232791 0.00249244 -0.00272478 0.00465947 -0.0103292 -0.00272478 -0.0123945 -0.00185748 -0.00272478 0.00465947 -0.00185748 0.00802625 0.00249244 0.00593902 0.00465947 0.00975726 0.00593902 0.00750277 0.00975726 0.0118269 0.00465947 0.00975726 0.00802625 0.0143625 0.00975726 0.0118269 0.0143625 0.0163297 -2.47213e-11 -2.31953e-11 0.00361519 0.0036544 -2.31953e-11 -2.05011e-11 0.0036544 0.00323258 0.00361519 0.0036544 0.00750277 0.00746925 0.0036544 0.00323258 0.00746925 0.00650781 -2.05011e-11 -1.67779e-11 0.00323258 0.00264972 -1.67779e-11 -1.24594e-11 0.00264972 0.00209079 0.00323258 0.00264972 0.00650781 0.00524484 0.00264972 0.00209079 0.00524484 0.00405991 0.00750277 0.00746925 0.0118269 0.011415 0.00746925 0.00650781 0.011415 0.00964676 0.0118269 0.011415 0.0163297 0.0149731 0.011415 0.00964676 0.0149731 0.0120348 0.00650781 0.00524484 0.00964676 0.00752655 0.00524484 0.00405991 0.00752655 0.00562942 0.00964676 0.00752655 0.0120348 0.00892238 0.00752655 0.00562942 0.00892238 0.00634143 -0.0123945 -0.00185748 -0.0124002 0.000874692 -0.00185748 0.00802625 0.000874692 0.0125152 -0.0124002 0.000874692 -0.00937838 0.00504855 0.000874692 0.0125152 0.00504855 0.0163651 0.00802625 0.0143625 0.0125152 0.018989 0.0143625 0.0163297 0.018989 0.0198165 0.0125152 0.018989 0.0163651 0.0211658 0.018989 0.0198165 0.0211658 0.0199145 -0.00937838 0.00504855 -0.00386748 0.00741341 0.00504855 0.0163651 0.00741341 0.0148959 -0.00386748 0.00741341 -1.19017e-07 -1.10248e-07 0.00741341 0.0148959 -1.10248e-07 -8.9096e-08 0.0163651 0.0211658 0.0148959 0.0165644 0.0211658 0.0199145 0.0165644 0.0138268 0.0148959 0.0165644 -8.9096e-08 -6.399e-08 0.0165644 0.0138268 -6.399e-08 -4.24199e-08 0.0163297 0.0149731 0.0198165 0.0168845 0.0149731 0.0120348 0.0168845 0.0126279 0.0198165 0.0168845 0.0199145 0.0154242 0.0168845 0.0126279 0.0154242 0.0104794 0.0120348 0.00892238 0.0126279 0.00871473 0.00892238 0.00634143 0.00871473 0.00578078 0.0126279 0.00871473 0.0104794 0.00656983 0.00871473 0.00578078 0.00656983 0.00397435 0.0199145 0.0154242 0.0138268 0.00949138 0.0154242 0.0104794 0.00949138 0.00566766 0.0138268 0.00949138 -4.24199e-08 -2.75634e-08 0.00949138 0.00566766 -2.75634e-08 -1.87817e-08 0.0104794 0.00656983 0.00566766 0.00310158 0.00656983 0.00397435 0.00310158 0.00163399 0.00566766 0.00310158 -1.87817e-08 -1.3921e-08 0.00310158 0.00163399 -1.3921e-08 -1.10652e-08 -1.24594e-11 -8.08984e-12 0.00209079 0.00162745 -8.08984e-12 -4.15774e-12 0.00162745 0.00126414 0.00209079 0.00162745 0.00405991 0.00309473 0.00162745 0.00126414 0.00309473 0.00235191 -4.15774e-12 -9.96183e-13 0.00126414 0.000981955 -9.96183e-13 1.24402e-12 0.000981955 0.000764004 0.00126414 0.000981955 0.00235191 0.0017866 0.000981955 0.000764004 0.0017866 0.00135876 0.00405991 0.00309473 0.00562942 0.00414246 0.00309473 0.00235191 0.00414246 0.00303869 0.00562942 0.00414246 0.00634143 0.00444078 0.00414246 0.00303869 0.00444078 0.00310349 0.00235191 0.0017866 0.00303869 0.00222646 0.0017866 0.00135876 0.00222646 0.00162968 0.00303869 0.00222646 0.00310349 0.00216075 0.00222646 0.00162968 0.00216075 0.00149008 1.24402e-12 2.58432e-12 0.000764004 0.000604744 2.58432e-12 3.14694e-12 0.000604744 0.000507371 0.000764004 0.000604744 0.00135876 0.00105282 0.000604744 0.000507371 0.00105282 0.000874412 3.14694e-12 3.04538e-12 0.000507371 0.000461612 3.04538e-12 2.57431e-12 0.000461612 0.000409222 0.000507371 0.000461612 0.000874412 0.000808021 0.000461612 0.000409222 0.000808021 0.000730959 0.00135876 0.00105282 0.00162968 0.00121605 0.00105282 0.000874412 0.00121605 0.000994447 0.00162968 0.00121605 0.00149008 0.00104159 0.00121605 0.000994447 0.00104159 0.000833483 0.000874412 0.000808021 0.000994447 0.00095948 0.000808021 0.000730959 0.00095948 0.000915135 0.000994447 0.00095948 0.000833483 0.000903797 0.00095948 0.000915135 0.000903797 0.000977754 0.00634143 0.00444078 0.00578078 0.00379372 0.00444078 0.00310349 0.00379372 0.00248577 0.00578078 0.00379372 0.00397435 0.00238842 0.00379372 0.00248577 0.00238842 0.00141931 0.00310349 0.00216075 0.00248577 0.00160391 0.00216075 0.00149008 0.00160391 0.00099255 0.00248577 0.00160391 0.00141931 0.000788244 0.00160391 0.00099255 0.000788244 0.000353653 0.00397435 0.00238842 0.00163399 0.000845422 0.00238842 0.00141931 0.000845422 0.00039919 0.00163399 0.000845422 -1.10652e-08 -9.07983e-09 0.000845422 0.00039919 -9.07983e-09 -7.44941e-09 0.00141931 0.000788244 0.00039919 0.000109363 0.000788244 0.000353653 0.000109363 -9.69148e-05 0.00039919 0.000109363 -7.44941e-09 -5.98068e-09 0.000109363 -9.69148e-05 -5.98068e-09 -4.60518e-09 0.00149008 0.00104159 0.00099255 0.000598067 0.00104159 0.000833483 0.000598067 0.000459419 0.00099255 0.000598067 0.000353653 8.26732e-05 0.000598067 0.000459419 8.26732e-05 4.15406e-05 0.000833483 0.000903797 0.000459419 0.000708183 0.000903797 0.000977754 0.000708183 0.00100551 0.000459419 0.000708183 4.15406e-05 0.000477619 0.000708183 0.00100551 0.000477619 0.00112009 0.000353653 8.26732e-05 -9.69148e-05 -0.000220165 8.26732e-05 4.15406e-05 -0.000220165 -0.000191521 -9.69148e-05 -0.000220165 -4.60518e-09 -3.29261e-09 -0.000220165 -0.000191521 -3.29261e-09 -2.03304e-09 4.15406e-05 0.000477619 -0.000191521 0.000221581 0.000477619 0.00112009 0.000221581 0.00139385 -0.000191521 0.000221581 -2.03304e-09 -8.67108e-10 0.000221581 0.00139385 -8.67108e-10 0 0 -1.7857e-08 0 -1.48725e-08 -1.7857e-08 -2.28612e-08 -1.48725e-08 -1.98767e-08 0 -1.48725e-08 0 -1.16896e-08 -1.48725e-08 -1.98767e-08 -1.16896e-08 -1.67172e-08 -2.28612e-08 -2.40781e-08 -1.98767e-08 -2.09664e-08 -2.40781e-08 -2.39062e-08 -2.09664e-08 -2.06888e-08 -1.98767e-08 -2.09664e-08 -1.67172e-08 -1.77683e-08 -2.09664e-08 -2.06888e-08 -1.77683e-08 -1.74686e-08 0 -1.16896e-08 0 -9.06634e-09 -1.16896e-08 -1.67172e-08 -9.06634e-09 -1.35202e-08 0 -9.06634e-09 0 -6.88836e-09 -9.06634e-09 -1.35202e-08 -6.88836e-09 -1.04303e-08 -1.67172e-08 -1.77683e-08 -1.35202e-08 -1.4528e-08 -1.77683e-08 -1.74686e-08 -1.4528e-08 -1.42616e-08 -1.35202e-08 -1.4528e-08 -1.04303e-08 -1.13097e-08 -1.4528e-08 -1.42616e-08 -1.13097e-08 -1.11033e-08 -2.39062e-08 -2.3425e-08 -2.06888e-08 -2.01329e-08 -2.3425e-08 -2.3046e-08 -2.01329e-08 -1.96714e-08 -2.06888e-08 -2.01329e-08 -1.74686e-08 -1.68893e-08 -2.01329e-08 -1.96714e-08 -1.68893e-08 -1.63796e-08 -2.3046e-08 -2.29257e-08 -1.96714e-08 -1.94079e-08 -2.29257e-08 -2.32456e-08 -1.94079e-08 -1.9453e-08 -1.96714e-08 -1.94079e-08 -1.63796e-08 -1.6013e-08 -1.94079e-08 -1.9453e-08 -1.6013e-08 -1.58563e-08 -1.74686e-08 -1.68893e-08 -1.42616e-08 -1.37133e-08 -1.68893e-08 -1.63796e-08 -1.37133e-08 -1.32029e-08 -1.42616e-08 -1.37133e-08 -1.11033e-08 -1.06336e-08 -1.37133e-08 -1.32029e-08 -1.06336e-08 -1.01711e-08 -1.63796e-08 -1.6013e-08 -1.32029e-08 -1.27873e-08 -1.6013e-08 -1.58563e-08 -1.27873e-08 -1.25081e-08 -1.32029e-08 -1.27873e-08 -1.01711e-08 -9.7626e-09 -1.27873e-08 -1.25081e-08 -9.7626e-09 -9.43638e-09 0 -6.88836e-09 0 -5.00898e-09 -6.88836e-09 -1.04303e-08 -5.00898e-09 -7.50781e-09 0 -5.00898e-09 0 -3.30123e-09 -5.00898e-09 -7.50781e-09 -3.30123e-09 -4.77086e-09 -1.04303e-08 -1.13097e-08 -7.50781e-09 -8.179e-09 -1.13097e-08 -1.11033e-08 -8.179e-09 -8.04165e-09 -7.50781e-09 -8.179e-09 -4.77086e-09 -5.20143e-09 -8.179e-09 -8.04165e-09 -5.20143e-09 -5.13125e-09 0 -3.30123e-09 0 -1.63922e-09 -3.30123e-09 -4.77086e-09 -1.63922e-09 -2.24625e-09 0 -1.63922e-09 0 0 -1.63922e-09 -2.24625e-09 0 0 -4.77086e-09 -5.20143e-09 -2.24625e-09 -2.44708e-09 -5.20143e-09 -5.13125e-09 -2.44708e-09 -2.43069e-09 -2.24625e-09 -2.44708e-09 0 0 -2.44708e-09 -2.43069e-09 0 0 -1.11033e-08 -1.06336e-08 -8.04165e-09 -7.68465e-09 -1.06336e-08 -1.01711e-08 -7.68465e-09 -7.31155e-09 -8.04165e-09 -7.68465e-09 -5.13125e-09 -4.90449e-09 -7.68465e-09 -7.31155e-09 -4.90449e-09 -4.64928e-09 -1.01711e-08 -9.7626e-09 -7.31155e-09 -6.96042e-09 -9.7626e-09 -9.43638e-09 -6.96042e-09 -6.65262e-09 -7.31155e-09 -6.96042e-09 -4.64928e-09 -4.39457e-09 -6.96042e-09 -6.65262e-09 -4.39457e-09 -4.15741e-09 -5.13125e-09 -4.90449e-09 -2.43069e-09 -2.33128e-09 -4.90449e-09 -4.64928e-09 -2.33128e-09 -2.20618e-09 -2.43069e-09 -2.33128e-09 0 0 -2.33128e-09 -2.20618e-09 0 0 -4.64928e-09 -4.39457e-09 -2.20618e-09 -2.07314e-09 -4.39457e-09 -4.15741e-09 -2.07314e-09 -1.9438e-09 -2.20618e-09 -2.07314e-09 0 0 -2.07314e-09 -1.9438e-09 0 0 -2.32456e-08 -2.44906e-08 -1.9453e-08 -2.01714e-08 -2.44906e-08 -2.77705e-08 -2.01714e-08 -2.2455e-08 -1.9453e-08 -2.01714e-08 -1.58563e-08 -1.61883e-08 -2.01714e-08 -2.2455e-08 -1.61883e-08 -1.77185e-08 -2.77705e-08 -3.49875e-08 -2.2455e-08 -2.78567e-08 -3.49875e-08 -4.82929e-08 -2.78567e-08 -3.81349e-08 -2.2455e-08 -2.78567e-08 -1.77185e-08 -2.16703e-08 -2.78567e-08 -3.81349e-08 -2.16703e-08 -2.93855e-08 -1.58563e-08 -1.61883e-08 -1.25081e-08 -1.25769e-08 -1.61883e-08 -1.77185e-08 -1.25769e-08 -1.35389e-08 -1.25081e-08 -1.25769e-08 -9.43638e-09 -9.34732e-09 -1.25769e-08 -1.35389e-08 -9.34732e-09 -9.88984e-09 -1.77185e-08 -2.16703e-08 -1.35389e-08 -1.63091e-08 -2.16703e-08 -2.93855e-08 -1.63091e-08 -2.18409e-08 -1.35389e-08 -1.63091e-08 -9.88984e-09 -1.17003e-08 -1.63091e-08 -2.18409e-08 -1.17003e-08 -1.5399e-08 -4.82929e-08 -6.83345e-08 -3.81349e-08 -5.38231e-08 -6.83345e-08 -9.19501e-08 -5.38231e-08 -7.23922e-08 -3.81349e-08 -5.38231e-08 -2.93855e-08 -4.12101e-08 -5.38231e-08 -7.23922e-08 -4.12101e-08 -5.5155e-08 -9.19501e-08 -1.11658e-07 -7.23922e-08 -8.78889e-08 -1.11658e-07 -1.19017e-07 -8.78889e-08 -9.36331e-08 -7.23922e-08 -8.78889e-08 -5.5155e-08 -6.67221e-08 -8.78889e-08 -9.36331e-08 -6.67221e-08 -7.09524e-08 -2.93855e-08 -4.12101e-08 -2.18409e-08 -3.03086e-08 -4.12101e-08 -5.5155e-08 -3.03086e-08 -4.02115e-08 -2.18409e-08 -3.03086e-08 -1.5399e-08 -2.1037e-08 -3.03086e-08 -4.02115e-08 -2.1037e-08 -2.75547e-08 -5.5155e-08 -6.67221e-08 -4.02115e-08 -4.83449e-08 -6.67221e-08 -7.09524e-08 -4.83449e-08 -5.12611e-08 -4.02115e-08 -4.83449e-08 -2.75547e-08 -3.28374e-08 -4.83449e-08 -5.12611e-08 -3.28374e-08 -3.46774e-08 -9.43638e-09 -9.34732e-09 -6.65262e-09 -6.49394e-09 -9.34732e-09 -9.88984e-09 -6.49394e-09 -6.74317e-09 -6.65262e-09 -6.49394e-09 -4.15741e-09 -4.00117e-09 -6.49394e-09 -6.74317e-09 -4.00117e-09 -4.06933e-09 -9.88984e-09 -1.17003e-08 -6.74317e-09 -7.79727e-09 -1.17003e-08 -1.5399e-08 -7.79727e-09 -1.00119e-08 -6.74317e-09 -7.79727e-09 -4.06933e-09 -4.56723e-09 -7.79727e-09 -1.00119e-08 -4.56723e-09 -5.65797e-09 -4.15741e-09 -4.00117e-09 -1.9438e-09 -1.84622e-09 -4.00117e-09 -4.06933e-09 -1.84622e-09 -1.83514e-09 -1.9438e-09 -1.84622e-09 0 0 -1.84622e-09 -1.83514e-09 0 0 -4.06933e-09 -4.56723e-09 -1.83514e-09 -1.98018e-09 -4.56723e-09 -5.65797e-09 -1.98018e-09 -2.3251e-09 -1.83514e-09 -1.98018e-09 0 0 -1.98018e-09 -2.3251e-09 0 0 -1.5399e-08 -2.1037e-08 -1.00119e-08 -1.33674e-08 -2.1037e-08 -2.75547e-08 -1.33674e-08 -1.71887e-08 -1.00119e-08 -1.33674e-08 -5.65797e-09 -7.29751e-09 -1.33674e-08 -1.71887e-08 -7.29751e-09 -9.12559e-09 -2.75547e-08 -3.28374e-08 -1.71887e-08 -2.0231e-08 -3.28374e-08 -3.46774e-08 -2.0231e-08 -2.12431e-08 -1.71887e-08 -2.0231e-08 -9.12559e-09 -1.05415e-08 -2.0231e-08 -2.12431e-08 -1.05415e-08 -1.09731e-08 -5.65797e-09 -7.29751e-09 -2.3251e-09 -2.83664e-09 -7.29751e-09 -9.12559e-09 -2.83664e-09 -3.38547e-09 -2.3251e-09 -2.83664e-09 0 0 -2.83664e-09 -3.38547e-09 0 0 -9.12559e-09 -1.05415e-08 -3.38547e-09 -3.78713e-09 -1.05415e-08 -1.09731e-08 -3.78713e-09 -3.88237e-09 -3.38547e-09 -3.78713e-09 0 0 -3.78713e-09 -3.88237e-09 0 0 -1.19017e-07 -1.10248e-07 -9.36331e-08 -8.66471e-08 -1.10248e-07 -8.9096e-08 -8.66471e-08 -6.9886e-08 -9.36331e-08 -8.66471e-08 -7.09524e-08 -6.56533e-08 -8.66471e-08 -6.9886e-08 -6.56533e-08 -5.30028e-08 -8.9096e-08 -6.399e-08 -6.9886e-08 -5.00206e-08 -6.399e-08 -4.24199e-08 -5.00206e-08 -3.30096e-08 -6.9886e-08 -5.00206e-08 -5.30028e-08 -3.79541e-08 -5.00206e-08 -3.30096e-08 -3.79541e-08 -2.50085e-08 -7.09524e-08 -6.56533e-08 -5.12611e-08 -4.74521e-08 -6.56533e-08 -5.30028e-08 -4.74521e-08 -3.84173e-08 -5.12611e-08 -4.74521e-08 -3.46774e-08 -3.21225e-08 -4.74521e-08 -3.84173e-08 -3.21225e-08 -2.61206e-08 -5.30028e-08 -3.79541e-08 -3.84173e-08 -2.76011e-08 -3.79541e-08 -2.50085e-08 -2.76011e-08 -1.82102e-08 -3.84173e-08 -2.76011e-08 -2.61206e-08 -1.88779e-08 -2.76011e-08 -1.82102e-08 -1.88779e-08 -1.25102e-08 -4.24199e-08 -2.75634e-08 -3.30096e-08 -2.13923e-08 -2.75634e-08 -1.87817e-08 -2.13923e-08 -1.46411e-08 -3.30096e-08 -2.13923e-08 -2.50085e-08 -1.61615e-08 -2.13923e-08 -1.46411e-08 -1.61615e-08 -1.10705e-08 -1.87817e-08 -1.3921e-08 -1.46411e-08 -1.09948e-08 -1.3921e-08 -1.10652e-08 -1.09948e-08 -8.88739e-09 -1.46411e-08 -1.09948e-08 -1.10705e-08 -8.39089e-09 -1.09948e-08 -8.88739e-09 -8.39089e-09 -6.88719e-09 -2.50085e-08 -1.61615e-08 -1.82102e-08 -1.17488e-08 -1.61615e-08 -1.10705e-08 -1.17488e-08 -8.04453e-09 -1.82102e-08 -1.17488e-08 -1.25102e-08 -8.07894e-09 -1.17488e-08 -8.04453e-09 -8.07894e-09 -5.53387e-09 -1.10705e-08 -8.39089e-09 -8.04453e-09 -6.14108e-09 -8.39089e-09 -6.88719e-09 -6.14108e-09 -5.11314e-09 -8.04453e-09 -6.14108e-09 -5.53387e-09 -4.25211e-09 -6.14108e-09 -5.11314e-09 -4.25211e-09 -3.5892e-09 -3.46774e-08 -3.21225e-08 -2.12431e-08 -1.9695e-08 -3.21225e-08 -2.61206e-08 -1.9695e-08 -1.61153e-08 -2.12431e-08 -1.9695e-08 -1.09731e-08 -1.01846e-08 -1.9695e-08 -1.61153e-08 -1.01846e-08 -8.41214e-09 -2.61206e-08 -1.88779e-08 -1.61153e-08 -1.17549e-08 -1.88779e-08 -1.25102e-08 -1.17549e-08 -7.85887e-09 -1.61153e-08 -1.17549e-08 -8.41214e-09 -6.22789e-09 -1.17549e-08 -7.85887e-09 -6.22789e-09 -4.23271e-09 -1.09731e-08 -1.01846e-08 -3.88237e-09 -3.60911e-09 -1.01846e-08 -8.41214e-09 -3.60911e-09 -3.03012e-09 -3.88237e-09 -3.60911e-09 0 0 -3.60911e-09 -3.03012e-09 0 0 -8.41214e-09 -6.22789e-09 -3.03012e-09 -2.30496e-09 -6.22789e-09 -4.23271e-09 -2.30496e-09 -1.61801e-09 -3.03012e-09 -2.30496e-09 0 0 -2.30496e-09 -1.61801e-09 0 0 -1.25102e-08 -8.07894e-09 -7.85887e-09 -5.1033e-09 -8.07894e-09 -5.53387e-09 -5.1033e-09 -3.50785e-09 -7.85887e-09 -5.1033e-09 -4.23271e-09 -2.78701e-09 -5.1033e-09 -3.50785e-09 -2.78701e-09 -1.93472e-09 -5.53387e-09 -4.25211e-09 -3.50785e-09 -2.71515e-09 -4.25211e-09 -3.5892e-09 -2.71515e-09 -2.32272e-09 -3.50785e-09 -2.71515e-09 -1.93472e-09 -1.51181e-09 -2.71515e-09 -2.32272e-09 -1.51181e-09 -1.31004e-09 -4.23271e-09 -2.78701e-09 -1.61801e-09 -1.09843e-09 -2.78701e-09 -1.93472e-09 -1.09843e-09 -7.79444e-10 -1.61801e-09 -1.09843e-09 0 0 -1.09843e-09 -7.79444e-10 0 0 -1.93472e-09 -1.51181e-09 -7.79444e-10 -6.17004e-10 -1.51181e-09 -1.31004e-09 -6.17004e-10 -5.40571e-10 -7.79444e-10 -6.17004e-10 0 0 -6.17004e-10 -5.40571e-10 0 0 -1.10652e-08 -9.07983e-09 -8.88739e-09 -7.40215e-09 -9.07983e-09 -7.44941e-09 -7.40215e-09 -6.13907e-09 -8.88739e-09 -7.40215e-09 -6.88719e-09 -5.82571e-09 -7.40215e-09 -6.13907e-09 -5.82571e-09 -4.89138e-09 -7.44941e-09 -5.98068e-09 -6.13907e-09 -4.96317e-09 -5.98068e-09 -4.60518e-09 -4.96317e-09 -3.83576e-09 -6.13907e-09 -4.96317e-09 -4.89138e-09 -3.98822e-09 -4.96317e-09 -3.83576e-09 -3.98822e-09 -3.09762e-09 -6.88719e-09 -5.82571e-09 -5.11314e-09 -4.39385e-09 -5.82571e-09 -4.89138e-09 -4.39385e-09 -3.73856e-09 -5.11314e-09 -4.39385e-09 -3.5892e-09 -3.13365e-09 -4.39385e-09 -3.73856e-09 -3.13365e-09 -2.70396e-09 -4.89138e-09 -3.98822e-09 -3.73856e-09 -3.07818e-09 -3.98822e-09 -3.09762e-09 -3.07818e-09 -2.40609e-09 -3.73856e-09 -3.07818e-09 -2.70396e-09 -2.25083e-09 -3.07818e-09 -2.40609e-09 -2.25083e-09 -1.77361e-09 -4.60518e-09 -3.29261e-09 -3.83576e-09 -2.74172e-09 -3.29261e-09 -2.03304e-09 -2.74172e-09 -1.67821e-09 -3.83576e-09 -2.74172e-09 -3.09762e-09 -2.21623e-09 -2.74172e-09 -1.67821e-09 -2.21623e-09 -1.34891e-09 -2.03304e-09 -8.67108e-10 -1.67821e-09 -6.89413e-10 -8.67108e-10 0 -6.89413e-10 0 -1.67821e-09 -6.89413e-10 -1.34891e-09 -5.45884e-10 -6.89413e-10 0 -5.45884e-10 0 -3.09762e-09 -2.21623e-09 -2.40609e-09 -1.72669e-09 -2.21623e-09 -1.34891e-09 -1.72669e-09 -1.05087e-09 -2.40609e-09 -1.72669e-09 -1.77361e-09 -1.28043e-09 -1.72669e-09 -1.05087e-09 -1.28043e-09 -7.85213e-10 -1.34891e-09 -5.45884e-10 -1.05087e-09 -4.27974e-10 -5.45884e-10 0 -4.27974e-10 0 -1.05087e-09 -4.27974e-10 -7.85213e-10 -3.29749e-10 -4.27974e-10 0 -3.29749e-10 0 -3.5892e-09 -3.13365e-09 -2.32272e-09 -2.06013e-09 -3.13365e-09 -2.70396e-09 -2.06013e-09 -1.80377e-09 -2.32272e-09 -2.06013e-09 -1.31004e-09 -1.17975e-09 -2.06013e-09 -1.80377e-09 -1.17975e-09 -1.04869e-09 -2.70396e-09 -2.25083e-09 -1.80377e-09 -1.51995e-09 -2.25083e-09 -1.77361e-09 -1.51995e-09 -1.20996e-09 -1.80377e-09 -1.51995e-09 -1.04869e-09 -8.96045e-10 -1.51995e-09 -1.20996e-09 -8.96045e-10 -7.22709e-10 -1.31004e-09 -1.17975e-09 -5.40571e-10 -4.93515e-10 -1.17975e-09 -1.04869e-09 -4.93515e-10 -4.457e-10 -5.40571e-10 -4.93515e-10 0 0 -4.93515e-10 -4.457e-10 0 0 -1.04869e-09 -8.96045e-10 -4.457e-10 -3.87163e-10 -8.96045e-10 -7.22709e-10 -3.87163e-10 -3.17759e-10 -4.457e-10 -3.87163e-10 0 0 -3.87163e-10 -3.17759e-10 0 0 -1.77361e-09 -1.28043e-09 -1.20996e-09 -8.82278e-10 -1.28043e-09 -7.85213e-10 -8.82278e-10 -5.50489e-10 -1.20996e-09 -8.82278e-10 -7.22709e-10 -5.35164e-10 -8.82278e-10 -5.50489e-10 -5.35164e-10 -3.43851e-10 -7.85213e-10 -3.29749e-10 -5.50489e-10 -2.45983e-10 -3.29749e-10 0 -2.45983e-10 0 -5.50489e-10 -2.45983e-10 -3.43851e-10 -1.69739e-10 -2.45983e-10 0 -1.69739e-10 0 -7.22709e-10 -5.35164e-10 -3.17759e-10 -2.40754e-10 -5.35164e-10 -3.43851e-10 -2.40754e-10 -1.61811e-10 -3.17759e-10 -2.40754e-10 0 0 -2.40754e-10 -1.61811e-10 0 0 -3.43851e-10 -1.69739e-10 -1.61811e-10 -9.06033e-11 -1.69739e-10 0 -9.06033e-11 0 -1.61811e-10 -9.06033e-11 0 0 -9.06033e-11 0 0 0 
SCALARS x_dis double 1
LOOKUP_TABLE default
0 0 0 -9.89163e-05 0 0 -9.89163e-05 -8.14888e-05 0 -9.89163e-05 0 -0.000140995 -9.89163e-05 -8.14888e-05 -0.000140995 -0.000121679 0 0 -8.14888e-05 -4.34259e-05 0 0 -4.34259e-05 -2.01856e-05 -8.14888e-05 -4.34259e-05 -0.000121679 -6.42388e-05 -4.34259e-05 -2.01856e-05 -6.42388e-05 -3.06473e-05 0 -0.000140995 0 -0.000150895 -0.000140995 -0.000121679 -0.000150895 -0.000126133 0 -0.000150895 0 -0.000138562 -0.000150895 -0.000126133 -0.000138562 -9.75808e-05 -0.000121679 -6.42388e-05 -0.000126133 -6.03587e-05 -6.42388e-05 -3.06473e-05 -6.03587e-05 -2.72258e-05 -0.000126133 -6.03587e-05 -9.75808e-05 -3.14991e-05 -6.03587e-05 -2.72258e-05 -3.14991e-05 -7.90371e-06 0 0 -2.01856e-05 -1.94576e-05 0 0 -1.94576e-05 -3.81291e-05 -2.01856e-05 -1.94576e-05 -3.06473e-05 -3.50717e-05 -1.94576e-05 -3.81291e-05 -3.50717e-05 -7.40198e-05 0 0 -3.81291e-05 -7.13038e-05 0 0 -7.13038e-05 -0.000114512 -3.81291e-05 -7.13038e-05 -7.40198e-05 -0.000140969 -7.13038e-05 -0.000114512 -0.000140969 -0.000229969 -3.06473e-05 -3.50717e-05 -2.72258e-05 -4.25682e-05 -3.50717e-05 -7.40198e-05 -4.25682e-05 -0.000103717 -2.72258e-05 -4.25682e-05 -7.90371e-06 -3.89583e-05 -4.25682e-05 -0.000103717 -3.89583e-05 -0.000123578 -7.40198e-05 -0.000140969 -0.000103717 -0.000205248 -0.000140969 -0.000229969 -0.000205248 -0.000342488 -0.000103717 -0.000205248 -0.000123578 -0.000259764 -0.000205248 -0.000342488 -0.000259764 -0.000446672 0 -0.000138562 0 -0.000102861 -0.000138562 -9.75808e-05 -0.000102861 -3.60448e-05 0 -0.000102861 0 -3.10301e-05 -0.000102861 -3.60448e-05 -3.10301e-05 5.99815e-05 -9.75808e-05 -3.14991e-05 -3.60448e-05 2.11506e-05 -3.14991e-05 -7.90371e-06 2.11506e-05 2.74775e-05 -3.60448e-05 2.11506e-05 5.99815e-05 9.43873e-05 2.11506e-05 2.74775e-05 9.43873e-05 7.72732e-05 0 -3.10301e-05 0 0.000111701 -3.10301e-05 5.99815e-05 0.000111701 0.000186527 0 0.000111701 0 0.00036966 0.000111701 0.000186527 0.00036966 0.000337675 5.99815e-05 9.43873e-05 0.000186527 0.0001822 9.43873e-05 7.72732e-05 0.0001822 0.000138128 0.000186527 0.0001822 0.000337675 0.000274216 0.0001822 0.000138128 0.000274216 0.000204956 -7.90371e-06 -3.89583e-05 2.74775e-05 -2.24285e-05 -3.89583e-05 -0.000123578 -2.24285e-05 -0.000130285 2.74775e-05 -2.24285e-05 7.72732e-05 7.76897e-06 -2.24285e-05 -0.000130285 7.76897e-06 -0.000120869 -0.000123578 -0.000259764 -0.000130285 -0.000299583 -0.000259764 -0.000446672 -0.000299583 -0.000535635 -0.000130285 -0.000299583 -0.000120869 -0.000319319 -0.000299583 -0.000535635 -0.000319319 -0.000601003 7.72732e-05 7.76897e-06 0.000138128 5.1443e-05 7.76897e-06 -0.000120869 5.1443e-05 -9.27448e-05 0.000138128 5.1443e-05 0.000204956 0.000107653 5.1443e-05 -9.27448e-05 0.000107653 -4.37773e-05 -0.000120869 -0.000319319 -9.27448e-05 -0.000313307 -0.000319319 -0.000601003 -0.000313307 -0.000632966 -9.27448e-05 -0.000313307 -4.37773e-05 -0.000275892 -0.000313307 -0.000632966 -0.000275892 -0.000620395 0 0 -0.000114512 -0.000163876 0 0 -0.000163876 -0.000216041 -0.000114512 -0.000163876 -0.000229969 -0.00033565 -0.000163876 -0.000216041 -0.00033565 -0.000451937 0 0 -0.000216041 -0.000266345 0 0 -0.000266345 -0.000302873 -0.000216041 -0.000266345 -0.000451937 -0.000566907 -0.000266345 -0.000302873 -0.000566907 -0.000651101 -0.000229969 -0.00033565 -0.000342488 -0.000510706 -0.00033565 -0.000451937 -0.000510706 -0.000701598 -0.000342488 -0.000510706 -0.000446672 -0.00068241 -0.000510706 -0.000701598 -0.00068241 -0.000957376 -0.000451937 -0.000566907 -0.000701598 -0.000893779 -0.000566907 -0.000651101 -0.000893779 -0.00103573 -0.000701598 -0.000893779 -0.000957376 -0.00123926 -0.000893779 -0.00103573 -0.00123926 -0.00145052 0 0 -0.000302873 -0.000299872 0 0 -0.000299872 -0.000222948 -0.000302873 -0.000299872 -0.000651101 -0.000647603 -0.000299872 -0.000222948 -0.000647603 -0.000486503 0 0 -0.000222948 -5.41064e-05 0 0 -5.41064e-05 0.000180617 -0.000222948 -5.41064e-05 -0.000486503 -0.000135254 -5.41064e-05 0.000180617 -0.000135254 0.000349973 -0.000651101 -0.000647603 -0.00103573 -0.00103503 -0.000647603 -0.000486503 -0.00103503 -0.000785018 -0.00103573 -0.00103503 -0.00145052 -0.00145861 -0.00103503 -0.000785018 -0.00145861 -0.00111753 -0.000486503 -0.000135254 -0.000785018 -0.000240744 -0.000135254 0.000349973 -0.000240744 0.000508227 -0.000785018 -0.000240744 -0.00111753 -0.000370753 -0.000240744 0.000508227 -0.000370753 0.000655534 -0.000446672 -0.00068241 -0.000535635 -0.000841896 -0.00068241 -0.000957376 -0.000841896 -0.00120945 -0.000535635 -0.000841896 -0.000601003 -0.000977668 -0.000841896 -0.00120945 -0.000977668 -0.00144482 -0.000957376 -0.00123926 -0.00120945 -0.001595 -0.00123926 -0.00145052 -0.001595 -0.00189154 -0.00120945 -0.001595 -0.00144482 -0.0019507 -0.001595 -0.00189154 -0.0019507 -0.00235664 -0.000601003 -0.000977668 -0.000632966 -0.00107505 -0.000977668 -0.00144482 -0.00107505 -0.0016458 -0.000632966 -0.00107505 -0.000620395 -0.00111529 -0.00107505 -0.0016458 -0.00111529 -0.00178719 -0.00144482 -0.0019507 -0.0016458 -0.00229208 -0.0019507 -0.00235664 -0.00229208 -0.00284447 -0.0016458 -0.00229208 -0.00178719 -0.00259667 -0.00229208 -0.00284447 -0.00259667 -0.00335234 -0.00145052 -0.00145861 -0.00189154 -0.0019202 -0.00145861 -0.00111753 -0.0019202 -0.0014897 -0.00189154 -0.0019202 -0.00235664 -0.00242837 -0.0019202 -0.0014897 -0.00242837 -0.00191667 -0.00111753 -0.000370753 -0.0014897 -0.000530045 -0.000370753 0.000655534 -0.000530045 0.000792048 -0.0014897 -0.000530045 -0.00191667 -0.000730417 -0.000530045 0.000792048 -0.000730417 0.000917914 -0.00235664 -0.00242837 -0.00284447 -0.00300035 -0.00242837 -0.00191667 -0.00300035 -0.00242763 -0.00284447 -0.00300035 -0.00335234 -0.00366621 -0.00300035 -0.00242763 -0.00366621 -0.00307605 -0.00191667 -0.000730417 -0.00242763 -0.000994668 -0.000730417 0.000917914 -0.000994668 0.00103326 -0.00242763 -0.000994668 -0.00307605 -0.00136572 -0.000994668 0.00103326 -0.00136572 0.0011382 0 0 0.000180617 0.000414478 0 0 0.000414478 0.000580822 0.000180617 0.000414478 0.000349973 0.000833504 0.000414478 0.000580822 0.000833504 0.00117984 0 0 0.000580822 0.000653805 0 0 0.000653805 0.000651541 0.000580822 0.000653805 0.00117984 0.00133317 0.000653805 0.000651541 0.00133317 0.00132632 0.000349973 0.000833504 0.000508227 0.00125469 0.000833504 0.00117984 0.00125469 0.00179169 0.000508227 0.00125469 0.000655534 0.0016785 0.00125469 0.00179169 0.0016785 0.00241571 0.00117984 0.00133317 0.00179169 0.00203025 0.00133317 0.00132632 0.00203025 0.00201574 0.00179169 0.00203025 0.00241571 0.00274179 0.00203025 0.00201574 0.00274179 0.00271391 0 0 0.000651541 0.000608355 0 0 0.000608355 0.00054973 0.000651541 0.000608355 0.00132632 0.00122907 0.000608355 0.00054973 0.00122907 0.00109784 0 0 0.00054973 0.000487092 0 0 0.000487092 0.000424291 0.00054973 0.000487092 0.00109784 0.00096112 0.000487092 0.000424291 0.00096112 0.000829259 0.00132632 0.00122907 0.00201574 0.00185472 0.00122907 0.00109784 0.00185472 0.00163888 0.00201574 0.00185472 0.00271391 0.00247804 0.00185472 0.00163888 0.00247804 0.00216574 0.00109784 0.00096112 0.00163888 0.0014183 0.00096112 0.000829259 0.0014183 0.00121219 0.00163888 0.0014183 0.00216574 0.00185277 0.0014183 0.00121219 0.00185277 0.0015687 0.000655534 0.0016785 0.000792048 0.00211001 0.0016785 0.00241571 0.00211001 0.00305781 0.000792048 0.00211001 0.000917914 0.00256128 0.00211001 0.00305781 0.00256128 0.00373338 0.00241571 0.00274179 0.00305781 0.00346989 0.00274179 0.00271391 0.00346989 0.0034172 0.00305781 0.00346989 0.00373338 0.00422334 0.00346989 0.0034172 0.00422334 0.00412368 0.000917914 0.00256128 0.00103326 0.00305536 0.00256128 0.00373338 0.00305536 0.00447182 0.00103326 0.00305536 0.0011382 0.00363538 0.00305536 0.00447182 0.00363538 0.0053268 0.00373338 0.00422334 0.00447182 0.00501959 0.00422334 0.00412368 0.00501959 0.0048322 0.00447182 0.00501959 0.0053268 0.00588884 0.00501959 0.0048322 0.00588884 0.00554023 0.00271391 0.00247804 0.0034172 0.00309103 0.00247804 0.00216574 0.00309103 0.00266913 0.0034172 0.00309103 0.00412368 0.00368373 0.00309103 0.00266913 0.00368373 0.00313648 0.00216574 0.00185277 0.00266913 0.00225633 0.00185277 0.0015687 0.00225633 0.00189277 0.00266913 0.00225633 0.00313648 0.00261808 0.00225633 0.00189277 0.00261808 0.00217674 0.00412368 0.00368373 0.0048322 0.00424211 0.00368373 0.00313648 0.00424211 0.00355048 0.0048322 0.00424211 0.00554023 0.00474389 0.00424211 0.00355048 0.00474389 0.0038862 0.00313648 0.00261808 0.00355048 0.00292384 0.00261808 0.00217674 0.00292384 0.0024114 0.00355048 0.00292384 0.0038862 0.00315527 0.00292384 0.0024114 0.00315527 0.00258613 0 0 0.000424291 0.000363258 0 0 0.000363258 0.000305299 0.000424291 0.000363258 0.000829259 0.000705733 0.000363258 0.000305299 0.000705733 0.000591468 0 0 0.000305299 0.000250482 0 0 0.000250482 0.000197459 0.000305299 0.000250482 0.000591468 0.000485158 0.000250482 0.000197459 0.000485158 0.000383401 0.000829259 0.000705733 0.00121219 0.00102537 0.000705733 0.000591468 0.00102537 0.000857037 0.00121219 0.00102537 0.0015687 0.00131914 0.00102537 0.000857037 0.00131914 0.00110005 0.000591468 0.000485158 0.000857037 0.00070319 0.000485158 0.000383401 0.00070319 0.000557593 0.000857037 0.00070319 0.00110005 0.00090347 0.00070319 0.000557593 0.00090347 0.000719621 0 0 0.000197459 0.000144526 0 0 0.000144526 9.25251e-05 0.000197459 0.000144526 0.000383401 0.000282316 0.000144526 9.25251e-05 0.000282316 0.00018152 0 0 9.25251e-05 4.78946e-05 0 0 4.78946e-05 0 9.25251e-05 4.78946e-05 0.00018152 8.84039e-05 4.78946e-05 0 8.84039e-05 0 0.000383401 0.000282316 0.000557593 0.000413468 0.000282316 0.00018152 0.000413468 0.000267237 0.000557593 0.000413468 0.000719621 0.000538291 0.000413468 0.000267237 0.000538291 0.000351201 0.00018152 8.84039e-05 0.000267237 0.000124973 8.84039e-05 0 0.000124973 0 0.000267237 0.000124973 0.000351201 0.000161014 0.000124973 0 0.000161014 0 0.0015687 0.00131914 0.00189277 0.00158311 0.00131914 0.00110005 0.00158311 0.00131813 0.00189277 0.00158311 0.00217674 0.00181258 0.00158311 0.00131813 0.00181258 0.00150862 0.00110005 0.00090347 0.00131813 0.00108466 0.00090347 0.000719621 0.00108466 0.000868902 0.00131813 0.00108466 0.00150862 0.0012453 0.00108466 0.000868902 0.0012453 0.00100466 0.00217674 0.00181258 0.0024114 0.00200239 0.00181258 0.00150862 0.00200239 0.00166883 0.0024114 0.00200239 0.00258613 0.00214731 0.00200239 0.00166883 0.00214731 0.00179633 0.00150862 0.0012453 0.00166883 0.00138391 0.0012453 0.00100466 0.00138391 0.00112597 0.00166883 0.00138391 0.00179633 0.0014992 0.00138391 0.00112597 0.0014992 0.00123172 0.000719621 0.000538291 0.000868902 0.000657137 0.000538291 0.000351201 0.000657137 0.000436011 0.000868902 0.000657137 0.00100466 0.000770098 0.000657137 0.000436011 0.000770098 0.00052441 0.000351201 0.000161014 0.000436011 0.000200228 0.000161014 0 0.000200228 0 0.000436011 0.000200228 0.00052441 0.000248808 0.000200228 0 0.000248808 0 0.00100466 0.000770098 0.00112597 0.000876741 0.000770098 0.00052441 0.000876741 0.000617095 0.00112597 0.000876741 0.00123172 0.000975749 0.000876741 0.000617095 0.000975749 0.000714949 0.00052441 0.000248808 0.000617095 0.000319477 0.000248808 0 0.000319477 0 0.000617095 0.000319477 0.000714949 0.000425486 0.000319477 0 0.000425486 0 0 0.00036966 0 0.00024272 0.00036966 0.000337675 0.00024272 0.000290829 0 0.00024272 0 0.000144235 0.00024272 0.000290829 0.000144235 0.000238102 0.000337675 0.000274216 0.000290829 0.0002637 0.000274216 0.000204956 0.0002637 0.00019858 0.000290829 0.0002637 0.000238102 0.000240104 0.0002637 0.00019858 0.000240104 0.000182345 0 0.000144235 0 8.93399e-05 0.000144235 0.000238102 8.93399e-05 0.000190389 0 8.93399e-05 0 6.02504e-05 8.93399e-05 0.000190389 6.02504e-05 0.000152035 0.000238102 0.000240104 0.000190389 0.000211239 0.000240104 0.000182345 0.000211239 0.000161011 0.000190389 0.000211239 0.000152035 0.000182726 0.000211239 0.000161011 0.000182726 0.000138578 0.000204956 0.000107653 0.00019858 8.88072e-05 0.000107653 -4.37773e-05 8.88072e-05 -8.39834e-05 0.00019858 8.88072e-05 0.000182345 6.53878e-05 8.88072e-05 -8.39834e-05 6.53878e-05 -0.000122815 -4.37773e-05 -0.000275892 -8.39834e-05 -0.000340832 -0.000275892 -0.000620395 -0.000340832 -0.000704844 -8.39834e-05 -0.000340832 -0.000122815 -0.000397379 -0.000340832 -0.000704844 -0.000397379 -0.000772688 0.000182345 6.53878e-05 0.000161011 4.03313e-05 6.53878e-05 -0.000122815 4.03313e-05 -0.000158541 0.000161011 4.03313e-05 0.000138578 1.6233e-05 4.03313e-05 -0.000158541 1.6233e-05 -0.000189701 -0.000122815 -0.000397379 -0.000158541 -0.000445218 -0.000397379 -0.000772688 -0.000445218 -0.000826031 -0.000158541 -0.000445218 -0.000189701 -0.000484227 -0.000445218 -0.000826031 -0.000484227 -0.000866778 0 6.02504e-05 0 4.4371e-05 6.02504e-05 0.000152035 4.4371e-05 0.00012389 0 4.4371e-05 0 3.55411e-05 4.4371e-05 0.00012389 3.55411e-05 0.000105032 0.000152035 0.000182726 0.00012389 0.000158175 0.000182726 0.000138578 0.000158175 0.000118188 0.00012389 0.000158175 0.000105032 0.000139657 0.000158175 0.000118188 0.000139657 0.000102133 0 3.55411e-05 0 3.10019e-05 3.55411e-05 0.000105032 3.10019e-05 9.42669e-05 0 3.10019e-05 0 2.95952e-05 3.10019e-05 9.42669e-05 2.95952e-05 9.07725e-05 0.000105032 0.000139657 9.42669e-05 0.000128235 0.000139657 0.000102133 0.000128235 9.19316e-05 9.42669e-05 0.000128235 9.07725e-05 0.000124385 0.000128235 9.19316e-05 0.000124385 8.84394e-05 0.000138578 1.6233e-05 0.000118188 -4.74112e-06 1.6233e-05 -0.000189701 -4.74112e-06 -0.00021512 0.000118188 -4.74112e-06 0.000102133 -2.09072e-05 -4.74112e-06 -0.00021512 -2.09072e-05 -0.000233902 -0.000189701 -0.000484227 -0.00021512 -0.000514427 -0.000484227 -0.000866778 -0.000514427 -0.000896615 -0.00021512 -0.000514427 -0.000233902 -0.000535899 -0.000514427 -0.000896615 -0.000535899 -0.000916916 0.000102133 -2.09072e-05 9.19316e-05 -3.10758e-05 -2.09072e-05 -0.000233902 -3.10758e-05 -0.000245417 9.19316e-05 -3.10758e-05 8.84394e-05 -3.45429e-05 -3.10758e-05 -0.000245417 -3.45429e-05 -0.000249297 -0.000233902 -0.000535899 -0.000245417 -0.000548737 -0.000535899 -0.000916916 -0.000548737 -0.000928688 -0.000245417 -0.000548737 -0.000249297 -0.000553008 -0.000548737 -0.000928688 -0.000553008 -0.000932543 -0.000620395 -0.00111529 -0.000704844 -0.00119722 -0.00111529 -0.00178719 -0.00119722 -0.00181807 -0.000704844 -0.00119722 -0.000772688 -0.00125534 -0.00119722 -0.00181807 -0.00125534 -0.0018256 -0.00178719 -0.00259667 -0.00181807 -0.00250283 -0.00259667 -0.00335234 -0.00250283 -0.00306672 -0.00181807 -0.00250283 -0.0018256 -0.0024041 -0.00250283 -0.00306672 -0.0024041 -0.00281826 -0.000772688 -0.00125534 -0.000826031 -0.00129545 -0.00125534 -0.0018256 -0.00129545 -0.00181924 -0.000826031 -0.00129545 -0.000866778 -0.00132219 -0.00129545 -0.00181924 -0.00132219 -0.00180594 -0.0018256 -0.0024041 -0.00181924 -0.00230992 -0.0024041 -0.00281826 -0.00230992 -0.00260863 -0.00181924 -0.00230992 -0.00180594 -0.00222657 -0.00230992 -0.00260863 -0.00222657 -0.00243821 -0.00335234 -0.00366621 -0.00306672 -0.00319374 -0.00366621 -0.00307605 -0.00319374 -0.00254816 -0.00306672 -0.00319374 -0.00281826 -0.00281072 -0.00319374 -0.00254816 -0.00281072 -0.00213649 -0.00307605 -0.00136572 -0.00254816 -0.00100735 -0.00136572 0.0011382 -0.00100735 0.00114671 -0.00254816 -0.00100735 -0.00213649 -0.000733191 -0.00100735 0.00114671 -0.000733191 0.00115469 -0.00281826 -0.00281072 -0.00260863 -0.00250442 -0.00281072 -0.00213649 -0.00250442 -0.00181728 -0.00260863 -0.00250442 -0.00243821 -0.00226547 -0.00250442 -0.00181728 -0.00226547 -0.0015743 -0.00213649 -0.000733191 -0.00181728 -0.00052383 -0.000733191 0.00115469 -0.00052383 0.00116189 -0.00181728 -0.00052383 -0.0015743 -0.000366366 -0.00052383 0.00116189 -0.000366366 0.00116807 -0.000866778 -0.00132219 -0.000896615 -0.00133928 -0.00132219 -0.00180594 -0.00133928 -0.00179085 -0.000896615 -0.00133928 -0.000916916 -0.00134952 -0.00133928 -0.00179085 -0.00134952 -0.00177764 -0.00180594 -0.00222657 -0.00179085 -0.00215828 -0.00222657 -0.00243821 -0.00215828 -0.00230664 -0.00179085 -0.00215828 -0.00177764 -0.00210782 -0.00215828 -0.00230664 -0.00210782 -0.0022133 -0.000916916 -0.00134952 -0.000928688 -0.00135489 -0.00134952 -0.00177764 -0.00135489 -0.00176878 -0.000928688 -0.00135489 -0.000932543 -0.00135656 -0.00135489 -0.00176878 -0.00135656 -0.00176567 -0.00177764 -0.00210782 -0.00176878 -0.00207693 -0.00210782 -0.0022133 -0.00207693 -0.00215758 -0.00176878 -0.00207693 -0.00176567 -0.00206653 -0.00207693 -0.00215758 -0.00206653 -0.00213905 -0.00243821 -0.00226547 -0.00230664 -0.00208663 -0.00226547 -0.0015743 -0.00208663 -0.00139585 -0.00230664 -0.00208663 -0.0022133 -0.00196255 -0.00208663 -0.00139585 -0.00196255 -0.00127373 -0.0015743 -0.000366366 -0.00139585 -0.000251786 -0.000366366 0.00116807 -0.000251786 0.00117305 -0.00139585 -0.000251786 -0.00127373 -0.000173899 -0.000251786 0.00117305 -0.000173899 0.00117671 -0.0022133 -0.00196255 -0.00215758 -0.00188953 -0.00196255 -0.00127373 -0.00188953 -0.00120252 -0.00215758 -0.00188953 -0.00213905 -0.00186543 -0.00188953 -0.00120252 -0.00186543 -0.00117912 -0.00127373 -0.000173899 -0.00120252 -0.000128675 -0.000173899 0.00117671 -0.000128675 0.00117894 -0.00120252 -0.000128675 -0.00117912 -0.000113845 -0.000128675 0.00117894 -0.000113845 0.0011797 0.0011382 0.00363538 0.00114671 0.00329526 0.00363538 0.0053268 0.00329526 0.00482048 0.00114671 0.00329526 0.00115469 0.00303807 0.00329526 0.00482048 0.00303807 0.00442852 0.0053268 0.00588884 0.00482048 0.00544255 0.00588884 0.00554023 0.00544255 0.00528587 0.00482048 0.00544255 0.00442852 0.00508305 0.00544255 0.00528587 0.00508305 0.0050652 0.00115469 0.00303807 0.00116189 0.0028439 0.00303807 0.00442852 0.0028439 0.0041267 0.00116189 0.0028439 0.00116807 0.00269941 0.0028439 0.0041267 0.00269941 0.00389842 0.00442852 0.00508305 0.0041267 0.00479725 0.00508305 0.0050652 0.00479725 0.00487957 0.0041267 0.00479725 0.00389842 0.00457547 0.00479725 0.00487957 0.00457547 0.00472909 0.00554023 0.00474389 0.00528587 0.00468642 0.00474389 0.0038862 0.00468642 0.00395838 0.00528587 0.00468642 0.0050652 0.00461974 0.00468642 0.00395838 0.00461974 0.0040019 0.0038862 0.00315527 0.00395838 0.00328293 0.00315527 0.00258613 0.00328293 0.0027196 0.00395838 0.00328293 0.0040019 0.00338022 0.00328293 0.0027196 0.00338022 0.0028283 0.0050652 0.00461974 0.00487957 0.00455301 0.00461974 0.0040019 0.00455301 0.00402605 0.00487957 0.00455301 0.00472909 0.00449233 0.00455301 0.00402605 0.00449233 0.00403771 0.0040019 0.00338022 0.00402605 0.00345301 0.00338022 0.0028283 0.00345301 0.00291483 0.00402605 0.00345301 0.00403771 0.00350608 0.00345301 0.00291483 0.00350608 0.00298165 0.00116807 0.00269941 0.00117305 0.00259528 0.00269941 0.00389842 0.00259528 0.00373172 0.00117305 0.00259528 0.00117671 0.00252504 0.00259528 0.00373172 0.00252504 0.00361815 0.00389842 0.00457547 0.00373172 0.00441024 0.00457547 0.00472909 0.00441024 0.00461323 0.00373172 0.00441024 0.00361815 0.00429601 0.00441024 0.00461323 0.00429601 0.00453121 0.00117671 0.00252504 0.00117894 0.00248447 0.00252504 0.00361815 0.00248447 0.00355213 0.00117894 0.00248447 0.0011797 0.00247121 0.00248447 0.00355213 0.00247121 0.00353047 0.00361815 0.00429601 0.00355213 0.00422896 0.00429601 0.00453121 0.00422896 0.00448232 0.00355213 0.00422896 0.00353047 0.00420685 0.00422896 0.00448232 0.00420685 0.00446608 0.00472909 0.00449233 0.00461323 0.00444177 0.00449233 0.00403771 0.00444177 0.00404199 0.00461323 0.00444177 0.00453121 0.00440404 0.00444177 0.00404199 0.00440404 0.00404259 0.00403771 0.00350608 0.00404199 0.00354336 0.00350608 0.00298165 0.00354336 0.00303103 0.00404199 0.00354336 0.00404259 0.00356786 0.00354336 0.00303103 0.00356786 0.00306487 0.00453121 0.00440404 0.00448232 0.0043808 0.00440404 0.00404259 0.0043808 0.004042 0.00448232 0.0043808 0.00446608 0.00437296 0.0043808 0.004042 0.00437296 0.00404165 0.00404259 0.00356786 0.004042 0.00358171 0.00356786 0.00306487 0.00358171 0.00308459 0.004042 0.00358171 0.00404165 0.00358618 0.00358171 0.00308459 0.00358618 0.00309107 0.00258613 0.00214731 0.0027196 0.00226235 0.00214731 0.00179633 0.00226235 0.00188384 0.0027196 0.00226235 0.0028283 0.00235873 0.00226235 0.00188384 0.00235873 0.00195693 0.00179633 0.0014992 0.00188384 0.00155598 0.0014992 0.00123172 0.00155598 0.00125535 0.00188384 0.00155598 0.00195693 0.00160073 0.00155598 0.00125535 0.00160073 0.00126832 0.0028283 0.00235873 0.00291483 0.00243736 0.00235873 0.00195693 0.00243736 0.00201634 0.00291483 0.00243736 0.00298165 0.00249939 0.00243736 0.00201634 0.00249939 0.00206302 0.00195693 0.00160073 0.00201634 0.00163505 0.00160073 0.00126832 0.00163505 0.0012739 0.00201634 0.00163505 0.00206302 0.00166056 0.00163505 0.0012739 0.00166056 0.00127491 0.00123172 0.000975749 0.00125535 0.000962566 0.000975749 0.000714949 0.000962566 0.000659715 0.00125535 0.000962566 0.00126832 0.000940638 0.000962566 0.000659715 0.000940638 0.000601914 0.000714949 0.000425486 0.000659715 0.000328521 0.000425486 0 0.000328521 0 0.000659715 0.000328521 0.000601914 0.000246045 0.000328521 0 0.000246045 0 0.00126832 0.000940638 0.0012739 0.000915627 0.000940638 0.000601914 0.000915627 0.000550469 0.0012739 0.000915627 0.00127491 0.000891684 0.000915627 0.000550469 0.000891684 0.000509072 0.000601914 0.000246045 0.000550469 0.000194122 0.000246045 0 0.000194122 0 0.000550469 0.000194122 0.000509072 0.00016326 0.000194122 0 0.00016326 0 0.00298165 0.00249939 0.00303103 0.00254605 0.00249939 0.00206302 0.00254605 0.002098 0.00303103 0.00254605 0.00306487 0.00257846 0.00254605 0.002098 0.00257846 0.00212222 0.00206302 0.00166056 0.002098 0.00167874 0.00166056 0.00127491 0.00167874 0.00127359 0.002098 0.00167874 0.00212222 0.00169082 0.00167874 0.00127359 0.00169082 0.00127159 0.00306487 0.00257846 0.00308459 0.00259753 0.00257846 0.00212222 0.00259753 0.00213644 0.00308459 0.00259753 0.00309107 0.00260382 0.00259753 0.00213644 0.00260382 0.00214112 0.00212222 0.00169082 0.00213644 0.00169769 0.00169082 0.00127159 0.00169769 0.00126998 0.00213644 0.00169769 0.00214112 0.00169992 0.00169769 0.00126998 0.00169992 0.00126938 0.00127491 0.000891684 0.00127359 0.000871456 0.000891684 0.000509072 0.000871456 0.000478477 0.00127359 0.000871456 0.00127159 0.000856397 0.000871456 0.000478477 0.000856397 0.00045785 0.000509072 0.00016326 0.000478477 0.000144846 0.00016326 0 0.000144846 0 0.000478477 0.000144846 0.00045785 0.00013401 0.000144846 0 0.00013401 0 0.00127159 0.000856397 0.00126998 0.000847191 0.000856397 0.00045785 0.000847191 0.000446035 0.00126998 0.000847191 0.00126938 0.000844101 0.000847191 0.000446035 0.000844101 0.000442196 0.00045785 0.00013401 0.000446035 0.00012827 0.00013401 0 0.00012827 0 0.000446035 0.00012827 0.000442196 0.00012647 0.00012827 0 0.00012647 0 0 2.95952e-05 0 3.10019e-05 2.95952e-05 9.07725e-05 3.10019e-05 9.42669e-05 0 3.10019e-05 0 3.55411e-05 3.10019e-05 9.42669e-05 3.55411e-05 0.000105032 9.07725e-05 0.000124385 9.42669e-05 0.000128235 0.000124385 8.84394e-05 0.000128235 9.19316e-05 9.42669e-05 0.000128235 0.000105032 0.000139657 0.000128235 9.19316e-05 0.000139657 0.000102133 0 3.55411e-05 0 4.4371e-05 3.55411e-05 0.000105032 4.4371e-05 0.00012389 0 4.4371e-05 0 6.02504e-05 4.4371e-05 0.00012389 6.02504e-05 0.000152035 0.000105032 0.000139657 0.00012389 0.000158175 0.000139657 0.000102133 0.000158175 0.000118188 0.00012389 0.000158175 0.000152035 0.000182726 0.000158175 0.000118188 0.000182726 0.000138578 8.84394e-05 -3.45429e-05 9.19316e-05 -3.10758e-05 -3.45429e-05 -0.000249297 -3.10758e-05 -0.000245417 9.19316e-05 -3.10758e-05 0.000102133 -2.09072e-05 -3.10758e-05 -0.000245417 -2.09072e-05 -0.000233902 -0.000249297 -0.000553008 -0.000245417 -0.000548737 -0.000553008 -0.000932543 -0.000548737 -0.000928688 -0.000245417 -0.000548737 -0.000233902 -0.000535899 -0.000548737 -0.000928688 -0.000535899 -0.000916916 0.000102133 -2.09072e-05 0.000118188 -4.74112e-06 -2.09072e-05 -0.000233902 -4.74112e-06 -0.00021512 0.000118188 -4.74112e-06 0.000138578 1.6233e-05 -4.74112e-06 -0.00021512 1.6233e-05 -0.000189701 -0.000233902 -0.000535899 -0.00021512 -0.000514427 -0.000535899 -0.000916916 -0.000514427 -0.000896615 -0.00021512 -0.000514427 -0.000189701 -0.000484227 -0.000514427 -0.000896615 -0.000484227 -0.000866778 0 6.02504e-05 0 8.93399e-05 6.02504e-05 0.000152035 8.93399e-05 0.000190389 0 8.93399e-05 0 0.000144235 8.93399e-05 0.000190389 0.000144235 0.000238102 0.000152035 0.000182726 0.000190389 0.000211239 0.000182726 0.000138578 0.000211239 0.000161011 0.000190389 0.000211239 0.000238102 0.000240104 0.000211239 0.000161011 0.000240104 0.000182345 0 0.000144235 0 0.00024272 0.000144235 0.000238102 0.00024272 0.000290829 0 0.00024272 0 0.00036966 0.00024272 0.000290829 0.00036966 0.000337675 0.000238102 0.000240104 0.000290829 0.0002637 0.000240104 0.000182345 0.0002637 0.00019858 0.000290829 0.0002637 0.000337675 0.000274216 0.0002637 0.00019858 0.000274216 0.000204956 0.000138578 1.6233e-05 0.000161011 4.03313e-05 1.6233e-05 -0.000189701 4.03313e-05 -0.000158541 0.000161011 4.03313e-05 0.000182345 6.53878e-05 4.03313e-05 -0.000158541 6.53878e-05 -0.000122815 -0.000189701 -0.000484227 -0.000158541 -0.000445218 -0.000484227 -0.000866778 -0.000445218 -0.000826031 -0.000158541 -0.000445218 -0.000122815 -0.000397379 -0.000445218 -0.000826031 -0.000397379 -0.000772688 0.000182345 6.53878e-05 0.00019858 8.88072e-05 6.53878e-05 -0.000122815 8.88072e-05 -8.39834e-05 0.00019858 8.88072e-05 0.000204956 0.000107653 8.88072e-05 -8.39834e-05 0.000107653 -4.37773e-05 -0.000122815 -0.000397379 -8.39834e-05 -0.000340832 -0.000397379 -0.000772688 -0.000340832 -0.000704844 -8.39834e-05 -0.000340832 -4.37773e-05 -0.000275892 -0.000340832 -0.000704844 -0.000275892 -0.000620395 -0.000932543 -0.00135656 -0.000928688 -0.00135489 -0.00135656 -0.00176567 -0.00135489 -0.00176878 -0.000928688 -0.00135489 -0.000916916 -0.00134952 -0.00135489 -0.00176878 -0.00134952 -0.00177764 -0.00176567 -0.00206653 -0.00176878 -0.00207693 -0.00206653 -0.00213905 -0.00207693 -0.00215758 -0.00176878 -0.00207693 -0.00177764 -0.00210782 -0.00207693 -0.00215758 -0.00210782 -0.0022133 -0.000916916 -0.00134952 -0.000896615 -0.00133928 -0.00134952 -0.00177764 -0.00133928 -0.00179085 -0.000896615 -0.00133928 -0.000866778 -0.00132219 -0.00133928 -0.00179085 -0.00132219 -0.00180594 -0.00177764 -0.00210782 -0.00179085 -0.00215828 -0.00210782 -0.0022133 -0.00215828 -0.00230664 -0.00179085 -0.00215828 -0.00180594 -0.00222657 -0.00215828 -0.00230664 -0.00222657 -0.00243821 -0.00213905 -0.00186543 -0.00215758 -0.00188953 -0.00186543 -0.00117912 -0.00188953 -0.00120252 -0.00215758 -0.00188953 -0.0022133 -0.00196255 -0.00188953 -0.00120252 -0.00196255 -0.00127373 -0.00117912 -0.000113845 -0.00120252 -0.000128675 -0.000113845 0.0011797 -0.000128675 0.00117894 -0.00120252 -0.000128675 -0.00127373 -0.000173899 -0.000128675 0.00117894 -0.000173899 0.00117671 -0.0022133 -0.00196255 -0.00230664 -0.00208663 -0.00196255 -0.00127373 -0.00208663 -0.00139585 -0.00230664 -0.00208663 -0.00243821 -0.00226547 -0.00208663 -0.00139585 -0.00226547 -0.0015743 -0.00127373 -0.000173899 -0.00139585 -0.000251786 -0.000173899 0.00117671 -0.000251786 0.00117305 -0.00139585 -0.000251786 -0.0015743 -0.000366366 -0.000251786 0.00117305 -0.000366366 0.00116807 -0.000866778 -0.00132219 -0.000826031 -0.00129545 -0.00132219 -0.00180594 -0.00129545 -0.00181924 -0.000826031 -0.00129545 -0.000772688 -0.00125534 -0.00129545 -0.00181924 -0.00125534 -0.0018256 -0.00180594 -0.00222657 -0.00181924 -0.00230992 -0.00222657 -0.00243821 -0.00230992 -0.00260863 -0.00181924 -0.00230992 -0.0018256 -0.0024041 -0.00230992 -0.00260863 -0.0024041 -0.00281826 -0.000772688 -0.00125534 -0.000704844 -0.00119722 -0.00125534 -0.0018256 -0.00119722 -0.00181807 -0.000704844 -0.00119722 -0.000620395 -0.00111529 -0.00119722 -0.00181807 -0.00111529 -0.00178719 -0.0018256 -0.0024041 -0.00181807 -0.00250283 -0.0024041 -0.00281826 -0.00250283 -0.00306672 -0.00181807 -0.00250283 -0.00178719 -0.00259667 -0.00250283 -0.00306672 -0.00259667 -0.00335234 -0.00243821 -0.00226547 -0.00260863 -0.00250442 -0.00226547 -0.0015743 -0.00250442 -0.00181728 -0.00260863 -0.00250442 -0.00281826 -0.00281072 -0.00250442 -0.00181728 -0.00281072 -0.00213649 -0.0015743 -0.000366366 -0.00181728 -0.00052383 -0.000366366 0.00116807 -0.00052383 0.00116189 -0.00181728 -0.00052383 -0.00213649 -0.000733191 -0.00052383 0.00116189 -0.000733191 0.00115469 -0.00281826 -0.00281072 -0.00306672 -0.00319374 -0.00281072 -0.00213649 -0.00319374 -0.00254816 -0.00306672 -0.00319374 -0.00335234 -0.00366621 -0.00319374 -0.00254816 -0.00366621 -0.00307605 -0.00213649 -0.000733191 -0.00254816 -0.00100735 -0.000733191 0.00115469 -0.00100735 0.00114671 -0.00254816 -0.00100735 -0.00307605 -0.00136572 -0.00100735 0.00114671 -0.00136572 0.0011382 0.0011797 0.00247121 0.00117894 0.00248447 0.00247121 0.00353047 0.00248447 0.00355213 0.00117894 0.00248447 0.00117671 0.00252504 0.00248447 0.00355213 0.00252504 0.00361815 0.00353047 0.00420685 0.00355213 0.00422896 0.00420685 0.00446608 0.00422896 0.00448232 0.00355213 0.00422896 0.00361815 0.00429601 0.00422896 0.00448232 0.00429601 0.00453121 0.00117671 0.00252504 0.00117305 0.00259528 0.00252504 0.00361815 0.00259528 0.00373172 0.00117305 0.00259528 0.00116807 0.00269941 0.00259528 0.00373172 0.00269941 0.00389842 0.00361815 0.00429601 0.00373172 0.00441024 0.00429601 0.00453121 0.00441024 0.00461323 0.00373172 0.00441024 0.00389842 0.00457547 0.00441024 0.00461323 0.00457547 0.00472909 0.00446608 0.00437296 0.00448232 0.0043808 0.00437296 0.00404165 0.0043808 0.004042 0.00448232 0.0043808 0.00453121 0.00440404 0.0043808 0.004042 0.00440404 0.00404259 0.00404165 0.00358618 0.004042 0.00358171 0.00358618 0.00309107 0.00358171 0.00308459 0.004042 0.00358171 0.00404259 0.00356786 0.00358171 0.00308459 0.00356786 0.00306487 0.00453121 0.00440404 0.00461323 0.00444177 0.00440404 0.00404259 0.00444177 0.00404199 0.00461323 0.00444177 0.00472909 0.00449233 0.00444177 0.00404199 0.00449233 0.00403771 0.00404259 0.00356786 0.00404199 0.00354336 0.00356786 0.00306487 0.00354336 0.00303103 0.00404199 0.00354336 0.00403771 0.00350608 0.00354336 0.00303103 0.00350608 0.00298165 0.00116807 0.00269941 0.00116189 0.0028439 0.00269941 0.00389842 0.0028439 0.0041267 0.00116189 0.0028439 0.00115469 0.00303807 0.0028439 0.0041267 0.00303807 0.00442852 0.00389842 0.00457547 0.0041267 0.00479725 0.00457547 0.00472909 0.00479725 0.00487957 0.0041267 0.00479725 0.00442852 0.00508305 0.00479725 0.00487957 0.00508305 0.0050652 0.00115469 0.00303807 0.00114671 0.00329526 0.00303807 0.00442852 0.00329526 0.00482048 0.00114671 0.00329526 0.0011382 0.00363538 0.00329526 0.00482048 0.00363538 0.0053268 0.00442852 0.00508305 0.00482048 0.00544255 0.00508305 0.0050652 0.00544255 0.00528587 0.00482048 0.00544255 0.0053268 0.00588884 0.00544255 0.00528587 0.00588884 0.00554023 0.00472909 0.00449233 0.00487957 0.00455301 0.00449233 0.00403771 0.00455301 0.00402605 0.00487957 0.00455301 0.0050652 0.00461974 0.00455301 0.00402605 0.00461974 0.0040019 0.00403771 0.00350608 0.00402605 0.00345301 0.00350608 0.00298165 0.00345301 0.00291483 0.00402605 0.00345301 0.0040019 0.00338022 0.00345301 0.00291483 0.00338022 0.0028283 0.0050652 0.00461974 0.00528587 0.00468642 0.00461974 0.0040019 0.00468642 0.00395838 0.00528587 0.00468642 0.00554023 0.00474389 0.00468642 0.00395838 0.00474389 0.0038862 0.0040019 0.00338022 0.00395838 0.00328293 0.00338022 0.0028283 0.00328293 0.0027196 0.00395838 0.00328293 0.0038862 0.00315527 0.00328293 0.0027196 0.00315527 0.00258613 0.00309107 0.00260382 0.00308459 0.00259753 0.00260382 0.00214112 0.00259753 0.00213644 0.00308459 0.00259753 0.00306487 0.00257846 0.00259753 0.00213644 0.00257846 0.00212222 0.00214112 0.00169992 0.00213644 0.00169769 0.00169992 0.00126938 0.00169769 0.00126998 0.00213644 0.00169769 0.00212222 0.00169082 0.00169769 0.00126998 0.00169082 0.00127159 0.00306487 0.00257846 0.00303103 0.00254605 0.00257846 0.00212222 0.00254605 0.002098 0.00303103 0.00254605 0.00298165 0.00249939 0.00254605 0.002098 0.00249939 0.00206302 0.00212222 0.00169082 0.002098 0.00167874 0.00169082 0.00127159 0.00167874 0.00127359 0.002098 0.00167874 0.00206302 0.00166056 0.00167874 0.00127359 0.00166056 0.00127491 0.00126938 0.000844101 0.00126998 0.000847191 0.000844101 0.000442196 0.000847191 0.000446035 0.00126998 0.000847191 0.00127159 0.000856397 0.000847191 0.000446035 0.000856397 0.00045785 0.000442196 0.00012647 0.000446035 0.00012827 0.00012647 0 0.00012827 0 0.000446035 0.00012827 0.00045785 0.00013401 0.00012827 0 0.00013401 0 0.00127159 0.000856397 0.00127359 0.000871456 0.000856397 0.00045785 0.000871456 0.000478477 0.00127359 0.000871456 0.00127491 0.000891684 0.000871456 0.000478477 0.000891684 0.000509072 0.00045785 0.00013401 0.000478477 0.000144846 0.00013401 0 0.000144846 0 0.000478477 0.000144846 0.000509072 0.00016326 0.000144846 0 0.00016326 0 0.00298165 0.00249939 0.00291483 0.00243736 0.00249939 0.00206302 0.00243736 0.00201634 0.00291483 0.00243736 0.0028283 0.00235873 0.00243736 0.00201634 0.00235873 0.00195693 0.00206302 0.00166056 0.00201634 0.00163505 0.00166056 0.00127491 0.00163505 0.0012739 0.00201634 0.00163505 0.00195693 0.00160073 0.00163505 0.0012739 0.00160073 0.00126832 0.0028283 0.00235873 0.0027196 0.00226235 0.00235873 0.00195693 0.00226235 0.00188384 0.0027196 0.00226235 0.00258613 0.00214731 0.00226235 0.00188384 0.00214731 0.00179633 0.00195693 0.00160073 0.00188384 0.00155598 0.00160073 0.00126832 0.00155598 0.00125535 0.00188384 0.00155598 0.00179633 0.0014992 0.00155598 0.00125535 0.0014992 0.00123172 0.00127491 0.000891684 0.0012739 0.000915627 0.000891684 0.000509072 0.000915627 0.000550469 0.0012739 0.000915627 0.00126832 0.000940638 0.000915627 0.000550469 0.000940638 0.000601914 0.000509072 0.00016326 0.000550469 0.000194122 0.00016326 0 0.000194122 0 0.000550469 0.000194122 0.000601914 0.000246045 0.000194122 0 0.000246045 0 0.00126832 0.000940638 0.00125535 0.000962566 0.000940638 0.000601914 0.000962566 0.000659715 0.00125535 0.000962566 0.00123172 0.000975749 0.000962566 0.000659715 0.000975749 0.000714949 0.000601914 0.000246045 0.000659715 0.000328521 0.000246045 0 0.000328521 0 0.000659715 0.000328521 0.000714949 0.000425486 0.000328521 0 0.000425486 0 0 0.00036966 0 0.000111701 0.00036966 0.000337675 0.000111701 0.000186527 0 0.000111701 0 -3.10301e-05 0.000111701 0.000186527 -3.10301e-05 5.99815e-05 0.000337675 0.000274216 0.000186527 0.0001822 0.000274216 0.000204956 0.0001822 0.000138128 0.000186527 0.0001822 5.99815e-05 9.43873e-05 0.0001822 0.000138128 9.43873e-05 7.72732e-05 0 -3.10301e-05 0 -0.000102861 -3.10301e-05 5.99815e-05 -0.000102861 -3.60448e-05 0 -0.000102861 0 -0.000138562 -0.000102861 -3.60448e-05 -0.000138562 -9.75808e-05 5.99815e-05 9.43873e-05 -3.60448e-05 2.11506e-05 9.43873e-05 7.72732e-05 2.11506e-05 2.74775e-05 -3.60448e-05 2.11506e-05 -9.75808e-05 -3.14991e-05 2.11506e-05 2.74775e-05 -3.14991e-05 -7.90371e-06 0.000204956 0.000107653 0.000138128 5.1443e-05 0.000107653 -4.37773e-05 5.1443e-05 -9.27448e-05 0.000138128 5.1443e-05 7.72732e-05 7.76897e-06 5.1443e-05 -9.27448e-05 7.76897e-06 -0.000120869 -4.37773e-05 -0.000275892 -9.27448e-05 -0.000313307 -0.000275892 -0.000620395 -0.000313307 -0.000632966 -9.27448e-05 -0.000313307 -0.000120869 -0.000319319 -0.000313307 -0.000632966 -0.000319319 -0.000601003 7.72732e-05 7.76897e-06 2.74775e-05 -2.24285e-05 7.76897e-06 -0.000120869 -2.24285e-05 -0.000130285 2.74775e-05 -2.24285e-05 -7.90371e-06 -3.89583e-05 -2.24285e-05 -0.000130285 -3.89583e-05 -0.000123578 -0.000120869 -0.000319319 -0.000130285 -0.000299583 -0.000319319 -0.000601003 -0.000299583 -0.000535635 -0.000130285 -0.000299583 -0.000123578 -0.000259764 -0.000299583 -0.000535635 -0.000259764 -0.000446672 0 -0.000138562 0 -0.000150895 -0.000138562 -9.75808e-05 -0.000150895 -0.000126133 0 -0.000150895 0 -0.000140995 -0.000150895 -0.000126133 -0.000140995 -0.000121679 -9.75808e-05 -3.14991e-05 -0.000126133 -6.03587e-05 -3.14991e-05 -7.90371e-06 -6.03587e-05 -2.72258e-05 -0.000126133 -6.03587e-05 -0.000121679 -6.42388e-05 -6.03587e-05 -2.72258e-05 -6.42388e-05 -3.06473e-05 0 -0.000140995 0 -9.89163e-05 -0.000140995 -0.000121679 -9.89163e-05 -8.14888e-05 0 -9.89163e-05 0 0 -9.89163e-05 -8.14888e-05 0 0 -0.000121679 -6.42388e-05 -8.14888e-05 -4.34259e-05 -6.42388e-05 -3.06473e-05 -4.34259e-05 -2.01856e-05 -8.14888e-05 -4.34259e-05 0 0 -4.34259e-05 -2.01856e-05 0 0 -7.90371e-06 -3.89583e-05 -2.72258e-05 -4.25682e-05 -3.89583e-05 -0.000123578 -4.25682e-05 -0.000103717 -2.72258e-05 -4.25682e-05 -3.06473e-05 -3.50717e-05 -4.25682e-05 -0.000103717 -3.50717e-05 -7.40198e-05 -0.000123578 -0.000259764 -0.000103717 -0.000205248 -0.000259764 -0.000446672 -0.000205248 -0.000342488 -0.000103717 -0.000205248 -7.40198e-05 -0.000140969 -0.000205248 -0.000342488 -0.000140969 -0.000229969 -3.06473e-05 -3.50717e-05 -2.01856e-05 -1.94576e-05 -3.50717e-05 -7.40198e-05 -1.94576e-05 -3.81291e-05 -2.01856e-05 -1.94576e-05 0 0 -1.94576e-05 -3.81291e-05 0 0 -7.40198e-05 -0.000140969 -3.81291e-05 -7.13038e-05 -0.000140969 -0.000229969 -7.13038e-05 -0.000114512 -3.81291e-05 -7.13038e-05 0 0 -7.13038e-05 -0.000114512 0 0 -0.000620395 -0.00111529 -0.000632966 -0.00107505 -0.00111529 -0.00178719 -0.00107505 -0.0016458 -0.000632966 -0.00107505 -0.000601003 -0.000977668 -0.00107505 -0.0016458 -0.000977668 -0.00144482 -0.00178719 -0.00259667 -0.0016458 -0.00229208 -0.00259667 -0.00335234 -0.00229208 -0.00284447 -0.0016458 -0.00229208 -0.00144482 -0.0019507 -0.00229208 -0.00284447 -0.0019507 -0.00235664 -0.000601003 -0.000977668 -0.000535635 -0.000841896 -0.000977668 -0.00144482 -0.000841896 -0.00120945 -0.000535635 -0.000841896 -0.000446672 -0.00068241 -0.000841896 -0.00120945 -0.00068241 -0.000957376 -0.00144482 -0.0019507 -0.00120945 -0.001595 -0.0019507 -0.00235664 -0.001595 -0.00189154 -0.00120945 -0.001595 -0.000957376 -0.00123926 -0.001595 -0.00189154 -0.00123926 -0.00145052 -0.00335234 -0.00366621 -0.00284447 -0.00300035 -0.00366621 -0.00307605 -0.00300035 -0.00242763 -0.00284447 -0.00300035 -0.00235664 -0.00242837 -0.00300035 -0.00242763 -0.00242837 -0.00191667 -0.00307605 -0.00136572 -0.00242763 -0.000994668 -0.00136572 0.0011382 -0.000994668 0.00103326 -0.00242763 -0.000994668 -0.00191667 -0.000730417 -0.000994668 0.00103326 -0.000730417 0.000917914 -0.00235664 -0.00242837 -0.00189154 -0.0019202 -0.00242837 -0.00191667 -0.0019202 -0.0014897 -0.00189154 -0.0019202 -0.00145052 -0.00145861 -0.0019202 -0.0014897 -0.00145861 -0.00111753 -0.00191667 -0.000730417 -0.0014897 -0.000530045 -0.000730417 0.000917914 -0.000530045 0.000792048 -0.0014897 -0.000530045 -0.00111753 -0.000370753 -0.000530045 0.000792048 -0.000370753 0.000655534 -0.000446672 -0.00068241 -0.000342488 -0.000510706 -0.00068241 -0.000957376 -0.000510706 -0.000701598 -0.000342488 -0.000510706 -0.000229969 -0.00033565 -0.000510706 -0.000701598 -0.00033565 -0.000451937 -0.000957376 -0.00123926 -0.000701598 -0.000893779 -0.00123926 -0.00145052 -0.000893779 -0.00103573 -0.000701598 -0.000893779 -0.000451937 -0.000566907 -0.000893779 -0.00103573 -0.000566907 -0.000651101 -0.000229969 -0.00033565 -0.000114512 -0.000163876 -0.00033565 -0.000451937 -0.000163876 -0.000216041 -0.000114512 -0.000163876 0 0 -0.000163876 -0.000216041 0 0 -0.000451937 -0.000566907 -0.000216041 -0.000266345 -0.000566907 -0.000651101 -0.000266345 -0.000302873 -0.000216041 -0.000266345 0 0 -0.000266345 -0.000302873 0 0 -0.00145052 -0.00145861 -0.00103573 -0.00103503 -0.00145861 -0.00111753 -0.00103503 -0.000785018 -0.00103573 -0.00103503 -0.000651101 -0.000647603 -0.00103503 -0.000785018 -0.000647603 -0.000486503 -0.00111753 -0.000370753 -0.000785018 -0.000240744 -0.000370753 0.000655534 -0.000240744 0.000508227 -0.000785018 -0.000240744 -0.000486503 -0.000135254 -0.000240744 0.000508227 -0.000135254 0.000349973 -0.000651101 -0.000647603 -0.000302873 -0.000299872 -0.000647603 -0.000486503 -0.000299872 -0.000222948 -0.000302873 -0.000299872 0 0 -0.000299872 -0.000222948 0 0 -0.000486503 -0.000135254 -0.000222948 -5.41064e-05 -0.000135254 0.000349973 -5.41064e-05 0.000180617 -0.000222948 -5.41064e-05 0 0 -5.41064e-05 0.000180617 0 0 0.0011382 0.00363538 0.00103326 0.00305536 0.00363538 0.0053268 0.00305536 0.00447182 0.00103326 0.00305536 0.000917914 0.00256128 0.00305536 0.00447182 0.00256128 0.00373338 0.0053268 0.00588884 0.00447182 0.00501959 0.00588884 0.00554023 0.00501959 0.0048322 0.00447182 0.00501959 0.00373338 0.00422334 0.00501959 0.0048322 0.00422334 0.00412368 0.000917914 0.00256128 0.000792048 0.00211001 0.00256128 0.00373338 0.00211001 0.00305781 0.000792048 0.00211001 0.000655534 0.0016785 0.00211001 0.00305781 0.0016785 0.00241571 0.00373338 0.00422334 0.00305781 0.00346989 0.00422334 0.00412368 0.00346989 0.0034172 0.00305781 0.00346989 0.00241571 0.00274179 0.00346989 0.0034172 0.00274179 0.00271391 0.00554023 0.00474389 0.0048322 0.00424211 0.00474389 0.0038862 0.00424211 0.00355048 0.0048322 0.00424211 0.00412368 0.00368373 0.00424211 0.00355048 0.00368373 0.00313648 0.0038862 0.00315527 0.00355048 0.00292384 0.00315527 0.00258613 0.00292384 0.0024114 0.00355048 0.00292384 0.00313648 0.00261808 0.00292384 0.0024114 0.00261808 0.00217674 0.00412368 0.00368373 0.0034172 0.00309103 0.00368373 0.00313648 0.00309103 0.00266913 0.0034172 0.00309103 0.00271391 0.00247804 0.00309103 0.00266913 0.00247804 0.00216574 0.00313648 0.00261808 0.00266913 0.00225633 0.00261808 0.00217674 0.00225633 0.00189277 0.00266913 0.00225633 0.00216574 0.00185277 0.00225633 0.00189277 0.00185277 0.0015687 0.000655534 0.0016785 0.000508227 0.00125469 0.0016785 0.00241571 0.00125469 0.00179169 0.000508227 0.00125469 0.000349973 0.000833504 0.00125469 0.00179169 0.000833504 0.00117984 0.00241571 0.00274179 0.00179169 0.00203025 0.00274179 0.00271391 0.00203025 0.00201574 0.00179169 0.00203025 0.00117984 0.00133317 0.00203025 0.00201574 0.00133317 0.00132632 0.000349973 0.000833504 0.000180617 0.000414478 0.000833504 0.00117984 0.000414478 0.000580822 0.000180617 0.000414478 0 0 0.000414478 0.000580822 0 0 0.00117984 0.00133317 0.000580822 0.000653805 0.00133317 0.00132632 0.000653805 0.000651541 0.000580822 0.000653805 0 0 0.000653805 0.000651541 0 0 0.00271391 0.00247804 0.00201574 0.00185472 0.00247804 0.00216574 0.00185472 0.00163888 0.00201574 0.00185472 0.00132632 0.00122907 0.00185472 0.00163888 0.00122907 0.00109784 0.00216574 0.00185277 0.00163888 0.0014183 0.00185277 0.0015687 0.0014183 0.00121219 0.00163888 0.0014183 0.00109784 0.00096112 0.0014183 0.00121219 0.00096112 0.000829259 0.00132632 0.00122907 0.000651541 0.000608355 0.00122907 0.00109784 0.000608355 0.00054973 0.000651541 0.000608355 0 0 0.000608355 0.00054973 0 0 0.00109784 0.00096112 0.00054973 0.000487092 0.00096112 0.000829259 0.000487092 0.000424291 0.00054973 0.000487092 0 0 0.000487092 0.000424291 0 0 0.00258613 0.00214731 0.0024114 0.00200239 0.00214731 0.00179633 0.00200239 0.00166883 0.0024114 0.00200239 0.00217674 0.00181258 0.00200239 0.00166883 0.00181258 0.00150862 0.00179633 0.0014992 0.00166883 0.00138391 0.0014992 0.00123172 0.00138391 0.00112597 0.00166883 0.00138391 0.00150862 0.0012453 0.00138391 0.00112597 0.0012453 0.00100466 0.00217674 0.00181258 0.00189277 0.00158311 0.00181258 0.00150862 0.00158311 0.00131813 0.00189277 0.00158311 0.0015687 0.00131914 0.00158311 0.00131813 0.00131914 0.00110005 0.00150862 0.0012453 0.00131813 0.00108466 0.0012453 0.00100466 0.00108466 0.000868902 0.00131813 0.00108466 0.00110005 0.00090347 0.00108466 0.000868902 0.00090347 0.000719621 0.00123172 0.000975749 0.00112597 0.000876741 0.000975749 0.000714949 0.000876741 0.000617095 0.00112597 0.000876741 0.00100466 0.000770098 0.000876741 0.000617095 0.000770098 0.00052441 0.000714949 0.000425486 0.000617095 0.000319477 0.000425486 0 0.000319477 0 0.000617095 0.000319477 0.00052441 0.000248808 0.000319477 0 0.000248808 0 0.00100466 0.000770098 0.000868902 0.000657137 0.000770098 0.00052441 0.000657137 0.000436011 0.000868902 0.000657137 0.000719621 0.000538291 0.000657137 0.000436011 0.000538291 0.000351201 0.00052441 0.000248808 0.000436011 0.000200228 0.000248808 0 0.000200228 0 0.000436011 0.000200228 0.000351201 0.000161014 0.000200228 0 0.000161014 0 0.0015687 0.00131914 0.00121219 0.00102537 0.00131914 0.00110005 0.00102537 0.000857037 0.00121219 0.00102537 0.000829259 0.000705733 0.00102537 0.000857037 0.000705733 0.000591468 0.00110005 0.00090347 0.000857037 0.00070319 0.00090347 0.000719621 0.00070319 0.000557593 0.000857037 0.00070319 0.000591468 0.000485158 0.00070319 0.000557593 0.000485158 0.000383401 0.000829259 0.000705733 0.000424291 0.000363258 0.000705733 0.000591468 0.000363258 0.000305299 0.000424291 0.000363258 0 0 0.000363258 0.000305299 0 0 0.000591468 0.000485158 0.000305299 0.000250482 0.000485158 0.000383401 0.000250482 0.000197459 0.000305299 0.000250482 0 0 0.000250482 0.000197459 0 0 0.000719621 0.000538291 0.000557593 0.000413468 0.000538291 0.000351201 0.000413468 0.000267237 0.000557593 0.000413468 0.000383401 0.000282316 0.000413468 0.000267237 0.000282316 0.00018152 0.000351201 0.000161014 0.000267237 0.000124973 0.000161014 0 0.000124973 0 0.000267237 0.000124973 0.00018152 8.84039e-05 0.000124973 0 8.84039e-05 0 0.000383401 0.000282316 0.000197459 0.000144526 0.000282316 0.00018152 0.000144526 9.25251e-05 0.000197459 0.000144526 0 0 0.000144526 9.25251e-05 0 0 0.00018152 8.84039e-05 9.25251e-05 4.78946e-05 8.84039e-05 0 4.78946e-05 0 9.25251e-05 4.78946e-05 0 0 4.78946e-05 0 0 0 
SCALARS y_dis double 1
LOOKUP_TABLE default
0 0 0 -0.000114238 0 0 -0.000114238 -0.000155711 0 -0.000114238 0 -0.000223619 -0.000114238 -0.000155711 -0.000223619 -0.000321466 0 0 -0.000155711 -0.000170856 0 0 -0.000170856 -0.000171876 -0.000155711 -0.000170856 -0.000321466 -0.000350782 -0.000170856 -0.000171876 -0.000350782 -0.000346512 0 -0.000223619 0 -0.000330363 -0.000223619 -0.000321466 -0.000330363 -0.000494089 0 -0.000330363 0 -0.000444662 -0.000330363 -0.000494089 -0.000444662 -0.000673273 -0.000321466 -0.000350782 -0.000494089 -0.000535289 -0.000350782 -0.000346512 -0.000535289 -0.000521044 -0.000494089 -0.000535289 -0.000673273 -0.000721001 -0.000535289 -0.000521044 -0.000721001 -0.00069292 0 0 -0.000171876 -0.00016821 0 0 -0.00016821 -0.000164296 -0.000171876 -0.00016821 -0.000346512 -0.000332806 -0.00016821 -0.000164296 -0.000332806 -0.000319726 0 0 -0.000164296 -0.000161428 0 0 -0.000161428 -0.000158933 -0.000164296 -0.000161428 -0.000319726 -0.000309756 -0.000161428 -0.000158933 -0.000309756 -0.000301059 -0.000346512 -0.000332806 -0.000521044 -0.000492628 -0.000332806 -0.000319726 -0.000492628 -0.000465963 -0.000521044 -0.000492628 -0.00069292 -0.000646543 -0.000492628 -0.000465963 -0.000646543 -0.000602685 -0.000319726 -0.000309756 -0.000465963 -0.000444536 -0.000309756 -0.000301059 -0.000444536 -0.000424989 -0.000465963 -0.000444536 -0.000602685 -0.000565409 -0.000444536 -0.000424989 -0.000565409 -0.000529569 0 -0.000444662 0 -0.00057737 -0.000444662 -0.000673273 -0.00057737 -0.000859473 0 -0.00057737 0 -0.000741466 -0.00057737 -0.000859473 -0.000741466 -0.00105012 -0.000673273 -0.000721001 -0.000859473 -0.000904922 -0.000721001 -0.00069292 -0.000904922 -0.000860055 -0.000859473 -0.000904922 -0.00105012 -0.00108402 -0.000904922 -0.000860055 -0.00108402 -0.00102099 0 -0.000741466 0 -0.000948116 -0.000741466 -0.00105012 -0.000948116 -0.0012362 0 -0.000948116 0 -0.0011429 -0.000948116 -0.0012362 -0.0011429 -0.00140854 -0.00105012 -0.00108402 -0.0012362 -0.00125521 -0.00108402 -0.00102099 -0.00125521 -0.00117528 -0.0012362 -0.00125521 -0.00140854 -0.00141656 -0.00125521 -0.00117528 -0.00141656 -0.00132394 -0.00069292 -0.000646543 -0.000860055 -0.000793788 -0.000646543 -0.000602685 -0.000793788 -0.000729924 -0.000860055 -0.000793788 -0.00102099 -0.000934266 -0.000793788 -0.000729924 -0.000934266 -0.00084837 -0.000602685 -0.000565409 -0.000729924 -0.000672458 -0.000565409 -0.000529569 -0.000672458 -0.000614198 -0.000729924 -0.000672458 -0.00084837 -0.000766553 -0.000672458 -0.000614198 -0.000766553 -0.000679205 -0.00102099 -0.000934266 -0.00117528 -0.00106882 -0.000934266 -0.00084837 -0.00106882 -0.000959627 -0.00117528 -0.00106882 -0.00132394 -0.00119949 -0.00106882 -0.000959627 -0.00119949 -0.00106644 -0.00084837 -0.000766553 -0.000959627 -0.0008497 -0.000766553 -0.000679205 -0.0008497 -0.000726351 -0.000959627 -0.0008497 -0.00106644 -0.000925424 -0.0008497 -0.000726351 -0.000925424 -0.000759521 0 0 -0.000158933 -0.000154096 0 0 -0.000154096 -0.000141906 -0.000158933 -0.000154096 -0.000301059 -0.000286878 -0.000154096 -0.000141906 -0.000286878 -0.000253888 0 0 -0.000141906 -0.000116195 0 0 -0.000116195 -7.31277e-05 -0.000141906 -0.000116195 -0.000253888 -0.000183877 -0.000116195 -7.31277e-05 -0.000183877 -6.25841e-05 -0.000301059 -0.000286878 -0.000424989 -0.000395594 -0.000286878 -0.000253888 -0.000395594 -0.00033224 -0.000424989 -0.000395594 -0.000529569 -0.000477918 -0.000395594 -0.00033224 -0.000477918 -0.000373816 -0.000253888 -0.000183877 -0.00033224 -0.000199755 -0.000183877 -6.25841e-05 -0.000199755 3.29297e-05 -0.00033224 -0.000199755 -0.000373816 -0.000160999 -0.000199755 3.29297e-05 -0.000160999 0.000214669 0 0 -7.31277e-05 -1.55769e-05 0 0 -1.55769e-05 4.52694e-05 -7.31277e-05 -1.55769e-05 -6.25841e-05 0.000106227 -1.55769e-05 4.52694e-05 0.000106227 0.000291416 0 0 4.52694e-05 9.34553e-05 0 0 9.34553e-05 0.000115204 4.52694e-05 9.34553e-05 0.000291416 0.000441062 9.34553e-05 0.000115204 0.000441062 0.000505716 -6.25841e-05 0.000106227 3.29297e-05 0.000364222 0.000106227 0.000291416 0.000364222 0.000735807 3.29297e-05 0.000364222 0.000214669 0.000757776 0.000364222 0.000735807 0.000757776 0.00137684 0.000291416 0.000441062 0.000735807 0.00104013 0.000441062 0.000505716 0.00104013 0.00116908 0.000735807 0.00104013 0.00137684 0.00188918 0.00104013 0.00116908 0.00188918 0.00210409 -0.000529569 -0.000477918 -0.000614198 -0.000532053 -0.000477918 -0.000373816 -0.000532053 -0.000375704 -0.000614198 -0.000532053 -0.000679205 -0.000556988 -0.000532053 -0.000375704 -0.000556988 -0.000335037 -0.000373816 -0.000160999 -0.000375704 -6.44591e-05 -0.000160999 0.000214669 -6.44591e-05 0.000484761 -0.000375704 -6.44591e-05 -0.000335037 9.42393e-05 -6.44591e-05 0.000484761 9.42393e-05 0.000847652 -0.000679205 -0.000556988 -0.000726351 -0.000553015 -0.000556988 -0.000335037 -0.000553015 -0.000249031 -0.000726351 -0.000553015 -0.000759521 -0.000522568 -0.000553015 -0.000249031 -0.000522568 -0.000115193 -0.000335037 9.42393e-05 -0.000249031 0.000321826 9.42393e-05 0.000847652 0.000321826 0.00131252 -0.000249031 0.000321826 -0.000115193 0.000629096 0.000321826 0.00131252 0.000629096 0.0018974 0.000214669 0.000757776 0.000484761 0.00128731 0.000757776 0.00137684 0.00128731 0.00221366 0.000484761 0.00128731 0.000847652 0.0019555 0.00128731 0.00221366 0.0019555 0.00324614 0.00137684 0.00188918 0.00221366 0.00298703 0.00188918 0.00210409 0.00298703 0.00330958 0.00221366 0.00298703 0.00324614 0.00433111 0.00298703 0.00330958 0.00433111 0.00478208 0.000847652 0.0019555 0.00131252 0.00276968 0.0019555 0.00324614 0.00276968 0.00447513 0.00131252 0.00276968 0.0018974 0.00374637 0.00276968 0.00447513 0.00374637 0.00590325 0.00324614 0.00433111 0.00447513 0.00591473 0.00433111 0.00478208 0.00591473 0.00651154 0.00447513 0.00591473 0.00590325 0.00772195 0.00591473 0.00651154 0.00772195 0.0084734 0 0 0.000115204 0.00010514 0 0 0.00010514 6.86737e-05 0.000115204 0.00010514 0.000505716 0.000465 0.00010514 6.86737e-05 0.000465 0.000339297 0 0 6.86737e-05 1.95803e-05 0 0 1.95803e-05 -2.62213e-05 6.86737e-05 1.95803e-05 0.000339297 0.000178048 1.95803e-05 -2.62213e-05 0.000178048 3.31614e-05 0.000505716 0.000465 0.00116908 0.00107689 0.000465 0.000339297 0.00107689 0.000809231 0.00116908 0.00107689 0.00210409 0.00193933 0.00107689 0.000809231 0.00193933 0.00147686 0.000339297 0.000178048 0.000809231 0.000474192 0.000178048 3.31614e-05 0.000474192 0.00017939 0.000809231 0.000474192 0.00147686 0.000907337 0.000474192 0.00017939 0.000907337 0.000413626 0 0 -2.62213e-05 -5.75817e-05 0 0 -5.75817e-05 -7.16426e-05 -2.62213e-05 -5.75817e-05 3.31614e-05 -6.4225e-05 -5.75817e-05 -7.16426e-05 -6.4225e-05 -0.000110313 0 0 -7.16426e-05 -7.22184e-05 0 0 -7.22184e-05 -6.54089e-05 -7.16426e-05 -7.22184e-05 -0.000110313 -0.000119257 -7.22184e-05 -6.54089e-05 -0.000119257 -0.000109011 3.31614e-05 -6.4225e-05 0.00017939 -1.67488e-05 -6.4225e-05 -0.000110313 -1.67488e-05 -0.000112478 0.00017939 -1.67488e-05 0.000413626 8.75175e-05 -1.67488e-05 -0.000112478 8.75175e-05 -7.52245e-05 -0.000110313 -0.000119257 -0.000112478 -0.000138604 -0.000119257 -0.000109011 -0.000138604 -0.000129777 -0.000112478 -0.000138604 -7.52245e-05 -0.000128268 -0.000138604 -0.000129777 -0.000128268 -0.000127052 0.00210409 0.00193933 0.00330958 0.00305113 0.00193933 0.00147686 0.00305113 0.00234132 0.00330958 0.00305113 0.00478208 0.00440975 0.00305113 0.00234132 0.00440975 0.00340246 0.00147686 0.000907337 0.00234132 0.00147784 0.000907337 0.000413626 0.00147784 0.000737868 0.00234132 0.00147784 0.00340246 0.00218831 0.00147784 0.000737868 0.00218831 0.00115641 0.00478208 0.00440975 0.00651154 0.0060085 0.00440975 0.00340246 0.0060085 0.00466113 0.00651154 0.0060085 0.0084734 0.00783148 0.0060085 0.00466113 0.00783148 0.00611996 0.00340246 0.00218831 0.00466113 0.00304602 0.00218831 0.00115641 0.00304602 0.00167827 0.00466113 0.00304602 0.00611996 0.0040674 0.00304602 0.00167827 0.0040674 0.00232128 0.000413626 8.75175e-05 0.000737868 0.000251521 8.75175e-05 -7.52245e-05 0.000251521 4.06771e-06 0.000737868 0.000251521 0.00115641 0.00047939 0.000251521 4.06771e-06 0.00047939 0.00012792 -7.52245e-05 -0.000128268 4.06771e-06 -8.68536e-05 -0.000128268 -0.000127052 -8.68536e-05 -0.000100815 4.06771e-06 -8.68536e-05 0.00012792 -1.38143e-05 -8.68536e-05 -0.000100815 -1.38143e-05 -5.20205e-05 0.00115641 0.00047939 0.00167827 0.000777576 0.00047939 0.00012792 0.000777576 0.000298724 0.00167827 0.000777576 0.00232128 0.00115655 0.000777576 0.000298724 0.00115655 0.000518517 0.00012792 -1.38143e-05 0.000298724 9.00454e-05 -1.38143e-05 -5.20205e-05 9.00454e-05 1.69204e-05 0.000298724 9.00454e-05 0.000518517 0.000221713 9.00454e-05 1.69204e-05 0.000221713 0.000101446 0 0 -6.54089e-05 -5.61068e-05 0 0 -5.61068e-05 -4.69251e-05 -6.54089e-05 -5.61068e-05 -0.000109011 -9.24295e-05 -5.61068e-05 -4.69251e-05 -9.24295e-05 -7.56626e-05 0 0 -4.69251e-05 -3.88004e-05 0 0 -3.88004e-05 -3.20562e-05 -4.69251e-05 -3.88004e-05 -7.56626e-05 -6.05133e-05 -3.88004e-05 -3.20562e-05 -6.05133e-05 -4.74023e-05 -0.000109011 -9.24295e-05 -0.000129777 -0.000109155 -9.24295e-05 -7.56626e-05 -0.000109155 -8.71435e-05 -0.000129777 -0.000109155 -0.000127052 -0.000106756 -0.000109155 -8.71435e-05 -0.000106756 -8.25567e-05 -7.56626e-05 -6.05133e-05 -8.71435e-05 -6.64808e-05 -6.05133e-05 -4.74023e-05 -6.64808e-05 -4.76167e-05 -8.71435e-05 -6.64808e-05 -8.25567e-05 -5.82895e-05 -6.64808e-05 -4.76167e-05 -5.82895e-05 -3.44797e-05 0 0 -3.20562e-05 -2.73256e-05 0 0 -2.73256e-05 -2.59068e-05 -3.20562e-05 -2.73256e-05 -4.74023e-05 -3.77489e-05 -2.73256e-05 -2.59068e-05 -3.77489e-05 -3.52914e-05 0 0 -2.59068e-05 -2.68969e-05 0 0 -2.68969e-05 0 -2.59068e-05 -2.68969e-05 -3.52914e-05 -3.99682e-05 -2.68969e-05 0 -3.99682e-05 0 -4.74023e-05 -3.77489e-05 -4.76167e-05 -3.27401e-05 -3.77489e-05 -3.52914e-05 -3.27401e-05 -2.84326e-05 -4.76167e-05 -3.27401e-05 -3.44797e-05 -1.39077e-05 -3.27401e-05 -2.84326e-05 -1.39077e-05 -5.68442e-06 -3.52914e-05 -3.99682e-05 -2.84326e-05 -3.73423e-05 -3.99682e-05 0 -3.73423e-05 0 -2.84326e-05 -3.73423e-05 -5.68442e-06 -1.94248e-05 -3.73423e-05 0 -1.94248e-05 0 -0.000127052 -0.000106756 -0.000100815 -8.62273e-05 -0.000106756 -8.25567e-05 -8.62273e-05 -6.3474e-05 -0.000100815 -8.62273e-05 -5.20205e-05 -4.93335e-05 -8.62273e-05 -6.3474e-05 -4.93335e-05 -3.19698e-05 -8.25567e-05 -5.82895e-05 -6.3474e-05 -3.78053e-05 -5.82895e-05 -3.44797e-05 -3.78053e-05 -1.00192e-05 -6.3474e-05 -3.78053e-05 -3.19698e-05 -7.20207e-06 -3.78053e-05 -1.00192e-05 -7.20207e-06 2.34768e-05 -5.20205e-05 -4.93335e-05 1.69204e-05 1.10272e-06 -4.93335e-05 -3.19698e-05 1.10272e-06 9.26303e-06 1.69204e-05 1.10272e-06 0.000101446 6.0832e-05 1.10272e-06 9.26303e-06 6.0832e-05 5.67739e-05 -3.19698e-05 -7.20207e-06 9.26303e-06 3.10302e-05 -7.20207e-06 2.34768e-05 3.10302e-05 6.35228e-05 9.26303e-06 3.10302e-05 5.67739e-05 7.40682e-05 3.10302e-05 6.35228e-05 7.40682e-05 0.000107497 -3.44797e-05 -1.39077e-05 -1.00192e-05 1.67218e-05 -1.39077e-05 -5.68442e-06 1.67218e-05 3.17564e-05 -1.00192e-05 1.67218e-05 2.34768e-05 5.66333e-05 1.67218e-05 3.17564e-05 5.66333e-05 8.12384e-05 -5.68442e-06 -1.94248e-05 3.17564e-05 1.45767e-05 -1.94248e-05 0 1.45767e-05 0 3.17564e-05 1.45767e-05 8.12384e-05 6.71788e-05 1.45767e-05 0 6.71788e-05 0 2.34768e-05 5.66333e-05 6.35228e-05 0.000102851 5.66333e-05 8.12384e-05 0.000102851 0.000138033 6.35228e-05 0.000102851 0.000107497 0.000152295 0.000102851 0.000138033 0.000152295 0.000197789 8.12384e-05 6.71788e-05 0.000138033 0.000140846 6.71788e-05 0 0.000140846 0 0.000138033 0.000140846 0.000197789 0.000216119 0.000140846 0 0.000216119 0 0 -0.0011429 0 -0.000790902 -0.0011429 -0.00140854 -0.000790902 -0.00118047 0 -0.000790902 0 -0.000501413 -0.000790902 -0.00118047 -0.000501413 -0.000944572 -0.00140854 -0.00141656 -0.00118047 -0.0012747 -0.00141656 -0.00132394 -0.0012747 -0.00122646 -0.00118047 -0.0012747 -0.000944572 -0.00110049 -0.0012747 -0.00122646 -0.00110049 -0.00109187 0 -0.000501413 0 -0.000321894 -0.000501413 -0.000944572 -0.000321894 -0.00072926 0 -0.000321894 0 -0.000211673 -0.000321894 -0.00072926 -0.000211673 -0.000542346 -0.000944572 -0.00110049 -0.00072926 -0.000911725 -0.00110049 -0.00109187 -0.000911725 -0.000931937 -0.00072926 -0.000911725 -0.000542346 -0.00072021 -0.000911725 -0.000931937 -0.00072021 -0.000756185 -0.00132394 -0.00119949 -0.00122646 -0.00111712 -0.00119949 -0.00106644 -0.00111712 -0.000980725 -0.00122646 -0.00111712 -0.00109187 -0.00100249 -0.00111712 -0.000980725 -0.00100249 -0.000872717 -0.00106644 -0.000925424 -0.000980725 -0.00082342 -0.000925424 -0.000759521 -0.00082342 -0.000629488 -0.000980725 -0.00082342 -0.000872717 -0.00071295 -0.00082342 -0.000629488 -0.00071295 -0.000509898 -0.00109187 -0.00100249 -0.000931937 -0.000863471 -0.00100249 -0.000872717 -0.000863471 -0.000747594 -0.000931937 -0.000863471 -0.000756185 -0.000706981 -0.000863471 -0.000747594 -0.000706981 -0.000610016 -0.000872717 -0.00071295 -0.000747594 -0.000597136 -0.00071295 -0.000509898 -0.000597136 -0.000401765 -0.000747594 -0.000597136 -0.000610016 -0.000478514 -0.000597136 -0.000401765 -0.000478514 -0.000305051 0 -0.000211673 0 -0.000138382 -0.000211673 -0.000542346 -0.000138382 -0.000382525 0 -0.000138382 0 -8.43296e-05 -0.000138382 -0.000382525 -8.43296e-05 -0.000243681 -0.000542346 -0.00072021 -0.000382525 -0.000532383 -0.00072021 -0.000756185 -0.000532383 -0.000571516 -0.000382525 -0.000532383 -0.000243681 -0.000350433 -0.000532383 -0.000571516 -0.000350433 -0.000382434 0 -8.43296e-05 0 -4.0078e-05 -8.43296e-05 -0.000243681 -4.0078e-05 -0.000118516 0 -4.0078e-05 0 1.06577e-15 -4.0078e-05 -0.000118516 1.06577e-15 3.24655e-15 -0.000243681 -0.000350433 -0.000118516 -0.000173726 -0.000350433 -0.000382434 -0.000173726 -0.000191511 -0.000118516 -0.000173726 3.24655e-15 5.56839e-15 -0.000173726 -0.000191511 5.56839e-15 7.58363e-15 -0.000756185 -0.000706981 -0.000571516 -0.000538611 -0.000706981 -0.000610016 -0.000538611 -0.000463799 -0.000571516 -0.000538611 -0.000382434 -0.00036266 -0.000538611 -0.000463799 -0.00036266 -0.000311939 -0.000610016 -0.000478514 -0.000463799 -0.000358793 -0.000478514 -0.000305051 -0.000358793 -0.000218686 -0.000463799 -0.000358793 -0.000311939 -0.000238946 -0.000358793 -0.000218686 -0.000238946 -0.000140783 -0.000382434 -0.00036266 -0.000191511 -0.000182323 -0.00036266 -0.000311939 -0.000182323 -0.000156739 -0.000191511 -0.000182323 7.58363e-15 9.15661e-15 -0.000182323 -0.000156739 9.15661e-15 1.0398e-14 -0.000311939 -0.000238946 -0.000156739 -0.000119356 -0.000238946 -0.000140783 -0.000119356 -6.88498e-05 -0.000156739 -0.000119356 1.0398e-14 1.15521e-14 -0.000119356 -6.88498e-05 1.15521e-14 1.27503e-14 -0.000759521 -0.000522568 -0.000629488 -0.000354534 -0.000522568 -0.000115193 -0.000354534 8.821e-05 -0.000629488 -0.000354534 -0.000509898 -0.000223656 -0.000354534 8.821e-05 -0.000223656 0.000218477 -0.000115193 0.000629096 8.821e-05 0.00082875 0.000629096 0.0018974 0.00082875 0.00199331 8.821e-05 0.00082875 0.000218477 0.000915271 0.00082875 0.00199331 0.000915271 0.0019485 -0.000509898 -0.000223656 -0.000401765 -0.00012773 -0.000223656 0.000218477 -0.00012773 0.000283423 -0.000401765 -0.00012773 -0.000305051 -6.27489e-05 -0.00012773 0.000283423 -6.27489e-05 0.000293276 0.000218477 0.000915271 0.000283423 0.000904701 0.000915271 0.0019485 0.000904701 0.00178696 0.000283423 0.000904701 0.000293276 0.000815208 0.000904701 0.00178696 0.000815208 0.00153318 0.0018974 0.00374637 0.00199331 0.00358835 0.00374637 0.00590325 0.00358835 0.00536866 0.00199331 0.00358835 0.0019485 0.00329608 0.00358835 0.00536866 0.00329608 0.00474668 0.00590325 0.00772195 0.00536866 0.00683038 0.00772195 0.0084734 0.00683038 0.00743308 0.00536866 0.00683038 0.00474668 0.00591152 0.00683038 0.00743308 0.00591152 0.00639174 0.0019485 0.00329608 0.00178696 0.00289534 0.00329608 0.00474668 0.00289534 0.00405489 0.00178696 0.00289534 0.00153318 0.00241004 0.00289534 0.00405489 0.00241004 0.00330751 0.00474668 0.00591152 0.00405489 0.00496974 0.00591152 0.00639174 0.00496974 0.00534739 0.00405489 0.00496974 0.00330751 0.00400604 0.00496974 0.00534739 0.00400604 0.00429499 -0.000305051 -6.27489e-05 -0.000218686 -2.36016e-05 -6.27489e-05 0.000293276 -2.36016e-05 0.000258816 -0.000218686 -2.36016e-05 -0.000140783 -4.40866e-06 -2.36016e-05 0.000258816 -4.40866e-06 0.000191054 0.000293276 0.000815208 0.000258816 0.000664043 0.000815208 0.00153318 0.000664043 0.00120888 0.000258816 0.000664043 0.000191054 0.000467505 0.000664043 0.00120888 0.000467505 0.000833504 -0.000140783 -4.40866e-06 -6.88498e-05 1.22303e-06 -4.40866e-06 0.000191054 1.22303e-06 0.000101079 -6.88498e-05 1.22303e-06 1.27503e-14 1.38375e-14 1.22303e-06 0.000101079 1.38375e-14 1.44493e-14 0.000191054 0.000467505 0.000101079 0.000241144 0.000467505 0.000833504 0.000241144 0.000424929 0.000101079 0.000241144 1.44493e-14 1.42368e-14 0.000241144 0.000424929 1.42368e-14 1.30206e-14 0.00153318 0.00241004 0.00120888 0.0018607 0.00241004 0.00330751 0.0018607 0.00251712 0.00120888 0.0018607 0.000833504 0.00126526 0.0018607 0.00251712 0.00126526 0.00169526 0.00330751 0.00400604 0.00251712 0.00302297 0.00400604 0.00429499 0.00302297 0.00323267 0.00251712 0.00302297 0.00169526 0.00202436 0.00302297 0.00323267 0.00202436 0.00216104 0.000833504 0.00126526 0.000424929 0.00063997 0.00126526 0.00169526 0.00063997 0.000852745 0.000424929 0.00063997 1.30206e-14 1.08836e-14 0.00063997 0.000852745 1.08836e-14 8.18605e-15 0.00169526 0.00202436 0.000852745 0.00101494 0.00202436 0.00216104 0.00101494 0.00108239 0.000852745 0.00101494 8.18605e-15 5.44046e-15 0.00101494 0.00108239 5.44046e-15 3.09898e-15 0.0084734 0.00783148 0.00743308 0.00694007 0.00783148 0.00611996 0.00694007 0.00558653 0.00743308 0.00694007 0.00639174 0.00601596 0.00694007 0.00558653 0.00601596 0.00495458 0.00611996 0.0040674 0.00558653 0.00391258 0.0040674 0.00232128 0.00391258 0.00242319 0.00558653 0.00391258 0.00495458 0.00360635 0.00391258 0.00242319 0.00360635 0.00236095 0.00639174 0.00601596 0.00534739 0.00506417 0.00601596 0.00495458 0.00506417 0.00424314 0.00534739 0.00506417 0.00429499 0.00408645 0.00506417 0.00424314 0.00408645 0.00346796 0.00495458 0.00360635 0.00424314 0.0031768 0.00360635 0.00236095 0.0031768 0.00216178 0.00424314 0.0031768 0.00346796 0.00265025 0.0031768 0.00216178 0.00265025 0.00185346 0.00232128 0.00115655 0.00242319 0.00136539 0.00115655 0.000518517 0.00136539 0.000734504 0.00242319 0.00136539 0.00236095 0.00143123 0.00136539 0.000734504 0.00143123 0.000840836 0.000518517 0.000221713 0.000734504 0.000405885 0.000221713 0.000101446 0.000405885 0.000251073 0.000734504 0.000405885 0.000840836 0.000509412 0.000405885 0.000251073 0.000509412 0.000339366 0.00236095 0.00143123 0.00216178 0.00137426 0.00143123 0.000840836 0.00137426 0.000850419 0.00216178 0.00137426 0.00185346 0.00121683 0.00137426 0.000850419 0.00121683 0.0007786 0.000840836 0.000509412 0.000850419 0.000540587 0.000509412 0.000339366 0.000540587 0.000372559 0.000850419 0.000540587 0.0007786 0.000509547 0.000540587 0.000372559 0.000509547 0.000357965 0.00429499 0.00408645 0.00323267 0.00308612 0.00408645 0.00346796 0.00308612 0.00264324 0.00323267 0.00308612 0.00216104 0.00206782 0.00308612 0.00264324 0.00206782 0.00178209 0.00346796 0.00265025 0.00264324 0.00204965 0.00265025 0.00185346 0.00204965 0.00146102 0.00264324 0.00204965 0.00178209 0.00139543 0.00204965 0.00146102 0.00139543 0.00100729 0.00216104 0.00206782 0.00108239 0.00103708 0.00206782 0.00178209 0.00103708 0.000896987 0.00108239 0.00103708 3.09898e-15 1.38243e-15 0.00103708 0.000896987 1.38243e-15 2.39792e-16 0.00178209 0.00139543 0.000896987 0.000706313 0.00139543 0.00100729 0.000706313 0.000513534 0.000896987 0.000706313 2.39792e-16 -5.45406e-16 0.000706313 0.000513534 -5.45406e-16 -1.19507e-15 0.00185346 0.00121683 0.00146102 0.000980447 0.00121683 0.0007786 0.000980447 0.000641349 0.00146102 0.000980447 0.00100729 0.000685683 0.000980447 0.000641349 0.000685683 0.000454916 0.0007786 0.000509547 0.000641349 0.000427599 0.000509547 0.000357965 0.000427599 0.000303955 0.000641349 0.000427599 0.000454916 0.000306864 0.000427599 0.000303955 0.000306864 0.000219717 0.00100729 0.000685683 0.000513534 0.000352407 0.000685683 0.000454916 0.000352407 0.000235664 0.000513534 0.000352407 -1.19507e-15 -1.82459e-15 0.000352407 0.000235664 -1.82459e-15 -2.42601e-15 0.000454916 0.000306864 0.000235664 0.000160002 0.000306864 0.000219717 0.000160002 0.000115018 0.000235664 0.000160002 -2.42601e-15 -2.91059e-15 0.000160002 0.000115018 -2.91059e-15 -3.18759e-15 0.000101446 6.0832e-05 0.000251073 0.000184784 6.0832e-05 5.67739e-05 0.000184784 0.00016307 0.000251073 0.000184784 0.000339366 0.000258511 0.000184784 0.00016307 0.000258511 0.000225176 5.67739e-05 7.40682e-05 0.00016307 0.000166314 7.40682e-05 0.000107497 0.000166314 0.000184395 0.00016307 0.000166314 0.000225176 0.000217785 0.000166314 0.000184395 0.000217785 0.000223007 0.000339366 0.000258511 0.000372559 0.000287612 0.000258511 0.000225176 0.000287612 0.000248673 0.000372559 0.000287612 0.000357965 0.000278199 0.000287612 0.000248673 0.000278199 0.000239312 0.000225176 0.000217785 0.000248673 0.000234434 0.000217785 0.000223007 0.000234434 0.000230223 0.000248673 0.000234434 0.000239312 0.000222103 0.000234434 0.000230223 0.000222103 0.000212376 0.000107497 0.000152295 0.000184395 0.000206824 0.000152295 0.000197789 0.000206824 0.000214695 0.000184395 0.000206824 0.000223007 0.000226334 0.000206824 0.000214695 0.000226334 0.000204097 0.000197789 0.000216119 0.000214695 0.00016873 0.000216119 0 0.00016873 0 0.000214695 0.00016873 0.000204097 0.000117595 0.00016873 0 0.000117595 0 0.000223007 0.000226334 0.000230223 0.000219799 0.000226334 0.000204097 0.000219799 0.000179482 0.000230223 0.000219799 0.000212376 0.000194407 0.000219799 0.000179482 0.000194407 0.000147806 0.000204097 0.000117595 0.000179482 8.3751e-05 0.000117595 0 8.3751e-05 0 0.000179482 8.3751e-05 0.000147806 6.09429e-05 8.3751e-05 0 6.09429e-05 0 0.000357965 0.000278199 0.000303955 0.00023711 0.000278199 0.000239312 0.00023711 0.000203228 0.000303955 0.00023711 0.000219717 0.000171765 0.00023711 0.000203228 0.000171765 0.000146859 0.000239312 0.000222103 0.000203228 0.000186669 0.000222103 0.000212376 0.000186669 0.000175306 0.000203228 0.000186669 0.000146859 0.000133985 0.000186669 0.000175306 0.000133985 0.000124342 0.000219717 0.000171765 0.000115018 9.00177e-05 0.000171765 0.000146859 9.00177e-05 7.68543e-05 0.000115018 9.00177e-05 -3.18759e-15 -3.20586e-15 9.00177e-05 7.68543e-05 -3.20586e-15 -2.96543e-15 0.000146859 0.000133985 7.68543e-05 6.98478e-05 0.000133985 0.000124342 6.98478e-05 6.43803e-05 7.68543e-05 6.98478e-05 -2.96543e-15 -2.51021e-15 6.98478e-05 6.43803e-05 -2.51021e-15 -1.91334e-15 0.000212376 0.000194407 0.000175306 0.000155809 0.000194407 0.000147806 0.000155809 0.000112739 0.000175306 0.000155809 0.000124342 0.000108357 0.000155809 0.000112739 0.000108357 7.59344e-05 0.000147806 6.09429e-05 0.000112739 4.33836e-05 6.09429e-05 0 4.33836e-05 0 0.000112739 4.33836e-05 7.59344e-05 2.81411e-05 4.33836e-05 0 2.81411e-05 0 0.000124342 0.000108357 6.43803e-05 5.54705e-05 0.000108357 7.59344e-05 5.54705e-05 3.81855e-05 6.43803e-05 5.54705e-05 -1.91334e-15 -1.26309e-15 5.54705e-05 3.81855e-05 -1.26309e-15 -6.54279e-16 7.59344e-05 2.81411e-05 3.81855e-05 1.38875e-05 2.81411e-05 0 1.38875e-05 0 3.81855e-05 1.38875e-05 -6.54279e-16 -1.8992e-16 1.38875e-05 0 -1.8992e-16 0 0 1.06577e-15 0 4.0078e-05 1.06577e-15 3.24655e-15 4.0078e-05 0.000118516 0 4.0078e-05 0 8.43296e-05 4.0078e-05 0.000118516 8.43296e-05 0.000243681 3.24655e-15 5.56839e-15 0.000118516 0.000173726 5.56839e-15 7.58363e-15 0.000173726 0.000191511 0.000118516 0.000173726 0.000243681 0.000350433 0.000173726 0.000191511 0.000350433 0.000382434 0 8.43296e-05 0 0.000138382 8.43296e-05 0.000243681 0.000138382 0.000382525 0 0.000138382 0 0.000211673 0.000138382 0.000382525 0.000211673 0.000542346 0.000243681 0.000350433 0.000382525 0.000532383 0.000350433 0.000382434 0.000532383 0.000571516 0.000382525 0.000532383 0.000542346 0.00072021 0.000532383 0.000571516 0.00072021 0.000756185 7.58363e-15 9.15661e-15 0.000191511 0.000182323 9.15661e-15 1.0398e-14 0.000182323 0.000156739 0.000191511 0.000182323 0.000382434 0.00036266 0.000182323 0.000156739 0.00036266 0.000311939 1.0398e-14 1.15521e-14 0.000156739 0.000119356 1.15521e-14 1.27503e-14 0.000119356 6.88498e-05 0.000156739 0.000119356 0.000311939 0.000238946 0.000119356 6.88498e-05 0.000238946 0.000140783 0.000382434 0.00036266 0.000571516 0.000538611 0.00036266 0.000311939 0.000538611 0.000463799 0.000571516 0.000538611 0.000756185 0.000706981 0.000538611 0.000463799 0.000706981 0.000610016 0.000311939 0.000238946 0.000463799 0.000358793 0.000238946 0.000140783 0.000358793 0.000218686 0.000463799 0.000358793 0.000610016 0.000478514 0.000358793 0.000218686 0.000478514 0.000305051 0 0.000211673 0 0.000321894 0.000211673 0.000542346 0.000321894 0.00072926 0 0.000321894 0 0.000501413 0.000321894 0.00072926 0.000501413 0.000944572 0.000542346 0.00072021 0.00072926 0.000911725 0.00072021 0.000756185 0.000911725 0.000931937 0.00072926 0.000911725 0.000944572 0.00110049 0.000911725 0.000931937 0.00110049 0.00109187 0 0.000501413 0 0.000790902 0.000501413 0.000944572 0.000790902 0.00118047 0 0.000790902 0 0.0011429 0.000790902 0.00118047 0.0011429 0.00140854 0.000944572 0.00110049 0.00118047 0.0012747 0.00110049 0.00109187 0.0012747 0.00122646 0.00118047 0.0012747 0.00140854 0.00141656 0.0012747 0.00122646 0.00141656 0.00132394 0.000756185 0.000706981 0.000931937 0.000863471 0.000706981 0.000610016 0.000863471 0.000747594 0.000931937 0.000863471 0.00109187 0.00100249 0.000863471 0.000747594 0.00100249 0.000872717 0.000610016 0.000478514 0.000747594 0.000597136 0.000478514 0.000305051 0.000597136 0.000401765 0.000747594 0.000597136 0.000872717 0.00071295 0.000597136 0.000401765 0.00071295 0.000509898 0.00109187 0.00100249 0.00122646 0.00111712 0.00100249 0.000872717 0.00111712 0.000980725 0.00122646 0.00111712 0.00132394 0.00119949 0.00111712 0.000980725 0.00119949 0.00106644 0.000872717 0.00071295 0.000980725 0.00082342 0.00071295 0.000509898 0.00082342 0.000629488 0.000980725 0.00082342 0.00106644 0.000925424 0.00082342 0.000629488 0.000925424 0.000759521 1.27503e-14 1.38375e-14 6.88498e-05 -1.22303e-06 1.38375e-14 1.44493e-14 -1.22303e-06 -0.000101079 6.88498e-05 -1.22303e-06 0.000140783 4.40866e-06 -1.22303e-06 -0.000101079 4.40866e-06 -0.000191054 1.44493e-14 1.42368e-14 -0.000101079 -0.000241144 1.42368e-14 1.30206e-14 -0.000241144 -0.000424929 -0.000101079 -0.000241144 -0.000191054 -0.000467505 -0.000241144 -0.000424929 -0.000467505 -0.000833504 0.000140783 4.40866e-06 0.000218686 2.36016e-05 4.40866e-06 -0.000191054 2.36016e-05 -0.000258816 0.000218686 2.36016e-05 0.000305051 6.27489e-05 2.36016e-05 -0.000258816 6.27489e-05 -0.000293276 -0.000191054 -0.000467505 -0.000258816 -0.000664043 -0.000467505 -0.000833504 -0.000664043 -0.00120888 -0.000258816 -0.000664043 -0.000293276 -0.000815208 -0.000664043 -0.00120888 -0.000815208 -0.00153318 1.30206e-14 1.08836e-14 -0.000424929 -0.00063997 1.08836e-14 8.18605e-15 -0.00063997 -0.000852745 -0.000424929 -0.00063997 -0.000833504 -0.00126526 -0.00063997 -0.000852745 -0.00126526 -0.00169526 8.18605e-15 5.44046e-15 -0.000852745 -0.00101494 5.44046e-15 3.09898e-15 -0.00101494 -0.00108239 -0.000852745 -0.00101494 -0.00169526 -0.00202436 -0.00101494 -0.00108239 -0.00202436 -0.00216104 -0.000833504 -0.00126526 -0.00120888 -0.0018607 -0.00126526 -0.00169526 -0.0018607 -0.00251712 -0.00120888 -0.0018607 -0.00153318 -0.00241004 -0.0018607 -0.00251712 -0.00241004 -0.00330751 -0.00169526 -0.00202436 -0.00251712 -0.00302297 -0.00202436 -0.00216104 -0.00302297 -0.00323267 -0.00251712 -0.00302297 -0.00330751 -0.00400604 -0.00302297 -0.00323267 -0.00400604 -0.00429499 0.000305051 6.27489e-05 0.000401765 0.00012773 6.27489e-05 -0.000293276 0.00012773 -0.000283423 0.000401765 0.00012773 0.000509898 0.000223656 0.00012773 -0.000283423 0.000223656 -0.000218477 -0.000293276 -0.000815208 -0.000283423 -0.000904701 -0.000815208 -0.00153318 -0.000904701 -0.00178696 -0.000283423 -0.000904701 -0.000218477 -0.000915271 -0.000904701 -0.00178696 -0.000915271 -0.0019485 0.000509898 0.000223656 0.000629488 0.000354534 0.000223656 -0.000218477 0.000354534 -8.821e-05 0.000629488 0.000354534 0.000759521 0.000522568 0.000354534 -8.821e-05 0.000522568 0.000115193 -0.000218477 -0.000915271 -8.821e-05 -0.00082875 -0.000915271 -0.0019485 -0.00082875 -0.00199331 -8.821e-05 -0.00082875 0.000115193 -0.000629096 -0.00082875 -0.00199331 -0.000629096 -0.0018974 -0.00153318 -0.00241004 -0.00178696 -0.00289534 -0.00241004 -0.00330751 -0.00289534 -0.00405489 -0.00178696 -0.00289534 -0.0019485 -0.00329608 -0.00289534 -0.00405489 -0.00329608 -0.00474668 -0.00330751 -0.00400604 -0.00405489 -0.00496974 -0.00400604 -0.00429499 -0.00496974 -0.00534739 -0.00405489 -0.00496974 -0.00474668 -0.00591152 -0.00496974 -0.00534739 -0.00591152 -0.00639174 -0.0019485 -0.00329608 -0.00199331 -0.00358835 -0.00329608 -0.00474668 -0.00358835 -0.00536866 -0.00199331 -0.00358835 -0.0018974 -0.00374637 -0.00358835 -0.00536866 -0.00374637 -0.00590325 -0.00474668 -0.00591152 -0.00536866 -0.00683038 -0.00591152 -0.00639174 -0.00683038 -0.00743308 -0.00536866 -0.00683038 -0.00590325 -0.00772195 -0.00683038 -0.00743308 -0.00772195 -0.0084734 3.09898e-15 1.38243e-15 -0.00108239 -0.00103708 1.38243e-15 2.39792e-16 -0.00103708 -0.000896987 -0.00108239 -0.00103708 -0.00216104 -0.00206782 -0.00103708 -0.000896987 -0.00206782 -0.00178209 2.39792e-16 -5.45406e-16 -0.000896987 -0.000706313 -5.45406e-16 -1.19507e-15 -0.000706313 -0.000513534 -0.000896987 -0.000706313 -0.00178209 -0.00139543 -0.000706313 -0.000513534 -0.00139543 -0.00100729 -0.00216104 -0.00206782 -0.00323267 -0.00308612 -0.00206782 -0.00178209 -0.00308612 -0.00264324 -0.00323267 -0.00308612 -0.00429499 -0.00408645 -0.00308612 -0.00264324 -0.00408645 -0.00346796 -0.00178209 -0.00139543 -0.00264324 -0.00204965 -0.00139543 -0.00100729 -0.00204965 -0.00146102 -0.00264324 -0.00204965 -0.00346796 -0.00265025 -0.00204965 -0.00146102 -0.00265025 -0.00185346 -1.19507e-15 -1.82459e-15 -0.000513534 -0.000352407 -1.82459e-15 -2.42601e-15 -0.000352407 -0.000235664 -0.000513534 -0.000352407 -0.00100729 -0.000685683 -0.000352407 -0.000235664 -0.000685683 -0.000454916 -2.42601e-15 -2.91059e-15 -0.000235664 -0.000160002 -2.91059e-15 -3.18759e-15 -0.000160002 -0.000115018 -0.000235664 -0.000160002 -0.000454916 -0.000306864 -0.000160002 -0.000115018 -0.000306864 -0.000219717 -0.00100729 -0.000685683 -0.00146102 -0.000980447 -0.000685683 -0.000454916 -0.000980447 -0.000641349 -0.00146102 -0.000980447 -0.00185346 -0.00121683 -0.000980447 -0.000641349 -0.00121683 -0.0007786 -0.000454916 -0.000306864 -0.000641349 -0.000427599 -0.000306864 -0.000219717 -0.000427599 -0.000303955 -0.000641349 -0.000427599 -0.0007786 -0.000509547 -0.000427599 -0.000303955 -0.000509547 -0.000357965 -0.00429499 -0.00408645 -0.00534739 -0.00506417 -0.00408645 -0.00346796 -0.00506417 -0.00424314 -0.00534739 -0.00506417 -0.00639174 -0.00601596 -0.00506417 -0.00424314 -0.00601596 -0.00495458 -0.00346796 -0.00265025 -0.00424314 -0.0031768 -0.00265025 -0.00185346 -0.0031768 -0.00216178 -0.00424314 -0.0031768 -0.00495458 -0.00360635 -0.0031768 -0.00216178 -0.00360635 -0.00236095 -0.00639174 -0.00601596 -0.00743308 -0.00694007 -0.00601596 -0.00495458 -0.00694007 -0.00558653 -0.00743308 -0.00694007 -0.0084734 -0.00783148 -0.00694007 -0.00558653 -0.00783148 -0.00611996 -0.00495458 -0.00360635 -0.00558653 -0.00391258 -0.00360635 -0.00236095 -0.00391258 -0.00242319 -0.00558653 -0.00391258 -0.00611996 -0.0040674 -0.00391258 -0.00242319 -0.0040674 -0.00232128 -0.00185346 -0.00121683 -0.00216178 -0.00137426 -0.00121683 -0.0007786 -0.00137426 -0.000850419 -0.00216178 -0.00137426 -0.00236095 -0.00143123 -0.00137426 -0.000850419 -0.00143123 -0.000840836 -0.0007786 -0.000509547 -0.000850419 -0.000540587 -0.000509547 -0.000357965 -0.000540587 -0.000372559 -0.000850419 -0.000540587 -0.000840836 -0.000509412 -0.000540587 -0.000372559 -0.000509412 -0.000339366 -0.00236095 -0.00143123 -0.00242319 -0.00136539 -0.00143123 -0.000840836 -0.00136539 -0.000734504 -0.00242319 -0.00136539 -0.00232128 -0.00115655 -0.00136539 -0.000734504 -0.00115655 -0.000518517 -0.000840836 -0.000509412 -0.000734504 -0.000405885 -0.000509412 -0.000339366 -0.000405885 -0.000251073 -0.000734504 -0.000405885 -0.000518517 -0.000221713 -0.000405885 -0.000251073 -0.000221713 -0.000101446 -3.18759e-15 -3.20586e-15 -0.000115018 -9.00177e-05 -3.20586e-15 -2.96543e-15 -9.00177e-05 -7.68543e-05 -0.000115018 -9.00177e-05 -0.000219717 -0.000171765 -9.00177e-05 -7.68543e-05 -0.000171765 -0.000146859 -2.96543e-15 -2.51021e-15 -7.68543e-05 -6.98478e-05 -2.51021e-15 -1.91334e-15 -6.98478e-05 -6.43803e-05 -7.68543e-05 -6.98478e-05 -0.000146859 -0.000133985 -6.98478e-05 -6.43803e-05 -0.000133985 -0.000124342 -0.000219717 -0.000171765 -0.000303955 -0.00023711 -0.000171765 -0.000146859 -0.00023711 -0.000203228 -0.000303955 -0.00023711 -0.000357965 -0.000278199 -0.00023711 -0.000203228 -0.000278199 -0.000239312 -0.000146859 -0.000133985 -0.000203228 -0.000186669 -0.000133985 -0.000124342 -0.000186669 -0.000175306 -0.000203228 -0.000186669 -0.000239312 -0.000222103 -0.000186669 -0.000175306 -0.000222103 -0.000212376 -1.91334e-15 -1.26309e-15 -6.43803e-05 -5.54705e-05 -1.26309e-15 -6.54279e-16 -5.54705e-05 -3.81855e-05 -6.43803e-05 -5.54705e-05 -0.000124342 -0.000108357 -5.54705e-05 -3.81855e-05 -0.000108357 -7.59344e-05 -6.54279e-16 -1.8992e-16 -3.81855e-05 -1.38875e-05 -1.8992e-16 0 -1.38875e-05 0 -3.81855e-05 -1.38875e-05 -7.59344e-05 -2.81411e-05 -1.38875e-05 0 -2.81411e-05 0 -0.000124342 -0.000108357 -0.000175306 -0.000155809 -0.000108357 -7.59344e-05 -0.000155809 -0.000112739 -0.000175306 -0.000155809 -0.000212376 -0.000194407 -0.000155809 -0.000112739 -0.000194407 -0.000147806 -7.59344e-05 -2.81411e-05 -0.000112739 -4.33836e-05 -2.81411e-05 0 -4.33836e-05 0 -0.000112739 -4.33836e-05 -0.000147806 -6.09429e-05 -4.33836e-05 0 -6.09429e-05 0 -0.000357965 -0.000278199 -0.000372559 -0.000287612 -0.000278199 -0.000239312 -0.000287612 -0.000248673 -0.000372559 -0.000287612 -0.000339366 -0.000258511 -0.000287612 -0.000248673 -0.000258511 -0.000225176 -0.000239312 -0.000222103 -0.000248673 -0.000234434 -0.000222103 -0.000212376 -0.000234434 -0.000230223 -0.000248673 -0.000234434 -0.000225176 -0.000217785 -0.000234434 -0.000230223 -0.000217785 -0.000223007 -0.000339366 -0.000258511 -0.000251073 -0.000184784 -0.000258511 -0.000225176 -0.000184784 -0.00016307 -0.000251073 -0.000184784 -0.000101446 -6.0832e-05 -0.000184784 -0.00016307 -6.0832e-05 -5.67739e-05 -0.000225176 -0.000217785 -0.00016307 -0.000166314 -0.000217785 -0.000223007 -0.000166314 -0.000184395 -0.00016307 -0.000166314 -5.67739e-05 -7.40682e-05 -0.000166314 -0.000184395 -7.40682e-05 -0.000107497 -0.000212376 -0.000194407 -0.000230223 -0.000219799 -0.000194407 -0.000147806 -0.000219799 -0.000179482 -0.000230223 -0.000219799 -0.000223007 -0.000226334 -0.000219799 -0.000179482 -0.000226334 -0.000204097 -0.000147806 -6.09429e-05 -0.000179482 -8.3751e-05 -6.09429e-05 0 -8.3751e-05 0 -0.000179482 -8.3751e-05 -0.000204097 -0.000117595 -8.3751e-05 0 -0.000117595 0 -0.000223007 -0.000226334 -0.000184395 -0.000206824 -0.000226334 -0.000204097 -0.000206824 -0.000214695 -0.000184395 -0.000206824 -0.000107497 -0.000152295 -0.000206824 -0.000214695 -0.000152295 -0.000197789 -0.000204097 -0.000117595 -0.000214695 -0.00016873 -0.000117595 0 -0.00016873 0 -0.000214695 -0.00016873 -0.000197789 -0.000216119 -0.00016873 0 -0.000216119 0 0 0.0011429 0 0.000948116 0.0011429 0.00140854 0.000948116 0.0012362 0 0.000948116 0 0.000741466 0.000948116 0.0012362 0.000741466 0.00105012 0.00140854 0.00141656 0.0012362 0.00125521 0.00141656 0.00132394 0.00125521 0.00117528 0.0012362 0.00125521 0.00105012 0.00108402 0.00125521 0.00117528 0.00108402 0.00102099 0 0.000741466 0 0.00057737 0.000741466 0.00105012 0.00057737 0.000859473 0 0.00057737 0 0.000444662 0.00057737 0.000859473 0.000444662 0.000673273 0.00105012 0.00108402 0.000859473 0.000904922 0.00108402 0.00102099 0.000904922 0.000860055 0.000859473 0.000904922 0.000673273 0.000721001 0.000904922 0.000860055 0.000721001 0.00069292 0.00132394 0.00119949 0.00117528 0.00106882 0.00119949 0.00106644 0.00106882 0.000959627 0.00117528 0.00106882 0.00102099 0.000934266 0.00106882 0.000959627 0.000934266 0.00084837 0.00106644 0.000925424 0.000959627 0.0008497 0.000925424 0.000759521 0.0008497 0.000726351 0.000959627 0.0008497 0.00084837 0.000766553 0.0008497 0.000726351 0.000766553 0.000679205 0.00102099 0.000934266 0.000860055 0.000793788 0.000934266 0.00084837 0.000793788 0.000729924 0.000860055 0.000793788 0.00069292 0.000646543 0.000793788 0.000729924 0.000646543 0.000602685 0.00084837 0.000766553 0.000729924 0.000672458 0.000766553 0.000679205 0.000672458 0.000614198 0.000729924 0.000672458 0.000602685 0.000565409 0.000672458 0.000614198 0.000565409 0.000529569 0 0.000444662 0 0.000330363 0.000444662 0.000673273 0.000330363 0.000494089 0 0.000330363 0 0.000223619 0.000330363 0.000494089 0.000223619 0.000321466 0.000673273 0.000721001 0.000494089 0.000535289 0.000721001 0.00069292 0.000535289 0.000521044 0.000494089 0.000535289 0.000321466 0.000350782 0.000535289 0.000521044 0.000350782 0.000346512 0 0.000223619 0 0.000114238 0.000223619 0.000321466 0.000114238 0.000155711 0 0.000114238 0 0 0.000114238 0.000155711 0 0 0.000321466 0.000350782 0.000155711 0.000170856 0.000350782 0.000346512 0.000170856 0.000171876 0.000155711 0.000170856 0 0 0.000170856 0.000171876 0 0 0.00069292 0.000646543 0.000521044 0.000492628 0.000646543 0.000602685 0.000492628 0.000465963 0.000521044 0.000492628 0.000346512 0.000332806 0.000492628 0.000465963 0.000332806 0.000319726 0.000602685 0.000565409 0.000465963 0.000444536 0.000565409 0.000529569 0.000444536 0.000424989 0.000465963 0.000444536 0.000319726 0.000309756 0.000444536 0.000424989 0.000309756 0.000301059 0.000346512 0.000332806 0.000171876 0.00016821 0.000332806 0.000319726 0.00016821 0.000164296 0.000171876 0.00016821 0 0 0.00016821 0.000164296 0 0 0.000319726 0.000309756 0.000164296 0.000161428 0.000309756 0.000301059 0.000161428 0.000158933 0.000164296 0.000161428 0 0 0.000161428 0.000158933 0 0 0.000759521 0.000522568 0.000726351 0.000553015 0.000522568 0.000115193 0.000553015 0.000249031 0.000726351 0.000553015 0.000679205 0.000556988 0.000553015 0.000249031 0.000556988 0.000335037 0.000115193 -0.000629096 0.000249031 -0.000321826 -0.000629096 -0.0018974 -0.000321826 -0.00131252 0.000249031 -0.000321826 0.000335037 -9.42393e-05 -0.000321826 -0.00131252 -9.42393e-05 -0.000847652 0.000679205 0.000556988 0.000614198 0.000532053 0.000556988 0.000335037 0.000532053 0.000375704 0.000614198 0.000532053 0.000529569 0.000477918 0.000532053 0.000375704 0.000477918 0.000373816 0.000335037 -9.42393e-05 0.000375704 6.44591e-05 -9.42393e-05 -0.000847652 6.44591e-05 -0.000484761 0.000375704 6.44591e-05 0.000373816 0.000160999 6.44591e-05 -0.000484761 0.000160999 -0.000214669 -0.0018974 -0.00374637 -0.00131252 -0.00276968 -0.00374637 -0.00590325 -0.00276968 -0.00447513 -0.00131252 -0.00276968 -0.000847652 -0.0019555 -0.00276968 -0.00447513 -0.0019555 -0.00324614 -0.00590325 -0.00772195 -0.00447513 -0.00591473 -0.00772195 -0.0084734 -0.00591473 -0.00651154 -0.00447513 -0.00591473 -0.00324614 -0.00433111 -0.00591473 -0.00651154 -0.00433111 -0.00478208 -0.000847652 -0.0019555 -0.000484761 -0.00128731 -0.0019555 -0.00324614 -0.00128731 -0.00221366 -0.000484761 -0.00128731 -0.000214669 -0.000757776 -0.00128731 -0.00221366 -0.000757776 -0.00137684 -0.00324614 -0.00433111 -0.00221366 -0.00298703 -0.00433111 -0.00478208 -0.00298703 -0.00330958 -0.00221366 -0.00298703 -0.00137684 -0.00188918 -0.00298703 -0.00330958 -0.00188918 -0.00210409 0.000529569 0.000477918 0.000424989 0.000395594 0.000477918 0.000373816 0.000395594 0.00033224 0.000424989 0.000395594 0.000301059 0.000286878 0.000395594 0.00033224 0.000286878 0.000253888 0.000373816 0.000160999 0.00033224 0.000199755 0.000160999 -0.000214669 0.000199755 -3.29297e-05 0.00033224 0.000199755 0.000253888 0.000183877 0.000199755 -3.29297e-05 0.000183877 6.25841e-05 0.000301059 0.000286878 0.000158933 0.000154096 0.000286878 0.000253888 0.000154096 0.000141906 0.000158933 0.000154096 0 0 0.000154096 0.000141906 0 0 0.000253888 0.000183877 0.000141906 0.000116195 0.000183877 6.25841e-05 0.000116195 7.31277e-05 0.000141906 0.000116195 0 0 0.000116195 7.31277e-05 0 0 -0.000214669 -0.000757776 -3.29297e-05 -0.000364222 -0.000757776 -0.00137684 -0.000364222 -0.000735807 -3.29297e-05 -0.000364222 6.25841e-05 -0.000106227 -0.000364222 -0.000735807 -0.000106227 -0.000291416 -0.00137684 -0.00188918 -0.000735807 -0.00104013 -0.00188918 -0.00210409 -0.00104013 -0.00116908 -0.000735807 -0.00104013 -0.000291416 -0.000441062 -0.00104013 -0.00116908 -0.000441062 -0.000505716 6.25841e-05 -0.000106227 7.31277e-05 1.55769e-05 -0.000106227 -0.000291416 1.55769e-05 -4.52694e-05 7.31277e-05 1.55769e-05 0 0 1.55769e-05 -4.52694e-05 0 0 -0.000291416 -0.000441062 -4.52694e-05 -9.34553e-05 -0.000441062 -0.000505716 -9.34553e-05 -0.000115204 -4.52694e-05 -9.34553e-05 0 0 -9.34553e-05 -0.000115204 0 0 -0.0084734 -0.00783148 -0.00651154 -0.0060085 -0.00783148 -0.00611996 -0.0060085 -0.00466113 -0.00651154 -0.0060085 -0.00478208 -0.00440975 -0.0060085 -0.00466113 -0.00440975 -0.00340246 -0.00611996 -0.0040674 -0.00466113 -0.00304602 -0.0040674 -0.00232128 -0.00304602 -0.00167827 -0.00466113 -0.00304602 -0.00340246 -0.00218831 -0.00304602 -0.00167827 -0.00218831 -0.00115641 -0.00478208 -0.00440975 -0.00330958 -0.00305113 -0.00440975 -0.00340246 -0.00305113 -0.00234132 -0.00330958 -0.00305113 -0.00210409 -0.00193933 -0.00305113 -0.00234132 -0.00193933 -0.00147686 -0.00340246 -0.00218831 -0.00234132 -0.00147784 -0.00218831 -0.00115641 -0.00147784 -0.000737868 -0.00234132 -0.00147784 -0.00147686 -0.000907337 -0.00147784 -0.000737868 -0.000907337 -0.000413626 -0.00232128 -0.00115655 -0.00167827 -0.000777576 -0.00115655 -0.000518517 -0.000777576 -0.000298724 -0.00167827 -0.000777576 -0.00115641 -0.00047939 -0.000777576 -0.000298724 -0.00047939 -0.00012792 -0.000518517 -0.000221713 -0.000298724 -9.00454e-05 -0.000221713 -0.000101446 -9.00454e-05 -1.69204e-05 -0.000298724 -9.00454e-05 -0.00012792 1.38143e-05 -9.00454e-05 -1.69204e-05 1.38143e-05 5.20205e-05 -0.00115641 -0.00047939 -0.000737868 -0.000251521 -0.00047939 -0.00012792 -0.000251521 -4.06771e-06 -0.000737868 -0.000251521 -0.000413626 -8.75175e-05 -0.000251521 -4.06771e-06 -8.75175e-05 7.52245e-05 -0.00012792 1.38143e-05 -4.06771e-06 8.68536e-05 1.38143e-05 5.20205e-05 8.68536e-05 0.000100815 -4.06771e-06 8.68536e-05 7.52245e-05 0.000128268 8.68536e-05 0.000100815 0.000128268 0.000127052 -0.00210409 -0.00193933 -0.00116908 -0.00107689 -0.00193933 -0.00147686 -0.00107689 -0.000809231 -0.00116908 -0.00107689 -0.000505716 -0.000465 -0.00107689 -0.000809231 -0.000465 -0.000339297 -0.00147686 -0.000907337 -0.000809231 -0.000474192 -0.000907337 -0.000413626 -0.000474192 -0.00017939 -0.000809231 -0.000474192 -0.000339297 -0.000178048 -0.000474192 -0.00017939 -0.000178048 -3.31614e-05 -0.000505716 -0.000465 -0.000115204 -0.00010514 -0.000465 -0.000339297 -0.00010514 -6.86737e-05 -0.000115204 -0.00010514 0 0 -0.00010514 -6.86737e-05 0 0 -0.000339297 -0.000178048 -6.86737e-05 -1.95803e-05 -0.000178048 -3.31614e-05 -1.95803e-05 2.62213e-05 -6.86737e-05 -1.95803e-05 0 0 -1.95803e-05 2.62213e-05 0 0 -0.000413626 -8.75175e-05 -0.00017939 1.67488e-05 -8.75175e-05 7.52245e-05 1.67488e-05 0.000112478 -0.00017939 1.67488e-05 -3.31614e-05 6.4225e-05 1.67488e-05 0.000112478 6.4225e-05 0.000110313 7.52245e-05 0.000128268 0.000112478 0.000138604 0.000128268 0.000127052 0.000138604 0.000129777 0.000112478 0.000138604 0.000110313 0.000119257 0.000138604 0.000129777 0.000119257 0.000109011 -3.31614e-05 6.4225e-05 2.62213e-05 5.75817e-05 6.4225e-05 0.000110313 5.75817e-05 7.16426e-05 2.62213e-05 5.75817e-05 0 0 5.75817e-05 7.16426e-05 0 0 0.000110313 0.000119257 7.16426e-05 7.22184e-05 0.000119257 0.000109011 7.22184e-05 6.54089e-05 7.16426e-05 7.22184e-05 0 0 7.22184e-05 6.54089e-05 0 0 -0.000101446 -6.0832e-05 -1.69204e-05 -1.10272e-06 -6.0832e-05 -5.67739e-05 -1.10272e-06 -9.26303e-06 -1.69204e-05 -1.10272e-06 5.20205e-05 4.93335e-05 -1.10272e-06 -9.26303e-06 4.93335e-05 3.19698e-05 -5.67739e-05 -7.40682e-05 -9.26303e-06 -3.10302e-05 -7.40682e-05 -0.000107497 -3.10302e-05 -6.35228e-05 -9.26303e-06 -3.10302e-05 3.19698e-05 7.20207e-06 -3.10302e-05 -6.35228e-05 7.20207e-06 -2.34768e-05 5.20205e-05 4.93335e-05 0.000100815 8.62273e-05 4.93335e-05 3.19698e-05 8.62273e-05 6.3474e-05 0.000100815 8.62273e-05 0.000127052 0.000106756 8.62273e-05 6.3474e-05 0.000106756 8.25567e-05 3.19698e-05 7.20207e-06 6.3474e-05 3.78053e-05 7.20207e-06 -2.34768e-05 3.78053e-05 1.00192e-05 6.3474e-05 3.78053e-05 8.25567e-05 5.82895e-05 3.78053e-05 1.00192e-05 5.82895e-05 3.44797e-05 -0.000107497 -0.000152295 -6.35228e-05 -0.000102851 -0.000152295 -0.000197789 -0.000102851 -0.000138033 -6.35228e-05 -0.000102851 -2.34768e-05 -5.66333e-05 -0.000102851 -0.000138033 -5.66333e-05 -8.12384e-05 -0.000197789 -0.000216119 -0.000138033 -0.000140846 -0.000216119 0 -0.000140846 0 -0.000138033 -0.000140846 -8.12384e-05 -6.71788e-05 -0.000140846 0 -6.71788e-05 0 -2.34768e-05 -5.66333e-05 1.00192e-05 -1.67218e-05 -5.66333e-05 -8.12384e-05 -1.67218e-05 -3.17564e-05 1.00192e-05 -1.67218e-05 3.44797e-05 1.39077e-05 -1.67218e-05 -3.17564e-05 1.39077e-05 5.68442e-06 -8.12384e-05 -6.71788e-05 -3.17564e-05 -1.45767e-05 -6.71788e-05 0 -1.45767e-05 0 -3.17564e-05 -1.45767e-05 5.68442e-06 1.94248e-05 -1.45767e-05 0 1.94248e-05 0 0.000127052 0.000106756 0.000129777 0.000109155 0.000106756 8.25567e-05 0.000109155 8.71435e-05 0.000129777 0.000109155 0.000109011 9.24295e-05 0.000109155 8.71435e-05 9.24295e-05 7.56626e-05 8.25567e-05 5.82895e-05 8.71435e-05 6.64808e-05 5.82895e-05 3.44797e-05 6.64808e-05 4.76167e-05 8.71435e-05 6.64808e-05 7.56626e-05 6.05133e-05 6.64808e-05 4.76167e-05 6.05133e-05 4.74023e-05 0.000109011 9.24295e-05 6.54089e-05 5.61068e-05 9.24295e-05 7.56626e-05 5.61068e-05 4.69251e-05 6.54089e-05 5.61068e-05 0 0 5.61068e-05 4.69251e-05 0 0 7.56626e-05 6.05133e-05 4.69251e-05 3.88004e-05 6.05133e-05 4.74023e-05 3.88004e-05 3.20562e-05 4.69251e-05 3.88004e-05 0 0 3.88004e-05 3.20562e-05 0 0 3.44797e-05 1.39077e-05 4.76167e-05 3.27401e-05 1.39077e-05 5.68442e-06 3.27401e-05 2.84326e-05 4.76167e-05 3.27401e-05 4.74023e-05 3.77489e-05 3.27401e-05 2.84326e-05 3.77489e-05 3.52914e-05 5.68442e-06 1.94248e-05 2.84326e-05 3.73423e-05 1.94248e-05 0 3.73423e-05 0 2.84326e-05 3.73423e-05 3.52914e-05 3.99682e-05 3.73423e-05 0 3.99682e-05 0 4.74023e-05 3.77489e-05 3.20562e-05 2.73256e-05 3.77489e-05 3.52914e-05 2.73256e-05 2.59068e-05 3.20562e-05 2.73256e-05 0 0 2.73256e-05 2.59068e-05 0 0 3.52914e-05 3.99682e-05 2.59068e-05 2.68969e-05 3.99682e-05 0 2.68969e-05 0 2.59068e-05 2.68969e-05 0 0 2.68969e-05 0 0 0 
SCALARS p_fluid double 1
LOOKUP_TABLE default
0 0 0 0 0 0 0 0 0 0 0 0 0 0 0 0 0 0 0 0 0 0 0 0 0 0 0 0 0 0 0 0 0 0 0 0 0 0 0 0 0 0 0 0 0 0 0 0 0 0 0 0 0 0 0 0 0 0 0 0 0 0 0 0 0 0 0 0 0 0 0 0 0 0 0 0 0 0 0 0 0 0 0 0 0 0 0 0 0 0 0 0 0 0 0 0 0 0 0 0 0 0 0 0 0 0 0 0 0 0 0 0 0 0 0 0 0 0 0 0 0 0 0 0 0 0 0 0 0 0 0 0 0 0 0 0 0 0 0 0 0 0 0 0 0 0 0 0 0 0 0 0 0 0 0 0 0 0 0 0 0 0 0 0 0 0 0 0 0 0 0 0 0 0 0 0 0 0 0 0 0 0 0 0 0 0 0 0 0 0 0 0 0 0 0 0 0 0 0 0 0 0 0 0 0 0 0 0 0 0 0 0 0 0 0 0 0 0 0 0 0 0 0 0 0 0 0 0 0 0 0 0 0 0 0 0 0 0 0 0 0 0 0 0 0 0 0 0 0 0 0 0 0 0 0 0 0 0 0 0 0 0 0 0 0 0 0 0 0 0 0 0 0 0 0 0 0 0 0 0 0 0 0 0 0 0 0 0 0 0 0 0 0 0 0 0 0 0 0 0 0 0 0 0 0 0 0 0 0 0 0 0 0 0 0 0 0 0 0 0 0 0 0 0 0 0 0 0 0 0 0 0 0 0 0 0 0 0 0 0 0 0 0 0 0 0 0 0 0 0 0 0 0 0 0 0 0 0 0 0 0 0 0 0 0 0 0 0 0 0 0 0 0 0 0 0 0 0 0 0 0 0 0 0 0 0 0 0 0 0 0 0 0 0 0 0 0 0 0 0 0 0 0 0 0 0 0 0 0 0 0 0 0 0 0 0 0 0 0 0 0 0 0 0 0 0 0 0 0 0 0 0 0 0 0 0 0 0 0 0 0 0 0 0 0 0 0 0 0 0 0 0 0 0 0 0 0 0 0 0 0 0 0 0 0 0 0 0 0 0 0 0 0 0 0 0 0 0 0 0 0 0 0 0 0 0 0 0 0 0 0 0 0 0 0 0 0 0 0 0 0 0 0 0 0 0 0 0 0 0 0 0 0 0 0 0 0 0 0 0 0 0 0 0 0 0 0 0 0 0 0 0 0 0 0 0 0 0 0 0 0 0 0 0 0 0 0 0 0 0 0 0 0 0 0 0 0 0 0 0 0 0 0 0 0 0 0 0 0 0 0 0 0 0 0 0 0 0 0 0 0 0 0 0 0 0 0 0 0 0 0 0 0 0 0 0 0 0 0 0 0 0 0 0 0 0 0 0 0 0 0 0 0 0 0 0 0 0 0 0 0 0 0 0 0 0 0 0 0 0 0 0 0 0 0 0 0 0 0 0 0 0 0 0 0 0 0 0 0 0 0 0 0 0 0 0 0 0 0 0 0 0 0 0 0 0 0 0 0 0 0 0 0 0 0 0 0 0 0 0 0 0 0 0 0 0 0 0 0 0 0 0 0 0 0 0 0 0 0 0 0 0 0 0 0 0 0 0 0 0 0 0 0 0 0 0 0 0 0 0 0 0 0 0 0 0 0 0 0 0 0 0 0 0 0 0 0 0 0 0 0 0 0 0 0 0 0 0 0 0 0 0 0 0 0 0 0 0 0 0 0 0 0 0 0 0 0 0 0 0 0 0 0 0 0 0 0 0 0 0 0 0 0 0 0 0 0 0 0 0 0 0 0 0 0 0 0 0 0 0 0 0 0 0 0 0 0 0 0 0 0 0 0 0 0 0 0 0 0 0 0 0 0 0 0 0 0 0 0 0 0 0 0 0 0 0 0 0 0 0 0 0 0 0 0 0 0 0 0 0 0 0 0 0 0 0 0 0 0 0 0 0 0 0 0 0 0 0 0 0 0 0 0 0 0 0 0 0 0 0 0 0 0 0 0 0 0 0 0 0 0 0 0 0 0 0 0 0 0 0 0 0 0 0 0 0 0 0 0 0 0 0 0 0 0 0 0 0 0 0 0 0 0 0 0 0 0 0 0 0 0 0 0 0 0 0 0 0 0 0 0 0 0 0 0 0 0 0 0 0 0 0 0 0 0 0 0 0 0 0 0 0 0 0 0 0 0 0 0 0 0 0 0 0 0 0 0 0 0 0 0 0 0 0 0 0 0 0 0 0 0 0 0 0 0 0 0 0 0 0 0 0 0 0 0 0 0 0 0 0 0 0 0 0 0 0 0 0 0 0 0 0 0 0 91.0259 88.4827 91.0831 88.5399 88.4897 85.7601 88.4837 85.7541 91.182 88.4523 91.2184 88.4886 88.4973 85.7511 88.4919 85.7457 85.7551 82.9694 85.749 82.9634 82.9674 80.1539 82.9623 80.1488 85.7513 82.9633 85.7462 82.9582 82.9623 80.1494 82.958 80.1451 91.2378 88.4687 91.2651 88.496 88.496 85.7457 88.495 85.7447 91.2783 88.4836 91.3015 88.5067 88.5033 85.738 88.5049 85.7396 85.7466 82.9591 85.7407 82.9532 82.9575 80.146 82.9525 80.141 85.7422 82.9529 85.7363 82.947 82.952 80.1417 82.9463 80.136 80.1526 77.3253 80.1488 77.3215 77.3245 74.4905 77.3218 74.4878 80.1484 77.3221 80.1452 77.3189 77.3214 74.4882 77.3191 74.4858 74.49 71.6525 74.4881 71.6505 71.6524 68.8125 71.6507 68.8107 74.4879 71.6507 74.4859 71.6487 71.6508 68.8105 71.6485 68.8082 80.1447 77.3195 80.141 77.3159 77.3188 74.4861 77.3161 74.4834 80.1404 77.3165 80.1361 77.3122 77.3157 74.4837 77.3125 74.4805 74.4859 71.6486 74.4834 71.6461 71.649 68.8074 71.6458 68.8041 74.4835 71.6458 74.4804 71.6428 71.6465 68.8031 71.6424 68.799 91.3089 88.4995 91.3273 88.518 88.5126 85.7329 88.516 85.7363 91.3317 88.5135 91.345 88.5268 88.522 85.7309 88.5256 85.7345 85.7384 82.946 85.7337 82.9413 82.9461 80.1364 82.9406 80.131 85.7359 82.9399 85.7328 82.9368 82.9407 80.1311 82.9363 80.1268 91.3474 88.5243 91.3554 88.5322 88.5295 85.7308 88.5321 85.7334 91.3565 88.5311 91.3592 88.5337 88.534 85.7316 88.5349 85.7325 85.7346 82.9356 85.7329 82.9339 82.9366 80.1268 82.9338 80.124 85.7339 82.9332 85.7334 82.9327 82.9339 80.124 82.933 80.1231 80.1354 77.3128 80.131 77.3084 77.312 74.4807 77.3086 74.4773 80.1306 77.3089 80.1268 77.3051 77.3083 74.4774 77.3053 74.4744 74.4805 71.6425 74.4772 71.6392 71.6432 68.7978 71.6388 68.7934 74.4773 71.6388 74.4744 71.6359 71.6395 68.7923 71.6356 68.7884 80.1265 77.3054 80.124 77.3029 77.305 74.4745 77.303 74.4725 80.1239 77.3031 80.1231 77.3022 77.3029 74.4725 77.3021 74.4718 74.4745 71.6356 74.4725 71.6336 71.6362 68.7876 71.6335 68.7849 74.4725 71.6334 74.4718 71.6327 71.6338 68.7845 71.6329 68.7835 68.813 65.9696 68.8105 65.9671 65.9718 63.1185 65.966 63.1128 68.8115 65.9659 68.8076 65.962 65.9687 63.1099 65.9607 63.102 63.1234 60.2434 63.1102 60.2302 60.2512 57.313 60.2256 57.2875 63.1153 60.2252 63.0999 60.2098 60.2327 57.2815 60.2072 57.256 68.809 65.9602 68.8032 65.9544 65.9636 63.0986 65.9527 63.0878 68.805 65.9521 68.798 65.9451 65.9558 63.0842 65.9434 63.0717 63.1042 60.2052 63.0855 60.1865 60.2118 57.2521 60.1842 57.2245 63.0896 60.1821 63.0695 60.162 60.1877 57.2216 60.1602 57.1941 57.321 54.2869 57.2819 54.2478 54.2883 51.1423 54.2441 51.0981 57.2877 54.2445 57.2539 54.2107 54.2432 51.1021 54.2106 51.0694 51.1308 47.9143 51.1 47.8835 47.8923 44.7092 47.8928 44.7097 51.0891 47.8961 51.0726 47.8796 47.8754 44.7254 47.886 44.736 57.2556 54.2108 57.2236 54.1788 54.2061 51.0765 54.1808 51.0512 57.2234 54.1806 57.194 54.1512 54.1742 51.0599 54.1542 51.0398 51.0614 47.8927 51.0565 47.8878 47.8728 44.749 47.8949 44.7711 51.0443 47.9014 51.0457 47.9028 47.8824 44.7833 47.9097 44.8106 68.7998 65.9428 68.7925 65.9355 65.9463 63.0683 65.9341 63.056 68.7941 65.9335 68.7878 65.9272 65.9366 63.0531 65.9263 63.0428 63.0731 60.1583 63.0542 60.1394 60.1627 57.1922 60.138 57.1675 63.057 60.1365 63.0417 60.1212 60.1397 57.1664 60.1204 57.1471 68.789 65.9257 68.7848 65.9215 65.9281 63.0408 65.9213 63.034 68.7854 65.9207 68.7839 65.9192 65.9222 63.033 65.9198 63.0306 63.0437 60.1192 63.0338 60.1093 60.1214 57.1465 60.1091 57.1342 63.0347 60.1083 63.0313 60.1049 60.1096 57.134 60.1054 57.1298 57.1927 54.1539 57.1678 54.129 54.1471 51.0485 54.1318 51.0331 57.1662 54.1317 57.1473 54.1128 54.1256 51.0405 54.1147 51.0296 51.0342 47.9152 51.0382 47.9192 47.8986 44.8214 47.925 44.8477 51.0287 47.9294 51.0329 47.9337 47.916 44.8563 47.9373 44.8776 57.146 54.115 57.1343 54.1032 54.1102 51.035 54.1037 51.0285 57.1335 54.1044 57.1295 54.1005 54.1013 51.0313 54.0992 51.0292 51.0261 47.9408 51.0292 47.9439 47.931 44.8835 47.9447 44.8972 51.0257 47.9475 51.0269 47.9487 47.9414 44.9002 47.9461 44.9049 44.6889 41.6512 44.7229 41.6852 41.6445 38.7979 41.6956 38.8489 44.7082 41.6952 44.7431 41.7302 41.6908 38.8487 41.7347 38.8926 38.8055 36.1061 38.8518 36.1524 36.1198 33.4793 36.1484 33.5079 38.8567 36.1447 38.8929 36.1809 36.1575 33.4988 36.1777 33.519 44.7349 41.736 44.7771 41.7782 41.7351 38.8893 41.7804 38.9346 44.7708 41.7828 44.8156 41.8276 41.7828 38.9301 41.8286 38.9759 38.8996 36.1722 38.9326 36.2052 36.1858 33.5105 36.2008 33.5255 38.9409 36.1958 38.9729 36.2278 36.2097 33.5165 36.223 33.5298 33.4905 30.835 33.5011 30.8455 30.8405 28.1374 30.8397 28.1367 33.509 30.8393 33.5147 30.845 30.8443 28.134 30.8416 28.1313 28.1385 25.3886 28.1334 25.3835 25.3878 22.6049 25.3823 22.5994 28.135 25.3832 28.1295 25.3777 25.3824 22.6 25.3771 22.5947 33.5205 30.8399 33.521 30.8404 30.8442 28.1297 30.8374 28.1228 33.527 30.835 33.5253 30.8334 30.8397 28.1211 30.8306 28.112 28.1299 25.3779 28.1215 25.3696 25.3765 22.5956 25.3695 22.5885 28.1215 25.37 28.111 25.3596 25.3684 22.5896 25.3597 22.5808 44.8105 41.8314 44.8516 41.8725 41.8314 38.9716 41.8729 39.0132 44.8475 41.8755 44.88 41.9079 41.8753 39.0097 41.9081 39.0425 38.9811 36.2191 39.0104 36.2483 36.2317 33.5213 36.2441 33.5337 39.0171 36.2412 39.0406 36.2647 36.2515 33.5266 36.2619 33.537 44.8771 41.9099 44.8977 41.9306 41.9097 39.0401 41.9306 39.061 44.8962 41.9316 44.9032 41.9386 41.9314 39.0598 41.9385 39.0669 39.0454 36.2597 39.0606 36.2749 36.2673 33.532 36.2742 33.539 39.063 36.2723 39.0682 36.2775 36.277 33.5364 36.2794 33.5388 33.5313 30.8281 33.5299 30.8267 30.8331 28.1102 30.8244 28.1015 33.5352 30.8221 33.5346 30.8215 30.8268 28.0997 30.82 28.0929 28.111 25.3599 28.1007 25.3495 25.3586 22.5819 25.3497 22.573 28.1009 25.3496 28.0925 25.3412 25.3488 22.5739 25.3414 22.5664 33.5385 30.8181 33.5384 30.818 30.8219 28.0916 30.8177 28.0874 33.5404 30.8163 33.5405 30.8163 30.8187 28.0867 30.8173 28.0853 28.0927 25.3412 28.0873 25.3358 25.3408 22.567 25.3359 22.5621 28.0875 25.3358 28.0857 25.3339 25.3356 22.5624 25.3339 22.5607 22.6039 19.8011 22.5993 19.7966 19.8004 16.986 19.7969 16.9824 22.5989 19.7973 22.5947 19.7931 19.7965 16.983 19.7933 16.9798 16.9855 14.1635 16.9828 14.1607 14.1632 11.3353 14.161 11.3331 16.9825 14.1611 16.9801 14.1587 14.1608 11.3334 14.1589 11.3315 22.5941 19.7939 22.5889 19.7887 19.7928 16.9804 19.7891 16.9767 22.5878 19.7897 22.5814 19.7833 19.7883 16.9774 19.7839 16.973 16.9797 14.1591 16.9771 14.1564 14.1586 11.3319 14.1567 11.33 16.9765 14.1569 16.9735 14.1539 14.1563 11.3304 14.1542 11.3283 11.3352 8.50227 11.3333 8.50045 8.502 5.66499 8.50076 5.66375 11.3331 8.50079 11.3318 8.49947 8.50035 5.66425 8.49976 5.66365 5.66442 2.82528 5.6641 2.82496 2.81786 -0.0131503 2.82615 -0.00486136 5.66338 2.82566 5.66413 2.82641 2.82284 -0.003626 2.8259 -0.000564449 11.3315 8.49985 11.3303 8.49867 8.49927 5.66425 8.49903 5.66401 11.3298 8.49913 11.3286 8.49791 8.49847 5.66463 8.4983 5.66447 5.66311 2.82743 5.66446 2.82878 2.8268 -0.00170522 2.82865 0.00014877 5.66361 2.82952 5.66481 2.83072 2.82952 -0.000800856 2.83064 0.000313732 22.5802 19.7844 22.5735 19.7777 19.7829 16.9738 19.7783 16.9691 22.5725 19.7786 22.5668 19.7729 19.7774 16.9698 19.7733 16.9658 16.9728 14.1544 16.9696 14.1512 14.1537 11.3287 14.1515 11.3266 16.9689 14.1517 16.9661 14.1489 14.151 11.327 14.1491 11.3251 22.566 19.7736 22.5622 19.7698 19.7726 16.9663 19.7699 16.9635 22.5618 19.7701 22.5605 19.7688 19.7695 16.9638 19.7686 16.9629 16.9656 14.1493 16.9636 14.1473 14.1487 11.3254 14.1474 11.3241 16.9634 14.1476 16.9627 14.1469 14.1472 11.3243 14.1467 11.3238 11.3281 8.4984 11.3269 8.49715 8.49772 5.66504 8.49749 5.66481 11.3264 8.49759 11.3253 8.49647 8.49699 5.66527 8.49671 5.66499 5.66427 2.83113 5.66508 2.83193 2.83133 -0.00042186 2.83187 0.000120333 5.66474 2.83214 5.66517 2.83256 2.83237 -0.000413781 2.83254 -0.000246594 11.3249 8.4968 11.3242 8.49602 8.49634 5.6653 8.49611 5.66506 11.324 8.49619 11.3237 8.49592 8.49592 5.66522 8.49583 5.66513 5.66497 2.83266 5.66515 2.83283 2.83286 -0.000592622 2.83286 -0.000594269 5.66506 2.83287 5.6651 2.83291 2.83302 -0.00076336 2.833 -0.000782212 91.3592 88.5337 91.3565 88.5311 88.5349 85.7325 88.534 85.7316 91.3554 88.5322 91.3474 88.5243 88.5321 85.7334 88.5295 85.7308 85.7334 82.9327 85.7339 82.9332 82.933 80.1231 82.9339 80.124 85.7329 82.9339 85.7346 82.9356 82.9338 80.124 82.9366 80.1268 91.345 88.5268 91.3317 88.5135 88.5256 85.7345 88.522 85.7309 91.3273 88.518 91.3089 88.4995 88.516 85.7363 88.5126 85.7329 85.7328 82.9368 85.7359 82.9399 82.9363 80.1268 82.9407 80.1311 85.7337 82.9413 85.7384 82.946 82.9406 80.131 82.9461 80.1364 80.1231 77.3022 80.1239 77.3031 77.3021 74.4718 77.3029 74.4725 80.124 77.3029 80.1265 77.3054 77.303 74.4725 77.305 74.4745 74.4718 71.6327 74.4725 71.6334 71.6329 68.7835 71.6338 68.7845 74.4725 71.6336 74.4745 71.6356 71.6335 68.7849 71.6362 68.7876 80.1268 77.3051 80.1306 77.3089 77.3053 74.4744 77.3083 74.4774 80.131 77.3084 80.1354 77.3128 77.3086 74.4773 77.312 74.4807 74.4744 71.6359 74.4773 71.6388 71.6356 68.7884 71.6395 68.7923 74.4772 71.6392 74.4805 71.6425 71.6388 68.7934 71.6432 68.7978 91.3015 88.5067 91.2783 88.4836 88.5049 85.7396 88.5033 85.738 91.2651 88.496 91.2378 88.4687 88.495 85.7447 88.496 85.7457 85.7363 82.947 85.7422 82.9529 82.9463 80.136 82.952 80.1417 85.7407 82.9532 85.7466 82.9591 82.9525 80.141 82.9575 80.146 91.2184 88.4886 91.182 88.4523 88.4919 85.7457 88.4973 85.7511 91.0831 88.5399 91.0259 88.4827 88.4837 85.7541 88.4897 85.7601 85.7462 82.9582 85.7513 82.9633 82.958 80.1451 82.9623 80.1494 85.749 82.9634 85.7551 82.9694 82.9623 80.1488 82.9674 80.1539 80.1361 77.3122 80.1404 77.3165 77.3125 74.4805 77.3157 74.4837 80.141 77.3159 80.1447 77.3195 77.3161 74.4834 77.3188 74.4861 74.4804 71.6428 74.4835 71.6458 71.6424 68.799 71.6465 68.8031 74.4834 71.6461 74.4859 71.6486 71.6458 68.8041 71.649 68.8074 80.1452 77.3189 80.1484 77.3221 77.3191 74.4858 77.3214 74.4882 80.1488 77.3215 80.1526 77.3253 77.3218 74.4878 77.3245 74.4905 74.4859 71.6487 74.4879 71.6507 71.6485 68.8082 71.6508 68.8105 74.4881 71.6505 74.49 71.6525 71.6507 68.8107 71.6524 68.8125 68.7839 65.9192 68.7854 65.9207 65.9198 63.0306 65.9222 63.033 68.7848 65.9215 68.789 65.9257 65.9213 63.034 65.9281 63.0408 63.0313 60.1049 63.0347 60.1083 60.1054 57.1298 60.1096 57.134 63.0338 60.1093 63.0437 60.1192 60.1091 57.1342 60.1214 57.1465 68.7878 65.9272 68.7941 65.9335 65.9263 63.0428 65.9366 63.0531 68.7925 65.9355 68.7998 65.9428 65.9341 63.056 65.9463 63.0683 63.0417 60.1212 63.057 60.1365 60.1204 57.1471 60.1397 57.1664 63.0542 60.1394 63.0731 60.1583 60.138 57.1675 60.1627 57.1922 57.1295 54.1005 57.1335 54.1044 54.0992 51.0292 54.1013 51.0313 57.1343 54.1032 57.146 54.115 54.1037 51.0285 54.1102 51.035 51.0269 47.9487 51.0257 47.9475 47.9461 44.9049 47.9414 44.9002 51.0292 47.9439 51.0261 47.9408 47.9447 44.8972 47.931 44.8835 57.1473 54.1128 57.1662 54.1317 54.1147 51.0296 54.1256 51.0405 57.1678 54.129 57.1927 54.1539 54.1318 51.0331 54.1471 51.0485 51.0329 47.9337 51.0287 47.9294 47.9373 44.8776 47.916 44.8563 51.0382 47.9192 51.0342 47.9152 47.925 44.8477 47.8986 44.8214 68.798 65.9451 68.805 65.9521 65.9434 63.0717 65.9558 63.0842 68.8032 65.9544 68.809 65.9602 65.9527 63.0878 65.9636 63.0986 63.0695 60.162 63.0896 60.1821 60.1602 57.1941 60.1877 57.2216 63.0855 60.1865 63.1042 60.2052 60.1842 57.2245 60.2118 57.2521 68.8076 65.962 68.8115 65.9659 65.9607 63.102 65.9687 63.1099 68.8105 65.9671 68.813 65.9696 65.966 63.1128 65.9718 63.1185 63.0999 60.2098 63.1153 60.2252 60.2072 57.256 60.2327 57.2815 63.1102 60.2302 63.1234 60.2434 60.2256 57.2875 60.2512 57.313 57.194 54.1512 57.2234 54.1806 54.1542 51.0398 54.1742 51.0599 57.2236 54.1788 57.2556 54.2108 54.1808 51.0512 54.2061 51.0765 51.0457 47.9028 51.0443 47.9014 47.9097 44.8106 47.8824 44.7833 51.0565 47.8878 51.0614 47.8927 47.8949 44.7711 47.8728 44.749 57.2539 54.2107 57.2877 54.2445 54.2106 51.0694 54.2432 51.1021 57.2819 54.2478 57.321 54.2869 54.2441 51.0981 54.2883 51.1423 51.0726 47.8796 51.0891 47.8961 47.886 44.736 47.8754 44.7254 51.1 47.8835 51.1308 47.9143 47.8928 44.7097 47.8923 44.7092 44.9032 41.9386 44.8962 41.9316 41.9385 39.0669 41.9314 39.0598 44.8977 41.9306 44.8771 41.9099 41.9306 39.061 41.9097 39.0401 39.0682 36.2775 39.063 36.2723 36.2794 33.5388 36.277 33.5364 39.0606 36.2749 39.0454 36.2597 36.2742 33.539 36.2673 33.532 44.88 41.9079 44.8475 41.8755 41.9081 39.0425 41.8753 39.0097 44.8516 41.8725 44.8105 41.8314 41.8729 39.0132 41.8314 38.9716 39.0406 36.2647 39.0171 36.2412 36.2619 33.537 36.2515 33.5266 39.0104 36.2483 38.9811 36.2191 36.2441 33.5337 36.2317 33.5213 33.5405 30.8163 33.5404 30.8163 30.8173 28.0853 30.8187 28.0867 33.5384 30.818 33.5385 30.8181 30.8177 28.0874 30.8219 28.0916 28.0857 25.3339 28.0875 25.3358 25.3339 22.5607 25.3356 22.5624 28.0873 25.3358 28.0927 25.3412 25.3359 22.5621 25.3408 22.567 33.5346 30.8215 33.5352 30.8221 30.82 28.0929 30.8268 28.0997 33.5299 30.8267 33.5313 30.8281 30.8244 28.1015 30.8331 28.1102 28.0925 25.3412 28.1009 25.3496 25.3414 22.5664 25.3488 22.5739 28.1007 25.3495 28.111 25.3599 25.3497 22.573 25.3586 22.5819 44.8156 41.8276 44.7708 41.7828 41.8286 38.9759 41.7828 38.9301 44.7771 41.7782 44.7349 41.736 41.7804 38.9346 41.7351 38.8893 38.9729 36.2278 38.9409 36.1958 36.223 33.5298 36.2097 33.5165 38.9326 36.2052 38.8996 36.1722 36.2008 33.5255 36.1858 33.5105 44.7431 41.7302 44.7082 41.6952 41.7347 38.8926 41.6908 38.8487 44.7229 41.6852 44.6889 41.6512 41.6956 38.8489 41.6445 38.7979 38.8929 36.1809 38.8567 36.1447 36.1777 33.519 36.1575 33.4988 38.8518 36.1524 38.8055 36.1061 36.1484 33.5079 36.1198 33.4793 33.5253 30.8334 33.527 30.835 30.8306 28.112 30.8397 28.1211 33.521 30.8404 33.5205 30.8399 30.8374 28.1228 30.8442 28.1297 28.111 25.3596 28.1215 25.37 25.3597 22.5808 25.3684 22.5896 28.1215 25.3696 28.1299 25.3779 25.3695 22.5885 25.3765 22.5956 33.5147 30.845 33.509 30.8393 30.8416 28.1313 30.8443 28.134 33.5011 30.8455 33.4905 30.835 30.8397 28.1367 30.8405 28.1374 28.1295 25.3777 28.135 25.3832 25.3771 22.5947 25.3824 22.6 28.1334 25.3835 28.1385 25.3886 25.3823 22.5994 25.3878 22.6049 22.5605 19.7688 22.5618 19.7701 19.7686 16.9629 19.7695 16.9638 22.5622 19.7698 22.566 19.7736 19.7699 16.9635 19.7726 16.9663 16.9627 14.1469 16.9634 14.1476 14.1467 11.3238 14.1472 11.3243 16.9636 14.1473 16.9656 14.1493 14.1474 11.3241 14.1487 11.3254 22.5668 19.7729 22.5725 19.7786 19.7733 16.9658 19.7774 16.9698 22.5735 19.7777 22.5802 19.7844 19.7783 16.9691 19.7829 16.9738 16.9661 14.1489 16.9689 14.1517 14.1491 11.3251 14.151 11.327 16.9696 14.1512 16.9728 14.1544 14.1515 11.3266 14.1537 11.3287 11.3237 8.49592 11.324 8.49619 8.49583 5.66513 8.49592 5.66522 11.3242 8.49602 11.3249 8.4968 8.49611 5.66506 8.49634 5.6653 5.6651 2.83291 5.66506 2.83287 2.833 -0.000782212 2.83302 -0.00076336 5.66515 2.83283 5.66497 2.83266 2.83286 -0.000594269 2.83286 -0.000592622 11.3253 8.49647 11.3264 8.49759 8.49671 5.66499 8.49699 5.66527 11.3269 8.49715 11.3281 8.4984 8.49749 5.66481 8.49772 5.66504 5.66517 2.83256 5.66474 2.83214 2.83254 -0.000246594 2.83237 -0.000413781 5.66508 2.83193 5.66427 2.83113 2.83187 0.000120333 2.83133 -0.00042186 22.5814 19.7833 22.5878 19.7897 19.7839 16.973 19.7883 16.9774 22.5889 19.7887 22.5941 19.7939 19.7891 16.9767 19.7928 16.9804 16.9735 14.1539 16.9765 14.1569 14.1542 11.3283 14.1563 11.3304 16.9771 14.1564 16.9797 14.1591 14.1567 11.33 14.1586 11.3319 22.5947 19.7931 22.5989 19.7973 19.7933 16.9798 19.7965 16.983 22.5993 19.7966 22.6039 19.8011 19.7969 16.9824 19.8004 16.986 16.9801 14.1587 16.9825 14.1611 14.1589 11.3315 14.1608 11.3334 16.9828 14.1607 16.9855 14.1635 14.161 11.3331 14.1632 11.3353 11.3286 8.49791 11.3298 8.49913 8.4983 5.66447 8.49847 5.66463 11.3303 8.49867 11.3315 8.49985 8.49903 5.66401 8.49927 5.66425 5.66481 2.83072 5.66361 2.82952 2.83064 0.000313732 2.82952 -0.000800856 5.66446 2.82878 5.66311 2.82743 2.82865 0.00014877 2.8268 -0.00170522 11.3318 8.49947 11.3331 8.50079 8.49976 5.66365 8.50035 5.66425 11.3333 8.50045 11.3352 8.50227 8.50076 5.66375 8.502 5.66499 5.66413 2.82641 5.66338 2.82566 2.8259 -0.000564449 2.82284 -0.003626 5.6641 2.82496 5.66442 2.82528 2.82615 -0.00486136 2.81786 -0.0131503 0 0 0 0 0 0 0 0 0 0 0 0 0 0 0 0 0 0 0 0 0 0 0 0 0 0 0 0 0 0 0 0 0 0 0 0 0 0 0 0 0 0 0 0 0 0 0 0 0 0 0 0 0 0 0 0 0 0 0 0 0 0 0 0 0 0 0 0 0 0 0 0 0 0 0 0 0 0 0 0 0 0 0 0 0 0 0 0 0 0 0 0 0 0 0 0 0 0 0 0 0 0 0 0 0 0 0 0 0 0 0 0 0 0 0 0 0 0 0 0 0 0 0 0 0 0 0 0 0 0 0 0 0 0 0 0 0 0 0 0 0 0 0 0 0 0 0 0 0 0 0 0 0 0 0 0 0 0 0 0 0 0 0 0 0 0 0 0 0 0 0 0 0 0 0 0 0 0 0 0 0 0 0 0 0 0 0 0 0 0 0 0 0 0 0 0 0 0 0 0 0 0 0 0 0 0 0 0 0 0 0 0 0 0 0 0 0 0 0 0 0 0 0 0 0 0 0 0 0 0 0 0 0 0 0 0 0 0 0 0 0 0 0 0 0 0 0 0 0 0 0 0 0 0 0 0 0 0 0 0 0 0 0 0 0 0 0 0 0 0 0 0 0 0 0 0 0 0 0 0 0 0 0 0 0 0 0 0 0 0 0 0 0 0 0 0 0 0 0 0 0 0 0 0 0 0 0 0 0 0 0 0 0 0 0 0 0 0 0 0 0 0 0 0 0 0 0 0 0 0 0 0 0 0 0 0 0 0 0 0 0 0 0 0 0 0 0 0 0 0 0 0 0 0 0 0 0 0 0 0 0 0 0 0 0 0 0 0 0 0 0 0 0 0 0 0 0 0 0 0 0 0 0 0 0 0 0 0 0 0 0 0 0 0 0 0 0 0 0 0 0 0 0 0 0 0 0 0 0 0 0 0 0 0 0 0 0 0 0 0 0 0 0 0 0 0 0 0 0 0 0 0 0 0 0 0 0 0 0 0 0 0 0 0 0 0 0 0 0 0 0 0 0 0 0 0 0 0 0 0 0 0 0 0 0 0 0 0 0 0 0 0 0 0 0 0 0 0 0 0 0 0 0 0 0 0 0 0 0 0 0 0 0 0 0 0 0 0 0 0 0 0 0 0 0 0 0 0 0 0 0 0 0 0 0 0 0 0 0 0 0 0 0 0 0 0 0 0 0 0 0 0 0 0 0 0 0 0 0 0 0 0 0 0 0 0 0 0 0 0 0 0 0 0 0 0 0 0 0 0 0 0 0 0 0 0 0 0 0 0 0 0 0 0 0 0 0 0 0 0 0 0 0 0 0 0 0 0 0 0 0 0 0 0 0 0 0 0 0 0 0 0 0 0 0 0 0 0 0 0 0 0 0 0 0 0 0 0 0 0 0 0 0 0 0 0 0 0 0 0 0 0 0 0 0 0 0 0 0 0 0 0 0 0 0 0 0 0 0 0 0 0 0 0 0 0 0 0 0 0 0 0 0 0 0 0 0 0 0 0 0 0 0 0 0 0 0 0 0 0 0 0 0 0 0 0 0 0 0 0 0 0 0 0 0 0 0 0 0 0 0 0 0 0 0 0 0 0 0 0 0 0 0 0 0 0 0 0 0 0 0 0 0 0 0 0 0 0 0 0 0 0 0 0 0 0 0 0 0 0 0 0 0 0 0 0 0 0 0 0 0 0 0 0 0 0 0 0 0 0 0 0 0 0 0 0 0 0 0 0 0 0 0 0 0 0 0 0 0 0 0 0 0 0 0 0 0 0 0 0 0 0 0 0 0 0 0 0 0 0 0 0 0 0 0 0 0 0 0 0 0 0 0 0 0 0 0 0 0 0 0 0 0 0 0 0 0 0 0 0 0 0 0 0 0 0 0 0 0 0 0 0 0 0 0 0 0 0 0 0 0 0 0 0 0 0 0 0 0 0 0 0 0 0 0 0 0 0 0 0 0 0 0 0 0 0 0 0 0 0 0 0 0 0 0 0 0 0 0 0 0 0 0 0 0 0 0 0 0 0 0 0 0 0 0 0 0 0 0 0 0 0 0 0 0 0 0 0 0 0 0 0 0 0 0 0 0 0 0 0 0 0 0 0 0 0 0 0 0 0 0 0 0 0 0 0 0 0 0 0 0 0 0 0 0 0 0 0 0 0 0 0 0 0 0 0 0 0 0 0 0 0 0 0 0 0 0 0 0 0 0 0 0 0 0 0 0 0 0 0 0 0 0 0 0 0 0 0 0 0 0 0 0 0 0 0 0 0 0 0 0 0 0 0 0 0 0 0 0 0 0 0 0 0 
SCALARS wx_dis double 1
LOOKUP_TABLE default
0.00170582 0.00166347 0.00171276 0.00166957 0.00166347 0.00154617 0.00166957 0.00155037 0.00171276 0.00166957 0.00173389 0.00168807 0.00166957 0.00155037 0.00168807 0.00156292 0.00154617 0.00137607 0.00155037 0.00137857 0.00137607 0.00117349 0.00137857 0.00117524 0.00155037 0.00137857 0.00156292 0.00138592 0.00137857 0.00117524 0.00138592 0.00118035 0.00173389 0.00168807 0.0017701 0.00171952 0.00168807 0.00156292 0.00171952 0.00158367 0.0017701 0.00171952 0.00182302 0.001765 0.00171952 0.00158367 0.001765 0.00161226 0.00156292 0.00138592 0.00158367 0.00139758 0.00138592 0.00118035 0.00139758 0.00118835 0.00158367 0.00139758 0.00161226 0.00141263 0.00139758 0.00118835 0.00141263 0.00119845 0.00117349 0.000947866 0.00117524 0.000949787 0.000947866 0.000697601 0.000949787 0.000700205 0.00117524 0.000949787 0.00118035 0.000955465 0.000949787 0.000700205 0.000955465 0.000708021 0.000697601 0.00041483 0.000700205 0.000418073 0.00041483 9.24293e-05 0.000418073 9.55516e-05 0.000700205 0.000418073 0.000708021 0.00042792 0.000418073 9.55516e-05 0.00042792 0.000105177 0.00118035 0.000955465 0.00118835 0.000964644 0.000955465 0.000708021 0.000964644 0.000721059 0.00118835 0.000964644 0.00119845 0.000976889 0.000964644 0.000721059 0.000976889 0.000739321 0.000708021 0.00042792 0.000721059 0.000444725 0.00042792 0.000105177 0.000444725 0.000122082 0.000721059 0.000444725 0.000739321 0.000469056 0.000444725 0.000122082 0.000469056 0.000147565 0.00182302 0.001765 0.001895 0.00182629 0.001765 0.00161226 0.00182629 0.00164792 0.001895 0.00182629 0.00198842 0.00190663 0.00182629 0.00164792 0.00190663 0.00168907 0.00161226 0.00141263 0.00164792 0.00142961 0.00141263 0.00119845 0.00142961 0.00120949 0.00164792 0.00142961 0.00168907 0.00144635 0.00142961 0.00120949 0.00144635 0.00121994 0.00198842 0.00190663 0.00209823 0.00201206 0.00190663 0.00168907 0.00201206 0.00173276 0.00209823 0.00201206 0.00213991 0.00213699 0.00201206 0.00173276 0.00213699 0.00177456 0.00168907 0.00144635 0.00173276 0.00145982 0.00144635 0.00121994 0.00145982 0.00122787 0.00173276 0.00145982 0.00177456 0.00146597 0.00145982 0.00122787 0.00146597 0.00123091 0.00119845 0.000976889 0.00120949 0.000991576 0.000976889 0.000739321 0.000991576 0.00076278 0.00120949 0.000991576 0.00121994 0.00100788 0.000991576 0.00076278 0.00100788 0.00079135 0.000739321 0.000469056 0.00076278 0.000501672 0.000469056 0.000147565 0.000501672 0.000183442 0.00076278 0.000501672 0.00079135 0.000543473 0.000501672 0.000183442 0.000543473 0.000232033 0.00121994 0.00100788 0.00122787 0.00102479 0.00100788 0.00079135 0.00102479 0.000824847 0.00122787 0.00102479 0.00123091 0.00104108 0.00102479 0.000824847 0.00104108 0.000862947 0.00079135 0.000543473 0.000824847 0.000595426 0.000543473 0.000232033 0.000595426 0.000296121 0.000824847 0.000595426 0.000862947 0.000658512 0.000595426 0.000296121 0.000658512 0.000378994 9.24293e-05 -0.000267051 9.55516e-05 -0.000265657 -0.000267051 -0.000641101 -0.000265657 -0.000643756 9.55516e-05 -0.000265657 0.000105177 -0.000261093 -0.000265657 -0.000643756 -0.000261093 -0.00065133 -0.000641101 -0.000979102 -0.000643756 -0.000988094 -0.000979102 -0.00120359 -0.000988094 -0.00121974 -0.000643756 -0.000988094 -0.00065133 -0.00101491 -0.000988094 -0.00121974 -0.00101491 -0.00126854 0.000105177 -0.000261093 0.000122082 -0.000252195 -0.000261093 -0.00065133 -0.000252195 -0.000662614 0.000122082 -0.000252195 0.000147565 -0.000236962 -0.000252195 -0.000662614 -0.000236962 -0.000675459 -0.00065133 -0.00101491 -0.000662614 -0.00105903 -0.00101491 -0.00126854 -0.00105903 -0.00135098 -0.000662614 -0.00105903 -0.000675459 -0.00111943 -0.00105903 -0.00135098 -0.00111943 -0.00146868 -0.00120359 -0.0012288 -0.00121974 -0.00124993 -0.0012288 -0.000996698 -0.00124993 -0.00101729 -0.00121974 -0.00124993 -0.00126854 -0.00131423 -0.00124993 -0.00101729 -0.00131423 -0.00108023 -0.000996698 -0.000515924 -0.00101729 -0.000528995 -0.000515924 0.000122101 -0.000528995 0.000121446 -0.00101729 -0.000528995 -0.00108023 -0.000569041 -0.000528995 0.000121446 -0.000569041 0.000119489 -0.00126854 -0.00131423 -0.00135098 -0.0014245 -0.00131423 -0.00108023 -0.0014245 -0.00118916 -0.00135098 -0.0014245 -0.00146868 -0.00158555 -0.0014245 -0.00118916 -0.00158555 -0.00135051 -0.00108023 -0.000569041 -0.00118916 -0.000638653 -0.000569041 0.000119489 -0.000638653 0.00011626 -0.00118916 -0.000638653 -0.00135051 -0.000742453 -0.000638653 0.00011626 -0.000742453 0.000111809 0.000147565 -0.000236962 0.000183442 -0.000212474 -0.000236962 -0.000675459 -0.000212474 -0.000686565 0.000183442 -0.000212474 0.000232033 -0.000174782 -0.000212474 -0.000686565 -0.000174782 -0.000691176 -0.000675459 -0.00111943 -0.000686565 -0.00119429 -0.00111943 -0.00146868 -0.00119429 -0.00162377 -0.000686565 -0.00119429 -0.000691176 -0.0012806 -0.00119429 -0.00162377 -0.0012806 -0.00181864 0.000232033 -0.000174782 0.000296121 -0.000118777 -0.000174782 -0.000691176 -0.000118777 -0.000682635 0.000296121 -0.000118777 0.000378994 -3.78204e-05 -0.000118777 -0.000682635 -3.78204e-05 -0.000651487 -0.000691176 -0.0012806 -0.000682635 -0.00137351 -0.0012806 -0.00181864 -0.00137351 -0.00205563 -0.000682635 -0.00137351 -0.000651487 -0.00146507 -0.00137351 -0.00205563 -0.00146507 -0.00233654 -0.00146868 -0.00158555 -0.00162377 -0.0018045 -0.00158555 -0.00135051 -0.0018045 -0.00157405 -0.00162377 -0.0018045 -0.00181864 -0.00209113 -0.0018045 -0.00157405 -0.00209113 -0.00187388 -0.00135051 -0.000742453 -0.00157405 -0.0008876 -0.000742453 0.000111809 -0.0008876 0.000106208 -0.00157405 -0.0008876 -0.00187388 -0.0010846 -0.0008876 0.000106208 -0.0010846 9.95545e-05 -0.00181864 -0.00209113 -0.00205563 -0.00245846 -0.00209113 -0.00187388 -0.00245846 -0.00226982 -0.00205563 -0.00245846 -0.00233654 -0.00292428 -0.00245846 -0.00226982 -0.00292428 -0.00279091 -0.00187388 -0.0010846 -0.00226982 -0.00134864 -0.0010846 9.95545e-05 -0.00134864 9.19744e-05 -0.00226982 -0.00134864 -0.00279091 -0.0017026 -0.00134864 9.19744e-05 -0.0017026 8.36244e-05 0.000122101 0.000768393 0.000121446 0.000780094 0.000768393 0.00127469 0.000780094 0.00129375 0.000121446 0.000780094 0.000119489 0.000816046 0.000780094 0.00129375 0.000816046 0.00135209 0.00127469 0.00155164 0.00129375 0.00157098 0.00155164 0.00159361 0.00157098 0.00160769 0.00129375 0.00157098 0.00135209 0.00162994 0.00157098 0.00160769 0.00162994 0.00165025 0.000119489 0.000816046 0.00011626 0.000878894 0.000816046 0.00135209 0.000878894 0.0014534 0.00011626 0.000878894 0.000111809 0.00097335 0.000878894 0.0014534 0.00097335 0.00160417 0.00135209 0.00162994 0.0014534 0.00173133 0.00162994 0.00165025 0.00173133 0.00172233 0.0014534 0.00173133 0.00160417 0.00187999 0.00173133 0.00172233 0.00187999 0.00182554 0.00159361 0.00146226 0.00160769 0.00146887 0.00146226 0.00124715 0.00146887 0.00124714 0.00160769 0.00146887 0.00165025 0.00148854 0.00146887 0.00124714 0.00148854 0.00124668 0.00124715 0.00102934 0.00124714 0.00102504 0.00102934 0.000862372 0.00102504 0.000856207 0.00124714 0.00102504 0.00124668 0.00101172 0.00102504 0.000856207 0.00101172 0.000837422 0.00165025 0.00148854 0.00172233 0.00152074 0.00148854 0.00124668 0.00152074 0.00124457 0.00172233 0.00152074 0.00182554 0.00156444 0.00152074 0.00124457 0.00156444 0.00123859 0.00124668 0.00101172 0.00124457 0.000988185 0.00101172 0.000837422 0.000988185 0.00080515 0.00124457 0.000988185 0.00123859 0.000952343 0.000988185 0.00080515 0.000952343 0.000757947 0.000111809 0.00097335 0.000106208 0.0011067 0.00097335 0.00160417 0.0011067 0.00181426 0.000106208 0.0011067 9.95545e-05 0.00128963 0.0011067 0.00181426 0.00128963 0.00209789 0.00160417 0.00187999 0.00181426 0.00208311 0.00187999 0.00182554 0.00208311 0.00196201 0.00181426 0.00208311 0.00209789 0.00235052 0.00208311 0.00196201 0.00235052 0.00213418 9.95545e-05 0.00128963 9.19744e-05 0.00153753 0.00128963 0.00209789 0.00153753 0.00247504 9.19744e-05 0.00153753 8.36244e-05 0.00187357 0.00153753 0.00247504 0.00187357 0.00297491 0.00209789 0.00235052 0.00247504 0.00269529 0.00235052 0.00213418 0.00269529 0.00234438 0.00247504 0.00269529 0.00297491 0.00313532 0.00269529 0.00234438 0.00313532 0.00259443 0.00182554 0.00156444 0.00196201 0.00161779 0.00156444 0.00123859 0.00161779 0.00122542 0.00196201 0.00161779 0.00213418 0.00167779 0.00161779 0.00122542 0.00167779 0.00120022 0.00123859 0.000952343 0.00122542 0.000901171 0.000952343 0.000757947 0.000901171 0.000693798 0.00122542 0.000901171 0.00120022 0.000830596 0.000901171 0.000693798 0.000830596 0.000610145 0.00213418 0.00167779 0.00234438 0.00173954 0.00167779 0.00120022 0.00173954 0.0011563 0.00234438 0.00173954 0.00259443 0.00179511 0.00173954 0.0011563 0.00179511 0.00108412 0.00120022 0.000830596 0.0011563 0.000735369 0.000830596 0.000610145 0.000735369 0.000503938 0.0011563 0.000735369 0.00108412 0.000608709 0.000735369 0.000503938 0.000608709 0.000371607 0.000862372 0.000770281 0.000856207 0.000764061 0.000770281 0.000754631 0.000764061 0.000749453 0.000856207 0.000764061 0.000837422 0.000745228 0.000764061 0.000749453 0.000745228 0.00073383 0.000754631 0.000802995 0.000749453 0.000799456 0.000802995 0.000895228 0.000799456 0.000893641 0.000749453 0.000799456 0.00073383 0.000788789 0.000799456 0.000893641 0.000788789 0.000888858 0.000837422 0.000745228 0.00080515 0.000713275 0.000745228 0.00073383 0.000713275 0.000707492 0.00080515 0.000713275 0.000757947 0.000667375 0.000713275 0.000707492 0.000667375 0.000670013 0.00073383 0.000788789 0.000707492 0.000770852 0.000788789 0.000888858 0.000770852 0.000880808 0.000707492 0.000770852 0.000670013 0.000745415 0.000770852 0.000880808 0.000745415 0.000869366 0.000895228 0.00100712 0.000893641 0.00100763 0.00100712 0.00111284 0.00100763 0.00111532 0.000893641 0.00100763 0.000888858 0.00100915 0.00100763 0.00111532 0.00100915 0.00112287 0.00111284 0.00118812 0.00111532 0.00119205 0.00118812 0.00121534 0.00119205 0.0012198 0.00111532 0.00119205 0.00112287 0.00120401 0.00119205 0.0012198 0.00120401 0.00123334 0.000888858 0.00100915 0.000880808 0.00101173 0.00100915 0.00112287 0.00101173 0.00113572 0.000880808 0.00101173 0.000869366 0.0010154 0.00101173 0.00113572 0.0010154 0.0011543 0.00112287 0.00120401 0.00113572 0.00122448 0.00120401 0.00123334 0.00122448 0.00125648 0.00113572 0.00122448 0.0011543 0.00125431 0.00122448 0.00125648 0.00125431 0.00129003 0.000757947 0.000667375 0.000693798 0.000606427 0.000667375 0.000670013 0.000606427 0.000620845 0.000693798 0.000606427 0.000610145 0.000529111 0.000606427 0.000620845 0.000529111 0.000559364 0.000670013 0.000745415 0.000620845 0.000712181 0.000745415 0.000869366 0.000712181 0.000854348 0.000620845 0.000712181 0.000559364 0.000670802 0.000712181 0.000854348 0.000670802 0.000835495 0.000610145 0.000529111 0.000503938 0.000433987 0.000529111 0.000559364 0.000433987 0.000484937 0.000503938 0.000433987 0.000371607 0.000319563 0.000433987 0.000484937 0.000319563 0.000396998 0.000559364 0.000670802 0.000484937 0.000620912 0.000670802 0.000835495 0.000620912 0.000812469 0.000484937 0.000620912 0.000396998 0.000562156 0.000620912 0.000812469 0.000562156 0.000784834 0.000869366 0.0010154 0.000854348 0.00102017 0.0010154 0.0011543 0.00102017 0.00117913 0.000854348 0.00102017 0.000835495 0.00102592 0.00102017 0.00117913 0.00102592 0.00121077 0.0011543 0.00125431 0.00117913 0.00129487 0.00125431 0.00129003 0.00129487 0.00133502 0.00117913 0.00129487 0.00121077 0.00134856 0.00129487 0.00133502 0.00134856 0.00139192 0.000835495 0.00102592 0.000812469 0.0010324 0.00102592 0.00121077 0.0010324 0.00124963 0.000812469 0.0010324 0.000784834 0.00103913 0.0010324 0.00124963 0.00103913 0.00129593 0.00121077 0.00134856 0.00124963 0.00141975 0.00134856 0.00139192 0.00141975 0.00145562 0.00124963 0.00141975 0.00129593 0.0015073 0.00141975 0.00145562 0.0015073 0.00147167 0.00213991 0.00213699 -0.00736389 0.00196884 0.00213699 0.00177456 0.00196884 0.00146006 -0.00736389 0.00196884 -0.0038538 -0.000755472 0.00196884 0.00146006 -0.000755472 0.000618298 0.00177456 0.00146597 0.00146006 0.00122735 0.00146597 0.00123091 0.00122735 0.00108013 0.00146006 0.00122735 0.000618298 0.000914726 0.00122735 0.00108013 0.000914726 0.000921035 -0.0038538 -0.000755472 -0.00202588 -0.00120661 -0.000755472 0.000618298 -0.00120661 0.000228033 -0.00202588 -0.00120661 -0.00127157 -0.00102473 -0.00120661 0.000228033 -0.00102473 2.45119e-05 0.000618298 0.000914726 0.000228033 0.000682016 0.000914726 0.000921035 0.000682016 0.000780677 0.000228033 0.000682016 2.45119e-05 0.00050651 0.000682016 0.000780677 0.00050651 0.000662624 0.00123091 0.00104108 0.00108013 0.000935011 0.00104108 0.000862947 0.000935011 0.000770329 0.00108013 0.000935011 0.000921035 0.000830857 0.000935011 0.000770329 0.000830857 0.00068436 0.000862947 0.000658512 0.000770329 0.000562194 0.000658512 0.000378994 0.000562194 0.000275812 0.000770329 0.000562194 0.00068436 0.000478297 0.000562194 0.000275812 0.000478297 0.0001922 0.000921035 0.000830857 0.000780677 0.00073578 0.000830857 0.00068436 0.00073578 0.000607747 0.000780677 0.00073578 0.000662624 0.000653577 0.00073578 0.000607747 0.000653577 0.000542518 0.00068436 0.000478297 0.000607747 0.000407122 0.000478297 0.0001922 0.000407122 0.000125631 0.000607747 0.000407122 0.000542518 0.000348835 0.000407122 0.000125631 0.000348835 7.40128e-05 -0.00127157 -0.00102473 -0.000929706 -0.000800735 -0.00102473 2.45119e-05 -0.000800735 -7.49577e-05 -0.000929706 -0.000800735 -0.000754103 -0.000646272 -0.000800735 -7.49577e-05 -0.000646272 -0.0001179 2.45119e-05 0.00050651 -7.49577e-05 0.000381866 0.00050651 0.000662624 0.000381866 0.000569831 -7.49577e-05 0.000381866 -0.0001179 0.000300466 0.000381866 0.000569831 0.000300466 0.000503594 -0.000754103 -0.000646272 -0.000665096 -0.000561678 -0.000646272 -0.0001179 -0.000561678 -0.000133853 -0.000665096 -0.000561678 -0.00063741 -0.000535063 -0.000561678 -0.000133853 -0.000535063 -0.000137709 -0.0001179 0.000300466 -0.000133853 0.000255014 0.000300466 0.000503594 0.000255014 0.000464054 -0.000133853 0.000255014 -0.000137709 0.000240458 0.000255014 0.000464054 0.000240458 0.000450927 0.000662624 0.000653577 0.000569831 0.000587131 0.000653577 0.000542518 0.000587131 0.000490257 0.000569831 0.000587131 0.000503594 0.000538469 0.000587131 0.000490257 0.000538469 0.000452143 0.000542518 0.000348835 0.000490257 0.000303502 0.000348835 7.40128e-05 0.000303502 3.56266e-05 0.000490257 0.000303502 0.000452143 0.000271135 0.000303502 3.56266e-05 0.000271135 9.14329e-06 0.000503594 0.000538469 0.000464054 0.000508842 0.000538469 0.000452143 0.000508842 0.000428973 0.000464054 0.000508842 0.000450927 0.0004989 0.000508842 0.000428973 0.0004989 0.0004212 0.000452143 0.000271135 0.000428973 0.000251725 0.000271135 9.14329e-06 0.000251725 -6.37547e-06 0.000428973 0.000251725 0.0004212 0.000245256 0.000251725 -6.37547e-06 0.000245256 -1.14869e-05 0.000378994 -3.78204e-05 0.000275812 -0.00013121 -3.78204e-05 -0.000651487 -0.00013121 -0.000690261 0.000275812 -0.00013121 0.0001922 -0.000199168 -0.00013121 -0.000690261 -0.000199168 -0.000706134 -0.000651487 -0.00146507 -0.000690261 -0.0013782 -0.00146507 -0.00233654 -0.0013782 -0.00205856 -0.000690261 -0.0013782 -0.000706134 -0.00128982 -0.0013782 -0.00205856 -0.00128982 -0.00182438 0.0001922 -0.000199168 0.000125631 -0.000247873 -0.000199168 -0.000706134 -0.000247873 -0.000708281 0.000125631 -0.000247873 7.40128e-05 -0.00028201 -0.000247873 -0.000708281 -0.00028201 -0.000703096 -0.000706134 -0.00128982 -0.000708281 -0.00120766 -0.00128982 -0.00182438 -0.00120766 -0.00163209 -0.000708281 -0.00120766 -0.000703096 -0.00113645 -0.00120766 -0.00163209 -0.00113645 -0.00147928 -0.00233654 -0.00292428 -0.00205856 -0.00246033 -0.00292428 -0.00279091 -0.00246033 -0.00227109 -0.00205856 -0.00246033 -0.00182438 -0.0020948 -0.00246033 -0.00227109 -0.0020948 -0.00187638 -0.00279091 -0.0017026 -0.00227109 -0.00134964 -0.0017026 8.36244e-05 -0.00134964 9.10206e-05 -0.00227109 -0.00134964 -0.00187638 -0.00108655 -0.00134964 9.10206e-05 -0.00108655 9.76834e-05 -0.00182438 -0.0020948 -0.00163209 -0.00180982 -0.0020948 -0.00187638 -0.00180982 -0.00157768 -0.00163209 -0.00180982 -0.00147928 -0.00159232 -0.00180982 -0.00157768 -0.00159232 -0.00135512 -0.00187638 -0.00108655 -0.00157768 -0.000890425 -0.00108655 9.76834e-05 -0.000890425 0.000103492 -0.00157768 -0.000890425 -0.00135512 -0.000746049 -0.000890425 0.000103492 -0.000746049 0.000108352 7.40128e-05 -0.00028201 3.56266e-05 -0.000305159 -0.00028201 -0.000703096 -0.000305159 -0.00069511 3.56266e-05 -0.000305159 9.14329e-06 -0.000319936 -0.000305159 -0.00069511 -0.000319936 -0.000687436 -0.000703096 -0.00113645 -0.00069511 -0.00107905 -0.00113645 -0.00147928 -0.00107905 -0.00136344 -0.00069511 -0.00107905 -0.000687436 -0.00103715 -0.00107905 -0.00136344 -0.00103715 -0.00128238 9.14329e-06 -0.000319936 -6.37547e-06 -0.000328119 -0.000319936 -0.000687436 -0.000328119 -0.000682085 -6.37547e-06 -0.000328119 -1.14869e-05 -0.000330735 -0.000328119 -0.000682085 -0.000330735 -0.000680181 -0.000687436 -0.00103715 -0.000682085 -0.00101171 -0.00103715 -0.00128238 -0.00101171 -0.00123444 -0.000682085 -0.00101171 -0.000680181 -0.00100318 -0.00101171 -0.00123444 -0.00100318 -0.00121858 -0.00147928 -0.00159232 -0.00136344 -0.00143247 -0.00159232 -0.00135512 -0.00143247 -0.00119459 -0.00136344 -0.00143247 -0.00128238 -0.00132309 -0.00143247 -0.00119459 -0.00132309 -0.00108626 -0.00135512 -0.000746049 -0.00119459 -0.00064288 -0.000746049 0.000108352 -0.00064288 0.000112195 -0.00119459 -0.00064288 -0.00108626 -0.000573738 -0.00064288 0.000112195 -0.000573738 0.000114972 -0.00128238 -0.00132309 -0.00123444 -0.00125933 -0.00132309 -0.00108626 -0.00125933 -0.00102369 -0.00123444 -0.00125933 -0.00121858 -0.00123838 -0.00125933 -0.00102369 -0.00123838 -0.00100323 -0.00108626 -0.000573738 -0.00102369 -0.000533981 -0.000573738 0.000114972 -0.000533981 0.00011665 -0.00102369 -0.000533981 -0.00100323 -0.000521009 -0.000533981 0.00011665 -0.000521009 0.000117212 8.36244e-05 0.00187357 9.10206e-05 0.00153638 0.00187357 0.00297491 0.00153638 0.00247341 9.10206e-05 0.00153638 9.76834e-05 0.00128737 0.00153638 0.00247341 0.00128737 0.0020947 0.00297491 0.00313532 0.00247341 0.00269279 0.00313532 0.00259443 0.00269279 0.00234037 0.00247341 0.00269279 0.0020947 0.0023456 0.00269279 0.00234037 0.0023456 0.00212632 9.76834e-05 0.00128737 0.000103492 0.00110343 0.00128737 0.0020947 0.00110343 0.00180962 0.000103492 0.00110343 0.000108352 0.000969181 0.00110343 0.00180962 0.000969181 0.00159826 0.0020947 0.0023456 0.00180962 0.00207596 0.0023456 0.00212632 0.00207596 0.0019506 0.00180962 0.00207596 0.00159826 0.0018709 0.00207596 0.0019506 0.0018709 0.00181102 0.00259443 0.00179511 0.00234037 0.00173306 0.00179511 0.00108412 0.00173306 0.00114573 0.00234037 0.00173306 0.00212632 0.00166507 0.00173306 0.00114573 0.00166507 0.00117951 0.00108412 0.000608709 0.00114573 0.000718129 0.000608709 0.000371607 0.000718129 0.000475771 0.00114573 0.000718129 0.00117951 0.000796782 0.000718129 0.000475771 0.000796782 0.000554899 0.00212632 0.00166507 0.0019506 0.00159932 0.00166507 0.00117951 0.00159932 0.00119534 0.0019506 0.00159932 0.00181102 0.00154093 0.00159932 0.00119534 0.00154093 0.00120031 0.00117951 0.000796782 0.00119534 0.000852085 0.000796782 0.000554899 0.000852085 0.00061361 0.00119534 0.000852085 0.00120031 0.000889874 0.000852085 0.00061361 0.000889874 0.000655916 0.000108352 0.000969181 0.000112195 0.000873992 0.000969181 0.00159826 0.000873992 0.00144646 0.000112195 0.000873992 0.000114972 0.000810599 0.000873992 0.00144646 0.000810599 0.00134437 0.00159826 0.0018709 0.00144646 0.00172063 0.0018709 0.00181102 0.00172063 0.00170526 0.00144646 0.00172063 0.00134437 0.00161806 0.00172063 0.00170526 0.00161806 0.00163129 0.000114972 0.000810599 0.00011665 0.000774311 0.000810599 0.00134437 0.000774311 0.00128555 0.00011665 0.000774311 0.000117212 0.000762498 0.000774311 0.00128555 0.000762498 0.00126634 0.00134437 0.00161806 0.00128555 0.00155837 0.00161806 0.00163129 0.00155837 0.00158755 0.00128555 0.00155837 0.00126634 0.00153878 0.00155837 0.00158755 0.00153878 0.00157308 0.00181102 0.00154093 0.00170526 0.0014931 0.00154093 0.00120031 0.0014931 0.00119955 0.00170526 0.0014931 0.00163129 0.00145783 0.0014931 0.00119955 0.00145783 0.00119667 0.00120031 0.000889874 0.00119955 0.000914738 0.000889874 0.000655916 0.000914738 0.000685208 0.00119955 0.000914738 0.00119667 0.000930121 0.000914738 0.000685208 0.000930121 0.000704181 0.00163129 0.00145783 0.00158755 0.00143626 0.00145783 0.00119667 0.00143626 0.00119404 0.00158755 0.00143626 0.00157308 0.00142901 0.00143626 0.00119404 0.00142901 0.00119302 0.00119667 0.000930121 0.00119404 0.000938415 0.000930121 0.000704181 0.000938415 0.000714781 0.00119404 0.000938415 0.00119302 0.000941025 0.000938415 0.000714781 0.000941025 0.000718183 0.000371607 0.000319563 0.000475771 0.000387908 0.000319563 0.000396998 0.000387908 0.000409392 0.000475771 0.000387908 0.000554899 0.000438743 0.000387908 0.000409392 0.000438743 0.000411191 0.000396998 0.000562156 0.000409392 0.000496526 0.000562156 0.000784834 0.000496526 0.000606468 0.000409392 0.000496526 0.000411191 0.000426382 0.000496526 0.000606468 0.000426382 0.000425945 0.000554899 0.000438743 0.00061361 0.000475308 0.000438743 0.000411191 0.000475308 0.00040605 0.00061361 0.000475308 0.000655916 0.000500615 0.000475308 0.00040605 0.000500615 0.000397162 0.000411191 0.000426382 0.00040605 0.00035868 0.000426382 0.000425945 0.00035868 0.0002656 0.00040605 0.00035868 0.000397162 0.00029781 0.00035868 0.0002656 0.00029781 0.000130256 0.000784834 0.00103913 0.000606468 0.000692745 0.00103913 0.00129593 0.000692745 0.000722281 0.000606468 0.000692745 0.000425945 0.000311048 0.000692745 0.000722281 0.000311048 -0.000170758 0.00129593 0.0015073 0.000722281 0.000523408 0.0015073 0.00147167 0.000523408 -0.00981125 0.000722281 0.000523408 -0.000170758 -0.00190409 0.000523408 -0.00981125 -0.00190409 -0.00684723 0.000425945 0.000311048 0.0002656 9.79032e-06 0.000311048 -0.000170758 9.79032e-06 -0.000677997 0.0002656 9.79032e-06 0.000130256 -0.000224101 9.79032e-06 -0.000677997 -0.000224101 -0.000986698 -0.000170758 -0.00190409 -0.000677997 -0.00251347 -0.00190409 -0.00684723 -0.00251347 -0.00481847 -0.000677997 -0.00251347 -0.000986698 -0.00250545 -0.00251347 -0.00481847 -0.00250545 -0.00380158 0.000655916 0.000500615 0.000685208 0.00051733 0.000500615 0.000397162 0.00051733 0.000387279 0.000685208 0.00051733 0.000704181 0.000527642 0.00051733 0.000387279 0.000527642 0.000378617 0.000397162 0.00029781 0.000387279 0.000247246 0.00029781 0.000130256 0.000247246 2.35168e-05 0.000387279 0.000247246 0.000378617 0.000209523 0.000247246 2.35168e-05 0.000209523 -5.29244e-05 0.000704181 0.000527642 0.000714781 0.000533169 0.000527642 0.000378617 0.000533169 0.000372778 0.000714781 0.000533169 0.000718183 0.0005349 0.000533169 0.000372778 0.0005349 0.000370724 0.000378617 0.000209523 0.000372778 0.000186289 0.000209523 -5.29244e-05 0.000186289 -9.86779e-05 0.000372778 0.000186289 0.000370724 0.00017845 0.000186289 -9.86779e-05 0.00017845 -0.00011389 0.000130256 -0.000224101 2.35168e-05 -0.000394744 -0.000224101 -0.000986698 -0.000394744 -0.00116643 2.35168e-05 -0.000394744 -5.29244e-05 -0.000508992 -0.000394744 -0.00116643 -0.000508992 -0.00126384 -0.000986698 -0.00250545 -0.00116643 -0.00238207 -0.00250545 -0.00380158 -0.00238207 -0.00327473 -0.00116643 -0.00238207 -0.00126384 -0.00227531 -0.00238207 -0.00327473 -0.00227531 -0.00298864 -5.29244e-05 -0.000508992 -9.86779e-05 -0.000574051 -0.000508992 -0.00126384 -0.000574051 -0.00131075 -9.86779e-05 -0.000574051 -0.00011389 -0.000595115 -0.000574051 -0.00131075 -0.000595115 -0.00132459 -0.00126384 -0.00227531 -0.00131075 -0.00221041 -0.00227531 -0.00298864 -0.00221041 -0.00284266 -0.00131075 -0.00221041 -0.00132459 -0.00218902 -0.00221041 -0.00284266 -0.00218902 -0.00279749 -0.00063741 -0.000535063 -0.000665096 -0.000561678 -0.000535063 -0.000137709 -0.000561678 -0.000133853 -0.000665096 -0.000561678 -0.000754103 -0.000646272 -0.000561678 -0.000133853 -0.000646272 -0.0001179 -0.000137709 0.000240458 -0.000133853 0.000255014 0.000240458 0.000450927 0.000255014 0.000464054 -0.000133853 0.000255014 -0.0001179 0.000300466 0.000255014 0.000464054 0.000300466 0.000503594 -0.000754103 -0.000646272 -0.000929706 -0.000800735 -0.000646272 -0.0001179 -0.000800735 -7.49577e-05 -0.000929706 -0.000800735 -0.00127157 -0.00102473 -0.000800735 -7.49577e-05 -0.00102473 2.45119e-05 -0.0001179 0.000300466 -7.49577e-05 0.000381866 0.000300466 0.000503594 0.000381866 0.000569831 -7.49577e-05 0.000381866 2.45119e-05 0.00050651 0.000381866 0.000569831 0.00050651 0.000662624 0.000450927 0.0004989 0.000464054 0.000508842 0.0004989 0.0004212 0.000508842 0.000428973 0.000464054 0.000508842 0.000503594 0.000538469 0.000508842 0.000428973 0.000538469 0.000452143 0.0004212 0.000245256 0.000428973 0.000251725 0.000245256 -1.14869e-05 0.000251725 -6.37547e-06 0.000428973 0.000251725 0.000452143 0.000271135 0.000251725 -6.37547e-06 0.000271135 9.14329e-06 0.000503594 0.000538469 0.000569831 0.000587131 0.000538469 0.000452143 0.000587131 0.000490257 0.000569831 0.000587131 0.000662624 0.000653577 0.000587131 0.000490257 0.000653577 0.000542518 0.000452143 0.000271135 0.000490257 0.000303502 0.000271135 9.14329e-06 0.000303502 3.56266e-05 0.000490257 0.000303502 0.000542518 0.000348835 0.000303502 3.56266e-05 0.000348835 7.40128e-05 -0.00127157 -0.00102473 -0.00202588 -0.00120661 -0.00102473 2.45119e-05 -0.00120661 0.000228033 -0.00202588 -0.00120661 -0.0038538 -0.000755472 -0.00120661 0.000228033 -0.000755472 0.000618298 2.45119e-05 0.00050651 0.000228033 0.000682016 0.00050651 0.000662624 0.000682016 0.000780677 0.000228033 0.000682016 0.000618298 0.000914726 0.000682016 0.000780677 0.000914726 0.000921035 -0.0038538 -0.000755472 -0.00736389 0.00196884 -0.000755472 0.000618298 0.00196884 0.00146006 -0.00736389 0.00196884 0.00213991 0.00213699 0.00196884 0.00146006 0.00213699 0.00177456 0.000618298 0.000914726 0.00146006 0.00122735 0.000914726 0.000921035 0.00122735 0.00108013 0.00146006 0.00122735 0.00177456 0.00146597 0.00122735 0.00108013 0.00146597 0.00123091 0.000662624 0.000653577 0.000780677 0.00073578 0.000653577 0.000542518 0.00073578 0.000607747 0.000780677 0.00073578 0.000921035 0.000830857 0.00073578 0.000607747 0.000830857 0.00068436 0.000542518 0.000348835 0.000607747 0.000407122 0.000348835 7.40128e-05 0.000407122 0.000125631 0.000607747 0.000407122 0.00068436 0.000478297 0.000407122 0.000125631 0.000478297 0.0001922 0.000921035 0.000830857 0.00108013 0.000935011 0.000830857 0.00068436 0.000935011 0.000770329 0.00108013 0.000935011 0.00123091 0.00104108 0.000935011 0.000770329 0.00104108 0.000862947 0.00068436 0.000478297 0.000770329 0.000562194 0.000478297 0.0001922 0.000562194 0.000275812 0.000770329 0.000562194 0.000862947 0.000658512 0.000562194 0.000275812 0.000658512 0.000378994 -1.14869e-05 -0.000330735 -6.37547e-06 -0.000328119 -0.000330735 -0.000680181 -0.000328119 -0.000682085 -6.37547e-06 -0.000328119 9.14329e-06 -0.000319936 -0.000328119 -0.000682085 -0.000319936 -0.000687436 -0.000680181 -0.00100318 -0.000682085 -0.00101171 -0.00100318 -0.00121858 -0.00101171 -0.00123444 -0.000682085 -0.00101171 -0.000687436 -0.00103715 -0.00101171 -0.00123444 -0.00103715 -0.00128238 9.14329e-06 -0.000319936 3.56266e-05 -0.000305159 -0.000319936 -0.000687436 -0.000305159 -0.00069511 3.56266e-05 -0.000305159 7.40128e-05 -0.00028201 -0.000305159 -0.00069511 -0.00028201 -0.000703096 -0.000687436 -0.00103715 -0.00069511 -0.00107905 -0.00103715 -0.00128238 -0.00107905 -0.00136344 -0.00069511 -0.00107905 -0.000703096 -0.00113645 -0.00107905 -0.00136344 -0.00113645 -0.00147928 -0.00121858 -0.00123838 -0.00123444 -0.00125933 -0.00123838 -0.00100323 -0.00125933 -0.00102369 -0.00123444 -0.00125933 -0.00128238 -0.00132309 -0.00125933 -0.00102369 -0.00132309 -0.00108626 -0.00100323 -0.000521009 -0.00102369 -0.000533981 -0.000521009 0.000117212 -0.000533981 0.00011665 -0.00102369 -0.000533981 -0.00108626 -0.000573738 -0.000533981 0.00011665 -0.000573738 0.000114972 -0.00128238 -0.00132309 -0.00136344 -0.00143247 -0.00132309 -0.00108626 -0.00143247 -0.00119459 -0.00136344 -0.00143247 -0.00147928 -0.00159232 -0.00143247 -0.00119459 -0.00159232 -0.00135512 -0.00108626 -0.000573738 -0.00119459 -0.00064288 -0.000573738 0.000114972 -0.00064288 0.000112195 -0.00119459 -0.00064288 -0.00135512 -0.000746049 -0.00064288 0.000112195 -0.000746049 0.000108352 7.40128e-05 -0.00028201 0.000125631 -0.000247873 -0.00028201 -0.000703096 -0.000247873 -0.000708281 0.000125631 -0.000247873 0.0001922 -0.000199168 -0.000247873 -0.000708281 -0.000199168 -0.000706134 -0.000703096 -0.00113645 -0.000708281 -0.00120766 -0.00113645 -0.00147928 -0.00120766 -0.00163209 -0.000708281 -0.00120766 -0.000706134 -0.00128982 -0.00120766 -0.00163209 -0.00128982 -0.00182438 0.0001922 -0.000199168 0.000275812 -0.00013121 -0.000199168 -0.000706134 -0.00013121 -0.000690261 0.000275812 -0.00013121 0.000378994 -3.78204e-05 -0.00013121 -0.000690261 -3.78204e-05 -0.000651487 -0.000706134 -0.00128982 -0.000690261 -0.0013782 -0.00128982 -0.00182438 -0.0013782 -0.00205856 -0.000690261 -0.0013782 -0.000651487 -0.00146507 -0.0013782 -0.00205856 -0.00146507 -0.00233654 -0.00147928 -0.00159232 -0.00163209 -0.00180982 -0.00159232 -0.00135512 -0.00180982 -0.00157768 -0.00163209 -0.00180982 -0.00182438 -0.0020948 -0.00180982 -0.00157768 -0.0020948 -0.00187638 -0.00135512 -0.000746049 -0.00157768 -0.000890425 -0.000746049 0.000108352 -0.000890425 0.000103492 -0.00157768 -0.000890425 -0.00187638 -0.00108655 -0.000890425 0.000103492 -0.00108655 9.76834e-05 -0.00182438 -0.0020948 -0.00205856 -0.00246033 -0.0020948 -0.00187638 -0.00246033 -0.00227109 -0.00205856 -0.00246033 -0.00233654 -0.00292428 -0.00246033 -0.00227109 -0.00292428 -0.00279091 -0.00187638 -0.00108655 -0.00227109 -0.00134964 -0.00108655 9.76834e-05 -0.00134964 9.10206e-05 -0.00227109 -0.00134964 -0.00279091 -0.0017026 -0.00134964 9.10206e-05 -0.0017026 8.36244e-05 0.000117212 0.000762498 0.00011665 0.000774311 0.000762498 0.00126634 0.000774311 0.00128555 0.00011665 0.000774311 0.000114972 0.000810599 0.000774311 0.00128555 0.000810599 0.00134437 0.00126634 0.00153878 0.00128555 0.00155837 0.00153878 0.00157308 0.00155837 0.00158755 0.00128555 0.00155837 0.00134437 0.00161806 0.00155837 0.00158755 0.00161806 0.00163129 0.000114972 0.000810599 0.000112195 0.000873992 0.000810599 0.00134437 0.000873992 0.00144646 0.000112195 0.000873992 0.000108352 0.000969181 0.000873992 0.00144646 0.000969181 0.00159826 0.00134437 0.00161806 0.00144646 0.00172063 0.00161806 0.00163129 0.00172063 0.00170526 0.00144646 0.00172063 0.00159826 0.0018709 0.00172063 0.00170526 0.0018709 0.00181102 0.00157308 0.00142901 0.00158755 0.00143626 0.00142901 0.00119302 0.00143626 0.00119404 0.00158755 0.00143626 0.00163129 0.00145783 0.00143626 0.00119404 0.00145783 0.00119667 0.00119302 0.000941025 0.00119404 0.000938415 0.000941025 0.000718183 0.000938415 0.000714781 0.00119404 0.000938415 0.00119667 0.000930121 0.000938415 0.000714781 0.000930121 0.000704181 0.00163129 0.00145783 0.00170526 0.0014931 0.00145783 0.00119667 0.0014931 0.00119955 0.00170526 0.0014931 0.00181102 0.00154093 0.0014931 0.00119955 0.00154093 0.00120031 0.00119667 0.000930121 0.00119955 0.000914738 0.000930121 0.000704181 0.000914738 0.000685208 0.00119955 0.000914738 0.00120031 0.000889874 0.000914738 0.000685208 0.000889874 0.000655916 0.000108352 0.000969181 0.000103492 0.00110343 0.000969181 0.00159826 0.00110343 0.00180962 0.000103492 0.00110343 9.76834e-05 0.00128737 0.00110343 0.00180962 0.00128737 0.0020947 0.00159826 0.0018709 0.00180962 0.00207596 0.0018709 0.00181102 0.00207596 0.0019506 0.00180962 0.00207596 0.0020947 0.0023456 0.00207596 0.0019506 0.0023456 0.00212632 9.76834e-05 0.00128737 9.10206e-05 0.00153638 0.00128737 0.0020947 0.00153638 0.00247341 9.10206e-05 0.00153638 8.36244e-05 0.00187357 0.00153638 0.00247341 0.00187357 0.00297491 0.0020947 0.0023456 0.00247341 0.00269279 0.0023456 0.00212632 0.00269279 0.00234037 0.00247341 0.00269279 0.00297491 0.00313532 0.00269279 0.00234037 0.00313532 0.00259443 0.00181102 0.00154093 0.0019506 0.00159932 0.00154093 0.00120031 0.00159932 0.00119534 0.0019506 0.00159932 0.00212632 0.00166507 0.00159932 0.00119534 0.00166507 0.00117951 0.00120031 0.000889874 0.00119534 0.000852085 0.000889874 0.000655916 0.000852085 0.00061361 0.00119534 0.000852085 0.00117951 0.000796782 0.000852085 0.00061361 0.000796782 0.000554899 0.00212632 0.00166507 0.00234037 0.00173306 0.00166507 0.00117951 0.00173306 0.00114573 0.00234037 0.00173306 0.00259443 0.00179511 0.00173306 0.00114573 0.00179511 0.00108412 0.00117951 0.000796782 0.00114573 0.000718129 0.000796782 0.000554899 0.000718129 0.000475771 0.00114573 0.000718129 0.00108412 0.000608709 0.000718129 0.000475771 0.000608709 0.000371607 0.000718183 0.0005349 0.000714781 0.000533169 0.0005349 0.000370724 0.000533169 0.000372778 0.000714781 0.000533169 0.000704181 0.000527642 0.000533169 0.000372778 0.000527642 0.000378617 0.000370724 0.00017845 0.000372778 0.000186289 0.00017845 -0.00011389 0.000186289 -9.86779e-05 0.000372778 0.000186289 0.000378617 0.000209523 0.000186289 -9.86779e-05 0.000209523 -5.29244e-05 0.000704181 0.000527642 0.000685208 0.00051733 0.000527642 0.000378617 0.00051733 0.000387279 0.000685208 0.00051733 0.000655916 0.000500615 0.00051733 0.000387279 0.000500615 0.000397162 0.000378617 0.000209523 0.000387279 0.000247246 0.000209523 -5.29244e-05 0.000247246 2.35168e-05 0.000387279 0.000247246 0.000397162 0.00029781 0.000247246 2.35168e-05 0.00029781 0.000130256 -0.00011389 -0.000595115 -9.86779e-05 -0.000574051 -0.000595115 -0.00132459 -0.000574051 -0.00131075 -9.86779e-05 -0.000574051 -5.29244e-05 -0.000508992 -0.000574051 -0.00131075 -0.000508992 -0.00126384 -0.00132459 -0.00218902 -0.00131075 -0.00221041 -0.00218902 -0.00279749 -0.00221041 -0.00284266 -0.00131075 -0.00221041 -0.00126384 -0.00227531 -0.00221041 -0.00284266 -0.00227531 -0.00298864 -5.29244e-05 -0.000508992 2.35168e-05 -0.000394744 -0.000508992 -0.00126384 -0.000394744 -0.00116643 2.35168e-05 -0.000394744 0.000130256 -0.000224101 -0.000394744 -0.00116643 -0.000224101 -0.000986698 -0.00126384 -0.00227531 -0.00116643 -0.00238207 -0.00227531 -0.00298864 -0.00238207 -0.00327473 -0.00116643 -0.00238207 -0.000986698 -0.00250545 -0.00238207 -0.00327473 -0.00250545 -0.00380158 0.000655916 0.000500615 0.00061361 0.000475308 0.000500615 0.000397162 0.000475308 0.00040605 0.00061361 0.000475308 0.000554899 0.000438743 0.000475308 0.00040605 0.000438743 0.000411191 0.000397162 0.00029781 0.00040605 0.00035868 0.00029781 0.000130256 0.00035868 0.0002656 0.00040605 0.00035868 0.000411191 0.000426382 0.00035868 0.0002656 0.000426382 0.000425945 0.000554899 0.000438743 0.000475771 0.000387908 0.000438743 0.000411191 0.000387908 0.000409392 0.000475771 0.000387908 0.000371607 0.000319563 0.000387908 0.000409392 0.000319563 0.000396998 0.000411191 0.000426382 0.000409392 0.000496526 0.000426382 0.000425945 0.000496526 0.000606468 0.000409392 0.000496526 0.000396998 0.000562156 0.000496526 0.000606468 0.000562156 0.000784834 0.000130256 -0.000224101 0.0002656 9.79032e-06 -0.000224101 -0.000986698 9.79032e-06 -0.000677997 0.0002656 9.79032e-06 0.000425945 0.000311048 9.79032e-06 -0.000677997 0.000311048 -0.000170758 -0.000986698 -0.00250545 -0.000677997 -0.00251347 -0.00250545 -0.00380158 -0.00251347 -0.00481847 -0.000677997 -0.00251347 -0.000170758 -0.00190409 -0.00251347 -0.00481847 -0.00190409 -0.00684723 0.000425945 0.000311048 0.000606468 0.000692745 0.000311048 -0.000170758 0.000692745 0.000722281 0.000606468 0.000692745 0.000784834 0.00103913 0.000692745 0.000722281 0.00103913 0.00129593 -0.000170758 -0.00190409 0.000722281 0.000523408 -0.00190409 -0.00684723 0.000523408 -0.00981125 0.000722281 0.000523408 0.00129593 0.0015073 0.000523408 -0.00981125 0.0015073 0.00147167 0.00213991 0.00213699 0.00209823 0.00201206 0.00213699 0.00177456 0.00201206 0.00173276 0.00209823 0.00201206 0.00198842 0.00190663 0.00201206 0.00173276 0.00190663 0.00168907 0.00177456 0.00146597 0.00173276 0.00145982 0.00146597 0.00123091 0.00145982 0.00122787 0.00173276 0.00145982 0.00168907 0.00144635 0.00145982 0.00122787 0.00144635 0.00121994 0.00198842 0.00190663 0.001895 0.00182629 0.00190663 0.00168907 0.00182629 0.00164792 0.001895 0.00182629 0.00182302 0.001765 0.00182629 0.00164792 0.001765 0.00161226 0.00168907 0.00144635 0.00164792 0.00142961 0.00144635 0.00121994 0.00142961 0.00120949 0.00164792 0.00142961 0.00161226 0.00141263 0.00142961 0.00120949 0.00141263 0.00119845 0.00123091 0.00104108 0.00122787 0.00102479 0.00104108 0.000862947 0.00102479 0.000824847 0.00122787 0.00102479 0.00121994 0.00100788 0.00102479 0.000824847 0.00100788 0.00079135 0.000862947 0.000658512 0.000824847 0.000595426 0.000658512 0.000378994 0.000595426 0.000296121 0.000824847 0.000595426 0.00079135 0.000543473 0.000595426 0.000296121 0.000543473 0.000232033 0.00121994 0.00100788 0.00120949 0.000991575 0.00100788 0.00079135 0.000991575 0.00076278 0.00120949 0.000991575 0.00119845 0.000976889 0.000991575 0.00076278 0.000976889 0.000739321 0.00079135 0.000543473 0.00076278 0.000501672 0.000543473 0.000232033 0.000501672 0.000183442 0.00076278 0.000501672 0.000739321 0.000469056 0.000501672 0.000183442 0.000469056 0.000147565 0.00182302 0.001765 0.0017701 0.00171952 0.001765 0.00161226 0.00171952 0.00158367 0.0017701 0.00171952 0.00173389 0.00168807 0.00171952 0.00158367 0.00168807 0.00156292 0.00161226 0.00141263 0.00158367 0.00139758 0.00141263 0.00119845 0.00139758 0.00118835 0.00158367 0.00139758 0.00156292 0.00138592 0.00139758 0.00118835 0.00138592 0.00118035 0.00173389 0.00168807 0.00171276 0.00166957 0.00168807 0.00156292 0.00166957 0.00155037 0.00171276 0.00166957 0.00170582 0.00166347 0.00166957 0.00155037 0.00166347 0.00154617 0.00156292 0.00138592 0.00155037 0.00137857 0.00138592 0.00118035 0.00137857 0.00117524 0.00155037 0.00137857 0.00154617 0.00137607 0.00137857 0.00117524 0.00137607 0.00117349 0.00119845 0.000976889 0.00118835 0.000964644 0.000976889 0.000739321 0.000964644 0.000721059 0.00118835 0.000964644 0.00118035 0.000955465 0.000964644 0.000721059 0.000955465 0.000708021 0.000739321 0.000469056 0.000721059 0.000444725 0.000469056 0.000147565 0.000444725 0.000122082 0.000721059 0.000444725 0.000708021 0.00042792 0.000444725 0.000122082 0.00042792 0.000105177 0.00118035 0.000955465 0.00117524 0.000949787 0.000955465 0.000708021 0.000949787 0.000700205 0.00117524 0.000949787 0.00117349 0.000947866 0.000949787 0.000700205 0.000947866 0.000697601 0.000708021 0.00042792 0.000700205 0.000418073 0.00042792 0.000105177 0.000418073 9.55516e-05 0.000700205 0.000418073 0.000697601 0.00041483 0.000418073 9.55516e-05 0.00041483 9.24293e-05 0.000378994 -3.78204e-05 0.000296121 -0.000118777 -3.78204e-05 -0.000651487 -0.000118777 -0.000682635 0.000296121 -0.000118777 0.000232033 -0.000174782 -0.000118777 -0.000682635 -0.000174782 -0.000691176 -0.000651487 -0.00146507 -0.000682635 -0.00137351 -0.00146507 -0.00233654 -0.00137351 -0.00205563 -0.000682635 -0.00137351 -0.000691176 -0.0012806 -0.00137351 -0.00205563 -0.0012806 -0.00181864 0.000232033 -0.000174782 0.000183442 -0.000212474 -0.000174782 -0.000691176 -0.000212474 -0.000686565 0.000183442 -0.000212474 0.000147565 -0.000236962 -0.000212474 -0.000686565 -0.000236962 -0.000675459 -0.000691176 -0.0012806 -0.000686565 -0.00119429 -0.0012806 -0.00181864 -0.00119429 -0.00162377 -0.000686565 -0.00119429 -0.000675459 -0.00111943 -0.00119429 -0.00162377 -0.00111943 -0.00146868 -0.00233654 -0.00292428 -0.00205563 -0.00245846 -0.00292428 -0.00279091 -0.00245846 -0.00226982 -0.00205563 -0.00245846 -0.00181864 -0.00209113 -0.00245846 -0.00226982 -0.00209113 -0.00187388 -0.00279091 -0.0017026 -0.00226982 -0.00134864 -0.0017026 8.36244e-05 -0.00134864 9.19744e-05 -0.00226982 -0.00134864 -0.00187388 -0.0010846 -0.00134864 9.19744e-05 -0.0010846 9.95545e-05 -0.00181864 -0.00209113 -0.00162377 -0.0018045 -0.00209113 -0.00187388 -0.0018045 -0.00157405 -0.00162377 -0.0018045 -0.00146868 -0.00158555 -0.0018045 -0.00157405 -0.00158555 -0.00135051 -0.00187388 -0.0010846 -0.00157405 -0.0008876 -0.0010846 9.95545e-05 -0.0008876 0.000106208 -0.00157405 -0.0008876 -0.00135051 -0.000742453 -0.0008876 0.000106208 -0.000742453 0.000111809 0.000147565 -0.000236962 0.000122082 -0.000252195 -0.000236962 -0.000675459 -0.000252195 -0.000662614 0.000122082 -0.000252195 0.000105177 -0.000261093 -0.000252195 -0.000662614 -0.000261093 -0.00065133 -0.000675459 -0.00111943 -0.000662614 -0.00105903 -0.00111943 -0.00146868 -0.00105903 -0.00135098 -0.000662614 -0.00105903 -0.00065133 -0.00101491 -0.00105903 -0.00135098 -0.00101491 -0.00126854 0.000105177 -0.000261093 9.55516e-05 -0.000265657 -0.000261093 -0.00065133 -0.000265657 -0.000643756 9.55516e-05 -0.000265657 9.24293e-05 -0.000267051 -0.000265657 -0.000643756 -0.000267051 -0.000641101 -0.00065133 -0.00101491 -0.000643756 -0.000988094 -0.00101491 -0.00126854 -0.000988094 -0.00121974 -0.000643756 -0.000988094 -0.000641101 -0.000979102 -0.000988094 -0.00121974 -0.000979102 -0.00120359 -0.00146868 -0.00158555 -0.00135098 -0.0014245 -0.00158555 -0.00135051 -0.0014245 -0.00118916 -0.00135098 -0.0014245 -0.00126854 -0.00131423 -0.0014245 -0.00118916 -0.00131423 -0.00108023 -0.00135051 -0.000742453 -0.00118916 -0.000638653 -0.000742453 0.000111809 -0.000638653 0.00011626 -0.00118916 -0.000638653 -0.00108023 -0.000569041 -0.000638653 0.00011626 -0.000569041 0.000119489 -0.00126854 -0.00131423 -0.00121974 -0.00124993 -0.00131423 -0.00108023 -0.00124993 -0.00101729 -0.00121974 -0.00124993 -0.00120359 -0.0012288 -0.00124993 -0.00101729 -0.0012288 -0.000996698 -0.00108023 -0.000569041 -0.00101729 -0.000528995 -0.000569041 0.000119489 -0.000528995 0.000121446 -0.00101729 -0.000528995 -0.000996698 -0.000515924 -0.000528995 0.000121446 -0.000515924 0.000122101 8.36244e-05 0.00187357 9.19744e-05 0.00153753 0.00187357 0.00297491 0.00153753 0.00247504 9.19744e-05 0.00153753 9.95545e-05 0.00128963 0.00153753 0.00247504 0.00128963 0.00209789 0.00297491 0.00313532 0.00247504 0.00269529 0.00313532 0.00259443 0.00269529 0.00234438 0.00247504 0.00269529 0.00209789 0.00235052 0.00269529 0.00234438 0.00235052 0.00213418 9.95545e-05 0.00128963 0.000106208 0.0011067 0.00128963 0.00209789 0.0011067 0.00181426 0.000106208 0.0011067 0.000111809 0.00097335 0.0011067 0.00181426 0.00097335 0.00160417 0.00209789 0.00235052 0.00181426 0.00208311 0.00235052 0.00213418 0.00208311 0.00196201 0.00181426 0.00208311 0.00160417 0.00187999 0.00208311 0.00196201 0.00187999 0.00182554 0.00259443 0.00179511 0.00234438 0.00173954 0.00179511 0.00108412 0.00173954 0.0011563 0.00234438 0.00173954 0.00213418 0.00167779 0.00173954 0.0011563 0.00167779 0.00120022 0.00108412 0.000608709 0.0011563 0.000735369 0.000608709 0.000371607 0.000735369 0.000503938 0.0011563 0.000735369 0.00120022 0.000830596 0.000735369 0.000503938 0.000830596 0.000610145 0.00213418 0.00167779 0.00196201 0.00161779 0.00167779 0.00120022 0.00161779 0.00122542 0.00196201 0.00161779 0.00182554 0.00156444 0.00161779 0.00122542 0.00156444 0.00123859 0.00120022 0.000830596 0.00122542 0.000901171 0.000830596 0.000610145 0.000901171 0.000693798 0.00122542 0.000901171 0.00123859 0.000952343 0.000901171 0.000693798 0.000952343 0.000757947 0.000111809 0.00097335 0.00011626 0.000878894 0.00097335 0.00160417 0.000878894 0.0014534 0.00011626 0.000878894 0.000119489 0.000816046 0.000878894 0.0014534 0.000816046 0.00135209 0.00160417 0.00187999 0.0014534 0.00173133 0.00187999 0.00182554 0.00173133 0.00172233 0.0014534 0.00173133 0.00135209 0.00162994 0.00173133 0.00172233 0.00162994 0.00165025 0.000119489 0.000816046 0.000121446 0.000780094 0.000816046 0.00135209 0.000780094 0.00129375 0.000121446 0.000780094 0.000122101 0.000768393 0.000780094 0.00129375 0.000768393 0.00127469 0.00135209 0.00162994 0.00129375 0.00157098 0.00162994 0.00165025 0.00157098 0.00160769 0.00129375 0.00157098 0.00127469 0.00155164 0.00157098 0.00160769 0.00155164 0.00159361 0.00182554 0.00156444 0.00172233 0.00152074 0.00156444 0.00123859 0.00152074 0.00124457 0.00172233 0.00152074 0.00165025 0.00148854 0.00152074 0.00124457 0.00148854 0.00124668 0.00123859 0.000952343 0.00124457 0.000988185 0.000952343 0.000757947 0.000988185 0.00080515 0.00124457 0.000988185 0.00124668 0.00101172 0.000988185 0.00080515 0.00101172 0.000837422 0.00165025 0.00148854 0.00160769 0.00146887 0.00148854 0.00124668 0.00146887 0.00124714 0.00160769 0.00146887 0.00159361 0.00146226 0.00146887 0.00124714 0.00146226 0.00124715 0.00124668 0.00101172 0.00124714 0.00102504 0.00101172 0.000837422 0.00102504 0.000856207 0.00124714 0.00102504 0.00124715 0.00102934 0.00102504 0.000856207 0.00102934 0.000862372 0.000371607 0.000319563 0.000503938 0.000433987 0.000319563 0.000396998 0.000433987 0.000484937 0.000503938 0.000433987 0.000610145 0.000529111 0.000433987 0.000484937 0.000529111 0.000559364 0.000396998 0.000562156 0.000484937 0.000620912 0.000562156 0.000784834 0.000620912 0.000812469 0.000484937 0.000620912 0.000559364 0.000670802 0.000620912 0.000812469 0.000670802 0.000835495 0.000610145 0.000529111 0.000693798 0.000606427 0.000529111 0.000559364 0.000606427 0.000620845 0.000693798 0.000606427 0.000757947 0.000667375 0.000606427 0.000620845 0.000667375 0.000670013 0.000559364 0.000670802 0.000620845 0.000712181 0.000670802 0.000835495 0.000712181 0.000854348 0.000620845 0.000712181 0.000670013 0.000745415 0.000712181 0.000854348 0.000745415 0.000869366 0.000784834 0.00103913 0.000812469 0.0010324 0.00103913 0.00129593 0.0010324 0.00124963 0.000812469 0.0010324 0.000835495 0.00102592 0.0010324 0.00124963 0.00102592 0.00121077 0.00129593 0.0015073 0.00124963 0.00141975 0.0015073 0.00147167 0.00141975 0.00145562 0.00124963 0.00141975 0.00121077 0.00134856 0.00141975 0.00145562 0.00134856 0.00139192 0.000835495 0.00102592 0.000854348 0.00102017 0.00102592 0.00121077 0.00102017 0.00117913 0.000854348 0.00102017 0.000869366 0.0010154 0.00102017 0.00117913 0.0010154 0.0011543 0.00121077 0.00134856 0.00117913 0.00129487 0.00134856 0.00139192 0.00129487 0.00133502 0.00117913 0.00129487 0.0011543 0.00125431 0.00129487 0.00133502 0.00125431 0.00129003 0.000757947 0.000667375 0.00080515 0.000713275 0.000667375 0.000670013 0.000713275 0.000707492 0.00080515 0.000713275 0.000837422 0.000745228 0.000713275 0.000707492 0.000745228 0.00073383 0.000670013 0.000745415 0.000707492 0.000770852 0.000745415 0.000869366 0.000770852 0.000880808 0.000707492 0.000770852 0.00073383 0.000788789 0.000770852 0.000880808 0.000788789 0.000888858 0.000837422 0.000745228 0.000856207 0.000764061 0.000745228 0.00073383 0.000764061 0.000749453 0.000856207 0.000764061 0.000862372 0.000770281 0.000764061 0.000749453 0.000770281 0.000754631 0.00073383 0.000788789 0.000749453 0.000799456 0.000788789 0.000888858 0.000799456 0.000893641 0.000749453 0.000799456 0.000754631 0.000802995 0.000799456 0.000893641 0.000802995 0.000895228 0.000869366 0.0010154 0.000880808 0.00101173 0.0010154 0.0011543 0.00101173 0.00113572 0.000880808 0.00101173 0.000888858 0.00100915 0.00101173 0.00113572 0.00100915 0.00112287 0.0011543 0.00125431 0.00113572 0.00122448 0.00125431 0.00129003 0.00122448 0.00125648 0.00113572 0.00122448 0.00112287 0.00120401 0.00122448 0.00125648 0.00120401 0.00123334 0.000888858 0.00100915 0.000893641 0.00100763 0.00100915 0.00112287 0.00100763 0.00111532 0.000893641 0.00100763 0.000895228 0.00100712 0.00100763 0.00111532 0.00100712 0.00111284 0.00112287 0.00120401 0.00111532 0.00119205 0.00120401 0.00123334 0.00119205 0.0012198 0.00111532 0.00119205 0.00111284 0.00118812 0.00119205 0.0012198 0.00118812 0.00121534 
SCALARS wy_dis double 1
LOOKUP_TABLE default
-0.00480685 -0.00468659 -0.00482637 -0.00470471 -0.00468659 -0.00434257 -0.00470471 -0.00435712 -0.00482637 -0.00470471 -0.00488539 -0.00475944 -0.00470471 -0.00435712 -0.00475944 -0.00440085 -0.00434257 -0.00381706 -0.00435712 -0.00382763 -0.00381706 -0.00315799 -0.00382763 -0.00316565 -0.00435712 -0.00382763 -0.00440085 -0.00385916 -0.00382763 -0.00316565 -0.00385916 -0.00318838 -0.00488539 -0.00475944 -0.00498531 -0.00485193 -0.00475944 -0.00440085 -0.00485193 -0.00447392 -0.00498531 -0.00485193 -0.00512849 -0.00498434 -0.00485193 -0.00447392 -0.00498434 -0.00457651 -0.00440085 -0.00385916 -0.00447392 -0.00391105 -0.00385916 -0.00318838 -0.00391105 -0.00322541 -0.00447392 -0.00391105 -0.00457651 -0.00398217 -0.00391105 -0.00322541 -0.00398217 -0.00327542 -0.00315799 -0.00240129 -0.00316565 -0.00240756 -0.00240129 -0.00156463 -0.00240756 -0.00157086 -0.00316565 -0.00240756 -0.00318838 -0.00242613 -0.00240756 -0.00157086 -0.00242613 -0.00158938 -0.00156463 -0.000648896 -0.00157086 -0.000656109 -0.000648896 0.00035773 -0.000656109 0.000348936 -0.00157086 -0.000656109 -0.00158938 -0.000677646 -0.000656109 0.000348936 -0.000677646 0.000322549 -0.00318838 -0.00242613 -0.00322541 -0.00245636 -0.00242613 -0.00158938 -0.00245636 -0.00161969 -0.00322541 -0.00245636 -0.00327542 -0.00249712 -0.00245636 -0.00161969 -0.00249712 -0.00166097 -0.00158938 -0.000677646 -0.00161969 -0.000713204 -0.000677646 0.000322549 -0.000713204 0.000278563 -0.00161969 -0.000713204 -0.00166097 -0.000762257 -0.000713204 0.000278563 -0.000762257 0.000217016 -0.00512849 -0.00498434 -0.00531787 -0.00516036 -0.00498434 -0.00457651 -0.00516036 -0.00470863 -0.00531787 -0.00516036 -0.00555454 -0.00538688 -0.00516036 -0.00470863 -0.00538688 -0.00486953 -0.00457651 -0.00398217 -0.00470863 -0.00407071 -0.00398217 -0.00327542 -0.00407071 -0.00333646 -0.00470863 -0.00407071 -0.00486953 -0.00417389 -0.00407071 -0.00333646 -0.00417389 -0.00340589 -0.00555454 -0.00538688 -0.00581939 -0.0056771 -0.00538688 -0.00486953 -0.0056771 -0.00505682 -0.00581939 -0.0056771 -0.0059077 -0.00601569 -0.0056771 -0.00505682 -0.00601569 -0.00526243 -0.00486953 -0.00417389 -0.00505682 -0.00428763 -0.00417389 -0.00340589 -0.00428763 -0.00348033 -0.00505682 -0.00428763 -0.00526243 -0.00440613 -0.00428763 -0.00348033 -0.00440613 -0.00355581 -0.00327542 -0.00249712 -0.00333646 -0.00254687 -0.00249712 -0.00166097 -0.00254687 -0.00171207 -0.00333646 -0.00254687 -0.00340589 -0.0026036 -0.00254687 -0.00171207 -0.0026036 -0.00177149 -0.00166097 -0.000762257 -0.00171207 -0.000824026 -0.000762257 0.000217016 -0.000824026 0.000138066 -0.00171207 -0.000824026 -0.00177149 -0.000897448 -0.000824026 0.000138066 -0.000897448 4.20973e-05 -0.00340589 -0.0026036 -0.00348033 -0.00266488 -0.0026036 -0.00177149 -0.00266488 -0.0018375 -0.00348033 -0.00266488 -0.00355581 -0.00272817 -0.00266488 -0.0018375 -0.00272817 -0.00190835 -0.00177149 -0.000897448 -0.0018375 -0.000981157 -0.000897448 4.20973e-05 -0.000981157 -7.01515e-05 -0.0018375 -0.000981157 -0.00190835 -0.00107376 -0.000981157 -7.01515e-05 -0.00107376 -0.000197622 0.00035773 0.0014742 0.000348936 0.00146392 0.0014742 0.00271764 0.00146392 0.00270717 0.000348936 0.00146392 0.000322549 0.00143288 0.00146392 0.00270717 0.00143288 0.00267528 0.00271764 0.00408829 0.00270717 0.00408065 0.00408829 0.00554868 0.00408065 0.00554852 0.00270717 0.00408065 0.00267528 0.00405698 0.00408065 0.00554852 0.00405698 0.00554721 0.000322549 0.00143288 0.000278563 0.0013805 0.00143288 0.00267528 0.0013805 0.00262052 0.000278563 0.0013805 0.000217016 0.00130588 0.0013805 0.00262052 0.00130588 0.00254049 0.00267528 0.00405698 0.00262052 0.00401494 0.00405698 0.00554721 0.00401494 0.00554223 0.00262052 0.00401494 0.00254049 0.00395054 0.00401494 0.00554223 0.00395054 0.00552906 0.00554868 0.00700503 0.00554852 0.0070172 0.00700503 0.00830611 0.0070172 0.00833305 0.00554852 0.0070172 0.00554721 0.00705328 0.0070172 0.00833305 0.00705328 0.00841424 0.00830611 0.00927344 0.00833305 0.00931268 0.00927344 0.0097596 0.00931268 0.00980359 0.00833305 0.00931268 0.00841424 0.00943166 0.00931268 0.00980359 0.00943166 0.00993719 0.00554721 0.00705328 0.00554223 0.0071119 0.00705328 0.00841424 0.0071119 0.00855085 0.00554223 0.0071119 0.00552906 0.0071905 0.0071119 0.00855085 0.0071905 0.00874475 0.00841424 0.00943166 0.00855085 0.00963425 0.00943166 0.00993719 0.00963425 0.0101655 0.00855085 0.00963425 0.00874475 0.00992714 0.00963425 0.0101655 0.00992714 0.0104972 0.000217016 0.00130588 0.000138066 0.00120789 0.00130588 0.00254049 0.00120789 0.00243186 0.000138066 0.00120789 4.20973e-05 0.00108533 0.00120789 0.00243186 0.00108533 0.00229046 0.00254049 0.00395054 0.00243186 0.00385794 0.00395054 0.00552906 0.00385794 0.00550087 0.00243186 0.00385794 0.00229046 0.00372925 0.00385794 0.00550087 0.00372925 0.00544785 4.20973e-05 0.00108533 -7.01515e-05 0.000937142 0.00108533 0.00229046 0.000937142 0.00211147 -7.01515e-05 0.000937142 -0.000197622 0.000763086 0.000937142 0.00211147 0.000763086 0.00189116 0.00229046 0.00372925 0.00211147 0.00355443 0.00372925 0.00544785 0.00355443 0.00535664 0.00211147 0.00355443 0.00189116 0.00332413 0.00355443 0.00535664 0.00332413 0.00521336 0.00552906 0.0071905 0.00550087 0.0072849 0.0071905 0.00874475 0.0072849 0.00899845 0.00550087 0.0072849 0.00544785 0.00738863 0.0072849 0.00899845 0.00738863 0.00931494 0.00874475 0.00992714 0.00899845 0.0103204 0.00992714 0.0104972 0.0103204 0.0109459 0.00899845 0.0103204 0.00931494 0.0108281 0.0103204 0.0109459 0.0108281 0.0115304 0.00544785 0.00738863 0.00535664 0.00749206 0.00738863 0.00931494 0.00749206 0.00969732 0.00535664 0.00749206 0.00521336 0.00758392 0.00749206 0.00969732 0.00758392 0.0101474 0.00931494 0.0108281 0.00969732 0.0114688 0.0108281 0.0115304 0.0114688 0.0122768 0.00969732 0.0114688 0.0101474 0.0122617 0.0114688 0.0122768 0.0122617 0.0132123 0.0097596 0.00970799 0.00980359 0.00974698 0.00970799 0.00917847 0.00974698 0.00920487 0.00980359 0.00974698 0.00993719 0.00986519 0.00974698 0.00920487 0.00986519 0.00928445 0.00917847 0.00832202 0.00920487 0.00833333 0.00832202 0.00732114 0.00833333 0.00731975 0.00920487 0.00833333 0.00928445 0.00836682 0.00833333 0.00731975 0.00836682 0.00731478 0.00993719 0.00986519 0.0101655 0.0100665 0.00986519 0.00928445 0.0100665 0.00941838 0.0101655 0.0100665 0.0104972 0.0103577 0.0100665 0.00941838 0.0103577 0.00960858 0.00928445 0.00836682 0.00941838 0.00842115 0.00836682 0.00731478 0.00842115 0.00730369 0.00941838 0.00842115 0.00960858 0.0084938 0.00842115 0.00730369 0.0084938 0.00728201 0.00732114 0.00633155 0.00731975 0.0063223 0.00633155 0.0054519 0.0063223 0.00543942 0.00731975 0.0063223 0.00731478 0.00629379 0.0063223 0.00543942 0.00629379 0.00540149 0.0054519 0.00472455 0.00543942 0.00471189 0.00472455 0.00415382 0.00471189 0.00414238 0.00543942 0.00471189 0.00540149 0.0046737 0.00471189 0.00414238 0.0046737 0.00410801 0.00731478 0.00629379 0.00730369 0.0062437 0.00629379 0.00540149 0.0062437 0.00533666 0.00730369 0.0062437 0.00728201 0.00616803 0.0062437 0.00533666 0.00616803 0.00524251 0.00540149 0.0046737 0.00533666 0.00460934 0.0046737 0.00410801 0.00460934 0.0040506 0.00533666 0.00460934 0.00524251 0.00451786 0.00460934 0.0040506 0.00451786 0.00397 0.0104972 0.0103577 0.0109459 0.0107487 0.0103577 0.00960858 0.0107487 0.00985762 0.0109459 0.0107487 0.0115304 0.0112538 0.0107487 0.00985762 0.0112538 0.0101685 0.00960858 0.0084938 0.00985762 0.00858062 0.0084938 0.00728201 0.00858062 0.00724294 0.00985762 0.00858062 0.0101685 0.00867522 0.00858062 0.00724294 0.00867522 0.00717671 0.0115304 0.0112538 0.0122768 0.0118917 0.0112538 0.0101685 0.0118917 0.0105446 0.0122768 0.0118917 0.0132123 0.0126815 0.0118917 0.0105446 0.0126815 0.0109877 0.0101685 0.00867522 0.0105446 0.00876806 0.00867522 0.00717671 0.00876806 0.00707002 0.0105446 0.00876806 0.0109877 0.00884798 0.00876806 0.00707002 0.00884798 0.00690903 0.00728201 0.00616803 0.00724294 0.00606096 0.00616803 0.00524251 0.00606096 0.00511569 0.00724294 0.00606096 0.00717671 0.00591463 0.00606096 0.00511569 0.00591463 0.00495202 0.00524251 0.00451786 0.00511569 0.00439804 0.00451786 0.00397 0.00439804 0.00386615 0.00511569 0.00439804 0.00495202 0.00424859 0.00439804 0.00386615 0.00424859 0.00373917 0.00717671 0.00591463 0.00707002 0.00571902 0.00591463 0.00495202 0.00571902 0.00474669 0.00707002 0.00571902 0.00690903 0.0054648 0.00571902 0.00474669 0.0054648 0.00449593 0.00495202 0.00424859 0.00474669 0.00406839 0.00424859 0.00373917 0.00406839 0.00358956 0.00474669 0.00406839 0.00449593 0.0038571 0.00406839 0.00358956 0.0038571 0.00341807 0.00415382 0.00372574 0.00414238 0.00371586 0.00372574 0.0034212 0.00371586 0.00341282 0.00414238 0.00371586 0.00410801 0.00368626 0.00371586 0.00341282 0.00368626 0.00338769 0.0034212 0.00322151 0.00341282 0.00321455 0.00322151 0.00310871 0.00321455 0.00310328 0.00341282 0.00321455 0.00338769 0.00319365 0.00321455 0.00310328 0.00319365 0.00308695 0.00410801 0.00368626 0.0040506 0.00363699 0.00368626 0.00338769 0.00363699 0.00334587 0.0040506 0.00363699 0.00397 0.00356819 0.00363699 0.00334587 0.00356819 0.00328745 0.00338769 0.00319365 0.00334587 0.00315874 0.00319365 0.00308695 0.00315874 0.00305954 0.00334587 0.00315874 0.00328745 0.00310976 0.00315874 0.00305954 0.00310976 0.00302074 0.00310871 0.0030633 0.00310328 0.00305975 0.0030633 0.00306186 0.00305975 0.00306052 0.00310328 0.00305975 0.00308695 0.00304903 0.00305975 0.00306052 0.00304903 0.00305652 0.00306186 0.00307736 0.00306052 0.00307804 0.00307736 0.00308582 0.00307804 0.00308735 0.00306052 0.00307804 0.00305652 0.00308027 0.00307804 0.00308735 0.00308027 0.00309221 0.00308695 0.00304903 0.00305954 0.00303093 0.00304903 0.00305652 0.00303093 0.00304991 0.00305954 0.00303093 0.00302074 0.00300506 0.00303093 0.00304991 0.00300506 0.00304068 0.00305652 0.00308027 0.00304991 0.00308466 0.00308027 0.00309221 0.00308466 0.00310132 0.00304991 0.00308466 0.00304068 0.00309228 0.00308466 0.00310132 0.00309228 0.00311627 0.00397 0.00356819 0.00386615 0.00348013 0.00356819 0.00328745 0.00348013 0.0032126 0.00386615 0.00348013 0.00373917 0.00337329 0.00348013 0.0032126 0.00337329 0.00312159 0.00328745 0.00310976 0.0032126 0.00304657 0.00310976 0.00302074 0.00304657 0.00297011 0.0032126 0.00304657 0.00312159 0.00296905 0.00304657 0.00297011 0.00296905 0.00290704 0.00373917 0.00337329 0.00358956 0.00324837 0.00337329 0.00312159 0.00324837 0.00301479 0.00358956 0.00324837 0.00341807 0.00310605 0.00324837 0.00301479 0.00310605 0.00289238 0.00312159 0.00296905 0.00301479 0.00287702 0.00296905 0.00290704 0.00287702 0.00283073 0.00301479 0.00287702 0.00289238 0.00277007 0.00287702 0.00283073 0.00277007 0.00274 0.00302074 0.00300506 0.00297011 0.00297077 0.00300506 0.00304068 0.00297077 0.00302864 0.00297011 0.00297077 0.00290704 0.00292705 0.00297077 0.00302864 0.00292705 0.00301311 0.00304068 0.00309228 0.00302864 0.00310478 0.00309228 0.00311627 0.00310478 0.00313953 0.00302864 0.00310478 0.00301311 0.00312476 0.00310478 0.00313953 0.00312476 0.00317418 0.00290704 0.00292705 0.00283073 0.00287242 0.00292705 0.00301311 0.00287242 0.00299245 0.00283073 0.00287242 0.00274 0.00280459 0.00287242 0.00299245 0.00280459 0.0029626 0.00301311 0.00312476 0.00299245 0.00315604 0.00312476 0.00317418 0.00315604 0.00322025 0.00299245 0.00315604 0.0029626 0.00319186 0.00315604 0.00322025 0.00319186 0.00323319 -0.0059077 -0.00601569 0.0241731 -0.00459758 -0.00601569 -0.00526243 -0.00459758 -0.00410642 0.0241731 -0.00459758 0.0142795 0.0025435 -0.00459758 -0.00410642 0.0025435 -0.00174337 -0.00526243 -0.00440613 -0.00410642 -0.00355681 -0.00440613 -0.00355581 -0.00355681 -0.00298313 -0.00410642 -0.00355681 -0.00174337 -0.00255977 -0.00355681 -0.00298313 -0.00255977 -0.00240228 0.0142795 0.0025435 0.0080665 0.00374501 0.0025435 -0.00174337 0.00374501 -0.000604485 0.0080665 0.00374501 0.00493027 0.00310714 0.00374501 -0.000604485 0.00310714 -3.47453e-05 -0.00174337 -0.00255977 -0.000604485 -0.00179748 -0.00255977 -0.00240228 -0.00179748 -0.00187622 -0.000604485 -0.00179748 -3.47453e-05 -0.00121024 -0.00179748 -0.00187622 -0.00121024 -0.00140802 -0.00355581 -0.00272817 -0.00298313 -0.00233455 -0.00272817 -0.00190835 -0.00233455 -0.0016417 -0.00298313 -0.00233455 -0.00240228 -0.00194516 -0.00233455 -0.0016417 -0.00194516 -0.00138048 -0.00190835 -0.00107376 -0.0016417 -0.00091281 -0.00107376 -0.000197622 -0.00091281 -0.000133958 -0.0016417 -0.00091281 -0.00138048 -0.000759866 -0.00091281 -0.000133958 -0.000759866 -8.39054e-05 -0.00240228 -0.00194516 -0.00187622 -0.00157272 -0.00194516 -0.00138048 -0.00157272 -0.00112775 -0.00187622 -0.00157272 -0.00140802 -0.0012213 -0.00157272 -0.00112775 -0.0012213 -0.000885055 -0.00138048 -0.000759866 -0.00112775 -0.000615416 -0.000759866 -8.39054e-05 -0.000615416 -4.68468e-05 -0.00112775 -0.000615416 -0.000885055 -0.000479541 -0.000615416 -4.68468e-05 -0.000479541 -2.16745e-05 0.00493027 0.00310714 0.00312798 0.00220762 0.00310714 -3.47453e-05 0.00220762 0.000190207 0.00312798 0.00220762 0.00188695 0.00138903 0.00220762 0.000190207 0.00138903 0.000212052 -3.47453e-05 -0.00121024 0.000190207 -0.000772815 -0.00121024 -0.00140802 -0.000772815 -0.000996738 0.000190207 -0.000772815 0.000212052 -0.000451108 -0.000772815 -0.000996738 -0.000451108 -0.000634529 0.00188695 0.00138903 0.000894065 0.000668365 0.00138903 0.000212052 0.000668365 0.000127981 0.000894065 0.000668365 -2.83305e-14 -9.22668e-15 0.000668365 0.000127981 -9.22668e-15 4.8837e-15 0.000212052 -0.000451108 0.000127981 -0.000206485 -0.000451108 -0.000634529 -0.000206485 -0.000307949 0.000127981 -0.000206485 4.8837e-15 1.4128e-14 -0.000206485 -0.000307949 1.4128e-14 1.95691e-14 -0.00140802 -0.0012213 -0.000996738 -0.000891781 -0.0012213 -0.000885055 -0.000891781 -0.000652603 -0.000996738 -0.000891781 -0.000634529 -0.000582008 -0.000891781 -0.000652603 -0.000582008 -0.000429291 -0.000885055 -0.000479541 -0.000652603 -0.000351624 -0.000479541 -2.16745e-05 -0.000351624 -6.71001e-06 -0.000652603 -0.000351624 -0.000429291 -0.000230377 -0.000351624 -6.71001e-06 -0.000230377 1.89612e-07 -0.000634529 -0.000582008 -0.000307949 -0.000287048 -0.000582008 -0.000429291 -0.000287048 -0.000212819 -0.000307949 -0.000287048 1.95691e-14 2.2007e-14 -0.000287048 -0.000212819 2.2007e-14 2.27087e-14 -0.000429291 -0.000230377 -0.000212819 -0.000113932 -0.000230377 1.89612e-07 -0.000113932 1.51722e-06 -0.000212819 -0.000113932 2.27087e-14 2.3576e-14 -0.000113932 1.51722e-06 2.3576e-14 2.57892e-14 -0.000197622 0.000763086 -0.000133958 0.000731482 0.000763086 0.00189116 0.000731482 0.00175302 -0.000133958 0.000731482 -8.39054e-05 0.000675807 0.000731482 0.00175302 0.000675807 0.00157502 0.00189116 0.00332413 0.00175302 0.00303443 0.00332413 0.00521336 0.00303443 0.00467254 0.00175302 0.00303443 0.00157502 0.00268974 0.00303443 0.00467254 0.00268974 0.00407844 -8.39054e-05 0.000675807 -4.68468e-05 0.000598202 0.000675807 0.00157502 0.000598202 0.00136248 -4.68468e-05 0.000598202 -2.16745e-05 0.000501746 0.000598202 0.00136248 0.000501746 0.00112197 0.00157502 0.00268974 0.00136248 0.00229999 0.00268974 0.00407844 0.00229999 0.00344381 0.00136248 0.00229999 0.00112197 0.00187605 0.00229999 0.00344381 0.00187605 0.0027811 0.00521336 0.00758392 0.00467254 0.00665177 0.00758392 0.0101474 0.00665177 0.00872239 0.00467254 0.00665177 0.00407844 0.00570459 0.00665177 0.00872239 0.00570459 0.00735932 0.0101474 0.0122617 0.00872239 0.0103949 0.0122617 0.0132123 0.0103949 0.0111503 0.00872239 0.0103949 0.00735932 0.00867272 0.0103949 0.0111503 0.00867272 0.0092692 0.00407844 0.00570459 0.00344381 0.00475025 0.00570459 0.00735932 0.00475025 0.00605054 0.00344381 0.00475025 0.0027811 0.003795 0.00475025 0.00605054 0.003795 0.0047869 0.00735932 0.00867272 0.00605054 0.0070684 0.00867272 0.0092692 0.0070684 0.00753336 0.00605054 0.0070684 0.0047869 0.00555516 0.0070684 0.00753336 0.00555516 0.00590804 -2.16745e-05 0.000501746 -6.71001e-06 0.00038993 0.000501746 0.00112197 0.00038993 0.000859773 -6.71001e-06 0.00038993 1.89612e-07 0.000266466 0.00038993 0.000859773 0.000266466 0.000581759 0.00112197 0.00187605 0.000859773 0.00142704 0.00187605 0.0027811 0.00142704 0.00209947 0.000859773 0.00142704 0.000581759 0.000960513 0.00142704 0.00209947 0.000960513 0.00140562 1.89612e-07 0.000266466 1.51722e-06 0.000135192 0.000266466 0.000581759 0.000135192 0.000293424 1.51722e-06 0.000135192 2.57892e-14 2.86858e-14 0.000135192 0.000293424 2.86858e-14 3.09891e-14 0.000581759 0.000960513 0.000293424 0.000482931 0.000960513 0.00140562 0.000482931 0.000704501 0.000293424 0.000482931 3.09891e-14 3.11754e-14 0.000482931 0.000704501 3.11754e-14 2.86897e-14 0.0027811 0.003795 0.00209947 0.00284199 0.003795 0.0047869 0.00284199 0.00355914 0.00209947 0.00284199 0.00140562 0.00189223 0.00284199 0.00355914 0.00189223 0.00235806 0.0047869 0.00555516 0.00355914 0.00411025 0.00555516 0.00590804 0.00411025 0.0043646 0.00355914 0.00411025 0.00235806 0.00271412 0.00411025 0.0043646 0.00271412 0.00287905 0.00140562 0.00189223 0.000704501 0.000945306 0.00189223 0.00235806 0.000945306 0.00117463 0.000704501 0.000945306 2.86897e-14 2.3886e-14 0.000945306 0.00117463 2.3886e-14 1.78261e-14 0.00235806 0.00271412 0.00117463 0.00134938 0.00271412 0.00287905 0.00134938 0.00143051 0.00117463 0.00134938 1.78261e-14 1.19261e-14 0.00134938 0.00143051 1.19261e-14 7.18298e-15 0.0132123 0.0126815 0.0111503 0.0107627 0.0126815 0.0109877 0.0107627 0.00945907 0.0111503 0.0107627 0.0092692 0.00898843 0.0107627 0.00945907 0.00898843 0.00799195 0.0109877 0.00884798 0.00945907 0.00776076 0.00884798 0.00690903 0.00776076 0.00616103 0.00945907 0.00776076 0.00799195 0.00665741 0.00776076 0.00616103 0.00665741 0.00535785 0.0092692 0.00898843 0.00753336 0.00733185 0.00898843 0.00799195 0.00733185 0.00657861 0.00753336 0.00733185 0.00590804 0.00576616 0.00733185 0.00657861 0.00576616 0.00520996 0.00799195 0.00665741 0.00657861 0.0055459 0.00665741 0.00535785 0.0055459 0.00451252 0.00657861 0.0055459 0.00520996 0.00443259 0.0055459 0.00451252 0.00443259 0.00363773 0.00690903 0.0054648 0.00616103 0.00491425 0.0054648 0.00449593 0.00491425 0.0040409 0.00616103 0.00491425 0.00535785 0.00430598 0.00491425 0.0040409 0.00430598 0.00354245 0.00449593 0.0038571 0.0040409 0.00344938 0.0038571 0.00341807 0.00344938 0.00304175 0.0040409 0.00344938 0.00354245 0.00301308 0.00344938 0.00304175 0.00301308 0.00264623 0.00535785 0.00430598 0.00451252 0.00365036 0.00430598 0.00354245 0.00365036 0.00300646 0.00451252 0.00365036 0.00363773 0.00295864 0.00365036 0.00300646 0.00295864 0.00244005 0.00354245 0.00301308 0.00300646 0.00255116 0.00301308 0.00264623 0.00255116 0.00223342 0.00300646 0.00255116 0.00244005 0.00206742 0.00255116 0.00223342 0.00206742 0.00180556 0.00590804 0.00576616 0.0043646 0.00426866 0.00576616 0.00520996 0.00426866 0.00387679 0.0043646 0.00426866 0.00287905 0.0028198 0.00426866 0.00387679 0.0028198 0.00257 0.00520996 0.00443259 0.00387679 0.00332082 0.00443259 0.00363773 0.00332082 0.00274292 0.00387679 0.00332082 0.00257 0.00221175 0.00332082 0.00274292 0.00221175 0.00183505 0.00287905 0.0028198 0.00143051 0.00140224 0.0028198 0.00257 0.00140224 0.00128066 0.00143051 0.00140224 7.18298e-15 3.94844e-15 0.00140224 0.00128066 3.94844e-15 2.00955e-15 0.00257 0.00221175 0.00128066 0.00110516 0.00221175 0.00183505 0.00110516 0.000919353 0.00128066 0.00110516 2.00955e-15 9.1229e-16 0.00110516 0.000919353 9.1229e-16 2.60625e-16 0.00363773 0.00295864 0.00274292 0.00224031 0.00295864 0.00244005 0.00224031 0.00185 0.00274292 0.00224031 0.00183505 0.00150333 0.00224031 0.00185 0.00150333 0.0012427 0.00244005 0.00206742 0.00185 0.00156606 0.00206742 0.00180556 0.00156606 0.00136529 0.00185 0.00156606 0.0012427 0.00105142 0.00156606 0.00136529 0.00105142 0.000915531 0.00183505 0.00150333 0.000919353 0.000754527 0.00150333 0.0012427 0.000754527 0.000624132 0.000919353 0.000754527 2.60625e-16 -1.85031e-16 0.000754527 0.000624132 -1.85031e-16 -7.08367e-16 0.0012427 0.00105142 0.000624132 0.000527926 0.00105142 0.000915531 0.000527926 0.000459375 0.000624132 0.000527926 -7.08367e-16 -1.05016e-15 0.000527926 0.000459375 -1.05016e-15 -1.21514e-15 0.00341807 0.00310605 0.00304175 0.00275518 0.00310605 0.00289238 0.00275518 0.00255918 0.00304175 0.00275518 0.00264623 0.0023896 0.00275518 0.00255918 0.0023896 0.00221326 0.00289238 0.00277007 0.00255918 0.00243994 0.00277007 0.00274 0.00243994 0.00238626 0.00255918 0.00243994 0.00221326 0.00209821 0.00243994 0.00238626 0.00209821 0.00201904 0.00264623 0.0023896 0.00223342 0.00201133 0.0023896 0.00221326 0.00201133 0.00185748 0.00223342 0.00201133 0.00180556 0.00162225 0.00201133 0.00185748 0.00162225 0.00149408 0.00221326 0.00209821 0.00185748 0.0017506 0.00209821 0.00201904 0.0017506 0.00165804 0.00185748 0.0017506 0.00149408 0.00140021 0.0017506 0.00165804 0.00140021 0.00130663 0.00274 0.00280459 0.00238626 0.00238124 0.00280459 0.0029626 0.00238124 0.00241996 0.00238626 0.00238124 0.00201904 0.00191055 0.00238124 0.00241996 0.00191055 0.00156138 0.0029626 0.00319186 0.00241996 0.00243324 0.00319186 0.00323319 0.00243324 -0.00543829 0.00241996 0.00243324 0.00156138 0.000207674 0.00243324 -0.00543829 0.000207674 -0.00363582 0.00201904 0.00191055 0.00165804 0.00149804 0.00191055 0.00156138 0.00149804 0.00103462 0.00165804 0.00149804 0.00130663 0.00113219 0.00149804 0.00103462 0.00113219 0.000675709 0.00156138 0.000207674 0.00103462 -0.000393935 0.000207674 -0.00363582 -0.000393935 -0.00235834 0.00103462 -0.000393935 0.000675709 -0.000440998 -0.000393935 -0.00235834 -0.000440998 -0.00164193 0.00180556 0.00162225 0.00136529 0.00122441 0.00162225 0.00149408 0.00122441 0.00112502 0.00136529 0.00122441 0.000915531 0.000819957 0.00122441 0.00112502 0.000819957 0.000752039 0.00149408 0.00140021 0.00112502 0.00104917 0.00140021 0.00130663 0.00104917 0.000966613 0.00112502 0.00104917 0.000752039 0.000698662 0.00104917 0.000966613 0.000698662 0.000637405 0.000915531 0.000819957 0.000459375 0.000411084 0.000819957 0.000752039 0.000411084 0.000376605 0.000459375 0.000411084 -1.21514e-15 -1.1991e-15 0.000411084 0.000376605 -1.1991e-15 -1.00199e-15 0.000752039 0.000698662 0.000376605 0.000349032 0.000698662 0.000637405 0.000349032 0.000316477 0.000376605 0.000349032 -1.00199e-15 -6.3853e-16 0.000349032 0.000316477 -6.3853e-16 -1.18601e-16 0.00130663 0.00113219 0.000966613 0.000808736 0.00113219 0.000675709 0.000808736 0.000427803 0.000966613 0.000808736 0.000637405 0.000519498 0.000808736 0.000427803 0.000519498 0.000251525 0.000675709 -0.000440998 0.000427803 -0.000354612 -0.000440998 -0.00164193 -0.000354612 -0.00115155 0.000427803 -0.000354612 0.000251525 -0.000240691 -0.000354612 -0.00115155 -0.000240691 -0.000743507 0.000637405 0.000519498 0.000316477 0.000253803 0.000519498 0.000251525 0.000253803 0.000116481 0.000316477 0.000253803 -1.18601e-16 5.7308e-16 0.000253803 0.000116481 5.7308e-16 1.51021e-15 0.000251525 -0.000240691 0.000116481 -0.000121077 -0.000240691 -0.000743507 -0.000121077 -0.00036632 0.000116481 -0.000121077 1.51021e-15 2.83007e-15 -0.000121077 -0.00036632 2.83007e-15 4.45855e-15 -2.83305e-14 -9.22668e-15 -0.000894065 -0.000668365 -9.22668e-15 4.8837e-15 -0.000668365 -0.000127981 -0.000894065 -0.000668365 -0.00188695 -0.00138903 -0.000668365 -0.000127981 -0.00138903 -0.000212052 4.8837e-15 1.4128e-14 -0.000127981 0.000206485 1.4128e-14 1.95691e-14 0.000206485 0.000307949 -0.000127981 0.000206485 -0.000212052 0.000451108 0.000206485 0.000307949 0.000451108 0.000634529 -0.00188695 -0.00138903 -0.00312798 -0.00220762 -0.00138903 -0.000212052 -0.00220762 -0.000190207 -0.00312798 -0.00220762 -0.00493027 -0.00310714 -0.00220762 -0.000190207 -0.00310714 3.47453e-05 -0.000212052 0.000451108 -0.000190207 0.000772815 0.000451108 0.000634529 0.000772815 0.000996738 -0.000190207 0.000772815 3.47453e-05 0.00121024 0.000772815 0.000996738 0.00121024 0.00140802 1.95691e-14 2.2007e-14 0.000307949 0.000287048 2.2007e-14 2.27087e-14 0.000287048 0.000212819 0.000307949 0.000287048 0.000634529 0.000582008 0.000287048 0.000212819 0.000582008 0.000429291 2.27087e-14 2.3576e-14 0.000212819 0.000113932 2.3576e-14 2.57892e-14 0.000113932 -1.51722e-06 0.000212819 0.000113932 0.000429291 0.000230377 0.000113932 -1.51722e-06 0.000230377 -1.89612e-07 0.000634529 0.000582008 0.000996738 0.000891781 0.000582008 0.000429291 0.000891781 0.000652603 0.000996738 0.000891781 0.00140802 0.0012213 0.000891781 0.000652603 0.0012213 0.000885055 0.000429291 0.000230377 0.000652603 0.000351624 0.000230377 -1.89612e-07 0.000351624 6.71001e-06 0.000652603 0.000351624 0.000885055 0.000479541 0.000351624 6.71001e-06 0.000479541 2.16745e-05 -0.00493027 -0.00310714 -0.0080665 -0.00374501 -0.00310714 3.47453e-05 -0.00374501 0.000604485 -0.0080665 -0.00374501 -0.0142795 -0.0025435 -0.00374501 0.000604485 -0.0025435 0.00174337 3.47453e-05 0.00121024 0.000604485 0.00179748 0.00121024 0.00140802 0.00179748 0.00187622 0.000604485 0.00179748 0.00174337 0.00255977 0.00179748 0.00187622 0.00255977 0.00240228 -0.0142795 -0.0025435 -0.0241731 0.00459758 -0.0025435 0.00174337 0.00459758 0.00410642 -0.0241731 0.00459758 0.0059077 0.00601569 0.00459758 0.00410642 0.00601569 0.00526243 0.00174337 0.00255977 0.00410642 0.00355681 0.00255977 0.00240228 0.00355681 0.00298313 0.00410642 0.00355681 0.00526243 0.00440613 0.00355681 0.00298313 0.00440613 0.00355581 0.00140802 0.0012213 0.00187622 0.00157272 0.0012213 0.000885055 0.00157272 0.00112775 0.00187622 0.00157272 0.00240228 0.00194516 0.00157272 0.00112775 0.00194516 0.00138048 0.000885055 0.000479541 0.00112775 0.000615416 0.000479541 2.16745e-05 0.000615416 4.68468e-05 0.00112775 0.000615416 0.00138048 0.000759866 0.000615416 4.68468e-05 0.000759866 8.39054e-05 0.00240228 0.00194516 0.00298313 0.00233455 0.00194516 0.00138048 0.00233455 0.0016417 0.00298313 0.00233455 0.00355581 0.00272817 0.00233455 0.0016417 0.00272817 0.00190835 0.00138048 0.000759866 0.0016417 0.00091281 0.000759866 8.39054e-05 0.00091281 0.000133958 0.0016417 0.00091281 0.00190835 0.00107376 0.00091281 0.000133958 0.00107376 0.000197622 2.57892e-14 2.86858e-14 -1.51722e-06 -0.000135192 2.86858e-14 3.09891e-14 -0.000135192 -0.000293424 -1.51722e-06 -0.000135192 -1.89612e-07 -0.000266466 -0.000135192 -0.000293424 -0.000266466 -0.000581759 3.09891e-14 3.11754e-14 -0.000293424 -0.000482931 3.11754e-14 2.86897e-14 -0.000482931 -0.000704501 -0.000293424 -0.000482931 -0.000581759 -0.000960513 -0.000482931 -0.000704501 -0.000960513 -0.00140562 -1.89612e-07 -0.000266466 6.71001e-06 -0.00038993 -0.000266466 -0.000581759 -0.00038993 -0.000859773 6.71001e-06 -0.00038993 2.16745e-05 -0.000501746 -0.00038993 -0.000859773 -0.000501746 -0.00112197 -0.000581759 -0.000960513 -0.000859773 -0.00142704 -0.000960513 -0.00140562 -0.00142704 -0.00209947 -0.000859773 -0.00142704 -0.00112197 -0.00187605 -0.00142704 -0.00209947 -0.00187605 -0.0027811 2.86897e-14 2.3886e-14 -0.000704501 -0.000945306 2.3886e-14 1.78261e-14 -0.000945306 -0.00117463 -0.000704501 -0.000945306 -0.00140562 -0.00189223 -0.000945306 -0.00117463 -0.00189223 -0.00235806 1.78261e-14 1.19261e-14 -0.00117463 -0.00134938 1.19261e-14 7.18298e-15 -0.00134938 -0.00143051 -0.00117463 -0.00134938 -0.00235806 -0.00271412 -0.00134938 -0.00143051 -0.00271412 -0.00287905 -0.00140562 -0.00189223 -0.00209947 -0.00284199 -0.00189223 -0.00235806 -0.00284199 -0.00355914 -0.00209947 -0.00284199 -0.0027811 -0.003795 -0.00284199 -0.00355914 -0.003795 -0.0047869 -0.00235806 -0.00271412 -0.00355914 -0.00411025 -0.00271412 -0.00287905 -0.00411025 -0.0043646 -0.00355914 -0.00411025 -0.0047869 -0.00555516 -0.00411025 -0.0043646 -0.00555516 -0.00590804 2.16745e-05 -0.000501746 4.68468e-05 -0.000598202 -0.000501746 -0.00112197 -0.000598202 -0.00136248 4.68468e-05 -0.000598202 8.39054e-05 -0.000675807 -0.000598202 -0.00136248 -0.000675807 -0.00157502 -0.00112197 -0.00187605 -0.00136248 -0.00229999 -0.00187605 -0.0027811 -0.00229999 -0.00344381 -0.00136248 -0.00229999 -0.00157502 -0.00268974 -0.00229999 -0.00344381 -0.00268974 -0.00407844 8.39054e-05 -0.000675807 0.000133958 -0.000731482 -0.000675807 -0.00157502 -0.000731482 -0.00175302 0.000133958 -0.000731482 0.000197622 -0.000763086 -0.000731482 -0.00175302 -0.000763086 -0.00189116 -0.00157502 -0.00268974 -0.00175302 -0.00303443 -0.00268974 -0.00407844 -0.00303443 -0.00467254 -0.00175302 -0.00303443 -0.00189116 -0.00332413 -0.00303443 -0.00467254 -0.00332413 -0.00521336 -0.0027811 -0.003795 -0.00344381 -0.00475025 -0.003795 -0.0047869 -0.00475025 -0.00605054 -0.00344381 -0.00475025 -0.00407844 -0.00570459 -0.00475025 -0.00605054 -0.00570459 -0.00735932 -0.0047869 -0.00555516 -0.00605054 -0.0070684 -0.00555516 -0.00590804 -0.0070684 -0.00753336 -0.00605054 -0.0070684 -0.00735932 -0.00867272 -0.0070684 -0.00753336 -0.00867272 -0.0092692 -0.00407844 -0.00570459 -0.00467254 -0.00665177 -0.00570459 -0.00735932 -0.00665177 -0.00872239 -0.00467254 -0.00665177 -0.00521336 -0.00758392 -0.00665177 -0.00872239 -0.00758392 -0.0101474 -0.00735932 -0.00867272 -0.00872239 -0.0103949 -0.00867272 -0.0092692 -0.0103949 -0.0111503 -0.00872239 -0.0103949 -0.0101474 -0.0122617 -0.0103949 -0.0111503 -0.0122617 -0.0132123 7.18298e-15 3.94844e-15 -0.00143051 -0.00140224 3.94844e-15 2.00955e-15 -0.00140224 -0.00128066 -0.00143051 -0.00140224 -0.00287905 -0.0028198 -0.00140224 -0.00128066 -0.0028198 -0.00257 2.00955e-15 9.1229e-16 -0.00128066 -0.00110516 9.1229e-16 2.60625e-16 -0.00110516 -0.000919353 -0.00128066 -0.00110516 -0.00257 -0.00221175 -0.00110516 -0.000919353 -0.00221175 -0.00183505 -0.00287905 -0.0028198 -0.0043646 -0.00426866 -0.0028198 -0.00257 -0.00426866 -0.00387679 -0.0043646 -0.00426866 -0.00590804 -0.00576616 -0.00426866 -0.00387679 -0.00576616 -0.00520996 -0.00257 -0.00221175 -0.00387679 -0.00332082 -0.00221175 -0.00183505 -0.00332082 -0.00274292 -0.00387679 -0.00332082 -0.00520996 -0.00443259 -0.00332082 -0.00274292 -0.00443259 -0.00363773 2.60625e-16 -1.85031e-16 -0.000919353 -0.000754527 -1.85031e-16 -7.08367e-16 -0.000754527 -0.000624132 -0.000919353 -0.000754527 -0.00183505 -0.00150333 -0.000754527 -0.000624132 -0.00150333 -0.0012427 -7.08367e-16 -1.05016e-15 -0.000624132 -0.000527926 -1.05016e-15 -1.21514e-15 -0.000527926 -0.000459375 -0.000624132 -0.000527926 -0.0012427 -0.00105142 -0.000527926 -0.000459375 -0.00105142 -0.000915531 -0.00183505 -0.00150333 -0.00274292 -0.00224031 -0.00150333 -0.0012427 -0.00224031 -0.00185 -0.00274292 -0.00224031 -0.00363773 -0.00295864 -0.00224031 -0.00185 -0.00295864 -0.00244005 -0.0012427 -0.00105142 -0.00185 -0.00156606 -0.00105142 -0.000915531 -0.00156606 -0.00136529 -0.00185 -0.00156606 -0.00244005 -0.00206742 -0.00156606 -0.00136529 -0.00206742 -0.00180556 -0.00590804 -0.00576616 -0.00753336 -0.00733185 -0.00576616 -0.00520996 -0.00733185 -0.00657861 -0.00753336 -0.00733185 -0.0092692 -0.00898843 -0.00733185 -0.00657861 -0.00898843 -0.00799195 -0.00520996 -0.00443259 -0.00657861 -0.0055459 -0.00443259 -0.00363773 -0.0055459 -0.00451252 -0.00657861 -0.0055459 -0.00799195 -0.00665741 -0.0055459 -0.00451252 -0.00665741 -0.00535785 -0.0092692 -0.00898843 -0.0111503 -0.0107627 -0.00898843 -0.00799195 -0.0107627 -0.00945907 -0.0111503 -0.0107627 -0.0132123 -0.0126815 -0.0107627 -0.00945907 -0.0126815 -0.0109877 -0.00799195 -0.00665741 -0.00945907 -0.00776076 -0.00665741 -0.00535785 -0.00776076 -0.00616103 -0.00945907 -0.00776076 -0.0109877 -0.00884798 -0.00776076 -0.00616103 -0.00884798 -0.00690903 -0.00363773 -0.00295864 -0.00451252 -0.00365036 -0.00295864 -0.00244005 -0.00365036 -0.00300646 -0.00451252 -0.00365036 -0.00535785 -0.00430598 -0.00365036 -0.00300646 -0.00430598 -0.00354245 -0.00244005 -0.00206742 -0.00300646 -0.00255116 -0.00206742 -0.00180556 -0.00255116 -0.00223342 -0.00300646 -0.00255116 -0.00354245 -0.00301308 -0.00255116 -0.00223342 -0.00301308 -0.00264623 -0.00535785 -0.00430598 -0.00616103 -0.00491425 -0.00430598 -0.00354245 -0.00491425 -0.0040409 -0.00616103 -0.00491425 -0.00690903 -0.0054648 -0.00491425 -0.0040409 -0.0054648 -0.00449593 -0.00354245 -0.00301308 -0.0040409 -0.00344938 -0.00301308 -0.00264623 -0.00344938 -0.00304175 -0.0040409 -0.00344938 -0.00449593 -0.0038571 -0.00344938 -0.00304175 -0.0038571 -0.00341807 -1.21514e-15 -1.1991e-15 -0.000459375 -0.000411084 -1.1991e-15 -1.00199e-15 -0.000411084 -0.000376605 -0.000459375 -0.000411084 -0.000915531 -0.000819957 -0.000411084 -0.000376605 -0.000819957 -0.000752039 -1.00199e-15 -6.3853e-16 -0.000376605 -0.000349032 -6.3853e-16 -1.18601e-16 -0.000349032 -0.000316477 -0.000376605 -0.000349032 -0.000752039 -0.000698662 -0.000349032 -0.000316477 -0.000698662 -0.000637405 -0.000915531 -0.000819957 -0.00136529 -0.00122441 -0.000819957 -0.000752039 -0.00122441 -0.00112502 -0.00136529 -0.00122441 -0.00180556 -0.00162225 -0.00122441 -0.00112502 -0.00162225 -0.00149408 -0.000752039 -0.000698662 -0.00112502 -0.00104917 -0.000698662 -0.000637405 -0.00104917 -0.000966613 -0.00112502 -0.00104917 -0.00149408 -0.00140021 -0.00104917 -0.000966613 -0.00140021 -0.00130663 -1.18601e-16 5.7308e-16 -0.000316477 -0.000253803 5.7308e-16 1.51021e-15 -0.000253803 -0.000116481 -0.000316477 -0.000253803 -0.000637405 -0.000519498 -0.000253803 -0.000116481 -0.000519498 -0.000251525 1.51021e-15 2.83007e-15 -0.000116481 0.000121077 2.83007e-15 4.45855e-15 0.000121077 0.00036632 -0.000116481 0.000121077 -0.000251525 0.000240691 0.000121077 0.00036632 0.000240691 0.000743507 -0.000637405 -0.000519498 -0.000966613 -0.000808736 -0.000519498 -0.000251525 -0.000808736 -0.000427803 -0.000966613 -0.000808736 -0.00130663 -0.00113219 -0.000808736 -0.000427803 -0.00113219 -0.000675709 -0.000251525 0.000240691 -0.000427803 0.000354612 0.000240691 0.000743507 0.000354612 0.00115155 -0.000427803 0.000354612 -0.000675709 0.000440998 0.000354612 0.00115155 0.000440998 0.00164193 -0.00180556 -0.00162225 -0.00223342 -0.00201133 -0.00162225 -0.00149408 -0.00201133 -0.00185748 -0.00223342 -0.00201133 -0.00264623 -0.0023896 -0.00201133 -0.00185748 -0.0023896 -0.00221326 -0.00149408 -0.00140021 -0.00185748 -0.0017506 -0.00140021 -0.00130663 -0.0017506 -0.00165804 -0.00185748 -0.0017506 -0.00221326 -0.00209821 -0.0017506 -0.00165804 -0.00209821 -0.00201904 -0.00264623 -0.0023896 -0.00304175 -0.00275518 -0.0023896 -0.00221326 -0.00275518 -0.00255918 -0.00304175 -0.00275518 -0.00341807 -0.00310605 -0.00275518 -0.00255918 -0.00310605 -0.00289238 -0.00221326 -0.00209821 -0.00255918 -0.00243994 -0.00209821 -0.00201904 -0.00243994 -0.00238626 -0.00255918 -0.00243994 -0.00289238 -0.00277007 -0.00243994 -0.00238626 -0.00277007 -0.00274 -0.00130663 -0.00113219 -0.00165804 -0.00149804 -0.00113219 -0.000675709 -0.00149804 -0.00103462 -0.00165804 -0.00149804 -0.00201904 -0.00191055 -0.00149804 -0.00103462 -0.00191055 -0.00156138 -0.000675709 0.000440998 -0.00103462 0.000393935 0.000440998 0.00164193 0.000393935 0.00235834 -0.00103462 0.000393935 -0.00156138 -0.000207674 0.000393935 0.00235834 -0.000207674 0.00363582 -0.00201904 -0.00191055 -0.00238626 -0.00238124 -0.00191055 -0.00156138 -0.00238124 -0.00241996 -0.00238626 -0.00238124 -0.00274 -0.00280459 -0.00238124 -0.00241996 -0.00280459 -0.0029626 -0.00156138 -0.000207674 -0.00241996 -0.00243324 -0.000207674 0.00363582 -0.00243324 0.00543829 -0.00241996 -0.00243324 -0.0029626 -0.00319186 -0.00243324 0.00543829 -0.00319186 -0.00323319 0.0059077 0.00601569 0.00581939 0.0056771 0.00601569 0.00526243 0.0056771 0.00505682 0.00581939 0.0056771 0.00555454 0.00538688 0.0056771 0.00505682 0.00538688 0.00486953 0.00526243 0.00440613 0.00505682 0.00428763 0.00440613 0.00355581 0.00428763 0.00348033 0.00505682 0.00428763 0.00486953 0.00417389 0.00428763 0.00348033 0.00417389 0.00340589 0.00555454 0.00538688 0.00531787 0.00516036 0.00538688 0.00486953 0.00516036 0.00470863 0.00531787 0.00516036 0.00512849 0.00498434 0.00516036 0.00470863 0.00498434 0.00457651 0.00486953 0.00417389 0.00470863 0.00407071 0.00417389 0.00340589 0.00407071 0.00333646 0.00470863 0.00407071 0.00457651 0.00398217 0.00407071 0.00333646 0.00398217 0.00327542 0.00355581 0.00272817 0.00348033 0.00266488 0.00272817 0.00190835 0.00266488 0.0018375 0.00348033 0.00266488 0.00340589 0.0026036 0.00266488 0.0018375 0.0026036 0.00177149 0.00190835 0.00107376 0.0018375 0.000981157 0.00107376 0.000197622 0.000981157 7.01515e-05 0.0018375 0.000981157 0.00177149 0.000897448 0.000981157 7.01515e-05 0.000897448 -4.20973e-05 0.00340589 0.0026036 0.00333646 0.00254687 0.0026036 0.00177149 0.00254687 0.00171207 0.00333646 0.00254687 0.00327542 0.00249712 0.00254687 0.00171207 0.00249712 0.00166097 0.00177149 0.000897448 0.00171207 0.000824026 0.000897448 -4.20973e-05 0.000824026 -0.000138066 0.00171207 0.000824026 0.00166097 0.000762257 0.000824026 -0.000138066 0.000762257 -0.000217016 0.00512849 0.00498434 0.00498531 0.00485193 0.00498434 0.00457651 0.00485193 0.00447392 0.00498531 0.00485193 0.00488539 0.00475944 0.00485193 0.00447392 0.00475944 0.00440085 0.00457651 0.00398217 0.00447392 0.00391105 0.00398217 0.00327542 0.00391105 0.00322541 0.00447392 0.00391105 0.00440085 0.00385916 0.00391105 0.00322541 0.00385916 0.00318838 0.00488539 0.00475944 0.00482637 0.00470471 0.00475944 0.00440085 0.00470471 0.00435712 0.00482637 0.00470471 0.00480685 0.00468659 0.00470471 0.00435712 0.00468659 0.00434257 0.00440085 0.00385916 0.00435712 0.00382763 0.00385916 0.00318838 0.00382763 0.00316565 0.00435712 0.00382763 0.00434257 0.00381706 0.00382763 0.00316565 0.00381706 0.00315799 0.00327542 0.00249712 0.00322541 0.00245636 0.00249712 0.00166097 0.00245636 0.00161969 0.00322541 0.00245636 0.00318838 0.00242613 0.00245636 0.00161969 0.00242613 0.00158938 0.00166097 0.000762257 0.00161969 0.000713204 0.000762257 -0.000217016 0.000713204 -0.000278563 0.00161969 0.000713204 0.00158938 0.000677646 0.000713204 -0.000278563 0.000677646 -0.000322549 0.00318838 0.00242613 0.00316565 0.00240756 0.00242613 0.00158938 0.00240756 0.00157086 0.00316565 0.00240756 0.00315799 0.00240129 0.00240756 0.00157086 0.00240129 0.00156463 0.00158938 0.000677646 0.00157086 0.000656109 0.000677646 -0.000322549 0.000656109 -0.000348936 0.00157086 0.000656109 0.00156463 0.000648896 0.000656109 -0.000348936 0.000648896 -0.00035773 0.000197622 -0.000763086 7.01515e-05 -0.000937142 -0.000763086 -0.00189116 -0.000937142 -0.00211147 7.01515e-05 -0.000937142 -4.20973e-05 -0.00108533 -0.000937142 -0.00211147 -0.00108533 -0.00229046 -0.00189116 -0.00332413 -0.00211147 -0.00355443 -0.00332413 -0.00521336 -0.00355443 -0.00535664 -0.00211147 -0.00355443 -0.00229046 -0.00372925 -0.00355443 -0.00535664 -0.00372925 -0.00544785 -4.20973e-05 -0.00108533 -0.000138066 -0.00120789 -0.00108533 -0.00229046 -0.00120789 -0.00243186 -0.000138066 -0.00120789 -0.000217016 -0.00130588 -0.00120789 -0.00243186 -0.00130588 -0.00254049 -0.00229046 -0.00372925 -0.00243186 -0.00385794 -0.00372925 -0.00544785 -0.00385794 -0.00550087 -0.00243186 -0.00385794 -0.00254049 -0.00395054 -0.00385794 -0.00550087 -0.00395054 -0.00552906 -0.00521336 -0.00758392 -0.00535664 -0.00749206 -0.00758392 -0.0101474 -0.00749206 -0.00969732 -0.00535664 -0.00749206 -0.00544785 -0.00738863 -0.00749206 -0.00969732 -0.00738863 -0.00931494 -0.0101474 -0.0122617 -0.00969732 -0.0114688 -0.0122617 -0.0132123 -0.0114688 -0.0122768 -0.00969732 -0.0114688 -0.00931494 -0.0108281 -0.0114688 -0.0122768 -0.0108281 -0.0115304 -0.00544785 -0.00738863 -0.00550087 -0.0072849 -0.00738863 -0.00931494 -0.0072849 -0.00899845 -0.00550087 -0.0072849 -0.00552906 -0.0071905 -0.0072849 -0.00899845 -0.0071905 -0.00874475 -0.00931494 -0.0108281 -0.00899845 -0.0103204 -0.0108281 -0.0115304 -0.0103204 -0.0109459 -0.00899845 -0.0103204 -0.00874475 -0.00992714 -0.0103204 -0.0109459 -0.00992714 -0.0104972 -0.000217016 -0.00130588 -0.000278563 -0.0013805 -0.00130588 -0.00254049 -0.0013805 -0.00262052 -0.000278563 -0.0013805 -0.000322549 -0.00143288 -0.0013805 -0.00262052 -0.00143288 -0.00267528 -0.00254049 -0.00395054 -0.00262052 -0.00401494 -0.00395054 -0.00552906 -0.00401494 -0.00554223 -0.00262052 -0.00401494 -0.00267528 -0.00405698 -0.00401494 -0.00554223 -0.00405698 -0.00554721 -0.000322549 -0.00143288 -0.000348936 -0.00146392 -0.00143288 -0.00267528 -0.00146392 -0.00270717 -0.000348936 -0.00146392 -0.00035773 -0.0014742 -0.00146392 -0.00270717 -0.0014742 -0.00271764 -0.00267528 -0.00405698 -0.00270717 -0.00408065 -0.00405698 -0.00554721 -0.00408065 -0.00554852 -0.00270717 -0.00408065 -0.00271764 -0.00408829 -0.00408065 -0.00554852 -0.00408829 -0.00554868 -0.00552906 -0.0071905 -0.00554223 -0.0071119 -0.0071905 -0.00874475 -0.0071119 -0.00855085 -0.00554223 -0.0071119 -0.00554721 -0.00705328 -0.0071119 -0.00855085 -0.00705328 -0.00841424 -0.00874475 -0.00992714 -0.00855085 -0.00963425 -0.00992714 -0.0104972 -0.00963425 -0.0101655 -0.00855085 -0.00963425 -0.00841424 -0.00943166 -0.00963425 -0.0101655 -0.00943166 -0.00993719 -0.00554721 -0.00705328 -0.00554852 -0.0070172 -0.00705328 -0.00841424 -0.0070172 -0.00833305 -0.00554852 -0.0070172 -0.00554868 -0.00700503 -0.0070172 -0.00833305 -0.00700503 -0.00830611 -0.00841424 -0.00943166 -0.00833305 -0.00931268 -0.00943166 -0.00993719 -0.00931268 -0.00980359 -0.00833305 -0.00931268 -0.00830611 -0.00927344 -0.00931268 -0.00980359 -0.00927344 -0.0097596 -0.0132123 -0.0126815 -0.0122768 -0.0118917 -0.0126815 -0.0109877 -0.0118917 -0.0105446 -0.0122768 -0.0118917 -0.0115304 -0.0112538 -0.0118917 -0.0105446 -0.0112538 -0.0101685 -0.0109877 -0.00884798 -0.0105446 -0.00876806 -0.00884798 -0.00690903 -0.00876806 -0.00707002 -0.0105446 -0.00876806 -0.0101685 -0.00867522 -0.00876806 -0.00707002 -0.00867522 -0.00717671 -0.0115304 -0.0112538 -0.0109459 -0.0107487 -0.0112538 -0.0101685 -0.0107487 -0.00985762 -0.0109459 -0.0107487 -0.0104972 -0.0103577 -0.0107487 -0.00985762 -0.0103577 -0.00960858 -0.0101685 -0.00867522 -0.00985762 -0.00858062 -0.00867522 -0.00717671 -0.00858062 -0.00724294 -0.00985762 -0.00858062 -0.00960858 -0.0084938 -0.00858062 -0.00724294 -0.0084938 -0.00728201 -0.00690903 -0.0054648 -0.00707002 -0.00571902 -0.0054648 -0.00449593 -0.00571902 -0.00474669 -0.00707002 -0.00571902 -0.00717671 -0.00591463 -0.00571902 -0.00474669 -0.00591463 -0.00495202 -0.00449593 -0.0038571 -0.00474669 -0.00406839 -0.0038571 -0.00341807 -0.00406839 -0.00358956 -0.00474669 -0.00406839 -0.00495202 -0.00424859 -0.00406839 -0.00358956 -0.00424859 -0.00373917 -0.00717671 -0.00591463 -0.00724294 -0.00606096 -0.00591463 -0.00495202 -0.00606096 -0.00511569 -0.00724294 -0.00606096 -0.00728201 -0.00616803 -0.00606096 -0.00511569 -0.00616803 -0.00524251 -0.00495202 -0.00424859 -0.00511569 -0.00439804 -0.00424859 -0.00373917 -0.00439804 -0.00386615 -0.00511569 -0.00439804 -0.00524251 -0.00451786 -0.00439804 -0.00386615 -0.00451786 -0.00397 -0.0104972 -0.0103577 -0.0101655 -0.0100665 -0.0103577 -0.00960858 -0.0100665 -0.00941838 -0.0101655 -0.0100665 -0.00993719 -0.00986519 -0.0100665 -0.00941838 -0.00986519 -0.00928445 -0.00960858 -0.0084938 -0.00941838 -0.00842115 -0.0084938 -0.00728201 -0.00842115 -0.00730369 -0.00941838 -0.00842115 -0.00928445 -0.00836682 -0.00842115 -0.00730369 -0.00836682 -0.00731478 -0.00993719 -0.00986519 -0.00980359 -0.00974698 -0.00986519 -0.00928445 -0.00974698 -0.00920487 -0.00980359 -0.00974698 -0.0097596 -0.00970799 -0.00974698 -0.00920487 -0.00970799 -0.00917847 -0.00928445 -0.00836682 -0.00920487 -0.00833333 -0.00836682 -0.00731478 -0.00833333 -0.00731975 -0.00920487 -0.00833333 -0.00917847 -0.00832202 -0.00833333 -0.00731975 -0.00832202 -0.00732114 -0.00728201 -0.00616803 -0.00730369 -0.0062437 -0.00616803 -0.00524251 -0.0062437 -0.00533666 -0.00730369 -0.0062437 -0.00731478 -0.00629379 -0.0062437 -0.00533666 -0.00629379 -0.00540149 -0.00524251 -0.00451786 -0.00533666 -0.00460934 -0.00451786 -0.00397 -0.00460934 -0.0040506 -0.00533666 -0.00460934 -0.00540149 -0.0046737 -0.00460934 -0.0040506 -0.0046737 -0.00410801 -0.00731478 -0.00629379 -0.00731975 -0.0063223 -0.00629379 -0.00540149 -0.0063223 -0.00543942 -0.00731975 -0.0063223 -0.00732114 -0.00633155 -0.0063223 -0.00543942 -0.00633155 -0.0054519 -0.00540149 -0.0046737 -0.00543942 -0.00471189 -0.0046737 -0.00410801 -0.00471189 -0.00414238 -0.00543942 -0.00471189 -0.0054519 -0.00472455 -0.00471189 -0.00414238 -0.00472455 -0.00415382 -0.00341807 -0.00310605 -0.00358956 -0.00324837 -0.00310605 -0.00289238 -0.00324837 -0.00301479 -0.00358956 -0.00324837 -0.00373917 -0.00337329 -0.00324837 -0.00301479 -0.00337329 -0.00312159 -0.00289238 -0.00277007 -0.00301479 -0.00287702 -0.00277007 -0.00274 -0.00287702 -0.00283073 -0.00301479 -0.00287702 -0.00312159 -0.00296905 -0.00287702 -0.00283073 -0.00296905 -0.00290704 -0.00373917 -0.00337329 -0.00386615 -0.00348013 -0.00337329 -0.00312159 -0.00348013 -0.0032126 -0.00386615 -0.00348013 -0.00397 -0.00356819 -0.00348013 -0.0032126 -0.00356819 -0.00328745 -0.00312159 -0.00296905 -0.0032126 -0.00304657 -0.00296905 -0.00290704 -0.00304657 -0.00297011 -0.0032126 -0.00304657 -0.00328745 -0.00310976 -0.00304657 -0.00297011 -0.00310976 -0.00302074 -0.00274 -0.00280459 -0.00283073 -0.00287242 -0.00280459 -0.0029626 -0.00287242 -0.00299245 -0.00283073 -0.00287242 -0.00290704 -0.00292705 -0.00287242 -0.00299245 -0.00292705 -0.00301311 -0.0029626 -0.00319186 -0.00299245 -0.00315604 -0.00319186 -0.00323319 -0.00315604 -0.00322025 -0.00299245 -0.00315604 -0.00301311 -0.00312476 -0.00315604 -0.00322025 -0.00312476 -0.00317418 -0.00290704 -0.00292705 -0.00297011 -0.00297077 -0.00292705 -0.00301311 -0.00297077 -0.00302864 -0.00297011 -0.00297077 -0.00302074 -0.00300506 -0.00297077 -0.00302864 -0.00300506 -0.00304068 -0.00301311 -0.00312476 -0.00302864 -0.00310478 -0.00312476 -0.00317418 -0.00310478 -0.00313953 -0.00302864 -0.00310478 -0.00304068 -0.00309228 -0.00310478 -0.00313953 -0.00309228 -0.00311627 -0.00397 -0.00356819 -0.0040506 -0.00363699 -0.00356819 -0.00328745 -0.00363699 -0.00334587 -0.0040506 -0.00363699 -0.00410801 -0.00368626 -0.00363699 -0.00334587 -0.00368626 -0.00338769 -0.00328745 -0.00310976 -0.00334587 -0.00315874 -0.00310976 -0.00302074 -0.00315874 -0.00305954 -0.00334587 -0.00315874 -0.00338769 -0.00319365 -0.00315874 -0.00305954 -0.00319365 -0.00308695 -0.00410801 -0.00368626 -0.00414238 -0.00371586 -0.00368626 -0.00338769 -0.00371586 -0.00341282 -0.00414238 -0.00371586 -0.00415382 -0.00372574 -0.00371586 -0.00341282 -0.00372574 -0.0034212 -0.00338769 -0.00319365 -0.00341282 -0.00321455 -0.00319365 -0.00308695 -0.00321455 -0.00310328 -0.00341282 -0.00321455 -0.0034212 -0.00322151 -0.00321455 -0.00310328 -0.00322151 -0.00310871 -0.00302074 -0.00300506 -0.00305954 -0.00303093 -0.00300506 -0.00304068 -0.00303093 -0.00304991 -0.00305954 -0.00303093 -0.00308695 -0.00304903 -0.00303093 -0.00304991 -0.00304903 -0.00305652 -0.00304068 -0.00309228 -0.00304991 -0.00308466 -0.00309228 -0.00311627 -0.00308466 -0.00310132 -0.00304991 -0.00308466 -0.00305652 -0.00308027 -0.00308466 -0.00310132 -0.00308027 -0.00309221 -0.00308695 -0.00304903 -0.00310328 -0.00305975 -0.00304903 -0.00305652 -0.00305975 -0.00306052 -0.00310328 -0.00305975 -0.00310871 -0.0030633 -0.00305975 -0.00306052 -0.0030633 -0.00306186 -0.00305652 -0.00308027 -0.00306052 -0.00307804 -0.00308027 -0.00309221 -0.00307804 -0.00308735 -0.00306052 -0.00307804 -0.00306186 -0.00307736 -0.00307804 -0.00308735 -0.00307736 -0.00308582 
SCALARS conc double 1
LOOKUP_TABLE default
0 0 0 0.444755 0 0 0.444755 0.827182 0 0.444755 0 0.885166 0.444755 0.827182 0.885166 1.64037 0 0 0.827182 1.12465 0 0 1.12465 1.34983 0.827182 1.12465 1.64037 2.22251 1.12465 1.34983 2.22251 2.66133 0 0.885166 0 1.31864 0.885166 1.64037 1.31864 2.42785 0 1.31864 0 1.7456 1.31864 2.42785 1.7456 3.18017 1.64037 2.22251 2.42785 3.26922 2.22251 2.66133 3.26922 3.89918 2.42785 3.26922 3.18017 4.24165 3.26922 3.89918 4.24165 5.02969 0 0 1.34983 1.52585 0 0 1.52585 1.6707 1.34983 1.52585 2.66133 3.00462 1.52585 1.6707 3.00462 3.28777 0 0 1.6707 1.79487 0 0 1.79487 1.90367 1.6707 1.79487 3.28777 3.53094 1.79487 1.90367 3.53094 3.74427 2.66133 3.00462 3.89918 4.39286 3.00462 3.28777 4.39286 4.80159 3.89918 4.39286 5.02969 5.64941 4.39286 4.80159 5.64941 6.16526 3.28777 3.53094 4.80159 5.15363 3.53094 3.74427 5.15363 5.46301 4.80159 5.15363 6.16526 6.61131 5.15363 5.46301 6.61131 7.00424 0 1.7456 0 2.17171 1.7456 3.18017 2.17171 3.89033 0 2.17171 0 2.61222 2.17171 3.89033 2.61222 4.55328 3.18017 4.24165 3.89033 5.11701 4.24165 5.02969 5.11701 6.02033 3.89033 5.11701 4.55328 5.87158 5.11701 6.02033 5.87158 6.83979 0 2.61222 0 3.10121 2.61222 4.55328 3.10121 5.16265 0 3.10121 0 3.71305 3.10121 5.16265 3.71305 5.69817 4.55328 5.87158 5.16265 6.47924 5.87158 6.83979 6.47924 7.45851 5.16265 6.47924 5.69817 6.91154 6.47924 7.45851 6.91154 7.84941 5.02969 5.64941 6.02033 6.73535 5.64941 6.16526 6.73535 7.33481 6.02033 6.73535 6.83979 7.61446 6.73535 7.33481 7.61446 8.26989 6.16526 6.61131 7.33481 7.85579 6.61131 7.00424 7.85579 8.31609 7.33481 7.85579 8.26989 8.84319 7.85579 8.31609 8.84319 9.35154 6.83979 7.61446 7.45851 8.25373 7.61446 8.26989 8.25373 8.93462 7.45851 8.25373 7.84941 8.62394 8.25373 8.93462 8.62394 9.29834 8.26989 8.84319 8.93462 9.53491 8.84319 9.35154 9.53491 10.0694 8.93462 9.53491 9.29834 9.89846 9.53491 10.0694 9.89846 10.4355 0 0 1.90367 1.99952 0 0 1.99952 2.08327 1.90367 1.99952 3.74427 3.93231 1.99952 2.08327 3.93231 4.09666 0 0 2.08327 2.15495 0 0 2.15495 2.21417 2.08327 2.15495 4.09666 4.23734 2.15495 2.21417 4.23734 4.35354 3.74427 3.93231 5.46301 5.73597 3.93231 4.09666 5.73597 5.97462 5.46301 5.73597 7.00424 7.35131 5.73597 5.97462 7.35131 7.6549 4.09666 4.23734 5.97462 6.1789 4.23734 4.35354 6.1789 6.3476 5.97462 6.1789 7.6549 7.91478 6.1789 6.3476 7.91478 8.12932 0 0 2.21417 2.26032 0 0 2.26032 2.29283 2.21417 2.26032 4.35354 4.44407 2.26032 2.29283 4.44407 4.50775 0 0 2.29283 2.3113 0 0 2.3113 2.31574 2.29283 2.3113 4.50775 4.5438 2.3113 2.31574 4.5438 4.55221 4.35354 4.44407 6.3476 6.47893 4.44407 4.50775 6.47893 6.57107 6.3476 6.47893 8.12932 8.29612 6.47893 6.57107 8.29612 8.41271 4.50775 4.5438 6.57107 6.62284 4.5438 4.55221 6.62284 6.63422 6.57107 6.62284 8.41271 8.47742 6.62284 6.63422 8.47742 8.49026 7.00424 7.35131 8.31609 8.72327 7.35131 7.6549 8.72327 9.07962 8.31609 8.72327 9.35154 9.80199 8.72327 9.07962 9.80199 10.1964 7.6549 7.91478 9.07962 9.38466 7.91478 8.12932 9.38466 9.63636 9.07962 9.38466 10.1964 10.5341 9.38466 9.63636 10.5341 10.8125 9.35154 9.80199 10.0694 10.544 9.80199 10.1964 10.544 10.9598 10.0694 10.544 10.4355 10.9133 10.544 10.9598 10.9133 11.332 10.1964 10.5341 10.9598 11.3156 10.5341 10.8125 11.3156 11.6088 10.9598 11.3156 11.332 11.6903 11.3156 11.6088 11.6903 11.9851 8.12932 8.29612 9.63636 9.83172 8.29612 8.41271 9.83172 9.96753 9.63636 9.83172 10.8125 11.0281 9.83172 9.96753 11.0281 11.1769 8.41271 8.47742 9.96753 10.0416 8.47742 8.49026 10.0416 10.0539 9.96753 10.0416 11.1769 11.256 10.0416 10.0539 11.256 11.2654 10.8125 11.0281 11.6088 11.8353 11.0281 11.1769 11.8353 11.9901 11.6088 11.8353 11.9851 12.2122 11.8353 11.9901 12.2122 12.3655 11.1769 11.256 11.9901 12.0694 11.256 11.2654 12.0694 12.073 11.9901 12.0694 12.3655 12.4397 12.0694 12.073 12.4397 12.4344 0 0 2.31574 2.3065 0 0 2.3065 2.28408 2.31574 2.3065 4.55221 4.53372 2.3065 2.28408 4.53372 4.48939 0 0 2.28408 2.24886 0 0 2.24886 2.20092 2.28408 2.24886 4.48939 4.42001 2.24886 2.20092 4.42001 4.32572 4.55221 4.53372 6.63422 6.60643 4.53372 4.48939 6.60643 6.54116 6.63422 6.60643 8.49026 8.45302 6.60643 6.54116 8.45302 8.36819 4.48939 4.42001 6.54116 6.43965 4.42001 4.32572 6.43965 6.3021 6.54116 6.43965 8.36819 8.23755 6.43965 6.3021 8.23755 8.06128 0 0 2.20092 2.14006 0 0 2.14006 2.06593 2.20092 2.14006 4.32572 4.20608 2.14006 2.06593 4.20608 4.06041 0 0 2.06593 1.97814 0 0 1.97814 1.87613 2.06593 1.97814 4.06041 3.88792 1.97814 1.87613 3.88792 3.68759 4.32572 4.20608 6.3021 6.12778 4.20608 4.06041 6.12778 5.91562 6.3021 6.12778 8.06128 7.83829 6.12778 5.91562 7.83829 7.56707 4.06041 3.88792 5.91562 5.66452 3.88792 3.68759 5.66452 5.37308 5.91562 5.66452 7.56707 7.24626 5.66452 5.37308 7.24626 6.87429 8.49026 8.45302 10.0539 10.007 8.45302 8.36819 10.007 9.90437 10.0539 10.007 11.2654 11.2084 10.007 9.90437 11.2084 11.0902 8.36819 8.23755 9.90437 9.74847 8.23755 8.06128 9.74847 9.53941 9.90437 9.74847 11.0902 10.9137 9.74847 9.53941 10.9137 10.6791 11.2654 11.2084 12.073 12.0056 11.2084 11.0902 12.0056 11.874 12.073 12.0056 12.4344 12.356 12.0056 11.874 12.356 12.2138 11.0902 10.9137 11.874 11.6826 10.9137 10.6791 11.6826 11.4307 11.874 11.6826 12.2138 12.0135 11.6826 11.4307 12.0135 11.7539 8.06128 7.83829 9.53941 9.27556 7.83829 7.56707 9.27556 8.9549 9.53941 9.27556 10.6791 10.3838 9.27556 8.9549 10.3838 10.0253 7.56707 7.24626 8.9549 8.57587 7.24626 6.87429 8.57587 8.13698 8.9549 8.57587 10.0253 9.60181 8.57587 8.13698 9.60181 9.11226 10.6791 10.3838 11.4307 11.1149 10.3838 10.0253 11.1149 10.7317 11.4307 11.1149 11.7539 11.4296 11.1149 10.7317 11.4296 11.0363 10.0253 9.60181 10.7317 10.2795 9.60181 9.11226 10.2795 9.75775 10.7317 10.2795 11.0363 10.5724 10.2795 9.75775 10.5724 10.0386 0 0 1.87613 1.75888 0 0 1.75888 1.62429 1.87613 1.75888 3.68759 3.45748 1.75888 1.62429 3.45748 3.19361 0 0 1.62429 1.4683 0 0 1.4683 1.28335 1.62429 1.4683 3.19361 2.88819 1.4683 1.28335 2.88819 2.52677 3.68759 3.45748 5.37308 5.0387 3.45748 3.19361 5.0387 4.65592 5.37308 5.0387 6.87429 6.4482 5.0387 4.65592 6.4482 5.96158 3.19361 2.88819 4.65592 4.2139 2.88819 2.52677 4.2139 3.69244 4.65592 4.2139 5.96158 5.40155 4.2139 3.69244 5.40155 4.74376 0 0 1.28335 1.05652 0 0 1.05652 0.769904 1.28335 1.05652 2.52677 2.08417 1.05652 0.769904 2.08417 1.52377 0 0 0.769904 0.411903 0 0 0.411903 0 0.769904 0.411903 1.52377 0.818291 0.411903 0 0.818291 0 2.52677 2.08417 3.69244 3.05575 2.08417 1.52377 3.05575 2.24737 3.69244 3.05575 4.74376 3.94452 3.05575 2.24737 3.94452 2.928 1.52377 0.818291 2.24737 1.21543 0.818291 0 1.21543 0 2.24737 1.21543 2.928 1.60277 1.21543 0 1.60277 0 6.87429 6.4482 8.13698 7.6353 6.4482 5.96158 7.6353 7.06414 8.13698 7.6353 9.11226 8.55418 7.6353 7.06414 8.55418 7.92132 5.96158 5.40155 7.06414 6.40974 5.40155 4.74376 6.40974 5.64556 7.06414 6.40974 7.92132 7.20032 6.40974 5.64556 7.20032 6.36482 9.11226 8.55418 9.75775 9.16495 8.55418 7.92132 9.16495 8.49607 9.75775 9.16495 10.0386 9.43467 9.16495 8.49607 9.43467 8.75721 7.92132 7.20032 8.49607 7.73909 7.20032 6.36482 7.73909 6.8713 8.49607 7.73909 8.75721 7.99749 7.73909 6.8713 7.99749 7.1353 4.74376 3.94452 5.64556 4.72371 3.94452 2.928 4.72371 3.55413 5.64556 4.72371 6.36482 5.36585 4.72371 3.55413 5.36585 4.11338 2.928 1.60277 3.55413 1.98565 1.60277 0 1.98565 0 3.55413 1.98565 4.11338 2.38125 1.98565 0 2.38125 0 6.36482 5.36585 6.8713 5.84376 5.36585 4.11338 5.84376 4.58424 6.8713 5.84376 7.1353 6.1408 5.84376 4.58424 6.1408 4.9068 4.11338 2.38125 4.58424 2.83233 2.38125 0 2.83233 0 4.58424 2.83233 4.9068 3.44223 2.83233 0 3.44223 0 0 3.71305 1 5.58431 3.71305 5.69817 5.58431 7.23113 1 5.58431 1 7.68212 5.58431 7.23113 7.68212 8.48427 5.69817 6.91154 7.23113 8.41027 6.91154 7.84941 8.41027 9.36452 7.23113 8.41027 8.48427 9.77411 8.41027 9.36452 9.77411 10.6986 1 7.68212 1 9.81309 7.68212 8.48427 9.81309 9.36317 1 9.81309 1 11.7694 9.81309 9.36317 11.7694 9.89957 8.48427 9.77411 9.36317 10.9833 9.77411 10.6986 10.9833 11.8143 9.36317 10.9833 9.89957 12.0275 10.9833 11.8143 12.0275 12.6973 7.84941 8.62394 9.36452 10.1795 8.62394 9.29834 10.1795 10.9079 9.36452 10.1795 10.6986 11.5515 10.1795 10.9079 11.5515 12.3173 9.29834 9.89846 10.9079 11.5632 9.89846 10.4355 11.5632 12.1526 10.9079 11.5632 12.3173 13.0139 11.5632 12.1526 13.0139 13.6413 10.6986 11.5515 11.8143 12.7245 11.5515 12.3173 12.7245 13.5109 11.8143 12.7245 12.6973 13.6929 12.7245 13.5109 13.6929 14.4808 12.3173 13.0139 13.5109 14.2402 13.0139 13.6413 14.2402 14.893 13.5109 14.2402 14.4808 15.2382 14.2402 14.893 15.2382 15.9057 1 11.7694 1 13.3969 11.7694 9.89957 13.3969 10.1837 1 13.3969 1 14.6025 13.3969 10.1837 14.6025 10.3122 9.89957 12.0275 10.1837 12.8866 12.0275 12.6973 12.8866 13.3533 10.1837 12.8866 10.3122 13.531 12.8866 13.3533 13.531 13.8 1 14.6025 1 15.3391 14.6025 10.3122 15.3391 10.3597 1 15.3391 1 15.5864 15.3391 10.3597 15.5864 10.3707 10.3122 13.531 10.3597 13.9315 13.531 13.8 13.9315 14.0579 10.3597 13.9315 10.3707 14.0674 13.9315 14.0579 14.0674 14.142 12.6973 13.6929 13.3533 14.4536 13.6929 14.4808 14.4536 15.2258 13.3533 14.4536 13.8 15.0025 14.4536 15.2258 15.0025 15.7505 14.4808 15.2382 15.2258 16.0092 15.2382 15.9057 16.0092 16.6824 15.2258 16.0092 15.7505 16.5562 16.0092 16.6824 16.5562 17.2295 13.8 15.0025 14.0579 15.3347 15.0025 15.7505 15.3347 16.0615 14.0579 15.3347 14.142 15.4459 15.3347 16.0615 15.4459 16.1644 15.7505 16.5562 16.0615 16.8828 16.5562 17.2295 16.8828 17.554 16.0615 16.8828 16.1644 16.9914 16.8828 17.554 16.9914 17.6616 10.4355 10.9133 12.1526 12.677 10.9133 11.332 12.677 13.135 12.1526 12.677 13.6413 14.1988 12.677 13.135 14.1988 14.6834 11.332 11.6903 13.135 13.5236 11.6903 11.9851 13.5236 13.8382 13.135 13.5236 14.6834 15.0908 13.5236 13.8382 15.0908 15.4155 13.6413 14.1988 14.893 15.4726 14.1988 14.6834 15.4726 15.9729 14.893 15.4726 15.9057 16.4989 15.4726 15.9729 16.4989 17.0068 14.6834 15.0908 15.9729 16.3896 15.0908 15.4155 16.3896 16.717 15.9729 16.3896 17.0068 17.4265 16.3896 16.717 17.4265 17.7522 11.9851 12.2122 13.8382 14.073 12.2122 12.3655 14.073 14.2225 13.8382 14.073 15.4155 15.6515 14.073 14.2225 15.6515 15.7942 12.3655 12.4397 14.2225 14.2839 12.4397 12.4344 14.2839 14.2606 14.2225 14.2839 15.7942 15.8434 14.2839 14.2606 15.8434 15.8042 15.4155 15.6515 16.717 16.9498 15.6515 15.7942 16.9498 17.0851 16.717 16.9498 17.7522 17.9802 16.9498 17.0851 17.9802 18.1089 15.7942 15.8434 17.0851 17.1242 15.8434 15.8042 17.1242 17.0721 17.0851 17.1242 18.1089 18.14 17.1242 17.0721 18.14 18.0777 15.9057 16.4989 16.6824 17.2839 16.4989 17.0068 17.2839 17.7939 16.6824 17.2839 17.2295 17.8358 17.2839 17.7939 17.8358 18.3452 17.0068 17.4265 17.7939 18.2132 17.4265 17.7522 18.2132 18.5356 17.7939 18.2132 18.3452 18.763 18.2132 18.5356 18.763 19.0822 17.2295 17.8358 17.554 18.1631 17.8358 18.3452 18.1631 18.6712 17.554 18.1631 17.6616 18.2715 18.1631 18.6712 18.2715 18.779 18.3452 18.763 18.6712 19.0876 18.763 19.0822 19.0876 19.4046 18.6712 19.0876 18.779 19.195 19.0876 19.4046 19.195 19.5112 17.7522 17.9802 18.5356 18.759 17.9802 18.1089 18.759 18.8824 18.5356 18.759 19.0822 19.3021 18.759 18.8824 19.3021 19.4218 18.1089 18.14 18.8824 18.9075 18.14 18.0777 18.9075 18.837 18.8824 18.9075 19.4218 19.4426 18.9075 18.837 19.4426 19.3658 19.0822 19.3021 19.4046 19.6224 19.3021 19.4218 19.6224 19.74 19.4046 19.6224 19.5112 19.7282 19.6224 19.74 19.7282 19.8451 19.4218 19.4426 19.74 19.7581 19.4426 19.3658 19.7581 19.6774 19.74 19.7581 19.8451 19.8623 19.7581 19.6774 19.8623 19.7803 12.4344 12.356 14.2606 14.1605 12.356 12.2138 14.1605 13.9912 14.2606 14.1605 15.8042 15.6844 14.1605 13.9912 15.6844 15.4893 12.2138 12.0135 13.9912 13.7549 12.0135 11.7539 13.7549 13.4483 13.9912 13.7549 15.4893 15.219 13.7549 13.4483 15.219 14.8696 15.8042 15.6844 17.0721 16.9352 15.6844 15.4893 16.9352 16.7165 17.0721 16.9352 18.0777 17.926 16.9352 16.7165 17.926 17.6866 15.4893 15.219 16.7165 16.4151 15.219 14.8696 16.4151 16.028 16.7165 16.4151 17.6866 17.3586 16.4151 16.028 17.3586 16.9404 11.7539 11.4296 13.4483 13.0665 11.4296 11.0363 13.0665 12.6069 13.4483 13.0665 14.8696 14.4373 13.0665 12.6069 14.4373 13.9217 11.0363 10.5724 12.6069 12.0702 10.5724 10.0386 12.0702 11.4586 12.6069 12.0702 13.9217 13.3249 12.0702 11.4586 13.3249 12.6508 14.8696 14.4373 16.028 15.5534 14.4373 13.9217 15.5534 14.9926 16.028 15.5534 16.9404 16.4325 15.5534 14.9926 16.4325 15.8381 13.9217 13.3249 14.9926 14.3497 13.3249 12.6508 14.3497 13.6296 14.9926 14.3497 15.8381 15.1626 14.3497 13.6296 15.1626 14.4125 18.0777 17.926 18.837 18.6731 17.926 17.6866 18.6731 18.4167 18.837 18.6731 19.3658 19.1928 18.6731 18.4167 19.1928 18.9238 17.6866 17.3586 18.4167 18.0675 17.3586 16.9404 18.0675 17.6258 18.4167 18.0675 18.9238 18.5596 18.0675 17.6258 18.5596 18.1019 19.3658 19.1928 19.6774 19.4986 19.1928 18.9238 19.4986 19.222 19.6774 19.4986 19.7803 19.5995 19.4986 19.222 19.5995 19.3203 18.9238 18.5596 19.222 18.8489 18.5596 18.1019 18.8489 18.3821 19.222 18.8489 19.3203 18.9443 18.8489 18.3821 18.9443 18.4745 16.9404 16.4325 17.6258 17.094 16.4325 15.8381 17.094 16.4767 17.6258 17.094 18.1019 17.5545 17.094 16.4767 17.5545 16.9232 15.8381 15.1626 16.4767 15.7806 15.1626 14.4125 15.7806 15.0138 16.4767 15.7806 16.9232 16.2159 15.7806 15.0138 16.2159 15.4418 18.1019 17.5545 18.3821 17.8261 17.5545 16.9232 17.8261 17.1877 18.3821 17.8261 18.4745 17.9159 17.8261 17.1877 17.9159 17.2753 16.9232 16.2159 17.1877 16.4752 16.2159 15.4418 16.4752 15.6989 17.1877 16.4752 17.2753 16.5614 16.4752 15.6989 16.5614 15.7848 10.0386 9.43467 11.4586 10.7733 9.43467 8.75721 10.7733 10.0137 11.4586 10.7733 12.6508 11.9026 10.7733 10.0137 11.9026 11.0823 8.75721 7.99749 10.0137 9.17439 7.99749 7.1353 9.17439 8.24525 10.0137 9.17439 11.0823 10.1898 9.17439 8.24525 10.1898 9.22251 12.6508 11.9026 13.6296 12.8379 11.9026 11.0823 12.8379 11.9797 13.6296 12.8379 14.4125 13.5955 12.8379 11.9797 13.5955 12.72 11.0823 10.1898 11.9797 11.0605 10.1898 9.22251 11.0605 10.0875 11.9797 11.0605 12.72 11.7973 11.0605 10.0875 11.7973 10.8435 7.1353 6.1408 8.24525 7.19866 6.1408 4.9068 7.19866 6.01607 8.24525 7.19866 9.22251 8.17629 7.19866 6.01607 8.17629 7.03989 4.9068 3.44223 6.01607 4.48554 3.44223 0 4.48554 2.99174 6.01607 4.48554 7.03989 5.80973 4.48554 2.99174 5.80973 5.0435 9.22251 8.17629 10.0875 9.07338 8.17629 7.03989 9.07338 8.04111 10.0875 9.07338 10.8435 9.88554 9.07338 8.04111 9.88554 8.97651 7.03989 5.80973 8.04111 7.10279 5.80973 5.0435 7.10279 6.65302 8.04111 7.10279 8.97651 8.25092 7.10279 6.65302 8.25092 7.95233 14.4125 13.5955 15.0138 14.186 13.5955 12.72 14.186 13.3088 15.0138 14.186 15.4418 14.6122 14.186 13.3088 14.6122 13.7416 12.72 11.7973 13.3088 12.3981 11.7973 10.8435 12.3981 11.4771 13.3088 12.3981 13.7416 12.849 12.3981 11.4771 12.849 11.962 15.4418 14.6122 15.6989 14.8712 14.6122 13.7416 14.8712 14.0081 15.6989 14.8712 15.7848 14.9583 14.8712 14.0081 14.9583 14.0983 13.7416 12.849 14.0081 13.1306 12.849 11.962 13.1306 12.2682 14.0081 13.1306 14.0983 13.2265 13.1306 12.2682 13.2265 12.373 10.8435 9.88554 11.4771 10.5829 9.88554 8.97651 10.5829 9.78157 11.4771 10.5829 11.962 11.1225 10.5829 9.78157 11.1225 10.3981 8.97651 8.25092 9.78157 9.19289 8.25092 7.95233 9.19289 8.96952 9.78157 9.19289 10.3981 9.88955 9.19289 8.96952 9.88955 9.70369 11.962 11.1225 12.2682 11.4643 11.1225 10.3981 11.4643 10.7841 12.2682 11.4643 12.373 11.5813 11.4643 10.7841 11.5813 10.9154 10.3981 9.88955 10.7841 10.3164 9.88955 9.70369 10.3164 10.148 10.7841 10.3164 10.9154 10.4601 10.3164 10.148 10.4601 10.2967 1 15.5864 1 15.3391 15.5864 10.3707 15.3391 10.3597 1 15.3391 1 14.6025 15.3391 10.3597 14.6025 10.3122 10.3707 14.0674 10.3597 13.9315 14.0674 14.142 13.9315 14.0579 10.3597 13.9315 10.3122 13.531 13.9315 14.0579 13.531 13.8 1 14.6025 1 13.3969 14.6025 10.3122 13.3969 10.1837 1 13.3969 1 11.7694 13.3969 10.1837 11.7694 9.89957 10.3122 13.531 10.1837 12.8866 13.531 13.8 12.8866 13.3533 10.1837 12.8866 9.89957 12.0275 12.8866 13.3533 12.0275 12.6973 14.142 15.4459 14.0579 15.3347 15.4459 16.1644 15.3347 16.0615 14.0579 15.3347 13.8 15.0025 15.3347 16.0615 15.0025 15.7505 16.1644 16.9914 16.0615 16.8828 16.9914 17.6616 16.8828 17.554 16.0615 16.8828 15.7505 16.5562 16.8828 17.554 16.5562 17.2295 13.8 15.0025 13.3533 14.4536 15.0025 15.7505 14.4536 15.2258 13.3533 14.4536 12.6973 13.6929 14.4536 15.2258 13.6929 14.4808 15.7505 16.5562 15.2258 16.0092 16.5562 17.2295 16.0092 16.6824 15.2258 16.0092 14.4808 15.2382 16.0092 16.6824 15.2382 15.9057 1 11.7694 1 9.81309 11.7694 9.89957 9.81309 9.36317 1 9.81309 1 7.68212 9.81309 9.36317 7.68212 8.48427 9.89957 12.0275 9.36317 10.9833 12.0275 12.6973 10.9833 11.8143 9.36317 10.9833 8.48427 9.77411 10.9833 11.8143 9.77411 10.6986 1 7.68212 1 5.58431 7.68212 8.48427 5.58431 7.23113 1 5.58431 0 3.71305 5.58431 7.23113 3.71305 5.69817 8.48427 9.77411 7.23113 8.41027 9.77411 10.6986 8.41027 9.36452 7.23113 8.41027 5.69817 6.91154 8.41027 9.36452 6.91154 7.84941 12.6973 13.6929 11.8143 12.7245 13.6929 14.4808 12.7245 13.5109 11.8143 12.7245 10.6986 11.5515 12.7245 13.5109 11.5515 12.3173 14.4808 15.2382 13.5109 14.2402 15.2382 15.9057 14.2402 14.893 13.5109 14.2402 12.3173 13.0139 14.2402 14.893 13.0139 13.6413 10.6986 11.5515 9.36452 10.1795 11.5515 12.3173 10.1795 10.9079 9.36452 10.1795 7.84941 8.62394 10.1795 10.9079 8.62394 9.29834 12.3173 13.0139 10.9079 11.5632 13.0139 13.6413 11.5632 12.1526 10.9079 11.5632 9.29834 9.89846 11.5632 12.1526 9.89846 10.4355 17.6616 18.2715 17.554 18.1631 18.2715 18.779 18.1631 18.6712 17.554 18.1631 17.2295 17.8358 18.1631 18.6712 17.8358 18.3452 18.779 19.195 18.6712 19.0876 19.195 19.5112 19.0876 19.4046 18.6712 19.0876 18.3452 18.763 19.0876 19.4046 18.763 19.0822 17.2295 17.8358 16.6824 17.2839 17.8358 18.3452 17.2839 17.7939 16.6824 17.2839 15.9057 16.4989 17.2839 17.7939 16.4989 17.0068 18.3452 18.763 17.7939 18.2132 18.763 19.0822 18.2132 18.5356 17.7939 18.2132 17.0068 17.4265 18.2132 18.5356 17.4265 17.7522 19.5112 19.7282 19.4046 19.6224 19.7282 19.8451 19.6224 19.74 19.4046 19.6224 19.0822 19.3021 19.6224 19.74 19.3021 19.4218 19.8451 19.8623 19.74 19.7581 19.8623 19.7803 19.7581 19.6774 19.74 19.7581 19.4218 19.4426 19.7581 19.6774 19.4426 19.3658 19.0822 19.3021 18.5356 18.759 19.3021 19.4218 18.759 18.8824 18.5356 18.759 17.7522 17.9802 18.759 18.8824 17.9802 18.1089 19.4218 19.4426 18.8824 18.9075 19.4426 19.3658 18.9075 18.837 18.8824 18.9075 18.1089 18.14 18.9075 18.837 18.14 18.0777 15.9057 16.4989 14.893 15.4726 16.4989 17.0068 15.4726 15.9729 14.893 15.4726 13.6413 14.1988 15.4726 15.9729 14.1988 14.6834 17.0068 17.4265 15.9729 16.3896 17.4265 17.7522 16.3896 16.717 15.9729 16.3896 14.6834 15.0908 16.3896 16.717 15.0908 15.4155 13.6413 14.1988 12.1526 12.677 14.1988 14.6834 12.677 13.135 12.1526 12.677 10.4355 10.9133 12.677 13.135 10.9133 11.332 14.6834 15.0908 13.135 13.5236 15.0908 15.4155 13.5236 13.8382 13.135 13.5236 11.332 11.6903 13.5236 13.8382 11.6903 11.9851 17.7522 17.9802 16.717 16.9498 17.9802 18.1089 16.9498 17.0851 16.717 16.9498 15.4155 15.6515 16.9498 17.0851 15.6515 15.7942 18.1089 18.14 17.0851 17.1242 18.14 18.0777 17.1242 17.0721 17.0851 17.1242 15.7942 15.8434 17.1242 17.0721 15.8434 15.8042 15.4155 15.6515 13.8382 14.073 15.6515 15.7942 14.073 14.2225 13.8382 14.073 11.9851 12.2122 14.073 14.2225 12.2122 12.3655 15.7942 15.8434 14.2225 14.2839 15.8434 15.8042 14.2839 14.2606 14.2225 14.2839 12.3655 12.4397 14.2839 14.2606 12.4397 12.4344 19.7803 19.5995 19.6774 19.4986 19.5995 19.3203 19.4986 19.222 19.6774 19.4986 19.3658 19.1928 19.4986 19.222 19.1928 18.9238 19.3203 18.9443 19.222 18.8489 18.9443 18.4745 18.8489 18.3821 19.222 18.8489 18.9238 18.5596 18.8489 18.3821 18.5596 18.1019 19.3658 19.1928 18.837 18.6731 19.1928 18.9238 18.6731 18.4167 18.837 18.6731 18.0777 17.926 18.6731 18.4167 17.926 17.6866 18.9238 18.5596 18.4167 18.0675 18.5596 18.1019 18.0675 17.6258 18.4167 18.0675 17.6866 17.3586 18.0675 17.6258 17.3586 16.9404 18.4745 17.9159 18.3821 17.8261 17.9159 17.2753 17.8261 17.1877 18.3821 17.8261 18.1019 17.5545 17.8261 17.1877 17.5545 16.9232 17.2753 16.5614 17.1877 16.4752 16.5614 15.7848 16.4752 15.6989 17.1877 16.4752 16.9232 16.2159 16.4752 15.6989 16.2159 15.4418 18.1019 17.5545 17.6258 17.094 17.5545 16.9232 17.094 16.4767 17.6258 17.094 16.9404 16.4325 17.094 16.4767 16.4325 15.8381 16.9232 16.2159 16.4767 15.7806 16.2159 15.4418 15.7806 15.0138 16.4767 15.7806 15.8381 15.1626 15.7806 15.0138 15.1626 14.4125 18.0777 17.926 17.0721 16.9352 17.926 17.6866 16.9352 16.7165 17.0721 16.9352 15.8042 15.6844 16.9352 16.7165 15.6844 15.4893 17.6866 17.3586 16.7165 16.4151 17.3586 16.9404 16.4151 16.028 16.7165 16.4151 15.4893 15.219 16.4151 16.028 15.219 14.8696 15.8042 15.6844 14.2606 14.1605 15.6844 15.4893 14.1605 13.9912 14.2606 14.1605 12.4344 12.356 14.1605 13.9912 12.356 12.2138 15.4893 15.219 13.9912 13.7549 15.219 14.8696 13.7549 13.4483 13.9912 13.7549 12.2138 12.0135 13.7549 13.4483 12.0135 11.7539 16.9404 16.4325 16.028 15.5534 16.4325 15.8381 15.5534 14.9926 16.028 15.5534 14.8696 14.4373 15.5534 14.9926 14.4373 13.9217 15.8381 15.1626 14.9926 14.3497 15.1626 14.4125 14.3497 13.6296 14.9926 14.3497 13.9217 13.3249 14.3497 13.6296 13.3249 12.6508 14.8696 14.4373 13.4483 13.0665 14.4373 13.9217 13.0665 12.6069 13.4483 13.0665 11.7539 11.4296 13.0665 12.6069 11.4296 11.0363 13.9217 13.3249 12.6069 12.0702 13.3249 12.6508 12.0702 11.4586 12.6069 12.0702 11.0363 10.5724 12.0702 11.4586 10.5724 10.0386 15.7848 14.9583 15.6989 14.8712 14.9583 14.0983 14.8712 14.0081 15.6989 14.8712 15.4418 14.6122 14.8712 14.0081 14.6122 13.7416 14.0983 13.2265 14.0081 13.1306 13.2265 12.373 13.1306 12.2682 14.0081 13.1306 13.7416 12.849 13.1306 12.2682 12.849 11.962 15.4418 14.6122 15.0138 14.186 14.6122 13.7416 14.186 13.3088 15.0138 14.186 14.4125 13.5955 14.186 13.3088 13.5955 12.72 13.7416 12.849 13.3088 12.3981 12.849 11.962 12.3981 11.4771 13.3088 12.3981 12.72 11.7973 12.3981 11.4771 11.7973 10.8435 12.373 11.5813 12.2682 11.4643 11.5813 10.9154 11.4643 10.7841 12.2682 11.4643 11.962 11.1225 11.4643 10.7841 11.1225 10.3981 10.9154 10.4601 10.7841 10.3164 10.4601 10.2967 10.3164 10.148 10.7841 10.3164 10.3981 9.88955 10.3164 10.148 9.88955 9.70369 11.962 11.1225 11.4771 10.5829 11.1225 10.3981 10.5829 9.78157 11.4771 10.5829 10.8435 9.88554 10.5829 9.78157 9.88554 8.97651 10.3981 9.88955 9.78157 9.19289 9.88955 9.70369 9.19289 8.96952 9.78157 9.19289 8.97651 8.25092 9.19289 8.96952 8.25092 7.95233 14.4125 13.5955 13.6296 12.8379 13.5955 12.72 12.8379 11.9797 13.6296 12.8379 12.6508 11.9026 12.8379 11.9797 11.9026 11.0823 12.72 11.7973 11.9797 11.0605 11.7973 10.8435 11.0605 10.0875 11.9797 11.0605 11.0823 10.1898 11.0605 10.0875 10.1898 9.22251 12.6508 11.9026 11.4586 10.7733 11.9026 11.0823 10.7733 10.0137 11.4586 10.7733 10.0386 9.43467 10.7733 10.0137 9.43467 8.75721 11.0823 10.1898 10.0137 9.17439 10.1898 9.22251 9.17439 8.24525 10.0137 9.17439 8.75721 7.99749 9.17439 8.24525 7.99749 7.1353 10.8435 9.88554 10.0875 9.07338 9.88554 8.97651 9.07338 8.04111 10.0875 9.07338 9.22251 8.17629 9.07338 8.04111 8.17629 7.03989 8.97651 8.25092 8.04111 7.10279 8.25092 7.95233 7.10279 6.65302 8.04111 7.10279 7.03989 5.80973 7.10279 6.65302 5.80973 5.0435 9.22251 8.17629 8.24525 7.19866 8.17629 7.03989 7.19866 6.01607 8.24525 7.19866 7.1353 6.1408 7.19866 6.01607 6.1408 4.9068 7.03989 5.80973 6.01607 4.48554 5.80973 5.0435 4.48554 2.99174 6.01607 4.48554 4.9068 3.44223 4.48554 2.99174 3.44223 0 0 3.71305 0 3.10121 3.71305 5.69817 3.10121 5.16265 0 3.10121 0 2.61222 3.10121 5.16265 2.61222 4.55328 5.69817 6.91154 5.16265 6.47924 6.91154 7.84941 6.47924 7.45851 5.16265 6.47924 4.55328 5.87158 6.47924 7.45851 5.87158 6.83979 0 2.61222 0 2.17171 2.61222 4.55328 2.17171 3.89033 0 2.17171 0 1.7456 2.17171 3.89033 1.7456 3.18017 4.55328 5.87158 3.89033 5.11701 5.87158 6.83979 5.11701 6.02033 3.89033 5.11701 3.18017 4.24165 5.11701 6.02033 4.24165 5.02969 7.84941 8.62394 7.45851 8.25373 8.62394 9.29834 8.25373 8.93462 7.45851 8.25373 6.83979 7.61446 8.25373 8.93462 7.61446 8.26989 9.29834 9.89846 8.93462 9.53491 9.89846 10.4355 9.53491 10.0694 8.93462 9.53491 8.26989 8.84319 9.53491 10.0694 8.84319 9.35154 6.83979 7.61446 6.02033 6.73535 7.61446 8.26989 6.73535 7.33481 6.02033 6.73535 5.02969 5.64941 6.73535 7.33481 5.64941 6.16526 8.26989 8.84319 7.33481 7.85579 8.84319 9.35154 7.85579 8.31609 7.33481 7.85579 6.16526 6.61131 7.85579 8.31609 6.61131 7.00424 0 1.7456 0 1.31864 1.7456 3.18017 1.31864 2.42785 0 1.31864 0 0.885166 1.31864 2.42785 0.885166 1.64037 3.18017 4.24165 2.42785 3.26922 4.24165 5.02969 3.26922 3.89918 2.42785 3.26922 1.64037 2.22251 3.26922 3.89918 2.22251 2.66133 0 0.885166 0 0.444755 0.885166 1.64037 0.444755 0.827182 0 0.444755 0 0 0.444755 0.827182 0 0 1.64037 2.22251 0.827182 1.12465 2.22251 2.66133 1.12465 1.34983 0.827182 1.12465 0 0 1.12465 1.34983 0 0 5.02969 5.64941 3.89918 4.39286 5.64941 6.16526 4.39286 4.80159 3.89918 4.39286 2.66133 3.00462 4.39286 4.80159 3.00462 3.28777 6.16526 6.61131 4.80159 5.15363 6.61131 7.00424 5.15363 5.46301 4.80159 5.15363 3.28777 3.53094 5.15363 5.46301 3.53094 3.74427 2.66133 3.00462 1.34983 1.52585 3.00462 3.28777 1.52585 1.6707 1.34983 1.52585 0 0 1.52585 1.6707 0 0 3.28777 3.53094 1.6707 1.79487 3.53094 3.74427 1.79487 1.90367 1.6707 1.79487 0 0 1.79487 1.90367 0 0 10.4355 10.9133 10.0694 10.544 10.9133 11.332 10.544 10.9598 10.0694 10.544 9.35154 9.80199 10.544 10.9598 9.80199 10.1964 11.332 11.6903 10.9598 11.3156 11.6903 11.9851 11.3156 11.6088 10.9598 11.3156 10.1964 10.5341 11.3156 11.6088 10.5341 10.8125 9.35154 9.80199 8.31609 8.72327 9.80199 10.1964 8.72327 9.07962 8.31609 8.72327 7.00424 7.35131 8.72327 9.07962 7.35131 7.6549 10.1964 10.5341 9.07962 9.38466 10.5341 10.8125 9.38466 9.63636 9.07962 9.38466 7.6549 7.91478 9.38466 9.63636 7.91478 8.12932 11.9851 12.2122 11.6088 11.8353 12.2122 12.3655 11.8353 11.9901 11.6088 11.8353 10.8125 11.0281 11.8353 11.9901 11.0281 11.1769 12.3655 12.4397 11.9901 12.0694 12.4397 12.4344 12.0694 12.073 11.9901 12.0694 11.1769 11.256 12.0694 12.073 11.256 11.2654 10.8125 11.0281 9.63636 9.83172 11.0281 11.1769 9.83172 9.96753 9.63636 9.83172 8.12932 8.29612 9.83172 9.96753 8.29612 8.41271 11.1769 11.256 9.96753 10.0416 11.256 11.2654 10.0416 10.0539 9.96753 10.0416 8.41271 8.47742 10.0416 10.0539 8.47742 8.49026 7.00424 7.35131 5.46301 5.73597 7.35131 7.6549 5.73597 5.97462 5.46301 5.73597 3.74427 3.93231 5.73597 5.97462 3.93231 4.09666 7.6549 7.91478 5.97462 6.1789 7.91478 8.12932 6.1789 6.3476 5.97462 6.1789 4.09666 4.23734 6.1789 6.3476 4.23734 4.35354 3.74427 3.93231 1.90367 1.99952 3.93231 4.09666 1.99952 2.08327 1.90367 1.99952 0 0 1.99952 2.08327 0 0 4.09666 4.23734 2.08327 2.15495 4.23734 4.35354 2.15495 2.21417 2.08327 2.15495 0 0 2.15495 2.21417 0 0 8.12932 8.29612 6.3476 6.47893 8.29612 8.41271 6.47893 6.57107 6.3476 6.47893 4.35354 4.44407 6.47893 6.57107 4.44407 4.50775 8.41271 8.47742 6.57107 6.62284 8.47742 8.49026 6.62284 6.63422 6.57107 6.62284 4.50775 4.5438 6.62284 6.63422 4.5438 4.55221 4.35354 4.44407 2.21417 2.26032 4.44407 4.50775 2.26032 2.29283 2.21417 2.26032 0 0 2.26032 2.29283 0 0 4.50775 4.5438 2.29283 2.3113 4.5438 4.55221 2.3113 2.31574 2.29283 2.3113 0 0 2.3113 2.31574 0 0 12.4344 12.356 12.073 12.0056 12.356 12.2138 12.0056 11.874 12.073 12.0056 11.2654 11.2084 12.0056 11.874 11.2084 11.0902 12.2138 12.0135 11.874 11.6826 12.0135 11.7539 11.6826 11.4307 11.874 11.6826 11.0902 10.9137 11.6826 11.4307 10.9137 10.6791 11.2654 11.2084 10.0539 10.007 11.2084 11.0902 10.007 9.90437 10.0539 10.007 8.49026 8.45302 10.007 9.90437 8.45302 8.36819 11.0902 10.9137 9.90437 9.74847 10.9137 10.6791 9.74847 9.53941 9.90437 9.74847 8.36819 8.23755 9.74847 9.53941 8.23755 8.06128 11.7539 11.4296 11.4307 11.1149 11.4296 11.0363 11.1149 10.7317 11.4307 11.1149 10.6791 10.3838 11.1149 10.7317 10.3838 10.0253 11.0363 10.5724 10.7317 10.2795 10.5724 10.0386 10.2795 9.75775 10.7317 10.2795 10.0253 9.60181 10.2795 9.75775 9.60181 9.11226 10.6791 10.3838 9.53941 9.27556 10.3838 10.0253 9.27556 8.9549 9.53941 9.27556 8.06128 7.83829 9.27556 8.9549 7.83829 7.56707 10.0253 9.60181 8.9549 8.57587 9.60181 9.11226 8.57587 8.13698 8.9549 8.57587 7.56707 7.24626 8.57587 8.13698 7.24626 6.87429 8.49026 8.45302 6.63422 6.60643 8.45302 8.36819 6.60643 6.54116 6.63422 6.60643 4.55221 4.53372 6.60643 6.54116 4.53372 4.48939 8.36819 8.23755 6.54116 6.43965 8.23755 8.06128 6.43965 6.3021 6.54116 6.43965 4.48939 4.42001 6.43965 6.3021 4.42001 4.32572 4.55221 4.53372 2.31574 2.3065 4.53372 4.48939 2.3065 2.28408 2.31574 2.3065 0 0 2.3065 2.28408 0 0 4.48939 4.42001 2.28408 2.24886 4.42001 4.32572 2.24886 2.20092 2.28408 2.24886 0 0 2.24886 2.20092 0 0 8.06128 7.83829 6.3021 6.12778 7.83829 7.56707 6.12778 5.91562 6.3021 6.12778 4.32572 4.20608 6.12778 5.91562 4.20608 4.06041 7.56707 7.24626 5.91562 5.66452 7.24626 6.87429 5.66452 5.37308 5.91562 5.66452 4.06041 3.88792 5.66452 5.37308 3.88792 3.68759 4.32572 4.20608 2.20092 2.14006 4.20608 4.06041 2.14006 2.06593 2.20092 2.14006 0 0 2.14006 2.06593 0 0 4.06041 3.88792 2.06593 1.97814 3.88792 3.68759 1.97814 1.87613 2.06593 1.97814 0 0 1.97814 1.87613 0 0 10.0386 9.43467 9.75775 9.16495 9.43467 8.75721 9.16495 8.49607 9.75775 9.16495 9.11226 8.55418 9.16495 8.49607 8.55418 7.92132 8.75721 7.99749 8.49607 7.73909 7.99749 7.1353 7.73909 6.8713 8.49607 7.73909 7.92132 7.20032 7.73909 6.8713 7.20032 6.36482 9.11226 8.55418 8.13698 7.6353 8.55418 7.92132 7.6353 7.06414 8.13698 7.6353 6.87429 6.4482 7.6353 7.06414 6.4482 5.96158 7.92132 7.20032 7.06414 6.40974 7.20032 6.36482 6.40974 5.64556 7.06414 6.40974 5.96158 5.40155 6.40974 5.64556 5.40155 4.74376 7.1353 6.1408 6.8713 5.84376 6.1408 4.9068 5.84376 4.58424 6.8713 5.84376 6.36482 5.36585 5.84376 4.58424 5.36585 4.11338 4.9068 3.44223 4.58424 2.83233 3.44223 0 2.83233 0 4.58424 2.83233 4.11338 2.38125 2.83233 0 2.38125 0 6.36482 5.36585 5.64556 4.72371 5.36585 4.11338 4.72371 3.55413 5.64556 4.72371 4.74376 3.94452 4.72371 3.55413 3.94452 2.928 4.11338 2.38125 3.55413 1.98565 2.38125 0 1.98565 0 3.55413 1.98565 2.928 1.60277 1.98565 0 1.60277 0 6.87429 6.4482 5.37308 5.0387 6.4482 5.96158 5.0387 4.65592 5.37308 5.0387 3.68759 3.45748 5.0387 4.65592 3.45748 3.19361 5.96158 5.40155 4.65592 4.2139 5.40155 4.74376 4.2139 3.69244 4.65592 4.2139 3.19361 2.88819 4.2139 3.69244 2.88819 2.52677 3.68759 3.45748 1.87613 1.75888 3.45748 3.19361 1.75888 1.62429 1.87613 1.75888 0 0 1.75888 1.62429 0 0 3.19361 2.88819 1.62429 1.4683 2.88819 2.52677 1.4683 1.28335 1.62429 1.4683 0 0 1.4683 1.28335 0 0 4.74376 3.94452 3.69244 3.05575 3.94452 2.928 3.05575 2.24737 3.69244 3.05575 2.52677 2.08417 3.05575 2.24737 2.08417 1.52377 2.928 1.60277 2.24737 1.21543 1.60277 0 1.21543 0 2.24737 1.21543 1.52377 0.818291 1.21543 0 0.818291 0 2.52677 2.08417 1.28335 1.05652 2.08417 1.52377 1.05652 0.769904 1.28335 1.05652 0 0 1.05652 0.769904 0 0 1.52377 0.818291 0.769904 0.411903 0.818291 0 0.411903 0 0.769904 0.411903 0 0 0.411903 0 0 0 
