# vtk DataFile Version 3.0
#This file was generated by the deal.II library on 2025/2/16 at 14:32:01
ASCII
DATASET UNSTRUCTURED_GRID

POINTS 4096 double
-5 -2 0
-4.6875 -2 0
-5 -1.875 0
-4.6875 -1.875 0
-4.6875 -2 0
-4.375 -2 0
-4.6875 -1.875 0
-4.375 -1.875 0
-5 -1.875 0
-4.6875 -1.875 0
-5 -1.75 0
-4.6875 -1.75 0
-4.6875 -1.875 0
-4.375 -1.875 0
-4.6875 -1.75 0
-4.375 -1.75 0
-4.375 -2 0
-4.0625 -2 0
-4.375 -1.875 0
-4.0625 -1.875 0
-4.0625 -2 0
-3.75 -2 0
-4.0625 -1.875 0
-3.75 -1.875 0
-4.375 -1.875 0
-4.0625 -1.875 0
-4.375 -1.75 0
-4.0625 -1.75 0
-4.0625 -1.875 0
-3.75 -1.875 0
-4.0625 -1.75 0
-3.75 -1.75 0
-5 -1.75 0
-4.6875 -1.75 0
-5 -1.625 0
-4.6875 -1.625 0
-4.6875 -1.75 0
-4.375 -1.75 0
-4.6875 -1.625 0
-4.375 -1.625 0
-5 -1.625 0
-4.6875 -1.625 0
-5 -1.5 0
-4.6875 -1.5 0
-4.6875 -1.625 0
-4.375 -1.625 0
-4.6875 -1.5 0
-4.375 -1.5 0
-4.375 -1.75 0
-4.0625 -1.75 0
-4.375 -1.625 0
-4.0625 -1.625 0
-4.0625 -1.75 0
-3.75 -1.75 0
-4.0625 -1.625 0
-3.75 -1.625 0
-4.375 -1.625 0
-4.0625 -1.625 0
-4.375 -1.5 0
-4.0625 -1.5 0
-4.0625 -1.625 0
-3.75 -1.625 0
-4.0625 -1.5 0
-3.75 -1.5 0
-3.75 -2 0
-3.4375 -2 0
-3.75 -1.875 0
-3.4375 -1.875 0
-3.4375 -2 0
-3.125 -2 0
-3.4375 -1.875 0
-3.125 -1.875 0
-3.75 -1.875 0
-3.4375 -1.875 0
-3.75 -1.75 0
-3.4375 -1.75 0
-3.4375 -1.875 0
-3.125 -1.875 0
-3.4375 -1.75 0
-3.125 -1.75 0
-3.125 -2 0
-2.8125 -2 0
-3.125 -1.875 0
-2.8125 -1.875 0
-2.8125 -2 0
-2.5 -2 0
-2.8125 -1.875 0
-2.5 -1.875 0
-3.125 -1.875 0
-2.8125 -1.875 0
-3.125 -1.75 0
-2.8125 -1.75 0
-2.8125 -1.875 0
-2.5 -1.875 0
-2.8125 -1.75 0
-2.5 -1.75 0
-3.75 -1.75 0
-3.4375 -1.75 0
-3.75 -1.625 0
-3.4375 -1.625 0
-3.4375 -1.75 0
-3.125 -1.75 0
-3.4375 -1.625 0
-3.125 -1.625 0
-3.75 -1.625 0
-3.4375 -1.625 0
-3.75 -1.5 0
-3.4375 -1.5 0
-3.4375 -1.625 0
-3.125 -1.625 0
-3.4375 -1.5 0
-3.125 -1.5 0
-3.125 -1.75 0
-2.8125 -1.75 0
-3.125 -1.625 0
-2.8125 -1.625 0
-2.8125 -1.75 0
-2.5 -1.75 0
-2.8125 -1.625 0
-2.5 -1.625 0
-3.125 -1.625 0
-2.8125 -1.625 0
-3.125 -1.5 0
-2.8125 -1.5 0
-2.8125 -1.625 0
-2.5 -1.625 0
-2.8125 -1.5 0
-2.5 -1.5 0
-5 -1.5 0
-4.6875 -1.5 0
-5 -1.375 0
-4.6875 -1.375 0
-4.6875 -1.5 0
-4.375 -1.5 0
-4.6875 -1.375 0
-4.375 -1.375 0
-5 -1.375 0
-4.6875 -1.375 0
-5 -1.25 0
-4.6875 -1.25 0
-4.6875 -1.375 0
-4.375 -1.375 0
-4.6875 -1.25 0
-4.375 -1.25 0
-4.375 -1.5 0
-4.0625 -1.5 0
-4.375 -1.375 0
-4.0625 -1.375 0
-4.0625 -1.5 0
-3.75 -1.5 0
-4.0625 -1.375 0
-3.75 -1.375 0
-4.375 -1.375 0
-4.0625 -1.375 0
-4.375 -1.25 0
-4.0625 -1.25 0
-4.0625 -1.375 0
-3.75 -1.375 0
-4.0625 -1.25 0
-3.75 -1.25 0
-5 -1.25 0
-4.6875 -1.25 0
-5 -1.125 0
-4.6875 -1.125 0
-4.6875 -1.25 0
-4.375 -1.25 0
-4.6875 -1.125 0
-4.375 -1.125 0
-5 -1.125 0
-4.6875 -1.125 0
-5 -1 0
-4.6875 -1 0
-4.6875 -1.125 0
-4.375 -1.125 0
-4.6875 -1 0
-4.375 -1 0
-4.375 -1.25 0
-4.0625 -1.25 0
-4.375 -1.125 0
-4.0625 -1.125 0
-4.0625 -1.25 0
-3.75 -1.25 0
-4.0625 -1.125 0
-3.75 -1.125 0
-4.375 -1.125 0
-4.0625 -1.125 0
-4.375 -1 0
-4.0625 -1 0
-4.0625 -1.125 0
-3.75 -1.125 0
-4.0625 -1 0
-3.75 -1 0
-3.75 -1.5 0
-3.4375 -1.5 0
-3.75 -1.375 0
-3.4375 -1.375 0
-3.4375 -1.5 0
-3.125 -1.5 0
-3.4375 -1.375 0
-3.125 -1.375 0
-3.75 -1.375 0
-3.4375 -1.375 0
-3.75 -1.25 0
-3.4375 -1.25 0
-3.4375 -1.375 0
-3.125 -1.375 0
-3.4375 -1.25 0
-3.125 -1.25 0
-3.125 -1.5 0
-2.8125 -1.5 0
-3.125 -1.375 0
-2.8125 -1.375 0
-2.8125 -1.5 0
-2.5 -1.5 0
-2.8125 -1.375 0
-2.5 -1.375 0
-3.125 -1.375 0
-2.8125 -1.375 0
-3.125 -1.25 0
-2.8125 -1.25 0
-2.8125 -1.375 0
-2.5 -1.375 0
-2.8125 -1.25 0
-2.5 -1.25 0
-3.75 -1.25 0
-3.4375 -1.25 0
-3.75 -1.125 0
-3.4375 -1.125 0
-3.4375 -1.25 0
-3.125 -1.25 0
-3.4375 -1.125 0
-3.125 -1.125 0
-3.75 -1.125 0
-3.4375 -1.125 0
-3.75 -1 0
-3.4375 -1 0
-3.4375 -1.125 0
-3.125 -1.125 0
-3.4375 -1 0
-3.125 -1 0
-3.125 -1.25 0
-2.8125 -1.25 0
-3.125 -1.125 0
-2.8125 -1.125 0
-2.8125 -1.25 0
-2.5 -1.25 0
-2.8125 -1.125 0
-2.5 -1.125 0
-3.125 -1.125 0
-2.8125 -1.125 0
-3.125 -1 0
-2.8125 -1 0
-2.8125 -1.125 0
-2.5 -1.125 0
-2.8125 -1 0
-2.5 -1 0
-2.5 -2 0
-2.1875 -2 0
-2.5 -1.875 0
-2.1875 -1.875 0
-2.1875 -2 0
-1.875 -2 0
-2.1875 -1.875 0
-1.875 -1.875 0
-2.5 -1.875 0
-2.1875 -1.875 0
-2.5 -1.75 0
-2.1875 -1.75 0
-2.1875 -1.875 0
-1.875 -1.875 0
-2.1875 -1.75 0
-1.875 -1.75 0
-1.875 -2 0
-1.5625 -2 0
-1.875 -1.875 0
-1.5625 -1.875 0
-1.5625 -2 0
-1.25 -2 0
-1.5625 -1.875 0
-1.25 -1.875 0
-1.875 -1.875 0
-1.5625 -1.875 0
-1.875 -1.75 0
-1.5625 -1.75 0
-1.5625 -1.875 0
-1.25 -1.875 0
-1.5625 -1.75 0
-1.25 -1.75 0
-2.5 -1.75 0
-2.1875 -1.75 0
-2.5 -1.625 0
-2.1875 -1.625 0
-2.1875 -1.75 0
-1.875 -1.75 0
-2.1875 -1.625 0
-1.875 -1.625 0
-2.5 -1.625 0
-2.1875 -1.625 0
-2.5 -1.5 0
-2.1875 -1.5 0
-2.1875 -1.625 0
-1.875 -1.625 0
-2.1875 -1.5 0
-1.875 -1.5 0
-1.875 -1.75 0
-1.5625 -1.75 0
-1.875 -1.625 0
-1.5625 -1.625 0
-1.5625 -1.75 0
-1.25 -1.75 0
-1.5625 -1.625 0
-1.25 -1.625 0
-1.875 -1.625 0
-1.5625 -1.625 0
-1.875 -1.5 0
-1.5625 -1.5 0
-1.5625 -1.625 0
-1.25 -1.625 0
-1.5625 -1.5 0
-1.25 -1.5 0
-1.25 -2 0
-0.9375 -2 0
-1.25 -1.875 0
-0.9375 -1.875 0
-0.9375 -2 0
-0.625 -2 0
-0.9375 -1.875 0
-0.625 -1.875 0
-1.25 -1.875 0
-0.9375 -1.875 0
-1.25 -1.75 0
-0.9375 -1.75 0
-0.9375 -1.875 0
-0.625 -1.875 0
-0.9375 -1.75 0
-0.625 -1.75 0
-0.625 -2 0
-0.3125 -2 0
-0.625 -1.875 0
-0.3125 -1.875 0
-0.3125 -2 0
0 -2 0
-0.3125 -1.875 0
0 -1.875 0
-0.625 -1.875 0
-0.3125 -1.875 0
-0.625 -1.75 0
-0.3125 -1.75 0
-0.3125 -1.875 0
0 -1.875 0
-0.3125 -1.75 0
0 -1.75 0
-1.25 -1.75 0
-0.9375 -1.75 0
-1.25 -1.625 0
-0.9375 -1.625 0
-0.9375 -1.75 0
-0.625 -1.75 0
-0.9375 -1.625 0
-0.625 -1.625 0
-1.25 -1.625 0
-0.9375 -1.625 0
-1.25 -1.5 0
-0.9375 -1.5 0
-0.9375 -1.625 0
-0.625 -1.625 0
-0.9375 -1.5 0
-0.625 -1.5 0
-0.625 -1.75 0
-0.3125 -1.75 0
-0.625 -1.625 0
-0.3125 -1.625 0
-0.3125 -1.75 0
0 -1.75 0
-0.3125 -1.625 0
0 -1.625 0
-0.625 -1.625 0
-0.3125 -1.625 0
-0.625 -1.5 0
-0.3125 -1.5 0
-0.3125 -1.625 0
0 -1.625 0
-0.3125 -1.5 0
0 -1.5 0
-2.5 -1.5 0
-2.1875 -1.5 0
-2.5 -1.375 0
-2.1875 -1.375 0
-2.1875 -1.5 0
-1.875 -1.5 0
-2.1875 -1.375 0
-1.875 -1.375 0
-2.5 -1.375 0
-2.1875 -1.375 0
-2.5 -1.25 0
-2.1875 -1.25 0
-2.1875 -1.375 0
-1.875 -1.375 0
-2.1875 -1.25 0
-1.875 -1.25 0
-1.875 -1.5 0
-1.5625 -1.5 0
-1.875 -1.375 0
-1.5625 -1.375 0
-1.5625 -1.5 0
-1.25 -1.5 0
-1.5625 -1.375 0
-1.25 -1.375 0
-1.875 -1.375 0
-1.5625 -1.375 0
-1.875 -1.25 0
-1.5625 -1.25 0
-1.5625 -1.375 0
-1.25 -1.375 0
-1.5625 -1.25 0
-1.25 -1.25 0
-2.5 -1.25 0
-2.1875 -1.25 0
-2.5 -1.125 0
-2.1875 -1.125 0
-2.1875 -1.25 0
-1.875 -1.25 0
-2.1875 -1.125 0
-1.875 -1.125 0
-2.5 -1.125 0
-2.1875 -1.125 0
-2.5 -1 0
-2.1875 -1 0
-2.1875 -1.125 0
-1.875 -1.125 0
-2.1875 -1 0
-1.875 -1 0
-1.875 -1.25 0
-1.5625 -1.25 0
-1.875 -1.125 0
-1.5625 -1.125 0
-1.5625 -1.25 0
-1.25 -1.25 0
-1.5625 -1.125 0
-1.25 -1.125 0
-1.875 -1.125 0
-1.5625 -1.125 0
-1.875 -1 0
-1.5625 -1 0
-1.5625 -1.125 0
-1.25 -1.125 0
-1.5625 -1 0
-1.25 -1 0
-1.25 -1.5 0
-0.9375 -1.5 0
-1.25 -1.375 0
-0.9375 -1.375 0
-0.9375 -1.5 0
-0.625 -1.5 0
-0.9375 -1.375 0
-0.625 -1.375 0
-1.25 -1.375 0
-0.9375 -1.375 0
-1.25 -1.25 0
-0.9375 -1.25 0
-0.9375 -1.375 0
-0.625 -1.375 0
-0.9375 -1.25 0
-0.625 -1.25 0
-0.625 -1.5 0
-0.3125 -1.5 0
-0.625 -1.375 0
-0.3125 -1.375 0
-0.3125 -1.5 0
0 -1.5 0
-0.3125 -1.375 0
0 -1.375 0
-0.625 -1.375 0
-0.3125 -1.375 0
-0.625 -1.25 0
-0.3125 -1.25 0
-0.3125 -1.375 0
0 -1.375 0
-0.3125 -1.25 0
0 -1.25 0
-1.25 -1.25 0
-0.9375 -1.25 0
-1.25 -1.125 0
-0.9375 -1.125 0
-0.9375 -1.25 0
-0.625 -1.25 0
-0.9375 -1.125 0
-0.625 -1.125 0
-1.25 -1.125 0
-0.9375 -1.125 0
-1.25 -1 0
-0.9375 -1 0
-0.9375 -1.125 0
-0.625 -1.125 0
-0.9375 -1 0
-0.625 -1 0
-0.625 -1.25 0
-0.3125 -1.25 0
-0.625 -1.125 0
-0.3125 -1.125 0
-0.3125 -1.25 0
0 -1.25 0
-0.3125 -1.125 0
0 -1.125 0
-0.625 -1.125 0
-0.3125 -1.125 0
-0.625 -1 0
-0.3125 -1 0
-0.3125 -1.125 0
0 -1.125 0
-0.3125 -1 0
0 -1 0
0 -2 0
0.3125 -2 0
0 -1.875 0
0.3125 -1.875 0
0.3125 -2 0
0.625 -2 0
0.3125 -1.875 0
0.625 -1.875 0
0 -1.875 0
0.3125 -1.875 0
0 -1.75 0
0.3125 -1.75 0
0.3125 -1.875 0
0.625 -1.875 0
0.3125 -1.75 0
0.625 -1.75 0
0.625 -2 0
0.9375 -2 0
0.625 -1.875 0
0.9375 -1.875 0
0.9375 -2 0
1.25 -2 0
0.9375 -1.875 0
1.25 -1.875 0
0.625 -1.875 0
0.9375 -1.875 0
0.625 -1.75 0
0.9375 -1.75 0
0.9375 -1.875 0
1.25 -1.875 0
0.9375 -1.75 0
1.25 -1.75 0
0 -1.75 0
0.3125 -1.75 0
0 -1.625 0
0.3125 -1.625 0
0.3125 -1.75 0
0.625 -1.75 0
0.3125 -1.625 0
0.625 -1.625 0
0 -1.625 0
0.3125 -1.625 0
0 -1.5 0
0.3125 -1.5 0
0.3125 -1.625 0
0.625 -1.625 0
0.3125 -1.5 0
0.625 -1.5 0
0.625 -1.75 0
0.9375 -1.75 0
0.625 -1.625 0
0.9375 -1.625 0
0.9375 -1.75 0
1.25 -1.75 0
0.9375 -1.625 0
1.25 -1.625 0
0.625 -1.625 0
0.9375 -1.625 0
0.625 -1.5 0
0.9375 -1.5 0
0.9375 -1.625 0
1.25 -1.625 0
0.9375 -1.5 0
1.25 -1.5 0
1.25 -2 0
1.5625 -2 0
1.25 -1.875 0
1.5625 -1.875 0
1.5625 -2 0
1.875 -2 0
1.5625 -1.875 0
1.875 -1.875 0
1.25 -1.875 0
1.5625 -1.875 0
1.25 -1.75 0
1.5625 -1.75 0
1.5625 -1.875 0
1.875 -1.875 0
1.5625 -1.75 0
1.875 -1.75 0
1.875 -2 0
2.1875 -2 0
1.875 -1.875 0
2.1875 -1.875 0
2.1875 -2 0
2.5 -2 0
2.1875 -1.875 0
2.5 -1.875 0
1.875 -1.875 0
2.1875 -1.875 0
1.875 -1.75 0
2.1875 -1.75 0
2.1875 -1.875 0
2.5 -1.875 0
2.1875 -1.75 0
2.5 -1.75 0
1.25 -1.75 0
1.5625 -1.75 0
1.25 -1.625 0
1.5625 -1.625 0
1.5625 -1.75 0
1.875 -1.75 0
1.5625 -1.625 0
1.875 -1.625 0
1.25 -1.625 0
1.5625 -1.625 0
1.25 -1.5 0
1.5625 -1.5 0
1.5625 -1.625 0
1.875 -1.625 0
1.5625 -1.5 0
1.875 -1.5 0
1.875 -1.75 0
2.1875 -1.75 0
1.875 -1.625 0
2.1875 -1.625 0
2.1875 -1.75 0
2.5 -1.75 0
2.1875 -1.625 0
2.5 -1.625 0
1.875 -1.625 0
2.1875 -1.625 0
1.875 -1.5 0
2.1875 -1.5 0
2.1875 -1.625 0
2.5 -1.625 0
2.1875 -1.5 0
2.5 -1.5 0
0 -1.5 0
0.3125 -1.5 0
0 -1.375 0
0.3125 -1.375 0
0.3125 -1.5 0
0.625 -1.5 0
0.3125 -1.375 0
0.625 -1.375 0
0 -1.375 0
0.3125 -1.375 0
0 -1.25 0
0.3125 -1.25 0
0.3125 -1.375 0
0.625 -1.375 0
0.3125 -1.25 0
0.625 -1.25 0
0.625 -1.5 0
0.9375 -1.5 0
0.625 -1.375 0
0.9375 -1.375 0
0.9375 -1.5 0
1.25 -1.5 0
0.9375 -1.375 0
1.25 -1.375 0
0.625 -1.375 0
0.9375 -1.375 0
0.625 -1.25 0
0.9375 -1.25 0
0.9375 -1.375 0
1.25 -1.375 0
0.9375 -1.25 0
1.25 -1.25 0
0 -1.25 0
0.3125 -1.25 0
0 -1.125 0
0.3125 -1.125 0
0.3125 -1.25 0
0.625 -1.25 0
0.3125 -1.125 0
0.625 -1.125 0
0 -1.125 0
0.3125 -1.125 0
0 -1 0
0.3125 -1 0
0.3125 -1.125 0
0.625 -1.125 0
0.3125 -1 0
0.625 -1 0
0.625 -1.25 0
0.9375 -1.25 0
0.625 -1.125 0
0.9375 -1.125 0
0.9375 -1.25 0
1.25 -1.25 0
0.9375 -1.125 0
1.25 -1.125 0
0.625 -1.125 0
0.9375 -1.125 0
0.625 -1 0
0.9375 -1 0
0.9375 -1.125 0
1.25 -1.125 0
0.9375 -1 0
1.25 -1 0
1.25 -1.5 0
1.5625 -1.5 0
1.25 -1.375 0
1.5625 -1.375 0
1.5625 -1.5 0
1.875 -1.5 0
1.5625 -1.375 0
1.875 -1.375 0
1.25 -1.375 0
1.5625 -1.375 0
1.25 -1.25 0
1.5625 -1.25 0
1.5625 -1.375 0
1.875 -1.375 0
1.5625 -1.25 0
1.875 -1.25 0
1.875 -1.5 0
2.1875 -1.5 0
1.875 -1.375 0
2.1875 -1.375 0
2.1875 -1.5 0
2.5 -1.5 0
2.1875 -1.375 0
2.5 -1.375 0
1.875 -1.375 0
2.1875 -1.375 0
1.875 -1.25 0
2.1875 -1.25 0
2.1875 -1.375 0
2.5 -1.375 0
2.1875 -1.25 0
2.5 -1.25 0
1.25 -1.25 0
1.5625 -1.25 0
1.25 -1.125 0
1.5625 -1.125 0
1.5625 -1.25 0
1.875 -1.25 0
1.5625 -1.125 0
1.875 -1.125 0
1.25 -1.125 0
1.5625 -1.125 0
1.25 -1 0
1.5625 -1 0
1.5625 -1.125 0
1.875 -1.125 0
1.5625 -1 0
1.875 -1 0
1.875 -1.25 0
2.1875 -1.25 0
1.875 -1.125 0
2.1875 -1.125 0
2.1875 -1.25 0
2.5 -1.25 0
2.1875 -1.125 0
2.5 -1.125 0
1.875 -1.125 0
2.1875 -1.125 0
1.875 -1 0
2.1875 -1 0
2.1875 -1.125 0
2.5 -1.125 0
2.1875 -1 0
2.5 -1 0
2.5 -2 0
2.8125 -2 0
2.5 -1.875 0
2.8125 -1.875 0
2.8125 -2 0
3.125 -2 0
2.8125 -1.875 0
3.125 -1.875 0
2.5 -1.875 0
2.8125 -1.875 0
2.5 -1.75 0
2.8125 -1.75 0
2.8125 -1.875 0
3.125 -1.875 0
2.8125 -1.75 0
3.125 -1.75 0
3.125 -2 0
3.4375 -2 0
3.125 -1.875 0
3.4375 -1.875 0
3.4375 -2 0
3.75 -2 0
3.4375 -1.875 0
3.75 -1.875 0
3.125 -1.875 0
3.4375 -1.875 0
3.125 -1.75 0
3.4375 -1.75 0
3.4375 -1.875 0
3.75 -1.875 0
3.4375 -1.75 0
3.75 -1.75 0
2.5 -1.75 0
2.8125 -1.75 0
2.5 -1.625 0
2.8125 -1.625 0
2.8125 -1.75 0
3.125 -1.75 0
2.8125 -1.625 0
3.125 -1.625 0
2.5 -1.625 0
2.8125 -1.625 0
2.5 -1.5 0
2.8125 -1.5 0
2.8125 -1.625 0
3.125 -1.625 0
2.8125 -1.5 0
3.125 -1.5 0
3.125 -1.75 0
3.4375 -1.75 0
3.125 -1.625 0
3.4375 -1.625 0
3.4375 -1.75 0
3.75 -1.75 0
3.4375 -1.625 0
3.75 -1.625 0
3.125 -1.625 0
3.4375 -1.625 0
3.125 -1.5 0
3.4375 -1.5 0
3.4375 -1.625 0
3.75 -1.625 0
3.4375 -1.5 0
3.75 -1.5 0
3.75 -2 0
4.0625 -2 0
3.75 -1.875 0
4.0625 -1.875 0
4.0625 -2 0
4.375 -2 0
4.0625 -1.875 0
4.375 -1.875 0
3.75 -1.875 0
4.0625 -1.875 0
3.75 -1.75 0
4.0625 -1.75 0
4.0625 -1.875 0
4.375 -1.875 0
4.0625 -1.75 0
4.375 -1.75 0
4.375 -2 0
4.6875 -2 0
4.375 -1.875 0
4.6875 -1.875 0
4.6875 -2 0
5 -2 0
4.6875 -1.875 0
5 -1.875 0
4.375 -1.875 0
4.6875 -1.875 0
4.375 -1.75 0
4.6875 -1.75 0
4.6875 -1.875 0
5 -1.875 0
4.6875 -1.75 0
5 -1.75 0
3.75 -1.75 0
4.0625 -1.75 0
3.75 -1.625 0
4.0625 -1.625 0
4.0625 -1.75 0
4.375 -1.75 0
4.0625 -1.625 0
4.375 -1.625 0
3.75 -1.625 0
4.0625 -1.625 0
3.75 -1.5 0
4.0625 -1.5 0
4.0625 -1.625 0
4.375 -1.625 0
4.0625 -1.5 0
4.375 -1.5 0
4.375 -1.75 0
4.6875 -1.75 0
4.375 -1.625 0
4.6875 -1.625 0
4.6875 -1.75 0
5 -1.75 0
4.6875 -1.625 0
5 -1.625 0
4.375 -1.625 0
4.6875 -1.625 0
4.375 -1.5 0
4.6875 -1.5 0
4.6875 -1.625 0
5 -1.625 0
4.6875 -1.5 0
5 -1.5 0
2.5 -1.5 0
2.8125 -1.5 0
2.5 -1.375 0
2.8125 -1.375 0
2.8125 -1.5 0
3.125 -1.5 0
2.8125 -1.375 0
3.125 -1.375 0
2.5 -1.375 0
2.8125 -1.375 0
2.5 -1.25 0
2.8125 -1.25 0
2.8125 -1.375 0
3.125 -1.375 0
2.8125 -1.25 0
3.125 -1.25 0
3.125 -1.5 0
3.4375 -1.5 0
3.125 -1.375 0
3.4375 -1.375 0
3.4375 -1.5 0
3.75 -1.5 0
3.4375 -1.375 0
3.75 -1.375 0
3.125 -1.375 0
3.4375 -1.375 0
3.125 -1.25 0
3.4375 -1.25 0
3.4375 -1.375 0
3.75 -1.375 0
3.4375 -1.25 0
3.75 -1.25 0
2.5 -1.25 0
2.8125 -1.25 0
2.5 -1.125 0
2.8125 -1.125 0
2.8125 -1.25 0
3.125 -1.25 0
2.8125 -1.125 0
3.125 -1.125 0
2.5 -1.125 0
2.8125 -1.125 0
2.5 -1 0
2.8125 -1 0
2.8125 -1.125 0
3.125 -1.125 0
2.8125 -1 0
3.125 -1 0
3.125 -1.25 0
3.4375 -1.25 0
3.125 -1.125 0
3.4375 -1.125 0
3.4375 -1.25 0
3.75 -1.25 0
3.4375 -1.125 0
3.75 -1.125 0
3.125 -1.125 0
3.4375 -1.125 0
3.125 -1 0
3.4375 -1 0
3.4375 -1.125 0
3.75 -1.125 0
3.4375 -1 0
3.75 -1 0
3.75 -1.5 0
4.0625 -1.5 0
3.75 -1.375 0
4.0625 -1.375 0
4.0625 -1.5 0
4.375 -1.5 0
4.0625 -1.375 0
4.375 -1.375 0
3.75 -1.375 0
4.0625 -1.375 0
3.75 -1.25 0
4.0625 -1.25 0
4.0625 -1.375 0
4.375 -1.375 0
4.0625 -1.25 0
4.375 -1.25 0
4.375 -1.5 0
4.6875 -1.5 0
4.375 -1.375 0
4.6875 -1.375 0
4.6875 -1.5 0
5 -1.5 0
4.6875 -1.375 0
5 -1.375 0
4.375 -1.375 0
4.6875 -1.375 0
4.375 -1.25 0
4.6875 -1.25 0
4.6875 -1.375 0
5 -1.375 0
4.6875 -1.25 0
5 -1.25 0
3.75 -1.25 0
4.0625 -1.25 0
3.75 -1.125 0
4.0625 -1.125 0
4.0625 -1.25 0
4.375 -1.25 0
4.0625 -1.125 0
4.375 -1.125 0
3.75 -1.125 0
4.0625 -1.125 0
3.75 -1 0
4.0625 -1 0
4.0625 -1.125 0
4.375 -1.125 0
4.0625 -1 0
4.375 -1 0
4.375 -1.25 0
4.6875 -1.25 0
4.375 -1.125 0
4.6875 -1.125 0
4.6875 -1.25 0
5 -1.25 0
4.6875 -1.125 0
5 -1.125 0
4.375 -1.125 0
4.6875 -1.125 0
4.375 -1 0
4.6875 -1 0
4.6875 -1.125 0
5 -1.125 0
4.6875 -1 0
5 -1 0
-5 -1 0
-4.6875 -1 0
-5 -0.875 0
-4.6875 -0.875 0
-4.6875 -1 0
-4.375 -1 0
-4.6875 -0.875 0
-4.375 -0.875 0
-5 -0.875 0
-4.6875 -0.875 0
-5 -0.75 0
-4.6875 -0.75 0
-4.6875 -0.875 0
-4.375 -0.875 0
-4.6875 -0.75 0
-4.375 -0.75 0
-4.375 -1 0
-4.0625 -1 0
-4.375 -0.875 0
-4.0625 -0.875 0
-4.0625 -1 0
-3.75 -1 0
-4.0625 -0.875 0
-3.75 -0.875 0
-4.375 -0.875 0
-4.0625 -0.875 0
-4.375 -0.75 0
-4.0625 -0.75 0
-4.0625 -0.875 0
-3.75 -0.875 0
-4.0625 -0.75 0
-3.75 -0.75 0
-5 -0.75 0
-4.6875 -0.75 0
-5 -0.625 0
-4.6875 -0.625 0
-4.6875 -0.75 0
-4.375 -0.75 0
-4.6875 -0.625 0
-4.375 -0.625 0
-5 -0.625 0
-4.6875 -0.625 0
-5 -0.5 0
-4.6875 -0.5 0
-4.6875 -0.625 0
-4.375 -0.625 0
-4.6875 -0.5 0
-4.375 -0.5 0
-4.375 -0.75 0
-4.0625 -0.75 0
-4.375 -0.625 0
-4.0625 -0.625 0
-4.0625 -0.75 0
-3.75 -0.75 0
-4.0625 -0.625 0
-3.75 -0.625 0
-4.375 -0.625 0
-4.0625 -0.625 0
-4.375 -0.5 0
-4.0625 -0.5 0
-4.0625 -0.625 0
-3.75 -0.625 0
-4.0625 -0.5 0
-3.75 -0.5 0
-3.75 -1 0
-3.4375 -1 0
-3.75 -0.875 0
-3.4375 -0.875 0
-3.4375 -1 0
-3.125 -1 0
-3.4375 -0.875 0
-3.125 -0.875 0
-3.75 -0.875 0
-3.4375 -0.875 0
-3.75 -0.75 0
-3.4375 -0.75 0
-3.4375 -0.875 0
-3.125 -0.875 0
-3.4375 -0.75 0
-3.125 -0.75 0
-3.125 -1 0
-2.8125 -1 0
-3.125 -0.875 0
-2.8125 -0.875 0
-2.8125 -1 0
-2.5 -1 0
-2.8125 -0.875 0
-2.5 -0.875 0
-3.125 -0.875 0
-2.8125 -0.875 0
-3.125 -0.75 0
-2.8125 -0.75 0
-2.8125 -0.875 0
-2.5 -0.875 0
-2.8125 -0.75 0
-2.5 -0.75 0
-3.75 -0.75 0
-3.4375 -0.75 0
-3.75 -0.625 0
-3.4375 -0.625 0
-3.4375 -0.75 0
-3.125 -0.75 0
-3.4375 -0.625 0
-3.125 -0.625 0
-3.75 -0.625 0
-3.4375 -0.625 0
-3.75 -0.5 0
-3.4375 -0.5 0
-3.4375 -0.625 0
-3.125 -0.625 0
-3.4375 -0.5 0
-3.125 -0.5 0
-3.125 -0.75 0
-2.8125 -0.75 0
-3.125 -0.625 0
-2.8125 -0.625 0
-2.8125 -0.75 0
-2.5 -0.75 0
-2.8125 -0.625 0
-2.5 -0.625 0
-3.125 -0.625 0
-2.8125 -0.625 0
-3.125 -0.5 0
-2.8125 -0.5 0
-2.8125 -0.625 0
-2.5 -0.625 0
-2.8125 -0.5 0
-2.5 -0.5 0
-5 -0.5 0
-4.6875 -0.5 0
-5 -0.375 0
-4.6875 -0.375 0
-4.6875 -0.5 0
-4.375 -0.5 0
-4.6875 -0.375 0
-4.375 -0.375 0
-5 -0.375 0
-4.6875 -0.375 0
-5 -0.25 0
-4.6875 -0.25 0
-4.6875 -0.375 0
-4.375 -0.375 0
-4.6875 -0.25 0
-4.375 -0.25 0
-4.375 -0.5 0
-4.0625 -0.5 0
-4.375 -0.375 0
-4.0625 -0.375 0
-4.0625 -0.5 0
-3.75 -0.5 0
-4.0625 -0.375 0
-3.75 -0.375 0
-4.375 -0.375 0
-4.0625 -0.375 0
-4.375 -0.25 0
-4.0625 -0.25 0
-4.0625 -0.375 0
-3.75 -0.375 0
-4.0625 -0.25 0
-3.75 -0.25 0
-5 -0.25 0
-4.6875 -0.25 0
-5 -0.125 0
-4.6875 -0.125 0
-4.6875 -0.25 0
-4.375 -0.25 0
-4.6875 -0.125 0
-4.375 -0.125 0
-5 -0.125 0
-4.6875 -0.125 0
-5 0 0
-4.6875 0 0
-4.6875 -0.125 0
-4.375 -0.125 0
-4.6875 0 0
-4.375 0 0
-4.375 -0.25 0
-4.0625 -0.25 0
-4.375 -0.125 0
-4.0625 -0.125 0
-4.0625 -0.25 0
-3.75 -0.25 0
-4.0625 -0.125 0
-3.75 -0.125 0
-4.375 -0.125 0
-4.0625 -0.125 0
-4.375 0 0
-4.0625 0 0
-4.0625 -0.125 0
-3.75 -0.125 0
-4.0625 0 0
-3.75 0 0
-3.75 -0.5 0
-3.4375 -0.5 0
-3.75 -0.375 0
-3.4375 -0.375 0
-3.4375 -0.5 0
-3.125 -0.5 0
-3.4375 -0.375 0
-3.125 -0.375 0
-3.75 -0.375 0
-3.4375 -0.375 0
-3.75 -0.25 0
-3.4375 -0.25 0
-3.4375 -0.375 0
-3.125 -0.375 0
-3.4375 -0.25 0
-3.125 -0.25 0
-3.125 -0.5 0
-2.8125 -0.5 0
-3.125 -0.375 0
-2.8125 -0.375 0
-2.8125 -0.5 0
-2.5 -0.5 0
-2.8125 -0.375 0
-2.5 -0.375 0
-3.125 -0.375 0
-2.8125 -0.375 0
-3.125 -0.25 0
-2.8125 -0.25 0
-2.8125 -0.375 0
-2.5 -0.375 0
-2.8125 -0.25 0
-2.5 -0.25 0
-3.75 -0.25 0
-3.4375 -0.25 0
-3.75 -0.125 0
-3.4375 -0.125 0
-3.4375 -0.25 0
-3.125 -0.25 0
-3.4375 -0.125 0
-3.125 -0.125 0
-3.75 -0.125 0
-3.4375 -0.125 0
-3.75 0 0
-3.4375 0 0
-3.4375 -0.125 0
-3.125 -0.125 0
-3.4375 0 0
-3.125 0 0
-3.125 -0.25 0
-2.8125 -0.25 0
-3.125 -0.125 0
-2.8125 -0.125 0
-2.8125 -0.25 0
-2.5 -0.25 0
-2.8125 -0.125 0
-2.5 -0.125 0
-3.125 -0.125 0
-2.8125 -0.125 0
-3.125 0 0
-2.8125 0 0
-2.8125 -0.125 0
-2.5 -0.125 0
-2.8125 0 0
-2.5 0 0
-2.5 -1 0
-2.1875 -1 0
-2.5 -0.875 0
-2.1875 -0.875 0
-2.1875 -1 0
-1.875 -1 0
-2.1875 -0.875 0
-1.875 -0.875 0
-2.5 -0.875 0
-2.1875 -0.875 0
-2.5 -0.75 0
-2.1875 -0.75 0
-2.1875 -0.875 0
-1.875 -0.875 0
-2.1875 -0.75 0
-1.875 -0.75 0
-1.875 -1 0
-1.5625 -1 0
-1.875 -0.875 0
-1.5625 -0.875 0
-1.5625 -1 0
-1.25 -1 0
-1.5625 -0.875 0
-1.25 -0.875 0
-1.875 -0.875 0
-1.5625 -0.875 0
-1.875 -0.75 0
-1.5625 -0.75 0
-1.5625 -0.875 0
-1.25 -0.875 0
-1.5625 -0.75 0
-1.25 -0.75 0
-2.5 -0.75 0
-2.1875 -0.75 0
-2.5 -0.625 0
-2.1875 -0.625 0
-2.1875 -0.75 0
-1.875 -0.75 0
-2.1875 -0.625 0
-1.875 -0.625 0
-2.5 -0.625 0
-2.1875 -0.625 0
-2.5 -0.5 0
-2.1875 -0.5 0
-2.1875 -0.625 0
-1.875 -0.625 0
-2.1875 -0.5 0
-1.875 -0.5 0
-1.875 -0.75 0
-1.5625 -0.75 0
-1.875 -0.625 0
-1.5625 -0.625 0
-1.5625 -0.75 0
-1.25 -0.75 0
-1.5625 -0.625 0
-1.25 -0.625 0
-1.875 -0.625 0
-1.5625 -0.625 0
-1.875 -0.5 0
-1.5625 -0.5 0
-1.5625 -0.625 0
-1.25 -0.625 0
-1.5625 -0.5 0
-1.25 -0.5 0
-1.25 -1 0
-0.9375 -1 0
-1.25 -0.875 0
-0.9375 -0.875 0
-0.9375 -1 0
-0.625 -1 0
-0.9375 -0.875 0
-0.625 -0.875 0
-1.25 -0.875 0
-0.9375 -0.875 0
-1.25 -0.75 0
-0.9375 -0.75 0
-0.9375 -0.875 0
-0.625 -0.875 0
-0.9375 -0.75 0
-0.625 -0.75 0
-0.625 -1 0
-0.3125 -1 0
-0.625 -0.875 0
-0.3125 -0.875 0
-0.3125 -1 0
0 -1 0
-0.3125 -0.875 0
0 -0.875 0
-0.625 -0.875 0
-0.3125 -0.875 0
-0.625 -0.75 0
-0.3125 -0.75 0
-0.3125 -0.875 0
0 -0.875 0
-0.3125 -0.75 0
0 -0.75 0
-1.25 -0.75 0
-0.9375 -0.75 0
-1.25 -0.625 0
-0.9375 -0.625 0
-0.9375 -0.75 0
-0.625 -0.75 0
-0.9375 -0.625 0
-0.625 -0.625 0
-1.25 -0.625 0
-0.9375 -0.625 0
-1.25 -0.5 0
-0.9375 -0.5 0
-0.9375 -0.625 0
-0.625 -0.625 0
-0.9375 -0.5 0
-0.625 -0.5 0
-0.625 -0.75 0
-0.3125 -0.75 0
-0.625 -0.625 0
-0.3125 -0.625 0
-0.3125 -0.75 0
0 -0.75 0
-0.3125 -0.625 0
0 -0.625 0
-0.625 -0.625 0
-0.3125 -0.625 0
-0.625 -0.5 0
-0.3125 -0.5 0
-0.3125 -0.625 0
0 -0.625 0
-0.3125 -0.5 0
0 -0.5 0
-2.5 -0.5 0
-2.1875 -0.5 0
-2.5 -0.375 0
-2.1875 -0.375 0
-2.1875 -0.5 0
-1.875 -0.5 0
-2.1875 -0.375 0
-1.875 -0.375 0
-2.5 -0.375 0
-2.1875 -0.375 0
-2.5 -0.25 0
-2.1875 -0.25 0
-2.1875 -0.375 0
-1.875 -0.375 0
-2.1875 -0.25 0
-1.875 -0.25 0
-1.875 -0.5 0
-1.5625 -0.5 0
-1.875 -0.375 0
-1.5625 -0.375 0
-1.5625 -0.5 0
-1.25 -0.5 0
-1.5625 -0.375 0
-1.25 -0.375 0
-1.875 -0.375 0
-1.5625 -0.375 0
-1.875 -0.25 0
-1.5625 -0.25 0
-1.5625 -0.375 0
-1.25 -0.375 0
-1.5625 -0.25 0
-1.25 -0.25 0
-2.5 -0.25 0
-2.1875 -0.25 0
-2.5 -0.125 0
-2.1875 -0.125 0
-2.1875 -0.25 0
-1.875 -0.25 0
-2.1875 -0.125 0
-1.875 -0.125 0
-2.5 -0.125 0
-2.1875 -0.125 0
-2.5 0 0
-2.1875 0 0
-2.1875 -0.125 0
-1.875 -0.125 0
-2.1875 0 0
-1.875 0 0
-1.875 -0.25 0
-1.5625 -0.25 0
-1.875 -0.125 0
-1.5625 -0.125 0
-1.5625 -0.25 0
-1.25 -0.25 0
-1.5625 -0.125 0
-1.25 -0.125 0
-1.875 -0.125 0
-1.5625 -0.125 0
-1.875 0 0
-1.5625 0 0
-1.5625 -0.125 0
-1.25 -0.125 0
-1.5625 0 0
-1.25 0 0
-1.25 -0.5 0
-0.9375 -0.5 0
-1.25 -0.375 0
-0.9375 -0.375 0
-0.9375 -0.5 0
-0.625 -0.5 0
-0.9375 -0.375 0
-0.625 -0.375 0
-1.25 -0.375 0
-0.9375 -0.375 0
-1.25 -0.25 0
-0.9375 -0.25 0
-0.9375 -0.375 0
-0.625 -0.375 0
-0.9375 -0.25 0
-0.625 -0.25 0
-0.625 -0.5 0
-0.3125 -0.5 0
-0.625 -0.375 0
-0.3125 -0.375 0
-0.3125 -0.5 0
0 -0.5 0
-0.3125 -0.375 0
0 -0.375 0
-0.625 -0.375 0
-0.3125 -0.375 0
-0.625 -0.25 0
-0.3125 -0.25 0
-0.3125 -0.375 0
0 -0.375 0
-0.3125 -0.25 0
0 -0.25 0
-1.25 -0.25 0
-0.9375 -0.25 0
-1.25 -0.125 0
-0.9375 -0.125 0
-0.9375 -0.25 0
-0.625 -0.25 0
-0.9375 -0.125 0
-0.625 -0.125 0
-1.25 -0.125 0
-0.9375 -0.125 0
-1.25 0 0
-0.9375 0 0
-0.9375 -0.125 0
-0.625 -0.125 0
-0.9375 0 0
-0.625 0 0
-0.625 -0.25 0
-0.3125 -0.25 0
-0.625 -0.125 0
-0.3125 -0.125 0
-0.3125 -0.25 0
0 -0.25 0
-0.3125 -0.125 0
0 -0.125 0
-0.625 -0.125 0
-0.3125 -0.125 0
-0.625 0 0
-0.3125 0 0
-0.3125 -0.125 0
0 -0.125 0
-0.3125 0 0
0 0 0
0 -1 0
0.3125 -1 0
0 -0.875 0
0.3125 -0.875 0
0.3125 -1 0
0.625 -1 0
0.3125 -0.875 0
0.625 -0.875 0
0 -0.875 0
0.3125 -0.875 0
0 -0.75 0
0.3125 -0.75 0
0.3125 -0.875 0
0.625 -0.875 0
0.3125 -0.75 0
0.625 -0.75 0
0.625 -1 0
0.9375 -1 0
0.625 -0.875 0
0.9375 -0.875 0
0.9375 -1 0
1.25 -1 0
0.9375 -0.875 0
1.25 -0.875 0
0.625 -0.875 0
0.9375 -0.875 0
0.625 -0.75 0
0.9375 -0.75 0
0.9375 -0.875 0
1.25 -0.875 0
0.9375 -0.75 0
1.25 -0.75 0
0 -0.75 0
0.3125 -0.75 0
0 -0.625 0
0.3125 -0.625 0
0.3125 -0.75 0
0.625 -0.75 0
0.3125 -0.625 0
0.625 -0.625 0
0 -0.625 0
0.3125 -0.625 0
0 -0.5 0
0.3125 -0.5 0
0.3125 -0.625 0
0.625 -0.625 0
0.3125 -0.5 0
0.625 -0.5 0
0.625 -0.75 0
0.9375 -0.75 0
0.625 -0.625 0
0.9375 -0.625 0
0.9375 -0.75 0
1.25 -0.75 0
0.9375 -0.625 0
1.25 -0.625 0
0.625 -0.625 0
0.9375 -0.625 0
0.625 -0.5 0
0.9375 -0.5 0
0.9375 -0.625 0
1.25 -0.625 0
0.9375 -0.5 0
1.25 -0.5 0
1.25 -1 0
1.5625 -1 0
1.25 -0.875 0
1.5625 -0.875 0
1.5625 -1 0
1.875 -1 0
1.5625 -0.875 0
1.875 -0.875 0
1.25 -0.875 0
1.5625 -0.875 0
1.25 -0.75 0
1.5625 -0.75 0
1.5625 -0.875 0
1.875 -0.875 0
1.5625 -0.75 0
1.875 -0.75 0
1.875 -1 0
2.1875 -1 0
1.875 -0.875 0
2.1875 -0.875 0
2.1875 -1 0
2.5 -1 0
2.1875 -0.875 0
2.5 -0.875 0
1.875 -0.875 0
2.1875 -0.875 0
1.875 -0.75 0
2.1875 -0.75 0
2.1875 -0.875 0
2.5 -0.875 0
2.1875 -0.75 0
2.5 -0.75 0
1.25 -0.75 0
1.5625 -0.75 0
1.25 -0.625 0
1.5625 -0.625 0
1.5625 -0.75 0
1.875 -0.75 0
1.5625 -0.625 0
1.875 -0.625 0
1.25 -0.625 0
1.5625 -0.625 0
1.25 -0.5 0
1.5625 -0.5 0
1.5625 -0.625 0
1.875 -0.625 0
1.5625 -0.5 0
1.875 -0.5 0
1.875 -0.75 0
2.1875 -0.75 0
1.875 -0.625 0
2.1875 -0.625 0
2.1875 -0.75 0
2.5 -0.75 0
2.1875 -0.625 0
2.5 -0.625 0
1.875 -0.625 0
2.1875 -0.625 0
1.875 -0.5 0
2.1875 -0.5 0
2.1875 -0.625 0
2.5 -0.625 0
2.1875 -0.5 0
2.5 -0.5 0
0 -0.5 0
0.3125 -0.5 0
0 -0.375 0
0.3125 -0.375 0
0.3125 -0.5 0
0.625 -0.5 0
0.3125 -0.375 0
0.625 -0.375 0
0 -0.375 0
0.3125 -0.375 0
0 -0.25 0
0.3125 -0.25 0
0.3125 -0.375 0
0.625 -0.375 0
0.3125 -0.25 0
0.625 -0.25 0
0.625 -0.5 0
0.9375 -0.5 0
0.625 -0.375 0
0.9375 -0.375 0
0.9375 -0.5 0
1.25 -0.5 0
0.9375 -0.375 0
1.25 -0.375 0
0.625 -0.375 0
0.9375 -0.375 0
0.625 -0.25 0
0.9375 -0.25 0
0.9375 -0.375 0
1.25 -0.375 0
0.9375 -0.25 0
1.25 -0.25 0
0 -0.25 0
0.3125 -0.25 0
0 -0.125 0
0.3125 -0.125 0
0.3125 -0.25 0
0.625 -0.25 0
0.3125 -0.125 0
0.625 -0.125 0
0 -0.125 0
0.3125 -0.125 0
0 0 0
0.3125 0 0
0.3125 -0.125 0
0.625 -0.125 0
0.3125 0 0
0.625 0 0
0.625 -0.25 0
0.9375 -0.25 0
0.625 -0.125 0
0.9375 -0.125 0
0.9375 -0.25 0
1.25 -0.25 0
0.9375 -0.125 0
1.25 -0.125 0
0.625 -0.125 0
0.9375 -0.125 0
0.625 0 0
0.9375 0 0
0.9375 -0.125 0
1.25 -0.125 0
0.9375 0 0
1.25 0 0
1.25 -0.5 0
1.5625 -0.5 0
1.25 -0.375 0
1.5625 -0.375 0
1.5625 -0.5 0
1.875 -0.5 0
1.5625 -0.375 0
1.875 -0.375 0
1.25 -0.375 0
1.5625 -0.375 0
1.25 -0.25 0
1.5625 -0.25 0
1.5625 -0.375 0
1.875 -0.375 0
1.5625 -0.25 0
1.875 -0.25 0
1.875 -0.5 0
2.1875 -0.5 0
1.875 -0.375 0
2.1875 -0.375 0
2.1875 -0.5 0
2.5 -0.5 0
2.1875 -0.375 0
2.5 -0.375 0
1.875 -0.375 0
2.1875 -0.375 0
1.875 -0.25 0
2.1875 -0.25 0
2.1875 -0.375 0
2.5 -0.375 0
2.1875 -0.25 0
2.5 -0.25 0
1.25 -0.25 0
1.5625 -0.25 0
1.25 -0.125 0
1.5625 -0.125 0
1.5625 -0.25 0
1.875 -0.25 0
1.5625 -0.125 0
1.875 -0.125 0
1.25 -0.125 0
1.5625 -0.125 0
1.25 0 0
1.5625 0 0
1.5625 -0.125 0
1.875 -0.125 0
1.5625 0 0
1.875 0 0
1.875 -0.25 0
2.1875 -0.25 0
1.875 -0.125 0
2.1875 -0.125 0
2.1875 -0.25 0
2.5 -0.25 0
2.1875 -0.125 0
2.5 -0.125 0
1.875 -0.125 0
2.1875 -0.125 0
1.875 0 0
2.1875 0 0
2.1875 -0.125 0
2.5 -0.125 0
2.1875 0 0
2.5 0 0
2.5 -1 0
2.8125 -1 0
2.5 -0.875 0
2.8125 -0.875 0
2.8125 -1 0
3.125 -1 0
2.8125 -0.875 0
3.125 -0.875 0
2.5 -0.875 0
2.8125 -0.875 0
2.5 -0.75 0
2.8125 -0.75 0
2.8125 -0.875 0
3.125 -0.875 0
2.8125 -0.75 0
3.125 -0.75 0
3.125 -1 0
3.4375 -1 0
3.125 -0.875 0
3.4375 -0.875 0
3.4375 -1 0
3.75 -1 0
3.4375 -0.875 0
3.75 -0.875 0
3.125 -0.875 0
3.4375 -0.875 0
3.125 -0.75 0
3.4375 -0.75 0
3.4375 -0.875 0
3.75 -0.875 0
3.4375 -0.75 0
3.75 -0.75 0
2.5 -0.75 0
2.8125 -0.75 0
2.5 -0.625 0
2.8125 -0.625 0
2.8125 -0.75 0
3.125 -0.75 0
2.8125 -0.625 0
3.125 -0.625 0
2.5 -0.625 0
2.8125 -0.625 0
2.5 -0.5 0
2.8125 -0.5 0
2.8125 -0.625 0
3.125 -0.625 0
2.8125 -0.5 0
3.125 -0.5 0
3.125 -0.75 0
3.4375 -0.75 0
3.125 -0.625 0
3.4375 -0.625 0
3.4375 -0.75 0
3.75 -0.75 0
3.4375 -0.625 0
3.75 -0.625 0
3.125 -0.625 0
3.4375 -0.625 0
3.125 -0.5 0
3.4375 -0.5 0
3.4375 -0.625 0
3.75 -0.625 0
3.4375 -0.5 0
3.75 -0.5 0
3.75 -1 0
4.0625 -1 0
3.75 -0.875 0
4.0625 -0.875 0
4.0625 -1 0
4.375 -1 0
4.0625 -0.875 0
4.375 -0.875 0
3.75 -0.875 0
4.0625 -0.875 0
3.75 -0.75 0
4.0625 -0.75 0
4.0625 -0.875 0
4.375 -0.875 0
4.0625 -0.75 0
4.375 -0.75 0
4.375 -1 0
4.6875 -1 0
4.375 -0.875 0
4.6875 -0.875 0
4.6875 -1 0
5 -1 0
4.6875 -0.875 0
5 -0.875 0
4.375 -0.875 0
4.6875 -0.875 0
4.375 -0.75 0
4.6875 -0.75 0
4.6875 -0.875 0
5 -0.875 0
4.6875 -0.75 0
5 -0.75 0
3.75 -0.75 0
4.0625 -0.75 0
3.75 -0.625 0
4.0625 -0.625 0
4.0625 -0.75 0
4.375 -0.75 0
4.0625 -0.625 0
4.375 -0.625 0
3.75 -0.625 0
4.0625 -0.625 0
3.75 -0.5 0
4.0625 -0.5 0
4.0625 -0.625 0
4.375 -0.625 0
4.0625 -0.5 0
4.375 -0.5 0
4.375 -0.75 0
4.6875 -0.75 0
4.375 -0.625 0
4.6875 -0.625 0
4.6875 -0.75 0
5 -0.75 0
4.6875 -0.625 0
5 -0.625 0
4.375 -0.625 0
4.6875 -0.625 0
4.375 -0.5 0
4.6875 -0.5 0
4.6875 -0.625 0
5 -0.625 0
4.6875 -0.5 0
5 -0.5 0
2.5 -0.5 0
2.8125 -0.5 0
2.5 -0.375 0
2.8125 -0.375 0
2.8125 -0.5 0
3.125 -0.5 0
2.8125 -0.375 0
3.125 -0.375 0
2.5 -0.375 0
2.8125 -0.375 0
2.5 -0.25 0
2.8125 -0.25 0
2.8125 -0.375 0
3.125 -0.375 0
2.8125 -0.25 0
3.125 -0.25 0
3.125 -0.5 0
3.4375 -0.5 0
3.125 -0.375 0
3.4375 -0.375 0
3.4375 -0.5 0
3.75 -0.5 0
3.4375 -0.375 0
3.75 -0.375 0
3.125 -0.375 0
3.4375 -0.375 0
3.125 -0.25 0
3.4375 -0.25 0
3.4375 -0.375 0
3.75 -0.375 0
3.4375 -0.25 0
3.75 -0.25 0
2.5 -0.25 0
2.8125 -0.25 0
2.5 -0.125 0
2.8125 -0.125 0
2.8125 -0.25 0
3.125 -0.25 0
2.8125 -0.125 0
3.125 -0.125 0
2.5 -0.125 0
2.8125 -0.125 0
2.5 0 0
2.8125 0 0
2.8125 -0.125 0
3.125 -0.125 0
2.8125 0 0
3.125 0 0
3.125 -0.25 0
3.4375 -0.25 0
3.125 -0.125 0
3.4375 -0.125 0
3.4375 -0.25 0
3.75 -0.25 0
3.4375 -0.125 0
3.75 -0.125 0
3.125 -0.125 0
3.4375 -0.125 0
3.125 0 0
3.4375 0 0
3.4375 -0.125 0
3.75 -0.125 0
3.4375 0 0
3.75 0 0
3.75 -0.5 0
4.0625 -0.5 0
3.75 -0.375 0
4.0625 -0.375 0
4.0625 -0.5 0
4.375 -0.5 0
4.0625 -0.375 0
4.375 -0.375 0
3.75 -0.375 0
4.0625 -0.375 0
3.75 -0.25 0
4.0625 -0.25 0
4.0625 -0.375 0
4.375 -0.375 0
4.0625 -0.25 0
4.375 -0.25 0
4.375 -0.5 0
4.6875 -0.5 0
4.375 -0.375 0
4.6875 -0.375 0
4.6875 -0.5 0
5 -0.5 0
4.6875 -0.375 0
5 -0.375 0
4.375 -0.375 0
4.6875 -0.375 0
4.375 -0.25 0
4.6875 -0.25 0
4.6875 -0.375 0
5 -0.375 0
4.6875 -0.25 0
5 -0.25 0
3.75 -0.25 0
4.0625 -0.25 0
3.75 -0.125 0
4.0625 -0.125 0
4.0625 -0.25 0
4.375 -0.25 0
4.0625 -0.125 0
4.375 -0.125 0
3.75 -0.125 0
4.0625 -0.125 0
3.75 0 0
4.0625 0 0
4.0625 -0.125 0
4.375 -0.125 0
4.0625 0 0
4.375 0 0
4.375 -0.25 0
4.6875 -0.25 0
4.375 -0.125 0
4.6875 -0.125 0
4.6875 -0.25 0
5 -0.25 0
4.6875 -0.125 0
5 -0.125 0
4.375 -0.125 0
4.6875 -0.125 0
4.375 0 0
4.6875 0 0
4.6875 -0.125 0
5 -0.125 0
4.6875 0 0
5 0 0
-5 0 0
-4.6875 0 0
-5 0.125 0
-4.6875 0.125 0
-4.6875 0 0
-4.375 0 0
-4.6875 0.125 0
-4.375 0.125 0
-5 0.125 0
-4.6875 0.125 0
-5 0.25 0
-4.6875 0.25 0
-4.6875 0.125 0
-4.375 0.125 0
-4.6875 0.25 0
-4.375 0.25 0
-4.375 0 0
-4.0625 0 0
-4.375 0.125 0
-4.0625 0.125 0
-4.0625 0 0
-3.75 0 0
-4.0625 0.125 0
-3.75 0.125 0
-4.375 0.125 0
-4.0625 0.125 0
-4.375 0.25 0
-4.0625 0.25 0
-4.0625 0.125 0
-3.75 0.125 0
-4.0625 0.25 0
-3.75 0.25 0
-5 0.25 0
-4.6875 0.25 0
-5 0.375 0
-4.6875 0.375 0
-4.6875 0.25 0
-4.375 0.25 0
-4.6875 0.375 0
-4.375 0.375 0
-5 0.375 0
-4.6875 0.375 0
-5 0.5 0
-4.6875 0.5 0
-4.6875 0.375 0
-4.375 0.375 0
-4.6875 0.5 0
-4.375 0.5 0
-4.375 0.25 0
-4.0625 0.25 0
-4.375 0.375 0
-4.0625 0.375 0
-4.0625 0.25 0
-3.75 0.25 0
-4.0625 0.375 0
-3.75 0.375 0
-4.375 0.375 0
-4.0625 0.375 0
-4.375 0.5 0
-4.0625 0.5 0
-4.0625 0.375 0
-3.75 0.375 0
-4.0625 0.5 0
-3.75 0.5 0
-3.75 0 0
-3.4375 0 0
-3.75 0.125 0
-3.4375 0.125 0
-3.4375 0 0
-3.125 0 0
-3.4375 0.125 0
-3.125 0.125 0
-3.75 0.125 0
-3.4375 0.125 0
-3.75 0.25 0
-3.4375 0.25 0
-3.4375 0.125 0
-3.125 0.125 0
-3.4375 0.25 0
-3.125 0.25 0
-3.125 0 0
-2.8125 0 0
-3.125 0.125 0
-2.8125 0.125 0
-2.8125 0 0
-2.5 0 0
-2.8125 0.125 0
-2.5 0.125 0
-3.125 0.125 0
-2.8125 0.125 0
-3.125 0.25 0
-2.8125 0.25 0
-2.8125 0.125 0
-2.5 0.125 0
-2.8125 0.25 0
-2.5 0.25 0
-3.75 0.25 0
-3.4375 0.25 0
-3.75 0.375 0
-3.4375 0.375 0
-3.4375 0.25 0
-3.125 0.25 0
-3.4375 0.375 0
-3.125 0.375 0
-3.75 0.375 0
-3.4375 0.375 0
-3.75 0.5 0
-3.4375 0.5 0
-3.4375 0.375 0
-3.125 0.375 0
-3.4375 0.5 0
-3.125 0.5 0
-3.125 0.25 0
-2.8125 0.25 0
-3.125 0.375 0
-2.8125 0.375 0
-2.8125 0.25 0
-2.5 0.25 0
-2.8125 0.375 0
-2.5 0.375 0
-3.125 0.375 0
-2.8125 0.375 0
-3.125 0.5 0
-2.8125 0.5 0
-2.8125 0.375 0
-2.5 0.375 0
-2.8125 0.5 0
-2.5 0.5 0
-5 0.5 0
-4.6875 0.5 0
-5 0.625 0
-4.6875 0.625 0
-4.6875 0.5 0
-4.375 0.5 0
-4.6875 0.625 0
-4.375 0.625 0
-5 0.625 0
-4.6875 0.625 0
-5 0.75 0
-4.6875 0.75 0
-4.6875 0.625 0
-4.375 0.625 0
-4.6875 0.75 0
-4.375 0.75 0
-4.375 0.5 0
-4.0625 0.5 0
-4.375 0.625 0
-4.0625 0.625 0
-4.0625 0.5 0
-3.75 0.5 0
-4.0625 0.625 0
-3.75 0.625 0
-4.375 0.625 0
-4.0625 0.625 0
-4.375 0.75 0
-4.0625 0.75 0
-4.0625 0.625 0
-3.75 0.625 0
-4.0625 0.75 0
-3.75 0.75 0
-5 0.75 0
-4.6875 0.75 0
-5 0.875 0
-4.6875 0.875 0
-4.6875 0.75 0
-4.375 0.75 0
-4.6875 0.875 0
-4.375 0.875 0
-5 0.875 0
-4.6875 0.875 0
-5 1 0
-4.6875 1 0
-4.6875 0.875 0
-4.375 0.875 0
-4.6875 1 0
-4.375 1 0
-4.375 0.75 0
-4.0625 0.75 0
-4.375 0.875 0
-4.0625 0.875 0
-4.0625 0.75 0
-3.75 0.75 0
-4.0625 0.875 0
-3.75 0.875 0
-4.375 0.875 0
-4.0625 0.875 0
-4.375 1 0
-4.0625 1 0
-4.0625 0.875 0
-3.75 0.875 0
-4.0625 1 0
-3.75 1 0
-3.75 0.5 0
-3.4375 0.5 0
-3.75 0.625 0
-3.4375 0.625 0
-3.4375 0.5 0
-3.125 0.5 0
-3.4375 0.625 0
-3.125 0.625 0
-3.75 0.625 0
-3.4375 0.625 0
-3.75 0.75 0
-3.4375 0.75 0
-3.4375 0.625 0
-3.125 0.625 0
-3.4375 0.75 0
-3.125 0.75 0
-3.125 0.5 0
-2.8125 0.5 0
-3.125 0.625 0
-2.8125 0.625 0
-2.8125 0.5 0
-2.5 0.5 0
-2.8125 0.625 0
-2.5 0.625 0
-3.125 0.625 0
-2.8125 0.625 0
-3.125 0.75 0
-2.8125 0.75 0
-2.8125 0.625 0
-2.5 0.625 0
-2.8125 0.75 0
-2.5 0.75 0
-3.75 0.75 0
-3.4375 0.75 0
-3.75 0.875 0
-3.4375 0.875 0
-3.4375 0.75 0
-3.125 0.75 0
-3.4375 0.875 0
-3.125 0.875 0
-3.75 0.875 0
-3.4375 0.875 0
-3.75 1 0
-3.4375 1 0
-3.4375 0.875 0
-3.125 0.875 0
-3.4375 1 0
-3.125 1 0
-3.125 0.75 0
-2.8125 0.75 0
-3.125 0.875 0
-2.8125 0.875 0
-2.8125 0.75 0
-2.5 0.75 0
-2.8125 0.875 0
-2.5 0.875 0
-3.125 0.875 0
-2.8125 0.875 0
-3.125 1 0
-2.8125 1 0
-2.8125 0.875 0
-2.5 0.875 0
-2.8125 1 0
-2.5 1 0
-2.5 0 0
-2.1875 0 0
-2.5 0.125 0
-2.1875 0.125 0
-2.1875 0 0
-1.875 0 0
-2.1875 0.125 0
-1.875 0.125 0
-2.5 0.125 0
-2.1875 0.125 0
-2.5 0.25 0
-2.1875 0.25 0
-2.1875 0.125 0
-1.875 0.125 0
-2.1875 0.25 0
-1.875 0.25 0
-1.875 0 0
-1.5625 0 0
-1.875 0.125 0
-1.5625 0.125 0
-1.5625 0 0
-1.25 0 0
-1.5625 0.125 0
-1.25 0.125 0
-1.875 0.125 0
-1.5625 0.125 0
-1.875 0.25 0
-1.5625 0.25 0
-1.5625 0.125 0
-1.25 0.125 0
-1.5625 0.25 0
-1.25 0.25 0
-2.5 0.25 0
-2.1875 0.25 0
-2.5 0.375 0
-2.1875 0.375 0
-2.1875 0.25 0
-1.875 0.25 0
-2.1875 0.375 0
-1.875 0.375 0
-2.5 0.375 0
-2.1875 0.375 0
-2.5 0.5 0
-2.1875 0.5 0
-2.1875 0.375 0
-1.875 0.375 0
-2.1875 0.5 0
-1.875 0.5 0
-1.875 0.25 0
-1.5625 0.25 0
-1.875 0.375 0
-1.5625 0.375 0
-1.5625 0.25 0
-1.25 0.25 0
-1.5625 0.375 0
-1.25 0.375 0
-1.875 0.375 0
-1.5625 0.375 0
-1.875 0.5 0
-1.5625 0.5 0
-1.5625 0.375 0
-1.25 0.375 0
-1.5625 0.5 0
-1.25 0.5 0
-1.25 0 0
-0.9375 0 0
-1.25 0.125 0
-0.9375 0.125 0
-0.9375 0 0
-0.625 0 0
-0.9375 0.125 0
-0.625 0.125 0
-1.25 0.125 0
-0.9375 0.125 0
-1.25 0.25 0
-0.9375 0.25 0
-0.9375 0.125 0
-0.625 0.125 0
-0.9375 0.25 0
-0.625 0.25 0
-0.625 0 0
-0.3125 0 0
-0.625 0.125 0
-0.3125 0.125 0
-0.3125 0 0
0 0 0
-0.3125 0.125 0
0 0.125 0
-0.625 0.125 0
-0.3125 0.125 0
-0.625 0.25 0
-0.3125 0.25 0
-0.3125 0.125 0
0 0.125 0
-0.3125 0.25 0
0 0.25 0
-1.25 0.25 0
-0.9375 0.25 0
-1.25 0.375 0
-0.9375 0.375 0
-0.9375 0.25 0
-0.625 0.25 0
-0.9375 0.375 0
-0.625 0.375 0
-1.25 0.375 0
-0.9375 0.375 0
-1.25 0.5 0
-0.9375 0.5 0
-0.9375 0.375 0
-0.625 0.375 0
-0.9375 0.5 0
-0.625 0.5 0
-0.625 0.25 0
-0.3125 0.25 0
-0.625 0.375 0
-0.3125 0.375 0
-0.3125 0.25 0
0 0.25 0
-0.3125 0.375 0
0 0.375 0
-0.625 0.375 0
-0.3125 0.375 0
-0.625 0.5 0
-0.3125 0.5 0
-0.3125 0.375 0
0 0.375 0
-0.3125 0.5 0
0 0.5 0
-2.5 0.5 0
-2.1875 0.5 0
-2.5 0.625 0
-2.1875 0.625 0
-2.1875 0.5 0
-1.875 0.5 0
-2.1875 0.625 0
-1.875 0.625 0
-2.5 0.625 0
-2.1875 0.625 0
-2.5 0.75 0
-2.1875 0.75 0
-2.1875 0.625 0
-1.875 0.625 0
-2.1875 0.75 0
-1.875 0.75 0
-1.875 0.5 0
-1.5625 0.5 0
-1.875 0.625 0
-1.5625 0.625 0
-1.5625 0.5 0
-1.25 0.5 0
-1.5625 0.625 0
-1.25 0.625 0
-1.875 0.625 0
-1.5625 0.625 0
-1.875 0.75 0
-1.5625 0.75 0
-1.5625 0.625 0
-1.25 0.625 0
-1.5625 0.75 0
-1.25 0.75 0
-2.5 0.75 0
-2.1875 0.75 0
-2.5 0.875 0
-2.1875 0.875 0
-2.1875 0.75 0
-1.875 0.75 0
-2.1875 0.875 0
-1.875 0.875 0
-2.5 0.875 0
-2.1875 0.875 0
-2.5 1 0
-2.1875 1 0
-2.1875 0.875 0
-1.875 0.875 0
-2.1875 1 0
-1.875 1 0
-1.875 0.75 0
-1.5625 0.75 0
-1.875 0.875 0
-1.5625 0.875 0
-1.5625 0.75 0
-1.25 0.75 0
-1.5625 0.875 0
-1.25 0.875 0
-1.875 0.875 0
-1.5625 0.875 0
-1.875 1 0
-1.5625 1 0
-1.5625 0.875 0
-1.25 0.875 0
-1.5625 1 0
-1.25 1 0
-1.25 0.5 0
-0.9375 0.5 0
-1.25 0.625 0
-0.9375 0.625 0
-0.9375 0.5 0
-0.625 0.5 0
-0.9375 0.625 0
-0.625 0.625 0
-1.25 0.625 0
-0.9375 0.625 0
-1.25 0.75 0
-0.9375 0.75 0
-0.9375 0.625 0
-0.625 0.625 0
-0.9375 0.75 0
-0.625 0.75 0
-0.625 0.5 0
-0.3125 0.5 0
-0.625 0.625 0
-0.3125 0.625 0
-0.3125 0.5 0
0 0.5 0
-0.3125 0.625 0
0 0.625 0
-0.625 0.625 0
-0.3125 0.625 0
-0.625 0.75 0
-0.3125 0.75 0
-0.3125 0.625 0
0 0.625 0
-0.3125 0.75 0
0 0.75 0
-1.25 0.75 0
-0.9375 0.75 0
-1.25 0.875 0
-0.9375 0.875 0
-0.9375 0.75 0
-0.625 0.75 0
-0.9375 0.875 0
-0.625 0.875 0
-1.25 0.875 0
-0.9375 0.875 0
-1.25 1 0
-0.9375 1 0
-0.9375 0.875 0
-0.625 0.875 0
-0.9375 1 0
-0.625 1 0
-0.625 0.75 0
-0.3125 0.75 0
-0.625 0.875 0
-0.3125 0.875 0
-0.3125 0.75 0
0 0.75 0
-0.3125 0.875 0
0 0.875 0
-0.625 0.875 0
-0.3125 0.875 0
-0.625 1 0
-0.3125 1 0
-0.3125 0.875 0
0 0.875 0
-0.3125 1 0
0 1 0
0 0 0
0.3125 0 0
0 0.125 0
0.3125 0.125 0
0.3125 0 0
0.625 0 0
0.3125 0.125 0
0.625 0.125 0
0 0.125 0
0.3125 0.125 0
0 0.25 0
0.3125 0.25 0
0.3125 0.125 0
0.625 0.125 0
0.3125 0.25 0
0.625 0.25 0
0.625 0 0
0.9375 0 0
0.625 0.125 0
0.9375 0.125 0
0.9375 0 0
1.25 0 0
0.9375 0.125 0
1.25 0.125 0
0.625 0.125 0
0.9375 0.125 0
0.625 0.25 0
0.9375 0.25 0
0.9375 0.125 0
1.25 0.125 0
0.9375 0.25 0
1.25 0.25 0
0 0.25 0
0.3125 0.25 0
0 0.375 0
0.3125 0.375 0
0.3125 0.25 0
0.625 0.25 0
0.3125 0.375 0
0.625 0.375 0
0 0.375 0
0.3125 0.375 0
0 0.5 0
0.3125 0.5 0
0.3125 0.375 0
0.625 0.375 0
0.3125 0.5 0
0.625 0.5 0
0.625 0.25 0
0.9375 0.25 0
0.625 0.375 0
0.9375 0.375 0
0.9375 0.25 0
1.25 0.25 0
0.9375 0.375 0
1.25 0.375 0
0.625 0.375 0
0.9375 0.375 0
0.625 0.5 0
0.9375 0.5 0
0.9375 0.375 0
1.25 0.375 0
0.9375 0.5 0
1.25 0.5 0
1.25 0 0
1.5625 0 0
1.25 0.125 0
1.5625 0.125 0
1.5625 0 0
1.875 0 0
1.5625 0.125 0
1.875 0.125 0
1.25 0.125 0
1.5625 0.125 0
1.25 0.25 0
1.5625 0.25 0
1.5625 0.125 0
1.875 0.125 0
1.5625 0.25 0
1.875 0.25 0
1.875 0 0
2.1875 0 0
1.875 0.125 0
2.1875 0.125 0
2.1875 0 0
2.5 0 0
2.1875 0.125 0
2.5 0.125 0
1.875 0.125 0
2.1875 0.125 0
1.875 0.25 0
2.1875 0.25 0
2.1875 0.125 0
2.5 0.125 0
2.1875 0.25 0
2.5 0.25 0
1.25 0.25 0
1.5625 0.25 0
1.25 0.375 0
1.5625 0.375 0
1.5625 0.25 0
1.875 0.25 0
1.5625 0.375 0
1.875 0.375 0
1.25 0.375 0
1.5625 0.375 0
1.25 0.5 0
1.5625 0.5 0
1.5625 0.375 0
1.875 0.375 0
1.5625 0.5 0
1.875 0.5 0
1.875 0.25 0
2.1875 0.25 0
1.875 0.375 0
2.1875 0.375 0
2.1875 0.25 0
2.5 0.25 0
2.1875 0.375 0
2.5 0.375 0
1.875 0.375 0
2.1875 0.375 0
1.875 0.5 0
2.1875 0.5 0
2.1875 0.375 0
2.5 0.375 0
2.1875 0.5 0
2.5 0.5 0
0 0.5 0
0.3125 0.5 0
0 0.625 0
0.3125 0.625 0
0.3125 0.5 0
0.625 0.5 0
0.3125 0.625 0
0.625 0.625 0
0 0.625 0
0.3125 0.625 0
0 0.75 0
0.3125 0.75 0
0.3125 0.625 0
0.625 0.625 0
0.3125 0.75 0
0.625 0.75 0
0.625 0.5 0
0.9375 0.5 0
0.625 0.625 0
0.9375 0.625 0
0.9375 0.5 0
1.25 0.5 0
0.9375 0.625 0
1.25 0.625 0
0.625 0.625 0
0.9375 0.625 0
0.625 0.75 0
0.9375 0.75 0
0.9375 0.625 0
1.25 0.625 0
0.9375 0.75 0
1.25 0.75 0
0 0.75 0
0.3125 0.75 0
0 0.875 0
0.3125 0.875 0
0.3125 0.75 0
0.625 0.75 0
0.3125 0.875 0
0.625 0.875 0
0 0.875 0
0.3125 0.875 0
0 1 0
0.3125 1 0
0.3125 0.875 0
0.625 0.875 0
0.3125 1 0
0.625 1 0
0.625 0.75 0
0.9375 0.75 0
0.625 0.875 0
0.9375 0.875 0
0.9375 0.75 0
1.25 0.75 0
0.9375 0.875 0
1.25 0.875 0
0.625 0.875 0
0.9375 0.875 0
0.625 1 0
0.9375 1 0
0.9375 0.875 0
1.25 0.875 0
0.9375 1 0
1.25 1 0
1.25 0.5 0
1.5625 0.5 0
1.25 0.625 0
1.5625 0.625 0
1.5625 0.5 0
1.875 0.5 0
1.5625 0.625 0
1.875 0.625 0
1.25 0.625 0
1.5625 0.625 0
1.25 0.75 0
1.5625 0.75 0
1.5625 0.625 0
1.875 0.625 0
1.5625 0.75 0
1.875 0.75 0
1.875 0.5 0
2.1875 0.5 0
1.875 0.625 0
2.1875 0.625 0
2.1875 0.5 0
2.5 0.5 0
2.1875 0.625 0
2.5 0.625 0
1.875 0.625 0
2.1875 0.625 0
1.875 0.75 0
2.1875 0.75 0
2.1875 0.625 0
2.5 0.625 0
2.1875 0.75 0
2.5 0.75 0
1.25 0.75 0
1.5625 0.75 0
1.25 0.875 0
1.5625 0.875 0
1.5625 0.75 0
1.875 0.75 0
1.5625 0.875 0
1.875 0.875 0
1.25 0.875 0
1.5625 0.875 0
1.25 1 0
1.5625 1 0
1.5625 0.875 0
1.875 0.875 0
1.5625 1 0
1.875 1 0
1.875 0.75 0
2.1875 0.75 0
1.875 0.875 0
2.1875 0.875 0
2.1875 0.75 0
2.5 0.75 0
2.1875 0.875 0
2.5 0.875 0
1.875 0.875 0
2.1875 0.875 0
1.875 1 0
2.1875 1 0
2.1875 0.875 0
2.5 0.875 0
2.1875 1 0
2.5 1 0
2.5 0 0
2.8125 0 0
2.5 0.125 0
2.8125 0.125 0
2.8125 0 0
3.125 0 0
2.8125 0.125 0
3.125 0.125 0
2.5 0.125 0
2.8125 0.125 0
2.5 0.25 0
2.8125 0.25 0
2.8125 0.125 0
3.125 0.125 0
2.8125 0.25 0
3.125 0.25 0
3.125 0 0
3.4375 0 0
3.125 0.125 0
3.4375 0.125 0
3.4375 0 0
3.75 0 0
3.4375 0.125 0
3.75 0.125 0
3.125 0.125 0
3.4375 0.125 0
3.125 0.25 0
3.4375 0.25 0
3.4375 0.125 0
3.75 0.125 0
3.4375 0.25 0
3.75 0.25 0
2.5 0.25 0
2.8125 0.25 0
2.5 0.375 0
2.8125 0.375 0
2.8125 0.25 0
3.125 0.25 0
2.8125 0.375 0
3.125 0.375 0
2.5 0.375 0
2.8125 0.375 0
2.5 0.5 0
2.8125 0.5 0
2.8125 0.375 0
3.125 0.375 0
2.8125 0.5 0
3.125 0.5 0
3.125 0.25 0
3.4375 0.25 0
3.125 0.375 0
3.4375 0.375 0
3.4375 0.25 0
3.75 0.25 0
3.4375 0.375 0
3.75 0.375 0
3.125 0.375 0
3.4375 0.375 0
3.125 0.5 0
3.4375 0.5 0
3.4375 0.375 0
3.75 0.375 0
3.4375 0.5 0
3.75 0.5 0
3.75 0 0
4.0625 0 0
3.75 0.125 0
4.0625 0.125 0
4.0625 0 0
4.375 0 0
4.0625 0.125 0
4.375 0.125 0
3.75 0.125 0
4.0625 0.125 0
3.75 0.25 0
4.0625 0.25 0
4.0625 0.125 0
4.375 0.125 0
4.0625 0.25 0
4.375 0.25 0
4.375 0 0
4.6875 0 0
4.375 0.125 0
4.6875 0.125 0
4.6875 0 0
5 0 0
4.6875 0.125 0
5 0.125 0
4.375 0.125 0
4.6875 0.125 0
4.375 0.25 0
4.6875 0.25 0
4.6875 0.125 0
5 0.125 0
4.6875 0.25 0
5 0.25 0
3.75 0.25 0
4.0625 0.25 0
3.75 0.375 0
4.0625 0.375 0
4.0625 0.25 0
4.375 0.25 0
4.0625 0.375 0
4.375 0.375 0
3.75 0.375 0
4.0625 0.375 0
3.75 0.5 0
4.0625 0.5 0
4.0625 0.375 0
4.375 0.375 0
4.0625 0.5 0
4.375 0.5 0
4.375 0.25 0
4.6875 0.25 0
4.375 0.375 0
4.6875 0.375 0
4.6875 0.25 0
5 0.25 0
4.6875 0.375 0
5 0.375 0
4.375 0.375 0
4.6875 0.375 0
4.375 0.5 0
4.6875 0.5 0
4.6875 0.375 0
5 0.375 0
4.6875 0.5 0
5 0.5 0
2.5 0.5 0
2.8125 0.5 0
2.5 0.625 0
2.8125 0.625 0
2.8125 0.5 0
3.125 0.5 0
2.8125 0.625 0
3.125 0.625 0
2.5 0.625 0
2.8125 0.625 0
2.5 0.75 0
2.8125 0.75 0
2.8125 0.625 0
3.125 0.625 0
2.8125 0.75 0
3.125 0.75 0
3.125 0.5 0
3.4375 0.5 0
3.125 0.625 0
3.4375 0.625 0
3.4375 0.5 0
3.75 0.5 0
3.4375 0.625 0
3.75 0.625 0
3.125 0.625 0
3.4375 0.625 0
3.125 0.75 0
3.4375 0.75 0
3.4375 0.625 0
3.75 0.625 0
3.4375 0.75 0
3.75 0.75 0
2.5 0.75 0
2.8125 0.75 0
2.5 0.875 0
2.8125 0.875 0
2.8125 0.75 0
3.125 0.75 0
2.8125 0.875 0
3.125 0.875 0
2.5 0.875 0
2.8125 0.875 0
2.5 1 0
2.8125 1 0
2.8125 0.875 0
3.125 0.875 0
2.8125 1 0
3.125 1 0
3.125 0.75 0
3.4375 0.75 0
3.125 0.875 0
3.4375 0.875 0
3.4375 0.75 0
3.75 0.75 0
3.4375 0.875 0
3.75 0.875 0
3.125 0.875 0
3.4375 0.875 0
3.125 1 0
3.4375 1 0
3.4375 0.875 0
3.75 0.875 0
3.4375 1 0
3.75 1 0
3.75 0.5 0
4.0625 0.5 0
3.75 0.625 0
4.0625 0.625 0
4.0625 0.5 0
4.375 0.5 0
4.0625 0.625 0
4.375 0.625 0
3.75 0.625 0
4.0625 0.625 0
3.75 0.75 0
4.0625 0.75 0
4.0625 0.625 0
4.375 0.625 0
4.0625 0.75 0
4.375 0.75 0
4.375 0.5 0
4.6875 0.5 0
4.375 0.625 0
4.6875 0.625 0
4.6875 0.5 0
5 0.5 0
4.6875 0.625 0
5 0.625 0
4.375 0.625 0
4.6875 0.625 0
4.375 0.75 0
4.6875 0.75 0
4.6875 0.625 0
5 0.625 0
4.6875 0.75 0
5 0.75 0
3.75 0.75 0
4.0625 0.75 0
3.75 0.875 0
4.0625 0.875 0
4.0625 0.75 0
4.375 0.75 0
4.0625 0.875 0
4.375 0.875 0
3.75 0.875 0
4.0625 0.875 0
3.75 1 0
4.0625 1 0
4.0625 0.875 0
4.375 0.875 0
4.0625 1 0
4.375 1 0
4.375 0.75 0
4.6875 0.75 0
4.375 0.875 0
4.6875 0.875 0
4.6875 0.75 0
5 0.75 0
4.6875 0.875 0
5 0.875 0
4.375 0.875 0
4.6875 0.875 0
4.375 1 0
4.6875 1 0
4.6875 0.875 0
5 0.875 0
4.6875 1 0
5 1 0
-5 1 0
-4.6875 1 0
-5 1.125 0
-4.6875 1.125 0
-4.6875 1 0
-4.375 1 0
-4.6875 1.125 0
-4.375 1.125 0
-5 1.125 0
-4.6875 1.125 0
-5 1.25 0
-4.6875 1.25 0
-4.6875 1.125 0
-4.375 1.125 0
-4.6875 1.25 0
-4.375 1.25 0
-4.375 1 0
-4.0625 1 0
-4.375 1.125 0
-4.0625 1.125 0
-4.0625 1 0
-3.75 1 0
-4.0625 1.125 0
-3.75 1.125 0
-4.375 1.125 0
-4.0625 1.125 0
-4.375 1.25 0
-4.0625 1.25 0
-4.0625 1.125 0
-3.75 1.125 0
-4.0625 1.25 0
-3.75 1.25 0
-5 1.25 0
-4.6875 1.25 0
-5 1.375 0
-4.6875 1.375 0
-4.6875 1.25 0
-4.375 1.25 0
-4.6875 1.375 0
-4.375 1.375 0
-5 1.375 0
-4.6875 1.375 0
-5 1.5 0
-4.6875 1.5 0
-4.6875 1.375 0
-4.375 1.375 0
-4.6875 1.5 0
-4.375 1.5 0
-4.375 1.25 0
-4.0625 1.25 0
-4.375 1.375 0
-4.0625 1.375 0
-4.0625 1.25 0
-3.75 1.25 0
-4.0625 1.375 0
-3.75 1.375 0
-4.375 1.375 0
-4.0625 1.375 0
-4.375 1.5 0
-4.0625 1.5 0
-4.0625 1.375 0
-3.75 1.375 0
-4.0625 1.5 0
-3.75 1.5 0
-3.75 1 0
-3.4375 1 0
-3.75 1.125 0
-3.4375 1.125 0
-3.4375 1 0
-3.125 1 0
-3.4375 1.125 0
-3.125 1.125 0
-3.75 1.125 0
-3.4375 1.125 0
-3.75 1.25 0
-3.4375 1.25 0
-3.4375 1.125 0
-3.125 1.125 0
-3.4375 1.25 0
-3.125 1.25 0
-3.125 1 0
-2.8125 1 0
-3.125 1.125 0
-2.8125 1.125 0
-2.8125 1 0
-2.5 1 0
-2.8125 1.125 0
-2.5 1.125 0
-3.125 1.125 0
-2.8125 1.125 0
-3.125 1.25 0
-2.8125 1.25 0
-2.8125 1.125 0
-2.5 1.125 0
-2.8125 1.25 0
-2.5 1.25 0
-3.75 1.25 0
-3.4375 1.25 0
-3.75 1.375 0
-3.4375 1.375 0
-3.4375 1.25 0
-3.125 1.25 0
-3.4375 1.375 0
-3.125 1.375 0
-3.75 1.375 0
-3.4375 1.375 0
-3.75 1.5 0
-3.4375 1.5 0
-3.4375 1.375 0
-3.125 1.375 0
-3.4375 1.5 0
-3.125 1.5 0
-3.125 1.25 0
-2.8125 1.25 0
-3.125 1.375 0
-2.8125 1.375 0
-2.8125 1.25 0
-2.5 1.25 0
-2.8125 1.375 0
-2.5 1.375 0
-3.125 1.375 0
-2.8125 1.375 0
-3.125 1.5 0
-2.8125 1.5 0
-2.8125 1.375 0
-2.5 1.375 0
-2.8125 1.5 0
-2.5 1.5 0
-5 1.5 0
-4.6875 1.5 0
-5 1.625 0
-4.6875 1.625 0
-4.6875 1.5 0
-4.375 1.5 0
-4.6875 1.625 0
-4.375 1.625 0
-5 1.625 0
-4.6875 1.625 0
-5 1.75 0
-4.6875 1.75 0
-4.6875 1.625 0
-4.375 1.625 0
-4.6875 1.75 0
-4.375 1.75 0
-4.375 1.5 0
-4.0625 1.5 0
-4.375 1.625 0
-4.0625 1.625 0
-4.0625 1.5 0
-3.75 1.5 0
-4.0625 1.625 0
-3.75 1.625 0
-4.375 1.625 0
-4.0625 1.625 0
-4.375 1.75 0
-4.0625 1.75 0
-4.0625 1.625 0
-3.75 1.625 0
-4.0625 1.75 0
-3.75 1.75 0
-5 1.75 0
-4.6875 1.75 0
-5 1.875 0
-4.6875 1.875 0
-4.6875 1.75 0
-4.375 1.75 0
-4.6875 1.875 0
-4.375 1.875 0
-5 1.875 0
-4.6875 1.875 0
-5 2 0
-4.6875 2 0
-4.6875 1.875 0
-4.375 1.875 0
-4.6875 2 0
-4.375 2 0
-4.375 1.75 0
-4.0625 1.75 0
-4.375 1.875 0
-4.0625 1.875 0
-4.0625 1.75 0
-3.75 1.75 0
-4.0625 1.875 0
-3.75 1.875 0
-4.375 1.875 0
-4.0625 1.875 0
-4.375 2 0
-4.0625 2 0
-4.0625 1.875 0
-3.75 1.875 0
-4.0625 2 0
-3.75 2 0
-3.75 1.5 0
-3.4375 1.5 0
-3.75 1.625 0
-3.4375 1.625 0
-3.4375 1.5 0
-3.125 1.5 0
-3.4375 1.625 0
-3.125 1.625 0
-3.75 1.625 0
-3.4375 1.625 0
-3.75 1.75 0
-3.4375 1.75 0
-3.4375 1.625 0
-3.125 1.625 0
-3.4375 1.75 0
-3.125 1.75 0
-3.125 1.5 0
-2.8125 1.5 0
-3.125 1.625 0
-2.8125 1.625 0
-2.8125 1.5 0
-2.5 1.5 0
-2.8125 1.625 0
-2.5 1.625 0
-3.125 1.625 0
-2.8125 1.625 0
-3.125 1.75 0
-2.8125 1.75 0
-2.8125 1.625 0
-2.5 1.625 0
-2.8125 1.75 0
-2.5 1.75 0
-3.75 1.75 0
-3.4375 1.75 0
-3.75 1.875 0
-3.4375 1.875 0
-3.4375 1.75 0
-3.125 1.75 0
-3.4375 1.875 0
-3.125 1.875 0
-3.75 1.875 0
-3.4375 1.875 0
-3.75 2 0
-3.4375 2 0
-3.4375 1.875 0
-3.125 1.875 0
-3.4375 2 0
-3.125 2 0
-3.125 1.75 0
-2.8125 1.75 0
-3.125 1.875 0
-2.8125 1.875 0
-2.8125 1.75 0
-2.5 1.75 0
-2.8125 1.875 0
-2.5 1.875 0
-3.125 1.875 0
-2.8125 1.875 0
-3.125 2 0
-2.8125 2 0
-2.8125 1.875 0
-2.5 1.875 0
-2.8125 2 0
-2.5 2 0
-2.5 1 0
-2.1875 1 0
-2.5 1.125 0
-2.1875 1.125 0
-2.1875 1 0
-1.875 1 0
-2.1875 1.125 0
-1.875 1.125 0
-2.5 1.125 0
-2.1875 1.125 0
-2.5 1.25 0
-2.1875 1.25 0
-2.1875 1.125 0
-1.875 1.125 0
-2.1875 1.25 0
-1.875 1.25 0
-1.875 1 0
-1.5625 1 0
-1.875 1.125 0
-1.5625 1.125 0
-1.5625 1 0
-1.25 1 0
-1.5625 1.125 0
-1.25 1.125 0
-1.875 1.125 0
-1.5625 1.125 0
-1.875 1.25 0
-1.5625 1.25 0
-1.5625 1.125 0
-1.25 1.125 0
-1.5625 1.25 0
-1.25 1.25 0
-2.5 1.25 0
-2.1875 1.25 0
-2.5 1.375 0
-2.1875 1.375 0
-2.1875 1.25 0
-1.875 1.25 0
-2.1875 1.375 0
-1.875 1.375 0
-2.5 1.375 0
-2.1875 1.375 0
-2.5 1.5 0
-2.1875 1.5 0
-2.1875 1.375 0
-1.875 1.375 0
-2.1875 1.5 0
-1.875 1.5 0
-1.875 1.25 0
-1.5625 1.25 0
-1.875 1.375 0
-1.5625 1.375 0
-1.5625 1.25 0
-1.25 1.25 0
-1.5625 1.375 0
-1.25 1.375 0
-1.875 1.375 0
-1.5625 1.375 0
-1.875 1.5 0
-1.5625 1.5 0
-1.5625 1.375 0
-1.25 1.375 0
-1.5625 1.5 0
-1.25 1.5 0
-1.25 1 0
-0.9375 1 0
-1.25 1.125 0
-0.9375 1.125 0
-0.9375 1 0
-0.625 1 0
-0.9375 1.125 0
-0.625 1.125 0
-1.25 1.125 0
-0.9375 1.125 0
-1.25 1.25 0
-0.9375 1.25 0
-0.9375 1.125 0
-0.625 1.125 0
-0.9375 1.25 0
-0.625 1.25 0
-0.625 1 0
-0.3125 1 0
-0.625 1.125 0
-0.3125 1.125 0
-0.3125 1 0
0 1 0
-0.3125 1.125 0
0 1.125 0
-0.625 1.125 0
-0.3125 1.125 0
-0.625 1.25 0
-0.3125 1.25 0
-0.3125 1.125 0
0 1.125 0
-0.3125 1.25 0
0 1.25 0
-1.25 1.25 0
-0.9375 1.25 0
-1.25 1.375 0
-0.9375 1.375 0
-0.9375 1.25 0
-0.625 1.25 0
-0.9375 1.375 0
-0.625 1.375 0
-1.25 1.375 0
-0.9375 1.375 0
-1.25 1.5 0
-0.9375 1.5 0
-0.9375 1.375 0
-0.625 1.375 0
-0.9375 1.5 0
-0.625 1.5 0
-0.625 1.25 0
-0.3125 1.25 0
-0.625 1.375 0
-0.3125 1.375 0
-0.3125 1.25 0
0 1.25 0
-0.3125 1.375 0
0 1.375 0
-0.625 1.375 0
-0.3125 1.375 0
-0.625 1.5 0
-0.3125 1.5 0
-0.3125 1.375 0
0 1.375 0
-0.3125 1.5 0
0 1.5 0
-2.5 1.5 0
-2.1875 1.5 0
-2.5 1.625 0
-2.1875 1.625 0
-2.1875 1.5 0
-1.875 1.5 0
-2.1875 1.625 0
-1.875 1.625 0
-2.5 1.625 0
-2.1875 1.625 0
-2.5 1.75 0
-2.1875 1.75 0
-2.1875 1.625 0
-1.875 1.625 0
-2.1875 1.75 0
-1.875 1.75 0
-1.875 1.5 0
-1.5625 1.5 0
-1.875 1.625 0
-1.5625 1.625 0
-1.5625 1.5 0
-1.25 1.5 0
-1.5625 1.625 0
-1.25 1.625 0
-1.875 1.625 0
-1.5625 1.625 0
-1.875 1.75 0
-1.5625 1.75 0
-1.5625 1.625 0
-1.25 1.625 0
-1.5625 1.75 0
-1.25 1.75 0
-2.5 1.75 0
-2.1875 1.75 0
-2.5 1.875 0
-2.1875 1.875 0
-2.1875 1.75 0
-1.875 1.75 0
-2.1875 1.875 0
-1.875 1.875 0
-2.5 1.875 0
-2.1875 1.875 0
-2.5 2 0
-2.1875 2 0
-2.1875 1.875 0
-1.875 1.875 0
-2.1875 2 0
-1.875 2 0
-1.875 1.75 0
-1.5625 1.75 0
-1.875 1.875 0
-1.5625 1.875 0
-1.5625 1.75 0
-1.25 1.75 0
-1.5625 1.875 0
-1.25 1.875 0
-1.875 1.875 0
-1.5625 1.875 0
-1.875 2 0
-1.5625 2 0
-1.5625 1.875 0
-1.25 1.875 0
-1.5625 2 0
-1.25 2 0
-1.25 1.5 0
-0.9375 1.5 0
-1.25 1.625 0
-0.9375 1.625 0
-0.9375 1.5 0
-0.625 1.5 0
-0.9375 1.625 0
-0.625 1.625 0
-1.25 1.625 0
-0.9375 1.625 0
-1.25 1.75 0
-0.9375 1.75 0
-0.9375 1.625 0
-0.625 1.625 0
-0.9375 1.75 0
-0.625 1.75 0
-0.625 1.5 0
-0.3125 1.5 0
-0.625 1.625 0
-0.3125 1.625 0
-0.3125 1.5 0
0 1.5 0
-0.3125 1.625 0
0 1.625 0
-0.625 1.625 0
-0.3125 1.625 0
-0.625 1.75 0
-0.3125 1.75 0
-0.3125 1.625 0
0 1.625 0
-0.3125 1.75 0
0 1.75 0
-1.25 1.75 0
-0.9375 1.75 0
-1.25 1.875 0
-0.9375 1.875 0
-0.9375 1.75 0
-0.625 1.75 0
-0.9375 1.875 0
-0.625 1.875 0
-1.25 1.875 0
-0.9375 1.875 0
-1.25 2 0
-0.9375 2 0
-0.9375 1.875 0
-0.625 1.875 0
-0.9375 2 0
-0.625 2 0
-0.625 1.75 0
-0.3125 1.75 0
-0.625 1.875 0
-0.3125 1.875 0
-0.3125 1.75 0
0 1.75 0
-0.3125 1.875 0
0 1.875 0
-0.625 1.875 0
-0.3125 1.875 0
-0.625 2 0
-0.3125 2 0
-0.3125 1.875 0
0 1.875 0
-0.3125 2 0
0 2 0
0 1 0
0.3125 1 0
0 1.125 0
0.3125 1.125 0
0.3125 1 0
0.625 1 0
0.3125 1.125 0
0.625 1.125 0
0 1.125 0
0.3125 1.125 0
0 1.25 0
0.3125 1.25 0
0.3125 1.125 0
0.625 1.125 0
0.3125 1.25 0
0.625 1.25 0
0.625 1 0
0.9375 1 0
0.625 1.125 0
0.9375 1.125 0
0.9375 1 0
1.25 1 0
0.9375 1.125 0
1.25 1.125 0
0.625 1.125 0
0.9375 1.125 0
0.625 1.25 0
0.9375 1.25 0
0.9375 1.125 0
1.25 1.125 0
0.9375 1.25 0
1.25 1.25 0
0 1.25 0
0.3125 1.25 0
0 1.375 0
0.3125 1.375 0
0.3125 1.25 0
0.625 1.25 0
0.3125 1.375 0
0.625 1.375 0
0 1.375 0
0.3125 1.375 0
0 1.5 0
0.3125 1.5 0
0.3125 1.375 0
0.625 1.375 0
0.3125 1.5 0
0.625 1.5 0
0.625 1.25 0
0.9375 1.25 0
0.625 1.375 0
0.9375 1.375 0
0.9375 1.25 0
1.25 1.25 0
0.9375 1.375 0
1.25 1.375 0
0.625 1.375 0
0.9375 1.375 0
0.625 1.5 0
0.9375 1.5 0
0.9375 1.375 0
1.25 1.375 0
0.9375 1.5 0
1.25 1.5 0
1.25 1 0
1.5625 1 0
1.25 1.125 0
1.5625 1.125 0
1.5625 1 0
1.875 1 0
1.5625 1.125 0
1.875 1.125 0
1.25 1.125 0
1.5625 1.125 0
1.25 1.25 0
1.5625 1.25 0
1.5625 1.125 0
1.875 1.125 0
1.5625 1.25 0
1.875 1.25 0
1.875 1 0
2.1875 1 0
1.875 1.125 0
2.1875 1.125 0
2.1875 1 0
2.5 1 0
2.1875 1.125 0
2.5 1.125 0
1.875 1.125 0
2.1875 1.125 0
1.875 1.25 0
2.1875 1.25 0
2.1875 1.125 0
2.5 1.125 0
2.1875 1.25 0
2.5 1.25 0
1.25 1.25 0
1.5625 1.25 0
1.25 1.375 0
1.5625 1.375 0
1.5625 1.25 0
1.875 1.25 0
1.5625 1.375 0
1.875 1.375 0
1.25 1.375 0
1.5625 1.375 0
1.25 1.5 0
1.5625 1.5 0
1.5625 1.375 0
1.875 1.375 0
1.5625 1.5 0
1.875 1.5 0
1.875 1.25 0
2.1875 1.25 0
1.875 1.375 0
2.1875 1.375 0
2.1875 1.25 0
2.5 1.25 0
2.1875 1.375 0
2.5 1.375 0
1.875 1.375 0
2.1875 1.375 0
1.875 1.5 0
2.1875 1.5 0
2.1875 1.375 0
2.5 1.375 0
2.1875 1.5 0
2.5 1.5 0
0 1.5 0
0.3125 1.5 0
0 1.625 0
0.3125 1.625 0
0.3125 1.5 0
0.625 1.5 0
0.3125 1.625 0
0.625 1.625 0
0 1.625 0
0.3125 1.625 0
0 1.75 0
0.3125 1.75 0
0.3125 1.625 0
0.625 1.625 0
0.3125 1.75 0
0.625 1.75 0
0.625 1.5 0
0.9375 1.5 0
0.625 1.625 0
0.9375 1.625 0
0.9375 1.5 0
1.25 1.5 0
0.9375 1.625 0
1.25 1.625 0
0.625 1.625 0
0.9375 1.625 0
0.625 1.75 0
0.9375 1.75 0
0.9375 1.625 0
1.25 1.625 0
0.9375 1.75 0
1.25 1.75 0
0 1.75 0
0.3125 1.75 0
0 1.875 0
0.3125 1.875 0
0.3125 1.75 0
0.625 1.75 0
0.3125 1.875 0
0.625 1.875 0
0 1.875 0
0.3125 1.875 0
0 2 0
0.3125 2 0
0.3125 1.875 0
0.625 1.875 0
0.3125 2 0
0.625 2 0
0.625 1.75 0
0.9375 1.75 0
0.625 1.875 0
0.9375 1.875 0
0.9375 1.75 0
1.25 1.75 0
0.9375 1.875 0
1.25 1.875 0
0.625 1.875 0
0.9375 1.875 0
0.625 2 0
0.9375 2 0
0.9375 1.875 0
1.25 1.875 0
0.9375 2 0
1.25 2 0
1.25 1.5 0
1.5625 1.5 0
1.25 1.625 0
1.5625 1.625 0
1.5625 1.5 0
1.875 1.5 0
1.5625 1.625 0
1.875 1.625 0
1.25 1.625 0
1.5625 1.625 0
1.25 1.75 0
1.5625 1.75 0
1.5625 1.625 0
1.875 1.625 0
1.5625 1.75 0
1.875 1.75 0
1.875 1.5 0
2.1875 1.5 0
1.875 1.625 0
2.1875 1.625 0
2.1875 1.5 0
2.5 1.5 0
2.1875 1.625 0
2.5 1.625 0
1.875 1.625 0
2.1875 1.625 0
1.875 1.75 0
2.1875 1.75 0
2.1875 1.625 0
2.5 1.625 0
2.1875 1.75 0
2.5 1.75 0
1.25 1.75 0
1.5625 1.75 0
1.25 1.875 0
1.5625 1.875 0
1.5625 1.75 0
1.875 1.75 0
1.5625 1.875 0
1.875 1.875 0
1.25 1.875 0
1.5625 1.875 0
1.25 2 0
1.5625 2 0
1.5625 1.875 0
1.875 1.875 0
1.5625 2 0
1.875 2 0
1.875 1.75 0
2.1875 1.75 0
1.875 1.875 0
2.1875 1.875 0
2.1875 1.75 0
2.5 1.75 0
2.1875 1.875 0
2.5 1.875 0
1.875 1.875 0
2.1875 1.875 0
1.875 2 0
2.1875 2 0
2.1875 1.875 0
2.5 1.875 0
2.1875 2 0
2.5 2 0
2.5 1 0
2.8125 1 0
2.5 1.125 0
2.8125 1.125 0
2.8125 1 0
3.125 1 0
2.8125 1.125 0
3.125 1.125 0
2.5 1.125 0
2.8125 1.125 0
2.5 1.25 0
2.8125 1.25 0
2.8125 1.125 0
3.125 1.125 0
2.8125 1.25 0
3.125 1.25 0
3.125 1 0
3.4375 1 0
3.125 1.125 0
3.4375 1.125 0
3.4375 1 0
3.75 1 0
3.4375 1.125 0
3.75 1.125 0
3.125 1.125 0
3.4375 1.125 0
3.125 1.25 0
3.4375 1.25 0
3.4375 1.125 0
3.75 1.125 0
3.4375 1.25 0
3.75 1.25 0
2.5 1.25 0
2.8125 1.25 0
2.5 1.375 0
2.8125 1.375 0
2.8125 1.25 0
3.125 1.25 0
2.8125 1.375 0
3.125 1.375 0
2.5 1.375 0
2.8125 1.375 0
2.5 1.5 0
2.8125 1.5 0
2.8125 1.375 0
3.125 1.375 0
2.8125 1.5 0
3.125 1.5 0
3.125 1.25 0
3.4375 1.25 0
3.125 1.375 0
3.4375 1.375 0
3.4375 1.25 0
3.75 1.25 0
3.4375 1.375 0
3.75 1.375 0
3.125 1.375 0
3.4375 1.375 0
3.125 1.5 0
3.4375 1.5 0
3.4375 1.375 0
3.75 1.375 0
3.4375 1.5 0
3.75 1.5 0
3.75 1 0
4.0625 1 0
3.75 1.125 0
4.0625 1.125 0
4.0625 1 0
4.375 1 0
4.0625 1.125 0
4.375 1.125 0
3.75 1.125 0
4.0625 1.125 0
3.75 1.25 0
4.0625 1.25 0
4.0625 1.125 0
4.375 1.125 0
4.0625 1.25 0
4.375 1.25 0
4.375 1 0
4.6875 1 0
4.375 1.125 0
4.6875 1.125 0
4.6875 1 0
5 1 0
4.6875 1.125 0
5 1.125 0
4.375 1.125 0
4.6875 1.125 0
4.375 1.25 0
4.6875 1.25 0
4.6875 1.125 0
5 1.125 0
4.6875 1.25 0
5 1.25 0
3.75 1.25 0
4.0625 1.25 0
3.75 1.375 0
4.0625 1.375 0
4.0625 1.25 0
4.375 1.25 0
4.0625 1.375 0
4.375 1.375 0
3.75 1.375 0
4.0625 1.375 0
3.75 1.5 0
4.0625 1.5 0
4.0625 1.375 0
4.375 1.375 0
4.0625 1.5 0
4.375 1.5 0
4.375 1.25 0
4.6875 1.25 0
4.375 1.375 0
4.6875 1.375 0
4.6875 1.25 0
5 1.25 0
4.6875 1.375 0
5 1.375 0
4.375 1.375 0
4.6875 1.375 0
4.375 1.5 0
4.6875 1.5 0
4.6875 1.375 0
5 1.375 0
4.6875 1.5 0
5 1.5 0
2.5 1.5 0
2.8125 1.5 0
2.5 1.625 0
2.8125 1.625 0
2.8125 1.5 0
3.125 1.5 0
2.8125 1.625 0
3.125 1.625 0
2.5 1.625 0
2.8125 1.625 0
2.5 1.75 0
2.8125 1.75 0
2.8125 1.625 0
3.125 1.625 0
2.8125 1.75 0
3.125 1.75 0
3.125 1.5 0
3.4375 1.5 0
3.125 1.625 0
3.4375 1.625 0
3.4375 1.5 0
3.75 1.5 0
3.4375 1.625 0
3.75 1.625 0
3.125 1.625 0
3.4375 1.625 0
3.125 1.75 0
3.4375 1.75 0
3.4375 1.625 0
3.75 1.625 0
3.4375 1.75 0
3.75 1.75 0
2.5 1.75 0
2.8125 1.75 0
2.5 1.875 0
2.8125 1.875 0
2.8125 1.75 0
3.125 1.75 0
2.8125 1.875 0
3.125 1.875 0
2.5 1.875 0
2.8125 1.875 0
2.5 2 0
2.8125 2 0
2.8125 1.875 0
3.125 1.875 0
2.8125 2 0
3.125 2 0
3.125 1.75 0
3.4375 1.75 0
3.125 1.875 0
3.4375 1.875 0
3.4375 1.75 0
3.75 1.75 0
3.4375 1.875 0
3.75 1.875 0
3.125 1.875 0
3.4375 1.875 0
3.125 2 0
3.4375 2 0
3.4375 1.875 0
3.75 1.875 0
3.4375 2 0
3.75 2 0
3.75 1.5 0
4.0625 1.5 0
3.75 1.625 0
4.0625 1.625 0
4.0625 1.5 0
4.375 1.5 0
4.0625 1.625 0
4.375 1.625 0
3.75 1.625 0
4.0625 1.625 0
3.75 1.75 0
4.0625 1.75 0
4.0625 1.625 0
4.375 1.625 0
4.0625 1.75 0
4.375 1.75 0
4.375 1.5 0
4.6875 1.5 0
4.375 1.625 0
4.6875 1.625 0
4.6875 1.5 0
5 1.5 0
4.6875 1.625 0
5 1.625 0
4.375 1.625 0
4.6875 1.625 0
4.375 1.75 0
4.6875 1.75 0
4.6875 1.625 0
5 1.625 0
4.6875 1.75 0
5 1.75 0
3.75 1.75 0
4.0625 1.75 0
3.75 1.875 0
4.0625 1.875 0
4.0625 1.75 0
4.375 1.75 0
4.0625 1.875 0
4.375 1.875 0
3.75 1.875 0
4.0625 1.875 0
3.75 2 0
4.0625 2 0
4.0625 1.875 0
4.375 1.875 0
4.0625 2 0
4.375 2 0
4.375 1.75 0
4.6875 1.75 0
4.375 1.875 0
4.6875 1.875 0
4.6875 1.75 0
5 1.75 0
4.6875 1.875 0
5 1.875 0
4.375 1.875 0
4.6875 1.875 0
4.375 2 0
4.6875 2 0
4.6875 1.875 0
5 1.875 0
4.6875 2 0
5 2 0

CELLS 1024 5120
4	0	1	3	2
4	4	5	7	6
4	8	9	11	10
4	12	13	15	14
4	16	17	19	18
4	20	21	23	22
4	24	25	27	26
4	28	29	31	30
4	32	33	35	34
4	36	37	39	38
4	40	41	43	42
4	44	45	47	46
4	48	49	51	50
4	52	53	55	54
4	56	57	59	58
4	60	61	63	62
4	64	65	67	66
4	68	69	71	70
4	72	73	75	74
4	76	77	79	78
4	80	81	83	82
4	84	85	87	86
4	88	89	91	90
4	92	93	95	94
4	96	97	99	98
4	100	101	103	102
4	104	105	107	106
4	108	109	111	110
4	112	113	115	114
4	116	117	119	118
4	120	121	123	122
4	124	125	127	126
4	128	129	131	130
4	132	133	135	134
4	136	137	139	138
4	140	141	143	142
4	144	145	147	146
4	148	149	151	150
4	152	153	155	154
4	156	157	159	158
4	160	161	163	162
4	164	165	167	166
4	168	169	171	170
4	172	173	175	174
4	176	177	179	178
4	180	181	183	182
4	184	185	187	186
4	188	189	191	190
4	192	193	195	194
4	196	197	199	198
4	200	201	203	202
4	204	205	207	206
4	208	209	211	210
4	212	213	215	214
4	216	217	219	218
4	220	221	223	222
4	224	225	227	226
4	228	229	231	230
4	232	233	235	234
4	236	237	239	238
4	240	241	243	242
4	244	245	247	246
4	248	249	251	250
4	252	253	255	254
4	256	257	259	258
4	260	261	263	262
4	264	265	267	266
4	268	269	271	270
4	272	273	275	274
4	276	277	279	278
4	280	281	283	282
4	284	285	287	286
4	288	289	291	290
4	292	293	295	294
4	296	297	299	298
4	300	301	303	302
4	304	305	307	306
4	308	309	311	310
4	312	313	315	314
4	316	317	319	318
4	320	321	323	322
4	324	325	327	326
4	328	329	331	330
4	332	333	335	334
4	336	337	339	338
4	340	341	343	342
4	344	345	347	346
4	348	349	351	350
4	352	353	355	354
4	356	357	359	358
4	360	361	363	362
4	364	365	367	366
4	368	369	371	370
4	372	373	375	374
4	376	377	379	378
4	380	381	383	382
4	384	385	387	386
4	388	389	391	390
4	392	393	395	394
4	396	397	399	398
4	400	401	403	402
4	404	405	407	406
4	408	409	411	410
4	412	413	415	414
4	416	417	419	418
4	420	421	423	422
4	424	425	427	426
4	428	429	431	430
4	432	433	435	434
4	436	437	439	438
4	440	441	443	442
4	444	445	447	446
4	448	449	451	450
4	452	453	455	454
4	456	457	459	458
4	460	461	463	462
4	464	465	467	466
4	468	469	471	470
4	472	473	475	474
4	476	477	479	478
4	480	481	483	482
4	484	485	487	486
4	488	489	491	490
4	492	493	495	494
4	496	497	499	498
4	500	501	503	502
4	504	505	507	506
4	508	509	511	510
4	512	513	515	514
4	516	517	519	518
4	520	521	523	522
4	524	525	527	526
4	528	529	531	530
4	532	533	535	534
4	536	537	539	538
4	540	541	543	542
4	544	545	547	546
4	548	549	551	550
4	552	553	555	554
4	556	557	559	558
4	560	561	563	562
4	564	565	567	566
4	568	569	571	570
4	572	573	575	574
4	576	577	579	578
4	580	581	583	582
4	584	585	587	586
4	588	589	591	590
4	592	593	595	594
4	596	597	599	598
4	600	601	603	602
4	604	605	607	606
4	608	609	611	610
4	612	613	615	614
4	616	617	619	618
4	620	621	623	622
4	624	625	627	626
4	628	629	631	630
4	632	633	635	634
4	636	637	639	638
4	640	641	643	642
4	644	645	647	646
4	648	649	651	650
4	652	653	655	654
4	656	657	659	658
4	660	661	663	662
4	664	665	667	666
4	668	669	671	670
4	672	673	675	674
4	676	677	679	678
4	680	681	683	682
4	684	685	687	686
4	688	689	691	690
4	692	693	695	694
4	696	697	699	698
4	700	701	703	702
4	704	705	707	706
4	708	709	711	710
4	712	713	715	714
4	716	717	719	718
4	720	721	723	722
4	724	725	727	726
4	728	729	731	730
4	732	733	735	734
4	736	737	739	738
4	740	741	743	742
4	744	745	747	746
4	748	749	751	750
4	752	753	755	754
4	756	757	759	758
4	760	761	763	762
4	764	765	767	766
4	768	769	771	770
4	772	773	775	774
4	776	777	779	778
4	780	781	783	782
4	784	785	787	786
4	788	789	791	790
4	792	793	795	794
4	796	797	799	798
4	800	801	803	802
4	804	805	807	806
4	808	809	811	810
4	812	813	815	814
4	816	817	819	818
4	820	821	823	822
4	824	825	827	826
4	828	829	831	830
4	832	833	835	834
4	836	837	839	838
4	840	841	843	842
4	844	845	847	846
4	848	849	851	850
4	852	853	855	854
4	856	857	859	858
4	860	861	863	862
4	864	865	867	866
4	868	869	871	870
4	872	873	875	874
4	876	877	879	878
4	880	881	883	882
4	884	885	887	886
4	888	889	891	890
4	892	893	895	894
4	896	897	899	898
4	900	901	903	902
4	904	905	907	906
4	908	909	911	910
4	912	913	915	914
4	916	917	919	918
4	920	921	923	922
4	924	925	927	926
4	928	929	931	930
4	932	933	935	934
4	936	937	939	938
4	940	941	943	942
4	944	945	947	946
4	948	949	951	950
4	952	953	955	954
4	956	957	959	958
4	960	961	963	962
4	964	965	967	966
4	968	969	971	970
4	972	973	975	974
4	976	977	979	978
4	980	981	983	982
4	984	985	987	986
4	988	989	991	990
4	992	993	995	994
4	996	997	999	998
4	1000	1001	1003	1002
4	1004	1005	1007	1006
4	1008	1009	1011	1010
4	1012	1013	1015	1014
4	1016	1017	1019	1018
4	1020	1021	1023	1022
4	1024	1025	1027	1026
4	1028	1029	1031	1030
4	1032	1033	1035	1034
4	1036	1037	1039	1038
4	1040	1041	1043	1042
4	1044	1045	1047	1046
4	1048	1049	1051	1050
4	1052	1053	1055	1054
4	1056	1057	1059	1058
4	1060	1061	1063	1062
4	1064	1065	1067	1066
4	1068	1069	1071	1070
4	1072	1073	1075	1074
4	1076	1077	1079	1078
4	1080	1081	1083	1082
4	1084	1085	1087	1086
4	1088	1089	1091	1090
4	1092	1093	1095	1094
4	1096	1097	1099	1098
4	1100	1101	1103	1102
4	1104	1105	1107	1106
4	1108	1109	1111	1110
4	1112	1113	1115	1114
4	1116	1117	1119	1118
4	1120	1121	1123	1122
4	1124	1125	1127	1126
4	1128	1129	1131	1130
4	1132	1133	1135	1134
4	1136	1137	1139	1138
4	1140	1141	1143	1142
4	1144	1145	1147	1146
4	1148	1149	1151	1150
4	1152	1153	1155	1154
4	1156	1157	1159	1158
4	1160	1161	1163	1162
4	1164	1165	1167	1166
4	1168	1169	1171	1170
4	1172	1173	1175	1174
4	1176	1177	1179	1178
4	1180	1181	1183	1182
4	1184	1185	1187	1186
4	1188	1189	1191	1190
4	1192	1193	1195	1194
4	1196	1197	1199	1198
4	1200	1201	1203	1202
4	1204	1205	1207	1206
4	1208	1209	1211	1210
4	1212	1213	1215	1214
4	1216	1217	1219	1218
4	1220	1221	1223	1222
4	1224	1225	1227	1226
4	1228	1229	1231	1230
4	1232	1233	1235	1234
4	1236	1237	1239	1238
4	1240	1241	1243	1242
4	1244	1245	1247	1246
4	1248	1249	1251	1250
4	1252	1253	1255	1254
4	1256	1257	1259	1258
4	1260	1261	1263	1262
4	1264	1265	1267	1266
4	1268	1269	1271	1270
4	1272	1273	1275	1274
4	1276	1277	1279	1278
4	1280	1281	1283	1282
4	1284	1285	1287	1286
4	1288	1289	1291	1290
4	1292	1293	1295	1294
4	1296	1297	1299	1298
4	1300	1301	1303	1302
4	1304	1305	1307	1306
4	1308	1309	1311	1310
4	1312	1313	1315	1314
4	1316	1317	1319	1318
4	1320	1321	1323	1322
4	1324	1325	1327	1326
4	1328	1329	1331	1330
4	1332	1333	1335	1334
4	1336	1337	1339	1338
4	1340	1341	1343	1342
4	1344	1345	1347	1346
4	1348	1349	1351	1350
4	1352	1353	1355	1354
4	1356	1357	1359	1358
4	1360	1361	1363	1362
4	1364	1365	1367	1366
4	1368	1369	1371	1370
4	1372	1373	1375	1374
4	1376	1377	1379	1378
4	1380	1381	1383	1382
4	1384	1385	1387	1386
4	1388	1389	1391	1390
4	1392	1393	1395	1394
4	1396	1397	1399	1398
4	1400	1401	1403	1402
4	1404	1405	1407	1406
4	1408	1409	1411	1410
4	1412	1413	1415	1414
4	1416	1417	1419	1418
4	1420	1421	1423	1422
4	1424	1425	1427	1426
4	1428	1429	1431	1430
4	1432	1433	1435	1434
4	1436	1437	1439	1438
4	1440	1441	1443	1442
4	1444	1445	1447	1446
4	1448	1449	1451	1450
4	1452	1453	1455	1454
4	1456	1457	1459	1458
4	1460	1461	1463	1462
4	1464	1465	1467	1466
4	1468	1469	1471	1470
4	1472	1473	1475	1474
4	1476	1477	1479	1478
4	1480	1481	1483	1482
4	1484	1485	1487	1486
4	1488	1489	1491	1490
4	1492	1493	1495	1494
4	1496	1497	1499	1498
4	1500	1501	1503	1502
4	1504	1505	1507	1506
4	1508	1509	1511	1510
4	1512	1513	1515	1514
4	1516	1517	1519	1518
4	1520	1521	1523	1522
4	1524	1525	1527	1526
4	1528	1529	1531	1530
4	1532	1533	1535	1534
4	1536	1537	1539	1538
4	1540	1541	1543	1542
4	1544	1545	1547	1546
4	1548	1549	1551	1550
4	1552	1553	1555	1554
4	1556	1557	1559	1558
4	1560	1561	1563	1562
4	1564	1565	1567	1566
4	1568	1569	1571	1570
4	1572	1573	1575	1574
4	1576	1577	1579	1578
4	1580	1581	1583	1582
4	1584	1585	1587	1586
4	1588	1589	1591	1590
4	1592	1593	1595	1594
4	1596	1597	1599	1598
4	1600	1601	1603	1602
4	1604	1605	1607	1606
4	1608	1609	1611	1610
4	1612	1613	1615	1614
4	1616	1617	1619	1618
4	1620	1621	1623	1622
4	1624	1625	1627	1626
4	1628	1629	1631	1630
4	1632	1633	1635	1634
4	1636	1637	1639	1638
4	1640	1641	1643	1642
4	1644	1645	1647	1646
4	1648	1649	1651	1650
4	1652	1653	1655	1654
4	1656	1657	1659	1658
4	1660	1661	1663	1662
4	1664	1665	1667	1666
4	1668	1669	1671	1670
4	1672	1673	1675	1674
4	1676	1677	1679	1678
4	1680	1681	1683	1682
4	1684	1685	1687	1686
4	1688	1689	1691	1690
4	1692	1693	1695	1694
4	1696	1697	1699	1698
4	1700	1701	1703	1702
4	1704	1705	1707	1706
4	1708	1709	1711	1710
4	1712	1713	1715	1714
4	1716	1717	1719	1718
4	1720	1721	1723	1722
4	1724	1725	1727	1726
4	1728	1729	1731	1730
4	1732	1733	1735	1734
4	1736	1737	1739	1738
4	1740	1741	1743	1742
4	1744	1745	1747	1746
4	1748	1749	1751	1750
4	1752	1753	1755	1754
4	1756	1757	1759	1758
4	1760	1761	1763	1762
4	1764	1765	1767	1766
4	1768	1769	1771	1770
4	1772	1773	1775	1774
4	1776	1777	1779	1778
4	1780	1781	1783	1782
4	1784	1785	1787	1786
4	1788	1789	1791	1790
4	1792	1793	1795	1794
4	1796	1797	1799	1798
4	1800	1801	1803	1802
4	1804	1805	1807	1806
4	1808	1809	1811	1810
4	1812	1813	1815	1814
4	1816	1817	1819	1818
4	1820	1821	1823	1822
4	1824	1825	1827	1826
4	1828	1829	1831	1830
4	1832	1833	1835	1834
4	1836	1837	1839	1838
4	1840	1841	1843	1842
4	1844	1845	1847	1846
4	1848	1849	1851	1850
4	1852	1853	1855	1854
4	1856	1857	1859	1858
4	1860	1861	1863	1862
4	1864	1865	1867	1866
4	1868	1869	1871	1870
4	1872	1873	1875	1874
4	1876	1877	1879	1878
4	1880	1881	1883	1882
4	1884	1885	1887	1886
4	1888	1889	1891	1890
4	1892	1893	1895	1894
4	1896	1897	1899	1898
4	1900	1901	1903	1902
4	1904	1905	1907	1906
4	1908	1909	1911	1910
4	1912	1913	1915	1914
4	1916	1917	1919	1918
4	1920	1921	1923	1922
4	1924	1925	1927	1926
4	1928	1929	1931	1930
4	1932	1933	1935	1934
4	1936	1937	1939	1938
4	1940	1941	1943	1942
4	1944	1945	1947	1946
4	1948	1949	1951	1950
4	1952	1953	1955	1954
4	1956	1957	1959	1958
4	1960	1961	1963	1962
4	1964	1965	1967	1966
4	1968	1969	1971	1970
4	1972	1973	1975	1974
4	1976	1977	1979	1978
4	1980	1981	1983	1982
4	1984	1985	1987	1986
4	1988	1989	1991	1990
4	1992	1993	1995	1994
4	1996	1997	1999	1998
4	2000	2001	2003	2002
4	2004	2005	2007	2006
4	2008	2009	2011	2010
4	2012	2013	2015	2014
4	2016	2017	2019	2018
4	2020	2021	2023	2022
4	2024	2025	2027	2026
4	2028	2029	2031	2030
4	2032	2033	2035	2034
4	2036	2037	2039	2038
4	2040	2041	2043	2042
4	2044	2045	2047	2046
4	2048	2049	2051	2050
4	2052	2053	2055	2054
4	2056	2057	2059	2058
4	2060	2061	2063	2062
4	2064	2065	2067	2066
4	2068	2069	2071	2070
4	2072	2073	2075	2074
4	2076	2077	2079	2078
4	2080	2081	2083	2082
4	2084	2085	2087	2086
4	2088	2089	2091	2090
4	2092	2093	2095	2094
4	2096	2097	2099	2098
4	2100	2101	2103	2102
4	2104	2105	2107	2106
4	2108	2109	2111	2110
4	2112	2113	2115	2114
4	2116	2117	2119	2118
4	2120	2121	2123	2122
4	2124	2125	2127	2126
4	2128	2129	2131	2130
4	2132	2133	2135	2134
4	2136	2137	2139	2138
4	2140	2141	2143	2142
4	2144	2145	2147	2146
4	2148	2149	2151	2150
4	2152	2153	2155	2154
4	2156	2157	2159	2158
4	2160	2161	2163	2162
4	2164	2165	2167	2166
4	2168	2169	2171	2170
4	2172	2173	2175	2174
4	2176	2177	2179	2178
4	2180	2181	2183	2182
4	2184	2185	2187	2186
4	2188	2189	2191	2190
4	2192	2193	2195	2194
4	2196	2197	2199	2198
4	2200	2201	2203	2202
4	2204	2205	2207	2206
4	2208	2209	2211	2210
4	2212	2213	2215	2214
4	2216	2217	2219	2218
4	2220	2221	2223	2222
4	2224	2225	2227	2226
4	2228	2229	2231	2230
4	2232	2233	2235	2234
4	2236	2237	2239	2238
4	2240	2241	2243	2242
4	2244	2245	2247	2246
4	2248	2249	2251	2250
4	2252	2253	2255	2254
4	2256	2257	2259	2258
4	2260	2261	2263	2262
4	2264	2265	2267	2266
4	2268	2269	2271	2270
4	2272	2273	2275	2274
4	2276	2277	2279	2278
4	2280	2281	2283	2282
4	2284	2285	2287	2286
4	2288	2289	2291	2290
4	2292	2293	2295	2294
4	2296	2297	2299	2298
4	2300	2301	2303	2302
4	2304	2305	2307	2306
4	2308	2309	2311	2310
4	2312	2313	2315	2314
4	2316	2317	2319	2318
4	2320	2321	2323	2322
4	2324	2325	2327	2326
4	2328	2329	2331	2330
4	2332	2333	2335	2334
4	2336	2337	2339	2338
4	2340	2341	2343	2342
4	2344	2345	2347	2346
4	2348	2349	2351	2350
4	2352	2353	2355	2354
4	2356	2357	2359	2358
4	2360	2361	2363	2362
4	2364	2365	2367	2366
4	2368	2369	2371	2370
4	2372	2373	2375	2374
4	2376	2377	2379	2378
4	2380	2381	2383	2382
4	2384	2385	2387	2386
4	2388	2389	2391	2390
4	2392	2393	2395	2394
4	2396	2397	2399	2398
4	2400	2401	2403	2402
4	2404	2405	2407	2406
4	2408	2409	2411	2410
4	2412	2413	2415	2414
4	2416	2417	2419	2418
4	2420	2421	2423	2422
4	2424	2425	2427	2426
4	2428	2429	2431	2430
4	2432	2433	2435	2434
4	2436	2437	2439	2438
4	2440	2441	2443	2442
4	2444	2445	2447	2446
4	2448	2449	2451	2450
4	2452	2453	2455	2454
4	2456	2457	2459	2458
4	2460	2461	2463	2462
4	2464	2465	2467	2466
4	2468	2469	2471	2470
4	2472	2473	2475	2474
4	2476	2477	2479	2478
4	2480	2481	2483	2482
4	2484	2485	2487	2486
4	2488	2489	2491	2490
4	2492	2493	2495	2494
4	2496	2497	2499	2498
4	2500	2501	2503	2502
4	2504	2505	2507	2506
4	2508	2509	2511	2510
4	2512	2513	2515	2514
4	2516	2517	2519	2518
4	2520	2521	2523	2522
4	2524	2525	2527	2526
4	2528	2529	2531	2530
4	2532	2533	2535	2534
4	2536	2537	2539	2538
4	2540	2541	2543	2542
4	2544	2545	2547	2546
4	2548	2549	2551	2550
4	2552	2553	2555	2554
4	2556	2557	2559	2558
4	2560	2561	2563	2562
4	2564	2565	2567	2566
4	2568	2569	2571	2570
4	2572	2573	2575	2574
4	2576	2577	2579	2578
4	2580	2581	2583	2582
4	2584	2585	2587	2586
4	2588	2589	2591	2590
4	2592	2593	2595	2594
4	2596	2597	2599	2598
4	2600	2601	2603	2602
4	2604	2605	2607	2606
4	2608	2609	2611	2610
4	2612	2613	2615	2614
4	2616	2617	2619	2618
4	2620	2621	2623	2622
4	2624	2625	2627	2626
4	2628	2629	2631	2630
4	2632	2633	2635	2634
4	2636	2637	2639	2638
4	2640	2641	2643	2642
4	2644	2645	2647	2646
4	2648	2649	2651	2650
4	2652	2653	2655	2654
4	2656	2657	2659	2658
4	2660	2661	2663	2662
4	2664	2665	2667	2666
4	2668	2669	2671	2670
4	2672	2673	2675	2674
4	2676	2677	2679	2678
4	2680	2681	2683	2682
4	2684	2685	2687	2686
4	2688	2689	2691	2690
4	2692	2693	2695	2694
4	2696	2697	2699	2698
4	2700	2701	2703	2702
4	2704	2705	2707	2706
4	2708	2709	2711	2710
4	2712	2713	2715	2714
4	2716	2717	2719	2718
4	2720	2721	2723	2722
4	2724	2725	2727	2726
4	2728	2729	2731	2730
4	2732	2733	2735	2734
4	2736	2737	2739	2738
4	2740	2741	2743	2742
4	2744	2745	2747	2746
4	2748	2749	2751	2750
4	2752	2753	2755	2754
4	2756	2757	2759	2758
4	2760	2761	2763	2762
4	2764	2765	2767	2766
4	2768	2769	2771	2770
4	2772	2773	2775	2774
4	2776	2777	2779	2778
4	2780	2781	2783	2782
4	2784	2785	2787	2786
4	2788	2789	2791	2790
4	2792	2793	2795	2794
4	2796	2797	2799	2798
4	2800	2801	2803	2802
4	2804	2805	2807	2806
4	2808	2809	2811	2810
4	2812	2813	2815	2814
4	2816	2817	2819	2818
4	2820	2821	2823	2822
4	2824	2825	2827	2826
4	2828	2829	2831	2830
4	2832	2833	2835	2834
4	2836	2837	2839	2838
4	2840	2841	2843	2842
4	2844	2845	2847	2846
4	2848	2849	2851	2850
4	2852	2853	2855	2854
4	2856	2857	2859	2858
4	2860	2861	2863	2862
4	2864	2865	2867	2866
4	2868	2869	2871	2870
4	2872	2873	2875	2874
4	2876	2877	2879	2878
4	2880	2881	2883	2882
4	2884	2885	2887	2886
4	2888	2889	2891	2890
4	2892	2893	2895	2894
4	2896	2897	2899	2898
4	2900	2901	2903	2902
4	2904	2905	2907	2906
4	2908	2909	2911	2910
4	2912	2913	2915	2914
4	2916	2917	2919	2918
4	2920	2921	2923	2922
4	2924	2925	2927	2926
4	2928	2929	2931	2930
4	2932	2933	2935	2934
4	2936	2937	2939	2938
4	2940	2941	2943	2942
4	2944	2945	2947	2946
4	2948	2949	2951	2950
4	2952	2953	2955	2954
4	2956	2957	2959	2958
4	2960	2961	2963	2962
4	2964	2965	2967	2966
4	2968	2969	2971	2970
4	2972	2973	2975	2974
4	2976	2977	2979	2978
4	2980	2981	2983	2982
4	2984	2985	2987	2986
4	2988	2989	2991	2990
4	2992	2993	2995	2994
4	2996	2997	2999	2998
4	3000	3001	3003	3002
4	3004	3005	3007	3006
4	3008	3009	3011	3010
4	3012	3013	3015	3014
4	3016	3017	3019	3018
4	3020	3021	3023	3022
4	3024	3025	3027	3026
4	3028	3029	3031	3030
4	3032	3033	3035	3034
4	3036	3037	3039	3038
4	3040	3041	3043	3042
4	3044	3045	3047	3046
4	3048	3049	3051	3050
4	3052	3053	3055	3054
4	3056	3057	3059	3058
4	3060	3061	3063	3062
4	3064	3065	3067	3066
4	3068	3069	3071	3070
4	3072	3073	3075	3074
4	3076	3077	3079	3078
4	3080	3081	3083	3082
4	3084	3085	3087	3086
4	3088	3089	3091	3090
4	3092	3093	3095	3094
4	3096	3097	3099	3098
4	3100	3101	3103	3102
4	3104	3105	3107	3106
4	3108	3109	3111	3110
4	3112	3113	3115	3114
4	3116	3117	3119	3118
4	3120	3121	3123	3122
4	3124	3125	3127	3126
4	3128	3129	3131	3130
4	3132	3133	3135	3134
4	3136	3137	3139	3138
4	3140	3141	3143	3142
4	3144	3145	3147	3146
4	3148	3149	3151	3150
4	3152	3153	3155	3154
4	3156	3157	3159	3158
4	3160	3161	3163	3162
4	3164	3165	3167	3166
4	3168	3169	3171	3170
4	3172	3173	3175	3174
4	3176	3177	3179	3178
4	3180	3181	3183	3182
4	3184	3185	3187	3186
4	3188	3189	3191	3190
4	3192	3193	3195	3194
4	3196	3197	3199	3198
4	3200	3201	3203	3202
4	3204	3205	3207	3206
4	3208	3209	3211	3210
4	3212	3213	3215	3214
4	3216	3217	3219	3218
4	3220	3221	3223	3222
4	3224	3225	3227	3226
4	3228	3229	3231	3230
4	3232	3233	3235	3234
4	3236	3237	3239	3238
4	3240	3241	3243	3242
4	3244	3245	3247	3246
4	3248	3249	3251	3250
4	3252	3253	3255	3254
4	3256	3257	3259	3258
4	3260	3261	3263	3262
4	3264	3265	3267	3266
4	3268	3269	3271	3270
4	3272	3273	3275	3274
4	3276	3277	3279	3278
4	3280	3281	3283	3282
4	3284	3285	3287	3286
4	3288	3289	3291	3290
4	3292	3293	3295	3294
4	3296	3297	3299	3298
4	3300	3301	3303	3302
4	3304	3305	3307	3306
4	3308	3309	3311	3310
4	3312	3313	3315	3314
4	3316	3317	3319	3318
4	3320	3321	3323	3322
4	3324	3325	3327	3326
4	3328	3329	3331	3330
4	3332	3333	3335	3334
4	3336	3337	3339	3338
4	3340	3341	3343	3342
4	3344	3345	3347	3346
4	3348	3349	3351	3350
4	3352	3353	3355	3354
4	3356	3357	3359	3358
4	3360	3361	3363	3362
4	3364	3365	3367	3366
4	3368	3369	3371	3370
4	3372	3373	3375	3374
4	3376	3377	3379	3378
4	3380	3381	3383	3382
4	3384	3385	3387	3386
4	3388	3389	3391	3390
4	3392	3393	3395	3394
4	3396	3397	3399	3398
4	3400	3401	3403	3402
4	3404	3405	3407	3406
4	3408	3409	3411	3410
4	3412	3413	3415	3414
4	3416	3417	3419	3418
4	3420	3421	3423	3422
4	3424	3425	3427	3426
4	3428	3429	3431	3430
4	3432	3433	3435	3434
4	3436	3437	3439	3438
4	3440	3441	3443	3442
4	3444	3445	3447	3446
4	3448	3449	3451	3450
4	3452	3453	3455	3454
4	3456	3457	3459	3458
4	3460	3461	3463	3462
4	3464	3465	3467	3466
4	3468	3469	3471	3470
4	3472	3473	3475	3474
4	3476	3477	3479	3478
4	3480	3481	3483	3482
4	3484	3485	3487	3486
4	3488	3489	3491	3490
4	3492	3493	3495	3494
4	3496	3497	3499	3498
4	3500	3501	3503	3502
4	3504	3505	3507	3506
4	3508	3509	3511	3510
4	3512	3513	3515	3514
4	3516	3517	3519	3518
4	3520	3521	3523	3522
4	3524	3525	3527	3526
4	3528	3529	3531	3530
4	3532	3533	3535	3534
4	3536	3537	3539	3538
4	3540	3541	3543	3542
4	3544	3545	3547	3546
4	3548	3549	3551	3550
4	3552	3553	3555	3554
4	3556	3557	3559	3558
4	3560	3561	3563	3562
4	3564	3565	3567	3566
4	3568	3569	3571	3570
4	3572	3573	3575	3574
4	3576	3577	3579	3578
4	3580	3581	3583	3582
4	3584	3585	3587	3586
4	3588	3589	3591	3590
4	3592	3593	3595	3594
4	3596	3597	3599	3598
4	3600	3601	3603	3602
4	3604	3605	3607	3606
4	3608	3609	3611	3610
4	3612	3613	3615	3614
4	3616	3617	3619	3618
4	3620	3621	3623	3622
4	3624	3625	3627	3626
4	3628	3629	3631	3630
4	3632	3633	3635	3634
4	3636	3637	3639	3638
4	3640	3641	3643	3642
4	3644	3645	3647	3646
4	3648	3649	3651	3650
4	3652	3653	3655	3654
4	3656	3657	3659	3658
4	3660	3661	3663	3662
4	3664	3665	3667	3666
4	3668	3669	3671	3670
4	3672	3673	3675	3674
4	3676	3677	3679	3678
4	3680	3681	3683	3682
4	3684	3685	3687	3686
4	3688	3689	3691	3690
4	3692	3693	3695	3694
4	3696	3697	3699	3698
4	3700	3701	3703	3702
4	3704	3705	3707	3706
4	3708	3709	3711	3710
4	3712	3713	3715	3714
4	3716	3717	3719	3718
4	3720	3721	3723	3722
4	3724	3725	3727	3726
4	3728	3729	3731	3730
4	3732	3733	3735	3734
4	3736	3737	3739	3738
4	3740	3741	3743	3742
4	3744	3745	3747	3746
4	3748	3749	3751	3750
4	3752	3753	3755	3754
4	3756	3757	3759	3758
4	3760	3761	3763	3762
4	3764	3765	3767	3766
4	3768	3769	3771	3770
4	3772	3773	3775	3774
4	3776	3777	3779	3778
4	3780	3781	3783	3782
4	3784	3785	3787	3786
4	3788	3789	3791	3790
4	3792	3793	3795	3794
4	3796	3797	3799	3798
4	3800	3801	3803	3802
4	3804	3805	3807	3806
4	3808	3809	3811	3810
4	3812	3813	3815	3814
4	3816	3817	3819	3818
4	3820	3821	3823	3822
4	3824	3825	3827	3826
4	3828	3829	3831	3830
4	3832	3833	3835	3834
4	3836	3837	3839	3838
4	3840	3841	3843	3842
4	3844	3845	3847	3846
4	3848	3849	3851	3850
4	3852	3853	3855	3854
4	3856	3857	3859	3858
4	3860	3861	3863	3862
4	3864	3865	3867	3866
4	3868	3869	3871	3870
4	3872	3873	3875	3874
4	3876	3877	3879	3878
4	3880	3881	3883	3882
4	3884	3885	3887	3886
4	3888	3889	3891	3890
4	3892	3893	3895	3894
4	3896	3897	3899	3898
4	3900	3901	3903	3902
4	3904	3905	3907	3906
4	3908	3909	3911	3910
4	3912	3913	3915	3914
4	3916	3917	3919	3918
4	3920	3921	3923	3922
4	3924	3925	3927	3926
4	3928	3929	3931	3930
4	3932	3933	3935	3934
4	3936	3937	3939	3938
4	3940	3941	3943	3942
4	3944	3945	3947	3946
4	3948	3949	3951	3950
4	3952	3953	3955	3954
4	3956	3957	3959	3958
4	3960	3961	3963	3962
4	3964	3965	3967	3966
4	3968	3969	3971	3970
4	3972	3973	3975	3974
4	3976	3977	3979	3978
4	3980	3981	3983	3982
4	3984	3985	3987	3986
4	3988	3989	3991	3990
4	3992	3993	3995	3994
4	3996	3997	3999	3998
4	4000	4001	4003	4002
4	4004	4005	4007	4006
4	4008	4009	4011	4010
4	4012	4013	4015	4014
4	4016	4017	4019	4018
4	4020	4021	4023	4022
4	4024	4025	4027	4026
4	4028	4029	4031	4030
4	4032	4033	4035	4034
4	4036	4037	4039	4038
4	4040	4041	4043	4042
4	4044	4045	4047	4046
4	4048	4049	4051	4050
4	4052	4053	4055	4054
4	4056	4057	4059	4058
4	4060	4061	4063	4062
4	4064	4065	4067	4066
4	4068	4069	4071	4070
4	4072	4073	4075	4074
4	4076	4077	4079	4078
4	4080	4081	4083	4082
4	4084	4085	4087	4086
4	4088	4089	4091	4090
4	4092	4093	4095	4094

CELL_TYPES 1024
 9 9 9 9 9 9 9 9 9 9 9 9 9 9 9 9 9 9 9 9 9 9 9 9 9 9 9 9 9 9 9 9 9 9 9 9 9 9 9 9 9 9 9 9 9 9 9 9 9 9 9 9 9 9 9 9 9 9 9 9 9 9 9 9 9 9 9 9 9 9 9 9 9 9 9 9 9 9 9 9 9 9 9 9 9 9 9 9 9 9 9 9 9 9 9 9 9 9 9 9 9 9 9 9 9 9 9 9 9 9 9 9 9 9 9 9 9 9 9 9 9 9 9 9 9 9 9 9 9 9 9 9 9 9 9 9 9 9 9 9 9 9 9 9 9 9 9 9 9 9 9 9 9 9 9 9 9 9 9 9 9 9 9 9 9 9 9 9 9 9 9 9 9 9 9 9 9 9 9 9 9 9 9 9 9 9 9 9 9 9 9 9 9 9 9 9 9 9 9 9 9 9 9 9 9 9 9 9 9 9 9 9 9 9 9 9 9 9 9 9 9 9 9 9 9 9 9 9 9 9 9 9 9 9 9 9 9 9 9 9 9 9 9 9 9 9 9 9 9 9 9 9 9 9 9 9 9 9 9 9 9 9 9 9 9 9 9 9 9 9 9 9 9 9 9 9 9 9 9 9 9 9 9 9 9 9 9 9 9 9 9 9 9 9 9 9 9 9 9 9 9 9 9 9 9 9 9 9 9 9 9 9 9 9 9 9 9 9 9 9 9 9 9 9 9 9 9 9 9 9 9 9 9 9 9 9 9 9 9 9 9 9 9 9 9 9 9 9 9 9 9 9 9 9 9 9 9 9 9 9 9 9 9 9 9 9 9 9 9 9 9 9 9 9 9 9 9 9 9 9 9 9 9 9 9 9 9 9 9 9 9 9 9 9 9 9 9 9 9 9 9 9 9 9 9 9 9 9 9 9 9 9 9 9 9 9 9 9 9 9 9 9 9 9 9 9 9 9 9 9 9 9 9 9 9 9 9 9 9 9 9 9 9 9 9 9 9 9 9 9 9 9 9 9 9 9 9 9 9 9 9 9 9 9 9 9 9 9 9 9 9 9 9 9 9 9 9 9 9 9 9 9 9 9 9 9 9 9 9 9 9 9 9 9 9 9 9 9 9 9 9 9 9 9 9 9 9 9 9 9 9 9 9 9 9 9 9 9 9 9 9 9 9 9 9 9 9 9 9 9 9 9 9 9 9 9 9 9 9 9 9 9 9 9 9 9 9 9 9 9 9 9 9 9 9 9 9 9 9 9 9 9 9 9 9 9 9 9 9 9 9 9 9 9 9 9 9 9 9 9 9 9 9 9 9 9 9 9 9 9 9 9 9 9 9 9 9 9 9 9 9 9 9 9 9 9 9 9 9 9 9 9 9 9 9 9 9 9 9 9 9 9 9 9 9 9 9 9 9 9 9 9 9 9 9 9 9 9 9 9 9 9 9 9 9 9 9 9 9 9 9 9 9 9 9 9 9 9 9 9 9 9 9 9 9 9 9 9 9 9 9 9 9 9 9 9 9 9 9 9 9 9 9 9 9 9 9 9 9 9 9 9 9 9 9 9 9 9 9 9 9 9 9 9 9 9 9 9 9 9 9 9 9 9 9 9 9 9 9 9 9 9 9 9 9 9 9 9 9 9 9 9 9 9 9 9 9 9 9 9 9 9 9 9 9 9 9 9 9 9 9 9 9 9 9 9 9 9 9 9 9 9 9 9 9 9 9 9 9 9 9 9 9 9 9 9 9 9 9 9 9 9 9 9 9 9 9 9 9 9 9 9 9 9 9 9 9 9 9 9 9 9 9 9 9 9 9 9 9 9 9 9 9 9 9 9 9 9 9 9 9 9 9 9 9 9 9 9 9 9 9 9 9 9 9 9 9 9 9 9 9 9 9 9 9 9 9 9 9 9 9 9 9 9 9 9 9 9 9 9 9 9 9 9 9 9 9 9 9 9 9 9 9 9 9 9 9 9 9 9 9 9 9 9 9 9 9 9 9 9 9 9 9 9 9 9 9 9 9 9 9 9 9 9 9 9 9 9 9 9 9 9 9 9 9 9 9 9 9 9 9 9 9 9 9 9 9 9 9 9 9 9 9 9 9 9 9 9 9 9 9 9 9 9 9 9 9 9 9 9 9 9 9 9 9 9 9 9 9 9 9 9 9 9 9 9 9 9 9 9 9 9 9 9 9 9 9 9 9 9 9 9 9 9 9 9 9 9 9 9 9 9 9 9 9 9 9 9 9 9 9 9 9 9 9 9 9 9 9 9 9 9 9 9 9 9 9 9 9 9 9 9 9 9
POINT_DATA 4096
SCALARS x_velo double 1
LOOKUP_TABLE default
0 0 0 -2.14139e-10 0 0 -2.14139e-10 -4.57518e-10 0 -2.14139e-10 0 -4.02134e-10 -2.14139e-10 -4.57518e-10 -4.02134e-10 -8.95268e-10 0 0 -4.57518e-10 -7.70331e-10 0 0 -7.70331e-10 -1.14017e-09 -4.57518e-10 -7.70331e-10 -8.95268e-10 -1.49829e-09 -7.70331e-10 -1.14017e-09 -1.49829e-09 -2.20792e-09 0 -4.02134e-10 0 -5.68765e-10 -4.02134e-10 -8.95268e-10 -5.68765e-10 -1.30222e-09 0 -5.68765e-10 0 -7.20094e-10 -5.68765e-10 -1.30222e-09 -7.20094e-10 -1.67187e-09 -8.95268e-10 -1.49829e-09 -1.30222e-09 -2.16912e-09 -1.49829e-09 -2.20792e-09 -2.16912e-09 -3.18413e-09 -1.30222e-09 -2.16912e-09 -1.67187e-09 -2.76943e-09 -2.16912e-09 -3.18413e-09 -2.76943e-09 -4.05005e-09 0 0 -1.14017e-09 -1.57611e-09 0 0 -1.57611e-09 -2.09109e-09 -1.14017e-09 -1.57611e-09 -2.20792e-09 -3.04906e-09 -1.57611e-09 -2.09109e-09 -3.04906e-09 -4.05233e-09 0 0 -2.09109e-09 -2.68783e-09 0 0 -2.68783e-09 -3.35265e-09 -2.09109e-09 -2.68783e-09 -4.05233e-09 -5.23479e-09 -2.68783e-09 -3.35265e-09 -5.23479e-09 -6.59001e-09 -2.20792e-09 -3.04906e-09 -3.18413e-09 -4.39455e-09 -3.04906e-09 -4.05233e-09 -4.39455e-09 -5.85451e-09 -3.18413e-09 -4.39455e-09 -4.05005e-09 -5.58748e-09 -4.39455e-09 -5.85451e-09 -5.58748e-09 -7.46409e-09 -4.05233e-09 -5.23479e-09 -5.85451e-09 -7.6072e-09 -5.23479e-09 -6.59001e-09 -7.6072e-09 -9.67239e-09 -5.85451e-09 -7.6072e-09 -7.46409e-09 -9.75997e-09 -7.6072e-09 -9.67239e-09 -9.75997e-09 -1.25395e-08 0 -7.20094e-10 0 -8.61713e-10 -7.20094e-10 -1.67187e-09 -8.61713e-10 -2.00101e-09 0 -8.61713e-10 0 -1.00334e-09 -8.61713e-10 -2.00101e-09 -1.00334e-09 -2.28591e-09 -1.67187e-09 -2.76943e-09 -2.00101e-09 -3.28685e-09 -2.76943e-09 -4.05005e-09 -3.28685e-09 -4.78763e-09 -2.00101e-09 -3.28685e-09 -2.28591e-09 -3.70934e-09 -3.28685e-09 -4.78763e-09 -3.70934e-09 -5.37998e-09 0 -1.00334e-09 0 -1.16608e-09 -1.00334e-09 -2.28591e-09 -1.16608e-09 -2.51584e-09 0 -1.16608e-09 0 -1.3569e-09 -1.16608e-09 -2.51584e-09 -1.3569e-09 -2.67989e-09 -2.28591e-09 -3.70934e-09 -2.51584e-09 -4.0248e-09 -3.70934e-09 -5.37998e-09 -4.0248e-09 -5.81219e-09 -2.51584e-09 -4.0248e-09 -2.67989e-09 -4.22097e-09 -4.0248e-09 -5.81219e-09 -4.22097e-09 -6.07228e-09 -4.05005e-09 -5.58748e-09 -4.78763e-09 -6.60248e-09 -5.58748e-09 -7.46409e-09 -6.60248e-09 -8.84395e-09 -4.78763e-09 -6.60248e-09 -5.37998e-09 -7.41508e-09 -6.60248e-09 -8.84395e-09 -7.41508e-09 -9.95524e-09 -7.46409e-09 -9.75997e-09 -8.84395e-09 -1.16376e-08 -9.75997e-09 -1.25395e-08 -1.16376e-08 -1.51107e-08 -8.84395e-09 -1.16376e-08 -9.95524e-09 -1.31762e-08 -1.16376e-08 -1.51107e-08 -1.31762e-08 -1.72852e-08 -5.37998e-09 -7.41508e-09 -5.81219e-09 -8.00339e-09 -7.41508e-09 -9.95524e-09 -8.00339e-09 -1.07602e-08 -5.81219e-09 -8.00339e-09 -6.07228e-09 -8.35044e-09 -8.00339e-09 -1.07602e-08 -8.35044e-09 -1.12262e-08 -9.95524e-09 -1.31762e-08 -1.07602e-08 -1.43068e-08 -1.31762e-08 -1.72852e-08 -1.43068e-08 -1.89428e-08 -1.07602e-08 -1.43068e-08 -1.12262e-08 -1.49606e-08 -1.43068e-08 -1.89428e-08 -1.49606e-08 -1.99468e-08 0 0 -3.35265e-09 -4.05885e-09 0 0 -4.05885e-09 -4.77425e-09 -3.35265e-09 -4.05885e-09 -6.59001e-09 -8.08778e-09 -4.05885e-09 -4.77425e-09 -8.08778e-09 -9.67e-09 0 0 -4.77425e-09 -5.44571e-09 0 0 -5.44571e-09 -5.92947e-09 -4.77425e-09 -5.44571e-09 -9.67e-09 -1.11971e-08 -5.44571e-09 -5.92947e-09 -1.11971e-08 -1.23089e-08 -6.59001e-09 -8.08778e-09 -9.67239e-09 -1.20356e-08 -8.08778e-09 -9.67e-09 -1.20356e-08 -1.46161e-08 -9.67239e-09 -1.20356e-08 -1.25395e-08 -1.58248e-08 -1.20356e-08 -1.46161e-08 -1.58248e-08 -1.95211e-08 -9.67e-09 -1.11971e-08 -1.46161e-08 -1.71587e-08 -1.11971e-08 -1.23089e-08 -1.71587e-08 -1.90282e-08 -1.46161e-08 -1.71587e-08 -1.95211e-08 -2.32382e-08 -1.71587e-08 -1.90282e-08 -2.32382e-08 -2.60143e-08 0 0 -5.92947e-09 -5.90997e-09 0 0 -5.90997e-09 -4.96352e-09 -5.92947e-09 -5.90997e-09 -1.23089e-08 -1.23031e-08 -5.90997e-09 -4.96352e-09 -1.23031e-08 -1.03154e-08 0 0 -4.96352e-09 -2.86877e-09 0 0 -2.86877e-09 4.99201e-11 -4.96352e-09 -2.86877e-09 -1.03154e-08 -5.94612e-09 -2.86877e-09 4.99201e-11 -5.94612e-09 1.0225e-10 -1.23089e-08 -1.23031e-08 -1.90282e-08 -1.90786e-08 -1.23031e-08 -1.03154e-08 -1.90786e-08 -1.59868e-08 -1.90282e-08 -1.90786e-08 -2.60143e-08 -2.61991e-08 -1.90786e-08 -1.59868e-08 -2.61991e-08 -2.19745e-08 -1.03154e-08 -5.94612e-09 -1.59868e-08 -9.20044e-09 -5.94612e-09 1.0225e-10 -9.20044e-09 1.57293e-10 -1.59868e-08 -9.20044e-09 -2.19745e-08 -1.26412e-08 -9.20044e-09 1.57293e-10 -1.26412e-08 2.15479e-10 -1.25395e-08 -1.58248e-08 -1.51107e-08 -1.93482e-08 -1.58248e-08 -1.95211e-08 -1.93482e-08 -2.42652e-08 -1.51107e-08 -1.93482e-08 -1.72852e-08 -2.24648e-08 -1.93482e-08 -2.42652e-08 -2.24648e-08 -2.86878e-08 -1.95211e-08 -2.32382e-08 -2.42652e-08 -2.9335e-08 -2.32382e-08 -2.60143e-08 -2.9335e-08 -3.32255e-08 -2.42652e-08 -2.9335e-08 -2.86878e-08 -3.53247e-08 -2.9335e-08 -3.32255e-08 -3.53247e-08 -4.0646e-08 -1.72852e-08 -2.24648e-08 -1.89428e-08 -2.49918e-08 -2.24648e-08 -2.86878e-08 -2.49918e-08 -3.25672e-08 -1.89428e-08 -2.49918e-08 -1.99468e-08 -2.6694e-08 -2.49918e-08 -3.25672e-08 -2.6694e-08 -3.55851e-08 -2.86878e-08 -3.53247e-08 -3.25672e-08 -4.10318e-08 -3.53247e-08 -4.0646e-08 -4.10318e-08 -4.8274e-08 -3.25672e-08 -4.10318e-08 -3.55851e-08 -4.61765e-08 -4.10318e-08 -4.8274e-08 -4.61765e-08 -5.60958e-08 -2.60143e-08 -2.61991e-08 -3.32255e-08 -3.37009e-08 -2.61991e-08 -2.19745e-08 -3.37009e-08 -2.83661e-08 -3.32255e-08 -3.37009e-08 -4.0646e-08 -4.17124e-08 -3.37009e-08 -2.83661e-08 -4.17124e-08 -3.53783e-08 -2.19745e-08 -1.26412e-08 -2.83661e-08 -1.63411e-08 -1.26412e-08 2.15479e-10 -1.63411e-08 2.77366e-10 -2.83661e-08 -1.63411e-08 -3.53783e-08 -2.04684e-08 -1.63411e-08 2.77366e-10 -2.04684e-08 3.43598e-10 -4.0646e-08 -4.17124e-08 -4.8274e-08 -5.04809e-08 -4.17124e-08 -3.53783e-08 -5.04809e-08 -4.34169e-08 -4.8274e-08 -5.04809e-08 -5.60958e-08 -6.04304e-08 -5.04809e-08 -4.34169e-08 -6.04304e-08 -5.32134e-08 -3.53783e-08 -2.04684e-08 -4.34169e-08 -2.53381e-08 -2.04684e-08 3.43598e-10 -2.53381e-08 4.14827e-10 -4.34169e-08 -2.53381e-08 -5.32134e-08 -3.15309e-08 -2.53381e-08 4.14827e-10 -3.15309e-08 4.91525e-10 0 0 4.99201e-11 2.96373e-09 0 0 2.96373e-09 5.04557e-09 4.99201e-11 2.96373e-09 1.0225e-10 6.14075e-09 2.96373e-09 5.04557e-09 6.14075e-09 1.04838e-08 0 0 5.04557e-09 5.97503e-09 0 0 5.97503e-09 5.97727e-09 5.04557e-09 5.97503e-09 1.04838e-08 1.24367e-08 5.97503e-09 5.97727e-09 1.24367e-08 1.2407e-08 1.0225e-10 6.14075e-09 1.57293e-10 9.49981e-09 6.14075e-09 1.04838e-08 9.49981e-09 1.62457e-08 1.57293e-10 9.49981e-09 2.15479e-10 1.3051e-08 9.49981e-09 1.62457e-08 1.3051e-08 2.23279e-08 1.04838e-08 1.24367e-08 1.62457e-08 1.92836e-08 1.24367e-08 1.2407e-08 1.92836e-08 1.91784e-08 1.62457e-08 1.92836e-08 2.23279e-08 2.64779e-08 1.92836e-08 1.91784e-08 2.64779e-08 2.62176e-08 0 0 5.97727e-09 5.47834e-09 0 0 5.47834e-09 4.79466e-09 5.97727e-09 5.47834e-09 1.2407e-08 1.12641e-08 5.47834e-09 4.79466e-09 1.12641e-08 9.71221e-09 0 0 4.79466e-09 4.07005e-09 0 0 4.07005e-09 3.35737e-09 4.79466e-09 4.07005e-09 9.71221e-09 8.11159e-09 4.07005e-09 3.35737e-09 8.11159e-09 6.60095e-09 1.2407e-08 1.12641e-08 1.91784e-08 1.72612e-08 1.12641e-08 9.71221e-09 1.72612e-08 1.46809e-08 1.91784e-08 1.72612e-08 2.62176e-08 2.33763e-08 1.72612e-08 1.46809e-08 2.33763e-08 1.96086e-08 9.71221e-09 8.11159e-09 1.46809e-08 1.20729e-08 8.11159e-09 6.60095e-09 1.20729e-08 9.69052e-09 1.46809e-08 1.20729e-08 1.96086e-08 1.58756e-08 1.20729e-08 9.69052e-09 1.58756e-08 1.25652e-08 2.15479e-10 1.3051e-08 2.77366e-10 1.68678e-08 1.3051e-08 2.23279e-08 1.68678e-08 2.88184e-08 2.77366e-10 1.68678e-08 3.43598e-10 2.11195e-08 1.68678e-08 2.88184e-08 2.11195e-08 3.59341e-08 2.23279e-08 2.64779e-08 2.88184e-08 3.40555e-08 2.64779e-08 2.62176e-08 3.40555e-08 3.34821e-08 2.88184e-08 3.40555e-08 3.59341e-08 4.21441e-08 3.40555e-08 3.34821e-08 4.21441e-08 4.09551e-08 3.43598e-10 2.11195e-08 4.14827e-10 2.61223e-08 2.11195e-08 3.59341e-08 2.61223e-08 4.40814e-08 4.14827e-10 2.61223e-08 4.91525e-10 3.24577e-08 2.61223e-08 4.40814e-08 3.24577e-08 5.39926e-08 3.59341e-08 4.21441e-08 4.40814e-08 5.09911e-08 4.21441e-08 4.09551e-08 5.09911e-08 4.86341e-08 4.40814e-08 5.09911e-08 5.39926e-08 6.10204e-08 5.09911e-08 4.86341e-08 6.10204e-08 5.65045e-08 2.62176e-08 2.33763e-08 3.34821e-08 2.95082e-08 2.33763e-08 1.96086e-08 2.95082e-08 2.43746e-08 3.34821e-08 2.95082e-08 4.09551e-08 3.55312e-08 2.95082e-08 2.43746e-08 3.55312e-08 2.88172e-08 1.96086e-08 1.58756e-08 2.43746e-08 1.94121e-08 1.58756e-08 1.25652e-08 1.94121e-08 1.51438e-08 2.43746e-08 1.94121e-08 2.88172e-08 2.25405e-08 1.94121e-08 1.51438e-08 2.25405e-08 1.73249e-08 4.09551e-08 3.55312e-08 4.86341e-08 4.12688e-08 3.55312e-08 2.88172e-08 4.12688e-08 3.27141e-08 4.86341e-08 4.12688e-08 5.65045e-08 4.64401e-08 4.12688e-08 3.27141e-08 4.64401e-08 3.57456e-08 2.88172e-08 2.25405e-08 3.27141e-08 2.50773e-08 2.25405e-08 1.73249e-08 2.50773e-08 1.89878e-08 3.27141e-08 2.50773e-08 3.57456e-08 2.67862e-08 2.50773e-08 1.89878e-08 2.67862e-08 1.99951e-08 0 0 3.35737e-09 2.68827e-09 0 0 2.68827e-09 2.08887e-09 3.35737e-09 2.68827e-09 6.60095e-09 5.23724e-09 2.68827e-09 2.08887e-09 5.23724e-09 4.04941e-09 0 0 2.08887e-09 1.57211e-09 0 0 1.57211e-09 1.13453e-09 2.08887e-09 1.57211e-09 4.04941e-09 3.04264e-09 1.57211e-09 1.13453e-09 3.04264e-09 2.19856e-09 6.60095e-09 5.23724e-09 9.69052e-09 7.61272e-09 5.23724e-09 4.04941e-09 7.61272e-09 5.85207e-09 9.69052e-09 7.61272e-09 1.25652e-08 9.76916e-09 7.61272e-09 5.85207e-09 9.76916e-09 7.46287e-09 4.04941e-09 3.04264e-09 5.85207e-09 4.38703e-09 3.04264e-09 2.19856e-09 4.38703e-09 3.17278e-09 5.85207e-09 4.38703e-09 7.46287e-09 5.57983e-09 4.38703e-09 3.17278e-09 5.57983e-09 4.03814e-09 0 0 1.13453e-09 7.62507e-10 0 0 7.62507e-10 4.47031e-10 1.13453e-09 7.62507e-10 2.19856e-09 1.48542e-09 7.62507e-10 4.47031e-10 1.48542e-09 8.78538e-10 0 0 4.47031e-10 2.03029e-10 0 0 2.03029e-10 0 4.47031e-10 2.03029e-10 8.78538e-10 3.85761e-10 2.03029e-10 0 3.85761e-10 0 2.19856e-09 1.48542e-09 3.17278e-09 2.15378e-09 1.48542e-09 8.78538e-10 2.15378e-09 1.28281e-09 3.17278e-09 2.15378e-09 4.03814e-09 2.75384e-09 2.15378e-09 1.28281e-09 2.75384e-09 1.6528e-09 8.78538e-10 3.85761e-10 1.28281e-09 5.50412e-10 3.85761e-10 0 5.50412e-10 0 1.28281e-09 5.50412e-10 1.6528e-09 7.01944e-10 5.50412e-10 0 7.01944e-10 0 1.25652e-08 9.76916e-09 1.51438e-08 1.16506e-08 9.76916e-09 7.46287e-09 1.16506e-08 8.84431e-09 1.51438e-08 1.16506e-08 1.73249e-08 1.31927e-08 1.16506e-08 8.84431e-09 1.31927e-08 9.95712e-09 7.46287e-09 5.57983e-09 8.84431e-09 6.59529e-09 5.57983e-09 4.03814e-09 6.59529e-09 4.77612e-09 8.84431e-09 6.59529e-09 9.95712e-09 7.40852e-09 6.59529e-09 4.77612e-09 7.40852e-09 5.36932e-09 1.73249e-08 1.31927e-08 1.89878e-08 1.43259e-08 1.31927e-08 9.95712e-09 1.43259e-08 1.07632e-08 1.89878e-08 1.43259e-08 1.99951e-08 1.49811e-08 1.43259e-08 1.07632e-08 1.49811e-08 1.12295e-08 9.95712e-09 7.40852e-09 1.07632e-08 7.99721e-09 7.40852e-09 5.36932e-09 7.99721e-09 5.80223e-09 1.07632e-08 7.99721e-09 1.12295e-08 8.34399e-09 7.99721e-09 5.80223e-09 8.34399e-09 6.06224e-09 4.03814e-09 2.75384e-09 4.77612e-09 3.27272e-09 2.75384e-09 1.6528e-09 3.27272e-09 1.98493e-09 4.77612e-09 3.27272e-09 5.36932e-09 3.69767e-09 3.27272e-09 1.98493e-09 3.69767e-09 2.27508e-09 1.6528e-09 7.01944e-10 1.98493e-09 8.45878e-10 7.01944e-10 0 8.45878e-10 0 1.98493e-09 8.45878e-10 2.27508e-09 9.92805e-10 8.45878e-10 0 9.92805e-10 0 5.36932e-09 3.69767e-09 5.80223e-09 4.01576e-09 3.69767e-09 2.27508e-09 4.01576e-09 2.51155e-09 5.80223e-09 4.01576e-09 6.06224e-09 4.21367e-09 4.01576e-09 2.51155e-09 4.21367e-09 2.68258e-09 2.27508e-09 9.92805e-10 2.51155e-09 1.16625e-09 9.92805e-10 0 1.16625e-09 0 2.51155e-09 1.16625e-09 2.68258e-09 1.37417e-09 1.16625e-09 0 1.37417e-09 0 0 -1.3569e-09 3.55078 3.53601 -1.3569e-09 -2.67989e-09 3.53601 3.53648 3.55078 3.53601 6.62813 6.61432 3.53601 3.53648 6.61432 6.60924 -2.67989e-09 -4.22097e-09 3.53648 3.53975 -4.22097e-09 -6.07228e-09 3.53975 3.54353 3.53648 3.53975 6.60924 6.61118 3.53975 3.54353 6.61118 6.61545 6.62813 6.61432 9.23203 9.22356 6.61432 6.60924 9.22356 9.21557 9.23203 9.22356 11.3625 11.3577 9.22356 9.21557 11.3577 11.3508 6.60924 6.61118 9.21557 9.21453 6.61118 6.61545 9.21453 9.21714 9.21557 9.21453 11.3508 11.3479 9.21453 9.21714 11.3479 11.3484 -6.07228e-09 -8.35044e-09 3.54353 3.5471 -8.35044e-09 -1.12262e-08 3.5471 3.55046 3.54353 3.5471 6.61545 6.62028 3.5471 3.55046 6.62028 6.6252 -1.12262e-08 -1.49606e-08 3.55046 3.55389 -1.49606e-08 -1.99468e-08 3.55389 3.558 3.55046 3.55389 6.6252 6.63042 3.55389 3.558 6.63042 6.63669 6.61545 6.62028 9.21714 9.2213 6.62028 6.6252 9.2213 9.22615 9.21714 9.2213 11.3484 11.351 9.2213 9.22615 11.351 11.3547 6.6252 6.63042 9.22615 9.23164 6.63042 6.63669 9.23164 9.23844 9.22615 9.23164 11.3547 11.3594 9.23164 9.23844 11.3594 11.3655 11.3625 11.3577 13.0195 13.0168 11.3577 11.3508 13.0168 13.0118 13.0195 13.0168 14.2031 14.2015 13.0168 13.0118 14.2015 14.198 11.3508 11.3479 13.0118 13.0086 11.3479 11.3484 13.0086 13.0078 13.0118 13.0086 14.198 14.1952 13.0086 13.0078 14.1952 14.1938 14.2031 14.2015 14.9133 14.9121 14.2015 14.198 14.9121 14.9095 14.9133 14.9121 15.15 15.149 14.9121 14.9095 15.149 15.1466 14.198 14.1952 14.9095 14.907 14.1952 14.1938 14.907 14.9055 14.9095 14.907 15.1466 15.1443 14.907 14.9055 15.1443 15.1427 11.3484 11.351 13.0078 13.0088 11.351 11.3547 13.0088 13.0111 13.0078 13.0088 14.1938 14.1937 13.0088 13.0111 14.1937 14.1948 11.3547 11.3594 13.0111 13.0145 11.3594 11.3655 13.0145 13.0194 13.0111 13.0145 14.1948 14.197 13.0145 13.0194 14.197 14.2007 14.1938 14.1937 14.9055 14.9049 14.1937 14.1948 14.9049 14.9053 14.9055 14.9049 15.1427 15.142 14.9049 14.9053 15.142 15.1422 14.1948 14.197 14.9053 14.9068 14.197 14.2007 14.9068 14.9095 14.9053 14.9068 15.1422 15.1434 14.9068 14.9095 15.1434 15.1458 -1.99468e-08 -2.6694e-08 3.558 3.56407 -2.6694e-08 -3.55851e-08 3.56407 3.5746 3.558 3.56407 6.63669 6.64569 3.56407 3.5746 6.64569 6.66056 -3.55851e-08 -4.61765e-08 3.5746 3.59325 -4.61765e-08 -5.60958e-08 3.59325 3.62318 3.5746 3.59325 6.66056 6.68588 3.59325 3.62318 6.68588 6.72581 6.63669 6.64569 9.23844 9.2481 6.64569 6.66056 9.2481 9.26353 9.23844 9.2481 11.3655 11.3744 9.2481 9.26353 11.3744 11.3884 6.66056 6.68588 9.26353 9.28884 6.68588 6.72581 9.28884 9.32787 9.26353 9.28884 11.3884 11.4109 9.28884 9.32787 11.4109 11.4448 -5.60958e-08 -6.04304e-08 3.62318 3.66299 -6.04304e-08 -5.32134e-08 3.66299 3.70248 3.62318 3.66299 6.72581 6.77943 3.66299 3.70248 6.77943 6.83568 -5.32134e-08 -3.15309e-08 3.70248 3.72394 -3.15309e-08 4.91525e-10 3.72394 3.71255 3.70248 3.72394 6.83568 6.87364 3.72394 3.71255 6.87364 6.87292 6.72581 6.77943 9.32787 9.38043 6.77943 6.83568 9.38043 9.43799 9.32787 9.38043 11.4448 11.4903 9.38043 9.43799 11.4903 11.5416 6.83568 6.87364 9.43799 9.48306 6.87364 6.87292 9.48306 9.49648 9.43799 9.48306 11.5416 11.586 9.48306 9.49648 11.586 11.6082 11.3655 11.3744 13.0194 13.0268 11.3744 11.3884 13.0268 13.0387 13.0194 13.0268 14.2007 14.2067 13.0268 13.0387 14.2067 14.2164 11.3884 11.4109 13.0387 13.0575 11.4109 11.4448 13.0575 13.0856 13.0387 13.0575 14.2164 14.232 13.0575 13.0856 14.232 14.2553 14.2007 14.2067 14.9095 14.9144 14.2067 14.2164 14.9144 14.9228 14.9095 14.9144 15.1458 15.1504 14.9144 14.9228 15.1504 15.1581 14.2164 14.232 14.9228 14.9362 14.232 14.2553 14.9362 14.9564 14.9228 14.9362 15.1581 15.1708 14.9362 14.9564 15.1708 15.1899 11.4448 11.4903 13.0856 13.1234 11.4903 11.5416 13.1234 13.1667 13.0856 13.1234 14.2553 14.2867 13.1234 13.1667 14.2867 14.3232 11.5416 11.586 13.1667 13.2066 11.586 11.6082 13.2066 13.232 13.1667 13.2066 14.3232 14.3586 13.2066 13.232 14.3586 14.3843 14.2553 14.2867 14.9564 14.9836 14.2867 14.3232 14.9836 15.0159 14.9564 14.9836 15.1899 15.2158 14.9836 15.0159 15.2158 15.2466 14.3232 14.3586 15.0159 15.0481 14.3586 14.3843 15.0481 15.0732 15.0159 15.0481 15.2466 15.2777 15.0481 15.0732 15.2777 15.3026 4.91525e-10 3.24577e-08 3.71255 3.66907 3.24577e-08 5.39926e-08 3.66907 3.61115 3.71255 3.66907 6.87292 6.82885 3.66907 3.61115 6.82885 6.75776 5.39926e-08 6.10204e-08 3.61115 3.56058 6.10204e-08 5.65045e-08 3.56058 3.52969 3.61115 3.56058 6.75776 6.68593 3.56058 3.52969 6.68593 6.63308 6.87292 6.82885 9.49648 9.46969 6.82885 6.75776 9.46969 9.41163 9.49648 9.46969 11.6082 11.5991 9.46969 9.41163 11.5991 11.5618 6.75776 6.68593 9.41163 9.34317 6.68593 6.63308 9.34317 9.28412 9.41163 9.34317 11.5618 11.5094 9.34317 9.28412 11.5094 11.4575 5.65045e-08 4.64401e-08 3.52969 3.51823 4.64401e-08 3.57456e-08 3.51823 3.51901 3.52969 3.51823 6.63308 6.60465 3.51823 3.51901 6.60465 6.5953 3.57456e-08 2.67862e-08 3.51901 3.52468 2.67862e-08 1.99951e-08 3.52468 3.53085 3.51901 3.52468 6.5953 6.59648 3.52468 3.53085 6.59648 6.60158 6.63308 6.60465 9.28412 9.24429 6.60465 6.5953 9.24429 9.22324 9.28412 9.24429 11.4575 11.4164 9.24429 9.22324 11.4164 11.389 6.5953 6.59648 9.22324 9.21527 6.59648 6.60158 9.21527 9.21435 9.22324 9.21527 11.389 11.3734 9.21527 9.21435 11.3734 11.3656 11.6082 11.5991 13.232 13.235 11.5991 11.5618 13.235 13.2153 13.232 13.235 14.3843 14.3938 13.235 13.2153 14.3938 14.3857 11.5618 11.5094 13.2153 13.1805 11.5094 11.4575 13.1805 13.1412 13.2153 13.1805 14.3857 14.3641 13.1805 13.1412 14.3641 14.3362 14.3843 14.3938 15.0732 15.0858 14.3938 14.3857 15.0858 15.0839 15.0732 15.0858 15.3026 15.316 15.0858 15.0839 15.316 15.316 14.3857 14.3641 15.0839 15.07 14.3641 14.3362 15.07 15.0493 15.0839 15.07 15.316 15.3045 15.07 15.0493 15.3045 15.2862 11.4575 11.4164 13.1412 13.1058 11.4164 11.389 13.1058 13.0785 13.1412 13.1058 14.3362 14.3083 13.1058 13.0785 14.3083 14.2844 11.389 11.3734 13.0785 13.0596 11.3734 11.3656 13.0596 13.0474 13.0785 13.0596 14.2844 14.2658 13.0596 13.0474 14.2658 14.252 14.3362 14.3083 15.0493 15.0269 14.3083 14.2844 15.0269 15.0063 15.0493 15.0269 15.2862 15.2658 15.0269 15.0063 15.2658 15.2465 14.2844 14.2658 15.0063 14.9891 14.2658 14.252 14.9891 14.9754 15.0063 14.9891 15.2465 15.23 14.9891 14.9754 15.23 15.2165 1.99951e-08 1.49811e-08 3.53085 3.53594 1.49811e-08 1.12295e-08 3.53594 3.53982 3.53085 3.53594 6.60158 6.60715 3.53594 3.53982 6.60715 6.61202 1.12295e-08 8.34399e-09 3.53982 3.54281 8.34399e-09 6.06224e-09 3.54281 3.54514 3.53982 3.54281 6.61202 6.61602 3.54281 3.54514 6.61602 6.61922 6.60158 6.60715 9.21435 9.21638 6.60715 6.61202 9.21638 9.21926 9.21435 9.21638 11.3656 11.3624 9.21638 9.21926 11.3624 11.3614 6.61202 6.61602 9.21926 9.22211 6.61602 6.61922 9.22211 9.22459 9.21926 9.22211 11.3614 11.3616 9.22211 9.22459 11.3616 11.362 6.06224e-09 4.21367e-09 3.54514 3.54679 4.21367e-09 2.68258e-09 3.54679 3.54734 3.54514 3.54679 6.61922 6.62145 3.54679 3.54734 6.62145 6.62211 2.68258e-09 1.37417e-09 3.54734 3.54579 1.37417e-09 0 3.54579 3.53971 3.54734 3.54579 6.62211 6.61999 3.54579 3.53971 6.61999 6.61598 6.61922 6.62145 9.22459 9.22629 6.62145 6.62211 9.22629 9.22657 9.22459 9.22629 11.362 11.3623 9.22629 9.22657 11.3623 11.3617 6.62211 6.61999 9.22657 9.2246 6.61999 6.61598 9.2246 9.22231 9.22657 9.2246 11.3617 11.3598 9.2246 9.22231 11.3598 11.3581 11.3656 11.3624 13.0474 13.0398 11.3624 11.3614 13.0398 13.035 13.0474 13.0398 14.252 14.242 13.0398 13.035 14.242 14.2348 11.3614 11.3616 13.035 13.0321 11.3616 11.362 13.0321 13.03 13.035 13.0321 14.2348 14.2294 13.0321 13.03 14.2294 14.2253 14.252 14.242 14.9754 14.9646 14.242 14.2348 14.9646 14.9562 14.9754 14.9646 15.2165 15.2057 14.9646 14.9562 15.2057 15.1969 14.2348 14.2294 14.9562 14.9495 14.2294 14.2253 14.9495 14.9442 14.9562 14.9495 15.1969 15.1899 14.9495 14.9442 15.1899 15.1841 11.362 11.3623 13.03 13.0284 11.3623 11.3617 13.0284 13.0266 13.03 13.0284 14.2253 14.222 13.0284 13.0266 14.222 14.219 11.3617 11.3598 13.0266 13.0243 11.3598 11.3581 13.0243 13.0225 13.0266 13.0243 14.219 14.2162 13.0243 13.0225 14.2162 14.2138 14.2253 14.222 14.9442 14.9397 14.222 14.219 14.9397 14.936 14.9442 14.9397 15.1841 15.1793 14.9397 14.936 15.1793 15.1753 14.219 14.2162 14.936 14.9326 14.2162 14.2138 14.9326 14.9297 14.936 14.9326 15.1753 15.1717 14.9326 14.9297 15.1717 15.1686 15.15 15.149 14.9133 14.9121 15.149 15.1466 14.9121 14.9095 14.9133 14.9121 14.2031 14.2015 14.9121 14.9095 14.2015 14.198 15.1466 15.1443 14.9095 14.907 15.1443 15.1427 14.907 14.9055 14.9095 14.907 14.198 14.1952 14.907 14.9055 14.1952 14.1938 14.2031 14.2015 13.0195 13.0168 14.2015 14.198 13.0168 13.0118 13.0195 13.0168 11.3625 11.3577 13.0168 13.0118 11.3577 11.3508 14.198 14.1952 13.0118 13.0086 14.1952 14.1938 13.0086 13.0078 13.0118 13.0086 11.3508 11.3479 13.0086 13.0078 11.3479 11.3484 15.1427 15.142 14.9055 14.9049 15.142 15.1422 14.9049 14.9053 14.9055 14.9049 14.1938 14.1937 14.9049 14.9053 14.1937 14.1948 15.1422 15.1434 14.9053 14.9068 15.1434 15.1458 14.9068 14.9095 14.9053 14.9068 14.1948 14.197 14.9068 14.9095 14.197 14.2007 14.1938 14.1937 13.0078 13.0088 14.1937 14.1948 13.0088 13.0111 13.0078 13.0088 11.3484 11.351 13.0088 13.0111 11.351 11.3547 14.1948 14.197 13.0111 13.0145 14.197 14.2007 13.0145 13.0194 13.0111 13.0145 11.3547 11.3594 13.0145 13.0194 11.3594 11.3655 11.3625 11.3577 9.23203 9.22356 11.3577 11.3508 9.22356 9.21557 9.23203 9.22356 6.62813 6.61432 9.22356 9.21557 6.61432 6.60924 11.3508 11.3479 9.21557 9.21453 11.3479 11.3484 9.21453 9.21714 9.21557 9.21453 6.60924 6.61118 9.21453 9.21714 6.61118 6.61545 6.62813 6.61432 3.55078 3.53601 6.61432 6.60924 3.53601 3.53648 3.55078 3.53601 0 -1.3569e-09 3.53601 3.53648 -1.3569e-09 -2.67989e-09 6.60924 6.61118 3.53648 3.53975 6.61118 6.61545 3.53975 3.54353 3.53648 3.53975 -2.67989e-09 -4.22097e-09 3.53975 3.54353 -4.22097e-09 -6.07228e-09 11.3484 11.351 9.21714 9.2213 11.351 11.3547 9.2213 9.22615 9.21714 9.2213 6.61545 6.62028 9.2213 9.22615 6.62028 6.6252 11.3547 11.3594 9.22615 9.23164 11.3594 11.3655 9.23164 9.23844 9.22615 9.23164 6.6252 6.63042 9.23164 9.23844 6.63042 6.63669 6.61545 6.62028 3.54353 3.5471 6.62028 6.6252 3.5471 3.55046 3.54353 3.5471 -6.07228e-09 -8.35044e-09 3.5471 3.55046 -8.35044e-09 -1.12262e-08 6.6252 6.63042 3.55046 3.55389 6.63042 6.63669 3.55389 3.558 3.55046 3.55389 -1.12262e-08 -1.49606e-08 3.55389 3.558 -1.49606e-08 -1.99468e-08 15.1458 15.1504 14.9095 14.9144 15.1504 15.1581 14.9144 14.9228 14.9095 14.9144 14.2007 14.2067 14.9144 14.9228 14.2067 14.2164 15.1581 15.1708 14.9228 14.9362 15.1708 15.1899 14.9362 14.9564 14.9228 14.9362 14.2164 14.232 14.9362 14.9564 14.232 14.2553 14.2007 14.2067 13.0194 13.0268 14.2067 14.2164 13.0268 13.0387 13.0194 13.0268 11.3655 11.3744 13.0268 13.0387 11.3744 11.3884 14.2164 14.232 13.0387 13.0575 14.232 14.2553 13.0575 13.0856 13.0387 13.0575 11.3884 11.4109 13.0575 13.0856 11.4109 11.4448 15.1899 15.2158 14.9564 14.9836 15.2158 15.2466 14.9836 15.0159 14.9564 14.9836 14.2553 14.2867 14.9836 15.0159 14.2867 14.3232 15.2466 15.2777 15.0159 15.0481 15.2777 15.3026 15.0481 15.0732 15.0159 15.0481 14.3232 14.3586 15.0481 15.0732 14.3586 14.3843 14.2553 14.2867 13.0856 13.1234 14.2867 14.3232 13.1234 13.1667 13.0856 13.1234 11.4448 11.4903 13.1234 13.1667 11.4903 11.5416 14.3232 14.3586 13.1667 13.2066 14.3586 14.3843 13.2066 13.232 13.1667 13.2066 11.5416 11.586 13.2066 13.232 11.586 11.6082 11.3655 11.3744 9.23844 9.2481 11.3744 11.3884 9.2481 9.26353 9.23844 9.2481 6.63669 6.64569 9.2481 9.26353 6.64569 6.66056 11.3884 11.4109 9.26353 9.28884 11.4109 11.4448 9.28884 9.32787 9.26353 9.28884 6.66056 6.68588 9.28884 9.32787 6.68588 6.72581 6.63669 6.64569 3.558 3.56407 6.64569 6.66056 3.56407 3.5746 3.558 3.56407 -1.99468e-08 -2.6694e-08 3.56407 3.5746 -2.6694e-08 -3.55851e-08 6.66056 6.68588 3.5746 3.59325 6.68588 6.72581 3.59325 3.62318 3.5746 3.59325 -3.55851e-08 -4.61765e-08 3.59325 3.62318 -4.61765e-08 -5.60958e-08 11.4448 11.4903 9.32787 9.38043 11.4903 11.5416 9.38043 9.43799 9.32787 9.38043 6.72581 6.77943 9.38043 9.43799 6.77943 6.83568 11.5416 11.586 9.43799 9.48306 11.586 11.6082 9.48306 9.49648 9.43799 9.48306 6.83568 6.87364 9.48306 9.49648 6.87364 6.87292 6.72581 6.77943 3.62318 3.66299 6.77943 6.83568 3.66299 3.70248 3.62318 3.66299 -5.60958e-08 -6.04304e-08 3.66299 3.70248 -6.04304e-08 -5.32134e-08 6.83568 6.87364 3.70248 3.72394 6.87364 6.87292 3.72394 3.71255 3.70248 3.72394 -5.32134e-08 -3.15309e-08 3.72394 3.71255 -3.15309e-08 4.91525e-10 15.3026 15.316 15.0732 15.0858 15.316 15.316 15.0858 15.0839 15.0732 15.0858 14.3843 14.3938 15.0858 15.0839 14.3938 14.3857 15.316 15.3045 15.0839 15.07 15.3045 15.2862 15.07 15.0493 15.0839 15.07 14.3857 14.3641 15.07 15.0493 14.3641 14.3362 14.3843 14.3938 13.232 13.235 14.3938 14.3857 13.235 13.2153 13.232 13.235 11.6082 11.5991 13.235 13.2153 11.5991 11.5618 14.3857 14.3641 13.2153 13.1805 14.3641 14.3362 13.1805 13.1412 13.2153 13.1805 11.5618 11.5094 13.1805 13.1412 11.5094 11.4575 15.2862 15.2658 15.0493 15.0269 15.2658 15.2465 15.0269 15.0063 15.0493 15.0269 14.3362 14.3083 15.0269 15.0063 14.3083 14.2844 15.2465 15.23 15.0063 14.9891 15.23 15.2165 14.9891 14.9754 15.0063 14.9891 14.2844 14.2658 14.9891 14.9754 14.2658 14.252 14.3362 14.3083 13.1412 13.1058 14.3083 14.2844 13.1058 13.0785 13.1412 13.1058 11.4575 11.4164 13.1058 13.0785 11.4164 11.389 14.2844 14.2658 13.0785 13.0596 14.2658 14.252 13.0596 13.0474 13.0785 13.0596 11.389 11.3734 13.0596 13.0474 11.3734 11.3656 11.6082 11.5991 9.49648 9.46969 11.5991 11.5618 9.46969 9.41163 9.49648 9.46969 6.87292 6.82885 9.46969 9.41163 6.82885 6.75776 11.5618 11.5094 9.41163 9.34317 11.5094 11.4575 9.34317 9.28412 9.41163 9.34317 6.75776 6.68593 9.34317 9.28412 6.68593 6.63308 6.87292 6.82885 3.71255 3.66907 6.82885 6.75776 3.66907 3.61115 3.71255 3.66907 4.91525e-10 3.24577e-08 3.66907 3.61115 3.24577e-08 5.39926e-08 6.75776 6.68593 3.61115 3.56058 6.68593 6.63308 3.56058 3.52969 3.61115 3.56058 5.39926e-08 6.10204e-08 3.56058 3.52969 6.10204e-08 5.65045e-08 11.4575 11.4164 9.28412 9.24429 11.4164 11.389 9.24429 9.22324 9.28412 9.24429 6.63308 6.60465 9.24429 9.22324 6.60465 6.5953 11.389 11.3734 9.22324 9.21527 11.3734 11.3656 9.21527 9.21435 9.22324 9.21527 6.5953 6.59648 9.21527 9.21435 6.59648 6.60158 6.63308 6.60465 3.52969 3.51823 6.60465 6.5953 3.51823 3.51901 3.52969 3.51823 5.65045e-08 4.64401e-08 3.51823 3.51901 4.64401e-08 3.57456e-08 6.5953 6.59648 3.51901 3.52468 6.59648 6.60158 3.52468 3.53085 3.51901 3.52468 3.57456e-08 2.67862e-08 3.52468 3.53085 2.67862e-08 1.99951e-08 15.2165 15.2057 14.9754 14.9646 15.2057 15.1969 14.9646 14.9562 14.9754 14.9646 14.252 14.242 14.9646 14.9562 14.242 14.2348 15.1969 15.1899 14.9562 14.9495 15.1899 15.1841 14.9495 14.9442 14.9562 14.9495 14.2348 14.2294 14.9495 14.9442 14.2294 14.2253 14.252 14.242 13.0474 13.0398 14.242 14.2348 13.0398 13.035 13.0474 13.0398 11.3656 11.3624 13.0398 13.035 11.3624 11.3614 14.2348 14.2294 13.035 13.0321 14.2294 14.2253 13.0321 13.03 13.035 13.0321 11.3614 11.3616 13.0321 13.03 11.3616 11.362 15.1841 15.1793 14.9442 14.9397 15.1793 15.1753 14.9397 14.936 14.9442 14.9397 14.2253 14.222 14.9397 14.936 14.222 14.219 15.1753 15.1717 14.936 14.9326 15.1717 15.1686 14.9326 14.9297 14.936 14.9326 14.219 14.2162 14.9326 14.9297 14.2162 14.2138 14.2253 14.222 13.03 13.0284 14.222 14.219 13.0284 13.0266 13.03 13.0284 11.362 11.3623 13.0284 13.0266 11.3623 11.3617 14.219 14.2162 13.0266 13.0243 14.2162 14.2138 13.0243 13.0225 13.0266 13.0243 11.3617 11.3598 13.0243 13.0225 11.3598 11.3581 11.3656 11.3624 9.21435 9.21638 11.3624 11.3614 9.21638 9.21926 9.21435 9.21638 6.60158 6.60715 9.21638 9.21926 6.60715 6.61202 11.3614 11.3616 9.21926 9.22211 11.3616 11.362 9.22211 9.22459 9.21926 9.22211 6.61202 6.61602 9.22211 9.22459 6.61602 6.61922 6.60158 6.60715 3.53085 3.53594 6.60715 6.61202 3.53594 3.53982 3.53085 3.53594 1.99951e-08 1.49811e-08 3.53594 3.53982 1.49811e-08 1.12295e-08 6.61202 6.61602 3.53982 3.54281 6.61602 6.61922 3.54281 3.54514 3.53982 3.54281 1.12295e-08 8.34399e-09 3.54281 3.54514 8.34399e-09 6.06224e-09 11.362 11.3623 9.22459 9.22629 11.3623 11.3617 9.22629 9.22657 9.22459 9.22629 6.61922 6.62145 9.22629 9.22657 6.62145 6.62211 11.3617 11.3598 9.22657 9.2246 11.3598 11.3581 9.2246 9.22231 9.22657 9.2246 6.62211 6.61999 9.2246 9.22231 6.61999 6.61598 6.61922 6.62145 3.54514 3.54679 6.62145 6.62211 3.54679 3.54734 3.54514 3.54679 6.06224e-09 4.21367e-09 3.54679 3.54734 4.21367e-09 2.68258e-09 6.62211 6.61999 3.54734 3.54579 6.61999 6.61598 3.54579 3.53971 3.54734 3.54579 2.68258e-09 1.37417e-09 3.54579 3.53971 1.37417e-09 0 0 -1.3569e-09 0 -1.16608e-09 -1.3569e-09 -2.67989e-09 -1.16608e-09 -2.51584e-09 0 -1.16608e-09 0 -1.00334e-09 -1.16608e-09 -2.51584e-09 -1.00334e-09 -2.28591e-09 -2.67989e-09 -4.22097e-09 -2.51584e-09 -4.0248e-09 -4.22097e-09 -6.07228e-09 -4.0248e-09 -5.81219e-09 -2.51584e-09 -4.0248e-09 -2.28591e-09 -3.70934e-09 -4.0248e-09 -5.81219e-09 -3.70934e-09 -5.37998e-09 0 -1.00334e-09 0 -8.61713e-10 -1.00334e-09 -2.28591e-09 -8.61713e-10 -2.00101e-09 0 -8.61713e-10 0 -7.20094e-10 -8.61713e-10 -2.00101e-09 -7.20094e-10 -1.67187e-09 -2.28591e-09 -3.70934e-09 -2.00101e-09 -3.28685e-09 -3.70934e-09 -5.37998e-09 -3.28685e-09 -4.78763e-09 -2.00101e-09 -3.28685e-09 -1.67187e-09 -2.76943e-09 -3.28685e-09 -4.78763e-09 -2.76943e-09 -4.05005e-09 -6.07228e-09 -8.35044e-09 -5.81219e-09 -8.00339e-09 -8.35044e-09 -1.12262e-08 -8.00339e-09 -1.07602e-08 -5.81219e-09 -8.00339e-09 -5.37998e-09 -7.41508e-09 -8.00339e-09 -1.07602e-08 -7.41508e-09 -9.95524e-09 -1.12262e-08 -1.49606e-08 -1.07602e-08 -1.43068e-08 -1.49606e-08 -1.99468e-08 -1.43068e-08 -1.89428e-08 -1.07602e-08 -1.43068e-08 -9.95524e-09 -1.31762e-08 -1.43068e-08 -1.89428e-08 -1.31762e-08 -1.72852e-08 -5.37998e-09 -7.41508e-09 -4.78763e-09 -6.60248e-09 -7.41508e-09 -9.95524e-09 -6.60248e-09 -8.84395e-09 -4.78763e-09 -6.60248e-09 -4.05005e-09 -5.58748e-09 -6.60248e-09 -8.84395e-09 -5.58748e-09 -7.46409e-09 -9.95524e-09 -1.31762e-08 -8.84395e-09 -1.16376e-08 -1.31762e-08 -1.72852e-08 -1.16376e-08 -1.51107e-08 -8.84395e-09 -1.16376e-08 -7.46409e-09 -9.75997e-09 -1.16376e-08 -1.51107e-08 -9.75997e-09 -1.25395e-08 0 -7.20094e-10 0 -5.68765e-10 -7.20094e-10 -1.67187e-09 -5.68765e-10 -1.30222e-09 0 -5.68765e-10 0 -4.02134e-10 -5.68765e-10 -1.30222e-09 -4.02134e-10 -8.95268e-10 -1.67187e-09 -2.76943e-09 -1.30222e-09 -2.16912e-09 -2.76943e-09 -4.05005e-09 -2.16912e-09 -3.18413e-09 -1.30222e-09 -2.16912e-09 -8.95268e-10 -1.49829e-09 -2.16912e-09 -3.18413e-09 -1.49829e-09 -2.20792e-09 0 -4.02134e-10 0 -2.14139e-10 -4.02134e-10 -8.95268e-10 -2.14139e-10 -4.57518e-10 0 -2.14139e-10 0 0 -2.14139e-10 -4.57518e-10 0 0 -8.95268e-10 -1.49829e-09 -4.57518e-10 -7.70331e-10 -1.49829e-09 -2.20792e-09 -7.70331e-10 -1.14017e-09 -4.57518e-10 -7.70331e-10 0 0 -7.70331e-10 -1.14017e-09 0 0 -4.05005e-09 -5.58748e-09 -3.18413e-09 -4.39455e-09 -5.58748e-09 -7.46409e-09 -4.39455e-09 -5.85451e-09 -3.18413e-09 -4.39455e-09 -2.20792e-09 -3.04906e-09 -4.39455e-09 -5.85451e-09 -3.04906e-09 -4.05233e-09 -7.46409e-09 -9.75997e-09 -5.85451e-09 -7.6072e-09 -9.75997e-09 -1.25395e-08 -7.6072e-09 -9.67239e-09 -5.85451e-09 -7.6072e-09 -4.05233e-09 -5.23479e-09 -7.6072e-09 -9.67239e-09 -5.23479e-09 -6.59001e-09 -2.20792e-09 -3.04906e-09 -1.14017e-09 -1.57611e-09 -3.04906e-09 -4.05233e-09 -1.57611e-09 -2.09109e-09 -1.14017e-09 -1.57611e-09 0 0 -1.57611e-09 -2.09109e-09 0 0 -4.05233e-09 -5.23479e-09 -2.09109e-09 -2.68783e-09 -5.23479e-09 -6.59001e-09 -2.68783e-09 -3.35265e-09 -2.09109e-09 -2.68783e-09 0 0 -2.68783e-09 -3.35265e-09 0 0 -1.99468e-08 -2.6694e-08 -1.89428e-08 -2.49918e-08 -2.6694e-08 -3.55851e-08 -2.49918e-08 -3.25672e-08 -1.89428e-08 -2.49918e-08 -1.72852e-08 -2.24648e-08 -2.49918e-08 -3.25672e-08 -2.24648e-08 -2.86878e-08 -3.55851e-08 -4.61765e-08 -3.25672e-08 -4.10318e-08 -4.61765e-08 -5.60958e-08 -4.10318e-08 -4.8274e-08 -3.25672e-08 -4.10318e-08 -2.86878e-08 -3.53247e-08 -4.10318e-08 -4.8274e-08 -3.53247e-08 -4.0646e-08 -1.72852e-08 -2.24648e-08 -1.51107e-08 -1.93482e-08 -2.24648e-08 -2.86878e-08 -1.93482e-08 -2.42652e-08 -1.51107e-08 -1.93482e-08 -1.25395e-08 -1.58248e-08 -1.93482e-08 -2.42652e-08 -1.58248e-08 -1.95211e-08 -2.86878e-08 -3.53247e-08 -2.42652e-08 -2.9335e-08 -3.53247e-08 -4.0646e-08 -2.9335e-08 -3.32255e-08 -2.42652e-08 -2.9335e-08 -1.95211e-08 -2.32382e-08 -2.9335e-08 -3.32255e-08 -2.32382e-08 -2.60143e-08 -5.60958e-08 -6.04304e-08 -4.8274e-08 -5.04809e-08 -6.04304e-08 -5.32134e-08 -5.04809e-08 -4.34169e-08 -4.8274e-08 -5.04809e-08 -4.0646e-08 -4.17124e-08 -5.04809e-08 -4.34169e-08 -4.17124e-08 -3.53783e-08 -5.32134e-08 -3.15309e-08 -4.34169e-08 -2.53381e-08 -3.15309e-08 4.91525e-10 -2.53381e-08 4.14827e-10 -4.34169e-08 -2.53381e-08 -3.53783e-08 -2.04684e-08 -2.53381e-08 4.14827e-10 -2.04684e-08 3.43598e-10 -4.0646e-08 -4.17124e-08 -3.32255e-08 -3.37009e-08 -4.17124e-08 -3.53783e-08 -3.37009e-08 -2.83661e-08 -3.32255e-08 -3.37009e-08 -2.60143e-08 -2.61991e-08 -3.37009e-08 -2.83661e-08 -2.61991e-08 -2.19745e-08 -3.53783e-08 -2.04684e-08 -2.83661e-08 -1.63411e-08 -2.04684e-08 3.43598e-10 -1.63411e-08 2.77366e-10 -2.83661e-08 -1.63411e-08 -2.19745e-08 -1.26412e-08 -1.63411e-08 2.77366e-10 -1.26412e-08 2.15479e-10 -1.25395e-08 -1.58248e-08 -9.67239e-09 -1.20356e-08 -1.58248e-08 -1.95211e-08 -1.20356e-08 -1.46161e-08 -9.67239e-09 -1.20356e-08 -6.59001e-09 -8.08778e-09 -1.20356e-08 -1.46161e-08 -8.08778e-09 -9.67e-09 -1.95211e-08 -2.32382e-08 -1.46161e-08 -1.71587e-08 -2.32382e-08 -2.60143e-08 -1.71587e-08 -1.90282e-08 -1.46161e-08 -1.71587e-08 -9.67e-09 -1.11971e-08 -1.71587e-08 -1.90282e-08 -1.11971e-08 -1.23089e-08 -6.59001e-09 -8.08778e-09 -3.35265e-09 -4.05885e-09 -8.08778e-09 -9.67e-09 -4.05885e-09 -4.77425e-09 -3.35265e-09 -4.05885e-09 0 0 -4.05885e-09 -4.77425e-09 0 0 -9.67e-09 -1.11971e-08 -4.77425e-09 -5.44571e-09 -1.11971e-08 -1.23089e-08 -5.44571e-09 -5.92947e-09 -4.77425e-09 -5.44571e-09 0 0 -5.44571e-09 -5.92947e-09 0 0 -2.60143e-08 -2.61991e-08 -1.90282e-08 -1.90786e-08 -2.61991e-08 -2.19745e-08 -1.90786e-08 -1.59868e-08 -1.90282e-08 -1.90786e-08 -1.23089e-08 -1.23031e-08 -1.90786e-08 -1.59868e-08 -1.23031e-08 -1.03154e-08 -2.19745e-08 -1.26412e-08 -1.59868e-08 -9.20044e-09 -1.26412e-08 2.15479e-10 -9.20044e-09 1.57293e-10 -1.59868e-08 -9.20044e-09 -1.03154e-08 -5.94612e-09 -9.20044e-09 1.57293e-10 -5.94612e-09 1.0225e-10 -1.23089e-08 -1.23031e-08 -5.92947e-09 -5.90997e-09 -1.23031e-08 -1.03154e-08 -5.90997e-09 -4.96352e-09 -5.92947e-09 -5.90997e-09 0 0 -5.90997e-09 -4.96352e-09 0 0 -1.03154e-08 -5.94612e-09 -4.96352e-09 -2.86877e-09 -5.94612e-09 1.0225e-10 -2.86877e-09 4.99201e-11 -4.96352e-09 -2.86877e-09 0 0 -2.86877e-09 4.99201e-11 0 0 4.91525e-10 3.24577e-08 4.14827e-10 2.61223e-08 3.24577e-08 5.39926e-08 2.61223e-08 4.40814e-08 4.14827e-10 2.61223e-08 3.43598e-10 2.11195e-08 2.61223e-08 4.40814e-08 2.11195e-08 3.59341e-08 5.39926e-08 6.10204e-08 4.40814e-08 5.09911e-08 6.10204e-08 5.65045e-08 5.09911e-08 4.86341e-08 4.40814e-08 5.09911e-08 3.59341e-08 4.21441e-08 5.09911e-08 4.86341e-08 4.21441e-08 4.09551e-08 3.43598e-10 2.11195e-08 2.77366e-10 1.68678e-08 2.11195e-08 3.59341e-08 1.68678e-08 2.88184e-08 2.77366e-10 1.68678e-08 2.15479e-10 1.3051e-08 1.68678e-08 2.88184e-08 1.3051e-08 2.23279e-08 3.59341e-08 4.21441e-08 2.88184e-08 3.40555e-08 4.21441e-08 4.09551e-08 3.40555e-08 3.34821e-08 2.88184e-08 3.40555e-08 2.23279e-08 2.64779e-08 3.40555e-08 3.34821e-08 2.64779e-08 2.62176e-08 5.65045e-08 4.64401e-08 4.86341e-08 4.12688e-08 4.64401e-08 3.57456e-08 4.12688e-08 3.27141e-08 4.86341e-08 4.12688e-08 4.09551e-08 3.55312e-08 4.12688e-08 3.27141e-08 3.55312e-08 2.88172e-08 3.57456e-08 2.67862e-08 3.27141e-08 2.50773e-08 2.67862e-08 1.99951e-08 2.50773e-08 1.89878e-08 3.27141e-08 2.50773e-08 2.88172e-08 2.25405e-08 2.50773e-08 1.89878e-08 2.25405e-08 1.73249e-08 4.09551e-08 3.55312e-08 3.34821e-08 2.95082e-08 3.55312e-08 2.88172e-08 2.95082e-08 2.43746e-08 3.34821e-08 2.95082e-08 2.62176e-08 2.33763e-08 2.95082e-08 2.43746e-08 2.33763e-08 1.96086e-08 2.88172e-08 2.25405e-08 2.43746e-08 1.94121e-08 2.25405e-08 1.73249e-08 1.94121e-08 1.51438e-08 2.43746e-08 1.94121e-08 1.96086e-08 1.58756e-08 1.94121e-08 1.51438e-08 1.58756e-08 1.25652e-08 2.15479e-10 1.3051e-08 1.57293e-10 9.49981e-09 1.3051e-08 2.23279e-08 9.49981e-09 1.62457e-08 1.57293e-10 9.49981e-09 1.0225e-10 6.14075e-09 9.49981e-09 1.62457e-08 6.14075e-09 1.04838e-08 2.23279e-08 2.64779e-08 1.62457e-08 1.92836e-08 2.64779e-08 2.62176e-08 1.92836e-08 1.91784e-08 1.62457e-08 1.92836e-08 1.04838e-08 1.24367e-08 1.92836e-08 1.91784e-08 1.24367e-08 1.2407e-08 1.0225e-10 6.14075e-09 4.99201e-11 2.96373e-09 6.14075e-09 1.04838e-08 2.96373e-09 5.04557e-09 4.99201e-11 2.96373e-09 0 0 2.96373e-09 5.04557e-09 0 0 1.04838e-08 1.24367e-08 5.04557e-09 5.97503e-09 1.24367e-08 1.2407e-08 5.97503e-09 5.97727e-09 5.04557e-09 5.97503e-09 0 0 5.97503e-09 5.97727e-09 0 0 2.62176e-08 2.33763e-08 1.91784e-08 1.72612e-08 2.33763e-08 1.96086e-08 1.72612e-08 1.46809e-08 1.91784e-08 1.72612e-08 1.2407e-08 1.12641e-08 1.72612e-08 1.46809e-08 1.12641e-08 9.71221e-09 1.96086e-08 1.58756e-08 1.46809e-08 1.20729e-08 1.58756e-08 1.25652e-08 1.20729e-08 9.69052e-09 1.46809e-08 1.20729e-08 9.71221e-09 8.11159e-09 1.20729e-08 9.69052e-09 8.11159e-09 6.60095e-09 1.2407e-08 1.12641e-08 5.97727e-09 5.47834e-09 1.12641e-08 9.71221e-09 5.47834e-09 4.79466e-09 5.97727e-09 5.47834e-09 0 0 5.47834e-09 4.79466e-09 0 0 9.71221e-09 8.11159e-09 4.79466e-09 4.07005e-09 8.11159e-09 6.60095e-09 4.07005e-09 3.35737e-09 4.79466e-09 4.07005e-09 0 0 4.07005e-09 3.35737e-09 0 0 1.99951e-08 1.49811e-08 1.89878e-08 1.43259e-08 1.49811e-08 1.12295e-08 1.43259e-08 1.07632e-08 1.89878e-08 1.43259e-08 1.73249e-08 1.31927e-08 1.43259e-08 1.07632e-08 1.31927e-08 9.95712e-09 1.12295e-08 8.34399e-09 1.07632e-08 7.99721e-09 8.34399e-09 6.06224e-09 7.99721e-09 5.80223e-09 1.07632e-08 7.99721e-09 9.95712e-09 7.40852e-09 7.99721e-09 5.80223e-09 7.40852e-09 5.36932e-09 1.73249e-08 1.31927e-08 1.51438e-08 1.16506e-08 1.31927e-08 9.95712e-09 1.16506e-08 8.84431e-09 1.51438e-08 1.16506e-08 1.25652e-08 9.76916e-09 1.16506e-08 8.84431e-09 9.76916e-09 7.46287e-09 9.95712e-09 7.40852e-09 8.84431e-09 6.59529e-09 7.40852e-09 5.36932e-09 6.59529e-09 4.77612e-09 8.84431e-09 6.59529e-09 7.46287e-09 5.57983e-09 6.59529e-09 4.77612e-09 5.57983e-09 4.03814e-09 6.06224e-09 4.21367e-09 5.80223e-09 4.01576e-09 4.21367e-09 2.68258e-09 4.01576e-09 2.51155e-09 5.80223e-09 4.01576e-09 5.36932e-09 3.69767e-09 4.01576e-09 2.51155e-09 3.69767e-09 2.27508e-09 2.68258e-09 1.37417e-09 2.51155e-09 1.16625e-09 1.37417e-09 0 1.16625e-09 0 2.51155e-09 1.16625e-09 2.27508e-09 9.92805e-10 1.16625e-09 0 9.92805e-10 0 5.36932e-09 3.69767e-09 4.77612e-09 3.27272e-09 3.69767e-09 2.27508e-09 3.27272e-09 1.98493e-09 4.77612e-09 3.27272e-09 4.03814e-09 2.75384e-09 3.27272e-09 1.98493e-09 2.75384e-09 1.6528e-09 2.27508e-09 9.92805e-10 1.98493e-09 8.45878e-10 9.92805e-10 0 8.45878e-10 0 1.98493e-09 8.45878e-10 1.6528e-09 7.01944e-10 8.45878e-10 0 7.01944e-10 0 1.25652e-08 9.76916e-09 9.69052e-09 7.61272e-09 9.76916e-09 7.46287e-09 7.61272e-09 5.85207e-09 9.69052e-09 7.61272e-09 6.60095e-09 5.23724e-09 7.61272e-09 5.85207e-09 5.23724e-09 4.04941e-09 7.46287e-09 5.57983e-09 5.85207e-09 4.38703e-09 5.57983e-09 4.03814e-09 4.38703e-09 3.17278e-09 5.85207e-09 4.38703e-09 4.04941e-09 3.04264e-09 4.38703e-09 3.17278e-09 3.04264e-09 2.19856e-09 6.60095e-09 5.23724e-09 3.35737e-09 2.68827e-09 5.23724e-09 4.04941e-09 2.68827e-09 2.08887e-09 3.35737e-09 2.68827e-09 0 0 2.68827e-09 2.08887e-09 0 0 4.04941e-09 3.04264e-09 2.08887e-09 1.57211e-09 3.04264e-09 2.19856e-09 1.57211e-09 1.13453e-09 2.08887e-09 1.57211e-09 0 0 1.57211e-09 1.13453e-09 0 0 4.03814e-09 2.75384e-09 3.17278e-09 2.15378e-09 2.75384e-09 1.6528e-09 2.15378e-09 1.28281e-09 3.17278e-09 2.15378e-09 2.19856e-09 1.48542e-09 2.15378e-09 1.28281e-09 1.48542e-09 8.78538e-10 1.6528e-09 7.01944e-10 1.28281e-09 5.50412e-10 7.01944e-10 0 5.50412e-10 0 1.28281e-09 5.50412e-10 8.78538e-10 3.85761e-10 5.50412e-10 0 3.85761e-10 0 2.19856e-09 1.48542e-09 1.13453e-09 7.62507e-10 1.48542e-09 8.78538e-10 7.62507e-10 4.47031e-10 1.13453e-09 7.62507e-10 0 0 7.62507e-10 4.47031e-10 0 0 8.78538e-10 3.85761e-10 4.47031e-10 2.03029e-10 3.85761e-10 0 2.03029e-10 0 4.47031e-10 2.03029e-10 0 0 2.03029e-10 0 0 0 
SCALARS y_velo double 1
LOOKUP_TABLE default
0 0 0 -9.04635e-11 0 0 -9.04635e-11 -7.49987e-11 0 -9.04635e-11 0 -1.10522e-10 -9.04635e-11 -7.49987e-11 -1.10522e-10 -5.72462e-11 0 0 -7.49987e-11 -7.12726e-11 0 0 -7.12726e-11 -8.1235e-11 -7.49987e-11 -7.12726e-11 -5.72462e-11 -3.29318e-11 -7.12726e-11 -8.1235e-11 -3.29318e-11 -3.37265e-11 0 -1.10522e-10 0 -5.47262e-11 -1.10522e-10 -5.72462e-11 -5.47262e-11 4.81655e-11 0 -5.47262e-11 0 7.1148e-11 -5.47262e-11 4.81655e-11 7.1148e-11 2.3467e-10 -5.72462e-11 -3.29318e-11 4.81655e-11 1.05254e-10 -3.29318e-11 -3.37265e-11 1.05254e-10 1.31656e-10 4.81655e-11 1.05254e-10 2.3467e-10 3.31882e-10 1.05254e-10 1.31656e-10 3.31882e-10 4.02022e-10 0 0 -8.1235e-11 -1.026e-10 0 0 -1.026e-10 -1.36338e-10 -8.1235e-11 -1.026e-10 -3.37265e-11 -5.17123e-11 -1.026e-10 -1.36338e-10 -5.17123e-11 -8.97358e-11 0 0 -1.36338e-10 -1.82253e-10 0 0 -1.82253e-10 -2.30009e-10 -1.36338e-10 -1.82253e-10 -8.97358e-11 -1.50087e-10 -1.82253e-10 -2.30009e-10 -1.50087e-10 -2.12207e-10 -3.37265e-11 -5.17123e-11 1.31656e-10 1.42182e-10 -5.17123e-11 -8.97358e-11 1.42182e-10 1.32244e-10 1.31656e-10 1.42182e-10 4.02022e-10 4.66307e-10 1.42182e-10 1.32244e-10 4.66307e-10 5.19526e-10 -8.97358e-11 -1.50087e-10 1.32244e-10 9.69289e-11 -1.50087e-10 -2.12207e-10 9.69289e-11 6.85289e-11 1.32244e-10 9.69289e-11 5.19526e-10 5.56198e-10 9.69289e-11 6.85289e-11 5.56198e-10 6.23052e-10 0 7.1148e-11 0 2.62897e-10 7.1148e-11 2.3467e-10 2.62897e-10 4.91598e-10 0 2.62897e-10 0 5.1909e-10 2.62897e-10 4.91598e-10 5.1909e-10 8.03104e-10 2.3467e-10 3.31882e-10 4.91598e-10 6.33256e-10 3.31882e-10 4.02022e-10 6.33256e-10 7.62287e-10 4.91598e-10 6.33256e-10 8.03104e-10 9.935e-10 6.33256e-10 7.62287e-10 9.935e-10 1.19513e-09 0 5.1909e-10 0 8.35541e-10 5.1909e-10 8.03104e-10 8.35541e-10 1.14785e-09 0 8.35541e-10 0 1.14778e-09 8.35541e-10 1.14785e-09 1.14778e-09 1.50752e-09 8.03104e-10 9.935e-10 1.14785e-09 1.39506e-09 9.935e-10 1.19513e-09 1.39506e-09 1.68121e-09 1.14785e-09 1.39506e-09 1.50752e-09 1.8201e-09 1.39506e-09 1.68121e-09 1.8201e-09 2.19937e-09 4.02022e-10 4.66307e-10 7.62287e-10 9.04857e-10 4.66307e-10 5.19526e-10 9.04857e-10 1.0576e-09 7.62287e-10 9.04857e-10 1.19513e-09 1.43837e-09 9.04857e-10 1.0576e-09 1.43837e-09 1.72569e-09 5.19526e-10 5.56198e-10 1.0576e-09 1.21884e-09 5.56198e-10 6.23052e-10 1.21884e-09 1.45439e-09 1.0576e-09 1.21884e-09 1.72569e-09 2.06629e-09 1.21884e-09 1.45439e-09 2.06629e-09 2.55325e-09 1.19513e-09 1.43837e-09 1.68121e-09 2.04329e-09 1.43837e-09 1.72569e-09 2.04329e-09 2.49514e-09 1.68121e-09 2.04329e-09 2.19937e-09 2.69153e-09 2.04329e-09 2.49514e-09 2.69153e-09 3.32749e-09 1.72569e-09 2.06629e-09 2.49514e-09 3.06653e-09 2.06629e-09 2.55325e-09 3.06653e-09 3.89174e-09 2.49514e-09 3.06653e-09 3.32749e-09 4.16936e-09 3.06653e-09 3.89174e-09 4.16936e-09 5.41447e-09 0 0 -2.30009e-10 -2.4691e-10 0 0 -2.4691e-10 -1.70359e-10 -2.30009e-10 -2.4691e-10 -2.12207e-10 -1.98312e-10 -2.4691e-10 -1.70359e-10 -1.98312e-10 5.65989e-11 0 0 -1.70359e-10 7.88438e-11 0 0 7.88438e-11 5.52026e-10 -1.70359e-10 7.88438e-11 5.65989e-11 7.85774e-10 7.88438e-11 5.52026e-10 7.85774e-10 2.17794e-09 -2.12207e-10 -1.98312e-10 6.85289e-11 1.79502e-10 -1.98312e-10 5.65989e-11 1.79502e-10 7.27518e-10 6.85289e-11 1.79502e-10 6.23052e-10 9.14011e-10 1.79502e-10 7.27518e-10 9.14011e-10 1.88127e-09 5.65989e-11 7.85774e-10 7.27518e-10 2.16254e-09 7.85774e-10 2.17794e-09 2.16254e-09 4.89359e-09 7.27518e-10 2.16254e-09 1.88127e-09 4.24418e-09 2.16254e-09 4.89359e-09 4.24418e-09 8.71312e-09 0 0 5.52026e-10 1.21571e-09 0 0 1.21571e-09 1.92849e-09 5.52026e-10 1.21571e-09 2.17794e-09 4.19417e-09 1.21571e-09 1.92849e-09 4.19417e-09 6.44013e-09 0 0 1.92849e-09 2.48238e-09 0 0 2.48238e-09 2.69175e-09 1.92849e-09 2.48238e-09 6.44013e-09 8.23918e-09 2.48238e-09 2.69175e-09 8.23918e-09 8.9319e-09 2.17794e-09 4.19417e-09 4.89359e-09 8.91799e-09 4.19417e-09 6.44013e-09 8.91799e-09 1.34972e-08 4.89359e-09 8.91799e-09 8.71312e-09 1.53755e-08 8.91799e-09 1.34972e-08 1.53755e-08 2.30735e-08 6.44013e-09 8.23918e-09 1.34972e-08 1.72305e-08 8.23918e-09 8.9319e-09 1.72305e-08 1.86831e-08 1.34972e-08 1.72305e-08 2.30735e-08 2.94304e-08 1.72305e-08 1.86831e-08 2.94304e-08 3.19227e-08 6.23052e-10 9.14011e-10 1.45439e-09 2.02525e-09 9.14011e-10 1.88127e-09 2.02525e-09 3.55327e-09 1.45439e-09 2.02525e-09 2.55325e-09 3.52264e-09 2.02525e-09 3.55327e-09 3.52264e-09 5.77802e-09 1.88127e-09 4.24418e-09 3.55327e-09 7.06948e-09 4.24418e-09 8.71312e-09 7.06948e-09 1.36613e-08 3.55327e-09 7.06948e-09 5.77802e-09 1.0693e-08 7.06948e-09 1.36613e-08 1.0693e-08 1.97926e-08 2.55325e-09 3.52264e-09 3.89174e-09 5.39827e-09 3.52264e-09 5.77802e-09 5.39827e-09 8.58871e-09 3.89174e-09 5.39827e-09 5.41447e-09 7.61585e-09 5.39827e-09 8.58871e-09 7.61585e-09 1.2014e-08 5.77802e-09 1.0693e-08 8.58871e-09 1.52002e-08 1.0693e-08 1.97926e-08 1.52002e-08 2.72232e-08 8.58871e-09 1.52002e-08 1.2014e-08 2.07286e-08 1.52002e-08 2.72232e-08 2.07286e-08 3.61831e-08 8.71312e-09 1.53755e-08 1.36613e-08 2.35672e-08 1.53755e-08 2.30735e-08 2.35672e-08 3.51508e-08 1.36613e-08 2.35672e-08 1.97926e-08 3.35219e-08 2.35672e-08 3.51508e-08 3.35219e-08 4.97168e-08 2.30735e-08 2.94304e-08 3.51508e-08 4.48139e-08 2.94304e-08 3.19227e-08 4.48139e-08 4.8625e-08 3.51508e-08 4.48139e-08 4.97168e-08 6.33341e-08 4.48139e-08 4.8625e-08 6.33341e-08 6.87303e-08 1.97926e-08 3.35219e-08 2.72232e-08 4.53268e-08 3.35219e-08 4.97168e-08 4.53268e-08 6.67682e-08 2.72232e-08 4.53268e-08 3.61831e-08 5.9184e-08 4.53268e-08 6.67682e-08 5.9184e-08 8.6316e-08 4.97168e-08 6.33341e-08 6.67682e-08 8.4885e-08 6.33341e-08 6.87303e-08 8.4885e-08 9.20881e-08 6.67682e-08 8.4885e-08 8.6316e-08 1.09234e-07 8.4885e-08 9.20881e-08 1.09234e-07 1.18356e-07 0 0 2.69175e-09 2.48236e-09 0 0 2.48236e-09 1.92907e-09 2.69175e-09 2.48236e-09 8.9319e-09 8.24238e-09 2.48236e-09 1.92907e-09 8.24238e-09 6.44656e-09 0 0 1.92907e-09 1.21761e-09 0 0 1.21761e-09 5.55646e-10 1.92907e-09 1.21761e-09 6.44656e-09 4.20377e-09 1.21761e-09 5.55646e-10 4.20377e-09 2.19055e-09 8.9319e-09 8.24238e-09 1.86831e-08 1.72405e-08 8.24238e-09 6.44656e-09 1.72405e-08 1.35153e-08 1.86831e-08 1.72405e-08 3.19227e-08 2.94512e-08 1.72405e-08 1.35153e-08 2.94512e-08 2.311e-08 6.44656e-09 4.20377e-09 1.35153e-08 8.94187e-09 4.20377e-09 2.19055e-09 8.94187e-09 4.92122e-09 1.35153e-08 8.94187e-09 2.311e-08 1.54209e-08 8.94187e-09 4.92122e-09 1.54209e-08 8.76237e-09 0 0 5.55646e-10 8.42558e-11 0 0 8.42558e-11 -1.63219e-10 5.55646e-10 8.42558e-11 2.19055e-09 8.01171e-10 8.42558e-11 -1.63219e-10 8.01171e-10 7.46145e-11 0 0 -1.63219e-10 -2.38086e-10 0 0 -2.38086e-10 -2.1952e-10 -1.63219e-10 -2.38086e-10 7.46145e-11 -1.7775e-10 -2.38086e-10 -2.1952e-10 -1.7775e-10 -1.89103e-10 2.19055e-09 8.01171e-10 4.92122e-09 2.19289e-09 8.01171e-10 7.46145e-11 2.19289e-09 7.60258e-10 4.92122e-09 2.19289e-09 8.76237e-09 4.29478e-09 2.19289e-09 7.60258e-10 4.29478e-09 1.93269e-09 7.46145e-11 -1.7775e-10 7.60258e-10 2.14666e-10 -1.7775e-10 -1.89103e-10 2.14666e-10 1.06286e-10 7.60258e-10 2.14666e-10 1.93269e-09 9.66614e-10 2.14666e-10 1.06286e-10 9.66614e-10 6.7743e-10 3.19227e-08 2.94512e-08 4.8625e-08 4.48501e-08 2.94512e-08 2.311e-08 4.48501e-08 3.5213e-08 4.8625e-08 4.48501e-08 6.87303e-08 6.33908e-08 4.48501e-08 3.5213e-08 6.33908e-08 4.98131e-08 2.311e-08 1.54209e-08 3.5213e-08 2.36423e-08 1.54209e-08 8.76237e-09 2.36423e-08 1.37393e-08 3.5213e-08 2.36423e-08 4.98131e-08 3.36355e-08 2.36423e-08 1.37393e-08 3.36355e-08 1.99071e-08 6.87303e-08 6.33908e-08 9.20881e-08 8.49682e-08 6.33908e-08 4.98131e-08 8.49682e-08 6.69082e-08 9.20881e-08 8.49682e-08 1.18356e-07 1.09351e-07 8.49682e-08 6.69082e-08 1.09351e-07 8.65106e-08 4.98131e-08 3.36355e-08 6.69082e-08 4.5489e-08 3.36355e-08 1.99071e-08 4.5489e-08 2.73825e-08 6.69082e-08 4.5489e-08 8.65106e-08 5.9406e-08 4.5489e-08 2.73825e-08 5.9406e-08 3.63963e-08 8.76237e-09 4.29478e-09 1.37393e-08 7.1459e-09 4.29478e-09 1.93269e-09 7.1459e-09 3.6274e-09 1.37393e-08 7.1459e-09 1.99071e-08 1.08011e-08 7.1459e-09 3.6274e-09 1.08011e-08 5.87894e-09 1.93269e-09 9.66614e-10 3.6274e-09 2.0981e-09 9.66614e-10 6.7743e-10 2.0981e-09 1.52729e-09 3.6274e-09 2.0981e-09 5.87894e-09 3.61849e-09 2.0981e-09 1.52729e-09 3.61849e-09 2.64652e-09 1.99071e-08 1.08011e-08 2.73825e-08 1.5346e-08 1.08011e-08 5.87894e-09 1.5346e-08 8.72053e-09 2.73825e-08 1.5346e-08 3.63963e-08 2.09184e-08 1.5346e-08 8.72053e-09 2.09184e-08 1.21808e-08 5.87894e-09 3.61849e-09 8.72053e-09 5.51982e-09 3.61849e-09 2.64652e-09 5.51982e-09 4.00713e-09 8.72053e-09 5.51982e-09 1.21808e-08 7.76564e-09 5.51982e-09 4.00713e-09 7.76564e-09 5.55359e-09 0 0 -2.1952e-10 -1.70141e-10 0 0 -1.70141e-10 -1.22689e-10 -2.1952e-10 -1.70141e-10 -1.89103e-10 -1.24445e-10 -1.70141e-10 -1.22689e-10 -1.24445e-10 -6.15859e-11 0 0 -1.22689e-10 -8.75405e-11 0 0 -8.75405e-11 -6.49964e-11 -1.22689e-10 -8.75405e-11 -6.15859e-11 -2.11183e-11 -8.75405e-11 -6.49964e-11 -2.11183e-11 -9.25104e-13 -1.89103e-10 -1.24445e-10 1.06286e-10 1.37452e-10 -1.24445e-10 -6.15859e-11 1.37452e-10 1.75682e-10 1.06286e-10 1.37452e-10 6.7743e-10 6.12886e-10 1.37452e-10 1.75682e-10 6.12886e-10 5.78979e-10 -6.15859e-11 -2.11183e-11 1.75682e-10 1.88667e-10 -2.11183e-11 -9.25104e-13 1.88667e-10 1.81101e-10 1.75682e-10 1.88667e-10 5.78979e-10 5.28944e-10 1.88667e-10 1.81101e-10 5.28944e-10 4.68e-10 0 0 -6.49964e-11 -5.44512e-11 0 0 -5.44512e-11 -5.90789e-11 -6.49964e-11 -5.44512e-11 -9.25104e-13 1.0797e-12 -5.44512e-11 -5.90789e-11 1.0797e-12 -2.51345e-11 0 0 -5.90789e-11 -7.82365e-11 0 0 -7.82365e-11 0 -5.90789e-11 -7.82365e-11 -2.51345e-11 -8.70687e-11 -7.82365e-11 0 -8.70687e-11 0 -9.25104e-13 1.0797e-12 1.81101e-10 1.5644e-10 1.0797e-12 -2.51345e-11 1.5644e-10 9.64207e-11 1.81101e-10 1.5644e-10 4.68e-10 3.99935e-10 1.5644e-10 9.64207e-11 3.99935e-10 2.98891e-10 -2.51345e-11 -8.70687e-11 9.64207e-11 -2.09004e-11 -8.70687e-11 0 -2.09004e-11 0 9.64207e-11 -2.09004e-11 2.98891e-10 1.15418e-10 -2.09004e-11 0 1.15418e-10 0 6.7743e-10 6.12886e-10 1.52729e-09 1.29292e-09 6.12886e-10 5.78979e-10 1.29292e-09 1.13375e-09 1.52729e-09 1.29292e-09 2.64652e-09 2.15895e-09 1.29292e-09 1.13375e-09 2.15895e-09 1.81922e-09 5.78979e-10 5.28944e-10 1.13375e-09 9.8385e-10 5.28944e-10 4.68e-10 9.8385e-10 8.44567e-10 1.13375e-09 9.8385e-10 1.81922e-09 1.53392e-09 9.8385e-10 8.44567e-10 1.53392e-09 1.29343e-09 2.64652e-09 2.15895e-09 4.00713e-09 3.1789e-09 2.15895e-09 1.81922e-09 3.1789e-09 2.6067e-09 4.00713e-09 3.1789e-09 5.55359e-09 4.30249e-09 3.1789e-09 2.6067e-09 4.30249e-09 3.45775e-09 1.81922e-09 1.53392e-09 2.6067e-09 2.15565e-09 1.53392e-09 1.29343e-09 2.15565e-09 1.7953e-09 2.6067e-09 2.15565e-09 3.45775e-09 2.82099e-09 2.15565e-09 1.7953e-09 2.82099e-09 2.32912e-09 4.68e-10 3.99935e-10 8.44567e-10 7.17643e-10 3.99935e-10 2.98891e-10 7.17643e-10 5.71516e-10 8.44567e-10 7.17643e-10 1.29343e-09 1.09353e-09 7.17643e-10 5.71516e-10 1.09353e-09 8.98152e-10 2.98891e-10 1.15418e-10 5.71516e-10 3.18494e-10 1.15418e-10 0 3.18494e-10 0 5.71516e-10 3.18494e-10 8.98152e-10 5.87599e-10 3.18494e-10 0 5.87599e-10 0 1.29343e-09 1.09353e-09 1.7953e-09 1.50994e-09 1.09353e-09 8.98152e-10 1.50994e-09 1.2569e-09 1.7953e-09 1.50994e-09 2.32912e-09 1.9491e-09 1.50994e-09 1.2569e-09 1.9491e-09 1.62905e-09 8.98152e-10 5.87599e-10 1.2569e-09 9.18629e-10 5.87599e-10 0 9.18629e-10 0 1.2569e-09 9.18629e-10 1.62905e-09 1.24235e-09 9.18629e-10 0 1.24235e-09 0 0 1.14778e-09 0 -0.00412906 1.14778e-09 1.50752e-09 -0.00412906 -0.00174526 0 -0.00412906 0 -0.00726314 -0.00412906 -0.00174526 -0.00726314 -0.00414273 1.50752e-09 1.8201e-09 -0.00174526 -9.67887e-05 1.8201e-09 2.19937e-09 -9.67887e-05 0.000820566 -0.00174526 -9.67887e-05 -0.00414273 -0.00146304 -9.67887e-05 0.000820566 -0.00146304 0.000282051 0 -0.00726314 0 -0.00594345 -0.00726314 -0.00414273 -0.00594345 -0.00484905 0 -0.00594345 0 -0.00412853 -0.00594345 -0.00484905 -0.00412853 -0.00426224 -0.00414273 -0.00146304 -0.00484905 -0.00251182 -0.00146304 0.000282051 -0.00251182 -0.000569791 -0.00484905 -0.00251182 -0.00426224 -0.00273012 -0.00251182 -0.000569791 -0.00273012 -0.00108951 2.19937e-09 2.69153e-09 0.000820566 0.00131891 2.69153e-09 3.32749e-09 0.00131891 0.00167621 0.000820566 0.00131891 0.000282051 0.00136719 0.00131891 0.00167621 0.00136719 0.00216671 3.32749e-09 4.16936e-09 0.00167621 0.00213488 4.16936e-09 5.41447e-09 0.00213488 0.00305577 0.00167621 0.00213488 0.00216671 0.00306703 0.00213488 0.00305577 0.00306703 0.00460724 0.000282051 0.00136719 -0.000569791 0.000829209 0.00136719 0.00216671 0.000829209 0.00193419 -0.000569791 0.000829209 -0.00108951 0.00026552 0.000829209 0.00193419 0.00026552 0.00142677 0.00216671 0.00306703 0.00193419 0.00313281 0.00306703 0.00460724 0.00313281 0.00499326 0.00193419 0.00313281 0.00142677 0.0027016 0.00313281 0.00499326 0.0027016 0.0045897 0 -0.00412853 0 -0.00272009 -0.00412853 -0.00426224 -0.00272009 -0.00317642 0 -0.00272009 0 -0.00165762 -0.00272009 -0.00317642 -0.00165762 -0.00205876 -0.00426224 -0.00273012 -0.00317642 -0.00230038 -0.00273012 -0.00108951 -0.00230038 -0.00113348 -0.00317642 -0.00230038 -0.00205876 -0.00158837 -0.00230038 -0.00113348 -0.00158837 -0.000861232 0 -0.00165762 0 -0.000787143 -0.00165762 -0.00205876 -0.000787143 -0.00100754 0 -0.000787143 0 -4.41264e-16 -0.000787143 -0.00100754 -4.41264e-16 -2.15958e-15 -0.00205876 -0.00158837 -0.00100754 -0.000800217 -0.00158837 -0.000861232 -0.000800217 -0.000451466 -0.00100754 -0.000800217 -2.15958e-15 -1.09393e-15 -0.000800217 -0.000451466 -1.09393e-15 1.75558e-15 -0.00108951 0.00026552 -0.00113348 -5.78791e-05 0.00026552 0.00142677 -5.78791e-05 0.000935945 -0.00113348 -5.78791e-05 -0.000861232 -0.00014379 -5.78791e-05 0.000935945 -0.00014379 0.000555478 0.00142677 0.0027016 0.000935945 0.00206377 0.0027016 0.0045897 0.00206377 0.0037113 0.000935945 0.00206377 0.000555478 0.0013761 0.00206377 0.0037113 0.0013761 0.00257781 -0.000861232 -0.00014379 -0.000451466 -9.62203e-05 -0.00014379 0.000555478 -9.62203e-05 0.000259844 -0.000451466 -9.62203e-05 1.75558e-15 2.44819e-15 -9.62203e-05 0.000259844 2.44819e-15 6.58924e-15 0.000555478 0.0013761 0.000259844 0.000687038 0.0013761 0.00257781 0.000687038 0.00131636 0.000259844 0.000687038 6.58924e-15 1.15403e-14 0.000687038 0.00131636 1.15403e-14 1.60019e-14 5.41447e-09 7.61585e-09 0.00305577 0.00512342 7.61585e-09 1.2014e-08 0.00512342 0.00943153 0.00305577 0.00512342 0.00460724 0.00768856 0.00512342 0.00943153 0.00768856 0.0136239 1.2014e-08 2.07286e-08 0.00943153 0.0170449 2.07286e-08 3.61831e-08 0.0170449 0.0276305 0.00943153 0.0170449 0.0136239 0.0235918 0.0170449 0.0276305 0.0235918 0.0371211 0.00460724 0.00768856 0.00499326 0.00839623 0.00768856 0.0136239 0.00839623 0.0145159 0.00499326 0.00839623 0.0045897 0.0078384 0.00839623 0.0145159 0.0078384 0.0133699 0.0136239 0.0235918 0.0145159 0.0242941 0.0235918 0.0371211 0.0242941 0.0371689 0.0145159 0.0242941 0.0133699 0.0218222 0.0242941 0.0371689 0.0218222 0.0325886 3.61831e-08 5.9184e-08 0.0276305 0.0376493 5.9184e-08 8.6316e-08 0.0376493 0.0403328 0.0276305 0.0376493 0.0371211 0.0501712 0.0376493 0.0403328 0.0501712 0.055061 8.6316e-08 1.09234e-07 0.0403328 0.0298702 1.09234e-07 1.18356e-07 0.0298702 0.00769491 0.0403328 0.0298702 0.055061 0.0446722 0.0298702 0.00769491 0.0446722 0.0191576 0.0371211 0.0501712 0.0371689 0.0495872 0.0501712 0.055061 0.0495872 0.0550231 0.0371689 0.0495872 0.0325886 0.0428113 0.0495872 0.0550231 0.0428113 0.0475308 0.055061 0.0446722 0.0550231 0.0472356 0.0446722 0.0191576 0.0472356 0.0255083 0.0550231 0.0472356 0.0475308 0.0420483 0.0472356 0.0255083 0.0420483 0.0255576 0.0045897 0.0078384 0.0037113 0.0064462 0.0078384 0.0133699 0.0064462 0.010927 0.0037113 0.0064462 0.00257781 0.00453726 0.0064462 0.010927 0.00453726 0.00767131 0.0133699 0.0218222 0.010927 0.0175382 0.0218222 0.0325886 0.0175382 0.0257141 0.010927 0.0175382 0.00767131 0.0121856 0.0175382 0.0257141 0.0121856 0.0176461 0.00257781 0.00453726 0.00131636 0.00233498 0.00453726 0.00767131 0.00233498 0.00394368 0.00131636 0.00233498 1.60019e-14 2.21852e-14 0.00233498 0.00394368 2.21852e-14 2.52061e-14 0.00767131 0.0121856 0.00394368 0.00622923 0.0121856 0.0176461 0.00622923 0.00895721 0.00394368 0.00622923 2.52061e-14 2.95224e-14 0.00622923 0.00895721 2.95224e-14 3.64977e-14 0.0325886 0.0428113 0.0257141 0.0333098 0.0428113 0.0475308 0.0333098 0.0368161 0.0257141 0.0333098 0.0176461 0.0226202 0.0333098 0.0368161 0.0226202 0.0248704 0.0475308 0.0420483 0.0368161 0.0330086 0.0420483 0.0255576 0.0330086 0.0213203 0.0368161 0.0330086 0.0248704 0.0224062 0.0330086 0.0213203 0.0224062 0.0149117 0.0176461 0.0226202 0.00895721 0.0114101 0.0226202 0.0248704 0.0114101 0.0124987 0.00895721 0.0114101 3.64977e-14 3.97353e-14 0.0114101 0.0124987 3.97353e-14 3.91535e-14 0.0248704 0.0224062 0.0124987 0.011275 0.0224062 0.0149117 0.011275 0.00760474 0.0124987 0.011275 3.91535e-14 3.4553e-14 0.011275 0.00760474 3.4553e-14 2.53034e-14 1.18356e-07 1.09351e-07 0.00769491 -0.0165662 1.09351e-07 8.65106e-08 -0.0165662 -0.0323124 0.00769491 -0.0165662 0.0191576 -0.0119223 -0.0165662 -0.0323124 -0.0119223 -0.0359368 8.65106e-08 5.9406e-08 -0.0323124 -0.0355762 5.9406e-08 3.63963e-08 -0.0355762 -0.0296478 -0.0323124 -0.0355762 -0.0359368 -0.0458484 -0.0355762 -0.0296478 -0.0458484 -0.0429854 0.0191576 -0.0119223 0.0255083 -0.0031184 -0.0119223 -0.0359368 -0.0031184 -0.0279445 0.0255083 -0.0031184 0.0255576 0.00282435 -0.0031184 -0.0279445 0.00282435 -0.0183167 -0.0359368 -0.0458484 -0.0279445 -0.041517 -0.0458484 -0.0429854 -0.041517 -0.0430724 -0.0279445 -0.041517 -0.0183167 -0.0317023 -0.041517 -0.0430724 -0.0317023 -0.0357399 3.63963e-08 2.09184e-08 -0.0296478 -0.0204892 2.09184e-08 1.21808e-08 -0.0204892 -0.0124673 -0.0296478 -0.0204892 -0.0429854 -0.0334245 -0.0204892 -0.0124673 -0.0334245 -0.0230013 1.21808e-08 7.76564e-09 -0.0124673 -0.00710437 7.76564e-09 5.55359e-09 -0.00710437 -0.00405395 -0.0124673 -0.00710437 -0.0230013 -0.0147972 -0.00710437 -0.00405395 -0.0147972 -0.00937323 -0.0429854 -0.0334245 -0.0430724 -0.0367647 -0.0334245 -0.0230013 -0.0367647 -0.0277519 -0.0430724 -0.0367647 -0.0357399 -0.0327754 -0.0367647 -0.0277519 -0.0327754 -0.0265314 -0.0230013 -0.0147972 -0.0277519 -0.0195146 -0.0147972 -0.00937323 -0.0195146 -0.013364 -0.0277519 -0.0195146 -0.0265314 -0.0199654 -0.0195146 -0.013364 -0.0199654 -0.0145454 0.0255576 0.00282435 0.0213203 0.00490981 0.00282435 -0.0183167 0.00490981 -0.0109104 0.0213203 0.00490981 0.0149117 0.00435217 0.00490981 -0.0109104 0.00435217 -0.00598391 -0.0183167 -0.0317023 -0.0109104 -0.021725 -0.0317023 -0.0357399 -0.021725 -0.0260436 -0.0109104 -0.021725 -0.00598391 -0.013312 -0.021725 -0.0260436 -0.013312 -0.0165975 0.0149117 0.00435217 0.00760474 0.00243942 0.00435217 -0.00598391 0.00243942 -0.0026432 0.00760474 0.00243942 2.53034e-14 1.51464e-14 0.00243942 -0.0026432 1.51464e-14 2.97705e-15 -0.00598391 -0.013312 -0.0026432 -0.00630108 -0.013312 -0.0165975 -0.00630108 -0.00801925 -0.0026432 -0.00630108 2.97705e-15 -8.89286e-15 -0.00630108 -0.00801925 -8.89286e-15 -1.54605e-14 -0.0357399 -0.0327754 -0.0260436 -0.0251124 -0.0327754 -0.0265314 -0.0251124 -0.0213488 -0.0260436 -0.0251124 -0.0165975 -0.0164975 -0.0251124 -0.0213488 -0.0164975 -0.0144531 -0.0265314 -0.0199654 -0.0213488 -0.016873 -0.0199654 -0.0145454 -0.016873 -0.0128873 -0.0213488 -0.016873 -0.0144531 -0.0117893 -0.016873 -0.0128873 -0.0117893 -0.00930186 -0.0165975 -0.0164975 -0.00801925 -0.00809155 -0.0164975 -0.0144531 -0.00809155 -0.00719648 -0.00801925 -0.00809155 -1.54605e-14 -1.85536e-14 -0.00809155 -0.00719648 -1.85536e-14 -2.06691e-14 -0.0144531 -0.0117893 -0.00719648 -0.00596901 -0.0117893 -0.00930186 -0.00596901 -0.00479718 -0.00719648 -0.00596901 -2.06691e-14 -2.0023e-14 -0.00596901 -0.00479718 -2.0023e-14 -1.84277e-14 5.55359e-09 4.30249e-09 -0.00405395 -0.00243463 4.30249e-09 3.45775e-09 -0.00243463 -0.00153994 -0.00405395 -0.00243463 -0.00937323 -0.00608285 -0.00243463 -0.00153994 -0.00608285 -0.00409876 3.45775e-09 2.82099e-09 -0.00153994 -0.00097653 2.82099e-09 2.32912e-09 -0.00097653 -0.000580205 -0.00153994 -0.00097653 -0.00409876 -0.00282941 -0.00097653 -0.000580205 -0.00282941 -0.00196059 -0.00937323 -0.00608285 -0.013364 -0.00922134 -0.00608285 -0.00409876 -0.00922134 -0.00651861 -0.013364 -0.00922134 -0.0145454 -0.0105738 -0.00922134 -0.00651861 -0.0105738 -0.0077986 -0.00409876 -0.00282941 -0.00651861 -0.00471605 -0.00282941 -0.00196059 -0.00471605 -0.00346791 -0.00651861 -0.00471605 -0.0077986 -0.00585626 -0.00471605 -0.00346791 -0.00585626 -0.00447155 2.32912e-09 1.9491e-09 -0.000580205 -0.00032338 1.9491e-09 1.62905e-09 -0.00032338 -0.000289411 -0.000580205 -0.00032338 -0.00196059 -0.00138599 -0.00032338 -0.000289411 -0.00138599 -0.00116588 1.62905e-09 1.24235e-09 -0.000289411 -0.00079078 1.24235e-09 0 -0.00079078 -0.00228219 -0.000289411 -0.00079078 -0.00116588 -0.00161688 -0.00079078 -0.00228219 -0.00161688 -0.00234611 -0.00196059 -0.00138599 -0.00346791 -0.00262272 -0.00138599 -0.00116588 -0.00262272 -0.00219009 -0.00346791 -0.00262272 -0.00447155 -0.00350493 -0.00262272 -0.00219009 -0.00350493 -0.00293748 -0.00116588 -0.00161688 -0.00219009 -0.0023199 -0.00161688 -0.00234611 -0.0023199 -0.0025309 -0.00219009 -0.0023199 -0.00293748 -0.00279128 -0.0023199 -0.0025309 -0.00279128 -0.00267199 -0.0145454 -0.0105738 -0.0128873 -0.00977834 -0.0105738 -0.0077986 -0.00977834 -0.00748413 -0.0128873 -0.00977834 -0.00930186 -0.00728511 -0.00977834 -0.00748413 -0.00728511 -0.00574126 -0.0077986 -0.00585626 -0.00748413 -0.00580455 -0.00585626 -0.00447155 -0.00580455 -0.00456492 -0.00748413 -0.00580455 -0.00574126 -0.00457082 -0.00580455 -0.00456492 -0.00457082 -0.00367934 -0.00930186 -0.00728511 -0.00479718 -0.0038301 -0.00728511 -0.00574126 -0.0038301 -0.00307558 -0.00479718 -0.0038301 -1.84277e-14 -1.74695e-14 -0.0038301 -0.00307558 -1.74695e-14 -1.62663e-14 -0.00574126 -0.00457082 -0.00307558 -0.00249131 -0.00457082 -0.00367934 -0.00249131 -0.00203652 -0.00307558 -0.00249131 -1.62663e-14 -1.49755e-14 -0.00249131 -0.00203652 -1.49755e-14 -1.47396e-14 -0.00447155 -0.00350493 -0.00456492 -0.00367009 -0.00350493 -0.00293748 -0.00367009 -0.00309861 -0.00456492 -0.00367009 -0.00367934 -0.00301565 -0.00367009 -0.00309861 -0.00301565 -0.00256712 -0.00293748 -0.00279128 -0.00309861 -0.00281969 -0.00279128 -0.00267199 -0.00281969 -0.00254934 -0.00309861 -0.00281969 -0.00256712 -0.00229799 -0.00281969 -0.00254934 -0.00229799 -0.00202997 -0.00367934 -0.00301565 -0.00203652 -0.00169039 -0.00301565 -0.00256712 -0.00169039 -0.00144822 -0.00203652 -0.00169039 -1.47396e-14 -1.39542e-14 -0.00169039 -0.00144822 -1.39542e-14 -1.37901e-14 -0.00256712 -0.00229799 -0.00144822 -0.00128944 -0.00229799 -0.00202997 -0.00128944 -0.00112954 -0.00144822 -0.00128944 -1.37901e-14 -1.35616e-14 -0.00128944 -0.00112954 -1.35616e-14 -1.27284e-14 0 -4.41264e-16 0 0.000787143 -4.41264e-16 -2.15958e-15 0.000787143 0.00100754 0 0.000787143 0 0.00165762 0.000787143 0.00100754 0.00165762 0.00205876 -2.15958e-15 -1.09393e-15 0.00100754 0.000800217 -1.09393e-15 1.75558e-15 0.000800217 0.000451466 0.00100754 0.000800217 0.00205876 0.00158837 0.000800217 0.000451466 0.00158837 0.000861232 0 0.00165762 0 0.00272009 0.00165762 0.00205876 0.00272009 0.00317642 0 0.00272009 0 0.00412853 0.00272009 0.00317642 0.00412853 0.00426224 0.00205876 0.00158837 0.00317642 0.00230038 0.00158837 0.000861232 0.00230038 0.00113348 0.00317642 0.00230038 0.00426224 0.00273012 0.00230038 0.00113348 0.00273012 0.00108951 1.75558e-15 2.44819e-15 0.000451466 9.62203e-05 2.44819e-15 6.58924e-15 9.62203e-05 -0.000259844 0.000451466 9.62203e-05 0.000861232 0.00014379 9.62203e-05 -0.000259844 0.00014379 -0.000555478 6.58924e-15 1.15403e-14 -0.000259844 -0.000687038 1.15403e-14 1.60019e-14 -0.000687038 -0.00131636 -0.000259844 -0.000687038 -0.000555478 -0.0013761 -0.000687038 -0.00131636 -0.0013761 -0.00257781 0.000861232 0.00014379 0.00113348 5.78791e-05 0.00014379 -0.000555478 5.78791e-05 -0.000935945 0.00113348 5.78791e-05 0.00108951 -0.00026552 5.78791e-05 -0.000935945 -0.00026552 -0.00142677 -0.000555478 -0.0013761 -0.000935945 -0.00206377 -0.0013761 -0.00257781 -0.00206377 -0.0037113 -0.000935945 -0.00206377 -0.00142677 -0.0027016 -0.00206377 -0.0037113 -0.0027016 -0.0045897 0 0.00412853 0 0.00594345 0.00412853 0.00426224 0.00594345 0.00484905 0 0.00594345 0 0.00726314 0.00594345 0.00484905 0.00726314 0.00414273 0.00426224 0.00273012 0.00484905 0.00251182 0.00273012 0.00108951 0.00251182 0.000569791 0.00484905 0.00251182 0.00414273 0.00146304 0.00251182 0.000569791 0.00146304 -0.000282051 0 0.00726314 0 0.00412906 0.00726314 0.00414273 0.00412906 0.00174526 0 0.00412906 0 -1.14778e-09 0.00412906 0.00174526 -1.14778e-09 -1.50752e-09 0.00414273 0.00146304 0.00174526 9.67887e-05 0.00146304 -0.000282051 9.67887e-05 -0.000820566 0.00174526 9.67887e-05 -1.50752e-09 -1.8201e-09 9.67887e-05 -0.000820566 -1.8201e-09 -2.19937e-09 0.00108951 -0.00026552 0.000569791 -0.000829209 -0.00026552 -0.00142677 -0.000829209 -0.00193419 0.000569791 -0.000829209 -0.000282051 -0.00136719 -0.000829209 -0.00193419 -0.00136719 -0.00216671 -0.00142677 -0.0027016 -0.00193419 -0.00313281 -0.0027016 -0.0045897 -0.00313281 -0.00499326 -0.00193419 -0.00313281 -0.00216671 -0.00306703 -0.00313281 -0.00499326 -0.00306703 -0.00460724 -0.000282051 -0.00136719 -0.000820566 -0.00131891 -0.00136719 -0.00216671 -0.00131891 -0.00167621 -0.000820566 -0.00131891 -2.19937e-09 -2.69153e-09 -0.00131891 -0.00167621 -2.69153e-09 -3.32749e-09 -0.00216671 -0.00306703 -0.00167621 -0.00213488 -0.00306703 -0.00460724 -0.00213488 -0.00305577 -0.00167621 -0.00213488 -3.32749e-09 -4.16936e-09 -0.00213488 -0.00305577 -4.16936e-09 -5.41447e-09 1.60019e-14 2.21852e-14 -0.00131636 -0.00233498 2.21852e-14 2.52061e-14 -0.00233498 -0.00394368 -0.00131636 -0.00233498 -0.00257781 -0.00453726 -0.00233498 -0.00394368 -0.00453726 -0.00767131 2.52061e-14 2.95224e-14 -0.00394368 -0.00622923 2.95224e-14 3.64977e-14 -0.00622923 -0.00895721 -0.00394368 -0.00622923 -0.00767131 -0.0121856 -0.00622923 -0.00895721 -0.0121856 -0.0176461 -0.00257781 -0.00453726 -0.0037113 -0.0064462 -0.00453726 -0.00767131 -0.0064462 -0.010927 -0.0037113 -0.0064462 -0.0045897 -0.0078384 -0.0064462 -0.010927 -0.0078384 -0.0133699 -0.00767131 -0.0121856 -0.010927 -0.0175382 -0.0121856 -0.0176461 -0.0175382 -0.0257141 -0.010927 -0.0175382 -0.0133699 -0.0218222 -0.0175382 -0.0257141 -0.0218222 -0.0325886 3.64977e-14 3.97353e-14 -0.00895721 -0.0114101 3.97353e-14 3.91535e-14 -0.0114101 -0.0124987 -0.00895721 -0.0114101 -0.0176461 -0.0226202 -0.0114101 -0.0124987 -0.0226202 -0.0248704 3.91535e-14 3.4553e-14 -0.0124987 -0.011275 3.4553e-14 2.53034e-14 -0.011275 -0.00760474 -0.0124987 -0.011275 -0.0248704 -0.0224062 -0.011275 -0.00760474 -0.0224062 -0.0149117 -0.0176461 -0.0226202 -0.0257141 -0.0333098 -0.0226202 -0.0248704 -0.0333098 -0.0368161 -0.0257141 -0.0333098 -0.0325886 -0.0428113 -0.0333098 -0.0368161 -0.0428113 -0.0475308 -0.0248704 -0.0224062 -0.0368161 -0.0330086 -0.0224062 -0.0149117 -0.0330086 -0.0213203 -0.0368161 -0.0330086 -0.0475308 -0.0420483 -0.0330086 -0.0213203 -0.0420483 -0.0255576 -0.0045897 -0.0078384 -0.00499326 -0.00839623 -0.0078384 -0.0133699 -0.00839623 -0.0145159 -0.00499326 -0.00839623 -0.00460724 -0.00768856 -0.00839623 -0.0145159 -0.00768856 -0.0136239 -0.0133699 -0.0218222 -0.0145159 -0.0242941 -0.0218222 -0.0325886 -0.0242941 -0.0371689 -0.0145159 -0.0242941 -0.0136239 -0.0235918 -0.0242941 -0.0371689 -0.0235918 -0.0371211 -0.00460724 -0.00768856 -0.00305577 -0.00512342 -0.00768856 -0.0136239 -0.00512342 -0.00943153 -0.00305577 -0.00512342 -5.41447e-09 -7.61585e-09 -0.00512342 -0.00943153 -7.61585e-09 -1.2014e-08 -0.0136239 -0.0235918 -0.00943153 -0.0170449 -0.0235918 -0.0371211 -0.0170449 -0.0276305 -0.00943153 -0.0170449 -1.2014e-08 -2.07286e-08 -0.0170449 -0.0276305 -2.07286e-08 -3.61831e-08 -0.0325886 -0.0428113 -0.0371689 -0.0495872 -0.0428113 -0.0475308 -0.0495872 -0.0550231 -0.0371689 -0.0495872 -0.0371211 -0.0501712 -0.0495872 -0.0550231 -0.0501712 -0.055061 -0.0475308 -0.0420483 -0.0550231 -0.0472356 -0.0420483 -0.0255576 -0.0472356 -0.0255083 -0.0550231 -0.0472356 -0.055061 -0.0446722 -0.0472356 -0.0255083 -0.0446722 -0.0191576 -0.0371211 -0.0501712 -0.0276305 -0.0376493 -0.0501712 -0.055061 -0.0376493 -0.0403328 -0.0276305 -0.0376493 -3.61831e-08 -5.9184e-08 -0.0376493 -0.0403328 -5.9184e-08 -8.6316e-08 -0.055061 -0.0446722 -0.0403328 -0.0298702 -0.0446722 -0.0191576 -0.0298702 -0.00769491 -0.0403328 -0.0298702 -8.6316e-08 -1.09234e-07 -0.0298702 -0.00769491 -1.09234e-07 -1.18356e-07 2.53034e-14 1.51464e-14 -0.00760474 -0.00243942 1.51464e-14 2.97705e-15 -0.00243942 0.0026432 -0.00760474 -0.00243942 -0.0149117 -0.00435217 -0.00243942 0.0026432 -0.00435217 0.00598391 2.97705e-15 -8.89286e-15 0.0026432 0.00630108 -8.89286e-15 -1.54605e-14 0.00630108 0.00801925 0.0026432 0.00630108 0.00598391 0.013312 0.00630108 0.00801925 0.013312 0.0165975 -0.0149117 -0.00435217 -0.0213203 -0.00490981 -0.00435217 0.00598391 -0.00490981 0.0109104 -0.0213203 -0.00490981 -0.0255576 -0.00282435 -0.00490981 0.0109104 -0.00282435 0.0183167 0.00598391 0.013312 0.0109104 0.021725 0.013312 0.0165975 0.021725 0.0260436 0.0109104 0.021725 0.0183167 0.0317023 0.021725 0.0260436 0.0317023 0.0357399 -1.54605e-14 -1.85536e-14 0.00801925 0.00809155 -1.85536e-14 -2.06691e-14 0.00809155 0.00719648 0.00801925 0.00809155 0.0165975 0.0164975 0.00809155 0.00719648 0.0164975 0.0144531 -2.06691e-14 -2.0023e-14 0.00719648 0.00596901 -2.0023e-14 -1.84277e-14 0.00596901 0.00479718 0.00719648 0.00596901 0.0144531 0.0117893 0.00596901 0.00479718 0.0117893 0.00930186 0.0165975 0.0164975 0.0260436 0.0251124 0.0164975 0.0144531 0.0251124 0.0213488 0.0260436 0.0251124 0.0357399 0.0327754 0.0251124 0.0213488 0.0327754 0.0265314 0.0144531 0.0117893 0.0213488 0.016873 0.0117893 0.00930186 0.016873 0.0128873 0.0213488 0.016873 0.0265314 0.0199654 0.016873 0.0128873 0.0199654 0.0145454 -0.0255576 -0.00282435 -0.0255083 0.0031184 -0.00282435 0.0183167 0.0031184 0.0279445 -0.0255083 0.0031184 -0.0191576 0.0119223 0.0031184 0.0279445 0.0119223 0.0359368 0.0183167 0.0317023 0.0279445 0.041517 0.0317023 0.0357399 0.041517 0.0430724 0.0279445 0.041517 0.0359368 0.0458484 0.041517 0.0430724 0.0458484 0.0429854 -0.0191576 0.0119223 -0.00769491 0.0165662 0.0119223 0.0359368 0.0165662 0.0323124 -0.00769491 0.0165662 -1.18356e-07 -1.09351e-07 0.0165662 0.0323124 -1.09351e-07 -8.65106e-08 0.0359368 0.0458484 0.0323124 0.0355762 0.0458484 0.0429854 0.0355762 0.0296478 0.0323124 0.0355762 -8.65106e-08 -5.9406e-08 0.0355762 0.0296478 -5.9406e-08 -3.63963e-08 0.0357399 0.0327754 0.0430724 0.0367647 0.0327754 0.0265314 0.0367647 0.0277519 0.0430724 0.0367647 0.0429854 0.0334245 0.0367647 0.0277519 0.0334245 0.0230013 0.0265314 0.0199654 0.0277519 0.0195146 0.0199654 0.0145454 0.0195146 0.013364 0.0277519 0.0195146 0.0230013 0.0147972 0.0195146 0.013364 0.0147972 0.00937323 0.0429854 0.0334245 0.0296478 0.0204892 0.0334245 0.0230013 0.0204892 0.0124673 0.0296478 0.0204892 -3.63963e-08 -2.09184e-08 0.0204892 0.0124673 -2.09184e-08 -1.21808e-08 0.0230013 0.0147972 0.0124673 0.00710437 0.0147972 0.00937323 0.00710437 0.00405395 0.0124673 0.00710437 -1.21808e-08 -7.76564e-09 0.00710437 0.00405395 -7.76564e-09 -5.55359e-09 -1.84277e-14 -1.74695e-14 0.00479718 0.0038301 -1.74695e-14 -1.62663e-14 0.0038301 0.00307558 0.00479718 0.0038301 0.00930186 0.00728511 0.0038301 0.00307558 0.00728511 0.00574126 -1.62663e-14 -1.49755e-14 0.00307558 0.00249131 -1.49755e-14 -1.47396e-14 0.00249131 0.00203652 0.00307558 0.00249131 0.00574126 0.00457082 0.00249131 0.00203652 0.00457082 0.00367934 0.00930186 0.00728511 0.0128873 0.00977834 0.00728511 0.00574126 0.00977834 0.00748413 0.0128873 0.00977834 0.0145454 0.0105738 0.00977834 0.00748413 0.0105738 0.0077986 0.00574126 0.00457082 0.00748413 0.00580455 0.00457082 0.00367934 0.00580455 0.00456492 0.00748413 0.00580455 0.0077986 0.00585626 0.00580455 0.00456492 0.00585626 0.00447155 -1.47396e-14 -1.39542e-14 0.00203652 0.00169039 -1.39542e-14 -1.37901e-14 0.00169039 0.00144822 0.00203652 0.00169039 0.00367934 0.00301565 0.00169039 0.00144822 0.00301565 0.00256712 -1.37901e-14 -1.35616e-14 0.00144822 0.00128944 -1.35616e-14 -1.27284e-14 0.00128944 0.00112954 0.00144822 0.00128944 0.00256712 0.00229799 0.00128944 0.00112954 0.00229799 0.00202997 0.00367934 0.00301565 0.00456492 0.00367009 0.00301565 0.00256712 0.00367009 0.00309861 0.00456492 0.00367009 0.00447155 0.00350493 0.00367009 0.00309861 0.00350493 0.00293748 0.00256712 0.00229799 0.00309861 0.00281969 0.00229799 0.00202997 0.00281969 0.00254934 0.00309861 0.00281969 0.00293748 0.00279128 0.00281969 0.00254934 0.00279128 0.00267199 0.0145454 0.0105738 0.013364 0.00922134 0.0105738 0.0077986 0.00922134 0.00651861 0.013364 0.00922134 0.00937323 0.00608285 0.00922134 0.00651861 0.00608285 0.00409876 0.0077986 0.00585626 0.00651861 0.00471605 0.00585626 0.00447155 0.00471605 0.00346791 0.00651861 0.00471605 0.00409876 0.00282941 0.00471605 0.00346791 0.00282941 0.00196059 0.00937323 0.00608285 0.00405395 0.00243463 0.00608285 0.00409876 0.00243463 0.00153994 0.00405395 0.00243463 -5.55359e-09 -4.30249e-09 0.00243463 0.00153994 -4.30249e-09 -3.45775e-09 0.00409876 0.00282941 0.00153994 0.00097653 0.00282941 0.00196059 0.00097653 0.000580205 0.00153994 0.00097653 -3.45775e-09 -2.82099e-09 0.00097653 0.000580205 -2.82099e-09 -2.32912e-09 0.00447155 0.00350493 0.00346791 0.00262272 0.00350493 0.00293748 0.00262272 0.00219009 0.00346791 0.00262272 0.00196059 0.00138599 0.00262272 0.00219009 0.00138599 0.00116588 0.00293748 0.00279128 0.00219009 0.0023199 0.00279128 0.00267199 0.0023199 0.0025309 0.00219009 0.0023199 0.00116588 0.00161688 0.0023199 0.0025309 0.00161688 0.00234611 0.00196059 0.00138599 0.000580205 0.00032338 0.00138599 0.00116588 0.00032338 0.000289411 0.000580205 0.00032338 -2.32912e-09 -1.9491e-09 0.00032338 0.000289411 -1.9491e-09 -1.62905e-09 0.00116588 0.00161688 0.000289411 0.00079078 0.00161688 0.00234611 0.00079078 0.00228219 0.000289411 0.00079078 -1.62905e-09 -1.24235e-09 0.00079078 0.00228219 -1.24235e-09 0 0 -1.14778e-09 0 -8.35541e-10 -1.14778e-09 -1.50752e-09 -8.35541e-10 -1.14785e-09 0 -8.35541e-10 0 -5.1909e-10 -8.35541e-10 -1.14785e-09 -5.1909e-10 -8.03104e-10 -1.50752e-09 -1.8201e-09 -1.14785e-09 -1.39506e-09 -1.8201e-09 -2.19937e-09 -1.39506e-09 -1.68121e-09 -1.14785e-09 -1.39506e-09 -8.03104e-10 -9.935e-10 -1.39506e-09 -1.68121e-09 -9.935e-10 -1.19513e-09 0 -5.1909e-10 0 -2.62897e-10 -5.1909e-10 -8.03104e-10 -2.62897e-10 -4.91598e-10 0 -2.62897e-10 0 -7.1148e-11 -2.62897e-10 -4.91598e-10 -7.1148e-11 -2.3467e-10 -8.03104e-10 -9.935e-10 -4.91598e-10 -6.33256e-10 -9.935e-10 -1.19513e-09 -6.33256e-10 -7.62287e-10 -4.91598e-10 -6.33256e-10 -2.3467e-10 -3.31882e-10 -6.33256e-10 -7.62287e-10 -3.31882e-10 -4.02022e-10 -2.19937e-09 -2.69153e-09 -1.68121e-09 -2.04329e-09 -2.69153e-09 -3.32749e-09 -2.04329e-09 -2.49514e-09 -1.68121e-09 -2.04329e-09 -1.19513e-09 -1.43837e-09 -2.04329e-09 -2.49514e-09 -1.43837e-09 -1.72569e-09 -3.32749e-09 -4.16936e-09 -2.49514e-09 -3.06653e-09 -4.16936e-09 -5.41447e-09 -3.06653e-09 -3.89174e-09 -2.49514e-09 -3.06653e-09 -1.72569e-09 -2.06629e-09 -3.06653e-09 -3.89174e-09 -2.06629e-09 -2.55325e-09 -1.19513e-09 -1.43837e-09 -7.62287e-10 -9.04857e-10 -1.43837e-09 -1.72569e-09 -9.04857e-10 -1.0576e-09 -7.62287e-10 -9.04857e-10 -4.02022e-10 -4.66307e-10 -9.04857e-10 -1.0576e-09 -4.66307e-10 -5.19526e-10 -1.72569e-09 -2.06629e-09 -1.0576e-09 -1.21884e-09 -2.06629e-09 -2.55325e-09 -1.21884e-09 -1.45439e-09 -1.0576e-09 -1.21884e-09 -5.19526e-10 -5.56198e-10 -1.21884e-09 -1.45439e-09 -5.56198e-10 -6.23052e-10 0 -7.1148e-11 0 5.47262e-11 -7.1148e-11 -2.3467e-10 5.47262e-11 -4.81655e-11 0 5.47262e-11 0 1.10522e-10 5.47262e-11 -4.81655e-11 1.10522e-10 5.72462e-11 -2.3467e-10 -3.31882e-10 -4.81655e-11 -1.05254e-10 -3.31882e-10 -4.02022e-10 -1.05254e-10 -1.31656e-10 -4.81655e-11 -1.05254e-10 5.72462e-11 3.29318e-11 -1.05254e-10 -1.31656e-10 3.29318e-11 3.37265e-11 0 1.10522e-10 0 9.04635e-11 1.10522e-10 5.72462e-11 9.04635e-11 7.49987e-11 0 9.04635e-11 0 0 9.04635e-11 7.49987e-11 0 0 5.72462e-11 3.29318e-11 7.49987e-11 7.12726e-11 3.29318e-11 3.37265e-11 7.12726e-11 8.1235e-11 7.49987e-11 7.12726e-11 0 0 7.12726e-11 8.1235e-11 0 0 -4.02022e-10 -4.66307e-10 -1.31656e-10 -1.42182e-10 -4.66307e-10 -5.19526e-10 -1.42182e-10 -1.32244e-10 -1.31656e-10 -1.42182e-10 3.37265e-11 5.17123e-11 -1.42182e-10 -1.32244e-10 5.17123e-11 8.97358e-11 -5.19526e-10 -5.56198e-10 -1.32244e-10 -9.69289e-11 -5.56198e-10 -6.23052e-10 -9.69289e-11 -6.85289e-11 -1.32244e-10 -9.69289e-11 8.97358e-11 1.50087e-10 -9.69289e-11 -6.85289e-11 1.50087e-10 2.12207e-10 3.37265e-11 5.17123e-11 8.1235e-11 1.026e-10 5.17123e-11 8.97358e-11 1.026e-10 1.36338e-10 8.1235e-11 1.026e-10 0 0 1.026e-10 1.36338e-10 0 0 8.97358e-11 1.50087e-10 1.36338e-10 1.82253e-10 1.50087e-10 2.12207e-10 1.82253e-10 2.30009e-10 1.36338e-10 1.82253e-10 0 0 1.82253e-10 2.30009e-10 0 0 -5.41447e-09 -7.61585e-09 -3.89174e-09 -5.39827e-09 -7.61585e-09 -1.2014e-08 -5.39827e-09 -8.58871e-09 -3.89174e-09 -5.39827e-09 -2.55325e-09 -3.52264e-09 -5.39827e-09 -8.58871e-09 -3.52264e-09 -5.77802e-09 -1.2014e-08 -2.07286e-08 -8.58871e-09 -1.52002e-08 -2.07286e-08 -3.61831e-08 -1.52002e-08 -2.72232e-08 -8.58871e-09 -1.52002e-08 -5.77802e-09 -1.0693e-08 -1.52002e-08 -2.72232e-08 -1.0693e-08 -1.97926e-08 -2.55325e-09 -3.52264e-09 -1.45439e-09 -2.02525e-09 -3.52264e-09 -5.77802e-09 -2.02525e-09 -3.55327e-09 -1.45439e-09 -2.02525e-09 -6.23052e-10 -9.14011e-10 -2.02525e-09 -3.55327e-09 -9.14011e-10 -1.88127e-09 -5.77802e-09 -1.0693e-08 -3.55327e-09 -7.06948e-09 -1.0693e-08 -1.97926e-08 -7.06948e-09 -1.36613e-08 -3.55327e-09 -7.06948e-09 -1.88127e-09 -4.24418e-09 -7.06948e-09 -1.36613e-08 -4.24418e-09 -8.71312e-09 -3.61831e-08 -5.9184e-08 -2.72232e-08 -4.53268e-08 -5.9184e-08 -8.6316e-08 -4.53268e-08 -6.67682e-08 -2.72232e-08 -4.53268e-08 -1.97926e-08 -3.35219e-08 -4.53268e-08 -6.67682e-08 -3.35219e-08 -4.97168e-08 -8.6316e-08 -1.09234e-07 -6.67682e-08 -8.4885e-08 -1.09234e-07 -1.18356e-07 -8.4885e-08 -9.20881e-08 -6.67682e-08 -8.4885e-08 -4.97168e-08 -6.33341e-08 -8.4885e-08 -9.20881e-08 -6.33341e-08 -6.87303e-08 -1.97926e-08 -3.35219e-08 -1.36613e-08 -2.35672e-08 -3.35219e-08 -4.97168e-08 -2.35672e-08 -3.51508e-08 -1.36613e-08 -2.35672e-08 -8.71312e-09 -1.53755e-08 -2.35672e-08 -3.51508e-08 -1.53755e-08 -2.30735e-08 -4.97168e-08 -6.33341e-08 -3.51508e-08 -4.48139e-08 -6.33341e-08 -6.87303e-08 -4.48139e-08 -4.8625e-08 -3.51508e-08 -4.48139e-08 -2.30735e-08 -2.94304e-08 -4.48139e-08 -4.8625e-08 -2.94304e-08 -3.19227e-08 -6.23052e-10 -9.14011e-10 -6.85289e-11 -1.79502e-10 -9.14011e-10 -1.88127e-09 -1.79502e-10 -7.27518e-10 -6.85289e-11 -1.79502e-10 2.12207e-10 1.98312e-10 -1.79502e-10 -7.27518e-10 1.98312e-10 -5.65989e-11 -1.88127e-09 -4.24418e-09 -7.27518e-10 -2.16254e-09 -4.24418e-09 -8.71312e-09 -2.16254e-09 -4.89359e-09 -7.27518e-10 -2.16254e-09 -5.65989e-11 -7.85774e-10 -2.16254e-09 -4.89359e-09 -7.85774e-10 -2.17794e-09 2.12207e-10 1.98312e-10 2.30009e-10 2.4691e-10 1.98312e-10 -5.65989e-11 2.4691e-10 1.70359e-10 2.30009e-10 2.4691e-10 0 0 2.4691e-10 1.70359e-10 0 0 -5.65989e-11 -7.85774e-10 1.70359e-10 -7.88438e-11 -7.85774e-10 -2.17794e-09 -7.88438e-11 -5.52026e-10 1.70359e-10 -7.88438e-11 0 0 -7.88438e-11 -5.52026e-10 0 0 -8.71312e-09 -1.53755e-08 -4.89359e-09 -8.91799e-09 -1.53755e-08 -2.30735e-08 -8.91799e-09 -1.34972e-08 -4.89359e-09 -8.91799e-09 -2.17794e-09 -4.19417e-09 -8.91799e-09 -1.34972e-08 -4.19417e-09 -6.44013e-09 -2.30735e-08 -2.94304e-08 -1.34972e-08 -1.72305e-08 -2.94304e-08 -3.19227e-08 -1.72305e-08 -1.86831e-08 -1.34972e-08 -1.72305e-08 -6.44013e-09 -8.23918e-09 -1.72305e-08 -1.86831e-08 -8.23918e-09 -8.9319e-09 -2.17794e-09 -4.19417e-09 -5.52026e-10 -1.21571e-09 -4.19417e-09 -6.44013e-09 -1.21571e-09 -1.92849e-09 -5.52026e-10 -1.21571e-09 0 0 -1.21571e-09 -1.92849e-09 0 0 -6.44013e-09 -8.23918e-09 -1.92849e-09 -2.48238e-09 -8.23918e-09 -8.9319e-09 -2.48238e-09 -2.69175e-09 -1.92849e-09 -2.48238e-09 0 0 -2.48238e-09 -2.69175e-09 0 0 -1.18356e-07 -1.09351e-07 -9.20881e-08 -8.49682e-08 -1.09351e-07 -8.65106e-08 -8.49682e-08 -6.69082e-08 -9.20881e-08 -8.49682e-08 -6.87303e-08 -6.33908e-08 -8.49682e-08 -6.69082e-08 -6.33908e-08 -4.98131e-08 -8.65106e-08 -5.9406e-08 -6.69082e-08 -4.5489e-08 -5.9406e-08 -3.63963e-08 -4.5489e-08 -2.73825e-08 -6.69082e-08 -4.5489e-08 -4.98131e-08 -3.36355e-08 -4.5489e-08 -2.73825e-08 -3.36355e-08 -1.99071e-08 -6.87303e-08 -6.33908e-08 -4.8625e-08 -4.48501e-08 -6.33908e-08 -4.98131e-08 -4.48501e-08 -3.5213e-08 -4.8625e-08 -4.48501e-08 -3.19227e-08 -2.94512e-08 -4.48501e-08 -3.5213e-08 -2.94512e-08 -2.311e-08 -4.98131e-08 -3.36355e-08 -3.5213e-08 -2.36423e-08 -3.36355e-08 -1.99071e-08 -2.36423e-08 -1.37393e-08 -3.5213e-08 -2.36423e-08 -2.311e-08 -1.54209e-08 -2.36423e-08 -1.37393e-08 -1.54209e-08 -8.76237e-09 -3.63963e-08 -2.09184e-08 -2.73825e-08 -1.5346e-08 -2.09184e-08 -1.21808e-08 -1.5346e-08 -8.72053e-09 -2.73825e-08 -1.5346e-08 -1.99071e-08 -1.08011e-08 -1.5346e-08 -8.72053e-09 -1.08011e-08 -5.87894e-09 -1.21808e-08 -7.76564e-09 -8.72053e-09 -5.51982e-09 -7.76564e-09 -5.55359e-09 -5.51982e-09 -4.00713e-09 -8.72053e-09 -5.51982e-09 -5.87894e-09 -3.61849e-09 -5.51982e-09 -4.00713e-09 -3.61849e-09 -2.64652e-09 -1.99071e-08 -1.08011e-08 -1.37393e-08 -7.1459e-09 -1.08011e-08 -5.87894e-09 -7.1459e-09 -3.6274e-09 -1.37393e-08 -7.1459e-09 -8.76237e-09 -4.29478e-09 -7.1459e-09 -3.6274e-09 -4.29478e-09 -1.93269e-09 -5.87894e-09 -3.61849e-09 -3.6274e-09 -2.0981e-09 -3.61849e-09 -2.64652e-09 -2.0981e-09 -1.52729e-09 -3.6274e-09 -2.0981e-09 -1.93269e-09 -9.66614e-10 -2.0981e-09 -1.52729e-09 -9.66614e-10 -6.7743e-10 -3.19227e-08 -2.94512e-08 -1.86831e-08 -1.72405e-08 -2.94512e-08 -2.311e-08 -1.72405e-08 -1.35153e-08 -1.86831e-08 -1.72405e-08 -8.9319e-09 -8.24238e-09 -1.72405e-08 -1.35153e-08 -8.24238e-09 -6.44656e-09 -2.311e-08 -1.54209e-08 -1.35153e-08 -8.94187e-09 -1.54209e-08 -8.76237e-09 -8.94187e-09 -4.92122e-09 -1.35153e-08 -8.94187e-09 -6.44656e-09 -4.20377e-09 -8.94187e-09 -4.92122e-09 -4.20377e-09 -2.19055e-09 -8.9319e-09 -8.24238e-09 -2.69175e-09 -2.48236e-09 -8.24238e-09 -6.44656e-09 -2.48236e-09 -1.92907e-09 -2.69175e-09 -2.48236e-09 0 0 -2.48236e-09 -1.92907e-09 0 0 -6.44656e-09 -4.20377e-09 -1.92907e-09 -1.21761e-09 -4.20377e-09 -2.19055e-09 -1.21761e-09 -5.55646e-10 -1.92907e-09 -1.21761e-09 0 0 -1.21761e-09 -5.55646e-10 0 0 -8.76237e-09 -4.29478e-09 -4.92122e-09 -2.19289e-09 -4.29478e-09 -1.93269e-09 -2.19289e-09 -7.60258e-10 -4.92122e-09 -2.19289e-09 -2.19055e-09 -8.01171e-10 -2.19289e-09 -7.60258e-10 -8.01171e-10 -7.46145e-11 -1.93269e-09 -9.66614e-10 -7.60258e-10 -2.14666e-10 -9.66614e-10 -6.7743e-10 -2.14666e-10 -1.06286e-10 -7.60258e-10 -2.14666e-10 -7.46145e-11 1.7775e-10 -2.14666e-10 -1.06286e-10 1.7775e-10 1.89103e-10 -2.19055e-09 -8.01171e-10 -5.55646e-10 -8.42558e-11 -8.01171e-10 -7.46145e-11 -8.42558e-11 1.63219e-10 -5.55646e-10 -8.42558e-11 0 0 -8.42558e-11 1.63219e-10 0 0 -7.46145e-11 1.7775e-10 1.63219e-10 2.38086e-10 1.7775e-10 1.89103e-10 2.38086e-10 2.1952e-10 1.63219e-10 2.38086e-10 0 0 2.38086e-10 2.1952e-10 0 0 -5.55359e-09 -4.30249e-09 -4.00713e-09 -3.1789e-09 -4.30249e-09 -3.45775e-09 -3.1789e-09 -2.6067e-09 -4.00713e-09 -3.1789e-09 -2.64652e-09 -2.15895e-09 -3.1789e-09 -2.6067e-09 -2.15895e-09 -1.81922e-09 -3.45775e-09 -2.82099e-09 -2.6067e-09 -2.15565e-09 -2.82099e-09 -2.32912e-09 -2.15565e-09 -1.7953e-09 -2.6067e-09 -2.15565e-09 -1.81922e-09 -1.53392e-09 -2.15565e-09 -1.7953e-09 -1.53392e-09 -1.29343e-09 -2.64652e-09 -2.15895e-09 -1.52729e-09 -1.29292e-09 -2.15895e-09 -1.81922e-09 -1.29292e-09 -1.13375e-09 -1.52729e-09 -1.29292e-09 -6.7743e-10 -6.12886e-10 -1.29292e-09 -1.13375e-09 -6.12886e-10 -5.78979e-10 -1.81922e-09 -1.53392e-09 -1.13375e-09 -9.8385e-10 -1.53392e-09 -1.29343e-09 -9.8385e-10 -8.44567e-10 -1.13375e-09 -9.8385e-10 -5.78979e-10 -5.28944e-10 -9.8385e-10 -8.44567e-10 -5.28944e-10 -4.68e-10 -2.32912e-09 -1.9491e-09 -1.7953e-09 -1.50994e-09 -1.9491e-09 -1.62905e-09 -1.50994e-09 -1.2569e-09 -1.7953e-09 -1.50994e-09 -1.29343e-09 -1.09353e-09 -1.50994e-09 -1.2569e-09 -1.09353e-09 -8.98152e-10 -1.62905e-09 -1.24235e-09 -1.2569e-09 -9.18629e-10 -1.24235e-09 0 -9.18629e-10 0 -1.2569e-09 -9.18629e-10 -8.98152e-10 -5.87599e-10 -9.18629e-10 0 -5.87599e-10 0 -1.29343e-09 -1.09353e-09 -8.44567e-10 -7.17643e-10 -1.09353e-09 -8.98152e-10 -7.17643e-10 -5.71516e-10 -8.44567e-10 -7.17643e-10 -4.68e-10 -3.99935e-10 -7.17643e-10 -5.71516e-10 -3.99935e-10 -2.98891e-10 -8.98152e-10 -5.87599e-10 -5.71516e-10 -3.18494e-10 -5.87599e-10 0 -3.18494e-10 0 -5.71516e-10 -3.18494e-10 -2.98891e-10 -1.15418e-10 -3.18494e-10 0 -1.15418e-10 0 -6.7743e-10 -6.12886e-10 -1.06286e-10 -1.37452e-10 -6.12886e-10 -5.78979e-10 -1.37452e-10 -1.75682e-10 -1.06286e-10 -1.37452e-10 1.89103e-10 1.24445e-10 -1.37452e-10 -1.75682e-10 1.24445e-10 6.15859e-11 -5.78979e-10 -5.28944e-10 -1.75682e-10 -1.88667e-10 -5.28944e-10 -4.68e-10 -1.88667e-10 -1.81101e-10 -1.75682e-10 -1.88667e-10 6.15859e-11 2.11183e-11 -1.88667e-10 -1.81101e-10 2.11183e-11 9.25104e-13 1.89103e-10 1.24445e-10 2.1952e-10 1.70141e-10 1.24445e-10 6.15859e-11 1.70141e-10 1.22689e-10 2.1952e-10 1.70141e-10 0 0 1.70141e-10 1.22689e-10 0 0 6.15859e-11 2.11183e-11 1.22689e-10 8.75405e-11 2.11183e-11 9.25104e-13 8.75405e-11 6.49964e-11 1.22689e-10 8.75405e-11 0 0 8.75405e-11 6.49964e-11 0 0 -4.68e-10 -3.99935e-10 -1.81101e-10 -1.5644e-10 -3.99935e-10 -2.98891e-10 -1.5644e-10 -9.64207e-11 -1.81101e-10 -1.5644e-10 9.25104e-13 -1.0797e-12 -1.5644e-10 -9.64207e-11 -1.0797e-12 2.51345e-11 -2.98891e-10 -1.15418e-10 -9.64207e-11 2.09004e-11 -1.15418e-10 0 2.09004e-11 0 -9.64207e-11 2.09004e-11 2.51345e-11 8.70687e-11 2.09004e-11 0 8.70687e-11 0 9.25104e-13 -1.0797e-12 6.49964e-11 5.44512e-11 -1.0797e-12 2.51345e-11 5.44512e-11 5.90789e-11 6.49964e-11 5.44512e-11 0 0 5.44512e-11 5.90789e-11 0 0 2.51345e-11 8.70687e-11 5.90789e-11 7.82365e-11 8.70687e-11 0 7.82365e-11 0 5.90789e-11 7.82365e-11 0 0 7.82365e-11 0 0 0 
SCALARS x_dis double 1
LOOKUP_TABLE default
0 0 0 -0.000117418 0 0 -0.000117418 -0.000121018 0 -0.000117418 0 -0.00017574 -0.000117418 -0.000121018 -0.00017574 -0.00019903 0 0 -0.000121018 -0.000109982 0 0 -0.000109982 -0.000118696 -0.000121018 -0.000109982 -0.00019903 -0.000193691 -0.000109982 -0.000118696 -0.000193691 -0.000221412 0 -0.00017574 0 -0.000200036 -0.00017574 -0.00019903 -0.000200036 -0.000238645 0 -0.000200036 0 -0.000200778 -0.000200036 -0.000238645 -0.000200778 -0.000242031 -0.00019903 -0.000193691 -0.000238645 -0.00024777 -0.000193691 -0.000221412 -0.00024777 -0.000302335 -0.000238645 -0.00024777 -0.000242031 -0.000270778 -0.00024777 -0.000302335 -0.000270778 -0.000357828 0 0 -0.000118696 -0.000155633 0 0 -0.000155633 -0.0002188 -0.000118696 -0.000155633 -0.000221412 -0.00029851 -0.000155633 -0.0002188 -0.00029851 -0.000424141 0 0 -0.0002188 -0.000303533 0 0 -0.000303533 -0.000404181 -0.0002188 -0.000303533 -0.000424141 -0.000593255 -0.000303533 -0.000404181 -0.000593255 -0.000799346 -0.000221412 -0.00029851 -0.000302335 -0.000422257 -0.00029851 -0.000424141 -0.000422257 -0.000609547 -0.000302335 -0.000422257 -0.000357828 -0.000521716 -0.000422257 -0.000609547 -0.000521716 -0.000768475 -0.000424141 -0.000593255 -0.000609547 -0.00086251 -0.000593255 -0.000799346 -0.00086251 -0.00117818 -0.000609547 -0.00086251 -0.000768475 -0.00110303 -0.00086251 -0.00117818 -0.00110303 -0.00153009 0 -0.000200778 0 -0.000177313 -0.000200778 -0.000242031 -0.000177313 -0.000208932 0 -0.000177313 0 -0.000117719 -0.000177313 -0.000208932 -0.000117719 -0.000137521 -0.000242031 -0.000270778 -0.000208932 -0.000262834 -0.000270778 -0.000357828 -0.000262834 -0.000386174 -0.000208932 -0.000262834 -0.000137521 -0.000226099 -0.000262834 -0.000386174 -0.000226099 -0.000387557 0 -0.000117719 0 1.09513e-05 -0.000117719 -0.000137521 1.09513e-05 -3.08409e-05 0 1.09513e-05 0 0.000252424 1.09513e-05 -3.08409e-05 0.000252424 0.000106132 -0.000137521 -0.000226099 -3.08409e-05 -0.000165543 -0.000226099 -0.000387557 -0.000165543 -0.000364045 -3.08409e-05 -0.000165543 0.000106132 -9.0476e-05 -0.000165543 -0.000364045 -9.0476e-05 -0.000319689 -0.000357828 -0.000521716 -0.000386174 -0.000592883 -0.000521716 -0.000768475 -0.000592883 -0.000894402 -0.000386174 -0.000592883 -0.000387557 -0.000632894 -0.000592883 -0.000894402 -0.000632894 -0.000981002 -0.000768475 -0.00110303 -0.000894402 -0.00130507 -0.00110303 -0.00153009 -0.00130507 -0.0018412 -0.000894402 -0.00130507 -0.000981002 -0.00145775 -0.00130507 -0.0018412 -0.00145775 -0.00209444 -0.000387557 -0.000632894 -0.000364045 -0.00064005 -0.000632894 -0.000981002 -0.00064005 -0.00102242 -0.000364045 -0.00064005 -0.000319689 -0.000613825 -0.00064005 -0.00102242 -0.000613825 -0.00101372 -0.000981002 -0.00145775 -0.00102242 -0.00154941 -0.00145775 -0.00209444 -0.00154941 -0.00226963 -0.00102242 -0.00154941 -0.00101372 -0.00156848 -0.00154941 -0.00226963 -0.00156848 -0.0023438 0 0 -0.000404181 -0.000514561 0 0 -0.000514561 -0.000628536 -0.000404181 -0.000514561 -0.000799346 -0.00103443 -0.000514561 -0.000628536 -0.00103443 -0.00128742 0 0 -0.000628536 -0.000736854 0 0 -0.000736854 -0.000815179 -0.000628536 -0.000736854 -0.00128742 -0.00153434 -0.000736854 -0.000815179 -0.00153434 -0.00171459 -0.000799346 -0.00103443 -0.00117818 -0.00155058 -0.00103443 -0.00128742 -0.00155058 -0.00196443 -0.00117818 -0.00155058 -0.00153009 -0.00204967 -0.00155058 -0.00196443 -0.00204967 -0.002644 -0.00128742 -0.00153434 -0.00196443 -0.00237629 -0.00153434 -0.00171459 -0.00237629 -0.00267976 -0.00196443 -0.00237629 -0.002644 -0.00324704 -0.00237629 -0.00267976 -0.00324704 -0.00369815 0 0 -0.000815179 -0.000810493 0 0 -0.000810493 -0.000651796 -0.000815179 -0.000810493 -0.00171459 -0.00171059 -0.000810493 -0.000651796 -0.00171059 -0.00137776 0 0 -0.000651796 -0.000301968 0 0 -0.000301968 0.000184931 -0.000651796 -0.000301968 -0.00137776 -0.000648998 -0.000301968 0.000184931 -0.000648998 0.000358808 -0.00171459 -0.00171059 -0.00267976 -0.00268342 -0.00171059 -0.00137776 -0.00268342 -0.00216628 -0.00267976 -0.00268342 -0.00369815 -0.00372221 -0.00268342 -0.00216628 -0.00372221 -0.00301613 -0.00137776 -0.000648998 -0.00216628 -0.00103566 -0.000648998 0.000358808 -0.00103566 0.000521817 -0.00216628 -0.00103566 -0.00301613 -0.00146295 -0.00103566 0.000521817 -0.00146295 0.000674152 -0.00153009 -0.00204967 -0.0018412 -0.00251359 -0.00204967 -0.002644 -0.00251359 -0.00330597 -0.0018412 -0.00251359 -0.00209444 -0.00291863 -0.00251359 -0.00330597 -0.00291863 -0.00392344 -0.002644 -0.00324704 -0.00330597 -0.00412955 -0.00324704 -0.00369815 -0.00412955 -0.00476223 -0.00330597 -0.00412955 -0.00392344 -0.00500276 -0.00412955 -0.00476223 -0.00500276 -0.00586845 -0.00209444 -0.00291863 -0.00226963 -0.00323434 -0.00291863 -0.00392344 -0.00323434 -0.0044596 -0.00226963 -0.00323434 -0.0023438 -0.00342165 -0.00323434 -0.0044596 -0.00342165 -0.00486174 -0.00392344 -0.00500276 -0.0044596 -0.00583723 -0.00500276 -0.00586845 -0.00583723 -0.00701534 -0.0044596 -0.00583723 -0.00486174 -0.00658632 -0.00583723 -0.00701534 -0.00658632 -0.00819902 -0.00369815 -0.00372221 -0.00476223 -0.00483196 -0.00372221 -0.00301613 -0.00483196 -0.00394054 -0.00476223 -0.00483196 -0.00586845 -0.00603231 -0.00483196 -0.00394054 -0.00603231 -0.00497335 -0.00301613 -0.00146295 -0.00394054 -0.00194192 -0.00146295 0.000674152 -0.00194192 0.000816013 -0.00394054 -0.00194192 -0.00497335 -0.00249889 -0.00194192 0.000816013 -0.00249889 0.0009476 -0.00586845 -0.00603231 -0.00701534 -0.0073619 -0.00603231 -0.00497335 -0.0073619 -0.00617885 -0.00701534 -0.0073619 -0.00819902 -0.0088874 -0.0073619 -0.00617885 -0.0088874 -0.00767369 -0.00497335 -0.00249889 -0.00617885 -0.00318388 -0.00249889 0.0009476 -0.00318388 0.0010691 -0.00617885 -0.00318388 -0.00767369 -0.00408999 -0.00318388 0.0010691 -0.00408999 0.00118067 0 0 0.000184931 0.000670545 0 0 0.000670545 0.00101676 0.000184931 0.000670545 0.000358808 0.00136406 0.000670545 0.00101676 0.00136406 0.00208564 0 0 0.00101676 0.00117005 0 0 0.00117005 0.00116798 0.00101676 0.00117005 0.00208564 0.0024077 0.00117005 0.00116798 0.0024077 0.00239828 0.000358808 0.00136406 0.000521817 0.00207547 0.00136406 0.00208564 0.00207547 0.00319532 0.000521817 0.00207547 0.000674152 0.00280611 0.00207547 0.00319532 0.00280611 0.00434483 0.00208564 0.0024077 0.00319532 0.00369636 0.0024077 0.00239828 0.00369636 0.00367275 0.00319532 0.00369636 0.00434483 0.00502948 0.00369636 0.00367275 0.00502948 0.00497911 0 0 0.00116798 0.00108168 0 0 0.00108168 0.000963989 0.00116798 0.00108168 0.00239828 0.00220229 0.00108168 0.000963989 0.00220229 0.00193698 0 0 0.000963989 0.000838744 0 0 0.000838744 0.000714367 0.000963989 0.000838744 0.00193698 0.00166196 0.000838744 0.000714367 0.00166196 0.00139958 0.00239828 0.00220229 0.00367275 0.00334609 0.00220229 0.00193698 0.00334609 0.00290731 0.00367275 0.00334609 0.00497911 0.00449775 0.00334609 0.00290731 0.00449775 0.00385992 0.00193698 0.00166196 0.00290731 0.0024614 0.00166196 0.00139958 0.0024614 0.00204945 0.00290731 0.0024614 0.00385992 0.00322442 0.0024614 0.00204945 0.00322442 0.00265433 0.000674152 0.00280611 0.000816013 0.00356739 0.00280611 0.00434483 0.00356739 0.00554772 0.000816013 0.00356739 0.0009476 0.004386 0.00356739 0.00554772 0.004386 0.00683808 0.00434483 0.00502948 0.00554772 0.00641228 0.00502948 0.00497911 0.00641228 0.00631006 0.00554772 0.00641228 0.00683808 0.0078646 0.00641228 0.00631006 0.0078646 0.0076622 0.0009476 0.004386 0.0010691 0.00531232 0.004386 0.00683808 0.00531232 0.00828046 0.0010691 0.00531232 0.00118067 0.00643973 0.00531232 0.00828046 0.00643973 0.00999176 0.00683808 0.0078646 0.00828046 0.00942522 0.0078646 0.0076622 0.00942522 0.00903419 0.00828046 0.00942522 0.00999176 0.011161 0.00942522 0.00903419 0.011161 0.0104222 0.00497911 0.00449775 0.00631006 0.00564054 0.00449775 0.00385992 0.00564054 0.00477509 0.00631006 0.00564054 0.0076622 0.00675363 0.00564054 0.00477509 0.00675363 0.00562629 0.00385992 0.00322442 0.00477509 0.00393354 0.00322442 0.00265433 0.00393354 0.00320119 0.00477509 0.00393354 0.00562629 0.00456558 0.00393354 0.00320119 0.00456558 0.00367361 0.0076622 0.00675363 0.00903419 0.00780774 0.00675363 0.00562629 0.00780774 0.00637698 0.00903419 0.00780774 0.0104222 0.00875631 0.00780774 0.00637698 0.00875631 0.00697462 0.00562629 0.00456558 0.00637698 0.00509051 0.00456558 0.00367361 0.00509051 0.00405195 0.00637698 0.00509051 0.00697462 0.0054696 0.00509051 0.00405195 0.0054696 0.00431371 0 0 0.000714367 0.000595525 0 0 0.000595525 0.000485777 0.000714367 0.000595525 0.00139958 0.00115823 0.000595525 0.000485777 0.00115823 0.000941337 0 0 0.000485777 0.000386312 0 0 0.000386312 0.000295483 0.000485777 0.000386312 0.000941337 0.000748042 0.000386312 0.000295483 0.000748042 0.000573357 0.00139958 0.00115823 0.00204945 0.00168311 0.00115823 0.000941337 0.00168311 0.00136266 0.00204945 0.00168311 0.00265433 0.0021632 0.00168311 0.00136266 0.0021632 0.00174484 0.000941337 0.000748042 0.00136266 0.00108223 0.000748042 0.000573357 0.00108223 0.000831722 0.00136266 0.00108223 0.00174484 0.00138557 0.00108223 0.000831722 0.00138557 0.00106852 0 0 0.000295483 0.000210407 0 0 0.000210407 0.000131149 0.000295483 0.000210407 0.000573357 0.000410657 0.000210407 0.000131149 0.000410657 0.000257426 0 0 0.000131149 6.54362e-05 0 0 6.54362e-05 0 0.000131149 6.54362e-05 0.000257426 0.000121734 6.54362e-05 0 0.000121734 0 0.000573357 0.000410657 0.000831722 0.000599555 0.000410657 0.000257426 0.000599555 0.000378071 0.000831722 0.000599555 0.00106852 0.000776223 0.000599555 0.000378071 0.000776223 0.000494004 0.000257426 0.000121734 0.000378071 0.000172529 0.000121734 0 0.000172529 0 0.000378071 0.000172529 0.000494004 0.000221662 0.000172529 0 0.000221662 0 0.00265433 0.0021632 0.00320119 0.00258972 0.0021632 0.00174484 0.00258972 0.00208228 0.00320119 0.00258972 0.00367361 0.00295243 0.00258972 0.00208228 0.00295243 0.00236892 0.00174484 0.00138557 0.00208228 0.0016545 0.00138557 0.00106852 0.0016545 0.00128156 0.00208228 0.0016545 0.00236892 0.0018854 0.0016545 0.00128156 0.0018854 0.00146857 0.00367361 0.00295243 0.00405195 0.00324015 0.00295243 0.00236892 0.00324015 0.00259876 0.00405195 0.00324015 0.00431371 0.00344168 0.00324015 0.00259876 0.00344168 0.00276656 0.00236892 0.0018854 0.00259876 0.00207487 0.0018854 0.00146857 0.00207487 0.00162728 0.00259876 0.00207487 0.00276656 0.00222012 0.00207487 0.00162728 0.00222012 0.0017555 0.00106852 0.000776223 0.00128156 0.0009399 0.000776223 0.000494004 0.0009399 0.000607509 0.00128156 0.0009399 0.00146857 0.00108958 0.0009399 0.000607509 0.00108958 0.000720978 0.000494004 0.000221662 0.000607509 0.000273312 0.000221662 0 0.000273312 0 0.000607509 0.000273312 0.000720978 0.000334586 0.000273312 0 0.000334586 0 0.00146857 0.00108958 0.00162728 0.0012237 0.00108958 0.000720978 0.0012237 0.000834093 0.00162728 0.0012237 0.0017555 0.00133981 0.0012237 0.000834093 0.00133981 0.000946724 0.000720978 0.000334586 0.000834093 0.000420241 0.000334586 0 0.000420241 0 0.000834093 0.000420241 0.000946724 0.000544215 0.000420241 0 0.000544215 0 0 0.000252424 0 0.000146785 0.000252424 0.000106132 0.000146785 6.69013e-05 0 0.000146785 0 6.65869e-05 0.000146785 6.69013e-05 6.65869e-05 2.25867e-05 0.000106132 -9.0476e-05 6.69013e-05 -0.000110789 -9.0476e-05 -0.000319689 -0.000110789 -0.000355767 6.69013e-05 -0.000110789 2.25867e-05 -0.00014148 -0.000110789 -0.000355767 -0.00014148 -0.000397507 0 6.65869e-05 0 2.28544e-05 6.65869e-05 2.25867e-05 2.28544e-05 -1.78197e-05 0 2.28544e-05 0 3.84183e-08 2.28544e-05 -1.78197e-05 3.84183e-08 -5.06516e-05 2.25867e-05 -0.00014148 -1.78197e-05 -0.000175599 -0.00014148 -0.000397507 -0.000175599 -0.000440217 -1.78197e-05 -0.000175599 -5.06516e-05 -0.000208112 -0.000175599 -0.000440217 -0.000208112 -0.00048 -0.000319689 -0.000613825 -0.000355767 -0.000685242 -0.000613825 -0.00101372 -0.000685242 -0.0011323 -0.000355767 -0.000685242 -0.000397507 -0.000754887 -0.000685242 -0.0011323 -0.000754887 -0.0012396 -0.00101372 -0.00156848 -0.0011323 -0.0017383 -0.00156848 -0.0023438 -0.0017383 -0.0025526 -0.0011323 -0.0017383 -0.0012396 -0.00188419 -0.0017383 -0.0025526 -0.00188419 -0.00272166 -0.000397507 -0.000754887 -0.000440217 -0.000819353 -0.000754887 -0.0012396 -0.000819353 -0.00133334 -0.000440217 -0.000819353 -0.00048 -0.000875793 -0.000819353 -0.00133334 -0.000875793 -0.00141181 -0.0012396 -0.00188419 -0.00133334 -0.00200608 -0.00188419 -0.00272166 -0.00200608 -0.00285555 -0.00133334 -0.00200608 -0.00141181 -0.00210435 -0.00200608 -0.00285555 -0.00210435 -0.0029585 0 3.84183e-08 0 -1.23627e-05 3.84183e-08 -5.06516e-05 -1.23627e-05 -7.50693e-05 0 -1.23627e-05 0 -1.92995e-05 -1.23627e-05 -7.50693e-05 -1.92995e-05 -9.16589e-05 -5.06516e-05 -0.000208112 -7.50693e-05 -0.000235716 -0.000208112 -0.00048 -0.000235716 -0.000513807 -7.50693e-05 -0.000235716 -9.16589e-05 -0.000256441 -0.000235716 -0.000513807 -0.000256441 -0.000539412 0 -1.92995e-05 0 -2.29006e-05 -1.92995e-05 -9.16589e-05 -2.29006e-05 -0.000101238 0 -2.29006e-05 0 -2.40242e-05 -2.29006e-05 -0.000101238 -2.40242e-05 -0.000104368 -9.16589e-05 -0.000256441 -0.000101238 -0.000269214 -0.000256441 -0.000539412 -0.000269214 -0.000555333 -0.000101238 -0.000269214 -0.000104368 -0.000273521 -0.000269214 -0.000555333 -0.000273521 -0.000560731 -0.00048 -0.000875793 -0.000513807 -0.000921929 -0.000875793 -0.00141181 -0.000921929 -0.00147384 -0.000513807 -0.000921929 -0.000539412 -0.000956051 -0.000921929 -0.00147384 -0.000956051 -0.00151864 -0.00141181 -0.00210435 -0.00147384 -0.00217968 -0.00210435 -0.0029585 -0.00217968 -0.00303431 -0.00147384 -0.00217968 -0.00151864 -0.00223284 -0.00217968 -0.00303431 -0.00223284 -0.00308613 -0.000539412 -0.000956051 -0.000555333 -0.00097698 -0.000956051 -0.00151864 -0.00097698 -0.00154569 -0.000555333 -0.00097698 -0.000560731 -0.000984032 -0.00097698 -0.00154569 -0.000984032 -0.00155474 -0.00151864 -0.00223284 -0.00154569 -0.00226444 -0.00223284 -0.00308613 -0.00226444 -0.00311627 -0.00154569 -0.00226444 -0.00155474 -0.00227493 -0.00226444 -0.00311627 -0.00227493 -0.00312616 -0.0023438 -0.00342165 -0.0025526 -0.00362281 -0.00342165 -0.00486174 -0.00362281 -0.0049534 -0.0025526 -0.00362281 -0.00272166 -0.00377002 -0.00362281 -0.0049534 -0.00377002 -0.00499259 -0.00486174 -0.00658632 -0.0049534 -0.0064136 -0.00658632 -0.00819902 -0.0064136 -0.0076198 -0.0049534 -0.0064136 -0.00499259 -0.00622744 -0.0064136 -0.0076198 -0.00622744 -0.00711594 -0.00272166 -0.00377002 -0.00285555 -0.00387541 -0.00377002 -0.00499259 -0.00387541 -0.00499909 -0.00285555 -0.00387541 -0.0029585 -0.00394874 -0.00387541 -0.00499909 -0.00394874 -0.0049874 -0.00499259 -0.00622744 -0.00499909 -0.00604762 -0.00622744 -0.00711594 -0.00604762 -0.00669091 -0.00499909 -0.00604762 -0.0049874 -0.0058873 -0.00604762 -0.00669091 -0.0058873 -0.00634551 -0.00819902 -0.0088874 -0.0076198 -0.00790974 -0.0088874 -0.00767369 -0.00790974 -0.00657318 -0.0076198 -0.00790974 -0.00711594 -0.00711854 -0.00790974 -0.00657318 -0.00711854 -0.00571718 -0.00767369 -0.00408999 -0.00657318 -0.00334389 -0.00408999 0.00118067 -0.00334389 0.00118693 -0.00657318 -0.00334389 -0.00571718 -0.00277549 -0.00334389 0.00118693 -0.00277549 0.00119311 -0.00711594 -0.00711854 -0.00669091 -0.00648682 -0.00711854 -0.00571718 -0.00648682 -0.005055 -0.00669091 -0.00648682 -0.00634551 -0.0059947 -0.00648682 -0.005055 -0.0059947 -0.004552 -0.00571718 -0.00277549 -0.005055 -0.00234311 -0.00277549 0.00119311 -0.00234311 0.00119887 -0.005055 -0.00234311 -0.004552 -0.00201905 -0.00234311 0.00119887 -0.00201905 0.00120393 -0.0029585 -0.00394874 -0.00303431 -0.00399785 -0.00394874 -0.0049874 -0.00399785 -0.00496832 -0.00303431 -0.00399785 -0.00308613 -0.00402873 -0.00399785 -0.00496832 -0.00402873 -0.00494958 -0.0049874 -0.0058873 -0.00496832 -0.00575536 -0.0058873 -0.00634551 -0.00575536 -0.00607898 -0.00496832 -0.00575536 -0.00494958 -0.0056576 -0.00575536 -0.00607898 -0.0056576 -0.00588997 -0.00308613 -0.00402873 -0.00311627 -0.00404561 -0.00402873 -0.00494958 -0.00404561 -0.00493636 -0.00311627 -0.00404561 -0.00312616 -0.00405096 -0.00404561 -0.00493636 -0.00405096 -0.00493162 -0.00494958 -0.0056576 -0.00493636 -0.00559764 -0.0056576 -0.00588997 -0.00559764 -0.00577717 -0.00493636 -0.00559764 -0.00493162 -0.00557744 -0.00559764 -0.00577717 -0.00557744 -0.00573968 -0.00634551 -0.0059947 -0.00607898 -0.00562686 -0.0059947 -0.004552 -0.00562686 -0.00418326 -0.00607898 -0.00562686 -0.00588997 -0.00537189 -0.00562686 -0.00418326 -0.00537189 -0.00393129 -0.004552 -0.00201905 -0.00418326 -0.00178395 -0.00201905 0.00120393 -0.00178395 0.00120809 -0.00418326 -0.00178395 -0.00393129 -0.00162451 -0.00178395 0.00120809 -0.00162451 0.00121118 -0.00588997 -0.00537189 -0.00577717 -0.00522197 -0.00537189 -0.00393129 -0.00522197 -0.0037845 -0.00577717 -0.00522197 -0.00573968 -0.0051725 -0.00522197 -0.0037845 -0.0051725 -0.00373629 -0.00393129 -0.00162451 -0.0037845 -0.00153209 -0.00162451 0.00121118 -0.00153209 0.00121307 -0.0037845 -0.00153209 -0.00373629 -0.00150181 -0.00153209 0.00121307 -0.00150181 0.00121371 0.00118067 0.00643973 0.00118693 0.00570815 0.00643973 0.00999176 0.00570815 0.00891099 0.00118693 0.00570815 0.00119311 0.00515369 0.00570815 0.00891099 0.00515369 0.00807309 0.00999176 0.011161 0.00891099 0.0102097 0.011161 0.0104222 0.0102097 0.00987582 0.00891099 0.0102097 0.00807309 0.00944203 0.0102097 0.00987582 0.00944203 0.0094009 0.00119311 0.00515369 0.00119887 0.00473407 0.00515369 0.00807309 0.00473407 0.00742697 0.00119887 0.00473407 0.00120393 0.0044211 0.00473407 0.00742697 0.0044211 0.0069376 0.00807309 0.00944203 0.00742697 0.00883072 0.00944203 0.0094009 0.00883072 0.00900072 0.00742697 0.00883072 0.0069376 0.00835565 0.00883072 0.00900072 0.00835565 0.00867588 0.0104222 0.00875631 0.00987582 0.00862202 0.00875631 0.00697462 0.00862202 0.00710949 0.00987582 0.00862202 0.0094009 0.00846956 0.00862202 0.00710949 0.00846956 0.00718627 0.00697462 0.0054696 0.00710949 0.00571795 0.0054696 0.00431371 0.00571795 0.00457253 0.00710949 0.00571795 0.00718627 0.00590562 0.00571795 0.00457253 0.00590562 0.00478336 0.0094009 0.00846956 0.00900072 0.00831848 0.00846956 0.00718627 0.00831848 0.00722459 0.00900072 0.00831848 0.00867588 0.00818183 0.00831848 0.00722459 0.00818183 0.0072389 0.00718627 0.00590562 0.00722459 0.00604478 0.00590562 0.00478336 0.00604478 0.00495122 0.00722459 0.00604478 0.0072389 0.00614533 0.00604478 0.00495122 0.00614533 0.00508091 0.00120393 0.0044211 0.00120809 0.00419501 0.0044211 0.0069376 0.00419501 0.00657978 0.00120809 0.00419501 0.00121118 0.00404223 0.00419501 0.00657978 0.00404223 0.00633577 0.0069376 0.00835565 0.00657978 0.00800128 0.00835565 0.00867588 0.00800128 0.00842549 0.00657978 0.00800128 0.00633577 0.00775606 0.00800128 0.00842549 0.00775606 0.00824808 0.00121118 0.00404223 0.00121307 0.00395388 0.00404223 0.00633577 0.00395388 0.00619382 0.00121307 0.00395388 0.00121371 0.00392497 0.00395388 0.00619382 0.00392497 0.00614723 0.00633577 0.00775606 0.00619382 0.00761202 0.00775606 0.00824808 0.00761202 0.00814228 0.00619382 0.00761202 0.00614723 0.00756452 0.00761202 0.00814228 0.00756452 0.00810712 0.00867588 0.00818183 0.00842549 0.00806835 0.00818183 0.0072389 0.00806835 0.00723999 0.00842549 0.00806835 0.00824808 0.00798382 0.00806835 0.00723999 0.00798382 0.00723561 0.0072389 0.00614533 0.00723999 0.00621533 0.00614533 0.00508091 0.00621533 0.0051768 0.00723999 0.00621533 0.00723561 0.00626096 0.00621533 0.0051768 0.00626096 0.00524254 0.00824808 0.00798382 0.00814228 0.0079318 0.00798382 0.00723561 0.0079318 0.00723099 0.00814228 0.0079318 0.00810712 0.00791426 0.0079318 0.00723099 0.00791426 0.00722912 0.00723561 0.00626096 0.00723099 0.00628661 0.00626096 0.00524254 0.00628661 0.00528087 0.00723099 0.00628661 0.00722912 0.00629487 0.00628661 0.00528087 0.00629487 0.00529345 0.00431371 0.00344168 0.00457253 0.00366221 0.00344168 0.00276656 0.00366221 0.0029328 0.00457253 0.00366221 0.00478336 0.00384852 0.00366221 0.0029328 0.00384852 0.00307473 0.00276656 0.00222012 0.0029328 0.0023297 0.00222012 0.0017555 0.0023297 0.00180897 0.0029328 0.0023297 0.00307473 0.00242088 0.0023297 0.00180897 0.00242088 0.00184758 0.00478336 0.00384852 0.00495122 0.00400173 0.00384852 0.00307473 0.00400173 0.00319247 0.00495122 0.00400173 0.00508091 0.00412347 0.00400173 0.00319247 0.00412347 0.00328676 0.00307473 0.00242088 0.00319247 0.00249481 0.00242088 0.00184758 0.00249481 0.00187464 0.00319247 0.00249481 0.00328676 0.00255284 0.00249481 0.00187464 0.00255284 0.00189309 0.0017555 0.00133981 0.00180897 0.00133649 0.00133981 0.000946724 0.00133649 0.000883695 0.00180897 0.00133649 0.00184758 0.00132168 0.00133649 0.000883695 0.00132168 0.00081731 0.000946724 0.000544215 0.000883695 0.000425205 0.000544215 0 0.000425205 0 0.000883695 0.000425205 0.00081731 0.000323911 0.000425205 0 0.000323911 0 0.00184758 0.00132168 0.00187464 0.00130194 0.00132168 0.00081731 0.00130194 0.000758432 0.00187464 0.00130194 0.00189309 0.00128201 0.00130194 0.000758432 0.00128201 0.000711433 0.00081731 0.000323911 0.000758432 0.000260585 0.000323911 0 0.000260585 0 0.000758432 0.000260585 0.000711433 0.000223358 0.000260585 0 0.000223358 0 0.00508091 0.00412347 0.0051768 0.00421564 0.00412347 0.00328676 0.00421564 0.00335859 0.0051768 0.00421564 0.00524254 0.00428 0.00421564 0.00335859 0.00428 0.003409 0.00328676 0.00255284 0.00335859 0.00259633 0.00255284 0.00189309 0.00259633 0.00190527 0.00335859 0.00259633 0.003409 0.00262647 0.00259633 0.00190527 0.00262647 0.00191287 0.00524254 0.00428 0.00528087 0.00431801 0.00428 0.003409 0.00431801 0.00343886 0.00528087 0.00431801 0.00529345 0.00433057 0.00431801 0.00343886 0.00433057 0.00344875 0.003409 0.00262647 0.00343886 0.00264417 0.00262647 0.00191287 0.00264417 0.00191701 0.00343886 0.00264417 0.00344875 0.00265001 0.00264417 0.00191701 0.00265001 0.00191833 0.00189309 0.00128201 0.00190527 0.00126485 0.00128201 0.000711433 0.00126485 0.00067707 0.00190527 0.00126485 0.00191287 0.00125201 0.00126485 0.00067707 0.00125201 0.000654158 0.000711433 0.000223358 0.00067707 0.000201435 0.000223358 0 0.000201435 0 0.00067707 0.000201435 0.000654158 0.000188698 0.000201435 0 0.000188698 0 0.00191287 0.00125201 0.00191701 0.00124416 0.00125201 0.000654158 0.00124416 0.000641152 0.00191701 0.00124416 0.00191833 0.00124153 0.00124416 0.000641152 0.00124153 0.000636947 0.000654158 0.000188698 0.000641152 0.00018202 0.000188698 0 0.00018202 0 0.000641152 0.00018202 0.000636947 0.000179938 0.00018202 0 0.000179938 0 0 -2.40242e-05 0 -2.29006e-05 -2.40242e-05 -0.000104368 -2.29006e-05 -0.000101238 0 -2.29006e-05 0 -1.92995e-05 -2.29006e-05 -0.000101238 -1.92995e-05 -9.16589e-05 -0.000104368 -0.000273521 -0.000101238 -0.000269214 -0.000273521 -0.000560731 -0.000269214 -0.000555333 -0.000101238 -0.000269214 -9.16589e-05 -0.000256441 -0.000269214 -0.000555333 -0.000256441 -0.000539412 0 -1.92995e-05 0 -1.23627e-05 -1.92995e-05 -9.16589e-05 -1.23627e-05 -7.50693e-05 0 -1.23627e-05 0 3.84183e-08 -1.23627e-05 -7.50693e-05 3.84183e-08 -5.06516e-05 -9.16589e-05 -0.000256441 -7.50693e-05 -0.000235716 -0.000256441 -0.000539412 -0.000235716 -0.000513807 -7.50693e-05 -0.000235716 -5.06516e-05 -0.000208112 -0.000235716 -0.000513807 -0.000208112 -0.00048 -0.000560731 -0.000984032 -0.000555333 -0.00097698 -0.000984032 -0.00155474 -0.00097698 -0.00154569 -0.000555333 -0.00097698 -0.000539412 -0.000956051 -0.00097698 -0.00154569 -0.000956051 -0.00151864 -0.00155474 -0.00227493 -0.00154569 -0.00226444 -0.00227493 -0.00312616 -0.00226444 -0.00311627 -0.00154569 -0.00226444 -0.00151864 -0.00223284 -0.00226444 -0.00311627 -0.00223284 -0.00308613 -0.000539412 -0.000956051 -0.000513807 -0.000921929 -0.000956051 -0.00151864 -0.000921929 -0.00147384 -0.000513807 -0.000921929 -0.00048 -0.000875793 -0.000921929 -0.00147384 -0.000875793 -0.00141181 -0.00151864 -0.00223284 -0.00147384 -0.00217968 -0.00223284 -0.00308613 -0.00217968 -0.00303431 -0.00147384 -0.00217968 -0.00141181 -0.00210435 -0.00217968 -0.00303431 -0.00210435 -0.0029585 0 3.84183e-08 0 2.28544e-05 3.84183e-08 -5.06516e-05 2.28544e-05 -1.78197e-05 0 2.28544e-05 0 6.65869e-05 2.28544e-05 -1.78197e-05 6.65869e-05 2.25867e-05 -5.06516e-05 -0.000208112 -1.78197e-05 -0.000175599 -0.000208112 -0.00048 -0.000175599 -0.000440217 -1.78197e-05 -0.000175599 2.25867e-05 -0.00014148 -0.000175599 -0.000440217 -0.00014148 -0.000397507 0 6.65869e-05 0 0.000146785 6.65869e-05 2.25867e-05 0.000146785 6.69013e-05 0 0.000146785 0 0.000252424 0.000146785 6.69013e-05 0.000252424 0.000106132 2.25867e-05 -0.00014148 6.69013e-05 -0.000110789 -0.00014148 -0.000397507 -0.000110789 -0.000355767 6.69013e-05 -0.000110789 0.000106132 -9.0476e-05 -0.000110789 -0.000355767 -9.0476e-05 -0.000319689 -0.00048 -0.000875793 -0.000440217 -0.000819353 -0.000875793 -0.00141181 -0.000819353 -0.00133334 -0.000440217 -0.000819353 -0.000397507 -0.000754887 -0.000819353 -0.00133334 -0.000754887 -0.0012396 -0.00141181 -0.00210435 -0.00133334 -0.00200608 -0.00210435 -0.0029585 -0.00200608 -0.00285555 -0.00133334 -0.00200608 -0.0012396 -0.00188419 -0.00200608 -0.00285555 -0.00188419 -0.00272166 -0.000397507 -0.000754887 -0.000355767 -0.000685242 -0.000754887 -0.0012396 -0.000685242 -0.0011323 -0.000355767 -0.000685242 -0.000319689 -0.000613825 -0.000685242 -0.0011323 -0.000613825 -0.00101372 -0.0012396 -0.00188419 -0.0011323 -0.0017383 -0.00188419 -0.00272166 -0.0017383 -0.0025526 -0.0011323 -0.0017383 -0.00101372 -0.00156848 -0.0017383 -0.0025526 -0.00156848 -0.0023438 -0.00312616 -0.00405096 -0.00311627 -0.00404561 -0.00405096 -0.00493162 -0.00404561 -0.00493636 -0.00311627 -0.00404561 -0.00308613 -0.00402873 -0.00404561 -0.00493636 -0.00402873 -0.00494958 -0.00493162 -0.00557744 -0.00493636 -0.00559764 -0.00557744 -0.00573968 -0.00559764 -0.00577717 -0.00493636 -0.00559764 -0.00494958 -0.0056576 -0.00559764 -0.00577717 -0.0056576 -0.00588997 -0.00308613 -0.00402873 -0.00303431 -0.00399785 -0.00402873 -0.00494958 -0.00399785 -0.00496832 -0.00303431 -0.00399785 -0.0029585 -0.00394874 -0.00399785 -0.00496832 -0.00394874 -0.0049874 -0.00494958 -0.0056576 -0.00496832 -0.00575536 -0.0056576 -0.00588997 -0.00575536 -0.00607898 -0.00496832 -0.00575536 -0.0049874 -0.0058873 -0.00575536 -0.00607898 -0.0058873 -0.00634551 -0.00573968 -0.0051725 -0.00577717 -0.00522197 -0.0051725 -0.00373629 -0.00522197 -0.0037845 -0.00577717 -0.00522197 -0.00588997 -0.00537189 -0.00522197 -0.0037845 -0.00537189 -0.00393129 -0.00373629 -0.00150181 -0.0037845 -0.00153209 -0.00150181 0.00121371 -0.00153209 0.00121307 -0.0037845 -0.00153209 -0.00393129 -0.00162451 -0.00153209 0.00121307 -0.00162451 0.00121118 -0.00588997 -0.00537189 -0.00607898 -0.00562686 -0.00537189 -0.00393129 -0.00562686 -0.00418326 -0.00607898 -0.00562686 -0.00634551 -0.0059947 -0.00562686 -0.00418326 -0.0059947 -0.004552 -0.00393129 -0.00162451 -0.00418326 -0.00178395 -0.00162451 0.00121118 -0.00178395 0.00120809 -0.00418326 -0.00178395 -0.004552 -0.00201905 -0.00178395 0.00120809 -0.00201905 0.00120393 -0.0029585 -0.00394874 -0.00285555 -0.00387541 -0.00394874 -0.0049874 -0.00387541 -0.00499909 -0.00285555 -0.00387541 -0.00272166 -0.00377002 -0.00387541 -0.00499909 -0.00377002 -0.00499259 -0.0049874 -0.0058873 -0.00499909 -0.00604762 -0.0058873 -0.00634551 -0.00604762 -0.00669091 -0.00499909 -0.00604762 -0.00499259 -0.00622744 -0.00604762 -0.00669091 -0.00622744 -0.00711594 -0.00272166 -0.00377002 -0.0025526 -0.00362281 -0.00377002 -0.00499259 -0.00362281 -0.0049534 -0.0025526 -0.00362281 -0.0023438 -0.00342165 -0.00362281 -0.0049534 -0.00342165 -0.00486174 -0.00499259 -0.00622744 -0.0049534 -0.0064136 -0.00622744 -0.00711594 -0.0064136 -0.0076198 -0.0049534 -0.0064136 -0.00486174 -0.00658632 -0.0064136 -0.0076198 -0.00658632 -0.00819902 -0.00634551 -0.0059947 -0.00669091 -0.00648682 -0.0059947 -0.004552 -0.00648682 -0.005055 -0.00669091 -0.00648682 -0.00711594 -0.00711854 -0.00648682 -0.005055 -0.00711854 -0.00571718 -0.004552 -0.00201905 -0.005055 -0.00234311 -0.00201905 0.00120393 -0.00234311 0.00119887 -0.005055 -0.00234311 -0.00571718 -0.00277549 -0.00234311 0.00119887 -0.00277549 0.00119311 -0.00711594 -0.00711854 -0.0076198 -0.00790974 -0.00711854 -0.00571718 -0.00790974 -0.00657318 -0.0076198 -0.00790974 -0.00819902 -0.0088874 -0.00790974 -0.00657318 -0.0088874 -0.00767369 -0.00571718 -0.00277549 -0.00657318 -0.00334389 -0.00277549 0.00119311 -0.00334389 0.00118693 -0.00657318 -0.00334389 -0.00767369 -0.00408999 -0.00334389 0.00118693 -0.00408999 0.00118067 0.00121371 0.00392497 0.00121307 0.00395388 0.00392497 0.00614723 0.00395388 0.00619382 0.00121307 0.00395388 0.00121118 0.00404223 0.00395388 0.00619382 0.00404223 0.00633577 0.00614723 0.00756452 0.00619382 0.00761202 0.00756452 0.00810712 0.00761202 0.00814228 0.00619382 0.00761202 0.00633577 0.00775606 0.00761202 0.00814228 0.00775606 0.00824808 0.00121118 0.00404223 0.00120809 0.00419501 0.00404223 0.00633577 0.00419501 0.00657978 0.00120809 0.00419501 0.00120393 0.0044211 0.00419501 0.00657978 0.0044211 0.0069376 0.00633577 0.00775606 0.00657978 0.00800128 0.00775606 0.00824808 0.00800128 0.00842549 0.00657978 0.00800128 0.0069376 0.00835565 0.00800128 0.00842549 0.00835565 0.00867588 0.00810712 0.00791426 0.00814228 0.0079318 0.00791426 0.00722912 0.0079318 0.00723099 0.00814228 0.0079318 0.00824808 0.00798382 0.0079318 0.00723099 0.00798382 0.00723561 0.00722912 0.00629487 0.00723099 0.00628661 0.00629487 0.00529345 0.00628661 0.00528087 0.00723099 0.00628661 0.00723561 0.00626096 0.00628661 0.00528087 0.00626096 0.00524254 0.00824808 0.00798382 0.00842549 0.00806835 0.00798382 0.00723561 0.00806835 0.00723999 0.00842549 0.00806835 0.00867588 0.00818183 0.00806835 0.00723999 0.00818183 0.0072389 0.00723561 0.00626096 0.00723999 0.00621533 0.00626096 0.00524254 0.00621533 0.0051768 0.00723999 0.00621533 0.0072389 0.00614533 0.00621533 0.0051768 0.00614533 0.00508091 0.00120393 0.0044211 0.00119887 0.00473407 0.0044211 0.0069376 0.00473407 0.00742697 0.00119887 0.00473407 0.00119311 0.00515369 0.00473407 0.00742697 0.00515369 0.00807309 0.0069376 0.00835565 0.00742697 0.00883072 0.00835565 0.00867588 0.00883072 0.00900072 0.00742697 0.00883072 0.00807309 0.00944203 0.00883072 0.00900072 0.00944203 0.0094009 0.00119311 0.00515369 0.00118693 0.00570815 0.00515369 0.00807309 0.00570815 0.00891099 0.00118693 0.00570815 0.00118067 0.00643973 0.00570815 0.00891099 0.00643973 0.00999176 0.00807309 0.00944203 0.00891099 0.0102097 0.00944203 0.0094009 0.0102097 0.00987582 0.00891099 0.0102097 0.00999176 0.011161 0.0102097 0.00987582 0.011161 0.0104222 0.00867588 0.00818183 0.00900072 0.00831848 0.00818183 0.0072389 0.00831848 0.00722459 0.00900072 0.00831848 0.0094009 0.00846956 0.00831848 0.00722459 0.00846956 0.00718627 0.0072389 0.00614533 0.00722459 0.00604478 0.00614533 0.00508091 0.00604478 0.00495122 0.00722459 0.00604478 0.00718627 0.00590562 0.00604478 0.00495122 0.00590562 0.00478336 0.0094009 0.00846956 0.00987582 0.00862202 0.00846956 0.00718627 0.00862202 0.00710949 0.00987582 0.00862202 0.0104222 0.00875631 0.00862202 0.00710949 0.00875631 0.00697462 0.00718627 0.00590562 0.00710949 0.00571795 0.00590562 0.00478336 0.00571795 0.00457253 0.00710949 0.00571795 0.00697462 0.0054696 0.00571795 0.00457253 0.0054696 0.00431371 0.00529345 0.00433057 0.00528087 0.00431801 0.00433057 0.00344875 0.00431801 0.00343886 0.00528087 0.00431801 0.00524254 0.00428 0.00431801 0.00343886 0.00428 0.003409 0.00344875 0.00265001 0.00343886 0.00264417 0.00265001 0.00191833 0.00264417 0.00191701 0.00343886 0.00264417 0.003409 0.00262647 0.00264417 0.00191701 0.00262647 0.00191287 0.00524254 0.00428 0.0051768 0.00421564 0.00428 0.003409 0.00421564 0.00335859 0.0051768 0.00421564 0.00508091 0.00412347 0.00421564 0.00335859 0.00412347 0.00328676 0.003409 0.00262647 0.00335859 0.00259633 0.00262647 0.00191287 0.00259633 0.00190527 0.00335859 0.00259633 0.00328676 0.00255284 0.00259633 0.00190527 0.00255284 0.00189309 0.00191833 0.00124153 0.00191701 0.00124416 0.00124153 0.000636947 0.00124416 0.000641152 0.00191701 0.00124416 0.00191287 0.00125201 0.00124416 0.000641152 0.00125201 0.000654158 0.000636947 0.000179938 0.000641152 0.00018202 0.000179938 0 0.00018202 0 0.000641152 0.00018202 0.000654158 0.000188698 0.00018202 0 0.000188698 0 0.00191287 0.00125201 0.00190527 0.00126485 0.00125201 0.000654158 0.00126485 0.00067707 0.00190527 0.00126485 0.00189309 0.00128201 0.00126485 0.00067707 0.00128201 0.000711433 0.000654158 0.000188698 0.00067707 0.000201435 0.000188698 0 0.000201435 0 0.00067707 0.000201435 0.000711433 0.000223358 0.000201435 0 0.000223358 0 0.00508091 0.00412347 0.00495122 0.00400173 0.00412347 0.00328676 0.00400173 0.00319247 0.00495122 0.00400173 0.00478336 0.00384852 0.00400173 0.00319247 0.00384852 0.00307473 0.00328676 0.00255284 0.00319247 0.00249481 0.00255284 0.00189309 0.00249481 0.00187464 0.00319247 0.00249481 0.00307473 0.00242088 0.00249481 0.00187464 0.00242088 0.00184758 0.00478336 0.00384852 0.00457253 0.00366221 0.00384852 0.00307473 0.00366221 0.0029328 0.00457253 0.00366221 0.00431371 0.00344168 0.00366221 0.0029328 0.00344168 0.00276656 0.00307473 0.00242088 0.0029328 0.0023297 0.00242088 0.00184758 0.0023297 0.00180897 0.0029328 0.0023297 0.00276656 0.00222012 0.0023297 0.00180897 0.00222012 0.0017555 0.00189309 0.00128201 0.00187464 0.00130194 0.00128201 0.000711433 0.00130194 0.000758432 0.00187464 0.00130194 0.00184758 0.00132168 0.00130194 0.000758432 0.00132168 0.00081731 0.000711433 0.000223358 0.000758432 0.000260585 0.000223358 0 0.000260585 0 0.000758432 0.000260585 0.00081731 0.000323911 0.000260585 0 0.000323911 0 0.00184758 0.00132168 0.00180897 0.00133649 0.00132168 0.00081731 0.00133649 0.000883695 0.00180897 0.00133649 0.0017555 0.00133981 0.00133649 0.000883695 0.00133981 0.000946724 0.00081731 0.000323911 0.000883695 0.000425205 0.000323911 0 0.000425205 0 0.000883695 0.000425205 0.000946724 0.000544215 0.000425205 0 0.000544215 0 0 0.000252424 0 1.09513e-05 0.000252424 0.000106132 1.09513e-05 -3.08409e-05 0 1.09513e-05 0 -0.000117719 1.09513e-05 -3.08409e-05 -0.000117719 -0.000137521 0.000106132 -9.0476e-05 -3.08409e-05 -0.000165543 -9.0476e-05 -0.000319689 -0.000165543 -0.000364045 -3.08409e-05 -0.000165543 -0.000137521 -0.000226099 -0.000165543 -0.000364045 -0.000226099 -0.000387557 0 -0.000117719 0 -0.000177313 -0.000117719 -0.000137521 -0.000177313 -0.000208932 0 -0.000177313 0 -0.000200778 -0.000177313 -0.000208932 -0.000200778 -0.000242031 -0.000137521 -0.000226099 -0.000208932 -0.000262834 -0.000226099 -0.000387557 -0.000262834 -0.000386174 -0.000208932 -0.000262834 -0.000242031 -0.000270778 -0.000262834 -0.000386174 -0.000270778 -0.000357828 -0.000319689 -0.000613825 -0.000364045 -0.00064005 -0.000613825 -0.00101372 -0.00064005 -0.00102242 -0.000364045 -0.00064005 -0.000387557 -0.000632894 -0.00064005 -0.00102242 -0.000632894 -0.000981002 -0.00101372 -0.00156848 -0.00102242 -0.00154941 -0.00156848 -0.0023438 -0.00154941 -0.00226963 -0.00102242 -0.00154941 -0.000981002 -0.00145775 -0.00154941 -0.00226963 -0.00145775 -0.00209444 -0.000387557 -0.000632894 -0.000386174 -0.000592883 -0.000632894 -0.000981002 -0.000592883 -0.000894402 -0.000386174 -0.000592883 -0.000357828 -0.000521716 -0.000592883 -0.000894402 -0.000521716 -0.000768475 -0.000981002 -0.00145775 -0.000894402 -0.00130507 -0.00145775 -0.00209444 -0.00130507 -0.0018412 -0.000894402 -0.00130507 -0.000768475 -0.00110303 -0.00130507 -0.0018412 -0.00110303 -0.00153009 0 -0.000200778 0 -0.000200036 -0.000200778 -0.000242031 -0.000200036 -0.000238645 0 -0.000200036 0 -0.00017574 -0.000200036 -0.000238645 -0.00017574 -0.00019903 -0.000242031 -0.000270778 -0.000238645 -0.00024777 -0.000270778 -0.000357828 -0.00024777 -0.000302335 -0.000238645 -0.00024777 -0.00019903 -0.000193691 -0.00024777 -0.000302335 -0.000193691 -0.000221412 0 -0.00017574 0 -0.000117418 -0.00017574 -0.00019903 -0.000117418 -0.000121018 0 -0.000117418 0 0 -0.000117418 -0.000121018 0 0 -0.00019903 -0.000193691 -0.000121018 -0.000109982 -0.000193691 -0.000221412 -0.000109982 -0.000118696 -0.000121018 -0.000109982 0 0 -0.000109982 -0.000118696 0 0 -0.000357828 -0.000521716 -0.000302335 -0.000422257 -0.000521716 -0.000768475 -0.000422257 -0.000609547 -0.000302335 -0.000422257 -0.000221412 -0.00029851 -0.000422257 -0.000609547 -0.00029851 -0.000424141 -0.000768475 -0.00110303 -0.000609547 -0.00086251 -0.00110303 -0.00153009 -0.00086251 -0.00117818 -0.000609547 -0.00086251 -0.000424141 -0.000593255 -0.00086251 -0.00117818 -0.000593255 -0.000799346 -0.000221412 -0.00029851 -0.000118696 -0.000155633 -0.00029851 -0.000424141 -0.000155633 -0.0002188 -0.000118696 -0.000155633 0 0 -0.000155633 -0.0002188 0 0 -0.000424141 -0.000593255 -0.0002188 -0.000303533 -0.000593255 -0.000799346 -0.000303533 -0.000404181 -0.0002188 -0.000303533 0 0 -0.000303533 -0.000404181 0 0 -0.0023438 -0.00342165 -0.00226963 -0.00323434 -0.00342165 -0.00486174 -0.00323434 -0.0044596 -0.00226963 -0.00323434 -0.00209444 -0.00291863 -0.00323434 -0.0044596 -0.00291863 -0.00392344 -0.00486174 -0.00658632 -0.0044596 -0.00583723 -0.00658632 -0.00819902 -0.00583723 -0.00701534 -0.0044596 -0.00583723 -0.00392344 -0.00500276 -0.00583723 -0.00701534 -0.00500276 -0.00586845 -0.00209444 -0.00291863 -0.0018412 -0.00251359 -0.00291863 -0.00392344 -0.00251359 -0.00330597 -0.0018412 -0.00251359 -0.00153009 -0.00204967 -0.00251359 -0.00330597 -0.00204967 -0.002644 -0.00392344 -0.00500276 -0.00330597 -0.00412955 -0.00500276 -0.00586845 -0.00412955 -0.00476223 -0.00330597 -0.00412955 -0.002644 -0.00324704 -0.00412955 -0.00476223 -0.00324704 -0.00369815 -0.00819902 -0.0088874 -0.00701534 -0.0073619 -0.0088874 -0.00767369 -0.0073619 -0.00617885 -0.00701534 -0.0073619 -0.00586845 -0.00603231 -0.0073619 -0.00617885 -0.00603231 -0.00497335 -0.00767369 -0.00408999 -0.00617885 -0.00318388 -0.00408999 0.00118067 -0.00318388 0.0010691 -0.00617885 -0.00318388 -0.00497335 -0.00249889 -0.00318388 0.0010691 -0.00249889 0.0009476 -0.00586845 -0.00603231 -0.00476223 -0.00483196 -0.00603231 -0.00497335 -0.00483196 -0.00394054 -0.00476223 -0.00483196 -0.00369815 -0.00372221 -0.00483196 -0.00394054 -0.00372221 -0.00301613 -0.00497335 -0.00249889 -0.00394054 -0.00194192 -0.00249889 0.0009476 -0.00194192 0.000816013 -0.00394054 -0.00194192 -0.00301613 -0.00146295 -0.00194192 0.000816013 -0.00146295 0.000674152 -0.00153009 -0.00204967 -0.00117818 -0.00155058 -0.00204967 -0.002644 -0.00155058 -0.00196443 -0.00117818 -0.00155058 -0.000799346 -0.00103443 -0.00155058 -0.00196443 -0.00103443 -0.00128742 -0.002644 -0.00324704 -0.00196443 -0.00237629 -0.00324704 -0.00369815 -0.00237629 -0.00267976 -0.00196443 -0.00237629 -0.00128742 -0.00153434 -0.00237629 -0.00267976 -0.00153434 -0.00171459 -0.000799346 -0.00103443 -0.000404181 -0.000514561 -0.00103443 -0.00128742 -0.000514561 -0.000628536 -0.000404181 -0.000514561 0 0 -0.000514561 -0.000628536 0 0 -0.00128742 -0.00153434 -0.000628536 -0.000736854 -0.00153434 -0.00171459 -0.000736854 -0.000815179 -0.000628536 -0.000736854 0 0 -0.000736854 -0.000815179 0 0 -0.00369815 -0.00372221 -0.00267976 -0.00268342 -0.00372221 -0.00301613 -0.00268342 -0.00216628 -0.00267976 -0.00268342 -0.00171459 -0.00171059 -0.00268342 -0.00216628 -0.00171059 -0.00137776 -0.00301613 -0.00146295 -0.00216628 -0.00103566 -0.00146295 0.000674152 -0.00103566 0.000521817 -0.00216628 -0.00103566 -0.00137776 -0.000648998 -0.00103566 0.000521817 -0.000648998 0.000358808 -0.00171459 -0.00171059 -0.000815179 -0.000810493 -0.00171059 -0.00137776 -0.000810493 -0.000651796 -0.000815179 -0.000810493 0 0 -0.000810493 -0.000651796 0 0 -0.00137776 -0.000648998 -0.000651796 -0.000301968 -0.000648998 0.000358808 -0.000301968 0.000184931 -0.000651796 -0.000301968 0 0 -0.000301968 0.000184931 0 0 0.00118067 0.00643973 0.0010691 0.00531232 0.00643973 0.00999176 0.00531232 0.00828046 0.0010691 0.00531232 0.0009476 0.004386 0.00531232 0.00828046 0.004386 0.00683808 0.00999176 0.011161 0.00828046 0.00942522 0.011161 0.0104222 0.00942522 0.00903419 0.00828046 0.00942522 0.00683808 0.0078646 0.00942522 0.00903419 0.0078646 0.0076622 0.0009476 0.004386 0.000816013 0.00356739 0.004386 0.00683808 0.00356739 0.00554772 0.000816013 0.00356739 0.000674152 0.00280611 0.00356739 0.00554772 0.00280611 0.00434483 0.00683808 0.0078646 0.00554772 0.00641228 0.0078646 0.0076622 0.00641228 0.00631006 0.00554772 0.00641228 0.00434483 0.00502948 0.00641228 0.00631006 0.00502948 0.00497911 0.0104222 0.00875631 0.00903419 0.00780774 0.00875631 0.00697462 0.00780774 0.00637698 0.00903419 0.00780774 0.0076622 0.00675363 0.00780774 0.00637698 0.00675363 0.00562629 0.00697462 0.0054696 0.00637698 0.00509051 0.0054696 0.00431371 0.00509051 0.00405195 0.00637698 0.00509051 0.00562629 0.00456558 0.00509051 0.00405195 0.00456558 0.00367361 0.0076622 0.00675363 0.00631006 0.00564054 0.00675363 0.00562629 0.00564054 0.00477509 0.00631006 0.00564054 0.00497911 0.00449775 0.00564054 0.00477509 0.00449775 0.00385992 0.00562629 0.00456558 0.00477509 0.00393354 0.00456558 0.00367361 0.00393354 0.00320119 0.00477509 0.00393354 0.00385992 0.00322442 0.00393354 0.00320119 0.00322442 0.00265433 0.000674152 0.00280611 0.000521817 0.00207547 0.00280611 0.00434483 0.00207547 0.00319532 0.000521817 0.00207547 0.000358808 0.00136406 0.00207547 0.00319532 0.00136406 0.00208564 0.00434483 0.00502948 0.00319532 0.00369636 0.00502948 0.00497911 0.00369636 0.00367275 0.00319532 0.00369636 0.00208564 0.0024077 0.00369636 0.00367275 0.0024077 0.00239828 0.000358808 0.00136406 0.000184931 0.000670545 0.00136406 0.00208564 0.000670545 0.00101676 0.000184931 0.000670545 0 0 0.000670545 0.00101676 0 0 0.00208564 0.0024077 0.00101676 0.00117005 0.0024077 0.00239828 0.00117005 0.00116798 0.00101676 0.00117005 0 0 0.00117005 0.00116798 0 0 0.00497911 0.00449775 0.00367275 0.00334609 0.00449775 0.00385992 0.00334609 0.00290731 0.00367275 0.00334609 0.00239828 0.00220229 0.00334609 0.00290731 0.00220229 0.00193698 0.00385992 0.00322442 0.00290731 0.0024614 0.00322442 0.00265433 0.0024614 0.00204945 0.00290731 0.0024614 0.00193698 0.00166196 0.0024614 0.00204945 0.00166196 0.00139958 0.00239828 0.00220229 0.00116798 0.00108168 0.00220229 0.00193698 0.00108168 0.000963989 0.00116798 0.00108168 0 0 0.00108168 0.000963989 0 0 0.00193698 0.00166196 0.000963989 0.000838744 0.00166196 0.00139958 0.000838744 0.000714367 0.000963989 0.000838744 0 0 0.000838744 0.000714367 0 0 0.00431371 0.00344168 0.00405195 0.00324015 0.00344168 0.00276656 0.00324015 0.00259876 0.00405195 0.00324015 0.00367361 0.00295243 0.00324015 0.00259876 0.00295243 0.00236892 0.00276656 0.00222012 0.00259876 0.00207487 0.00222012 0.0017555 0.00207487 0.00162728 0.00259876 0.00207487 0.00236892 0.0018854 0.00207487 0.00162728 0.0018854 0.00146857 0.00367361 0.00295243 0.00320119 0.00258972 0.00295243 0.00236892 0.00258972 0.00208228 0.00320119 0.00258972 0.00265433 0.0021632 0.00258972 0.00208228 0.0021632 0.00174484 0.00236892 0.0018854 0.00208228 0.0016545 0.0018854 0.00146857 0.0016545 0.00128156 0.00208228 0.0016545 0.00174484 0.00138557 0.0016545 0.00128156 0.00138557 0.00106852 0.0017555 0.00133981 0.00162728 0.0012237 0.00133981 0.000946724 0.0012237 0.000834093 0.00162728 0.0012237 0.00146857 0.00108958 0.0012237 0.000834093 0.00108958 0.000720978 0.000946724 0.000544215 0.000834093 0.000420241 0.000544215 0 0.000420241 0 0.000834093 0.000420241 0.000720978 0.000334586 0.000420241 0 0.000334586 0 0.00146857 0.00108958 0.00128156 0.0009399 0.00108958 0.000720978 0.0009399 0.000607509 0.00128156 0.0009399 0.00106852 0.000776223 0.0009399 0.000607509 0.000776223 0.000494004 0.000720978 0.000334586 0.000607509 0.000273312 0.000334586 0 0.000273312 0 0.000607509 0.000273312 0.000494004 0.000221662 0.000273312 0 0.000221662 0 0.00265433 0.0021632 0.00204945 0.00168311 0.0021632 0.00174484 0.00168311 0.00136266 0.00204945 0.00168311 0.00139958 0.00115823 0.00168311 0.00136266 0.00115823 0.000941337 0.00174484 0.00138557 0.00136266 0.00108223 0.00138557 0.00106852 0.00108223 0.000831722 0.00136266 0.00108223 0.000941337 0.000748042 0.00108223 0.000831722 0.000748042 0.000573357 0.00139958 0.00115823 0.000714367 0.000595525 0.00115823 0.000941337 0.000595525 0.000485777 0.000714367 0.000595525 0 0 0.000595525 0.000485777 0 0 0.000941337 0.000748042 0.000485777 0.000386312 0.000748042 0.000573357 0.000386312 0.000295483 0.000485777 0.000386312 0 0 0.000386312 0.000295483 0 0 0.00106852 0.000776223 0.000831722 0.000599555 0.000776223 0.000494004 0.000599555 0.000378071 0.000831722 0.000599555 0.000573357 0.000410657 0.000599555 0.000378071 0.000410657 0.000257426 0.000494004 0.000221662 0.000378071 0.000172529 0.000221662 0 0.000172529 0 0.000378071 0.000172529 0.000257426 0.000121734 0.000172529 0 0.000121734 0 0.000573357 0.000410657 0.000295483 0.000210407 0.000410657 0.000257426 0.000210407 0.000131149 0.000295483 0.000210407 0 0 0.000210407 0.000131149 0 0 0.000257426 0.000121734 0.000131149 6.54362e-05 0.000121734 0 6.54362e-05 0 0.000131149 6.54362e-05 0 0 6.54362e-05 0 0 0 
SCALARS y_dis double 1
LOOKUP_TABLE default
0 0 0 -0.000122054 0 0 -0.000122054 -0.000162191 0 -0.000122054 0 -0.000233168 -0.000122054 -0.000162191 -0.000233168 -0.000326412 0 0 -0.000162191 -0.000177014 0 0 -0.000177014 -0.000178895 -0.000162191 -0.000177014 -0.000326412 -0.000353627 -0.000177014 -0.000178895 -0.000353627 -0.000349425 0 -0.000233168 0 -0.000335091 -0.000233168 -0.000326412 -0.000335091 -0.000489927 0 -0.000335091 0 -0.000438514 -0.000335091 -0.000489927 -0.000438514 -0.000652998 -0.000326412 -0.000353627 -0.000489927 -0.000526195 -0.000353627 -0.000349425 -0.000526195 -0.000509668 -0.000489927 -0.000526195 -0.000652998 -0.000692326 -0.000526195 -0.000509668 -0.000692326 -0.000658186 0 0 -0.000178895 -0.000177075 0 0 -0.000177075 -0.000176076 -0.000178895 -0.000177075 -0.000349425 -0.000337274 -0.000177075 -0.000176076 -0.000337274 -0.000327479 0 0 -0.000176076 -0.000177175 0 0 -0.000177175 -0.000178805 -0.000176076 -0.000177175 -0.000327479 -0.000322723 -0.000177175 -0.000178805 -0.000322723 -0.000319393 -0.000349425 -0.000337274 -0.000509668 -0.000480344 -0.000337274 -0.000327479 -0.000480344 -0.000454537 -0.000509668 -0.000480344 -0.000658186 -0.000606254 -0.000480344 -0.000454537 -0.000606254 -0.000557798 -0.000327479 -0.000322723 -0.000454537 -0.000436161 -0.000322723 -0.000319393 -0.000436161 -0.000419068 -0.000454537 -0.000436161 -0.000557798 -0.000517353 -0.000436161 -0.000419068 -0.000517353 -0.000475737 0 -0.000438514 0 -0.000554656 -0.000438514 -0.000652998 -0.000554656 -0.000816998 0 -0.000554656 0 -0.000696616 -0.000554656 -0.000816998 -0.000696616 -0.000980729 -0.000652998 -0.000692326 -0.000816998 -0.000850209 -0.000692326 -0.000658186 -0.000850209 -0.000794193 -0.000816998 -0.000850209 -0.000980729 -0.000998186 -0.000850209 -0.000794193 -0.000998186 -0.000917735 0 -0.000696616 0 -0.000875926 -0.000696616 -0.000980729 -0.000875926 -0.00113703 0 -0.000875926 0 -0.00104374 -0.000875926 -0.00113703 -0.00104374 -0.00127829 -0.000980729 -0.000998186 -0.00113703 -0.00113468 -0.000998186 -0.000917735 -0.00113468 -0.00103002 -0.00113703 -0.00113468 -0.00127829 -0.00125931 -0.00113468 -0.00103002 -0.00125931 -0.00113391 -0.000658186 -0.000606254 -0.000794193 -0.000715608 -0.000606254 -0.000557798 -0.000715608 -0.000638547 -0.000794193 -0.000715608 -0.000917735 -0.000809991 -0.000715608 -0.000638547 -0.000809991 -0.00069927 -0.000557798 -0.000517353 -0.000638547 -0.000567151 -0.000517353 -0.000475737 -0.000567151 -0.000488539 -0.000638547 -0.000567151 -0.00069927 -0.000588026 -0.000567151 -0.000488539 -0.000588026 -0.000458604 -0.000917735 -0.000809991 -0.00103002 -0.000892278 -0.000809991 -0.00069927 -0.000892278 -0.000744048 -0.00103002 -0.000892278 -0.00113391 -0.000966946 -0.000892278 -0.000744048 -0.000966946 -0.000778946 -0.00069927 -0.000588026 -0.000744048 -0.000584752 -0.000588026 -0.000458604 -0.000584752 -0.000390104 -0.000744048 -0.000584752 -0.000778946 -0.000565191 -0.000584752 -0.000390104 -0.000565191 -0.000291711 0 0 -0.000178805 -0.000175429 0 0 -0.000175429 -0.000156625 -0.000178805 -0.000175429 -0.000319393 -0.000304013 -0.000175429 -0.000156625 -0.000304013 -0.000248998 0 0 -0.000156625 -0.000109383 0 0 -0.000109383 -2.54326e-05 -0.000156625 -0.000109383 -0.000248998 -0.000115987 -0.000109383 -2.54326e-05 -0.000115987 0.00012559 -0.000319393 -0.000304013 -0.000419068 -0.000380085 -0.000304013 -0.000248998 -0.000380085 -0.000269382 -0.000419068 -0.000380085 -0.000475737 -0.000398947 -0.000380085 -0.000269382 -0.000398947 -0.000211274 -0.000248998 -0.000115987 -0.000269382 -1.29116e-05 -0.000115987 0.00012559 -1.29116e-05 0.000455736 -0.000269382 -1.29116e-05 -0.000211274 0.000205698 -1.29116e-05 0.000455736 0.000205698 0.000967483 0 0 -2.54326e-05 8.94606e-05 0 0 8.94606e-05 0.000211891 -2.54326e-05 8.94606e-05 0.00012559 0.000468603 8.94606e-05 0.000211891 0.000468603 0.000847843 0 0 0.000211891 0.000307933 0 0 0.000307933 0.000347771 0.000211891 0.000307933 0.000847843 0.00115293 0.000307933 0.000347771 0.00115293 0.00127743 0.00012559 0.000468603 0.000455736 0.00113474 0.000468603 0.000847843 0.00113474 0.00190196 0.000455736 0.00113474 0.000967483 0.00208622 0.00113474 0.00190196 0.00208622 0.00337039 0.000847843 0.00115293 0.00190196 0.00252884 0.00115293 0.00127743 0.00252884 0.0027833 0.00190196 0.00252884 0.00337039 0.00443198 0.00252884 0.0027833 0.00443198 0.00486221 -0.000475737 -0.000398947 -0.000488539 -0.000357071 -0.000398947 -0.000211274 -0.000357071 -6.8701e-05 -0.000488539 -0.000357071 -0.000458604 -0.000252632 -0.000357071 -6.8701e-05 -0.000252632 0.000164183 -0.000211274 0.000205698 -6.8701e-05 0.000546344 0.000205698 0.000967483 0.000546344 0.00166509 -6.8701e-05 0.000546344 0.000164183 0.00101812 0.000546344 0.00166509 0.00101812 0.00255773 -0.000458604 -0.000252632 -0.000390104 -8.66043e-05 -0.000252632 0.000164183 -8.66043e-05 0.000493033 -0.000390104 -8.66043e-05 -0.000291711 0.000135441 -8.66043e-05 0.000493033 0.000135441 0.000922815 0.000164183 0.00101812 0.000493033 0.00163512 0.00101812 0.00255773 0.00163512 0.0036646 0.000493033 0.00163512 0.000922815 0.00242004 0.00163512 0.0036646 0.00242004 0.00502361 0.000967483 0.00208622 0.00166509 0.00332352 0.00208622 0.00337039 0.00332352 0.00525069 0.00166509 0.00332352 0.00255773 0.00485179 0.00332352 0.00525069 0.00485179 0.00754167 0.00337039 0.00443198 0.00525069 0.00685895 0.00443198 0.00486221 0.00685895 0.00751078 0.00525069 0.00685895 0.00754167 0.00980318 0.00685895 0.00751078 0.00980318 0.0107204 0.00255773 0.00485179 0.0036646 0.00668592 0.00485179 0.00754167 0.00668592 0.0102439 0.0036646 0.00668592 0.00502361 0.00885987 0.00668592 0.0102439 0.00885987 0.0133609 0.00754167 0.00980318 0.0102439 0.0132488 0.00980318 0.0107204 0.0132488 0.014468 0.0102439 0.0132488 0.0133609 0.0171598 0.0132488 0.014468 0.0171598 0.0186994 0 0 0.000347771 0.000319615 0 0 0.000319615 0.000235345 0.000347771 0.000319615 0.00127743 0.00117714 0.000319615 0.000235345 0.00117714 0.00089628 0 0 0.000235345 0.000124781 0 0 0.000124781 2.17865e-05 0.000235345 0.000124781 0.00089628 0.000541254 0.000124781 2.17865e-05 0.000541254 0.000222425 0.00127743 0.00117714 0.0027833 0.00256646 0.00117714 0.00089628 0.00256646 0.00197696 0.0027833 0.00256646 0.00486221 0.00448392 0.00256646 0.00197696 0.00448392 0.00347356 0.00089628 0.000541254 0.00197696 0.00124677 0.000541254 0.000222425 0.00124677 0.000604584 0.00197696 0.00124677 0.00347356 0.0022397 0.00124677 0.000604584 0.0022397 0.00117069 0 0 2.17865e-05 -5.0302e-05 0 0 -5.0302e-05 -8.57447e-05 2.17865e-05 -5.0302e-05 0.000222425 4.99617e-06 -5.0302e-05 -8.57447e-05 4.99617e-06 -0.000103866 0 0 -8.57447e-05 -9.2789e-05 0 0 -9.2789e-05 -8.43754e-05 -8.57447e-05 -9.2789e-05 -0.000103866 -0.000134614 -9.2789e-05 -8.43754e-05 -0.000134614 -0.000125349 0.000222425 4.99617e-06 0.000604584 0.000172717 4.99617e-06 -0.000103866 0.000172717 -4.67916e-05 0.000604584 0.000172717 0.00117069 0.000458587 0.000172717 -4.67916e-05 0.000458587 9.17598e-05 -0.000103866 -0.000134614 -4.67916e-05 -0.000120057 -0.000134614 -0.000125349 -0.000120057 -0.000120594 -4.67916e-05 -0.000120057 9.17598e-05 -4.47521e-05 -0.000120057 -0.000120594 -4.47521e-05 -6.85216e-05 0.00486221 0.00448392 0.00751078 0.00692618 0.00448392 0.00347356 0.00692618 0.00538372 0.00751078 0.00692618 0.0107204 0.00988671 0.00692618 0.00538372 0.00988671 0.00770631 0.00347356 0.0022397 0.00538372 0.00352054 0.0022397 0.00117069 0.00352054 0.00192494 0.00538372 0.00352054 0.00770631 0.00509442 0.00352054 0.00192494 0.00509442 0.00287639 0.0107204 0.00988671 0.014468 0.0133498 0.00988671 0.00770631 0.0133498 0.010442 0.014468 0.0133498 0.0186994 0.0172794 0.0133498 0.010442 0.0172794 0.0135945 0.00770631 0.00509442 0.010442 0.00697627 0.00509442 0.00287639 0.00697627 0.00404411 0.010442 0.00697627 0.0135945 0.00920007 0.00697627 0.00404411 0.00920007 0.00546592 0.00117069 0.000458587 0.00192494 0.000868927 0.000458587 9.17598e-05 0.000868927 0.000317475 0.00192494 0.000868927 0.00287639 0.00141261 0.000868927 0.000317475 0.00141261 0.00063586 9.17598e-05 -4.47521e-05 0.000317475 9.44224e-05 -4.47521e-05 -6.85216e-05 9.44224e-05 3.11433e-05 0.000317475 9.44224e-05 0.00063586 0.000298823 9.44224e-05 3.11433e-05 0.000298823 0.000176639 0.00287639 0.00141261 0.00404411 0.00210347 0.00141261 0.00063586 0.00210347 0.00105218 0.00404411 0.00210347 0.00546592 0.0029639 0.00210347 0.00105218 0.0029639 0.00157093 0.00063586 0.000298823 0.00105218 0.000566958 0.000298823 0.000176639 0.000566958 0.000363136 0.00105218 0.000566958 0.00157093 0.000892664 0.000566958 0.000363136 0.000892664 0.000581277 0 0 -8.43754e-05 -7.0807e-05 0 0 -7.0807e-05 -5.75254e-05 -8.43754e-05 -7.0807e-05 -0.000125349 -0.000103182 -7.0807e-05 -5.75254e-05 -0.000103182 -8.09836e-05 0 0 -5.75254e-05 -4.63639e-05 0 0 -4.63639e-05 -3.76719e-05 -5.75254e-05 -4.63639e-05 -8.09836e-05 -6.23379e-05 -4.63639e-05 -3.76719e-05 -6.23379e-05 -4.74822e-05 -0.000125349 -0.000103182 -0.000120594 -9.7279e-05 -0.000103182 -8.09836e-05 -9.7279e-05 -7.19646e-05 -0.000120594 -9.7279e-05 -6.85216e-05 -5.38027e-05 -9.7279e-05 -7.19646e-05 -5.38027e-05 -3.25329e-05 -8.09836e-05 -6.23379e-05 -7.19646e-05 -5.01799e-05 -6.23379e-05 -4.74822e-05 -5.01799e-05 -3.19696e-05 -7.19646e-05 -5.01799e-05 -3.25329e-05 -1.25887e-05 -5.01799e-05 -3.19696e-05 -1.25887e-05 5.95547e-06 0 0 -3.76719e-05 -3.20302e-05 0 0 -3.20302e-05 -3.10112e-05 -3.76719e-05 -3.20302e-05 -4.74822e-05 -3.76556e-05 -3.20302e-05 -3.10112e-05 -3.76556e-05 -3.7463e-05 0 0 -3.10112e-05 -3.36565e-05 0 0 -3.36565e-05 0 -3.10112e-05 -3.36565e-05 -3.7463e-05 -4.74909e-05 -3.36565e-05 0 -4.74909e-05 0 -4.74822e-05 -3.76556e-05 -3.19696e-05 -1.92238e-05 -3.76556e-05 -3.7463e-05 -1.92238e-05 -2.01018e-05 -3.19696e-05 -1.92238e-05 5.95547e-06 2.06467e-05 -1.92238e-05 -2.01018e-05 2.06467e-05 2.01397e-05 -3.7463e-05 -4.74909e-05 -2.01018e-05 -3.91481e-05 -4.74909e-05 0 -3.91481e-05 0 -2.01018e-05 -3.91481e-05 2.01397e-05 -9.45264e-06 -3.91481e-05 0 -9.45264e-06 0 -6.85216e-05 -5.38027e-05 3.11433e-05 2.5481e-05 -5.38027e-05 -3.25329e-05 2.5481e-05 3.4482e-05 3.11433e-05 2.5481e-05 0.000176639 0.0001372 2.5481e-05 3.4482e-05 0.0001372 0.000125211 -3.25329e-05 -1.25887e-05 3.4482e-05 4.71994e-05 -1.25887e-05 5.95547e-06 4.71994e-05 6.29513e-05 3.4482e-05 4.71994e-05 0.000125211 0.000125329 4.71994e-05 6.29513e-05 0.000125329 0.000135229 0.000176639 0.0001372 0.000363136 0.00027576 0.0001372 0.000125211 0.00027576 0.000234482 0.000363136 0.00027576 0.000581277 0.000432567 0.00027576 0.000234482 0.000432567 0.000355524 0.000125211 0.000125329 0.000234482 0.000217278 0.000125329 0.000135229 0.000217278 0.000218636 0.000234482 0.000217278 0.000355524 0.000317802 0.000217278 0.000218636 0.000317802 0.000308733 5.95547e-06 2.06467e-05 6.29513e-05 7.87261e-05 2.06467e-05 2.01397e-05 7.87261e-05 8.11354e-05 6.29513e-05 7.87261e-05 0.000135229 0.000151114 7.87261e-05 8.11354e-05 0.000151114 0.000158839 2.01397e-05 -9.45264e-06 8.11354e-05 4.20946e-05 -9.45264e-06 0 4.20946e-05 0 8.11354e-05 4.20946e-05 0.000158839 0.000117947 4.20946e-05 0 0.000117947 0 0.000135229 0.000151114 0.000218636 0.00023331 0.000151114 0.000158839 0.00023331 0.000246629 0.000218636 0.00023331 0.000308733 0.000320697 0.00023331 0.000246629 0.000320697 0.00033854 0.000158839 0.000117947 0.000246629 0.000220215 0.000117947 0 0.000220215 0 0.000246629 0.000220215 0.00033854 0.000323459 0.000220215 0 0.000323459 0 0 -0.00104374 0 -0.000680257 -0.00104374 -0.00127829 -0.000680257 -0.000994359 0 -0.000680257 0 -0.000401996 -0.000680257 -0.000994359 -0.000401996 -0.000740889 -0.00127829 -0.00125931 -0.000994359 -0.00103637 -0.00125931 -0.00113391 -0.00103637 -0.00094095 -0.000994359 -0.00103637 -0.000740889 -0.00082587 -0.00103637 -0.00094095 -0.00082587 -0.000760029 0 -0.000401996 0 -0.000237743 -0.000401996 -0.000740889 -0.000237743 -0.000533451 0 -0.000237743 0 -0.000143518 -0.000237743 -0.000533451 -0.000143518 -0.000371078 -0.000740889 -0.00082587 -0.000533451 -0.000636209 -0.00082587 -0.000760029 -0.000636209 -0.000594998 -0.000533451 -0.000636209 -0.000371078 -0.000470924 -0.000636209 -0.000594998 -0.000470924 -0.000447743 -0.00113391 -0.000966946 -0.00094095 -0.000778692 -0.000966946 -0.000778946 -0.000778692 -0.000576049 -0.00094095 -0.000778692 -0.000760029 -0.000611886 -0.000778692 -0.000576049 -0.000611886 -0.000410586 -0.000778946 -0.000565191 -0.000576049 -0.00032925 -0.000565191 -0.000291711 -0.00032925 -1.11348e-06 -0.000576049 -0.00032925 -0.000410586 -0.000153659 -0.00032925 -1.11348e-06 -0.000153659 0.000195481 -0.000760029 -0.000611886 -0.000594998 -0.000466916 -0.000611886 -0.000410586 -0.000466916 -0.000280184 -0.000594998 -0.000466916 -0.000447743 -0.000343177 -0.000466916 -0.000280184 -0.000343177 -0.000181664 -0.000410586 -0.000153659 -0.000280184 -3.35462e-05 -0.000153659 0.000195481 -3.35462e-05 0.000306132 -0.000280184 -3.35462e-05 -0.000181664 3.71744e-05 -3.35462e-05 0.000306132 3.71744e-05 0.000341185 0 -0.000143518 0 -8.66951e-05 -0.000143518 -0.000371078 -8.66951e-05 -0.000246507 0 -8.66951e-05 0 -4.95705e-05 -8.66951e-05 -0.000246507 -4.95705e-05 -0.000149689 -0.000371078 -0.000470924 -0.000246507 -0.000329366 -0.000470924 -0.000447743 -0.000329366 -0.000317835 -0.000246507 -0.000329366 -0.000149689 -0.000207726 -0.000329366 -0.000317835 -0.000207726 -0.000202799 0 -4.95705e-05 0 -2.26036e-05 -4.95705e-05 -0.000149689 -2.26036e-05 -7.05766e-05 0 -2.26036e-05 0 -1.70724e-17 -2.26036e-05 -7.05766e-05 -1.70724e-17 -5.56281e-17 -0.000149689 -0.000207726 -7.05766e-05 -0.000100219 -0.000207726 -0.000202799 -0.000100219 -9.8566e-05 -7.05766e-05 -0.000100219 -5.56281e-17 -9.68037e-17 -0.000100219 -9.8566e-05 -9.68037e-17 -1.28657e-16 -0.000447743 -0.000343177 -0.000317835 -0.000238592 -0.000343177 -0.000181664 -0.000238592 -0.000110535 -0.000317835 -0.000238592 -0.000202799 -0.000149713 -0.000238592 -0.000110535 -0.000149713 -6.11033e-05 -0.000181664 3.71744e-05 -0.000110535 6.624e-05 3.71744e-05 0.000341185 6.624e-05 0.000313209 -0.000110535 6.624e-05 -6.11033e-05 6.27937e-05 6.624e-05 0.000313209 6.27937e-05 0.000236508 -0.000202799 -0.000149713 -9.8566e-05 -7.19704e-05 -0.000149713 -6.11033e-05 -7.19704e-05 -2.67057e-05 -9.8566e-05 -7.19704e-05 -1.28657e-16 -1.45468e-16 -7.19704e-05 -2.67057e-05 -1.45468e-16 -1.44943e-16 -6.11033e-05 6.27937e-05 -2.67057e-05 3.70609e-05 6.27937e-05 0.000236508 3.70609e-05 0.000126645 -2.67057e-05 3.70609e-05 -1.44943e-16 -1.26484e-16 3.70609e-05 0.000126645 -1.26484e-16 -9.02397e-17 -0.000291711 0.000135441 -1.11348e-06 0.000501397 0.000135441 0.000922815 0.000501397 0.00135966 -1.11348e-06 0.000501397 0.000195481 0.000722788 0.000501397 0.00135966 0.000722788 0.00158121 0.000922815 0.00242004 0.00135966 0.00284711 0.00242004 0.00502361 0.00284711 0.00523167 0.00135966 0.00284711 0.00158121 0.00297888 0.00284711 0.00523167 0.00297888 0.00508972 0.000195481 0.000722788 0.000306132 0.000813505 0.000722788 0.00158121 0.000813505 0.00161241 0.000306132 0.000813505 0.000341185 0.00079133 0.000813505 0.00161241 0.00079133 0.00148339 0.00158121 0.00297888 0.00161241 0.00285705 0.00297888 0.00508972 0.00285705 0.00465585 0.00161241 0.00285705 0.00148339 0.00252786 0.00285705 0.00465585 0.00252786 0.00398922 0.00502361 0.00885987 0.00523167 0.00853174 0.00885987 0.0133609 0.00853174 0.0122342 0.00523167 0.00853174 0.00508972 0.00787037 0.00853174 0.0122342 0.00787037 0.0108772 0.0133609 0.0171598 0.0122342 0.0152723 0.0171598 0.0186994 0.0152723 0.0164933 0.0122342 0.0152723 0.0108772 0.0132867 0.0152723 0.0164933 0.0132867 0.0142491 0.00508972 0.00787037 0.00465585 0.00693739 0.00787037 0.0108772 0.00693739 0.00933368 0.00465585 0.00693739 0.00398922 0.00579045 0.00693739 0.00933368 0.00579045 0.00764026 0.0108772 0.0132867 0.00933368 0.0112179 0.0132867 0.0142491 0.0112179 0.0119673 0.00933368 0.0112179 0.00764026 0.00907351 0.0112179 0.0119673 0.00907351 0.00964202 0.000341185 0.00079133 0.000313209 0.000676472 0.00079133 0.00148339 0.000676472 0.00122554 0.000313209 0.000676472 0.000236508 0.000490831 0.000676472 0.00122554 0.000490831 0.000870873 0.00148339 0.00252786 0.00122554 0.00203575 0.00252786 0.00398922 0.00203575 0.00314319 0.00122554 0.00203575 0.000870873 0.00142325 0.00203575 0.00314319 0.00142325 0.00216645 0.000236508 0.000490831 0.000126645 0.000257435 0.000490831 0.000870873 0.000257435 0.000451593 0.000126645 0.000257435 -9.02397e-17 -3.68655e-17 0.000257435 0.000451593 -3.68655e-17 3.26618e-17 0.000870873 0.00142325 0.000451593 0.000731343 0.00142325 0.00216645 0.000731343 0.00110432 0.000451593 0.000731343 3.26618e-17 1.16714e-16 0.000731343 0.00110432 1.16714e-16 2.11132e-16 0.00398922 0.00579045 0.00314319 0.00447991 0.00579045 0.00764026 0.00447991 0.00583003 0.00314319 0.00447991 0.00216645 0.00305078 0.00447991 0.00583003 0.00305078 0.0039338 0.00764026 0.00907351 0.00583003 0.00686471 0.00907351 0.00964202 0.00686471 0.00727444 0.00583003 0.00686471 0.0039338 0.00460542 0.00686471 0.00727444 0.00460542 0.00487113 0.00216645 0.00305078 0.00110432 0.00154443 0.00305078 0.0039338 0.00154443 0.00198096 0.00110432 0.00154443 2.11132e-16 3.08745e-16 0.00154443 0.00198096 3.08745e-16 3.98461e-16 0.0039338 0.00460542 0.00198096 0.00231151 0.00460542 0.00487113 0.00231151 0.00244222 0.00198096 0.00231151 3.98461e-16 4.67493e-16 0.00231151 0.00244222 4.67493e-16 5.02723e-16 0.0186994 0.0172794 0.0164933 0.0153902 0.0172794 0.0135945 0.0153902 0.0124662 0.0164933 0.0153902 0.0142491 0.0133979 0.0153902 0.0124662 0.0133979 0.0110969 0.0135945 0.00920007 0.0124662 0.00887265 0.00920007 0.00546592 0.00887265 0.00567821 0.0124662 0.00887265 0.0110969 0.00819491 0.00887265 0.00567821 0.00819491 0.00551682 0.0142491 0.0133979 0.0119673 0.0113178 0.0133979 0.0110969 0.0113178 0.00953157 0.0119673 0.0113178 0.00964202 0.0091582 0.0113178 0.00953157 0.0091582 0.00780832 0.0110969 0.00819491 0.00953157 0.00723074 0.00819491 0.00551682 0.00723074 0.00504314 0.00953157 0.00723074 0.00780832 0.00604016 0.00723074 0.00504314 0.00604016 0.00431963 0.00546592 0.0029639 0.00567821 0.00339912 0.0029639 0.00157093 0.00339912 0.00201984 0.00567821 0.00339912 0.00551682 0.00350873 0.00339912 0.00201984 0.00350873 0.00221639 0.00157093 0.000892664 0.00201984 0.00127453 0.000892664 0.000581277 0.00127453 0.000891398 0.00201984 0.00127453 0.00221639 0.00146777 0.00127453 0.000891398 0.00146777 0.00105604 0.00551682 0.00350873 0.00504314 0.00333866 0.00350873 0.00221639 0.00333866 0.00219073 0.00504314 0.00333866 0.00431963 0.00293944 0.00333866 0.00219073 0.00293944 0.00197817 0.00221639 0.00146777 0.00219073 0.00149246 0.00146777 0.00105604 0.00149246 0.00109061 0.00219073 0.00149246 0.00197817 0.00137259 0.00149246 0.00109061 0.00137259 0.00101281 0.00964202 0.0091582 0.00727444 0.00693102 0.0091582 0.00780832 0.00693102 0.00596178 0.00727444 0.00693102 0.00487113 0.00465096 0.00693102 0.00596178 0.00465096 0.00402436 0.00780832 0.00604016 0.00596178 0.00467599 0.00604016 0.00431963 0.00467599 0.00340303 0.00596178 0.00467599 0.00402436 0.0031857 0.00467599 0.00340303 0.0031857 0.00234541 0.00487113 0.00465096 0.00244222 0.00233468 0.00465096 0.00402436 0.00233468 0.00202706 0.00244222 0.00233468 5.02723e-16 4.98791e-16 0.00233468 0.00202706 4.98791e-16 4.6052e-16 0.00402436 0.0031857 0.00202706 0.00161315 0.0031857 0.00234541 0.00161315 0.00119552 0.00202706 0.00161315 4.6052e-16 4.00828e-16 0.00161315 0.00119552 4.00828e-16 3.36291e-16 0.00431963 0.00293944 0.00340303 0.0023598 0.00293944 0.00197817 0.0023598 0.00161541 0.00340303 0.0023598 0.00234541 0.0016466 0.0023598 0.00161541 0.0016466 0.00113973 0.00197817 0.00137259 0.00161541 0.00113466 0.00137259 0.00101281 0.00113466 0.000842587 0.00161541 0.00113466 0.00113973 0.000806889 0.00113466 0.000842587 0.000806889 0.000601631 0.00234541 0.0016466 0.00119552 0.000845219 0.0016466 0.00113973 0.000845219 0.000588709 0.00119552 0.000845219 3.36291e-16 2.75265e-16 0.000845219 0.000588709 2.75265e-16 2.22821e-16 0.00113973 0.000806889 0.000588709 0.000418644 0.000806889 0.000601631 0.000418644 0.000312865 0.000588709 0.000418644 2.22821e-16 1.83227e-16 0.000418644 0.000312865 1.83227e-16 1.56258e-16 0.000581277 0.000432567 0.000891398 0.000690476 0.000432567 0.000355524 0.000690476 0.000579071 0.000891398 0.000690476 0.00105604 0.000828755 0.000690476 0.000579071 0.000828755 0.000698097 0.000355524 0.000317802 0.000579071 0.000515989 0.000317802 0.000308733 0.000515989 0.000481055 0.000579071 0.000515989 0.000698097 0.000619085 0.000515989 0.000481055 0.000619085 0.000565327 0.00105604 0.000828755 0.00109061 0.000861085 0.000828755 0.000698097 0.000861085 0.000725831 0.00109061 0.000861085 0.00101281 0.000802287 0.000861085 0.000725831 0.000802287 0.000675951 0.000698097 0.000619085 0.000725831 0.000640622 0.000619085 0.000565327 0.000640622 0.000576494 0.000725831 0.000640622 0.000675951 0.00059407 0.000640622 0.000576494 0.00059407 0.000528646 0.000308733 0.000320697 0.000481055 0.000455889 0.000320697 0.00033854 0.000455889 0.000410199 0.000481055 0.000455889 0.000565327 0.000510735 0.000455889 0.000410199 0.000510735 0.000415733 0.00033854 0.000323459 0.000410199 0.000285391 0.000323459 0 0.000285391 0 0.000410199 0.000285391 0.000415733 0.000221086 0.000285391 0 0.000221086 0 0.000565327 0.000510735 0.000576494 0.000503786 0.000510735 0.000415733 0.000503786 0.000381742 0.000576494 0.000503786 0.000528646 0.000450628 0.000503786 0.000381742 0.000450628 0.000324081 0.000415733 0.000221086 0.000381742 0.000170694 0.000221086 0 0.000170694 0 0.000381742 0.000170694 0.000324081 0.000131044 0.000170694 0 0.000131044 0 0.00101281 0.000802287 0.000842587 0.000668729 0.000802287 0.000675951 0.000668729 0.00056299 0.000842587 0.000668729 0.000601631 0.000478032 0.000668729 0.00056299 0.000478032 0.00040216 0.000675951 0.00059407 0.00056299 0.000493071 0.00059407 0.000528646 0.000493071 0.000435054 0.00056299 0.000493071 0.00040216 0.000351308 0.000493071 0.000435054 0.000351308 0.000308111 0.000601631 0.000478032 0.000312865 0.000248739 0.000478032 0.00040216 0.000248739 0.00020916 0.000312865 0.000248739 1.56258e-16 1.33352e-16 0.000248739 0.00020916 1.33352e-16 1.0588e-16 0.00040216 0.000351308 0.00020916 0.000182424 0.000351308 0.000308111 0.000182424 0.000159418 0.00020916 0.000182424 1.0588e-16 7.55629e-17 0.000182424 0.000159418 7.55629e-17 4.85394e-17 0.000528646 0.000450628 0.000435054 0.000364098 0.000450628 0.000324081 0.000364098 0.000252413 0.000435054 0.000364098 0.000308111 0.000254605 0.000364098 0.000252413 0.000254605 0.000172315 0.000324081 0.000131044 0.000252413 9.64029e-05 0.000131044 0 9.64029e-05 0 0.000252413 9.64029e-05 0.000172315 6.37391e-05 9.64029e-05 0 6.37391e-05 0 0.000308111 0.000254605 0.000159418 0.000130754 0.000254605 0.000172315 0.000130754 8.73048e-05 0.000159418 0.000130754 4.85394e-17 2.78141e-17 0.000130754 8.73048e-05 2.78141e-17 1.34371e-17 0.000172315 6.37391e-05 8.73048e-05 3.17685e-05 6.37391e-05 0 3.17685e-05 0 8.73048e-05 3.17685e-05 1.34371e-17 4.10482e-18 3.17685e-05 0 4.10482e-18 0 0 -1.70724e-17 0 2.26036e-05 -1.70724e-17 -5.56281e-17 2.26036e-05 7.05766e-05 0 2.26036e-05 0 4.95705e-05 2.26036e-05 7.05766e-05 4.95705e-05 0.000149689 -5.56281e-17 -9.68037e-17 7.05766e-05 0.000100219 -9.68037e-17 -1.28657e-16 0.000100219 9.8566e-05 7.05766e-05 0.000100219 0.000149689 0.000207726 0.000100219 9.8566e-05 0.000207726 0.000202799 0 4.95705e-05 0 8.66951e-05 4.95705e-05 0.000149689 8.66951e-05 0.000246507 0 8.66951e-05 0 0.000143518 8.66951e-05 0.000246507 0.000143518 0.000371078 0.000149689 0.000207726 0.000246507 0.000329366 0.000207726 0.000202799 0.000329366 0.000317835 0.000246507 0.000329366 0.000371078 0.000470924 0.000329366 0.000317835 0.000470924 0.000447743 -1.28657e-16 -1.45468e-16 9.8566e-05 7.19704e-05 -1.45468e-16 -1.44943e-16 7.19704e-05 2.67057e-05 9.8566e-05 7.19704e-05 0.000202799 0.000149713 7.19704e-05 2.67057e-05 0.000149713 6.11033e-05 -1.44943e-16 -1.26484e-16 2.67057e-05 -3.70609e-05 -1.26484e-16 -9.02397e-17 -3.70609e-05 -0.000126645 2.67057e-05 -3.70609e-05 6.11033e-05 -6.27937e-05 -3.70609e-05 -0.000126645 -6.27937e-05 -0.000236508 0.000202799 0.000149713 0.000317835 0.000238592 0.000149713 6.11033e-05 0.000238592 0.000110535 0.000317835 0.000238592 0.000447743 0.000343177 0.000238592 0.000110535 0.000343177 0.000181664 6.11033e-05 -6.27937e-05 0.000110535 -6.624e-05 -6.27937e-05 -0.000236508 -6.624e-05 -0.000313209 0.000110535 -6.624e-05 0.000181664 -3.71744e-05 -6.624e-05 -0.000313209 -3.71744e-05 -0.000341185 0 0.000143518 0 0.000237743 0.000143518 0.000371078 0.000237743 0.000533451 0 0.000237743 0 0.000401996 0.000237743 0.000533451 0.000401996 0.000740889 0.000371078 0.000470924 0.000533451 0.000636209 0.000470924 0.000447743 0.000636209 0.000594998 0.000533451 0.000636209 0.000740889 0.00082587 0.000636209 0.000594998 0.00082587 0.000760029 0 0.000401996 0 0.000680257 0.000401996 0.000740889 0.000680257 0.000994359 0 0.000680257 0 0.00104374 0.000680257 0.000994359 0.00104374 0.00127829 0.000740889 0.00082587 0.000994359 0.00103637 0.00082587 0.000760029 0.00103637 0.00094095 0.000994359 0.00103637 0.00127829 0.00125931 0.00103637 0.00094095 0.00125931 0.00113391 0.000447743 0.000343177 0.000594998 0.000466916 0.000343177 0.000181664 0.000466916 0.000280184 0.000594998 0.000466916 0.000760029 0.000611886 0.000466916 0.000280184 0.000611886 0.000410586 0.000181664 -3.71744e-05 0.000280184 3.35462e-05 -3.71744e-05 -0.000341185 3.35462e-05 -0.000306132 0.000280184 3.35462e-05 0.000410586 0.000153659 3.35462e-05 -0.000306132 0.000153659 -0.000195481 0.000760029 0.000611886 0.00094095 0.000778692 0.000611886 0.000410586 0.000778692 0.000576049 0.00094095 0.000778692 0.00113391 0.000966946 0.000778692 0.000576049 0.000966946 0.000778946 0.000410586 0.000153659 0.000576049 0.00032925 0.000153659 -0.000195481 0.00032925 1.11348e-06 0.000576049 0.00032925 0.000778946 0.000565191 0.00032925 1.11348e-06 0.000565191 0.000291711 -9.02397e-17 -3.68655e-17 -0.000126645 -0.000257435 -3.68655e-17 3.26618e-17 -0.000257435 -0.000451593 -0.000126645 -0.000257435 -0.000236508 -0.000490831 -0.000257435 -0.000451593 -0.000490831 -0.000870873 3.26618e-17 1.16714e-16 -0.000451593 -0.000731343 1.16714e-16 2.11132e-16 -0.000731343 -0.00110432 -0.000451593 -0.000731343 -0.000870873 -0.00142325 -0.000731343 -0.00110432 -0.00142325 -0.00216645 -0.000236508 -0.000490831 -0.000313209 -0.000676472 -0.000490831 -0.000870873 -0.000676472 -0.00122554 -0.000313209 -0.000676472 -0.000341185 -0.00079133 -0.000676472 -0.00122554 -0.00079133 -0.00148339 -0.000870873 -0.00142325 -0.00122554 -0.00203575 -0.00142325 -0.00216645 -0.00203575 -0.00314319 -0.00122554 -0.00203575 -0.00148339 -0.00252786 -0.00203575 -0.00314319 -0.00252786 -0.00398922 2.11132e-16 3.08745e-16 -0.00110432 -0.00154443 3.08745e-16 3.98461e-16 -0.00154443 -0.00198096 -0.00110432 -0.00154443 -0.00216645 -0.00305078 -0.00154443 -0.00198096 -0.00305078 -0.0039338 3.98461e-16 4.67493e-16 -0.00198096 -0.00231151 4.67493e-16 5.02723e-16 -0.00231151 -0.00244222 -0.00198096 -0.00231151 -0.0039338 -0.00460542 -0.00231151 -0.00244222 -0.00460542 -0.00487113 -0.00216645 -0.00305078 -0.00314319 -0.00447991 -0.00305078 -0.0039338 -0.00447991 -0.00583003 -0.00314319 -0.00447991 -0.00398922 -0.00579045 -0.00447991 -0.00583003 -0.00579045 -0.00764026 -0.0039338 -0.00460542 -0.00583003 -0.00686471 -0.00460542 -0.00487113 -0.00686471 -0.00727444 -0.00583003 -0.00686471 -0.00764026 -0.00907351 -0.00686471 -0.00727444 -0.00907351 -0.00964202 -0.000341185 -0.00079133 -0.000306132 -0.000813505 -0.00079133 -0.00148339 -0.000813505 -0.00161241 -0.000306132 -0.000813505 -0.000195481 -0.000722788 -0.000813505 -0.00161241 -0.000722788 -0.00158121 -0.00148339 -0.00252786 -0.00161241 -0.00285705 -0.00252786 -0.00398922 -0.00285705 -0.00465585 -0.00161241 -0.00285705 -0.00158121 -0.00297888 -0.00285705 -0.00465585 -0.00297888 -0.00508972 -0.000195481 -0.000722788 1.11348e-06 -0.000501397 -0.000722788 -0.00158121 -0.000501397 -0.00135966 1.11348e-06 -0.000501397 0.000291711 -0.000135441 -0.000501397 -0.00135966 -0.000135441 -0.000922815 -0.00158121 -0.00297888 -0.00135966 -0.00284711 -0.00297888 -0.00508972 -0.00284711 -0.00523167 -0.00135966 -0.00284711 -0.000922815 -0.00242004 -0.00284711 -0.00523167 -0.00242004 -0.00502361 -0.00398922 -0.00579045 -0.00465585 -0.00693739 -0.00579045 -0.00764026 -0.00693739 -0.00933368 -0.00465585 -0.00693739 -0.00508972 -0.00787037 -0.00693739 -0.00933368 -0.00787037 -0.0108772 -0.00764026 -0.00907351 -0.00933368 -0.0112179 -0.00907351 -0.00964202 -0.0112179 -0.0119673 -0.00933368 -0.0112179 -0.0108772 -0.0132867 -0.0112179 -0.0119673 -0.0132867 -0.0142491 -0.00508972 -0.00787037 -0.00523167 -0.00853174 -0.00787037 -0.0108772 -0.00853174 -0.0122342 -0.00523167 -0.00853174 -0.00502361 -0.00885987 -0.00853174 -0.0122342 -0.00885987 -0.0133609 -0.0108772 -0.0132867 -0.0122342 -0.0152723 -0.0132867 -0.0142491 -0.0152723 -0.0164933 -0.0122342 -0.0152723 -0.0133609 -0.0171598 -0.0152723 -0.0164933 -0.0171598 -0.0186994 5.02723e-16 4.98791e-16 -0.00244222 -0.00233468 4.98791e-16 4.6052e-16 -0.00233468 -0.00202706 -0.00244222 -0.00233468 -0.00487113 -0.00465096 -0.00233468 -0.00202706 -0.00465096 -0.00402436 4.6052e-16 4.00828e-16 -0.00202706 -0.00161315 4.00828e-16 3.36291e-16 -0.00161315 -0.00119552 -0.00202706 -0.00161315 -0.00402436 -0.0031857 -0.00161315 -0.00119552 -0.0031857 -0.00234541 -0.00487113 -0.00465096 -0.00727444 -0.00693102 -0.00465096 -0.00402436 -0.00693102 -0.00596178 -0.00727444 -0.00693102 -0.00964202 -0.0091582 -0.00693102 -0.00596178 -0.0091582 -0.00780832 -0.00402436 -0.0031857 -0.00596178 -0.00467599 -0.0031857 -0.00234541 -0.00467599 -0.00340303 -0.00596178 -0.00467599 -0.00780832 -0.00604016 -0.00467599 -0.00340303 -0.00604016 -0.00431963 3.36291e-16 2.75265e-16 -0.00119552 -0.000845219 2.75265e-16 2.22821e-16 -0.000845219 -0.000588709 -0.00119552 -0.000845219 -0.00234541 -0.0016466 -0.000845219 -0.000588709 -0.0016466 -0.00113973 2.22821e-16 1.83227e-16 -0.000588709 -0.000418644 1.83227e-16 1.56258e-16 -0.000418644 -0.000312865 -0.000588709 -0.000418644 -0.00113973 -0.000806889 -0.000418644 -0.000312865 -0.000806889 -0.000601631 -0.00234541 -0.0016466 -0.00340303 -0.0023598 -0.0016466 -0.00113973 -0.0023598 -0.00161541 -0.00340303 -0.0023598 -0.00431963 -0.00293944 -0.0023598 -0.00161541 -0.00293944 -0.00197817 -0.00113973 -0.000806889 -0.00161541 -0.00113466 -0.000806889 -0.000601631 -0.00113466 -0.000842587 -0.00161541 -0.00113466 -0.00197817 -0.00137259 -0.00113466 -0.000842587 -0.00137259 -0.00101281 -0.00964202 -0.0091582 -0.0119673 -0.0113178 -0.0091582 -0.00780832 -0.0113178 -0.00953157 -0.0119673 -0.0113178 -0.0142491 -0.0133979 -0.0113178 -0.00953157 -0.0133979 -0.0110969 -0.00780832 -0.00604016 -0.00953157 -0.00723074 -0.00604016 -0.00431963 -0.00723074 -0.00504314 -0.00953157 -0.00723074 -0.0110969 -0.00819491 -0.00723074 -0.00504314 -0.00819491 -0.00551682 -0.0142491 -0.0133979 -0.0164933 -0.0153902 -0.0133979 -0.0110969 -0.0153902 -0.0124662 -0.0164933 -0.0153902 -0.0186994 -0.0172794 -0.0153902 -0.0124662 -0.0172794 -0.0135945 -0.0110969 -0.00819491 -0.0124662 -0.00887265 -0.00819491 -0.00551682 -0.00887265 -0.00567821 -0.0124662 -0.00887265 -0.0135945 -0.00920007 -0.00887265 -0.00567821 -0.00920007 -0.00546592 -0.00431963 -0.00293944 -0.00504314 -0.00333866 -0.00293944 -0.00197817 -0.00333866 -0.00219073 -0.00504314 -0.00333866 -0.00551682 -0.00350873 -0.00333866 -0.00219073 -0.00350873 -0.00221639 -0.00197817 -0.00137259 -0.00219073 -0.00149246 -0.00137259 -0.00101281 -0.00149246 -0.00109061 -0.00219073 -0.00149246 -0.00221639 -0.00146777 -0.00149246 -0.00109061 -0.00146777 -0.00105604 -0.00551682 -0.00350873 -0.00567821 -0.00339912 -0.00350873 -0.00221639 -0.00339912 -0.00201984 -0.00567821 -0.00339912 -0.00546592 -0.0029639 -0.00339912 -0.00201984 -0.0029639 -0.00157093 -0.00221639 -0.00146777 -0.00201984 -0.00127453 -0.00146777 -0.00105604 -0.00127453 -0.000891398 -0.00201984 -0.00127453 -0.00157093 -0.000892664 -0.00127453 -0.000891398 -0.000892664 -0.000581277 1.56258e-16 1.33352e-16 -0.000312865 -0.000248739 1.33352e-16 1.0588e-16 -0.000248739 -0.00020916 -0.000312865 -0.000248739 -0.000601631 -0.000478032 -0.000248739 -0.00020916 -0.000478032 -0.00040216 1.0588e-16 7.55629e-17 -0.00020916 -0.000182424 7.55629e-17 4.85394e-17 -0.000182424 -0.000159418 -0.00020916 -0.000182424 -0.00040216 -0.000351308 -0.000182424 -0.000159418 -0.000351308 -0.000308111 -0.000601631 -0.000478032 -0.000842587 -0.000668729 -0.000478032 -0.00040216 -0.000668729 -0.00056299 -0.000842587 -0.000668729 -0.00101281 -0.000802287 -0.000668729 -0.00056299 -0.000802287 -0.000675951 -0.00040216 -0.000351308 -0.00056299 -0.000493071 -0.000351308 -0.000308111 -0.000493071 -0.000435054 -0.00056299 -0.000493071 -0.000675951 -0.00059407 -0.000493071 -0.000435054 -0.00059407 -0.000528646 4.85394e-17 2.78141e-17 -0.000159418 -0.000130754 2.78141e-17 1.34371e-17 -0.000130754 -8.73048e-05 -0.000159418 -0.000130754 -0.000308111 -0.000254605 -0.000130754 -8.73048e-05 -0.000254605 -0.000172315 1.34371e-17 4.10482e-18 -8.73048e-05 -3.17685e-05 4.10482e-18 0 -3.17685e-05 0 -8.73048e-05 -3.17685e-05 -0.000172315 -6.37391e-05 -3.17685e-05 0 -6.37391e-05 0 -0.000308111 -0.000254605 -0.000435054 -0.000364098 -0.000254605 -0.000172315 -0.000364098 -0.000252413 -0.000435054 -0.000364098 -0.000528646 -0.000450628 -0.000364098 -0.000252413 -0.000450628 -0.000324081 -0.000172315 -6.37391e-05 -0.000252413 -9.64029e-05 -6.37391e-05 0 -9.64029e-05 0 -0.000252413 -9.64029e-05 -0.000324081 -0.000131044 -9.64029e-05 0 -0.000131044 0 -0.00101281 -0.000802287 -0.00109061 -0.000861085 -0.000802287 -0.000675951 -0.000861085 -0.000725831 -0.00109061 -0.000861085 -0.00105604 -0.000828755 -0.000861085 -0.000725831 -0.000828755 -0.000698097 -0.000675951 -0.00059407 -0.000725831 -0.000640622 -0.00059407 -0.000528646 -0.000640622 -0.000576494 -0.000725831 -0.000640622 -0.000698097 -0.000619085 -0.000640622 -0.000576494 -0.000619085 -0.000565327 -0.00105604 -0.000828755 -0.000891398 -0.000690476 -0.000828755 -0.000698097 -0.000690476 -0.000579071 -0.000891398 -0.000690476 -0.000581277 -0.000432567 -0.000690476 -0.000579071 -0.000432567 -0.000355524 -0.000698097 -0.000619085 -0.000579071 -0.000515989 -0.000619085 -0.000565327 -0.000515989 -0.000481055 -0.000579071 -0.000515989 -0.000355524 -0.000317802 -0.000515989 -0.000481055 -0.000317802 -0.000308733 -0.000528646 -0.000450628 -0.000576494 -0.000503786 -0.000450628 -0.000324081 -0.000503786 -0.000381742 -0.000576494 -0.000503786 -0.000565327 -0.000510735 -0.000503786 -0.000381742 -0.000510735 -0.000415733 -0.000324081 -0.000131044 -0.000381742 -0.000170694 -0.000131044 0 -0.000170694 0 -0.000381742 -0.000170694 -0.000415733 -0.000221086 -0.000170694 0 -0.000221086 0 -0.000565327 -0.000510735 -0.000481055 -0.000455889 -0.000510735 -0.000415733 -0.000455889 -0.000410199 -0.000481055 -0.000455889 -0.000308733 -0.000320697 -0.000455889 -0.000410199 -0.000320697 -0.00033854 -0.000415733 -0.000221086 -0.000410199 -0.000285391 -0.000221086 0 -0.000285391 0 -0.000410199 -0.000285391 -0.00033854 -0.000323459 -0.000285391 0 -0.000323459 0 0 0.00104374 0 0.000875926 0.00104374 0.00127829 0.000875926 0.00113703 0 0.000875926 0 0.000696616 0.000875926 0.00113703 0.000696616 0.000980729 0.00127829 0.00125931 0.00113703 0.00113468 0.00125931 0.00113391 0.00113468 0.00103002 0.00113703 0.00113468 0.000980729 0.000998186 0.00113468 0.00103002 0.000998186 0.000917735 0 0.000696616 0 0.000554656 0.000696616 0.000980729 0.000554656 0.000816998 0 0.000554656 0 0.000438514 0.000554656 0.000816998 0.000438514 0.000652998 0.000980729 0.000998186 0.000816998 0.000850209 0.000998186 0.000917735 0.000850209 0.000794193 0.000816998 0.000850209 0.000652998 0.000692326 0.000850209 0.000794193 0.000692326 0.000658186 0.00113391 0.000966946 0.00103002 0.000892278 0.000966946 0.000778946 0.000892278 0.000744048 0.00103002 0.000892278 0.000917735 0.000809991 0.000892278 0.000744048 0.000809991 0.00069927 0.000778946 0.000565191 0.000744048 0.000584752 0.000565191 0.000291711 0.000584752 0.000390104 0.000744048 0.000584752 0.00069927 0.000588026 0.000584752 0.000390104 0.000588026 0.000458604 0.000917735 0.000809991 0.000794193 0.000715608 0.000809991 0.00069927 0.000715608 0.000638547 0.000794193 0.000715608 0.000658186 0.000606254 0.000715608 0.000638547 0.000606254 0.000557798 0.00069927 0.000588026 0.000638547 0.000567151 0.000588026 0.000458604 0.000567151 0.000488539 0.000638547 0.000567151 0.000557798 0.000517353 0.000567151 0.000488539 0.000517353 0.000475737 0 0.000438514 0 0.000335091 0.000438514 0.000652998 0.000335091 0.000489927 0 0.000335091 0 0.000233168 0.000335091 0.000489927 0.000233168 0.000326412 0.000652998 0.000692326 0.000489927 0.000526195 0.000692326 0.000658186 0.000526195 0.000509668 0.000489927 0.000526195 0.000326412 0.000353627 0.000526195 0.000509668 0.000353627 0.000349425 0 0.000233168 0 0.000122054 0.000233168 0.000326412 0.000122054 0.000162191 0 0.000122054 0 0 0.000122054 0.000162191 0 0 0.000326412 0.000353627 0.000162191 0.000177014 0.000353627 0.000349425 0.000177014 0.000178895 0.000162191 0.000177014 0 0 0.000177014 0.000178895 0 0 0.000658186 0.000606254 0.000509668 0.000480344 0.000606254 0.000557798 0.000480344 0.000454537 0.000509668 0.000480344 0.000349425 0.000337274 0.000480344 0.000454537 0.000337274 0.000327479 0.000557798 0.000517353 0.000454537 0.000436161 0.000517353 0.000475737 0.000436161 0.000419068 0.000454537 0.000436161 0.000327479 0.000322723 0.000436161 0.000419068 0.000322723 0.000319393 0.000349425 0.000337274 0.000178895 0.000177075 0.000337274 0.000327479 0.000177075 0.000176076 0.000178895 0.000177075 0 0 0.000177075 0.000176076 0 0 0.000327479 0.000322723 0.000176076 0.000177175 0.000322723 0.000319393 0.000177175 0.000178805 0.000176076 0.000177175 0 0 0.000177175 0.000178805 0 0 0.000291711 -0.000135441 0.000390104 8.66043e-05 -0.000135441 -0.000922815 8.66043e-05 -0.000493033 0.000390104 8.66043e-05 0.000458604 0.000252632 8.66043e-05 -0.000493033 0.000252632 -0.000164183 -0.000922815 -0.00242004 -0.000493033 -0.00163512 -0.00242004 -0.00502361 -0.00163512 -0.0036646 -0.000493033 -0.00163512 -0.000164183 -0.00101812 -0.00163512 -0.0036646 -0.00101812 -0.00255773 0.000458604 0.000252632 0.000488539 0.000357071 0.000252632 -0.000164183 0.000357071 6.8701e-05 0.000488539 0.000357071 0.000475737 0.000398947 0.000357071 6.8701e-05 0.000398947 0.000211274 -0.000164183 -0.00101812 6.8701e-05 -0.000546344 -0.00101812 -0.00255773 -0.000546344 -0.00166509 6.8701e-05 -0.000546344 0.000211274 -0.000205698 -0.000546344 -0.00166509 -0.000205698 -0.000967483 -0.00502361 -0.00885987 -0.0036646 -0.00668592 -0.00885987 -0.0133609 -0.00668592 -0.0102439 -0.0036646 -0.00668592 -0.00255773 -0.00485179 -0.00668592 -0.0102439 -0.00485179 -0.00754167 -0.0133609 -0.0171598 -0.0102439 -0.0132488 -0.0171598 -0.0186994 -0.0132488 -0.014468 -0.0102439 -0.0132488 -0.00754167 -0.00980318 -0.0132488 -0.014468 -0.00980318 -0.0107204 -0.00255773 -0.00485179 -0.00166509 -0.00332352 -0.00485179 -0.00754167 -0.00332352 -0.00525069 -0.00166509 -0.00332352 -0.000967483 -0.00208622 -0.00332352 -0.00525069 -0.00208622 -0.00337039 -0.00754167 -0.00980318 -0.00525069 -0.00685895 -0.00980318 -0.0107204 -0.00685895 -0.00751078 -0.00525069 -0.00685895 -0.00337039 -0.00443198 -0.00685895 -0.00751078 -0.00443198 -0.00486221 0.000475737 0.000398947 0.000419068 0.000380085 0.000398947 0.000211274 0.000380085 0.000269382 0.000419068 0.000380085 0.000319393 0.000304013 0.000380085 0.000269382 0.000304013 0.000248998 0.000211274 -0.000205698 0.000269382 1.29116e-05 -0.000205698 -0.000967483 1.29116e-05 -0.000455736 0.000269382 1.29116e-05 0.000248998 0.000115987 1.29116e-05 -0.000455736 0.000115987 -0.00012559 0.000319393 0.000304013 0.000178805 0.000175429 0.000304013 0.000248998 0.000175429 0.000156625 0.000178805 0.000175429 0 0 0.000175429 0.000156625 0 0 0.000248998 0.000115987 0.000156625 0.000109383 0.000115987 -0.00012559 0.000109383 2.54326e-05 0.000156625 0.000109383 0 0 0.000109383 2.54326e-05 0 0 -0.000967483 -0.00208622 -0.000455736 -0.00113474 -0.00208622 -0.00337039 -0.00113474 -0.00190196 -0.000455736 -0.00113474 -0.00012559 -0.000468603 -0.00113474 -0.00190196 -0.000468603 -0.000847843 -0.00337039 -0.00443198 -0.00190196 -0.00252884 -0.00443198 -0.00486221 -0.00252884 -0.0027833 -0.00190196 -0.00252884 -0.000847843 -0.00115293 -0.00252884 -0.0027833 -0.00115293 -0.00127743 -0.00012559 -0.000468603 2.54326e-05 -8.94606e-05 -0.000468603 -0.000847843 -8.94606e-05 -0.000211891 2.54326e-05 -8.94606e-05 0 0 -8.94606e-05 -0.000211891 0 0 -0.000847843 -0.00115293 -0.000211891 -0.000307933 -0.00115293 -0.00127743 -0.000307933 -0.000347771 -0.000211891 -0.000307933 0 0 -0.000307933 -0.000347771 0 0 -0.0186994 -0.0172794 -0.014468 -0.0133498 -0.0172794 -0.0135945 -0.0133498 -0.010442 -0.014468 -0.0133498 -0.0107204 -0.00988671 -0.0133498 -0.010442 -0.00988671 -0.00770631 -0.0135945 -0.00920007 -0.010442 -0.00697627 -0.00920007 -0.00546592 -0.00697627 -0.00404411 -0.010442 -0.00697627 -0.00770631 -0.00509442 -0.00697627 -0.00404411 -0.00509442 -0.00287639 -0.0107204 -0.00988671 -0.00751078 -0.00692618 -0.00988671 -0.00770631 -0.00692618 -0.00538372 -0.00751078 -0.00692618 -0.00486221 -0.00448392 -0.00692618 -0.00538372 -0.00448392 -0.00347356 -0.00770631 -0.00509442 -0.00538372 -0.00352054 -0.00509442 -0.00287639 -0.00352054 -0.00192494 -0.00538372 -0.00352054 -0.00347356 -0.0022397 -0.00352054 -0.00192494 -0.0022397 -0.00117069 -0.00546592 -0.0029639 -0.00404411 -0.00210347 -0.0029639 -0.00157093 -0.00210347 -0.00105218 -0.00404411 -0.00210347 -0.00287639 -0.00141261 -0.00210347 -0.00105218 -0.00141261 -0.00063586 -0.00157093 -0.000892664 -0.00105218 -0.000566958 -0.000892664 -0.000581277 -0.000566958 -0.000363136 -0.00105218 -0.000566958 -0.00063586 -0.000298823 -0.000566958 -0.000363136 -0.000298823 -0.000176639 -0.00287639 -0.00141261 -0.00192494 -0.000868927 -0.00141261 -0.00063586 -0.000868927 -0.000317475 -0.00192494 -0.000868927 -0.00117069 -0.000458587 -0.000868927 -0.000317475 -0.000458587 -9.17598e-05 -0.00063586 -0.000298823 -0.000317475 -9.44224e-05 -0.000298823 -0.000176639 -9.44224e-05 -3.11433e-05 -0.000317475 -9.44224e-05 -9.17598e-05 4.47521e-05 -9.44224e-05 -3.11433e-05 4.47521e-05 6.85216e-05 -0.00486221 -0.00448392 -0.0027833 -0.00256646 -0.00448392 -0.00347356 -0.00256646 -0.00197696 -0.0027833 -0.00256646 -0.00127743 -0.00117714 -0.00256646 -0.00197696 -0.00117714 -0.00089628 -0.00347356 -0.0022397 -0.00197696 -0.00124677 -0.0022397 -0.00117069 -0.00124677 -0.000604584 -0.00197696 -0.00124677 -0.00089628 -0.000541254 -0.00124677 -0.000604584 -0.000541254 -0.000222425 -0.00127743 -0.00117714 -0.000347771 -0.000319615 -0.00117714 -0.00089628 -0.000319615 -0.000235345 -0.000347771 -0.000319615 0 0 -0.000319615 -0.000235345 0 0 -0.00089628 -0.000541254 -0.000235345 -0.000124781 -0.000541254 -0.000222425 -0.000124781 -2.17865e-05 -0.000235345 -0.000124781 0 0 -0.000124781 -2.17865e-05 0 0 -0.00117069 -0.000458587 -0.000604584 -0.000172717 -0.000458587 -9.17598e-05 -0.000172717 4.67916e-05 -0.000604584 -0.000172717 -0.000222425 -4.99617e-06 -0.000172717 4.67916e-05 -4.99617e-06 0.000103866 -9.17598e-05 4.47521e-05 4.67916e-05 0.000120057 4.47521e-05 6.85216e-05 0.000120057 0.000120594 4.67916e-05 0.000120057 0.000103866 0.000134614 0.000120057 0.000120594 0.000134614 0.000125349 -0.000222425 -4.99617e-06 -2.17865e-05 5.0302e-05 -4.99617e-06 0.000103866 5.0302e-05 8.57447e-05 -2.17865e-05 5.0302e-05 0 0 5.0302e-05 8.57447e-05 0 0 0.000103866 0.000134614 8.57447e-05 9.2789e-05 0.000134614 0.000125349 9.2789e-05 8.43754e-05 8.57447e-05 9.2789e-05 0 0 9.2789e-05 8.43754e-05 0 0 -0.000581277 -0.000432567 -0.000363136 -0.00027576 -0.000432567 -0.000355524 -0.00027576 -0.000234482 -0.000363136 -0.00027576 -0.000176639 -0.0001372 -0.00027576 -0.000234482 -0.0001372 -0.000125211 -0.000355524 -0.000317802 -0.000234482 -0.000217278 -0.000317802 -0.000308733 -0.000217278 -0.000218636 -0.000234482 -0.000217278 -0.000125211 -0.000125329 -0.000217278 -0.000218636 -0.000125329 -0.000135229 -0.000176639 -0.0001372 -3.11433e-05 -2.5481e-05 -0.0001372 -0.000125211 -2.5481e-05 -3.4482e-05 -3.11433e-05 -2.5481e-05 6.85216e-05 5.38027e-05 -2.5481e-05 -3.4482e-05 5.38027e-05 3.25329e-05 -0.000125211 -0.000125329 -3.4482e-05 -4.71994e-05 -0.000125329 -0.000135229 -4.71994e-05 -6.29513e-05 -3.4482e-05 -4.71994e-05 3.25329e-05 1.25887e-05 -4.71994e-05 -6.29513e-05 1.25887e-05 -5.95547e-06 -0.000308733 -0.000320697 -0.000218636 -0.00023331 -0.000320697 -0.00033854 -0.00023331 -0.000246629 -0.000218636 -0.00023331 -0.000135229 -0.000151114 -0.00023331 -0.000246629 -0.000151114 -0.000158839 -0.00033854 -0.000323459 -0.000246629 -0.000220215 -0.000323459 0 -0.000220215 0 -0.000246629 -0.000220215 -0.000158839 -0.000117947 -0.000220215 0 -0.000117947 0 -0.000135229 -0.000151114 -6.29513e-05 -7.87261e-05 -0.000151114 -0.000158839 -7.87261e-05 -8.11354e-05 -6.29513e-05 -7.87261e-05 -5.95547e-06 -2.06467e-05 -7.87261e-05 -8.11354e-05 -2.06467e-05 -2.01397e-05 -0.000158839 -0.000117947 -8.11354e-05 -4.20946e-05 -0.000117947 0 -4.20946e-05 0 -8.11354e-05 -4.20946e-05 -2.01397e-05 9.45264e-06 -4.20946e-05 0 9.45264e-06 0 6.85216e-05 5.38027e-05 0.000120594 9.7279e-05 5.38027e-05 3.25329e-05 9.7279e-05 7.19646e-05 0.000120594 9.7279e-05 0.000125349 0.000103182 9.7279e-05 7.19646e-05 0.000103182 8.09836e-05 3.25329e-05 1.25887e-05 7.19646e-05 5.01799e-05 1.25887e-05 -5.95547e-06 5.01799e-05 3.19696e-05 7.19646e-05 5.01799e-05 8.09836e-05 6.23379e-05 5.01799e-05 3.19696e-05 6.23379e-05 4.74822e-05 0.000125349 0.000103182 8.43754e-05 7.0807e-05 0.000103182 8.09836e-05 7.0807e-05 5.75254e-05 8.43754e-05 7.0807e-05 0 0 7.0807e-05 5.75254e-05 0 0 8.09836e-05 6.23379e-05 5.75254e-05 4.63639e-05 6.23379e-05 4.74822e-05 4.63639e-05 3.76719e-05 5.75254e-05 4.63639e-05 0 0 4.63639e-05 3.76719e-05 0 0 -5.95547e-06 -2.06467e-05 3.19696e-05 1.92238e-05 -2.06467e-05 -2.01397e-05 1.92238e-05 2.01018e-05 3.19696e-05 1.92238e-05 4.74822e-05 3.76556e-05 1.92238e-05 2.01018e-05 3.76556e-05 3.7463e-05 -2.01397e-05 9.45264e-06 2.01018e-05 3.91481e-05 9.45264e-06 0 3.91481e-05 0 2.01018e-05 3.91481e-05 3.7463e-05 4.74909e-05 3.91481e-05 0 4.74909e-05 0 4.74822e-05 3.76556e-05 3.76719e-05 3.20302e-05 3.76556e-05 3.7463e-05 3.20302e-05 3.10112e-05 3.76719e-05 3.20302e-05 0 0 3.20302e-05 3.10112e-05 0 0 3.7463e-05 4.74909e-05 3.10112e-05 3.36565e-05 4.74909e-05 0 3.36565e-05 0 3.10112e-05 3.36565e-05 0 0 3.36565e-05 0 0 0 
SCALARS p_fluid double 1
LOOKUP_TABLE default
0 0 0 0 0 0 0 0 0 0 0 0 0 0 0 0 0 0 0 0 0 0 0 0 0 0 0 0 0 0 0 0 0 0 0 0 0 0 0 0 0 0 0 0 0 0 0 0 0 0 0 0 0 0 0 0 0 0 0 0 0 0 0 0 0 0 0 0 0 0 0 0 0 0 0 0 0 0 0 0 0 0 0 0 0 0 0 0 0 0 0 0 0 0 0 0 0 0 0 0 0 0 0 0 0 0 0 0 0 0 0 0 0 0 0 0 0 0 0 0 0 0 0 0 0 0 0 0 0 0 0 0 0 0 0 0 0 0 0 0 0 0 0 0 0 0 0 0 0 0 0 0 0 0 0 0 0 0 0 0 0 0 0 0 0 0 0 0 0 0 0 0 0 0 0 0 0 0 0 0 0 0 0 0 0 0 0 0 0 0 0 0 0 0 0 0 0 0 0 0 0 0 0 0 0 0 0 0 0 0 0 0 0 0 0 0 0 0 0 0 0 0 0 0 0 0 0 0 0 0 0 0 0 0 0 0 0 0 0 0 0 0 0 0 0 0 0 0 0 0 0 0 0 0 0 0 0 0 0 0 0 0 0 0 0 0 0 0 0 0 0 0 0 0 0 0 0 0 0 0 0 0 0 0 0 0 0 0 0 0 0 0 0 0 0 0 0 0 0 0 0 0 0 0 0 0 0 0 0 0 0 0 0 0 0 0 0 0 0 0 0 0 0 0 0 0 0 0 0 0 0 0 0 0 0 0 0 0 0 0 0 0 0 0 0 0 0 0 0 0 0 0 0 0 0 0 0 0 0 0 0 0 0 0 0 0 0 0 0 0 0 0 0 0 0 0 0 0 0 0 0 0 0 0 0 0 0 0 0 0 0 0 0 0 0 0 0 0 0 0 0 0 0 0 0 0 0 0 0 0 0 0 0 0 0 0 0 0 0 0 0 0 0 0 0 0 0 0 0 0 0 0 0 0 0 0 0 0 0 0 0 0 0 0 0 0 0 0 0 0 0 0 0 0 0 0 0 0 0 0 0 0 0 0 0 0 0 0 0 0 0 0 0 0 0 0 0 0 0 0 0 0 0 0 0 0 0 0 0 0 0 0 0 0 0 0 0 0 0 0 0 0 0 0 0 0 0 0 0 0 0 0 0 0 0 0 0 0 0 0 0 0 0 0 0 0 0 0 0 0 0 0 0 0 0 0 0 0 0 0 0 0 0 0 0 0 0 0 0 0 0 0 0 0 0 0 0 0 0 0 0 0 0 0 0 0 0 0 0 0 0 0 0 0 0 0 0 0 0 0 0 0 0 0 0 0 0 0 0 0 0 0 0 0 0 0 0 0 0 0 0 0 0 0 0 0 0 0 0 0 0 0 0 0 0 0 0 0 0 0 0 0 0 0 0 0 0 0 0 0 0 0 0 0 0 0 0 0 0 0 0 0 0 0 0 0 0 0 0 0 0 0 0 0 0 0 0 0 0 0 0 0 0 0 0 0 0 0 0 0 0 0 0 0 0 0 0 0 0 0 0 0 0 0 0 0 0 0 0 0 0 0 0 0 0 0 0 0 0 0 0 0 0 0 0 0 0 0 0 0 0 0 0 0 0 0 0 0 0 0 0 0 0 0 0 0 0 0 0 0 0 0 0 0 0 0 0 0 0 0 0 0 0 0 0 0 0 0 0 0 0 0 0 0 0 0 0 0 0 0 0 0 0 0 0 0 0 0 0 0 0 0 0 0 0 0 0 0 0 0 0 0 0 0 0 0 0 0 0 0 0 0 0 0 0 0 0 0 0 0 0 0 0 0 0 0 0 0 0 0 0 0 0 0 0 0 0 0 0 0 0 0 0 0 0 0 0 0 0 0 0 0 0 0 0 0 0 0 0 0 0 0 0 0 0 0 0 0 0 0 0 0 0 0 0 0 0 0 0 0 0 0 0 0 0 0 0 0 0 0 0 0 0 0 0 0 0 0 0 0 0 0 0 0 0 0 0 0 0 0 0 0 0 0 0 0 0 0 0 0 0 0 0 0 0 0 0 0 0 0 0 0 0 0 0 0 0 0 0 0 0 0 0 0 0 0 0 0 0 0 0 0 0 0 0 0 0 0 0 0 0 0 0 0 0 0 0 0 0 0 0 0 0 0 0 0 0 0 0 0 0 0 0 0 0 0 0 0 0 0 0 0 0 0 0 0 0 0 0 0 0 0 0 0 0 0 0 0 0 0 0 0 0 0 0 0 0 0 0 0 0 0 0 0 0 0 0 0 0 0 0 0 0 0 0 0 0 0 0 0 0 0 0 0 91.7647 89.1959 91.817 89.2482 89.2028 86.4651 89.1971 86.4593 91.9071 89.1683 91.9401 89.2014 89.2097 86.4564 89.2044 86.4512 86.4607 83.67 86.4546 83.6639 83.6682 80.8502 83.663 80.845 86.4568 83.6639 86.4515 83.6587 83.6629 80.8456 83.6584 80.8411 91.958 89.1832 91.9827 89.2079 89.2084 86.451 89.207 86.4495 91.9948 89.1964 92.0157 89.2173 89.2147 86.4433 89.2157 86.4443 86.4519 83.6594 86.4459 83.6534 83.658 80.8419 83.6527 80.8366 86.4473 83.653 86.4412 83.6469 83.6523 80.8372 83.6462 80.8312 80.849 78.0168 80.8451 78.0129 78.0161 75.1764 78.0133 75.1736 80.8447 78.0136 80.8412 78.0101 78.0129 75.1741 78.0102 75.1714 75.176 72.3322 75.174 72.3302 72.3322 69.4853 72.3303 69.4834 75.1738 72.3303 75.1714 72.3278 72.3308 69.4827 72.3273 69.4793 80.8407 78.0106 80.8366 78.0066 78.01 75.1716 78.0067 75.1683 80.8361 78.0071 80.8312 78.0023 78.0065 75.1683 78.0024 75.1642 75.1716 72.3273 75.168 72.3238 72.3285 69.4775 72.3228 69.4719 75.1685 72.3229 75.1639 72.3182 72.3246 69.4694 72.3171 69.462 92.0225 89.2107 92.039 89.2272 89.2228 86.438 89.2254 86.4406 92.0431 89.2231 92.0549 89.2349 89.2309 86.4355 89.2338 86.4384 86.4432 83.6459 86.4382 83.6409 83.6461 80.8316 83.6403 80.8257 86.4403 83.6396 86.4369 83.6362 83.6404 80.8259 83.6357 80.8212 92.0572 89.2326 92.0642 89.2396 89.2374 86.435 89.2395 86.4371 92.0652 89.2386 92.0676 89.2409 89.2413 86.4354 89.2421 86.4361 86.4386 83.635 86.4367 83.6331 83.6359 80.8211 83.633 80.8182 86.4376 83.6324 86.437 83.6318 83.6331 80.8181 83.6321 80.8171 80.8307 78.0027 80.8258 77.9977 78.0022 75.1641 77.9978 75.1597 80.8254 77.998 80.8212 77.9938 77.9977 75.1595 77.9938 75.1556 75.1645 72.3171 75.1594 72.312 72.3191 69.4593 72.311 69.4512 75.16 72.3109 75.1554 72.3063 72.3128 69.4487 72.3056 69.4415 80.821 77.9939 80.8182 77.9911 77.9938 75.1554 77.9911 75.1527 80.8181 77.9911 80.8171 77.9902 77.9911 75.1526 77.9902 75.1517 75.1559 72.3055 75.1527 72.3023 72.3071 69.4396 72.3021 69.4347 75.153 72.3018 75.1519 72.3007 72.3029 69.4336 72.3011 69.4319 69.4867 66.634 69.4828 66.6301 66.6386 63.7667 66.6278 63.756 69.485 66.6275 69.4779 66.6205 66.6335 63.7498 66.6177 63.734 63.7772 60.8503 63.7504 60.8235 60.8674 57.8182 60.8137 57.7646 63.7614 60.8127 63.7296 60.7809 60.8293 57.7514 60.7753 57.6975 69.481 66.6165 69.4698 66.6053 66.6238 63.7269 66.6017 63.7047 69.4736 66.6004 69.4597 66.5864 66.6084 63.6969 66.5827 63.6712 63.7389 60.771 63.6997 60.7318 60.7854 57.6887 60.7268 57.6301 63.7087 60.7223 63.6664 60.68 60.7345 57.6235 60.676 57.565 57.8362 54.5812 57.7523 54.4973 54.5854 51.0847 54.4888 50.9881 57.7655 54.4896 57.6927 54.4168 54.4875 50.9966 54.4163 50.9254 51.0598 47.401 50.992 47.3332 47.3518 43.7667 47.3532 43.7681 50.9681 47.361 50.9322 47.325 47.315 43.8027 47.3388 43.8265 57.6969 54.4166 57.6281 54.3477 54.4069 50.9406 54.3519 50.8856 57.6278 54.3513 57.5647 54.2881 54.3377 50.9043 54.2943 50.8609 50.9076 47.3538 50.897 47.3431 47.3098 43.8548 47.3584 43.9035 50.8704 47.3728 50.8735 47.3759 47.3313 43.9301 47.3907 43.9895 69.4636 66.5814 69.4492 66.5669 66.5891 63.6637 66.5637 63.6384 69.4527 66.5625 69.4402 66.55 66.5692 63.6322 66.5479 63.6109 63.6742 60.6719 63.6345 60.6321 60.6816 57.5606 60.6292 57.5082 63.6407 60.6258 63.6086 60.5937 60.633 57.5056 60.592 57.4646 69.4428 66.5467 69.4344 66.5383 66.5518 63.6065 66.5378 63.5925 69.4358 66.5365 69.4328 66.5336 66.5398 63.5902 66.5349 63.5853 63.6128 60.5894 63.592 60.5686 60.5943 57.4632 60.5683 57.4372 63.5941 60.5665 63.5869 60.5593 60.5694 57.4366 60.5605 57.4277 57.5622 54.2936 57.5087 54.2401 54.2793 50.8795 54.2461 50.8462 57.5055 54.2458 57.4652 54.2054 54.2328 50.8621 54.2094 50.8387 50.8485 47.4029 50.8571 47.4116 47.3666 44.0127 47.4237 44.0699 50.8364 47.4336 50.8456 47.4428 47.4043 44.0882 47.4503 44.1342 57.4624 54.2099 57.4374 54.1849 54.1997 50.8502 54.1858 50.8363 57.4358 54.1874 57.4273 54.1789 54.1807 50.8422 54.1761 50.8376 50.831 47.4581 50.8377 47.4648 47.4367 44.1469 47.4662 44.1764 50.8301 47.4727 50.8325 47.4751 47.4592 44.1828 47.4693 44.193 43.7225 40.4617 43.7968 40.536 40.4489 37.6064 40.5582 37.7157 43.7653 40.5571 43.8418 40.6336 40.5488 37.7143 40.6432 37.8087 37.6244 35.0953 37.7215 35.1924 35.1244 32.7152 35.1837 32.7745 37.7325 35.1757 37.8089 35.252 35.2029 32.7555 35.2451 32.7977 43.8244 40.6457 43.9162 40.7375 40.6447 37.8007 40.742 37.8979 43.903 40.7469 44.0001 40.8441 40.7479 37.8877 40.8459 37.9857 37.8237 35.2332 37.8934 35.303 35.2623 32.78 35.2935 32.8112 37.9115 35.2826 37.9793 35.3504 35.3124 32.7924 35.3401 32.8201 32.7384 30.2942 32.7602 30.3161 30.3054 27.7602 30.3041 27.7589 32.7767 30.3032 32.7887 30.3152 30.3134 27.7534 30.3082 27.7482 27.7623 25.1187 27.752 25.1084 25.1169 22.4043 25.106 22.3934 27.7553 25.1078 27.7444 25.0969 25.1061 22.3947 25.0957 22.3843 32.8007 30.3048 32.8018 30.3058 30.3135 27.7449 30.2995 27.7308 32.8142 30.2947 32.8107 30.2912 30.3043 27.7274 30.2855 27.7086 27.7452 25.0976 27.7282 25.0806 25.0946 22.3862 25.0804 22.3719 27.728 25.0815 27.7065 25.0601 25.0782 22.3743 25.0604 22.3565 43.9892 40.8517 44.078 40.9405 40.8524 37.9761 40.9413 38.0649 44.0693 40.9465 44.1391 41.0163 40.9466 38.0571 41.0166 38.1272 37.997 35.3315 38.0589 35.3934 35.3587 32.8022 35.3845 32.828 38.0736 35.378 38.1233 35.4277 35.4003 32.813 35.422 32.8347 44.133 41.0205 44.1773 41.0647 41.0203 38.1218 41.0648 38.1663 44.1741 41.0668 44.1892 41.0819 41.0666 38.1636 41.0818 38.1789 38.1335 35.417 38.1656 35.449 35.4333 32.8241 35.4478 32.8386 38.1708 35.4435 38.1818 35.4546 35.4537 32.8331 35.4588 32.8382 32.8232 30.2803 32.82 30.2771 30.2905 27.7048 30.2723 27.6866 32.8311 30.2675 32.8296 30.2661 30.2772 27.683 30.263 27.6688 27.7064 25.0608 27.685 25.0394 25.058 22.3588 25.0397 22.3405 27.6853 25.0396 27.6678 25.0222 25.0379 22.3424 25.0225 22.3269 32.8378 30.2591 32.8375 30.2588 30.2668 27.666 30.2581 27.6572 32.8418 30.2551 32.8418 30.2551 30.2602 27.6557 30.2573 27.6527 27.6683 25.0222 27.6571 25.011 25.0212 22.3282 25.0111 22.3181 27.6574 25.0109 27.6535 25.0071 25.0105 22.3187 25.007 22.3152 22.402 19.6482 22.3932 19.6394 19.6465 16.8689 19.6401 16.8624 22.3924 19.6409 22.3844 19.6329 19.6392 16.8635 19.6334 16.8578 16.8679 14.0752 16.8631 14.0703 14.0747 11.2707 14.0709 11.2669 16.8625 14.0711 16.8583 14.0669 14.0704 11.2675 14.0673 11.2644 22.383 19.6346 22.3728 19.6244 19.6324 16.8589 19.6254 16.852 22.3705 19.6266 22.3577 19.6138 19.6237 16.8535 19.615 16.8448 16.8576 14.0677 16.8528 14.0629 14.0668 11.265 14.0635 11.2616 16.8516 14.0639 16.8458 14.058 14.0627 11.2624 14.0588 11.2585 11.2703 8.45713 11.2674 8.45419 8.45669 5.63586 8.45467 5.63383 11.267 8.45475 11.2648 8.45256 8.45406 5.63455 8.45299 5.63348 5.635 2.80958 5.63431 2.80889 2.79959 -0.0160643 2.81042 -0.00522627 5.63331 2.80989 5.63413 2.81071 2.8061 -0.00363699 2.81002 0.0002867 11.2643 8.45316 11.2622 8.45104 8.45228 5.63433 8.45159 5.63364 11.2615 8.45178 11.2591 8.44939 8.45075 5.63454 8.44999 5.63378 5.63273 2.8121 5.63426 2.81363 2.81123 -0.00124437 2.81344 0.00096694 5.63309 2.81464 5.63427 2.81583 2.81463 -0.000331111 2.8157 0.000742601 22.3551 19.616 22.3417 19.6026 19.613 16.8465 19.6037 16.8372 22.3394 19.6045 22.3277 19.5929 19.6018 16.8387 19.5936 16.8305 16.8444 14.0592 16.8381 14.0529 14.0578 11.2593 14.0536 11.2551 16.8368 14.054 16.8311 14.0483 14.0526 11.2559 14.0488 11.2521 22.3261 19.5943 22.3183 19.5865 19.5923 16.8317 19.5867 16.8261 22.3175 19.5872 22.3148 19.5845 19.586 16.8267 19.584 16.8247 16.8301 14.0491 16.8263 14.0453 14.048 11.2527 14.0454 11.2501 16.8257 14.0457 16.8243 14.0443 14.045 11.2504 14.0441 11.2495 11.2582 8.45019 11.2557 8.4476 8.44911 5.63462 8.44813 5.63364 11.2548 8.44833 11.2525 8.44595 8.44735 5.63434 8.44631 5.6333 5.6335 2.8164 5.63404 2.81694 2.81665 -0.000275909 2.81685 -7.17448e-05 5.63353 2.81724 5.63357 2.81727 2.81754 -0.000815641 2.81725 -0.00110492 11.2519 8.44649 11.2502 8.44483 8.44574 5.63378 8.44495 5.63299 11.2498 8.44511 11.2492 8.44451 8.44465 5.63323 8.44435 5.63293 5.63326 2.81742 5.6331 2.81726 2.81768 -0.00158668 2.8173 -0.00196344 5.63295 2.81732 5.63286 2.81724 2.81751 -0.00219812 2.81735 -0.00236034 92.0676 89.2409 92.0652 89.2386 89.2421 86.4361 89.2413 86.4354 92.0642 89.2396 92.0572 89.2326 89.2395 86.4371 89.2374 86.435 86.437 83.6318 86.4376 83.6324 83.6321 80.8171 83.6331 80.8181 86.4367 83.6331 86.4386 83.635 83.633 80.8182 83.6359 80.8211 92.0549 89.2349 92.0431 89.2231 89.2338 86.4384 89.2309 86.4355 92.039 89.2272 92.0225 89.2107 89.2254 86.4406 89.2228 86.438 86.4369 83.6362 86.4403 83.6396 83.6357 80.8212 83.6404 80.8259 86.4382 83.6409 86.4432 83.6459 83.6403 80.8257 83.6461 80.8316 80.8171 77.9902 80.8181 77.9911 77.9902 75.1517 77.9911 75.1526 80.8182 77.9911 80.821 77.9939 77.9911 75.1527 77.9938 75.1554 75.1519 72.3007 75.153 72.3018 72.3011 69.4319 72.3029 69.4336 75.1527 72.3023 75.1559 72.3055 72.3021 69.4347 72.3071 69.4396 80.8212 77.9938 80.8254 77.998 77.9938 75.1556 77.9977 75.1595 80.8258 77.9977 80.8307 78.0027 77.9978 75.1597 78.0022 75.1641 75.1554 72.3063 75.16 72.3109 72.3056 69.4415 72.3128 69.4487 75.1594 72.312 75.1645 72.3171 72.311 69.4512 72.3191 69.4593 92.0157 89.2173 91.9948 89.1964 89.2157 86.4443 89.2147 86.4433 91.9827 89.2079 91.958 89.1832 89.207 86.4495 89.2084 86.451 86.4412 83.6469 86.4473 83.653 83.6462 80.8312 83.6523 80.8372 86.4459 83.6534 86.4519 83.6594 83.6527 80.8366 83.658 80.8419 91.9401 89.2014 91.9071 89.1683 89.2044 86.4512 89.2097 86.4564 91.817 89.2482 91.7647 89.1959 89.1971 86.4593 89.2028 86.4651 86.4515 83.6587 86.4568 83.6639 83.6584 80.8411 83.6629 80.8456 86.4546 83.6639 86.4607 83.67 83.663 80.845 83.6682 80.8502 80.8312 78.0023 80.8361 78.0071 78.0024 75.1642 78.0065 75.1683 80.8366 78.0066 80.8407 78.0106 78.0067 75.1683 78.01 75.1716 75.1639 72.3182 75.1685 72.3229 72.3171 69.462 72.3246 69.4694 75.168 72.3238 75.1716 72.3273 72.3228 69.4719 72.3285 69.4775 80.8412 78.0101 80.8447 78.0136 78.0102 75.1714 78.0129 75.1741 80.8451 78.0129 80.849 78.0168 78.0133 75.1736 78.0161 75.1764 75.1714 72.3278 75.1738 72.3303 72.3273 69.4793 72.3308 69.4827 75.174 72.3302 75.176 72.3322 72.3303 69.4834 72.3322 69.4853 69.4328 66.5336 69.4358 66.5365 66.5349 63.5853 66.5398 63.5902 69.4344 66.5383 69.4428 66.5467 66.5378 63.5925 66.5518 63.6065 63.5869 60.5593 63.5941 60.5665 60.5605 57.4277 60.5694 57.4366 63.592 60.5686 63.6128 60.5894 60.5683 57.4372 60.5943 57.4632 69.4402 66.55 69.4527 66.5625 66.5479 63.6109 66.5692 63.6322 69.4492 66.5669 69.4636 66.5814 66.5637 63.6384 66.5891 63.6637 63.6086 60.5937 63.6407 60.6258 60.592 57.4646 60.633 57.5056 63.6345 60.6321 63.6742 60.6719 60.6292 57.5082 60.6816 57.5606 57.4273 54.1789 57.4358 54.1874 54.1761 50.8376 54.1807 50.8422 57.4374 54.1849 57.4624 54.2099 54.1858 50.8363 54.1997 50.8502 50.8325 47.4751 50.8301 47.4727 47.4693 44.193 47.4592 44.1828 50.8377 47.4648 50.831 47.4581 47.4662 44.1764 47.4367 44.1469 57.4652 54.2054 57.5055 54.2458 54.2094 50.8387 54.2328 50.8621 57.5087 54.2401 57.5622 54.2936 54.2461 50.8462 54.2793 50.8795 50.8456 47.4428 50.8364 47.4336 47.4503 44.1342 47.4043 44.0882 50.8571 47.4116 50.8485 47.4029 47.4237 44.0699 47.3666 44.0127 69.4597 66.5864 69.4736 66.6004 66.5827 63.6712 66.6084 63.6969 69.4698 66.6053 69.481 66.6165 66.6017 63.7047 66.6238 63.7269 63.6664 60.68 63.7087 60.7223 60.676 57.565 60.7345 57.6235 63.6997 60.7318 63.7389 60.771 60.7268 57.6301 60.7854 57.6887 69.4779 66.6205 69.485 66.6275 66.6177 63.734 66.6335 63.7498 69.4828 66.6301 69.4867 66.634 66.6278 63.756 66.6386 63.7667 63.7296 60.7809 63.7614 60.8127 60.7753 57.6975 60.8293 57.7514 63.7504 60.8235 63.7772 60.8503 60.8137 57.7646 60.8674 57.8182 57.5647 54.2881 57.6278 54.3513 54.2943 50.8609 54.3377 50.9043 57.6281 54.3477 57.6969 54.4166 54.3519 50.8856 54.4069 50.9406 50.8735 47.3759 50.8704 47.3728 47.3907 43.9895 47.3313 43.9301 50.897 47.3431 50.9076 47.3538 47.3584 43.9035 47.3098 43.8548 57.6927 54.4168 57.7655 54.4896 54.4163 50.9254 54.4875 50.9966 57.7523 54.4973 57.8362 54.5812 54.4888 50.9881 54.5854 51.0847 50.9322 47.325 50.9681 47.361 47.3388 43.8265 47.315 43.8027 50.992 47.3332 51.0598 47.401 47.3532 43.7681 47.3518 43.7667 44.1892 41.0819 44.1741 41.0668 41.0818 38.1789 41.0666 38.1636 44.1773 41.0647 44.133 41.0205 41.0648 38.1663 41.0203 38.1218 38.1818 35.4546 38.1708 35.4435 35.4588 32.8382 35.4537 32.8331 38.1656 35.449 38.1335 35.417 35.4478 32.8386 35.4333 32.8241 44.1391 41.0163 44.0693 40.9465 41.0166 38.1272 40.9466 38.0571 44.078 40.9405 43.9892 40.8517 40.9413 38.0649 40.8524 37.9761 38.1233 35.4277 38.0736 35.378 35.422 32.8347 35.4003 32.813 38.0589 35.3934 37.997 35.3315 35.3845 32.828 35.3587 32.8022 32.8418 30.2551 32.8418 30.2551 30.2573 27.6527 30.2602 27.6557 32.8375 30.2588 32.8378 30.2591 30.2581 27.6572 30.2668 27.666 27.6535 25.0071 27.6574 25.0109 25.007 22.3152 25.0105 22.3187 27.6571 25.011 27.6683 25.0222 25.0111 22.3181 25.0212 22.3282 32.8296 30.2661 32.8311 30.2675 30.263 27.6688 30.2772 27.683 32.82 30.2771 32.8232 30.2803 30.2723 27.6866 30.2905 27.7048 27.6678 25.0222 27.6853 25.0396 25.0225 22.3269 25.0379 22.3424 27.685 25.0394 27.7064 25.0608 25.0397 22.3405 25.058 22.3588 44.0001 40.8441 43.903 40.7469 40.8459 37.9857 40.7479 37.8877 43.9162 40.7375 43.8244 40.6457 40.742 37.8979 40.6447 37.8007 37.9793 35.3504 37.9115 35.2826 35.3401 32.8201 35.3124 32.7924 37.8934 35.303 37.8237 35.2332 35.2935 32.8112 35.2623 32.78 43.8418 40.6336 43.7653 40.5571 40.6432 37.8087 40.5488 37.7143 43.7968 40.536 43.7225 40.4617 40.5582 37.7157 40.4489 37.6064 37.8089 35.252 37.7325 35.1757 35.2451 32.7977 35.2029 32.7555 37.7215 35.1924 37.6244 35.0953 35.1837 32.7745 35.1244 32.7152 32.8107 30.2912 32.8142 30.2947 30.2855 27.7086 30.3043 27.7274 32.8018 30.3058 32.8007 30.3048 30.2995 27.7308 30.3135 27.7449 27.7065 25.0601 27.728 25.0815 25.0604 22.3565 25.0782 22.3743 27.7282 25.0806 27.7452 25.0976 25.0804 22.3719 25.0946 22.3862 32.7887 30.3152 32.7767 30.3032 30.3082 27.7482 30.3134 27.7534 32.7602 30.3161 32.7384 30.2942 30.3041 27.7589 30.3054 27.7602 27.7444 25.0969 27.7553 25.1078 25.0957 22.3843 25.1061 22.3947 27.752 25.1084 27.7623 25.1187 25.106 22.3934 25.1169 22.4043 22.3148 19.5845 22.3175 19.5872 19.584 16.8247 19.586 16.8267 22.3183 19.5865 22.3261 19.5943 19.5867 16.8261 19.5923 16.8317 16.8243 14.0443 16.8257 14.0457 14.0441 11.2495 14.045 11.2504 16.8263 14.0453 16.8301 14.0491 14.0454 11.2501 14.048 11.2527 22.3277 19.5929 22.3394 19.6045 19.5936 16.8305 19.6018 16.8387 22.3417 19.6026 22.3551 19.616 19.6037 16.8372 19.613 16.8465 16.8311 14.0483 16.8368 14.054 14.0488 11.2521 14.0526 11.2559 16.8381 14.0529 16.8444 14.0592 14.0536 11.2551 14.0578 11.2593 11.2492 8.44451 11.2498 8.44511 8.44435 5.63293 8.44465 5.63323 11.2502 8.44483 11.2519 8.44649 8.44495 5.63299 8.44574 5.63378 5.63286 2.81724 5.63295 2.81732 2.81735 -0.00236034 2.81751 -0.00219812 5.6331 2.81726 5.63326 2.81742 2.8173 -0.00196344 2.81768 -0.00158668 11.2525 8.44595 11.2548 8.44833 8.44631 5.6333 8.44735 5.63434 11.2557 8.4476 11.2582 8.45019 8.44813 5.63364 8.44911 5.63462 5.63357 2.81727 5.63353 2.81724 2.81725 -0.00110492 2.81754 -0.000815641 5.63404 2.81694 5.6335 2.8164 2.81685 -7.17448e-05 2.81665 -0.000275909 22.3577 19.6138 22.3705 19.6266 19.615 16.8448 19.6237 16.8535 22.3728 19.6244 22.383 19.6346 19.6254 16.852 19.6324 16.8589 16.8458 14.058 16.8516 14.0639 14.0588 11.2585 14.0627 11.2624 16.8528 14.0629 16.8576 14.0677 14.0635 11.2616 14.0668 11.265 22.3844 19.6329 22.3924 19.6409 19.6334 16.8578 19.6392 16.8635 22.3932 19.6394 22.402 19.6482 19.6401 16.8624 19.6465 16.8689 16.8583 14.0669 16.8625 14.0711 14.0673 11.2644 14.0704 11.2675 16.8631 14.0703 16.8679 14.0752 14.0709 11.2669 14.0747 11.2707 11.2591 8.44939 11.2615 8.45178 8.44999 5.63378 8.45075 5.63454 11.2622 8.45104 11.2643 8.45316 8.45159 5.63364 8.45228 5.63433 5.63427 2.81583 5.63309 2.81464 2.8157 0.000742601 2.81463 -0.000331111 5.63426 2.81363 5.63273 2.8121 2.81344 0.00096694 2.81123 -0.00124437 11.2648 8.45256 11.267 8.45475 8.45299 5.63348 8.45406 5.63455 11.2674 8.45419 11.2703 8.45713 8.45467 5.63383 8.45669 5.63586 5.63413 2.81071 5.63331 2.80989 2.81002 0.0002867 2.8061 -0.00363699 5.63431 2.80889 5.635 2.80958 2.81042 -0.00522627 2.79959 -0.0160643 0 0 0 0 0 0 0 0 0 0 0 0 0 0 0 0 0 0 0 0 0 0 0 0 0 0 0 0 0 0 0 0 0 0 0 0 0 0 0 0 0 0 0 0 0 0 0 0 0 0 0 0 0 0 0 0 0 0 0 0 0 0 0 0 0 0 0 0 0 0 0 0 0 0 0 0 0 0 0 0 0 0 0 0 0 0 0 0 0 0 0 0 0 0 0 0 0 0 0 0 0 0 0 0 0 0 0 0 0 0 0 0 0 0 0 0 0 0 0 0 0 0 0 0 0 0 0 0 0 0 0 0 0 0 0 0 0 0 0 0 0 0 0 0 0 0 0 0 0 0 0 0 0 0 0 0 0 0 0 0 0 0 0 0 0 0 0 0 0 0 0 0 0 0 0 0 0 0 0 0 0 0 0 0 0 0 0 0 0 0 0 0 0 0 0 0 0 0 0 0 0 0 0 0 0 0 0 0 0 0 0 0 0 0 0 0 0 0 0 0 0 0 0 0 0 0 0 0 0 0 0 0 0 0 0 0 0 0 0 0 0 0 0 0 0 0 0 0 0 0 0 0 0 0 0 0 0 0 0 0 0 0 0 0 0 0 0 0 0 0 0 0 0 0 0 0 0 0 0 0 0 0 0 0 0 0 0 0 0 0 0 0 0 0 0 0 0 0 0 0 0 0 0 0 0 0 0 0 0 0 0 0 0 0 0 0 0 0 0 0 0 0 0 0 0 0 0 0 0 0 0 0 0 0 0 0 0 0 0 0 0 0 0 0 0 0 0 0 0 0 0 0 0 0 0 0 0 0 0 0 0 0 0 0 0 0 0 0 0 0 0 0 0 0 0 0 0 0 0 0 0 0 0 0 0 0 0 0 0 0 0 0 0 0 0 0 0 0 0 0 0 0 0 0 0 0 0 0 0 0 0 0 0 0 0 0 0 0 0 0 0 0 0 0 0 0 0 0 0 0 0 0 0 0 0 0 0 0 0 0 0 0 0 0 0 0 0 0 0 0 0 0 0 0 0 0 0 0 0 0 0 0 0 0 0 0 0 0 0 0 0 0 0 0 0 0 0 0 0 0 0 0 0 0 0 0 0 0 0 0 0 0 0 0 0 0 0 0 0 0 0 0 0 0 0 0 0 0 0 0 0 0 0 0 0 0 0 0 0 0 0 0 0 0 0 0 0 0 0 0 0 0 0 0 0 0 0 0 0 0 0 0 0 0 0 0 0 0 0 0 0 0 0 0 0 0 0 0 0 0 0 0 0 0 0 0 0 0 0 0 0 0 0 0 0 0 0 0 0 0 0 0 0 0 0 0 0 0 0 0 0 0 0 0 0 0 0 0 0 0 0 0 0 0 0 0 0 0 0 0 0 0 0 0 0 0 0 0 0 0 0 0 0 0 0 0 0 0 0 0 0 0 0 0 0 0 0 0 0 0 0 0 0 0 0 0 0 0 0 0 0 0 0 0 0 0 0 0 0 0 0 0 0 0 0 0 0 0 0 0 0 0 0 0 0 0 0 0 0 0 0 0 0 0 0 0 0 0 0 0 0 0 0 0 0 0 0 0 0 0 0 0 0 0 0 0 0 0 0 0 0 0 0 0 0 0 0 0 0 0 0 0 0 0 0 0 0 0 0 0 0 0 0 0 0 0 0 0 0 0 0 0 0 0 0 0 0 0 0 0 0 0 0 0 0 0 0 0 0 0 0 0 0 0 0 0 0 0 0 0 0 0 0 0 0 0 0 0 0 0 0 0 0 0 0 0 0 0 0 0 0 0 0 0 0 0 0 0 0 0 0 0 0 0 0 0 0 0 0 0 0 0 0 0 0 0 0 0 0 0 0 0 0 0 0 0 0 0 0 0 0 0 0 0 0 0 0 0 0 0 0 0 0 0 0 0 0 0 0 0 0 0 0 0 0 0 0 0 0 0 0 0 0 0 0 0 0 0 0 0 0 0 0 0 0 0 0 0 0 0 0 0 0 0 0 0 0 0 0 0 0 0 0 0 0 0 0 0 0 0 0 0 0 0 0 0 0 0 0 0 0 0 0 0 0 0 0 0 0 0 0 0 0 0 0 0 0 0 0 0 0 0 0 0 0 0 0 0 0 0 0 0 0 0 0 0 0 0 0 0 0 0 0 0 0 0 0 0 0 0 0 0 0 0 0 0 0 0 0 0 0 0 0 0 0 0 0 0 0 0 0 0 0 0 0 0 0 0 0 0 0 0 0 0 0 0 0 0 0 0 0 0 0 0 0 0 0 0 0 0 0 0 0 0 0 0 0 0 0 0 0 0 0 0 
SCALARS wx_dis double 1
LOOKUP_TABLE default
0.00165919 0.00162116 0.0016654 0.00162675 0.00162116 0.00151414 0.00162675 0.00151845 0.0016654 0.00162675 0.00168426 0.00164362 0.00162675 0.00151845 0.00164362 0.00153129 0.00151414 0.00135252 0.00151845 0.00135609 0.00135252 0.0011448 0.00135609 0.0011488 0.00151845 0.00135609 0.00153129 0.0013666 0.00135609 0.0011488 0.0013666 0.00116063 0.00168426 0.00164362 0.00171646 0.00167216 0.00164362 0.00153129 0.00167216 0.00155233 0.00171646 0.00167216 0.00176327 0.00171306 0.00167216 0.00155233 0.00171306 0.00158096 0.00153129 0.0013666 0.00155233 0.00138343 0.0013666 0.00116063 0.00138343 0.00117978 0.00155233 0.00138343 0.00158096 0.00140547 0.00138343 0.00117978 0.00140547 0.00120533 0.0011448 0.000885765 0.0011488 0.000891236 0.000885765 0.000557773 0.000891236 0.000565172 0.0011488 0.000891236 0.00116063 0.00090757 0.000891236 0.000565172 0.00090757 0.000587436 0.000557773 0.000137797 0.000565172 0.000146678 0.000137797 -0.000391062 0.000146678 -0.000382477 0.000565172 0.000146678 0.000587436 0.000173595 0.000146678 -0.000382477 0.000173595 -0.000356167 0.00116063 0.00090757 0.00117978 0.000934524 0.00090757 0.000587436 0.000934524 0.000624748 0.00117978 0.000934524 0.00120533 0.000971671 0.000934524 0.000624748 0.000971671 0.000677375 0.000587436 0.000173595 0.000624748 0.00021937 0.000173595 -0.000356167 0.00021937 -0.000310464 0.000624748 0.00021937 0.000677375 0.000285327 0.00021937 -0.000310464 0.000285327 -0.000242586 0.00176327 0.00171306 0.00182661 0.00176757 0.00171306 0.00158096 0.00176757 0.00161606 0.00182661 0.00176757 0.00190849 0.00183811 0.00176757 0.00161606 0.00183811 0.0016556 0.00158096 0.00140547 0.00161606 0.001431 0.00140547 0.00120533 0.001431 0.00123596 0.00161606 0.001431 0.0016556 0.00145759 0.001431 0.00123596 0.00145759 0.00126992 0.00190849 0.00183811 0.00200476 0.00192939 0.00183811 0.0016556 0.00192939 0.00169616 0.00200476 0.00192939 0.00204341 0.00203588 0.00192939 0.00169616 0.00203588 0.00173279 0.0016556 0.00145759 0.00169616 0.00148184 0.00145759 0.00126992 0.00148184 0.00130497 0.00169616 0.00148184 0.00173279 0.00149933 0.00148184 0.00130497 0.00149933 0.00133836 0.00120533 0.000971671 0.00123596 0.00101836 0.000971671 0.000677375 0.00101836 0.000745611 0.00123596 0.00101836 0.00126992 0.00107371 0.00101836 0.000745611 0.00107371 0.000829685 0.000677375 0.000285327 0.000745611 0.000373224 0.000285327 -0.000242586 0.000373224 -0.000148649 0.000745611 0.000373224 0.000829685 0.000485138 0.000373224 -0.000148649 0.000485138 -2.37064e-05 0.00126992 0.00107371 0.00130497 0.00113649 0.00107371 0.000829685 0.00113649 0.000929655 0.00130497 0.00113649 0.00133836 0.00120519 0.00113649 0.000929655 0.00120519 0.00104529 0.000829685 0.000485138 0.000929655 0.000623292 0.000485138 -2.37064e-05 0.000623292 0.000138155 0.000929655 0.000623292 0.00104529 0.000789924 0.000623292 0.000138155 0.000789924 0.000343886 -0.000391062 -0.00102304 -0.000382477 -0.00101821 -0.00102304 -0.00170934 -0.00101821 -0.00171318 -0.000382477 -0.00101821 -0.000356167 -0.00100292 -0.00101821 -0.00171318 -0.00100292 -0.00172388 -0.00170934 -0.00234153 -0.00171318 -0.00235889 -0.00234153 -0.00275439 -0.00235889 -0.00278702 -0.00171318 -0.00235889 -0.00172388 -0.00241063 -0.00235889 -0.00278702 -0.00241063 -0.00288564 -0.000356167 -0.00100292 -0.000310464 -0.00097469 -0.00100292 -0.00172388 -0.00097469 -0.00173889 -0.000310464 -0.00097469 -0.000242586 -0.000929306 -0.00097469 -0.00173889 -0.000929306 -0.00175366 -0.00172388 -0.00241063 -0.00173889 -0.00249562 -0.00241063 -0.00288564 -0.00249562 -0.00305235 -0.00173889 -0.00249562 -0.00175366 -0.00261167 -0.00249562 -0.00305235 -0.00261167 -0.00329051 -0.00275439 -0.00276473 -0.00278702 -0.00280809 -0.00276473 -0.00224754 -0.00280809 -0.00228996 -0.00278702 -0.00280809 -0.00288564 -0.00294007 -0.00280809 -0.00228996 -0.00294007 -0.00241971 -0.00224754 -0.00121855 -0.00228996 -0.00124524 -0.00121855 0.00013112 -0.00124524 0.000130562 -0.00228996 -0.00124524 -0.00241971 -0.00132711 -0.00124524 0.000130562 -0.00132711 0.000128902 -0.00288564 -0.00294007 -0.00305235 -0.00316656 -0.00294007 -0.00241971 -0.00316656 -0.00264449 -0.00305235 -0.00316656 -0.00329051 -0.00349775 -0.00316656 -0.00264449 -0.00349775 -0.00297792 -0.00241971 -0.00132711 -0.00264449 -0.00146966 -0.00132711 0.000128902 -0.00146966 0.000126183 -0.00264449 -0.00146966 -0.00297792 -0.00168273 -0.00146966 0.000126183 -0.00168273 0.000122478 -0.000242586 -0.000929306 -0.000148649 -0.000860599 -0.000929306 -0.00175366 -0.000860599 -0.00176124 -0.000148649 -0.000860599 -2.37064e-05 -0.000760248 -0.000860599 -0.00176124 -0.000760248 -0.00175158 -0.00175366 -0.00261167 -0.00176124 -0.00275492 -0.00261167 -0.00329051 -0.00275492 -0.00360453 -0.00176124 -0.00275492 -0.00175158 -0.00291897 -0.00275492 -0.00360453 -0.00291897 -0.00399937 -2.37064e-05 -0.000760248 0.000138155 -0.000617503 -0.000760248 -0.00175158 -0.000617503 -0.00171068 0.000138155 -0.000617503 0.000343886 -0.000418428 -0.000617503 -0.00171068 -0.000418428 -0.00161865 -0.00175158 -0.00291897 -0.00171068 -0.00309349 -0.00291897 -0.00399937 -0.00309349 -0.00447979 -0.00171068 -0.00309349 -0.00161865 -0.00326169 -0.00309349 -0.00447979 -0.00326169 -0.00504935 -0.00329051 -0.00349775 -0.00360453 -0.00394861 -0.00349775 -0.00297792 -0.00394861 -0.00344076 -0.00360453 -0.00394861 -0.00399937 -0.00453976 -0.00394861 -0.00344076 -0.00453976 -0.00406285 -0.00297792 -0.00168273 -0.00344076 -0.00198158 -0.00168273 0.000122478 -0.00198158 0.000117895 -0.00344076 -0.00198158 -0.00406285 -0.00238859 -0.00198158 0.000117895 -0.00238859 0.000112583 -0.00399937 -0.00453976 -0.00447979 -0.00529854 -0.00453976 -0.00406285 -0.00529854 -0.00488628 -0.00447979 -0.00529854 -0.00504935 -0.00626244 -0.00529854 -0.00488628 -0.00626244 -0.00597268 -0.00406285 -0.00238859 -0.00488628 -0.00293618 -0.00238859 0.000112583 -0.00293618 0.000106736 -0.00488628 -0.00293618 -0.00597268 -0.00367317 -0.00293618 0.000106736 -0.00367317 0.000100602 0.00013112 0.00148787 0.000130562 0.00151336 0.00148787 0.00253915 0.00151336 0.00258013 0.000130562 0.00151336 0.000128902 0.00159165 0.00151336 0.00258013 0.00159165 0.00270558 0.00253915 0.00309668 0.00258013 0.00313827 0.00309668 0.00314874 0.00313827 0.00317925 0.00258013 0.00313827 0.00270558 0.00326496 0.00313827 0.00317925 0.00326496 0.0032715 0.000128902 0.00159165 0.000126183 0.00172831 0.00159165 0.00270558 0.00172831 0.00292327 0.000126183 0.00172831 0.000122478 0.00193332 0.00172831 0.00292327 0.00193332 0.00324686 0.00270558 0.00326496 0.00292327 0.00348267 0.00326496 0.0032715 0.00348267 0.00342759 0.00292327 0.00348267 0.00324686 0.00380158 0.00348267 0.00342759 0.00380158 0.00365086 0.00314874 0.00282479 0.00317925 0.00283968 0.00282479 0.00231228 0.00283968 0.00231336 0.00317925 0.00283968 0.0032715 0.00288401 0.00283968 0.00231336 0.00288401 0.00231575 0.00231228 0.00178019 0.00231336 0.00177236 0.00178019 0.00133974 0.00177236 0.00132805 0.00231336 0.00177236 0.00231575 0.00174806 0.00177236 0.00132805 0.00174806 0.00129238 0.0032715 0.00288401 0.00342759 0.00295663 0.00288401 0.00231575 0.00295663 0.00231686 0.00342759 0.00295663 0.00365086 0.00305532 0.00295663 0.00231686 0.00305532 0.0023121 0.00231575 0.00174806 0.00231686 0.00170476 0.00174806 0.00129238 0.00170476 0.00123097 0.00231686 0.00170476 0.0023121 0.00163814 0.00170476 0.00123097 0.00163814 0.0011409 0.000122478 0.00193332 0.000117895 0.00222211 0.00193332 0.00324686 0.00222211 0.00369723 0.000117895 0.00222211 0.000112583 0.00261732 0.00222211 0.00369723 0.00261732 0.00430436 0.00324686 0.00380158 0.00369723 0.00423672 0.00380158 0.00365086 0.00423672 0.00394569 0.00369723 0.00423672 0.00430436 0.0048087 0.00423672 0.00394569 0.0048087 0.00431701 0.000112583 0.00261732 0.000106736 0.00315167 0.00261732 0.00430436 0.00315167 0.0051105 0.000106736 0.00315167 0.000100602 0.00387441 0.00315167 0.0051105 0.00387441 0.0061775 0.00430436 0.0048087 0.0051105 0.00554492 0.0048087 0.00431701 0.00554492 0.00476951 0.0051105 0.00554492 0.0061775 0.00648285 0.00554492 0.00476951 0.00648285 0.00530668 0.00365086 0.00305532 0.00394569 0.00317615 0.00305532 0.0023121 0.00317615 0.00229444 0.00394569 0.00317615 0.00431701 0.00331267 0.00317615 0.00229444 0.00331267 0.00225376 0.0023121 0.00163814 0.00229444 0.00154194 0.00163814 0.0011409 0.00154194 0.00101809 0.00229444 0.00154194 0.00225376 0.0014077 0.00154194 0.00101809 0.0014077 0.00085735 0.00431701 0.00331267 0.00476951 0.00345446 0.00331267 0.00225376 0.00345446 0.00217594 0.00476951 0.00345446 0.00530668 0.00358464 0.00345446 0.00217594 0.00358464 0.002041 0.00225376 0.0014077 0.00217594 0.00122451 0.0014077 0.00085735 0.00122451 0.00065251 0.00217594 0.00122451 0.002041 0.000978284 0.00122451 0.00065251 0.000978284 0.000396342 0.00133974 0.00104105 0.00132805 0.00102915 0.00104105 0.000888657 0.00102915 0.000878653 0.00132805 0.00102915 0.00129238 0.000993103 0.00102915 0.000878653 0.000993103 0.00084849 0.000888657 0.000860145 0.000878653 0.000853037 0.000860145 0.000920047 0.000853037 0.000916205 0.000878653 0.000853037 0.00084849 0.000831661 0.000853037 0.000916205 0.000831661 0.000904674 0.00129238 0.000993103 0.00123097 0.000931944 0.000993103 0.00084849 0.000931944 0.000797726 0.00123097 0.000931944 0.0011409 0.000844094 0.000931944 0.000797726 0.000844094 0.000725675 0.00084849 0.000831661 0.000797726 0.00079586 0.000831661 0.000904674 0.00079586 0.000885445 0.000797726 0.00079586 0.000725675 0.0007454 0.00079586 0.000885445 0.0007454 0.000858502 0.000920047 0.00102796 0.000916205 0.0010274 0.00102796 0.00114322 0.0010274 0.00114562 0.000916205 0.0010274 0.000904674 0.00102577 0.0010274 0.00114562 0.00102577 0.00115295 0.00114322 0.00122956 0.00114562 0.00123405 0.00122956 0.0012614 0.00123405 0.00126663 0.00114562 0.00123405 0.00115295 0.00124776 0.00123405 0.00126663 0.00124776 0.00128259 0.000904674 0.00102577 0.000885445 0.00102322 0.00102577 0.00115295 0.00102322 0.00116563 0.000885445 0.00102322 0.000858502 0.00101994 0.00102322 0.00116563 0.00101994 0.00118432 0.00115295 0.00124776 0.00116563 0.00127135 0.00124776 0.00128259 0.00127135 0.00130999 0.00116563 0.00127135 0.00118432 0.00130607 0.00127135 0.00130999 0.00130607 0.00135002 0.0011409 0.000844094 0.00101809 0.000727456 0.000844094 0.000725675 0.000727456 0.000631472 0.00101809 0.000727456 0.00085735 0.000579542 0.000727456 0.000631472 0.000579542 0.000514184 0.000725675 0.0007454 0.000631472 0.000680006 0.0007454 0.000858502 0.000680006 0.000823819 0.000631472 0.000680006 0.000514184 0.000599414 0.000680006 0.000823819 0.000599414 0.000781367 0.00085735 0.000579542 0.00065251 0.000397663 0.000579542 0.000514184 0.000397663 0.000372949 0.00065251 0.000397663 0.000396342 0.00017909 0.000397663 0.000372949 0.00017909 0.000207122 0.000514184 0.000599414 0.000372949 0.000503445 0.000599414 0.000781367 0.000503445 0.000731106 0.000372949 0.000503445 0.000207122 0.000392069 0.000503445 0.000731106 0.000392069 0.000672985 0.000858502 0.00101994 0.000823819 0.00101617 0.00101994 0.00118432 0.00101617 0.00120992 0.000823819 0.00101617 0.000781367 0.00101211 0.00101617 0.00120992 0.00101211 0.00124339 0.00118432 0.00130607 0.00120992 0.00135382 0.00130607 0.00135002 0.00135382 0.00140416 0.00120992 0.00135382 0.00124339 0.00141785 0.00135382 0.00140416 0.00141785 0.00147329 0.000781367 0.00101211 0.000731106 0.0010078 0.00101211 0.00124339 0.0010078 0.00128561 0.000731106 0.0010078 0.000672985 0.00100313 0.0010078 0.00128561 0.00100313 0.00133728 0.00124339 0.00141785 0.00128561 0.00150392 0.00141785 0.00147329 0.00150392 0.00155137 0.00128561 0.00150392 0.00133728 0.00161072 0.00150392 0.00155137 0.00161072 0.00157085 0.00204341 0.00203588 -0.00463885 0.00214151 0.00203588 0.00173279 0.00214151 0.00157193 -0.00463885 0.00214151 -0.00180144 3.26254e-05 0.00214151 0.00157193 3.26254e-05 0.000959224 0.00173279 0.00149933 0.00157193 0.00134389 0.00149933 0.00133836 0.00134389 0.00121455 0.00157193 0.00134389 0.000959224 0.001123 0.00134389 0.00121455 0.001123 0.00108474 -0.00180144 3.26254e-05 -0.000434473 -0.000246465 3.26254e-05 0.000959224 -0.000246465 0.000703162 -0.000434473 -0.000246465 9.92292e-05 -4.6664e-05 -0.000246465 0.000703162 -4.6664e-05 0.000583862 0.000959224 0.001123 0.000703162 0.0009627 0.001123 0.00108474 0.0009627 0.000970807 0.000703162 0.0009627 0.000583862 0.000843407 0.0009627 0.000970807 0.000843407 0.000875288 0.00133836 0.00120519 0.00121455 0.00108136 0.00120519 0.00104529 0.00108136 0.000896198 0.00121455 0.00108136 0.00108474 0.000964745 0.00108136 0.000896198 0.000964745 0.000764002 0.00104529 0.000789924 0.000896198 0.00060291 0.000789924 0.000343886 0.00060291 0.000125698 0.000896198 0.00060291 0.000764002 0.000445162 0.00060291 0.000125698 0.000445162 -4.81371e-05 0.00108474 0.000964745 0.000970807 0.000861054 0.000964745 0.000764002 0.000861054 0.000650468 0.000970807 0.000861054 0.000875288 0.000773137 0.000861054 0.000650468 0.000773137 0.000556669 0.000764002 0.000445162 0.000650468 0.00031524 0.000445162 -4.81371e-05 0.00031524 -0.000184104 0.000650468 0.00031524 0.000556669 0.000211617 0.00031524 -0.000184104 0.000211617 -0.000287692 9.92292e-05 -4.6664e-05 0.000335213 0.00016271 -4.6664e-05 0.000583862 0.00016271 0.00053533 0.000335213 0.00016271 0.000458143 0.000302179 0.00016271 0.00053533 0.000302179 0.000521286 0.000583862 0.000843407 0.00053533 0.000759765 0.000843407 0.000875288 0.000759765 0.000800338 0.00053533 0.000759765 0.000521286 0.000705807 0.000759765 0.000800338 0.000705807 0.00074688 0.000458143 0.000302179 0.000522209 0.000377588 0.000302179 0.000521286 0.000377588 0.000519884 0.000522209 0.000377588 0.000542503 0.000401207 0.000377588 0.000519884 0.000401207 0.000520443 0.000521286 0.000705807 0.000519884 0.000675976 0.000705807 0.00074688 0.000675976 0.000714977 0.000519884 0.000675976 0.000520443 0.000666477 0.000675976 0.000714977 0.000666477 0.000704386 0.000875288 0.000773137 0.000800338 0.000703067 0.000773137 0.000556669 0.000703067 0.000483272 0.000800338 0.000703067 0.00074688 0.000652241 0.000703067 0.000483272 0.000652241 0.000430668 0.000556669 0.000211617 0.000483272 0.000132802 0.000211617 -0.000287692 0.000132802 -0.000363478 0.000483272 0.000132802 0.000430668 7.7505e-05 0.000132802 -0.000363478 7.7505e-05 -0.00041505 0.00074688 0.000652241 0.000714977 0.000621479 0.000652241 0.000430668 0.000621479 0.000399052 0.000714977 0.000621479 0.000704386 0.000611185 0.000621479 0.000399052 0.000611185 0.000388507 0.000430668 7.7505e-05 0.000399052 4.47394e-05 7.7505e-05 -0.00041505 4.47394e-05 -0.00044497 0.000399052 4.47394e-05 0.000388507 3.38874e-05 4.47394e-05 -0.00044497 3.38874e-05 -0.000454774 0.000343886 -0.000418428 0.000125698 -0.000625135 -0.000418428 -0.00161865 -0.000625135 -0.00171537 0.000125698 -0.000625135 -4.81371e-05 -0.000775217 -0.000625135 -0.00171537 -0.000775217 -0.00176078 -0.00161865 -0.00326169 -0.00171537 -0.0030964 -0.00326169 -0.00504935 -0.0030964 -0.00448163 -0.00171537 -0.0030964 -0.00176078 -0.00292468 -0.0030964 -0.00448163 -0.00292468 -0.00400299 -4.81371e-05 -0.000775217 -0.000184104 -0.000882327 -0.000775217 -0.00176078 -0.000882327 -0.0017746 -0.000184104 -0.000882327 -0.000287692 -0.000956956 -0.000882327 -0.0017746 -0.000956956 -0.00177067 -0.00176078 -0.00292468 -0.0017746 -0.00276321 -0.00292468 -0.00400299 -0.00276321 -0.00360978 -0.0017746 -0.00276321 -0.00177067 -0.00262222 -0.00276321 -0.00360978 -0.00262222 -0.00329719 -0.00504935 -0.00626244 -0.00448163 -0.00529977 -0.00626244 -0.00597268 -0.00529977 -0.0048872 -0.00448163 -0.00529977 -0.00400299 -0.00454217 -0.00529977 -0.0048872 -0.00454217 -0.00406466 -0.00597268 -0.00367317 -0.0048872 -0.00293701 -0.00367317 0.000100602 -0.00293701 0.000105782 -0.0048872 -0.00293701 -0.00406466 -0.00239023 -0.00293701 0.000105782 -0.00239023 0.000110711 -0.00400299 -0.00454217 -0.00360978 -0.00395211 -0.00454217 -0.00406466 -0.00395211 -0.00344338 -0.00360978 -0.00395211 -0.00329719 -0.00350221 -0.00395211 -0.00344338 -0.00350221 -0.00298126 -0.00406466 -0.00239023 -0.00344338 -0.00198395 -0.00239023 0.000110711 -0.00198395 0.000115178 -0.00344338 -0.00198395 -0.00298126 -0.00168576 -0.00198395 0.000115178 -0.00168576 0.00011902 -0.000287692 -0.000956956 -0.000363478 -0.0010072 -0.000956956 -0.00177067 -0.0010072 -0.00175889 -0.000363478 -0.0010072 -0.00041505 -0.00103903 -0.0010072 -0.00175889 -0.00103903 -0.0017461 -0.00177067 -0.00262222 -0.00175889 -0.00250802 -0.00262222 -0.00329719 -0.00250802 -0.0030602 -0.00175889 -0.00250802 -0.0017461 -0.00242441 -0.00250802 -0.0030602 -0.00242441 -0.00289437 -0.00041505 -0.00103903 -0.00044497 -0.00105655 -0.00103903 -0.0017461 -0.00105655 -0.00173677 -0.00044497 -0.00105655 -0.000454774 -0.00106213 -0.00105655 -0.00173677 -0.00106213 -0.00173338 -0.0017461 -0.00242441 -0.00173677 -0.00237352 -0.00242441 -0.00289437 -0.00237352 -0.00279629 -0.00173677 -0.00237352 -0.00173338 -0.00235645 -0.00237352 -0.00279629 -0.00235645 -0.00276384 -0.00329719 -0.00350221 -0.0030602 -0.00317181 -0.00350221 -0.00298126 -0.00317181 -0.00264841 -0.0030602 -0.00317181 -0.00289437 -0.00294589 -0.00317181 -0.00264841 -0.00294589 -0.00242406 -0.00298126 -0.00168576 -0.00264841 -0.00147321 -0.00168576 0.00011902 -0.00147321 0.000122117 -0.00264841 -0.00147321 -0.00242406 -0.00133106 -0.00147321 0.000122117 -0.00133106 0.000124384 -0.00289437 -0.00294589 -0.00279629 -0.00281427 -0.00294589 -0.00242406 -0.00281427 -0.00229458 -0.00279629 -0.00281427 -0.00276384 -0.00277104 -0.00281427 -0.00229458 -0.00277104 -0.00225225 -0.00242406 -0.00133106 -0.00229458 -0.00124944 -0.00133106 0.000124384 -0.00124944 0.000125766 -0.00229458 -0.00124944 -0.00225225 -0.00122282 -0.00124944 0.000125766 -0.00122282 0.00012623 0.000100602 0.00387441 0.000105782 0.00315036 0.00387441 0.0061775 0.00315036 0.00510852 0.000105782 0.00315036 0.000110711 0.00261475 0.00315036 0.00510852 0.00261475 0.00430047 0.0061775 0.00648285 0.00510852 0.00554177 0.00648285 0.00530668 0.00554177 0.00476443 0.00510852 0.00554177 0.00430047 0.00480252 0.00554177 0.00476443 0.00480252 0.00430704 0.000110711 0.00261475 0.000115178 0.00221838 0.00261475 0.00430047 0.00221838 0.00369158 0.000115178 0.00221838 0.00011902 0.00192858 0.00221838 0.00369158 0.00192858 0.00323967 0.00430047 0.00480252 0.00369158 0.00422775 0.00480252 0.00430704 0.00422775 0.0039312 0.00369158 0.00422775 0.00323967 0.00379017 0.00422775 0.0039312 0.00379017 0.00363242 0.00530668 0.00358464 0.00476443 0.00344619 0.00358464 0.002041 0.00344619 0.00216244 0.00476443 0.00344619 0.00430704 0.00329644 0.00344619 0.00216244 0.00329644 0.00222728 0.002041 0.000978284 0.00216244 0.00120246 0.000978284 0.000396342 0.00120246 0.000616479 0.00216244 0.00120246 0.00222728 0.00136445 0.00120246 0.000616479 0.00136445 0.000786681 0.00430704 0.00329644 0.0039312 0.00315259 0.00329644 0.00222728 0.00315259 0.002256 0.0039312 0.00315259 0.00363242 0.00302532 0.00315259 0.002256 0.00302532 0.00226318 0.00222728 0.00136445 0.002256 0.00147917 0.00136445 0.000786681 0.00147917 0.000915516 0.002256 0.00147917 0.00226318 0.00155825 0.00147917 0.000915516 0.00155825 0.00101039 0.00011902 0.00192858 0.000122117 0.00172274 0.00192858 0.00323967 0.00172274 0.00291481 0.000122117 0.00172274 0.000124384 0.00158545 0.00172274 0.00291481 0.00158545 0.00269618 0.00323967 0.00379017 0.00291481 0.00346925 0.00379017 0.00363242 0.00346925 0.00340591 0.00291481 0.00346925 0.00269618 0.00325005 0.00346925 0.00340591 0.00325005 0.00324741 0.000124384 0.00158545 0.000125766 0.00150678 0.00158545 0.00269618 0.00150678 0.00257015 0.000125766 0.00150678 0.00012623 0.00148116 0.00150678 0.00257015 0.00148116 0.00252897 0.00269618 0.00325005 0.00257015 0.00312244 0.00325005 0.00324741 0.00312244 0.00315368 0.00257015 0.00312244 0.00252897 0.00308054 0.00312244 0.00315368 0.00308054 0.00312266 0.00363242 0.00302532 0.00340591 0.00292137 0.00302532 0.00226318 0.00292137 0.00225933 0.00340591 0.00292137 0.00324741 0.00284482 0.00292137 0.00225933 0.00284482 0.00225183 0.00226318 0.00155825 0.00225933 0.00161083 0.00155825 0.00101039 0.00161083 0.00107754 0.00225933 0.00161083 0.00225183 0.0016437 0.00161083 0.00107754 0.0016437 0.00112193 0.00324741 0.00284482 0.00315368 0.00279808 0.00284482 0.00225183 0.00279808 0.0022455 0.00315368 0.00279808 0.00312266 0.00278238 0.00279808 0.0022455 0.00278238 0.0022431 0.00225183 0.0016437 0.0022455 0.00166158 0.0016437 0.00112193 0.00166158 0.00114714 0.0022455 0.00166158 0.0022431 0.00166724 0.00166158 0.00114714 0.00166724 0.0011553 0.000396342 0.00017909 0.000616479 0.000338718 0.00017909 0.000207122 0.000338718 0.000276315 0.000616479 0.000338718 0.000786681 0.00046394 0.000338718 0.000276315 0.00046394 0.000324646 0.000207122 0.000392069 0.000276315 0.000344363 0.000392069 0.000672985 0.000344363 0.000467729 0.000276315 0.000344363 0.000324646 0.000286828 0.000344363 0.000467729 0.000286828 0.000257902 0.000786681 0.00046394 0.000915516 0.000559722 0.00046394 0.000324646 0.000559722 0.000356703 0.000915516 0.000559722 0.00101039 0.000630762 0.000559722 0.000356703 0.000630762 0.000376623 0.000324646 0.000286828 0.000356703 0.000227876 0.000286828 0.000257902 0.000227876 7.1141e-05 0.000356703 0.000227876 0.000376623 0.000172841 0.000227876 7.1141e-05 0.000172841 -8.67072e-05 0.000672985 0.00100313 0.000467729 0.000573663 0.00100313 0.00133728 0.000573663 0.000610989 0.000467729 0.000573663 0.000257902 9.97313e-05 0.000573663 0.000610989 9.97313e-05 -0.00051397 0.00133728 0.00161072 0.000610989 0.000359766 0.00161072 0.00157085 0.000359766 -0.0125538 0.000610989 0.000359766 -0.00051397 -0.00269651 0.000359766 -0.0125538 -0.00269651 -0.00889925 0.000257902 9.97313e-05 7.1141e-05 -0.000274102 9.97313e-05 -0.00051397 -0.000274102 -0.0011559 7.1141e-05 -0.000274102 -8.67072e-05 -0.000564242 -0.000274102 -0.0011559 -0.000564242 -0.00154866 -0.00051397 -0.00269651 -0.0011559 -0.00347833 -0.00269651 -0.00889925 -0.00347833 -0.00640439 -0.0011559 -0.00347833 -0.00154866 -0.00348603 -0.00347833 -0.00640439 -0.00348603 -0.00516644 0.00101039 0.000630762 0.00107754 0.000681273 0.000630762 0.000376623 0.000681273 0.000388069 0.00107754 0.000681273 0.00112193 0.000714742 0.000681273 0.000388069 0.000714742 0.000394038 0.000376623 0.000172841 0.000388069 0.000126002 0.000172841 -8.67072e-05 0.000126002 -0.000211252 0.000388069 0.000126002 0.000394038 9.05188e-05 0.000126002 -0.000211252 9.05188e-05 -0.000300435 0.00112193 0.000714742 0.00114714 0.000733762 0.000714742 0.000394038 0.000733762 0.000396729 0.00114714 0.000733762 0.0011553 0.000739923 0.000733762 0.000396729 0.000739923 0.000397477 0.000394038 9.05188e-05 0.000396729 6.84672e-05 9.05188e-05 -0.000300435 6.84672e-05 -0.0003538 0.000396729 6.84672e-05 0.000397477 6.09953e-05 6.84672e-05 -0.0003538 6.09953e-05 -0.000371539 -8.67072e-05 -0.000564242 -0.000211252 -0.000775851 -0.000564242 -0.00154866 -0.000775851 -0.00177899 -0.000211252 -0.000775851 -0.000300435 -0.000917479 -0.000775851 -0.00177899 -0.000917479 -0.00190497 -0.00154866 -0.00348603 -0.00177899 -0.00334632 -0.00348603 -0.00516644 -0.00334632 -0.00453425 -0.00177899 -0.00334632 -0.00190497 -0.0032236 -0.00334632 -0.00453425 -0.0032236 -0.00419601 -0.000300435 -0.000917479 -0.0003538 -0.000998107 -0.000917479 -0.00190497 -0.000998107 -0.00196622 -0.0003538 -0.000998107 -0.000371539 -0.00102421 -0.000998107 -0.00196622 -0.00102421 -0.00198439 -0.00190497 -0.0032236 -0.00196622 -0.00314905 -0.0032236 -0.00419601 -0.00314905 -0.00402541 -0.00196622 -0.00314905 -0.00198439 -0.00312453 -0.00314905 -0.00402541 -0.00312453 -0.00397297 0.000542503 0.000401207 0.000522209 0.000377588 0.000401207 0.000520443 0.000377588 0.000519884 0.000522209 0.000377588 0.000458143 0.000302179 0.000377588 0.000519884 0.000302179 0.000521286 0.000520443 0.000666477 0.000519884 0.000675976 0.000666477 0.000704386 0.000675976 0.000714977 0.000519884 0.000675976 0.000521286 0.000705807 0.000675976 0.000714977 0.000705807 0.00074688 0.000458143 0.000302179 0.000335213 0.00016271 0.000302179 0.000521286 0.00016271 0.00053533 0.000335213 0.00016271 9.92292e-05 -4.6664e-05 0.00016271 0.00053533 -4.6664e-05 0.000583862 0.000521286 0.000705807 0.00053533 0.000759765 0.000705807 0.00074688 0.000759765 0.000800338 0.00053533 0.000759765 0.000583862 0.000843407 0.000759765 0.000800338 0.000843407 0.000875288 0.000704386 0.000611185 0.000714977 0.000621479 0.000611185 0.000388507 0.000621479 0.000399052 0.000714977 0.000621479 0.00074688 0.000652241 0.000621479 0.000399052 0.000652241 0.000430668 0.000388507 3.38874e-05 0.000399052 4.47394e-05 3.38874e-05 -0.000454774 4.47394e-05 -0.00044497 0.000399052 4.47394e-05 0.000430668 7.7505e-05 4.47394e-05 -0.00044497 7.7505e-05 -0.00041505 0.00074688 0.000652241 0.000800338 0.000703067 0.000652241 0.000430668 0.000703067 0.000483272 0.000800338 0.000703067 0.000875288 0.000773137 0.000703067 0.000483272 0.000773137 0.000556669 0.000430668 7.7505e-05 0.000483272 0.000132802 7.7505e-05 -0.00041505 0.000132802 -0.000363478 0.000483272 0.000132802 0.000556669 0.000211617 0.000132802 -0.000363478 0.000211617 -0.000287692 9.92292e-05 -4.6664e-05 -0.000434473 -0.000246465 -4.6664e-05 0.000583862 -0.000246465 0.000703162 -0.000434473 -0.000246465 -0.00180144 3.26254e-05 -0.000246465 0.000703162 3.26254e-05 0.000959224 0.000583862 0.000843407 0.000703162 0.0009627 0.000843407 0.000875288 0.0009627 0.000970807 0.000703162 0.0009627 0.000959224 0.001123 0.0009627 0.000970807 0.001123 0.00108474 -0.00180144 3.26254e-05 -0.00463885 0.00214151 3.26254e-05 0.000959224 0.00214151 0.00157193 -0.00463885 0.00214151 0.00204341 0.00203588 0.00214151 0.00157193 0.00203588 0.00173279 0.000959224 0.001123 0.00157193 0.00134389 0.001123 0.00108474 0.00134389 0.00121455 0.00157193 0.00134389 0.00173279 0.00149933 0.00134389 0.00121455 0.00149933 0.00133836 0.000875288 0.000773137 0.000970807 0.000861054 0.000773137 0.000556669 0.000861054 0.000650468 0.000970807 0.000861054 0.00108474 0.000964745 0.000861054 0.000650468 0.000964745 0.000764002 0.000556669 0.000211617 0.000650468 0.00031524 0.000211617 -0.000287692 0.00031524 -0.000184104 0.000650468 0.00031524 0.000764002 0.000445162 0.00031524 -0.000184104 0.000445162 -4.81371e-05 0.00108474 0.000964745 0.00121455 0.00108136 0.000964745 0.000764002 0.00108136 0.000896198 0.00121455 0.00108136 0.00133836 0.00120519 0.00108136 0.000896198 0.00120519 0.00104529 0.000764002 0.000445162 0.000896198 0.00060291 0.000445162 -4.81371e-05 0.00060291 0.000125698 0.000896198 0.00060291 0.00104529 0.000789924 0.00060291 0.000125698 0.000789924 0.000343886 -0.000454774 -0.00106213 -0.00044497 -0.00105655 -0.00106213 -0.00173338 -0.00105655 -0.00173677 -0.00044497 -0.00105655 -0.00041505 -0.00103903 -0.00105655 -0.00173677 -0.00103903 -0.0017461 -0.00173338 -0.00235645 -0.00173677 -0.00237352 -0.00235645 -0.00276384 -0.00237352 -0.00279629 -0.00173677 -0.00237352 -0.0017461 -0.00242441 -0.00237352 -0.00279629 -0.00242441 -0.00289437 -0.00041505 -0.00103903 -0.000363478 -0.0010072 -0.00103903 -0.0017461 -0.0010072 -0.00175889 -0.000363478 -0.0010072 -0.000287692 -0.000956956 -0.0010072 -0.00175889 -0.000956956 -0.00177067 -0.0017461 -0.00242441 -0.00175889 -0.00250802 -0.00242441 -0.00289437 -0.00250802 -0.0030602 -0.00175889 -0.00250802 -0.00177067 -0.00262222 -0.00250802 -0.0030602 -0.00262222 -0.00329719 -0.00276384 -0.00277104 -0.00279629 -0.00281427 -0.00277104 -0.00225225 -0.00281427 -0.00229458 -0.00279629 -0.00281427 -0.00289437 -0.00294589 -0.00281427 -0.00229458 -0.00294589 -0.00242406 -0.00225225 -0.00122282 -0.00229458 -0.00124944 -0.00122282 0.00012623 -0.00124944 0.000125766 -0.00229458 -0.00124944 -0.00242406 -0.00133106 -0.00124944 0.000125766 -0.00133106 0.000124384 -0.00289437 -0.00294589 -0.0030602 -0.00317181 -0.00294589 -0.00242406 -0.00317181 -0.00264841 -0.0030602 -0.00317181 -0.00329719 -0.00350221 -0.00317181 -0.00264841 -0.00350221 -0.00298126 -0.00242406 -0.00133106 -0.00264841 -0.00147321 -0.00133106 0.000124384 -0.00147321 0.000122117 -0.00264841 -0.00147321 -0.00298126 -0.00168576 -0.00147321 0.000122117 -0.00168576 0.00011902 -0.000287692 -0.000956956 -0.000184104 -0.000882327 -0.000956956 -0.00177067 -0.000882327 -0.0017746 -0.000184104 -0.000882327 -4.81371e-05 -0.000775217 -0.000882327 -0.0017746 -0.000775217 -0.00176078 -0.00177067 -0.00262222 -0.0017746 -0.00276321 -0.00262222 -0.00329719 -0.00276321 -0.00360978 -0.0017746 -0.00276321 -0.00176078 -0.00292468 -0.00276321 -0.00360978 -0.00292468 -0.00400299 -4.81371e-05 -0.000775217 0.000125698 -0.000625135 -0.000775217 -0.00176078 -0.000625135 -0.00171537 0.000125698 -0.000625135 0.000343886 -0.000418428 -0.000625135 -0.00171537 -0.000418428 -0.00161865 -0.00176078 -0.00292468 -0.00171537 -0.0030964 -0.00292468 -0.00400299 -0.0030964 -0.00448163 -0.00171537 -0.0030964 -0.00161865 -0.00326169 -0.0030964 -0.00448163 -0.00326169 -0.00504935 -0.00329719 -0.00350221 -0.00360978 -0.00395211 -0.00350221 -0.00298126 -0.00395211 -0.00344338 -0.00360978 -0.00395211 -0.00400299 -0.00454217 -0.00395211 -0.00344338 -0.00454217 -0.00406466 -0.00298126 -0.00168576 -0.00344338 -0.00198395 -0.00168576 0.00011902 -0.00198395 0.000115178 -0.00344338 -0.00198395 -0.00406466 -0.00239023 -0.00198395 0.000115178 -0.00239023 0.000110711 -0.00400299 -0.00454217 -0.00448163 -0.00529977 -0.00454217 -0.00406466 -0.00529977 -0.0048872 -0.00448163 -0.00529977 -0.00504935 -0.00626244 -0.00529977 -0.0048872 -0.00626244 -0.00597268 -0.00406466 -0.00239023 -0.0048872 -0.00293701 -0.00239023 0.000110711 -0.00293701 0.000105782 -0.0048872 -0.00293701 -0.00597268 -0.00367317 -0.00293701 0.000105782 -0.00367317 0.000100602 0.00012623 0.00148116 0.000125766 0.00150678 0.00148116 0.00252897 0.00150678 0.00257015 0.000125766 0.00150678 0.000124384 0.00158545 0.00150678 0.00257015 0.00158545 0.00269618 0.00252897 0.00308054 0.00257015 0.00312244 0.00308054 0.00312266 0.00312244 0.00315368 0.00257015 0.00312244 0.00269618 0.00325005 0.00312244 0.00315368 0.00325005 0.00324741 0.000124384 0.00158545 0.000122117 0.00172274 0.00158545 0.00269618 0.00172274 0.00291481 0.000122117 0.00172274 0.00011902 0.00192858 0.00172274 0.00291481 0.00192858 0.00323967 0.00269618 0.00325005 0.00291481 0.00346925 0.00325005 0.00324741 0.00346925 0.00340591 0.00291481 0.00346925 0.00323967 0.00379017 0.00346925 0.00340591 0.00379017 0.00363242 0.00312266 0.00278238 0.00315368 0.00279808 0.00278238 0.0022431 0.00279808 0.0022455 0.00315368 0.00279808 0.00324741 0.00284482 0.00279808 0.0022455 0.00284482 0.00225183 0.0022431 0.00166724 0.0022455 0.00166158 0.00166724 0.0011553 0.00166158 0.00114714 0.0022455 0.00166158 0.00225183 0.0016437 0.00166158 0.00114714 0.0016437 0.00112193 0.00324741 0.00284482 0.00340591 0.00292137 0.00284482 0.00225183 0.00292137 0.00225933 0.00340591 0.00292137 0.00363242 0.00302532 0.00292137 0.00225933 0.00302532 0.00226318 0.00225183 0.0016437 0.00225933 0.00161083 0.0016437 0.00112193 0.00161083 0.00107754 0.00225933 0.00161083 0.00226318 0.00155825 0.00161083 0.00107754 0.00155825 0.00101039 0.00011902 0.00192858 0.000115178 0.00221838 0.00192858 0.00323967 0.00221838 0.00369158 0.000115178 0.00221838 0.000110711 0.00261475 0.00221838 0.00369158 0.00261475 0.00430047 0.00323967 0.00379017 0.00369158 0.00422775 0.00379017 0.00363242 0.00422775 0.0039312 0.00369158 0.00422775 0.00430047 0.00480252 0.00422775 0.0039312 0.00480252 0.00430704 0.000110711 0.00261475 0.000105782 0.00315036 0.00261475 0.00430047 0.00315036 0.00510852 0.000105782 0.00315036 0.000100602 0.00387441 0.00315036 0.00510852 0.00387441 0.0061775 0.00430047 0.00480252 0.00510852 0.00554177 0.00480252 0.00430704 0.00554177 0.00476443 0.00510852 0.00554177 0.0061775 0.00648285 0.00554177 0.00476443 0.00648285 0.00530668 0.00363242 0.00302532 0.0039312 0.00315259 0.00302532 0.00226318 0.00315259 0.002256 0.0039312 0.00315259 0.00430704 0.00329644 0.00315259 0.002256 0.00329644 0.00222728 0.00226318 0.00155825 0.002256 0.00147917 0.00155825 0.00101039 0.00147917 0.000915516 0.002256 0.00147917 0.00222728 0.00136445 0.00147917 0.000915516 0.00136445 0.000786681 0.00430704 0.00329644 0.00476443 0.00344619 0.00329644 0.00222728 0.00344619 0.00216244 0.00476443 0.00344619 0.00530668 0.00358464 0.00344619 0.00216244 0.00358464 0.002041 0.00222728 0.00136445 0.00216244 0.00120246 0.00136445 0.000786681 0.00120246 0.000616479 0.00216244 0.00120246 0.002041 0.000978284 0.00120246 0.000616479 0.000978284 0.000396342 0.0011553 0.000739923 0.00114714 0.000733762 0.000739923 0.000397477 0.000733762 0.000396729 0.00114714 0.000733762 0.00112193 0.000714742 0.000733762 0.000396729 0.000714742 0.000394038 0.000397477 6.09953e-05 0.000396729 6.84672e-05 6.09953e-05 -0.000371539 6.84672e-05 -0.0003538 0.000396729 6.84672e-05 0.000394038 9.05188e-05 6.84672e-05 -0.0003538 9.05188e-05 -0.000300435 0.00112193 0.000714742 0.00107754 0.000681273 0.000714742 0.000394038 0.000681273 0.000388069 0.00107754 0.000681273 0.00101039 0.000630762 0.000681273 0.000388069 0.000630762 0.000376623 0.000394038 9.05188e-05 0.000388069 0.000126002 9.05188e-05 -0.000300435 0.000126002 -0.000211252 0.000388069 0.000126002 0.000376623 0.000172841 0.000126002 -0.000211252 0.000172841 -8.67072e-05 -0.000371539 -0.00102421 -0.0003538 -0.000998107 -0.00102421 -0.00198439 -0.000998107 -0.00196622 -0.0003538 -0.000998107 -0.000300435 -0.000917479 -0.000998107 -0.00196622 -0.000917479 -0.00190497 -0.00198439 -0.00312453 -0.00196622 -0.00314905 -0.00312453 -0.00397297 -0.00314905 -0.00402541 -0.00196622 -0.00314905 -0.00190497 -0.0032236 -0.00314905 -0.00402541 -0.0032236 -0.00419601 -0.000300435 -0.000917479 -0.000211252 -0.000775851 -0.000917479 -0.00190497 -0.000775851 -0.00177899 -0.000211252 -0.000775851 -8.67072e-05 -0.000564242 -0.000775851 -0.00177899 -0.000564242 -0.00154866 -0.00190497 -0.0032236 -0.00177899 -0.00334632 -0.0032236 -0.00419601 -0.00334632 -0.00453425 -0.00177899 -0.00334632 -0.00154866 -0.00348603 -0.00334632 -0.00453425 -0.00348603 -0.00516644 0.00101039 0.000630762 0.000915516 0.000559722 0.000630762 0.000376623 0.000559722 0.000356703 0.000915516 0.000559722 0.000786681 0.00046394 0.000559722 0.000356703 0.00046394 0.000324646 0.000376623 0.000172841 0.000356703 0.000227876 0.000172841 -8.67072e-05 0.000227876 7.1141e-05 0.000356703 0.000227876 0.000324646 0.000286828 0.000227876 7.1141e-05 0.000286828 0.000257902 0.000786681 0.00046394 0.000616479 0.000338718 0.00046394 0.000324646 0.000338718 0.000276315 0.000616479 0.000338718 0.000396342 0.00017909 0.000338718 0.000276315 0.00017909 0.000207122 0.000324646 0.000286828 0.000276315 0.000344363 0.000286828 0.000257902 0.000344363 0.000467729 0.000276315 0.000344363 0.000207122 0.000392069 0.000344363 0.000467729 0.000392069 0.000672985 -8.67072e-05 -0.000564242 7.1141e-05 -0.000274102 -0.000564242 -0.00154866 -0.000274102 -0.0011559 7.1141e-05 -0.000274102 0.000257902 9.97313e-05 -0.000274102 -0.0011559 9.97313e-05 -0.00051397 -0.00154866 -0.00348603 -0.0011559 -0.00347833 -0.00348603 -0.00516644 -0.00347833 -0.00640439 -0.0011559 -0.00347833 -0.00051397 -0.00269651 -0.00347833 -0.00640439 -0.00269651 -0.00889925 0.000257902 9.97313e-05 0.000467729 0.000573663 9.97313e-05 -0.00051397 0.000573663 0.000610989 0.000467729 0.000573663 0.000672985 0.00100313 0.000573663 0.000610989 0.00100313 0.00133728 -0.00051397 -0.00269651 0.000610989 0.000359766 -0.00269651 -0.00889925 0.000359766 -0.0125538 0.000610989 0.000359766 0.00133728 0.00161072 0.000359766 -0.0125538 0.00161072 0.00157085 0.00204341 0.00203588 0.00200476 0.00192939 0.00203588 0.00173279 0.00192939 0.00169616 0.00200476 0.00192939 0.00190849 0.00183811 0.00192939 0.00169616 0.00183811 0.0016556 0.00173279 0.00149933 0.00169616 0.00148184 0.00149933 0.00133836 0.00148184 0.00130497 0.00169616 0.00148184 0.0016556 0.00145759 0.00148184 0.00130497 0.00145759 0.00126992 0.00190849 0.00183811 0.00182661 0.00176757 0.00183811 0.0016556 0.00176757 0.00161606 0.00182661 0.00176757 0.00176327 0.00171306 0.00176757 0.00161606 0.00171306 0.00158096 0.0016556 0.00145759 0.00161606 0.001431 0.00145759 0.00126992 0.001431 0.00123596 0.00161606 0.001431 0.00158096 0.00140547 0.001431 0.00123596 0.00140547 0.00120533 0.00133836 0.00120519 0.00130497 0.00113649 0.00120519 0.00104529 0.00113649 0.000929655 0.00130497 0.00113649 0.00126992 0.00107371 0.00113649 0.000929655 0.00107371 0.000829685 0.00104529 0.000789924 0.000929655 0.000623292 0.000789924 0.000343886 0.000623292 0.000138155 0.000929655 0.000623292 0.000829685 0.000485138 0.000623292 0.000138155 0.000485138 -2.37064e-05 0.00126992 0.00107371 0.00123596 0.00101836 0.00107371 0.000829685 0.00101836 0.000745611 0.00123596 0.00101836 0.00120533 0.000971671 0.00101836 0.000745611 0.000971671 0.000677375 0.000829685 0.000485138 0.000745611 0.000373224 0.000485138 -2.37064e-05 0.000373224 -0.000148649 0.000745611 0.000373224 0.000677375 0.000285327 0.000373224 -0.000148649 0.000285327 -0.000242586 0.00176327 0.00171306 0.00171646 0.00167216 0.00171306 0.00158096 0.00167216 0.00155233 0.00171646 0.00167216 0.00168426 0.00164362 0.00167216 0.00155233 0.00164362 0.00153129 0.00158096 0.00140547 0.00155233 0.00138343 0.00140547 0.00120533 0.00138343 0.00117978 0.00155233 0.00138343 0.00153129 0.0013666 0.00138343 0.00117978 0.0013666 0.00116063 0.00168426 0.00164362 0.0016654 0.00162675 0.00164362 0.00153129 0.00162675 0.00151845 0.0016654 0.00162675 0.00165919 0.00162116 0.00162675 0.00151845 0.00162116 0.00151414 0.00153129 0.0013666 0.00151845 0.00135609 0.0013666 0.00116063 0.00135609 0.0011488 0.00151845 0.00135609 0.00151414 0.00135252 0.00135609 0.0011488 0.00135252 0.0011448 0.00120533 0.000971671 0.00117978 0.000934524 0.000971671 0.000677375 0.000934524 0.000624748 0.00117978 0.000934524 0.00116063 0.00090757 0.000934524 0.000624748 0.00090757 0.000587436 0.000677375 0.000285327 0.000624748 0.00021937 0.000285327 -0.000242586 0.00021937 -0.000310464 0.000624748 0.00021937 0.000587436 0.000173595 0.00021937 -0.000310464 0.000173595 -0.000356167 0.00116063 0.00090757 0.0011488 0.000891236 0.00090757 0.000587436 0.000891236 0.000565172 0.0011488 0.000891236 0.0011448 0.000885765 0.000891236 0.000565172 0.000885765 0.000557773 0.000587436 0.000173595 0.000565172 0.000146678 0.000173595 -0.000356167 0.000146678 -0.000382477 0.000565172 0.000146678 0.000557773 0.000137797 0.000146678 -0.000382477 0.000137797 -0.000391062 0.000343886 -0.000418428 0.000138155 -0.000617503 -0.000418428 -0.00161865 -0.000617503 -0.00171068 0.000138155 -0.000617503 -2.37064e-05 -0.000760248 -0.000617503 -0.00171068 -0.000760248 -0.00175158 -0.00161865 -0.00326169 -0.00171068 -0.00309349 -0.00326169 -0.00504935 -0.00309349 -0.00447979 -0.00171068 -0.00309349 -0.00175158 -0.00291897 -0.00309349 -0.00447979 -0.00291897 -0.00399937 -2.37064e-05 -0.000760248 -0.000148649 -0.000860599 -0.000760248 -0.00175158 -0.000860599 -0.00176124 -0.000148649 -0.000860599 -0.000242586 -0.000929306 -0.000860599 -0.00176124 -0.000929306 -0.00175366 -0.00175158 -0.00291897 -0.00176124 -0.00275492 -0.00291897 -0.00399937 -0.00275492 -0.00360453 -0.00176124 -0.00275492 -0.00175366 -0.00261167 -0.00275492 -0.00360453 -0.00261167 -0.00329051 -0.00504935 -0.00626244 -0.00447979 -0.00529854 -0.00626244 -0.00597268 -0.00529854 -0.00488628 -0.00447979 -0.00529854 -0.00399937 -0.00453976 -0.00529854 -0.00488628 -0.00453976 -0.00406285 -0.00597268 -0.00367317 -0.00488628 -0.00293618 -0.00367317 0.000100602 -0.00293618 0.000106736 -0.00488628 -0.00293618 -0.00406285 -0.00238859 -0.00293618 0.000106736 -0.00238859 0.000112583 -0.00399937 -0.00453976 -0.00360453 -0.00394861 -0.00453976 -0.00406285 -0.00394861 -0.00344076 -0.00360453 -0.00394861 -0.00329051 -0.00349775 -0.00394861 -0.00344076 -0.00349775 -0.00297792 -0.00406285 -0.00238859 -0.00344076 -0.00198158 -0.00238859 0.000112583 -0.00198158 0.000117895 -0.00344076 -0.00198158 -0.00297792 -0.00168273 -0.00198158 0.000117895 -0.00168273 0.000122478 -0.000242586 -0.000929306 -0.000310464 -0.00097469 -0.000929306 -0.00175366 -0.00097469 -0.00173889 -0.000310464 -0.00097469 -0.000356167 -0.00100292 -0.00097469 -0.00173889 -0.00100292 -0.00172388 -0.00175366 -0.00261167 -0.00173889 -0.00249562 -0.00261167 -0.00329051 -0.00249562 -0.00305235 -0.00173889 -0.00249562 -0.00172388 -0.00241063 -0.00249562 -0.00305235 -0.00241063 -0.00288564 -0.000356167 -0.00100292 -0.000382477 -0.00101821 -0.00100292 -0.00172388 -0.00101821 -0.00171318 -0.000382477 -0.00101821 -0.000391062 -0.00102304 -0.00101821 -0.00171318 -0.00102304 -0.00170934 -0.00172388 -0.00241063 -0.00171318 -0.00235889 -0.00241063 -0.00288564 -0.00235889 -0.00278702 -0.00171318 -0.00235889 -0.00170934 -0.00234153 -0.00235889 -0.00278702 -0.00234153 -0.00275439 -0.00329051 -0.00349775 -0.00305235 -0.00316656 -0.00349775 -0.00297792 -0.00316656 -0.00264449 -0.00305235 -0.00316656 -0.00288564 -0.00294007 -0.00316656 -0.00264449 -0.00294007 -0.00241971 -0.00297792 -0.00168273 -0.00264449 -0.00146966 -0.00168273 0.000122478 -0.00146966 0.000126183 -0.00264449 -0.00146966 -0.00241971 -0.00132711 -0.00146966 0.000126183 -0.00132711 0.000128902 -0.00288564 -0.00294007 -0.00278702 -0.00280809 -0.00294007 -0.00241971 -0.00280809 -0.00228996 -0.00278702 -0.00280809 -0.00275439 -0.00276473 -0.00280809 -0.00228996 -0.00276473 -0.00224754 -0.00241971 -0.00132711 -0.00228996 -0.00124524 -0.00132711 0.000128902 -0.00124524 0.000130562 -0.00228996 -0.00124524 -0.00224754 -0.00121855 -0.00124524 0.000130562 -0.00121855 0.00013112 0.000100602 0.00387441 0.000106736 0.00315167 0.00387441 0.0061775 0.00315167 0.0051105 0.000106736 0.00315167 0.000112583 0.00261732 0.00315167 0.0051105 0.00261732 0.00430436 0.0061775 0.00648285 0.0051105 0.00554492 0.00648285 0.00530668 0.00554492 0.00476951 0.0051105 0.00554492 0.00430436 0.0048087 0.00554492 0.00476951 0.0048087 0.00431701 0.000112583 0.00261732 0.000117895 0.00222211 0.00261732 0.00430436 0.00222211 0.00369723 0.000117895 0.00222211 0.000122478 0.00193332 0.00222211 0.00369723 0.00193332 0.00324686 0.00430436 0.0048087 0.00369723 0.00423672 0.0048087 0.00431701 0.00423672 0.00394569 0.00369723 0.00423672 0.00324686 0.00380158 0.00423672 0.00394569 0.00380158 0.00365086 0.00530668 0.00358464 0.00476951 0.00345446 0.00358464 0.002041 0.00345446 0.00217594 0.00476951 0.00345446 0.00431701 0.00331267 0.00345446 0.00217594 0.00331267 0.00225376 0.002041 0.000978284 0.00217594 0.00122451 0.000978284 0.000396342 0.00122451 0.00065251 0.00217594 0.00122451 0.00225376 0.0014077 0.00122451 0.00065251 0.0014077 0.00085735 0.00431701 0.00331267 0.00394569 0.00317615 0.00331267 0.00225376 0.00317615 0.00229444 0.00394569 0.00317615 0.00365086 0.00305532 0.00317615 0.00229444 0.00305532 0.0023121 0.00225376 0.0014077 0.00229444 0.00154194 0.0014077 0.00085735 0.00154194 0.00101809 0.00229444 0.00154194 0.0023121 0.00163814 0.00154194 0.00101809 0.00163814 0.0011409 0.000122478 0.00193332 0.000126183 0.00172831 0.00193332 0.00324686 0.00172831 0.00292327 0.000126183 0.00172831 0.000128902 0.00159165 0.00172831 0.00292327 0.00159165 0.00270558 0.00324686 0.00380158 0.00292327 0.00348267 0.00380158 0.00365086 0.00348267 0.00342759 0.00292327 0.00348267 0.00270558 0.00326496 0.00348267 0.00342759 0.00326496 0.0032715 0.000128902 0.00159165 0.000130562 0.00151336 0.00159165 0.00270558 0.00151336 0.00258013 0.000130562 0.00151336 0.00013112 0.00148787 0.00151336 0.00258013 0.00148787 0.00253915 0.00270558 0.00326496 0.00258013 0.00313827 0.00326496 0.0032715 0.00313827 0.00317925 0.00258013 0.00313827 0.00253915 0.00309668 0.00313827 0.00317925 0.00309668 0.00314874 0.00365086 0.00305532 0.00342759 0.00295663 0.00305532 0.0023121 0.00295663 0.00231686 0.00342759 0.00295663 0.0032715 0.00288401 0.00295663 0.00231686 0.00288401 0.00231575 0.0023121 0.00163814 0.00231686 0.00170476 0.00163814 0.0011409 0.00170476 0.00123097 0.00231686 0.00170476 0.00231575 0.00174806 0.00170476 0.00123097 0.00174806 0.00129238 0.0032715 0.00288401 0.00317925 0.00283968 0.00288401 0.00231575 0.00283968 0.00231336 0.00317925 0.00283968 0.00314874 0.00282479 0.00283968 0.00231336 0.00282479 0.00231228 0.00231575 0.00174806 0.00231336 0.00177236 0.00174806 0.00129238 0.00177236 0.00132805 0.00231336 0.00177236 0.00231228 0.00178019 0.00177236 0.00132805 0.00178019 0.00133974 0.000396342 0.00017909 0.00065251 0.000397663 0.00017909 0.000207122 0.000397663 0.000372949 0.00065251 0.000397663 0.00085735 0.000579542 0.000397663 0.000372949 0.000579542 0.000514184 0.000207122 0.000392069 0.000372949 0.000503445 0.000392069 0.000672985 0.000503445 0.000731106 0.000372949 0.000503445 0.000514184 0.000599414 0.000503445 0.000731106 0.000599414 0.000781367 0.00085735 0.000579542 0.00101809 0.000727456 0.000579542 0.000514184 0.000727456 0.000631472 0.00101809 0.000727456 0.0011409 0.000844094 0.000727456 0.000631472 0.000844094 0.000725675 0.000514184 0.000599414 0.000631472 0.000680006 0.000599414 0.000781367 0.000680006 0.000823819 0.000631472 0.000680006 0.000725675 0.0007454 0.000680006 0.000823819 0.0007454 0.000858502 0.000672985 0.00100313 0.000731106 0.0010078 0.00100313 0.00133728 0.0010078 0.00128561 0.000731106 0.0010078 0.000781367 0.00101211 0.0010078 0.00128561 0.00101211 0.00124339 0.00133728 0.00161072 0.00128561 0.00150392 0.00161072 0.00157085 0.00150392 0.00155137 0.00128561 0.00150392 0.00124339 0.00141785 0.00150392 0.00155137 0.00141785 0.00147329 0.000781367 0.00101211 0.000823819 0.00101617 0.00101211 0.00124339 0.00101617 0.00120992 0.000823819 0.00101617 0.000858502 0.00101994 0.00101617 0.00120992 0.00101994 0.00118432 0.00124339 0.00141785 0.00120992 0.00135382 0.00141785 0.00147329 0.00135382 0.00140416 0.00120992 0.00135382 0.00118432 0.00130607 0.00135382 0.00140416 0.00130607 0.00135002 0.0011409 0.000844094 0.00123097 0.000931944 0.000844094 0.000725675 0.000931944 0.000797726 0.00123097 0.000931944 0.00129238 0.000993103 0.000931944 0.000797726 0.000993103 0.00084849 0.000725675 0.0007454 0.000797726 0.00079586 0.0007454 0.000858502 0.00079586 0.000885445 0.000797726 0.00079586 0.00084849 0.000831661 0.00079586 0.000885445 0.000831661 0.000904674 0.00129238 0.000993103 0.00132805 0.00102915 0.000993103 0.00084849 0.00102915 0.000878653 0.00132805 0.00102915 0.00133974 0.00104105 0.00102915 0.000878653 0.00104105 0.000888657 0.00084849 0.000831661 0.000878653 0.000853037 0.000831661 0.000904674 0.000853037 0.000916205 0.000878653 0.000853037 0.000888657 0.000860145 0.000853037 0.000916205 0.000860145 0.000920047 0.000858502 0.00101994 0.000885445 0.00102322 0.00101994 0.00118432 0.00102322 0.00116563 0.000885445 0.00102322 0.000904674 0.00102577 0.00102322 0.00116563 0.00102577 0.00115295 0.00118432 0.00130607 0.00116563 0.00127135 0.00130607 0.00135002 0.00127135 0.00130999 0.00116563 0.00127135 0.00115295 0.00124776 0.00127135 0.00130999 0.00124776 0.00128259 0.000904674 0.00102577 0.000916205 0.0010274 0.00102577 0.00115295 0.0010274 0.00114562 0.000916205 0.0010274 0.000920047 0.00102796 0.0010274 0.00114562 0.00102796 0.00114322 0.00115295 0.00124776 0.00114562 0.00123405 0.00124776 0.00128259 0.00123405 0.00126663 0.00114562 0.00123405 0.00114322 0.00122956 0.00123405 0.00126663 0.00122956 0.0012614 
SCALARS wy_dis double 1
LOOKUP_TABLE default
-0.00117651 -0.00104 -0.00119851 -0.00106119 -0.00104 -0.000640353 -0.00106119 -0.000659368 -0.00119851 -0.00106119 -0.00126477 -0.00112499 -0.00106119 -0.000659368 -0.00112499 -0.000716459 -0.000640353 -3.35766e-06 -0.000659368 -1.99181e-05 -3.35766e-06 0.000841772 -1.99181e-05 0.000826777 -0.000659368 -1.99181e-05 -0.000716459 -6.9444e-05 -1.99181e-05 0.000826777 -6.9444e-05 0.000782022 -0.00126477 -0.00112499 -0.00137606 -0.00123216 -0.00112499 -0.000716459 -0.00123216 -0.000811757 -0.00137606 -0.00123216 -0.00153358 -0.00138415 -0.00123216 -0.000811757 -0.00138415 -0.00094545 -0.000716459 -6.9444e-05 -0.000811757 -0.000151445 -6.9444e-05 0.000782022 -0.000151445 0.000708205 -0.000811757 -0.000151445 -0.00094545 -0.000265025 -0.000151445 0.000708205 -0.000265025 0.000606522 0.000841772 0.00187604 0.000826777 0.00186122 0.00187604 0.00309723 0.00186122 0.00308117 0.000826777 0.00186122 0.000782022 0.00181701 0.00186122 0.00308117 0.00181701 0.00303321 0.00309723 0.00452066 0.00308117 0.00450212 0.00452066 0.00617687 0.00450212 0.00615506 0.00308117 0.00450212 0.00303321 0.00444662 0.00450212 0.00615506 0.00444662 0.0060896 0.000782022 0.00181701 0.000708205 0.00174408 0.00181701 0.00303321 0.00174408 0.00295394 0.000708205 0.00174408 0.000606522 0.00164361 0.00174408 0.00295394 0.00164361 0.00284441 0.00303321 0.00444662 0.00295394 0.0043546 0.00444662 0.0060896 0.0043546 0.00598038 0.00295394 0.0043546 0.00284441 0.0042268 0.0043546 0.00598038 0.0042268 0.00582736 -0.00153358 -0.00138415 -0.00173845 -0.00158359 -0.00138415 -0.00094545 -0.00158359 -0.00111767 -0.00173845 -0.00158359 -0.00198905 -0.00183591 -0.00158359 -0.00111767 -0.00183591 -0.0013281 -0.00094545 -0.000265025 -0.00111767 -0.00040875 -0.000265025 0.000606522 -0.00040875 0.000478721 -0.00111767 -0.00040875 -0.0013281 -0.000580449 -0.00040875 0.000478721 -0.000580449 0.000327158 -0.00198905 -0.00183591 -0.00226327 -0.00215249 -0.00183591 -0.0013281 -0.00215249 -0.00157535 -0.00226327 -0.00215249 -0.00236399 -0.00252012 -0.00215249 -0.00157535 -0.00252012 -0.00185357 -0.0013281 -0.000580449 -0.00157535 -0.000776953 -0.000580449 0.000327158 -0.000776953 0.000154834 -0.00157535 -0.000776953 -0.00185357 -0.000993836 -0.000776953 0.000154834 -0.000993836 -3.49103e-05 0.000606522 0.00164361 0.000478721 0.00151723 0.00164361 0.00284441 0.00151723 0.00270612 0.000478721 0.00151723 0.000327158 0.00136708 0.00151723 0.00270612 0.00136708 0.00254101 0.00284441 0.0042268 0.00270612 0.00406441 0.0042268 0.00582736 0.00406441 0.00563069 0.00270612 0.00406441 0.00254101 0.00386914 0.00406441 0.00563069 0.00386914 0.00539103 0.000327158 0.00136708 0.000154834 0.00119572 0.00136708 0.00254101 0.00119572 0.00235146 0.000154834 0.00119572 -3.49103e-05 0.00100564 0.00119572 0.00235146 0.00100564 0.00213968 0.00254101 0.00386914 0.00235146 0.00364327 0.00386914 0.00539103 0.00364327 0.00510975 0.00235146 0.00364327 0.00213968 0.00338917 0.00364327 0.00510975 0.00338917 0.00478895 0.00617687 0.00810525 0.00615506 0.00808058 0.00810525 0.0103388 0.00808058 0.010314 0.00615506 0.00808058 0.0060896 0.00800615 0.00808058 0.010314 0.00800615 0.0102387 0.0103388 0.012874 0.010314 0.0128555 0.012874 0.0156285 0.0128555 0.0156261 0.010314 0.0128555 0.0102387 0.0127985 0.0128555 0.0156261 0.0127985 0.0156169 0.0060896 0.00800615 0.00598038 0.00788071 0.00800615 0.0102387 0.00788071 0.0101099 0.00598038 0.00788071 0.00582736 0.00770237 0.00788071 0.0101099 0.00770237 0.00992243 0.0102387 0.0127985 0.0101099 0.0126979 0.0127985 0.0156169 0.0126979 0.0155958 0.0101099 0.0126979 0.00992243 0.0125454 0.0126979 0.0155958 0.0125454 0.015553 0.0156285 0.018401 0.0156261 0.0184249 0.018401 0.020869 0.0184249 0.0209243 0.0156261 0.0184249 0.0156169 0.0184954 0.0184249 0.0209243 0.0184954 0.0210911 0.020869 0.0226518 0.0209243 0.0227334 0.0226518 0.0234344 0.0227334 0.0235263 0.0209243 0.0227334 0.0210911 0.0229809 0.0227334 0.0235263 0.0229809 0.0238054 0.0156169 0.0184954 0.0155958 0.0186098 0.0184954 0.0210911 0.0186098 0.0213716 0.0155958 0.0186098 0.015553 0.0187626 0.0186098 0.0213716 0.0187626 0.02177 0.0210911 0.0229809 0.0213716 0.0234025 0.0229809 0.0238054 0.0234025 0.0242824 0.0213716 0.0234025 0.02177 0.0240123 0.0234025 0.0242824 0.0240123 0.0249761 0.00582736 0.00770237 0.00563069 0.0074687 0.00770237 0.00992243 0.0074687 0.00966944 0.00563069 0.0074687 0.00539103 0.0071772 0.0074687 0.00966944 0.0071772 0.00934218 0.00992243 0.0125454 0.00966944 0.0123287 0.0125454 0.015553 0.0123287 0.0154743 0.00966944 0.0123287 0.00934218 0.0120313 0.0123287 0.0154743 0.0120313 0.0153389 0.00539103 0.0071772 0.00510975 0.00682574 0.0071772 0.00934218 0.00682574 0.00893067 0.00510975 0.00682574 0.00478895 0.00641385 0.00682574 0.00893067 0.00641385 0.00842721 0.00934218 0.0120313 0.00893067 0.0116322 0.0120313 0.0153389 0.0116322 0.0151185 0.00893067 0.0116322 0.00842721 0.0111117 0.0116322 0.0151185 0.0111117 0.0147837 0.015553 0.0187626 0.0154743 0.0189447 0.0187626 0.02177 0.0189447 0.0222915 0.0154743 0.0189447 0.0153389 0.0191426 0.0189447 0.0222915 0.0191426 0.0229421 0.02177 0.0240123 0.0222915 0.0248318 0.0240123 0.0249761 0.0248318 0.025915 0.0222915 0.0248318 0.0229421 0.0258908 0.0248318 0.025915 0.0258908 0.0271397 0.0153389 0.0191426 0.0151185 0.0193354 0.0191426 0.0229421 0.0193354 0.0237284 0.0151185 0.0193354 0.0147837 0.0194991 0.0193354 0.0237284 0.0194991 0.0246537 0.0229421 0.0258908 0.0237284 0.0272289 0.0258908 0.0271397 0.0272289 0.0287052 0.0237284 0.0272289 0.0246537 0.0288867 0.0272289 0.0287052 0.0288867 0.0306701 0.0234344 0.0230944 0.0235263 0.0231759 0.0230944 0.0217568 0.0231759 0.0218116 0.0235263 0.0231759 0.0238054 0.0234227 0.0231759 0.0218116 0.0234227 0.0219771 0.0217568 0.0197396 0.0218116 0.0197626 0.0197396 0.0174274 0.0197626 0.0174238 0.0218116 0.0197626 0.0219771 0.0198309 0.0197626 0.0174238 0.0198309 0.0174113 0.0238054 0.0234227 0.0242824 0.0238433 0.0234227 0.0219771 0.0238433 0.0222555 0.0242824 0.0238433 0.0249761 0.0244519 0.0238433 0.0222555 0.0244519 0.0226509 0.0219771 0.0198309 0.0222555 0.0199416 0.0198309 0.0174113 0.0199416 0.0173844 0.0222555 0.0199416 0.0226509 0.0200892 0.0199416 0.0173844 0.0200892 0.0173338 0.0174274 0.0151475 0.0174238 0.0151275 0.0151475 0.0131063 0.0151275 0.0130795 0.0174238 0.0151275 0.0174113 0.0150657 0.0151275 0.0130795 0.0150657 0.0129983 0.0131063 0.0113915 0.0130795 0.0113645 0.0113915 0.0100114 0.0113645 0.00998694 0.0130795 0.0113645 0.0129983 0.0112829 0.0113645 0.00998694 0.0112829 0.00991348 0.0174113 0.0150657 0.0173844 0.0149573 0.0150657 0.0129983 0.0149573 0.0128595 0.0173844 0.0149573 0.0173338 0.014794 0.0149573 0.0128595 0.014794 0.0126582 0.0129983 0.0112829 0.0128595 0.0111455 0.0112829 0.00991348 0.0111455 0.00979081 0.0128595 0.0111455 0.0126582 0.0109504 0.0111455 0.00979081 0.0109504 0.00961868 0.0249761 0.0244519 0.025915 0.0252699 0.0244519 0.0226509 0.0252699 0.0231688 0.025915 0.0252699 0.0271397 0.0263272 0.0252699 0.0231688 0.0263272 0.0238153 0.0226509 0.0200892 0.0231688 0.0202648 0.0200892 0.0173338 0.0202648 0.0172451 0.0231688 0.0202648 0.0238153 0.0204549 0.0202648 0.0172451 0.0204549 0.0170975 0.0271397 0.0263272 0.0287052 0.0276636 0.0263272 0.0238153 0.0276636 0.0245971 0.0287052 0.0276636 0.0306701 0.0293201 0.0276636 0.0245971 0.0293201 0.0255178 0.0238153 0.0204549 0.0245971 0.0206389 0.0204549 0.0170975 0.0206389 0.0168628 0.0245971 0.0206389 0.0255178 0.0207929 0.0206389 0.0168628 0.0207929 0.0165119 0.0173338 0.014794 0.0172451 0.0145634 0.014794 0.0126582 0.0145634 0.0123872 0.0172451 0.0145634 0.0170975 0.014249 0.0145634 0.0123872 0.014249 0.012038 0.0126582 0.0109504 0.0123872 0.0106949 0.0109504 0.00961868 0.0106949 0.00939704 0.0123872 0.0106949 0.012038 0.0103766 0.0106949 0.00939704 0.0103766 0.00912626 0.0170975 0.014249 0.0168628 0.0138298 0.014249 0.012038 0.0138298 0.0116004 0.0168628 0.0138298 0.0165119 0.0132861 0.0138298 0.0116004 0.0132861 0.0110667 0.012038 0.0103766 0.0116004 0.00999311 0.0103766 0.00912626 0.00999311 0.00880746 0.0116004 0.00999311 0.0110667 0.00954392 0.00999311 0.00880746 0.00954392 0.00844244 0.0100114 0.00893632 0.00998694 0.0089151 0.00893632 0.00812682 0.0089151 0.0081086 0.00998694 0.0089151 0.00991348 0.0088515 0.0089151 0.0081086 0.0088515 0.00805397 0.00812682 0.00754552 0.0081086 0.00753 0.00754552 0.00715819 0.00753 0.00714543 0.0081086 0.00753 0.00805397 0.00748342 0.00753 0.00714543 0.00748342 0.00710709 0.00991348 0.0088515 0.00979081 0.00874569 0.0088515 0.00805397 0.00874569 0.00796312 0.00979081 0.00874569 0.00961868 0.00859805 0.00874569 0.00796312 0.00859805 0.00783634 0.00805397 0.00748342 0.00796312 0.00740576 0.00748342 0.00710709 0.00740576 0.0070429 0.00796312 0.00740576 0.00783634 0.00729698 0.00740576 0.0070429 0.00729698 0.00695243 0.00715819 0.00692969 0.00714543 0.00692018 0.00692969 0.00681935 0.00692018 0.00681361 0.00714543 0.00692018 0.00710709 0.00689155 0.00692018 0.00681361 0.00689155 0.00679645 0.00681935 0.00678103 0.00681361 0.00677873 0.00678103 0.00677389 0.00677873 0.00677304 0.00681361 0.00677873 0.00679645 0.00677217 0.00677873 0.00677304 0.00677217 0.00677098 0.00710709 0.00689155 0.0070429 0.00684348 0.00689155 0.00679645 0.00684348 0.00676792 0.0070429 0.00684348 0.00695243 0.00677533 0.00684348 0.00676792 0.00677533 0.00672804 0.00679645 0.00677217 0.00676792 0.00676237 0.00677217 0.00677098 0.00676237 0.00676927 0.00676792 0.00676237 0.00672804 0.00675112 0.00676237 0.00676927 0.00675112 0.00677069 0.00961868 0.00859805 0.00939704 0.00840923 0.00859805 0.00783634 0.00840923 0.00767413 0.00939704 0.00840923 0.00912626 0.00818034 0.00840923 0.00767413 0.00818034 0.00747721 0.00783634 0.00729698 0.00767413 0.00715703 0.00729698 0.00695243 0.00715703 0.00683501 0.00767413 0.00715703 0.00747721 0.00698588 0.00715703 0.00683501 0.00698588 0.00668974 0.00912626 0.00818034 0.00880746 0.00791302 0.00818034 0.00747721 0.00791302 0.00724657 0.00880746 0.00791302 0.00844244 0.0076089 0.00791302 0.00724657 0.0076089 0.00698288 0.00747721 0.00698588 0.00724657 0.00678351 0.00698588 0.00668974 0.00678351 0.00651541 0.00724657 0.00678351 0.00698288 0.00654942 0.00678351 0.00651541 0.00654942 0.00631019 0.00695243 0.00677533 0.00683501 0.00668607 0.00677533 0.00672804 0.00668607 0.00667648 0.00683501 0.00668607 0.00668974 0.00657404 0.00668607 0.00667648 0.00657404 0.00661211 0.00672804 0.00675112 0.00667648 0.00674115 0.00675112 0.00677069 0.00674115 0.00677954 0.00667648 0.00674115 0.00661211 0.00673658 0.00674115 0.00677954 0.00673658 0.00680166 0.00668974 0.00657404 0.00651541 0.00643684 0.00657404 0.00661211 0.00643684 0.00653229 0.00651541 0.00643684 0.00631019 0.00627075 0.00643684 0.00653229 0.00627075 0.00643065 0.00661211 0.00673658 0.00653229 0.00674316 0.00673658 0.00680166 0.00674316 0.00683994 0.00653229 0.00674316 0.00643065 0.00675187 0.00674316 0.00683994 0.00675187 0.00684092 -0.00236399 -0.00252012 0.0201283 -0.00233454 -0.00252012 -0.00185357 -0.00233454 -0.00136437 0.0201283 -0.00233454 0.0107391 0.00325067 -0.00233454 -0.00136437 0.00325067 0.00023473 -0.00185357 -0.000993836 -0.00136437 -0.000644077 -0.000993836 -3.49103e-05 -0.000644077 9.19941e-05 -0.00136437 -0.000644077 0.00023473 -0.000164247 -0.000644077 9.19941e-05 -0.000164247 0.000216067 0.0107391 0.00325067 0.0053609 0.00379595 0.00325067 0.00023473 0.00379595 0.000805793 0.0053609 0.00379595 0.00287873 0.00292844 0.00379595 0.000805793 0.00292844 0.000942077 0.00023473 -0.000164247 0.000805793 0.000117604 -0.000164247 0.000216067 0.000117604 0.000287122 0.000805793 0.000117604 0.000942077 0.000261872 0.000117604 0.000287122 0.000261872 0.000306639 -3.49103e-05 0.00100564 9.19941e-05 0.000953333 0.00100564 0.00213968 0.000953333 0.0019328 9.19941e-05 0.000953333 0.000216067 0.000884262 0.000953333 0.0019328 0.000884262 0.00170642 0.00213968 0.00338917 0.0019328 0.00303405 0.00338917 0.00478895 0.00303405 0.00428591 0.0019328 0.00303405 0.00170642 0.00265465 0.00303405 0.00428591 0.00265465 0.003748 0.000216067 0.000884262 0.000287122 0.000790527 0.000884262 0.00170642 0.000790527 0.00146028 0.000287122 0.000790527 0.000306639 0.000671304 0.000790527 0.00146028 0.000671304 0.00119519 0.00170642 0.00265465 0.00146028 0.00225258 0.00265465 0.003748 0.00225258 0.00317788 0.00146028 0.00225258 0.00119519 0.00182979 0.00225258 0.00317788 0.00182979 0.00257913 0.00287873 0.00292844 0.00162914 0.00198226 0.00292844 0.000942077 0.00198226 0.000837564 0.00162914 0.00198226 0.000899772 0.00120348 0.00198226 0.000837564 0.00120348 0.000604709 0.000942077 0.000261872 0.000837564 0.000293425 0.000261872 0.000306639 0.000293425 0.000278055 0.000837564 0.000293425 0.000604709 0.000240818 0.000293425 0.000278055 0.000240818 0.000209327 0.000899772 0.00120348 0.000403066 0.000566167 0.00120348 0.000604709 0.000566167 0.000313041 0.000403066 0.000566167 4.23881e-16 2.59399e-16 0.000566167 0.000313041 2.59399e-16 9.38933e-17 0.000604709 0.000240818 0.000313041 0.000133657 0.000240818 0.000209327 0.000133657 0.000112044 0.000313041 0.000133657 9.38933e-17 -1.88093e-17 0.000133657 0.000112044 -1.88093e-17 -9.84124e-17 0.000306639 0.000671304 0.000278055 0.000528055 0.000671304 0.00119519 0.000528055 0.000913092 0.000278055 0.000528055 0.000209327 0.000364439 0.000528055 0.000913092 0.000364439 0.000617044 0.00119519 0.00182979 0.000913092 0.00138915 0.00182979 0.00257913 0.00138915 0.00195632 0.000913092 0.00138915 0.000617044 0.000934336 0.00138915 0.00195632 0.000934336 0.00131485 0.000209327 0.000364439 0.000112044 0.000186082 0.000364439 0.000617044 0.000186082 0.000311092 0.000112044 0.000186082 -9.84124e-17 -1.22721e-16 0.000186082 0.000311092 -1.22721e-16 -1.04851e-16 0.000617044 0.000934336 0.000311092 0.000469685 0.000934336 0.00131485 0.000469685 0.00066065 0.000311092 0.000469685 -1.04851e-16 -4.66082e-17 0.000469685 0.00066065 -4.66082e-17 4.90744e-17 0.00478895 0.00641385 0.00428591 0.00575859 0.00641385 0.00842721 0.00575859 0.00759134 0.00428591 0.00575859 0.003748 0.0050476 0.00575859 0.00759134 0.0050476 0.00666734 0.00842721 0.0111117 0.00759134 0.00999759 0.0111117 0.0147837 0.00999759 0.0131793 0.00759134 0.00999759 0.00666734 0.00876378 0.00999759 0.0131793 0.00876378 0.0114585 0.003748 0.0050476 0.00317788 0.00428621 0.0050476 0.00666734 0.00428621 0.00566694 0.00317788 0.00428621 0.00257913 0.00348171 0.00428621 0.00566694 0.00348171 0.00460459 0.00666734 0.00876378 0.00566694 0.0074317 0.00876378 0.0114585 0.0074317 0.00964894 0.00566694 0.0074317 0.00460459 0.00602478 0.0074317 0.00964894 0.00602478 0.00777735 0.0147837 0.0194991 0.0131793 0.017105 0.0194991 0.0246537 0.017105 0.0212494 0.0131793 0.017105 0.0114585 0.0146749 0.017105 0.0212494 0.0146749 0.0179723 0.0246537 0.0288867 0.0212494 0.024574 0.0288867 0.0306701 0.024574 0.0259702 0.0212494 0.024574 0.0179723 0.0205654 0.024574 0.0259702 0.0205654 0.0216527 0.0114585 0.0146749 0.00964894 0.0122263 0.0146749 0.0179723 0.0122263 0.0148071 0.00964894 0.0122263 0.00777735 0.0097731 0.0122263 0.0148071 0.0097731 0.0117351 0.0179723 0.0205654 0.0148071 0.0168046 0.0205654 0.0216527 0.0168046 0.0176418 0.0148071 0.0168046 0.0117351 0.0132349 0.0168046 0.0176418 0.0132349 0.0138637 0.00257913 0.00348171 0.00195632 0.0026422 0.00348171 0.00460459 0.0026422 0.00349412 0.00195632 0.0026422 0.00131485 0.00177622 0.0026422 0.00349412 0.00177622 0.0023485 0.00460459 0.00602478 0.00349412 0.00456272 0.00602478 0.00777735 0.00456272 0.00586369 0.00349412 0.00456272 0.0023485 0.00306206 0.00456272 0.00586369 0.00306206 0.00392262 0.00131485 0.00177622 0.00066065 0.000892544 0.00177622 0.0023485 0.000892544 0.00117991 0.00066065 0.000892544 4.90744e-17 2.00564e-16 0.000892544 0.00117991 2.00564e-16 3.51185e-16 0.0023485 0.00306206 0.00117991 0.00153695 0.00306206 0.00392262 0.00153695 0.00196514 0.00117991 0.00153695 3.51185e-16 5.60078e-16 0.00153695 0.00196514 5.60078e-16 8.14814e-16 0.00777735 0.0097731 0.00586369 0.00732257 0.0097731 0.0117351 0.00732257 0.00873716 0.00586369 0.00732257 0.00392262 0.00487739 0.00732257 0.00873716 0.00487739 0.00579438 0.0117351 0.0132349 0.00873716 0.00980855 0.0132349 0.0138637 0.00980855 0.0102581 0.00873716 0.00980855 0.00579438 0.00648446 0.00980855 0.0102581 0.00648446 0.00677419 0.00392262 0.00487739 0.00196514 0.00243724 0.00487739 0.00579438 0.00243724 0.00288811 0.00196514 0.00243724 8.14814e-16 1.08738e-15 0.00243724 0.00288811 1.08738e-15 1.34354e-15 0.00579438 0.00648446 0.00288811 0.00322613 0.00648446 0.00677419 0.00322613 0.00336813 0.00288811 0.00322613 1.34354e-15 1.54133e-15 0.00322613 0.00336813 1.54133e-15 1.62682e-15 0.0306701 0.0293201 0.0259702 0.0249528 0.0293201 0.0255178 0.0249528 0.0220057 0.0259702 0.0249528 0.0216527 0.02089 0.0249528 0.0220057 0.02089 0.018621 0.0255178 0.0207929 0.0220057 0.018239 0.0207929 0.0165119 0.018239 0.0146957 0.0220057 0.018239 0.018621 0.0156485 0.018239 0.0146957 0.0156485 0.0127614 0.0216527 0.02089 0.0176418 0.0170751 0.02089 0.018621 0.0170751 0.015348 0.0176418 0.0170751 0.0138637 0.0134513 0.0170751 0.015348 0.0134513 0.0121681 0.018621 0.0156485 0.015348 0.0130388 0.0156485 0.0127614 0.0130388 0.0107369 0.015348 0.0130388 0.0121681 0.0104239 0.0130388 0.0107369 0.0104239 0.00864921 0.0165119 0.0132861 0.0146957 0.0119068 0.0132861 0.0110667 0.0119068 0.00990966 0.0146957 0.0119068 0.0127614 0.010405 0.0119068 0.00990966 0.010405 0.00866085 0.0110667 0.00954392 0.00990966 0.00850814 0.00954392 0.00844244 0.00850814 0.0074948 0.00990966 0.00850814 0.00866085 0.00741207 0.00850814 0.0074948 0.00741207 0.00650665 0.0127614 0.010405 0.0107369 0.00880278 0.010405 0.00866085 0.00880278 0.00733265 0.0107369 0.00880278 0.00864921 0.00712384 0.00880278 0.00733265 0.00712384 0.00594003 0.00866085 0.00741207 0.00733265 0.00626187 0.00741207 0.00650665 0.00626187 0.00548196 0.00733265 0.00626187 0.00594003 0.00506556 0.00626187 0.00548196 0.00506556 0.00442543 0.0138637 0.0134513 0.0102581 0.00997091 0.0134513 0.0121681 0.00997091 0.00906211 0.0102581 0.00997091 0.00677419 0.00659272 0.00997091 0.00906211 0.00659272 0.00601111 0.0121681 0.0104239 0.00906211 0.00781115 0.0104239 0.00864921 0.00781115 0.00651845 0.00906211 0.00781115 0.00601111 0.00520334 0.00781115 0.00651845 0.00520334 0.00435954 0.00677419 0.00659272 0.00336813 0.00328027 0.00659272 0.00601111 0.00328027 0.0029965 0.00336813 0.00328027 1.62682e-15 1.56921e-15 0.00328027 0.0029965 1.56921e-15 1.39791e-15 0.00601111 0.00520334 0.0029965 0.00260028 0.00520334 0.00435954 0.00260028 0.00218373 0.0029965 0.00260028 1.39791e-15 1.17635e-15 0.00260028 0.00218373 1.17635e-15 9.66946e-16 0.00864921 0.00712384 0.00651845 0.0053883 0.00712384 0.00594003 0.0053883 0.00449736 0.00651845 0.0053883 0.00435954 0.00361305 0.0053883 0.00449736 0.00361305 0.00301811 0.00594003 0.00506556 0.00449736 0.00383197 0.00506556 0.00442543 0.00383197 0.00334264 0.00449736 0.00383197 0.00301811 0.00257028 0.00383197 0.00334264 0.00257028 0.00223974 0.00435954 0.00361305 0.00218373 0.00181263 0.00361305 0.00301811 0.00181263 0.00151495 0.00218373 0.00181263 9.66946e-16 7.95342e-16 0.00181263 0.00151495 7.95342e-16 6.3244e-16 0.00301811 0.00257028 0.00151495 0.00128983 0.00257028 0.00223974 0.00128983 0.00112328 0.00151495 0.00128983 6.3244e-16 5.18016e-16 0.00128983 0.00112328 5.18016e-16 4.78863e-16 0.00844244 0.0076089 0.0074948 0.00673706 0.0076089 0.00698288 0.00673706 0.00617085 0.0074948 0.00673706 0.00650665 0.00583419 0.00673706 0.00617085 0.00583419 0.00533199 0.00698288 0.00654942 0.00617085 0.00576744 0.00654942 0.00631019 0.00576744 0.00550359 0.00617085 0.00576744 0.00533199 0.00496127 0.00576744 0.00550359 0.00496127 0.00467241 0.00650665 0.00583419 0.00548196 0.00490441 0.00583419 0.00533199 0.00490441 0.00447199 0.00548196 0.00490441 0.00442543 0.00395166 0.00490441 0.00447199 0.00395166 0.00359545 0.00533199 0.00496127 0.00447199 0.0041416 0.00496127 0.00467241 0.0041416 0.00384959 0.00447199 0.0041416 0.00359545 0.00331477 0.0041416 0.00384959 0.00331477 0.00304312 0.00631019 0.00627075 0.00550359 0.00533856 0.00627075 0.00643065 0.00533856 0.00520858 0.00550359 0.00533856 0.00467241 0.00434035 0.00533856 0.00520858 0.00434035 0.00356518 0.00643065 0.00675187 0.00520858 0.00474153 0.00675187 0.00684092 0.00474153 -0.00967191 0.00520858 0.00474153 0.00356518 0.000902969 0.00474153 -0.00967191 0.000902969 -0.00729785 0.00467241 0.00434035 0.00384959 0.00343888 0.00434035 0.00356518 0.00343888 0.00245901 0.00384959 0.00343888 0.00304312 0.00262297 0.00343888 0.00245901 0.00262297 0.00165974 0.00356518 0.000902969 0.00245901 -0.000367515 0.000902969 -0.00729785 -0.000367515 -0.00513879 0.00245901 -0.000367515 0.00165974 -0.000641816 -0.000367515 -0.00513879 -0.000641816 -0.00374255 0.00442543 0.00395166 0.00334264 0.00298024 0.00395166 0.00359545 0.00298024 0.00270652 0.00334264 0.00298024 0.00223974 0.00199471 0.00298024 0.00270652 0.00199471 0.00180888 0.00359545 0.00331477 0.00270652 0.00248531 0.00331477 0.00304312 0.00248531 0.0022573 0.00270652 0.00248531 0.00180888 0.00165589 0.00248531 0.0022573 0.00165589 0.00149161 0.00223974 0.00199471 0.00112328 0.000999719 0.00199471 0.00180888 0.000999719 0.000905763 0.00112328 0.000999719 4.78863e-16 4.52308e-16 0.000999719 0.000905763 4.52308e-16 3.63813e-16 0.00180888 0.00165589 0.000905763 0.000827525 0.00165589 0.00149161 0.000827525 0.00074157 0.000905763 0.000827525 3.63813e-16 2.46238e-16 0.000827525 0.00074157 2.46238e-16 1.51638e-16 0.00304312 0.00262297 0.0022573 0.00188781 0.00262297 0.00165974 0.00188781 0.0010785 0.0022573 0.00188781 0.00149161 0.00121941 0.00188781 0.0010785 0.00121941 0.000645548 0.00165974 -0.000641816 0.0010785 -0.000596531 -0.000641816 -0.00374255 -0.000596531 -0.00268314 0.0010785 -0.000596531 0.000645548 -0.000437033 -0.000596531 -0.00268314 -0.000437033 -0.00175112 0.00149161 0.00121941 0.00074157 0.000597771 0.00121941 0.000645548 0.000597771 0.000301993 0.00074157 0.000597771 1.51638e-16 8.6305e-17 0.000597771 0.000301993 8.6305e-17 3.69829e-17 0.000645548 -0.000437033 0.000301993 -0.000228584 -0.000437033 -0.00175112 -0.000228584 -0.000867185 0.000301993 -0.000228584 3.69829e-17 -1.95995e-17 -0.000228584 -0.000867185 -1.95995e-17 -1.15336e-16 4.23881e-16 2.59399e-16 -0.000403066 -0.000566167 2.59399e-16 9.38933e-17 -0.000566167 -0.000313041 -0.000403066 -0.000566167 -0.000899772 -0.00120348 -0.000566167 -0.000313041 -0.00120348 -0.000604709 9.38933e-17 -1.88093e-17 -0.000313041 -0.000133657 -1.88093e-17 -9.84124e-17 -0.000133657 -0.000112044 -0.000313041 -0.000133657 -0.000604709 -0.000240818 -0.000133657 -0.000112044 -0.000240818 -0.000209327 -0.000899772 -0.00120348 -0.00162914 -0.00198226 -0.00120348 -0.000604709 -0.00198226 -0.000837564 -0.00162914 -0.00198226 -0.00287873 -0.00292844 -0.00198226 -0.000837564 -0.00292844 -0.000942077 -0.000604709 -0.000240818 -0.000837564 -0.000293425 -0.000240818 -0.000209327 -0.000293425 -0.000278055 -0.000837564 -0.000293425 -0.000942077 -0.000261872 -0.000293425 -0.000278055 -0.000261872 -0.000306639 -9.84124e-17 -1.22721e-16 -0.000112044 -0.000186082 -1.22721e-16 -1.04851e-16 -0.000186082 -0.000311092 -0.000112044 -0.000186082 -0.000209327 -0.000364439 -0.000186082 -0.000311092 -0.000364439 -0.000617044 -1.04851e-16 -4.66082e-17 -0.000311092 -0.000469685 -4.66082e-17 4.90744e-17 -0.000469685 -0.00066065 -0.000311092 -0.000469685 -0.000617044 -0.000934336 -0.000469685 -0.00066065 -0.000934336 -0.00131485 -0.000209327 -0.000364439 -0.000278055 -0.000528055 -0.000364439 -0.000617044 -0.000528055 -0.000913092 -0.000278055 -0.000528055 -0.000306639 -0.000671304 -0.000528055 -0.000913092 -0.000671304 -0.00119519 -0.000617044 -0.000934336 -0.000913092 -0.00138915 -0.000934336 -0.00131485 -0.00138915 -0.00195632 -0.000913092 -0.00138915 -0.00119519 -0.00182979 -0.00138915 -0.00195632 -0.00182979 -0.00257913 -0.00287873 -0.00292844 -0.0053609 -0.00379595 -0.00292844 -0.000942077 -0.00379595 -0.000805793 -0.0053609 -0.00379595 -0.0107391 -0.00325067 -0.00379595 -0.000805793 -0.00325067 -0.00023473 -0.000942077 -0.000261872 -0.000805793 -0.000117604 -0.000261872 -0.000306639 -0.000117604 -0.000287122 -0.000805793 -0.000117604 -0.00023473 0.000164247 -0.000117604 -0.000287122 0.000164247 -0.000216067 -0.0107391 -0.00325067 -0.0201283 0.00233454 -0.00325067 -0.00023473 0.00233454 0.00136437 -0.0201283 0.00233454 0.00236399 0.00252012 0.00233454 0.00136437 0.00252012 0.00185357 -0.00023473 0.000164247 0.00136437 0.000644077 0.000164247 -0.000216067 0.000644077 -9.19941e-05 0.00136437 0.000644077 0.00185357 0.000993836 0.000644077 -9.19941e-05 0.000993836 3.49103e-05 -0.000306639 -0.000671304 -0.000287122 -0.000790527 -0.000671304 -0.00119519 -0.000790527 -0.00146028 -0.000287122 -0.000790527 -0.000216067 -0.000884262 -0.000790527 -0.00146028 -0.000884262 -0.00170642 -0.00119519 -0.00182979 -0.00146028 -0.00225258 -0.00182979 -0.00257913 -0.00225258 -0.00317788 -0.00146028 -0.00225258 -0.00170642 -0.00265465 -0.00225258 -0.00317788 -0.00265465 -0.003748 -0.000216067 -0.000884262 -9.19941e-05 -0.000953333 -0.000884262 -0.00170642 -0.000953333 -0.0019328 -9.19941e-05 -0.000953333 3.49103e-05 -0.00100564 -0.000953333 -0.0019328 -0.00100564 -0.00213968 -0.00170642 -0.00265465 -0.0019328 -0.00303405 -0.00265465 -0.003748 -0.00303405 -0.00428591 -0.0019328 -0.00303405 -0.00213968 -0.00338917 -0.00303405 -0.00428591 -0.00338917 -0.00478895 4.90744e-17 2.00564e-16 -0.00066065 -0.000892544 2.00564e-16 3.51185e-16 -0.000892544 -0.00117991 -0.00066065 -0.000892544 -0.00131485 -0.00177622 -0.000892544 -0.00117991 -0.00177622 -0.0023485 3.51185e-16 5.60078e-16 -0.00117991 -0.00153695 5.60078e-16 8.14814e-16 -0.00153695 -0.00196514 -0.00117991 -0.00153695 -0.0023485 -0.00306206 -0.00153695 -0.00196514 -0.00306206 -0.00392262 -0.00131485 -0.00177622 -0.00195632 -0.0026422 -0.00177622 -0.0023485 -0.0026422 -0.00349412 -0.00195632 -0.0026422 -0.00257913 -0.00348171 -0.0026422 -0.00349412 -0.00348171 -0.00460459 -0.0023485 -0.00306206 -0.00349412 -0.00456272 -0.00306206 -0.00392262 -0.00456272 -0.00586369 -0.00349412 -0.00456272 -0.00460459 -0.00602478 -0.00456272 -0.00586369 -0.00602478 -0.00777735 8.14814e-16 1.08738e-15 -0.00196514 -0.00243724 1.08738e-15 1.34354e-15 -0.00243724 -0.00288811 -0.00196514 -0.00243724 -0.00392262 -0.00487739 -0.00243724 -0.00288811 -0.00487739 -0.00579438 1.34354e-15 1.54133e-15 -0.00288811 -0.00322613 1.54133e-15 1.62682e-15 -0.00322613 -0.00336813 -0.00288811 -0.00322613 -0.00579438 -0.00648446 -0.00322613 -0.00336813 -0.00648446 -0.00677419 -0.00392262 -0.00487739 -0.00586369 -0.00732257 -0.00487739 -0.00579438 -0.00732257 -0.00873716 -0.00586369 -0.00732257 -0.00777735 -0.0097731 -0.00732257 -0.00873716 -0.0097731 -0.0117351 -0.00579438 -0.00648446 -0.00873716 -0.00980855 -0.00648446 -0.00677419 -0.00980855 -0.0102581 -0.00873716 -0.00980855 -0.0117351 -0.0132349 -0.00980855 -0.0102581 -0.0132349 -0.0138637 -0.00257913 -0.00348171 -0.00317788 -0.00428621 -0.00348171 -0.00460459 -0.00428621 -0.00566694 -0.00317788 -0.00428621 -0.003748 -0.0050476 -0.00428621 -0.00566694 -0.0050476 -0.00666734 -0.00460459 -0.00602478 -0.00566694 -0.0074317 -0.00602478 -0.00777735 -0.0074317 -0.00964894 -0.00566694 -0.0074317 -0.00666734 -0.00876378 -0.0074317 -0.00964894 -0.00876378 -0.0114585 -0.003748 -0.0050476 -0.00428591 -0.00575859 -0.0050476 -0.00666734 -0.00575859 -0.00759134 -0.00428591 -0.00575859 -0.00478895 -0.00641385 -0.00575859 -0.00759134 -0.00641385 -0.00842721 -0.00666734 -0.00876378 -0.00759134 -0.00999759 -0.00876378 -0.0114585 -0.00999759 -0.0131793 -0.00759134 -0.00999759 -0.00842721 -0.0111117 -0.00999759 -0.0131793 -0.0111117 -0.0147837 -0.00777735 -0.0097731 -0.00964894 -0.0122263 -0.0097731 -0.0117351 -0.0122263 -0.0148071 -0.00964894 -0.0122263 -0.0114585 -0.0146749 -0.0122263 -0.0148071 -0.0146749 -0.0179723 -0.0117351 -0.0132349 -0.0148071 -0.0168046 -0.0132349 -0.0138637 -0.0168046 -0.0176418 -0.0148071 -0.0168046 -0.0179723 -0.0205654 -0.0168046 -0.0176418 -0.0205654 -0.0216527 -0.0114585 -0.0146749 -0.0131793 -0.017105 -0.0146749 -0.0179723 -0.017105 -0.0212494 -0.0131793 -0.017105 -0.0147837 -0.0194991 -0.017105 -0.0212494 -0.0194991 -0.0246537 -0.0179723 -0.0205654 -0.0212494 -0.024574 -0.0205654 -0.0216527 -0.024574 -0.0259702 -0.0212494 -0.024574 -0.0246537 -0.0288867 -0.024574 -0.0259702 -0.0288867 -0.0306701 1.62682e-15 1.56921e-15 -0.00336813 -0.00328027 1.56921e-15 1.39791e-15 -0.00328027 -0.0029965 -0.00336813 -0.00328027 -0.00677419 -0.00659272 -0.00328027 -0.0029965 -0.00659272 -0.00601111 1.39791e-15 1.17635e-15 -0.0029965 -0.00260028 1.17635e-15 9.66946e-16 -0.00260028 -0.00218373 -0.0029965 -0.00260028 -0.00601111 -0.00520334 -0.00260028 -0.00218373 -0.00520334 -0.00435954 -0.00677419 -0.00659272 -0.0102581 -0.00997091 -0.00659272 -0.00601111 -0.00997091 -0.00906211 -0.0102581 -0.00997091 -0.0138637 -0.0134513 -0.00997091 -0.00906211 -0.0134513 -0.0121681 -0.00601111 -0.00520334 -0.00906211 -0.00781115 -0.00520334 -0.00435954 -0.00781115 -0.00651845 -0.00906211 -0.00781115 -0.0121681 -0.0104239 -0.00781115 -0.00651845 -0.0104239 -0.00864921 9.66946e-16 7.95342e-16 -0.00218373 -0.00181263 7.95342e-16 6.3244e-16 -0.00181263 -0.00151495 -0.00218373 -0.00181263 -0.00435954 -0.00361305 -0.00181263 -0.00151495 -0.00361305 -0.00301811 6.3244e-16 5.18016e-16 -0.00151495 -0.00128983 5.18016e-16 4.78863e-16 -0.00128983 -0.00112328 -0.00151495 -0.00128983 -0.00301811 -0.00257028 -0.00128983 -0.00112328 -0.00257028 -0.00223974 -0.00435954 -0.00361305 -0.00651845 -0.0053883 -0.00361305 -0.00301811 -0.0053883 -0.00449736 -0.00651845 -0.0053883 -0.00864921 -0.00712384 -0.0053883 -0.00449736 -0.00712384 -0.00594003 -0.00301811 -0.00257028 -0.00449736 -0.00383197 -0.00257028 -0.00223974 -0.00383197 -0.00334264 -0.00449736 -0.00383197 -0.00594003 -0.00506556 -0.00383197 -0.00334264 -0.00506556 -0.00442543 -0.0138637 -0.0134513 -0.0176418 -0.0170751 -0.0134513 -0.0121681 -0.0170751 -0.015348 -0.0176418 -0.0170751 -0.0216527 -0.02089 -0.0170751 -0.015348 -0.02089 -0.018621 -0.0121681 -0.0104239 -0.015348 -0.0130388 -0.0104239 -0.00864921 -0.0130388 -0.0107369 -0.015348 -0.0130388 -0.018621 -0.0156485 -0.0130388 -0.0107369 -0.0156485 -0.0127614 -0.0216527 -0.02089 -0.0259702 -0.0249528 -0.02089 -0.018621 -0.0249528 -0.0220057 -0.0259702 -0.0249528 -0.0306701 -0.0293201 -0.0249528 -0.0220057 -0.0293201 -0.0255178 -0.018621 -0.0156485 -0.0220057 -0.018239 -0.0156485 -0.0127614 -0.018239 -0.0146957 -0.0220057 -0.018239 -0.0255178 -0.0207929 -0.018239 -0.0146957 -0.0207929 -0.0165119 -0.00864921 -0.00712384 -0.0107369 -0.00880278 -0.00712384 -0.00594003 -0.00880278 -0.00733265 -0.0107369 -0.00880278 -0.0127614 -0.010405 -0.00880278 -0.00733265 -0.010405 -0.00866085 -0.00594003 -0.00506556 -0.00733265 -0.00626187 -0.00506556 -0.00442543 -0.00626187 -0.00548196 -0.00733265 -0.00626187 -0.00866085 -0.00741207 -0.00626187 -0.00548196 -0.00741207 -0.00650665 -0.0127614 -0.010405 -0.0146957 -0.0119068 -0.010405 -0.00866085 -0.0119068 -0.00990966 -0.0146957 -0.0119068 -0.0165119 -0.0132861 -0.0119068 -0.00990966 -0.0132861 -0.0110667 -0.00866085 -0.00741207 -0.00990966 -0.00850814 -0.00741207 -0.00650665 -0.00850814 -0.0074948 -0.00990966 -0.00850814 -0.0110667 -0.00954392 -0.00850814 -0.0074948 -0.00954392 -0.00844244 4.78863e-16 4.52308e-16 -0.00112328 -0.000999719 4.52308e-16 3.63813e-16 -0.000999719 -0.000905763 -0.00112328 -0.000999719 -0.00223974 -0.00199471 -0.000999719 -0.000905763 -0.00199471 -0.00180888 3.63813e-16 2.46238e-16 -0.000905763 -0.000827525 2.46238e-16 1.51638e-16 -0.000827525 -0.00074157 -0.000905763 -0.000827525 -0.00180888 -0.00165589 -0.000827525 -0.00074157 -0.00165589 -0.00149161 -0.00223974 -0.00199471 -0.00334264 -0.00298024 -0.00199471 -0.00180888 -0.00298024 -0.00270652 -0.00334264 -0.00298024 -0.00442543 -0.00395166 -0.00298024 -0.00270652 -0.00395166 -0.00359545 -0.00180888 -0.00165589 -0.00270652 -0.00248531 -0.00165589 -0.00149161 -0.00248531 -0.0022573 -0.00270652 -0.00248531 -0.00359545 -0.00331477 -0.00248531 -0.0022573 -0.00331477 -0.00304312 1.51638e-16 8.6305e-17 -0.00074157 -0.000597771 8.6305e-17 3.69829e-17 -0.000597771 -0.000301993 -0.00074157 -0.000597771 -0.00149161 -0.00121941 -0.000597771 -0.000301993 -0.00121941 -0.000645548 3.69829e-17 -1.95995e-17 -0.000301993 0.000228584 -1.95995e-17 -1.15336e-16 0.000228584 0.000867185 -0.000301993 0.000228584 -0.000645548 0.000437033 0.000228584 0.000867185 0.000437033 0.00175112 -0.00149161 -0.00121941 -0.0022573 -0.00188781 -0.00121941 -0.000645548 -0.00188781 -0.0010785 -0.0022573 -0.00188781 -0.00304312 -0.00262297 -0.00188781 -0.0010785 -0.00262297 -0.00165974 -0.000645548 0.000437033 -0.0010785 0.000596531 0.000437033 0.00175112 0.000596531 0.00268314 -0.0010785 0.000596531 -0.00165974 0.000641816 0.000596531 0.00268314 0.000641816 0.00374255 -0.00442543 -0.00395166 -0.00548196 -0.00490441 -0.00395166 -0.00359545 -0.00490441 -0.00447199 -0.00548196 -0.00490441 -0.00650665 -0.00583419 -0.00490441 -0.00447199 -0.00583419 -0.00533199 -0.00359545 -0.00331477 -0.00447199 -0.0041416 -0.00331477 -0.00304312 -0.0041416 -0.00384959 -0.00447199 -0.0041416 -0.00533199 -0.00496127 -0.0041416 -0.00384959 -0.00496127 -0.00467241 -0.00650665 -0.00583419 -0.0074948 -0.00673706 -0.00583419 -0.00533199 -0.00673706 -0.00617085 -0.0074948 -0.00673706 -0.00844244 -0.0076089 -0.00673706 -0.00617085 -0.0076089 -0.00698288 -0.00533199 -0.00496127 -0.00617085 -0.00576744 -0.00496127 -0.00467241 -0.00576744 -0.00550359 -0.00617085 -0.00576744 -0.00698288 -0.00654942 -0.00576744 -0.00550359 -0.00654942 -0.00631019 -0.00304312 -0.00262297 -0.00384959 -0.00343888 -0.00262297 -0.00165974 -0.00343888 -0.00245901 -0.00384959 -0.00343888 -0.00467241 -0.00434035 -0.00343888 -0.00245901 -0.00434035 -0.00356518 -0.00165974 0.000641816 -0.00245901 0.000367515 0.000641816 0.00374255 0.000367515 0.00513879 -0.00245901 0.000367515 -0.00356518 -0.000902969 0.000367515 0.00513879 -0.000902969 0.00729785 -0.00467241 -0.00434035 -0.00550359 -0.00533856 -0.00434035 -0.00356518 -0.00533856 -0.00520858 -0.00550359 -0.00533856 -0.00631019 -0.00627075 -0.00533856 -0.00520858 -0.00627075 -0.00643065 -0.00356518 -0.000902969 -0.00520858 -0.00474153 -0.000902969 0.00729785 -0.00474153 0.00967191 -0.00520858 -0.00474153 -0.00643065 -0.00675187 -0.00474153 0.00967191 -0.00675187 -0.00684092 0.00236399 0.00252012 0.00226327 0.00215249 0.00252012 0.00185357 0.00215249 0.00157535 0.00226327 0.00215249 0.00198905 0.00183591 0.00215249 0.00157535 0.00183591 0.0013281 0.00185357 0.000993836 0.00157535 0.000776953 0.000993836 3.49103e-05 0.000776953 -0.000154834 0.00157535 0.000776953 0.0013281 0.000580449 0.000776953 -0.000154834 0.000580449 -0.000327158 0.00198905 0.00183591 0.00173845 0.00158359 0.00183591 0.0013281 0.00158359 0.00111767 0.00173845 0.00158359 0.00153358 0.00138415 0.00158359 0.00111767 0.00138415 0.00094545 0.0013281 0.000580449 0.00111767 0.00040875 0.000580449 -0.000327158 0.00040875 -0.000478721 0.00111767 0.00040875 0.00094545 0.000265025 0.00040875 -0.000478721 0.000265025 -0.000606522 3.49103e-05 -0.00100564 -0.000154834 -0.00119572 -0.00100564 -0.00213968 -0.00119572 -0.00235146 -0.000154834 -0.00119572 -0.000327158 -0.00136708 -0.00119572 -0.00235146 -0.00136708 -0.00254101 -0.00213968 -0.00338917 -0.00235146 -0.00364327 -0.00338917 -0.00478895 -0.00364327 -0.00510975 -0.00235146 -0.00364327 -0.00254101 -0.00386914 -0.00364327 -0.00510975 -0.00386914 -0.00539103 -0.000327158 -0.00136708 -0.000478721 -0.00151723 -0.00136708 -0.00254101 -0.00151723 -0.00270612 -0.000478721 -0.00151723 -0.000606522 -0.00164361 -0.00151723 -0.00270612 -0.00164361 -0.00284441 -0.00254101 -0.00386914 -0.00270612 -0.00406441 -0.00386914 -0.00539103 -0.00406441 -0.00563069 -0.00270612 -0.00406441 -0.00284441 -0.0042268 -0.00406441 -0.00563069 -0.0042268 -0.00582736 0.00153358 0.00138415 0.00137606 0.00123216 0.00138415 0.00094545 0.00123216 0.000811757 0.00137606 0.00123216 0.00126477 0.00112499 0.00123216 0.000811757 0.00112499 0.000716459 0.00094545 0.000265025 0.000811757 0.000151445 0.000265025 -0.000606522 0.000151445 -0.000708205 0.000811757 0.000151445 0.000716459 6.9444e-05 0.000151445 -0.000708205 6.9444e-05 -0.000782022 0.00126477 0.00112499 0.00119851 0.00106119 0.00112499 0.000716459 0.00106119 0.000659368 0.00119851 0.00106119 0.00117651 0.00104 0.00106119 0.000659368 0.00104 0.000640353 0.000716459 6.9444e-05 0.000659368 1.99181e-05 6.9444e-05 -0.000782022 1.99181e-05 -0.000826777 0.000659368 1.99181e-05 0.000640353 3.35766e-06 1.99181e-05 -0.000826777 3.35766e-06 -0.000841772 -0.000606522 -0.00164361 -0.000708205 -0.00174408 -0.00164361 -0.00284441 -0.00174408 -0.00295394 -0.000708205 -0.00174408 -0.000782022 -0.00181701 -0.00174408 -0.00295394 -0.00181701 -0.00303321 -0.00284441 -0.0042268 -0.00295394 -0.0043546 -0.0042268 -0.00582736 -0.0043546 -0.00598038 -0.00295394 -0.0043546 -0.00303321 -0.00444662 -0.0043546 -0.00598038 -0.00444662 -0.0060896 -0.000782022 -0.00181701 -0.000826777 -0.00186122 -0.00181701 -0.00303321 -0.00186122 -0.00308117 -0.000826777 -0.00186122 -0.000841772 -0.00187604 -0.00186122 -0.00308117 -0.00187604 -0.00309723 -0.00303321 -0.00444662 -0.00308117 -0.00450212 -0.00444662 -0.0060896 -0.00450212 -0.00615506 -0.00308117 -0.00450212 -0.00309723 -0.00452066 -0.00450212 -0.00615506 -0.00452066 -0.00617687 -0.00478895 -0.00641385 -0.00510975 -0.00682574 -0.00641385 -0.00842721 -0.00682574 -0.00893067 -0.00510975 -0.00682574 -0.00539103 -0.0071772 -0.00682574 -0.00893067 -0.0071772 -0.00934218 -0.00842721 -0.0111117 -0.00893067 -0.0116322 -0.0111117 -0.0147837 -0.0116322 -0.0151185 -0.00893067 -0.0116322 -0.00934218 -0.0120313 -0.0116322 -0.0151185 -0.0120313 -0.0153389 -0.00539103 -0.0071772 -0.00563069 -0.0074687 -0.0071772 -0.00934218 -0.0074687 -0.00966944 -0.00563069 -0.0074687 -0.00582736 -0.00770237 -0.0074687 -0.00966944 -0.00770237 -0.00992243 -0.00934218 -0.0120313 -0.00966944 -0.0123287 -0.0120313 -0.0153389 -0.0123287 -0.0154743 -0.00966944 -0.0123287 -0.00992243 -0.0125454 -0.0123287 -0.0154743 -0.0125454 -0.015553 -0.0147837 -0.0194991 -0.0151185 -0.0193354 -0.0194991 -0.0246537 -0.0193354 -0.0237284 -0.0151185 -0.0193354 -0.0153389 -0.0191426 -0.0193354 -0.0237284 -0.0191426 -0.0229421 -0.0246537 -0.0288867 -0.0237284 -0.0272289 -0.0288867 -0.0306701 -0.0272289 -0.0287052 -0.0237284 -0.0272289 -0.0229421 -0.0258908 -0.0272289 -0.0287052 -0.0258908 -0.0271397 -0.0153389 -0.0191426 -0.0154743 -0.0189447 -0.0191426 -0.0229421 -0.0189447 -0.0222915 -0.0154743 -0.0189447 -0.015553 -0.0187626 -0.0189447 -0.0222915 -0.0187626 -0.02177 -0.0229421 -0.0258908 -0.0222915 -0.0248318 -0.0258908 -0.0271397 -0.0248318 -0.025915 -0.0222915 -0.0248318 -0.02177 -0.0240123 -0.0248318 -0.025915 -0.0240123 -0.0249761 -0.00582736 -0.00770237 -0.00598038 -0.00788071 -0.00770237 -0.00992243 -0.00788071 -0.0101099 -0.00598038 -0.00788071 -0.0060896 -0.00800615 -0.00788071 -0.0101099 -0.00800615 -0.0102387 -0.00992243 -0.0125454 -0.0101099 -0.0126979 -0.0125454 -0.015553 -0.0126979 -0.0155958 -0.0101099 -0.0126979 -0.0102387 -0.0127985 -0.0126979 -0.0155958 -0.0127985 -0.0156169 -0.0060896 -0.00800615 -0.00615506 -0.00808058 -0.00800615 -0.0102387 -0.00808058 -0.010314 -0.00615506 -0.00808058 -0.00617687 -0.00810525 -0.00808058 -0.010314 -0.00810525 -0.0103388 -0.0102387 -0.0127985 -0.010314 -0.0128555 -0.0127985 -0.0156169 -0.0128555 -0.0156261 -0.010314 -0.0128555 -0.0103388 -0.012874 -0.0128555 -0.0156261 -0.012874 -0.0156285 -0.015553 -0.0187626 -0.0155958 -0.0186098 -0.0187626 -0.02177 -0.0186098 -0.0213716 -0.0155958 -0.0186098 -0.0156169 -0.0184954 -0.0186098 -0.0213716 -0.0184954 -0.0210911 -0.02177 -0.0240123 -0.0213716 -0.0234025 -0.0240123 -0.0249761 -0.0234025 -0.0242824 -0.0213716 -0.0234025 -0.0210911 -0.0229809 -0.0234025 -0.0242824 -0.0229809 -0.0238054 -0.0156169 -0.0184954 -0.0156261 -0.0184249 -0.0184954 -0.0210911 -0.0184249 -0.0209243 -0.0156261 -0.0184249 -0.0156285 -0.018401 -0.0184249 -0.0209243 -0.018401 -0.020869 -0.0210911 -0.0229809 -0.0209243 -0.0227334 -0.0229809 -0.0238054 -0.0227334 -0.0235263 -0.0209243 -0.0227334 -0.020869 -0.0226518 -0.0227334 -0.0235263 -0.0226518 -0.0234344 -0.0306701 -0.0293201 -0.0287052 -0.0276636 -0.0293201 -0.0255178 -0.0276636 -0.0245971 -0.0287052 -0.0276636 -0.0271397 -0.0263272 -0.0276636 -0.0245971 -0.0263272 -0.0238153 -0.0255178 -0.0207929 -0.0245971 -0.0206389 -0.0207929 -0.0165119 -0.0206389 -0.0168628 -0.0245971 -0.0206389 -0.0238153 -0.0204549 -0.0206389 -0.0168628 -0.0204549 -0.0170975 -0.0271397 -0.0263272 -0.025915 -0.0252699 -0.0263272 -0.0238153 -0.0252699 -0.0231688 -0.025915 -0.0252699 -0.0249761 -0.0244519 -0.0252699 -0.0231688 -0.0244519 -0.0226509 -0.0238153 -0.0204549 -0.0231688 -0.0202648 -0.0204549 -0.0170975 -0.0202648 -0.0172451 -0.0231688 -0.0202648 -0.0226509 -0.0200892 -0.0202648 -0.0172451 -0.0200892 -0.0173338 -0.0165119 -0.0132861 -0.0168628 -0.0138298 -0.0132861 -0.0110667 -0.0138298 -0.0116004 -0.0168628 -0.0138298 -0.0170975 -0.014249 -0.0138298 -0.0116004 -0.014249 -0.012038 -0.0110667 -0.00954392 -0.0116004 -0.00999311 -0.00954392 -0.00844244 -0.00999311 -0.00880746 -0.0116004 -0.00999311 -0.012038 -0.0103766 -0.00999311 -0.00880746 -0.0103766 -0.00912626 -0.0170975 -0.014249 -0.0172451 -0.0145634 -0.014249 -0.012038 -0.0145634 -0.0123872 -0.0172451 -0.0145634 -0.0173338 -0.014794 -0.0145634 -0.0123872 -0.014794 -0.0126582 -0.012038 -0.0103766 -0.0123872 -0.0106949 -0.0103766 -0.00912626 -0.0106949 -0.00939704 -0.0123872 -0.0106949 -0.0126582 -0.0109504 -0.0106949 -0.00939704 -0.0109504 -0.00961868 -0.0249761 -0.0244519 -0.0242824 -0.0238433 -0.0244519 -0.0226509 -0.0238433 -0.0222555 -0.0242824 -0.0238433 -0.0238054 -0.0234227 -0.0238433 -0.0222555 -0.0234227 -0.0219771 -0.0226509 -0.0200892 -0.0222555 -0.0199416 -0.0200892 -0.0173338 -0.0199416 -0.0173844 -0.0222555 -0.0199416 -0.0219771 -0.0198309 -0.0199416 -0.0173844 -0.0198309 -0.0174113 -0.0238054 -0.0234227 -0.0235263 -0.0231759 -0.0234227 -0.0219771 -0.0231759 -0.0218116 -0.0235263 -0.0231759 -0.0234344 -0.0230944 -0.0231759 -0.0218116 -0.0230944 -0.0217568 -0.0219771 -0.0198309 -0.0218116 -0.0197626 -0.0198309 -0.0174113 -0.0197626 -0.0174238 -0.0218116 -0.0197626 -0.0217568 -0.0197396 -0.0197626 -0.0174238 -0.0197396 -0.0174274 -0.0173338 -0.014794 -0.0173844 -0.0149573 -0.014794 -0.0126582 -0.0149573 -0.0128595 -0.0173844 -0.0149573 -0.0174113 -0.0150657 -0.0149573 -0.0128595 -0.0150657 -0.0129983 -0.0126582 -0.0109504 -0.0128595 -0.0111455 -0.0109504 -0.00961868 -0.0111455 -0.00979081 -0.0128595 -0.0111455 -0.0129983 -0.0112829 -0.0111455 -0.00979081 -0.0112829 -0.00991348 -0.0174113 -0.0150657 -0.0174238 -0.0151275 -0.0150657 -0.0129983 -0.0151275 -0.0130795 -0.0174238 -0.0151275 -0.0174274 -0.0151475 -0.0151275 -0.0130795 -0.0151475 -0.0131063 -0.0129983 -0.0112829 -0.0130795 -0.0113645 -0.0112829 -0.00991348 -0.0113645 -0.00998694 -0.0130795 -0.0113645 -0.0131063 -0.0113915 -0.0113645 -0.00998694 -0.0113915 -0.0100114 -0.00844244 -0.0076089 -0.00880746 -0.00791302 -0.0076089 -0.00698288 -0.00791302 -0.00724657 -0.00880746 -0.00791302 -0.00912626 -0.00818034 -0.00791302 -0.00724657 -0.00818034 -0.00747721 -0.00698288 -0.00654942 -0.00724657 -0.00678351 -0.00654942 -0.00631019 -0.00678351 -0.00651541 -0.00724657 -0.00678351 -0.00747721 -0.00698588 -0.00678351 -0.00651541 -0.00698588 -0.00668974 -0.00912626 -0.00818034 -0.00939704 -0.00840923 -0.00818034 -0.00747721 -0.00840923 -0.00767413 -0.00939704 -0.00840923 -0.00961868 -0.00859805 -0.00840923 -0.00767413 -0.00859805 -0.00783634 -0.00747721 -0.00698588 -0.00767413 -0.00715703 -0.00698588 -0.00668974 -0.00715703 -0.00683501 -0.00767413 -0.00715703 -0.00783634 -0.00729698 -0.00715703 -0.00683501 -0.00729698 -0.00695243 -0.00631019 -0.00627075 -0.00651541 -0.00643684 -0.00627075 -0.00643065 -0.00643684 -0.00653229 -0.00651541 -0.00643684 -0.00668974 -0.00657404 -0.00643684 -0.00653229 -0.00657404 -0.00661211 -0.00643065 -0.00675187 -0.00653229 -0.00674316 -0.00675187 -0.00684092 -0.00674316 -0.00683994 -0.00653229 -0.00674316 -0.00661211 -0.00673658 -0.00674316 -0.00683994 -0.00673658 -0.00680166 -0.00668974 -0.00657404 -0.00683501 -0.00668607 -0.00657404 -0.00661211 -0.00668607 -0.00667648 -0.00683501 -0.00668607 -0.00695243 -0.00677533 -0.00668607 -0.00667648 -0.00677533 -0.00672804 -0.00661211 -0.00673658 -0.00667648 -0.00674115 -0.00673658 -0.00680166 -0.00674115 -0.00677954 -0.00667648 -0.00674115 -0.00672804 -0.00675112 -0.00674115 -0.00677954 -0.00675112 -0.00677069 -0.00961868 -0.00859805 -0.00979081 -0.00874569 -0.00859805 -0.00783634 -0.00874569 -0.00796312 -0.00979081 -0.00874569 -0.00991348 -0.0088515 -0.00874569 -0.00796312 -0.0088515 -0.00805397 -0.00783634 -0.00729698 -0.00796312 -0.00740576 -0.00729698 -0.00695243 -0.00740576 -0.0070429 -0.00796312 -0.00740576 -0.00805397 -0.00748342 -0.00740576 -0.0070429 -0.00748342 -0.00710709 -0.00991348 -0.0088515 -0.00998694 -0.0089151 -0.0088515 -0.00805397 -0.0089151 -0.0081086 -0.00998694 -0.0089151 -0.0100114 -0.00893632 -0.0089151 -0.0081086 -0.00893632 -0.00812682 -0.00805397 -0.00748342 -0.0081086 -0.00753 -0.00748342 -0.00710709 -0.00753 -0.00714543 -0.0081086 -0.00753 -0.00812682 -0.00754552 -0.00753 -0.00714543 -0.00754552 -0.00715819 -0.00695243 -0.00677533 -0.0070429 -0.00684348 -0.00677533 -0.00672804 -0.00684348 -0.00676792 -0.0070429 -0.00684348 -0.00710709 -0.00689155 -0.00684348 -0.00676792 -0.00689155 -0.00679645 -0.00672804 -0.00675112 -0.00676792 -0.00676237 -0.00675112 -0.00677069 -0.00676237 -0.00676927 -0.00676792 -0.00676237 -0.00679645 -0.00677217 -0.00676237 -0.00676927 -0.00677217 -0.00677098 -0.00710709 -0.00689155 -0.00714543 -0.00692018 -0.00689155 -0.00679645 -0.00692018 -0.00681361 -0.00714543 -0.00692018 -0.00715819 -0.00692969 -0.00692018 -0.00681361 -0.00692969 -0.00681935 -0.00679645 -0.00677217 -0.00681361 -0.00677873 -0.00677217 -0.00677098 -0.00677873 -0.00677304 -0.00681361 -0.00677873 -0.00681935 -0.00678103 -0.00677873 -0.00677304 -0.00678103 -0.00677389 
SCALARS conc double 1
LOOKUP_TABLE default
0 0 0 0.547956 0 0 0.547956 1.02181 0 0.547956 0 1.08129 0.547956 1.02181 1.08129 2.00977 0 0 1.02181 1.39384 0 0 1.39384 1.67768 1.02181 1.39384 2.00977 2.73271 1.39384 1.67768 2.73271 3.28204 0 1.08129 0 1.58756 1.08129 2.00977 1.58756 2.93315 0 1.58756 0 2.05771 1.58756 2.93315 2.05771 3.76434 2.00977 2.73271 2.93315 3.96534 2.73271 3.28204 3.96534 4.74452 2.93315 3.96534 3.76434 5.04326 3.96534 4.74452 5.04326 6.0005 0 0 1.67768 1.90016 0 0 1.90016 2.083 1.67768 1.90016 3.28204 3.71288 1.90016 2.083 3.71288 4.06767 0 0 2.083 2.2393 0 0 2.2393 2.37597 2.083 2.2393 4.06767 4.37149 2.2393 2.37597 4.37149 4.63746 3.28204 3.71288 4.74452 5.3564 3.71288 4.06767 5.3564 5.86201 4.74452 5.3564 6.0005 6.75428 5.3564 5.86201 6.75428 7.38025 4.06767 4.37149 5.86201 6.29622 4.37149 4.63746 6.29622 6.67703 5.86201 6.29622 7.38025 7.91997 6.29622 6.67703 7.91997 8.39454 0 2.05771 0 2.48818 2.05771 3.76434 2.48818 4.47912 0 2.48818 0 2.88499 2.48818 4.47912 2.88499 5.05628 3.76434 5.04326 4.47912 5.92045 5.04326 6.0005 5.92045 6.98987 4.47912 5.92045 5.05628 6.55281 5.92045 6.98987 6.55281 7.6582 0 2.88499 0 3.27226 2.88499 5.05628 3.27226 5.47427 0 3.27226 0 3.71178 3.27226 5.47427 3.71178 5.69851 5.05628 6.55281 5.47427 6.89728 6.55281 7.6582 6.89728 7.95822 5.47427 6.89728 5.69851 6.91275 6.89728 7.95822 6.91275 7.85162 6.0005 6.75428 6.98987 7.83663 6.75428 7.38025 7.83663 8.54466 6.98987 7.83663 7.6582 8.54193 7.83663 8.54466 8.54193 9.28772 7.38025 7.91997 8.54466 9.15836 7.91997 8.39454 9.15836 9.6998 8.54466 9.15836 9.28772 9.93864 9.15836 9.6998 9.93864 10.5153 7.6582 8.54193 7.95822 8.81876 8.54193 9.28772 8.81876 9.55429 7.95822 8.81876 7.85162 8.62744 8.81876 9.55429 8.62744 9.3036 9.28772 9.93864 9.55429 10.2021 9.93864 10.5153 10.2021 10.7791 9.55429 10.2021 9.3036 9.90615 10.2021 10.7791 9.90615 10.4465 0 0 2.37597 2.49623 0 0 2.49623 2.60129 2.37597 2.49623 4.63746 4.87168 2.49623 2.60129 4.87168 5.07638 0 0 2.60129 2.6912 0 0 2.6912 2.76535 2.60129 2.6912 5.07638 5.25161 2.6912 2.76535 5.25161 5.39614 4.63746 4.87168 6.67703 7.01275 4.87168 5.07638 7.01275 7.30635 6.67703 7.01275 8.39454 8.81354 7.01275 7.30635 8.81354 9.18028 5.07638 5.25161 7.30635 7.55779 5.25161 5.39614 7.55779 7.76521 7.30635 7.55779 9.18028 9.49455 7.55779 7.76521 9.49455 9.75386 0 0 2.76535 2.82275 0 0 2.82275 2.86243 2.76535 2.82275 5.39614 5.508 2.82275 2.86243 5.508 5.58519 0 0 2.86243 2.88382 0 0 2.88382 2.88713 2.86243 2.88382 5.58519 5.62657 2.88382 2.88713 5.62657 5.63254 5.39614 5.508 7.76521 7.92565 5.508 5.58519 7.92565 8.03605 7.76521 7.92565 9.75386 9.95429 7.92565 8.03605 9.95429 10.0916 5.58519 5.62657 8.03605 8.09459 5.62657 5.63254 8.09459 8.1019 8.03605 8.09459 10.0916 10.1632 8.09459 8.1019 10.1632 10.1698 8.39454 8.81354 9.6998 10.1787 8.81354 9.18028 10.1787 10.5984 9.6998 10.1787 10.5153 11.0267 10.1787 10.5984 11.0267 11.4754 9.18028 9.49455 10.5984 10.9583 9.49455 9.75386 10.9583 11.2554 10.5984 10.9583 11.4754 11.8605 10.9583 11.2554 11.8605 12.1787 10.5153 11.0267 10.7791 11.2922 11.0267 11.4754 11.2922 11.7431 10.7791 11.2922 10.4465 10.9286 11.2922 11.7431 10.9286 11.3532 11.4754 11.8605 11.7431 12.1307 11.8605 12.1787 12.1307 12.4513 11.7431 12.1307 11.3532 11.7187 12.1307 12.4513 11.7187 12.0218 9.75386 9.95429 11.2554 11.4848 9.95429 10.0916 11.4848 11.641 11.2554 11.4848 12.1787 12.4242 11.4848 11.641 12.4242 12.5898 10.0916 10.1632 11.641 11.7203 10.1632 10.1698 11.7203 11.7237 11.641 11.7203 12.5898 12.6707 11.7203 11.7237 12.6707 12.6677 12.1787 12.4242 12.4513 12.6984 12.4242 12.5898 12.6984 12.8632 12.4513 12.6984 12.0218 12.2554 12.6984 12.8632 12.2554 12.4087 12.5898 12.6707 12.8632 12.9388 12.6707 12.6677 12.9388 12.9259 12.8632 12.9388 12.4087 12.4721 12.9388 12.9259 12.4721 12.4454 0 0 2.88713 2.8733 0 0 2.8733 2.84358 2.88713 2.8733 5.63254 5.60507 2.8733 2.84358 5.60507 5.54669 0 0 2.84358 2.7988 0 0 2.7988 2.73908 2.84358 2.7988 5.54669 5.45916 2.7988 2.73908 5.45916 5.34266 5.63254 5.60507 8.1019 8.06106 5.60507 5.54669 8.06106 7.97609 8.1019 8.06106 10.1698 10.1159 8.06106 7.97609 10.1159 10.0074 5.54669 5.45916 7.97609 7.84974 5.45916 5.34266 7.84974 7.68221 7.97609 7.84974 10.0074 9.84794 7.84974 7.68221 9.84794 9.6378 0 0 2.73908 2.66384 0 0 2.66384 2.57223 2.73908 2.66384 5.34266 5.19599 2.66384 2.57223 5.19599 5.01741 0 0 2.57223 2.46339 0 0 2.46339 2.33643 2.57223 2.46339 5.01741 4.80523 2.46339 2.33643 4.80523 4.55778 5.34266 5.19599 7.68221 7.47157 5.19599 5.01741 7.47157 7.21509 7.68221 7.47157 9.6378 9.37405 7.47157 7.21509 9.37405 9.05291 5.01741 4.80523 7.21509 6.91035 4.80523 4.55778 6.91035 6.55508 7.21509 6.91035 9.05291 8.67128 6.91035 6.55508 8.67128 8.22658 10.1698 10.1159 11.7237 11.6572 10.1159 10.0074 11.6572 11.5288 11.7237 11.6572 12.6677 12.5889 11.6572 11.5288 12.5889 12.4452 10.0074 9.84794 11.5288 11.3437 9.84794 9.6378 11.3437 11.1018 11.5288 11.3437 12.4452 12.2433 11.3437 11.1018 12.2433 11.9827 12.6677 12.5889 12.9259 12.8351 12.5889 12.4452 12.8351 12.681 12.9259 12.8351 12.4454 12.3426 12.8351 12.681 12.3426 12.1836 12.4452 12.2433 12.681 12.4726 12.2433 11.9827 12.4726 12.2081 12.681 12.4726 12.1836 11.9797 12.4726 12.2081 11.9797 11.7277 9.6378 9.37405 11.1018 10.799 9.37405 9.05291 10.799 10.4301 11.1018 10.799 11.9827 11.6574 10.799 10.4301 11.6574 11.2608 9.05291 8.67128 10.4301 9.99154 8.67128 8.22658 9.99154 9.48087 10.4301 9.99154 11.2608 10.7889 9.99154 9.48087 10.7889 10.2399 11.9827 11.6574 12.2081 11.8791 11.6574 11.2608 11.8791 11.4773 12.2081 11.8791 11.7277 11.4155 11.8791 11.4773 11.4155 11.0325 11.2608 10.7889 11.4773 10.9984 10.7889 10.2399 10.9984 10.4417 11.4773 10.9984 11.0325 10.5746 10.9984 10.4417 10.5746 10.0428 0 0 2.33643 2.18996 0 0 2.18996 2.02133 2.33643 2.18996 4.55778 4.27248 2.18996 2.02133 4.27248 3.94432 0 0 2.02133 1.82541 0 0 1.82541 1.59287 2.02133 1.82541 3.94432 3.56356 1.82541 1.59287 3.56356 3.11238 4.55778 4.27248 6.55508 6.14586 4.27248 3.94432 6.14586 5.67593 6.55508 6.14586 8.22658 7.71509 6.14586 5.67593 7.71509 7.12906 3.94432 3.56356 5.67593 5.13189 3.56356 3.11238 5.13189 4.48905 5.67593 5.13189 7.12906 6.45282 5.13189 4.48905 6.45282 5.65704 0 0 1.59287 1.30812 0 0 1.30812 0.950413 1.59287 1.30812 3.11238 2.56062 1.30812 0.950413 2.56062 1.86603 0 0 0.950413 0.507194 0 0 0.507194 0 0.950413 0.507194 1.86603 0.999216 0.507194 0 0.999216 0 3.11238 2.56062 4.48905 3.70483 2.56062 1.86603 3.70483 2.71478 4.48905 3.70483 5.65704 4.69031 3.70483 2.71478 4.69031 3.46704 1.86603 0.999216 2.71478 1.46315 0.999216 0 1.46315 0 2.71478 1.46315 3.46704 1.88968 1.46315 0 1.88968 0 8.22658 7.71509 9.48087 8.89461 7.71509 7.12906 8.89461 8.22499 9.48087 8.89461 10.2399 9.61113 8.89461 8.22499 9.61113 8.8959 7.12906 6.45282 8.22499 7.45572 6.45282 5.65704 7.45572 6.55552 8.22499 7.45572 8.8959 8.07904 7.45572 6.55552 8.07904 7.13047 10.2399 9.61113 10.4417 9.80622 9.61113 8.8959 9.80622 9.08726 10.4417 9.80622 10.0428 9.4385 9.80622 9.08726 9.4385 8.75966 8.8959 8.07904 9.08726 8.27221 8.07904 7.13047 8.27221 7.33636 9.08726 8.27221 8.75966 7.99841 8.27221 7.33636 7.99841 7.1349 5.65704 4.69031 6.55552 5.4689 4.69031 3.46704 5.4689 4.09557 6.55552 5.4689 7.13047 5.99499 5.4689 4.09557 5.99499 4.57369 3.46704 1.88968 4.09557 2.27584 1.88968 0 2.27584 0 4.09557 2.27584 4.57369 2.63065 2.27584 0 2.63065 0 7.13047 5.99499 7.33636 6.22718 5.99499 4.57369 6.22718 4.86706 7.33636 6.22718 7.1349 6.13947 6.22718 4.86706 6.13947 4.90505 4.57369 2.63065 4.86706 2.98819 2.63065 0 2.98819 0 4.86706 2.98819 4.90505 3.44031 2.98819 0 3.44031 0 0 3.71178 1 5.58373 3.71178 5.69851 5.58373 7.23213 1 5.58373 1 7.68161 5.58373 7.23213 7.68161 8.48565 5.69851 6.91275 7.23213 8.41211 6.91275 7.85162 8.41211 9.36755 7.23213 8.41211 8.48565 9.77612 8.41211 9.36755 9.77612 10.702 1 7.68161 1 9.81228 7.68161 8.48565 9.81228 9.36443 1 9.81228 1 11.7681 9.81228 9.36443 11.7681 9.90027 8.48565 9.77612 9.36443 10.9849 9.77612 10.702 10.9849 11.8177 9.36443 10.9849 9.90027 12.0282 10.9849 11.8177 12.0282 12.7003 7.85162 8.62744 9.36755 10.1841 8.62744 9.3036 10.1841 10.9145 9.36755 10.1841 10.702 11.5566 10.1841 10.9145 11.5566 12.3248 9.3036 9.90615 10.9145 11.5728 9.90615 10.4465 11.5728 12.1662 10.9145 11.5728 12.3248 13.0246 11.5728 12.1662 13.0246 13.6564 10.702 11.5566 11.8177 12.7296 11.5566 12.3248 12.7296 13.5185 11.8177 12.7296 12.7003 13.6973 12.7296 13.5185 13.6973 14.4877 12.3248 13.0246 13.5185 14.251 13.0246 13.6564 14.251 14.9082 13.5185 14.251 14.4877 15.2481 14.251 14.9082 15.2481 15.9192 1 11.7681 1 13.3949 11.7681 9.90027 13.3949 10.1836 1 13.3949 1 14.6 13.3949 10.1836 14.6 10.3112 9.90027 12.0282 10.1836 12.8861 12.0282 12.7003 12.8861 13.3555 10.1836 12.8861 10.3112 13.5294 12.8861 13.3555 13.5294 13.8014 1 14.6 1 15.3361 14.6 10.3112 15.3361 10.3581 1 15.3361 1 15.5833 15.3361 10.3581 15.5833 10.3688 10.3112 13.5294 10.3581 13.9291 13.5294 13.8014 13.9291 14.0587 10.3581 13.9291 10.3688 14.0647 13.9291 14.0587 14.0647 14.1426 12.7003 13.6973 13.3555 14.4569 13.6973 14.4877 14.4569 15.2315 13.3555 14.4569 13.8014 15.0045 14.4569 15.2315 15.0045 15.7547 14.4877 15.2481 15.2315 16.0171 15.2481 15.9192 16.0171 16.6929 15.2315 16.0171 15.7547 16.5619 16.0171 16.6929 16.5619 17.2367 13.8014 15.0045 14.0587 15.3357 15.0045 15.7547 15.3357 16.0645 14.0587 15.3357 14.1426 15.4465 15.3357 16.0645 15.4465 16.167 15.7547 16.5619 16.0645 16.8867 16.5619 17.2367 16.8867 17.5587 16.0645 16.8867 16.167 16.9946 16.8867 17.5587 16.9946 17.6653 10.4465 10.9286 12.1662 12.696 10.9286 11.3532 12.696 13.1609 12.1662 12.696 13.6564 14.2198 12.696 13.1609 14.2198 14.7114 11.3532 11.7187 13.1609 13.5573 11.7187 12.0218 13.5573 13.8787 13.1609 13.5573 14.7114 15.1257 13.5573 13.8787 15.1257 15.4546 13.6564 14.2198 14.9082 15.4931 14.2198 14.7114 15.4931 15.9992 14.9082 15.4931 15.9192 16.5165 15.4931 15.9992 16.5165 17.028 14.7114 15.1257 15.9992 16.4206 15.1257 15.4546 16.4206 16.7489 15.9992 16.4206 17.028 17.4496 16.4206 16.7489 17.4496 17.7734 12.0218 12.2554 13.8787 14.1156 12.2554 12.4087 14.1156 14.258 13.8787 14.1156 15.4546 15.6883 14.1156 14.258 15.6883 15.8193 12.4087 12.4721 14.258 14.3018 12.4721 12.4454 14.3018 14.2548 14.258 14.3018 15.8193 15.8483 14.3018 14.2548 15.8483 15.7869 15.4546 15.6883 16.7489 16.976 15.6883 15.8193 16.976 17.0979 16.7489 16.976 17.7734 17.9942 16.976 17.0979 17.9942 18.1106 15.8193 15.8483 17.0979 17.1185 15.8483 15.7869 17.1185 17.0495 17.0979 17.1185 18.1106 18.1278 17.1185 17.0495 18.1278 18.055 15.9192 16.5165 16.6929 17.2968 16.5165 17.028 17.2968 17.8082 16.6929 17.2968 17.2367 17.8438 17.2968 17.8082 17.8438 18.3528 17.028 17.4496 17.8082 18.227 17.4496 17.7734 18.227 18.5457 17.8082 18.227 18.3528 18.7683 18.227 18.5457 18.7683 19.0832 17.2367 17.8438 17.5587 18.1674 17.8438 18.3528 18.1674 18.6739 17.5587 18.1674 17.6653 18.2744 18.1674 18.6739 18.2744 18.7799 18.3528 18.7683 18.6739 19.0872 18.7683 19.0832 19.0872 19.3998 18.6739 19.0872 18.7799 19.1925 19.0872 19.3998 19.1925 19.5044 17.7734 17.9942 18.5457 18.762 17.9942 18.1106 18.762 18.8762 18.5457 18.762 19.0832 19.2972 18.762 18.8762 19.2972 19.411 18.1106 18.1278 18.8762 18.8928 18.1278 18.055 18.8928 18.8177 18.8762 18.8928 19.411 19.4279 18.8928 18.8177 19.4279 19.3511 19.0832 19.2972 19.3998 19.613 19.2972 19.411 19.613 19.727 19.3998 19.613 19.5044 19.7173 19.613 19.727 19.7173 19.8316 19.411 19.4279 19.727 19.7444 19.4279 19.3511 19.7444 19.6663 19.727 19.7444 19.8316 19.8491 19.7444 19.6663 19.8491 19.7705 12.4454 12.3426 14.2548 14.134 12.3426 12.1836 14.134 13.9552 14.2548 14.134 15.7869 15.6516 14.134 13.9552 15.6516 15.4533 12.1836 11.9797 13.9552 13.7222 11.9797 11.7277 13.7222 13.4271 13.9552 13.7222 15.4533 15.1909 13.7222 13.4271 15.1909 14.8547 15.7869 15.6516 17.0495 16.9035 15.6516 15.4533 16.9035 16.6865 17.0495 16.9035 18.055 17.9002 16.9035 16.6865 17.9002 17.6657 15.4533 15.1909 16.6865 16.3949 15.1909 14.8547 16.3949 16.0202 16.6865 16.3949 17.6657 17.3474 16.3949 16.0202 17.3474 16.9394 11.7277 11.4155 13.4271 13.0582 11.4155 11.0325 13.0582 12.608 13.4271 13.0582 14.8547 14.4347 13.0582 12.608 14.4347 13.9268 11.0325 10.5746 12.608 12.0759 10.5746 10.0428 12.0759 11.4651 12.608 12.0759 13.9268 13.3332 12.0759 11.4651 13.3332 12.659 14.8547 14.4347 16.0202 15.5558 14.4347 13.9268 15.5558 15.0008 16.0202 15.5558 16.9394 16.439 15.5558 15.0008 16.439 15.8483 13.9268 13.3332 15.0008 14.3595 13.3332 12.659 14.3595 13.6386 15.0008 14.3595 15.8483 15.1731 14.3595 13.6386 15.1731 14.4216 18.055 17.9002 18.8177 18.6552 17.9002 17.6657 18.6552 18.4051 18.8177 18.6552 19.3511 19.182 18.6552 18.4051 19.182 18.9198 17.6657 17.3474 18.4051 18.0644 17.3474 16.9394 18.0644 17.6304 18.4051 18.0644 18.9198 18.5626 18.0644 17.6304 18.5626 18.1104 19.3511 19.182 19.6663 19.4928 19.182 18.9198 19.4928 19.2228 19.6663 19.4928 19.7705 19.5954 19.4928 19.2228 19.5954 19.3227 18.9198 18.5626 19.2228 18.8556 18.5626 18.1104 18.8556 18.3928 19.2228 18.8556 19.3227 18.9523 18.8556 18.3928 18.9523 18.486 16.9394 16.439 17.6304 17.1034 16.439 15.8483 17.1034 16.4879 17.6304 17.1034 18.1104 17.5658 17.1034 16.4879 17.5658 16.935 15.8483 15.1731 16.4879 15.7912 15.1731 14.4216 15.7912 15.0225 16.4879 15.7912 16.935 16.2263 15.7912 15.0225 16.2263 15.45 18.1104 17.5658 18.3928 17.8385 17.5658 16.935 17.8385 17.1996 18.3928 17.8385 18.486 17.9286 17.8385 17.1996 17.9286 17.2873 16.935 16.2263 17.1996 16.4854 16.2263 15.45 16.4854 15.7067 17.1996 16.4854 17.2873 16.5716 16.4854 15.7067 16.5716 15.7925 10.0428 9.4385 11.4651 10.7787 9.4385 8.75966 10.7787 10.0172 11.4651 10.7787 12.659 11.9091 10.7787 10.0172 11.9091 11.0865 8.75966 7.99841 10.0172 9.17612 7.99841 7.1349 9.17612 8.24546 10.0172 9.17612 11.0865 10.1921 9.17612 8.24546 10.1921 9.22309 12.659 11.9091 13.6386 12.8448 11.9091 11.0865 12.8448 11.9842 13.6386 12.8448 14.4216 13.6022 12.8448 11.9842 13.6022 12.7244 11.0865 10.1921 11.9842 11.0628 10.1921 9.22309 11.0628 10.0881 11.9842 11.0628 12.7244 11.7994 11.0628 10.0881 11.7994 10.8438 7.1349 6.13947 8.24546 7.19781 6.13947 4.90505 7.19781 6.01466 8.24546 7.19781 9.22309 8.17569 7.19781 6.01466 8.17569 7.03864 4.90505 3.44031 6.01466 4.48424 3.44031 0 4.48424 2.99119 6.01466 4.48424 7.03864 5.80827 4.48424 2.99119 5.80827 5.04206 9.22309 8.17569 10.0881 9.07272 8.17569 7.03864 9.07272 8.03959 10.0881 9.07272 10.8438 9.88451 9.07272 8.03959 9.88451 8.97444 7.03864 5.80827 8.03959 7.10071 5.80827 5.04206 7.10071 6.65066 8.03959 7.10071 8.97444 8.24812 7.10071 6.65066 8.24812 7.9492 14.4216 13.6022 15.0225 14.1922 13.6022 12.7244 14.1922 13.3127 15.0225 14.1922 15.45 14.618 14.1922 13.3127 14.618 13.745 12.7244 11.7994 13.3127 12.3999 11.7994 10.8438 12.3999 11.477 13.3127 12.3999 13.745 12.8503 12.3999 11.477 12.8503 11.9614 15.45 14.618 15.7067 14.8766 14.618 13.745 14.8766 14.0111 15.7067 14.8766 15.7925 14.9635 14.8766 14.0111 14.9635 14.1011 13.745 12.8503 14.0111 13.1315 12.8503 11.9614 13.1315 12.2673 14.0111 13.1315 14.1011 13.2273 13.1315 12.2673 13.2273 12.372 10.8438 9.88451 11.477 10.5814 9.88451 8.97444 10.5814 9.77891 11.477 10.5814 11.9614 11.1205 10.5814 9.77891 11.1205 10.395 8.97444 8.24812 9.77891 9.18949 8.24812 7.9492 9.18949 8.96583 9.77891 9.18949 10.395 9.88575 9.18949 8.96583 9.88575 9.69966 11.9614 11.1205 12.2673 11.462 11.1205 10.395 11.462 10.7807 12.2673 11.462 12.372 11.5789 11.462 10.7807 11.5789 10.9119 10.395 9.88575 10.7807 10.3124 9.88575 9.69966 10.3124 10.1438 10.7807 10.3124 10.9119 10.456 10.3124 10.1438 10.456 10.2925 1 15.5833 1 15.3361 15.5833 10.3688 15.3361 10.3581 1 15.3361 1 14.6 15.3361 10.3581 14.6 10.3112 10.3688 14.0647 10.3581 13.9291 14.0647 14.1426 13.9291 14.0587 10.3581 13.9291 10.3112 13.5294 13.9291 14.0587 13.5294 13.8014 1 14.6 1 13.3949 14.6 10.3112 13.3949 10.1836 1 13.3949 1 11.7681 13.3949 10.1836 11.7681 9.90027 10.3112 13.5294 10.1836 12.8861 13.5294 13.8014 12.8861 13.3555 10.1836 12.8861 9.90027 12.0282 12.8861 13.3555 12.0282 12.7003 14.1426 15.4465 14.0587 15.3357 15.4465 16.167 15.3357 16.0645 14.0587 15.3357 13.8014 15.0045 15.3357 16.0645 15.0045 15.7547 16.167 16.9946 16.0645 16.8867 16.9946 17.6653 16.8867 17.5587 16.0645 16.8867 15.7547 16.5619 16.8867 17.5587 16.5619 17.2367 13.8014 15.0045 13.3555 14.4569 15.0045 15.7547 14.4569 15.2315 13.3555 14.4569 12.7003 13.6973 14.4569 15.2315 13.6973 14.4877 15.7547 16.5619 15.2315 16.0171 16.5619 17.2367 16.0171 16.6929 15.2315 16.0171 14.4877 15.2481 16.0171 16.6929 15.2481 15.9192 1 11.7681 1 9.81228 11.7681 9.90027 9.81228 9.36443 1 9.81228 1 7.68161 9.81228 9.36443 7.68161 8.48565 9.90027 12.0282 9.36443 10.9849 12.0282 12.7003 10.9849 11.8177 9.36443 10.9849 8.48565 9.77612 10.9849 11.8177 9.77612 10.702 1 7.68161 1 5.58373 7.68161 8.48565 5.58373 7.23213 1 5.58373 0 3.71178 5.58373 7.23213 3.71178 5.69851 8.48565 9.77612 7.23213 8.41211 9.77612 10.702 8.41211 9.36755 7.23213 8.41211 5.69851 6.91275 8.41211 9.36755 6.91275 7.85162 12.7003 13.6973 11.8177 12.7296 13.6973 14.4877 12.7296 13.5185 11.8177 12.7296 10.702 11.5566 12.7296 13.5185 11.5566 12.3248 14.4877 15.2481 13.5185 14.251 15.2481 15.9192 14.251 14.9082 13.5185 14.251 12.3248 13.0246 14.251 14.9082 13.0246 13.6564 10.702 11.5566 9.36755 10.1841 11.5566 12.3248 10.1841 10.9145 9.36755 10.1841 7.85162 8.62744 10.1841 10.9145 8.62744 9.3036 12.3248 13.0246 10.9145 11.5728 13.0246 13.6564 11.5728 12.1662 10.9145 11.5728 9.3036 9.90615 11.5728 12.1662 9.90615 10.4465 17.6653 18.2744 17.5587 18.1674 18.2744 18.7799 18.1674 18.6739 17.5587 18.1674 17.2367 17.8438 18.1674 18.6739 17.8438 18.3528 18.7799 19.1925 18.6739 19.0872 19.1925 19.5044 19.0872 19.3998 18.6739 19.0872 18.3528 18.7683 19.0872 19.3998 18.7683 19.0832 17.2367 17.8438 16.6929 17.2968 17.8438 18.3528 17.2968 17.8082 16.6929 17.2968 15.9192 16.5165 17.2968 17.8082 16.5165 17.028 18.3528 18.7683 17.8082 18.227 18.7683 19.0832 18.227 18.5457 17.8082 18.227 17.028 17.4496 18.227 18.5457 17.4496 17.7734 19.5044 19.7173 19.3998 19.613 19.7173 19.8316 19.613 19.727 19.3998 19.613 19.0832 19.2972 19.613 19.727 19.2972 19.411 19.8316 19.8491 19.727 19.7444 19.8491 19.7705 19.7444 19.6663 19.727 19.7444 19.411 19.4279 19.7444 19.6663 19.4279 19.3511 19.0832 19.2972 18.5457 18.762 19.2972 19.411 18.762 18.8762 18.5457 18.762 17.7734 17.9942 18.762 18.8762 17.9942 18.1106 19.411 19.4279 18.8762 18.8928 19.4279 19.3511 18.8928 18.8177 18.8762 18.8928 18.1106 18.1278 18.8928 18.8177 18.1278 18.055 15.9192 16.5165 14.9082 15.4931 16.5165 17.028 15.4931 15.9992 14.9082 15.4931 13.6564 14.2198 15.4931 15.9992 14.2198 14.7114 17.028 17.4496 15.9992 16.4206 17.4496 17.7734 16.4206 16.7489 15.9992 16.4206 14.7114 15.1257 16.4206 16.7489 15.1257 15.4546 13.6564 14.2198 12.1662 12.696 14.2198 14.7114 12.696 13.1609 12.1662 12.696 10.4465 10.9286 12.696 13.1609 10.9286 11.3532 14.7114 15.1257 13.1609 13.5573 15.1257 15.4546 13.5573 13.8787 13.1609 13.5573 11.3532 11.7187 13.5573 13.8787 11.7187 12.0218 17.7734 17.9942 16.7489 16.976 17.9942 18.1106 16.976 17.0979 16.7489 16.976 15.4546 15.6883 16.976 17.0979 15.6883 15.8193 18.1106 18.1278 17.0979 17.1185 18.1278 18.055 17.1185 17.0495 17.0979 17.1185 15.8193 15.8483 17.1185 17.0495 15.8483 15.7869 15.4546 15.6883 13.8787 14.1156 15.6883 15.8193 14.1156 14.258 13.8787 14.1156 12.0218 12.2554 14.1156 14.258 12.2554 12.4087 15.8193 15.8483 14.258 14.3018 15.8483 15.7869 14.3018 14.2548 14.258 14.3018 12.4087 12.4721 14.3018 14.2548 12.4721 12.4454 19.7705 19.5954 19.6663 19.4928 19.5954 19.3227 19.4928 19.2228 19.6663 19.4928 19.3511 19.182 19.4928 19.2228 19.182 18.9198 19.3227 18.9523 19.2228 18.8556 18.9523 18.486 18.8556 18.3928 19.2228 18.8556 18.9198 18.5626 18.8556 18.3928 18.5626 18.1104 19.3511 19.182 18.8177 18.6552 19.182 18.9198 18.6552 18.4051 18.8177 18.6552 18.055 17.9002 18.6552 18.4051 17.9002 17.6657 18.9198 18.5626 18.4051 18.0644 18.5626 18.1104 18.0644 17.6304 18.4051 18.0644 17.6657 17.3474 18.0644 17.6304 17.3474 16.9394 18.486 17.9286 18.3928 17.8385 17.9286 17.2873 17.8385 17.1996 18.3928 17.8385 18.1104 17.5658 17.8385 17.1996 17.5658 16.935 17.2873 16.5716 17.1996 16.4854 16.5716 15.7925 16.4854 15.7067 17.1996 16.4854 16.935 16.2263 16.4854 15.7067 16.2263 15.45 18.1104 17.5658 17.6304 17.1034 17.5658 16.935 17.1034 16.4879 17.6304 17.1034 16.9394 16.439 17.1034 16.4879 16.439 15.8483 16.935 16.2263 16.4879 15.7912 16.2263 15.45 15.7912 15.0225 16.4879 15.7912 15.8483 15.1731 15.7912 15.0225 15.1731 14.4216 18.055 17.9002 17.0495 16.9035 17.9002 17.6657 16.9035 16.6865 17.0495 16.9035 15.7869 15.6516 16.9035 16.6865 15.6516 15.4533 17.6657 17.3474 16.6865 16.3949 17.3474 16.9394 16.3949 16.0202 16.6865 16.3949 15.4533 15.1909 16.3949 16.0202 15.1909 14.8547 15.7869 15.6516 14.2548 14.134 15.6516 15.4533 14.134 13.9552 14.2548 14.134 12.4454 12.3426 14.134 13.9552 12.3426 12.1836 15.4533 15.1909 13.9552 13.7222 15.1909 14.8547 13.7222 13.4271 13.9552 13.7222 12.1836 11.9797 13.7222 13.4271 11.9797 11.7277 16.9394 16.439 16.0202 15.5558 16.439 15.8483 15.5558 15.0008 16.0202 15.5558 14.8547 14.4347 15.5558 15.0008 14.4347 13.9268 15.8483 15.1731 15.0008 14.3595 15.1731 14.4216 14.3595 13.6386 15.0008 14.3595 13.9268 13.3332 14.3595 13.6386 13.3332 12.659 14.8547 14.4347 13.4271 13.0582 14.4347 13.9268 13.0582 12.608 13.4271 13.0582 11.7277 11.4155 13.0582 12.608 11.4155 11.0325 13.9268 13.3332 12.608 12.0759 13.3332 12.659 12.0759 11.4651 12.608 12.0759 11.0325 10.5746 12.0759 11.4651 10.5746 10.0428 15.7925 14.9635 15.7067 14.8766 14.9635 14.1011 14.8766 14.0111 15.7067 14.8766 15.45 14.618 14.8766 14.0111 14.618 13.745 14.1011 13.2273 14.0111 13.1315 13.2273 12.372 13.1315 12.2673 14.0111 13.1315 13.745 12.8503 13.1315 12.2673 12.8503 11.9614 15.45 14.618 15.0225 14.1922 14.618 13.745 14.1922 13.3127 15.0225 14.1922 14.4216 13.6022 14.1922 13.3127 13.6022 12.7244 13.745 12.8503 13.3127 12.3999 12.8503 11.9614 12.3999 11.477 13.3127 12.3999 12.7244 11.7994 12.3999 11.477 11.7994 10.8438 12.372 11.5789 12.2673 11.462 11.5789 10.9119 11.462 10.7807 12.2673 11.462 11.9614 11.1205 11.462 10.7807 11.1205 10.395 10.9119 10.456 10.7807 10.3124 10.456 10.2925 10.3124 10.1438 10.7807 10.3124 10.395 9.88575 10.3124 10.1438 9.88575 9.69966 11.9614 11.1205 11.477 10.5814 11.1205 10.395 10.5814 9.77891 11.477 10.5814 10.8438 9.88451 10.5814 9.77891 9.88451 8.97444 10.395 9.88575 9.77891 9.18949 9.88575 9.69966 9.18949 8.96583 9.77891 9.18949 8.97444 8.24812 9.18949 8.96583 8.24812 7.9492 14.4216 13.6022 13.6386 12.8448 13.6022 12.7244 12.8448 11.9842 13.6386 12.8448 12.659 11.9091 12.8448 11.9842 11.9091 11.0865 12.7244 11.7994 11.9842 11.0628 11.7994 10.8438 11.0628 10.0881 11.9842 11.0628 11.0865 10.1921 11.0628 10.0881 10.1921 9.22309 12.659 11.9091 11.4651 10.7787 11.9091 11.0865 10.7787 10.0172 11.4651 10.7787 10.0428 9.4385 10.7787 10.0172 9.4385 8.75966 11.0865 10.1921 10.0172 9.17612 10.1921 9.22309 9.17612 8.24546 10.0172 9.17612 8.75966 7.99841 9.17612 8.24546 7.99841 7.1349 10.8438 9.88451 10.0881 9.07272 9.88451 8.97444 9.07272 8.03959 10.0881 9.07272 9.22309 8.17569 9.07272 8.03959 8.17569 7.03864 8.97444 8.24812 8.03959 7.10071 8.24812 7.9492 7.10071 6.65066 8.03959 7.10071 7.03864 5.80827 7.10071 6.65066 5.80827 5.04206 9.22309 8.17569 8.24546 7.19781 8.17569 7.03864 7.19781 6.01466 8.24546 7.19781 7.1349 6.13947 7.19781 6.01466 6.13947 4.90505 7.03864 5.80827 6.01466 4.48424 5.80827 5.04206 4.48424 2.99119 6.01466 4.48424 4.90505 3.44031 4.48424 2.99119 3.44031 0 0 3.71178 0 3.27226 3.71178 5.69851 3.27226 5.47427 0 3.27226 0 2.88499 3.27226 5.47427 2.88499 5.05628 5.69851 6.91275 5.47427 6.89728 6.91275 7.85162 6.89728 7.95822 5.47427 6.89728 5.05628 6.55281 6.89728 7.95822 6.55281 7.6582 0 2.88499 0 2.48818 2.88499 5.05628 2.48818 4.47912 0 2.48818 0 2.05771 2.48818 4.47912 2.05771 3.76434 5.05628 6.55281 4.47912 5.92045 6.55281 7.6582 5.92045 6.98987 4.47912 5.92045 3.76434 5.04326 5.92045 6.98987 5.04326 6.0005 7.85162 8.62744 7.95822 8.81876 8.62744 9.3036 8.81876 9.55429 7.95822 8.81876 7.6582 8.54193 8.81876 9.55429 8.54193 9.28772 9.3036 9.90615 9.55429 10.2021 9.90615 10.4465 10.2021 10.7791 9.55429 10.2021 9.28772 9.93864 10.2021 10.7791 9.93864 10.5153 7.6582 8.54193 6.98987 7.83663 8.54193 9.28772 7.83663 8.54466 6.98987 7.83663 6.0005 6.75428 7.83663 8.54466 6.75428 7.38025 9.28772 9.93864 8.54466 9.15836 9.93864 10.5153 9.15836 9.6998 8.54466 9.15836 7.38025 7.91997 9.15836 9.6998 7.91997 8.39454 0 2.05771 0 1.58756 2.05771 3.76434 1.58756 2.93315 0 1.58756 0 1.08129 1.58756 2.93315 1.08129 2.00977 3.76434 5.04326 2.93315 3.96534 5.04326 6.0005 3.96534 4.74452 2.93315 3.96534 2.00977 2.73271 3.96534 4.74452 2.73271 3.28204 0 1.08129 0 0.547956 1.08129 2.00977 0.547956 1.02181 0 0.547956 0 0 0.547956 1.02181 0 0 2.00977 2.73271 1.02181 1.39384 2.73271 3.28204 1.39384 1.67768 1.02181 1.39384 0 0 1.39384 1.67768 0 0 6.0005 6.75428 4.74452 5.3564 6.75428 7.38025 5.3564 5.86201 4.74452 5.3564 3.28204 3.71288 5.3564 5.86201 3.71288 4.06767 7.38025 7.91997 5.86201 6.29622 7.91997 8.39454 6.29622 6.67703 5.86201 6.29622 4.06767 4.37149 6.29622 6.67703 4.37149 4.63746 3.28204 3.71288 1.67768 1.90016 3.71288 4.06767 1.90016 2.083 1.67768 1.90016 0 0 1.90016 2.083 0 0 4.06767 4.37149 2.083 2.2393 4.37149 4.63746 2.2393 2.37597 2.083 2.2393 0 0 2.2393 2.37597 0 0 10.4465 10.9286 10.7791 11.2922 10.9286 11.3532 11.2922 11.7431 10.7791 11.2922 10.5153 11.0267 11.2922 11.7431 11.0267 11.4754 11.3532 11.7187 11.7431 12.1307 11.7187 12.0218 12.1307 12.4513 11.7431 12.1307 11.4754 11.8605 12.1307 12.4513 11.8605 12.1787 10.5153 11.0267 9.6998 10.1787 11.0267 11.4754 10.1787 10.5984 9.6998 10.1787 8.39454 8.81354 10.1787 10.5984 8.81354 9.18028 11.4754 11.8605 10.5984 10.9583 11.8605 12.1787 10.9583 11.2554 10.5984 10.9583 9.18028 9.49455 10.9583 11.2554 9.49455 9.75386 12.0218 12.2554 12.4513 12.6984 12.2554 12.4087 12.6984 12.8632 12.4513 12.6984 12.1787 12.4242 12.6984 12.8632 12.4242 12.5898 12.4087 12.4721 12.8632 12.9388 12.4721 12.4454 12.9388 12.9259 12.8632 12.9388 12.5898 12.6707 12.9388 12.9259 12.6707 12.6677 12.1787 12.4242 11.2554 11.4848 12.4242 12.5898 11.4848 11.641 11.2554 11.4848 9.75386 9.95429 11.4848 11.641 9.95429 10.0916 12.5898 12.6707 11.641 11.7203 12.6707 12.6677 11.7203 11.7237 11.641 11.7203 10.0916 10.1632 11.7203 11.7237 10.1632 10.1698 8.39454 8.81354 6.67703 7.01275 8.81354 9.18028 7.01275 7.30635 6.67703 7.01275 4.63746 4.87168 7.01275 7.30635 4.87168 5.07638 9.18028 9.49455 7.30635 7.55779 9.49455 9.75386 7.55779 7.76521 7.30635 7.55779 5.07638 5.25161 7.55779 7.76521 5.25161 5.39614 4.63746 4.87168 2.37597 2.49623 4.87168 5.07638 2.49623 2.60129 2.37597 2.49623 0 0 2.49623 2.60129 0 0 5.07638 5.25161 2.60129 2.6912 5.25161 5.39614 2.6912 2.76535 2.60129 2.6912 0 0 2.6912 2.76535 0 0 9.75386 9.95429 7.76521 7.92565 9.95429 10.0916 7.92565 8.03605 7.76521 7.92565 5.39614 5.508 7.92565 8.03605 5.508 5.58519 10.0916 10.1632 8.03605 8.09459 10.1632 10.1698 8.09459 8.1019 8.03605 8.09459 5.58519 5.62657 8.09459 8.1019 5.62657 5.63254 5.39614 5.508 2.76535 2.82275 5.508 5.58519 2.82275 2.86243 2.76535 2.82275 0 0 2.82275 2.86243 0 0 5.58519 5.62657 2.86243 2.88382 5.62657 5.63254 2.88382 2.88713 2.86243 2.88382 0 0 2.88382 2.88713 0 0 12.4454 12.3426 12.9259 12.8351 12.3426 12.1836 12.8351 12.681 12.9259 12.8351 12.6677 12.5889 12.8351 12.681 12.5889 12.4452 12.1836 11.9797 12.681 12.4726 11.9797 11.7277 12.4726 12.2081 12.681 12.4726 12.4452 12.2433 12.4726 12.2081 12.2433 11.9827 12.6677 12.5889 11.7237 11.6572 12.5889 12.4452 11.6572 11.5288 11.7237 11.6572 10.1698 10.1159 11.6572 11.5288 10.1159 10.0074 12.4452 12.2433 11.5288 11.3437 12.2433 11.9827 11.3437 11.1018 11.5288 11.3437 10.0074 9.84794 11.3437 11.1018 9.84794 9.6378 11.7277 11.4155 12.2081 11.8791 11.4155 11.0325 11.8791 11.4773 12.2081 11.8791 11.9827 11.6574 11.8791 11.4773 11.6574 11.2608 11.0325 10.5746 11.4773 10.9984 10.5746 10.0428 10.9984 10.4417 11.4773 10.9984 11.2608 10.7889 10.9984 10.4417 10.7889 10.2399 11.9827 11.6574 11.1018 10.799 11.6574 11.2608 10.799 10.4301 11.1018 10.799 9.6378 9.37405 10.799 10.4301 9.37405 9.05291 11.2608 10.7889 10.4301 9.99154 10.7889 10.2399 9.99154 9.48087 10.4301 9.99154 9.05291 8.67128 9.99154 9.48087 8.67128 8.22658 10.1698 10.1159 8.1019 8.06106 10.1159 10.0074 8.06106 7.97609 8.1019 8.06106 5.63254 5.60507 8.06106 7.97609 5.60507 5.54669 10.0074 9.84794 7.97609 7.84974 9.84794 9.6378 7.84974 7.68221 7.97609 7.84974 5.54669 5.45916 7.84974 7.68221 5.45916 5.34266 5.63254 5.60507 2.88713 2.8733 5.60507 5.54669 2.8733 2.84358 2.88713 2.8733 0 0 2.8733 2.84358 0 0 5.54669 5.45916 2.84358 2.7988 5.45916 5.34266 2.7988 2.73908 2.84358 2.7988 0 0 2.7988 2.73908 0 0 9.6378 9.37405 7.68221 7.47157 9.37405 9.05291 7.47157 7.21509 7.68221 7.47157 5.34266 5.19599 7.47157 7.21509 5.19599 5.01741 9.05291 8.67128 7.21509 6.91035 8.67128 8.22658 6.91035 6.55508 7.21509 6.91035 5.01741 4.80523 6.91035 6.55508 4.80523 4.55778 5.34266 5.19599 2.73908 2.66384 5.19599 5.01741 2.66384 2.57223 2.73908 2.66384 0 0 2.66384 2.57223 0 0 5.01741 4.80523 2.57223 2.46339 4.80523 4.55778 2.46339 2.33643 2.57223 2.46339 0 0 2.46339 2.33643 0 0 10.0428 9.4385 10.4417 9.80622 9.4385 8.75966 9.80622 9.08726 10.4417 9.80622 10.2399 9.61113 9.80622 9.08726 9.61113 8.8959 8.75966 7.99841 9.08726 8.27221 7.99841 7.1349 8.27221 7.33636 9.08726 8.27221 8.8959 8.07904 8.27221 7.33636 8.07904 7.13047 10.2399 9.61113 9.48087 8.89461 9.61113 8.8959 8.89461 8.22499 9.48087 8.89461 8.22658 7.71509 8.89461 8.22499 7.71509 7.12906 8.8959 8.07904 8.22499 7.45572 8.07904 7.13047 7.45572 6.55552 8.22499 7.45572 7.12906 6.45282 7.45572 6.55552 6.45282 5.65704 7.1349 6.13947 7.33636 6.22718 6.13947 4.90505 6.22718 4.86706 7.33636 6.22718 7.13047 5.99499 6.22718 4.86706 5.99499 4.57369 4.90505 3.44031 4.86706 2.98819 3.44031 0 2.98819 0 4.86706 2.98819 4.57369 2.63065 2.98819 0 2.63065 0 7.13047 5.99499 6.55552 5.4689 5.99499 4.57369 5.4689 4.09557 6.55552 5.4689 5.65704 4.69031 5.4689 4.09557 4.69031 3.46704 4.57369 2.63065 4.09557 2.27584 2.63065 0 2.27584 0 4.09557 2.27584 3.46704 1.88968 2.27584 0 1.88968 0 8.22658 7.71509 6.55508 6.14586 7.71509 7.12906 6.14586 5.67593 6.55508 6.14586 4.55778 4.27248 6.14586 5.67593 4.27248 3.94432 7.12906 6.45282 5.67593 5.13189 6.45282 5.65704 5.13189 4.48905 5.67593 5.13189 3.94432 3.56356 5.13189 4.48905 3.56356 3.11238 4.55778 4.27248 2.33643 2.18996 4.27248 3.94432 2.18996 2.02133 2.33643 2.18996 0 0 2.18996 2.02133 0 0 3.94432 3.56356 2.02133 1.82541 3.56356 3.11238 1.82541 1.59287 2.02133 1.82541 0 0 1.82541 1.59287 0 0 5.65704 4.69031 4.48905 3.70483 4.69031 3.46704 3.70483 2.71478 4.48905 3.70483 3.11238 2.56062 3.70483 2.71478 2.56062 1.86603 3.46704 1.88968 2.71478 1.46315 1.88968 0 1.46315 0 2.71478 1.46315 1.86603 0.999216 1.46315 0 0.999216 0 3.11238 2.56062 1.59287 1.30812 2.56062 1.86603 1.30812 0.950413 1.59287 1.30812 0 0 1.30812 0.950413 0 0 1.86603 0.999216 0.950413 0.507194 0.999216 0 0.507194 0 0.950413 0.507194 0 0 0.507194 0 0 0 
