# vtk DataFile Version 3.0
#This file was generated by the deal.II library on 2025/2/16 at 14:46:11
ASCII
DATASET UNSTRUCTURED_GRID

POINTS 4096 double
-5 -2 0
-4.6875 -2 0
-5 -1.875 0
-4.6875 -1.875 0
-4.6875 -2 0
-4.375 -2 0
-4.6875 -1.875 0
-4.375 -1.875 0
-5 -1.875 0
-4.6875 -1.875 0
-5 -1.75 0
-4.6875 -1.75 0
-4.6875 -1.875 0
-4.375 -1.875 0
-4.6875 -1.75 0
-4.375 -1.75 0
-4.375 -2 0
-4.0625 -2 0
-4.375 -1.875 0
-4.0625 -1.875 0
-4.0625 -2 0
-3.75 -2 0
-4.0625 -1.875 0
-3.75 -1.875 0
-4.375 -1.875 0
-4.0625 -1.875 0
-4.375 -1.75 0
-4.0625 -1.75 0
-4.0625 -1.875 0
-3.75 -1.875 0
-4.0625 -1.75 0
-3.75 -1.75 0
-5 -1.75 0
-4.6875 -1.75 0
-5 -1.625 0
-4.6875 -1.625 0
-4.6875 -1.75 0
-4.375 -1.75 0
-4.6875 -1.625 0
-4.375 -1.625 0
-5 -1.625 0
-4.6875 -1.625 0
-5 -1.5 0
-4.6875 -1.5 0
-4.6875 -1.625 0
-4.375 -1.625 0
-4.6875 -1.5 0
-4.375 -1.5 0
-4.375 -1.75 0
-4.0625 -1.75 0
-4.375 -1.625 0
-4.0625 -1.625 0
-4.0625 -1.75 0
-3.75 -1.75 0
-4.0625 -1.625 0
-3.75 -1.625 0
-4.375 -1.625 0
-4.0625 -1.625 0
-4.375 -1.5 0
-4.0625 -1.5 0
-4.0625 -1.625 0
-3.75 -1.625 0
-4.0625 -1.5 0
-3.75 -1.5 0
-3.75 -2 0
-3.4375 -2 0
-3.75 -1.875 0
-3.4375 -1.875 0
-3.4375 -2 0
-3.125 -2 0
-3.4375 -1.875 0
-3.125 -1.875 0
-3.75 -1.875 0
-3.4375 -1.875 0
-3.75 -1.75 0
-3.4375 -1.75 0
-3.4375 -1.875 0
-3.125 -1.875 0
-3.4375 -1.75 0
-3.125 -1.75 0
-3.125 -2 0
-2.8125 -2 0
-3.125 -1.875 0
-2.8125 -1.875 0
-2.8125 -2 0
-2.5 -2 0
-2.8125 -1.875 0
-2.5 -1.875 0
-3.125 -1.875 0
-2.8125 -1.875 0
-3.125 -1.75 0
-2.8125 -1.75 0
-2.8125 -1.875 0
-2.5 -1.875 0
-2.8125 -1.75 0
-2.5 -1.75 0
-3.75 -1.75 0
-3.4375 -1.75 0
-3.75 -1.625 0
-3.4375 -1.625 0
-3.4375 -1.75 0
-3.125 -1.75 0
-3.4375 -1.625 0
-3.125 -1.625 0
-3.75 -1.625 0
-3.4375 -1.625 0
-3.75 -1.5 0
-3.4375 -1.5 0
-3.4375 -1.625 0
-3.125 -1.625 0
-3.4375 -1.5 0
-3.125 -1.5 0
-3.125 -1.75 0
-2.8125 -1.75 0
-3.125 -1.625 0
-2.8125 -1.625 0
-2.8125 -1.75 0
-2.5 -1.75 0
-2.8125 -1.625 0
-2.5 -1.625 0
-3.125 -1.625 0
-2.8125 -1.625 0
-3.125 -1.5 0
-2.8125 -1.5 0
-2.8125 -1.625 0
-2.5 -1.625 0
-2.8125 -1.5 0
-2.5 -1.5 0
-5 -1.5 0
-4.6875 -1.5 0
-5 -1.375 0
-4.6875 -1.375 0
-4.6875 -1.5 0
-4.375 -1.5 0
-4.6875 -1.375 0
-4.375 -1.375 0
-5 -1.375 0
-4.6875 -1.375 0
-5 -1.25 0
-4.6875 -1.25 0
-4.6875 -1.375 0
-4.375 -1.375 0
-4.6875 -1.25 0
-4.375 -1.25 0
-4.375 -1.5 0
-4.0625 -1.5 0
-4.375 -1.375 0
-4.0625 -1.375 0
-4.0625 -1.5 0
-3.75 -1.5 0
-4.0625 -1.375 0
-3.75 -1.375 0
-4.375 -1.375 0
-4.0625 -1.375 0
-4.375 -1.25 0
-4.0625 -1.25 0
-4.0625 -1.375 0
-3.75 -1.375 0
-4.0625 -1.25 0
-3.75 -1.25 0
-5 -1.25 0
-4.6875 -1.25 0
-5 -1.125 0
-4.6875 -1.125 0
-4.6875 -1.25 0
-4.375 -1.25 0
-4.6875 -1.125 0
-4.375 -1.125 0
-5 -1.125 0
-4.6875 -1.125 0
-5 -1 0
-4.6875 -1 0
-4.6875 -1.125 0
-4.375 -1.125 0
-4.6875 -1 0
-4.375 -1 0
-4.375 -1.25 0
-4.0625 -1.25 0
-4.375 -1.125 0
-4.0625 -1.125 0
-4.0625 -1.25 0
-3.75 -1.25 0
-4.0625 -1.125 0
-3.75 -1.125 0
-4.375 -1.125 0
-4.0625 -1.125 0
-4.375 -1 0
-4.0625 -1 0
-4.0625 -1.125 0
-3.75 -1.125 0
-4.0625 -1 0
-3.75 -1 0
-3.75 -1.5 0
-3.4375 -1.5 0
-3.75 -1.375 0
-3.4375 -1.375 0
-3.4375 -1.5 0
-3.125 -1.5 0
-3.4375 -1.375 0
-3.125 -1.375 0
-3.75 -1.375 0
-3.4375 -1.375 0
-3.75 -1.25 0
-3.4375 -1.25 0
-3.4375 -1.375 0
-3.125 -1.375 0
-3.4375 -1.25 0
-3.125 -1.25 0
-3.125 -1.5 0
-2.8125 -1.5 0
-3.125 -1.375 0
-2.8125 -1.375 0
-2.8125 -1.5 0
-2.5 -1.5 0
-2.8125 -1.375 0
-2.5 -1.375 0
-3.125 -1.375 0
-2.8125 -1.375 0
-3.125 -1.25 0
-2.8125 -1.25 0
-2.8125 -1.375 0
-2.5 -1.375 0
-2.8125 -1.25 0
-2.5 -1.25 0
-3.75 -1.25 0
-3.4375 -1.25 0
-3.75 -1.125 0
-3.4375 -1.125 0
-3.4375 -1.25 0
-3.125 -1.25 0
-3.4375 -1.125 0
-3.125 -1.125 0
-3.75 -1.125 0
-3.4375 -1.125 0
-3.75 -1 0
-3.4375 -1 0
-3.4375 -1.125 0
-3.125 -1.125 0
-3.4375 -1 0
-3.125 -1 0
-3.125 -1.25 0
-2.8125 -1.25 0
-3.125 -1.125 0
-2.8125 -1.125 0
-2.8125 -1.25 0
-2.5 -1.25 0
-2.8125 -1.125 0
-2.5 -1.125 0
-3.125 -1.125 0
-2.8125 -1.125 0
-3.125 -1 0
-2.8125 -1 0
-2.8125 -1.125 0
-2.5 -1.125 0
-2.8125 -1 0
-2.5 -1 0
-2.5 -2 0
-2.1875 -2 0
-2.5 -1.875 0
-2.1875 -1.875 0
-2.1875 -2 0
-1.875 -2 0
-2.1875 -1.875 0
-1.875 -1.875 0
-2.5 -1.875 0
-2.1875 -1.875 0
-2.5 -1.75 0
-2.1875 -1.75 0
-2.1875 -1.875 0
-1.875 -1.875 0
-2.1875 -1.75 0
-1.875 -1.75 0
-1.875 -2 0
-1.5625 -2 0
-1.875 -1.875 0
-1.5625 -1.875 0
-1.5625 -2 0
-1.25 -2 0
-1.5625 -1.875 0
-1.25 -1.875 0
-1.875 -1.875 0
-1.5625 -1.875 0
-1.875 -1.75 0
-1.5625 -1.75 0
-1.5625 -1.875 0
-1.25 -1.875 0
-1.5625 -1.75 0
-1.25 -1.75 0
-2.5 -1.75 0
-2.1875 -1.75 0
-2.5 -1.625 0
-2.1875 -1.625 0
-2.1875 -1.75 0
-1.875 -1.75 0
-2.1875 -1.625 0
-1.875 -1.625 0
-2.5 -1.625 0
-2.1875 -1.625 0
-2.5 -1.5 0
-2.1875 -1.5 0
-2.1875 -1.625 0
-1.875 -1.625 0
-2.1875 -1.5 0
-1.875 -1.5 0
-1.875 -1.75 0
-1.5625 -1.75 0
-1.875 -1.625 0
-1.5625 -1.625 0
-1.5625 -1.75 0
-1.25 -1.75 0
-1.5625 -1.625 0
-1.25 -1.625 0
-1.875 -1.625 0
-1.5625 -1.625 0
-1.875 -1.5 0
-1.5625 -1.5 0
-1.5625 -1.625 0
-1.25 -1.625 0
-1.5625 -1.5 0
-1.25 -1.5 0
-1.25 -2 0
-0.9375 -2 0
-1.25 -1.875 0
-0.9375 -1.875 0
-0.9375 -2 0
-0.625 -2 0
-0.9375 -1.875 0
-0.625 -1.875 0
-1.25 -1.875 0
-0.9375 -1.875 0
-1.25 -1.75 0
-0.9375 -1.75 0
-0.9375 -1.875 0
-0.625 -1.875 0
-0.9375 -1.75 0
-0.625 -1.75 0
-0.625 -2 0
-0.3125 -2 0
-0.625 -1.875 0
-0.3125 -1.875 0
-0.3125 -2 0
0 -2 0
-0.3125 -1.875 0
0 -1.875 0
-0.625 -1.875 0
-0.3125 -1.875 0
-0.625 -1.75 0
-0.3125 -1.75 0
-0.3125 -1.875 0
0 -1.875 0
-0.3125 -1.75 0
0 -1.75 0
-1.25 -1.75 0
-0.9375 -1.75 0
-1.25 -1.625 0
-0.9375 -1.625 0
-0.9375 -1.75 0
-0.625 -1.75 0
-0.9375 -1.625 0
-0.625 -1.625 0
-1.25 -1.625 0
-0.9375 -1.625 0
-1.25 -1.5 0
-0.9375 -1.5 0
-0.9375 -1.625 0
-0.625 -1.625 0
-0.9375 -1.5 0
-0.625 -1.5 0
-0.625 -1.75 0
-0.3125 -1.75 0
-0.625 -1.625 0
-0.3125 -1.625 0
-0.3125 -1.75 0
0 -1.75 0
-0.3125 -1.625 0
0 -1.625 0
-0.625 -1.625 0
-0.3125 -1.625 0
-0.625 -1.5 0
-0.3125 -1.5 0
-0.3125 -1.625 0
0 -1.625 0
-0.3125 -1.5 0
0 -1.5 0
-2.5 -1.5 0
-2.1875 -1.5 0
-2.5 -1.375 0
-2.1875 -1.375 0
-2.1875 -1.5 0
-1.875 -1.5 0
-2.1875 -1.375 0
-1.875 -1.375 0
-2.5 -1.375 0
-2.1875 -1.375 0
-2.5 -1.25 0
-2.1875 -1.25 0
-2.1875 -1.375 0
-1.875 -1.375 0
-2.1875 -1.25 0
-1.875 -1.25 0
-1.875 -1.5 0
-1.5625 -1.5 0
-1.875 -1.375 0
-1.5625 -1.375 0
-1.5625 -1.5 0
-1.25 -1.5 0
-1.5625 -1.375 0
-1.25 -1.375 0
-1.875 -1.375 0
-1.5625 -1.375 0
-1.875 -1.25 0
-1.5625 -1.25 0
-1.5625 -1.375 0
-1.25 -1.375 0
-1.5625 -1.25 0
-1.25 -1.25 0
-2.5 -1.25 0
-2.1875 -1.25 0
-2.5 -1.125 0
-2.1875 -1.125 0
-2.1875 -1.25 0
-1.875 -1.25 0
-2.1875 -1.125 0
-1.875 -1.125 0
-2.5 -1.125 0
-2.1875 -1.125 0
-2.5 -1 0
-2.1875 -1 0
-2.1875 -1.125 0
-1.875 -1.125 0
-2.1875 -1 0
-1.875 -1 0
-1.875 -1.25 0
-1.5625 -1.25 0
-1.875 -1.125 0
-1.5625 -1.125 0
-1.5625 -1.25 0
-1.25 -1.25 0
-1.5625 -1.125 0
-1.25 -1.125 0
-1.875 -1.125 0
-1.5625 -1.125 0
-1.875 -1 0
-1.5625 -1 0
-1.5625 -1.125 0
-1.25 -1.125 0
-1.5625 -1 0
-1.25 -1 0
-1.25 -1.5 0
-0.9375 -1.5 0
-1.25 -1.375 0
-0.9375 -1.375 0
-0.9375 -1.5 0
-0.625 -1.5 0
-0.9375 -1.375 0
-0.625 -1.375 0
-1.25 -1.375 0
-0.9375 -1.375 0
-1.25 -1.25 0
-0.9375 -1.25 0
-0.9375 -1.375 0
-0.625 -1.375 0
-0.9375 -1.25 0
-0.625 -1.25 0
-0.625 -1.5 0
-0.3125 -1.5 0
-0.625 -1.375 0
-0.3125 -1.375 0
-0.3125 -1.5 0
0 -1.5 0
-0.3125 -1.375 0
0 -1.375 0
-0.625 -1.375 0
-0.3125 -1.375 0
-0.625 -1.25 0
-0.3125 -1.25 0
-0.3125 -1.375 0
0 -1.375 0
-0.3125 -1.25 0
0 -1.25 0
-1.25 -1.25 0
-0.9375 -1.25 0
-1.25 -1.125 0
-0.9375 -1.125 0
-0.9375 -1.25 0
-0.625 -1.25 0
-0.9375 -1.125 0
-0.625 -1.125 0
-1.25 -1.125 0
-0.9375 -1.125 0
-1.25 -1 0
-0.9375 -1 0
-0.9375 -1.125 0
-0.625 -1.125 0
-0.9375 -1 0
-0.625 -1 0
-0.625 -1.25 0
-0.3125 -1.25 0
-0.625 -1.125 0
-0.3125 -1.125 0
-0.3125 -1.25 0
0 -1.25 0
-0.3125 -1.125 0
0 -1.125 0
-0.625 -1.125 0
-0.3125 -1.125 0
-0.625 -1 0
-0.3125 -1 0
-0.3125 -1.125 0
0 -1.125 0
-0.3125 -1 0
0 -1 0
0 -2 0
0.3125 -2 0
0 -1.875 0
0.3125 -1.875 0
0.3125 -2 0
0.625 -2 0
0.3125 -1.875 0
0.625 -1.875 0
0 -1.875 0
0.3125 -1.875 0
0 -1.75 0
0.3125 -1.75 0
0.3125 -1.875 0
0.625 -1.875 0
0.3125 -1.75 0
0.625 -1.75 0
0.625 -2 0
0.9375 -2 0
0.625 -1.875 0
0.9375 -1.875 0
0.9375 -2 0
1.25 -2 0
0.9375 -1.875 0
1.25 -1.875 0
0.625 -1.875 0
0.9375 -1.875 0
0.625 -1.75 0
0.9375 -1.75 0
0.9375 -1.875 0
1.25 -1.875 0
0.9375 -1.75 0
1.25 -1.75 0
0 -1.75 0
0.3125 -1.75 0
0 -1.625 0
0.3125 -1.625 0
0.3125 -1.75 0
0.625 -1.75 0
0.3125 -1.625 0
0.625 -1.625 0
0 -1.625 0
0.3125 -1.625 0
0 -1.5 0
0.3125 -1.5 0
0.3125 -1.625 0
0.625 -1.625 0
0.3125 -1.5 0
0.625 -1.5 0
0.625 -1.75 0
0.9375 -1.75 0
0.625 -1.625 0
0.9375 -1.625 0
0.9375 -1.75 0
1.25 -1.75 0
0.9375 -1.625 0
1.25 -1.625 0
0.625 -1.625 0
0.9375 -1.625 0
0.625 -1.5 0
0.9375 -1.5 0
0.9375 -1.625 0
1.25 -1.625 0
0.9375 -1.5 0
1.25 -1.5 0
1.25 -2 0
1.5625 -2 0
1.25 -1.875 0
1.5625 -1.875 0
1.5625 -2 0
1.875 -2 0
1.5625 -1.875 0
1.875 -1.875 0
1.25 -1.875 0
1.5625 -1.875 0
1.25 -1.75 0
1.5625 -1.75 0
1.5625 -1.875 0
1.875 -1.875 0
1.5625 -1.75 0
1.875 -1.75 0
1.875 -2 0
2.1875 -2 0
1.875 -1.875 0
2.1875 -1.875 0
2.1875 -2 0
2.5 -2 0
2.1875 -1.875 0
2.5 -1.875 0
1.875 -1.875 0
2.1875 -1.875 0
1.875 -1.75 0
2.1875 -1.75 0
2.1875 -1.875 0
2.5 -1.875 0
2.1875 -1.75 0
2.5 -1.75 0
1.25 -1.75 0
1.5625 -1.75 0
1.25 -1.625 0
1.5625 -1.625 0
1.5625 -1.75 0
1.875 -1.75 0
1.5625 -1.625 0
1.875 -1.625 0
1.25 -1.625 0
1.5625 -1.625 0
1.25 -1.5 0
1.5625 -1.5 0
1.5625 -1.625 0
1.875 -1.625 0
1.5625 -1.5 0
1.875 -1.5 0
1.875 -1.75 0
2.1875 -1.75 0
1.875 -1.625 0
2.1875 -1.625 0
2.1875 -1.75 0
2.5 -1.75 0
2.1875 -1.625 0
2.5 -1.625 0
1.875 -1.625 0
2.1875 -1.625 0
1.875 -1.5 0
2.1875 -1.5 0
2.1875 -1.625 0
2.5 -1.625 0
2.1875 -1.5 0
2.5 -1.5 0
0 -1.5 0
0.3125 -1.5 0
0 -1.375 0
0.3125 -1.375 0
0.3125 -1.5 0
0.625 -1.5 0
0.3125 -1.375 0
0.625 -1.375 0
0 -1.375 0
0.3125 -1.375 0
0 -1.25 0
0.3125 -1.25 0
0.3125 -1.375 0
0.625 -1.375 0
0.3125 -1.25 0
0.625 -1.25 0
0.625 -1.5 0
0.9375 -1.5 0
0.625 -1.375 0
0.9375 -1.375 0
0.9375 -1.5 0
1.25 -1.5 0
0.9375 -1.375 0
1.25 -1.375 0
0.625 -1.375 0
0.9375 -1.375 0
0.625 -1.25 0
0.9375 -1.25 0
0.9375 -1.375 0
1.25 -1.375 0
0.9375 -1.25 0
1.25 -1.25 0
0 -1.25 0
0.3125 -1.25 0
0 -1.125 0
0.3125 -1.125 0
0.3125 -1.25 0
0.625 -1.25 0
0.3125 -1.125 0
0.625 -1.125 0
0 -1.125 0
0.3125 -1.125 0
0 -1 0
0.3125 -1 0
0.3125 -1.125 0
0.625 -1.125 0
0.3125 -1 0
0.625 -1 0
0.625 -1.25 0
0.9375 -1.25 0
0.625 -1.125 0
0.9375 -1.125 0
0.9375 -1.25 0
1.25 -1.25 0
0.9375 -1.125 0
1.25 -1.125 0
0.625 -1.125 0
0.9375 -1.125 0
0.625 -1 0
0.9375 -1 0
0.9375 -1.125 0
1.25 -1.125 0
0.9375 -1 0
1.25 -1 0
1.25 -1.5 0
1.5625 -1.5 0
1.25 -1.375 0
1.5625 -1.375 0
1.5625 -1.5 0
1.875 -1.5 0
1.5625 -1.375 0
1.875 -1.375 0
1.25 -1.375 0
1.5625 -1.375 0
1.25 -1.25 0
1.5625 -1.25 0
1.5625 -1.375 0
1.875 -1.375 0
1.5625 -1.25 0
1.875 -1.25 0
1.875 -1.5 0
2.1875 -1.5 0
1.875 -1.375 0
2.1875 -1.375 0
2.1875 -1.5 0
2.5 -1.5 0
2.1875 -1.375 0
2.5 -1.375 0
1.875 -1.375 0
2.1875 -1.375 0
1.875 -1.25 0
2.1875 -1.25 0
2.1875 -1.375 0
2.5 -1.375 0
2.1875 -1.25 0
2.5 -1.25 0
1.25 -1.25 0
1.5625 -1.25 0
1.25 -1.125 0
1.5625 -1.125 0
1.5625 -1.25 0
1.875 -1.25 0
1.5625 -1.125 0
1.875 -1.125 0
1.25 -1.125 0
1.5625 -1.125 0
1.25 -1 0
1.5625 -1 0
1.5625 -1.125 0
1.875 -1.125 0
1.5625 -1 0
1.875 -1 0
1.875 -1.25 0
2.1875 -1.25 0
1.875 -1.125 0
2.1875 -1.125 0
2.1875 -1.25 0
2.5 -1.25 0
2.1875 -1.125 0
2.5 -1.125 0
1.875 -1.125 0
2.1875 -1.125 0
1.875 -1 0
2.1875 -1 0
2.1875 -1.125 0
2.5 -1.125 0
2.1875 -1 0
2.5 -1 0
2.5 -2 0
2.8125 -2 0
2.5 -1.875 0
2.8125 -1.875 0
2.8125 -2 0
3.125 -2 0
2.8125 -1.875 0
3.125 -1.875 0
2.5 -1.875 0
2.8125 -1.875 0
2.5 -1.75 0
2.8125 -1.75 0
2.8125 -1.875 0
3.125 -1.875 0
2.8125 -1.75 0
3.125 -1.75 0
3.125 -2 0
3.4375 -2 0
3.125 -1.875 0
3.4375 -1.875 0
3.4375 -2 0
3.75 -2 0
3.4375 -1.875 0
3.75 -1.875 0
3.125 -1.875 0
3.4375 -1.875 0
3.125 -1.75 0
3.4375 -1.75 0
3.4375 -1.875 0
3.75 -1.875 0
3.4375 -1.75 0
3.75 -1.75 0
2.5 -1.75 0
2.8125 -1.75 0
2.5 -1.625 0
2.8125 -1.625 0
2.8125 -1.75 0
3.125 -1.75 0
2.8125 -1.625 0
3.125 -1.625 0
2.5 -1.625 0
2.8125 -1.625 0
2.5 -1.5 0
2.8125 -1.5 0
2.8125 -1.625 0
3.125 -1.625 0
2.8125 -1.5 0
3.125 -1.5 0
3.125 -1.75 0
3.4375 -1.75 0
3.125 -1.625 0
3.4375 -1.625 0
3.4375 -1.75 0
3.75 -1.75 0
3.4375 -1.625 0
3.75 -1.625 0
3.125 -1.625 0
3.4375 -1.625 0
3.125 -1.5 0
3.4375 -1.5 0
3.4375 -1.625 0
3.75 -1.625 0
3.4375 -1.5 0
3.75 -1.5 0
3.75 -2 0
4.0625 -2 0
3.75 -1.875 0
4.0625 -1.875 0
4.0625 -2 0
4.375 -2 0
4.0625 -1.875 0
4.375 -1.875 0
3.75 -1.875 0
4.0625 -1.875 0
3.75 -1.75 0
4.0625 -1.75 0
4.0625 -1.875 0
4.375 -1.875 0
4.0625 -1.75 0
4.375 -1.75 0
4.375 -2 0
4.6875 -2 0
4.375 -1.875 0
4.6875 -1.875 0
4.6875 -2 0
5 -2 0
4.6875 -1.875 0
5 -1.875 0
4.375 -1.875 0
4.6875 -1.875 0
4.375 -1.75 0
4.6875 -1.75 0
4.6875 -1.875 0
5 -1.875 0
4.6875 -1.75 0
5 -1.75 0
3.75 -1.75 0
4.0625 -1.75 0
3.75 -1.625 0
4.0625 -1.625 0
4.0625 -1.75 0
4.375 -1.75 0
4.0625 -1.625 0
4.375 -1.625 0
3.75 -1.625 0
4.0625 -1.625 0
3.75 -1.5 0
4.0625 -1.5 0
4.0625 -1.625 0
4.375 -1.625 0
4.0625 -1.5 0
4.375 -1.5 0
4.375 -1.75 0
4.6875 -1.75 0
4.375 -1.625 0
4.6875 -1.625 0
4.6875 -1.75 0
5 -1.75 0
4.6875 -1.625 0
5 -1.625 0
4.375 -1.625 0
4.6875 -1.625 0
4.375 -1.5 0
4.6875 -1.5 0
4.6875 -1.625 0
5 -1.625 0
4.6875 -1.5 0
5 -1.5 0
2.5 -1.5 0
2.8125 -1.5 0
2.5 -1.375 0
2.8125 -1.375 0
2.8125 -1.5 0
3.125 -1.5 0
2.8125 -1.375 0
3.125 -1.375 0
2.5 -1.375 0
2.8125 -1.375 0
2.5 -1.25 0
2.8125 -1.25 0
2.8125 -1.375 0
3.125 -1.375 0
2.8125 -1.25 0
3.125 -1.25 0
3.125 -1.5 0
3.4375 -1.5 0
3.125 -1.375 0
3.4375 -1.375 0
3.4375 -1.5 0
3.75 -1.5 0
3.4375 -1.375 0
3.75 -1.375 0
3.125 -1.375 0
3.4375 -1.375 0
3.125 -1.25 0
3.4375 -1.25 0
3.4375 -1.375 0
3.75 -1.375 0
3.4375 -1.25 0
3.75 -1.25 0
2.5 -1.25 0
2.8125 -1.25 0
2.5 -1.125 0
2.8125 -1.125 0
2.8125 -1.25 0
3.125 -1.25 0
2.8125 -1.125 0
3.125 -1.125 0
2.5 -1.125 0
2.8125 -1.125 0
2.5 -1 0
2.8125 -1 0
2.8125 -1.125 0
3.125 -1.125 0
2.8125 -1 0
3.125 -1 0
3.125 -1.25 0
3.4375 -1.25 0
3.125 -1.125 0
3.4375 -1.125 0
3.4375 -1.25 0
3.75 -1.25 0
3.4375 -1.125 0
3.75 -1.125 0
3.125 -1.125 0
3.4375 -1.125 0
3.125 -1 0
3.4375 -1 0
3.4375 -1.125 0
3.75 -1.125 0
3.4375 -1 0
3.75 -1 0
3.75 -1.5 0
4.0625 -1.5 0
3.75 -1.375 0
4.0625 -1.375 0
4.0625 -1.5 0
4.375 -1.5 0
4.0625 -1.375 0
4.375 -1.375 0
3.75 -1.375 0
4.0625 -1.375 0
3.75 -1.25 0
4.0625 -1.25 0
4.0625 -1.375 0
4.375 -1.375 0
4.0625 -1.25 0
4.375 -1.25 0
4.375 -1.5 0
4.6875 -1.5 0
4.375 -1.375 0
4.6875 -1.375 0
4.6875 -1.5 0
5 -1.5 0
4.6875 -1.375 0
5 -1.375 0
4.375 -1.375 0
4.6875 -1.375 0
4.375 -1.25 0
4.6875 -1.25 0
4.6875 -1.375 0
5 -1.375 0
4.6875 -1.25 0
5 -1.25 0
3.75 -1.25 0
4.0625 -1.25 0
3.75 -1.125 0
4.0625 -1.125 0
4.0625 -1.25 0
4.375 -1.25 0
4.0625 -1.125 0
4.375 -1.125 0
3.75 -1.125 0
4.0625 -1.125 0
3.75 -1 0
4.0625 -1 0
4.0625 -1.125 0
4.375 -1.125 0
4.0625 -1 0
4.375 -1 0
4.375 -1.25 0
4.6875 -1.25 0
4.375 -1.125 0
4.6875 -1.125 0
4.6875 -1.25 0
5 -1.25 0
4.6875 -1.125 0
5 -1.125 0
4.375 -1.125 0
4.6875 -1.125 0
4.375 -1 0
4.6875 -1 0
4.6875 -1.125 0
5 -1.125 0
4.6875 -1 0
5 -1 0
-5 -1 0
-4.6875 -1 0
-5 -0.875 0
-4.6875 -0.875 0
-4.6875 -1 0
-4.375 -1 0
-4.6875 -0.875 0
-4.375 -0.875 0
-5 -0.875 0
-4.6875 -0.875 0
-5 -0.75 0
-4.6875 -0.75 0
-4.6875 -0.875 0
-4.375 -0.875 0
-4.6875 -0.75 0
-4.375 -0.75 0
-4.375 -1 0
-4.0625 -1 0
-4.375 -0.875 0
-4.0625 -0.875 0
-4.0625 -1 0
-3.75 -1 0
-4.0625 -0.875 0
-3.75 -0.875 0
-4.375 -0.875 0
-4.0625 -0.875 0
-4.375 -0.75 0
-4.0625 -0.75 0
-4.0625 -0.875 0
-3.75 -0.875 0
-4.0625 -0.75 0
-3.75 -0.75 0
-5 -0.75 0
-4.6875 -0.75 0
-5 -0.625 0
-4.6875 -0.625 0
-4.6875 -0.75 0
-4.375 -0.75 0
-4.6875 -0.625 0
-4.375 -0.625 0
-5 -0.625 0
-4.6875 -0.625 0
-5 -0.5 0
-4.6875 -0.5 0
-4.6875 -0.625 0
-4.375 -0.625 0
-4.6875 -0.5 0
-4.375 -0.5 0
-4.375 -0.75 0
-4.0625 -0.75 0
-4.375 -0.625 0
-4.0625 -0.625 0
-4.0625 -0.75 0
-3.75 -0.75 0
-4.0625 -0.625 0
-3.75 -0.625 0
-4.375 -0.625 0
-4.0625 -0.625 0
-4.375 -0.5 0
-4.0625 -0.5 0
-4.0625 -0.625 0
-3.75 -0.625 0
-4.0625 -0.5 0
-3.75 -0.5 0
-3.75 -1 0
-3.4375 -1 0
-3.75 -0.875 0
-3.4375 -0.875 0
-3.4375 -1 0
-3.125 -1 0
-3.4375 -0.875 0
-3.125 -0.875 0
-3.75 -0.875 0
-3.4375 -0.875 0
-3.75 -0.75 0
-3.4375 -0.75 0
-3.4375 -0.875 0
-3.125 -0.875 0
-3.4375 -0.75 0
-3.125 -0.75 0
-3.125 -1 0
-2.8125 -1 0
-3.125 -0.875 0
-2.8125 -0.875 0
-2.8125 -1 0
-2.5 -1 0
-2.8125 -0.875 0
-2.5 -0.875 0
-3.125 -0.875 0
-2.8125 -0.875 0
-3.125 -0.75 0
-2.8125 -0.75 0
-2.8125 -0.875 0
-2.5 -0.875 0
-2.8125 -0.75 0
-2.5 -0.75 0
-3.75 -0.75 0
-3.4375 -0.75 0
-3.75 -0.625 0
-3.4375 -0.625 0
-3.4375 -0.75 0
-3.125 -0.75 0
-3.4375 -0.625 0
-3.125 -0.625 0
-3.75 -0.625 0
-3.4375 -0.625 0
-3.75 -0.5 0
-3.4375 -0.5 0
-3.4375 -0.625 0
-3.125 -0.625 0
-3.4375 -0.5 0
-3.125 -0.5 0
-3.125 -0.75 0
-2.8125 -0.75 0
-3.125 -0.625 0
-2.8125 -0.625 0
-2.8125 -0.75 0
-2.5 -0.75 0
-2.8125 -0.625 0
-2.5 -0.625 0
-3.125 -0.625 0
-2.8125 -0.625 0
-3.125 -0.5 0
-2.8125 -0.5 0
-2.8125 -0.625 0
-2.5 -0.625 0
-2.8125 -0.5 0
-2.5 -0.5 0
-5 -0.5 0
-4.6875 -0.5 0
-5 -0.375 0
-4.6875 -0.375 0
-4.6875 -0.5 0
-4.375 -0.5 0
-4.6875 -0.375 0
-4.375 -0.375 0
-5 -0.375 0
-4.6875 -0.375 0
-5 -0.25 0
-4.6875 -0.25 0
-4.6875 -0.375 0
-4.375 -0.375 0
-4.6875 -0.25 0
-4.375 -0.25 0
-4.375 -0.5 0
-4.0625 -0.5 0
-4.375 -0.375 0
-4.0625 -0.375 0
-4.0625 -0.5 0
-3.75 -0.5 0
-4.0625 -0.375 0
-3.75 -0.375 0
-4.375 -0.375 0
-4.0625 -0.375 0
-4.375 -0.25 0
-4.0625 -0.25 0
-4.0625 -0.375 0
-3.75 -0.375 0
-4.0625 -0.25 0
-3.75 -0.25 0
-5 -0.25 0
-4.6875 -0.25 0
-5 -0.125 0
-4.6875 -0.125 0
-4.6875 -0.25 0
-4.375 -0.25 0
-4.6875 -0.125 0
-4.375 -0.125 0
-5 -0.125 0
-4.6875 -0.125 0
-5 0 0
-4.6875 0 0
-4.6875 -0.125 0
-4.375 -0.125 0
-4.6875 0 0
-4.375 0 0
-4.375 -0.25 0
-4.0625 -0.25 0
-4.375 -0.125 0
-4.0625 -0.125 0
-4.0625 -0.25 0
-3.75 -0.25 0
-4.0625 -0.125 0
-3.75 -0.125 0
-4.375 -0.125 0
-4.0625 -0.125 0
-4.375 0 0
-4.0625 0 0
-4.0625 -0.125 0
-3.75 -0.125 0
-4.0625 0 0
-3.75 0 0
-3.75 -0.5 0
-3.4375 -0.5 0
-3.75 -0.375 0
-3.4375 -0.375 0
-3.4375 -0.5 0
-3.125 -0.5 0
-3.4375 -0.375 0
-3.125 -0.375 0
-3.75 -0.375 0
-3.4375 -0.375 0
-3.75 -0.25 0
-3.4375 -0.25 0
-3.4375 -0.375 0
-3.125 -0.375 0
-3.4375 -0.25 0
-3.125 -0.25 0
-3.125 -0.5 0
-2.8125 -0.5 0
-3.125 -0.375 0
-2.8125 -0.375 0
-2.8125 -0.5 0
-2.5 -0.5 0
-2.8125 -0.375 0
-2.5 -0.375 0
-3.125 -0.375 0
-2.8125 -0.375 0
-3.125 -0.25 0
-2.8125 -0.25 0
-2.8125 -0.375 0
-2.5 -0.375 0
-2.8125 -0.25 0
-2.5 -0.25 0
-3.75 -0.25 0
-3.4375 -0.25 0
-3.75 -0.125 0
-3.4375 -0.125 0
-3.4375 -0.25 0
-3.125 -0.25 0
-3.4375 -0.125 0
-3.125 -0.125 0
-3.75 -0.125 0
-3.4375 -0.125 0
-3.75 0 0
-3.4375 0 0
-3.4375 -0.125 0
-3.125 -0.125 0
-3.4375 0 0
-3.125 0 0
-3.125 -0.25 0
-2.8125 -0.25 0
-3.125 -0.125 0
-2.8125 -0.125 0
-2.8125 -0.25 0
-2.5 -0.25 0
-2.8125 -0.125 0
-2.5 -0.125 0
-3.125 -0.125 0
-2.8125 -0.125 0
-3.125 0 0
-2.8125 0 0
-2.8125 -0.125 0
-2.5 -0.125 0
-2.8125 0 0
-2.5 0 0
-2.5 -1 0
-2.1875 -1 0
-2.5 -0.875 0
-2.1875 -0.875 0
-2.1875 -1 0
-1.875 -1 0
-2.1875 -0.875 0
-1.875 -0.875 0
-2.5 -0.875 0
-2.1875 -0.875 0
-2.5 -0.75 0
-2.1875 -0.75 0
-2.1875 -0.875 0
-1.875 -0.875 0
-2.1875 -0.75 0
-1.875 -0.75 0
-1.875 -1 0
-1.5625 -1 0
-1.875 -0.875 0
-1.5625 -0.875 0
-1.5625 -1 0
-1.25 -1 0
-1.5625 -0.875 0
-1.25 -0.875 0
-1.875 -0.875 0
-1.5625 -0.875 0
-1.875 -0.75 0
-1.5625 -0.75 0
-1.5625 -0.875 0
-1.25 -0.875 0
-1.5625 -0.75 0
-1.25 -0.75 0
-2.5 -0.75 0
-2.1875 -0.75 0
-2.5 -0.625 0
-2.1875 -0.625 0
-2.1875 -0.75 0
-1.875 -0.75 0
-2.1875 -0.625 0
-1.875 -0.625 0
-2.5 -0.625 0
-2.1875 -0.625 0
-2.5 -0.5 0
-2.1875 -0.5 0
-2.1875 -0.625 0
-1.875 -0.625 0
-2.1875 -0.5 0
-1.875 -0.5 0
-1.875 -0.75 0
-1.5625 -0.75 0
-1.875 -0.625 0
-1.5625 -0.625 0
-1.5625 -0.75 0
-1.25 -0.75 0
-1.5625 -0.625 0
-1.25 -0.625 0
-1.875 -0.625 0
-1.5625 -0.625 0
-1.875 -0.5 0
-1.5625 -0.5 0
-1.5625 -0.625 0
-1.25 -0.625 0
-1.5625 -0.5 0
-1.25 -0.5 0
-1.25 -1 0
-0.9375 -1 0
-1.25 -0.875 0
-0.9375 -0.875 0
-0.9375 -1 0
-0.625 -1 0
-0.9375 -0.875 0
-0.625 -0.875 0
-1.25 -0.875 0
-0.9375 -0.875 0
-1.25 -0.75 0
-0.9375 -0.75 0
-0.9375 -0.875 0
-0.625 -0.875 0
-0.9375 -0.75 0
-0.625 -0.75 0
-0.625 -1 0
-0.3125 -1 0
-0.625 -0.875 0
-0.3125 -0.875 0
-0.3125 -1 0
0 -1 0
-0.3125 -0.875 0
0 -0.875 0
-0.625 -0.875 0
-0.3125 -0.875 0
-0.625 -0.75 0
-0.3125 -0.75 0
-0.3125 -0.875 0
0 -0.875 0
-0.3125 -0.75 0
0 -0.75 0
-1.25 -0.75 0
-0.9375 -0.75 0
-1.25 -0.625 0
-0.9375 -0.625 0
-0.9375 -0.75 0
-0.625 -0.75 0
-0.9375 -0.625 0
-0.625 -0.625 0
-1.25 -0.625 0
-0.9375 -0.625 0
-1.25 -0.5 0
-0.9375 -0.5 0
-0.9375 -0.625 0
-0.625 -0.625 0
-0.9375 -0.5 0
-0.625 -0.5 0
-0.625 -0.75 0
-0.3125 -0.75 0
-0.625 -0.625 0
-0.3125 -0.625 0
-0.3125 -0.75 0
0 -0.75 0
-0.3125 -0.625 0
0 -0.625 0
-0.625 -0.625 0
-0.3125 -0.625 0
-0.625 -0.5 0
-0.3125 -0.5 0
-0.3125 -0.625 0
0 -0.625 0
-0.3125 -0.5 0
0 -0.5 0
-2.5 -0.5 0
-2.1875 -0.5 0
-2.5 -0.375 0
-2.1875 -0.375 0
-2.1875 -0.5 0
-1.875 -0.5 0
-2.1875 -0.375 0
-1.875 -0.375 0
-2.5 -0.375 0
-2.1875 -0.375 0
-2.5 -0.25 0
-2.1875 -0.25 0
-2.1875 -0.375 0
-1.875 -0.375 0
-2.1875 -0.25 0
-1.875 -0.25 0
-1.875 -0.5 0
-1.5625 -0.5 0
-1.875 -0.375 0
-1.5625 -0.375 0
-1.5625 -0.5 0
-1.25 -0.5 0
-1.5625 -0.375 0
-1.25 -0.375 0
-1.875 -0.375 0
-1.5625 -0.375 0
-1.875 -0.25 0
-1.5625 -0.25 0
-1.5625 -0.375 0
-1.25 -0.375 0
-1.5625 -0.25 0
-1.25 -0.25 0
-2.5 -0.25 0
-2.1875 -0.25 0
-2.5 -0.125 0
-2.1875 -0.125 0
-2.1875 -0.25 0
-1.875 -0.25 0
-2.1875 -0.125 0
-1.875 -0.125 0
-2.5 -0.125 0
-2.1875 -0.125 0
-2.5 0 0
-2.1875 0 0
-2.1875 -0.125 0
-1.875 -0.125 0
-2.1875 0 0
-1.875 0 0
-1.875 -0.25 0
-1.5625 -0.25 0
-1.875 -0.125 0
-1.5625 -0.125 0
-1.5625 -0.25 0
-1.25 -0.25 0
-1.5625 -0.125 0
-1.25 -0.125 0
-1.875 -0.125 0
-1.5625 -0.125 0
-1.875 0 0
-1.5625 0 0
-1.5625 -0.125 0
-1.25 -0.125 0
-1.5625 0 0
-1.25 0 0
-1.25 -0.5 0
-0.9375 -0.5 0
-1.25 -0.375 0
-0.9375 -0.375 0
-0.9375 -0.5 0
-0.625 -0.5 0
-0.9375 -0.375 0
-0.625 -0.375 0
-1.25 -0.375 0
-0.9375 -0.375 0
-1.25 -0.25 0
-0.9375 -0.25 0
-0.9375 -0.375 0
-0.625 -0.375 0
-0.9375 -0.25 0
-0.625 -0.25 0
-0.625 -0.5 0
-0.3125 -0.5 0
-0.625 -0.375 0
-0.3125 -0.375 0
-0.3125 -0.5 0
0 -0.5 0
-0.3125 -0.375 0
0 -0.375 0
-0.625 -0.375 0
-0.3125 -0.375 0
-0.625 -0.25 0
-0.3125 -0.25 0
-0.3125 -0.375 0
0 -0.375 0
-0.3125 -0.25 0
0 -0.25 0
-1.25 -0.25 0
-0.9375 -0.25 0
-1.25 -0.125 0
-0.9375 -0.125 0
-0.9375 -0.25 0
-0.625 -0.25 0
-0.9375 -0.125 0
-0.625 -0.125 0
-1.25 -0.125 0
-0.9375 -0.125 0
-1.25 0 0
-0.9375 0 0
-0.9375 -0.125 0
-0.625 -0.125 0
-0.9375 0 0
-0.625 0 0
-0.625 -0.25 0
-0.3125 -0.25 0
-0.625 -0.125 0
-0.3125 -0.125 0
-0.3125 -0.25 0
0 -0.25 0
-0.3125 -0.125 0
0 -0.125 0
-0.625 -0.125 0
-0.3125 -0.125 0
-0.625 0 0
-0.3125 0 0
-0.3125 -0.125 0
0 -0.125 0
-0.3125 0 0
0 0 0
0 -1 0
0.3125 -1 0
0 -0.875 0
0.3125 -0.875 0
0.3125 -1 0
0.625 -1 0
0.3125 -0.875 0
0.625 -0.875 0
0 -0.875 0
0.3125 -0.875 0
0 -0.75 0
0.3125 -0.75 0
0.3125 -0.875 0
0.625 -0.875 0
0.3125 -0.75 0
0.625 -0.75 0
0.625 -1 0
0.9375 -1 0
0.625 -0.875 0
0.9375 -0.875 0
0.9375 -1 0
1.25 -1 0
0.9375 -0.875 0
1.25 -0.875 0
0.625 -0.875 0
0.9375 -0.875 0
0.625 -0.75 0
0.9375 -0.75 0
0.9375 -0.875 0
1.25 -0.875 0
0.9375 -0.75 0
1.25 -0.75 0
0 -0.75 0
0.3125 -0.75 0
0 -0.625 0
0.3125 -0.625 0
0.3125 -0.75 0
0.625 -0.75 0
0.3125 -0.625 0
0.625 -0.625 0
0 -0.625 0
0.3125 -0.625 0
0 -0.5 0
0.3125 -0.5 0
0.3125 -0.625 0
0.625 -0.625 0
0.3125 -0.5 0
0.625 -0.5 0
0.625 -0.75 0
0.9375 -0.75 0
0.625 -0.625 0
0.9375 -0.625 0
0.9375 -0.75 0
1.25 -0.75 0
0.9375 -0.625 0
1.25 -0.625 0
0.625 -0.625 0
0.9375 -0.625 0
0.625 -0.5 0
0.9375 -0.5 0
0.9375 -0.625 0
1.25 -0.625 0
0.9375 -0.5 0
1.25 -0.5 0
1.25 -1 0
1.5625 -1 0
1.25 -0.875 0
1.5625 -0.875 0
1.5625 -1 0
1.875 -1 0
1.5625 -0.875 0
1.875 -0.875 0
1.25 -0.875 0
1.5625 -0.875 0
1.25 -0.75 0
1.5625 -0.75 0
1.5625 -0.875 0
1.875 -0.875 0
1.5625 -0.75 0
1.875 -0.75 0
1.875 -1 0
2.1875 -1 0
1.875 -0.875 0
2.1875 -0.875 0
2.1875 -1 0
2.5 -1 0
2.1875 -0.875 0
2.5 -0.875 0
1.875 -0.875 0
2.1875 -0.875 0
1.875 -0.75 0
2.1875 -0.75 0
2.1875 -0.875 0
2.5 -0.875 0
2.1875 -0.75 0
2.5 -0.75 0
1.25 -0.75 0
1.5625 -0.75 0
1.25 -0.625 0
1.5625 -0.625 0
1.5625 -0.75 0
1.875 -0.75 0
1.5625 -0.625 0
1.875 -0.625 0
1.25 -0.625 0
1.5625 -0.625 0
1.25 -0.5 0
1.5625 -0.5 0
1.5625 -0.625 0
1.875 -0.625 0
1.5625 -0.5 0
1.875 -0.5 0
1.875 -0.75 0
2.1875 -0.75 0
1.875 -0.625 0
2.1875 -0.625 0
2.1875 -0.75 0
2.5 -0.75 0
2.1875 -0.625 0
2.5 -0.625 0
1.875 -0.625 0
2.1875 -0.625 0
1.875 -0.5 0
2.1875 -0.5 0
2.1875 -0.625 0
2.5 -0.625 0
2.1875 -0.5 0
2.5 -0.5 0
0 -0.5 0
0.3125 -0.5 0
0 -0.375 0
0.3125 -0.375 0
0.3125 -0.5 0
0.625 -0.5 0
0.3125 -0.375 0
0.625 -0.375 0
0 -0.375 0
0.3125 -0.375 0
0 -0.25 0
0.3125 -0.25 0
0.3125 -0.375 0
0.625 -0.375 0
0.3125 -0.25 0
0.625 -0.25 0
0.625 -0.5 0
0.9375 -0.5 0
0.625 -0.375 0
0.9375 -0.375 0
0.9375 -0.5 0
1.25 -0.5 0
0.9375 -0.375 0
1.25 -0.375 0
0.625 -0.375 0
0.9375 -0.375 0
0.625 -0.25 0
0.9375 -0.25 0
0.9375 -0.375 0
1.25 -0.375 0
0.9375 -0.25 0
1.25 -0.25 0
0 -0.25 0
0.3125 -0.25 0
0 -0.125 0
0.3125 -0.125 0
0.3125 -0.25 0
0.625 -0.25 0
0.3125 -0.125 0
0.625 -0.125 0
0 -0.125 0
0.3125 -0.125 0
0 0 0
0.3125 0 0
0.3125 -0.125 0
0.625 -0.125 0
0.3125 0 0
0.625 0 0
0.625 -0.25 0
0.9375 -0.25 0
0.625 -0.125 0
0.9375 -0.125 0
0.9375 -0.25 0
1.25 -0.25 0
0.9375 -0.125 0
1.25 -0.125 0
0.625 -0.125 0
0.9375 -0.125 0
0.625 0 0
0.9375 0 0
0.9375 -0.125 0
1.25 -0.125 0
0.9375 0 0
1.25 0 0
1.25 -0.5 0
1.5625 -0.5 0
1.25 -0.375 0
1.5625 -0.375 0
1.5625 -0.5 0
1.875 -0.5 0
1.5625 -0.375 0
1.875 -0.375 0
1.25 -0.375 0
1.5625 -0.375 0
1.25 -0.25 0
1.5625 -0.25 0
1.5625 -0.375 0
1.875 -0.375 0
1.5625 -0.25 0
1.875 -0.25 0
1.875 -0.5 0
2.1875 -0.5 0
1.875 -0.375 0
2.1875 -0.375 0
2.1875 -0.5 0
2.5 -0.5 0
2.1875 -0.375 0
2.5 -0.375 0
1.875 -0.375 0
2.1875 -0.375 0
1.875 -0.25 0
2.1875 -0.25 0
2.1875 -0.375 0
2.5 -0.375 0
2.1875 -0.25 0
2.5 -0.25 0
1.25 -0.25 0
1.5625 -0.25 0
1.25 -0.125 0
1.5625 -0.125 0
1.5625 -0.25 0
1.875 -0.25 0
1.5625 -0.125 0
1.875 -0.125 0
1.25 -0.125 0
1.5625 -0.125 0
1.25 0 0
1.5625 0 0
1.5625 -0.125 0
1.875 -0.125 0
1.5625 0 0
1.875 0 0
1.875 -0.25 0
2.1875 -0.25 0
1.875 -0.125 0
2.1875 -0.125 0
2.1875 -0.25 0
2.5 -0.25 0
2.1875 -0.125 0
2.5 -0.125 0
1.875 -0.125 0
2.1875 -0.125 0
1.875 0 0
2.1875 0 0
2.1875 -0.125 0
2.5 -0.125 0
2.1875 0 0
2.5 0 0
2.5 -1 0
2.8125 -1 0
2.5 -0.875 0
2.8125 -0.875 0
2.8125 -1 0
3.125 -1 0
2.8125 -0.875 0
3.125 -0.875 0
2.5 -0.875 0
2.8125 -0.875 0
2.5 -0.75 0
2.8125 -0.75 0
2.8125 -0.875 0
3.125 -0.875 0
2.8125 -0.75 0
3.125 -0.75 0
3.125 -1 0
3.4375 -1 0
3.125 -0.875 0
3.4375 -0.875 0
3.4375 -1 0
3.75 -1 0
3.4375 -0.875 0
3.75 -0.875 0
3.125 -0.875 0
3.4375 -0.875 0
3.125 -0.75 0
3.4375 -0.75 0
3.4375 -0.875 0
3.75 -0.875 0
3.4375 -0.75 0
3.75 -0.75 0
2.5 -0.75 0
2.8125 -0.75 0
2.5 -0.625 0
2.8125 -0.625 0
2.8125 -0.75 0
3.125 -0.75 0
2.8125 -0.625 0
3.125 -0.625 0
2.5 -0.625 0
2.8125 -0.625 0
2.5 -0.5 0
2.8125 -0.5 0
2.8125 -0.625 0
3.125 -0.625 0
2.8125 -0.5 0
3.125 -0.5 0
3.125 -0.75 0
3.4375 -0.75 0
3.125 -0.625 0
3.4375 -0.625 0
3.4375 -0.75 0
3.75 -0.75 0
3.4375 -0.625 0
3.75 -0.625 0
3.125 -0.625 0
3.4375 -0.625 0
3.125 -0.5 0
3.4375 -0.5 0
3.4375 -0.625 0
3.75 -0.625 0
3.4375 -0.5 0
3.75 -0.5 0
3.75 -1 0
4.0625 -1 0
3.75 -0.875 0
4.0625 -0.875 0
4.0625 -1 0
4.375 -1 0
4.0625 -0.875 0
4.375 -0.875 0
3.75 -0.875 0
4.0625 -0.875 0
3.75 -0.75 0
4.0625 -0.75 0
4.0625 -0.875 0
4.375 -0.875 0
4.0625 -0.75 0
4.375 -0.75 0
4.375 -1 0
4.6875 -1 0
4.375 -0.875 0
4.6875 -0.875 0
4.6875 -1 0
5 -1 0
4.6875 -0.875 0
5 -0.875 0
4.375 -0.875 0
4.6875 -0.875 0
4.375 -0.75 0
4.6875 -0.75 0
4.6875 -0.875 0
5 -0.875 0
4.6875 -0.75 0
5 -0.75 0
3.75 -0.75 0
4.0625 -0.75 0
3.75 -0.625 0
4.0625 -0.625 0
4.0625 -0.75 0
4.375 -0.75 0
4.0625 -0.625 0
4.375 -0.625 0
3.75 -0.625 0
4.0625 -0.625 0
3.75 -0.5 0
4.0625 -0.5 0
4.0625 -0.625 0
4.375 -0.625 0
4.0625 -0.5 0
4.375 -0.5 0
4.375 -0.75 0
4.6875 -0.75 0
4.375 -0.625 0
4.6875 -0.625 0
4.6875 -0.75 0
5 -0.75 0
4.6875 -0.625 0
5 -0.625 0
4.375 -0.625 0
4.6875 -0.625 0
4.375 -0.5 0
4.6875 -0.5 0
4.6875 -0.625 0
5 -0.625 0
4.6875 -0.5 0
5 -0.5 0
2.5 -0.5 0
2.8125 -0.5 0
2.5 -0.375 0
2.8125 -0.375 0
2.8125 -0.5 0
3.125 -0.5 0
2.8125 -0.375 0
3.125 -0.375 0
2.5 -0.375 0
2.8125 -0.375 0
2.5 -0.25 0
2.8125 -0.25 0
2.8125 -0.375 0
3.125 -0.375 0
2.8125 -0.25 0
3.125 -0.25 0
3.125 -0.5 0
3.4375 -0.5 0
3.125 -0.375 0
3.4375 -0.375 0
3.4375 -0.5 0
3.75 -0.5 0
3.4375 -0.375 0
3.75 -0.375 0
3.125 -0.375 0
3.4375 -0.375 0
3.125 -0.25 0
3.4375 -0.25 0
3.4375 -0.375 0
3.75 -0.375 0
3.4375 -0.25 0
3.75 -0.25 0
2.5 -0.25 0
2.8125 -0.25 0
2.5 -0.125 0
2.8125 -0.125 0
2.8125 -0.25 0
3.125 -0.25 0
2.8125 -0.125 0
3.125 -0.125 0
2.5 -0.125 0
2.8125 -0.125 0
2.5 0 0
2.8125 0 0
2.8125 -0.125 0
3.125 -0.125 0
2.8125 0 0
3.125 0 0
3.125 -0.25 0
3.4375 -0.25 0
3.125 -0.125 0
3.4375 -0.125 0
3.4375 -0.25 0
3.75 -0.25 0
3.4375 -0.125 0
3.75 -0.125 0
3.125 -0.125 0
3.4375 -0.125 0
3.125 0 0
3.4375 0 0
3.4375 -0.125 0
3.75 -0.125 0
3.4375 0 0
3.75 0 0
3.75 -0.5 0
4.0625 -0.5 0
3.75 -0.375 0
4.0625 -0.375 0
4.0625 -0.5 0
4.375 -0.5 0
4.0625 -0.375 0
4.375 -0.375 0
3.75 -0.375 0
4.0625 -0.375 0
3.75 -0.25 0
4.0625 -0.25 0
4.0625 -0.375 0
4.375 -0.375 0
4.0625 -0.25 0
4.375 -0.25 0
4.375 -0.5 0
4.6875 -0.5 0
4.375 -0.375 0
4.6875 -0.375 0
4.6875 -0.5 0
5 -0.5 0
4.6875 -0.375 0
5 -0.375 0
4.375 -0.375 0
4.6875 -0.375 0
4.375 -0.25 0
4.6875 -0.25 0
4.6875 -0.375 0
5 -0.375 0
4.6875 -0.25 0
5 -0.25 0
3.75 -0.25 0
4.0625 -0.25 0
3.75 -0.125 0
4.0625 -0.125 0
4.0625 -0.25 0
4.375 -0.25 0
4.0625 -0.125 0
4.375 -0.125 0
3.75 -0.125 0
4.0625 -0.125 0
3.75 0 0
4.0625 0 0
4.0625 -0.125 0
4.375 -0.125 0
4.0625 0 0
4.375 0 0
4.375 -0.25 0
4.6875 -0.25 0
4.375 -0.125 0
4.6875 -0.125 0
4.6875 -0.25 0
5 -0.25 0
4.6875 -0.125 0
5 -0.125 0
4.375 -0.125 0
4.6875 -0.125 0
4.375 0 0
4.6875 0 0
4.6875 -0.125 0
5 -0.125 0
4.6875 0 0
5 0 0
-5 0 0
-4.6875 0 0
-5 0.125 0
-4.6875 0.125 0
-4.6875 0 0
-4.375 0 0
-4.6875 0.125 0
-4.375 0.125 0
-5 0.125 0
-4.6875 0.125 0
-5 0.25 0
-4.6875 0.25 0
-4.6875 0.125 0
-4.375 0.125 0
-4.6875 0.25 0
-4.375 0.25 0
-4.375 0 0
-4.0625 0 0
-4.375 0.125 0
-4.0625 0.125 0
-4.0625 0 0
-3.75 0 0
-4.0625 0.125 0
-3.75 0.125 0
-4.375 0.125 0
-4.0625 0.125 0
-4.375 0.25 0
-4.0625 0.25 0
-4.0625 0.125 0
-3.75 0.125 0
-4.0625 0.25 0
-3.75 0.25 0
-5 0.25 0
-4.6875 0.25 0
-5 0.375 0
-4.6875 0.375 0
-4.6875 0.25 0
-4.375 0.25 0
-4.6875 0.375 0
-4.375 0.375 0
-5 0.375 0
-4.6875 0.375 0
-5 0.5 0
-4.6875 0.5 0
-4.6875 0.375 0
-4.375 0.375 0
-4.6875 0.5 0
-4.375 0.5 0
-4.375 0.25 0
-4.0625 0.25 0
-4.375 0.375 0
-4.0625 0.375 0
-4.0625 0.25 0
-3.75 0.25 0
-4.0625 0.375 0
-3.75 0.375 0
-4.375 0.375 0
-4.0625 0.375 0
-4.375 0.5 0
-4.0625 0.5 0
-4.0625 0.375 0
-3.75 0.375 0
-4.0625 0.5 0
-3.75 0.5 0
-3.75 0 0
-3.4375 0 0
-3.75 0.125 0
-3.4375 0.125 0
-3.4375 0 0
-3.125 0 0
-3.4375 0.125 0
-3.125 0.125 0
-3.75 0.125 0
-3.4375 0.125 0
-3.75 0.25 0
-3.4375 0.25 0
-3.4375 0.125 0
-3.125 0.125 0
-3.4375 0.25 0
-3.125 0.25 0
-3.125 0 0
-2.8125 0 0
-3.125 0.125 0
-2.8125 0.125 0
-2.8125 0 0
-2.5 0 0
-2.8125 0.125 0
-2.5 0.125 0
-3.125 0.125 0
-2.8125 0.125 0
-3.125 0.25 0
-2.8125 0.25 0
-2.8125 0.125 0
-2.5 0.125 0
-2.8125 0.25 0
-2.5 0.25 0
-3.75 0.25 0
-3.4375 0.25 0
-3.75 0.375 0
-3.4375 0.375 0
-3.4375 0.25 0
-3.125 0.25 0
-3.4375 0.375 0
-3.125 0.375 0
-3.75 0.375 0
-3.4375 0.375 0
-3.75 0.5 0
-3.4375 0.5 0
-3.4375 0.375 0
-3.125 0.375 0
-3.4375 0.5 0
-3.125 0.5 0
-3.125 0.25 0
-2.8125 0.25 0
-3.125 0.375 0
-2.8125 0.375 0
-2.8125 0.25 0
-2.5 0.25 0
-2.8125 0.375 0
-2.5 0.375 0
-3.125 0.375 0
-2.8125 0.375 0
-3.125 0.5 0
-2.8125 0.5 0
-2.8125 0.375 0
-2.5 0.375 0
-2.8125 0.5 0
-2.5 0.5 0
-5 0.5 0
-4.6875 0.5 0
-5 0.625 0
-4.6875 0.625 0
-4.6875 0.5 0
-4.375 0.5 0
-4.6875 0.625 0
-4.375 0.625 0
-5 0.625 0
-4.6875 0.625 0
-5 0.75 0
-4.6875 0.75 0
-4.6875 0.625 0
-4.375 0.625 0
-4.6875 0.75 0
-4.375 0.75 0
-4.375 0.5 0
-4.0625 0.5 0
-4.375 0.625 0
-4.0625 0.625 0
-4.0625 0.5 0
-3.75 0.5 0
-4.0625 0.625 0
-3.75 0.625 0
-4.375 0.625 0
-4.0625 0.625 0
-4.375 0.75 0
-4.0625 0.75 0
-4.0625 0.625 0
-3.75 0.625 0
-4.0625 0.75 0
-3.75 0.75 0
-5 0.75 0
-4.6875 0.75 0
-5 0.875 0
-4.6875 0.875 0
-4.6875 0.75 0
-4.375 0.75 0
-4.6875 0.875 0
-4.375 0.875 0
-5 0.875 0
-4.6875 0.875 0
-5 1 0
-4.6875 1 0
-4.6875 0.875 0
-4.375 0.875 0
-4.6875 1 0
-4.375 1 0
-4.375 0.75 0
-4.0625 0.75 0
-4.375 0.875 0
-4.0625 0.875 0
-4.0625 0.75 0
-3.75 0.75 0
-4.0625 0.875 0
-3.75 0.875 0
-4.375 0.875 0
-4.0625 0.875 0
-4.375 1 0
-4.0625 1 0
-4.0625 0.875 0
-3.75 0.875 0
-4.0625 1 0
-3.75 1 0
-3.75 0.5 0
-3.4375 0.5 0
-3.75 0.625 0
-3.4375 0.625 0
-3.4375 0.5 0
-3.125 0.5 0
-3.4375 0.625 0
-3.125 0.625 0
-3.75 0.625 0
-3.4375 0.625 0
-3.75 0.75 0
-3.4375 0.75 0
-3.4375 0.625 0
-3.125 0.625 0
-3.4375 0.75 0
-3.125 0.75 0
-3.125 0.5 0
-2.8125 0.5 0
-3.125 0.625 0
-2.8125 0.625 0
-2.8125 0.5 0
-2.5 0.5 0
-2.8125 0.625 0
-2.5 0.625 0
-3.125 0.625 0
-2.8125 0.625 0
-3.125 0.75 0
-2.8125 0.75 0
-2.8125 0.625 0
-2.5 0.625 0
-2.8125 0.75 0
-2.5 0.75 0
-3.75 0.75 0
-3.4375 0.75 0
-3.75 0.875 0
-3.4375 0.875 0
-3.4375 0.75 0
-3.125 0.75 0
-3.4375 0.875 0
-3.125 0.875 0
-3.75 0.875 0
-3.4375 0.875 0
-3.75 1 0
-3.4375 1 0
-3.4375 0.875 0
-3.125 0.875 0
-3.4375 1 0
-3.125 1 0
-3.125 0.75 0
-2.8125 0.75 0
-3.125 0.875 0
-2.8125 0.875 0
-2.8125 0.75 0
-2.5 0.75 0
-2.8125 0.875 0
-2.5 0.875 0
-3.125 0.875 0
-2.8125 0.875 0
-3.125 1 0
-2.8125 1 0
-2.8125 0.875 0
-2.5 0.875 0
-2.8125 1 0
-2.5 1 0
-2.5 0 0
-2.1875 0 0
-2.5 0.125 0
-2.1875 0.125 0
-2.1875 0 0
-1.875 0 0
-2.1875 0.125 0
-1.875 0.125 0
-2.5 0.125 0
-2.1875 0.125 0
-2.5 0.25 0
-2.1875 0.25 0
-2.1875 0.125 0
-1.875 0.125 0
-2.1875 0.25 0
-1.875 0.25 0
-1.875 0 0
-1.5625 0 0
-1.875 0.125 0
-1.5625 0.125 0
-1.5625 0 0
-1.25 0 0
-1.5625 0.125 0
-1.25 0.125 0
-1.875 0.125 0
-1.5625 0.125 0
-1.875 0.25 0
-1.5625 0.25 0
-1.5625 0.125 0
-1.25 0.125 0
-1.5625 0.25 0
-1.25 0.25 0
-2.5 0.25 0
-2.1875 0.25 0
-2.5 0.375 0
-2.1875 0.375 0
-2.1875 0.25 0
-1.875 0.25 0
-2.1875 0.375 0
-1.875 0.375 0
-2.5 0.375 0
-2.1875 0.375 0
-2.5 0.5 0
-2.1875 0.5 0
-2.1875 0.375 0
-1.875 0.375 0
-2.1875 0.5 0
-1.875 0.5 0
-1.875 0.25 0
-1.5625 0.25 0
-1.875 0.375 0
-1.5625 0.375 0
-1.5625 0.25 0
-1.25 0.25 0
-1.5625 0.375 0
-1.25 0.375 0
-1.875 0.375 0
-1.5625 0.375 0
-1.875 0.5 0
-1.5625 0.5 0
-1.5625 0.375 0
-1.25 0.375 0
-1.5625 0.5 0
-1.25 0.5 0
-1.25 0 0
-0.9375 0 0
-1.25 0.125 0
-0.9375 0.125 0
-0.9375 0 0
-0.625 0 0
-0.9375 0.125 0
-0.625 0.125 0
-1.25 0.125 0
-0.9375 0.125 0
-1.25 0.25 0
-0.9375 0.25 0
-0.9375 0.125 0
-0.625 0.125 0
-0.9375 0.25 0
-0.625 0.25 0
-0.625 0 0
-0.3125 0 0
-0.625 0.125 0
-0.3125 0.125 0
-0.3125 0 0
0 0 0
-0.3125 0.125 0
0 0.125 0
-0.625 0.125 0
-0.3125 0.125 0
-0.625 0.25 0
-0.3125 0.25 0
-0.3125 0.125 0
0 0.125 0
-0.3125 0.25 0
0 0.25 0
-1.25 0.25 0
-0.9375 0.25 0
-1.25 0.375 0
-0.9375 0.375 0
-0.9375 0.25 0
-0.625 0.25 0
-0.9375 0.375 0
-0.625 0.375 0
-1.25 0.375 0
-0.9375 0.375 0
-1.25 0.5 0
-0.9375 0.5 0
-0.9375 0.375 0
-0.625 0.375 0
-0.9375 0.5 0
-0.625 0.5 0
-0.625 0.25 0
-0.3125 0.25 0
-0.625 0.375 0
-0.3125 0.375 0
-0.3125 0.25 0
0 0.25 0
-0.3125 0.375 0
0 0.375 0
-0.625 0.375 0
-0.3125 0.375 0
-0.625 0.5 0
-0.3125 0.5 0
-0.3125 0.375 0
0 0.375 0
-0.3125 0.5 0
0 0.5 0
-2.5 0.5 0
-2.1875 0.5 0
-2.5 0.625 0
-2.1875 0.625 0
-2.1875 0.5 0
-1.875 0.5 0
-2.1875 0.625 0
-1.875 0.625 0
-2.5 0.625 0
-2.1875 0.625 0
-2.5 0.75 0
-2.1875 0.75 0
-2.1875 0.625 0
-1.875 0.625 0
-2.1875 0.75 0
-1.875 0.75 0
-1.875 0.5 0
-1.5625 0.5 0
-1.875 0.625 0
-1.5625 0.625 0
-1.5625 0.5 0
-1.25 0.5 0
-1.5625 0.625 0
-1.25 0.625 0
-1.875 0.625 0
-1.5625 0.625 0
-1.875 0.75 0
-1.5625 0.75 0
-1.5625 0.625 0
-1.25 0.625 0
-1.5625 0.75 0
-1.25 0.75 0
-2.5 0.75 0
-2.1875 0.75 0
-2.5 0.875 0
-2.1875 0.875 0
-2.1875 0.75 0
-1.875 0.75 0
-2.1875 0.875 0
-1.875 0.875 0
-2.5 0.875 0
-2.1875 0.875 0
-2.5 1 0
-2.1875 1 0
-2.1875 0.875 0
-1.875 0.875 0
-2.1875 1 0
-1.875 1 0
-1.875 0.75 0
-1.5625 0.75 0
-1.875 0.875 0
-1.5625 0.875 0
-1.5625 0.75 0
-1.25 0.75 0
-1.5625 0.875 0
-1.25 0.875 0
-1.875 0.875 0
-1.5625 0.875 0
-1.875 1 0
-1.5625 1 0
-1.5625 0.875 0
-1.25 0.875 0
-1.5625 1 0
-1.25 1 0
-1.25 0.5 0
-0.9375 0.5 0
-1.25 0.625 0
-0.9375 0.625 0
-0.9375 0.5 0
-0.625 0.5 0
-0.9375 0.625 0
-0.625 0.625 0
-1.25 0.625 0
-0.9375 0.625 0
-1.25 0.75 0
-0.9375 0.75 0
-0.9375 0.625 0
-0.625 0.625 0
-0.9375 0.75 0
-0.625 0.75 0
-0.625 0.5 0
-0.3125 0.5 0
-0.625 0.625 0
-0.3125 0.625 0
-0.3125 0.5 0
0 0.5 0
-0.3125 0.625 0
0 0.625 0
-0.625 0.625 0
-0.3125 0.625 0
-0.625 0.75 0
-0.3125 0.75 0
-0.3125 0.625 0
0 0.625 0
-0.3125 0.75 0
0 0.75 0
-1.25 0.75 0
-0.9375 0.75 0
-1.25 0.875 0
-0.9375 0.875 0
-0.9375 0.75 0
-0.625 0.75 0
-0.9375 0.875 0
-0.625 0.875 0
-1.25 0.875 0
-0.9375 0.875 0
-1.25 1 0
-0.9375 1 0
-0.9375 0.875 0
-0.625 0.875 0
-0.9375 1 0
-0.625 1 0
-0.625 0.75 0
-0.3125 0.75 0
-0.625 0.875 0
-0.3125 0.875 0
-0.3125 0.75 0
0 0.75 0
-0.3125 0.875 0
0 0.875 0
-0.625 0.875 0
-0.3125 0.875 0
-0.625 1 0
-0.3125 1 0
-0.3125 0.875 0
0 0.875 0
-0.3125 1 0
0 1 0
0 0 0
0.3125 0 0
0 0.125 0
0.3125 0.125 0
0.3125 0 0
0.625 0 0
0.3125 0.125 0
0.625 0.125 0
0 0.125 0
0.3125 0.125 0
0 0.25 0
0.3125 0.25 0
0.3125 0.125 0
0.625 0.125 0
0.3125 0.25 0
0.625 0.25 0
0.625 0 0
0.9375 0 0
0.625 0.125 0
0.9375 0.125 0
0.9375 0 0
1.25 0 0
0.9375 0.125 0
1.25 0.125 0
0.625 0.125 0
0.9375 0.125 0
0.625 0.25 0
0.9375 0.25 0
0.9375 0.125 0
1.25 0.125 0
0.9375 0.25 0
1.25 0.25 0
0 0.25 0
0.3125 0.25 0
0 0.375 0
0.3125 0.375 0
0.3125 0.25 0
0.625 0.25 0
0.3125 0.375 0
0.625 0.375 0
0 0.375 0
0.3125 0.375 0
0 0.5 0
0.3125 0.5 0
0.3125 0.375 0
0.625 0.375 0
0.3125 0.5 0
0.625 0.5 0
0.625 0.25 0
0.9375 0.25 0
0.625 0.375 0
0.9375 0.375 0
0.9375 0.25 0
1.25 0.25 0
0.9375 0.375 0
1.25 0.375 0
0.625 0.375 0
0.9375 0.375 0
0.625 0.5 0
0.9375 0.5 0
0.9375 0.375 0
1.25 0.375 0
0.9375 0.5 0
1.25 0.5 0
1.25 0 0
1.5625 0 0
1.25 0.125 0
1.5625 0.125 0
1.5625 0 0
1.875 0 0
1.5625 0.125 0
1.875 0.125 0
1.25 0.125 0
1.5625 0.125 0
1.25 0.25 0
1.5625 0.25 0
1.5625 0.125 0
1.875 0.125 0
1.5625 0.25 0
1.875 0.25 0
1.875 0 0
2.1875 0 0
1.875 0.125 0
2.1875 0.125 0
2.1875 0 0
2.5 0 0
2.1875 0.125 0
2.5 0.125 0
1.875 0.125 0
2.1875 0.125 0
1.875 0.25 0
2.1875 0.25 0
2.1875 0.125 0
2.5 0.125 0
2.1875 0.25 0
2.5 0.25 0
1.25 0.25 0
1.5625 0.25 0
1.25 0.375 0
1.5625 0.375 0
1.5625 0.25 0
1.875 0.25 0
1.5625 0.375 0
1.875 0.375 0
1.25 0.375 0
1.5625 0.375 0
1.25 0.5 0
1.5625 0.5 0
1.5625 0.375 0
1.875 0.375 0
1.5625 0.5 0
1.875 0.5 0
1.875 0.25 0
2.1875 0.25 0
1.875 0.375 0
2.1875 0.375 0
2.1875 0.25 0
2.5 0.25 0
2.1875 0.375 0
2.5 0.375 0
1.875 0.375 0
2.1875 0.375 0
1.875 0.5 0
2.1875 0.5 0
2.1875 0.375 0
2.5 0.375 0
2.1875 0.5 0
2.5 0.5 0
0 0.5 0
0.3125 0.5 0
0 0.625 0
0.3125 0.625 0
0.3125 0.5 0
0.625 0.5 0
0.3125 0.625 0
0.625 0.625 0
0 0.625 0
0.3125 0.625 0
0 0.75 0
0.3125 0.75 0
0.3125 0.625 0
0.625 0.625 0
0.3125 0.75 0
0.625 0.75 0
0.625 0.5 0
0.9375 0.5 0
0.625 0.625 0
0.9375 0.625 0
0.9375 0.5 0
1.25 0.5 0
0.9375 0.625 0
1.25 0.625 0
0.625 0.625 0
0.9375 0.625 0
0.625 0.75 0
0.9375 0.75 0
0.9375 0.625 0
1.25 0.625 0
0.9375 0.75 0
1.25 0.75 0
0 0.75 0
0.3125 0.75 0
0 0.875 0
0.3125 0.875 0
0.3125 0.75 0
0.625 0.75 0
0.3125 0.875 0
0.625 0.875 0
0 0.875 0
0.3125 0.875 0
0 1 0
0.3125 1 0
0.3125 0.875 0
0.625 0.875 0
0.3125 1 0
0.625 1 0
0.625 0.75 0
0.9375 0.75 0
0.625 0.875 0
0.9375 0.875 0
0.9375 0.75 0
1.25 0.75 0
0.9375 0.875 0
1.25 0.875 0
0.625 0.875 0
0.9375 0.875 0
0.625 1 0
0.9375 1 0
0.9375 0.875 0
1.25 0.875 0
0.9375 1 0
1.25 1 0
1.25 0.5 0
1.5625 0.5 0
1.25 0.625 0
1.5625 0.625 0
1.5625 0.5 0
1.875 0.5 0
1.5625 0.625 0
1.875 0.625 0
1.25 0.625 0
1.5625 0.625 0
1.25 0.75 0
1.5625 0.75 0
1.5625 0.625 0
1.875 0.625 0
1.5625 0.75 0
1.875 0.75 0
1.875 0.5 0
2.1875 0.5 0
1.875 0.625 0
2.1875 0.625 0
2.1875 0.5 0
2.5 0.5 0
2.1875 0.625 0
2.5 0.625 0
1.875 0.625 0
2.1875 0.625 0
1.875 0.75 0
2.1875 0.75 0
2.1875 0.625 0
2.5 0.625 0
2.1875 0.75 0
2.5 0.75 0
1.25 0.75 0
1.5625 0.75 0
1.25 0.875 0
1.5625 0.875 0
1.5625 0.75 0
1.875 0.75 0
1.5625 0.875 0
1.875 0.875 0
1.25 0.875 0
1.5625 0.875 0
1.25 1 0
1.5625 1 0
1.5625 0.875 0
1.875 0.875 0
1.5625 1 0
1.875 1 0
1.875 0.75 0
2.1875 0.75 0
1.875 0.875 0
2.1875 0.875 0
2.1875 0.75 0
2.5 0.75 0
2.1875 0.875 0
2.5 0.875 0
1.875 0.875 0
2.1875 0.875 0
1.875 1 0
2.1875 1 0
2.1875 0.875 0
2.5 0.875 0
2.1875 1 0
2.5 1 0
2.5 0 0
2.8125 0 0
2.5 0.125 0
2.8125 0.125 0
2.8125 0 0
3.125 0 0
2.8125 0.125 0
3.125 0.125 0
2.5 0.125 0
2.8125 0.125 0
2.5 0.25 0
2.8125 0.25 0
2.8125 0.125 0
3.125 0.125 0
2.8125 0.25 0
3.125 0.25 0
3.125 0 0
3.4375 0 0
3.125 0.125 0
3.4375 0.125 0
3.4375 0 0
3.75 0 0
3.4375 0.125 0
3.75 0.125 0
3.125 0.125 0
3.4375 0.125 0
3.125 0.25 0
3.4375 0.25 0
3.4375 0.125 0
3.75 0.125 0
3.4375 0.25 0
3.75 0.25 0
2.5 0.25 0
2.8125 0.25 0
2.5 0.375 0
2.8125 0.375 0
2.8125 0.25 0
3.125 0.25 0
2.8125 0.375 0
3.125 0.375 0
2.5 0.375 0
2.8125 0.375 0
2.5 0.5 0
2.8125 0.5 0
2.8125 0.375 0
3.125 0.375 0
2.8125 0.5 0
3.125 0.5 0
3.125 0.25 0
3.4375 0.25 0
3.125 0.375 0
3.4375 0.375 0
3.4375 0.25 0
3.75 0.25 0
3.4375 0.375 0
3.75 0.375 0
3.125 0.375 0
3.4375 0.375 0
3.125 0.5 0
3.4375 0.5 0
3.4375 0.375 0
3.75 0.375 0
3.4375 0.5 0
3.75 0.5 0
3.75 0 0
4.0625 0 0
3.75 0.125 0
4.0625 0.125 0
4.0625 0 0
4.375 0 0
4.0625 0.125 0
4.375 0.125 0
3.75 0.125 0
4.0625 0.125 0
3.75 0.25 0
4.0625 0.25 0
4.0625 0.125 0
4.375 0.125 0
4.0625 0.25 0
4.375 0.25 0
4.375 0 0
4.6875 0 0
4.375 0.125 0
4.6875 0.125 0
4.6875 0 0
5 0 0
4.6875 0.125 0
5 0.125 0
4.375 0.125 0
4.6875 0.125 0
4.375 0.25 0
4.6875 0.25 0
4.6875 0.125 0
5 0.125 0
4.6875 0.25 0
5 0.25 0
3.75 0.25 0
4.0625 0.25 0
3.75 0.375 0
4.0625 0.375 0
4.0625 0.25 0
4.375 0.25 0
4.0625 0.375 0
4.375 0.375 0
3.75 0.375 0
4.0625 0.375 0
3.75 0.5 0
4.0625 0.5 0
4.0625 0.375 0
4.375 0.375 0
4.0625 0.5 0
4.375 0.5 0
4.375 0.25 0
4.6875 0.25 0
4.375 0.375 0
4.6875 0.375 0
4.6875 0.25 0
5 0.25 0
4.6875 0.375 0
5 0.375 0
4.375 0.375 0
4.6875 0.375 0
4.375 0.5 0
4.6875 0.5 0
4.6875 0.375 0
5 0.375 0
4.6875 0.5 0
5 0.5 0
2.5 0.5 0
2.8125 0.5 0
2.5 0.625 0
2.8125 0.625 0
2.8125 0.5 0
3.125 0.5 0
2.8125 0.625 0
3.125 0.625 0
2.5 0.625 0
2.8125 0.625 0
2.5 0.75 0
2.8125 0.75 0
2.8125 0.625 0
3.125 0.625 0
2.8125 0.75 0
3.125 0.75 0
3.125 0.5 0
3.4375 0.5 0
3.125 0.625 0
3.4375 0.625 0
3.4375 0.5 0
3.75 0.5 0
3.4375 0.625 0
3.75 0.625 0
3.125 0.625 0
3.4375 0.625 0
3.125 0.75 0
3.4375 0.75 0
3.4375 0.625 0
3.75 0.625 0
3.4375 0.75 0
3.75 0.75 0
2.5 0.75 0
2.8125 0.75 0
2.5 0.875 0
2.8125 0.875 0
2.8125 0.75 0
3.125 0.75 0
2.8125 0.875 0
3.125 0.875 0
2.5 0.875 0
2.8125 0.875 0
2.5 1 0
2.8125 1 0
2.8125 0.875 0
3.125 0.875 0
2.8125 1 0
3.125 1 0
3.125 0.75 0
3.4375 0.75 0
3.125 0.875 0
3.4375 0.875 0
3.4375 0.75 0
3.75 0.75 0
3.4375 0.875 0
3.75 0.875 0
3.125 0.875 0
3.4375 0.875 0
3.125 1 0
3.4375 1 0
3.4375 0.875 0
3.75 0.875 0
3.4375 1 0
3.75 1 0
3.75 0.5 0
4.0625 0.5 0
3.75 0.625 0
4.0625 0.625 0
4.0625 0.5 0
4.375 0.5 0
4.0625 0.625 0
4.375 0.625 0
3.75 0.625 0
4.0625 0.625 0
3.75 0.75 0
4.0625 0.75 0
4.0625 0.625 0
4.375 0.625 0
4.0625 0.75 0
4.375 0.75 0
4.375 0.5 0
4.6875 0.5 0
4.375 0.625 0
4.6875 0.625 0
4.6875 0.5 0
5 0.5 0
4.6875 0.625 0
5 0.625 0
4.375 0.625 0
4.6875 0.625 0
4.375 0.75 0
4.6875 0.75 0
4.6875 0.625 0
5 0.625 0
4.6875 0.75 0
5 0.75 0
3.75 0.75 0
4.0625 0.75 0
3.75 0.875 0
4.0625 0.875 0
4.0625 0.75 0
4.375 0.75 0
4.0625 0.875 0
4.375 0.875 0
3.75 0.875 0
4.0625 0.875 0
3.75 1 0
4.0625 1 0
4.0625 0.875 0
4.375 0.875 0
4.0625 1 0
4.375 1 0
4.375 0.75 0
4.6875 0.75 0
4.375 0.875 0
4.6875 0.875 0
4.6875 0.75 0
5 0.75 0
4.6875 0.875 0
5 0.875 0
4.375 0.875 0
4.6875 0.875 0
4.375 1 0
4.6875 1 0
4.6875 0.875 0
5 0.875 0
4.6875 1 0
5 1 0
-5 1 0
-4.6875 1 0
-5 1.125 0
-4.6875 1.125 0
-4.6875 1 0
-4.375 1 0
-4.6875 1.125 0
-4.375 1.125 0
-5 1.125 0
-4.6875 1.125 0
-5 1.25 0
-4.6875 1.25 0
-4.6875 1.125 0
-4.375 1.125 0
-4.6875 1.25 0
-4.375 1.25 0
-4.375 1 0
-4.0625 1 0
-4.375 1.125 0
-4.0625 1.125 0
-4.0625 1 0
-3.75 1 0
-4.0625 1.125 0
-3.75 1.125 0
-4.375 1.125 0
-4.0625 1.125 0
-4.375 1.25 0
-4.0625 1.25 0
-4.0625 1.125 0
-3.75 1.125 0
-4.0625 1.25 0
-3.75 1.25 0
-5 1.25 0
-4.6875 1.25 0
-5 1.375 0
-4.6875 1.375 0
-4.6875 1.25 0
-4.375 1.25 0
-4.6875 1.375 0
-4.375 1.375 0
-5 1.375 0
-4.6875 1.375 0
-5 1.5 0
-4.6875 1.5 0
-4.6875 1.375 0
-4.375 1.375 0
-4.6875 1.5 0
-4.375 1.5 0
-4.375 1.25 0
-4.0625 1.25 0
-4.375 1.375 0
-4.0625 1.375 0
-4.0625 1.25 0
-3.75 1.25 0
-4.0625 1.375 0
-3.75 1.375 0
-4.375 1.375 0
-4.0625 1.375 0
-4.375 1.5 0
-4.0625 1.5 0
-4.0625 1.375 0
-3.75 1.375 0
-4.0625 1.5 0
-3.75 1.5 0
-3.75 1 0
-3.4375 1 0
-3.75 1.125 0
-3.4375 1.125 0
-3.4375 1 0
-3.125 1 0
-3.4375 1.125 0
-3.125 1.125 0
-3.75 1.125 0
-3.4375 1.125 0
-3.75 1.25 0
-3.4375 1.25 0
-3.4375 1.125 0
-3.125 1.125 0
-3.4375 1.25 0
-3.125 1.25 0
-3.125 1 0
-2.8125 1 0
-3.125 1.125 0
-2.8125 1.125 0
-2.8125 1 0
-2.5 1 0
-2.8125 1.125 0
-2.5 1.125 0
-3.125 1.125 0
-2.8125 1.125 0
-3.125 1.25 0
-2.8125 1.25 0
-2.8125 1.125 0
-2.5 1.125 0
-2.8125 1.25 0
-2.5 1.25 0
-3.75 1.25 0
-3.4375 1.25 0
-3.75 1.375 0
-3.4375 1.375 0
-3.4375 1.25 0
-3.125 1.25 0
-3.4375 1.375 0
-3.125 1.375 0
-3.75 1.375 0
-3.4375 1.375 0
-3.75 1.5 0
-3.4375 1.5 0
-3.4375 1.375 0
-3.125 1.375 0
-3.4375 1.5 0
-3.125 1.5 0
-3.125 1.25 0
-2.8125 1.25 0
-3.125 1.375 0
-2.8125 1.375 0
-2.8125 1.25 0
-2.5 1.25 0
-2.8125 1.375 0
-2.5 1.375 0
-3.125 1.375 0
-2.8125 1.375 0
-3.125 1.5 0
-2.8125 1.5 0
-2.8125 1.375 0
-2.5 1.375 0
-2.8125 1.5 0
-2.5 1.5 0
-5 1.5 0
-4.6875 1.5 0
-5 1.625 0
-4.6875 1.625 0
-4.6875 1.5 0
-4.375 1.5 0
-4.6875 1.625 0
-4.375 1.625 0
-5 1.625 0
-4.6875 1.625 0
-5 1.75 0
-4.6875 1.75 0
-4.6875 1.625 0
-4.375 1.625 0
-4.6875 1.75 0
-4.375 1.75 0
-4.375 1.5 0
-4.0625 1.5 0
-4.375 1.625 0
-4.0625 1.625 0
-4.0625 1.5 0
-3.75 1.5 0
-4.0625 1.625 0
-3.75 1.625 0
-4.375 1.625 0
-4.0625 1.625 0
-4.375 1.75 0
-4.0625 1.75 0
-4.0625 1.625 0
-3.75 1.625 0
-4.0625 1.75 0
-3.75 1.75 0
-5 1.75 0
-4.6875 1.75 0
-5 1.875 0
-4.6875 1.875 0
-4.6875 1.75 0
-4.375 1.75 0
-4.6875 1.875 0
-4.375 1.875 0
-5 1.875 0
-4.6875 1.875 0
-5 2 0
-4.6875 2 0
-4.6875 1.875 0
-4.375 1.875 0
-4.6875 2 0
-4.375 2 0
-4.375 1.75 0
-4.0625 1.75 0
-4.375 1.875 0
-4.0625 1.875 0
-4.0625 1.75 0
-3.75 1.75 0
-4.0625 1.875 0
-3.75 1.875 0
-4.375 1.875 0
-4.0625 1.875 0
-4.375 2 0
-4.0625 2 0
-4.0625 1.875 0
-3.75 1.875 0
-4.0625 2 0
-3.75 2 0
-3.75 1.5 0
-3.4375 1.5 0
-3.75 1.625 0
-3.4375 1.625 0
-3.4375 1.5 0
-3.125 1.5 0
-3.4375 1.625 0
-3.125 1.625 0
-3.75 1.625 0
-3.4375 1.625 0
-3.75 1.75 0
-3.4375 1.75 0
-3.4375 1.625 0
-3.125 1.625 0
-3.4375 1.75 0
-3.125 1.75 0
-3.125 1.5 0
-2.8125 1.5 0
-3.125 1.625 0
-2.8125 1.625 0
-2.8125 1.5 0
-2.5 1.5 0
-2.8125 1.625 0
-2.5 1.625 0
-3.125 1.625 0
-2.8125 1.625 0
-3.125 1.75 0
-2.8125 1.75 0
-2.8125 1.625 0
-2.5 1.625 0
-2.8125 1.75 0
-2.5 1.75 0
-3.75 1.75 0
-3.4375 1.75 0
-3.75 1.875 0
-3.4375 1.875 0
-3.4375 1.75 0
-3.125 1.75 0
-3.4375 1.875 0
-3.125 1.875 0
-3.75 1.875 0
-3.4375 1.875 0
-3.75 2 0
-3.4375 2 0
-3.4375 1.875 0
-3.125 1.875 0
-3.4375 2 0
-3.125 2 0
-3.125 1.75 0
-2.8125 1.75 0
-3.125 1.875 0
-2.8125 1.875 0
-2.8125 1.75 0
-2.5 1.75 0
-2.8125 1.875 0
-2.5 1.875 0
-3.125 1.875 0
-2.8125 1.875 0
-3.125 2 0
-2.8125 2 0
-2.8125 1.875 0
-2.5 1.875 0
-2.8125 2 0
-2.5 2 0
-2.5 1 0
-2.1875 1 0
-2.5 1.125 0
-2.1875 1.125 0
-2.1875 1 0
-1.875 1 0
-2.1875 1.125 0
-1.875 1.125 0
-2.5 1.125 0
-2.1875 1.125 0
-2.5 1.25 0
-2.1875 1.25 0
-2.1875 1.125 0
-1.875 1.125 0
-2.1875 1.25 0
-1.875 1.25 0
-1.875 1 0
-1.5625 1 0
-1.875 1.125 0
-1.5625 1.125 0
-1.5625 1 0
-1.25 1 0
-1.5625 1.125 0
-1.25 1.125 0
-1.875 1.125 0
-1.5625 1.125 0
-1.875 1.25 0
-1.5625 1.25 0
-1.5625 1.125 0
-1.25 1.125 0
-1.5625 1.25 0
-1.25 1.25 0
-2.5 1.25 0
-2.1875 1.25 0
-2.5 1.375 0
-2.1875 1.375 0
-2.1875 1.25 0
-1.875 1.25 0
-2.1875 1.375 0
-1.875 1.375 0
-2.5 1.375 0
-2.1875 1.375 0
-2.5 1.5 0
-2.1875 1.5 0
-2.1875 1.375 0
-1.875 1.375 0
-2.1875 1.5 0
-1.875 1.5 0
-1.875 1.25 0
-1.5625 1.25 0
-1.875 1.375 0
-1.5625 1.375 0
-1.5625 1.25 0
-1.25 1.25 0
-1.5625 1.375 0
-1.25 1.375 0
-1.875 1.375 0
-1.5625 1.375 0
-1.875 1.5 0
-1.5625 1.5 0
-1.5625 1.375 0
-1.25 1.375 0
-1.5625 1.5 0
-1.25 1.5 0
-1.25 1 0
-0.9375 1 0
-1.25 1.125 0
-0.9375 1.125 0
-0.9375 1 0
-0.625 1 0
-0.9375 1.125 0
-0.625 1.125 0
-1.25 1.125 0
-0.9375 1.125 0
-1.25 1.25 0
-0.9375 1.25 0
-0.9375 1.125 0
-0.625 1.125 0
-0.9375 1.25 0
-0.625 1.25 0
-0.625 1 0
-0.3125 1 0
-0.625 1.125 0
-0.3125 1.125 0
-0.3125 1 0
0 1 0
-0.3125 1.125 0
0 1.125 0
-0.625 1.125 0
-0.3125 1.125 0
-0.625 1.25 0
-0.3125 1.25 0
-0.3125 1.125 0
0 1.125 0
-0.3125 1.25 0
0 1.25 0
-1.25 1.25 0
-0.9375 1.25 0
-1.25 1.375 0
-0.9375 1.375 0
-0.9375 1.25 0
-0.625 1.25 0
-0.9375 1.375 0
-0.625 1.375 0
-1.25 1.375 0
-0.9375 1.375 0
-1.25 1.5 0
-0.9375 1.5 0
-0.9375 1.375 0
-0.625 1.375 0
-0.9375 1.5 0
-0.625 1.5 0
-0.625 1.25 0
-0.3125 1.25 0
-0.625 1.375 0
-0.3125 1.375 0
-0.3125 1.25 0
0 1.25 0
-0.3125 1.375 0
0 1.375 0
-0.625 1.375 0
-0.3125 1.375 0
-0.625 1.5 0
-0.3125 1.5 0
-0.3125 1.375 0
0 1.375 0
-0.3125 1.5 0
0 1.5 0
-2.5 1.5 0
-2.1875 1.5 0
-2.5 1.625 0
-2.1875 1.625 0
-2.1875 1.5 0
-1.875 1.5 0
-2.1875 1.625 0
-1.875 1.625 0
-2.5 1.625 0
-2.1875 1.625 0
-2.5 1.75 0
-2.1875 1.75 0
-2.1875 1.625 0
-1.875 1.625 0
-2.1875 1.75 0
-1.875 1.75 0
-1.875 1.5 0
-1.5625 1.5 0
-1.875 1.625 0
-1.5625 1.625 0
-1.5625 1.5 0
-1.25 1.5 0
-1.5625 1.625 0
-1.25 1.625 0
-1.875 1.625 0
-1.5625 1.625 0
-1.875 1.75 0
-1.5625 1.75 0
-1.5625 1.625 0
-1.25 1.625 0
-1.5625 1.75 0
-1.25 1.75 0
-2.5 1.75 0
-2.1875 1.75 0
-2.5 1.875 0
-2.1875 1.875 0
-2.1875 1.75 0
-1.875 1.75 0
-2.1875 1.875 0
-1.875 1.875 0
-2.5 1.875 0
-2.1875 1.875 0
-2.5 2 0
-2.1875 2 0
-2.1875 1.875 0
-1.875 1.875 0
-2.1875 2 0
-1.875 2 0
-1.875 1.75 0
-1.5625 1.75 0
-1.875 1.875 0
-1.5625 1.875 0
-1.5625 1.75 0
-1.25 1.75 0
-1.5625 1.875 0
-1.25 1.875 0
-1.875 1.875 0
-1.5625 1.875 0
-1.875 2 0
-1.5625 2 0
-1.5625 1.875 0
-1.25 1.875 0
-1.5625 2 0
-1.25 2 0
-1.25 1.5 0
-0.9375 1.5 0
-1.25 1.625 0
-0.9375 1.625 0
-0.9375 1.5 0
-0.625 1.5 0
-0.9375 1.625 0
-0.625 1.625 0
-1.25 1.625 0
-0.9375 1.625 0
-1.25 1.75 0
-0.9375 1.75 0
-0.9375 1.625 0
-0.625 1.625 0
-0.9375 1.75 0
-0.625 1.75 0
-0.625 1.5 0
-0.3125 1.5 0
-0.625 1.625 0
-0.3125 1.625 0
-0.3125 1.5 0
0 1.5 0
-0.3125 1.625 0
0 1.625 0
-0.625 1.625 0
-0.3125 1.625 0
-0.625 1.75 0
-0.3125 1.75 0
-0.3125 1.625 0
0 1.625 0
-0.3125 1.75 0
0 1.75 0
-1.25 1.75 0
-0.9375 1.75 0
-1.25 1.875 0
-0.9375 1.875 0
-0.9375 1.75 0
-0.625 1.75 0
-0.9375 1.875 0
-0.625 1.875 0
-1.25 1.875 0
-0.9375 1.875 0
-1.25 2 0
-0.9375 2 0
-0.9375 1.875 0
-0.625 1.875 0
-0.9375 2 0
-0.625 2 0
-0.625 1.75 0
-0.3125 1.75 0
-0.625 1.875 0
-0.3125 1.875 0
-0.3125 1.75 0
0 1.75 0
-0.3125 1.875 0
0 1.875 0
-0.625 1.875 0
-0.3125 1.875 0
-0.625 2 0
-0.3125 2 0
-0.3125 1.875 0
0 1.875 0
-0.3125 2 0
0 2 0
0 1 0
0.3125 1 0
0 1.125 0
0.3125 1.125 0
0.3125 1 0
0.625 1 0
0.3125 1.125 0
0.625 1.125 0
0 1.125 0
0.3125 1.125 0
0 1.25 0
0.3125 1.25 0
0.3125 1.125 0
0.625 1.125 0
0.3125 1.25 0
0.625 1.25 0
0.625 1 0
0.9375 1 0
0.625 1.125 0
0.9375 1.125 0
0.9375 1 0
1.25 1 0
0.9375 1.125 0
1.25 1.125 0
0.625 1.125 0
0.9375 1.125 0
0.625 1.25 0
0.9375 1.25 0
0.9375 1.125 0
1.25 1.125 0
0.9375 1.25 0
1.25 1.25 0
0 1.25 0
0.3125 1.25 0
0 1.375 0
0.3125 1.375 0
0.3125 1.25 0
0.625 1.25 0
0.3125 1.375 0
0.625 1.375 0
0 1.375 0
0.3125 1.375 0
0 1.5 0
0.3125 1.5 0
0.3125 1.375 0
0.625 1.375 0
0.3125 1.5 0
0.625 1.5 0
0.625 1.25 0
0.9375 1.25 0
0.625 1.375 0
0.9375 1.375 0
0.9375 1.25 0
1.25 1.25 0
0.9375 1.375 0
1.25 1.375 0
0.625 1.375 0
0.9375 1.375 0
0.625 1.5 0
0.9375 1.5 0
0.9375 1.375 0
1.25 1.375 0
0.9375 1.5 0
1.25 1.5 0
1.25 1 0
1.5625 1 0
1.25 1.125 0
1.5625 1.125 0
1.5625 1 0
1.875 1 0
1.5625 1.125 0
1.875 1.125 0
1.25 1.125 0
1.5625 1.125 0
1.25 1.25 0
1.5625 1.25 0
1.5625 1.125 0
1.875 1.125 0
1.5625 1.25 0
1.875 1.25 0
1.875 1 0
2.1875 1 0
1.875 1.125 0
2.1875 1.125 0
2.1875 1 0
2.5 1 0
2.1875 1.125 0
2.5 1.125 0
1.875 1.125 0
2.1875 1.125 0
1.875 1.25 0
2.1875 1.25 0
2.1875 1.125 0
2.5 1.125 0
2.1875 1.25 0
2.5 1.25 0
1.25 1.25 0
1.5625 1.25 0
1.25 1.375 0
1.5625 1.375 0
1.5625 1.25 0
1.875 1.25 0
1.5625 1.375 0
1.875 1.375 0
1.25 1.375 0
1.5625 1.375 0
1.25 1.5 0
1.5625 1.5 0
1.5625 1.375 0
1.875 1.375 0
1.5625 1.5 0
1.875 1.5 0
1.875 1.25 0
2.1875 1.25 0
1.875 1.375 0
2.1875 1.375 0
2.1875 1.25 0
2.5 1.25 0
2.1875 1.375 0
2.5 1.375 0
1.875 1.375 0
2.1875 1.375 0
1.875 1.5 0
2.1875 1.5 0
2.1875 1.375 0
2.5 1.375 0
2.1875 1.5 0
2.5 1.5 0
0 1.5 0
0.3125 1.5 0
0 1.625 0
0.3125 1.625 0
0.3125 1.5 0
0.625 1.5 0
0.3125 1.625 0
0.625 1.625 0
0 1.625 0
0.3125 1.625 0
0 1.75 0
0.3125 1.75 0
0.3125 1.625 0
0.625 1.625 0
0.3125 1.75 0
0.625 1.75 0
0.625 1.5 0
0.9375 1.5 0
0.625 1.625 0
0.9375 1.625 0
0.9375 1.5 0
1.25 1.5 0
0.9375 1.625 0
1.25 1.625 0
0.625 1.625 0
0.9375 1.625 0
0.625 1.75 0
0.9375 1.75 0
0.9375 1.625 0
1.25 1.625 0
0.9375 1.75 0
1.25 1.75 0
0 1.75 0
0.3125 1.75 0
0 1.875 0
0.3125 1.875 0
0.3125 1.75 0
0.625 1.75 0
0.3125 1.875 0
0.625 1.875 0
0 1.875 0
0.3125 1.875 0
0 2 0
0.3125 2 0
0.3125 1.875 0
0.625 1.875 0
0.3125 2 0
0.625 2 0
0.625 1.75 0
0.9375 1.75 0
0.625 1.875 0
0.9375 1.875 0
0.9375 1.75 0
1.25 1.75 0
0.9375 1.875 0
1.25 1.875 0
0.625 1.875 0
0.9375 1.875 0
0.625 2 0
0.9375 2 0
0.9375 1.875 0
1.25 1.875 0
0.9375 2 0
1.25 2 0
1.25 1.5 0
1.5625 1.5 0
1.25 1.625 0
1.5625 1.625 0
1.5625 1.5 0
1.875 1.5 0
1.5625 1.625 0
1.875 1.625 0
1.25 1.625 0
1.5625 1.625 0
1.25 1.75 0
1.5625 1.75 0
1.5625 1.625 0
1.875 1.625 0
1.5625 1.75 0
1.875 1.75 0
1.875 1.5 0
2.1875 1.5 0
1.875 1.625 0
2.1875 1.625 0
2.1875 1.5 0
2.5 1.5 0
2.1875 1.625 0
2.5 1.625 0
1.875 1.625 0
2.1875 1.625 0
1.875 1.75 0
2.1875 1.75 0
2.1875 1.625 0
2.5 1.625 0
2.1875 1.75 0
2.5 1.75 0
1.25 1.75 0
1.5625 1.75 0
1.25 1.875 0
1.5625 1.875 0
1.5625 1.75 0
1.875 1.75 0
1.5625 1.875 0
1.875 1.875 0
1.25 1.875 0
1.5625 1.875 0
1.25 2 0
1.5625 2 0
1.5625 1.875 0
1.875 1.875 0
1.5625 2 0
1.875 2 0
1.875 1.75 0
2.1875 1.75 0
1.875 1.875 0
2.1875 1.875 0
2.1875 1.75 0
2.5 1.75 0
2.1875 1.875 0
2.5 1.875 0
1.875 1.875 0
2.1875 1.875 0
1.875 2 0
2.1875 2 0
2.1875 1.875 0
2.5 1.875 0
2.1875 2 0
2.5 2 0
2.5 1 0
2.8125 1 0
2.5 1.125 0
2.8125 1.125 0
2.8125 1 0
3.125 1 0
2.8125 1.125 0
3.125 1.125 0
2.5 1.125 0
2.8125 1.125 0
2.5 1.25 0
2.8125 1.25 0
2.8125 1.125 0
3.125 1.125 0
2.8125 1.25 0
3.125 1.25 0
3.125 1 0
3.4375 1 0
3.125 1.125 0
3.4375 1.125 0
3.4375 1 0
3.75 1 0
3.4375 1.125 0
3.75 1.125 0
3.125 1.125 0
3.4375 1.125 0
3.125 1.25 0
3.4375 1.25 0
3.4375 1.125 0
3.75 1.125 0
3.4375 1.25 0
3.75 1.25 0
2.5 1.25 0
2.8125 1.25 0
2.5 1.375 0
2.8125 1.375 0
2.8125 1.25 0
3.125 1.25 0
2.8125 1.375 0
3.125 1.375 0
2.5 1.375 0
2.8125 1.375 0
2.5 1.5 0
2.8125 1.5 0
2.8125 1.375 0
3.125 1.375 0
2.8125 1.5 0
3.125 1.5 0
3.125 1.25 0
3.4375 1.25 0
3.125 1.375 0
3.4375 1.375 0
3.4375 1.25 0
3.75 1.25 0
3.4375 1.375 0
3.75 1.375 0
3.125 1.375 0
3.4375 1.375 0
3.125 1.5 0
3.4375 1.5 0
3.4375 1.375 0
3.75 1.375 0
3.4375 1.5 0
3.75 1.5 0
3.75 1 0
4.0625 1 0
3.75 1.125 0
4.0625 1.125 0
4.0625 1 0
4.375 1 0
4.0625 1.125 0
4.375 1.125 0
3.75 1.125 0
4.0625 1.125 0
3.75 1.25 0
4.0625 1.25 0
4.0625 1.125 0
4.375 1.125 0
4.0625 1.25 0
4.375 1.25 0
4.375 1 0
4.6875 1 0
4.375 1.125 0
4.6875 1.125 0
4.6875 1 0
5 1 0
4.6875 1.125 0
5 1.125 0
4.375 1.125 0
4.6875 1.125 0
4.375 1.25 0
4.6875 1.25 0
4.6875 1.125 0
5 1.125 0
4.6875 1.25 0
5 1.25 0
3.75 1.25 0
4.0625 1.25 0
3.75 1.375 0
4.0625 1.375 0
4.0625 1.25 0
4.375 1.25 0
4.0625 1.375 0
4.375 1.375 0
3.75 1.375 0
4.0625 1.375 0
3.75 1.5 0
4.0625 1.5 0
4.0625 1.375 0
4.375 1.375 0
4.0625 1.5 0
4.375 1.5 0
4.375 1.25 0
4.6875 1.25 0
4.375 1.375 0
4.6875 1.375 0
4.6875 1.25 0
5 1.25 0
4.6875 1.375 0
5 1.375 0
4.375 1.375 0
4.6875 1.375 0
4.375 1.5 0
4.6875 1.5 0
4.6875 1.375 0
5 1.375 0
4.6875 1.5 0
5 1.5 0
2.5 1.5 0
2.8125 1.5 0
2.5 1.625 0
2.8125 1.625 0
2.8125 1.5 0
3.125 1.5 0
2.8125 1.625 0
3.125 1.625 0
2.5 1.625 0
2.8125 1.625 0
2.5 1.75 0
2.8125 1.75 0
2.8125 1.625 0
3.125 1.625 0
2.8125 1.75 0
3.125 1.75 0
3.125 1.5 0
3.4375 1.5 0
3.125 1.625 0
3.4375 1.625 0
3.4375 1.5 0
3.75 1.5 0
3.4375 1.625 0
3.75 1.625 0
3.125 1.625 0
3.4375 1.625 0
3.125 1.75 0
3.4375 1.75 0
3.4375 1.625 0
3.75 1.625 0
3.4375 1.75 0
3.75 1.75 0
2.5 1.75 0
2.8125 1.75 0
2.5 1.875 0
2.8125 1.875 0
2.8125 1.75 0
3.125 1.75 0
2.8125 1.875 0
3.125 1.875 0
2.5 1.875 0
2.8125 1.875 0
2.5 2 0
2.8125 2 0
2.8125 1.875 0
3.125 1.875 0
2.8125 2 0
3.125 2 0
3.125 1.75 0
3.4375 1.75 0
3.125 1.875 0
3.4375 1.875 0
3.4375 1.75 0
3.75 1.75 0
3.4375 1.875 0
3.75 1.875 0
3.125 1.875 0
3.4375 1.875 0
3.125 2 0
3.4375 2 0
3.4375 1.875 0
3.75 1.875 0
3.4375 2 0
3.75 2 0
3.75 1.5 0
4.0625 1.5 0
3.75 1.625 0
4.0625 1.625 0
4.0625 1.5 0
4.375 1.5 0
4.0625 1.625 0
4.375 1.625 0
3.75 1.625 0
4.0625 1.625 0
3.75 1.75 0
4.0625 1.75 0
4.0625 1.625 0
4.375 1.625 0
4.0625 1.75 0
4.375 1.75 0
4.375 1.5 0
4.6875 1.5 0
4.375 1.625 0
4.6875 1.625 0
4.6875 1.5 0
5 1.5 0
4.6875 1.625 0
5 1.625 0
4.375 1.625 0
4.6875 1.625 0
4.375 1.75 0
4.6875 1.75 0
4.6875 1.625 0
5 1.625 0
4.6875 1.75 0
5 1.75 0
3.75 1.75 0
4.0625 1.75 0
3.75 1.875 0
4.0625 1.875 0
4.0625 1.75 0
4.375 1.75 0
4.0625 1.875 0
4.375 1.875 0
3.75 1.875 0
4.0625 1.875 0
3.75 2 0
4.0625 2 0
4.0625 1.875 0
4.375 1.875 0
4.0625 2 0
4.375 2 0
4.375 1.75 0
4.6875 1.75 0
4.375 1.875 0
4.6875 1.875 0
4.6875 1.75 0
5 1.75 0
4.6875 1.875 0
5 1.875 0
4.375 1.875 0
4.6875 1.875 0
4.375 2 0
4.6875 2 0
4.6875 1.875 0
5 1.875 0
4.6875 2 0
5 2 0

CELLS 1024 5120
4	0	1	3	2
4	4	5	7	6
4	8	9	11	10
4	12	13	15	14
4	16	17	19	18
4	20	21	23	22
4	24	25	27	26
4	28	29	31	30
4	32	33	35	34
4	36	37	39	38
4	40	41	43	42
4	44	45	47	46
4	48	49	51	50
4	52	53	55	54
4	56	57	59	58
4	60	61	63	62
4	64	65	67	66
4	68	69	71	70
4	72	73	75	74
4	76	77	79	78
4	80	81	83	82
4	84	85	87	86
4	88	89	91	90
4	92	93	95	94
4	96	97	99	98
4	100	101	103	102
4	104	105	107	106
4	108	109	111	110
4	112	113	115	114
4	116	117	119	118
4	120	121	123	122
4	124	125	127	126
4	128	129	131	130
4	132	133	135	134
4	136	137	139	138
4	140	141	143	142
4	144	145	147	146
4	148	149	151	150
4	152	153	155	154
4	156	157	159	158
4	160	161	163	162
4	164	165	167	166
4	168	169	171	170
4	172	173	175	174
4	176	177	179	178
4	180	181	183	182
4	184	185	187	186
4	188	189	191	190
4	192	193	195	194
4	196	197	199	198
4	200	201	203	202
4	204	205	207	206
4	208	209	211	210
4	212	213	215	214
4	216	217	219	218
4	220	221	223	222
4	224	225	227	226
4	228	229	231	230
4	232	233	235	234
4	236	237	239	238
4	240	241	243	242
4	244	245	247	246
4	248	249	251	250
4	252	253	255	254
4	256	257	259	258
4	260	261	263	262
4	264	265	267	266
4	268	269	271	270
4	272	273	275	274
4	276	277	279	278
4	280	281	283	282
4	284	285	287	286
4	288	289	291	290
4	292	293	295	294
4	296	297	299	298
4	300	301	303	302
4	304	305	307	306
4	308	309	311	310
4	312	313	315	314
4	316	317	319	318
4	320	321	323	322
4	324	325	327	326
4	328	329	331	330
4	332	333	335	334
4	336	337	339	338
4	340	341	343	342
4	344	345	347	346
4	348	349	351	350
4	352	353	355	354
4	356	357	359	358
4	360	361	363	362
4	364	365	367	366
4	368	369	371	370
4	372	373	375	374
4	376	377	379	378
4	380	381	383	382
4	384	385	387	386
4	388	389	391	390
4	392	393	395	394
4	396	397	399	398
4	400	401	403	402
4	404	405	407	406
4	408	409	411	410
4	412	413	415	414
4	416	417	419	418
4	420	421	423	422
4	424	425	427	426
4	428	429	431	430
4	432	433	435	434
4	436	437	439	438
4	440	441	443	442
4	444	445	447	446
4	448	449	451	450
4	452	453	455	454
4	456	457	459	458
4	460	461	463	462
4	464	465	467	466
4	468	469	471	470
4	472	473	475	474
4	476	477	479	478
4	480	481	483	482
4	484	485	487	486
4	488	489	491	490
4	492	493	495	494
4	496	497	499	498
4	500	501	503	502
4	504	505	507	506
4	508	509	511	510
4	512	513	515	514
4	516	517	519	518
4	520	521	523	522
4	524	525	527	526
4	528	529	531	530
4	532	533	535	534
4	536	537	539	538
4	540	541	543	542
4	544	545	547	546
4	548	549	551	550
4	552	553	555	554
4	556	557	559	558
4	560	561	563	562
4	564	565	567	566
4	568	569	571	570
4	572	573	575	574
4	576	577	579	578
4	580	581	583	582
4	584	585	587	586
4	588	589	591	590
4	592	593	595	594
4	596	597	599	598
4	600	601	603	602
4	604	605	607	606
4	608	609	611	610
4	612	613	615	614
4	616	617	619	618
4	620	621	623	622
4	624	625	627	626
4	628	629	631	630
4	632	633	635	634
4	636	637	639	638
4	640	641	643	642
4	644	645	647	646
4	648	649	651	650
4	652	653	655	654
4	656	657	659	658
4	660	661	663	662
4	664	665	667	666
4	668	669	671	670
4	672	673	675	674
4	676	677	679	678
4	680	681	683	682
4	684	685	687	686
4	688	689	691	690
4	692	693	695	694
4	696	697	699	698
4	700	701	703	702
4	704	705	707	706
4	708	709	711	710
4	712	713	715	714
4	716	717	719	718
4	720	721	723	722
4	724	725	727	726
4	728	729	731	730
4	732	733	735	734
4	736	737	739	738
4	740	741	743	742
4	744	745	747	746
4	748	749	751	750
4	752	753	755	754
4	756	757	759	758
4	760	761	763	762
4	764	765	767	766
4	768	769	771	770
4	772	773	775	774
4	776	777	779	778
4	780	781	783	782
4	784	785	787	786
4	788	789	791	790
4	792	793	795	794
4	796	797	799	798
4	800	801	803	802
4	804	805	807	806
4	808	809	811	810
4	812	813	815	814
4	816	817	819	818
4	820	821	823	822
4	824	825	827	826
4	828	829	831	830
4	832	833	835	834
4	836	837	839	838
4	840	841	843	842
4	844	845	847	846
4	848	849	851	850
4	852	853	855	854
4	856	857	859	858
4	860	861	863	862
4	864	865	867	866
4	868	869	871	870
4	872	873	875	874
4	876	877	879	878
4	880	881	883	882
4	884	885	887	886
4	888	889	891	890
4	892	893	895	894
4	896	897	899	898
4	900	901	903	902
4	904	905	907	906
4	908	909	911	910
4	912	913	915	914
4	916	917	919	918
4	920	921	923	922
4	924	925	927	926
4	928	929	931	930
4	932	933	935	934
4	936	937	939	938
4	940	941	943	942
4	944	945	947	946
4	948	949	951	950
4	952	953	955	954
4	956	957	959	958
4	960	961	963	962
4	964	965	967	966
4	968	969	971	970
4	972	973	975	974
4	976	977	979	978
4	980	981	983	982
4	984	985	987	986
4	988	989	991	990
4	992	993	995	994
4	996	997	999	998
4	1000	1001	1003	1002
4	1004	1005	1007	1006
4	1008	1009	1011	1010
4	1012	1013	1015	1014
4	1016	1017	1019	1018
4	1020	1021	1023	1022
4	1024	1025	1027	1026
4	1028	1029	1031	1030
4	1032	1033	1035	1034
4	1036	1037	1039	1038
4	1040	1041	1043	1042
4	1044	1045	1047	1046
4	1048	1049	1051	1050
4	1052	1053	1055	1054
4	1056	1057	1059	1058
4	1060	1061	1063	1062
4	1064	1065	1067	1066
4	1068	1069	1071	1070
4	1072	1073	1075	1074
4	1076	1077	1079	1078
4	1080	1081	1083	1082
4	1084	1085	1087	1086
4	1088	1089	1091	1090
4	1092	1093	1095	1094
4	1096	1097	1099	1098
4	1100	1101	1103	1102
4	1104	1105	1107	1106
4	1108	1109	1111	1110
4	1112	1113	1115	1114
4	1116	1117	1119	1118
4	1120	1121	1123	1122
4	1124	1125	1127	1126
4	1128	1129	1131	1130
4	1132	1133	1135	1134
4	1136	1137	1139	1138
4	1140	1141	1143	1142
4	1144	1145	1147	1146
4	1148	1149	1151	1150
4	1152	1153	1155	1154
4	1156	1157	1159	1158
4	1160	1161	1163	1162
4	1164	1165	1167	1166
4	1168	1169	1171	1170
4	1172	1173	1175	1174
4	1176	1177	1179	1178
4	1180	1181	1183	1182
4	1184	1185	1187	1186
4	1188	1189	1191	1190
4	1192	1193	1195	1194
4	1196	1197	1199	1198
4	1200	1201	1203	1202
4	1204	1205	1207	1206
4	1208	1209	1211	1210
4	1212	1213	1215	1214
4	1216	1217	1219	1218
4	1220	1221	1223	1222
4	1224	1225	1227	1226
4	1228	1229	1231	1230
4	1232	1233	1235	1234
4	1236	1237	1239	1238
4	1240	1241	1243	1242
4	1244	1245	1247	1246
4	1248	1249	1251	1250
4	1252	1253	1255	1254
4	1256	1257	1259	1258
4	1260	1261	1263	1262
4	1264	1265	1267	1266
4	1268	1269	1271	1270
4	1272	1273	1275	1274
4	1276	1277	1279	1278
4	1280	1281	1283	1282
4	1284	1285	1287	1286
4	1288	1289	1291	1290
4	1292	1293	1295	1294
4	1296	1297	1299	1298
4	1300	1301	1303	1302
4	1304	1305	1307	1306
4	1308	1309	1311	1310
4	1312	1313	1315	1314
4	1316	1317	1319	1318
4	1320	1321	1323	1322
4	1324	1325	1327	1326
4	1328	1329	1331	1330
4	1332	1333	1335	1334
4	1336	1337	1339	1338
4	1340	1341	1343	1342
4	1344	1345	1347	1346
4	1348	1349	1351	1350
4	1352	1353	1355	1354
4	1356	1357	1359	1358
4	1360	1361	1363	1362
4	1364	1365	1367	1366
4	1368	1369	1371	1370
4	1372	1373	1375	1374
4	1376	1377	1379	1378
4	1380	1381	1383	1382
4	1384	1385	1387	1386
4	1388	1389	1391	1390
4	1392	1393	1395	1394
4	1396	1397	1399	1398
4	1400	1401	1403	1402
4	1404	1405	1407	1406
4	1408	1409	1411	1410
4	1412	1413	1415	1414
4	1416	1417	1419	1418
4	1420	1421	1423	1422
4	1424	1425	1427	1426
4	1428	1429	1431	1430
4	1432	1433	1435	1434
4	1436	1437	1439	1438
4	1440	1441	1443	1442
4	1444	1445	1447	1446
4	1448	1449	1451	1450
4	1452	1453	1455	1454
4	1456	1457	1459	1458
4	1460	1461	1463	1462
4	1464	1465	1467	1466
4	1468	1469	1471	1470
4	1472	1473	1475	1474
4	1476	1477	1479	1478
4	1480	1481	1483	1482
4	1484	1485	1487	1486
4	1488	1489	1491	1490
4	1492	1493	1495	1494
4	1496	1497	1499	1498
4	1500	1501	1503	1502
4	1504	1505	1507	1506
4	1508	1509	1511	1510
4	1512	1513	1515	1514
4	1516	1517	1519	1518
4	1520	1521	1523	1522
4	1524	1525	1527	1526
4	1528	1529	1531	1530
4	1532	1533	1535	1534
4	1536	1537	1539	1538
4	1540	1541	1543	1542
4	1544	1545	1547	1546
4	1548	1549	1551	1550
4	1552	1553	1555	1554
4	1556	1557	1559	1558
4	1560	1561	1563	1562
4	1564	1565	1567	1566
4	1568	1569	1571	1570
4	1572	1573	1575	1574
4	1576	1577	1579	1578
4	1580	1581	1583	1582
4	1584	1585	1587	1586
4	1588	1589	1591	1590
4	1592	1593	1595	1594
4	1596	1597	1599	1598
4	1600	1601	1603	1602
4	1604	1605	1607	1606
4	1608	1609	1611	1610
4	1612	1613	1615	1614
4	1616	1617	1619	1618
4	1620	1621	1623	1622
4	1624	1625	1627	1626
4	1628	1629	1631	1630
4	1632	1633	1635	1634
4	1636	1637	1639	1638
4	1640	1641	1643	1642
4	1644	1645	1647	1646
4	1648	1649	1651	1650
4	1652	1653	1655	1654
4	1656	1657	1659	1658
4	1660	1661	1663	1662
4	1664	1665	1667	1666
4	1668	1669	1671	1670
4	1672	1673	1675	1674
4	1676	1677	1679	1678
4	1680	1681	1683	1682
4	1684	1685	1687	1686
4	1688	1689	1691	1690
4	1692	1693	1695	1694
4	1696	1697	1699	1698
4	1700	1701	1703	1702
4	1704	1705	1707	1706
4	1708	1709	1711	1710
4	1712	1713	1715	1714
4	1716	1717	1719	1718
4	1720	1721	1723	1722
4	1724	1725	1727	1726
4	1728	1729	1731	1730
4	1732	1733	1735	1734
4	1736	1737	1739	1738
4	1740	1741	1743	1742
4	1744	1745	1747	1746
4	1748	1749	1751	1750
4	1752	1753	1755	1754
4	1756	1757	1759	1758
4	1760	1761	1763	1762
4	1764	1765	1767	1766
4	1768	1769	1771	1770
4	1772	1773	1775	1774
4	1776	1777	1779	1778
4	1780	1781	1783	1782
4	1784	1785	1787	1786
4	1788	1789	1791	1790
4	1792	1793	1795	1794
4	1796	1797	1799	1798
4	1800	1801	1803	1802
4	1804	1805	1807	1806
4	1808	1809	1811	1810
4	1812	1813	1815	1814
4	1816	1817	1819	1818
4	1820	1821	1823	1822
4	1824	1825	1827	1826
4	1828	1829	1831	1830
4	1832	1833	1835	1834
4	1836	1837	1839	1838
4	1840	1841	1843	1842
4	1844	1845	1847	1846
4	1848	1849	1851	1850
4	1852	1853	1855	1854
4	1856	1857	1859	1858
4	1860	1861	1863	1862
4	1864	1865	1867	1866
4	1868	1869	1871	1870
4	1872	1873	1875	1874
4	1876	1877	1879	1878
4	1880	1881	1883	1882
4	1884	1885	1887	1886
4	1888	1889	1891	1890
4	1892	1893	1895	1894
4	1896	1897	1899	1898
4	1900	1901	1903	1902
4	1904	1905	1907	1906
4	1908	1909	1911	1910
4	1912	1913	1915	1914
4	1916	1917	1919	1918
4	1920	1921	1923	1922
4	1924	1925	1927	1926
4	1928	1929	1931	1930
4	1932	1933	1935	1934
4	1936	1937	1939	1938
4	1940	1941	1943	1942
4	1944	1945	1947	1946
4	1948	1949	1951	1950
4	1952	1953	1955	1954
4	1956	1957	1959	1958
4	1960	1961	1963	1962
4	1964	1965	1967	1966
4	1968	1969	1971	1970
4	1972	1973	1975	1974
4	1976	1977	1979	1978
4	1980	1981	1983	1982
4	1984	1985	1987	1986
4	1988	1989	1991	1990
4	1992	1993	1995	1994
4	1996	1997	1999	1998
4	2000	2001	2003	2002
4	2004	2005	2007	2006
4	2008	2009	2011	2010
4	2012	2013	2015	2014
4	2016	2017	2019	2018
4	2020	2021	2023	2022
4	2024	2025	2027	2026
4	2028	2029	2031	2030
4	2032	2033	2035	2034
4	2036	2037	2039	2038
4	2040	2041	2043	2042
4	2044	2045	2047	2046
4	2048	2049	2051	2050
4	2052	2053	2055	2054
4	2056	2057	2059	2058
4	2060	2061	2063	2062
4	2064	2065	2067	2066
4	2068	2069	2071	2070
4	2072	2073	2075	2074
4	2076	2077	2079	2078
4	2080	2081	2083	2082
4	2084	2085	2087	2086
4	2088	2089	2091	2090
4	2092	2093	2095	2094
4	2096	2097	2099	2098
4	2100	2101	2103	2102
4	2104	2105	2107	2106
4	2108	2109	2111	2110
4	2112	2113	2115	2114
4	2116	2117	2119	2118
4	2120	2121	2123	2122
4	2124	2125	2127	2126
4	2128	2129	2131	2130
4	2132	2133	2135	2134
4	2136	2137	2139	2138
4	2140	2141	2143	2142
4	2144	2145	2147	2146
4	2148	2149	2151	2150
4	2152	2153	2155	2154
4	2156	2157	2159	2158
4	2160	2161	2163	2162
4	2164	2165	2167	2166
4	2168	2169	2171	2170
4	2172	2173	2175	2174
4	2176	2177	2179	2178
4	2180	2181	2183	2182
4	2184	2185	2187	2186
4	2188	2189	2191	2190
4	2192	2193	2195	2194
4	2196	2197	2199	2198
4	2200	2201	2203	2202
4	2204	2205	2207	2206
4	2208	2209	2211	2210
4	2212	2213	2215	2214
4	2216	2217	2219	2218
4	2220	2221	2223	2222
4	2224	2225	2227	2226
4	2228	2229	2231	2230
4	2232	2233	2235	2234
4	2236	2237	2239	2238
4	2240	2241	2243	2242
4	2244	2245	2247	2246
4	2248	2249	2251	2250
4	2252	2253	2255	2254
4	2256	2257	2259	2258
4	2260	2261	2263	2262
4	2264	2265	2267	2266
4	2268	2269	2271	2270
4	2272	2273	2275	2274
4	2276	2277	2279	2278
4	2280	2281	2283	2282
4	2284	2285	2287	2286
4	2288	2289	2291	2290
4	2292	2293	2295	2294
4	2296	2297	2299	2298
4	2300	2301	2303	2302
4	2304	2305	2307	2306
4	2308	2309	2311	2310
4	2312	2313	2315	2314
4	2316	2317	2319	2318
4	2320	2321	2323	2322
4	2324	2325	2327	2326
4	2328	2329	2331	2330
4	2332	2333	2335	2334
4	2336	2337	2339	2338
4	2340	2341	2343	2342
4	2344	2345	2347	2346
4	2348	2349	2351	2350
4	2352	2353	2355	2354
4	2356	2357	2359	2358
4	2360	2361	2363	2362
4	2364	2365	2367	2366
4	2368	2369	2371	2370
4	2372	2373	2375	2374
4	2376	2377	2379	2378
4	2380	2381	2383	2382
4	2384	2385	2387	2386
4	2388	2389	2391	2390
4	2392	2393	2395	2394
4	2396	2397	2399	2398
4	2400	2401	2403	2402
4	2404	2405	2407	2406
4	2408	2409	2411	2410
4	2412	2413	2415	2414
4	2416	2417	2419	2418
4	2420	2421	2423	2422
4	2424	2425	2427	2426
4	2428	2429	2431	2430
4	2432	2433	2435	2434
4	2436	2437	2439	2438
4	2440	2441	2443	2442
4	2444	2445	2447	2446
4	2448	2449	2451	2450
4	2452	2453	2455	2454
4	2456	2457	2459	2458
4	2460	2461	2463	2462
4	2464	2465	2467	2466
4	2468	2469	2471	2470
4	2472	2473	2475	2474
4	2476	2477	2479	2478
4	2480	2481	2483	2482
4	2484	2485	2487	2486
4	2488	2489	2491	2490
4	2492	2493	2495	2494
4	2496	2497	2499	2498
4	2500	2501	2503	2502
4	2504	2505	2507	2506
4	2508	2509	2511	2510
4	2512	2513	2515	2514
4	2516	2517	2519	2518
4	2520	2521	2523	2522
4	2524	2525	2527	2526
4	2528	2529	2531	2530
4	2532	2533	2535	2534
4	2536	2537	2539	2538
4	2540	2541	2543	2542
4	2544	2545	2547	2546
4	2548	2549	2551	2550
4	2552	2553	2555	2554
4	2556	2557	2559	2558
4	2560	2561	2563	2562
4	2564	2565	2567	2566
4	2568	2569	2571	2570
4	2572	2573	2575	2574
4	2576	2577	2579	2578
4	2580	2581	2583	2582
4	2584	2585	2587	2586
4	2588	2589	2591	2590
4	2592	2593	2595	2594
4	2596	2597	2599	2598
4	2600	2601	2603	2602
4	2604	2605	2607	2606
4	2608	2609	2611	2610
4	2612	2613	2615	2614
4	2616	2617	2619	2618
4	2620	2621	2623	2622
4	2624	2625	2627	2626
4	2628	2629	2631	2630
4	2632	2633	2635	2634
4	2636	2637	2639	2638
4	2640	2641	2643	2642
4	2644	2645	2647	2646
4	2648	2649	2651	2650
4	2652	2653	2655	2654
4	2656	2657	2659	2658
4	2660	2661	2663	2662
4	2664	2665	2667	2666
4	2668	2669	2671	2670
4	2672	2673	2675	2674
4	2676	2677	2679	2678
4	2680	2681	2683	2682
4	2684	2685	2687	2686
4	2688	2689	2691	2690
4	2692	2693	2695	2694
4	2696	2697	2699	2698
4	2700	2701	2703	2702
4	2704	2705	2707	2706
4	2708	2709	2711	2710
4	2712	2713	2715	2714
4	2716	2717	2719	2718
4	2720	2721	2723	2722
4	2724	2725	2727	2726
4	2728	2729	2731	2730
4	2732	2733	2735	2734
4	2736	2737	2739	2738
4	2740	2741	2743	2742
4	2744	2745	2747	2746
4	2748	2749	2751	2750
4	2752	2753	2755	2754
4	2756	2757	2759	2758
4	2760	2761	2763	2762
4	2764	2765	2767	2766
4	2768	2769	2771	2770
4	2772	2773	2775	2774
4	2776	2777	2779	2778
4	2780	2781	2783	2782
4	2784	2785	2787	2786
4	2788	2789	2791	2790
4	2792	2793	2795	2794
4	2796	2797	2799	2798
4	2800	2801	2803	2802
4	2804	2805	2807	2806
4	2808	2809	2811	2810
4	2812	2813	2815	2814
4	2816	2817	2819	2818
4	2820	2821	2823	2822
4	2824	2825	2827	2826
4	2828	2829	2831	2830
4	2832	2833	2835	2834
4	2836	2837	2839	2838
4	2840	2841	2843	2842
4	2844	2845	2847	2846
4	2848	2849	2851	2850
4	2852	2853	2855	2854
4	2856	2857	2859	2858
4	2860	2861	2863	2862
4	2864	2865	2867	2866
4	2868	2869	2871	2870
4	2872	2873	2875	2874
4	2876	2877	2879	2878
4	2880	2881	2883	2882
4	2884	2885	2887	2886
4	2888	2889	2891	2890
4	2892	2893	2895	2894
4	2896	2897	2899	2898
4	2900	2901	2903	2902
4	2904	2905	2907	2906
4	2908	2909	2911	2910
4	2912	2913	2915	2914
4	2916	2917	2919	2918
4	2920	2921	2923	2922
4	2924	2925	2927	2926
4	2928	2929	2931	2930
4	2932	2933	2935	2934
4	2936	2937	2939	2938
4	2940	2941	2943	2942
4	2944	2945	2947	2946
4	2948	2949	2951	2950
4	2952	2953	2955	2954
4	2956	2957	2959	2958
4	2960	2961	2963	2962
4	2964	2965	2967	2966
4	2968	2969	2971	2970
4	2972	2973	2975	2974
4	2976	2977	2979	2978
4	2980	2981	2983	2982
4	2984	2985	2987	2986
4	2988	2989	2991	2990
4	2992	2993	2995	2994
4	2996	2997	2999	2998
4	3000	3001	3003	3002
4	3004	3005	3007	3006
4	3008	3009	3011	3010
4	3012	3013	3015	3014
4	3016	3017	3019	3018
4	3020	3021	3023	3022
4	3024	3025	3027	3026
4	3028	3029	3031	3030
4	3032	3033	3035	3034
4	3036	3037	3039	3038
4	3040	3041	3043	3042
4	3044	3045	3047	3046
4	3048	3049	3051	3050
4	3052	3053	3055	3054
4	3056	3057	3059	3058
4	3060	3061	3063	3062
4	3064	3065	3067	3066
4	3068	3069	3071	3070
4	3072	3073	3075	3074
4	3076	3077	3079	3078
4	3080	3081	3083	3082
4	3084	3085	3087	3086
4	3088	3089	3091	3090
4	3092	3093	3095	3094
4	3096	3097	3099	3098
4	3100	3101	3103	3102
4	3104	3105	3107	3106
4	3108	3109	3111	3110
4	3112	3113	3115	3114
4	3116	3117	3119	3118
4	3120	3121	3123	3122
4	3124	3125	3127	3126
4	3128	3129	3131	3130
4	3132	3133	3135	3134
4	3136	3137	3139	3138
4	3140	3141	3143	3142
4	3144	3145	3147	3146
4	3148	3149	3151	3150
4	3152	3153	3155	3154
4	3156	3157	3159	3158
4	3160	3161	3163	3162
4	3164	3165	3167	3166
4	3168	3169	3171	3170
4	3172	3173	3175	3174
4	3176	3177	3179	3178
4	3180	3181	3183	3182
4	3184	3185	3187	3186
4	3188	3189	3191	3190
4	3192	3193	3195	3194
4	3196	3197	3199	3198
4	3200	3201	3203	3202
4	3204	3205	3207	3206
4	3208	3209	3211	3210
4	3212	3213	3215	3214
4	3216	3217	3219	3218
4	3220	3221	3223	3222
4	3224	3225	3227	3226
4	3228	3229	3231	3230
4	3232	3233	3235	3234
4	3236	3237	3239	3238
4	3240	3241	3243	3242
4	3244	3245	3247	3246
4	3248	3249	3251	3250
4	3252	3253	3255	3254
4	3256	3257	3259	3258
4	3260	3261	3263	3262
4	3264	3265	3267	3266
4	3268	3269	3271	3270
4	3272	3273	3275	3274
4	3276	3277	3279	3278
4	3280	3281	3283	3282
4	3284	3285	3287	3286
4	3288	3289	3291	3290
4	3292	3293	3295	3294
4	3296	3297	3299	3298
4	3300	3301	3303	3302
4	3304	3305	3307	3306
4	3308	3309	3311	3310
4	3312	3313	3315	3314
4	3316	3317	3319	3318
4	3320	3321	3323	3322
4	3324	3325	3327	3326
4	3328	3329	3331	3330
4	3332	3333	3335	3334
4	3336	3337	3339	3338
4	3340	3341	3343	3342
4	3344	3345	3347	3346
4	3348	3349	3351	3350
4	3352	3353	3355	3354
4	3356	3357	3359	3358
4	3360	3361	3363	3362
4	3364	3365	3367	3366
4	3368	3369	3371	3370
4	3372	3373	3375	3374
4	3376	3377	3379	3378
4	3380	3381	3383	3382
4	3384	3385	3387	3386
4	3388	3389	3391	3390
4	3392	3393	3395	3394
4	3396	3397	3399	3398
4	3400	3401	3403	3402
4	3404	3405	3407	3406
4	3408	3409	3411	3410
4	3412	3413	3415	3414
4	3416	3417	3419	3418
4	3420	3421	3423	3422
4	3424	3425	3427	3426
4	3428	3429	3431	3430
4	3432	3433	3435	3434
4	3436	3437	3439	3438
4	3440	3441	3443	3442
4	3444	3445	3447	3446
4	3448	3449	3451	3450
4	3452	3453	3455	3454
4	3456	3457	3459	3458
4	3460	3461	3463	3462
4	3464	3465	3467	3466
4	3468	3469	3471	3470
4	3472	3473	3475	3474
4	3476	3477	3479	3478
4	3480	3481	3483	3482
4	3484	3485	3487	3486
4	3488	3489	3491	3490
4	3492	3493	3495	3494
4	3496	3497	3499	3498
4	3500	3501	3503	3502
4	3504	3505	3507	3506
4	3508	3509	3511	3510
4	3512	3513	3515	3514
4	3516	3517	3519	3518
4	3520	3521	3523	3522
4	3524	3525	3527	3526
4	3528	3529	3531	3530
4	3532	3533	3535	3534
4	3536	3537	3539	3538
4	3540	3541	3543	3542
4	3544	3545	3547	3546
4	3548	3549	3551	3550
4	3552	3553	3555	3554
4	3556	3557	3559	3558
4	3560	3561	3563	3562
4	3564	3565	3567	3566
4	3568	3569	3571	3570
4	3572	3573	3575	3574
4	3576	3577	3579	3578
4	3580	3581	3583	3582
4	3584	3585	3587	3586
4	3588	3589	3591	3590
4	3592	3593	3595	3594
4	3596	3597	3599	3598
4	3600	3601	3603	3602
4	3604	3605	3607	3606
4	3608	3609	3611	3610
4	3612	3613	3615	3614
4	3616	3617	3619	3618
4	3620	3621	3623	3622
4	3624	3625	3627	3626
4	3628	3629	3631	3630
4	3632	3633	3635	3634
4	3636	3637	3639	3638
4	3640	3641	3643	3642
4	3644	3645	3647	3646
4	3648	3649	3651	3650
4	3652	3653	3655	3654
4	3656	3657	3659	3658
4	3660	3661	3663	3662
4	3664	3665	3667	3666
4	3668	3669	3671	3670
4	3672	3673	3675	3674
4	3676	3677	3679	3678
4	3680	3681	3683	3682
4	3684	3685	3687	3686
4	3688	3689	3691	3690
4	3692	3693	3695	3694
4	3696	3697	3699	3698
4	3700	3701	3703	3702
4	3704	3705	3707	3706
4	3708	3709	3711	3710
4	3712	3713	3715	3714
4	3716	3717	3719	3718
4	3720	3721	3723	3722
4	3724	3725	3727	3726
4	3728	3729	3731	3730
4	3732	3733	3735	3734
4	3736	3737	3739	3738
4	3740	3741	3743	3742
4	3744	3745	3747	3746
4	3748	3749	3751	3750
4	3752	3753	3755	3754
4	3756	3757	3759	3758
4	3760	3761	3763	3762
4	3764	3765	3767	3766
4	3768	3769	3771	3770
4	3772	3773	3775	3774
4	3776	3777	3779	3778
4	3780	3781	3783	3782
4	3784	3785	3787	3786
4	3788	3789	3791	3790
4	3792	3793	3795	3794
4	3796	3797	3799	3798
4	3800	3801	3803	3802
4	3804	3805	3807	3806
4	3808	3809	3811	3810
4	3812	3813	3815	3814
4	3816	3817	3819	3818
4	3820	3821	3823	3822
4	3824	3825	3827	3826
4	3828	3829	3831	3830
4	3832	3833	3835	3834
4	3836	3837	3839	3838
4	3840	3841	3843	3842
4	3844	3845	3847	3846
4	3848	3849	3851	3850
4	3852	3853	3855	3854
4	3856	3857	3859	3858
4	3860	3861	3863	3862
4	3864	3865	3867	3866
4	3868	3869	3871	3870
4	3872	3873	3875	3874
4	3876	3877	3879	3878
4	3880	3881	3883	3882
4	3884	3885	3887	3886
4	3888	3889	3891	3890
4	3892	3893	3895	3894
4	3896	3897	3899	3898
4	3900	3901	3903	3902
4	3904	3905	3907	3906
4	3908	3909	3911	3910
4	3912	3913	3915	3914
4	3916	3917	3919	3918
4	3920	3921	3923	3922
4	3924	3925	3927	3926
4	3928	3929	3931	3930
4	3932	3933	3935	3934
4	3936	3937	3939	3938
4	3940	3941	3943	3942
4	3944	3945	3947	3946
4	3948	3949	3951	3950
4	3952	3953	3955	3954
4	3956	3957	3959	3958
4	3960	3961	3963	3962
4	3964	3965	3967	3966
4	3968	3969	3971	3970
4	3972	3973	3975	3974
4	3976	3977	3979	3978
4	3980	3981	3983	3982
4	3984	3985	3987	3986
4	3988	3989	3991	3990
4	3992	3993	3995	3994
4	3996	3997	3999	3998
4	4000	4001	4003	4002
4	4004	4005	4007	4006
4	4008	4009	4011	4010
4	4012	4013	4015	4014
4	4016	4017	4019	4018
4	4020	4021	4023	4022
4	4024	4025	4027	4026
4	4028	4029	4031	4030
4	4032	4033	4035	4034
4	4036	4037	4039	4038
4	4040	4041	4043	4042
4	4044	4045	4047	4046
4	4048	4049	4051	4050
4	4052	4053	4055	4054
4	4056	4057	4059	4058
4	4060	4061	4063	4062
4	4064	4065	4067	4066
4	4068	4069	4071	4070
4	4072	4073	4075	4074
4	4076	4077	4079	4078
4	4080	4081	4083	4082
4	4084	4085	4087	4086
4	4088	4089	4091	4090
4	4092	4093	4095	4094

CELL_TYPES 1024
 9 9 9 9 9 9 9 9 9 9 9 9 9 9 9 9 9 9 9 9 9 9 9 9 9 9 9 9 9 9 9 9 9 9 9 9 9 9 9 9 9 9 9 9 9 9 9 9 9 9 9 9 9 9 9 9 9 9 9 9 9 9 9 9 9 9 9 9 9 9 9 9 9 9 9 9 9 9 9 9 9 9 9 9 9 9 9 9 9 9 9 9 9 9 9 9 9 9 9 9 9 9 9 9 9 9 9 9 9 9 9 9 9 9 9 9 9 9 9 9 9 9 9 9 9 9 9 9 9 9 9 9 9 9 9 9 9 9 9 9 9 9 9 9 9 9 9 9 9 9 9 9 9 9 9 9 9 9 9 9 9 9 9 9 9 9 9 9 9 9 9 9 9 9 9 9 9 9 9 9 9 9 9 9 9 9 9 9 9 9 9 9 9 9 9 9 9 9 9 9 9 9 9 9 9 9 9 9 9 9 9 9 9 9 9 9 9 9 9 9 9 9 9 9 9 9 9 9 9 9 9 9 9 9 9 9 9 9 9 9 9 9 9 9 9 9 9 9 9 9 9 9 9 9 9 9 9 9 9 9 9 9 9 9 9 9 9 9 9 9 9 9 9 9 9 9 9 9 9 9 9 9 9 9 9 9 9 9 9 9 9 9 9 9 9 9 9 9 9 9 9 9 9 9 9 9 9 9 9 9 9 9 9 9 9 9 9 9 9 9 9 9 9 9 9 9 9 9 9 9 9 9 9 9 9 9 9 9 9 9 9 9 9 9 9 9 9 9 9 9 9 9 9 9 9 9 9 9 9 9 9 9 9 9 9 9 9 9 9 9 9 9 9 9 9 9 9 9 9 9 9 9 9 9 9 9 9 9 9 9 9 9 9 9 9 9 9 9 9 9 9 9 9 9 9 9 9 9 9 9 9 9 9 9 9 9 9 9 9 9 9 9 9 9 9 9 9 9 9 9 9 9 9 9 9 9 9 9 9 9 9 9 9 9 9 9 9 9 9 9 9 9 9 9 9 9 9 9 9 9 9 9 9 9 9 9 9 9 9 9 9 9 9 9 9 9 9 9 9 9 9 9 9 9 9 9 9 9 9 9 9 9 9 9 9 9 9 9 9 9 9 9 9 9 9 9 9 9 9 9 9 9 9 9 9 9 9 9 9 9 9 9 9 9 9 9 9 9 9 9 9 9 9 9 9 9 9 9 9 9 9 9 9 9 9 9 9 9 9 9 9 9 9 9 9 9 9 9 9 9 9 9 9 9 9 9 9 9 9 9 9 9 9 9 9 9 9 9 9 9 9 9 9 9 9 9 9 9 9 9 9 9 9 9 9 9 9 9 9 9 9 9 9 9 9 9 9 9 9 9 9 9 9 9 9 9 9 9 9 9 9 9 9 9 9 9 9 9 9 9 9 9 9 9 9 9 9 9 9 9 9 9 9 9 9 9 9 9 9 9 9 9 9 9 9 9 9 9 9 9 9 9 9 9 9 9 9 9 9 9 9 9 9 9 9 9 9 9 9 9 9 9 9 9 9 9 9 9 9 9 9 9 9 9 9 9 9 9 9 9 9 9 9 9 9 9 9 9 9 9 9 9 9 9 9 9 9 9 9 9 9 9 9 9 9 9 9 9 9 9 9 9 9 9 9 9 9 9 9 9 9 9 9 9 9 9 9 9 9 9 9 9 9 9 9 9 9 9 9 9 9 9 9 9 9 9 9 9 9 9 9 9 9 9 9 9 9 9 9 9 9 9 9 9 9 9 9 9 9 9 9 9 9 9 9 9 9 9 9 9 9 9 9 9 9 9 9 9 9 9 9 9 9 9 9 9 9 9 9 9 9 9 9 9 9 9 9 9 9 9 9 9 9 9 9 9 9 9 9 9 9 9 9 9 9 9 9 9 9 9 9 9 9 9 9 9 9 9 9 9 9 9 9 9 9 9 9 9 9 9 9 9 9 9 9 9 9 9 9 9 9 9 9 9 9 9 9 9 9 9 9 9 9 9 9 9 9 9 9 9 9 9 9 9 9 9 9 9 9 9 9 9 9 9 9 9 9 9 9 9 9 9 9 9 9 9 9 9 9 9 9 9 9 9 9 9 9 9 9 9 9 9 9 9 9 9 9 9 9 9 9 9 9 9 9 9 9 9 9 9 9 9 9 9 9 9 9 9 9 9 9 9 9 9 9 9 9 9 9 9 9 9 9 9 9 9 9 9 9 9 9 9 9 9 9 9 9 9 9 9 9 9 9 9 9 9 9 9 9 9 9 9 9 9 9 9 9 9 9 9 9 9 9 9
POINT_DATA 4096
SCALARS x_velo double 1
LOOKUP_TABLE default
0 0 0 -1.97324e-10 0 0 -1.97324e-10 -4.18783e-10 0 -1.97324e-10 0 -3.69503e-10 -1.97324e-10 -4.18783e-10 -3.69503e-10 -8.18658e-10 0 0 -4.18783e-10 -7.03273e-10 0 0 -7.03273e-10 -1.04047e-09 -4.18783e-10 -7.03273e-10 -8.18658e-10 -1.36749e-09 -7.03273e-10 -1.04047e-09 -1.36749e-09 -2.01475e-09 0 -3.69503e-10 0 -5.21519e-10 -3.69503e-10 -8.18658e-10 -5.21519e-10 -1.1897e-09 0 -5.21519e-10 0 -6.59164e-10 -5.21519e-10 -1.1897e-09 -6.59164e-10 -1.52605e-09 -8.18658e-10 -1.36749e-09 -1.1897e-09 -1.97902e-09 -1.36749e-09 -2.01475e-09 -1.97902e-09 -2.90504e-09 -1.1897e-09 -1.97902e-09 -1.52605e-09 -2.5256e-09 -1.97902e-09 -2.90504e-09 -2.5256e-09 -3.69405e-09 0 0 -1.04047e-09 -1.4391e-09 0 0 -1.4391e-09 -1.91093e-09 -1.04047e-09 -1.4391e-09 -2.01475e-09 -2.78398e-09 -1.4391e-09 -1.91093e-09 -2.78398e-09 -3.70319e-09 0 0 -1.91093e-09 -2.45739e-09 0 0 -2.45739e-09 -3.06303e-09 -1.91093e-09 -2.45739e-09 -3.70319e-09 -4.78647e-09 -2.45739e-09 -3.06303e-09 -4.78647e-09 -6.02349e-09 -2.01475e-09 -2.78398e-09 -2.90504e-09 -4.01202e-09 -2.78398e-09 -3.70319e-09 -4.01202e-09 -5.34976e-09 -2.90504e-09 -4.01202e-09 -3.69405e-09 -5.09998e-09 -4.01202e-09 -5.34976e-09 -5.09998e-09 -6.81956e-09 -3.70319e-09 -4.78647e-09 -5.34976e-09 -6.95659e-09 -4.78647e-09 -6.02349e-09 -6.95659e-09 -8.84637e-09 -5.34976e-09 -6.95659e-09 -6.81956e-09 -8.92609e-09 -6.95659e-09 -8.84637e-09 -8.92609e-09 -1.14763e-08 0 -6.59164e-10 0 -7.87567e-10 -6.59164e-10 -1.52605e-09 -7.87567e-10 -1.82477e-09 0 -7.87567e-10 0 -9.15372e-10 -7.87567e-10 -1.82477e-09 -9.15372e-10 -2.08243e-09 -1.52605e-09 -2.5256e-09 -1.82477e-09 -2.99591e-09 -2.5256e-09 -3.69405e-09 -2.99591e-09 -4.36521e-09 -1.82477e-09 -2.99591e-09 -2.08243e-09 -3.37906e-09 -2.99591e-09 -4.36521e-09 -3.37906e-09 -4.90317e-09 0 -9.15372e-10 0 -1.06113e-09 -9.15372e-10 -2.08243e-09 -1.06113e-09 -2.28926e-09 0 -1.06113e-09 0 -1.22984e-09 -1.06113e-09 -2.28926e-09 -1.22984e-09 -2.43553e-09 -2.08243e-09 -3.37906e-09 -2.28926e-09 -3.66421e-09 -3.37906e-09 -4.90317e-09 -3.66421e-09 -5.29453e-09 -2.28926e-09 -3.66421e-09 -2.43553e-09 -3.84057e-09 -3.66421e-09 -5.29453e-09 -3.84057e-09 -5.52875e-09 -3.69405e-09 -5.09998e-09 -4.36521e-09 -6.02446e-09 -5.09998e-09 -6.81956e-09 -6.02446e-09 -8.07816e-09 -4.36521e-09 -6.02446e-09 -4.90317e-09 -6.76302e-09 -6.02446e-09 -8.07816e-09 -6.76302e-09 -9.08953e-09 -6.81956e-09 -8.92609e-09 -8.07816e-09 -1.06432e-08 -8.92609e-09 -1.14763e-08 -1.06432e-08 -1.38375e-08 -8.07816e-09 -1.06432e-08 -9.08953e-09 -1.20478e-08 -1.06432e-08 -1.38375e-08 -1.20478e-08 -1.58343e-08 -4.90317e-09 -6.76302e-09 -5.29453e-09 -7.29581e-09 -6.76302e-09 -9.08953e-09 -7.29581e-09 -9.81881e-09 -5.29453e-09 -7.29581e-09 -5.52875e-09 -7.6077e-09 -7.29581e-09 -9.81881e-09 -7.6077e-09 -1.02363e-08 -9.08953e-09 -1.20478e-08 -9.81881e-09 -1.30751e-08 -1.20478e-08 -1.58343e-08 -1.30751e-08 -1.73522e-08 -9.81881e-09 -1.30751e-08 -1.02363e-08 -1.36608e-08 -1.30751e-08 -1.73522e-08 -1.36608e-08 -1.82602e-08 0 0 -3.06303e-09 -3.69785e-09 0 0 -3.69785e-09 -4.32569e-09 -3.06303e-09 -3.69785e-09 -6.02349e-09 -7.3782e-09 -3.69785e-09 -4.32569e-09 -7.3782e-09 -8.78707e-09 0 0 -4.32569e-09 -4.89521e-09 0 0 -4.89521e-09 -5.28304e-09 -4.32569e-09 -4.89521e-09 -8.78707e-09 -1.01172e-08 -4.89521e-09 -5.28304e-09 -1.01172e-08 -1.10492e-08 -6.02349e-09 -7.3782e-09 -8.84637e-09 -1.09971e-08 -7.3782e-09 -8.78707e-09 -1.09971e-08 -1.33228e-08 -8.84637e-09 -1.09971e-08 -1.14763e-08 -1.44838e-08 -1.09971e-08 -1.33228e-08 -1.44838e-08 -1.78505e-08 -8.78707e-09 -1.01172e-08 -1.33228e-08 -1.55812e-08 -1.01172e-08 -1.10492e-08 -1.55812e-08 -1.71982e-08 -1.33228e-08 -1.55812e-08 -1.78505e-08 -2.12071e-08 -1.55812e-08 -1.71982e-08 -2.12071e-08 -2.36738e-08 0 0 -5.28304e-09 -5.22243e-09 0 0 -5.22243e-09 -4.35555e-09 -5.28304e-09 -5.22243e-09 -1.10492e-08 -1.09731e-08 -5.22243e-09 -4.35555e-09 -1.09731e-08 -9.14676e-09 0 0 -4.35555e-09 -2.50035e-09 0 0 -2.50035e-09 5.87693e-11 -4.35555e-09 -2.50035e-09 -9.14676e-09 -5.2404e-09 -2.50035e-09 5.87693e-11 -5.2404e-09 1.21033e-10 -1.10492e-08 -1.09731e-08 -1.71982e-08 -1.71598e-08 -1.09731e-08 -9.14676e-09 -1.71598e-08 -1.43125e-08 -1.71982e-08 -1.71598e-08 -2.36738e-08 -2.37695e-08 -1.71598e-08 -1.43125e-08 -2.37695e-08 -1.98796e-08 -9.14676e-09 -5.2404e-09 -1.43125e-08 -8.19384e-09 -5.2404e-09 1.21033e-10 -8.19384e-09 1.8714e-10 -1.43125e-08 -8.19384e-09 -1.98796e-08 -1.13932e-08 -8.19384e-09 1.8714e-10 -1.13932e-08 2.57614e-10 -1.14763e-08 -1.44838e-08 -1.38375e-08 -1.7738e-08 -1.44838e-08 -1.78505e-08 -1.7738e-08 -2.22603e-08 -1.38375e-08 -1.7738e-08 -1.58343e-08 -2.06252e-08 -1.7738e-08 -2.22603e-08 -2.06252e-08 -2.64012e-08 -1.78505e-08 -2.12071e-08 -2.22603e-08 -2.69097e-08 -2.12071e-08 -2.36738e-08 -2.69097e-08 -3.04607e-08 -2.22603e-08 -2.69097e-08 -2.64012e-08 -3.25836e-08 -2.69097e-08 -3.04607e-08 -3.25836e-08 -3.75818e-08 -1.58343e-08 -2.06252e-08 -1.73522e-08 -2.29696e-08 -2.06252e-08 -2.64012e-08 -2.29696e-08 -3.00626e-08 -1.73522e-08 -2.29696e-08 -1.82602e-08 -2.4543e-08 -2.29696e-08 -3.00626e-08 -2.4543e-08 -3.29365e-08 -2.64012e-08 -3.25836e-08 -3.00626e-08 -3.80779e-08 -3.25836e-08 -3.75818e-08 -3.80779e-08 -4.5091e-08 -3.00626e-08 -3.80779e-08 -3.29365e-08 -4.31415e-08 -3.80779e-08 -4.5091e-08 -4.31415e-08 -5.30535e-08 -2.36738e-08 -2.37695e-08 -3.04607e-08 -3.08812e-08 -2.37695e-08 -1.98796e-08 -3.08812e-08 -2.59901e-08 -3.04607e-08 -3.08812e-08 -3.75818e-08 -3.86889e-08 -3.08812e-08 -2.59901e-08 -3.86889e-08 -3.29422e-08 -1.98796e-08 -1.13932e-08 -2.59901e-08 -1.49524e-08 -1.13932e-08 2.57614e-10 -1.49524e-08 3.33108e-10 -2.59901e-08 -1.49524e-08 -3.29422e-08 -1.90998e-08 -1.49524e-08 3.33108e-10 -1.90998e-08 4.14297e-10 -3.75818e-08 -3.86889e-08 -4.5091e-08 -4.7537e-08 -3.86889e-08 -3.29422e-08 -4.7537e-08 -4.12565e-08 -4.5091e-08 -4.7537e-08 -5.30535e-08 -5.79932e-08 -4.7537e-08 -4.12565e-08 -5.79932e-08 -5.18244e-08 -3.29422e-08 -1.90998e-08 -4.12565e-08 -2.42298e-08 -1.90998e-08 4.14297e-10 -2.42298e-08 5.01669e-10 -4.12565e-08 -2.42298e-08 -5.18244e-08 -3.10228e-08 -2.42298e-08 5.01669e-10 -3.10228e-08 5.95097e-10 0 0 5.87693e-11 2.61171e-09 0 0 2.61171e-09 4.45093e-09 5.87693e-11 2.61171e-09 1.21033e-10 5.46973e-09 2.61171e-09 4.45093e-09 5.46973e-09 9.34298e-09 0 0 4.45093e-09 5.29747e-09 0 0 5.29747e-09 5.33807e-09 4.45093e-09 5.29747e-09 9.34298e-09 1.11271e-08 5.29747e-09 5.33807e-09 1.11271e-08 1.11616e-08 1.21033e-10 5.46973e-09 1.8714e-10 8.54809e-09 5.46973e-09 9.34298e-09 8.54809e-09 1.46147e-08 1.8714e-10 8.54809e-09 2.57614e-10 1.18801e-08 8.54809e-09 1.46147e-08 1.18801e-08 2.02932e-08 9.34298e-09 1.11271e-08 1.46147e-08 1.73959e-08 1.11271e-08 1.11616e-08 1.73959e-08 1.73696e-08 1.46147e-08 1.73959e-08 2.02932e-08 2.40904e-08 1.73959e-08 1.73696e-08 2.40904e-08 2.39049e-08 0 0 5.33807e-09 4.93291e-09 0 0 4.93291e-09 4.34942e-09 5.33807e-09 4.93291e-09 1.11616e-08 1.01939e-08 4.93291e-09 4.34942e-09 1.01939e-08 8.83557e-09 0 0 4.34942e-09 3.711e-09 0 0 3.711e-09 3.06868e-09 4.34942e-09 3.711e-09 8.83557e-09 7.40568e-09 3.711e-09 3.06868e-09 7.40568e-09 6.03621e-09 1.11616e-08 1.01939e-08 1.73696e-08 1.56976e-08 1.01939e-08 8.83557e-09 1.56976e-08 1.33964e-08 1.73696e-08 1.56976e-08 2.39049e-08 2.1363e-08 1.56976e-08 1.33964e-08 2.1363e-08 1.79489e-08 8.83557e-09 7.40568e-09 1.33964e-08 1.10394e-08 7.40568e-09 6.03621e-09 1.10394e-08 8.86693e-09 1.33964e-08 1.10394e-08 1.79489e-08 1.45407e-08 1.10394e-08 8.86693e-09 1.45407e-08 1.15048e-08 2.57614e-10 1.18801e-08 3.33108e-10 1.55807e-08 1.18801e-08 2.02932e-08 1.55807e-08 2.65207e-08 3.33108e-10 1.55807e-08 4.14297e-10 1.98795e-08 1.55807e-08 2.65207e-08 1.98795e-08 3.35961e-08 2.02932e-08 2.40904e-08 2.65207e-08 3.12892e-08 2.40904e-08 2.39049e-08 3.12892e-08 3.07515e-08 2.65207e-08 3.12892e-08 3.35961e-08 3.91861e-08 3.12892e-08 3.07515e-08 3.91861e-08 3.79311e-08 4.14297e-10 1.98795e-08 5.01669e-10 2.51719e-08 1.98795e-08 3.35961e-08 2.51719e-08 4.20409e-08 5.01669e-10 2.51719e-08 5.95097e-10 3.21388e-08 2.51719e-08 4.20409e-08 3.21388e-08 5.27478e-08 3.35961e-08 3.91861e-08 4.20409e-08 4.81255e-08 3.91861e-08 3.79311e-08 4.81255e-08 4.5497e-08 4.20409e-08 4.81255e-08 5.27478e-08 5.86757e-08 4.81255e-08 4.5497e-08 5.86757e-08 5.35137e-08 2.39049e-08 2.1363e-08 3.07515e-08 2.71038e-08 2.1363e-08 1.79489e-08 2.71038e-08 2.23819e-08 3.07515e-08 2.71038e-08 3.79311e-08 3.28136e-08 2.71038e-08 2.23819e-08 3.28136e-08 2.65439e-08 1.79489e-08 1.45407e-08 2.23819e-08 1.78086e-08 1.45407e-08 1.15048e-08 1.78086e-08 1.38736e-08 2.23819e-08 1.78086e-08 2.65439e-08 2.07077e-08 1.78086e-08 1.38736e-08 2.07077e-08 1.5877e-08 3.79311e-08 3.28136e-08 4.5497e-08 3.83403e-08 3.28136e-08 2.65439e-08 3.83403e-08 3.02228e-08 4.5497e-08 3.83403e-08 5.35137e-08 4.34314e-08 3.83403e-08 3.02228e-08 4.34314e-08 3.31098e-08 2.65439e-08 2.07077e-08 3.02228e-08 2.30615e-08 2.07077e-08 1.5877e-08 2.30615e-08 1.73998e-08 3.02228e-08 2.30615e-08 3.31098e-08 2.4641e-08 2.30615e-08 1.73998e-08 2.4641e-08 1.83106e-08 0 0 3.06868e-09 2.45811e-09 0 0 2.45811e-09 1.90855e-09 3.06868e-09 2.45811e-09 6.03621e-09 4.78944e-09 2.45811e-09 1.90855e-09 4.78944e-09 3.7e-09 0 0 1.90855e-09 1.43465e-09 0 0 1.43465e-09 1.03407e-09 1.90855e-09 1.43465e-09 3.7e-09 2.77673e-09 1.43465e-09 1.03407e-09 2.77673e-09 2.00401e-09 6.03621e-09 4.78944e-09 8.86693e-09 6.96282e-09 4.78944e-09 3.7e-09 6.96282e-09 5.34692e-09 8.86693e-09 6.96282e-09 1.15048e-08 8.93605e-09 6.96282e-09 5.34692e-09 8.93605e-09 6.8178e-09 3.7e-09 2.77673e-09 5.34692e-09 4.00336e-09 2.77673e-09 2.00401e-09 4.00336e-09 2.89189e-09 5.34692e-09 4.00336e-09 6.8178e-09 5.09093e-09 4.00336e-09 2.89189e-09 5.09093e-09 3.68006e-09 0 0 1.03407e-09 6.94276e-10 0 0 6.94276e-10 4.06683e-10 1.03407e-09 6.94276e-10 2.00401e-09 1.35261e-09 6.94276e-10 4.06683e-10 1.35261e-09 7.99302e-10 0 0 4.06683e-10 1.84533e-10 0 0 1.84533e-10 0 4.06683e-10 1.84533e-10 7.99302e-10 3.50629e-10 1.84533e-10 0 3.50629e-10 0 2.00401e-09 1.35261e-09 2.89189e-09 1.96117e-09 1.35261e-09 7.99302e-10 1.96117e-09 1.16713e-09 2.89189e-09 1.96117e-09 3.68006e-09 2.50728e-09 1.96117e-09 1.16713e-09 2.50728e-09 1.5037e-09 7.99302e-10 3.50629e-10 1.16713e-09 5.00308e-10 3.50629e-10 0 5.00308e-10 0 1.16713e-09 5.00308e-10 1.5037e-09 6.38073e-10 5.00308e-10 0 6.38073e-10 0 1.15048e-08 8.93605e-09 1.38736e-08 1.06568e-08 8.93605e-09 6.8178e-09 1.06568e-08 8.0778e-09 1.38736e-08 1.06568e-08 1.5877e-08 1.20647e-08 1.06568e-08 8.0778e-09 1.20647e-08 9.09049e-09 6.8178e-09 5.09093e-09 8.0778e-09 6.01566e-09 5.09093e-09 3.68006e-09 6.01566e-09 4.35148e-09 8.0778e-09 6.01566e-09 9.09049e-09 6.75467e-09 6.01566e-09 4.35148e-09 6.75467e-09 4.89022e-09 1.5877e-08 1.20647e-08 1.73998e-08 1.30944e-08 1.20647e-08 9.09049e-09 1.30944e-08 9.82062e-09 1.73998e-08 1.30944e-08 1.83106e-08 1.36812e-08 1.30944e-08 9.82062e-09 1.36812e-08 1.02381e-08 9.09049e-09 6.75467e-09 9.82062e-09 7.28763e-09 6.75467e-09 4.89022e-09 7.28763e-09 5.28222e-09 9.82062e-09 7.28763e-09 1.02381e-08 7.59901e-09 7.28763e-09 5.28222e-09 7.59901e-09 5.51622e-09 3.68006e-09 2.50728e-09 4.35148e-09 2.97908e-09 2.50728e-09 1.5037e-09 2.97908e-09 1.80563e-09 4.35148e-09 2.97908e-09 4.89022e-09 3.36489e-09 2.97908e-09 1.80563e-09 3.36489e-09 2.06909e-09 1.5037e-09 6.38073e-10 1.80563e-09 7.68944e-10 6.38073e-10 0 7.68944e-10 0 1.80563e-09 7.68944e-10 2.06909e-09 9.02533e-10 7.68944e-10 0 9.02533e-10 0 4.89022e-09 3.36489e-09 5.28222e-09 3.65295e-09 3.36489e-09 2.06909e-09 3.65295e-09 2.28328e-09 5.28222e-09 3.65295e-09 5.51622e-09 3.83122e-09 3.65295e-09 2.28328e-09 3.83122e-09 2.4375e-09 2.06909e-09 9.02533e-10 2.28328e-09 1.06013e-09 9.02533e-10 0 1.06013e-09 0 2.28328e-09 1.06013e-09 2.4375e-09 1.24834e-09 1.06013e-09 0 1.24834e-09 0 0 -1.22984e-09 3.55078 3.54573 -1.22984e-09 -2.43553e-09 3.54573 3.55011 3.55078 3.54573 6.62813 6.62443 3.54573 3.55011 6.62443 6.62712 -2.43553e-09 -3.84057e-09 3.55011 3.55585 -3.84057e-09 -5.52875e-09 3.55585 3.56171 3.55011 3.55585 6.62712 6.63352 3.55585 3.56171 6.63352 6.64118 6.62813 6.62443 9.23203 9.23099 6.62443 6.62712 9.23099 9.23182 9.23203 9.23099 11.3625 11.3626 9.23099 9.23182 11.3626 11.363 6.62712 6.63352 9.23182 9.23633 6.63352 6.64118 9.23633 9.24298 9.23182 9.23633 11.363 11.3654 9.23633 9.24298 11.3654 11.37 -5.52875e-09 -7.6077e-09 3.56171 3.56759 -7.6077e-09 -1.02363e-08 3.56759 3.5738 3.56171 3.56759 6.64118 6.6495 3.56759 3.5738 6.6495 6.65868 -1.02363e-08 -1.36608e-08 3.5738 3.58099 -1.36608e-08 -1.82602e-08 3.58099 3.59071 3.5738 3.58099 6.65868 6.66959 3.58099 3.59071 6.66959 6.68435 6.64118 6.6495 9.24298 9.25104 6.6495 6.65868 9.25104 9.26056 9.24298 9.25104 11.37 11.3764 9.25104 9.26056 11.3764 11.3846 6.65868 6.66959 9.26056 9.27234 6.66959 6.68435 9.27234 9.28851 9.26056 9.27234 11.3846 11.3953 9.27234 9.28851 11.3953 11.4104 11.3625 11.3626 13.0195 13.0197 11.3626 11.363 13.0197 13.0198 13.0195 13.0197 14.2031 14.203 13.0197 13.0198 14.203 14.2025 11.363 11.3654 13.0198 13.0208 11.3654 11.37 13.0208 13.0235 13.0198 13.0208 14.2025 14.2026 13.0208 13.0235 14.2026 14.2039 14.2031 14.203 14.9133 14.9129 14.203 14.2025 14.9129 14.9119 14.9133 14.9129 15.15 15.1495 14.9129 14.9119 15.1495 15.1483 14.2025 14.2026 14.9119 14.9114 14.2026 14.2039 14.9114 14.9119 14.9119 14.9114 15.1483 15.1476 14.9114 14.9119 15.1476 15.1478 11.37 11.3764 13.0235 13.0279 11.3764 11.3846 13.0279 13.0341 13.0235 13.0279 14.2039 14.2067 13.0279 13.0341 14.2067 14.2112 11.3846 11.3953 13.0341 13.0429 11.3953 11.4104 13.0429 13.0558 13.0341 13.0429 14.2112 14.218 13.0429 13.0558 14.218 14.2287 14.2039 14.2067 14.9119 14.9137 14.2067 14.2112 14.9137 14.917 14.9119 14.9137 15.1478 15.1493 14.9137 14.917 15.1493 15.1522 14.2112 14.218 14.917 14.9225 14.218 14.2287 14.9225 14.9315 14.917 14.9225 15.1522 15.1573 14.9225 14.9315 15.1573 15.1656 -1.82602e-08 -2.4543e-08 3.59071 3.60664 -2.4543e-08 -3.29365e-08 3.60664 3.63631 3.59071 3.60664 6.68435 6.70782 3.60664 3.63631 6.70782 6.7495 -3.29365e-08 -4.31415e-08 3.63631 3.69138 -4.31415e-08 -5.30535e-08 3.69138 3.78296 3.63631 3.69138 6.7495 6.82389 3.69138 3.78296 6.82389 6.9453 6.68435 6.70782 9.28851 9.3138 6.70782 6.7495 9.3138 9.35701 9.28851 9.3138 11.4104 11.4342 9.3138 9.35701 11.4342 11.4738 6.7495 6.82389 9.35701 9.43125 6.82389 6.9453 9.43125 9.5497 9.35701 9.43125 11.4738 11.5399 9.43125 9.5497 11.5399 11.6433 -5.30535e-08 -5.79932e-08 3.78296 3.90892 -5.79932e-08 -5.18244e-08 3.90892 4.03801 3.78296 3.90892 6.9453 7.11372 3.90892 4.03801 7.11372 7.29595 -5.18244e-08 -3.10228e-08 4.03801 4.10934 -3.10228e-08 5.95097e-10 4.10934 4.06838 4.03801 4.10934 7.29595 7.42151 4.10934 4.06838 7.42151 7.41706 6.9453 7.11372 9.5497 9.71427 7.11372 7.29595 9.71427 9.8999 9.5497 9.71427 11.6433 11.7864 9.71427 9.8999 11.7864 11.9523 7.29595 7.42151 9.8999 10.0487 7.42151 7.41706 10.0487 10.0924 9.8999 10.0487 11.9523 12.0989 10.0487 10.0924 12.0989 12.1726 11.4104 11.4342 13.0558 13.0765 11.4342 11.4738 13.0765 13.1107 13.0558 13.0765 14.2287 14.2461 13.0765 13.1107 14.2461 14.2752 11.4738 11.5399 13.1107 13.167 11.5399 11.6433 13.167 13.2537 13.1107 13.167 14.2752 14.3229 13.167 13.2537 14.3229 14.3959 14.2287 14.2461 14.9315 14.9466 14.2461 14.2752 14.9466 14.9722 14.9315 14.9466 15.1656 15.1799 14.9466 14.9722 15.1799 15.2042 14.2752 14.3229 14.9722 15.0141 14.3229 14.3959 15.0141 15.0784 14.9722 15.0141 15.2042 15.2441 15.0141 15.0784 15.2441 15.3054 11.6433 11.7864 13.2537 13.3734 11.7864 11.9523 13.3734 13.5146 13.2537 13.3734 14.3959 14.4968 13.3734 13.5146 14.4968 14.6177 11.9523 12.0989 13.5146 13.6477 12.0989 12.1726 13.6477 13.7328 13.5146 13.6477 14.6177 14.7366 13.6477 13.7328 14.7366 14.8232 14.3959 14.4968 15.0784 15.1675 14.4968 14.6177 15.1675 15.2756 15.0784 15.1675 15.3054 15.3906 15.1675 15.2756 15.3906 15.4943 14.6177 14.7366 15.2756 15.3848 14.7366 14.8232 15.3848 15.4702 15.2756 15.3848 15.4943 15.6002 15.3848 15.4702 15.6002 15.6848 5.95097e-10 3.21388e-08 4.06838 3.91869 3.21388e-08 5.27478e-08 3.91869 3.72601 4.06838 3.91869 7.41706 7.26557 3.91869 3.72601 7.26557 7.02742 5.27478e-08 5.86757e-08 3.72601 3.56454 5.86757e-08 5.35137e-08 3.56454 3.47018 3.72601 3.56454 7.02742 6.79417 3.56454 3.47018 6.79417 6.628 7.41706 7.26557 10.0924 9.9998 7.26557 7.02742 9.9998 9.80382 10.0924 9.9998 12.1726 12.1402 9.9998 9.80382 12.1402 12.0127 7.02742 6.79417 9.80382 9.57833 6.79417 6.628 9.57833 9.38874 9.80382 9.57833 12.0127 11.8378 9.57833 9.38874 11.8378 11.6681 5.35137e-08 4.34314e-08 3.47018 3.43768 4.34314e-08 3.31098e-08 3.43768 3.44268 3.47018 3.43768 6.628 6.54162 3.43768 3.44268 6.54162 6.5151 3.31098e-08 2.4641e-08 3.44268 3.46204 2.4641e-08 1.83106e-08 3.46204 3.48229 3.44268 3.46204 6.5151 6.5207 3.46204 3.48229 6.5207 6.53772 6.628 6.54162 9.38874 9.26376 6.54162 6.5151 9.26376 9.19902 9.38874 9.26376 11.6681 11.536 9.26376 9.19902 11.536 11.4493 6.5151 6.5207 9.19902 9.17513 6.5207 6.53772 9.17513 9.17277 9.19902 9.17513 11.4493 11.3999 9.17513 9.17277 11.3999 11.3751 12.1726 12.1402 13.7328 13.7408 12.1402 12.0127 13.7408 13.6719 13.7328 13.7408 14.8232 14.8534 13.7408 13.6719 14.8534 14.8228 12.0127 11.8378 13.6719 13.5537 11.8378 11.6681 13.5537 13.4229 13.6719 13.5537 14.8228 14.7477 13.5537 13.4229 14.7477 14.6531 14.8232 14.8534 15.4702 15.5106 14.8534 14.8228 15.5106 15.5003 15.4702 15.5106 15.6848 15.7282 15.5106 15.5003 15.7282 15.7242 14.8228 14.7477 15.5003 15.4501 14.7477 14.6531 15.4501 15.3788 15.5003 15.4501 15.7242 15.6819 15.4501 15.3788 15.6819 15.6183 11.6681 11.536 13.4229 13.3072 11.536 11.4493 13.3072 13.2189 13.4229 13.3072 14.6531 14.5605 13.3072 13.2189 14.5605 14.482 11.4493 11.3999 13.2189 13.1578 11.3999 11.3751 13.1578 13.1179 13.2189 13.1578 14.482 14.4208 13.1578 13.1179 14.4208 14.3752 14.6531 14.5605 15.3788 15.3035 14.5605 14.482 15.3035 15.2352 15.3788 15.3035 15.6183 15.5493 15.3035 15.2352 15.5493 15.485 14.482 14.4208 15.2352 15.178 14.4208 14.3752 15.178 15.1322 15.2352 15.178 15.485 15.4299 15.178 15.1322 15.4299 15.3846 1.83106e-08 1.36812e-08 3.48229 3.49866 1.36812e-08 1.02381e-08 3.49866 3.51091 3.48229 3.49866 6.53772 6.55561 3.49866 3.51091 6.55561 6.57082 1.02381e-08 7.59901e-09 3.51091 3.52009 7.59901e-09 5.51622e-09 3.52009 3.52704 3.51091 3.52009 6.57082 6.58297 3.52009 3.52704 6.58297 6.59236 6.53772 6.55561 9.17277 9.1791 6.55561 6.57082 9.1791 9.18766 9.17277 9.1791 11.3751 11.3642 9.1791 9.18766 11.3642 11.3602 6.57082 6.58297 9.18766 9.19585 6.58297 6.59236 9.19585 9.20262 9.18766 9.19585 11.3602 11.3593 9.19585 9.20262 11.3593 11.3593 5.51622e-09 3.83122e-09 3.52704 3.53185 3.83122e-09 2.4375e-09 3.53185 3.53361 3.52704 3.53185 6.59236 6.59873 3.53185 3.53361 6.59873 6.60068 2.4375e-09 1.24834e-09 3.53361 3.53004 1.24834e-09 0 3.53004 3.51739 3.53361 3.53004 6.60068 6.59555 3.53004 3.51739 6.59555 6.58708 6.59236 6.59873 9.20262 9.20704 6.59873 6.60068 9.20704 9.20746 9.20262 9.20704 11.3593 11.3588 9.20704 9.20746 11.3588 11.3559 6.60068 6.59555 9.20746 9.2021 6.59555 6.58708 9.2021 9.19695 9.20746 9.2021 11.3559 11.3497 9.2021 9.19695 11.3497 11.3452 11.3751 11.3642 13.1179 13.0924 11.3642 11.3602 13.0924 13.0758 13.1179 13.0924 14.3752 14.3415 13.0924 13.0758 14.3415 14.3164 11.3602 11.3593 13.0758 13.0646 11.3593 11.3593 13.0646 13.0564 13.0758 13.0646 14.3164 14.2972 13.0646 13.0564 14.2972 14.2819 14.3752 14.3415 15.1322 15.0957 14.3415 14.3164 15.0957 15.0665 15.1322 15.0957 15.3846 15.3477 15.0957 15.0665 15.3477 15.3174 14.3164 14.2972 15.0665 15.0428 14.2972 14.2819 15.0428 15.0232 15.0665 15.0428 15.3174 15.2924 15.0428 15.0232 15.2924 15.2714 11.3593 11.3588 13.0564 13.0495 11.3588 11.3559 13.0495 13.0423 13.0564 13.0495 14.2819 14.2692 13.0495 13.0423 14.2692 14.2579 11.3559 11.3497 13.0423 13.0341 11.3497 11.3452 13.0341 13.028 13.0423 13.0341 14.2579 14.2473 13.0341 13.028 14.2473 14.2387 14.2819 14.2692 15.0232 15.0068 14.2692 14.2579 15.0068 14.9927 15.0232 15.0068 15.2714 15.2537 15.0068 14.9927 15.2537 15.2386 14.2579 14.2473 14.9927 14.9802 14.2473 14.2387 14.9802 14.9694 14.9927 14.9802 15.2386 15.2254 14.9802 14.9694 15.2254 15.2138 15.15 15.1495 14.9133 14.9129 15.1495 15.1483 14.9129 14.9119 14.9133 14.9129 14.2031 14.203 14.9129 14.9119 14.203 14.2025 15.1483 15.1476 14.9119 14.9114 15.1476 15.1478 14.9114 14.9119 14.9119 14.9114 14.2025 14.2026 14.9114 14.9119 14.2026 14.2039 14.2031 14.203 13.0195 13.0197 14.203 14.2025 13.0197 13.0198 13.0195 13.0197 11.3625 11.3626 13.0197 13.0198 11.3626 11.363 14.2025 14.2026 13.0198 13.0208 14.2026 14.2039 13.0208 13.0235 13.0198 13.0208 11.363 11.3654 13.0208 13.0235 11.3654 11.37 15.1478 15.1493 14.9119 14.9137 15.1493 15.1522 14.9137 14.917 14.9119 14.9137 14.2039 14.2067 14.9137 14.917 14.2067 14.2112 15.1522 15.1573 14.917 14.9225 15.1573 15.1656 14.9225 14.9315 14.917 14.9225 14.2112 14.218 14.9225 14.9315 14.218 14.2287 14.2039 14.2067 13.0235 13.0279 14.2067 14.2112 13.0279 13.0341 13.0235 13.0279 11.37 11.3764 13.0279 13.0341 11.3764 11.3846 14.2112 14.218 13.0341 13.0429 14.218 14.2287 13.0429 13.0558 13.0341 13.0429 11.3846 11.3953 13.0429 13.0558 11.3953 11.4104 11.3625 11.3626 9.23203 9.23099 11.3626 11.363 9.23099 9.23182 9.23203 9.23099 6.62813 6.62443 9.23099 9.23182 6.62443 6.62712 11.363 11.3654 9.23182 9.23633 11.3654 11.37 9.23633 9.24298 9.23182 9.23633 6.62712 6.63352 9.23633 9.24298 6.63352 6.64118 6.62813 6.62443 3.55078 3.54573 6.62443 6.62712 3.54573 3.55011 3.55078 3.54573 0 -1.22984e-09 3.54573 3.55011 -1.22984e-09 -2.43553e-09 6.62712 6.63352 3.55011 3.55585 6.63352 6.64118 3.55585 3.56171 3.55011 3.55585 -2.43553e-09 -3.84057e-09 3.55585 3.56171 -3.84057e-09 -5.52875e-09 11.37 11.3764 9.24298 9.25104 11.3764 11.3846 9.25104 9.26056 9.24298 9.25104 6.64118 6.6495 9.25104 9.26056 6.6495 6.65868 11.3846 11.3953 9.26056 9.27234 11.3953 11.4104 9.27234 9.28851 9.26056 9.27234 6.65868 6.66959 9.27234 9.28851 6.66959 6.68435 6.64118 6.6495 3.56171 3.56759 6.6495 6.65868 3.56759 3.5738 3.56171 3.56759 -5.52875e-09 -7.6077e-09 3.56759 3.5738 -7.6077e-09 -1.02363e-08 6.65868 6.66959 3.5738 3.58099 6.66959 6.68435 3.58099 3.59071 3.5738 3.58099 -1.02363e-08 -1.36608e-08 3.58099 3.59071 -1.36608e-08 -1.82602e-08 15.1656 15.1799 14.9315 14.9466 15.1799 15.2042 14.9466 14.9722 14.9315 14.9466 14.2287 14.2461 14.9466 14.9722 14.2461 14.2752 15.2042 15.2441 14.9722 15.0141 15.2441 15.3054 15.0141 15.0784 14.9722 15.0141 14.2752 14.3229 15.0141 15.0784 14.3229 14.3959 14.2287 14.2461 13.0558 13.0765 14.2461 14.2752 13.0765 13.1107 13.0558 13.0765 11.4104 11.4342 13.0765 13.1107 11.4342 11.4738 14.2752 14.3229 13.1107 13.167 14.3229 14.3959 13.167 13.2537 13.1107 13.167 11.4738 11.5399 13.167 13.2537 11.5399 11.6433 15.3054 15.3906 15.0784 15.1675 15.3906 15.4943 15.1675 15.2756 15.0784 15.1675 14.3959 14.4968 15.1675 15.2756 14.4968 14.6177 15.4943 15.6002 15.2756 15.3848 15.6002 15.6848 15.3848 15.4702 15.2756 15.3848 14.6177 14.7366 15.3848 15.4702 14.7366 14.8232 14.3959 14.4968 13.2537 13.3734 14.4968 14.6177 13.3734 13.5146 13.2537 13.3734 11.6433 11.7864 13.3734 13.5146 11.7864 11.9523 14.6177 14.7366 13.5146 13.6477 14.7366 14.8232 13.6477 13.7328 13.5146 13.6477 11.9523 12.0989 13.6477 13.7328 12.0989 12.1726 11.4104 11.4342 9.28851 9.3138 11.4342 11.4738 9.3138 9.35701 9.28851 9.3138 6.68435 6.70782 9.3138 9.35701 6.70782 6.7495 11.4738 11.5399 9.35701 9.43125 11.5399 11.6433 9.43125 9.5497 9.35701 9.43125 6.7495 6.82389 9.43125 9.5497 6.82389 6.9453 6.68435 6.70782 3.59071 3.60664 6.70782 6.7495 3.60664 3.63631 3.59071 3.60664 -1.82602e-08 -2.4543e-08 3.60664 3.63631 -2.4543e-08 -3.29365e-08 6.7495 6.82389 3.63631 3.69138 6.82389 6.9453 3.69138 3.78296 3.63631 3.69138 -3.29365e-08 -4.31415e-08 3.69138 3.78296 -4.31415e-08 -5.30535e-08 11.6433 11.7864 9.5497 9.71427 11.7864 11.9523 9.71427 9.8999 9.5497 9.71427 6.9453 7.11372 9.71427 9.8999 7.11372 7.29595 11.9523 12.0989 9.8999 10.0487 12.0989 12.1726 10.0487 10.0924 9.8999 10.0487 7.29595 7.42151 10.0487 10.0924 7.42151 7.41706 6.9453 7.11372 3.78296 3.90892 7.11372 7.29595 3.90892 4.03801 3.78296 3.90892 -5.30535e-08 -5.79932e-08 3.90892 4.03801 -5.79932e-08 -5.18244e-08 7.29595 7.42151 4.03801 4.10934 7.42151 7.41706 4.10934 4.06838 4.03801 4.10934 -5.18244e-08 -3.10228e-08 4.10934 4.06838 -3.10228e-08 5.95097e-10 15.6848 15.7282 15.4702 15.5106 15.7282 15.7242 15.5106 15.5003 15.4702 15.5106 14.8232 14.8534 15.5106 15.5003 14.8534 14.8228 15.7242 15.6819 15.5003 15.4501 15.6819 15.6183 15.4501 15.3788 15.5003 15.4501 14.8228 14.7477 15.4501 15.3788 14.7477 14.6531 14.8232 14.8534 13.7328 13.7408 14.8534 14.8228 13.7408 13.6719 13.7328 13.7408 12.1726 12.1402 13.7408 13.6719 12.1402 12.0127 14.8228 14.7477 13.6719 13.5537 14.7477 14.6531 13.5537 13.4229 13.6719 13.5537 12.0127 11.8378 13.5537 13.4229 11.8378 11.6681 15.6183 15.5493 15.3788 15.3035 15.5493 15.485 15.3035 15.2352 15.3788 15.3035 14.6531 14.5605 15.3035 15.2352 14.5605 14.482 15.485 15.4299 15.2352 15.178 15.4299 15.3846 15.178 15.1322 15.2352 15.178 14.482 14.4208 15.178 15.1322 14.4208 14.3752 14.6531 14.5605 13.4229 13.3072 14.5605 14.482 13.3072 13.2189 13.4229 13.3072 11.6681 11.536 13.3072 13.2189 11.536 11.4493 14.482 14.4208 13.2189 13.1578 14.4208 14.3752 13.1578 13.1179 13.2189 13.1578 11.4493 11.3999 13.1578 13.1179 11.3999 11.3751 12.1726 12.1402 10.0924 9.9998 12.1402 12.0127 9.9998 9.80382 10.0924 9.9998 7.41706 7.26557 9.9998 9.80382 7.26557 7.02742 12.0127 11.8378 9.80382 9.57833 11.8378 11.6681 9.57833 9.38874 9.80382 9.57833 7.02742 6.79417 9.57833 9.38874 6.79417 6.628 7.41706 7.26557 4.06838 3.91869 7.26557 7.02742 3.91869 3.72601 4.06838 3.91869 5.95097e-10 3.21388e-08 3.91869 3.72601 3.21388e-08 5.27478e-08 7.02742 6.79417 3.72601 3.56454 6.79417 6.628 3.56454 3.47018 3.72601 3.56454 5.27478e-08 5.86757e-08 3.56454 3.47018 5.86757e-08 5.35137e-08 11.6681 11.536 9.38874 9.26376 11.536 11.4493 9.26376 9.19902 9.38874 9.26376 6.628 6.54162 9.26376 9.19902 6.54162 6.5151 11.4493 11.3999 9.19902 9.17513 11.3999 11.3751 9.17513 9.17277 9.19902 9.17513 6.5151 6.5207 9.17513 9.17277 6.5207 6.53772 6.628 6.54162 3.47018 3.43768 6.54162 6.5151 3.43768 3.44268 3.47018 3.43768 5.35137e-08 4.34314e-08 3.43768 3.44268 4.34314e-08 3.31098e-08 6.5151 6.5207 3.44268 3.46204 6.5207 6.53772 3.46204 3.48229 3.44268 3.46204 3.31098e-08 2.4641e-08 3.46204 3.48229 2.4641e-08 1.83106e-08 15.3846 15.3477 15.1322 15.0957 15.3477 15.3174 15.0957 15.0665 15.1322 15.0957 14.3752 14.3415 15.0957 15.0665 14.3415 14.3164 15.3174 15.2924 15.0665 15.0428 15.2924 15.2714 15.0428 15.0232 15.0665 15.0428 14.3164 14.2972 15.0428 15.0232 14.2972 14.2819 14.3752 14.3415 13.1179 13.0924 14.3415 14.3164 13.0924 13.0758 13.1179 13.0924 11.3751 11.3642 13.0924 13.0758 11.3642 11.3602 14.3164 14.2972 13.0758 13.0646 14.2972 14.2819 13.0646 13.0564 13.0758 13.0646 11.3602 11.3593 13.0646 13.0564 11.3593 11.3593 15.2714 15.2537 15.0232 15.0068 15.2537 15.2386 15.0068 14.9927 15.0232 15.0068 14.2819 14.2692 15.0068 14.9927 14.2692 14.2579 15.2386 15.2254 14.9927 14.9802 15.2254 15.2138 14.9802 14.9694 14.9927 14.9802 14.2579 14.2473 14.9802 14.9694 14.2473 14.2387 14.2819 14.2692 13.0564 13.0495 14.2692 14.2579 13.0495 13.0423 13.0564 13.0495 11.3593 11.3588 13.0495 13.0423 11.3588 11.3559 14.2579 14.2473 13.0423 13.0341 14.2473 14.2387 13.0341 13.028 13.0423 13.0341 11.3559 11.3497 13.0341 13.028 11.3497 11.3452 11.3751 11.3642 9.17277 9.1791 11.3642 11.3602 9.1791 9.18766 9.17277 9.1791 6.53772 6.55561 9.1791 9.18766 6.55561 6.57082 11.3602 11.3593 9.18766 9.19585 11.3593 11.3593 9.19585 9.20262 9.18766 9.19585 6.57082 6.58297 9.19585 9.20262 6.58297 6.59236 6.53772 6.55561 3.48229 3.49866 6.55561 6.57082 3.49866 3.51091 3.48229 3.49866 1.83106e-08 1.36812e-08 3.49866 3.51091 1.36812e-08 1.02381e-08 6.57082 6.58297 3.51091 3.52009 6.58297 6.59236 3.52009 3.52704 3.51091 3.52009 1.02381e-08 7.59901e-09 3.52009 3.52704 7.59901e-09 5.51622e-09 11.3593 11.3588 9.20262 9.20704 11.3588 11.3559 9.20704 9.20746 9.20262 9.20704 6.59236 6.59873 9.20704 9.20746 6.59873 6.60068 11.3559 11.3497 9.20746 9.2021 11.3497 11.3452 9.2021 9.19695 9.20746 9.2021 6.60068 6.59555 9.2021 9.19695 6.59555 6.58708 6.59236 6.59873 3.52704 3.53185 6.59873 6.60068 3.53185 3.53361 3.52704 3.53185 5.51622e-09 3.83122e-09 3.53185 3.53361 3.83122e-09 2.4375e-09 6.60068 6.59555 3.53361 3.53004 6.59555 6.58708 3.53004 3.51739 3.53361 3.53004 2.4375e-09 1.24834e-09 3.53004 3.51739 1.24834e-09 0 0 -1.22984e-09 0 -1.06113e-09 -1.22984e-09 -2.43553e-09 -1.06113e-09 -2.28926e-09 0 -1.06113e-09 0 -9.15372e-10 -1.06113e-09 -2.28926e-09 -9.15372e-10 -2.08243e-09 -2.43553e-09 -3.84057e-09 -2.28926e-09 -3.66421e-09 -3.84057e-09 -5.52875e-09 -3.66421e-09 -5.29453e-09 -2.28926e-09 -3.66421e-09 -2.08243e-09 -3.37906e-09 -3.66421e-09 -5.29453e-09 -3.37906e-09 -4.90317e-09 0 -9.15372e-10 0 -7.87567e-10 -9.15372e-10 -2.08243e-09 -7.87567e-10 -1.82477e-09 0 -7.87567e-10 0 -6.59164e-10 -7.87567e-10 -1.82477e-09 -6.59164e-10 -1.52605e-09 -2.08243e-09 -3.37906e-09 -1.82477e-09 -2.99591e-09 -3.37906e-09 -4.90317e-09 -2.99591e-09 -4.36521e-09 -1.82477e-09 -2.99591e-09 -1.52605e-09 -2.5256e-09 -2.99591e-09 -4.36521e-09 -2.5256e-09 -3.69405e-09 -5.52875e-09 -7.6077e-09 -5.29453e-09 -7.29581e-09 -7.6077e-09 -1.02363e-08 -7.29581e-09 -9.81881e-09 -5.29453e-09 -7.29581e-09 -4.90317e-09 -6.76302e-09 -7.29581e-09 -9.81881e-09 -6.76302e-09 -9.08953e-09 -1.02363e-08 -1.36608e-08 -9.81881e-09 -1.30751e-08 -1.36608e-08 -1.82602e-08 -1.30751e-08 -1.73522e-08 -9.81881e-09 -1.30751e-08 -9.08953e-09 -1.20478e-08 -1.30751e-08 -1.73522e-08 -1.20478e-08 -1.58343e-08 -4.90317e-09 -6.76302e-09 -4.36521e-09 -6.02446e-09 -6.76302e-09 -9.08953e-09 -6.02446e-09 -8.07816e-09 -4.36521e-09 -6.02446e-09 -3.69405e-09 -5.09998e-09 -6.02446e-09 -8.07816e-09 -5.09998e-09 -6.81956e-09 -9.08953e-09 -1.20478e-08 -8.07816e-09 -1.06432e-08 -1.20478e-08 -1.58343e-08 -1.06432e-08 -1.38375e-08 -8.07816e-09 -1.06432e-08 -6.81956e-09 -8.92609e-09 -1.06432e-08 -1.38375e-08 -8.92609e-09 -1.14763e-08 0 -6.59164e-10 0 -5.21519e-10 -6.59164e-10 -1.52605e-09 -5.21519e-10 -1.1897e-09 0 -5.21519e-10 0 -3.69503e-10 -5.21519e-10 -1.1897e-09 -3.69503e-10 -8.18658e-10 -1.52605e-09 -2.5256e-09 -1.1897e-09 -1.97902e-09 -2.5256e-09 -3.69405e-09 -1.97902e-09 -2.90504e-09 -1.1897e-09 -1.97902e-09 -8.18658e-10 -1.36749e-09 -1.97902e-09 -2.90504e-09 -1.36749e-09 -2.01475e-09 0 -3.69503e-10 0 -1.97324e-10 -3.69503e-10 -8.18658e-10 -1.97324e-10 -4.18783e-10 0 -1.97324e-10 0 0 -1.97324e-10 -4.18783e-10 0 0 -8.18658e-10 -1.36749e-09 -4.18783e-10 -7.03273e-10 -1.36749e-09 -2.01475e-09 -7.03273e-10 -1.04047e-09 -4.18783e-10 -7.03273e-10 0 0 -7.03273e-10 -1.04047e-09 0 0 -3.69405e-09 -5.09998e-09 -2.90504e-09 -4.01202e-09 -5.09998e-09 -6.81956e-09 -4.01202e-09 -5.34976e-09 -2.90504e-09 -4.01202e-09 -2.01475e-09 -2.78398e-09 -4.01202e-09 -5.34976e-09 -2.78398e-09 -3.70319e-09 -6.81956e-09 -8.92609e-09 -5.34976e-09 -6.95659e-09 -8.92609e-09 -1.14763e-08 -6.95659e-09 -8.84637e-09 -5.34976e-09 -6.95659e-09 -3.70319e-09 -4.78647e-09 -6.95659e-09 -8.84637e-09 -4.78647e-09 -6.02349e-09 -2.01475e-09 -2.78398e-09 -1.04047e-09 -1.4391e-09 -2.78398e-09 -3.70319e-09 -1.4391e-09 -1.91093e-09 -1.04047e-09 -1.4391e-09 0 0 -1.4391e-09 -1.91093e-09 0 0 -3.70319e-09 -4.78647e-09 -1.91093e-09 -2.45739e-09 -4.78647e-09 -6.02349e-09 -2.45739e-09 -3.06303e-09 -1.91093e-09 -2.45739e-09 0 0 -2.45739e-09 -3.06303e-09 0 0 -1.82602e-08 -2.4543e-08 -1.73522e-08 -2.29696e-08 -2.4543e-08 -3.29365e-08 -2.29696e-08 -3.00626e-08 -1.73522e-08 -2.29696e-08 -1.58343e-08 -2.06252e-08 -2.29696e-08 -3.00626e-08 -2.06252e-08 -2.64012e-08 -3.29365e-08 -4.31415e-08 -3.00626e-08 -3.80779e-08 -4.31415e-08 -5.30535e-08 -3.80779e-08 -4.5091e-08 -3.00626e-08 -3.80779e-08 -2.64012e-08 -3.25836e-08 -3.80779e-08 -4.5091e-08 -3.25836e-08 -3.75818e-08 -1.58343e-08 -2.06252e-08 -1.38375e-08 -1.7738e-08 -2.06252e-08 -2.64012e-08 -1.7738e-08 -2.22603e-08 -1.38375e-08 -1.7738e-08 -1.14763e-08 -1.44838e-08 -1.7738e-08 -2.22603e-08 -1.44838e-08 -1.78505e-08 -2.64012e-08 -3.25836e-08 -2.22603e-08 -2.69097e-08 -3.25836e-08 -3.75818e-08 -2.69097e-08 -3.04607e-08 -2.22603e-08 -2.69097e-08 -1.78505e-08 -2.12071e-08 -2.69097e-08 -3.04607e-08 -2.12071e-08 -2.36738e-08 -5.30535e-08 -5.79932e-08 -4.5091e-08 -4.7537e-08 -5.79932e-08 -5.18244e-08 -4.7537e-08 -4.12565e-08 -4.5091e-08 -4.7537e-08 -3.75818e-08 -3.86889e-08 -4.7537e-08 -4.12565e-08 -3.86889e-08 -3.29422e-08 -5.18244e-08 -3.10228e-08 -4.12565e-08 -2.42298e-08 -3.10228e-08 5.95097e-10 -2.42298e-08 5.01669e-10 -4.12565e-08 -2.42298e-08 -3.29422e-08 -1.90998e-08 -2.42298e-08 5.01669e-10 -1.90998e-08 4.14297e-10 -3.75818e-08 -3.86889e-08 -3.04607e-08 -3.08812e-08 -3.86889e-08 -3.29422e-08 -3.08812e-08 -2.59901e-08 -3.04607e-08 -3.08812e-08 -2.36738e-08 -2.37695e-08 -3.08812e-08 -2.59901e-08 -2.37695e-08 -1.98796e-08 -3.29422e-08 -1.90998e-08 -2.59901e-08 -1.49524e-08 -1.90998e-08 4.14297e-10 -1.49524e-08 3.33108e-10 -2.59901e-08 -1.49524e-08 -1.98796e-08 -1.13932e-08 -1.49524e-08 3.33108e-10 -1.13932e-08 2.57614e-10 -1.14763e-08 -1.44838e-08 -8.84637e-09 -1.09971e-08 -1.44838e-08 -1.78505e-08 -1.09971e-08 -1.33228e-08 -8.84637e-09 -1.09971e-08 -6.02349e-09 -7.3782e-09 -1.09971e-08 -1.33228e-08 -7.3782e-09 -8.78707e-09 -1.78505e-08 -2.12071e-08 -1.33228e-08 -1.55812e-08 -2.12071e-08 -2.36738e-08 -1.55812e-08 -1.71982e-08 -1.33228e-08 -1.55812e-08 -8.78707e-09 -1.01172e-08 -1.55812e-08 -1.71982e-08 -1.01172e-08 -1.10492e-08 -6.02349e-09 -7.3782e-09 -3.06303e-09 -3.69785e-09 -7.3782e-09 -8.78707e-09 -3.69785e-09 -4.32569e-09 -3.06303e-09 -3.69785e-09 0 0 -3.69785e-09 -4.32569e-09 0 0 -8.78707e-09 -1.01172e-08 -4.32569e-09 -4.89521e-09 -1.01172e-08 -1.10492e-08 -4.89521e-09 -5.28304e-09 -4.32569e-09 -4.89521e-09 0 0 -4.89521e-09 -5.28304e-09 0 0 -2.36738e-08 -2.37695e-08 -1.71982e-08 -1.71598e-08 -2.37695e-08 -1.98796e-08 -1.71598e-08 -1.43125e-08 -1.71982e-08 -1.71598e-08 -1.10492e-08 -1.09731e-08 -1.71598e-08 -1.43125e-08 -1.09731e-08 -9.14676e-09 -1.98796e-08 -1.13932e-08 -1.43125e-08 -8.19384e-09 -1.13932e-08 2.57614e-10 -8.19384e-09 1.8714e-10 -1.43125e-08 -8.19384e-09 -9.14676e-09 -5.2404e-09 -8.19384e-09 1.8714e-10 -5.2404e-09 1.21033e-10 -1.10492e-08 -1.09731e-08 -5.28304e-09 -5.22243e-09 -1.09731e-08 -9.14676e-09 -5.22243e-09 -4.35555e-09 -5.28304e-09 -5.22243e-09 0 0 -5.22243e-09 -4.35555e-09 0 0 -9.14676e-09 -5.2404e-09 -4.35555e-09 -2.50035e-09 -5.2404e-09 1.21033e-10 -2.50035e-09 5.87693e-11 -4.35555e-09 -2.50035e-09 0 0 -2.50035e-09 5.87693e-11 0 0 5.95097e-10 3.21388e-08 5.01669e-10 2.51719e-08 3.21388e-08 5.27478e-08 2.51719e-08 4.20409e-08 5.01669e-10 2.51719e-08 4.14297e-10 1.98795e-08 2.51719e-08 4.20409e-08 1.98795e-08 3.35961e-08 5.27478e-08 5.86757e-08 4.20409e-08 4.81255e-08 5.86757e-08 5.35137e-08 4.81255e-08 4.5497e-08 4.20409e-08 4.81255e-08 3.35961e-08 3.91861e-08 4.81255e-08 4.5497e-08 3.91861e-08 3.79311e-08 4.14297e-10 1.98795e-08 3.33108e-10 1.55807e-08 1.98795e-08 3.35961e-08 1.55807e-08 2.65207e-08 3.33108e-10 1.55807e-08 2.57614e-10 1.18801e-08 1.55807e-08 2.65207e-08 1.18801e-08 2.02932e-08 3.35961e-08 3.91861e-08 2.65207e-08 3.12892e-08 3.91861e-08 3.79311e-08 3.12892e-08 3.07515e-08 2.65207e-08 3.12892e-08 2.02932e-08 2.40904e-08 3.12892e-08 3.07515e-08 2.40904e-08 2.39049e-08 5.35137e-08 4.34314e-08 4.5497e-08 3.83403e-08 4.34314e-08 3.31098e-08 3.83403e-08 3.02228e-08 4.5497e-08 3.83403e-08 3.79311e-08 3.28136e-08 3.83403e-08 3.02228e-08 3.28136e-08 2.65439e-08 3.31098e-08 2.4641e-08 3.02228e-08 2.30615e-08 2.4641e-08 1.83106e-08 2.30615e-08 1.73998e-08 3.02228e-08 2.30615e-08 2.65439e-08 2.07077e-08 2.30615e-08 1.73998e-08 2.07077e-08 1.5877e-08 3.79311e-08 3.28136e-08 3.07515e-08 2.71038e-08 3.28136e-08 2.65439e-08 2.71038e-08 2.23819e-08 3.07515e-08 2.71038e-08 2.39049e-08 2.1363e-08 2.71038e-08 2.23819e-08 2.1363e-08 1.79489e-08 2.65439e-08 2.07077e-08 2.23819e-08 1.78086e-08 2.07077e-08 1.5877e-08 1.78086e-08 1.38736e-08 2.23819e-08 1.78086e-08 1.79489e-08 1.45407e-08 1.78086e-08 1.38736e-08 1.45407e-08 1.15048e-08 2.57614e-10 1.18801e-08 1.8714e-10 8.54809e-09 1.18801e-08 2.02932e-08 8.54809e-09 1.46147e-08 1.8714e-10 8.54809e-09 1.21033e-10 5.46973e-09 8.54809e-09 1.46147e-08 5.46973e-09 9.34298e-09 2.02932e-08 2.40904e-08 1.46147e-08 1.73959e-08 2.40904e-08 2.39049e-08 1.73959e-08 1.73696e-08 1.46147e-08 1.73959e-08 9.34298e-09 1.11271e-08 1.73959e-08 1.73696e-08 1.11271e-08 1.11616e-08 1.21033e-10 5.46973e-09 5.87693e-11 2.61171e-09 5.46973e-09 9.34298e-09 2.61171e-09 4.45093e-09 5.87693e-11 2.61171e-09 0 0 2.61171e-09 4.45093e-09 0 0 9.34298e-09 1.11271e-08 4.45093e-09 5.29747e-09 1.11271e-08 1.11616e-08 5.29747e-09 5.33807e-09 4.45093e-09 5.29747e-09 0 0 5.29747e-09 5.33807e-09 0 0 2.39049e-08 2.1363e-08 1.73696e-08 1.56976e-08 2.1363e-08 1.79489e-08 1.56976e-08 1.33964e-08 1.73696e-08 1.56976e-08 1.11616e-08 1.01939e-08 1.56976e-08 1.33964e-08 1.01939e-08 8.83557e-09 1.79489e-08 1.45407e-08 1.33964e-08 1.10394e-08 1.45407e-08 1.15048e-08 1.10394e-08 8.86693e-09 1.33964e-08 1.10394e-08 8.83557e-09 7.40568e-09 1.10394e-08 8.86693e-09 7.40568e-09 6.03621e-09 1.11616e-08 1.01939e-08 5.33807e-09 4.93291e-09 1.01939e-08 8.83557e-09 4.93291e-09 4.34942e-09 5.33807e-09 4.93291e-09 0 0 4.93291e-09 4.34942e-09 0 0 8.83557e-09 7.40568e-09 4.34942e-09 3.711e-09 7.40568e-09 6.03621e-09 3.711e-09 3.06868e-09 4.34942e-09 3.711e-09 0 0 3.711e-09 3.06868e-09 0 0 1.83106e-08 1.36812e-08 1.73998e-08 1.30944e-08 1.36812e-08 1.02381e-08 1.30944e-08 9.82062e-09 1.73998e-08 1.30944e-08 1.5877e-08 1.20647e-08 1.30944e-08 9.82062e-09 1.20647e-08 9.09049e-09 1.02381e-08 7.59901e-09 9.82062e-09 7.28763e-09 7.59901e-09 5.51622e-09 7.28763e-09 5.28222e-09 9.82062e-09 7.28763e-09 9.09049e-09 6.75467e-09 7.28763e-09 5.28222e-09 6.75467e-09 4.89022e-09 1.5877e-08 1.20647e-08 1.38736e-08 1.06568e-08 1.20647e-08 9.09049e-09 1.06568e-08 8.0778e-09 1.38736e-08 1.06568e-08 1.15048e-08 8.93605e-09 1.06568e-08 8.0778e-09 8.93605e-09 6.8178e-09 9.09049e-09 6.75467e-09 8.0778e-09 6.01566e-09 6.75467e-09 4.89022e-09 6.01566e-09 4.35148e-09 8.0778e-09 6.01566e-09 6.8178e-09 5.09093e-09 6.01566e-09 4.35148e-09 5.09093e-09 3.68006e-09 5.51622e-09 3.83122e-09 5.28222e-09 3.65295e-09 3.83122e-09 2.4375e-09 3.65295e-09 2.28328e-09 5.28222e-09 3.65295e-09 4.89022e-09 3.36489e-09 3.65295e-09 2.28328e-09 3.36489e-09 2.06909e-09 2.4375e-09 1.24834e-09 2.28328e-09 1.06013e-09 1.24834e-09 0 1.06013e-09 0 2.28328e-09 1.06013e-09 2.06909e-09 9.02533e-10 1.06013e-09 0 9.02533e-10 0 4.89022e-09 3.36489e-09 4.35148e-09 2.97908e-09 3.36489e-09 2.06909e-09 2.97908e-09 1.80563e-09 4.35148e-09 2.97908e-09 3.68006e-09 2.50728e-09 2.97908e-09 1.80563e-09 2.50728e-09 1.5037e-09 2.06909e-09 9.02533e-10 1.80563e-09 7.68944e-10 9.02533e-10 0 7.68944e-10 0 1.80563e-09 7.68944e-10 1.5037e-09 6.38073e-10 7.68944e-10 0 6.38073e-10 0 1.15048e-08 8.93605e-09 8.86693e-09 6.96282e-09 8.93605e-09 6.8178e-09 6.96282e-09 5.34692e-09 8.86693e-09 6.96282e-09 6.03621e-09 4.78944e-09 6.96282e-09 5.34692e-09 4.78944e-09 3.7e-09 6.8178e-09 5.09093e-09 5.34692e-09 4.00336e-09 5.09093e-09 3.68006e-09 4.00336e-09 2.89189e-09 5.34692e-09 4.00336e-09 3.7e-09 2.77673e-09 4.00336e-09 2.89189e-09 2.77673e-09 2.00401e-09 6.03621e-09 4.78944e-09 3.06868e-09 2.45811e-09 4.78944e-09 3.7e-09 2.45811e-09 1.90855e-09 3.06868e-09 2.45811e-09 0 0 2.45811e-09 1.90855e-09 0 0 3.7e-09 2.77673e-09 1.90855e-09 1.43465e-09 2.77673e-09 2.00401e-09 1.43465e-09 1.03407e-09 1.90855e-09 1.43465e-09 0 0 1.43465e-09 1.03407e-09 0 0 3.68006e-09 2.50728e-09 2.89189e-09 1.96117e-09 2.50728e-09 1.5037e-09 1.96117e-09 1.16713e-09 2.89189e-09 1.96117e-09 2.00401e-09 1.35261e-09 1.96117e-09 1.16713e-09 1.35261e-09 7.99302e-10 1.5037e-09 6.38073e-10 1.16713e-09 5.00308e-10 6.38073e-10 0 5.00308e-10 0 1.16713e-09 5.00308e-10 7.99302e-10 3.50629e-10 5.00308e-10 0 3.50629e-10 0 2.00401e-09 1.35261e-09 1.03407e-09 6.94276e-10 1.35261e-09 7.99302e-10 6.94276e-10 4.06683e-10 1.03407e-09 6.94276e-10 0 0 6.94276e-10 4.06683e-10 0 0 7.99302e-10 3.50629e-10 4.06683e-10 1.84533e-10 3.50629e-10 0 1.84533e-10 0 4.06683e-10 1.84533e-10 0 0 1.84533e-10 0 0 0 
SCALARS y_velo double 1
LOOKUP_TABLE default
0 0 0 -8.52761e-11 0 0 -8.52761e-11 -7.2736e-11 0 -8.52761e-11 0 -1.06412e-10 -8.52761e-11 -7.2736e-11 -1.06412e-10 -6.14407e-11 0 0 -7.2736e-11 -7.09481e-11 0 0 -7.09481e-11 -8.22466e-11 -7.2736e-11 -7.09481e-11 -6.14407e-11 -4.24649e-11 -7.09481e-11 -8.22466e-11 -4.24649e-11 -4.72272e-11 0 -1.06412e-10 0 -5.84787e-11 -1.06412e-10 -6.14407e-11 -5.84787e-11 2.93486e-11 0 -5.84787e-11 0 5.30716e-11 -5.84787e-11 2.93486e-11 5.30716e-11 1.93705e-10 -6.14407e-11 -4.24649e-11 2.93486e-11 7.66946e-11 -4.24649e-11 -4.72272e-11 7.66946e-11 9.52637e-11 2.93486e-11 7.66946e-11 1.93705e-10 2.763e-10 7.66946e-11 9.52637e-11 2.763e-10 3.33636e-10 0 0 -8.22466e-11 -1.05328e-10 0 0 -1.05328e-10 -1.42119e-10 -8.22466e-11 -1.05328e-10 -4.72272e-11 -7.01747e-11 -1.05328e-10 -1.42119e-10 -7.01747e-11 -1.16136e-10 0 0 -1.42119e-10 -1.93657e-10 0 0 -1.93657e-10 -2.51344e-10 -1.42119e-10 -1.93657e-10 -1.16136e-10 -1.90082e-10 -1.93657e-10 -2.51344e-10 -1.90082e-10 -2.75741e-10 -4.72272e-11 -7.01747e-11 9.52637e-11 9.59874e-11 -7.01747e-11 -1.16136e-10 9.59874e-11 7.12247e-11 9.52637e-11 9.59874e-11 3.33636e-10 3.81669e-10 9.59874e-11 7.12247e-11 3.81669e-10 4.11108e-10 -1.16136e-10 -1.90082e-10 7.12247e-11 1.17563e-11 -1.90082e-10 -2.75741e-10 1.17563e-11 -5.7534e-11 7.12247e-11 1.17563e-11 4.11108e-10 4.1046e-10 1.17563e-11 -5.7534e-11 4.1046e-10 4.15623e-10 0 5.30716e-11 0 2.2422e-10 5.30716e-11 1.93705e-10 2.2422e-10 4.21962e-10 0 2.2422e-10 0 4.53401e-10 2.2422e-10 4.21962e-10 4.53401e-10 6.9983e-10 1.93705e-10 2.763e-10 4.21962e-10 5.44064e-10 2.763e-10 3.33636e-10 5.44064e-10 6.54323e-10 4.21962e-10 5.44064e-10 6.9983e-10 8.65739e-10 5.44064e-10 6.54323e-10 8.65739e-10 1.0417e-09 0 4.53401e-10 0 7.36488e-10 4.53401e-10 6.9983e-10 7.36488e-10 1.00821e-09 0 7.36488e-10 0 1.0158e-09 7.36488e-10 1.00821e-09 1.0158e-09 1.33079e-09 6.9983e-10 8.65739e-10 1.00821e-09 1.22556e-09 8.65739e-10 1.0417e-09 1.22556e-09 1.47824e-09 1.00821e-09 1.22556e-09 1.33079e-09 1.60745e-09 1.22556e-09 1.47824e-09 1.60745e-09 1.94468e-09 3.33636e-10 3.81669e-10 6.54323e-10 7.72617e-10 3.81669e-10 4.11108e-10 7.72617e-10 8.90573e-10 6.54323e-10 7.72617e-10 1.0417e-09 1.25116e-09 7.72617e-10 8.90573e-10 1.25116e-09 1.49076e-09 4.11108e-10 4.1046e-10 8.90573e-10 9.98844e-10 4.1046e-10 4.15623e-10 9.98844e-10 1.14895e-09 8.90573e-10 9.98844e-10 1.49076e-09 1.76044e-09 9.98844e-10 1.14895e-09 1.76044e-09 2.13579e-09 1.0417e-09 1.25116e-09 1.47824e-09 1.79576e-09 1.25116e-09 1.49076e-09 1.79576e-09 2.18521e-09 1.47824e-09 1.79576e-09 1.94468e-09 2.38054e-09 1.79576e-09 2.18521e-09 2.38054e-09 2.93811e-09 1.49076e-09 1.76044e-09 2.18521e-09 2.66565e-09 1.76044e-09 2.13579e-09 2.66565e-09 3.35111e-09 2.18521e-09 2.66565e-09 2.93811e-09 3.66715e-09 2.66565e-09 3.35111e-09 3.66715e-09 4.74246e-09 0 0 -2.51344e-10 -2.84422e-10 0 0 -2.84422e-10 -2.31048e-10 -2.51344e-10 -2.84422e-10 -2.75741e-10 -3.00788e-10 -2.84422e-10 -2.31048e-10 -3.00788e-10 -1.03102e-10 0 0 -2.31048e-10 -9.07868e-12 0 0 -9.07868e-12 4.41419e-10 -2.31048e-10 -9.07868e-12 -1.03102e-10 5.57872e-10 -9.07868e-12 4.41419e-10 5.57872e-10 1.89512e-09 -2.75741e-10 -3.00788e-10 -5.7534e-11 -1.42863e-11 -3.00788e-10 -1.03102e-10 -1.42863e-11 4.32855e-10 -5.7534e-11 -1.42863e-11 4.15623e-10 6.04892e-10 -1.42863e-11 4.32855e-10 6.04892e-10 1.41902e-09 -1.03102e-10 5.57872e-10 4.32855e-10 1.74585e-09 5.57872e-10 1.89512e-09 1.74585e-09 4.3787e-09 4.32855e-10 1.74585e-09 1.41902e-09 3.59286e-09 1.74585e-09 4.3787e-09 3.59286e-09 7.90583e-09 0 0 4.41419e-10 1.09964e-09 0 0 1.09964e-09 1.83252e-09 4.41419e-10 1.09964e-09 1.89512e-09 3.90647e-09 1.09964e-09 1.83252e-09 3.90647e-09 6.21996e-09 0 0 1.83252e-09 2.42127e-09 0 0 2.42127e-09 2.64892e-09 1.83252e-09 2.42127e-09 6.21996e-09 8.12423e-09 2.42127e-09 2.64892e-09 8.12423e-09 8.87036e-09 1.89512e-09 3.90647e-09 4.3787e-09 8.39979e-09 3.90647e-09 6.21996e-09 8.39979e-09 1.31134e-08 4.3787e-09 8.39979e-09 7.90583e-09 1.45605e-08 8.39979e-09 1.31134e-08 1.45605e-08 2.24709e-08 6.21996e-09 8.12423e-09 1.31134e-08 1.70503e-08 8.12423e-09 8.87036e-09 1.70503e-08 1.86053e-08 1.31134e-08 1.70503e-08 2.24709e-08 2.91512e-08 1.70503e-08 1.86053e-08 2.91512e-08 3.1806e-08 4.15623e-10 6.04892e-10 1.14895e-09 1.58009e-09 6.04892e-10 1.41902e-09 1.58009e-09 2.8954e-09 1.14895e-09 1.58009e-09 2.13579e-09 2.92475e-09 1.58009e-09 2.8954e-09 2.92475e-09 4.9027e-09 1.41902e-09 3.59286e-09 2.8954e-09 6.14186e-09 3.59286e-09 7.90583e-09 6.14186e-09 1.25006e-08 2.8954e-09 6.14186e-09 4.9027e-09 9.45425e-09 6.14186e-09 1.25006e-08 9.45425e-09 1.82187e-08 2.13579e-09 2.92475e-09 3.35111e-09 4.63528e-09 2.92475e-09 4.9027e-09 4.63528e-09 7.4817e-09 3.35111e-09 4.63528e-09 4.74246e-09 6.67911e-09 4.63528e-09 7.4817e-09 6.67911e-09 1.06686e-08 4.9027e-09 9.45425e-09 7.4817e-09 1.36259e-08 9.45425e-09 1.82187e-08 1.36259e-08 2.51805e-08 7.4817e-09 1.36259e-08 1.06686e-08 1.8808e-08 1.36259e-08 2.51805e-08 1.8808e-08 3.36219e-08 7.90583e-09 1.45605e-08 1.25006e-08 2.23789e-08 1.45605e-08 2.24709e-08 2.23789e-08 3.42519e-08 1.25006e-08 2.23789e-08 1.82187e-08 3.18699e-08 2.23789e-08 3.42519e-08 3.18699e-08 4.84115e-08 2.24709e-08 2.91512e-08 3.42519e-08 4.43697e-08 2.91512e-08 3.1806e-08 4.43697e-08 4.84115e-08 3.42519e-08 4.43697e-08 4.84115e-08 6.26123e-08 4.43697e-08 4.84115e-08 6.26123e-08 6.83102e-08 1.82187e-08 3.18699e-08 2.51805e-08 4.31018e-08 3.18699e-08 4.84115e-08 4.31018e-08 6.48964e-08 2.51805e-08 4.31018e-08 3.36219e-08 5.62407e-08 4.31018e-08 6.48964e-08 5.62407e-08 8.36317e-08 4.84115e-08 6.26123e-08 6.48964e-08 8.37057e-08 6.26123e-08 6.83102e-08 8.37057e-08 9.12813e-08 6.48964e-08 8.37057e-08 8.36317e-08 1.07322e-07 8.37057e-08 9.12813e-08 1.07322e-07 1.16897e-07 0 0 2.64892e-09 2.42219e-09 0 0 2.42219e-09 1.8349e-09 2.64892e-09 2.42219e-09 8.87036e-09 8.12995e-09 2.42219e-09 1.8349e-09 8.12995e-09 6.23085e-09 0 0 1.8349e-09 1.10405e-09 0 0 1.10405e-09 4.48094e-10 1.8349e-09 1.10405e-09 6.23085e-09 3.92179e-09 1.10405e-09 4.48094e-10 3.92179e-09 1.91434e-09 8.87036e-09 8.12995e-09 1.86053e-08 1.70652e-08 8.12995e-09 6.23085e-09 1.70652e-08 1.31397e-08 1.86053e-08 1.70652e-08 3.1806e-08 2.91802e-08 1.70652e-08 1.31397e-08 2.91802e-08 2.25205e-08 6.23085e-09 3.92179e-09 1.31397e-08 8.43343e-09 3.92179e-09 1.91434e-09 8.43343e-09 4.41708e-09 1.31397e-08 8.43343e-09 2.25205e-08 1.46207e-08 8.43343e-09 4.41708e-09 1.46207e-08 7.97057e-09 0 0 4.48094e-10 -2.13337e-13 0 0 -2.13337e-13 -2.20202e-10 4.48094e-10 -2.13337e-13 1.91434e-09 5.80604e-10 -2.13337e-13 -2.20202e-10 5.80604e-10 -7.73059e-11 0 0 -2.20202e-10 -2.71805e-10 0 0 -2.71805e-10 -2.37122e-10 -2.20202e-10 -2.71805e-10 -7.73059e-11 -2.72363e-10 -2.71805e-10 -2.37122e-10 -2.72363e-10 -2.44993e-10 1.91434e-09 5.80604e-10 4.41708e-09 1.78782e-09 5.80604e-10 -7.73059e-11 1.78782e-09 4.77746e-10 4.41708e-09 1.78782e-09 7.97057e-09 3.65973e-09 1.78782e-09 4.77746e-10 3.65973e-09 1.48719e-09 -7.73059e-11 -2.72363e-10 4.77746e-10 3.30193e-11 -2.72363e-10 -2.44993e-10 3.30193e-11 -8.08991e-12 4.77746e-10 3.30193e-11 1.48719e-09 6.74051e-10 3.30193e-11 -8.08991e-12 6.74051e-10 4.85805e-10 3.1806e-08 2.91802e-08 4.84115e-08 4.44184e-08 2.91802e-08 2.25205e-08 4.44184e-08 3.43334e-08 4.84115e-08 4.44184e-08 6.83102e-08 6.26869e-08 4.44184e-08 3.43334e-08 6.26869e-08 4.85345e-08 2.25205e-08 1.46207e-08 3.43334e-08 2.24747e-08 1.46207e-08 7.97057e-09 2.24747e-08 1.25994e-08 3.43334e-08 2.24747e-08 4.85345e-08 3.20111e-08 2.24747e-08 1.25994e-08 3.20111e-08 1.83598e-08 6.83102e-08 6.26869e-08 9.12813e-08 8.38131e-08 6.26869e-08 4.85345e-08 8.38131e-08 6.50717e-08 9.12813e-08 8.38131e-08 1.16897e-07 1.0747e-07 8.38131e-08 6.50717e-08 1.0747e-07 8.38708e-08 4.85345e-08 3.20111e-08 6.50717e-08 4.32991e-08 3.20111e-08 1.83598e-08 4.32991e-08 2.53725e-08 6.50717e-08 4.32991e-08 8.38708e-08 5.65057e-08 4.32991e-08 2.53725e-08 5.65057e-08 3.38741e-08 7.97057e-09 3.65973e-09 1.25994e-08 6.23952e-09 3.65973e-09 1.48719e-09 6.23952e-09 2.99104e-09 1.25994e-08 6.23952e-09 1.83598e-08 9.58876e-09 6.23952e-09 2.99104e-09 9.58876e-09 5.02994e-09 1.48719e-09 6.74051e-10 2.99104e-09 1.67397e-09 6.74051e-10 4.85805e-10 1.67397e-09 1.24178e-09 2.99104e-09 1.67397e-09 5.02994e-09 3.04607e-09 1.67397e-09 1.24178e-09 3.04607e-09 2.25304e-09 1.83598e-08 9.58876e-09 2.53725e-08 1.38034e-08 9.58876e-09 5.02994e-09 1.38034e-08 7.64457e-09 2.53725e-08 1.38034e-08 3.38741e-08 1.90347e-08 1.38034e-08 7.64457e-09 1.90347e-08 1.08709e-08 5.02994e-09 3.04607e-09 7.64457e-09 4.78659e-09 3.04607e-09 2.25304e-09 4.78659e-09 3.4944e-09 7.64457e-09 4.78659e-09 1.08709e-08 6.8627e-09 4.78659e-09 3.4944e-09 6.8627e-09 4.91322e-09 0 0 -2.37122e-10 -1.77963e-10 0 0 -1.77963e-10 -1.25075e-10 -2.37122e-10 -1.77963e-10 -2.44993e-10 -1.57171e-10 -1.77963e-10 -1.25075e-10 -1.57171e-10 -8.11241e-11 0 0 -1.25075e-10 -8.70578e-11 0 0 -8.70578e-11 -6.29721e-11 -1.25075e-10 -8.70578e-11 -8.11241e-11 -3.30803e-11 -8.70578e-11 -6.29721e-11 -3.30803e-11 -8.24244e-12 -2.44993e-10 -1.57171e-10 -8.08991e-12 6.33127e-11 -1.57171e-10 -8.11241e-11 6.33127e-11 1.25048e-10 -8.08991e-12 6.33127e-11 4.85805e-10 4.81986e-10 6.33127e-11 1.25048e-10 4.81986e-10 4.84492e-10 -8.11241e-11 -3.30803e-11 1.25048e-10 1.52317e-10 -3.30803e-11 -8.24244e-12 1.52317e-10 1.54108e-10 1.25048e-10 1.52317e-10 4.84492e-10 4.57512e-10 1.52317e-10 1.54108e-10 4.57512e-10 4.12253e-10 0 0 -6.29721e-11 -5.12979e-11 0 0 -5.12979e-11 -5.43337e-11 -6.29721e-11 -5.12979e-11 -8.24244e-12 -2.64913e-12 -5.12979e-11 -5.43337e-11 -2.64913e-12 -2.4254e-11 0 0 -5.43337e-11 -7.12177e-11 0 0 -7.12177e-11 0 -5.43337e-11 -7.12177e-11 -2.4254e-11 -7.94247e-11 -7.12177e-11 0 -7.94247e-11 0 -8.24244e-12 -2.64913e-12 1.54108e-10 1.36744e-10 -2.64913e-12 -2.4254e-11 1.36744e-10 8.53315e-11 1.54108e-10 1.36744e-10 4.12253e-10 3.56309e-10 1.36744e-10 8.53315e-11 3.56309e-10 2.68353e-10 -2.4254e-11 -7.94247e-11 8.53315e-11 -1.95315e-11 -7.94247e-11 0 -1.95315e-11 0 8.53315e-11 -1.95315e-11 2.68353e-10 1.0407e-10 -1.95315e-11 0 1.0407e-10 0 4.85805e-10 4.81986e-10 1.24178e-09 1.09156e-09 4.81986e-10 4.84492e-10 1.09156e-09 9.84187e-10 1.24178e-09 1.09156e-09 2.25304e-09 1.87547e-09 1.09156e-09 9.84187e-10 1.87547e-09 1.60522e-09 4.84492e-10 4.57512e-10 9.84187e-10 8.68157e-10 4.57512e-10 4.12253e-10 8.68157e-10 7.52449e-10 9.84187e-10 8.68157e-10 1.60522e-09 1.36654e-09 8.68157e-10 7.52449e-10 1.36654e-09 1.15898e-09 2.25304e-09 1.87547e-09 3.4944e-09 2.80401e-09 1.87547e-09 1.60522e-09 2.80401e-09 2.32109e-09 3.4944e-09 2.80401e-09 4.91322e-09 3.82974e-09 2.80401e-09 2.32109e-09 3.82974e-09 3.09595e-09 1.60522e-09 1.36654e-09 2.32109e-09 1.93113e-09 1.36654e-09 1.15898e-09 1.93113e-09 1.61432e-09 2.32109e-09 1.93113e-09 3.09595e-09 2.5361e-09 1.93113e-09 1.61432e-09 2.5361e-09 2.09932e-09 4.12253e-10 3.56309e-10 7.52449e-10 6.43479e-10 3.56309e-10 2.68353e-10 6.43479e-10 5.1506e-10 7.52449e-10 6.43479e-10 1.15898e-09 9.8379e-10 6.43479e-10 5.1506e-10 9.8379e-10 8.10832e-10 2.68353e-10 1.0407e-10 5.1506e-10 2.88299e-10 1.0407e-10 0 2.88299e-10 0 5.1506e-10 2.88299e-10 8.10832e-10 5.32437e-10 2.88299e-10 0 5.32437e-10 0 1.15898e-09 9.8379e-10 1.61432e-09 1.36132e-09 9.8379e-10 8.10832e-10 1.36132e-09 1.13589e-09 1.61432e-09 1.36132e-09 2.09932e-09 1.76e-09 1.36132e-09 1.13589e-09 1.76e-09 1.47341e-09 8.10832e-10 5.32437e-10 1.13589e-09 8.32582e-10 5.32437e-10 0 8.32582e-10 0 1.13589e-09 8.32582e-10 1.47341e-09 1.12576e-09 8.32582e-10 0 1.12576e-09 0 0 1.0158e-09 0 -0.00265239 1.0158e-09 1.33079e-09 -0.00265239 -0.000579113 0 -0.00265239 0 -0.00450785 -0.00265239 -0.000579113 -0.00450785 -0.00195033 1.33079e-09 1.60745e-09 -0.000579113 0.00107722 1.60745e-09 1.94468e-09 0.00107722 0.00220537 -0.000579113 0.00107722 -0.00195033 0.000562138 0.00107722 0.00220537 0.000562138 0.00250227 0 -0.00450785 0 -0.00357732 -0.00450785 -0.00195033 -0.00357732 -0.00237023 0 -0.00357732 0 -0.00239307 -0.00357732 -0.00237023 -0.00239307 -0.00204076 -0.00195033 0.000562138 -0.00237023 -0.000109252 0.000562138 0.00250227 -0.000109252 0.00201309 -0.00237023 -0.000109252 -0.00204076 -0.000412586 -0.000109252 0.00201309 -0.000412586 0.00143091 1.94468e-09 2.38054e-09 0.00220537 0.00305962 2.38054e-09 2.93811e-09 0.00305962 0.00393386 0.00220537 0.00305962 0.00250227 0.00406977 0.00305962 0.00393386 0.00406977 0.00568265 2.93811e-09 3.66715e-09 0.00393386 0.00527203 3.66715e-09 4.74246e-09 0.00527203 0.00806328 0.00393386 0.00527203 0.00568265 0.00804226 0.00527203 0.00806328 0.00804226 0.0125631 0.00250227 0.00406977 0.00201309 0.00391121 0.00406977 0.00568265 0.00391121 0.00594146 0.00201309 0.00391121 0.00143091 0.00325948 0.00391121 0.00594146 0.00325948 0.00532492 0.00568265 0.00804226 0.00594146 0.00886211 0.00804226 0.0125631 0.00886211 0.014152 0.00594146 0.00886211 0.00532492 0.00831321 0.00886211 0.014152 0.00831321 0.0135557 0 -0.00239307 0 -0.00151678 -0.00239307 -0.00204076 -0.00151678 -0.00145888 0 -0.00151678 0 -0.000894634 -0.00151678 -0.00145888 -0.000894634 -0.000907413 -0.00204076 -0.000412586 -0.00145888 -0.000395066 -0.000412586 0.00143091 -0.000395066 0.000987467 -0.00145888 -0.000395066 -0.000907413 -0.000262283 -0.000395066 0.000987467 -0.000262283 0.000644255 0 -0.000894634 0 -0.00041575 -0.000894634 -0.000907413 -0.00041575 -0.000431593 0 -0.00041575 0 1.31489e-11 -0.00041575 -0.000431593 1.31489e-11 2.71921e-11 -0.000907413 -0.000262283 -0.000431593 -0.000124147 -0.000262283 0.000644255 -0.000124147 0.000324726 -0.000431593 -0.000124147 2.71921e-11 4.25751e-11 -0.000124147 0.000324726 4.25751e-11 6.02094e-11 0.00143091 0.00325948 0.000987467 0.00247872 0.00325948 0.00532492 0.00247872 0.00425544 0.000987467 0.00247872 0.000644255 0.00167467 0.00247872 0.00425544 0.00167467 0.00295145 0.00532492 0.00831321 0.00425544 0.00686949 0.00831321 0.0135557 0.00686949 0.0113866 0.00425544 0.00686949 0.00295145 0.00486235 0.00686949 0.0113866 0.00486235 0.00814566 0.000644255 0.00167467 0.000324726 0.000848163 0.00167467 0.00295145 0.000848163 0.00151094 0.000324726 0.000848163 6.02094e-11 8.1961e-11 0.000848163 0.00151094 8.1961e-11 1.10549e-10 0.00295145 0.00486235 0.00151094 0.00251415 0.00486235 0.00814566 0.00251415 0.00423508 0.00151094 0.00251415 1.10549e-10 1.49495e-10 0.00251415 0.00423508 1.49495e-10 2.03362e-10 4.74246e-09 6.67911e-09 0.00806328 0.0144305 6.67911e-09 1.06686e-08 0.0144305 0.027966 0.00806328 0.0144305 0.0125631 0.0219857 0.0144305 0.027966 0.0219857 0.0405938 1.06686e-08 1.8808e-08 0.027966 0.0525887 1.8808e-08 3.36219e-08 0.0525887 0.0882993 0.027966 0.0525887 0.0405938 0.0727039 0.0525887 0.0882993 0.0727039 0.117878 0.0125631 0.0219857 0.014152 0.0244549 0.0219857 0.0405938 0.0244549 0.0435806 0.014152 0.0244549 0.0135557 0.0232934 0.0244549 0.0435806 0.0232934 0.0405152 0.0405938 0.0727039 0.0435806 0.074978 0.0727039 0.117878 0.074978 0.117637 0.0435806 0.074978 0.0405152 0.0675815 0.074978 0.117637 0.0675815 0.103067 3.36219e-08 5.62407e-08 0.0882993 0.124225 5.62407e-08 8.36317e-08 0.124225 0.136045 0.0882993 0.124225 0.117878 0.163615 0.124225 0.136045 0.163615 0.182787 8.36317e-08 1.07322e-07 0.136045 0.100631 1.07322e-07 1.16897e-07 0.100631 0.0235757 0.136045 0.100631 0.182787 0.14802 0.100631 0.0235757 0.14802 0.0599122 0.117878 0.163615 0.117637 0.160422 0.163615 0.182787 0.160422 0.18056 0.117637 0.160422 0.103067 0.137889 0.160422 0.18056 0.137889 0.154839 0.182787 0.14802 0.18056 0.154688 0.14802 0.0599122 0.154688 0.0801008 0.18056 0.154688 0.154839 0.136645 0.154688 0.0801008 0.136645 0.0803092 0.0135557 0.0232934 0.0113866 0.0195238 0.0232934 0.0405152 0.0195238 0.033424 0.0113866 0.0195238 0.00814566 0.013953 0.0195238 0.033424 0.013953 0.0236506 0.0405152 0.0675815 0.033424 0.0545432 0.0675815 0.103067 0.0545432 0.0813923 0.033424 0.0545432 0.0236506 0.0380431 0.0545432 0.0813923 0.0380431 0.0559289 0.00814566 0.013953 0.00423508 0.0072501 0.013953 0.0236506 0.0072501 0.0122212 0.00423508 0.0072501 2.03362e-10 2.78014e-10 0.0072501 0.0122212 2.78014e-10 3.78139e-10 0.0236506 0.0380431 0.0122212 0.0194994 0.0380431 0.0559289 0.0194994 0.0284209 0.0122212 0.0194994 3.78139e-10 4.94662e-10 0.0194994 0.0284209 4.94662e-10 5.7806e-10 0.103067 0.137889 0.0813923 0.107078 0.137889 0.154839 0.107078 0.119449 0.0813923 0.107078 0.0559289 0.072672 0.107078 0.119449 0.072672 0.0805303 0.154839 0.136645 0.119449 0.106778 0.136645 0.0803092 0.106778 0.0669891 0.119449 0.106778 0.0805303 0.072304 0.106778 0.0669891 0.072304 0.046849 0.0559289 0.072672 0.0284209 0.0366558 0.072672 0.0805303 0.0366558 0.0404362 0.0284209 0.0366558 5.7806e-10 5.29522e-10 0.0366558 0.0404362 5.29522e-10 2.93359e-10 0.0805303 0.072304 0.0404362 0.0363429 0.072304 0.046849 0.0363429 0.0238922 0.0404362 0.0363429 2.93359e-10 7.31401e-11 0.0363429 0.0238922 7.31401e-11 3.96943e-10 1.16897e-07 1.0747e-07 0.0235757 -0.0571248 1.0747e-07 8.38708e-08 -0.0571248 -0.104926 0.0235757 -0.0571248 0.0599122 -0.0442186 -0.0571248 -0.104926 -0.0442186 -0.119789 8.38708e-08 5.65057e-08 -0.104926 -0.111692 5.65057e-08 3.38741e-08 -0.111692 -0.0915594 -0.104926 -0.111692 -0.119789 -0.147423 -0.111692 -0.0915594 -0.147423 -0.135737 0.0599122 -0.0442186 0.0801008 -0.0161613 -0.0442186 -0.119789 -0.0161613 -0.0959126 0.0801008 -0.0161613 0.0803092 0.00382641 -0.0161613 -0.0959126 0.00382641 -0.0648408 -0.119789 -0.147423 -0.0959126 -0.136427 -0.147423 -0.135737 -0.136427 -0.138655 -0.0959126 -0.136427 -0.0648408 -0.106072 -0.136427 -0.138655 -0.106072 -0.116869 3.38741e-08 1.90347e-08 -0.0915594 -0.063151 1.90347e-08 1.08709e-08 -0.063151 -0.0388295 -0.0915594 -0.063151 -0.135737 -0.105065 -0.063151 -0.0388295 -0.105065 -0.0727978 1.08709e-08 6.8627e-09 -0.0388295 -0.0226782 6.8627e-09 4.91322e-09 -0.0226782 -0.0135239 -0.0388295 -0.0226782 -0.0727978 -0.0476723 -0.0226782 -0.0135239 -0.0476723 -0.0311073 -0.135737 -0.105065 -0.138655 -0.117494 -0.105065 -0.0727978 -0.117494 -0.0890009 -0.138655 -0.117494 -0.116869 -0.106203 -0.117494 -0.0890009 -0.106203 -0.0860684 -0.0727978 -0.0476723 -0.0890009 -0.0633998 -0.0476723 -0.0311073 -0.0633998 -0.0443806 -0.0890009 -0.0633998 -0.0860684 -0.0654023 -0.0633998 -0.0443806 -0.0654023 -0.0484783 0.0803092 0.00382641 0.0669891 0.0118443 0.00382641 -0.0648408 0.0118443 -0.0397937 0.0669891 0.0118443 0.046849 0.0114189 0.0118443 -0.0397937 0.0114189 -0.0223715 -0.0648408 -0.106072 -0.0397937 -0.0736406 -0.106072 -0.116869 -0.0736406 -0.0861149 -0.0397937 -0.0736406 -0.0223715 -0.0454764 -0.0736406 -0.0861149 -0.0454764 -0.0552387 0.046849 0.0114189 0.0238922 0.00657954 0.0114189 -0.0223715 0.00657954 -0.0100404 0.0238922 0.00657954 3.96943e-10 1.64e-09 0.00657954 -0.0100404 1.64e-09 3.42152e-09 -0.0223715 -0.0454764 -0.0100404 -0.021606 -0.0454764 -0.0552387 -0.021606 -0.0267688 -0.0100404 -0.021606 3.42152e-09 4.86838e-09 -0.021606 -0.0267688 4.86838e-09 5.41197e-09 -0.116869 -0.106203 -0.0861149 -0.0822196 -0.106203 -0.0860684 -0.0822196 -0.0699027 -0.0861149 -0.0822196 -0.0552387 -0.0543665 -0.0822196 -0.0699027 -0.0543665 -0.0476312 -0.0860684 -0.0654023 -0.0699027 -0.0556938 -0.0654023 -0.0484783 -0.0556938 -0.0431652 -0.0699027 -0.0556938 -0.0476312 -0.0391484 -0.0556938 -0.0431652 -0.0391484 -0.0313066 -0.0552387 -0.0543665 -0.0267688 -0.0267509 -0.0543665 -0.0476312 -0.0267509 -0.0238015 -0.0267688 -0.0267509 5.41197e-09 5.02316e-09 -0.0267509 -0.0238015 5.02316e-09 3.97124e-09 -0.0476312 -0.0391484 -0.0238015 -0.0198954 -0.0391484 -0.0313066 -0.0198954 -0.0162011 -0.0238015 -0.0198954 3.97124e-09 2.60193e-09 -0.0198954 -0.0162011 2.60193e-09 1.22184e-09 4.91322e-09 3.82974e-09 -0.0135239 -0.00869482 3.82974e-09 3.09595e-09 -0.00869482 -0.00606079 -0.0135239 -0.00869482 -0.0311073 -0.0210696 -0.00869482 -0.00606079 -0.0210696 -0.0150367 3.09595e-09 2.5361e-09 -0.00606079 -0.00443034 2.5361e-09 2.09932e-09 -0.00443034 -0.003288 -0.00606079 -0.00443034 -0.0150367 -0.0112003 -0.00443034 -0.003288 -0.0112003 -0.00857175 -0.0311073 -0.0210696 -0.0443806 -0.031581 -0.0210696 -0.0150367 -0.031581 -0.0232342 -0.0443806 -0.031581 -0.0484783 -0.0360999 -0.031581 -0.0232342 -0.0360999 -0.0274486 -0.0150367 -0.0112003 -0.0232342 -0.0176732 -0.0112003 -0.00857175 -0.0176732 -0.0138034 -0.0232342 -0.0176732 -0.0274486 -0.0213868 -0.0176732 -0.0138034 -0.0213868 -0.0170337 2.09932e-09 1.76e-09 -0.003288 -0.00250135 1.76e-09 1.47341e-09 -0.00250135 -0.00220607 -0.003288 -0.00250135 -0.00857175 -0.00675389 -0.00250135 -0.00220607 -0.00675389 -0.0057754 1.47341e-09 1.12576e-09 -0.00220607 -0.00301342 1.12576e-09 0 -0.00301342 -0.00572015 -0.00220607 -0.00301342 -0.0057754 -0.0062093 -0.00301342 -0.00572015 -0.0062093 -0.0072492 -0.00857175 -0.00675389 -0.0138034 -0.0110828 -0.00675389 -0.0057754 -0.0110828 -0.00939632 -0.0138034 -0.0110828 -0.0170337 -0.0138907 -0.0110828 -0.00939632 -0.0138907 -0.0117849 -0.0057754 -0.0062093 -0.00939632 -0.00895765 -0.0062093 -0.0072492 -0.00895765 -0.00876919 -0.00939632 -0.00895765 -0.0117849 -0.0106719 -0.00895765 -0.00876919 -0.0106719 -0.00970447 -0.0484783 -0.0360999 -0.0431652 -0.0334171 -0.0360999 -0.0274486 -0.0334171 -0.0262209 -0.0431652 -0.0334171 -0.0313066 -0.0249629 -0.0334171 -0.0262209 -0.0249629 -0.0201018 -0.0274486 -0.0213868 -0.0262209 -0.0209404 -0.0213868 -0.0170337 -0.0209404 -0.017009 -0.0262209 -0.0209404 -0.0201018 -0.0164043 -0.0209404 -0.017009 -0.0164043 -0.0135601 -0.0313066 -0.0249629 -0.0162011 -0.0131565 -0.0249629 -0.0201018 -0.0131565 -0.0107764 -0.0162011 -0.0131565 1.22184e-09 3.77164e-11 -0.0131565 -0.0107764 3.77164e-11 -8.56411e-10 -0.0201018 -0.0164043 -0.0107764 -0.00892556 -0.0164043 -0.0135601 -0.00892556 -0.00746925 -0.0107764 -0.00892556 -8.56411e-10 -1.45395e-09 -0.00892556 -0.00746925 -1.45395e-09 -1.79802e-09 -0.0170337 -0.0138907 -0.017009 -0.0140796 -0.0138907 -0.0117849 -0.0140796 -0.0120061 -0.017009 -0.0140796 -0.0135601 -0.0113761 -0.0140796 -0.0120061 -0.0113761 -0.00976497 -0.0117849 -0.0106719 -0.0120061 -0.0106553 -0.0106719 -0.00970447 -0.0106553 -0.009399 -0.0120061 -0.0106553 -0.00976497 -0.00860947 -0.0106553 -0.009399 -0.00860947 -0.00750836 -0.0135601 -0.0113761 -0.00746925 -0.0063261 -0.0113761 -0.00976497 -0.0063261 -0.00545951 -0.00746925 -0.0063261 -1.79802e-09 -1.95009e-09 -0.0063261 -0.00545951 -1.95009e-09 -1.96881e-09 -0.00976497 -0.00860947 -0.00545951 -0.00480725 -0.00860947 -0.00750836 -0.00480725 -0.00417781 -0.00545951 -0.00480725 -1.96881e-09 -1.90004e-09 -0.00480725 -0.00417781 -1.90004e-09 -1.80073e-09 0 1.31489e-11 0 0.00041575 1.31489e-11 2.71921e-11 0.00041575 0.000431593 0 0.00041575 0 0.000894634 0.00041575 0.000431593 0.000894634 0.000907413 2.71921e-11 4.25751e-11 0.000431593 0.000124147 4.25751e-11 6.02094e-11 0.000124147 -0.000324726 0.000431593 0.000124147 0.000907413 0.000262284 0.000124147 -0.000324726 0.000262284 -0.000644255 0 0.000894634 0 0.00151678 0.000894634 0.000907413 0.00151678 0.00145888 0 0.00151678 0 0.00239307 0.00151678 0.00145888 0.00239307 0.00204076 0.000907413 0.000262284 0.00145888 0.000395067 0.000262284 -0.000644255 0.000395067 -0.000987467 0.00145888 0.000395067 0.00204076 0.000412587 0.000395067 -0.000987467 0.000412587 -0.00143091 6.02094e-11 8.1961e-11 -0.000324726 -0.000848162 8.1961e-11 1.10549e-10 -0.000848162 -0.00151094 -0.000324726 -0.000848162 -0.000644255 -0.00167467 -0.000848162 -0.00151094 -0.00167467 -0.00295144 1.10549e-10 1.49495e-10 -0.00151094 -0.00251415 1.49495e-10 2.03362e-10 -0.00251415 -0.00423508 -0.00151094 -0.00251415 -0.00295144 -0.00486235 -0.00251415 -0.00423508 -0.00486235 -0.00814566 -0.000644255 -0.00167467 -0.000987467 -0.00247872 -0.00167467 -0.00295144 -0.00247872 -0.00425544 -0.000987467 -0.00247872 -0.00143091 -0.00325948 -0.00247872 -0.00425544 -0.00325948 -0.00532492 -0.00295144 -0.00486235 -0.00425544 -0.00686949 -0.00486235 -0.00814566 -0.00686949 -0.0113866 -0.00425544 -0.00686949 -0.00532492 -0.00831321 -0.00686949 -0.0113866 -0.00831321 -0.0135557 0 0.00239307 0 0.00357732 0.00239307 0.00204076 0.00357732 0.00237023 0 0.00357732 0 0.00450785 0.00357732 0.00237023 0.00450785 0.00195033 0.00204076 0.000412587 0.00237023 0.000109252 0.000412587 -0.00143091 0.000109252 -0.00201309 0.00237023 0.000109252 0.00195033 -0.000562138 0.000109252 -0.00201309 -0.000562138 -0.00250227 0 0.00450785 0 0.00265239 0.00450785 0.00195033 0.00265239 0.000579113 0 0.00265239 0 -1.0158e-09 0.00265239 0.000579113 -1.0158e-09 -1.33079e-09 0.00195033 -0.000562138 0.000579113 -0.00107722 -0.000562138 -0.00250227 -0.00107722 -0.00220537 0.000579113 -0.00107722 -1.33079e-09 -1.60745e-09 -0.00107722 -0.00220537 -1.60745e-09 -1.94468e-09 -0.00143091 -0.00325948 -0.00201309 -0.00391121 -0.00325948 -0.00532492 -0.00391121 -0.00594146 -0.00201309 -0.00391121 -0.00250227 -0.00406977 -0.00391121 -0.00594146 -0.00406977 -0.00568265 -0.00532492 -0.00831321 -0.00594146 -0.00886211 -0.00831321 -0.0135557 -0.00886211 -0.014152 -0.00594146 -0.00886211 -0.00568265 -0.00804226 -0.00886211 -0.014152 -0.00804226 -0.0125631 -0.00250227 -0.00406977 -0.00220537 -0.00305962 -0.00406977 -0.00568265 -0.00305962 -0.00393386 -0.00220537 -0.00305962 -1.94468e-09 -2.38054e-09 -0.00305962 -0.00393386 -2.38054e-09 -2.93811e-09 -0.00568265 -0.00804226 -0.00393386 -0.00527203 -0.00804226 -0.0125631 -0.00527203 -0.00806328 -0.00393386 -0.00527203 -2.93811e-09 -3.66715e-09 -0.00527203 -0.00806328 -3.66715e-09 -4.74246e-09 2.03362e-10 2.78014e-10 -0.00423508 -0.0072501 2.78014e-10 3.78139e-10 -0.0072501 -0.0122212 -0.00423508 -0.0072501 -0.00814566 -0.013953 -0.0072501 -0.0122212 -0.013953 -0.0236506 3.78139e-10 4.94662e-10 -0.0122212 -0.0194994 4.94662e-10 5.7806e-10 -0.0194994 -0.0284209 -0.0122212 -0.0194994 -0.0236506 -0.0380431 -0.0194994 -0.0284209 -0.0380431 -0.0559289 -0.00814566 -0.013953 -0.0113866 -0.0195238 -0.013953 -0.0236506 -0.0195238 -0.033424 -0.0113866 -0.0195238 -0.0135557 -0.0232934 -0.0195238 -0.033424 -0.0232934 -0.0405152 -0.0236506 -0.0380431 -0.033424 -0.0545432 -0.0380431 -0.0559289 -0.0545432 -0.0813923 -0.033424 -0.0545432 -0.0405152 -0.0675815 -0.0545432 -0.0813923 -0.0675815 -0.103067 5.7806e-10 5.29522e-10 -0.0284209 -0.0366558 5.29522e-10 2.93359e-10 -0.0366558 -0.0404362 -0.0284209 -0.0366558 -0.0559289 -0.072672 -0.0366558 -0.0404362 -0.072672 -0.0805303 2.93359e-10 7.31401e-11 -0.0404362 -0.0363429 7.31401e-11 3.96943e-10 -0.0363429 -0.0238922 -0.0404362 -0.0363429 -0.0805303 -0.072304 -0.0363429 -0.0238922 -0.072304 -0.046849 -0.0559289 -0.072672 -0.0813923 -0.107078 -0.072672 -0.0805303 -0.107078 -0.119449 -0.0813923 -0.107078 -0.103067 -0.137889 -0.107078 -0.119449 -0.137889 -0.154839 -0.0805303 -0.072304 -0.119449 -0.106778 -0.072304 -0.046849 -0.106778 -0.0669891 -0.119449 -0.106778 -0.154839 -0.136645 -0.106778 -0.0669891 -0.136645 -0.0803092 -0.0135557 -0.0232934 -0.014152 -0.0244549 -0.0232934 -0.0405152 -0.0244549 -0.0435806 -0.014152 -0.0244549 -0.0125631 -0.0219857 -0.0244549 -0.0435806 -0.0219857 -0.0405938 -0.0405152 -0.0675815 -0.0435806 -0.074978 -0.0675815 -0.103067 -0.074978 -0.117637 -0.0435806 -0.074978 -0.0405938 -0.0727039 -0.074978 -0.117637 -0.0727039 -0.117878 -0.0125631 -0.0219857 -0.00806328 -0.0144305 -0.0219857 -0.0405938 -0.0144305 -0.027966 -0.00806328 -0.0144305 -4.74246e-09 -6.67911e-09 -0.0144305 -0.027966 -6.67911e-09 -1.06686e-08 -0.0405938 -0.0727039 -0.027966 -0.0525887 -0.0727039 -0.117878 -0.0525887 -0.0882993 -0.027966 -0.0525887 -1.06686e-08 -1.8808e-08 -0.0525887 -0.0882993 -1.8808e-08 -3.36219e-08 -0.103067 -0.137889 -0.117637 -0.160422 -0.137889 -0.154839 -0.160422 -0.18056 -0.117637 -0.160422 -0.117878 -0.163615 -0.160422 -0.18056 -0.163615 -0.182787 -0.154839 -0.136645 -0.18056 -0.154688 -0.136645 -0.0803092 -0.154688 -0.0801008 -0.18056 -0.154688 -0.182787 -0.14802 -0.154688 -0.0801008 -0.14802 -0.0599122 -0.117878 -0.163615 -0.0882993 -0.124225 -0.163615 -0.182787 -0.124225 -0.136045 -0.0882993 -0.124225 -3.36219e-08 -5.62407e-08 -0.124225 -0.136045 -5.62407e-08 -8.36317e-08 -0.182787 -0.14802 -0.136045 -0.100631 -0.14802 -0.0599122 -0.100631 -0.0235757 -0.136045 -0.100631 -8.36317e-08 -1.07322e-07 -0.100631 -0.0235757 -1.07322e-07 -1.16897e-07 3.96943e-10 1.64e-09 -0.0238922 -0.00657954 1.64e-09 3.42152e-09 -0.00657954 0.0100404 -0.0238922 -0.00657954 -0.046849 -0.0114189 -0.00657954 0.0100404 -0.0114189 0.0223715 3.42152e-09 4.86838e-09 0.0100404 0.021606 4.86838e-09 5.41197e-09 0.021606 0.0267688 0.0100404 0.021606 0.0223715 0.0454764 0.021606 0.0267688 0.0454764 0.0552387 -0.046849 -0.0114189 -0.0669891 -0.0118443 -0.0114189 0.0223715 -0.0118443 0.0397937 -0.0669891 -0.0118443 -0.0803092 -0.00382641 -0.0118443 0.0397937 -0.00382641 0.0648408 0.0223715 0.0454764 0.0397937 0.0736406 0.0454764 0.0552387 0.0736406 0.0861149 0.0397937 0.0736406 0.0648408 0.106072 0.0736406 0.0861149 0.106072 0.116869 5.41197e-09 5.02316e-09 0.0267688 0.0267509 5.02316e-09 3.97124e-09 0.0267509 0.0238015 0.0267688 0.0267509 0.0552387 0.0543665 0.0267509 0.0238015 0.0543665 0.0476312 3.97124e-09 2.60193e-09 0.0238015 0.0198954 2.60193e-09 1.22184e-09 0.0198954 0.0162011 0.0238015 0.0198954 0.0476312 0.0391484 0.0198954 0.0162011 0.0391484 0.0313066 0.0552387 0.0543665 0.0861149 0.0822196 0.0543665 0.0476312 0.0822196 0.0699027 0.0861149 0.0822196 0.116869 0.106203 0.0822196 0.0699027 0.106203 0.0860684 0.0476312 0.0391484 0.0699027 0.0556939 0.0391484 0.0313066 0.0556939 0.0431652 0.0699027 0.0556939 0.0860684 0.0654023 0.0556939 0.0431652 0.0654023 0.0484783 -0.0803092 -0.00382641 -0.0801008 0.0161613 -0.00382641 0.0648408 0.0161613 0.0959126 -0.0801008 0.0161613 -0.0599122 0.0442186 0.0161613 0.0959126 0.0442186 0.119789 0.0648408 0.106072 0.0959126 0.136427 0.106072 0.116869 0.136427 0.138655 0.0959126 0.136427 0.119789 0.147423 0.136427 0.138655 0.147423 0.135737 -0.0599122 0.0442186 -0.0235757 0.0571248 0.0442186 0.119789 0.0571248 0.104926 -0.0235757 0.0571248 -1.16897e-07 -1.0747e-07 0.0571248 0.104926 -1.0747e-07 -8.38708e-08 0.119789 0.147423 0.104926 0.111692 0.147423 0.135737 0.111692 0.0915594 0.104926 0.111692 -8.38708e-08 -5.65057e-08 0.111692 0.0915594 -5.65057e-08 -3.38741e-08 0.116869 0.106203 0.138655 0.117494 0.106203 0.0860684 0.117494 0.0890009 0.138655 0.117494 0.135737 0.105065 0.117494 0.0890009 0.105065 0.0727978 0.0860684 0.0654023 0.0890009 0.0633998 0.0654023 0.0484783 0.0633998 0.0443806 0.0890009 0.0633998 0.0727978 0.0476723 0.0633998 0.0443806 0.0476723 0.0311073 0.135737 0.105065 0.0915594 0.063151 0.105065 0.0727978 0.063151 0.0388295 0.0915594 0.063151 -3.38741e-08 -1.90347e-08 0.063151 0.0388295 -1.90347e-08 -1.08709e-08 0.0727978 0.0476723 0.0388295 0.0226783 0.0476723 0.0311073 0.0226783 0.0135239 0.0388295 0.0226783 -1.08709e-08 -6.8627e-09 0.0226783 0.0135239 -6.8627e-09 -4.91322e-09 1.22184e-09 3.77164e-11 0.0162011 0.0131565 3.77164e-11 -8.56411e-10 0.0131565 0.0107764 0.0162011 0.0131565 0.0313066 0.0249629 0.0131565 0.0107764 0.0249629 0.0201018 -8.56411e-10 -1.45395e-09 0.0107764 0.00892555 -1.45395e-09 -1.79802e-09 0.00892555 0.00746925 0.0107764 0.00892555 0.0201018 0.0164043 0.00892555 0.00746925 0.0164043 0.0135601 0.0313066 0.0249629 0.0431652 0.0334171 0.0249629 0.0201018 0.0334171 0.0262209 0.0431652 0.0334171 0.0484783 0.0360999 0.0334171 0.0262209 0.0360999 0.0274486 0.0201018 0.0164043 0.0262209 0.0209404 0.0164043 0.0135601 0.0209404 0.017009 0.0262209 0.0209404 0.0274486 0.0213868 0.0209404 0.017009 0.0213868 0.0170337 -1.79802e-09 -1.95009e-09 0.00746925 0.00632609 -1.95009e-09 -1.96881e-09 0.00632609 0.00545951 0.00746925 0.00632609 0.0135601 0.0113761 0.00632609 0.00545951 0.0113761 0.00976497 -1.96881e-09 -1.90004e-09 0.00545951 0.00480725 -1.90004e-09 -1.80073e-09 0.00480725 0.00417781 0.00545951 0.00480725 0.00976497 0.00860946 0.00480725 0.00417781 0.00860946 0.00750836 0.0135601 0.0113761 0.017009 0.0140796 0.0113761 0.00976497 0.0140796 0.0120061 0.017009 0.0140796 0.0170337 0.0138907 0.0140796 0.0120061 0.0138907 0.0117849 0.00976497 0.00860946 0.0120061 0.0106553 0.00860946 0.00750836 0.0106553 0.009399 0.0120061 0.0106553 0.0117849 0.0106719 0.0106553 0.009399 0.0106719 0.00970447 0.0484783 0.0360999 0.0443806 0.031581 0.0360999 0.0274486 0.031581 0.0232342 0.0443806 0.031581 0.0311073 0.0210696 0.031581 0.0232342 0.0210696 0.0150367 0.0274486 0.0213868 0.0232342 0.0176732 0.0213868 0.0170337 0.0176732 0.0138034 0.0232342 0.0176732 0.0150367 0.0112003 0.0176732 0.0138034 0.0112003 0.00857175 0.0311073 0.0210696 0.0135239 0.00869482 0.0210696 0.0150367 0.00869482 0.00606079 0.0135239 0.00869482 -4.91322e-09 -3.82974e-09 0.00869482 0.00606079 -3.82974e-09 -3.09595e-09 0.0150367 0.0112003 0.00606079 0.00443034 0.0112003 0.00857175 0.00443034 0.003288 0.00606079 0.00443034 -3.09595e-09 -2.5361e-09 0.00443034 0.003288 -2.5361e-09 -2.09932e-09 0.0170337 0.0138907 0.0138034 0.0110828 0.0138907 0.0117849 0.0110828 0.00939632 0.0138034 0.0110828 0.00857175 0.00675389 0.0110828 0.00939632 0.00675389 0.0057754 0.0117849 0.0106719 0.00939632 0.00895765 0.0106719 0.00970447 0.00895765 0.00876919 0.00939632 0.00895765 0.0057754 0.0062093 0.00895765 0.00876919 0.0062093 0.0072492 0.00857175 0.00675389 0.003288 0.00250135 0.00675389 0.0057754 0.00250135 0.00220607 0.003288 0.00250135 -2.09932e-09 -1.76e-09 0.00250135 0.00220607 -1.76e-09 -1.47341e-09 0.0057754 0.0062093 0.00220607 0.00301342 0.0062093 0.0072492 0.00301342 0.00572015 0.00220607 0.00301342 -1.47341e-09 -1.12576e-09 0.00301342 0.00572015 -1.12576e-09 0 0 -1.0158e-09 0 -7.36488e-10 -1.0158e-09 -1.33079e-09 -7.36488e-10 -1.00821e-09 0 -7.36488e-10 0 -4.534e-10 -7.36488e-10 -1.00821e-09 -4.534e-10 -6.9983e-10 -1.33079e-09 -1.60745e-09 -1.00821e-09 -1.22556e-09 -1.60745e-09 -1.94468e-09 -1.22556e-09 -1.47824e-09 -1.00821e-09 -1.22556e-09 -6.9983e-10 -8.65739e-10 -1.22556e-09 -1.47824e-09 -8.65739e-10 -1.0417e-09 0 -4.534e-10 0 -2.2422e-10 -4.534e-10 -6.9983e-10 -2.2422e-10 -4.21962e-10 0 -2.2422e-10 0 -5.30716e-11 -2.2422e-10 -4.21962e-10 -5.30716e-11 -1.93705e-10 -6.9983e-10 -8.65739e-10 -4.21962e-10 -5.44064e-10 -8.65739e-10 -1.0417e-09 -5.44064e-10 -6.54323e-10 -4.21962e-10 -5.44064e-10 -1.93705e-10 -2.763e-10 -5.44064e-10 -6.54323e-10 -2.763e-10 -3.33636e-10 -1.94468e-09 -2.38054e-09 -1.47824e-09 -1.79576e-09 -2.38054e-09 -2.93811e-09 -1.79576e-09 -2.18521e-09 -1.47824e-09 -1.79576e-09 -1.0417e-09 -1.25116e-09 -1.79576e-09 -2.18521e-09 -1.25116e-09 -1.49076e-09 -2.93811e-09 -3.66715e-09 -2.18521e-09 -2.66565e-09 -3.66715e-09 -4.74246e-09 -2.66565e-09 -3.35111e-09 -2.18521e-09 -2.66565e-09 -1.49076e-09 -1.76044e-09 -2.66565e-09 -3.35111e-09 -1.76044e-09 -2.13579e-09 -1.0417e-09 -1.25116e-09 -6.54323e-10 -7.72617e-10 -1.25116e-09 -1.49076e-09 -7.72617e-10 -8.90573e-10 -6.54323e-10 -7.72617e-10 -3.33636e-10 -3.81669e-10 -7.72617e-10 -8.90573e-10 -3.81669e-10 -4.11108e-10 -1.49076e-09 -1.76044e-09 -8.90573e-10 -9.98844e-10 -1.76044e-09 -2.13579e-09 -9.98844e-10 -1.14895e-09 -8.90573e-10 -9.98844e-10 -4.11108e-10 -4.1046e-10 -9.98844e-10 -1.14895e-09 -4.1046e-10 -4.15623e-10 0 -5.30716e-11 0 5.84787e-11 -5.30716e-11 -1.93705e-10 5.84787e-11 -2.93486e-11 0 5.84787e-11 0 1.06412e-10 5.84787e-11 -2.93486e-11 1.06412e-10 6.14407e-11 -1.93705e-10 -2.763e-10 -2.93486e-11 -7.66946e-11 -2.763e-10 -3.33636e-10 -7.66946e-11 -9.52636e-11 -2.93486e-11 -7.66946e-11 6.14407e-11 4.24649e-11 -7.66946e-11 -9.52636e-11 4.24649e-11 4.72272e-11 0 1.06412e-10 0 8.52761e-11 1.06412e-10 6.14407e-11 8.52761e-11 7.2736e-11 0 8.52761e-11 0 0 8.52761e-11 7.2736e-11 0 0 6.14407e-11 4.24649e-11 7.2736e-11 7.09481e-11 4.24649e-11 4.72272e-11 7.09481e-11 8.22466e-11 7.2736e-11 7.09481e-11 0 0 7.09481e-11 8.22466e-11 0 0 -3.33636e-10 -3.81669e-10 -9.52636e-11 -9.59874e-11 -3.81669e-10 -4.11108e-10 -9.59874e-11 -7.12247e-11 -9.52636e-11 -9.59874e-11 4.72272e-11 7.01747e-11 -9.59874e-11 -7.12247e-11 7.01747e-11 1.16136e-10 -4.11108e-10 -4.1046e-10 -7.12247e-11 -1.17563e-11 -4.1046e-10 -4.15623e-10 -1.17563e-11 5.75341e-11 -7.12247e-11 -1.17563e-11 1.16136e-10 1.90082e-10 -1.17563e-11 5.75341e-11 1.90082e-10 2.75741e-10 4.72272e-11 7.01747e-11 8.22466e-11 1.05328e-10 7.01747e-11 1.16136e-10 1.05328e-10 1.42119e-10 8.22466e-11 1.05328e-10 0 0 1.05328e-10 1.42119e-10 0 0 1.16136e-10 1.90082e-10 1.42119e-10 1.93657e-10 1.90082e-10 2.75741e-10 1.93657e-10 2.51344e-10 1.42119e-10 1.93657e-10 0 0 1.93657e-10 2.51344e-10 0 0 -4.74246e-09 -6.67911e-09 -3.35111e-09 -4.63528e-09 -6.67911e-09 -1.06686e-08 -4.63528e-09 -7.4817e-09 -3.35111e-09 -4.63528e-09 -2.13579e-09 -2.92475e-09 -4.63528e-09 -7.4817e-09 -2.92475e-09 -4.9027e-09 -1.06686e-08 -1.8808e-08 -7.4817e-09 -1.36259e-08 -1.8808e-08 -3.36219e-08 -1.36259e-08 -2.51805e-08 -7.4817e-09 -1.36259e-08 -4.9027e-09 -9.45425e-09 -1.36259e-08 -2.51805e-08 -9.45425e-09 -1.82187e-08 -2.13579e-09 -2.92475e-09 -1.14895e-09 -1.58009e-09 -2.92475e-09 -4.9027e-09 -1.58009e-09 -2.8954e-09 -1.14895e-09 -1.58009e-09 -4.15623e-10 -6.04891e-10 -1.58009e-09 -2.8954e-09 -6.04891e-10 -1.41902e-09 -4.9027e-09 -9.45425e-09 -2.8954e-09 -6.14186e-09 -9.45425e-09 -1.82187e-08 -6.14186e-09 -1.25006e-08 -2.8954e-09 -6.14186e-09 -1.41902e-09 -3.59286e-09 -6.14186e-09 -1.25006e-08 -3.59286e-09 -7.90583e-09 -3.36219e-08 -5.62407e-08 -2.51805e-08 -4.31018e-08 -5.62407e-08 -8.36317e-08 -4.31018e-08 -6.48964e-08 -2.51805e-08 -4.31018e-08 -1.82187e-08 -3.18699e-08 -4.31018e-08 -6.48964e-08 -3.18699e-08 -4.84115e-08 -8.36317e-08 -1.07322e-07 -6.48964e-08 -8.37057e-08 -1.07322e-07 -1.16897e-07 -8.37057e-08 -9.12813e-08 -6.48964e-08 -8.37057e-08 -4.84115e-08 -6.26123e-08 -8.37057e-08 -9.12813e-08 -6.26123e-08 -6.83102e-08 -1.82187e-08 -3.18699e-08 -1.25006e-08 -2.23789e-08 -3.18699e-08 -4.84115e-08 -2.23789e-08 -3.42519e-08 -1.25006e-08 -2.23789e-08 -7.90583e-09 -1.45605e-08 -2.23789e-08 -3.42519e-08 -1.45605e-08 -2.24709e-08 -4.84115e-08 -6.26123e-08 -3.42519e-08 -4.43697e-08 -6.26123e-08 -6.83102e-08 -4.43697e-08 -4.84115e-08 -3.42519e-08 -4.43697e-08 -2.24709e-08 -2.91512e-08 -4.43697e-08 -4.84115e-08 -2.91512e-08 -3.1806e-08 -4.15623e-10 -6.04891e-10 5.75341e-11 1.42863e-11 -6.04891e-10 -1.41902e-09 1.42863e-11 -4.32855e-10 5.75341e-11 1.42863e-11 2.75741e-10 3.00788e-10 1.42863e-11 -4.32855e-10 3.00788e-10 1.03102e-10 -1.41902e-09 -3.59286e-09 -4.32855e-10 -1.74585e-09 -3.59286e-09 -7.90583e-09 -1.74585e-09 -4.3787e-09 -4.32855e-10 -1.74585e-09 1.03102e-10 -5.57872e-10 -1.74585e-09 -4.3787e-09 -5.57872e-10 -1.89512e-09 2.75741e-10 3.00788e-10 2.51344e-10 2.84422e-10 3.00788e-10 1.03102e-10 2.84422e-10 2.31048e-10 2.51344e-10 2.84422e-10 0 0 2.84422e-10 2.31048e-10 0 0 1.03102e-10 -5.57872e-10 2.31048e-10 9.07868e-12 -5.57872e-10 -1.89512e-09 9.07868e-12 -4.41419e-10 2.31048e-10 9.07868e-12 0 0 9.07868e-12 -4.41419e-10 0 0 -7.90583e-09 -1.45605e-08 -4.3787e-09 -8.39979e-09 -1.45605e-08 -2.24709e-08 -8.39979e-09 -1.31134e-08 -4.3787e-09 -8.39979e-09 -1.89512e-09 -3.90647e-09 -8.39979e-09 -1.31134e-08 -3.90647e-09 -6.21996e-09 -2.24709e-08 -2.91512e-08 -1.31134e-08 -1.70503e-08 -2.91512e-08 -3.1806e-08 -1.70503e-08 -1.86053e-08 -1.31134e-08 -1.70503e-08 -6.21996e-09 -8.12423e-09 -1.70503e-08 -1.86053e-08 -8.12423e-09 -8.87036e-09 -1.89512e-09 -3.90647e-09 -4.41419e-10 -1.09964e-09 -3.90647e-09 -6.21996e-09 -1.09964e-09 -1.83252e-09 -4.41419e-10 -1.09964e-09 0 0 -1.09964e-09 -1.83252e-09 0 0 -6.21996e-09 -8.12423e-09 -1.83252e-09 -2.42127e-09 -8.12423e-09 -8.87036e-09 -2.42127e-09 -2.64892e-09 -1.83252e-09 -2.42127e-09 0 0 -2.42127e-09 -2.64892e-09 0 0 -1.16897e-07 -1.0747e-07 -9.12813e-08 -8.38131e-08 -1.0747e-07 -8.38708e-08 -8.38131e-08 -6.50717e-08 -9.12813e-08 -8.38131e-08 -6.83102e-08 -6.26869e-08 -8.38131e-08 -6.50717e-08 -6.26869e-08 -4.85345e-08 -8.38708e-08 -5.65057e-08 -6.50717e-08 -4.32991e-08 -5.65057e-08 -3.38741e-08 -4.32991e-08 -2.53725e-08 -6.50717e-08 -4.32991e-08 -4.85345e-08 -3.20111e-08 -4.32991e-08 -2.53725e-08 -3.20111e-08 -1.83598e-08 -6.83102e-08 -6.26869e-08 -4.84115e-08 -4.44184e-08 -6.26869e-08 -4.85345e-08 -4.44184e-08 -3.43334e-08 -4.84115e-08 -4.44184e-08 -3.1806e-08 -2.91802e-08 -4.44184e-08 -3.43334e-08 -2.91802e-08 -2.25205e-08 -4.85345e-08 -3.20111e-08 -3.43334e-08 -2.24747e-08 -3.20111e-08 -1.83598e-08 -2.24747e-08 -1.25994e-08 -3.43334e-08 -2.24747e-08 -2.25205e-08 -1.46207e-08 -2.24747e-08 -1.25994e-08 -1.46207e-08 -7.97057e-09 -3.38741e-08 -1.90347e-08 -2.53725e-08 -1.38034e-08 -1.90347e-08 -1.08709e-08 -1.38034e-08 -7.64457e-09 -2.53725e-08 -1.38034e-08 -1.83598e-08 -9.58876e-09 -1.38034e-08 -7.64457e-09 -9.58876e-09 -5.02994e-09 -1.08709e-08 -6.8627e-09 -7.64457e-09 -4.78659e-09 -6.8627e-09 -4.91322e-09 -4.78659e-09 -3.4944e-09 -7.64457e-09 -4.78659e-09 -5.02994e-09 -3.04607e-09 -4.78659e-09 -3.4944e-09 -3.04607e-09 -2.25304e-09 -1.83598e-08 -9.58876e-09 -1.25994e-08 -6.23952e-09 -9.58876e-09 -5.02994e-09 -6.23952e-09 -2.99104e-09 -1.25994e-08 -6.23952e-09 -7.97057e-09 -3.65973e-09 -6.23952e-09 -2.99104e-09 -3.65973e-09 -1.48719e-09 -5.02994e-09 -3.04607e-09 -2.99104e-09 -1.67397e-09 -3.04607e-09 -2.25304e-09 -1.67397e-09 -1.24178e-09 -2.99104e-09 -1.67397e-09 -1.48719e-09 -6.74051e-10 -1.67397e-09 -1.24178e-09 -6.74051e-10 -4.85805e-10 -3.1806e-08 -2.91802e-08 -1.86053e-08 -1.70652e-08 -2.91802e-08 -2.25205e-08 -1.70652e-08 -1.31397e-08 -1.86053e-08 -1.70652e-08 -8.87036e-09 -8.12995e-09 -1.70652e-08 -1.31397e-08 -8.12995e-09 -6.23085e-09 -2.25205e-08 -1.46207e-08 -1.31397e-08 -8.43343e-09 -1.46207e-08 -7.97057e-09 -8.43343e-09 -4.41708e-09 -1.31397e-08 -8.43343e-09 -6.23085e-09 -3.92179e-09 -8.43343e-09 -4.41708e-09 -3.92179e-09 -1.91434e-09 -8.87036e-09 -8.12995e-09 -2.64892e-09 -2.42219e-09 -8.12995e-09 -6.23085e-09 -2.42219e-09 -1.8349e-09 -2.64892e-09 -2.42219e-09 0 0 -2.42219e-09 -1.8349e-09 0 0 -6.23085e-09 -3.92179e-09 -1.8349e-09 -1.10405e-09 -3.92179e-09 -1.91434e-09 -1.10405e-09 -4.48094e-10 -1.8349e-09 -1.10405e-09 0 0 -1.10405e-09 -4.48094e-10 0 0 -7.97057e-09 -3.65973e-09 -4.41708e-09 -1.78782e-09 -3.65973e-09 -1.48719e-09 -1.78782e-09 -4.77746e-10 -4.41708e-09 -1.78782e-09 -1.91434e-09 -5.80604e-10 -1.78782e-09 -4.77746e-10 -5.80604e-10 7.73059e-11 -1.48719e-09 -6.74051e-10 -4.77746e-10 -3.30192e-11 -6.74051e-10 -4.85805e-10 -3.30192e-11 8.08993e-12 -4.77746e-10 -3.30192e-11 7.73059e-11 2.72363e-10 -3.30192e-11 8.08993e-12 2.72363e-10 2.44993e-10 -1.91434e-09 -5.80604e-10 -4.48094e-10 2.13341e-13 -5.80604e-10 7.73059e-11 2.13341e-13 2.20202e-10 -4.48094e-10 2.13341e-13 0 0 2.13341e-13 2.20202e-10 0 0 7.73059e-11 2.72363e-10 2.20202e-10 2.71805e-10 2.72363e-10 2.44993e-10 2.71805e-10 2.37122e-10 2.20202e-10 2.71805e-10 0 0 2.71805e-10 2.37122e-10 0 0 -4.91322e-09 -3.82974e-09 -3.4944e-09 -2.80401e-09 -3.82974e-09 -3.09595e-09 -2.80401e-09 -2.32109e-09 -3.4944e-09 -2.80401e-09 -2.25304e-09 -1.87547e-09 -2.80401e-09 -2.32109e-09 -1.87547e-09 -1.60522e-09 -3.09595e-09 -2.5361e-09 -2.32109e-09 -1.93113e-09 -2.5361e-09 -2.09932e-09 -1.93113e-09 -1.61432e-09 -2.32109e-09 -1.93113e-09 -1.60522e-09 -1.36654e-09 -1.93113e-09 -1.61432e-09 -1.36654e-09 -1.15898e-09 -2.25304e-09 -1.87547e-09 -1.24178e-09 -1.09156e-09 -1.87547e-09 -1.60522e-09 -1.09156e-09 -9.84187e-10 -1.24178e-09 -1.09156e-09 -4.85805e-10 -4.81986e-10 -1.09156e-09 -9.84187e-10 -4.81986e-10 -4.84492e-10 -1.60522e-09 -1.36654e-09 -9.84187e-10 -8.68157e-10 -1.36654e-09 -1.15898e-09 -8.68157e-10 -7.52449e-10 -9.84187e-10 -8.68157e-10 -4.84492e-10 -4.57512e-10 -8.68157e-10 -7.52449e-10 -4.57512e-10 -4.12253e-10 -2.09932e-09 -1.76e-09 -1.61432e-09 -1.36132e-09 -1.76e-09 -1.47341e-09 -1.36132e-09 -1.13589e-09 -1.61432e-09 -1.36132e-09 -1.15898e-09 -9.8379e-10 -1.36132e-09 -1.13589e-09 -9.8379e-10 -8.10832e-10 -1.47341e-09 -1.12576e-09 -1.13589e-09 -8.32582e-10 -1.12576e-09 0 -8.32582e-10 0 -1.13589e-09 -8.32582e-10 -8.10832e-10 -5.32437e-10 -8.32582e-10 0 -5.32437e-10 0 -1.15898e-09 -9.8379e-10 -7.52449e-10 -6.43479e-10 -9.8379e-10 -8.10832e-10 -6.43479e-10 -5.1506e-10 -7.52449e-10 -6.43479e-10 -4.12253e-10 -3.56309e-10 -6.43479e-10 -5.1506e-10 -3.56309e-10 -2.68353e-10 -8.10832e-10 -5.32437e-10 -5.1506e-10 -2.88299e-10 -5.32437e-10 0 -2.88299e-10 0 -5.1506e-10 -2.88299e-10 -2.68353e-10 -1.0407e-10 -2.88299e-10 0 -1.0407e-10 0 -4.85805e-10 -4.81986e-10 8.08993e-12 -6.33127e-11 -4.81986e-10 -4.84492e-10 -6.33127e-11 -1.25048e-10 8.08993e-12 -6.33127e-11 2.44993e-10 1.57171e-10 -6.33127e-11 -1.25048e-10 1.57171e-10 8.11241e-11 -4.84492e-10 -4.57512e-10 -1.25048e-10 -1.52317e-10 -4.57512e-10 -4.12253e-10 -1.52317e-10 -1.54108e-10 -1.25048e-10 -1.52317e-10 8.11241e-11 3.30803e-11 -1.52317e-10 -1.54108e-10 3.30803e-11 8.24245e-12 2.44993e-10 1.57171e-10 2.37122e-10 1.77963e-10 1.57171e-10 8.11241e-11 1.77963e-10 1.25075e-10 2.37122e-10 1.77963e-10 0 0 1.77963e-10 1.25075e-10 0 0 8.11241e-11 3.30803e-11 1.25075e-10 8.70578e-11 3.30803e-11 8.24245e-12 8.70578e-11 6.29721e-11 1.25075e-10 8.70578e-11 0 0 8.70578e-11 6.29721e-11 0 0 -4.12253e-10 -3.56309e-10 -1.54108e-10 -1.36744e-10 -3.56309e-10 -2.68353e-10 -1.36744e-10 -8.53315e-11 -1.54108e-10 -1.36744e-10 8.24245e-12 2.64913e-12 -1.36744e-10 -8.53315e-11 2.64913e-12 2.4254e-11 -2.68353e-10 -1.0407e-10 -8.53315e-11 1.95315e-11 -1.0407e-10 0 1.95315e-11 0 -8.53315e-11 1.95315e-11 2.4254e-11 7.94247e-11 1.95315e-11 0 7.94247e-11 0 8.24245e-12 2.64913e-12 6.29721e-11 5.12979e-11 2.64913e-12 2.4254e-11 5.12979e-11 5.43337e-11 6.29721e-11 5.12979e-11 0 0 5.12979e-11 5.43337e-11 0 0 2.4254e-11 7.94247e-11 5.43337e-11 7.12177e-11 7.94247e-11 0 7.12177e-11 0 5.43337e-11 7.12177e-11 0 0 7.12177e-11 0 0 0 
SCALARS x_dis double 1
LOOKUP_TABLE default
0 0 0 -0.000187743 0 0 -0.000187743 -0.000270668 0 -0.000187743 0 -0.000307578 -0.000187743 -0.000270668 -0.000307578 -0.000491692 0 0 -0.000270668 -0.000361557 0 0 -0.000361557 -0.00049096 -0.000270668 -0.000361557 -0.000491692 -0.000682926 -0.000361557 -0.00049096 -0.000682926 -0.000942273 0 -0.000307578 0 -0.000386271 -0.000307578 -0.000491692 -0.000386271 -0.000664109 0 -0.000386271 0 -0.000436325 -0.000386271 -0.000664109 -0.000436325 -0.000787974 -0.000491692 -0.000682926 -0.000664109 -0.000955891 -0.000682926 -0.000942273 -0.000955891 -0.00134181 -0.000664109 -0.000955891 -0.000787974 -0.00117463 -0.000955891 -0.00134181 -0.00117463 -0.00167976 0 0 -0.00049096 -0.000670413 0 0 -0.000670413 -0.000902136 -0.00049096 -0.000670413 -0.000942273 -0.00129437 -0.000670413 -0.000902136 -0.00129437 -0.00174838 0 0 -0.000902136 -0.00118212 0 0 -0.00118212 -0.00149958 -0.000902136 -0.00118212 -0.00174838 -0.00230448 -0.00118212 -0.00149958 -0.00230448 -0.00295309 -0.000942273 -0.00129437 -0.00134181 -0.00185746 -0.00129437 -0.00174838 -0.00185746 -0.00252263 -0.00134181 -0.00185746 -0.00167976 -0.00234626 -0.00185746 -0.00252263 -0.00234626 -0.00320728 -0.00174838 -0.00230448 -0.00252263 -0.00334946 -0.00230448 -0.00295309 -0.00334946 -0.00434053 -0.00252263 -0.00334946 -0.00320728 -0.00429394 -0.00334946 -0.00434053 -0.00429394 -0.00563153 0 -0.000436325 0 -0.000458923 -0.000436325 -0.000787974 -0.000458923 -0.000861987 0 -0.000458923 0 -0.000445264 -0.000458923 -0.000861987 -0.000445264 -0.000883097 -0.000787974 -0.00117463 -0.000861987 -0.00133522 -0.00117463 -0.00167976 -0.00133522 -0.0019485 -0.000861987 -0.00133522 -0.000883097 -0.0014359 -0.00133522 -0.0019485 -0.0014359 -0.00214271 0 -0.000445264 0 -0.000369146 -0.000445264 -0.000883097 -0.000369146 -0.000850846 0 -0.000369146 0 -0.000188816 -0.000369146 -0.000850846 -0.000188816 -0.000766707 -0.000883097 -0.0014359 -0.000850846 -0.00147776 -0.0014359 -0.00214271 -0.00147776 -0.00225965 -0.000850846 -0.00147776 -0.000766707 -0.00146617 -0.00147776 -0.00225965 -0.00146617 -0.00229953 -0.00167976 -0.00234626 -0.0019485 -0.00274843 -0.00234626 -0.00320728 -0.00274843 -0.00378359 -0.0019485 -0.00274843 -0.00214271 -0.00305309 -0.00274843 -0.00378359 -0.00305309 -0.0042324 -0.00320728 -0.00429394 -0.00378359 -0.00510983 -0.00429394 -0.00563153 -0.00510983 -0.00678543 -0.00378359 -0.00510983 -0.0042324 -0.00576496 -0.00510983 -0.00678543 -0.00576496 -0.00775139 -0.00214271 -0.00305309 -0.00225965 -0.00325142 -0.00305309 -0.0042324 -0.00325142 -0.00453546 -0.00225965 -0.00325142 -0.00229953 -0.00333744 -0.00325142 -0.00453546 -0.00333744 -0.00467716 -0.0042324 -0.00576496 -0.00453546 -0.00622476 -0.00576496 -0.00775139 -0.00622476 -0.00846892 -0.00453546 -0.00622476 -0.00467716 -0.00645485 -0.00622476 -0.00846892 -0.00645485 -0.00886904 0 0 -0.00149958 -0.00183836 0 0 -0.00183836 -0.00218032 -0.00149958 -0.00183836 -0.00295309 -0.00367446 -0.00183836 -0.00218032 -0.00367446 -0.00443622 0 0 -0.00218032 -0.00249828 0 0 -0.00249828 -0.0027228 -0.00218032 -0.00249828 -0.00443622 -0.00516769 -0.00249828 -0.0027228 -0.00516769 -0.00569291 -0.00295309 -0.00367446 -0.00434053 -0.00548317 -0.00367446 -0.00443622 -0.00548317 -0.00673303 -0.00434053 -0.00548317 -0.00563153 -0.0072258 -0.00548317 -0.00673303 -0.0072258 -0.00902556 -0.00443622 -0.00516769 -0.00673303 -0.00796142 -0.00516769 -0.00569291 -0.00796142 -0.00885591 -0.00673303 -0.00796142 -0.00902556 -0.0108345 -0.00796142 -0.00885591 -0.0108345 -0.0121776 0 0 -0.0027228 -0.00270257 0 0 -0.00270257 -0.00223446 -0.0027228 -0.00270257 -0.00569291 -0.00567185 -0.00270257 -0.00223446 -0.00567185 -0.00468776 0 0 -0.00223446 -0.00121315 0 0 -0.00121315 0.00020406 -0.00223446 -0.00121315 -0.00468776 -0.00255024 -0.00121315 0.00020406 -0.00255024 0.000398122 -0.00569291 -0.00567185 -0.00885591 -0.00885797 -0.00567185 -0.00468776 -0.00885797 -0.00732612 -0.00885591 -0.00885797 -0.0121776 -0.0122465 -0.00885797 -0.00732612 -0.0122465 -0.0101537 -0.00468776 -0.00255024 -0.00732612 -0.00399605 -0.00255024 0.000398122 -0.00399605 0.000582486 -0.00732612 -0.00399605 -0.0101537 -0.00555981 -0.00399605 0.000582486 -0.00555981 0.000757514 -0.00563153 -0.0072258 -0.00678543 -0.00884877 -0.0072258 -0.00902556 -0.00884877 -0.0112544 -0.00678543 -0.00884877 -0.00775139 -0.010281 -0.00884877 -0.0112544 -0.010281 -0.0133391 -0.00902556 -0.0108345 -0.0112544 -0.0137385 -0.0108345 -0.0121776 -0.0137385 -0.0156419 -0.0112544 -0.0137385 -0.0133391 -0.0166134 -0.0137385 -0.0156419 -0.0166134 -0.0192481 -0.00775139 -0.010281 -0.00846892 -0.0114302 -0.010281 -0.0133391 -0.0114302 -0.0151688 -0.00846892 -0.0114302 -0.00886904 -0.0121777 -0.0114302 -0.0151688 -0.0121777 -0.0165827 -0.0133391 -0.0166134 -0.0151688 -0.0193745 -0.0166134 -0.0192481 -0.0193745 -0.0230063 -0.0151688 -0.0193745 -0.0165827 -0.0218846 -0.0193745 -0.0230063 -0.0218846 -0.026925 -0.0121776 -0.0122465 -0.0156419 -0.0158642 -0.0122465 -0.0101537 -0.0158642 -0.0132258 -0.0156419 -0.0158642 -0.0192481 -0.0197895 -0.0158642 -0.0132258 -0.0197895 -0.016669 -0.0101537 -0.00555981 -0.0132258 -0.00728666 -0.00555981 0.000757514 -0.00728666 0.000923621 -0.0132258 -0.00728666 -0.016669 -0.00927418 -0.00728666 0.000923621 -0.00927418 0.00108124 -0.0192481 -0.0197895 -0.0230063 -0.0241676 -0.0197895 -0.016669 -0.0241676 -0.0207131 -0.0230063 -0.0241676 -0.026925 -0.0292434 -0.0241676 -0.0207131 -0.0292434 -0.0257629 -0.016669 -0.00927418 -0.0207131 -0.0116989 -0.00927418 0.00108124 -0.0116989 0.00123076 -0.0207131 -0.0116989 -0.0257629 -0.0148769 -0.0116989 0.00123076 -0.0148769 0.00137237 0 0 0.00020406 0.00161802 0 0 0.00161802 0.0026306 0.00020406 0.00161802 0.000398122 0.00333991 0.00161802 0.0026306 0.00333991 0.00545972 0 0 0.0026306 0.00308671 0 0 0.00308671 0.00309364 0.0026306 0.00308671 0.00545972 0.00641944 0.00308671 0.00309364 0.00641944 0.00641351 0.000398122 0.00333991 0.000582486 0.00515092 0.00333991 0.00545972 0.00515092 0.00845379 0.000582486 0.00515092 0.000757514 0.00706087 0.00515092 0.00845379 0.00706087 0.0116173 0.00545972 0.00641944 0.00845379 0.00994832 0.00641944 0.00641351 0.00994832 0.00990527 0.00845379 0.00994832 0.0116173 0.013659 0.00994832 0.00990527 0.013659 0.0135347 0 0 0.00309364 0.00285545 0 0 0.00285545 0.00252352 0.00309364 0.00285545 0.00641351 0.00586084 0.00285545 0.00252352 0.00586084 0.00510168 0 0 0.00252352 0.00216682 0 0 0.00216682 0.00181159 0.00252352 0.00216682 0.00510168 0.00431098 0.00216682 0.00181159 0.00431098 0.00355747 0.00641351 0.00586084 0.00990527 0.00896955 0.00586084 0.00510168 0.00896955 0.00770014 0.00990527 0.00896955 0.0135347 0.0121367 0.00896955 0.00770014 0.0121367 0.010274 0.00510168 0.00431098 0.00770014 0.0064079 0.00431098 0.00355747 0.0064079 0.00521855 0.00770014 0.0064079 0.010274 0.00841937 0.0064079 0.00521855 0.00841937 0.00676523 0.000757514 0.00706087 0.000923621 0.00911558 0.00706087 0.0116173 0.00911558 0.0150058 0.000923621 0.00911558 0.00108124 0.0114134 0.00911558 0.0150058 0.0114134 0.0187465 0.0116173 0.013659 0.0150058 0.0175783 0.013659 0.0135347 0.0175783 0.0172856 0.0150058 0.0175783 0.0187465 0.0217847 0.0175783 0.0172856 0.0217847 0.0211571 0.00108124 0.0114134 0.00123076 0.0141316 0.0114134 0.0187465 0.0141316 0.0230696 0.00123076 0.0141316 0.00137237 0.0175868 0.0141316 0.0230696 0.0175868 0.0283806 0.0187465 0.0217847 0.0230696 0.0264238 0.0217847 0.0211571 0.0264238 0.0251593 0.0230696 0.0264238 0.0283806 0.0317403 0.0264238 0.0251593 0.0317403 0.0293002 0.0135347 0.0121367 0.0172856 0.0153137 0.0121367 0.010274 0.0153137 0.0127638 0.0172856 0.0153137 0.0211571 0.0184406 0.0153137 0.0127638 0.0184406 0.0150895 0.010274 0.00841937 0.0127638 0.0102922 0.00841937 0.00676523 0.0102922 0.00815746 0.0127638 0.0102922 0.0150895 0.0119555 0.0102922 0.00815746 0.0119555 0.00934487 0.0211571 0.0184406 0.0251593 0.0214323 0.0184406 0.0150895 0.0214323 0.0171397 0.0251593 0.0214323 0.0293002 0.0241512 0.0214323 0.0171397 0.0241512 0.0187537 0.0150895 0.0119555 0.0171397 0.0133172 0.0119555 0.00934487 0.0133172 0.0102673 0.0171397 0.0133172 0.0187537 0.0142587 0.0133172 0.0102673 0.0142587 0.010856 0 0 0.00181159 0.00147432 0 0 0.00147432 0.00116831 0.00181159 0.00147432 0.00355747 0.00287041 0.00147432 0.00116831 0.00287041 0.0022645 0 0 0.00116831 0.000899614 0 0 0.000899614 0.000665637 0.00116831 0.000899614 0.0022645 0.0017415 0.000899614 0.000665637 0.0017415 0.00129069 0.00355747 0.00287041 0.00521855 0.0041721 0.00287041 0.0022645 0.0041721 0.0032748 0.00521855 0.0041721 0.00676523 0.00535743 0.0041721 0.0032748 0.00535743 0.0041831 0.0022645 0.0017415 0.0032748 0.00251459 0.0017415 0.00129069 0.00251459 0.00186689 0.0032748 0.00251459 0.0041831 0.00320716 0.00251459 0.00186689 0.00320716 0.00238589 0 0 0.000665637 0.000459029 0 0 0.000459029 0.000276833 0.000665637 0.000459029 0.00129069 0.000895017 0.000459029 0.000276833 0.000895017 0.000543749 0 0 0.000276833 0.000131566 0 0 0.000131566 0 0.000276833 0.000131566 0.000543749 0.000247385 0.000131566 0 0.000247385 0 0.00129069 0.000895017 0.00186689 0.00130184 0.000895017 0.000543749 0.00130184 0.000796155 0.00186689 0.00130184 0.00238589 0.00167411 0.00130184 0.000796155 0.00167411 0.00103266 0.000543749 0.000247385 0.000796155 0.000351815 0.000247385 0 0.000351815 0 0.000796155 0.000351815 0.00103266 0.000450313 0.000351815 0 0.000450313 0 0.00676523 0.00535743 0.00815746 0.00639909 0.00535743 0.0041831 0.00639909 0.00497142 0.00815746 0.00639909 0.00934487 0.0072654 0.00639909 0.00497142 0.0072654 0.00562075 0.0041831 0.00320716 0.00497142 0.00380721 0.00320716 0.00238589 0.00380721 0.00283943 0.00497142 0.00380721 0.00562075 0.00430293 0.00380721 0.00283943 0.00430293 0.00321955 0.00934487 0.0072654 0.0102673 0.00792211 0.0072654 0.00562075 0.00792211 0.00611255 0.0102673 0.00792211 0.010856 0.00833508 0.00792211 0.00611255 0.00833508 0.00643082 0.00562075 0.00430293 0.00611255 0.00468366 0.00430293 0.00321955 0.00468366 0.00351893 0.00611255 0.00468366 0.00643082 0.00494101 0.00468366 0.00351893 0.00494101 0.00373132 0.00238589 0.00167411 0.00283943 0.00200682 0.00167411 0.00103266 0.00200682 0.00125436 0.00283943 0.00200682 0.00321955 0.00229481 0.00200682 0.00125436 0.00229481 0.00146227 0.00103266 0.000450313 0.00125436 0.000548855 0.000450313 0 0.000548855 0 0.00125436 0.000548855 0.00146227 0.000657998 0.000548855 0 0.000657998 0 0.00321955 0.00229481 0.00351893 0.00253232 0.00229481 0.00146227 0.00253232 0.00165225 0.00351893 0.00253232 0.00373132 0.00271253 0.00253232 0.00165225 0.00271253 0.00182033 0.00146227 0.000657998 0.00165225 0.000800144 0.000657998 0 0.000800144 0 0.00165225 0.000800144 0.00182033 0.000991692 0.000800144 0 0.000991692 0 0 -0.000188816 0 -0.000214035 -0.000188816 -0.000766707 -0.000214035 -0.000776554 0 -0.000214035 0 -0.000225365 -0.000214035 -0.000776554 -0.000225365 -0.000788886 -0.000766707 -0.00146617 -0.000776554 -0.00152277 -0.00146617 -0.00229953 -0.00152277 -0.00244768 -0.000776554 -0.00152277 -0.000788886 -0.00158001 -0.00152277 -0.00244768 -0.00158001 -0.00258611 0 -0.000225365 0 -0.000227115 -0.000225365 -0.000788886 -0.000227115 -0.000801723 0 -0.000227115 0 -0.000226374 -0.000227115 -0.000801723 -0.000226374 -0.000813841 -0.000788886 -0.00158001 -0.000801723 -0.00163405 -0.00158001 -0.00258611 -0.00163405 -0.00271019 -0.000801723 -0.00163405 -0.000813841 -0.00168191 -0.00163405 -0.00271019 -0.00168191 -0.00281627 -0.00229953 -0.00333744 -0.00244768 -0.00360887 -0.00333744 -0.00467716 -0.00360887 -0.00509618 -0.00244768 -0.00360887 -0.00258611 -0.00385495 -0.00360887 -0.00509618 -0.00385495 -0.00546665 -0.00467716 -0.00645485 -0.00509618 -0.00703007 -0.00645485 -0.00886904 -0.00703007 -0.00956381 -0.00509618 -0.00703007 -0.00546665 -0.0075222 -0.00703007 -0.00956381 -0.0075222 -0.0101295 -0.00258611 -0.00385495 -0.00271019 -0.00407026 -0.00385495 -0.00546665 -0.00407026 -0.00578383 -0.00271019 -0.00407026 -0.00281627 -0.00425077 -0.00407026 -0.00578383 -0.00425077 -0.00604491 -0.00546665 -0.0075222 -0.00578383 -0.00793163 -0.0075222 -0.0101295 -0.00793163 -0.0105799 -0.00578383 -0.00793163 -0.00604491 -0.00826044 -0.00793163 -0.0105799 -0.00826044 -0.0109278 0 -0.000226374 0 -0.000225743 -0.000226374 -0.000813841 -0.000225743 -0.000824359 0 -0.000225743 0 -0.000225605 -0.000225743 -0.000824359 -0.000225605 -0.00083254 -0.000813841 -0.00168191 -0.000824359 -0.00172135 -0.00168191 -0.00281627 -0.00172135 -0.0029015 -0.000824359 -0.00172135 -0.00083254 -0.00175069 -0.00172135 -0.0029015 -0.00175069 -0.00296378 0 -0.000225605 0 -0.000225709 -0.000225605 -0.00083254 -0.000225709 -0.000837747 0 -0.000225709 0 -0.000225779 -0.000225709 -0.000837747 -0.000225779 -0.000839536 -0.00083254 -0.00175069 -0.000837747 -0.00176876 -0.00175069 -0.00296378 -0.00176876 -0.0030017 -0.000837747 -0.00176876 -0.000839536 -0.00177486 -0.00176876 -0.0030017 -0.00177486 -0.00301443 -0.00281627 -0.00425077 -0.0029015 -0.00439362 -0.00425077 -0.00604491 -0.00439362 -0.00624846 -0.0029015 -0.00439362 -0.00296378 -0.00449685 -0.00439362 -0.00624846 -0.00449685 -0.00639391 -0.00604491 -0.00826044 -0.00624846 -0.00851165 -0.00826044 -0.0109278 -0.00851165 -0.011185 -0.00624846 -0.00851165 -0.00639391 -0.00868838 -0.00851165 -0.011185 -0.00868838 -0.0113613 -0.00296378 -0.00449685 -0.0030017 -0.00455924 -0.00449685 -0.00639391 -0.00455924 -0.00648114 -0.0030017 -0.00455924 -0.00301443 -0.00458011 -0.00455924 -0.00648114 -0.00458011 -0.0065102 -0.00639391 -0.00868838 -0.00648114 -0.00879326 -0.00868838 -0.0113613 -0.00879326 -0.0114641 -0.00648114 -0.00879326 -0.0065102 -0.00882802 -0.00879326 -0.0114641 -0.00882802 -0.0114979 -0.00886904 -0.0121777 -0.00956381 -0.0128535 -0.0121777 -0.0165827 -0.0128535 -0.0169329 -0.00956381 -0.0128535 -0.0101295 -0.0133571 -0.0128535 -0.0169329 -0.0133571 -0.0171133 -0.0165827 -0.0218846 -0.0169329 -0.0214349 -0.0218846 -0.026925 -0.0214349 -0.0252231 -0.0169329 -0.0214349 -0.0171133 -0.0209304 -0.0214349 -0.0252231 -0.0209304 -0.0237374 -0.0101295 -0.0133571 -0.0105799 -0.0137251 -0.0133571 -0.0171133 -0.0137251 -0.0171841 -0.0105799 -0.0137251 -0.0109278 -0.0139867 -0.0137251 -0.0171841 -0.0139867 -0.0171896 -0.0171133 -0.0209304 -0.0171841 -0.0204332 -0.0209304 -0.0237374 -0.0204332 -0.022481 -0.0171841 -0.0204332 -0.0171896 -0.0199845 -0.0204332 -0.022481 -0.0199845 -0.0214584 -0.026925 -0.0292434 -0.0252231 -0.02628 -0.0292434 -0.0257629 -0.02628 -0.0223663 -0.0252231 -0.02628 -0.0237374 -0.0238834 -0.02628 -0.0223663 -0.0238834 -0.0197332 -0.0257629 -0.0148769 -0.0223663 -0.012555 -0.0148769 0.00137237 -0.012555 0.00136796 -0.0223663 -0.012555 -0.0197332 -0.0107967 -0.012555 0.00136796 -0.0107967 0.00136558 -0.0237374 -0.0238834 -0.022481 -0.0219711 -0.0238834 -0.0197332 -0.0219711 -0.0177021 -0.022481 -0.0219711 -0.0214584 -0.0204825 -0.0219711 -0.0177021 -0.0204825 -0.016163 -0.0197332 -0.0107967 -0.0177021 -0.009466 -0.0107967 0.00136558 -0.009466 0.00136458 -0.0177021 -0.009466 -0.016163 -0.00847299 -0.009466 0.00136458 -0.00847299 0.00136443 -0.0109278 -0.0139867 -0.011185 -0.0141659 -0.0139867 -0.0171896 -0.0141659 -0.017163 -0.011185 -0.0141659 -0.0113613 -0.0142811 -0.0141659 -0.017163 -0.0142811 -0.0171282 -0.0171896 -0.0199845 -0.017163 -0.0196125 -0.0199845 -0.0214584 -0.0196125 -0.0206686 -0.017163 -0.0196125 -0.0171282 -0.0193356 -0.0196125 -0.0206686 -0.0193356 -0.0201082 -0.0113613 -0.0142811 -0.0114641 -0.014345 -0.0142811 -0.0171282 -0.014345 -0.0171012 -0.0114641 -0.014345 -0.0114979 -0.0143655 -0.014345 -0.0171012 -0.0143655 -0.0170912 -0.0171282 -0.0193356 -0.0171012 -0.0191653 -0.0193356 -0.0201082 -0.0191653 -0.0197736 -0.0171012 -0.0191653 -0.0170912 -0.0191079 -0.0191653 -0.0197736 -0.0191079 -0.0196624 -0.0214584 -0.0204825 -0.0206686 -0.0193706 -0.0204825 -0.016163 -0.0193706 -0.0150371 -0.0206686 -0.0193706 -0.0201082 -0.0186004 -0.0193706 -0.0150371 -0.0186004 -0.0142689 -0.016163 -0.00847299 -0.0150371 -0.00775515 -0.00847299 0.00136443 -0.00775515 0.0013647 -0.0150371 -0.00775515 -0.0142689 -0.00726965 -0.00775515 0.0013647 -0.00726965 0.00136509 -0.0201082 -0.0186004 -0.0197736 -0.0181477 -0.0186004 -0.0142689 -0.0181477 -0.0138219 -0.0197736 -0.0181477 -0.0196624 -0.0179984 -0.0181477 -0.0138219 -0.0179984 -0.0136752 -0.0142689 -0.00726965 -0.0138219 -0.00698873 -0.00726965 0.00136509 -0.00698873 0.00136541 -0.0138219 -0.00698873 -0.0136752 -0.00689677 -0.00698873 0.00136541 -0.00689677 0.00136553 0.00137237 0.0175868 0.00136796 0.0152619 0.0175868 0.0283806 0.0152619 0.0249955 0.00136796 0.0152619 0.00136558 0.0135033 0.0152619 0.0249955 0.0135033 0.0223733 0.0283806 0.0317403 0.0249955 0.0288048 0.0317403 0.0293002 0.0288048 0.0276389 0.0249955 0.0288048 0.0223733 0.0264323 0.0288048 0.0276389 0.0264323 0.0261879 0.00136558 0.0135033 0.00136458 0.012174 0.0135033 0.0223733 0.012174 0.0203523 0.00136458 0.012174 0.00136443 0.0111833 0.012174 0.0203523 0.0111833 0.018822 0.0223733 0.0264323 0.0203523 0.0245403 0.0264323 0.0261879 0.0245403 0.0249606 0.0203523 0.0245403 0.018822 0.0230684 0.0245403 0.0249606 0.0230684 0.0239617 0.0293002 0.0241512 0.0276389 0.0237496 0.0241512 0.0187537 0.0237496 0.0191558 0.0276389 0.0237496 0.0261879 0.0232866 0.0237496 0.0191558 0.0232866 0.019381 0.0187537 0.0142587 0.0191558 0.0149881 0.0142587 0.010856 0.0149881 0.0116051 0.0191558 0.0149881 0.019381 0.0155379 0.0149881 0.0116051 0.0155379 0.0122165 0.0261879 0.0232866 0.0249606 0.0228241 0.0232866 0.019381 0.0228241 0.0194896 0.0249606 0.0228241 0.0239617 0.0224038 0.0228241 0.0194896 0.0224038 0.0195259 0.019381 0.0155379 0.0194896 0.0159445 0.0155379 0.0122165 0.0159445 0.0127043 0.0194896 0.0159445 0.0195259 0.0162373 0.0159445 0.0127043 0.0162373 0.0130819 0.00136443 0.0111833 0.0013647 0.0104678 0.0111833 0.018822 0.0104678 0.0177032 0.0013647 0.0104678 0.00136509 0.00998434 0.0104678 0.0177032 0.00998434 0.0169403 0.018822 0.0230684 0.0177032 0.0219695 0.0230684 0.0239617 0.0219695 0.0231901 0.0177032 0.0219695 0.0169403 0.0212087 0.0219695 0.0231901 0.0212087 0.0226427 0.00136509 0.00998434 0.00136541 0.00970478 0.00998434 0.0169403 0.00970478 0.0164966 0.00136541 0.00970478 0.00136553 0.0096133 0.00970478 0.0164966 0.0096133 0.0163509 0.0169403 0.0212087 0.0164966 0.0207616 0.0212087 0.0226427 0.0207616 0.022316 0.0164966 0.0207616 0.0163509 0.0206142 0.0207616 0.022316 0.0206142 0.0222073 0.0239617 0.0224038 0.0231901 0.0220538 0.0224038 0.0195259 0.0220538 0.0195232 0.0231901 0.0220538 0.0226427 0.0217925 0.0220538 0.0195232 0.0217925 0.0195053 0.0195259 0.0162373 0.0195232 0.0164406 0.0162373 0.0130819 0.0164406 0.0133615 0.0195232 0.0164406 0.0195053 0.0165727 0.0164406 0.0133615 0.0165727 0.0135534 0.0226427 0.0217925 0.022316 0.0216315 0.0217925 0.0195053 0.0216315 0.0194884 0.022316 0.0216315 0.0222073 0.0215772 0.0216315 0.0194884 0.0215772 0.0194818 0.0195053 0.0165727 0.0194884 0.0166467 0.0165727 0.0135534 0.0166467 0.0136654 0.0194884 0.0166467 0.0194818 0.0166706 0.0166467 0.0136654 0.0166706 0.0137022 0.010856 0.00833508 0.0116051 0.00896359 0.00833508 0.00643082 0.00896359 0.00689895 0.0116051 0.00896359 0.0122165 0.00949859 0.00896359 0.00689895 0.00949859 0.00730548 0.00643082 0.00494101 0.00689895 0.00525145 0.00494101 0.00373132 0.00525145 0.00389742 0.00689895 0.00525145 0.00730548 0.00551991 0.00525145 0.00389742 0.00551991 0.0040332 0.0122165 0.00949859 0.0127043 0.00994159 0.00949859 0.00730548 0.00994159 0.00764804 0.0127043 0.00994159 0.0130819 0.0102958 0.00994159 0.00764804 0.0102958 0.00792615 0.00730548 0.00551991 0.00764804 0.00574548 0.00551991 0.0040332 0.00574548 0.00414206 0.00764804 0.00574548 0.00792615 0.00592829 0.00574548 0.00414206 0.00592829 0.00422717 0.00373132 0.00271253 0.00389742 0.00274573 0.00271253 0.00182033 0.00274573 0.00172714 0.00389742 0.00274573 0.0040332 0.00275757 0.00274573 0.00172714 0.00275757 0.00162804 0.00182033 0.000991692 0.00172714 0.000789089 0.000991692 0 0.000789089 0 0.00172714 0.000789089 0.00162804 0.00061669 0.000789089 0 0.00061669 0 0.0040332 0.00275757 0.00414206 0.00275779 0.00275757 0.00162804 0.00275779 0.00154105 0.00414206 0.00275779 0.00422717 0.00275325 0.00275779 0.00154105 0.00275325 0.00147301 0.00162804 0.00061669 0.00154105 0.000510373 0.00061669 0 0.000510373 0 0.00154105 0.000510373 0.00147301 0.000449207 0.000510373 0 0.000449207 0 0.0130819 0.0102958 0.0133615 0.0105654 0.0102958 0.00792615 0.0105654 0.00814049 0.0133615 0.0105654 0.0135534 0.0107545 0.0105654 0.00814049 0.0107545 0.00829229 0.00792615 0.00592829 0.00814049 0.00606907 0.00592829 0.00422717 0.00606907 0.00429106 0.00814049 0.00606907 0.00829229 0.00616877 0.00606907 0.00429106 0.00616877 0.00433556 0.0135534 0.0107545 0.0136654 0.0108665 0.0107545 0.00829229 0.0108665 0.00838278 0.0136654 0.0108665 0.0137022 0.0109036 0.0108665 0.00838278 0.0109036 0.00841284 0.00829229 0.00616877 0.00838278 0.0062282 0.00616877 0.00433556 0.0062282 0.00436185 0.00838278 0.0062282 0.00841284 0.00624794 0.0062282 0.00436185 0.00624794 0.00437054 0.00422717 0.00275325 0.00429106 0.00274796 0.00275325 0.00147301 0.00274796 0.00142457 0.00429106 0.00274796 0.00433556 0.00274378 0.00274796 0.00142457 0.00274378 0.00139318 0.00147301 0.000449207 0.00142457 0.000414128 0.000449207 0 0.000414128 0 0.00142457 0.000414128 0.00139318 0.000394287 0.000414128 0 0.000394287 0 0.00433556 0.00274378 0.00436185 0.00274126 0.00274378 0.00139318 0.00274126 0.00137578 0.00436185 0.00274126 0.00437054 0.00274044 0.00274126 0.00137578 0.00274044 0.00137023 0.00139318 0.000394287 0.00137578 0.00038411 0.000394287 0 0.00038411 0 0.00137578 0.00038411 0.00137023 0.000380975 0.00038411 0 0.000380975 0 0 -0.000225779 0 -0.000225709 -0.000225779 -0.000839536 -0.000225709 -0.000837747 0 -0.000225709 0 -0.000225605 -0.000225709 -0.000837747 -0.000225605 -0.00083254 -0.000839536 -0.00177486 -0.000837747 -0.00176876 -0.00177486 -0.00301443 -0.00176876 -0.0030017 -0.000837747 -0.00176876 -0.00083254 -0.00175069 -0.00176876 -0.0030017 -0.00175069 -0.00296378 0 -0.000225605 0 -0.000225743 -0.000225605 -0.00083254 -0.000225743 -0.000824359 0 -0.000225743 0 -0.000226374 -0.000225743 -0.000824359 -0.000226374 -0.000813841 -0.00083254 -0.00175069 -0.000824359 -0.00172135 -0.00175069 -0.00296378 -0.00172135 -0.0029015 -0.000824359 -0.00172135 -0.000813841 -0.00168191 -0.00172135 -0.0029015 -0.00168191 -0.00281627 -0.00301443 -0.00458011 -0.0030017 -0.00455924 -0.00458011 -0.0065102 -0.00455924 -0.00648114 -0.0030017 -0.00455924 -0.00296378 -0.00449685 -0.00455924 -0.00648114 -0.00449685 -0.00639391 -0.0065102 -0.00882802 -0.00648114 -0.00879326 -0.00882802 -0.0114979 -0.00879326 -0.0114641 -0.00648114 -0.00879326 -0.00639391 -0.00868838 -0.00879326 -0.0114641 -0.00868838 -0.0113613 -0.00296378 -0.00449685 -0.0029015 -0.00439362 -0.00449685 -0.00639391 -0.00439362 -0.00624846 -0.0029015 -0.00439362 -0.00281627 -0.00425077 -0.00439362 -0.00624846 -0.00425077 -0.00604491 -0.00639391 -0.00868838 -0.00624846 -0.00851165 -0.00868838 -0.0113613 -0.00851165 -0.011185 -0.00624846 -0.00851165 -0.00604491 -0.00826044 -0.00851165 -0.011185 -0.00826044 -0.0109278 0 -0.000226374 0 -0.000227115 -0.000226374 -0.000813841 -0.000227115 -0.000801723 0 -0.000227115 0 -0.000225365 -0.000227115 -0.000801723 -0.000225365 -0.000788886 -0.000813841 -0.00168191 -0.000801723 -0.00163405 -0.00168191 -0.00281627 -0.00163405 -0.00271019 -0.000801723 -0.00163405 -0.000788886 -0.00158001 -0.00163405 -0.00271019 -0.00158001 -0.00258611 0 -0.000225365 0 -0.000214035 -0.000225365 -0.000788886 -0.000214035 -0.000776554 0 -0.000214035 0 -0.000188816 -0.000214035 -0.000776554 -0.000188816 -0.000766707 -0.000788886 -0.00158001 -0.000776554 -0.00152277 -0.00158001 -0.00258611 -0.00152277 -0.00244768 -0.000776554 -0.00152277 -0.000766707 -0.00146617 -0.00152277 -0.00244768 -0.00146617 -0.00229953 -0.00281627 -0.00425077 -0.00271019 -0.00407026 -0.00425077 -0.00604491 -0.00407026 -0.00578383 -0.00271019 -0.00407026 -0.00258611 -0.00385495 -0.00407026 -0.00578383 -0.00385495 -0.00546665 -0.00604491 -0.00826044 -0.00578383 -0.00793163 -0.00826044 -0.0109278 -0.00793163 -0.0105799 -0.00578383 -0.00793163 -0.00546665 -0.0075222 -0.00793163 -0.0105799 -0.0075222 -0.0101295 -0.00258611 -0.00385495 -0.00244768 -0.00360887 -0.00385495 -0.00546665 -0.00360887 -0.00509618 -0.00244768 -0.00360887 -0.00229953 -0.00333744 -0.00360887 -0.00509618 -0.00333744 -0.00467716 -0.00546665 -0.0075222 -0.00509618 -0.00703007 -0.0075222 -0.0101295 -0.00703007 -0.00956381 -0.00509618 -0.00703007 -0.00467716 -0.00645485 -0.00703007 -0.00956381 -0.00645485 -0.00886904 -0.0114979 -0.0143655 -0.0114641 -0.014345 -0.0143655 -0.0170912 -0.014345 -0.0171012 -0.0114641 -0.014345 -0.0113613 -0.0142811 -0.014345 -0.0171012 -0.0142811 -0.0171282 -0.0170912 -0.0191079 -0.0171012 -0.0191653 -0.0191079 -0.0196624 -0.0191653 -0.0197736 -0.0171012 -0.0191653 -0.0171282 -0.0193356 -0.0191653 -0.0197736 -0.0193356 -0.0201082 -0.0113613 -0.0142811 -0.011185 -0.0141659 -0.0142811 -0.0171282 -0.0141659 -0.017163 -0.011185 -0.0141659 -0.0109278 -0.0139867 -0.0141659 -0.017163 -0.0139867 -0.0171896 -0.0171282 -0.0193356 -0.017163 -0.0196125 -0.0193356 -0.0201082 -0.0196125 -0.0206686 -0.017163 -0.0196125 -0.0171896 -0.0199845 -0.0196125 -0.0206686 -0.0199845 -0.0214584 -0.0196624 -0.0179984 -0.0197736 -0.0181477 -0.0179984 -0.0136752 -0.0181477 -0.0138219 -0.0197736 -0.0181477 -0.0201082 -0.0186004 -0.0181477 -0.0138219 -0.0186004 -0.0142689 -0.0136752 -0.00689677 -0.0138219 -0.00698873 -0.00689677 0.00136553 -0.00698873 0.00136541 -0.0138219 -0.00698873 -0.0142689 -0.00726965 -0.00698873 0.00136541 -0.00726965 0.00136509 -0.0201082 -0.0186004 -0.0206686 -0.0193706 -0.0186004 -0.0142689 -0.0193706 -0.0150371 -0.0206686 -0.0193706 -0.0214584 -0.0204825 -0.0193706 -0.0150371 -0.0204825 -0.016163 -0.0142689 -0.00726965 -0.0150371 -0.00775515 -0.00726965 0.00136509 -0.00775515 0.0013647 -0.0150371 -0.00775515 -0.016163 -0.00847299 -0.00775515 0.0013647 -0.00847299 0.00136443 -0.0109278 -0.0139867 -0.0105799 -0.0137251 -0.0139867 -0.0171896 -0.0137251 -0.0171841 -0.0105799 -0.0137251 -0.0101295 -0.0133571 -0.0137251 -0.0171841 -0.0133571 -0.0171133 -0.0171896 -0.0199845 -0.0171841 -0.0204332 -0.0199845 -0.0214584 -0.0204332 -0.022481 -0.0171841 -0.0204332 -0.0171133 -0.0209304 -0.0204332 -0.022481 -0.0209304 -0.0237374 -0.0101295 -0.0133571 -0.00956381 -0.0128535 -0.0133571 -0.0171133 -0.0128535 -0.0169329 -0.00956381 -0.0128535 -0.00886904 -0.0121777 -0.0128535 -0.0169329 -0.0121777 -0.0165827 -0.0171133 -0.0209304 -0.0169329 -0.0214349 -0.0209304 -0.0237374 -0.0214349 -0.0252231 -0.0169329 -0.0214349 -0.0165827 -0.0218846 -0.0214349 -0.0252231 -0.0218846 -0.026925 -0.0214584 -0.0204825 -0.022481 -0.0219711 -0.0204825 -0.016163 -0.0219711 -0.0177021 -0.022481 -0.0219711 -0.0237374 -0.0238834 -0.0219711 -0.0177021 -0.0238834 -0.0197332 -0.016163 -0.00847299 -0.0177021 -0.009466 -0.00847299 0.00136443 -0.009466 0.00136458 -0.0177021 -0.009466 -0.0197332 -0.0107967 -0.009466 0.00136458 -0.0107967 0.00136558 -0.0237374 -0.0238834 -0.0252231 -0.02628 -0.0238834 -0.0197332 -0.02628 -0.0223663 -0.0252231 -0.02628 -0.026925 -0.0292434 -0.02628 -0.0223663 -0.0292434 -0.0257629 -0.0197332 -0.0107967 -0.0223663 -0.012555 -0.0107967 0.00136558 -0.012555 0.00136796 -0.0223663 -0.012555 -0.0257629 -0.0148769 -0.012555 0.00136796 -0.0148769 0.00137237 0.00136553 0.0096133 0.00136541 0.00970478 0.0096133 0.0163509 0.00970478 0.0164966 0.00136541 0.00970478 0.00136509 0.00998434 0.00970478 0.0164966 0.00998434 0.0169403 0.0163509 0.0206142 0.0164966 0.0207616 0.0206142 0.0222073 0.0207616 0.022316 0.0164966 0.0207616 0.0169403 0.0212087 0.0207616 0.022316 0.0212087 0.0226427 0.00136509 0.00998434 0.0013647 0.0104678 0.00998434 0.0169403 0.0104678 0.0177032 0.0013647 0.0104678 0.00136443 0.0111833 0.0104678 0.0177032 0.0111833 0.018822 0.0169403 0.0212087 0.0177032 0.0219695 0.0212087 0.0226427 0.0219695 0.0231901 0.0177032 0.0219695 0.018822 0.0230684 0.0219695 0.0231901 0.0230684 0.0239617 0.0222073 0.0215772 0.022316 0.0216315 0.0215772 0.0194818 0.0216315 0.0194884 0.022316 0.0216315 0.0226427 0.0217925 0.0216315 0.0194884 0.0217925 0.0195053 0.0194818 0.0166706 0.0194884 0.0166467 0.0166706 0.0137022 0.0166467 0.0136654 0.0194884 0.0166467 0.0195053 0.0165727 0.0166467 0.0136654 0.0165727 0.0135534 0.0226427 0.0217925 0.0231901 0.0220538 0.0217925 0.0195053 0.0220538 0.0195232 0.0231901 0.0220538 0.0239617 0.0224038 0.0220538 0.0195232 0.0224038 0.0195259 0.0195053 0.0165727 0.0195232 0.0164406 0.0165727 0.0135534 0.0164406 0.0133615 0.0195232 0.0164406 0.0195259 0.0162373 0.0164406 0.0133615 0.0162373 0.0130819 0.00136443 0.0111833 0.00136458 0.012174 0.0111833 0.018822 0.012174 0.0203523 0.00136458 0.012174 0.00136558 0.0135033 0.012174 0.0203523 0.0135033 0.0223733 0.018822 0.0230684 0.0203523 0.0245403 0.0230684 0.0239617 0.0245403 0.0249606 0.0203523 0.0245403 0.0223733 0.0264323 0.0245403 0.0249606 0.0264323 0.0261879 0.00136558 0.0135033 0.00136796 0.0152619 0.0135033 0.0223733 0.0152619 0.0249955 0.00136796 0.0152619 0.00137237 0.0175868 0.0152619 0.0249955 0.0175868 0.0283806 0.0223733 0.0264323 0.0249955 0.0288048 0.0264323 0.0261879 0.0288048 0.0276389 0.0249955 0.0288048 0.0283806 0.0317403 0.0288048 0.0276389 0.0317403 0.0293002 0.0239617 0.0224038 0.0249606 0.0228241 0.0224038 0.0195259 0.0228241 0.0194896 0.0249606 0.0228241 0.0261879 0.0232866 0.0228241 0.0194896 0.0232866 0.019381 0.0195259 0.0162373 0.0194896 0.0159445 0.0162373 0.0130819 0.0159445 0.0127043 0.0194896 0.0159445 0.019381 0.0155379 0.0159445 0.0127043 0.0155379 0.0122165 0.0261879 0.0232866 0.0276389 0.0237496 0.0232866 0.019381 0.0237496 0.0191558 0.0276389 0.0237496 0.0293002 0.0241512 0.0237496 0.0191558 0.0241512 0.0187537 0.019381 0.0155379 0.0191558 0.0149881 0.0155379 0.0122165 0.0149881 0.0116051 0.0191558 0.0149881 0.0187537 0.0142587 0.0149881 0.0116051 0.0142587 0.010856 0.0137022 0.0109036 0.0136654 0.0108665 0.0109036 0.00841284 0.0108665 0.00838278 0.0136654 0.0108665 0.0135534 0.0107545 0.0108665 0.00838278 0.0107545 0.00829229 0.00841284 0.00624794 0.00838278 0.0062282 0.00624794 0.00437054 0.0062282 0.00436185 0.00838278 0.0062282 0.00829229 0.00616877 0.0062282 0.00436185 0.00616877 0.00433556 0.0135534 0.0107545 0.0133615 0.0105654 0.0107545 0.00829229 0.0105654 0.00814049 0.0133615 0.0105654 0.0130819 0.0102958 0.0105654 0.00814049 0.0102958 0.00792615 0.00829229 0.00616877 0.00814049 0.00606907 0.00616877 0.00433556 0.00606907 0.00429106 0.00814049 0.00606907 0.00792615 0.00592829 0.00606907 0.00429106 0.00592829 0.00422717 0.00437054 0.00274044 0.00436185 0.00274126 0.00274044 0.00137023 0.00274126 0.00137578 0.00436185 0.00274126 0.00433556 0.00274378 0.00274126 0.00137578 0.00274378 0.00139318 0.00137023 0.000380975 0.00137578 0.00038411 0.000380975 0 0.00038411 0 0.00137578 0.00038411 0.00139318 0.000394287 0.00038411 0 0.000394287 0 0.00433556 0.00274378 0.00429106 0.00274796 0.00274378 0.00139318 0.00274796 0.00142457 0.00429106 0.00274796 0.00422717 0.00275325 0.00274796 0.00142457 0.00275325 0.00147301 0.00139318 0.000394287 0.00142457 0.000414128 0.000394287 0 0.000414128 0 0.00142457 0.000414128 0.00147301 0.000449207 0.000414128 0 0.000449207 0 0.0130819 0.0102958 0.0127043 0.00994159 0.0102958 0.00792615 0.00994159 0.00764804 0.0127043 0.00994159 0.0122165 0.00949859 0.00994159 0.00764804 0.00949859 0.00730548 0.00792615 0.00592829 0.00764804 0.00574548 0.00592829 0.00422717 0.00574548 0.00414206 0.00764804 0.00574548 0.00730548 0.00551991 0.00574548 0.00414206 0.00551991 0.0040332 0.0122165 0.00949859 0.0116051 0.00896359 0.00949859 0.00730548 0.00896359 0.00689895 0.0116051 0.00896359 0.010856 0.00833508 0.00896359 0.00689895 0.00833508 0.00643082 0.00730548 0.00551991 0.00689895 0.00525145 0.00551991 0.0040332 0.00525145 0.00389742 0.00689895 0.00525145 0.00643082 0.00494101 0.00525145 0.00389742 0.00494101 0.00373132 0.00422717 0.00275325 0.00414206 0.00275779 0.00275325 0.00147301 0.00275779 0.00154105 0.00414206 0.00275779 0.0040332 0.00275757 0.00275779 0.00154105 0.00275757 0.00162804 0.00147301 0.000449207 0.00154105 0.000510373 0.000449207 0 0.000510373 0 0.00154105 0.000510373 0.00162804 0.00061669 0.000510373 0 0.00061669 0 0.0040332 0.00275757 0.00389742 0.00274573 0.00275757 0.00162804 0.00274573 0.00172714 0.00389742 0.00274573 0.00373132 0.00271253 0.00274573 0.00172714 0.00271253 0.00182033 0.00162804 0.00061669 0.00172714 0.000789089 0.00061669 0 0.000789089 0 0.00172714 0.000789089 0.00182033 0.000991692 0.000789089 0 0.000991692 0 0 -0.000188816 0 -0.000369146 -0.000188816 -0.000766707 -0.000369146 -0.000850846 0 -0.000369146 0 -0.000445264 -0.000369146 -0.000850846 -0.000445264 -0.000883097 -0.000766707 -0.00146617 -0.000850846 -0.00147776 -0.00146617 -0.00229953 -0.00147776 -0.00225965 -0.000850846 -0.00147776 -0.000883097 -0.0014359 -0.00147776 -0.00225965 -0.0014359 -0.00214271 0 -0.000445264 0 -0.000458923 -0.000445264 -0.000883097 -0.000458923 -0.000861987 0 -0.000458923 0 -0.000436325 -0.000458923 -0.000861987 -0.000436325 -0.000787974 -0.000883097 -0.0014359 -0.000861987 -0.00133522 -0.0014359 -0.00214271 -0.00133522 -0.0019485 -0.000861987 -0.00133522 -0.000787974 -0.00117463 -0.00133522 -0.0019485 -0.00117463 -0.00167976 -0.00229953 -0.00333744 -0.00225965 -0.00325142 -0.00333744 -0.00467716 -0.00325142 -0.00453546 -0.00225965 -0.00325142 -0.00214271 -0.00305309 -0.00325142 -0.00453546 -0.00305309 -0.0042324 -0.00467716 -0.00645485 -0.00453546 -0.00622476 -0.00645485 -0.00886904 -0.00622476 -0.00846892 -0.00453546 -0.00622476 -0.0042324 -0.00576496 -0.00622476 -0.00846892 -0.00576496 -0.00775139 -0.00214271 -0.00305309 -0.0019485 -0.00274843 -0.00305309 -0.0042324 -0.00274843 -0.00378359 -0.0019485 -0.00274843 -0.00167976 -0.00234626 -0.00274843 -0.00378359 -0.00234626 -0.00320728 -0.0042324 -0.00576496 -0.00378359 -0.00510983 -0.00576496 -0.00775139 -0.00510983 -0.00678543 -0.00378359 -0.00510983 -0.00320728 -0.00429394 -0.00510983 -0.00678543 -0.00429394 -0.00563153 0 -0.000436325 0 -0.000386271 -0.000436325 -0.000787974 -0.000386271 -0.000664109 0 -0.000386271 0 -0.000307578 -0.000386271 -0.000664109 -0.000307578 -0.000491692 -0.000787974 -0.00117463 -0.000664109 -0.000955891 -0.00117463 -0.00167976 -0.000955891 -0.00134181 -0.000664109 -0.000955891 -0.000491692 -0.000682926 -0.000955891 -0.00134181 -0.000682926 -0.000942273 0 -0.000307578 0 -0.000187743 -0.000307578 -0.000491692 -0.000187743 -0.000270668 0 -0.000187743 0 0 -0.000187743 -0.000270668 0 0 -0.000491692 -0.000682926 -0.000270668 -0.000361557 -0.000682926 -0.000942273 -0.000361557 -0.00049096 -0.000270668 -0.000361557 0 0 -0.000361557 -0.00049096 0 0 -0.00167976 -0.00234626 -0.00134181 -0.00185746 -0.00234626 -0.00320728 -0.00185746 -0.00252263 -0.00134181 -0.00185746 -0.000942273 -0.00129437 -0.00185746 -0.00252263 -0.00129437 -0.00174838 -0.00320728 -0.00429394 -0.00252263 -0.00334946 -0.00429394 -0.00563153 -0.00334946 -0.00434053 -0.00252263 -0.00334946 -0.00174838 -0.00230448 -0.00334946 -0.00434053 -0.00230448 -0.00295309 -0.000942273 -0.00129437 -0.00049096 -0.000670413 -0.00129437 -0.00174838 -0.000670413 -0.000902136 -0.00049096 -0.000670413 0 0 -0.000670413 -0.000902136 0 0 -0.00174838 -0.00230448 -0.000902136 -0.00118212 -0.00230448 -0.00295309 -0.00118212 -0.00149958 -0.000902136 -0.00118212 0 0 -0.00118212 -0.00149958 0 0 -0.00886904 -0.0121777 -0.00846892 -0.0114302 -0.0121777 -0.0165827 -0.0114302 -0.0151688 -0.00846892 -0.0114302 -0.00775139 -0.010281 -0.0114302 -0.0151688 -0.010281 -0.0133391 -0.0165827 -0.0218846 -0.0151688 -0.0193745 -0.0218846 -0.026925 -0.0193745 -0.0230063 -0.0151688 -0.0193745 -0.0133391 -0.0166134 -0.0193745 -0.0230063 -0.0166134 -0.0192481 -0.00775139 -0.010281 -0.00678543 -0.00884877 -0.010281 -0.0133391 -0.00884877 -0.0112544 -0.00678543 -0.00884877 -0.00563153 -0.0072258 -0.00884877 -0.0112544 -0.0072258 -0.00902556 -0.0133391 -0.0166134 -0.0112544 -0.0137385 -0.0166134 -0.0192481 -0.0137385 -0.0156419 -0.0112544 -0.0137385 -0.00902556 -0.0108345 -0.0137385 -0.0156419 -0.0108345 -0.0121776 -0.026925 -0.0292434 -0.0230063 -0.0241676 -0.0292434 -0.0257629 -0.0241676 -0.0207131 -0.0230063 -0.0241676 -0.0192481 -0.0197895 -0.0241676 -0.0207131 -0.0197895 -0.016669 -0.0257629 -0.0148769 -0.0207131 -0.0116989 -0.0148769 0.00137237 -0.0116989 0.00123076 -0.0207131 -0.0116989 -0.016669 -0.00927418 -0.0116989 0.00123076 -0.00927418 0.00108124 -0.0192481 -0.0197895 -0.0156419 -0.0158642 -0.0197895 -0.016669 -0.0158642 -0.0132258 -0.0156419 -0.0158642 -0.0121776 -0.0122465 -0.0158642 -0.0132258 -0.0122465 -0.0101537 -0.016669 -0.00927418 -0.0132258 -0.00728666 -0.00927418 0.00108124 -0.00728666 0.000923621 -0.0132258 -0.00728666 -0.0101537 -0.00555981 -0.00728666 0.000923621 -0.00555981 0.000757514 -0.00563153 -0.0072258 -0.00434053 -0.00548317 -0.0072258 -0.00902556 -0.00548317 -0.00673303 -0.00434053 -0.00548317 -0.00295309 -0.00367446 -0.00548317 -0.00673303 -0.00367446 -0.00443622 -0.00902556 -0.0108345 -0.00673303 -0.00796142 -0.0108345 -0.0121776 -0.00796142 -0.00885591 -0.00673303 -0.00796142 -0.00443622 -0.00516769 -0.00796142 -0.00885591 -0.00516769 -0.00569291 -0.00295309 -0.00367446 -0.00149958 -0.00183836 -0.00367446 -0.00443622 -0.00183836 -0.00218032 -0.00149958 -0.00183836 0 0 -0.00183836 -0.00218032 0 0 -0.00443622 -0.00516769 -0.00218032 -0.00249828 -0.00516769 -0.00569291 -0.00249828 -0.0027228 -0.00218032 -0.00249828 0 0 -0.00249828 -0.0027228 0 0 -0.0121776 -0.0122465 -0.00885591 -0.00885797 -0.0122465 -0.0101537 -0.00885797 -0.00732612 -0.00885591 -0.00885797 -0.00569291 -0.00567185 -0.00885797 -0.00732612 -0.00567185 -0.00468776 -0.0101537 -0.00555981 -0.00732612 -0.00399605 -0.00555981 0.000757514 -0.00399605 0.000582486 -0.00732612 -0.00399605 -0.00468776 -0.00255024 -0.00399605 0.000582486 -0.00255024 0.000398122 -0.00569291 -0.00567185 -0.0027228 -0.00270257 -0.00567185 -0.00468776 -0.00270257 -0.00223446 -0.0027228 -0.00270257 0 0 -0.00270257 -0.00223446 0 0 -0.00468776 -0.00255024 -0.00223446 -0.00121315 -0.00255024 0.000398122 -0.00121315 0.00020406 -0.00223446 -0.00121315 0 0 -0.00121315 0.00020406 0 0 0.00137237 0.0175868 0.00123076 0.0141316 0.0175868 0.0283806 0.0141316 0.0230696 0.00123076 0.0141316 0.00108124 0.0114134 0.0141316 0.0230696 0.0114134 0.0187465 0.0283806 0.0317403 0.0230696 0.0264238 0.0317403 0.0293002 0.0264238 0.0251593 0.0230696 0.0264238 0.0187465 0.0217847 0.0264238 0.0251593 0.0217847 0.0211571 0.00108124 0.0114134 0.000923621 0.00911558 0.0114134 0.0187465 0.00911558 0.0150058 0.000923621 0.00911558 0.000757514 0.00706087 0.00911558 0.0150058 0.00706087 0.0116173 0.0187465 0.0217847 0.0150058 0.0175783 0.0217847 0.0211571 0.0175783 0.0172856 0.0150058 0.0175783 0.0116173 0.013659 0.0175783 0.0172856 0.013659 0.0135347 0.0293002 0.0241512 0.0251593 0.0214323 0.0241512 0.0187537 0.0214323 0.0171397 0.0251593 0.0214323 0.0211571 0.0184406 0.0214323 0.0171397 0.0184406 0.0150895 0.0187537 0.0142587 0.0171397 0.0133172 0.0142587 0.010856 0.0133172 0.0102673 0.0171397 0.0133172 0.0150895 0.0119555 0.0133172 0.0102673 0.0119555 0.00934487 0.0211571 0.0184406 0.0172856 0.0153137 0.0184406 0.0150895 0.0153137 0.0127638 0.0172856 0.0153137 0.0135347 0.0121367 0.0153137 0.0127638 0.0121367 0.010274 0.0150895 0.0119555 0.0127638 0.0102922 0.0119555 0.00934487 0.0102922 0.00815746 0.0127638 0.0102922 0.010274 0.00841937 0.0102922 0.00815746 0.00841937 0.00676523 0.000757514 0.00706087 0.000582486 0.00515092 0.00706087 0.0116173 0.00515092 0.00845379 0.000582486 0.00515092 0.000398122 0.00333991 0.00515092 0.00845379 0.00333991 0.00545972 0.0116173 0.013659 0.00845379 0.00994832 0.013659 0.0135347 0.00994832 0.00990527 0.00845379 0.00994832 0.00545972 0.00641944 0.00994832 0.00990527 0.00641944 0.00641351 0.000398122 0.00333991 0.00020406 0.00161802 0.00333991 0.00545972 0.00161802 0.0026306 0.00020406 0.00161802 0 0 0.00161802 0.0026306 0 0 0.00545972 0.00641944 0.0026306 0.00308671 0.00641944 0.00641351 0.00308671 0.00309364 0.0026306 0.00308671 0 0 0.00308671 0.00309364 0 0 0.0135347 0.0121367 0.00990527 0.00896955 0.0121367 0.010274 0.00896955 0.00770014 0.00990527 0.00896955 0.00641351 0.00586084 0.00896955 0.00770014 0.00586084 0.00510168 0.010274 0.00841937 0.00770014 0.0064079 0.00841937 0.00676523 0.0064079 0.00521855 0.00770014 0.0064079 0.00510168 0.00431098 0.0064079 0.00521855 0.00431098 0.00355747 0.00641351 0.00586084 0.00309364 0.00285545 0.00586084 0.00510168 0.00285545 0.00252352 0.00309364 0.00285545 0 0 0.00285545 0.00252352 0 0 0.00510168 0.00431098 0.00252352 0.00216682 0.00431098 0.00355747 0.00216682 0.00181159 0.00252352 0.00216682 0 0 0.00216682 0.00181159 0 0 0.010856 0.00833508 0.0102673 0.00792211 0.00833508 0.00643082 0.00792211 0.00611255 0.0102673 0.00792211 0.00934487 0.0072654 0.00792211 0.00611255 0.0072654 0.00562075 0.00643082 0.00494101 0.00611255 0.00468366 0.00494101 0.00373132 0.00468366 0.00351893 0.00611255 0.00468366 0.00562075 0.00430293 0.00468366 0.00351893 0.00430293 0.00321955 0.00934487 0.0072654 0.00815746 0.00639909 0.0072654 0.00562075 0.00639909 0.00497142 0.00815746 0.00639909 0.00676523 0.00535743 0.00639909 0.00497142 0.00535743 0.0041831 0.00562075 0.00430293 0.00497142 0.00380721 0.00430293 0.00321955 0.00380721 0.00283943 0.00497142 0.00380721 0.0041831 0.00320716 0.00380721 0.00283943 0.00320716 0.00238589 0.00373132 0.00271253 0.00351893 0.00253232 0.00271253 0.00182033 0.00253232 0.00165225 0.00351893 0.00253232 0.00321955 0.00229481 0.00253232 0.00165225 0.00229481 0.00146227 0.00182033 0.000991692 0.00165225 0.000800144 0.000991692 0 0.000800144 0 0.00165225 0.000800144 0.00146227 0.000657998 0.000800144 0 0.000657998 0 0.00321955 0.00229481 0.00283943 0.00200682 0.00229481 0.00146227 0.00200682 0.00125436 0.00283943 0.00200682 0.00238589 0.00167411 0.00200682 0.00125436 0.00167411 0.00103266 0.00146227 0.000657998 0.00125436 0.000548855 0.000657998 0 0.000548855 0 0.00125436 0.000548855 0.00103266 0.000450313 0.000548855 0 0.000450313 0 0.00676523 0.00535743 0.00521855 0.0041721 0.00535743 0.0041831 0.0041721 0.0032748 0.00521855 0.0041721 0.00355747 0.00287041 0.0041721 0.0032748 0.00287041 0.0022645 0.0041831 0.00320716 0.0032748 0.00251459 0.00320716 0.00238589 0.00251459 0.00186689 0.0032748 0.00251459 0.0022645 0.0017415 0.00251459 0.00186689 0.0017415 0.00129069 0.00355747 0.00287041 0.00181159 0.00147432 0.00287041 0.0022645 0.00147432 0.00116831 0.00181159 0.00147432 0 0 0.00147432 0.00116831 0 0 0.0022645 0.0017415 0.00116831 0.000899614 0.0017415 0.00129069 0.000899614 0.000665637 0.00116831 0.000899614 0 0 0.000899614 0.000665637 0 0 0.00238589 0.00167411 0.00186689 0.00130184 0.00167411 0.00103266 0.00130184 0.000796155 0.00186689 0.00130184 0.00129069 0.000895017 0.00130184 0.000796155 0.000895017 0.000543749 0.00103266 0.000450313 0.000796155 0.000351815 0.000450313 0 0.000351815 0 0.000796155 0.000351815 0.000543749 0.000247385 0.000351815 0 0.000247385 0 0.00129069 0.000895017 0.000665637 0.000459029 0.000895017 0.000543749 0.000459029 0.000276833 0.000665637 0.000459029 0 0 0.000459029 0.000276833 0 0 0.000543749 0.000247385 0.000276833 0.000131566 0.000247385 0 0.000131566 0 0.000276833 0.000131566 0 0 0.000131566 0 0 0 
SCALARS y_dis double 1
LOOKUP_TABLE default
0 0 0 -0.00015217 0 0 -0.00015217 -0.000187596 0 -0.00015217 0 -0.000270432 -0.00015217 -0.000187596 -0.000270432 -0.000347059 0 0 -0.000187596 -0.000201555 0 0 -0.000201555 -0.000207178 -0.000187596 -0.000201555 -0.000347059 -0.000367034 -0.000201555 -0.000207178 -0.000367034 -0.000363983 0 -0.000270432 0 -0.000354765 -0.000270432 -0.000347059 -0.000354765 -0.000477297 0 -0.000354765 0 -0.000417786 -0.000354765 -0.000477297 -0.000417786 -0.000580704 -0.000347059 -0.000367034 -0.000477297 -0.000495951 -0.000367034 -0.000363983 -0.000495951 -0.000472018 -0.000477297 -0.000495951 -0.000580704 -0.000589607 -0.000495951 -0.000472018 -0.000589607 -0.000534024 0 0 -0.000207178 -0.000213133 0 0 -0.000213133 -0.00022449 -0.000207178 -0.000213133 -0.000363983 -0.000359158 -0.000213133 -0.00022449 -0.000359158 -0.000364291 0 0 -0.00022449 -0.000242735 0 0 -0.000242735 -0.000263114 -0.00022449 -0.000242735 -0.000364291 -0.000383459 -0.000242735 -0.000263114 -0.000383459 -0.000406892 -0.000363983 -0.000359158 -0.000472018 -0.000441228 -0.000359158 -0.000364291 -0.000441228 -0.000422167 -0.000472018 -0.000441228 -0.000534024 -0.000463459 -0.000441228 -0.000422167 -0.000463459 -0.00040189 -0.000364291 -0.000383459 -0.000422167 -0.00042141 -0.000383459 -0.000406892 -0.00042141 -0.000423291 -0.000422167 -0.00042141 -0.00040189 -0.000357096 -0.00042141 -0.000423291 -0.000357096 -0.000306143 0 -0.000417786 0 -0.000472129 -0.000417786 -0.000580704 -0.000472129 -0.000662128 0 -0.000472129 0 -0.000531419 -0.000472129 -0.000662128 -0.000531419 -0.000725512 -0.000580704 -0.000589607 -0.000662128 -0.000650622 -0.000589607 -0.000534024 -0.000650622 -0.000554109 -0.000662128 -0.000650622 -0.000725512 -0.000682478 -0.000650622 -0.000554109 -0.000682478 -0.000537942 0 -0.000531419 0 -0.000608622 -0.000531419 -0.000725512 -0.000608622 -0.00077058 0 -0.000608622 0 -0.000675702 -0.000608622 -0.00077058 -0.000675702 -0.000795631 -0.000725512 -0.000682478 -0.00077058 -0.00068928 -0.000682478 -0.000537942 -0.00068928 -0.000493028 -0.00077058 -0.00068928 -0.000795631 -0.000676423 -0.00068928 -0.000493028 -0.000676423 -0.000429132 -0.000534024 -0.000463459 -0.000554109 -0.000431587 -0.000463459 -0.00040189 -0.000431587 -0.000309432 -0.000554109 -0.000431587 -0.000537942 -0.000353542 -0.000431587 -0.000309432 -0.000353542 -0.000154046 -0.00040189 -0.000357096 -0.000309432 -0.000194077 -0.000357096 -0.000306143 -0.000194077 -5.30632e-05 -0.000309432 -0.000194077 -0.000154046 5.92087e-05 -0.000194077 -5.30632e-05 5.92087e-05 0.000332176 -0.000537942 -0.000353542 -0.000493028 -0.000239912 -0.000353542 -0.000154046 -0.000239912 5.07453e-05 -0.000493028 -0.000239912 -0.000429132 -0.000104405 -0.000239912 5.07453e-05 -0.000104405 0.000286154 -0.000154046 5.92087e-05 5.07453e-05 0.000387434 5.92087e-05 0.000332176 0.000387434 0.000836375 5.07453e-05 0.000387434 0.000286154 0.000766 0.000387434 0.000836375 0.000766 0.00143234 0 0 -0.000263114 -0.000269211 0 0 -0.000269211 -0.000229119 -0.000263114 -0.000269211 -0.000406892 -0.000395422 -0.000269211 -0.000229119 -0.000395422 -0.000265024 0 0 -0.000229119 -0.00010178 0 0 -0.00010178 0.000140735 -0.000229119 -0.00010178 -0.000265024 0.000104963 -0.00010178 0.000140735 0.000104963 0.000815742 -0.000406892 -0.000395422 -0.000423291 -0.000361062 -0.000395422 -0.000265024 -0.000361062 -8.33161e-05 -0.000423291 -0.000361062 -0.000306143 -0.000151415 -0.000361062 -8.33161e-05 -0.000151415 0.000336689 -0.000265024 0.000104963 -8.33161e-05 0.000642294 0.000104963 0.000815742 0.000642294 0.00203356 -8.33161e-05 0.000642294 0.000336689 0.00152884 0.000642294 0.00203356 0.00152884 0.00380144 0 0 0.000140735 0.000483891 0 0 0.000483891 0.000857238 0.000140735 0.000483891 0.000815742 0.00185482 0.000483891 0.000857238 0.00185482 0.00302555 0 0 0.000857238 0.00115254 0 0 0.00115254 0.00126882 0.000857238 0.00115254 0.00302555 0.00397589 0.00115254 0.00126882 0.00397589 0.0043517 0.000815742 0.00185482 0.00203356 0.00410334 0.00185482 0.00302555 0.00410334 0.0064835 0.00203356 0.00410334 0.00380144 0.00722213 0.00410334 0.0064835 0.00722213 0.0112148 0.00302555 0.00397589 0.0064835 0.00844606 0.00397589 0.0043517 0.00844606 0.00922534 0.0064835 0.00844606 0.0112148 0.0145455 0.00844606 0.00922534 0.0145455 0.0158733 -0.000306143 -0.000151415 -5.30632e-05 0.000244698 -0.000151415 0.000336689 0.000244698 0.00101422 -5.30632e-05 0.000244698 0.000332176 0.000833236 0.000244698 0.00101422 0.000833236 0.00196841 0.000336689 0.00152884 0.00101422 0.00278543 0.00152884 0.00380144 0.00278543 0.00613207 0.00101422 0.00278543 0.00196841 0.00444154 0.00278543 0.00613207 0.00444154 0.00905375 0.000332176 0.000833236 0.000836375 0.00161144 0.000833236 0.00196841 0.00161144 0.00321807 0.000836375 0.00161144 0.00143234 0.00256199 0.00161144 0.00321807 0.00256199 0.00477972 0.00196841 0.00444154 0.00321807 0.00654311 0.00444154 0.00905375 0.00654311 0.0126268 0.00321807 0.00654311 0.00477972 0.00916342 0.00654311 0.0126268 0.00916342 0.0169702 0.00380144 0.00722213 0.00613207 0.0112096 0.00722213 0.0112148 0.0112096 0.0172057 0.00613207 0.0112096 0.00905375 0.0160779 0.0112096 0.0172057 0.0160779 0.0244437 0.0112148 0.0145455 0.0172057 0.0222552 0.0145455 0.0158733 0.0222552 0.0242755 0.0172057 0.0222552 0.0244437 0.031542 0.0222552 0.0242755 0.031542 0.0343914 0.00905375 0.0160779 0.0126268 0.021868 0.0160779 0.0244437 0.021868 0.0329175 0.0126268 0.021868 0.0169702 0.0286763 0.021868 0.0329175 0.0286763 0.042616 0.0244437 0.031542 0.0329175 0.0423387 0.031542 0.0343914 0.0423387 0.0461302 0.0329175 0.0423387 0.042616 0.054508 0.0423387 0.0461302 0.054508 0.0593002 0 0 0.00126882 0.00116441 0 0 0.00116441 0.000881282 0.00126882 0.00116441 0.0043517 0.00400176 0.00116441 0.000881282 0.00400176 0.00307717 0 0 0.000881282 0.000520411 0 0 0.000520411 0.000189863 0.000881282 0.000520411 0.00307717 0.00193202 0.000520411 0.000189863 0.00193202 0.000918355 0.0043517 0.00400176 0.00922534 0.00848819 0.00400176 0.00307717 0.00848819 0.00656653 0.00922534 0.00848819 0.0158733 0.0146064 0.00848819 0.00656653 0.0146064 0.0113334 0.00307717 0.00193202 0.00656653 0.00422572 0.00193202 0.000918355 0.00422572 0.00219426 0.00656653 0.00422572 0.0113334 0.00739448 0.00422572 0.00219426 0.00739448 0.00402498 0 0 0.000189863 -4.00887e-05 0 0 -4.00887e-05 -0.00015498 0.000189863 -4.00887e-05 0.000918355 0.000232834 -4.00887e-05 -0.00015498 0.000232834 -0.00011201 0 0 -0.00015498 -0.000182714 0 0 -0.000182714 -0.000164267 -0.00015498 -0.000182714 -0.00011201 -0.000217247 -0.000182714 -0.000164267 -0.000217247 -0.000203243 0.000918355 0.000232834 0.00219426 0.000840889 0.000232834 -0.00011201 0.000840889 0.000153172 0.00219426 0.000840889 0.00402498 0.00180268 0.000840889 0.000153172 0.00180268 0.000661047 -0.00011201 -0.000217247 0.000153172 -8.63062e-05 -0.000217247 -0.000203243 -8.63062e-05 -0.000109294 0.000153172 -8.63062e-05 0.000661047 0.000224466 -8.63062e-05 -0.000109294 0.000224466 0.000123209 0.0158733 0.0146064 0.0242755 0.0223376 0.0146064 0.0113334 0.0223376 0.0173643 0.0242755 0.0223376 0.0343914 0.0316489 0.0223376 0.0173643 0.0316489 0.0246473 0.0113334 0.00739448 0.0173643 0.011437 0.00739448 0.00402498 0.011437 0.00642332 0.0173643 0.011437 0.0246473 0.0163657 0.011437 0.00642332 0.0163657 0.00941765 0.0343914 0.0316489 0.0461302 0.0424735 0.0316489 0.0246473 0.0424735 0.0331715 0.0461302 0.0424735 0.0593002 0.0546746 0.0424735 0.0331715 0.0546746 0.0429263 0.0246473 0.0163657 0.0331715 0.0222219 0.0163657 0.00941765 0.0222219 0.0130683 0.0331715 0.0222219 0.0429263 0.0291024 0.0222219 0.0130683 0.0291024 0.0174944 0.00402498 0.00180268 0.00642332 0.00313894 0.00180268 0.000661047 0.00313894 0.00143057 0.00642332 0.00313894 0.00941765 0.00487899 0.00313894 0.00143057 0.00487899 0.00248054 0.000661047 0.000224466 0.00143057 0.000725817 0.000224466 0.000123209 0.000725817 0.000496025 0.00143057 0.000725817 0.00248054 0.0014232 0.000725817 0.000496025 0.0014232 0.00100472 0.00941765 0.00487899 0.0130683 0.00706857 0.00487899 0.00248054 0.00706857 0.00382934 0.0130683 0.00706857 0.0174944 0.00978069 0.00706857 0.00382934 0.00978069 0.00549298 0.00248054 0.0014232 0.00382934 0.0023133 0.0014232 0.00100472 0.0023133 0.00163538 0.00382934 0.0023133 0.00549298 0.00337811 0.0023133 0.00163538 0.00337811 0.00236009 0 0 -0.000164267 -0.000131423 0 0 -0.000131423 -0.000100505 -0.000164267 -0.000131423 -0.000203243 -0.000153517 -0.000131423 -0.000100505 -0.000153517 -0.000106617 0 0 -0.000100505 -7.65393e-05 0 0 -7.65393e-05 -5.97024e-05 -0.000100505 -7.65393e-05 -0.000106617 -7.2276e-05 -7.65393e-05 -5.97024e-05 -7.2276e-05 -4.9399e-05 -0.000203243 -0.000153517 -0.000109294 -6.61907e-05 -0.000153517 -0.000106617 -6.61907e-05 -2.23898e-05 -0.000109294 -6.61907e-05 0.000123209 0.00012918 -6.61907e-05 -2.23898e-05 0.00012918 0.00014686 -0.000106617 -7.2276e-05 -2.23898e-05 7.07728e-06 -7.2276e-05 -4.9399e-05 7.07728e-06 2.47509e-05 -2.23898e-05 7.07728e-06 0.00014686 0.000154637 7.07728e-06 2.47509e-05 0.000154637 0.000155582 0 0 -5.97024e-05 -5.01612e-05 0 0 -5.01612e-05 -5.0391e-05 -5.97024e-05 -5.01612e-05 -4.9399e-05 -3.80842e-05 -5.01612e-05 -5.0391e-05 -3.80842e-05 -4.59435e-05 0 0 -5.0391e-05 -5.91617e-05 0 0 -5.91617e-05 0 -5.0391e-05 -5.91617e-05 -4.59435e-05 -7.59055e-05 -5.91617e-05 0 -7.59055e-05 0 -4.9399e-05 -3.80842e-05 2.47509e-05 3.05783e-05 -3.80842e-05 -4.59435e-05 3.05783e-05 1.0833e-05 2.47509e-05 3.05783e-05 0.000155582 0.000149405 3.05783e-05 1.0833e-05 0.000149405 0.000116825 -4.59435e-05 -7.59055e-05 1.0833e-05 -4.6054e-05 -7.59055e-05 0 -4.6054e-05 0 1.0833e-05 -4.6054e-05 0.000116825 2.79899e-05 -4.6054e-05 0 2.79899e-05 0 0.000123209 0.00012918 0.000496025 0.000428091 0.00012918 0.00014686 0.000428091 0.000393598 0.000496025 0.000428091 0.00100472 0.000821176 0.000428091 0.000393598 0.000821176 0.000707169 0.00014686 0.000154637 0.000393598 0.000362007 0.000154637 0.000155582 0.000362007 0.00033481 0.000393598 0.000362007 0.000707169 0.000618976 0.000362007 0.00033481 0.000618976 0.000552992 0.00100472 0.000821176 0.00163538 0.00129226 0.000821176 0.000707169 0.00129226 0.00107295 0.00163538 0.00129226 0.00236009 0.00181598 0.00129226 0.00107295 0.00181598 0.00147145 0.000707169 0.000618976 0.00107295 0.000913319 0.000618976 0.000552992 0.000913319 0.000799692 0.00107295 0.000913319 0.00147145 0.00123058 0.000913319 0.000799692 0.00123058 0.0010636 0.000155582 0.000149405 0.00033481 0.000310644 0.000149405 0.000116825 0.000310644 0.000266402 0.00033481 0.000310644 0.000552992 0.00050519 0.000310644 0.000266402 0.00050519 0.000450267 0.000116825 2.79899e-05 0.000266402 0.000145618 2.79899e-05 0 0.000145618 0 0.000266402 0.000145618 0.000450267 0.000309033 0.000145618 0 0.000309033 0 0.000552992 0.00050519 0.000799692 0.000722814 0.00050519 0.000450267 0.000722814 0.000654689 0.000799692 0.000722814 0.0010636 0.000953126 0.000722814 0.000654689 0.000953126 0.000867651 0.000450267 0.000309033 0.000654689 0.000518968 0.000309033 0 0.000518968 0 0.000654689 0.000518968 0.000867651 0.000727423 0.000518968 0 0.000727423 0 0 -0.000675702 0 -0.000263423 -0.000675702 -0.000795631 -0.000263423 -0.000292874 0 -0.000263423 0 -2.48275e-05 -0.000263423 -0.000292874 -2.48275e-05 3.16999e-05 -0.000795631 -0.000676423 -0.000292874 -0.000137945 -0.000676423 -0.000429132 -0.000137945 0.000135024 -0.000292874 -0.000137945 3.16999e-05 0.000215608 -0.000137945 0.000135024 0.000215608 0.000497901 0 -2.48275e-05 0 8.27766e-05 -2.48275e-05 3.16999e-05 8.27766e-05 0.000211735 0 8.27766e-05 0 0.000116681 8.27766e-05 0.000211735 0.000116681 0.000282011 3.16999e-05 0.000215608 0.000211735 0.000411884 0.000215608 0.000497901 0.000411884 0.000686078 0.000211735 0.000411884 0.000282011 0.000479098 0.000411884 0.000686078 0.000479098 0.000727034 -0.000429132 -0.000104405 0.000135024 0.000495645 -0.000104405 0.000286154 0.000495645 0.000945461 0.000135024 0.000495645 0.000497901 0.000867535 0.000495645 0.000945461 0.000867535 0.00133746 0.000286154 0.000766 0.000945461 0.00152492 0.000766 0.00143234 0.00152492 0.00235258 0.000945461 0.00152492 0.00133746 0.00195863 0.00152492 0.00235258 0.00195863 0.00285687 0.000497901 0.000867535 0.000686078 0.00103961 0.000867535 0.00133746 0.00103961 0.00149354 0.000686078 0.00103961 0.000727034 0.0010414 0.00103961 0.00149354 0.0010414 0.00144699 0.00133746 0.00195863 0.00149354 0.00210263 0.00195863 0.00285687 0.00210263 0.00298792 0.00149354 0.00210263 0.00144699 0.00199608 0.00210263 0.00298792 0.00199608 0.00279558 0 0.000116681 0 0.000110904 0.000116681 0.000282011 0.000110904 0.000272814 0 0.000110904 0 8.3419e-05 0.000110904 0.000272814 8.3419e-05 0.000209451 0.000282011 0.000479098 0.000272814 0.000445193 0.000479098 0.000727034 0.000445193 0.000649423 0.000272814 0.000445193 0.000209451 0.000337115 0.000445193 0.000649423 0.000337115 0.000482587 0 8.3419e-05 0 4.42826e-05 8.3419e-05 0.000209451 4.42826e-05 0.000112674 0 4.42826e-05 0 2.35895e-13 4.42826e-05 0.000112674 2.35895e-13 8.07777e-13 0.000209451 0.000337115 0.000112674 0.000180529 0.000337115 0.000482587 0.000180529 0.000256189 0.000112674 0.000180529 8.07777e-13 1.48449e-12 0.000180529 0.000256189 1.48449e-12 2.11948e-12 0.000727034 0.0010414 0.000649423 0.000904509 0.0010414 0.00144699 0.000904509 0.00123426 0.000649423 0.000904509 0.000482587 0.000662191 0.000904509 0.00123426 0.000662191 0.000894491 0.00144699 0.00199608 0.00123426 0.00168305 0.00199608 0.00279558 0.00168305 0.00233663 0.00123426 0.00168305 0.000894491 0.0012116 0.00168305 0.00233663 0.0012116 0.00167326 0.000482587 0.000662191 0.000256189 0.000348929 0.000662191 0.000894491 0.000348929 0.00046888 0.000256189 0.000348929 2.11948e-12 2.66378e-12 0.000348929 0.00046888 2.66378e-12 3.11887e-12 0.000894491 0.0012116 0.00046888 0.000632873 0.0012116 0.00167326 0.000632873 0.000871525 0.00046888 0.000632873 3.11887e-12 3.50126e-12 0.000632873 0.000871525 3.50126e-12 3.82681e-12 0.00143234 0.00256199 0.00235258 0.00370956 0.00256199 0.00477972 0.00370956 0.00614911 0.00235258 0.00370956 0.00285687 0.00429743 0.00370956 0.00614911 0.00429743 0.00675053 0.00477972 0.00916342 0.00614911 0.0105192 0.00916342 0.0169702 0.0105192 0.017677 0.00614911 0.0105192 0.00675053 0.0108652 0.0105192 0.017677 0.0108652 0.017204 0.00285687 0.00429743 0.00298792 0.00438412 0.00429743 0.00675053 0.00438412 0.00667477 0.00298792 0.00438412 0.00279558 0.00404028 0.00438412 0.00667477 0.00404028 0.00602885 0.00675053 0.0108652 0.00667477 0.0103433 0.0108652 0.017204 0.0103433 0.015745 0.00667477 0.0103433 0.00602885 0.00910957 0.0103433 0.015745 0.00910957 0.013497 0.0169702 0.0286763 0.017677 0.027741 0.0286763 0.042616 0.027741 0.0391757 0.017677 0.027741 0.017204 0.0256759 0.027741 0.0391757 0.0256759 0.0349371 0.042616 0.054508 0.0391757 0.0486323 0.054508 0.0593002 0.0486323 0.0523907 0.0391757 0.0486323 0.0349371 0.0423996 0.0486323 0.0523907 0.0423996 0.0453323 0.017204 0.0256759 0.015745 0.0226887 0.0256759 0.0349371 0.0226887 0.030051 0.015745 0.0226887 0.013497 0.018973 0.0226887 0.030051 0.018973 0.024644 0.0349371 0.0423996 0.030051 0.035861 0.0423996 0.0453323 0.035861 0.0381244 0.030051 0.035861 0.024644 0.0290472 0.035861 0.0381244 0.0290472 0.0307512 0.00279558 0.00404028 0.00233663 0.00334435 0.00404028 0.00602885 0.00334435 0.0049243 0.00233663 0.00334435 0.00167326 0.00238026 0.00334435 0.0049243 0.00238026 0.00347479 0.00602885 0.00910957 0.0049243 0.00731497 0.00910957 0.013497 0.00731497 0.010639 0.0049243 0.00731497 0.00347479 0.005105 0.00731497 0.010639 0.005105 0.00733516 0.00167326 0.00238026 0.000871525 0.00123554 0.00238026 0.00347479 0.00123554 0.001795 0.000871525 0.00123554 3.82681e-12 4.10848e-12 0.00123554 0.001795 4.10848e-12 4.35964e-12 0.00347479 0.005105 0.001795 0.0026207 0.005105 0.00733516 0.0026207 0.0037397 0.001795 0.0026207 4.35964e-12 4.59005e-12 0.0026207 0.0037397 4.59005e-12 4.78525e-12 0.013497 0.018973 0.010639 0.014699 0.018973 0.024644 0.014699 0.0188306 0.010639 0.014699 0.00733516 0.0100192 0.014699 0.0188306 0.0100192 0.0127179 0.024644 0.0290472 0.0188306 0.0220001 0.0290472 0.0307512 0.0220001 0.0232208 0.0188306 0.0220001 0.0127179 0.0147709 0.0220001 0.0232208 0.0147709 0.015559 0.00733516 0.0100192 0.0037397 0.0050749 0.0100192 0.0127179 0.0050749 0.00640796 0.0037397 0.0050749 4.78525e-12 4.88603e-12 0.0050749 0.00640796 4.88603e-12 4.81155e-12 0.0127179 0.0147709 0.00640796 0.00741705 0.0147709 0.015559 0.00741705 0.0078037 0.00640796 0.00741705 4.81155e-12 4.53745e-12 0.00741705 0.0078037 4.53745e-12 4.15558e-12 0.0593002 0.0546746 0.0523907 0.0487885 0.0546746 0.0429263 0.0487885 0.0394721 0.0523907 0.0487885 0.0453323 0.042542 0.0487885 0.0394721 0.042542 0.0352103 0.0429263 0.0291024 0.0394721 0.0281568 0.0291024 0.0174944 0.0281568 0.0181979 0.0394721 0.0281568 0.0352103 0.0260645 0.0281568 0.0181979 0.0260645 0.0176966 0.0453323 0.042542 0.0381244 0.0359859 0.042542 0.0352103 0.0359859 0.0302925 0.0381244 0.0359859 0.0307512 0.0291514 0.0359859 0.0302925 0.0291514 0.0248464 0.0352103 0.0260645 0.0302925 0.0230355 0.0260645 0.0176966 0.0230355 0.0161882 0.0302925 0.0230355 0.0248464 0.0192655 0.0230355 0.0161882 0.0192655 0.0138729 0.0174944 0.00978069 0.0181979 0.0111401 0.00978069 0.00549298 0.0111401 0.006872 0.0181979 0.0111401 0.0176966 0.0114574 0.0111401 0.006872 0.0114574 0.00744354 0.00549298 0.00337811 0.006872 0.00454039 0.00337811 0.00236009 0.00454039 0.00329936 0.006872 0.00454039 0.00744354 0.00509636 0.00454039 0.00329936 0.00509636 0.00376863 0.0176966 0.0114574 0.0161882 0.0108791 0.0114574 0.00744354 0.0108791 0.00730409 0.0161882 0.0108791 0.0138729 0.00956585 0.0108791 0.00730409 0.00956585 0.00656626 0.00744354 0.00509636 0.00730409 0.00511116 0.00509636 0.00376863 0.00511116 0.00381836 0.00730409 0.00511116 0.00656626 0.00466205 0.00511116 0.00381836 0.00466205 0.00350612 0.0307512 0.0291514 0.0232208 0.0220808 0.0291514 0.0248464 0.0220808 0.0189879 0.0232208 0.0220808 0.015559 0.0148259 0.0220808 0.0189879 0.0148259 0.0128254 0.0248464 0.0192655 0.0189879 0.0149271 0.0192655 0.0138729 0.0149271 0.0109333 0.0189879 0.0149271 0.0128254 0.0101755 0.0149271 0.0109333 0.0101755 0.00753733 0.015559 0.0148259 0.0078037 0.00744491 0.0148259 0.0128254 0.00744491 0.00646247 0.0078037 0.00744491 4.15558e-12 3.83308e-12 0.00744491 0.00646247 3.83308e-12 3.70012e-12 0.0128254 0.0101755 0.00646247 0.00515432 0.0101755 0.00753733 0.00515432 0.00384256 0.00646247 0.00515432 3.70012e-12 3.77011e-12 0.00515432 0.00384256 3.77011e-12 3.94418e-12 0.0138729 0.00956585 0.0109333 0.00767334 0.00956585 0.00656626 0.00767334 0.00534717 0.0109333 0.00767334 0.00753733 0.00535162 0.00767334 0.00534717 0.00535162 0.00376615 0.00656626 0.00466205 0.00534717 0.00383411 0.00466205 0.00350612 0.00383411 0.00289644 0.00534717 0.00383411 0.00376615 0.00271791 0.00383411 0.00289644 0.00271791 0.00205926 0.00753733 0.00535162 0.00384256 0.00274632 0.00535162 0.00376615 0.00274632 0.00194351 0.00384256 0.00274632 3.94418e-12 4.07482e-12 0.00274632 0.00194351 4.07482e-12 4.04197e-12 0.00376615 0.00271791 0.00194351 0.00140772 0.00271791 0.00205926 0.00140772 0.00106836 0.00194351 0.00140772 4.04197e-12 3.80101e-12 0.00140772 0.00106836 3.80101e-12 3.38213e-12 0.00236009 0.00181598 0.00329936 0.00259684 0.00181598 0.00147145 0.00259684 0.00215165 0.00329936 0.00259684 0.00376863 0.00299057 0.00259684 0.00215165 0.00299057 0.00249475 0.00147145 0.00123058 0.00215165 0.00184081 0.00123058 0.0010636 0.00184081 0.00160684 0.00215165 0.00184081 0.00249475 0.00214648 0.00184081 0.00160684 0.00214648 0.00187006 0.00376863 0.00299057 0.00381836 0.0030419 0.00299057 0.00249475 0.0030419 0.00254344 0.00381836 0.0030419 0.00350612 0.00279911 0.0030419 0.00254344 0.00279911 0.00234189 0.00249475 0.00214648 0.00254344 0.00219034 0.00214648 0.00187006 0.00219034 0.00189925 0.00254344 0.00219034 0.00234189 0.00201524 0.00219034 0.00189925 0.00201524 0.00173839 0.0010636 0.000953126 0.00160684 0.00140207 0.000953126 0.000867651 0.00140207 0.00115329 0.00160684 0.00140207 0.00187006 0.00159575 0.00140207 0.00115329 0.00159575 0.00122359 0.000867651 0.000727423 0.00115329 0.000728736 0.000727423 0 0.000728736 0 0.00115329 0.000728736 0.00122359 0.00061626 0.000728736 0 0.00061626 0 0.00187006 0.00159575 0.00189925 0.00158959 0.00159575 0.00122359 0.00158959 0.00115557 0.00189925 0.00158959 0.00173839 0.00143153 0.00158959 0.00115557 0.00143153 0.000999418 0.00122359 0.00061626 0.00115557 0.000503589 0.00061626 0 0.000503589 0 0.00115557 0.000503589 0.000999418 0.000399881 0.000503589 0 0.000399881 0 0.00350612 0.00279911 0.00289644 0.00231524 0.00279911 0.00234189 0.00231524 0.00193701 0.00289644 0.00231524 0.00205926 0.00164725 0.00231524 0.00193701 0.00164725 0.00137784 0.00234189 0.00201524 0.00193701 0.00166478 0.00201524 0.00173839 0.00166478 0.00142942 0.00193701 0.00166478 0.00137784 0.00118282 0.00166478 0.00142942 0.00118282 0.00101196 0.00205926 0.00164725 0.00106836 0.000854938 0.00164725 0.00137784 0.000854938 0.000714964 0.00106836 0.000854938 3.38213e-12 2.85524e-12 0.000854938 0.000714964 2.85524e-12 2.2912e-12 0.00137784 0.00118282 0.000714964 0.000613288 0.00118282 0.00101196 0.000613288 0.000523521 0.000714964 0.000613288 2.2912e-12 1.74014e-12 0.000613288 0.000523521 1.74014e-12 1.22922e-12 0.00173839 0.00143153 0.00142942 0.00116214 0.00143153 0.000999418 0.00116214 0.000787988 0.00142942 0.00116214 0.00101196 0.000815224 0.00116214 0.000787988 0.000815224 0.000542082 0.000999418 0.000399881 0.000787988 0.000299923 0.000399881 0 0.000299923 0 0.000787988 0.000299923 0.000542082 0.00020046 0.000299923 0 0.00020046 0 0.00101196 0.000815224 0.000523521 0.000419422 0.000815224 0.000542082 0.000419422 0.000275806 0.000523521 0.000419422 1.22922e-12 7.72375e-13 0.000419422 0.000275806 7.72375e-13 3.8623e-13 0.000542082 0.00020046 0.000275806 0.000100464 0.00020046 0 0.000100464 0 0.000275806 0.000100464 3.8623e-13 1.07856e-13 0.000100464 0 1.07856e-13 0 0 2.35895e-13 0 -4.42826e-05 2.35895e-13 8.07777e-13 -4.42826e-05 -0.000112674 0 -4.42826e-05 0 -8.3419e-05 -4.42826e-05 -0.000112674 -8.3419e-05 -0.000209451 8.07777e-13 1.48449e-12 -0.000112674 -0.000180529 1.48449e-12 2.11948e-12 -0.000180529 -0.000256189 -0.000112674 -0.000180529 -0.000209451 -0.000337115 -0.000180529 -0.000256189 -0.000337115 -0.000482587 0 -8.3419e-05 0 -0.000110904 -8.3419e-05 -0.000209451 -0.000110904 -0.000272814 0 -0.000110904 0 -0.000116681 -0.000110904 -0.000272814 -0.000116681 -0.000282011 -0.000209451 -0.000337115 -0.000272814 -0.000445193 -0.000337115 -0.000482587 -0.000445193 -0.000649423 -0.000272814 -0.000445193 -0.000282011 -0.000479098 -0.000445193 -0.000649423 -0.000479098 -0.000727034 2.11948e-12 2.66378e-12 -0.000256189 -0.000348929 2.66378e-12 3.11887e-12 -0.000348929 -0.00046888 -0.000256189 -0.000348929 -0.000482587 -0.000662191 -0.000348929 -0.00046888 -0.000662191 -0.000894491 3.11887e-12 3.50126e-12 -0.00046888 -0.000632873 3.50126e-12 3.82681e-12 -0.000632873 -0.000871525 -0.00046888 -0.000632873 -0.000894491 -0.0012116 -0.000632873 -0.000871525 -0.0012116 -0.00167326 -0.000482587 -0.000662191 -0.000649423 -0.000904509 -0.000662191 -0.000894491 -0.000904509 -0.00123426 -0.000649423 -0.000904509 -0.000727034 -0.0010414 -0.000904509 -0.00123426 -0.0010414 -0.00144699 -0.000894491 -0.0012116 -0.00123426 -0.00168305 -0.0012116 -0.00167326 -0.00168305 -0.00233663 -0.00123426 -0.00168305 -0.00144699 -0.00199608 -0.00168305 -0.00233663 -0.00199608 -0.00279558 0 -0.000116681 0 -8.27766e-05 -0.000116681 -0.000282011 -8.27766e-05 -0.000211735 0 -8.27766e-05 0 2.48275e-05 -8.27766e-05 -0.000211735 2.48275e-05 -3.16999e-05 -0.000282011 -0.000479098 -0.000211735 -0.000411884 -0.000479098 -0.000727034 -0.000411884 -0.000686078 -0.000211735 -0.000411884 -3.16999e-05 -0.000215608 -0.000411884 -0.000686078 -0.000215608 -0.000497901 0 2.48275e-05 0 0.000263423 2.48275e-05 -3.16999e-05 0.000263423 0.000292874 0 0.000263423 0 0.000675702 0.000263423 0.000292874 0.000675702 0.000795632 -3.16999e-05 -0.000215608 0.000292874 0.000137945 -0.000215608 -0.000497901 0.000137945 -0.000135024 0.000292874 0.000137945 0.000795632 0.000676423 0.000137945 -0.000135024 0.000676423 0.000429132 -0.000727034 -0.0010414 -0.000686078 -0.00103961 -0.0010414 -0.00144699 -0.00103961 -0.00149354 -0.000686078 -0.00103961 -0.000497901 -0.000867535 -0.00103961 -0.00149354 -0.000867535 -0.00133746 -0.00144699 -0.00199608 -0.00149354 -0.00210263 -0.00199608 -0.00279558 -0.00210263 -0.00298792 -0.00149354 -0.00210263 -0.00133746 -0.00195863 -0.00210263 -0.00298792 -0.00195863 -0.00285687 -0.000497901 -0.000867535 -0.000135024 -0.000495645 -0.000867535 -0.00133746 -0.000495645 -0.000945461 -0.000135024 -0.000495645 0.000429132 0.000104405 -0.000495645 -0.000945461 0.000104405 -0.000286154 -0.00133746 -0.00195863 -0.000945461 -0.00152492 -0.00195863 -0.00285687 -0.00152492 -0.00235258 -0.000945461 -0.00152492 -0.000286154 -0.000766 -0.00152492 -0.00235258 -0.000766 -0.00143234 3.82681e-12 4.10848e-12 -0.000871525 -0.00123554 4.10848e-12 4.35964e-12 -0.00123554 -0.001795 -0.000871525 -0.00123554 -0.00167326 -0.00238026 -0.00123554 -0.001795 -0.00238026 -0.00347479 4.35964e-12 4.59005e-12 -0.001795 -0.0026207 4.59005e-12 4.78525e-12 -0.0026207 -0.0037397 -0.001795 -0.0026207 -0.00347479 -0.005105 -0.0026207 -0.0037397 -0.005105 -0.00733516 -0.00167326 -0.00238026 -0.00233663 -0.00334435 -0.00238026 -0.00347479 -0.00334435 -0.0049243 -0.00233663 -0.00334435 -0.00279558 -0.00404028 -0.00334435 -0.0049243 -0.00404028 -0.00602885 -0.00347479 -0.005105 -0.0049243 -0.00731497 -0.005105 -0.00733516 -0.00731497 -0.010639 -0.0049243 -0.00731497 -0.00602885 -0.00910957 -0.00731497 -0.010639 -0.00910957 -0.013497 4.78525e-12 4.88603e-12 -0.0037397 -0.0050749 4.88603e-12 4.81155e-12 -0.0050749 -0.00640796 -0.0037397 -0.0050749 -0.00733516 -0.0100192 -0.0050749 -0.00640796 -0.0100192 -0.0127179 4.81155e-12 4.53745e-12 -0.00640796 -0.00741705 4.53745e-12 4.15558e-12 -0.00741705 -0.0078037 -0.00640796 -0.00741705 -0.0127179 -0.0147709 -0.00741705 -0.0078037 -0.0147709 -0.015559 -0.00733516 -0.0100192 -0.010639 -0.014699 -0.0100192 -0.0127179 -0.014699 -0.0188306 -0.010639 -0.014699 -0.013497 -0.018973 -0.014699 -0.0188306 -0.018973 -0.024644 -0.0127179 -0.0147709 -0.0188306 -0.0220001 -0.0147709 -0.015559 -0.0220001 -0.0232208 -0.0188306 -0.0220001 -0.024644 -0.0290472 -0.0220001 -0.0232208 -0.0290472 -0.0307512 -0.00279558 -0.00404028 -0.00298792 -0.00438412 -0.00404028 -0.00602885 -0.00438412 -0.00667477 -0.00298792 -0.00438412 -0.00285687 -0.00429743 -0.00438412 -0.00667477 -0.00429743 -0.00675053 -0.00602885 -0.00910957 -0.00667477 -0.0103433 -0.00910957 -0.013497 -0.0103433 -0.015745 -0.00667477 -0.0103433 -0.00675053 -0.0108652 -0.0103433 -0.015745 -0.0108652 -0.017204 -0.00285687 -0.00429743 -0.00235258 -0.00370956 -0.00429743 -0.00675053 -0.00370956 -0.00614911 -0.00235258 -0.00370956 -0.00143234 -0.00256199 -0.00370956 -0.00614911 -0.00256199 -0.00477972 -0.00675053 -0.0108652 -0.00614911 -0.0105192 -0.0108652 -0.017204 -0.0105192 -0.017677 -0.00614911 -0.0105192 -0.00477972 -0.00916342 -0.0105192 -0.017677 -0.00916342 -0.0169702 -0.013497 -0.018973 -0.015745 -0.0226887 -0.018973 -0.024644 -0.0226887 -0.030051 -0.015745 -0.0226887 -0.017204 -0.0256759 -0.0226887 -0.030051 -0.0256759 -0.0349371 -0.024644 -0.0290472 -0.030051 -0.035861 -0.0290472 -0.0307512 -0.035861 -0.0381244 -0.030051 -0.035861 -0.0349371 -0.0423996 -0.035861 -0.0381244 -0.0423996 -0.0453323 -0.017204 -0.0256759 -0.017677 -0.027741 -0.0256759 -0.0349371 -0.027741 -0.0391757 -0.017677 -0.027741 -0.0169702 -0.0286763 -0.027741 -0.0391757 -0.0286763 -0.042616 -0.0349371 -0.0423996 -0.0391757 -0.0486323 -0.0423996 -0.0453323 -0.0486323 -0.0523907 -0.0391757 -0.0486323 -0.042616 -0.054508 -0.0486323 -0.0523907 -0.054508 -0.0593002 4.15558e-12 3.83308e-12 -0.0078037 -0.00744491 3.83308e-12 3.70012e-12 -0.00744491 -0.00646247 -0.0078037 -0.00744491 -0.015559 -0.0148259 -0.00744491 -0.00646247 -0.0148259 -0.0128254 3.70012e-12 3.77011e-12 -0.00646247 -0.00515432 3.77011e-12 3.94418e-12 -0.00515432 -0.00384256 -0.00646247 -0.00515432 -0.0128254 -0.0101755 -0.00515432 -0.00384256 -0.0101755 -0.00753733 -0.015559 -0.0148259 -0.0232208 -0.0220808 -0.0148259 -0.0128254 -0.0220808 -0.0189879 -0.0232208 -0.0220808 -0.0307512 -0.0291514 -0.0220808 -0.0189879 -0.0291514 -0.0248464 -0.0128254 -0.0101755 -0.0189879 -0.0149271 -0.0101755 -0.00753733 -0.0149271 -0.0109333 -0.0189879 -0.0149271 -0.0248464 -0.0192655 -0.0149271 -0.0109333 -0.0192655 -0.0138729 3.94418e-12 4.07482e-12 -0.00384256 -0.00274632 4.07482e-12 4.04197e-12 -0.00274632 -0.00194351 -0.00384256 -0.00274632 -0.00753733 -0.00535162 -0.00274632 -0.00194351 -0.00535162 -0.00376615 4.04197e-12 3.80101e-12 -0.00194351 -0.00140772 3.80101e-12 3.38213e-12 -0.00140772 -0.00106836 -0.00194351 -0.00140772 -0.00376615 -0.00271791 -0.00140772 -0.00106836 -0.00271791 -0.00205926 -0.00753733 -0.00535162 -0.0109333 -0.00767334 -0.00535162 -0.00376615 -0.00767334 -0.00534717 -0.0109333 -0.00767334 -0.0138729 -0.00956585 -0.00767334 -0.00534717 -0.00956585 -0.00656626 -0.00376615 -0.00271791 -0.00534717 -0.00383411 -0.00271791 -0.00205926 -0.00383411 -0.00289644 -0.00534717 -0.00383411 -0.00656626 -0.00466205 -0.00383411 -0.00289644 -0.00466205 -0.00350612 -0.0307512 -0.0291514 -0.0381244 -0.0359859 -0.0291514 -0.0248464 -0.0359859 -0.0302925 -0.0381244 -0.0359859 -0.0453323 -0.042542 -0.0359859 -0.0302925 -0.042542 -0.0352103 -0.0248464 -0.0192655 -0.0302925 -0.0230355 -0.0192655 -0.0138729 -0.0230355 -0.0161882 -0.0302925 -0.0230355 -0.0352103 -0.0260645 -0.0230355 -0.0161882 -0.0260645 -0.0176966 -0.0453323 -0.042542 -0.0523907 -0.0487885 -0.042542 -0.0352103 -0.0487885 -0.0394721 -0.0523907 -0.0487885 -0.0593002 -0.0546746 -0.0487885 -0.0394721 -0.0546746 -0.0429263 -0.0352103 -0.0260645 -0.0394721 -0.0281568 -0.0260645 -0.0176966 -0.0281568 -0.0181979 -0.0394721 -0.0281568 -0.0429263 -0.0291024 -0.0281568 -0.0181979 -0.0291024 -0.0174944 -0.0138729 -0.00956585 -0.0161882 -0.0108791 -0.00956585 -0.00656626 -0.0108791 -0.00730409 -0.0161882 -0.0108791 -0.0176966 -0.0114574 -0.0108791 -0.00730409 -0.0114574 -0.00744354 -0.00656626 -0.00466205 -0.00730409 -0.00511116 -0.00466205 -0.00350612 -0.00511116 -0.00381836 -0.00730409 -0.00511116 -0.00744354 -0.00509636 -0.00511116 -0.00381836 -0.00509636 -0.00376863 -0.0176966 -0.0114574 -0.0181979 -0.0111401 -0.0114574 -0.00744354 -0.0111401 -0.006872 -0.0181979 -0.0111401 -0.0174944 -0.00978069 -0.0111401 -0.006872 -0.00978069 -0.00549298 -0.00744354 -0.00509636 -0.006872 -0.00454039 -0.00509636 -0.00376863 -0.00454039 -0.00329936 -0.006872 -0.00454039 -0.00549298 -0.00337811 -0.00454039 -0.00329936 -0.00337811 -0.00236009 3.38213e-12 2.85524e-12 -0.00106836 -0.000854938 2.85524e-12 2.2912e-12 -0.000854938 -0.000714964 -0.00106836 -0.000854938 -0.00205926 -0.00164725 -0.000854938 -0.000714964 -0.00164725 -0.00137784 2.2912e-12 1.74014e-12 -0.000714964 -0.000613288 1.74014e-12 1.22922e-12 -0.000613288 -0.000523521 -0.000714964 -0.000613288 -0.00137784 -0.00118282 -0.000613288 -0.000523521 -0.00118282 -0.00101196 -0.00205926 -0.00164725 -0.00289644 -0.00231524 -0.00164725 -0.00137784 -0.00231524 -0.00193701 -0.00289644 -0.00231524 -0.00350612 -0.00279911 -0.00231524 -0.00193701 -0.00279911 -0.00234189 -0.00137784 -0.00118282 -0.00193701 -0.00166478 -0.00118282 -0.00101196 -0.00166478 -0.00142942 -0.00193701 -0.00166478 -0.00234189 -0.00201524 -0.00166478 -0.00142942 -0.00201524 -0.00173839 1.22922e-12 7.72375e-13 -0.000523521 -0.000419422 7.72375e-13 3.8623e-13 -0.000419422 -0.000275806 -0.000523521 -0.000419422 -0.00101196 -0.000815224 -0.000419422 -0.000275806 -0.000815224 -0.000542082 3.8623e-13 1.07856e-13 -0.000275806 -0.000100464 1.07856e-13 0 -0.000100464 0 -0.000275806 -0.000100464 -0.000542082 -0.00020046 -0.000100464 0 -0.00020046 0 -0.00101196 -0.000815224 -0.00142942 -0.00116214 -0.000815224 -0.000542082 -0.00116214 -0.000787988 -0.00142942 -0.00116214 -0.00173839 -0.00143153 -0.00116214 -0.000787988 -0.00143153 -0.000999418 -0.000542082 -0.00020046 -0.000787988 -0.000299923 -0.00020046 0 -0.000299923 0 -0.000787988 -0.000299923 -0.000999418 -0.000399881 -0.000299923 0 -0.000399881 0 -0.00350612 -0.00279911 -0.00381836 -0.0030419 -0.00279911 -0.00234189 -0.0030419 -0.00254344 -0.00381836 -0.0030419 -0.00376863 -0.00299057 -0.0030419 -0.00254344 -0.00299057 -0.00249475 -0.00234189 -0.00201524 -0.00254344 -0.00219034 -0.00201524 -0.00173839 -0.00219034 -0.00189925 -0.00254344 -0.00219034 -0.00249475 -0.00214648 -0.00219034 -0.00189925 -0.00214648 -0.00187006 -0.00376863 -0.00299057 -0.00329936 -0.00259684 -0.00299057 -0.00249475 -0.00259684 -0.00215165 -0.00329936 -0.00259684 -0.00236009 -0.00181598 -0.00259684 -0.00215165 -0.00181598 -0.00147145 -0.00249475 -0.00214648 -0.00215165 -0.00184081 -0.00214648 -0.00187006 -0.00184081 -0.00160684 -0.00215165 -0.00184081 -0.00147145 -0.00123058 -0.00184081 -0.00160684 -0.00123058 -0.0010636 -0.00173839 -0.00143153 -0.00189925 -0.00158959 -0.00143153 -0.000999418 -0.00158959 -0.00115557 -0.00189925 -0.00158959 -0.00187006 -0.00159575 -0.00158959 -0.00115557 -0.00159575 -0.00122359 -0.000999418 -0.000399881 -0.00115557 -0.000503589 -0.000399881 0 -0.000503589 0 -0.00115557 -0.000503589 -0.00122359 -0.00061626 -0.000503589 0 -0.00061626 0 -0.00187006 -0.00159575 -0.00160684 -0.00140207 -0.00159575 -0.00122359 -0.00140207 -0.00115329 -0.00160684 -0.00140207 -0.0010636 -0.000953126 -0.00140207 -0.00115329 -0.000953126 -0.000867651 -0.00122359 -0.00061626 -0.00115329 -0.000728736 -0.00061626 0 -0.000728736 0 -0.00115329 -0.000728736 -0.000867651 -0.000727423 -0.000728736 0 -0.000727423 0 0 0.000675702 0 0.000608622 0.000675702 0.000795632 0.000608622 0.00077058 0 0.000608622 0 0.000531419 0.000608622 0.00077058 0.000531419 0.000725512 0.000795632 0.000676423 0.00077058 0.00068928 0.000676423 0.000429132 0.00068928 0.000493028 0.00077058 0.00068928 0.000725512 0.000682478 0.00068928 0.000493028 0.000682478 0.000537942 0 0.000531419 0 0.000472129 0.000531419 0.000725512 0.000472129 0.000662128 0 0.000472129 0 0.000417786 0.000472129 0.000662128 0.000417786 0.000580704 0.000725512 0.000682478 0.000662128 0.000650622 0.000682478 0.000537942 0.000650622 0.000554109 0.000662128 0.000650622 0.000580704 0.000589607 0.000650622 0.000554109 0.000589607 0.000534024 0.000429132 0.000104405 0.000493028 0.000239912 0.000104405 -0.000286154 0.000239912 -5.07453e-05 0.000493028 0.000239912 0.000537942 0.000353542 0.000239912 -5.07453e-05 0.000353542 0.000154046 -0.000286154 -0.000766 -5.07453e-05 -0.000387434 -0.000766 -0.00143234 -0.000387434 -0.000836375 -5.07453e-05 -0.000387434 0.000154046 -5.92087e-05 -0.000387434 -0.000836375 -5.92087e-05 -0.000332176 0.000537942 0.000353542 0.000554109 0.000431587 0.000353542 0.000154046 0.000431587 0.000309432 0.000554109 0.000431587 0.000534024 0.000463459 0.000431587 0.000309432 0.000463459 0.00040189 0.000154046 -5.92087e-05 0.000309432 0.000194077 -5.92087e-05 -0.000332176 0.000194077 5.30632e-05 0.000309432 0.000194077 0.00040189 0.000357096 0.000194077 5.30632e-05 0.000357096 0.000306143 0 0.000417786 0 0.000354765 0.000417786 0.000580704 0.000354765 0.000477297 0 0.000354765 0 0.000270432 0.000354765 0.000477297 0.000270432 0.000347059 0.000580704 0.000589607 0.000477297 0.000495951 0.000589607 0.000534024 0.000495951 0.000472018 0.000477297 0.000495951 0.000347059 0.000367034 0.000495951 0.000472018 0.000367034 0.000363983 0 0.000270432 0 0.00015217 0.000270432 0.000347059 0.00015217 0.000187596 0 0.00015217 0 0 0.00015217 0.000187596 0 0 0.000347059 0.000367034 0.000187596 0.000201555 0.000367034 0.000363983 0.000201555 0.000207178 0.000187596 0.000201555 0 0 0.000201555 0.000207178 0 0 0.000534024 0.000463459 0.000472018 0.000441228 0.000463459 0.00040189 0.000441228 0.000422167 0.000472018 0.000441228 0.000363983 0.000359158 0.000441228 0.000422167 0.000359158 0.000364291 0.00040189 0.000357096 0.000422167 0.00042141 0.000357096 0.000306143 0.00042141 0.000423291 0.000422167 0.00042141 0.000364291 0.000383459 0.00042141 0.000423291 0.000383459 0.000406892 0.000363983 0.000359158 0.000207178 0.000213133 0.000359158 0.000364291 0.000213133 0.00022449 0.000207178 0.000213133 0 0 0.000213133 0.00022449 0 0 0.000364291 0.000383459 0.00022449 0.000242735 0.000383459 0.000406892 0.000242735 0.000263114 0.00022449 0.000242735 0 0 0.000242735 0.000263114 0 0 -0.00143234 -0.00256199 -0.000836375 -0.00161144 -0.00256199 -0.00477972 -0.00161144 -0.00321807 -0.000836375 -0.00161144 -0.000332176 -0.000833236 -0.00161144 -0.00321807 -0.000833236 -0.00196841 -0.00477972 -0.00916342 -0.00321807 -0.00654311 -0.00916342 -0.0169702 -0.00654311 -0.0126268 -0.00321807 -0.00654311 -0.00196841 -0.00444154 -0.00654311 -0.0126268 -0.00444154 -0.00905375 -0.000332176 -0.000833236 5.30632e-05 -0.000244698 -0.000833236 -0.00196841 -0.000244698 -0.00101422 5.30632e-05 -0.000244698 0.000306143 0.000151415 -0.000244698 -0.00101422 0.000151415 -0.000336689 -0.00196841 -0.00444154 -0.00101422 -0.00278543 -0.00444154 -0.00905375 -0.00278543 -0.00613207 -0.00101422 -0.00278543 -0.000336689 -0.00152884 -0.00278543 -0.00613207 -0.00152884 -0.00380144 -0.0169702 -0.0286763 -0.0126268 -0.021868 -0.0286763 -0.042616 -0.021868 -0.0329175 -0.0126268 -0.021868 -0.00905375 -0.0160779 -0.021868 -0.0329175 -0.0160779 -0.0244437 -0.042616 -0.054508 -0.0329175 -0.0423387 -0.054508 -0.0593002 -0.0423387 -0.0461302 -0.0329175 -0.0423387 -0.0244437 -0.031542 -0.0423387 -0.0461302 -0.031542 -0.0343914 -0.00905375 -0.0160779 -0.00613207 -0.0112096 -0.0160779 -0.0244437 -0.0112096 -0.0172057 -0.00613207 -0.0112096 -0.00380144 -0.00722213 -0.0112096 -0.0172057 -0.00722213 -0.0112148 -0.0244437 -0.031542 -0.0172057 -0.0222552 -0.031542 -0.0343914 -0.0222552 -0.0242755 -0.0172057 -0.0222552 -0.0112148 -0.0145455 -0.0222552 -0.0242755 -0.0145455 -0.0158733 0.000306143 0.000151415 0.000423291 0.000361062 0.000151415 -0.000336689 0.000361062 8.33161e-05 0.000423291 0.000361062 0.000406892 0.000395422 0.000361062 8.33161e-05 0.000395422 0.000265024 -0.000336689 -0.00152884 8.33161e-05 -0.000642294 -0.00152884 -0.00380144 -0.000642294 -0.00203356 8.33161e-05 -0.000642294 0.000265024 -0.000104963 -0.000642294 -0.00203356 -0.000104963 -0.000815742 0.000406892 0.000395422 0.000263114 0.000269211 0.000395422 0.000265024 0.000269211 0.000229119 0.000263114 0.000269211 0 0 0.000269211 0.000229119 0 0 0.000265024 -0.000104963 0.000229119 0.00010178 -0.000104963 -0.000815742 0.00010178 -0.000140735 0.000229119 0.00010178 0 0 0.00010178 -0.000140735 0 0 -0.00380144 -0.00722213 -0.00203356 -0.00410334 -0.00722213 -0.0112148 -0.00410334 -0.0064835 -0.00203356 -0.00410334 -0.000815742 -0.00185482 -0.00410334 -0.0064835 -0.00185482 -0.00302555 -0.0112148 -0.0145455 -0.0064835 -0.00844606 -0.0145455 -0.0158733 -0.00844606 -0.00922534 -0.0064835 -0.00844606 -0.00302555 -0.00397589 -0.00844606 -0.00922534 -0.00397589 -0.0043517 -0.000815742 -0.00185482 -0.000140735 -0.000483891 -0.00185482 -0.00302555 -0.000483891 -0.000857238 -0.000140735 -0.000483891 0 0 -0.000483891 -0.000857238 0 0 -0.00302555 -0.00397589 -0.000857238 -0.00115254 -0.00397589 -0.0043517 -0.00115254 -0.00126882 -0.000857238 -0.00115254 0 0 -0.00115254 -0.00126882 0 0 -0.0593002 -0.0546746 -0.0461302 -0.0424735 -0.0546746 -0.0429263 -0.0424735 -0.0331715 -0.0461302 -0.0424735 -0.0343914 -0.0316489 -0.0424735 -0.0331715 -0.0316489 -0.0246473 -0.0429263 -0.0291024 -0.0331715 -0.0222219 -0.0291024 -0.0174944 -0.0222219 -0.0130683 -0.0331715 -0.0222219 -0.0246473 -0.0163657 -0.0222219 -0.0130683 -0.0163657 -0.00941765 -0.0343914 -0.0316489 -0.0242755 -0.0223376 -0.0316489 -0.0246473 -0.0223376 -0.0173643 -0.0242755 -0.0223376 -0.0158733 -0.0146064 -0.0223376 -0.0173643 -0.0146064 -0.0113334 -0.0246473 -0.0163657 -0.0173643 -0.011437 -0.0163657 -0.00941765 -0.011437 -0.00642332 -0.0173643 -0.011437 -0.0113334 -0.00739448 -0.011437 -0.00642332 -0.00739448 -0.00402498 -0.0174944 -0.00978069 -0.0130683 -0.00706857 -0.00978069 -0.00549298 -0.00706857 -0.00382934 -0.0130683 -0.00706857 -0.00941765 -0.00487899 -0.00706857 -0.00382934 -0.00487899 -0.00248054 -0.00549298 -0.00337811 -0.00382934 -0.0023133 -0.00337811 -0.00236009 -0.0023133 -0.00163538 -0.00382934 -0.0023133 -0.00248054 -0.0014232 -0.0023133 -0.00163538 -0.0014232 -0.00100472 -0.00941765 -0.00487899 -0.00642332 -0.00313894 -0.00487899 -0.00248054 -0.00313894 -0.00143057 -0.00642332 -0.00313894 -0.00402498 -0.00180268 -0.00313894 -0.00143057 -0.00180268 -0.000661047 -0.00248054 -0.0014232 -0.00143057 -0.000725817 -0.0014232 -0.00100472 -0.000725817 -0.000496025 -0.00143057 -0.000725817 -0.000661047 -0.000224466 -0.000725817 -0.000496025 -0.000224466 -0.000123209 -0.0158733 -0.0146064 -0.00922534 -0.00848819 -0.0146064 -0.0113334 -0.00848819 -0.00656653 -0.00922534 -0.00848819 -0.0043517 -0.00400176 -0.00848819 -0.00656653 -0.00400176 -0.00307717 -0.0113334 -0.00739448 -0.00656653 -0.00422572 -0.00739448 -0.00402498 -0.00422572 -0.00219426 -0.00656653 -0.00422572 -0.00307717 -0.00193202 -0.00422572 -0.00219426 -0.00193202 -0.000918355 -0.0043517 -0.00400176 -0.00126882 -0.00116441 -0.00400176 -0.00307717 -0.00116441 -0.000881282 -0.00126882 -0.00116441 0 0 -0.00116441 -0.000881282 0 0 -0.00307717 -0.00193202 -0.000881282 -0.000520411 -0.00193202 -0.000918355 -0.000520411 -0.000189863 -0.000881282 -0.000520411 0 0 -0.000520411 -0.000189863 0 0 -0.00402498 -0.00180268 -0.00219426 -0.000840889 -0.00180268 -0.000661047 -0.000840889 -0.000153172 -0.00219426 -0.000840889 -0.000918355 -0.000232834 -0.000840889 -0.000153172 -0.000232834 0.00011201 -0.000661047 -0.000224466 -0.000153172 8.63062e-05 -0.000224466 -0.000123209 8.63062e-05 0.000109294 -0.000153172 8.63062e-05 0.00011201 0.000217247 8.63062e-05 0.000109294 0.000217247 0.000203243 -0.000918355 -0.000232834 -0.000189863 4.00887e-05 -0.000232834 0.00011201 4.00887e-05 0.00015498 -0.000189863 4.00887e-05 0 0 4.00887e-05 0.00015498 0 0 0.00011201 0.000217247 0.00015498 0.000182714 0.000217247 0.000203243 0.000182714 0.000164267 0.00015498 0.000182714 0 0 0.000182714 0.000164267 0 0 -0.00236009 -0.00181598 -0.00163538 -0.00129226 -0.00181598 -0.00147145 -0.00129226 -0.00107295 -0.00163538 -0.00129226 -0.00100472 -0.000821176 -0.00129226 -0.00107295 -0.000821176 -0.000707169 -0.00147145 -0.00123058 -0.00107295 -0.000913319 -0.00123058 -0.0010636 -0.000913319 -0.000799692 -0.00107295 -0.000913319 -0.000707169 -0.000618976 -0.000913319 -0.000799692 -0.000618976 -0.000552992 -0.00100472 -0.000821176 -0.000496025 -0.000428091 -0.000821176 -0.000707169 -0.000428091 -0.000393598 -0.000496025 -0.000428091 -0.000123209 -0.00012918 -0.000428091 -0.000393598 -0.00012918 -0.00014686 -0.000707169 -0.000618976 -0.000393598 -0.000362007 -0.000618976 -0.000552992 -0.000362007 -0.00033481 -0.000393598 -0.000362007 -0.00014686 -0.000154637 -0.000362007 -0.00033481 -0.000154637 -0.000155582 -0.0010636 -0.000953126 -0.000799692 -0.000722814 -0.000953126 -0.000867651 -0.000722814 -0.000654689 -0.000799692 -0.000722814 -0.000552992 -0.00050519 -0.000722814 -0.000654689 -0.00050519 -0.000450267 -0.000867651 -0.000727423 -0.000654689 -0.000518968 -0.000727423 0 -0.000518968 0 -0.000654689 -0.000518968 -0.000450267 -0.000309033 -0.000518968 0 -0.000309033 0 -0.000552992 -0.00050519 -0.00033481 -0.000310644 -0.00050519 -0.000450267 -0.000310644 -0.000266402 -0.00033481 -0.000310644 -0.000155582 -0.000149405 -0.000310644 -0.000266402 -0.000149405 -0.000116825 -0.000450267 -0.000309033 -0.000266402 -0.000145618 -0.000309033 0 -0.000145618 0 -0.000266402 -0.000145618 -0.000116825 -2.79899e-05 -0.000145618 0 -2.79899e-05 0 -0.000123209 -0.00012918 0.000109294 6.61907e-05 -0.00012918 -0.00014686 6.61907e-05 2.23898e-05 0.000109294 6.61907e-05 0.000203243 0.000153517 6.61907e-05 2.23898e-05 0.000153517 0.000106617 -0.00014686 -0.000154637 2.23898e-05 -7.07728e-06 -0.000154637 -0.000155582 -7.07728e-06 -2.47509e-05 2.23898e-05 -7.07728e-06 0.000106617 7.2276e-05 -7.07728e-06 -2.47509e-05 7.2276e-05 4.9399e-05 0.000203243 0.000153517 0.000164267 0.000131423 0.000153517 0.000106617 0.000131423 0.000100505 0.000164267 0.000131423 0 0 0.000131423 0.000100505 0 0 0.000106617 7.2276e-05 0.000100505 7.65393e-05 7.2276e-05 4.9399e-05 7.65393e-05 5.97024e-05 0.000100505 7.65393e-05 0 0 7.65393e-05 5.97024e-05 0 0 -0.000155582 -0.000149405 -2.47509e-05 -3.05783e-05 -0.000149405 -0.000116825 -3.05783e-05 -1.0833e-05 -2.47509e-05 -3.05783e-05 4.9399e-05 3.80842e-05 -3.05783e-05 -1.0833e-05 3.80842e-05 4.59435e-05 -0.000116825 -2.79899e-05 -1.0833e-05 4.6054e-05 -2.79899e-05 0 4.6054e-05 0 -1.0833e-05 4.6054e-05 4.59435e-05 7.59055e-05 4.6054e-05 0 7.59055e-05 0 4.9399e-05 3.80842e-05 5.97024e-05 5.01612e-05 3.80842e-05 4.59435e-05 5.01612e-05 5.0391e-05 5.97024e-05 5.01612e-05 0 0 5.01612e-05 5.0391e-05 0 0 4.59435e-05 7.59055e-05 5.0391e-05 5.91617e-05 7.59055e-05 0 5.91617e-05 0 5.0391e-05 5.91617e-05 0 0 5.91617e-05 0 0 0 
SCALARS p_fluid double 1
LOOKUP_TABLE default
0 0 0 0 0 0 0 0 0 0 0 0 0 0 0 0 0 0 0 0 0 0 0 0 0 0 0 0 0 0 0 0 0 0 0 0 0 0 0 0 0 0 0 0 0 0 0 0 0 0 0 0 0 0 0 0 0 0 0 0 0 0 0 0 0 0 0 0 0 0 0 0 0 0 0 0 0 0 0 0 0 0 0 0 0 0 0 0 0 0 0 0 0 0 0 0 0 0 0 0 0 0 0 0 0 0 0 0 0 0 0 0 0 0 0 0 0 0 0 0 0 0 0 0 0 0 0 0 0 0 0 0 0 0 0 0 0 0 0 0 0 0 0 0 0 0 0 0 0 0 0 0 0 0 0 0 0 0 0 0 0 0 0 0 0 0 0 0 0 0 0 0 0 0 0 0 0 0 0 0 0 0 0 0 0 0 0 0 0 0 0 0 0 0 0 0 0 0 0 0 0 0 0 0 0 0 0 0 0 0 0 0 0 0 0 0 0 0 0 0 0 0 0 0 0 0 0 0 0 0 0 0 0 0 0 0 0 0 0 0 0 0 0 0 0 0 0 0 0 0 0 0 0 0 0 0 0 0 0 0 0 0 0 0 0 0 0 0 0 0 0 0 0 0 0 0 0 0 0 0 0 0 0 0 0 0 0 0 0 0 0 0 0 0 0 0 0 0 0 0 0 0 0 0 0 0 0 0 0 0 0 0 0 0 0 0 0 0 0 0 0 0 0 0 0 0 0 0 0 0 0 0 0 0 0 0 0 0 0 0 0 0 0 0 0 0 0 0 0 0 0 0 0 0 0 0 0 0 0 0 0 0 0 0 0 0 0 0 0 0 0 0 0 0 0 0 0 0 0 0 0 0 0 0 0 0 0 0 0 0 0 0 0 0 0 0 0 0 0 0 0 0 0 0 0 0 0 0 0 0 0 0 0 0 0 0 0 0 0 0 0 0 0 0 0 0 0 0 0 0 0 0 0 0 0 0 0 0 0 0 0 0 0 0 0 0 0 0 0 0 0 0 0 0 0 0 0 0 0 0 0 0 0 0 0 0 0 0 0 0 0 0 0 0 0 0 0 0 0 0 0 0 0 0 0 0 0 0 0 0 0 0 0 0 0 0 0 0 0 0 0 0 0 0 0 0 0 0 0 0 0 0 0 0 0 0 0 0 0 0 0 0 0 0 0 0 0 0 0 0 0 0 0 0 0 0 0 0 0 0 0 0 0 0 0 0 0 0 0 0 0 0 0 0 0 0 0 0 0 0 0 0 0 0 0 0 0 0 0 0 0 0 0 0 0 0 0 0 0 0 0 0 0 0 0 0 0 0 0 0 0 0 0 0 0 0 0 0 0 0 0 0 0 0 0 0 0 0 0 0 0 0 0 0 0 0 0 0 0 0 0 0 0 0 0 0 0 0 0 0 0 0 0 0 0 0 0 0 0 0 0 0 0 0 0 0 0 0 0 0 0 0 0 0 0 0 0 0 0 0 0 0 0 0 0 0 0 0 0 0 0 0 0 0 0 0 0 0 0 0 0 0 0 0 0 0 0 0 0 0 0 0 0 0 0 0 0 0 0 0 0 0 0 0 0 0 0 0 0 0 0 0 0 0 0 0 0 0 0 0 0 0 0 0 0 0 0 0 0 0 0 0 0 0 0 0 0 0 0 0 0 0 0 0 0 0 0 0 0 0 0 0 0 0 0 0 0 0 0 0 0 0 0 0 0 0 0 0 0 0 0 0 0 0 0 0 0 0 0 0 0 0 0 0 0 0 0 0 0 0 0 0 0 0 0 0 0 0 0 0 0 0 0 0 0 0 0 0 0 0 0 0 0 0 0 0 0 0 0 0 0 0 0 0 0 0 0 0 0 0 0 0 0 0 0 0 0 0 0 0 0 0 0 0 0 0 0 0 0 0 0 0 0 0 0 0 0 0 0 0 0 0 0 0 0 0 0 0 0 0 0 0 0 0 0 0 0 0 0 0 0 0 0 0 0 0 0 0 0 0 0 0 0 0 0 0 0 0 0 0 0 0 0 0 0 0 0 0 0 0 0 0 0 0 0 0 0 0 0 0 0 0 0 0 0 0 0 0 0 0 0 0 0 0 0 0 0 0 0 0 0 0 0 0 0 0 0 0 0 0 0 0 0 0 0 0 0 0 0 0 0 0 0 0 0 0 0 0 0 0 0 0 0 0 0 0 0 0 0 0 0 0 0 0 0 0 0 0 0 0 0 0 0 0 0 0 0 0 0 0 0 0 0 0 0 0 0 0 0 0 0 0 0 0 0 0 0 0 0 0 0 0 0 0 94.9743 92.3096 95.008 92.3433 92.3161 89.5482 92.3115 89.5435 95.0648 92.2927 95.0857 92.3136 92.3203 89.5409 92.3156 89.5361 89.5464 86.7372 89.5402 86.731 86.7361 83.9016 86.7304 83.8959 89.5418 86.731 89.536 86.7252 86.7303 83.8967 86.7249 83.8913 95.0976 92.3015 95.1127 92.3166 92.3189 89.5352 92.316 89.5324 95.1207 92.309 95.133 92.3213 92.3216 89.5277 92.3201 89.5262 89.5366 86.7255 89.5299 86.7188 86.7247 83.8919 86.7182 83.8854 89.5311 86.7183 89.5241 86.7113 86.718 83.8858 86.7107 83.8785 83.9008 81.0506 83.8963 81.0462 81.05 78.1898 81.0469 78.1867 83.8958 81.047 83.8913 81.0426 81.0463 78.1874 81.0425 78.1837 78.1894 75.3229 78.1875 75.3211 75.3235 72.4526 75.3213 72.4504 78.1872 75.3212 78.1831 75.317 75.3228 72.4482 75.3151 72.4405 83.891 81.0429 83.8854 81.0373 81.0426 78.1834 81.037 78.1778 83.8851 81.0373 83.8783 81.0305 81.0374 78.1768 81.0301 78.1694 78.1843 75.3151 78.1765 75.3073 75.3191 72.4348 75.304 72.4198 78.1787 75.3039 78.1678 75.293 75.3098 72.4118 75.2892 72.3912 95.1376 92.3167 95.147 92.3261 92.3252 89.5216 92.3248 89.5213 95.1498 92.3232 95.1562 92.3297 92.3288 89.5176 92.3289 89.5177 89.5256 86.7103 89.5196 86.7043 86.7108 83.8785 86.7037 83.8714 89.5212 86.7031 89.5167 86.6986 86.704 83.8712 86.6982 83.8654 95.1578 92.328 95.1615 92.3318 92.3315 89.5153 92.3318 89.5155 95.1623 92.331 95.1635 92.3322 92.333 89.5142 92.3331 89.5143 89.518 86.6975 89.5152 86.6948 86.6985 83.8651 86.6947 83.8613 89.516 86.6942 89.515 86.6933 86.695 83.8612 86.6936 83.8598 83.8783 81.0303 83.8712 81.0233 81.0308 78.1679 81.0228 78.1599 83.8713 81.0229 83.8653 81.0168 81.0236 78.1583 81.0164 78.1511 78.1705 75.289 78.1583 75.2768 75.2958 72.3823 75.2733 72.3598 78.161 75.2728 78.15 75.2617 75.2795 72.3515 75.2594 72.3314 83.8654 81.0163 83.8614 81.0123 81.0172 78.1497 81.0122 78.1448 83.8615 81.012 83.86 81.0106 81.0127 78.144 81.0109 78.1422 78.1522 75.2585 78.1446 75.2509 75.2642 72.3251 75.2504 72.3113 78.1458 75.2491 78.143 75.2464 75.253 72.3079 75.2481 72.303 72.4568 69.5734 72.4485 69.5652 69.5875 66.6522 69.5578 66.6225 72.4551 69.557 72.4359 69.5377 69.5757 66.6026 69.5288 66.5557 66.6856 63.5875 66.6046 63.5065 63.6468 60.1645 63.4736 59.9913 66.6408 63.47 66.5409 63.3702 63.5283 59.9431 63.3508 59.7655 72.4457 69.525 72.413 69.4922 69.5484 66.5321 69.4803 66.464 72.4254 69.4764 72.3836 69.4346 69.5022 66.438 69.4222 66.358 66.5724 63.336 66.4471 63.2107 63.3874 59.7319 63.1932 59.5376 66.4776 63.1778 66.3419 63.0421 63.2218 59.5121 63.0279 59.3181 60.2364 56.0616 59.9475 55.7727 56.0918 51.0204 55.7385 50.6672 59.9997 55.7388 59.7475 55.4867 55.7406 50.6919 55.4819 50.4332 50.9347 45.2322 50.6756 44.973 45.042 39.6033 45.0414 39.6027 50.5895 45.0756 50.4535 44.9396 44.9018 39.7287 44.9855 39.8124 59.7674 55.48 59.5292 55.2417 55.4529 50.4833 55.2541 50.2845 59.5329 55.2495 59.316 55.0326 55.2079 50.3473 55.0521 50.1915 50.3652 45.044 50.3216 45.0003 44.8815 39.9134 45.0509 40.0827 50.2275 45.1058 50.2325 45.1107 44.9554 40.1753 45.1583 40.3782 72.3966 69.4183 72.3531 69.3748 69.4434 66.3333 69.3643 66.2542 72.3647 69.3604 72.327 69.3227 69.3823 66.2336 69.3161 66.1674 66.3688 63.0138 66.2413 62.8863 63.0491 59.3006 62.8762 59.1277 66.2626 62.8644 66.1596 62.7614 62.8908 59.1168 62.7559 58.9819 72.3357 69.3121 72.3103 69.2866 69.329 66.1527 69.2853 66.109 72.3149 69.281 72.306 69.2721 69.292 66.1014 69.2767 66.0862 66.1742 62.7466 66.1076 62.68 62.7649 58.9758 62.6795 58.8905 66.115 62.6726 66.092 62.6496 62.6838 58.8878 62.6546 58.8587 59.311 55.0477 59.1288 54.8655 55.0027 50.2538 54.8844 50.1354 59.1205 54.8821 58.9838 54.7454 54.841 50.1884 54.7581 50.1055 50.1455 45.2048 50.1701 45.2294 45.0751 40.4571 45.2669 40.6489 50.0992 45.3046 50.1264 45.3319 45.2007 40.7105 45.3532 40.863 58.9762 54.759 58.8918 54.6746 54.7264 50.1436 54.6774 50.0946 58.8874 54.6821 58.8589 54.6537 54.6608 50.1144 54.6446 50.0982 50.0769 45.3839 50.0968 45.4039 45.3075 40.905 45.4046 41.002 50.0714 45.4304 50.0787 45.4377 45.3813 41.0232 45.4145 41.0564 39.4477 35.2459 39.7029 35.5011 35.2273 32.5151 35.5743 32.8621 39.6002 35.5662 39.8642 35.8302 35.5559 32.8456 35.8598 33.1495 32.5929 30.8706 32.8764 31.1541 30.963 29.5481 31.1247 29.7098 32.9187 31.0969 33.1466 31.3248 31.1838 29.654 31.3015 29.7717 39.8106 35.864 40.1239 36.1772 35.8757 33.1126 36.1898 33.4267 40.084 36.203 40.4108 36.5299 36.218 33.3848 36.5338 33.7006 33.1997 31.2611 33.4103 31.4716 31.3545 29.7189 31.4413 29.8057 33.4732 31.4031 33.6791 31.609 31.5003 29.7483 31.5769 29.825 29.6128 28.0438 29.6674 28.0985 28.0735 26.1773 28.0641 26.1679 29.7147 28.0629 29.7448 28.093 28.0905 26.1535 28.0726 26.1356 26.1818 23.9786 26.1486 23.9453 23.9722 21.5544 23.9384 21.5206 26.1578 23.9444 26.1246 23.9112 23.9385 21.5249 23.9076 21.494 29.7794 28.064 29.7772 28.0619 28.0875 26.127 28.0435 26.083 29.8134 28.0303 29.797 28.0139 28.0566 26.0739 27.9971 26.0143 26.1265 23.9137 26.0752 23.8624 23.904 21.4998 23.8617 21.4575 26.0739 23.8659 26.0084 23.8004 23.8549 21.4649 23.8013 21.4113 40.3779 36.5508 40.6728 36.8457 36.5617 33.6626 36.8467 33.9476 40.6464 36.8621 40.8761 37.0919 36.8686 33.9177 37.0923 34.1415 33.7398 31.5455 33.9287 31.7344 31.6353 29.7697 31.7073 29.8417 33.9786 31.6829 34.1304 31.8347 31.7572 29.7952 31.8183 29.8563 40.8575 37.1033 41.0022 37.2479 37.1069 34.1212 37.2486 34.2629 40.9925 37.2538 41.0418 37.303 37.2558 34.2528 37.3042 34.3012 34.1651 31.7989 34.263 31.8968 31.8541 29.8232 31.8952 29.8643 34.2806 31.8785 34.3144 31.9123 31.9138 29.8471 31.9283 29.8616 29.8339 27.9819 29.8182 27.9662 28.011 26.0041 27.9523 25.9454 29.8513 27.938 29.8416 27.9284 27.9659 25.9354 27.9195 25.889 26.0072 23.8031 25.9409 23.7368 23.7939 21.4186 23.7381 21.3628 25.9409 23.7382 25.8862 23.6835 23.7319 21.3687 23.6845 21.3212 29.8662 27.9076 29.8618 27.9033 27.9304 25.8811 27.9014 25.8522 29.8749 27.8923 29.8737 27.8912 27.9074 25.8479 27.8977 25.8382 25.887 23.684 25.8517 23.6487 23.6804 21.3253 23.6491 21.294 25.8523 23.6489 25.8402 23.6367 23.6471 21.296 23.6362 21.2851 21.5468 19.0003 21.5204 18.9739 18.9949 16.3738 18.9759 16.3548 21.5176 18.9785 21.4942 18.9552 18.9731 16.3582 18.9566 16.3418 16.3706 13.7026 16.3568 13.6889 13.7008 10.9989 13.6905 10.9885 16.3548 13.6912 16.3432 13.6796 13.6891 10.9902 13.6807 10.9818 21.4899 18.9603 21.4599 18.9303 18.9534 16.3453 18.9332 16.3252 21.453 18.937 21.4149 18.8989 18.9281 16.3299 18.9026 16.3044 16.3411 13.6819 16.3276 13.6683 13.6793 10.9834 13.6701 10.9742 16.3242 13.6714 16.3073 13.6545 13.6678 10.9763 13.6565 10.965 10.9977 8.26833 10.9898 8.26046 8.26717 5.51529 8.2616 5.50972 10.9887 8.26189 10.9828 8.256 8.26026 5.51137 8.25696 5.50807 5.51333 2.74621 5.51076 2.74364 2.72664 -0.0261111 2.74656 -0.00618646 5.50868 2.7458 5.50941 2.74652 2.73823 -0.0030583 2.74521 0.0039199 10.9815 8.25746 10.9755 8.25145 8.25543 5.50994 8.2527 5.50721 10.9738 8.25326 10.9665 8.24605 8.25082 5.50919 8.24744 5.50581 5.50656 2.74935 5.50849 2.75128 2.74743 0.00108468 2.75085 0.00449945 5.50606 2.75336 5.50689 2.75419 2.75317 0.00195524 2.75388 0.0026643 21.4069 18.9059 21.3663 18.8652 18.8965 16.3096 18.8687 16.2818 21.3592 18.8713 21.3236 18.8358 18.8629 16.2865 18.8382 16.2617 16.3031 13.6579 16.2845 13.6392 13.6537 10.9674 13.6412 10.9548 16.2804 13.6425 16.2635 13.6256 13.6384 10.9571 13.6269 10.9456 21.3185 18.8402 21.2946 18.8163 18.8338 16.2652 18.8169 16.2482 21.292 18.8186 21.2836 18.8102 18.8146 16.2501 18.8087 16.2441 16.2604 13.628 16.2487 13.6163 13.6247 10.9473 13.6166 10.9393 16.247 13.6176 16.2429 13.6134 13.6154 10.9402 13.6125 10.9373 10.9644 8.24802 10.9563 8.23994 8.24539 5.50772 8.2412 5.50352 10.9541 8.24177 10.9466 8.2342 8.23931 5.50512 8.23505 5.50086 5.50519 2.7554 5.5044 2.75461 2.75578 0.000579793 2.75442 -0.000786854 5.50321 2.7553 5.50145 2.75354 2.75579 -0.00235331 2.75346 -0.00468504 10.9449 8.23558 10.9395 8.23021 8.23364 5.50199 8.23045 5.4988 10.9386 8.23094 10.9367 8.229 8.22971 5.49938 8.22853 5.4982 5.50068 2.7539 5.49902 2.75224 2.75433 -0.00571486 2.75229 -0.00775517 5.49864 2.75239 5.49797 2.75173 2.7527 -0.00825969 2.75191 -0.00905628 95.1635 92.3322 95.1623 92.331 92.3331 89.5143 92.333 89.5142 95.1615 92.3318 95.1578 92.328 92.3318 89.5155 92.3315 89.5153 89.515 86.6933 89.516 86.6942 86.6936 83.8598 86.695 83.8612 89.5152 86.6948 89.518 86.6975 86.6947 83.8613 86.6985 83.8651 95.1562 92.3297 95.1498 92.3232 92.3289 89.5177 92.3288 89.5176 95.147 92.3261 95.1376 92.3167 92.3248 89.5213 92.3252 89.5216 89.5167 86.6986 89.5212 86.7031 86.6982 83.8654 86.704 83.8712 89.5196 86.7043 89.5256 86.7103 86.7037 83.8714 86.7108 83.8785 83.86 81.0106 83.8615 81.012 81.0109 78.1422 81.0127 78.144 83.8614 81.0123 83.8654 81.0163 81.0122 78.1448 81.0172 78.1497 78.143 75.2464 78.1458 75.2491 75.2481 72.303 75.253 72.3079 78.1446 75.2509 78.1522 75.2585 75.2504 72.3113 75.2642 72.3251 83.8653 81.0168 83.8713 81.0229 81.0164 78.1511 81.0236 78.1583 83.8712 81.0233 83.8783 81.0303 81.0228 78.1599 81.0308 78.1679 78.15 75.2617 78.161 75.2728 75.2594 72.3314 75.2795 72.3515 78.1583 75.2768 78.1705 75.289 75.2733 72.3598 75.2958 72.3823 95.133 92.3213 95.1207 92.309 92.3201 89.5262 92.3216 89.5277 95.1127 92.3166 95.0976 92.3015 92.316 89.5324 92.3189 89.5352 89.5241 86.7113 89.5311 86.7183 86.7107 83.8785 86.718 83.8858 89.5299 86.7188 89.5366 86.7255 86.7182 83.8854 86.7247 83.8919 95.0857 92.3136 95.0648 92.2927 92.3156 89.5361 92.3203 89.5409 95.008 92.3433 94.9743 92.3096 92.3115 89.5435 92.3161 89.5482 89.536 86.7252 89.5418 86.731 86.7249 83.8913 86.7303 83.8967 89.5402 86.731 89.5464 86.7372 86.7304 83.8959 86.7361 83.9016 83.8783 81.0305 83.8851 81.0373 81.0301 78.1694 81.0374 78.1768 83.8854 81.0373 83.891 81.0429 81.037 78.1778 81.0426 78.1834 78.1678 75.293 78.1787 75.3039 75.2892 72.3912 75.3098 72.4118 78.1765 75.3073 78.1843 75.3151 75.304 72.4198 75.3191 72.4348 83.8913 81.0426 83.8958 81.047 81.0425 78.1837 81.0463 78.1874 83.8963 81.0462 83.9008 81.0506 81.0469 78.1867 81.05 78.1898 78.1831 75.317 78.1872 75.3212 75.3151 72.4405 75.3228 72.4482 78.1875 75.3211 78.1894 75.3229 75.3213 72.4504 75.3235 72.4526 72.306 69.2721 72.3149 69.281 69.2767 66.0862 69.292 66.1014 72.3103 69.2866 72.3357 69.3121 69.2853 66.109 69.329 66.1527 66.092 62.6496 66.115 62.6726 62.6546 58.8587 62.6838 58.8878 66.1076 62.68 66.1742 62.7466 62.6795 58.8905 62.7649 58.9758 72.327 69.3227 72.3647 69.3604 69.3161 66.1674 69.3823 66.2336 72.3531 69.3748 72.3966 69.4183 69.3643 66.2542 69.4434 66.3333 66.1596 62.7614 66.2626 62.8644 62.7559 58.9819 62.8908 59.1168 66.2413 62.8863 66.3688 63.0138 62.8762 59.1277 63.0491 59.3006 58.8589 54.6537 58.8874 54.6821 54.6446 50.0982 54.6608 50.1144 58.8918 54.6746 58.9762 54.759 54.6774 50.0946 54.7264 50.1436 50.0787 45.4377 50.0714 45.4304 45.4145 41.0564 45.3813 41.0232 50.0968 45.4039 50.0769 45.3839 45.4046 41.002 45.3075 40.905 58.9838 54.7454 59.1205 54.8821 54.7581 50.1055 54.841 50.1884 59.1288 54.8655 59.311 55.0477 54.8844 50.1354 55.0027 50.2538 50.1264 45.3319 50.0992 45.3046 45.3532 40.863 45.2007 40.7105 50.1701 45.2294 50.1455 45.2048 45.2669 40.6489 45.0751 40.4571 72.3836 69.4346 72.4254 69.4764 69.4222 66.358 69.5022 66.438 72.413 69.4922 72.4457 69.525 69.4803 66.464 69.5484 66.5321 66.3419 63.0421 66.4776 63.1778 63.0279 59.3181 63.2218 59.5121 66.4471 63.2107 66.5724 63.336 63.1932 59.5376 63.3874 59.7319 72.4359 69.5377 72.4551 69.557 69.5288 66.5557 69.5757 66.6026 72.4485 69.5652 72.4568 69.5734 69.5578 66.6225 69.5875 66.6522 66.5409 63.3702 66.6408 63.47 63.3508 59.7655 63.5283 59.9431 66.6046 63.5065 66.6856 63.5875 63.4736 59.9913 63.6468 60.1645 59.316 55.0326 59.5329 55.2495 55.0521 50.1915 55.2079 50.3473 59.5292 55.2417 59.7674 55.48 55.2541 50.2845 55.4529 50.4833 50.2325 45.1107 50.2275 45.1058 45.1583 40.3782 44.9554 40.1753 50.3216 45.0003 50.3652 45.044 45.0509 40.0827 44.8815 39.9134 59.7475 55.4867 59.9997 55.7388 55.4819 50.4332 55.7406 50.6919 59.9475 55.7727 60.2364 56.0616 55.7385 50.6672 56.0918 51.0204 50.4535 44.9396 50.5895 45.0756 44.9855 39.8124 44.9018 39.7287 50.6756 44.973 50.9347 45.2322 45.0414 39.6027 45.042 39.6033 41.0418 37.303 40.9925 37.2538 37.3042 34.3012 37.2558 34.2528 41.0022 37.2479 40.8575 37.1033 37.2486 34.2629 37.1069 34.1212 34.3144 31.9123 34.2806 31.8785 31.9283 29.8616 31.9138 29.8471 34.263 31.8968 34.1651 31.7989 31.8952 29.8643 31.8541 29.8232 40.8761 37.0919 40.6464 36.8621 37.0923 34.1415 36.8686 33.9177 40.6728 36.8457 40.3779 36.5508 36.8467 33.9476 36.5617 33.6626 34.1304 31.8347 33.9786 31.6829 31.8183 29.8563 31.7572 29.7952 33.9287 31.7344 33.7398 31.5455 31.7073 29.8417 31.6353 29.7697 29.8737 27.8912 29.8749 27.8923 27.8977 25.8382 27.9074 25.8479 29.8618 27.9033 29.8662 27.9076 27.9014 25.8522 27.9304 25.8811 25.8402 23.6367 25.8523 23.6489 23.6362 21.2851 23.6471 21.296 25.8517 23.6487 25.887 23.684 23.6491 21.294 23.6804 21.3253 29.8416 27.9284 29.8513 27.938 27.9195 25.889 27.9659 25.9354 29.8182 27.9662 29.8339 27.9819 27.9523 25.9454 28.011 26.0041 25.8862 23.6835 25.9409 23.7382 23.6845 21.3212 23.7319 21.3687 25.9409 23.7368 26.0072 23.8031 23.7381 21.3628 23.7939 21.4186 40.4108 36.5299 40.084 36.203 36.5338 33.7006 36.218 33.3848 40.1239 36.1772 39.8106 35.864 36.1898 33.4267 35.8757 33.1126 33.6791 31.609 33.4732 31.4031 31.5769 29.825 31.5003 29.7483 33.4103 31.4716 33.1997 31.2611 31.4413 29.8057 31.3545 29.7189 39.8642 35.8302 39.6002 35.5662 35.8598 33.1495 35.5559 32.8456 39.7029 35.5011 39.4477 35.2459 35.5743 32.8621 35.2273 32.5151 33.1466 31.3248 32.9187 31.0969 31.3015 29.7717 31.1838 29.654 32.8764 31.1541 32.5929 30.8706 31.1247 29.7098 30.963 29.5481 29.797 28.0139 29.8134 28.0303 27.9971 26.0143 28.0566 26.0739 29.7772 28.0619 29.7794 28.064 28.0435 26.083 28.0875 26.127 26.0084 23.8004 26.0739 23.8659 23.8013 21.4113 23.8549 21.4649 26.0752 23.8624 26.1265 23.9137 23.8617 21.4575 23.904 21.4998 29.7448 28.093 29.7147 28.0629 28.0726 26.1356 28.0905 26.1535 29.6674 28.0985 29.6128 28.0438 28.0641 26.1679 28.0735 26.1773 26.1246 23.9112 26.1578 23.9444 23.9076 21.494 23.9385 21.5249 26.1486 23.9453 26.1818 23.9786 23.9384 21.5206 23.9722 21.5544 21.2836 18.8102 21.292 18.8186 18.8087 16.2441 18.8146 16.2501 21.2946 18.8163 21.3185 18.8402 18.8169 16.2482 18.8338 16.2652 16.2429 13.6134 16.247 13.6176 13.6125 10.9373 13.6154 10.9402 16.2487 13.6163 16.2604 13.628 13.6166 10.9393 13.6247 10.9473 21.3236 18.8358 21.3592 18.8713 18.8382 16.2617 18.8629 16.2865 21.3663 18.8652 21.4069 18.9059 18.8687 16.2818 18.8965 16.3096 16.2635 13.6256 16.2804 13.6425 13.6269 10.9456 13.6384 10.9571 16.2845 13.6392 16.3031 13.6579 13.6412 10.9548 13.6537 10.9674 10.9367 8.229 10.9386 8.23094 8.22853 5.4982 8.22971 5.49938 10.9395 8.23021 10.9449 8.23558 8.23045 5.4988 8.23364 5.50199 5.49797 2.75173 5.49864 2.75239 2.75191 -0.00905628 2.7527 -0.00825969 5.49902 2.75224 5.50068 2.7539 2.75229 -0.00775517 2.75433 -0.00571487 10.9466 8.2342 10.9541 8.24177 8.23505 5.50086 8.23931 5.50512 10.9563 8.23994 10.9644 8.24802 8.2412 5.50352 8.24539 5.50772 5.50145 2.75354 5.50321 2.7553 2.75346 -0.00468504 2.75579 -0.00235331 5.5044 2.75461 5.50519 2.7554 2.75442 -0.000786855 2.75578 0.000579791 21.4149 18.8989 21.453 18.937 18.9026 16.3044 18.9281 16.3299 21.4599 18.9303 21.4899 18.9603 18.9332 16.3252 18.9534 16.3453 16.3073 13.6545 16.3242 13.6714 13.6565 10.965 13.6678 10.9763 16.3276 13.6683 16.3411 13.6819 13.6701 10.9742 13.6793 10.9834 21.4942 18.9552 21.5176 18.9785 18.9566 16.3418 18.9731 16.3582 21.5204 18.9739 21.5468 19.0003 18.9759 16.3548 18.9949 16.3738 16.3432 13.6796 16.3548 13.6912 13.6807 10.9818 13.6891 10.9902 16.3568 13.6889 16.3706 13.7026 13.6905 10.9885 13.7008 10.9989 10.9665 8.24605 10.9738 8.25326 8.24744 5.50581 8.25082 5.50919 10.9755 8.25145 10.9815 8.25746 8.2527 5.50721 8.25543 5.50994 5.50689 2.75419 5.50606 2.75336 2.75388 0.0026643 2.75317 0.00195524 5.50849 2.75128 5.50656 2.74935 2.75085 0.00449945 2.74743 0.00108467 10.9828 8.256 10.9887 8.26189 8.25696 5.50807 8.26026 5.51137 10.9898 8.26046 10.9977 8.26833 8.2616 5.50972 8.26717 5.51529 5.50941 2.74652 5.50868 2.7458 2.74521 0.0039199 2.73823 -0.00305831 5.51076 2.74364 5.51333 2.74621 2.74656 -0.00618646 2.72664 -0.0261111 0 0 0 0 0 0 0 0 0 0 0 0 0 0 0 0 0 0 0 0 0 0 0 0 0 0 0 0 0 0 0 0 0 0 0 0 0 0 0 0 0 0 0 0 0 0 0 0 0 0 0 0 0 0 0 0 0 0 0 0 0 0 0 0 0 0 0 0 0 0 0 0 0 0 0 0 0 0 0 0 0 0 0 0 0 0 0 0 0 0 0 0 0 0 0 0 0 0 0 0 0 0 0 0 0 0 0 0 0 0 0 0 0 0 0 0 0 0 0 0 0 0 0 0 0 0 0 0 0 0 0 0 0 0 0 0 0 0 0 0 0 0 0 0 0 0 0 0 0 0 0 0 0 0 0 0 0 0 0 0 0 0 0 0 0 0 0 0 0 0 0 0 0 0 0 0 0 0 0 0 0 0 0 0 0 0 0 0 0 0 0 0 0 0 0 0 0 0 0 0 0 0 0 0 0 0 0 0 0 0 0 0 0 0 0 0 0 0 0 0 0 0 0 0 0 0 0 0 0 0 0 0 0 0 0 0 0 0 0 0 0 0 0 0 0 0 0 0 0 0 0 0 0 0 0 0 0 0 0 0 0 0 0 0 0 0 0 0 0 0 0 0 0 0 0 0 0 0 0 0 0 0 0 0 0 0 0 0 0 0 0 0 0 0 0 0 0 0 0 0 0 0 0 0 0 0 0 0 0 0 0 0 0 0 0 0 0 0 0 0 0 0 0 0 0 0 0 0 0 0 0 0 0 0 0 0 0 0 0 0 0 0 0 0 0 0 0 0 0 0 0 0 0 0 0 0 0 0 0 0 0 0 0 0 0 0 0 0 0 0 0 0 0 0 0 0 0 0 0 0 0 0 0 0 0 0 0 0 0 0 0 0 0 0 0 0 0 0 0 0 0 0 0 0 0 0 0 0 0 0 0 0 0 0 0 0 0 0 0 0 0 0 0 0 0 0 0 0 0 0 0 0 0 0 0 0 0 0 0 0 0 0 0 0 0 0 0 0 0 0 0 0 0 0 0 0 0 0 0 0 0 0 0 0 0 0 0 0 0 0 0 0 0 0 0 0 0 0 0 0 0 0 0 0 0 0 0 0 0 0 0 0 0 0 0 0 0 0 0 0 0 0 0 0 0 0 0 0 0 0 0 0 0 0 0 0 0 0 0 0 0 0 0 0 0 0 0 0 0 0 0 0 0 0 0 0 0 0 0 0 0 0 0 0 0 0 0 0 0 0 0 0 0 0 0 0 0 0 0 0 0 0 0 0 0 0 0 0 0 0 0 0 0 0 0 0 0 0 0 0 0 0 0 0 0 0 0 0 0 0 0 0 0 0 0 0 0 0 0 0 0 0 0 0 0 0 0 0 0 0 0 0 0 0 0 0 0 0 0 0 0 0 0 0 0 0 0 0 0 0 0 0 0 0 0 0 0 0 0 0 0 0 0 0 0 0 0 0 0 0 0 0 0 0 0 0 0 0 0 0 0 0 0 0 0 0 0 0 0 0 0 0 0 0 0 0 0 0 0 0 0 0 0 0 0 0 0 0 0 0 0 0 0 0 0 0 0 0 0 0 0 0 0 0 0 0 0 0 0 0 0 0 0 0 0 0 0 0 0 0 0 0 0 0 0 0 0 0 0 0 0 0 0 0 0 0 0 0 0 0 0 0 0 0 0 0 0 0 0 0 0 0 0 0 0 0 0 0 0 0 0 0 0 0 0 0 0 0 0 0 0 0 0 0 0 0 0 0 0 0 0 0 0 0 0 0 0 0 0 0 0 0 0 0 0 0 0 0 0 0 0 0 0 0 0 0 0 0 0 0 0 0 0 0 0 0 0 0 0 0 0 0 0 0 0 0 0 0 0 0 0 0 0 0 0 0 0 0 0 0 0 0 0 0 0 0 0 0 0 0 0 0 0 0 0 0 0 0 0 0 0 0 0 0 0 0 0 0 0 0 0 0 0 0 0 0 0 0 0 0 0 0 0 0 0 0 0 0 0 0 0 0 0 0 0 0 0 0 0 0 0 0 0 0 0 0 0 0 0 0 0 0 0 0 0 0 0 0 0 0 0 0 0 0 0 0 0 0 0 0 0 0 0 0 0 0 0 0 0 0 0 0 0 0 0 0 0 0 0 0 0 0 0 0 0 0 0 0 0 0 0 0 0 0 0 0 0 0 0 0 0 0 0 0 0 0 0 0 0 0 0 0 0 0 0 0 0 0 0 0 0 0 0 0 0 0 0 0 0 0 0 0 0 0 0 0 0 0 0 0 0 0 0 0 0 0 0 0 0 0 0 0 0 0 
SCALARS wx_dis double 1
LOOKUP_TABLE default
0.00152547 0.00150384 0.0015289 0.00150746 0.00150384 0.00143585 0.00150746 0.00144058 0.0015289 0.00150746 0.00153915 0.00151819 0.00150746 0.00144058 0.00151819 0.00145444 0.00143585 0.00130663 0.00144058 0.00131424 0.00130663 0.00107961 0.00131424 0.00109219 0.00144058 0.00131424 0.00145444 0.00133676 0.00131424 0.00109219 0.00133676 0.00112967 0.00153915 0.00151819 0.00155614 0.00153562 0.00151819 0.00145444 0.00153562 0.00147652 0.00155614 0.00153562 0.00157985 0.00155912 0.00153562 0.00147652 0.00155912 0.00150519 0.00145444 0.00133676 0.00147652 0.00137312 0.00133676 0.00112967 0.00137312 0.00119126 0.00147652 0.00137312 0.00150519 0.00142152 0.00137312 0.00119126 0.00142152 0.0012756 0.00107961 0.000693446 0.00109219 0.000712536 0.000693446 6.81898e-05 0.000712536 9.41173e-05 0.00109219 0.000712536 0.00112967 0.000769739 0.000712536 9.41173e-05 0.000769739 0.000172182 6.81898e-05 -0.00087895 9.41173e-05 -0.000848099 -0.00087895 -0.00220504 -0.000848099 -0.00217488 9.41173e-05 -0.000848099 0.000172182 -0.000754673 -0.000848099 -0.00217488 -0.000754673 -0.0020827 0.00112967 0.000769739 0.00119126 0.000864827 0.000769739 0.000172182 0.000864827 0.000303193 0.00119126 0.000864827 0.0012756 0.000997339 0.000864827 0.000303193 0.000997339 0.000488359 0.000172182 -0.000754673 0.000303193 -0.00059609 -0.000754673 -0.0020827 -0.00059609 -0.00192339 0.000303193 -0.00059609 0.000488359 -0.000368196 -0.00059609 -0.00192339 -0.000368196 -0.00168849 0.00157985 0.00155912 0.00161053 0.00158791 0.00155912 0.00150519 0.00158791 0.00153793 0.00161053 0.00158791 0.00164881 0.00162131 0.00158791 0.00153793 0.00162131 0.00157106 0.00150519 0.00142152 0.00153793 0.0014793 0.00142152 0.0012756 0.0014793 0.00138068 0.00153793 0.0014793 0.00157106 0.00154281 0.0014793 0.00138068 0.00154281 0.00150378 0.00164881 0.00162131 0.00169392 0.00165899 0.00162131 0.00157106 0.00165899 0.00159926 0.00169392 0.00165899 0.00172103 0.00169567 0.00165899 0.00159926 0.00169567 0.00161561 0.00157106 0.00154281 0.00159926 0.0016073 0.00154281 0.00150378 0.0016073 0.00164141 0.00159926 0.0016073 0.00161561 0.00166681 0.0016073 0.00164141 0.00166681 0.00178921 0.0012756 0.000997339 0.00138068 0.00116646 0.000997339 0.000488359 0.00116646 0.000729088 0.00138068 0.00116646 0.00150378 0.00137087 0.00116646 0.000729088 0.00137087 0.00102668 0.000488359 -0.000368196 0.000729088 -6.55016e-05 -0.000368196 -0.00168849 -6.55016e-05 -0.00136619 0.000729088 -6.55016e-05 0.00102668 0.000318432 -6.55016e-05 -0.00136619 0.000318432 -0.000941508 0.00150378 0.00137087 0.00164141 0.00160853 0.00137087 0.00102668 0.00160853 0.00138191 0.00164141 0.00160853 0.00178921 0.00187653 0.00160853 0.00138191 0.00187653 0.00179467 0.00102668 0.000318432 0.00138191 0.000790428 0.000318432 -0.000941508 0.000790428 -0.000396675 0.00138191 0.000790428 0.00179467 0.00135723 0.000790428 -0.000396675 0.00135723 0.000289094 -0.00220504 -0.00389532 -0.00217488 -0.00387645 -0.00389532 -0.00580284 -0.00387645 -0.00581039 -0.00217488 -0.00387645 -0.0020827 -0.00381738 -0.00387645 -0.00581039 -0.00381738 -0.00583046 -0.00580284 -0.00759705 -0.00581039 -0.00764617 -0.00759705 -0.00876927 -0.00764617 -0.00886596 -0.00581039 -0.00764617 -0.00583046 -0.00779238 -0.00764617 -0.00886596 -0.00779238 -0.00915813 -0.0020827 -0.00381738 -0.00192339 -0.00371053 -0.00381738 -0.00583046 -0.00371053 -0.00585507 -0.00192339 -0.00371053 -0.00168849 -0.00354296 -0.00371053 -0.00585507 -0.00354296 -0.00587009 -0.00583046 -0.00779238 -0.00585507 -0.00803194 -0.00779238 -0.00915813 -0.00803194 -0.00965189 -0.00585507 -0.00803194 -0.00587009 -0.00835753 -0.00803194 -0.00965189 -0.00835753 -0.010357 -0.00876927 -0.00874878 -0.00886596 -0.00887962 -0.00874878 -0.00713701 -0.00887962 -0.00726615 -0.00886596 -0.00887962 -0.00915813 -0.00927804 -0.00887962 -0.00726615 -0.00927804 -0.00766136 -0.00713701 -0.00396881 -0.00726615 -0.00404992 -0.00396881 0.000171942 -0.00404992 0.00017184 -0.00726615 -0.00404992 -0.00766136 -0.00429888 -0.00404992 0.00017184 -0.00429888 0.000171568 -0.00915813 -0.00927804 -0.00965189 -0.00996214 -0.00927804 -0.00766136 -0.00996214 -0.00834683 -0.00965189 -0.00996214 -0.010357 -0.0109631 -0.00996214 -0.00834683 -0.0109631 -0.00936528 -0.00766136 -0.00429888 -0.00834683 -0.0047332 -0.00429888 0.000171568 -0.0047332 0.000171235 -0.00834683 -0.0047332 -0.00936528 -0.00538419 -0.0047332 0.000171235 -0.00538419 0.00017103 -0.00168849 -0.00354296 -0.00136619 -0.00329584 -0.00354296 -0.00587009 -0.00329584 -0.00585386 -0.00136619 -0.00329584 -0.000941508 -0.00294382 -0.00329584 -0.00585386 -0.00294382 -0.00577535 -0.00587009 -0.00835753 -0.00585386 -0.00875651 -0.00835753 -0.010357 -0.00875651 -0.0112859 -0.00585386 -0.00875651 -0.00577535 -0.00920806 -0.00875651 -0.0112859 -0.00920806 -0.0124522 -0.000941508 -0.00294382 -0.000396675 -0.00245431 -0.00294382 -0.00577535 -0.00245431 -0.00559132 -0.000396675 -0.00245431 0.000289094 -0.00178516 -0.00245431 -0.00559132 -0.00178516 -0.00524064 -0.00577535 -0.00920806 -0.00559132 -0.00967893 -0.00920806 -0.0124522 -0.00967893 -0.013868 -0.00559132 -0.00967893 -0.00524064 -0.0101158 -0.00967893 -0.013868 -0.0101158 -0.0155411 -0.010357 -0.0109631 -0.0112859 -0.0123269 -0.0109631 -0.00936528 -0.0123269 -0.0107819 -0.0112859 -0.0123269 -0.0124522 -0.0141164 -0.0123269 -0.0107819 -0.0141164 -0.0126906 -0.00936528 -0.00538419 -0.0107819 -0.00630047 -0.00538419 0.00017103 -0.00630047 0.000171235 -0.0107819 -0.00630047 -0.0126906 -0.0075538 -0.00630047 0.000171235 -0.0075538 0.000172248 -0.0124522 -0.0141164 -0.013868 -0.0164147 -0.0141164 -0.0126906 -0.0164147 -0.0152241 -0.013868 -0.0164147 -0.0155411 -0.0193364 -0.0164147 -0.0152241 -0.0193364 -0.0185774 -0.0126906 -0.0075538 -0.0152241 -0.00924844 -0.0075538 0.000172248 -0.00924844 0.000174608 -0.0152241 -0.00924844 -0.0185774 -0.0115423 -0.00924844 0.000174608 -0.0115423 0.000179009 0.000171942 0.00431424 0.00017184 0.00439493 0.00431424 0.00748963 0.00439493 0.00761779 0.00017184 0.00439493 0.000171568 0.0046427 0.00439493 0.00761779 0.0046427 0.0080101 0.00748963 0.00912095 0.00761779 0.0092501 0.00912095 0.009182 0.0092501 0.00927634 0.00761779 0.0092501 0.0080101 0.00964346 0.0092501 0.00927634 0.00964346 0.00956141 0.000171568 0.0046427 0.000171235 0.00507522 0.0046427 0.0080101 0.00507522 0.00869082 0.000171235 0.00507522 0.00017103 0.0057241 0.00507522 0.00869082 0.0057241 0.00970279 0.0080101 0.00964346 0.00869082 0.0103191 0.00964346 0.00956141 0.0103191 0.0100433 0.00869082 0.0103191 0.00970279 0.0113082 0.0103191 0.0100433 0.0113082 0.0107315 0.009182 0.00807956 0.00927634 0.00812581 0.00807956 0.00639078 0.00812581 0.00639513 0.00927634 0.00812581 0.00956141 0.00826338 0.00812581 0.00639513 0.00826338 0.00640556 0.00639078 0.00462857 0.00639513 0.00460632 0.00462857 0.00312568 0.00460632 0.00309212 0.00639513 0.00460632 0.00640556 0.00453708 0.00460632 0.00309212 0.00453708 0.00298969 0.00956141 0.00826338 0.0100433 0.00848845 0.00826338 0.00640556 0.00848845 0.00641402 0.0100433 0.00848845 0.0107315 0.00879355 0.00848845 0.00641402 0.00879355 0.00640624 0.00640556 0.00453708 0.00641402 0.0044132 0.00453708 0.00298969 0.0044132 0.00281322 0.00641402 0.0044132 0.00640624 0.00422164 0.0044132 0.00281322 0.00422164 0.00255407 0.00017103 0.0057241 0.000171235 0.00663842 0.0057241 0.00970279 0.00663842 0.0111114 0.000171235 0.00663842 0.000172248 0.00789055 0.00663842 0.0111114 0.00789055 0.0130107 0.00970279 0.0113082 0.0111114 0.0126565 0.0113082 0.0107315 0.0126565 0.0116383 0.0111114 0.0126565 0.0130107 0.0144267 0.0126565 0.0116383 0.0144267 0.0127771 0.000172248 0.00789055 0.000174608 0.00958559 0.00789055 0.0130107 0.00958559 0.0155337 0.000174608 0.00958559 0.000179009 0.0118825 0.00958559 0.0155337 0.0118825 0.0188758 0.0130107 0.0144267 0.0155337 0.016702 0.0144267 0.0127771 0.016702 0.0141595 0.0155337 0.016702 0.0188758 0.0195962 0.016702 0.0141595 0.0195962 0.0157925 0.0107315 0.00879355 0.0116383 0.0091658 0.00879355 0.00640624 0.0091658 0.00636042 0.0116383 0.0091658 0.0127771 0.00958409 0.0091658 0.00636042 0.00958409 0.00624529 0.00640624 0.00422164 0.00636042 0.00394341 0.00422164 0.00255407 0.00394341 0.00220026 0.00636042 0.00394341 0.00624529 0.003553 0.00394341 0.00220026 0.003553 0.0017366 0.0127771 0.00958409 0.0141595 0.0100148 0.00958409 0.00624529 0.0100148 0.00601738 0.0141595 0.0100148 0.0157925 0.0104041 0.0100148 0.00601738 0.0104041 0.00561527 0.00624529 0.003553 0.00601738 0.00301763 0.003553 0.0017366 0.00301763 0.00114508 0.00601738 0.00301763 0.00561527 0.00229498 0.00301763 0.00114508 0.00229498 0.000404683 0.00312568 0.0020293 0.00309212 0.00199522 0.0020293 0.00135185 0.00199522 0.00132319 0.00309212 0.00199522 0.00298969 0.00189206 0.00199522 0.00132319 0.00189206 0.00123684 0.00135185 0.00102982 0.00132319 0.00100902 0.00102982 0.000967255 0.00100902 0.000954811 0.00132319 0.00100902 0.00123684 0.00094656 0.00100902 0.000954811 0.00094656 0.00091756 0.00298969 0.00189206 0.00281322 0.00171709 0.00189206 0.00123684 0.00171709 0.00109175 0.00281322 0.00171709 0.00255407 0.00146592 0.00171709 0.00109175 0.00146592 0.000886297 0.00123684 0.00094656 0.00109175 0.000842269 0.00094656 0.00091756 0.000842269 0.000855756 0.00109175 0.000842269 0.000886297 0.000695956 0.000842269 0.000855756 0.000695956 0.000769836 0.000967255 0.00106084 0.000954811 0.00105627 0.00106084 0.00121307 0.00105627 0.00121515 0.000954811 0.00105627 0.00091756 0.00104273 0.00105627 0.00121515 0.00104273 0.00122176 0.00121307 0.00134176 0.00121515 0.00134838 0.00134176 0.00139121 0.00134838 0.00139943 0.00121515 0.00134838 0.00122176 0.00136875 0.00134838 0.00139943 0.00136875 0.00142461 0.00091756 0.00104273 0.000855756 0.00102077 0.00104273 0.00122176 0.00102077 0.0012339 0.000855756 0.00102077 0.000769836 0.000991292 0.00102077 0.0012339 0.000991292 0.00125324 0.00122176 0.00136875 0.0012339 0.00140435 0.00136875 0.00142461 0.00140435 0.00146828 0.0012339 0.00140435 0.00125324 0.00145775 0.00140435 0.00146828 0.00145775 0.00153298 0.00255407 0.00146592 0.00220026 0.00113275 0.00146592 0.000886297 0.00113275 0.000618535 0.00220026 0.00113275 0.0017366 0.000710766 0.00113275 0.000618535 0.000710766 0.000286498 0.000886297 0.000695956 0.000618535 0.000507527 0.000695956 0.000769836 0.000507527 0.000660456 0.000618535 0.000507527 0.000286498 0.000277162 0.000507527 0.000660456 0.000277162 0.000528529 0.0017366 0.000710766 0.00114508 0.00019273 0.000710766 0.000286498 0.00019273 -0.00011136 0.00114508 0.00019273 0.000404683 -0.000428527 0.00019273 -0.00011136 -0.000428527 -0.000575722 0.000286498 0.000277162 -0.00011136 5.53562e-06 0.000277162 0.000528529 5.53562e-06 0.000375263 -0.00011136 5.53562e-06 -0.000575722 -0.000305958 5.53562e-06 0.000375263 -0.000305958 0.000202197 0.000769836 0.000991292 0.000660456 0.000955449 0.000991292 0.00125324 0.000955449 0.00128205 0.000660456 0.000955449 0.000528529 0.000914579 0.000955449 0.00128205 0.000914579 0.0013229 0.00125324 0.00145775 0.00128205 0.00153299 0.00145775 0.00153298 0.00153299 0.00162196 0.00128205 0.00153299 0.0013229 0.00163649 0.00153299 0.00162196 0.00163649 0.00173759 0.000528529 0.000914579 0.000375263 0.000870033 0.000914579 0.0013229 0.000870033 0.00137846 0.000375263 0.000870033 0.000202197 0.000823145 0.000870033 0.00137846 0.000823145 0.00145128 0.0013229 0.00163649 0.00137846 0.0017792 0.00163649 0.00173759 0.0017792 0.00187035 0.00137846 0.0017792 0.00145128 0.00195923 0.0017792 0.00187035 0.00195923 0.001903 0.00172103 0.00169567 0.00559787 0.00282093 0.00169567 0.00161561 0.00282093 0.00202841 0.00559787 0.00282093 0.00590412 0.00301631 0.00282093 0.00202841 0.00301631 0.00227252 0.00161561 0.00166681 0.00202841 0.00182193 0.00166681 0.00178921 0.00182193 0.0017648 0.00202841 0.00182193 0.00227252 0.00194356 0.00182193 0.0017648 0.00194356 0.00174291 0.00590412 0.00301631 0.00554041 0.00337891 0.00301631 0.00227252 0.00337891 0.00251759 0.00554041 0.00337891 0.00524717 0.00364349 0.00337891 0.00251759 0.00364349 0.00271231 0.00227252 0.00194356 0.00251759 0.00205323 0.00194356 0.00174291 0.00205323 0.00172617 0.00251759 0.00205323 0.00271231 0.00214329 0.00205323 0.00172617 0.00214329 0.00171337 0.00178921 0.00187653 0.0017648 0.00168268 0.00187653 0.00179467 0.00168268 0.00142703 0.0017648 0.00168268 0.00174291 0.00151587 0.00168268 0.00142703 0.00151587 0.00111511 0.00179467 0.00135723 0.00142703 0.000817986 0.00135723 0.000289094 0.000817986 -0.000379833 0.00142703 0.000817986 0.00111511 0.000372475 0.000817986 -0.000379833 0.000372475 -0.000908475 0.00174291 0.00151587 0.00172617 0.0013766 0.00151587 0.00111511 0.0013766 0.000857398 0.00172617 0.0013766 0.00171337 0.00126436 0.0013766 0.000857398 0.00126436 0.000651565 0.00111511 0.000372475 0.000857398 1.29402e-05 0.000372475 -0.000908475 1.29402e-05 -0.00131823 0.000857398 1.29402e-05 0.000651565 -0.000268382 1.29402e-05 -0.00131823 -0.000268382 -0.00162747 0.00524717 0.00364349 0.00508722 0.00379658 0.00364349 0.00271231 0.00379658 0.00285341 0.00508722 0.00379658 0.00501379 0.00387906 0.00379658 0.00285341 0.00387906 0.00294677 0.00271231 0.00214329 0.00285341 0.00221218 0.00214329 0.00171337 0.00221218 0.00170382 0.00285341 0.00221218 0.00294677 0.00226021 0.00221218 0.00170382 0.00226021 0.00169714 0.00501379 0.00387906 0.00498515 0.00391967 0.00387906 0.00294677 0.00391967 0.00299937 0.00498515 0.00391967 0.00497802 0.00393196 0.00391967 0.00299937 0.00393196 0.0030163 0.00294677 0.00226021 0.00299937 0.00228839 0.00226021 0.00169714 0.00228839 0.00169316 0.00299937 0.00228839 0.0030163 0.00229766 0.00228839 0.00169316 0.00229766 0.00169183 0.00171337 0.00126436 0.00170382 0.0011783 0.00126436 0.000651565 0.0011783 0.000494986 0.00170382 0.0011783 0.00169714 0.00111757 0.0011783 0.000494986 0.00111757 0.000385182 0.000651565 -0.000268382 0.000494986 -0.000478748 -0.000268382 -0.00162747 -0.000478748 -0.00185164 0.000494986 -0.000478748 0.000385182 -0.000624314 -0.000478748 -0.00185164 -0.000624314 -0.00200297 0.00169714 0.00111757 0.00169316 0.00108146 0.00111757 0.000385182 0.00108146 0.000320158 0.00169316 0.00108146 0.00169183 0.00106948 0.00108146 0.000320158 0.00106948 0.000298631 0.000385182 -0.000624314 0.000320158 -0.000709729 -0.000624314 -0.00200297 -0.000709729 -0.00209025 0.000320158 -0.000709729 0.000298631 -0.000737876 -0.000709729 -0.00209025 -0.000737876 -0.00211876 0.000289094 -0.00178516 -0.000379833 -0.00244403 -0.00178516 -0.00524064 -0.00244403 -0.00558507 -0.000379833 -0.00244403 -0.000908475 -0.00292366 -0.00244403 -0.00558507 -0.00292366 -0.00576309 -0.00524064 -0.0101158 -0.00558507 -0.00967517 -0.0101158 -0.0155411 -0.00967517 -0.0138658 -0.00558507 -0.00967517 -0.00576309 -0.00920069 -0.00967517 -0.0138658 -0.00920069 -0.0124479 -0.000908475 -0.00292366 -0.00131823 -0.00326656 -0.00292366 -0.00576309 -0.00326656 -0.00583607 -0.00131823 -0.00326656 -0.00162747 -0.0035057 -0.00326656 -0.00583607 -0.0035057 -0.00584743 -0.00576309 -0.00920069 -0.00583607 -0.00874581 -0.00920069 -0.0124479 -0.00874581 -0.0112796 -0.00583607 -0.00874581 -0.00584743 -0.00834392 -0.00874581 -0.0112796 -0.00834392 -0.010349 -0.0155411 -0.0193364 -0.0138658 -0.0164136 -0.0193364 -0.0185774 -0.0164136 -0.0152237 -0.0138658 -0.0164136 -0.0124479 -0.0141141 -0.0164136 -0.0152237 -0.0141141 -0.0126898 -0.0185774 -0.0115423 -0.0152237 -0.00924869 -0.0115423 0.000179009 -0.00924869 0.000173653 -0.0152237 -0.00924869 -0.0126898 -0.00755428 -0.00924869 0.000173653 -0.00755428 0.000170376 -0.0124479 -0.0141141 -0.0112796 -0.0123236 -0.0141141 -0.0126898 -0.0123236 -0.0107807 -0.0112796 -0.0123236 -0.010349 -0.0109589 -0.0123236 -0.0107807 -0.0109589 -0.00936381 -0.0126898 -0.00755428 -0.0107807 -0.00630117 -0.00755428 0.000170376 -0.00630117 0.000168517 -0.0107807 -0.00630117 -0.00936381 -0.00538507 -0.00630117 0.000168517 -0.00538507 0.00016757 -0.00162747 -0.0035057 -0.00185164 -0.00366672 -0.0035057 -0.00584743 -0.00366672 -0.00582844 -0.00185164 -0.00366672 -0.00200297 -0.0037687 -0.00366672 -0.00582844 -0.0037687 -0.00580086 -0.00584743 -0.00834392 -0.00582844 -0.00801593 -0.00834392 -0.010349 -0.00801593 -0.00964257 -0.00582844 -0.00801593 -0.00580086 -0.00777459 -0.00801593 -0.00964257 -0.00777459 -0.00914778 -0.00200297 -0.0037687 -0.00209025 -0.00382478 -0.0037687 -0.00580086 -0.00382478 -0.00577897 -0.00209025 -0.00382478 -0.00211876 -0.00384263 -0.00382478 -0.00577897 -0.00384263 -0.00577081 -0.00580086 -0.00777459 -0.00577897 -0.00762728 -0.00777459 -0.00914778 -0.00762728 -0.00885497 -0.00577897 -0.00762728 -0.00577081 -0.00757779 -0.00762728 -0.00885497 -0.00757779 -0.00875806 -0.010349 -0.0109589 -0.00964257 -0.00995722 -0.0109589 -0.00936381 -0.00995722 -0.00834511 -0.00964257 -0.00995722 -0.00914778 -0.00927258 -0.00995722 -0.00834511 -0.00927258 -0.00765945 -0.00936381 -0.00538507 -0.00834511 -0.00473425 -0.00538507 0.00016757 -0.00473425 0.000167166 -0.00834511 -0.00473425 -0.00765945 -0.00430004 -0.00473425 0.000167166 -0.00430004 0.000167047 -0.00914778 -0.00927258 -0.00885497 -0.00887382 -0.00927258 -0.00765945 -0.00887382 -0.00726411 -0.00885497 -0.00887382 -0.00875806 -0.00874287 -0.00887382 -0.00726411 -0.00874287 -0.00713494 -0.00765945 -0.00430004 -0.00726411 -0.00405115 -0.00430004 0.000167047 -0.00405115 0.000167041 -0.00726411 -0.00405115 -0.00713494 -0.00397006 -0.00405115 0.000167041 -0.00397006 0.00016705 0.000179009 0.0118825 0.000173653 0.00958369 0.0118825 0.0188758 0.00958369 0.0155304 0.000173653 0.00958369 0.000170376 0.00788683 0.00958369 0.0155304 0.00788683 0.0130042 0.0188758 0.0195962 0.0155304 0.0166964 0.0195962 0.0157925 0.0166964 0.0141503 0.0155304 0.0166964 0.0130042 0.0144159 0.0166964 0.0141503 0.0144159 0.0127592 0.000170376 0.00788683 0.000168517 0.00663301 0.00788683 0.0130042 0.00663301 0.0111019 0.000168517 0.00663301 0.00016757 0.00571722 0.00663301 0.0111019 0.00571722 0.00969079 0.0130042 0.0144159 0.0111019 0.0126407 0.0144159 0.0127592 0.0126407 0.0116124 0.0111019 0.0126407 0.00969079 0.0112881 0.0126407 0.0116124 0.0112881 0.0106984 0.0157925 0.0104041 0.0141503 0.00999984 0.0104041 0.00561527 0.00999984 0.00599292 0.0141503 0.00999984 0.0127592 0.00955477 0.00999984 0.00599292 0.00955477 0.00619733 0.00561527 0.00229498 0.00599292 0.00297766 0.00229498 0.000404683 0.00297766 0.00107972 0.00599292 0.00297766 0.00619733 0.00347459 0.00297766 0.00107972 0.00347459 0.00160841 0.0127592 0.00955477 0.0116124 0.00912323 0.00955477 0.00619733 0.00912323 0.00629079 0.0116124 0.00912323 0.0106984 0.00873937 0.00912323 0.00629079 0.00873937 0.00631762 0.00619733 0.00347459 0.00629079 0.00382959 0.00347459 0.00160841 0.00382959 0.0020142 0.00629079 0.00382959 0.00631762 0.00407678 0.00382959 0.0020142 0.00407678 0.00231733 0.00016757 0.00571722 0.000167166 0.00506713 0.00571722 0.00969079 0.00506713 0.00867672 0.000167166 0.00506713 0.000167047 0.00463371 0.00506713 0.00867672 0.00463371 0.00799443 0.00969079 0.0112881 0.00867672 0.0102955 0.0112881 0.0106984 0.0102955 0.0100044 0.00867672 0.0102955 0.00799443 0.00961725 0.0102955 0.0100044 0.00961725 0.00951822 0.000167047 0.00463371 0.000167041 0.00438538 0.00463371 0.00799443 0.00438538 0.00760115 0.000167041 0.00438538 0.00016705 0.0043045 0.00438538 0.00760115 0.0043045 0.00747266 0.00799443 0.00961725 0.00760115 0.00922228 0.00961725 0.00951822 0.00922228 0.00923049 0.00760115 0.00922228 0.00747266 0.00909258 0.00922228 0.00923049 0.00909258 0.00913525 0.0106984 0.00873937 0.0100044 0.00842474 0.00873937 0.00631762 0.00842474 0.00630982 0.0100044 0.00842474 0.00951822 0.0081926 0.00842474 0.00630982 0.0081926 0.00628978 0.00631762 0.00407678 0.00630982 0.00424289 0.00407678 0.00231733 0.00424289 0.00253491 0.00630982 0.00424289 0.00628978 0.00434785 0.00424289 0.00253491 0.00434785 0.00268052 0.00951822 0.0081926 0.00923049 0.00805067 0.0081926 0.00628978 0.00805067 0.00627222 0.00923049 0.00805067 0.00913525 0.00800295 0.00805067 0.00627222 0.00800295 0.00626547 0.00628978 0.00434785 0.00627222 0.00440545 0.00434785 0.00268052 0.00440545 0.00276395 0.00627222 0.00440545 0.00626547 0.00442376 0.00440545 0.00276395 0.00442376 0.00279111 0.000404683 -0.000428527 0.00107972 8.58023e-05 -0.000428527 -0.000575722 8.58023e-05 -0.000286643 0.00107972 8.58023e-05 0.00160841 0.00050106 8.58023e-05 -0.000286643 0.00050106 -5.73035e-05 -0.000575722 -0.000305958 -0.000286643 -0.000282943 -0.000305958 0.000202197 -0.000282943 -0.000102083 -0.000286643 -0.000282943 -5.73035e-05 -0.000289652 -0.000282943 -0.000102083 -0.000289652 -0.00041983 0.00160841 0.00050106 0.0020142 0.00082847 0.00050106 -5.73035e-05 0.00082847 0.000120106 0.0020142 0.00082847 0.00231733 0.00107891 0.00082847 0.000120106 0.00107891 0.000253076 -5.73035e-05 -0.000289652 0.000120106 -0.000312434 -0.000289652 -0.00041983 -0.000312434 -0.000703645 0.000120106 -0.000312434 0.000253076 -0.000342602 -0.000312434 -0.000703645 -0.000342602 -0.000944025 0.000202197 0.000823145 -0.000102083 8.36839e-05 0.000823145 0.00145128 8.36839e-05 0.000155876 -0.000102083 8.36839e-05 -0.00041983 -0.000734664 8.36839e-05 0.000155876 -0.000734664 -0.00183754 0.00145128 0.00195923 0.000155876 -0.000282542 0.00195923 0.001903 -0.000282542 -0.0228623 0.000155876 -0.000282542 -0.00183754 -0.00569816 -0.000282542 -0.0228623 -0.00569816 -0.0166011 -0.00041983 -0.000734664 -0.000703645 -0.00137902 -0.000734664 -0.00183754 -0.00137902 -0.00298234 -0.000703645 -0.00137902 -0.000944025 -0.00187853 -0.00137902 -0.00298234 -0.00187853 -0.00368829 -0.00183754 -0.00569816 -0.00298234 -0.00712292 -0.00569816 -0.0166011 -0.00712292 -0.0123539 -0.00298234 -0.00712292 -0.00368829 -0.00718595 -0.00712292 -0.0123539 -0.00718595 -0.0102873 0.00231733 0.00107891 0.00253491 0.00126233 0.00107891 0.000253076 0.00126233 0.000348528 0.00253491 0.00126233 0.00268052 0.00138706 0.00126233 0.000348528 0.00138706 0.000412304 0.000253076 -0.000342602 0.000348528 -0.000373004 -0.000342602 -0.000944025 -0.000373004 -0.00113376 0.000348528 -0.000373004 0.000412304 -0.000398249 -0.000373004 -0.00113376 -0.000398249 -0.00126952 0.00268052 0.00138706 0.00276395 0.00145932 0.00138706 0.000412304 0.00145932 0.000448774 0.00276395 0.00145932 0.00279111 0.00148298 0.00145932 0.000448774 0.00148298 0.000460629 0.000412304 -0.000398249 0.000448774 -0.000414737 -0.000398249 -0.00126952 -0.000414737 -0.00135068 0.000448774 -0.000414737 0.000460629 -0.000420447 -0.000414737 -0.00135068 -0.000420447 -0.00137763 -0.000944025 -0.00187853 -0.00113376 -0.00224242 -0.00187853 -0.00368829 -0.00224242 -0.00410667 -0.00113376 -0.00224242 -0.00126952 -0.0024857 -0.00224242 -0.00410667 -0.0024857 -0.00433858 -0.00368829 -0.00718595 -0.00410667 -0.0069827 -0.00718595 -0.0102873 -0.0069827 -0.0092615 -0.00410667 -0.0069827 -0.00433858 -0.00679886 -0.0069827 -0.0092615 -0.00679886 -0.0087292 -0.00126952 -0.0024857 -0.00135068 -0.00262408 -0.0024857 -0.00433858 -0.00262408 -0.00445286 -0.00135068 -0.00262408 -0.00137763 -0.00266885 -0.00262408 -0.00445286 -0.00266885 -0.00448707 -0.00433858 -0.00679886 -0.00445286 -0.00668755 -0.00679886 -0.0087292 -0.00668755 -0.00846731 -0.00445286 -0.00668755 -0.00448707 -0.00665113 -0.00668755 -0.00846731 -0.00665113 -0.00838791 0.00497802 0.00393196 0.00498515 0.00391967 0.00393196 0.0030163 0.00391967 0.00299937 0.00498515 0.00391967 0.00501379 0.00387906 0.00391967 0.00299937 0.00387906 0.00294677 0.0030163 0.00229766 0.00299937 0.00228839 0.00229766 0.00169183 0.00228839 0.00169316 0.00299937 0.00228839 0.00294677 0.00226021 0.00228839 0.00169316 0.00226021 0.00169714 0.00501379 0.00387906 0.00508722 0.00379658 0.00387906 0.00294677 0.00379658 0.00285341 0.00508722 0.00379658 0.00524717 0.00364349 0.00379658 0.00285341 0.00364349 0.00271231 0.00294677 0.00226021 0.00285341 0.00221218 0.00226021 0.00169714 0.00221218 0.00170382 0.00285341 0.00221218 0.00271231 0.00214329 0.00221218 0.00170382 0.00214329 0.00171337 0.00169183 0.00106948 0.00169316 0.00108146 0.00106948 0.000298631 0.00108146 0.000320158 0.00169316 0.00108146 0.00169714 0.00111757 0.00108146 0.000320158 0.00111757 0.000385182 0.000298631 -0.000737876 0.000320158 -0.000709729 -0.000737876 -0.00211876 -0.000709729 -0.00209025 0.000320158 -0.000709729 0.000385182 -0.000624314 -0.000709729 -0.00209025 -0.000624314 -0.00200297 0.00169714 0.00111757 0.00170382 0.0011783 0.00111757 0.000385182 0.0011783 0.000494986 0.00170382 0.0011783 0.00171337 0.00126436 0.0011783 0.000494986 0.00126436 0.000651565 0.000385182 -0.000624314 0.000494986 -0.000478748 -0.000624314 -0.00200297 -0.000478748 -0.00185164 0.000494986 -0.000478748 0.000651565 -0.000268382 -0.000478748 -0.00185164 -0.000268382 -0.00162747 0.00524717 0.00364349 0.00554041 0.00337891 0.00364349 0.00271231 0.00337891 0.00251759 0.00554041 0.00337891 0.00590412 0.00301631 0.00337891 0.00251759 0.00301631 0.00227252 0.00271231 0.00214329 0.00251759 0.00205323 0.00214329 0.00171337 0.00205323 0.00172617 0.00251759 0.00205323 0.00227252 0.00194356 0.00205323 0.00172617 0.00194356 0.00174291 0.00590412 0.00301631 0.00559787 0.00282093 0.00301631 0.00227252 0.00282093 0.00202841 0.00559787 0.00282093 0.00172103 0.00169567 0.00282093 0.00202841 0.00169567 0.00161561 0.00227252 0.00194356 0.00202841 0.00182193 0.00194356 0.00174291 0.00182193 0.0017648 0.00202841 0.00182193 0.00161561 0.00166681 0.00182193 0.0017648 0.00166681 0.00178921 0.00171337 0.00126436 0.00172617 0.0013766 0.00126436 0.000651565 0.0013766 0.000857398 0.00172617 0.0013766 0.00174291 0.00151587 0.0013766 0.000857398 0.00151587 0.00111511 0.000651565 -0.000268382 0.000857398 1.29402e-05 -0.000268382 -0.00162747 1.29402e-05 -0.00131823 0.000857398 1.29402e-05 0.00111511 0.000372475 1.29402e-05 -0.00131823 0.000372475 -0.000908475 0.00174291 0.00151587 0.0017648 0.00168268 0.00151587 0.00111511 0.00168268 0.00142703 0.0017648 0.00168268 0.00178921 0.00187653 0.00168268 0.00142703 0.00187653 0.00179467 0.00111511 0.000372475 0.00142703 0.000817986 0.000372475 -0.000908475 0.000817986 -0.000379833 0.00142703 0.000817986 0.00179467 0.00135723 0.000817986 -0.000379833 0.00135723 0.000289094 -0.00211876 -0.00384263 -0.00209025 -0.00382478 -0.00384263 -0.00577081 -0.00382478 -0.00577897 -0.00209025 -0.00382478 -0.00200297 -0.0037687 -0.00382478 -0.00577897 -0.0037687 -0.00580086 -0.00577081 -0.00757779 -0.00577897 -0.00762728 -0.00757779 -0.00875806 -0.00762728 -0.00885497 -0.00577897 -0.00762728 -0.00580086 -0.00777459 -0.00762728 -0.00885497 -0.00777459 -0.00914778 -0.00200297 -0.0037687 -0.00185164 -0.00366672 -0.0037687 -0.00580086 -0.00366672 -0.00582844 -0.00185164 -0.00366672 -0.00162747 -0.0035057 -0.00366672 -0.00582844 -0.0035057 -0.00584743 -0.00580086 -0.00777459 -0.00582844 -0.00801593 -0.00777459 -0.00914778 -0.00801593 -0.00964257 -0.00582844 -0.00801593 -0.00584743 -0.00834392 -0.00801593 -0.00964257 -0.00834392 -0.010349 -0.00875806 -0.00874287 -0.00885497 -0.00887382 -0.00874287 -0.00713494 -0.00887382 -0.00726411 -0.00885497 -0.00887382 -0.00914778 -0.00927258 -0.00887382 -0.00726411 -0.00927258 -0.00765945 -0.00713494 -0.00397006 -0.00726411 -0.00405115 -0.00397006 0.00016705 -0.00405115 0.000167041 -0.00726411 -0.00405115 -0.00765945 -0.00430004 -0.00405115 0.000167041 -0.00430004 0.000167047 -0.00914778 -0.00927258 -0.00964257 -0.00995722 -0.00927258 -0.00765945 -0.00995722 -0.00834511 -0.00964257 -0.00995722 -0.010349 -0.0109589 -0.00995722 -0.00834511 -0.0109589 -0.00936381 -0.00765945 -0.00430004 -0.00834511 -0.00473425 -0.00430004 0.000167047 -0.00473425 0.000167166 -0.00834511 -0.00473425 -0.00936381 -0.00538507 -0.00473425 0.000167166 -0.00538507 0.00016757 -0.00162747 -0.0035057 -0.00131823 -0.00326656 -0.0035057 -0.00584743 -0.00326656 -0.00583607 -0.00131823 -0.00326656 -0.000908475 -0.00292366 -0.00326656 -0.00583607 -0.00292366 -0.00576309 -0.00584743 -0.00834392 -0.00583607 -0.00874581 -0.00834392 -0.010349 -0.00874581 -0.0112796 -0.00583607 -0.00874581 -0.00576309 -0.00920069 -0.00874581 -0.0112796 -0.00920069 -0.0124479 -0.000908475 -0.00292366 -0.000379833 -0.00244403 -0.00292366 -0.00576309 -0.00244403 -0.00558507 -0.000379833 -0.00244403 0.000289094 -0.00178516 -0.00244403 -0.00558507 -0.00178516 -0.00524064 -0.00576309 -0.00920069 -0.00558507 -0.00967517 -0.00920069 -0.0124479 -0.00967517 -0.0138658 -0.00558507 -0.00967517 -0.00524064 -0.0101158 -0.00967517 -0.0138658 -0.0101158 -0.0155411 -0.010349 -0.0109589 -0.0112796 -0.0123236 -0.0109589 -0.00936381 -0.0123236 -0.0107807 -0.0112796 -0.0123236 -0.0124479 -0.0141141 -0.0123236 -0.0107807 -0.0141141 -0.0126898 -0.00936381 -0.00538507 -0.0107807 -0.00630117 -0.00538507 0.00016757 -0.00630117 0.000168517 -0.0107807 -0.00630117 -0.0126898 -0.00755428 -0.00630117 0.000168517 -0.00755428 0.000170376 -0.0124479 -0.0141141 -0.0138658 -0.0164136 -0.0141141 -0.0126898 -0.0164136 -0.0152237 -0.0138658 -0.0164136 -0.0155411 -0.0193364 -0.0164136 -0.0152237 -0.0193364 -0.0185774 -0.0126898 -0.00755428 -0.0152237 -0.00924869 -0.00755428 0.000170376 -0.00924869 0.000173653 -0.0152237 -0.00924869 -0.0185774 -0.0115423 -0.00924869 0.000173653 -0.0115423 0.000179009 0.00016705 0.0043045 0.000167041 0.00438538 0.0043045 0.00747266 0.00438538 0.00760115 0.000167041 0.00438538 0.000167047 0.00463371 0.00438538 0.00760115 0.00463371 0.00799443 0.00747266 0.00909258 0.00760115 0.00922228 0.00909258 0.00913525 0.00922228 0.00923049 0.00760115 0.00922228 0.00799443 0.00961725 0.00922228 0.00923049 0.00961725 0.00951822 0.000167047 0.00463371 0.000167166 0.00506713 0.00463371 0.00799443 0.00506713 0.00867672 0.000167166 0.00506713 0.00016757 0.00571722 0.00506713 0.00867672 0.00571722 0.00969079 0.00799443 0.00961725 0.00867672 0.0102955 0.00961725 0.00951822 0.0102955 0.0100044 0.00867672 0.0102955 0.00969079 0.0112881 0.0102955 0.0100044 0.0112881 0.0106984 0.00913525 0.00800295 0.00923049 0.00805067 0.00800295 0.00626547 0.00805067 0.00627222 0.00923049 0.00805067 0.00951822 0.0081926 0.00805067 0.00627222 0.0081926 0.00628978 0.00626547 0.00442376 0.00627222 0.00440545 0.00442376 0.00279111 0.00440545 0.00276395 0.00627222 0.00440545 0.00628978 0.00434785 0.00440545 0.00276395 0.00434785 0.00268052 0.00951822 0.0081926 0.0100044 0.00842474 0.0081926 0.00628978 0.00842474 0.00630982 0.0100044 0.00842474 0.0106984 0.00873937 0.00842474 0.00630982 0.00873937 0.00631762 0.00628978 0.00434785 0.00630982 0.00424289 0.00434785 0.00268052 0.00424289 0.00253491 0.00630982 0.00424289 0.00631762 0.00407678 0.00424289 0.00253491 0.00407678 0.00231733 0.00016757 0.00571722 0.000168517 0.00663301 0.00571722 0.00969079 0.00663301 0.0111019 0.000168517 0.00663301 0.000170376 0.00788683 0.00663301 0.0111019 0.00788683 0.0130042 0.00969079 0.0112881 0.0111019 0.0126407 0.0112881 0.0106984 0.0126407 0.0116124 0.0111019 0.0126407 0.0130042 0.0144159 0.0126407 0.0116124 0.0144159 0.0127592 0.000170376 0.00788683 0.000173653 0.00958369 0.00788683 0.0130042 0.00958369 0.0155304 0.000173653 0.00958369 0.000179009 0.0118825 0.00958369 0.0155304 0.0118825 0.0188758 0.0130042 0.0144159 0.0155304 0.0166964 0.0144159 0.0127592 0.0166964 0.0141503 0.0155304 0.0166964 0.0188758 0.0195962 0.0166964 0.0141503 0.0195962 0.0157925 0.0106984 0.00873937 0.0116124 0.00912323 0.00873937 0.00631762 0.00912323 0.00629079 0.0116124 0.00912323 0.0127592 0.00955477 0.00912323 0.00629079 0.00955477 0.00619733 0.00631762 0.00407678 0.00629079 0.00382959 0.00407678 0.00231733 0.00382959 0.0020142 0.00629079 0.00382959 0.00619733 0.00347459 0.00382959 0.0020142 0.00347459 0.00160841 0.0127592 0.00955477 0.0141503 0.00999984 0.00955477 0.00619733 0.00999984 0.00599292 0.0141503 0.00999984 0.0157925 0.0104041 0.00999984 0.00599292 0.0104041 0.00561527 0.00619733 0.00347459 0.00599292 0.00297766 0.00347459 0.00160841 0.00297766 0.00107972 0.00599292 0.00297766 0.00561527 0.00229498 0.00297766 0.00107972 0.00229498 0.000404683 0.00279111 0.00148298 0.00276395 0.00145932 0.00148298 0.000460629 0.00145932 0.000448774 0.00276395 0.00145932 0.00268052 0.00138706 0.00145932 0.000448774 0.00138706 0.000412304 0.000460629 -0.000420447 0.000448774 -0.000414737 -0.000420447 -0.00137763 -0.000414737 -0.00135068 0.000448774 -0.000414737 0.000412304 -0.000398249 -0.000414737 -0.00135068 -0.000398249 -0.00126952 0.00268052 0.00138706 0.00253491 0.00126233 0.00138706 0.000412304 0.00126233 0.000348528 0.00253491 0.00126233 0.00231733 0.00107891 0.00126233 0.000348528 0.00107891 0.000253076 0.000412304 -0.000398249 0.000348528 -0.000373004 -0.000398249 -0.00126952 -0.000373004 -0.00113376 0.000348528 -0.000373004 0.000253076 -0.000342602 -0.000373004 -0.00113376 -0.000342602 -0.000944025 -0.00137763 -0.00266885 -0.00135068 -0.00262408 -0.00266885 -0.00448707 -0.00262408 -0.00445286 -0.00135068 -0.00262408 -0.00126952 -0.0024857 -0.00262408 -0.00445286 -0.0024857 -0.00433858 -0.00448707 -0.00665113 -0.00445286 -0.00668755 -0.00665113 -0.00838791 -0.00668755 -0.00846731 -0.00445286 -0.00668755 -0.00433858 -0.00679886 -0.00668755 -0.00846731 -0.00679886 -0.0087292 -0.00126952 -0.0024857 -0.00113376 -0.00224242 -0.0024857 -0.00433858 -0.00224242 -0.00410667 -0.00113376 -0.00224242 -0.000944025 -0.00187853 -0.00224242 -0.00410667 -0.00187853 -0.00368829 -0.00433858 -0.00679886 -0.00410667 -0.0069827 -0.00679886 -0.0087292 -0.0069827 -0.0092615 -0.00410667 -0.0069827 -0.00368829 -0.00718595 -0.0069827 -0.0092615 -0.00718595 -0.0102873 0.00231733 0.00107891 0.0020142 0.00082847 0.00107891 0.000253076 0.00082847 0.000120106 0.0020142 0.00082847 0.00160841 0.00050106 0.00082847 0.000120106 0.00050106 -5.73035e-05 0.000253076 -0.000342602 0.000120106 -0.000312434 -0.000342602 -0.000944025 -0.000312434 -0.000703645 0.000120106 -0.000312434 -5.73035e-05 -0.000289652 -0.000312434 -0.000703645 -0.000289652 -0.00041983 0.00160841 0.00050106 0.00107972 8.58023e-05 0.00050106 -5.73035e-05 8.58023e-05 -0.000286643 0.00107972 8.58023e-05 0.000404683 -0.000428527 8.58023e-05 -0.000286643 -0.000428527 -0.000575722 -5.73035e-05 -0.000289652 -0.000286643 -0.000282943 -0.000289652 -0.00041983 -0.000282943 -0.000102083 -0.000286643 -0.000282943 -0.000575722 -0.000305958 -0.000282943 -0.000102083 -0.000305958 0.000202197 -0.000944025 -0.00187853 -0.000703645 -0.00137902 -0.00187853 -0.00368829 -0.00137902 -0.00298234 -0.000703645 -0.00137902 -0.00041983 -0.000734664 -0.00137902 -0.00298234 -0.000734664 -0.00183754 -0.00368829 -0.00718595 -0.00298234 -0.00712292 -0.00718595 -0.0102873 -0.00712292 -0.0123539 -0.00298234 -0.00712292 -0.00183754 -0.00569816 -0.00712292 -0.0123539 -0.00569816 -0.0166011 -0.00041983 -0.000734664 -0.000102083 8.36839e-05 -0.000734664 -0.00183754 8.36839e-05 0.000155876 -0.000102083 8.36839e-05 0.000202197 0.000823145 8.36839e-05 0.000155876 0.000823145 0.00145128 -0.00183754 -0.00569816 0.000155876 -0.000282542 -0.00569816 -0.0166011 -0.000282542 -0.0228623 0.000155876 -0.000282542 0.00145128 0.00195923 -0.000282542 -0.0228623 0.00195923 0.001903 0.00172103 0.00169567 0.00169392 0.00165899 0.00169567 0.00161561 0.00165899 0.00159926 0.00169392 0.00165899 0.00164881 0.00162131 0.00165899 0.00159926 0.00162131 0.00157106 0.00161561 0.00166681 0.00159926 0.0016073 0.00166681 0.00178921 0.0016073 0.00164141 0.00159926 0.0016073 0.00157106 0.00154281 0.0016073 0.00164141 0.00154281 0.00150378 0.00164881 0.00162131 0.00161053 0.00158791 0.00162131 0.00157106 0.00158791 0.00153793 0.00161053 0.00158791 0.00157985 0.00155912 0.00158791 0.00153793 0.00155912 0.00150519 0.00157106 0.00154281 0.00153793 0.0014793 0.00154281 0.00150378 0.0014793 0.00138068 0.00153793 0.0014793 0.00150519 0.00142152 0.0014793 0.00138068 0.00142152 0.0012756 0.00178921 0.00187653 0.00164141 0.00160853 0.00187653 0.00179467 0.00160853 0.00138191 0.00164141 0.00160853 0.00150378 0.00137087 0.00160853 0.00138191 0.00137087 0.00102668 0.00179467 0.00135723 0.00138191 0.000790428 0.00135723 0.000289094 0.000790428 -0.000396675 0.00138191 0.000790428 0.00102668 0.000318432 0.000790428 -0.000396675 0.000318432 -0.000941508 0.00150378 0.00137087 0.00138068 0.00116646 0.00137087 0.00102668 0.00116646 0.000729088 0.00138068 0.00116646 0.0012756 0.000997339 0.00116646 0.000729088 0.000997339 0.000488359 0.00102668 0.000318432 0.000729088 -6.55016e-05 0.000318432 -0.000941508 -6.55016e-05 -0.00136619 0.000729088 -6.55016e-05 0.000488359 -0.000368196 -6.55016e-05 -0.00136619 -0.000368196 -0.00168849 0.00157985 0.00155912 0.00155614 0.00153562 0.00155912 0.00150519 0.00153562 0.00147652 0.00155614 0.00153562 0.00153915 0.00151819 0.00153562 0.00147652 0.00151819 0.00145444 0.00150519 0.00142152 0.00147652 0.00137312 0.00142152 0.0012756 0.00137312 0.00119126 0.00147652 0.00137312 0.00145444 0.00133676 0.00137312 0.00119126 0.00133676 0.00112967 0.00153915 0.00151819 0.0015289 0.00150746 0.00151819 0.00145444 0.00150746 0.00144058 0.0015289 0.00150746 0.00152547 0.00150384 0.00150746 0.00144058 0.00150384 0.00143585 0.00145444 0.00133676 0.00144058 0.00131424 0.00133676 0.00112967 0.00131424 0.00109219 0.00144058 0.00131424 0.00143585 0.00130663 0.00131424 0.00109219 0.00130663 0.00107961 0.0012756 0.000997339 0.00119126 0.000864827 0.000997339 0.000488359 0.000864827 0.000303193 0.00119126 0.000864827 0.00112967 0.000769739 0.000864827 0.000303193 0.000769739 0.000172182 0.000488359 -0.000368196 0.000303193 -0.00059609 -0.000368196 -0.00168849 -0.00059609 -0.00192339 0.000303193 -0.00059609 0.000172182 -0.000754673 -0.00059609 -0.00192339 -0.000754673 -0.0020827 0.00112967 0.000769739 0.00109219 0.000712536 0.000769739 0.000172182 0.000712536 9.41173e-05 0.00109219 0.000712536 0.00107961 0.000693446 0.000712536 9.41173e-05 0.000693446 6.81898e-05 0.000172182 -0.000754673 9.41173e-05 -0.000848099 -0.000754673 -0.0020827 -0.000848099 -0.00217488 9.41173e-05 -0.000848099 6.81898e-05 -0.00087895 -0.000848099 -0.00217488 -0.00087895 -0.00220504 0.000289094 -0.00178516 -0.000396675 -0.00245431 -0.00178516 -0.00524064 -0.00245431 -0.00559132 -0.000396675 -0.00245431 -0.000941508 -0.00294382 -0.00245431 -0.00559132 -0.00294382 -0.00577535 -0.00524064 -0.0101158 -0.00559132 -0.00967893 -0.0101158 -0.0155411 -0.00967893 -0.013868 -0.00559132 -0.00967893 -0.00577535 -0.00920806 -0.00967893 -0.013868 -0.00920806 -0.0124522 -0.000941508 -0.00294382 -0.00136619 -0.00329584 -0.00294382 -0.00577535 -0.00329584 -0.00585386 -0.00136619 -0.00329584 -0.00168849 -0.00354296 -0.00329584 -0.00585386 -0.00354296 -0.00587009 -0.00577535 -0.00920806 -0.00585386 -0.00875651 -0.00920806 -0.0124522 -0.00875651 -0.0112859 -0.00585386 -0.00875651 -0.00587009 -0.00835753 -0.00875651 -0.0112859 -0.00835753 -0.010357 -0.0155411 -0.0193364 -0.013868 -0.0164147 -0.0193364 -0.0185774 -0.0164147 -0.0152241 -0.013868 -0.0164147 -0.0124522 -0.0141164 -0.0164147 -0.0152241 -0.0141164 -0.0126906 -0.0185774 -0.0115423 -0.0152241 -0.00924844 -0.0115423 0.000179009 -0.00924844 0.000174608 -0.0152241 -0.00924844 -0.0126906 -0.0075538 -0.00924844 0.000174608 -0.0075538 0.000172248 -0.0124522 -0.0141164 -0.0112859 -0.0123269 -0.0141164 -0.0126906 -0.0123269 -0.0107819 -0.0112859 -0.0123269 -0.010357 -0.0109631 -0.0123269 -0.0107819 -0.0109631 -0.00936528 -0.0126906 -0.0075538 -0.0107819 -0.00630047 -0.0075538 0.000172248 -0.00630047 0.000171235 -0.0107819 -0.00630047 -0.00936528 -0.00538419 -0.00630047 0.000171235 -0.00538419 0.00017103 -0.00168849 -0.00354296 -0.00192339 -0.00371053 -0.00354296 -0.00587009 -0.00371053 -0.00585507 -0.00192339 -0.00371053 -0.0020827 -0.00381738 -0.00371053 -0.00585507 -0.00381738 -0.00583046 -0.00587009 -0.00835753 -0.00585507 -0.00803194 -0.00835753 -0.010357 -0.00803194 -0.00965189 -0.00585507 -0.00803194 -0.00583046 -0.00779238 -0.00803194 -0.00965189 -0.00779238 -0.00915813 -0.0020827 -0.00381738 -0.00217488 -0.00387645 -0.00381738 -0.00583046 -0.00387645 -0.00581039 -0.00217488 -0.00387645 -0.00220504 -0.00389532 -0.00387645 -0.00581039 -0.00389532 -0.00580284 -0.00583046 -0.00779238 -0.00581039 -0.00764617 -0.00779238 -0.00915813 -0.00764617 -0.00886596 -0.00581039 -0.00764617 -0.00580284 -0.00759705 -0.00764617 -0.00886596 -0.00759705 -0.00876927 -0.010357 -0.0109631 -0.00965189 -0.00996214 -0.0109631 -0.00936528 -0.00996214 -0.00834683 -0.00965189 -0.00996214 -0.00915813 -0.00927804 -0.00996214 -0.00834683 -0.00927804 -0.00766136 -0.00936528 -0.00538419 -0.00834683 -0.0047332 -0.00538419 0.00017103 -0.0047332 0.000171235 -0.00834683 -0.0047332 -0.00766136 -0.00429888 -0.0047332 0.000171235 -0.00429888 0.000171568 -0.00915813 -0.00927804 -0.00886596 -0.00887962 -0.00927804 -0.00766136 -0.00887962 -0.00726615 -0.00886596 -0.00887962 -0.00876927 -0.00874878 -0.00887962 -0.00726615 -0.00874878 -0.00713701 -0.00766136 -0.00429888 -0.00726615 -0.00404992 -0.00429888 0.000171568 -0.00404992 0.00017184 -0.00726615 -0.00404992 -0.00713701 -0.00396881 -0.00404992 0.00017184 -0.00396881 0.000171942 0.000179009 0.0118825 0.000174608 0.00958559 0.0118825 0.0188758 0.00958559 0.0155337 0.000174608 0.00958559 0.000172248 0.00789055 0.00958559 0.0155337 0.00789055 0.0130107 0.0188758 0.0195962 0.0155337 0.016702 0.0195962 0.0157925 0.016702 0.0141595 0.0155337 0.016702 0.0130107 0.0144267 0.016702 0.0141595 0.0144267 0.0127771 0.000172248 0.00789055 0.000171235 0.00663842 0.00789055 0.0130107 0.00663842 0.0111114 0.000171235 0.00663842 0.00017103 0.0057241 0.00663842 0.0111114 0.0057241 0.00970279 0.0130107 0.0144267 0.0111114 0.0126565 0.0144267 0.0127771 0.0126565 0.0116383 0.0111114 0.0126565 0.00970279 0.0113082 0.0126565 0.0116383 0.0113082 0.0107315 0.0157925 0.0104041 0.0141595 0.0100148 0.0104041 0.00561527 0.0100148 0.00601738 0.0141595 0.0100148 0.0127771 0.00958409 0.0100148 0.00601738 0.00958409 0.00624529 0.00561527 0.00229498 0.00601738 0.00301763 0.00229498 0.000404683 0.00301763 0.00114508 0.00601738 0.00301763 0.00624529 0.003553 0.00301763 0.00114508 0.003553 0.0017366 0.0127771 0.00958409 0.0116383 0.0091658 0.00958409 0.00624529 0.0091658 0.00636042 0.0116383 0.0091658 0.0107315 0.00879355 0.0091658 0.00636042 0.00879355 0.00640624 0.00624529 0.003553 0.00636042 0.00394341 0.003553 0.0017366 0.00394341 0.00220026 0.00636042 0.00394341 0.00640624 0.00422164 0.00394341 0.00220026 0.00422164 0.00255407 0.00017103 0.0057241 0.000171235 0.00507522 0.0057241 0.00970279 0.00507522 0.00869082 0.000171235 0.00507522 0.000171568 0.0046427 0.00507522 0.00869082 0.0046427 0.0080101 0.00970279 0.0113082 0.00869082 0.0103191 0.0113082 0.0107315 0.0103191 0.0100433 0.00869082 0.0103191 0.0080101 0.00964346 0.0103191 0.0100433 0.00964346 0.00956141 0.000171568 0.0046427 0.00017184 0.00439493 0.0046427 0.0080101 0.00439493 0.00761779 0.00017184 0.00439493 0.000171942 0.00431424 0.00439493 0.00761779 0.00431424 0.00748963 0.0080101 0.00964346 0.00761779 0.0092501 0.00964346 0.00956141 0.0092501 0.00927634 0.00761779 0.0092501 0.00748963 0.00912095 0.0092501 0.00927634 0.00912095 0.009182 0.0107315 0.00879355 0.0100433 0.00848845 0.00879355 0.00640624 0.00848845 0.00641402 0.0100433 0.00848845 0.00956141 0.00826338 0.00848845 0.00641402 0.00826338 0.00640556 0.00640624 0.00422164 0.00641402 0.0044132 0.00422164 0.00255407 0.0044132 0.00281322 0.00641402 0.0044132 0.00640556 0.00453708 0.0044132 0.00281322 0.00453708 0.00298969 0.00956141 0.00826338 0.00927634 0.00812581 0.00826338 0.00640556 0.00812581 0.00639513 0.00927634 0.00812581 0.009182 0.00807956 0.00812581 0.00639513 0.00807956 0.00639078 0.00640556 0.00453708 0.00639513 0.00460632 0.00453708 0.00298969 0.00460632 0.00309212 0.00639513 0.00460632 0.00639078 0.00462857 0.00460632 0.00309212 0.00462857 0.00312568 0.000404683 -0.000428527 0.00114508 0.00019273 -0.000428527 -0.000575722 0.00019273 -0.00011136 0.00114508 0.00019273 0.0017366 0.000710766 0.00019273 -0.00011136 0.000710766 0.000286498 -0.000575722 -0.000305958 -0.00011136 5.53562e-06 -0.000305958 0.000202197 5.53562e-06 0.000375263 -0.00011136 5.53562e-06 0.000286498 0.000277162 5.53562e-06 0.000375263 0.000277162 0.000528529 0.0017366 0.000710766 0.00220026 0.00113275 0.000710766 0.000286498 0.00113275 0.000618535 0.00220026 0.00113275 0.00255407 0.00146592 0.00113275 0.000618535 0.00146592 0.000886297 0.000286498 0.000277162 0.000618535 0.000507527 0.000277162 0.000528529 0.000507527 0.000660456 0.000618535 0.000507527 0.000886297 0.000695956 0.000507527 0.000660456 0.000695956 0.000769836 0.000202197 0.000823145 0.000375263 0.000870033 0.000823145 0.00145128 0.000870033 0.00137846 0.000375263 0.000870033 0.000528529 0.000914579 0.000870033 0.00137846 0.000914579 0.0013229 0.00145128 0.00195923 0.00137846 0.0017792 0.00195923 0.001903 0.0017792 0.00187035 0.00137846 0.0017792 0.0013229 0.00163649 0.0017792 0.00187035 0.00163649 0.00173759 0.000528529 0.000914579 0.000660456 0.000955449 0.000914579 0.0013229 0.000955449 0.00128205 0.000660456 0.000955449 0.000769836 0.000991292 0.000955449 0.00128205 0.000991292 0.00125324 0.0013229 0.00163649 0.00128205 0.00153299 0.00163649 0.00173759 0.00153299 0.00162196 0.00128205 0.00153299 0.00125324 0.00145775 0.00153299 0.00162196 0.00145775 0.00153298 0.00255407 0.00146592 0.00281322 0.00171709 0.00146592 0.000886297 0.00171709 0.00109175 0.00281322 0.00171709 0.00298969 0.00189206 0.00171709 0.00109175 0.00189206 0.00123684 0.000886297 0.000695956 0.00109175 0.000842269 0.000695956 0.000769836 0.000842269 0.000855756 0.00109175 0.000842269 0.00123684 0.00094656 0.000842269 0.000855756 0.00094656 0.00091756 0.00298969 0.00189206 0.00309212 0.00199522 0.00189206 0.00123684 0.00199522 0.00132319 0.00309212 0.00199522 0.00312568 0.0020293 0.00199522 0.00132319 0.0020293 0.00135185 0.00123684 0.00094656 0.00132319 0.00100902 0.00094656 0.00091756 0.00100902 0.000954811 0.00132319 0.00100902 0.00135185 0.00102982 0.00100902 0.000954811 0.00102982 0.000967255 0.000769836 0.000991292 0.000855756 0.00102077 0.000991292 0.00125324 0.00102077 0.0012339 0.000855756 0.00102077 0.00091756 0.00104273 0.00102077 0.0012339 0.00104273 0.00122176 0.00125324 0.00145775 0.0012339 0.00140435 0.00145775 0.00153298 0.00140435 0.00146828 0.0012339 0.00140435 0.00122176 0.00136875 0.00140435 0.00146828 0.00136875 0.00142461 0.00091756 0.00104273 0.000954811 0.00105627 0.00104273 0.00122176 0.00105627 0.00121515 0.000954811 0.00105627 0.000967255 0.00106084 0.00105627 0.00121515 0.00106084 0.00121307 0.00122176 0.00136875 0.00121515 0.00134838 0.00136875 0.00142461 0.00134838 0.00139943 0.00121515 0.00134838 0.00121307 0.00134176 0.00134838 0.00139943 0.00134176 0.00139121 
SCALARS wy_dis double 1
LOOKUP_TABLE default
0.0128018 0.0130027 0.01277 0.0129694 0.0130027 0.0136219 0.0129694 0.0135854 0.01277 0.0129694 0.0126749 0.0128698 0.0129694 0.0135854 0.0128698 0.0134761 0.0136219 0.0146969 0.0135854 0.014657 0.0146969 0.0162705 0.014657 0.016227 0.0135854 0.014657 0.0134761 0.0145374 0.014657 0.016227 0.0145374 0.0160966 0.0126749 0.0128698 0.0125184 0.0127047 0.0128698 0.0134761 0.0127047 0.0132939 0.0125184 0.0127047 0.0123036 0.0124753 0.0127047 0.0132939 0.0124753 0.0130385 0.0134761 0.0145374 0.0132939 0.0143382 0.0145374 0.0160966 0.0143382 0.0158797 0.0132939 0.0143382 0.0130385 0.0140593 0.0143382 0.0158797 0.0140593 0.0155772 0.0162705 0.0183892 0.016227 0.0183411 0.0183892 0.021111 0.0183411 0.0210566 0.016227 0.0183411 0.0160966 0.0181971 0.0183411 0.0210566 0.0181971 0.0208938 0.021111 0.0245153 0.0210566 0.0244524 0.0245153 0.0287075 0.0244524 0.0286345 0.0210566 0.0244524 0.0208938 0.0242641 0.0244524 0.0286345 0.0242641 0.0284155 0.0160966 0.0181971 0.0158797 0.0179581 0.0181971 0.0208938 0.0179581 0.0206238 0.0158797 0.0179581 0.0155772 0.0176254 0.0179581 0.0206238 0.0176254 0.0202485 0.0208938 0.0242641 0.0206238 0.0239513 0.0242641 0.0284155 0.0239513 0.0280499 0.0206238 0.0239513 0.0202485 0.0235158 0.0239513 0.0280499 0.0235158 0.0275376 0.0123036 0.0124753 0.0120364 0.0121831 0.0124753 0.0130385 0.0121831 0.0127095 0.0120364 0.0121831 0.0117289 0.0118281 0.0121831 0.0127095 0.0118281 0.0123055 0.0130385 0.0140593 0.0127095 0.0137009 0.0140593 0.0155772 0.0137009 0.01519 0.0127095 0.0137009 0.0123055 0.0132627 0.0137009 0.01519 0.0132627 0.0147194 0.0117289 0.0118281 0.0114151 0.0114059 0.0118281 0.0123055 0.0114059 0.0118241 0.0114151 0.0114059 0.0112653 0.0109218 0.0114059 0.0118241 0.0109218 0.0112626 0.0123055 0.0132627 0.0118241 0.0127445 0.0132627 0.0147194 0.0127445 0.0141671 0.0118241 0.0127445 0.0112626 0.0121456 0.0127445 0.0141671 0.0121456 0.013534 0.0155772 0.0176254 0.01519 0.0172012 0.0176254 0.0202485 0.0172012 0.0197706 0.01519 0.0172012 0.0147194 0.016688 0.0172012 0.0197706 0.016688 0.0191943 0.0202485 0.0235158 0.0197706 0.0229604 0.0235158 0.0275376 0.0229604 0.026879 0.0197706 0.0229604 0.0191943 0.0222896 0.0229604 0.026879 0.0222896 0.0260761 0.0147194 0.016688 0.0141671 0.0160891 0.016688 0.0191943 0.0160891 0.0185242 0.0141671 0.0160891 0.013534 0.0154069 0.0160891 0.0185242 0.0154069 0.0177648 0.0191943 0.0222896 0.0185242 0.0215095 0.0222896 0.0260761 0.0215095 0.0251331 0.0185242 0.0215095 0.0177648 0.0206265 0.0215095 0.0251331 0.0206265 0.0240566 0.0287075 0.0338105 0.0286345 0.0337288 0.0338105 0.0399246 0.0337288 0.0398426 0.0286345 0.0337288 0.0284155 0.0334825 0.0337288 0.0398426 0.0334825 0.0395936 0.0399246 0.04704 0.0398426 0.0469771 0.04704 0.0549042 0.0469771 0.0548907 0.0398426 0.0469771 0.0395936 0.0467834 0.0469771 0.0548907 0.0467834 0.0548448 0.0284155 0.0334825 0.0280499 0.0330679 0.0334825 0.0395936 0.0330679 0.0391683 0.0280499 0.0330679 0.0275376 0.0324792 0.0330679 0.0391683 0.0324792 0.0385515 0.0395936 0.0467834 0.0391683 0.0464439 0.0467834 0.0548448 0.0464439 0.0547494 0.0391683 0.0464439 0.0385515 0.0459324 0.0464439 0.0547494 0.0459324 0.0545747 0.0549042 0.0628964 0.0548907 0.0629648 0.0628964 0.0700117 0.0629648 0.070179 0.0548907 0.0629648 0.0548448 0.063167 0.0629648 0.070179 0.063167 0.0706835 0.0700117 0.0750538 0.070179 0.0753044 0.0750538 0.0770247 0.0753044 0.0773082 0.070179 0.0753044 0.0706835 0.0760649 0.0753044 0.0773082 0.0760649 0.0781699 0.0548448 0.063167 0.0547494 0.0634933 0.063167 0.0706835 0.0634933 0.0715324 0.0547494 0.0634933 0.0545747 0.0639258 0.0634933 0.0715324 0.0639258 0.0727372 0.0706835 0.0760649 0.0715324 0.0773609 0.0760649 0.0781699 0.0773609 0.0796438 0.0715324 0.0773609 0.0727372 0.0792375 0.0773609 0.0796438 0.0792375 0.0817897 0.0275376 0.0324792 0.026879 0.0317094 0.0324792 0.0385515 0.0317094 0.037722 0.026879 0.0317094 0.0260761 0.0307512 0.0317094 0.037722 0.0307512 0.0366537 0.0385515 0.0459324 0.037722 0.0452112 0.0459324 0.0545747 0.0452112 0.0542748 0.037722 0.0452112 0.0366537 0.0442292 0.0452112 0.0542748 0.0442292 0.0537846 0.0260761 0.0307512 0.0251331 0.0295988 0.0307512 0.0366537 0.0295988 0.0353169 0.0251331 0.0295988 0.0240566 0.0282514 0.0295988 0.0353169 0.0282514 0.0336889 0.0366537 0.0442292 0.0353169 0.042922 0.0442292 0.0537846 0.042922 0.0530151 0.0353169 0.042922 0.0336889 0.0412296 0.042922 0.0530151 0.0412296 0.0518733 0.0545747 0.0639258 0.0542748 0.0644352 0.0639258 0.0727372 0.0644352 0.0743133 0.0542748 0.0644352 0.0537846 0.0649762 0.0644352 0.0743133 0.0649762 0.0762781 0.0727372 0.0792375 0.0743133 0.0817618 0.0792375 0.0817897 0.0817618 0.0846982 0.0743133 0.0817618 0.0762781 0.085028 0.0817618 0.0846982 0.085028 0.0884992 0.0537846 0.0649762 0.0530151 0.0654809 0.0649762 0.0762781 0.0654809 0.0786484 0.0530151 0.0654809 0.0518733 0.0658681 0.0654809 0.0786484 0.0658681 0.0814288 0.0762781 0.085028 0.0786484 0.0891618 0.085028 0.0884992 0.0891618 0.0933697 0.0786484 0.0891618 0.0814288 0.0942928 0.0891618 0.0933697 0.0942928 0.0995015 0.0770247 0.0755326 0.0773082 0.0757834 0.0755326 0.0709686 0.0757834 0.071136 0.0773082 0.0757834 0.0781699 0.0765441 0.0757834 0.071136 0.0765441 0.0716405 0.0709686 0.0643316 0.071136 0.0643998 0.0643316 0.0568215 0.0643998 0.0568073 0.071136 0.0643998 0.0716405 0.0646011 0.0643998 0.0568073 0.0646011 0.0567591 0.0781699 0.0765441 0.0796438 0.0778407 0.0765441 0.0716405 0.0778407 0.0724896 0.0796438 0.0778407 0.0817897 0.0797182 0.0778407 0.0724896 0.0797182 0.073695 0.0716405 0.0646011 0.0724896 0.0649261 0.0646011 0.0567591 0.0649261 0.0566601 0.0724896 0.0649261 0.073695 0.065357 0.0649261 0.0566601 0.065357 0.0564802 0.0568215 0.0494488 0.0568073 0.0493846 0.0494488 0.0428411 0.0493846 0.0427573 0.0568073 0.0493846 0.0567591 0.0491871 0.0493846 0.0427573 0.0491871 0.0425027 0.0428411 0.0372576 0.0427573 0.0371736 0.0372576 0.0327141 0.0371736 0.0326384 0.0427573 0.0371736 0.0425027 0.0369203 0.0371736 0.0326384 0.0369203 0.0324113 0.0567591 0.0491871 0.0566601 0.0488411 0.0491871 0.0425027 0.0488411 0.0420682 0.0566601 0.0488411 0.0564802 0.0483205 0.0488411 0.0420682 0.0483205 0.0414384 0.0425027 0.0369203 0.0420682 0.036494 0.0369203 0.0324113 0.036494 0.0320322 0.0420682 0.036494 0.0414384 0.0358887 0.036494 0.0320322 0.0358887 0.0315007 0.0817897 0.0797182 0.0846982 0.0822442 0.0797182 0.073695 0.0822442 0.0752723 0.0846982 0.0822442 0.0884992 0.085513 0.0822442 0.0752723 0.085513 0.0772395 0.073695 0.065357 0.0752723 0.0658647 0.065357 0.0564802 0.0658647 0.056174 0.0752723 0.0658647 0.0772395 0.0664041 0.0658647 0.056174 0.0664041 0.0556762 0.0884992 0.085513 0.0933697 0.089651 0.085513 0.0772395 0.089651 0.0796137 0.0933697 0.089651 0.0995015 0.094789 0.089651 0.0796137 0.094789 0.0824014 0.0772395 0.0664041 0.0796137 0.0669079 0.0664041 0.0556762 0.0669079 0.054898 0.0796137 0.0669079 0.0824014 0.0672954 0.0669079 0.054898 0.0672954 0.0537465 0.0564802 0.0483205 0.056174 0.0475877 0.0483205 0.0414384 0.0475877 0.0405921 0.056174 0.0475877 0.0556762 0.0465914 0.0475877 0.0405921 0.0465914 0.0395031 0.0414384 0.0358887 0.0405921 0.0350974 0.0358887 0.0315007 0.0350974 0.0308168 0.0405921 0.0350974 0.0395031 0.0341127 0.0350974 0.0308168 0.0341127 0.0299824 0.0556762 0.0465914 0.054898 0.0452672 0.0465914 0.0395031 0.0452672 0.0381415 0.054898 0.0452672 0.0537465 0.043555 0.0452672 0.0381415 0.043555 0.0364845 0.0395031 0.0341127 0.0381415 0.0329284 0.0341127 0.0299824 0.0329284 0.0290013 0.0381415 0.0329284 0.0364845 0.0315437 0.0329284 0.0290013 0.0315437 0.0278798 0.0327141 0.0291143 0.0326384 0.0290487 0.0291143 0.0263359 0.0290487 0.0262793 0.0326384 0.0290487 0.0324113 0.0288521 0.0290487 0.0262793 0.0288521 0.0261097 0.0263359 0.0242666 0.0262793 0.0242178 0.0242666 0.0228081 0.0242178 0.0227668 0.0262793 0.0242178 0.0261097 0.0240713 0.0242178 0.0227668 0.0240713 0.0226429 0.0324113 0.0288521 0.0320322 0.0285253 0.0288521 0.0261097 0.0285253 0.0258277 0.0320322 0.0285253 0.0315007 0.0280695 0.0285253 0.0258277 0.0280695 0.0254346 0.0261097 0.0240713 0.0258277 0.0238273 0.0240713 0.0226429 0.0238273 0.0224357 0.0258277 0.0238273 0.0254346 0.023486 0.0238273 0.0224357 0.023486 0.0221444 0.0228081 0.021864 0.0227668 0.0218313 0.021864 0.0213269 0.0218313 0.021304 0.0227668 0.0218313 0.0226429 0.021733 0.0218313 0.021304 0.021733 0.0212354 0.0213269 0.0210769 0.021304 0.0210629 0.0210769 0.0210082 0.0210629 0.020998 0.021304 0.0210629 0.0212354 0.0210218 0.0210629 0.020998 0.0210218 0.0209685 0.0226429 0.021733 0.0224357 0.0215683 0.021733 0.0212354 0.0215683 0.0211213 0.0224357 0.0215683 0.0221444 0.0213357 0.0215683 0.0211213 0.0213357 0.0209618 0.0212354 0.0210218 0.0211213 0.0209561 0.0210218 0.0209685 0.0209561 0.020924 0.0211213 0.0209561 0.0209618 0.0208706 0.0209561 0.020924 0.0208706 0.0208716 0.0315007 0.0280695 0.0308168 0.0274872 0.0280695 0.0254346 0.0274872 0.0249322 0.0308168 0.0274872 0.0299824 0.026782 0.0274872 0.0249322 0.026782 0.0243231 0.0254346 0.023486 0.0249322 0.0230476 0.023486 0.0221444 0.0230476 0.0217674 0.0249322 0.0230476 0.0243231 0.0225126 0.0230476 0.0217674 0.0225126 0.0213029 0.0299824 0.026782 0.0290013 0.0259594 0.026782 0.0243231 0.0259594 0.0236107 0.0290013 0.0259594 0.0278798 0.0250251 0.0259594 0.0236107 0.0250251 0.0227978 0.0243231 0.0225126 0.0236107 0.0218815 0.0225126 0.0213029 0.0218815 0.0207479 0.0236107 0.0218815 0.0227978 0.0211538 0.0218815 0.0207479 0.0211538 0.0200983 0.0221444 0.0213357 0.0217674 0.0210326 0.0213357 0.0209618 0.0210326 0.0207559 0.0217674 0.0210326 0.0213029 0.020655 0.0210326 0.0207559 0.020655 0.020501 0.0209618 0.0208706 0.0207559 0.0207719 0.0208706 0.0208716 0.0207719 0.0208229 0.0207559 0.0207719 0.020501 0.0206701 0.0207719 0.0208229 0.0206701 0.0207941 0.0213029 0.020655 0.0207479 0.020197 0.020655 0.020501 0.020197 0.0201904 0.0207479 0.020197 0.0200983 0.0196493 0.020197 0.0201904 0.0196493 0.0198091 0.020501 0.0206701 0.0201904 0.0205783 0.0206701 0.0207941 0.0205783 0.0207996 0.0201904 0.0205783 0.0198091 0.0204789 0.0205783 0.0207996 0.0204789 0.0207534 0.0112653 0.0109218 0.00481917 0.00636146 0.0109218 0.0112626 0.00636146 0.00918854 0.00481917 0.00636146 -0.00274668 0.00602572 0.00636146 0.00918854 0.00602572 0.00786476 0.0112626 0.0121456 0.00918854 0.0105746 0.0121456 0.013534 0.0105746 0.0119445 0.00918854 0.0105746 0.00786476 0.00906737 0.0105746 0.0119445 0.00906737 0.0103099 -0.00274668 0.00602572 -0.00497923 0.00404953 0.00602572 0.00786476 0.00404953 0.00625498 -0.00497923 0.00404953 -0.00497556 0.00228507 0.00404953 0.00625498 0.00228507 0.00472227 0.00786476 0.00906737 0.00625498 0.00750126 0.00906737 0.0103099 0.00750126 0.00862833 0.00625498 0.00750126 0.00472227 0.00594009 0.00750126 0.00862833 0.00594009 0.00691892 0.013534 0.0154069 0.0119445 0.0136354 0.0154069 0.0177648 0.0136354 0.0157304 0.0119445 0.0136354 0.0103099 0.0117987 0.0136354 0.0157304 0.0117987 0.0136221 0.0177648 0.0206265 0.0157304 0.0182781 0.0206265 0.0240566 0.0182781 0.0213642 0.0157304 0.0182781 0.0136221 0.0158428 0.0182781 0.0213642 0.0158428 0.018555 0.0103099 0.0117987 0.00862833 0.00990737 0.0117987 0.0136221 0.00990737 0.0114506 0.00862833 0.00990737 0.00691892 0.00797296 0.00990737 0.0114506 0.00797296 0.00922554 0.0136221 0.0158428 0.0114506 0.01333 0.0158428 0.018555 0.01333 0.0156394 0.0114506 0.01333 0.00922554 0.0107496 0.01333 0.0156394 0.0107496 0.0126301 -0.00497556 0.00228507 -0.00411452 0.00114543 0.00228507 0.00472227 0.00114543 0.0033461 -0.00411452 0.00114543 -0.00288515 0.000508227 0.00114543 0.0033461 0.000508227 0.00212783 0.00472227 0.00594009 0.0033461 0.0044076 0.00594009 0.00691892 0.0044076 0.00519474 0.0033461 0.0044076 0.00212783 0.0029114 0.0044076 0.00519474 0.0029114 0.0034643 -0.00288515 0.000508227 -0.00147996 0.000181811 0.000508227 0.00212783 0.000181811 0.00103135 -0.00147996 0.000181811 -5.22317e-12 -4.07343e-12 0.000181811 0.00103135 -4.07343e-12 -2.24574e-12 0.00212783 0.0029114 0.00103135 0.00144671 0.0029114 0.0034643 0.00144671 0.00173217 0.00103135 0.00144671 -2.24574e-12 -6.8413e-13 0.00144671 0.00173217 -6.8413e-13 3.03456e-13 0.00691892 0.00797296 0.00519474 0.00600609 0.00797296 0.00922554 0.00600609 0.00695726 0.00519474 0.00600609 0.0034643 0.00401619 0.00600609 0.00695726 0.00401619 0.00465636 0.00922554 0.0107496 0.00695726 0.00811305 0.0107496 0.0126301 0.00811305 0.00954294 0.00695726 0.00811305 0.00465636 0.00543321 0.00811305 0.00954294 0.00543321 0.00639588 0.0034643 0.00401619 0.00173217 0.00201164 0.00401619 0.00465636 0.00201164 0.00233364 0.00173217 0.00201164 3.03456e-13 8.25604e-13 0.00201164 0.00233364 8.25604e-13 1.0567e-12 0.00465636 0.00543321 0.00233364 0.00272402 0.00543321 0.00639588 0.00272402 0.00320819 0.00233364 0.00272402 1.0567e-12 1.13258e-12 0.00272402 0.00320819 1.13258e-12 1.13998e-12 0.0240566 0.0282514 0.0213642 0.0251889 0.0282514 0.0336889 0.0251889 0.0301659 0.0213642 0.0251889 0.018555 0.0219477 0.0251889 0.0301659 0.0219477 0.0263649 0.0336889 0.0412296 0.0301659 0.036949 0.0412296 0.0518733 0.036949 0.0461827 0.0301659 0.036949 0.0263649 0.0322896 0.036949 0.0461827 0.0322896 0.0401147 0.018555 0.0219477 0.0156394 0.0185453 0.0219477 0.0263649 0.0185453 0.0223227 0.0156394 0.0185453 0.0126301 0.0150048 0.0185453 0.0223227 0.0150048 0.0180842 0.0263649 0.0322896 0.0223227 0.0273186 0.0322896 0.0401147 0.0273186 0.0337583 0.0223227 0.0273186 0.0180842 0.0221092 0.0273186 0.0337583 0.0221092 0.027199 0.0518733 0.0658681 0.0461827 0.0578223 0.0658681 0.0814288 0.0578223 0.0702883 0.0461827 0.0578223 0.0401147 0.0496389 0.0578223 0.0702883 0.0496389 0.0595226 0.0814288 0.0942928 0.0702883 0.0803201 0.0942928 0.0995015 0.0803201 0.0843384 0.0702883 0.0803201 0.0595226 0.0672972 0.0803201 0.0843384 0.0672972 0.0703846 0.0401147 0.0496389 0.0337583 0.0413797 0.0496389 0.0595226 0.0413797 0.0490907 0.0337583 0.0413797 0.027199 0.0330928 0.0413797 0.0490907 0.0330928 0.0389386 0.0595226 0.0672972 0.0490907 0.0550456 0.0672972 0.0703846 0.0550456 0.0573949 0.0490907 0.0550456 0.0389386 0.0433886 0.0550456 0.0573949 0.0433886 0.0451357 0.0126301 0.0150048 0.00954294 0.0113524 0.0150048 0.0180842 0.0113524 0.0136927 0.00954294 0.0113524 0.00639588 0.00761545 0.0113524 0.0136927 0.00761545 0.00918933 0.0180842 0.0221092 0.0136927 0.0167236 0.0221092 0.027199 0.0167236 0.0205012 0.0136927 0.0167236 0.00918933 0.0112142 0.0167236 0.0205012 0.0112142 0.0137125 0.00639588 0.00761545 0.00320819 0.00382189 0.00761545 0.00918933 0.00382189 0.00461274 0.00320819 0.00382189 1.13998e-12 1.13157e-12 0.00382189 0.00461274 1.13157e-12 1.14402e-12 0.00918933 0.0112142 0.00461274 0.00562616 0.0112142 0.0137125 0.00562616 0.00686907 0.00461274 0.00562616 1.14402e-12 1.20029e-12 0.00562616 0.00686907 1.20029e-12 1.29457e-12 0.027199 0.0330928 0.0205012 0.0248046 0.0330928 0.0389386 0.0248046 0.02901 0.0205012 0.0248046 0.0137125 0.0165264 0.0248046 0.02901 0.0165264 0.019248 0.0389386 0.0433886 0.02901 0.0321767 0.0433886 0.0451357 0.0321767 0.0334157 0.02901 0.0321767 0.019248 0.021282 0.0321767 0.0334157 0.021282 0.022076 0.0137125 0.0165264 0.00686907 0.00825969 0.0165264 0.019248 0.00825969 0.00959648 0.00686907 0.00825969 1.29457e-12 1.37677e-12 0.00825969 0.00959648 1.37677e-12 1.36565e-12 0.019248 0.021282 0.00959648 0.0105912 0.021282 0.022076 0.0105912 0.0109789 0.00959648 0.0105912 1.36565e-12 1.21246e-12 0.0105912 0.0109789 1.21246e-12 9.58742e-13 0.0995015 0.094789 0.0843384 0.0807493 0.094789 0.0824014 0.0807493 0.0711336 0.0843384 0.0807493 0.0703846 0.0676622 0.0807493 0.0711336 0.0676622 0.0602438 0.0824014 0.0672954 0.0711336 0.0590687 0.0672954 0.0537465 0.0590687 0.0478237 0.0711336 0.0590687 0.0602438 0.0507058 0.0590687 0.0478237 0.0507058 0.0415227 0.0703846 0.0676622 0.0573949 0.0553481 0.0676622 0.0602438 0.0553481 0.0496897 0.0573949 0.0553481 0.0451357 0.0436296 0.0553481 0.0496897 0.0436296 0.0394167 0.0602438 0.0507058 0.0496897 0.0422679 0.0507058 0.0415227 0.0422679 0.0349326 0.0496897 0.0422679 0.0394167 0.0338029 0.0422679 0.0349326 0.0338029 0.0281391 0.0537465 0.043555 0.0478237 0.0389895 0.043555 0.0364845 0.0389895 0.0326208 0.0478237 0.0389895 0.0415227 0.0340428 0.0389895 0.0326208 0.0340428 0.0284755 0.0364845 0.0315437 0.0326208 0.0280808 0.0315437 0.0278798 0.0280808 0.0247221 0.0326208 0.0280808 0.0284755 0.0244344 0.0280808 0.0247221 0.0244344 0.0214417 0.0415227 0.0340428 0.0349326 0.0287825 0.0340428 0.0284755 0.0287825 0.0240859 0.0349326 0.0287825 0.0281391 0.0232822 0.0287825 0.0240859 0.0232822 0.0194975 0.0284755 0.0244344 0.0240859 0.0206228 0.0244344 0.0214417 0.0206228 0.0180502 0.0240859 0.0206228 0.0194975 0.0166703 0.0206228 0.0180502 0.0166703 0.0145619 0.0451357 0.0436296 0.0334157 0.032357 0.0436296 0.0394167 0.032357 0.0293679 0.0334157 0.032357 0.022076 0.021402 0.032357 0.0293679 0.021402 0.0194863 0.0394167 0.0338029 0.0293679 0.0253369 0.0338029 0.0281391 0.0253369 0.0212067 0.0293679 0.0253369 0.0194863 0.0168812 0.0253369 0.0212067 0.0168812 0.014183 0.022076 0.021402 0.0109789 0.0106511 0.021402 0.0194863 0.0106511 0.00971557 0.0109789 0.0106511 9.58742e-13 7.20097e-13 0.0106511 0.00971557 7.20097e-13 6.06145e-13 0.0194863 0.0168812 0.00971557 0.00843705 0.0168812 0.014183 0.00843705 0.00710438 0.00971557 0.00843705 6.06145e-13 6.47742e-13 0.00843705 0.00710438 6.47742e-13 7.87085e-13 0.0281391 0.0232822 0.0212067 0.0176044 0.0232822 0.0194975 0.0176044 0.0147543 0.0212067 0.0176044 0.014183 0.0118019 0.0176044 0.0147543 0.0118019 0.00989781 0.0194975 0.0166703 0.0147543 0.0126034 0.0166703 0.0145619 0.0126034 0.0109935 0.0147543 0.0126034 0.00989781 0.00845033 0.0126034 0.0109935 0.00845033 0.00736359 0.014183 0.0118019 0.00710438 0.00592014 0.0118019 0.00989781 0.00592014 0.00496721 0.00710438 0.00592014 7.87085e-13 9.23814e-13 0.00592014 0.00496721 9.23814e-13 9.70864e-13 0.00989781 0.00845033 0.00496721 0.00423958 0.00845033 0.00736359 0.00423958 0.00369224 0.00496721 0.00423958 9.70864e-13 9.00073e-13 0.00423958 0.00369224 9.00073e-13 7.3235e-13 0.0278798 0.0250251 0.0247221 0.022138 0.0250251 0.0227978 0.022138 0.0201346 0.0247221 0.022138 0.0214417 0.019157 0.022138 0.0201346 0.019157 0.0173899 0.0227978 0.0211538 0.0201346 0.0186262 0.0211538 0.0200983 0.0186262 0.017544 0.0201346 0.0186262 0.0173899 0.0160258 0.0186262 0.017544 0.0160258 0.0149221 0.0214417 0.019157 0.0180502 0.0160942 0.019157 0.0173899 0.0160942 0.0145806 0.0180502 0.0160942 0.0145619 0.0129614 0.0160942 0.0145806 0.0129614 0.0117202 0.0173899 0.0160258 0.0145806 0.0133822 0.0160258 0.0149221 0.0133822 0.0123164 0.0145806 0.0133822 0.0117202 0.0107143 0.0133822 0.0123164 0.0107143 0.00975261 0.0200983 0.0196493 0.017544 0.0167552 0.0196493 0.0198091 0.0167552 0.0159677 0.017544 0.0167552 0.0149221 0.0137243 0.0167552 0.0159677 0.0137243 0.0113095 0.0198091 0.0204789 0.0159677 0.0136365 0.0204789 0.0207534 0.0136365 -0.0258144 0.0159677 0.0136365 0.0113095 0.00362622 0.0136365 -0.0258144 0.00362622 -0.0213227 0.0149221 0.0137243 0.0123164 0.0109371 0.0137243 0.0113095 0.0109371 0.00797114 0.0123164 0.0109371 0.00975261 0.00838429 0.0109371 0.00797114 0.00838429 0.00547224 0.0113095 0.00362622 0.00797114 -0.000221679 0.00362622 -0.0213227 -0.000221679 -0.0158114 0.00797114 -0.000221679 0.00547224 -0.00138267 -0.000221679 -0.0158114 -0.00138267 -0.0118153 0.0145619 0.0129614 0.0109935 0.00977155 0.0129614 0.0117202 0.00977155 0.00882129 0.0109935 0.00977155 0.00736359 0.00653852 0.00977155 0.00882129 0.00653852 0.00589516 0.0117202 0.0107143 0.00882129 0.00803606 0.0107143 0.00975261 0.00803606 0.00724479 0.00882129 0.00803606 0.00589516 0.00535574 0.00803606 0.00724479 0.00535574 0.00479271 0.00736359 0.00653852 0.00369224 0.00327652 0.00653852 0.00589516 0.00327652 0.00295176 0.00369224 0.00327652 7.3235e-13 5.11859e-13 0.00327652 0.00295176 5.11859e-13 2.72839e-13 0.00589516 0.00535574 0.00295176 0.00267701 0.00535574 0.00479271 0.00267701 0.00238443 0.00295176 0.00267701 2.72839e-13 2.06883e-14 0.00267701 0.00238443 2.06883e-14 -2.71326e-13 0.00975261 0.00838429 0.00724479 0.00605914 0.00838429 0.00547224 0.00605914 0.00360211 0.00724479 0.00605914 0.00479271 0.00392561 0.00605914 0.00360211 0.00392561 0.00217491 0.00547224 -0.00138267 0.00360211 -0.00150649 -0.00138267 -0.0118153 -0.00150649 -0.00857271 0.00360211 -0.00150649 0.00217491 -0.00118006 -0.00150649 -0.00857271 -0.00118006 -0.00562709 0.00479271 0.00392561 0.00238443 0.00192788 0.00392561 0.00217491 0.00192788 0.0010224 0.00238443 0.00192788 -2.71326e-13 -6.54785e-13 0.00192788 0.0010224 -6.54785e-13 -1.17955e-12 0.00217491 -0.00118006 0.0010224 -0.000636443 -0.00118006 -0.00562709 -0.000636443 -0.00279419 0.0010224 -0.000636443 -1.17955e-12 -1.81914e-12 -0.000636443 -0.00279419 -1.81914e-12 -2.40735e-12 -5.22317e-12 -4.07343e-12 0.00147996 -0.000181811 -4.07343e-12 -2.24574e-12 -0.000181811 -0.00103135 0.00147996 -0.000181811 0.00288515 -0.000508227 -0.000181811 -0.00103135 -0.000508227 -0.00212783 -2.24574e-12 -6.8413e-13 -0.00103135 -0.00144671 -6.8413e-13 3.03456e-13 -0.00144671 -0.00173217 -0.00103135 -0.00144671 -0.00212783 -0.0029114 -0.00144671 -0.00173217 -0.0029114 -0.0034643 0.00288515 -0.000508227 0.00411452 -0.00114543 -0.000508227 -0.00212783 -0.00114543 -0.0033461 0.00411452 -0.00114543 0.00497556 -0.00228507 -0.00114543 -0.0033461 -0.00228507 -0.00472227 -0.00212783 -0.0029114 -0.0033461 -0.0044076 -0.0029114 -0.0034643 -0.0044076 -0.00519474 -0.0033461 -0.0044076 -0.00472227 -0.00594009 -0.0044076 -0.00519474 -0.00594009 -0.00691892 3.03456e-13 8.25604e-13 -0.00173217 -0.00201164 8.25604e-13 1.0567e-12 -0.00201164 -0.00233364 -0.00173217 -0.00201164 -0.0034643 -0.00401619 -0.00201164 -0.00233364 -0.00401619 -0.00465636 1.0567e-12 1.13258e-12 -0.00233364 -0.00272402 1.13258e-12 1.13998e-12 -0.00272402 -0.00320819 -0.00233364 -0.00272402 -0.00465636 -0.00543321 -0.00272402 -0.00320819 -0.00543321 -0.00639588 -0.0034643 -0.00401619 -0.00519474 -0.00600609 -0.00401619 -0.00465636 -0.00600609 -0.00695726 -0.00519474 -0.00600609 -0.00691892 -0.00797296 -0.00600609 -0.00695726 -0.00797296 -0.00922554 -0.00465636 -0.00543321 -0.00695726 -0.00811305 -0.00543321 -0.00639588 -0.00811305 -0.00954294 -0.00695726 -0.00811305 -0.00922554 -0.0107496 -0.00811305 -0.00954294 -0.0107496 -0.0126301 0.00497556 -0.00228507 0.00497923 -0.00404953 -0.00228507 -0.00472227 -0.00404953 -0.00625498 0.00497923 -0.00404953 0.00274668 -0.00602572 -0.00404953 -0.00625498 -0.00602572 -0.00786476 -0.00472227 -0.00594009 -0.00625498 -0.00750126 -0.00594009 -0.00691892 -0.00750126 -0.00862833 -0.00625498 -0.00750126 -0.00786476 -0.00906737 -0.00750126 -0.00862833 -0.00906737 -0.0103099 0.00274668 -0.00602572 -0.00481917 -0.00636146 -0.00602572 -0.00786476 -0.00636146 -0.00918854 -0.00481917 -0.00636146 -0.0112653 -0.0109218 -0.00636146 -0.00918854 -0.0109218 -0.0112626 -0.00786476 -0.00906737 -0.00918854 -0.0105746 -0.00906737 -0.0103099 -0.0105746 -0.0119445 -0.00918854 -0.0105746 -0.0112626 -0.0121456 -0.0105746 -0.0119445 -0.0121456 -0.013534 -0.00691892 -0.00797296 -0.00862833 -0.00990737 -0.00797296 -0.00922554 -0.00990737 -0.0114506 -0.00862833 -0.00990737 -0.0103099 -0.0117987 -0.00990737 -0.0114506 -0.0117987 -0.0136221 -0.00922554 -0.0107496 -0.0114506 -0.01333 -0.0107496 -0.0126301 -0.01333 -0.0156394 -0.0114506 -0.01333 -0.0136221 -0.0158428 -0.01333 -0.0156394 -0.0158428 -0.018555 -0.0103099 -0.0117987 -0.0119445 -0.0136354 -0.0117987 -0.0136221 -0.0136354 -0.0157304 -0.0119445 -0.0136354 -0.013534 -0.0154069 -0.0136354 -0.0157304 -0.0154069 -0.0177648 -0.0136221 -0.0158428 -0.0157304 -0.0182781 -0.0158428 -0.018555 -0.0182781 -0.0213642 -0.0157304 -0.0182781 -0.0177648 -0.0206265 -0.0182781 -0.0213642 -0.0206265 -0.0240566 1.13998e-12 1.13157e-12 -0.00320819 -0.00382189 1.13157e-12 1.14402e-12 -0.00382189 -0.00461274 -0.00320819 -0.00382189 -0.00639588 -0.00761545 -0.00382189 -0.00461274 -0.00761545 -0.00918933 1.14402e-12 1.20029e-12 -0.00461274 -0.00562616 1.20029e-12 1.29457e-12 -0.00562616 -0.00686907 -0.00461274 -0.00562616 -0.00918933 -0.0112142 -0.00562616 -0.00686907 -0.0112142 -0.0137125 -0.00639588 -0.00761545 -0.00954294 -0.0113524 -0.00761545 -0.00918933 -0.0113524 -0.0136927 -0.00954294 -0.0113524 -0.0126301 -0.0150048 -0.0113524 -0.0136927 -0.0150048 -0.0180842 -0.00918933 -0.0112142 -0.0136927 -0.0167236 -0.0112142 -0.0137125 -0.0167236 -0.0205012 -0.0136927 -0.0167236 -0.0180842 -0.0221092 -0.0167236 -0.0205012 -0.0221092 -0.027199 1.29457e-12 1.37677e-12 -0.00686907 -0.00825969 1.37677e-12 1.36565e-12 -0.00825969 -0.00959648 -0.00686907 -0.00825969 -0.0137125 -0.0165264 -0.00825969 -0.00959648 -0.0165264 -0.019248 1.36565e-12 1.21246e-12 -0.00959648 -0.0105912 1.21246e-12 9.58742e-13 -0.0105912 -0.0109789 -0.00959648 -0.0105912 -0.019248 -0.021282 -0.0105912 -0.0109789 -0.021282 -0.022076 -0.0137125 -0.0165264 -0.0205012 -0.0248046 -0.0165264 -0.019248 -0.0248046 -0.02901 -0.0205012 -0.0248046 -0.027199 -0.0330928 -0.0248046 -0.02901 -0.0330928 -0.0389386 -0.019248 -0.021282 -0.02901 -0.0321767 -0.021282 -0.022076 -0.0321767 -0.0334157 -0.02901 -0.0321767 -0.0389386 -0.0433886 -0.0321767 -0.0334157 -0.0433886 -0.0451357 -0.0126301 -0.0150048 -0.0156394 -0.0185453 -0.0150048 -0.0180842 -0.0185453 -0.0223227 -0.0156394 -0.0185453 -0.018555 -0.0219477 -0.0185453 -0.0223227 -0.0219477 -0.0263649 -0.0180842 -0.0221092 -0.0223227 -0.0273186 -0.0221092 -0.027199 -0.0273186 -0.0337583 -0.0223227 -0.0273186 -0.0263649 -0.0322896 -0.0273186 -0.0337583 -0.0322896 -0.0401147 -0.018555 -0.0219477 -0.0213642 -0.0251889 -0.0219477 -0.0263649 -0.0251889 -0.0301659 -0.0213642 -0.0251889 -0.0240566 -0.0282514 -0.0251889 -0.0301659 -0.0282514 -0.0336889 -0.0263649 -0.0322896 -0.0301659 -0.036949 -0.0322896 -0.0401147 -0.036949 -0.0461827 -0.0301659 -0.036949 -0.0336889 -0.0412296 -0.036949 -0.0461827 -0.0412296 -0.0518733 -0.027199 -0.0330928 -0.0337583 -0.0413797 -0.0330928 -0.0389386 -0.0413797 -0.0490907 -0.0337583 -0.0413797 -0.0401147 -0.0496389 -0.0413797 -0.0490907 -0.0496389 -0.0595226 -0.0389386 -0.0433886 -0.0490907 -0.0550456 -0.0433886 -0.0451357 -0.0550456 -0.0573949 -0.0490907 -0.0550456 -0.0595226 -0.0672972 -0.0550456 -0.0573949 -0.0672972 -0.0703846 -0.0401147 -0.0496389 -0.0461827 -0.0578223 -0.0496389 -0.0595226 -0.0578223 -0.0702883 -0.0461827 -0.0578223 -0.0518733 -0.0658681 -0.0578223 -0.0702883 -0.0658681 -0.0814288 -0.0595226 -0.0672972 -0.0702883 -0.0803201 -0.0672972 -0.0703846 -0.0803201 -0.0843384 -0.0702883 -0.0803201 -0.0814288 -0.0942928 -0.0803201 -0.0843384 -0.0942928 -0.0995015 9.58742e-13 7.20097e-13 -0.0109789 -0.0106511 7.20097e-13 6.06145e-13 -0.0106511 -0.00971557 -0.0109789 -0.0106511 -0.022076 -0.021402 -0.0106511 -0.00971557 -0.021402 -0.0194863 6.06145e-13 6.47742e-13 -0.00971557 -0.00843705 6.47742e-13 7.87085e-13 -0.00843705 -0.00710438 -0.00971557 -0.00843705 -0.0194863 -0.0168812 -0.00843705 -0.00710438 -0.0168812 -0.014183 -0.022076 -0.021402 -0.0334157 -0.032357 -0.021402 -0.0194863 -0.032357 -0.0293679 -0.0334157 -0.032357 -0.0451357 -0.0436296 -0.032357 -0.0293679 -0.0436296 -0.0394167 -0.0194863 -0.0168812 -0.0293679 -0.0253369 -0.0168812 -0.014183 -0.0253369 -0.0212067 -0.0293679 -0.0253369 -0.0394167 -0.0338029 -0.0253369 -0.0212067 -0.0338029 -0.0281391 7.87085e-13 9.23814e-13 -0.00710438 -0.00592014 9.23814e-13 9.70864e-13 -0.00592014 -0.00496721 -0.00710438 -0.00592014 -0.014183 -0.0118019 -0.00592014 -0.00496721 -0.0118019 -0.00989781 9.70864e-13 9.00073e-13 -0.00496721 -0.00423958 9.00073e-13 7.3235e-13 -0.00423958 -0.00369224 -0.00496721 -0.00423958 -0.00989781 -0.00845033 -0.00423958 -0.00369224 -0.00845033 -0.00736359 -0.014183 -0.0118019 -0.0212067 -0.0176044 -0.0118019 -0.00989781 -0.0176044 -0.0147543 -0.0212067 -0.0176044 -0.0281391 -0.0232822 -0.0176044 -0.0147543 -0.0232822 -0.0194975 -0.00989781 -0.00845033 -0.0147543 -0.0126034 -0.00845033 -0.00736359 -0.0126034 -0.0109935 -0.0147543 -0.0126034 -0.0194975 -0.0166703 -0.0126034 -0.0109935 -0.0166703 -0.0145619 -0.0451357 -0.0436296 -0.0573949 -0.0553481 -0.0436296 -0.0394167 -0.0553481 -0.0496897 -0.0573949 -0.0553481 -0.0703846 -0.0676622 -0.0553481 -0.0496897 -0.0676622 -0.0602438 -0.0394167 -0.0338029 -0.0496897 -0.0422679 -0.0338029 -0.0281391 -0.0422679 -0.0349326 -0.0496897 -0.0422679 -0.0602438 -0.0507058 -0.0422679 -0.0349326 -0.0507058 -0.0415227 -0.0703846 -0.0676622 -0.0843384 -0.0807493 -0.0676622 -0.0602438 -0.0807493 -0.0711336 -0.0843384 -0.0807493 -0.0995015 -0.094789 -0.0807493 -0.0711336 -0.094789 -0.0824014 -0.0602438 -0.0507058 -0.0711336 -0.0590687 -0.0507058 -0.0415227 -0.0590687 -0.0478237 -0.0711336 -0.0590687 -0.0824014 -0.0672954 -0.0590687 -0.0478237 -0.0672954 -0.0537465 -0.0281391 -0.0232822 -0.0349326 -0.0287825 -0.0232822 -0.0194975 -0.0287825 -0.0240859 -0.0349326 -0.0287825 -0.0415227 -0.0340428 -0.0287825 -0.0240859 -0.0340428 -0.0284755 -0.0194975 -0.0166703 -0.0240859 -0.0206228 -0.0166703 -0.0145619 -0.0206228 -0.0180502 -0.0240859 -0.0206228 -0.0284755 -0.0244344 -0.0206228 -0.0180502 -0.0244344 -0.0214417 -0.0415227 -0.0340428 -0.0478237 -0.0389895 -0.0340428 -0.0284755 -0.0389895 -0.0326208 -0.0478237 -0.0389895 -0.0537465 -0.043555 -0.0389895 -0.0326208 -0.043555 -0.0364845 -0.0284755 -0.0244344 -0.0326208 -0.0280808 -0.0244344 -0.0214417 -0.0280808 -0.0247221 -0.0326208 -0.0280808 -0.0364845 -0.0315437 -0.0280808 -0.0247221 -0.0315437 -0.0278798 7.3235e-13 5.11859e-13 -0.00369224 -0.00327652 5.11859e-13 2.72839e-13 -0.00327652 -0.00295176 -0.00369224 -0.00327652 -0.00736359 -0.00653852 -0.00327652 -0.00295176 -0.00653852 -0.00589516 2.72839e-13 2.06883e-14 -0.00295176 -0.00267701 2.06883e-14 -2.71326e-13 -0.00267701 -0.00238443 -0.00295176 -0.00267701 -0.00589516 -0.00535574 -0.00267701 -0.00238443 -0.00535574 -0.00479271 -0.00736359 -0.00653852 -0.0109935 -0.00977155 -0.00653852 -0.00589516 -0.00977155 -0.00882129 -0.0109935 -0.00977155 -0.0145619 -0.0129614 -0.00977155 -0.00882129 -0.0129614 -0.0117202 -0.00589516 -0.00535574 -0.00882129 -0.00803606 -0.00535574 -0.00479271 -0.00803606 -0.00724479 -0.00882129 -0.00803606 -0.0117202 -0.0107143 -0.00803606 -0.00724479 -0.0107143 -0.00975261 -2.71326e-13 -6.54785e-13 -0.00238443 -0.00192788 -6.54785e-13 -1.17955e-12 -0.00192788 -0.0010224 -0.00238443 -0.00192788 -0.00479271 -0.00392561 -0.00192788 -0.0010224 -0.00392561 -0.00217491 -1.17955e-12 -1.81914e-12 -0.0010224 0.000636443 -1.81914e-12 -2.40735e-12 0.000636443 0.00279419 -0.0010224 0.000636443 -0.00217491 0.00118006 0.000636443 0.00279419 0.00118006 0.00562709 -0.00479271 -0.00392561 -0.00724479 -0.00605914 -0.00392561 -0.00217491 -0.00605914 -0.00360211 -0.00724479 -0.00605914 -0.00975261 -0.00838429 -0.00605914 -0.00360211 -0.00838429 -0.00547224 -0.00217491 0.00118006 -0.00360211 0.00150649 0.00118006 0.00562709 0.00150649 0.00857271 -0.00360211 0.00150649 -0.00547224 0.00138267 0.00150649 0.00857271 0.00138267 0.0118153 -0.0145619 -0.0129614 -0.0180502 -0.0160942 -0.0129614 -0.0117202 -0.0160942 -0.0145806 -0.0180502 -0.0160942 -0.0214417 -0.019157 -0.0160942 -0.0145806 -0.019157 -0.0173899 -0.0117202 -0.0107143 -0.0145806 -0.0133822 -0.0107143 -0.00975261 -0.0133822 -0.0123164 -0.0145806 -0.0133822 -0.0173899 -0.0160258 -0.0133822 -0.0123164 -0.0160258 -0.0149221 -0.0214417 -0.019157 -0.0247221 -0.022138 -0.019157 -0.0173899 -0.022138 -0.0201346 -0.0247221 -0.022138 -0.0278798 -0.0250251 -0.022138 -0.0201346 -0.0250251 -0.0227978 -0.0173899 -0.0160258 -0.0201346 -0.0186262 -0.0160258 -0.0149221 -0.0186262 -0.017544 -0.0201346 -0.0186262 -0.0227978 -0.0211538 -0.0186262 -0.017544 -0.0211538 -0.0200983 -0.00975261 -0.00838429 -0.0123164 -0.0109371 -0.00838429 -0.00547224 -0.0109371 -0.00797114 -0.0123164 -0.0109371 -0.0149221 -0.0137243 -0.0109371 -0.00797114 -0.0137243 -0.0113095 -0.00547224 0.00138267 -0.00797114 0.000221679 0.00138267 0.0118153 0.000221679 0.0158114 -0.00797114 0.000221679 -0.0113095 -0.00362622 0.000221679 0.0158114 -0.00362622 0.0213227 -0.0149221 -0.0137243 -0.017544 -0.0167552 -0.0137243 -0.0113095 -0.0167552 -0.0159677 -0.017544 -0.0167552 -0.0200983 -0.0196493 -0.0167552 -0.0159677 -0.0196493 -0.0198091 -0.0113095 -0.00362622 -0.0159677 -0.0136365 -0.00362622 0.0213227 -0.0136365 0.0258144 -0.0159677 -0.0136365 -0.0198091 -0.0204789 -0.0136365 0.0258144 -0.0204789 -0.0207534 -0.0112653 -0.0109218 -0.0114151 -0.0114059 -0.0109218 -0.0112626 -0.0114059 -0.0118241 -0.0114151 -0.0114059 -0.0117289 -0.0118281 -0.0114059 -0.0118241 -0.0118281 -0.0123055 -0.0112626 -0.0121456 -0.0118241 -0.0127445 -0.0121456 -0.013534 -0.0127445 -0.0141671 -0.0118241 -0.0127445 -0.0123055 -0.0132627 -0.0127445 -0.0141671 -0.0132627 -0.0147194 -0.0117289 -0.0118281 -0.0120364 -0.0121831 -0.0118281 -0.0123055 -0.0121831 -0.0127095 -0.0120364 -0.0121831 -0.0123036 -0.0124753 -0.0121831 -0.0127095 -0.0124753 -0.0130385 -0.0123055 -0.0132627 -0.0127095 -0.0137009 -0.0132627 -0.0147194 -0.0137009 -0.01519 -0.0127095 -0.0137009 -0.0130385 -0.0140593 -0.0137009 -0.01519 -0.0140593 -0.0155772 -0.013534 -0.0154069 -0.0141671 -0.0160891 -0.0154069 -0.0177648 -0.0160891 -0.0185242 -0.0141671 -0.0160891 -0.0147194 -0.016688 -0.0160891 -0.0185242 -0.016688 -0.0191943 -0.0177648 -0.0206265 -0.0185242 -0.0215095 -0.0206265 -0.0240566 -0.0215095 -0.0251331 -0.0185242 -0.0215095 -0.0191943 -0.0222896 -0.0215095 -0.0251331 -0.0222896 -0.0260761 -0.0147194 -0.016688 -0.01519 -0.0172012 -0.016688 -0.0191943 -0.0172012 -0.0197706 -0.01519 -0.0172012 -0.0155772 -0.0176254 -0.0172012 -0.0197706 -0.0176254 -0.0202485 -0.0191943 -0.0222896 -0.0197706 -0.0229604 -0.0222896 -0.0260761 -0.0229604 -0.026879 -0.0197706 -0.0229604 -0.0202485 -0.0235158 -0.0229604 -0.026879 -0.0235158 -0.0275376 -0.0123036 -0.0124753 -0.0125184 -0.0127047 -0.0124753 -0.0130385 -0.0127047 -0.0132939 -0.0125184 -0.0127047 -0.0126749 -0.0128698 -0.0127047 -0.0132939 -0.0128698 -0.0134761 -0.0130385 -0.0140593 -0.0132939 -0.0143382 -0.0140593 -0.0155772 -0.0143382 -0.0158797 -0.0132939 -0.0143382 -0.0134761 -0.0145374 -0.0143382 -0.0158797 -0.0145374 -0.0160966 -0.0126749 -0.0128698 -0.01277 -0.0129694 -0.0128698 -0.0134761 -0.0129694 -0.0135854 -0.01277 -0.0129694 -0.0128018 -0.0130027 -0.0129694 -0.0135854 -0.0130027 -0.0136219 -0.0134761 -0.0145374 -0.0135854 -0.014657 -0.0145374 -0.0160966 -0.014657 -0.016227 -0.0135854 -0.014657 -0.0136219 -0.0146969 -0.014657 -0.016227 -0.0146969 -0.0162705 -0.0155772 -0.0176254 -0.0158797 -0.0179581 -0.0176254 -0.0202485 -0.0179581 -0.0206238 -0.0158797 -0.0179581 -0.0160966 -0.0181971 -0.0179581 -0.0206238 -0.0181971 -0.0208938 -0.0202485 -0.0235158 -0.0206238 -0.0239513 -0.0235158 -0.0275376 -0.0239513 -0.0280499 -0.0206238 -0.0239513 -0.0208938 -0.0242641 -0.0239513 -0.0280499 -0.0242641 -0.0284155 -0.0160966 -0.0181971 -0.016227 -0.0183411 -0.0181971 -0.0208938 -0.0183411 -0.0210566 -0.016227 -0.0183411 -0.0162705 -0.0183892 -0.0183411 -0.0210566 -0.0183892 -0.021111 -0.0208938 -0.0242641 -0.0210566 -0.0244524 -0.0242641 -0.0284155 -0.0244524 -0.0286345 -0.0210566 -0.0244524 -0.021111 -0.0245153 -0.0244524 -0.0286345 -0.0245153 -0.0287075 -0.0240566 -0.0282514 -0.0251331 -0.0295988 -0.0282514 -0.0336889 -0.0295988 -0.0353169 -0.0251331 -0.0295988 -0.0260761 -0.0307512 -0.0295988 -0.0353169 -0.0307512 -0.0366537 -0.0336889 -0.0412296 -0.0353169 -0.042922 -0.0412296 -0.0518733 -0.042922 -0.0530151 -0.0353169 -0.042922 -0.0366537 -0.0442292 -0.042922 -0.0530151 -0.0442292 -0.0537846 -0.0260761 -0.0307512 -0.026879 -0.0317094 -0.0307512 -0.0366537 -0.0317094 -0.037722 -0.026879 -0.0317094 -0.0275376 -0.0324792 -0.0317094 -0.037722 -0.0324792 -0.0385515 -0.0366537 -0.0442292 -0.037722 -0.0452112 -0.0442292 -0.0537846 -0.0452112 -0.0542748 -0.037722 -0.0452112 -0.0385515 -0.0459324 -0.0452112 -0.0542748 -0.0459324 -0.0545747 -0.0518733 -0.0658681 -0.0530151 -0.0654809 -0.0658681 -0.0814288 -0.0654809 -0.0786484 -0.0530151 -0.0654809 -0.0537846 -0.0649762 -0.0654809 -0.0786484 -0.0649762 -0.0762781 -0.0814288 -0.0942928 -0.0786484 -0.0891618 -0.0942928 -0.0995015 -0.0891618 -0.0933697 -0.0786484 -0.0891618 -0.0762781 -0.085028 -0.0891618 -0.0933697 -0.085028 -0.0884992 -0.0537846 -0.0649762 -0.0542748 -0.0644352 -0.0649762 -0.0762781 -0.0644352 -0.0743133 -0.0542748 -0.0644352 -0.0545747 -0.0639258 -0.0644352 -0.0743133 -0.0639258 -0.0727372 -0.0762781 -0.085028 -0.0743133 -0.0817618 -0.085028 -0.0884992 -0.0817618 -0.0846982 -0.0743133 -0.0817618 -0.0727372 -0.0792375 -0.0817618 -0.0846982 -0.0792375 -0.0817897 -0.0275376 -0.0324792 -0.0280499 -0.0330679 -0.0324792 -0.0385515 -0.0330679 -0.0391683 -0.0280499 -0.0330679 -0.0284155 -0.0334825 -0.0330679 -0.0391683 -0.0334825 -0.0395936 -0.0385515 -0.0459324 -0.0391683 -0.0464439 -0.0459324 -0.0545747 -0.0464439 -0.0547494 -0.0391683 -0.0464439 -0.0395936 -0.0467834 -0.0464439 -0.0547494 -0.0467834 -0.0548448 -0.0284155 -0.0334825 -0.0286345 -0.0337288 -0.0334825 -0.0395936 -0.0337288 -0.0398426 -0.0286345 -0.0337288 -0.0287075 -0.0338105 -0.0337288 -0.0398426 -0.0338105 -0.0399246 -0.0395936 -0.0467834 -0.0398426 -0.0469771 -0.0467834 -0.0548448 -0.0469771 -0.0548907 -0.0398426 -0.0469771 -0.0399246 -0.04704 -0.0469771 -0.0548907 -0.04704 -0.0549042 -0.0545747 -0.0639258 -0.0547494 -0.0634933 -0.0639258 -0.0727372 -0.0634933 -0.0715324 -0.0547494 -0.0634933 -0.0548448 -0.063167 -0.0634933 -0.0715324 -0.063167 -0.0706835 -0.0727372 -0.0792375 -0.0715324 -0.0773609 -0.0792375 -0.0817897 -0.0773609 -0.0796438 -0.0715324 -0.0773609 -0.0706835 -0.0760649 -0.0773609 -0.0796438 -0.0760649 -0.0781699 -0.0548448 -0.063167 -0.0548907 -0.0629648 -0.063167 -0.0706835 -0.0629648 -0.070179 -0.0548907 -0.0629648 -0.0549042 -0.0628964 -0.0629648 -0.070179 -0.0628964 -0.0700117 -0.0706835 -0.0760649 -0.070179 -0.0753044 -0.0760649 -0.0781699 -0.0753044 -0.0773082 -0.070179 -0.0753044 -0.0700117 -0.0750538 -0.0753044 -0.0773082 -0.0750538 -0.0770247 -0.0995015 -0.094789 -0.0933697 -0.089651 -0.094789 -0.0824014 -0.089651 -0.0796137 -0.0933697 -0.089651 -0.0884992 -0.085513 -0.089651 -0.0796137 -0.085513 -0.0772395 -0.0824014 -0.0672954 -0.0796137 -0.0669079 -0.0672954 -0.0537465 -0.0669079 -0.054898 -0.0796137 -0.0669079 -0.0772395 -0.0664041 -0.0669079 -0.054898 -0.0664041 -0.0556762 -0.0884992 -0.085513 -0.0846982 -0.0822442 -0.085513 -0.0772395 -0.0822442 -0.0752723 -0.0846982 -0.0822442 -0.0817897 -0.0797182 -0.0822442 -0.0752723 -0.0797182 -0.073695 -0.0772395 -0.0664041 -0.0752723 -0.0658647 -0.0664041 -0.0556762 -0.0658647 -0.056174 -0.0752723 -0.0658647 -0.073695 -0.065357 -0.0658647 -0.056174 -0.065357 -0.0564802 -0.0537465 -0.043555 -0.054898 -0.0452672 -0.043555 -0.0364845 -0.0452672 -0.0381415 -0.054898 -0.0452672 -0.0556762 -0.0465914 -0.0452672 -0.0381415 -0.0465914 -0.0395031 -0.0364845 -0.0315437 -0.0381415 -0.0329284 -0.0315437 -0.0278798 -0.0329284 -0.0290013 -0.0381415 -0.0329284 -0.0395031 -0.0341127 -0.0329284 -0.0290013 -0.0341127 -0.0299824 -0.0556762 -0.0465914 -0.056174 -0.0475877 -0.0465914 -0.0395031 -0.0475877 -0.0405921 -0.056174 -0.0475877 -0.0564802 -0.0483205 -0.0475877 -0.0405921 -0.0483205 -0.0414384 -0.0395031 -0.0341127 -0.0405921 -0.0350974 -0.0341127 -0.0299824 -0.0350974 -0.0308168 -0.0405921 -0.0350974 -0.0414384 -0.0358887 -0.0350974 -0.0308168 -0.0358887 -0.0315007 -0.0817897 -0.0797182 -0.0796438 -0.0778407 -0.0797182 -0.073695 -0.0778407 -0.0724896 -0.0796438 -0.0778407 -0.0781699 -0.0765441 -0.0778407 -0.0724896 -0.0765441 -0.0716405 -0.073695 -0.065357 -0.0724896 -0.0649261 -0.065357 -0.0564802 -0.0649261 -0.0566601 -0.0724896 -0.0649261 -0.0716405 -0.0646011 -0.0649261 -0.0566601 -0.0646011 -0.0567591 -0.0781699 -0.0765441 -0.0773082 -0.0757834 -0.0765441 -0.0716405 -0.0757834 -0.071136 -0.0773082 -0.0757834 -0.0770247 -0.0755326 -0.0757834 -0.071136 -0.0755326 -0.0709686 -0.0716405 -0.0646011 -0.071136 -0.0643998 -0.0646011 -0.0567591 -0.0643998 -0.0568073 -0.071136 -0.0643998 -0.0709686 -0.0643316 -0.0643998 -0.0568073 -0.0643316 -0.0568215 -0.0564802 -0.0483205 -0.0566601 -0.0488411 -0.0483205 -0.0414384 -0.0488411 -0.0420682 -0.0566601 -0.0488411 -0.0567591 -0.0491871 -0.0488411 -0.0420682 -0.0491871 -0.0425027 -0.0414384 -0.0358887 -0.0420682 -0.036494 -0.0358887 -0.0315007 -0.036494 -0.0320322 -0.0420682 -0.036494 -0.0425027 -0.0369203 -0.036494 -0.0320322 -0.0369203 -0.0324113 -0.0567591 -0.0491871 -0.0568073 -0.0493846 -0.0491871 -0.0425027 -0.0493846 -0.0427573 -0.0568073 -0.0493846 -0.0568215 -0.0494488 -0.0493846 -0.0427573 -0.0494488 -0.0428411 -0.0425027 -0.0369203 -0.0427573 -0.0371736 -0.0369203 -0.0324113 -0.0371736 -0.0326384 -0.0427573 -0.0371736 -0.0428411 -0.0372576 -0.0371736 -0.0326384 -0.0372576 -0.0327141 -0.0278798 -0.0250251 -0.0290013 -0.0259594 -0.0250251 -0.0227978 -0.0259594 -0.0236107 -0.0290013 -0.0259594 -0.0299824 -0.026782 -0.0259594 -0.0236107 -0.026782 -0.0243231 -0.0227978 -0.0211538 -0.0236107 -0.0218815 -0.0211538 -0.0200983 -0.0218815 -0.0207479 -0.0236107 -0.0218815 -0.0243231 -0.0225126 -0.0218815 -0.0207479 -0.0225126 -0.0213029 -0.0299824 -0.026782 -0.0308168 -0.0274872 -0.026782 -0.0243231 -0.0274872 -0.0249322 -0.0308168 -0.0274872 -0.0315007 -0.0280695 -0.0274872 -0.0249322 -0.0280695 -0.0254346 -0.0243231 -0.0225126 -0.0249322 -0.0230476 -0.0225126 -0.0213029 -0.0230476 -0.0217674 -0.0249322 -0.0230476 -0.0254346 -0.023486 -0.0230476 -0.0217674 -0.023486 -0.0221444 -0.0200983 -0.0196493 -0.0207479 -0.020197 -0.0196493 -0.0198091 -0.020197 -0.0201904 -0.0207479 -0.020197 -0.0213029 -0.020655 -0.020197 -0.0201904 -0.020655 -0.020501 -0.0198091 -0.0204789 -0.0201904 -0.0205783 -0.0204789 -0.0207534 -0.0205783 -0.0207996 -0.0201904 -0.0205783 -0.020501 -0.0206701 -0.0205783 -0.0207996 -0.0206701 -0.0207941 -0.0213029 -0.020655 -0.0217674 -0.0210326 -0.020655 -0.020501 -0.0210326 -0.0207559 -0.0217674 -0.0210326 -0.0221444 -0.0213357 -0.0210326 -0.0207559 -0.0213357 -0.0209618 -0.020501 -0.0206701 -0.0207559 -0.0207719 -0.0206701 -0.0207941 -0.0207719 -0.0208229 -0.0207559 -0.0207719 -0.0209618 -0.0208706 -0.0207719 -0.0208229 -0.0208706 -0.0208716 -0.0315007 -0.0280695 -0.0320322 -0.0285253 -0.0280695 -0.0254346 -0.0285253 -0.0258277 -0.0320322 -0.0285253 -0.0324113 -0.0288521 -0.0285253 -0.0258277 -0.0288521 -0.0261097 -0.0254346 -0.023486 -0.0258277 -0.0238273 -0.023486 -0.0221444 -0.0238273 -0.0224357 -0.0258277 -0.0238273 -0.0261097 -0.0240713 -0.0238273 -0.0224357 -0.0240713 -0.0226429 -0.0324113 -0.0288521 -0.0326384 -0.0290487 -0.0288521 -0.0261097 -0.0290487 -0.0262793 -0.0326384 -0.0290487 -0.0327141 -0.0291143 -0.0290487 -0.0262793 -0.0291143 -0.0263359 -0.0261097 -0.0240713 -0.0262793 -0.0242178 -0.0240713 -0.0226429 -0.0242178 -0.0227668 -0.0262793 -0.0242178 -0.0263359 -0.0242666 -0.0242178 -0.0227668 -0.0242666 -0.0228081 -0.0221444 -0.0213357 -0.0224357 -0.0215683 -0.0213357 -0.0209618 -0.0215683 -0.0211213 -0.0224357 -0.0215683 -0.0226429 -0.021733 -0.0215683 -0.0211213 -0.021733 -0.0212354 -0.0209618 -0.0208706 -0.0211213 -0.0209561 -0.0208706 -0.0208716 -0.0209561 -0.020924 -0.0211213 -0.0209561 -0.0212354 -0.0210218 -0.0209561 -0.020924 -0.0210218 -0.0209685 -0.0226429 -0.021733 -0.0227668 -0.0218313 -0.021733 -0.0212354 -0.0218313 -0.021304 -0.0227668 -0.0218313 -0.0228081 -0.021864 -0.0218313 -0.021304 -0.021864 -0.0213269 -0.0212354 -0.0210218 -0.021304 -0.0210629 -0.0210218 -0.0209685 -0.0210629 -0.020998 -0.021304 -0.0210629 -0.0213269 -0.0210769 -0.0210629 -0.020998 -0.0210769 -0.0210082 
SCALARS conc double 1
LOOKUP_TABLE default
0 0 0 1.35852 0 0 1.35852 2.5601 0 1.35852 0 2.60969 1.35852 2.5601 2.60969 4.90777 0 0 2.5601 3.53774 0 0 3.53774 4.3071 2.5601 3.53774 4.90777 6.76715 3.53774 4.3071 6.76715 8.22592 0 2.60969 0 3.65557 2.60969 4.90777 3.65557 6.84704 0 3.65557 0 4.41215 3.65557 6.84704 4.41215 8.20657 4.90777 6.76715 6.84704 9.40289 6.76715 8.22592 9.40289 11.3977 6.84704 9.40289 8.20657 11.1954 9.40289 11.3977 11.1954 13.5113 0 0 4.3071 4.91873 0 0 4.91873 5.42045 4.3071 4.91873 8.22592 9.38545 4.91873 5.42045 9.38545 10.3377 0 0 5.42045 5.84536 0 0 5.84536 6.21328 5.42045 5.84536 10.3377 11.1451 5.84536 6.21328 11.1451 11.845 8.22592 9.38545 11.3977 12.9832 9.38545 10.3377 12.9832 14.2878 11.3977 12.9832 13.5113 15.3529 12.9832 14.2878 15.3529 16.8728 10.3377 11.1451 14.2878 15.3964 11.1451 11.845 15.3964 16.3591 14.2878 15.3964 16.8728 18.1687 15.3964 16.3591 18.1687 19.2968 0 4.41215 0 4.81515 4.41215 8.20657 4.81515 8.84869 0 4.81515 0 4.82633 4.81515 8.84869 4.82633 8.67597 8.20657 11.1954 8.84869 11.9449 11.1954 13.5113 11.9449 14.3228 8.84869 11.9449 8.67597 11.513 11.9449 14.3228 11.513 13.6731 0 4.82633 0 4.44139 4.82633 8.67597 4.44139 7.63257 0 4.44139 0 3.70308 4.44139 7.63257 3.70308 5.69511 8.67597 11.513 7.63257 9.83192 11.513 13.6731 9.83192 11.5014 7.63257 9.83192 5.69511 6.91273 9.83192 11.5014 6.91273 7.85545 13.5113 15.3529 14.3228 16.2174 15.3529 16.8728 16.2174 17.7883 14.3228 16.2174 13.6731 15.4022 16.2174 17.7883 15.4022 16.8465 16.8728 18.1687 17.7883 19.1339 18.1687 19.2968 19.1339 20.3097 17.7883 19.1339 16.8465 18.0922 19.1339 20.3097 18.0922 19.1867 13.6731 15.4022 11.5014 12.8512 15.4022 16.8465 12.8512 13.9933 11.5014 12.8512 7.85545 8.63629 12.8512 13.9933 8.63629 9.31926 16.8465 18.0922 13.9933 14.99 18.0922 19.1867 14.99 15.8736 13.9933 14.99 9.31926 9.93118 14.99 15.8736 9.93118 10.4842 0 0 6.21328 6.53473 0 0 6.53473 6.81425 6.21328 6.53473 11.845 12.457 6.53473 6.81425 12.457 12.9895 0 0 6.81425 7.05247 0 0 7.05247 7.24732 6.81425 7.05247 12.9895 13.4437 7.05247 7.24732 13.4437 13.8153 11.845 12.457 16.3591 17.202 12.457 12.9895 17.202 17.9363 16.3591 17.202 19.2968 20.2866 17.202 17.9363 20.2866 21.1504 12.9895 13.4437 17.9363 18.5632 13.4437 13.8153 18.5632 19.0767 17.9363 18.5632 21.1504 21.8891 18.5632 19.0767 21.8891 22.4952 0 0 7.24732 7.3952 0 0 7.3952 7.4925 7.24732 7.3952 13.8153 14.0974 7.3952 7.4925 14.0974 14.2825 0 0 7.4925 7.5377 0 0 7.5377 7.53286 7.4925 7.5377 14.2825 14.3676 7.5377 7.53286 14.3676 14.3567 13.8153 14.0974 19.0767 19.4664 14.0974 14.2825 19.4664 19.7211 19.0767 19.4664 22.4952 22.9549 19.4664 19.7211 22.9549 23.2536 14.2825 14.3676 19.7211 19.8359 14.3676 14.3567 19.8359 19.8165 19.7211 19.8359 23.2536 23.3838 19.8359 19.8165 23.3838 23.3526 19.2968 20.2866 20.3097 21.3443 20.2866 21.1504 21.3443 22.2495 20.3097 21.3443 19.1867 20.1539 21.3443 22.2495 20.1539 21.0032 21.1504 21.8891 22.2495 23.0257 21.8891 22.4952 23.0257 23.664 22.2495 23.0257 21.0032 21.7344 23.0257 23.664 21.7344 22.3384 19.1867 20.1539 15.8736 16.6596 20.1539 21.0032 16.6596 17.3542 15.8736 16.6596 10.4842 10.9835 16.6596 17.3542 10.9835 11.4306 21.0032 21.7344 17.3542 17.9564 21.7344 22.3384 17.9564 18.4579 17.3542 17.9564 11.4306 11.8245 17.9564 18.4579 11.8245 12.1593 22.4952 22.9549 23.664 24.1483 22.9549 23.2536 24.1483 24.46 23.664 24.1483 22.3384 22.7971 24.1483 24.46 22.7971 23.0879 23.2536 23.3838 24.46 24.5883 23.3838 23.3526 24.5883 24.5416 24.46 24.5883 23.0879 23.196 24.5883 24.5416 23.196 23.13 22.3384 22.7971 18.4579 18.8401 22.7971 23.0879 18.8401 19.0765 18.4579 18.8401 12.1593 12.4177 18.8401 19.0765 12.4177 12.5692 23.0879 23.196 19.0765 19.1466 23.196 23.13 19.1466 19.0579 19.0765 19.1466 12.5692 12.5859 19.1466 19.0579 12.5859 12.4725 0 0 7.53286 7.48333 0 0 7.48333 7.39537 7.53286 7.48333 14.3567 14.2605 7.48333 7.39537 14.2605 14.0916 0 0 7.39537 7.27308 0 0 7.27308 7.11669 7.39537 7.27308 14.0916 13.8582 7.27308 7.11669 13.8582 13.5606 14.3567 14.2605 19.8165 19.6791 14.2605 14.0916 19.6791 19.4428 19.8165 19.6791 23.3526 23.1819 19.6791 19.4428 23.1819 22.8974 14.0916 13.8582 19.4428 19.1199 13.8582 13.5606 19.1199 18.7104 19.4428 19.1199 22.8974 22.5154 19.1199 18.7104 22.5154 22.0355 0 0 7.11669 6.923 0 0 6.923 6.68735 7.11669 6.923 13.5606 13.1923 6.923 6.68735 13.1923 12.744 0 0 6.68735 6.40522 0 0 6.40522 6.0726 6.68735 6.40522 12.744 12.2071 6.40522 6.0726 12.2071 11.5739 13.5606 13.1923 18.7104 18.2043 13.1923 12.744 18.2043 17.5878 18.7104 18.2043 22.0355 21.4436 18.2043 17.5878 21.4436 20.7214 12.744 12.2071 17.5878 16.8485 12.2071 11.5739 16.8485 15.9764 17.5878 16.8485 20.7214 19.8536 16.8485 15.9764 19.8536 18.8292 23.3526 23.1819 24.5416 24.3473 23.1819 22.8974 24.3473 24.0383 24.5416 24.3473 23.13 22.9231 24.3473 24.0383 22.9231 22.6162 22.8974 22.5154 24.0383 23.6348 22.5154 22.0355 23.6348 23.135 24.0383 23.6348 22.6162 22.2331 23.6348 23.135 22.2331 21.7699 23.13 22.9231 19.0579 18.8504 22.9231 22.6162 18.8504 18.5734 19.0579 18.8504 12.4725 12.2762 18.8504 18.5734 12.2762 12.0563 22.6162 22.2331 18.5734 18.2541 22.2331 21.7699 18.2541 17.8853 18.5734 18.2541 12.0563 11.843 18.2541 17.8853 11.843 11.6236 22.0355 21.4436 23.135 22.5205 21.4436 20.7214 22.5205 21.7686 23.135 22.5205 21.7699 21.2027 22.5205 21.7686 21.2027 20.5048 20.7214 19.8536 21.7686 20.8622 19.8536 18.8292 20.8622 19.7907 21.7686 20.8622 20.5048 19.6584 20.8622 19.7907 19.6584 18.6553 21.7699 21.2027 17.8853 17.4367 21.2027 20.5048 17.4367 16.8776 17.8853 17.4367 11.6236 11.3604 17.4367 16.8776 11.3604 11.0189 20.5048 19.6584 16.8776 16.191 19.6584 18.6553 16.191 15.3732 16.8776 16.191 11.0189 10.5848 16.191 15.3732 10.5848 10.061 0 0 6.0726 5.68475 0 0 5.68475 5.23383 6.0726 5.68475 11.5739 10.8357 5.68475 5.23383 10.8357 9.97799 0 0 5.23383 4.70595 0 0 4.70595 4.07802 5.23383 4.70595 9.97799 8.97484 4.70595 4.07802 8.97484 7.78274 11.5739 10.8357 15.9764 14.96 10.8357 9.97799 14.96 13.7805 15.9764 14.96 18.8292 17.6361 14.96 13.7805 17.6361 16.2538 9.97799 8.97484 13.7805 12.4031 8.97484 7.78274 12.4031 10.769 13.7805 12.4031 16.2538 14.6435 12.4031 10.769 14.6435 12.7381 0 0 4.07802 3.31587 0 0 3.31587 2.38077 4.07802 3.31587 7.78274 6.33644 3.31587 2.38077 6.33644 4.55875 0 0 2.38077 1.25776 0 0 1.25776 0 2.38077 1.25776 4.55875 2.41352 1.25776 0 2.41352 0 7.78274 6.33644 10.769 8.78834 6.33644 4.55875 8.78834 6.347 10.769 8.78834 12.7381 10.4328 8.78834 6.347 10.4328 7.58232 4.55875 2.41352 6.347 3.37464 2.41352 0 3.37464 0 6.347 3.37464 7.58232 4.06265 3.37464 0 4.06265 0 18.8292 17.6361 19.7907 18.5438 17.6361 16.2538 18.5438 17.1026 19.7907 18.5438 18.6553 17.4893 18.5438 17.1026 17.4893 16.1467 16.2538 14.6435 17.1026 15.4297 14.6435 12.7381 15.4297 13.458 17.1026 15.4297 16.1467 14.5964 15.4297 13.458 14.5964 12.7804 18.6553 17.4893 15.3732 14.4242 17.4893 16.1467 14.4242 13.3381 15.3732 14.4242 10.061 9.45501 14.4242 13.3381 9.45501 8.77058 16.1467 14.5964 13.3381 12.0949 14.5964 12.7804 12.0949 10.6549 13.3381 12.0949 8.77058 8.0031 12.0949 10.6549 8.0031 7.1343 12.7381 10.4328 13.458 11.0801 10.4328 7.58232 11.0801 8.13375 13.458 11.0801 12.7804 10.6015 11.0801 8.13375 10.6015 7.90778 7.58232 4.06265 8.13375 4.41956 4.06265 0 4.41956 0 8.13375 4.41956 7.90778 4.41578 4.41956 0 4.41578 0 12.7804 10.6015 10.6549 8.94151 10.6015 7.90778 8.94151 6.84531 10.6549 8.94151 7.1343 6.13508 8.94151 6.84531 6.13508 4.89883 7.90778 4.41578 6.84531 4.06197 4.41578 0 4.06197 0 6.84531 4.06197 4.89883 3.43327 4.06197 0 3.43327 0 0 3.70308 1 5.5773 3.70308 5.69511 5.5773 7.23119 1 5.5773 1 7.67481 5.5773 7.23119 7.67481 8.48616 5.69511 6.91273 7.23119 8.41443 6.91273 7.85545 8.41443 9.37441 7.23119 8.41443 8.48616 9.77897 8.41443 9.37441 9.77897 10.7105 1 7.67481 1 9.80365 7.67481 8.48616 9.80365 9.36449 1 9.80365 1 11.7568 9.80365 9.36449 11.7568 9.89822 8.48616 9.77897 9.36449 10.9861 9.77897 10.7105 10.9861 11.8259 9.36449 10.9861 9.89822 12.0257 10.9861 11.8259 12.0257 12.7065 7.85545 8.63629 9.37441 10.1968 8.63629 9.31926 10.1968 10.9353 9.37441 10.1968 10.7105 11.5714 10.1968 10.9353 11.5714 12.3487 9.31926 9.93118 10.9353 11.6049 9.93118 10.4842 11.6049 12.214 10.9353 11.6049 12.3487 13.0611 11.6049 12.214 13.0611 13.7102 10.7105 11.5714 11.8259 12.744 11.5714 12.3487 12.744 13.5427 11.8259 12.744 12.7065 13.709 12.744 13.5427 13.709 14.5091 12.3487 13.0611 13.5427 14.2878 13.0611 13.7102 14.2878 14.9618 13.5427 14.2878 14.5091 15.2807 14.2878 14.9618 15.2807 15.9661 1 11.7568 1 13.3809 11.7568 9.89822 13.3809 10.1785 1 13.3809 1 14.5834 13.3809 10.1785 14.5834 10.3029 9.89822 12.0257 10.1785 12.879 12.0257 12.7065 12.879 13.3587 10.1785 12.879 10.3029 13.5179 12.879 13.3587 13.5179 13.8015 1 14.5834 1 15.3177 14.5834 10.3029 15.3177 10.3473 1 15.3177 1 15.5642 15.3177 10.3473 15.5642 10.3572 10.3029 13.5179 10.3473 13.9143 13.5179 13.8015 13.9143 14.0563 10.3473 13.9143 10.3572 14.0488 13.9143 14.0563 14.0488 14.1393 12.7065 13.709 13.3587 14.464 13.709 14.5091 14.464 15.2479 13.3587 14.464 13.8015 15.0067 14.464 15.2479 15.0067 15.7654 14.5091 15.2807 15.2479 16.042 15.2807 15.9661 16.042 16.7282 15.2479 16.042 15.7654 16.578 16.042 16.7282 16.578 17.259 13.8015 15.0067 14.0563 15.334 15.0067 15.7654 15.334 16.0708 14.0563 15.334 14.1393 15.4434 15.334 16.0708 15.4434 16.1715 15.7654 16.578 16.0708 16.8959 16.578 17.259 16.8959 17.571 16.0708 16.8959 16.1715 17.0012 16.8959 17.571 17.0012 17.6738 10.4842 10.9835 12.214 12.765 10.9835 11.4306 12.765 13.2571 12.214 12.765 13.7102 14.2963 12.765 13.2571 14.2963 14.8153 11.4306 11.8245 13.2571 13.6843 11.8245 12.1593 13.6843 14.0325 13.2571 13.6843 14.8153 15.257 13.6843 14.0325 15.257 15.6026 13.7102 14.2963 14.9618 15.5675 14.2963 14.8153 15.5675 16.0963 14.9618 15.5675 15.9661 16.5792 15.5675 16.0963 16.5792 17.1053 14.8153 15.257 16.0963 16.5361 15.257 15.6026 16.5361 16.8679 16.0963 16.5361 17.1053 17.5342 16.5361 16.8679 17.5342 17.8502 12.1593 12.4177 14.0325 14.2765 12.4177 12.5692 14.2765 14.3885 14.0325 14.2765 15.6026 15.8262 14.2765 14.3885 15.8262 15.9084 12.5692 12.5859 14.3885 14.3594 12.5859 12.4725 14.3594 14.2177 14.3885 14.3594 15.9084 15.8556 14.3594 14.2177 15.8556 15.7068 15.6026 15.8262 16.8679 17.0717 15.8262 15.9084 17.0717 17.1392 16.8679 17.0717 17.8502 18.0417 17.0717 17.1392 18.0417 18.1095 15.9084 15.8556 17.1392 17.0863 15.8556 15.7068 17.0863 16.9507 17.1392 17.0863 18.1095 18.0719 17.0863 16.9507 18.0719 17.9584 15.9661 16.5792 16.7282 17.3412 16.5792 17.1053 17.3412 17.8584 16.7282 17.3412 17.259 17.869 17.3412 17.8584 17.869 18.3765 17.1053 17.5342 17.8584 18.2748 17.5342 17.8502 18.2748 18.579 17.8584 18.2748 18.3765 18.7831 18.2748 18.579 18.7831 19.081 17.259 17.869 17.571 18.1782 17.869 18.3765 18.1782 18.6786 17.571 18.1782 17.6738 18.2799 18.1782 18.6786 18.2799 18.7778 18.3765 18.7831 18.6786 19.0796 18.7831 19.081 19.0796 19.3752 18.6786 19.0796 18.7778 19.177 19.0796 19.3752 19.177 19.4721 17.8502 18.0417 18.579 18.7672 18.0417 18.1095 18.7672 18.8449 18.579 18.7672 19.081 19.2718 18.7672 18.8449 19.2718 19.3624 18.1095 18.0719 18.8449 18.8283 18.0719 17.9584 18.8283 18.7361 18.8449 18.8283 19.3624 19.3645 18.8283 18.7361 19.3645 19.288 19.081 19.2718 19.3752 19.57 19.2718 19.3624 19.57 19.6706 19.3752 19.57 19.4721 19.6687 19.57 19.6706 19.6687 19.773 19.3624 19.3645 19.6706 19.685 19.3645 19.288 19.685 19.6175 19.6706 19.685 19.773 19.7917 19.685 19.6175 19.7917 19.727 12.4725 12.2762 14.2177 14.0184 12.2762 12.0563 14.0184 13.8068 14.2177 14.0184 15.7068 15.5136 14.0184 13.8068 15.5136 15.3062 12.0563 11.843 13.8068 13.5907 11.843 11.6236 13.5907 13.3432 13.8068 13.5907 15.3062 15.0776 13.5907 13.3432 15.0776 14.7951 15.7068 15.5136 16.9507 16.7713 15.5136 15.3062 16.7713 16.5634 16.9507 16.7713 17.9584 17.7928 16.7713 16.5634 17.7928 17.5789 15.3062 15.0776 16.5634 16.3127 15.0776 14.7951 16.3127 15.9885 16.5634 16.3127 17.5789 17.3004 16.3127 15.9885 17.3004 16.9339 11.6236 11.3604 13.3432 13.026 11.3604 11.0189 13.026 12.6133 13.3432 13.026 14.7951 14.4244 13.026 12.6133 14.4244 13.948 11.0189 10.5848 12.6133 12.0996 10.5848 10.061 12.0996 11.4922 12.6133 12.0996 13.948 13.3669 12.0996 11.4922 13.3669 12.6921 14.7951 14.4244 15.9885 15.5651 14.4244 13.948 15.5651 15.0332 15.9885 15.5651 16.9339 16.4636 15.5651 15.0332 16.4636 15.8874 13.948 13.3669 15.0332 14.3987 13.3669 12.6921 14.3987 13.6741 15.0332 14.3987 15.8874 15.214 14.3987 13.6741 15.214 14.4565 17.9584 17.7928 18.7361 18.5795 17.7928 17.5789 18.5795 18.3553 18.7361 18.5795 19.288 19.1353 18.5795 18.3553 19.1353 18.9 17.5789 17.3004 18.3553 18.0492 17.3004 16.9339 18.0492 17.6461 18.3553 18.0492 18.9 18.5712 18.0492 17.6461 18.5712 18.1407 19.288 19.1353 19.6175 19.4656 19.1353 18.9 19.4656 19.222 19.6175 19.4656 19.727 19.5751 19.4656 19.222 19.5751 19.3285 18.9 18.5712 19.222 18.8786 18.5712 18.1407 18.8786 18.4316 19.222 18.8786 19.3285 18.98 18.8786 18.4316 18.98 18.5275 16.9339 16.4636 17.6461 17.1387 16.4636 15.8874 17.1387 16.5304 17.6461 17.1387 18.1407 17.6077 17.1387 16.5304 17.6077 16.9786 15.8874 15.214 16.5304 15.8314 15.214 14.4565 15.8314 15.0552 16.5304 15.8314 16.9786 16.2648 15.8314 15.0552 16.2648 15.48 18.1407 17.6077 18.4316 17.8837 17.6077 16.9786 17.8837 17.2434 18.4316 17.8837 18.5275 17.9749 17.8837 17.2434 17.9749 17.3311 16.9786 16.2648 17.2434 16.5225 16.2648 15.48 16.5225 15.7348 17.2434 16.5225 17.3311 16.6081 16.5225 15.7348 16.6081 15.8198 10.061 9.45501 11.4922 10.8013 9.45501 8.77058 10.8013 10.0323 11.4922 10.8013 12.6921 11.9353 10.8013 10.0323 11.9353 11.104 8.77058 8.0031 10.0323 9.18381 8.0031 7.1343 9.18381 8.24709 10.0323 9.18381 11.104 10.2014 9.18381 8.24709 10.2014 9.22592 12.6921 11.9353 13.6741 12.872 11.9353 11.104 12.872 12.0021 13.6741 12.872 14.4565 13.6281 12.872 12.0021 13.6281 12.7409 11.104 10.2014 12.0021 11.0723 10.2014 9.22592 11.0723 10.0908 12.0021 11.0723 12.7409 11.8076 11.0723 10.0908 11.8076 10.8451 7.1343 6.13508 8.24709 7.19521 6.13508 4.89883 7.19521 6.00972 8.24709 7.19521 9.22592 8.17385 7.19521 6.00972 8.17385 7.0341 4.89883 3.43327 6.00972 4.47948 3.43327 0 4.47948 2.98911 6.00972 4.47948 7.0341 5.80274 4.47948 2.98911 5.80274 5.03652 9.22592 8.17385 10.0908 9.07033 8.17385 7.0341 9.07033 8.03378 10.0908 9.07033 10.8451 9.88036 9.07033 8.03378 9.88036 8.96623 7.0341 5.80274 8.03378 7.09258 5.80274 5.03652 7.09258 6.64142 8.03378 7.09258 8.96623 8.237 7.09258 6.64142 8.237 7.9368 14.4565 13.6281 15.0552 14.2156 13.6281 12.7409 14.2156 13.3268 15.0552 14.2156 15.48 14.6386 14.2156 13.3268 14.6386 13.7566 12.7409 11.8076 13.3268 12.4058 11.8076 10.8451 12.4058 11.4761 13.3268 12.4058 13.7566 12.8539 12.4058 11.4761 12.8539 11.9584 15.48 14.6386 15.7348 14.8952 14.6386 13.7566 14.8952 14.0208 15.7348 14.8952 15.8198 14.9813 14.8952 14.0208 14.9813 14.1102 13.7566 12.8539 14.0208 13.1335 12.8539 11.9584 13.1335 12.2627 14.0208 13.1335 14.1102 13.2287 13.1335 12.2627 13.2287 12.3669 10.8451 9.88036 11.4761 10.5749 9.88036 8.96623 10.5749 9.76817 11.4761 10.5749 11.9584 11.112 10.5749 9.76817 11.112 10.3823 8.96623 8.237 9.76817 9.17592 8.237 7.9368 9.17592 8.95117 9.76817 9.17592 10.3823 9.8706 9.17592 8.95117 9.8706 9.68365 11.9584 11.112 12.2627 11.4521 11.112 10.3823 11.4521 10.7669 12.2627 11.4521 12.3669 11.5685 11.4521 10.7669 11.5685 10.8977 10.3823 9.8706 10.7669 10.2964 9.8706 9.68365 10.2964 10.1271 10.7669 10.2964 10.8977 10.4398 10.2964 10.1271 10.4398 10.2756 1 15.5642 1 15.3177 15.5642 10.3572 15.3177 10.3473 1 15.3177 1 14.5834 15.3177 10.3473 14.5834 10.3029 10.3572 14.0488 10.3473 13.9143 14.0488 14.1393 13.9143 14.0563 10.3473 13.9143 10.3029 13.5179 13.9143 14.0563 13.5179 13.8015 1 14.5834 1 13.3809 14.5834 10.3029 13.3809 10.1785 1 13.3809 1 11.7568 13.3809 10.1785 11.7568 9.89822 10.3029 13.5179 10.1785 12.879 13.5179 13.8015 12.879 13.3587 10.1785 12.879 9.89822 12.0257 12.879 13.3587 12.0257 12.7065 14.1393 15.4434 14.0563 15.334 15.4434 16.1715 15.334 16.0708 14.0563 15.334 13.8015 15.0067 15.334 16.0708 15.0067 15.7654 16.1715 17.0012 16.0708 16.8959 17.0012 17.6738 16.8959 17.571 16.0708 16.8959 15.7654 16.578 16.8959 17.571 16.578 17.259 13.8015 15.0067 13.3587 14.464 15.0067 15.7654 14.464 15.2479 13.3587 14.464 12.7065 13.709 14.464 15.2479 13.709 14.5091 15.7654 16.578 15.2479 16.042 16.578 17.259 16.042 16.7282 15.2479 16.042 14.5091 15.2807 16.042 16.7282 15.2807 15.9661 1 11.7568 1 9.80365 11.7568 9.89822 9.80365 9.36449 1 9.80365 1 7.67481 9.80365 9.36449 7.67481 8.48616 9.89822 12.0257 9.36449 10.9861 12.0257 12.7065 10.9861 11.8259 9.36449 10.9861 8.48616 9.77897 10.9861 11.8259 9.77897 10.7105 1 7.67481 1 5.5773 7.67481 8.48616 5.5773 7.23119 1 5.5773 0 3.70308 5.5773 7.23119 3.70308 5.69511 8.48616 9.77897 7.23119 8.41443 9.77897 10.7105 8.41443 9.37441 7.23119 8.41443 5.69511 6.91273 8.41443 9.37441 6.91273 7.85545 12.7065 13.709 11.8259 12.744 13.709 14.5091 12.744 13.5427 11.8259 12.744 10.7105 11.5714 12.744 13.5427 11.5714 12.3487 14.5091 15.2807 13.5427 14.2878 15.2807 15.9661 14.2878 14.9618 13.5427 14.2878 12.3487 13.0611 14.2878 14.9618 13.0611 13.7102 10.7105 11.5714 9.37441 10.1968 11.5714 12.3487 10.1968 10.9353 9.37441 10.1968 7.85545 8.63629 10.1968 10.9353 8.63629 9.31926 12.3487 13.0611 10.9353 11.6049 13.0611 13.7102 11.6049 12.214 10.9353 11.6049 9.31926 9.93118 11.6049 12.214 9.93118 10.4842 17.6738 18.2799 17.571 18.1782 18.2799 18.7778 18.1782 18.6786 17.571 18.1782 17.259 17.869 18.1782 18.6786 17.869 18.3765 18.7778 19.177 18.6786 19.0796 19.177 19.4721 19.0796 19.3752 18.6786 19.0796 18.3765 18.7831 19.0796 19.3752 18.7831 19.081 17.259 17.869 16.7282 17.3412 17.869 18.3765 17.3412 17.8584 16.7282 17.3412 15.9661 16.5792 17.3412 17.8584 16.5792 17.1053 18.3765 18.7831 17.8584 18.2748 18.7831 19.081 18.2748 18.579 17.8584 18.2748 17.1053 17.5342 18.2748 18.579 17.5342 17.8502 19.4721 19.6687 19.3752 19.57 19.6687 19.773 19.57 19.6706 19.3752 19.57 19.081 19.2718 19.57 19.6706 19.2718 19.3624 19.773 19.7917 19.6706 19.685 19.7917 19.727 19.685 19.6175 19.6706 19.685 19.3624 19.3645 19.685 19.6175 19.3645 19.288 19.081 19.2718 18.579 18.7672 19.2718 19.3624 18.7672 18.8449 18.579 18.7672 17.8502 18.0417 18.7672 18.8449 18.0417 18.1095 19.3624 19.3645 18.8449 18.8283 19.3645 19.288 18.8283 18.7361 18.8449 18.8283 18.1095 18.0719 18.8283 18.7361 18.0719 17.9584 15.9661 16.5792 14.9618 15.5675 16.5792 17.1053 15.5675 16.0963 14.9618 15.5675 13.7102 14.2963 15.5675 16.0963 14.2963 14.8153 17.1053 17.5342 16.0963 16.5361 17.5342 17.8502 16.5361 16.8679 16.0963 16.5361 14.8153 15.257 16.5361 16.8679 15.257 15.6026 13.7102 14.2963 12.214 12.765 14.2963 14.8153 12.765 13.2571 12.214 12.765 10.4842 10.9835 12.765 13.2571 10.9835 11.4306 14.8153 15.257 13.2571 13.6843 15.257 15.6026 13.6843 14.0325 13.2571 13.6843 11.4306 11.8245 13.6843 14.0325 11.8245 12.1593 17.8502 18.0417 16.8679 17.0717 18.0417 18.1095 17.0717 17.1392 16.8679 17.0717 15.6026 15.8262 17.0717 17.1392 15.8262 15.9084 18.1095 18.0719 17.1392 17.0863 18.0719 17.9584 17.0863 16.9507 17.1392 17.0863 15.9084 15.8556 17.0863 16.9507 15.8556 15.7068 15.6026 15.8262 14.0325 14.2765 15.8262 15.9084 14.2765 14.3885 14.0325 14.2765 12.1593 12.4177 14.2765 14.3885 12.4177 12.5692 15.9084 15.8556 14.3885 14.3594 15.8556 15.7068 14.3594 14.2177 14.3885 14.3594 12.5692 12.5859 14.3594 14.2177 12.5859 12.4725 19.727 19.5751 19.6175 19.4656 19.5751 19.3285 19.4656 19.222 19.6175 19.4656 19.288 19.1353 19.4656 19.222 19.1353 18.9 19.3285 18.98 19.222 18.8786 18.98 18.5275 18.8786 18.4316 19.222 18.8786 18.9 18.5712 18.8786 18.4316 18.5712 18.1407 19.288 19.1353 18.7361 18.5795 19.1353 18.9 18.5795 18.3553 18.7361 18.5795 17.9584 17.7928 18.5795 18.3553 17.7928 17.5789 18.9 18.5712 18.3553 18.0492 18.5712 18.1407 18.0492 17.6461 18.3553 18.0492 17.5789 17.3004 18.0492 17.6461 17.3004 16.9339 18.5275 17.9749 18.4316 17.8837 17.9749 17.3311 17.8837 17.2434 18.4316 17.8837 18.1407 17.6077 17.8837 17.2434 17.6077 16.9786 17.3311 16.6081 17.2434 16.5225 16.6081 15.8198 16.5225 15.7348 17.2434 16.5225 16.9786 16.2648 16.5225 15.7348 16.2648 15.48 18.1407 17.6077 17.6461 17.1387 17.6077 16.9786 17.1387 16.5304 17.6461 17.1387 16.9339 16.4636 17.1387 16.5304 16.4636 15.8874 16.9786 16.2648 16.5304 15.8314 16.2648 15.48 15.8314 15.0552 16.5304 15.8314 15.8874 15.214 15.8314 15.0552 15.214 14.4565 17.9584 17.7928 16.9507 16.7713 17.7928 17.5789 16.7713 16.5634 16.9507 16.7713 15.7068 15.5136 16.7713 16.5634 15.5136 15.3062 17.5789 17.3004 16.5634 16.3127 17.3004 16.9339 16.3127 15.9885 16.5634 16.3127 15.3062 15.0776 16.3127 15.9885 15.0776 14.7951 15.7068 15.5136 14.2177 14.0184 15.5136 15.3062 14.0184 13.8068 14.2177 14.0184 12.4725 12.2762 14.0184 13.8068 12.2762 12.0563 15.3062 15.0776 13.8068 13.5907 15.0776 14.7951 13.5907 13.3432 13.8068 13.5907 12.0563 11.843 13.5907 13.3432 11.843 11.6236 16.9339 16.4636 15.9885 15.5651 16.4636 15.8874 15.5651 15.0332 15.9885 15.5651 14.7951 14.4244 15.5651 15.0332 14.4244 13.948 15.8874 15.214 15.0332 14.3987 15.214 14.4565 14.3987 13.6741 15.0332 14.3987 13.948 13.3669 14.3987 13.6741 13.3669 12.6921 14.7951 14.4244 13.3432 13.026 14.4244 13.948 13.026 12.6133 13.3432 13.026 11.6236 11.3604 13.026 12.6133 11.3604 11.0189 13.948 13.3669 12.6133 12.0996 13.3669 12.6921 12.0996 11.4922 12.6133 12.0996 11.0189 10.5848 12.0996 11.4922 10.5848 10.061 15.8198 14.9813 15.7348 14.8952 14.9813 14.1102 14.8952 14.0208 15.7348 14.8952 15.48 14.6386 14.8952 14.0208 14.6386 13.7566 14.1102 13.2287 14.0208 13.1335 13.2287 12.3669 13.1335 12.2627 14.0208 13.1335 13.7566 12.8539 13.1335 12.2627 12.8539 11.9584 15.48 14.6386 15.0552 14.2156 14.6386 13.7566 14.2156 13.3268 15.0552 14.2156 14.4565 13.6281 14.2156 13.3268 13.6281 12.7409 13.7566 12.8539 13.3268 12.4058 12.8539 11.9584 12.4058 11.4761 13.3268 12.4058 12.7409 11.8076 12.4058 11.4761 11.8076 10.8451 12.3669 11.5685 12.2627 11.4521 11.5685 10.8977 11.4521 10.7669 12.2627 11.4521 11.9584 11.112 11.4521 10.7669 11.112 10.3823 10.8977 10.4398 10.7669 10.2964 10.4398 10.2756 10.2964 10.1271 10.7669 10.2964 10.3823 9.8706 10.2964 10.1271 9.8706 9.68365 11.9584 11.112 11.4761 10.5749 11.112 10.3823 10.5749 9.76817 11.4761 10.5749 10.8451 9.88036 10.5749 9.76817 9.88036 8.96623 10.3823 9.8706 9.76817 9.17592 9.8706 9.68365 9.17592 8.95117 9.76817 9.17592 8.96623 8.237 9.17592 8.95117 8.237 7.9368 14.4565 13.6281 13.6741 12.872 13.6281 12.7409 12.872 12.0021 13.6741 12.872 12.6921 11.9353 12.872 12.0021 11.9353 11.104 12.7409 11.8076 12.0021 11.0723 11.8076 10.8451 11.0723 10.0908 12.0021 11.0723 11.104 10.2014 11.0723 10.0908 10.2014 9.22592 12.6921 11.9353 11.4922 10.8013 11.9353 11.104 10.8013 10.0323 11.4922 10.8013 10.061 9.45501 10.8013 10.0323 9.45501 8.77058 11.104 10.2014 10.0323 9.18381 10.2014 9.22592 9.18381 8.24709 10.0323 9.18381 8.77058 8.0031 9.18381 8.24709 8.0031 7.1343 10.8451 9.88036 10.0908 9.07033 9.88036 8.96623 9.07033 8.03378 10.0908 9.07033 9.22592 8.17385 9.07033 8.03378 8.17385 7.0341 8.96623 8.237 8.03378 7.09258 8.237 7.9368 7.09258 6.64142 8.03378 7.09258 7.0341 5.80274 7.09258 6.64142 5.80274 5.03652 9.22592 8.17385 8.24709 7.19521 8.17385 7.0341 7.19521 6.00972 8.24709 7.19521 7.1343 6.13508 7.19521 6.00972 6.13508 4.89883 7.0341 5.80274 6.00972 4.47948 5.80274 5.03652 4.47948 2.98911 6.00972 4.47948 4.89883 3.43327 4.47948 2.98911 3.43327 0 0 3.70308 0 4.44139 3.70308 5.69511 4.44139 7.63257 0 4.44139 0 4.82633 4.44139 7.63257 4.82633 8.67597 5.69511 6.91273 7.63257 9.83192 6.91273 7.85545 9.83192 11.5014 7.63257 9.83192 8.67597 11.513 9.83192 11.5014 11.513 13.6731 0 4.82633 0 4.81515 4.82633 8.67597 4.81515 8.8487 0 4.81515 0 4.41216 4.81515 8.8487 4.41216 8.20657 8.67597 11.513 8.8487 11.9449 11.513 13.6731 11.9449 14.3228 8.8487 11.9449 8.20657 11.1954 11.9449 14.3228 11.1954 13.5113 7.85545 8.63629 11.5014 12.8512 8.63629 9.31926 12.8512 13.9933 11.5014 12.8512 13.6731 15.4022 12.8512 13.9933 15.4022 16.8465 9.31926 9.93118 13.9933 14.9901 9.93118 10.4842 14.9901 15.8736 13.9933 14.9901 16.8465 18.0922 14.9901 15.8736 18.0922 19.1867 13.6731 15.4022 14.3228 16.2174 15.4022 16.8465 16.2174 17.7883 14.3228 16.2174 13.5113 15.3529 16.2174 17.7883 15.3529 16.8728 16.8465 18.0922 17.7883 19.1339 18.0922 19.1867 19.1339 20.3097 17.7883 19.1339 16.8728 18.1687 19.1339 20.3097 18.1687 19.2968 0 4.41216 0 3.65558 4.41216 8.20657 3.65558 6.84705 0 3.65558 0 2.60969 3.65558 6.84705 2.60969 4.90778 8.20657 11.1954 6.84705 9.4029 11.1954 13.5113 9.4029 11.3977 6.84705 9.4029 4.90778 6.76716 9.4029 11.3977 6.76716 8.22592 0 2.60969 0 1.35852 2.60969 4.90778 1.35852 2.5601 0 1.35852 0 0 1.35852 2.5601 0 0 4.90778 6.76716 2.5601 3.53774 6.76716 8.22592 3.53774 4.3071 2.5601 3.53774 0 0 3.53774 4.3071 0 0 13.5113 15.3529 11.3977 12.9832 15.3529 16.8728 12.9832 14.2878 11.3977 12.9832 8.22592 9.38545 12.9832 14.2878 9.38545 10.3377 16.8728 18.1687 14.2878 15.3964 18.1687 19.2968 15.3964 16.3591 14.2878 15.3964 10.3377 11.1451 15.3964 16.3591 11.1451 11.845 8.22592 9.38545 4.3071 4.91874 9.38545 10.3377 4.91874 5.42045 4.3071 4.91874 0 0 4.91874 5.42045 0 0 10.3377 11.1451 5.42045 5.84537 11.1451 11.845 5.84537 6.21328 5.42045 5.84537 0 0 5.84537 6.21328 0 0 10.4842 10.9835 15.8736 16.6597 10.9835 11.4306 16.6597 17.3542 15.8736 16.6597 19.1867 20.1539 16.6597 17.3542 20.1539 21.0032 11.4306 11.8245 17.3542 17.9564 11.8245 12.1593 17.9564 18.4579 17.3542 17.9564 21.0032 21.7344 17.9564 18.4579 21.7344 22.3384 19.1867 20.1539 20.3097 21.3443 20.1539 21.0032 21.3443 22.2495 20.3097 21.3443 19.2968 20.2866 21.3443 22.2495 20.2866 21.1504 21.0032 21.7344 22.2495 23.0257 21.7344 22.3384 23.0257 23.664 22.2495 23.0257 21.1504 21.8891 23.0257 23.664 21.8891 22.4952 12.1593 12.4177 18.4579 18.8401 12.4177 12.5692 18.8401 19.0765 18.4579 18.8401 22.3384 22.7971 18.8401 19.0765 22.7971 23.0879 12.5692 12.5859 19.0765 19.1466 12.5859 12.4725 19.1466 19.0579 19.0765 19.1466 23.0879 23.1961 19.1466 19.0579 23.1961 23.13 22.3384 22.7971 23.664 24.1483 22.7971 23.0879 24.1483 24.46 23.664 24.1483 22.4952 22.9549 24.1483 24.46 22.9549 23.2536 23.0879 23.1961 24.46 24.5884 23.1961 23.13 24.5884 24.5416 24.46 24.5884 23.2536 23.3838 24.5884 24.5416 23.3838 23.3526 19.2968 20.2866 16.3591 17.202 20.2866 21.1504 17.202 17.9363 16.3591 17.202 11.845 12.457 17.202 17.9363 12.457 12.9895 21.1504 21.8891 17.9363 18.5632 21.8891 22.4952 18.5632 19.0767 17.9363 18.5632 12.9895 13.4437 18.5632 19.0767 13.4437 13.8153 11.845 12.457 6.21328 6.53473 12.457 12.9895 6.53473 6.81425 6.21328 6.53473 0 0 6.53473 6.81425 0 0 12.9895 13.4437 6.81425 7.05247 13.4437 13.8153 7.05247 7.24733 6.81425 7.05247 0 0 7.05247 7.24733 0 0 22.4952 22.9549 19.0767 19.4664 22.9549 23.2536 19.4664 19.7211 19.0767 19.4664 13.8153 14.0974 19.4664 19.7211 14.0974 14.2825 23.2536 23.3838 19.7211 19.8359 23.3838 23.3526 19.8359 19.8165 19.7211 19.8359 14.2825 14.3676 19.8359 19.8165 14.3676 14.3567 13.8153 14.0974 7.24733 7.39521 14.0974 14.2825 7.39521 7.49251 7.24733 7.39521 0 0 7.39521 7.49251 0 0 14.2825 14.3676 7.49251 7.53771 14.3676 14.3567 7.53771 7.53286 7.49251 7.53771 0 0 7.53771 7.53286 0 0 12.4725 12.2762 19.0579 18.8504 12.2762 12.0563 18.8504 18.5734 19.0579 18.8504 23.13 22.9231 18.8504 18.5734 22.9231 22.6162 12.0563 11.843 18.5734 18.2541 11.843 11.6236 18.2541 17.8853 18.5734 18.2541 22.6162 22.2331 18.2541 17.8853 22.2331 21.7699 23.13 22.9231 24.5416 24.3473 22.9231 22.6162 24.3473 24.0383 24.5416 24.3473 23.3526 23.1819 24.3473 24.0383 23.1819 22.8974 22.6162 22.2331 24.0383 23.6348 22.2331 21.7699 23.6348 23.135 24.0383 23.6348 22.8974 22.5154 23.6348 23.135 22.5154 22.0355 11.6236 11.3604 17.8853 17.4367 11.3604 11.0189 17.4367 16.8776 17.8853 17.4367 21.7699 21.2027 17.4367 16.8776 21.2027 20.5048 11.0189 10.5848 16.8776 16.191 10.5848 10.061 16.191 15.3732 16.8776 16.191 20.5048 19.6584 16.191 15.3732 19.6584 18.6553 21.7699 21.2027 23.135 22.5205 21.2027 20.5048 22.5205 21.7686 23.135 22.5205 22.0355 21.4436 22.5205 21.7686 21.4436 20.7214 20.5048 19.6584 21.7686 20.8622 19.6584 18.6553 20.8622 19.7907 21.7686 20.8622 20.7214 19.8537 20.8622 19.7907 19.8537 18.8292 23.3526 23.1819 19.8165 19.6791 23.1819 22.8974 19.6791 19.4428 19.8165 19.6791 14.3567 14.2605 19.6791 19.4428 14.2605 14.0916 22.8974 22.5154 19.4428 19.1199 22.5154 22.0355 19.1199 18.7104 19.4428 19.1199 14.0916 13.8582 19.1199 18.7104 13.8582 13.5606 14.3567 14.2605 7.53286 7.48333 14.2605 14.0916 7.48333 7.39537 7.53286 7.48333 0 0 7.48333 7.39537 0 0 14.0916 13.8582 7.39537 7.27309 13.8582 13.5606 7.27309 7.11669 7.39537 7.27309 0 0 7.27309 7.11669 0 0 22.0355 21.4436 18.7104 18.2043 21.4436 20.7214 18.2043 17.5879 18.7104 18.2043 13.5606 13.1923 18.2043 17.5879 13.1923 12.7441 20.7214 19.8537 17.5879 16.8485 19.8537 18.8292 16.8485 15.9764 17.5879 16.8485 12.7441 12.2071 16.8485 15.9764 12.2071 11.5739 13.5606 13.1923 7.11669 6.92301 13.1923 12.7441 6.92301 6.68735 7.11669 6.92301 0 0 6.92301 6.68735 0 0 12.7441 12.2071 6.68735 6.40522 12.2071 11.5739 6.40522 6.07261 6.68735 6.40522 0 0 6.40522 6.07261 0 0 10.061 9.45501 15.3732 14.4242 9.45501 8.77058 14.4242 13.3381 15.3732 14.4242 18.6553 17.4893 14.4242 13.3381 17.4893 16.1467 8.77058 8.0031 13.3381 12.0949 8.0031 7.1343 12.0949 10.6549 13.3381 12.0949 16.1467 14.5964 12.0949 10.6549 14.5964 12.7804 18.6553 17.4893 19.7907 18.5438 17.4893 16.1467 18.5438 17.1026 19.7907 18.5438 18.8292 17.6361 18.5438 17.1026 17.6361 16.2538 16.1467 14.5964 17.1026 15.4297 14.5964 12.7804 15.4297 13.458 17.1026 15.4297 16.2538 14.6435 15.4297 13.458 14.6435 12.7381 7.1343 6.13508 10.6549 8.94151 6.13508 4.89883 8.94151 6.84531 10.6549 8.94151 12.7804 10.6015 8.94151 6.84531 10.6015 7.90778 4.89883 3.43327 6.84531 4.06197 3.43327 0 4.06197 0 6.84531 4.06197 7.90778 4.41578 4.06197 0 4.41578 0 12.7804 10.6015 13.458 11.0801 10.6015 7.90778 11.0801 8.13376 13.458 11.0801 12.7381 10.4328 11.0801 8.13376 10.4328 7.58232 7.90778 4.41578 8.13376 4.41956 4.41578 0 4.41956 0 8.13376 4.41956 7.58232 4.06265 4.41956 0 4.06265 0 18.8292 17.6361 15.9764 14.96 17.6361 16.2538 14.96 13.7805 15.9764 14.96 11.5739 10.8357 14.96 13.7805 10.8357 9.97799 16.2538 14.6435 13.7805 12.4031 14.6435 12.7381 12.4031 10.769 13.7805 12.4031 9.97799 8.97485 12.4031 10.769 8.97485 7.78274 11.5739 10.8357 6.07261 5.68476 10.8357 9.97799 5.68476 5.23383 6.07261 5.68476 0 0 5.68476 5.23383 0 0 9.97799 8.97485 5.23383 4.70595 8.97485 7.78274 4.70595 4.07802 5.23383 4.70595 0 0 4.70595 4.07802 0 0 12.7381 10.4328 10.769 8.78834 10.4328 7.58232 8.78834 6.34701 10.769 8.78834 7.78274 6.33645 8.78834 6.34701 6.33645 4.55875 7.58232 4.06265 6.34701 3.37464 4.06265 0 3.37464 0 6.34701 3.37464 4.55875 2.41352 3.37464 0 2.41352 0 7.78274 6.33645 4.07802 3.31587 6.33645 4.55875 3.31587 2.38077 4.07802 3.31587 0 0 3.31587 2.38077 0 0 4.55875 2.41352 2.38077 1.25776 2.41352 0 1.25776 0 2.38077 1.25776 0 0 1.25776 0 0 0 
