# vtk DataFile Version 3.0
#This file was generated by the deal.II library on 2025/2/16 at 14:49:40
ASCII
DATASET UNSTRUCTURED_GRID

POINTS 4096 double
-5 -2 0
-4.6875 -2 0
-5 -1.875 0
-4.6875 -1.875 0
-4.6875 -2 0
-4.375 -2 0
-4.6875 -1.875 0
-4.375 -1.875 0
-5 -1.875 0
-4.6875 -1.875 0
-5 -1.75 0
-4.6875 -1.75 0
-4.6875 -1.875 0
-4.375 -1.875 0
-4.6875 -1.75 0
-4.375 -1.75 0
-4.375 -2 0
-4.0625 -2 0
-4.375 -1.875 0
-4.0625 -1.875 0
-4.0625 -2 0
-3.75 -2 0
-4.0625 -1.875 0
-3.75 -1.875 0
-4.375 -1.875 0
-4.0625 -1.875 0
-4.375 -1.75 0
-4.0625 -1.75 0
-4.0625 -1.875 0
-3.75 -1.875 0
-4.0625 -1.75 0
-3.75 -1.75 0
-5 -1.75 0
-4.6875 -1.75 0
-5 -1.625 0
-4.6875 -1.625 0
-4.6875 -1.75 0
-4.375 -1.75 0
-4.6875 -1.625 0
-4.375 -1.625 0
-5 -1.625 0
-4.6875 -1.625 0
-5 -1.5 0
-4.6875 -1.5 0
-4.6875 -1.625 0
-4.375 -1.625 0
-4.6875 -1.5 0
-4.375 -1.5 0
-4.375 -1.75 0
-4.0625 -1.75 0
-4.375 -1.625 0
-4.0625 -1.625 0
-4.0625 -1.75 0
-3.75 -1.75 0
-4.0625 -1.625 0
-3.75 -1.625 0
-4.375 -1.625 0
-4.0625 -1.625 0
-4.375 -1.5 0
-4.0625 -1.5 0
-4.0625 -1.625 0
-3.75 -1.625 0
-4.0625 -1.5 0
-3.75 -1.5 0
-3.75 -2 0
-3.4375 -2 0
-3.75 -1.875 0
-3.4375 -1.875 0
-3.4375 -2 0
-3.125 -2 0
-3.4375 -1.875 0
-3.125 -1.875 0
-3.75 -1.875 0
-3.4375 -1.875 0
-3.75 -1.75 0
-3.4375 -1.75 0
-3.4375 -1.875 0
-3.125 -1.875 0
-3.4375 -1.75 0
-3.125 -1.75 0
-3.125 -2 0
-2.8125 -2 0
-3.125 -1.875 0
-2.8125 -1.875 0
-2.8125 -2 0
-2.5 -2 0
-2.8125 -1.875 0
-2.5 -1.875 0
-3.125 -1.875 0
-2.8125 -1.875 0
-3.125 -1.75 0
-2.8125 -1.75 0
-2.8125 -1.875 0
-2.5 -1.875 0
-2.8125 -1.75 0
-2.5 -1.75 0
-3.75 -1.75 0
-3.4375 -1.75 0
-3.75 -1.625 0
-3.4375 -1.625 0
-3.4375 -1.75 0
-3.125 -1.75 0
-3.4375 -1.625 0
-3.125 -1.625 0
-3.75 -1.625 0
-3.4375 -1.625 0
-3.75 -1.5 0
-3.4375 -1.5 0
-3.4375 -1.625 0
-3.125 -1.625 0
-3.4375 -1.5 0
-3.125 -1.5 0
-3.125 -1.75 0
-2.8125 -1.75 0
-3.125 -1.625 0
-2.8125 -1.625 0
-2.8125 -1.75 0
-2.5 -1.75 0
-2.8125 -1.625 0
-2.5 -1.625 0
-3.125 -1.625 0
-2.8125 -1.625 0
-3.125 -1.5 0
-2.8125 -1.5 0
-2.8125 -1.625 0
-2.5 -1.625 0
-2.8125 -1.5 0
-2.5 -1.5 0
-5 -1.5 0
-4.6875 -1.5 0
-5 -1.375 0
-4.6875 -1.375 0
-4.6875 -1.5 0
-4.375 -1.5 0
-4.6875 -1.375 0
-4.375 -1.375 0
-5 -1.375 0
-4.6875 -1.375 0
-5 -1.25 0
-4.6875 -1.25 0
-4.6875 -1.375 0
-4.375 -1.375 0
-4.6875 -1.25 0
-4.375 -1.25 0
-4.375 -1.5 0
-4.0625 -1.5 0
-4.375 -1.375 0
-4.0625 -1.375 0
-4.0625 -1.5 0
-3.75 -1.5 0
-4.0625 -1.375 0
-3.75 -1.375 0
-4.375 -1.375 0
-4.0625 -1.375 0
-4.375 -1.25 0
-4.0625 -1.25 0
-4.0625 -1.375 0
-3.75 -1.375 0
-4.0625 -1.25 0
-3.75 -1.25 0
-5 -1.25 0
-4.6875 -1.25 0
-5 -1.125 0
-4.6875 -1.125 0
-4.6875 -1.25 0
-4.375 -1.25 0
-4.6875 -1.125 0
-4.375 -1.125 0
-5 -1.125 0
-4.6875 -1.125 0
-5 -1 0
-4.6875 -1 0
-4.6875 -1.125 0
-4.375 -1.125 0
-4.6875 -1 0
-4.375 -1 0
-4.375 -1.25 0
-4.0625 -1.25 0
-4.375 -1.125 0
-4.0625 -1.125 0
-4.0625 -1.25 0
-3.75 -1.25 0
-4.0625 -1.125 0
-3.75 -1.125 0
-4.375 -1.125 0
-4.0625 -1.125 0
-4.375 -1 0
-4.0625 -1 0
-4.0625 -1.125 0
-3.75 -1.125 0
-4.0625 -1 0
-3.75 -1 0
-3.75 -1.5 0
-3.4375 -1.5 0
-3.75 -1.375 0
-3.4375 -1.375 0
-3.4375 -1.5 0
-3.125 -1.5 0
-3.4375 -1.375 0
-3.125 -1.375 0
-3.75 -1.375 0
-3.4375 -1.375 0
-3.75 -1.25 0
-3.4375 -1.25 0
-3.4375 -1.375 0
-3.125 -1.375 0
-3.4375 -1.25 0
-3.125 -1.25 0
-3.125 -1.5 0
-2.8125 -1.5 0
-3.125 -1.375 0
-2.8125 -1.375 0
-2.8125 -1.5 0
-2.5 -1.5 0
-2.8125 -1.375 0
-2.5 -1.375 0
-3.125 -1.375 0
-2.8125 -1.375 0
-3.125 -1.25 0
-2.8125 -1.25 0
-2.8125 -1.375 0
-2.5 -1.375 0
-2.8125 -1.25 0
-2.5 -1.25 0
-3.75 -1.25 0
-3.4375 -1.25 0
-3.75 -1.125 0
-3.4375 -1.125 0
-3.4375 -1.25 0
-3.125 -1.25 0
-3.4375 -1.125 0
-3.125 -1.125 0
-3.75 -1.125 0
-3.4375 -1.125 0
-3.75 -1 0
-3.4375 -1 0
-3.4375 -1.125 0
-3.125 -1.125 0
-3.4375 -1 0
-3.125 -1 0
-3.125 -1.25 0
-2.8125 -1.25 0
-3.125 -1.125 0
-2.8125 -1.125 0
-2.8125 -1.25 0
-2.5 -1.25 0
-2.8125 -1.125 0
-2.5 -1.125 0
-3.125 -1.125 0
-2.8125 -1.125 0
-3.125 -1 0
-2.8125 -1 0
-2.8125 -1.125 0
-2.5 -1.125 0
-2.8125 -1 0
-2.5 -1 0
-2.5 -2 0
-2.1875 -2 0
-2.5 -1.875 0
-2.1875 -1.875 0
-2.1875 -2 0
-1.875 -2 0
-2.1875 -1.875 0
-1.875 -1.875 0
-2.5 -1.875 0
-2.1875 -1.875 0
-2.5 -1.75 0
-2.1875 -1.75 0
-2.1875 -1.875 0
-1.875 -1.875 0
-2.1875 -1.75 0
-1.875 -1.75 0
-1.875 -2 0
-1.5625 -2 0
-1.875 -1.875 0
-1.5625 -1.875 0
-1.5625 -2 0
-1.25 -2 0
-1.5625 -1.875 0
-1.25 -1.875 0
-1.875 -1.875 0
-1.5625 -1.875 0
-1.875 -1.75 0
-1.5625 -1.75 0
-1.5625 -1.875 0
-1.25 -1.875 0
-1.5625 -1.75 0
-1.25 -1.75 0
-2.5 -1.75 0
-2.1875 -1.75 0
-2.5 -1.625 0
-2.1875 -1.625 0
-2.1875 -1.75 0
-1.875 -1.75 0
-2.1875 -1.625 0
-1.875 -1.625 0
-2.5 -1.625 0
-2.1875 -1.625 0
-2.5 -1.5 0
-2.1875 -1.5 0
-2.1875 -1.625 0
-1.875 -1.625 0
-2.1875 -1.5 0
-1.875 -1.5 0
-1.875 -1.75 0
-1.5625 -1.75 0
-1.875 -1.625 0
-1.5625 -1.625 0
-1.5625 -1.75 0
-1.25 -1.75 0
-1.5625 -1.625 0
-1.25 -1.625 0
-1.875 -1.625 0
-1.5625 -1.625 0
-1.875 -1.5 0
-1.5625 -1.5 0
-1.5625 -1.625 0
-1.25 -1.625 0
-1.5625 -1.5 0
-1.25 -1.5 0
-1.25 -2 0
-0.9375 -2 0
-1.25 -1.875 0
-0.9375 -1.875 0
-0.9375 -2 0
-0.625 -2 0
-0.9375 -1.875 0
-0.625 -1.875 0
-1.25 -1.875 0
-0.9375 -1.875 0
-1.25 -1.75 0
-0.9375 -1.75 0
-0.9375 -1.875 0
-0.625 -1.875 0
-0.9375 -1.75 0
-0.625 -1.75 0
-0.625 -2 0
-0.3125 -2 0
-0.625 -1.875 0
-0.3125 -1.875 0
-0.3125 -2 0
0 -2 0
-0.3125 -1.875 0
0 -1.875 0
-0.625 -1.875 0
-0.3125 -1.875 0
-0.625 -1.75 0
-0.3125 -1.75 0
-0.3125 -1.875 0
0 -1.875 0
-0.3125 -1.75 0
0 -1.75 0
-1.25 -1.75 0
-0.9375 -1.75 0
-1.25 -1.625 0
-0.9375 -1.625 0
-0.9375 -1.75 0
-0.625 -1.75 0
-0.9375 -1.625 0
-0.625 -1.625 0
-1.25 -1.625 0
-0.9375 -1.625 0
-1.25 -1.5 0
-0.9375 -1.5 0
-0.9375 -1.625 0
-0.625 -1.625 0
-0.9375 -1.5 0
-0.625 -1.5 0
-0.625 -1.75 0
-0.3125 -1.75 0
-0.625 -1.625 0
-0.3125 -1.625 0
-0.3125 -1.75 0
0 -1.75 0
-0.3125 -1.625 0
0 -1.625 0
-0.625 -1.625 0
-0.3125 -1.625 0
-0.625 -1.5 0
-0.3125 -1.5 0
-0.3125 -1.625 0
0 -1.625 0
-0.3125 -1.5 0
0 -1.5 0
-2.5 -1.5 0
-2.1875 -1.5 0
-2.5 -1.375 0
-2.1875 -1.375 0
-2.1875 -1.5 0
-1.875 -1.5 0
-2.1875 -1.375 0
-1.875 -1.375 0
-2.5 -1.375 0
-2.1875 -1.375 0
-2.5 -1.25 0
-2.1875 -1.25 0
-2.1875 -1.375 0
-1.875 -1.375 0
-2.1875 -1.25 0
-1.875 -1.25 0
-1.875 -1.5 0
-1.5625 -1.5 0
-1.875 -1.375 0
-1.5625 -1.375 0
-1.5625 -1.5 0
-1.25 -1.5 0
-1.5625 -1.375 0
-1.25 -1.375 0
-1.875 -1.375 0
-1.5625 -1.375 0
-1.875 -1.25 0
-1.5625 -1.25 0
-1.5625 -1.375 0
-1.25 -1.375 0
-1.5625 -1.25 0
-1.25 -1.25 0
-2.5 -1.25 0
-2.1875 -1.25 0
-2.5 -1.125 0
-2.1875 -1.125 0
-2.1875 -1.25 0
-1.875 -1.25 0
-2.1875 -1.125 0
-1.875 -1.125 0
-2.5 -1.125 0
-2.1875 -1.125 0
-2.5 -1 0
-2.1875 -1 0
-2.1875 -1.125 0
-1.875 -1.125 0
-2.1875 -1 0
-1.875 -1 0
-1.875 -1.25 0
-1.5625 -1.25 0
-1.875 -1.125 0
-1.5625 -1.125 0
-1.5625 -1.25 0
-1.25 -1.25 0
-1.5625 -1.125 0
-1.25 -1.125 0
-1.875 -1.125 0
-1.5625 -1.125 0
-1.875 -1 0
-1.5625 -1 0
-1.5625 -1.125 0
-1.25 -1.125 0
-1.5625 -1 0
-1.25 -1 0
-1.25 -1.5 0
-0.9375 -1.5 0
-1.25 -1.375 0
-0.9375 -1.375 0
-0.9375 -1.5 0
-0.625 -1.5 0
-0.9375 -1.375 0
-0.625 -1.375 0
-1.25 -1.375 0
-0.9375 -1.375 0
-1.25 -1.25 0
-0.9375 -1.25 0
-0.9375 -1.375 0
-0.625 -1.375 0
-0.9375 -1.25 0
-0.625 -1.25 0
-0.625 -1.5 0
-0.3125 -1.5 0
-0.625 -1.375 0
-0.3125 -1.375 0
-0.3125 -1.5 0
0 -1.5 0
-0.3125 -1.375 0
0 -1.375 0
-0.625 -1.375 0
-0.3125 -1.375 0
-0.625 -1.25 0
-0.3125 -1.25 0
-0.3125 -1.375 0
0 -1.375 0
-0.3125 -1.25 0
0 -1.25 0
-1.25 -1.25 0
-0.9375 -1.25 0
-1.25 -1.125 0
-0.9375 -1.125 0
-0.9375 -1.25 0
-0.625 -1.25 0
-0.9375 -1.125 0
-0.625 -1.125 0
-1.25 -1.125 0
-0.9375 -1.125 0
-1.25 -1 0
-0.9375 -1 0
-0.9375 -1.125 0
-0.625 -1.125 0
-0.9375 -1 0
-0.625 -1 0
-0.625 -1.25 0
-0.3125 -1.25 0
-0.625 -1.125 0
-0.3125 -1.125 0
-0.3125 -1.25 0
0 -1.25 0
-0.3125 -1.125 0
0 -1.125 0
-0.625 -1.125 0
-0.3125 -1.125 0
-0.625 -1 0
-0.3125 -1 0
-0.3125 -1.125 0
0 -1.125 0
-0.3125 -1 0
0 -1 0
0 -2 0
0.3125 -2 0
0 -1.875 0
0.3125 -1.875 0
0.3125 -2 0
0.625 -2 0
0.3125 -1.875 0
0.625 -1.875 0
0 -1.875 0
0.3125 -1.875 0
0 -1.75 0
0.3125 -1.75 0
0.3125 -1.875 0
0.625 -1.875 0
0.3125 -1.75 0
0.625 -1.75 0
0.625 -2 0
0.9375 -2 0
0.625 -1.875 0
0.9375 -1.875 0
0.9375 -2 0
1.25 -2 0
0.9375 -1.875 0
1.25 -1.875 0
0.625 -1.875 0
0.9375 -1.875 0
0.625 -1.75 0
0.9375 -1.75 0
0.9375 -1.875 0
1.25 -1.875 0
0.9375 -1.75 0
1.25 -1.75 0
0 -1.75 0
0.3125 -1.75 0
0 -1.625 0
0.3125 -1.625 0
0.3125 -1.75 0
0.625 -1.75 0
0.3125 -1.625 0
0.625 -1.625 0
0 -1.625 0
0.3125 -1.625 0
0 -1.5 0
0.3125 -1.5 0
0.3125 -1.625 0
0.625 -1.625 0
0.3125 -1.5 0
0.625 -1.5 0
0.625 -1.75 0
0.9375 -1.75 0
0.625 -1.625 0
0.9375 -1.625 0
0.9375 -1.75 0
1.25 -1.75 0
0.9375 -1.625 0
1.25 -1.625 0
0.625 -1.625 0
0.9375 -1.625 0
0.625 -1.5 0
0.9375 -1.5 0
0.9375 -1.625 0
1.25 -1.625 0
0.9375 -1.5 0
1.25 -1.5 0
1.25 -2 0
1.5625 -2 0
1.25 -1.875 0
1.5625 -1.875 0
1.5625 -2 0
1.875 -2 0
1.5625 -1.875 0
1.875 -1.875 0
1.25 -1.875 0
1.5625 -1.875 0
1.25 -1.75 0
1.5625 -1.75 0
1.5625 -1.875 0
1.875 -1.875 0
1.5625 -1.75 0
1.875 -1.75 0
1.875 -2 0
2.1875 -2 0
1.875 -1.875 0
2.1875 -1.875 0
2.1875 -2 0
2.5 -2 0
2.1875 -1.875 0
2.5 -1.875 0
1.875 -1.875 0
2.1875 -1.875 0
1.875 -1.75 0
2.1875 -1.75 0
2.1875 -1.875 0
2.5 -1.875 0
2.1875 -1.75 0
2.5 -1.75 0
1.25 -1.75 0
1.5625 -1.75 0
1.25 -1.625 0
1.5625 -1.625 0
1.5625 -1.75 0
1.875 -1.75 0
1.5625 -1.625 0
1.875 -1.625 0
1.25 -1.625 0
1.5625 -1.625 0
1.25 -1.5 0
1.5625 -1.5 0
1.5625 -1.625 0
1.875 -1.625 0
1.5625 -1.5 0
1.875 -1.5 0
1.875 -1.75 0
2.1875 -1.75 0
1.875 -1.625 0
2.1875 -1.625 0
2.1875 -1.75 0
2.5 -1.75 0
2.1875 -1.625 0
2.5 -1.625 0
1.875 -1.625 0
2.1875 -1.625 0
1.875 -1.5 0
2.1875 -1.5 0
2.1875 -1.625 0
2.5 -1.625 0
2.1875 -1.5 0
2.5 -1.5 0
0 -1.5 0
0.3125 -1.5 0
0 -1.375 0
0.3125 -1.375 0
0.3125 -1.5 0
0.625 -1.5 0
0.3125 -1.375 0
0.625 -1.375 0
0 -1.375 0
0.3125 -1.375 0
0 -1.25 0
0.3125 -1.25 0
0.3125 -1.375 0
0.625 -1.375 0
0.3125 -1.25 0
0.625 -1.25 0
0.625 -1.5 0
0.9375 -1.5 0
0.625 -1.375 0
0.9375 -1.375 0
0.9375 -1.5 0
1.25 -1.5 0
0.9375 -1.375 0
1.25 -1.375 0
0.625 -1.375 0
0.9375 -1.375 0
0.625 -1.25 0
0.9375 -1.25 0
0.9375 -1.375 0
1.25 -1.375 0
0.9375 -1.25 0
1.25 -1.25 0
0 -1.25 0
0.3125 -1.25 0
0 -1.125 0
0.3125 -1.125 0
0.3125 -1.25 0
0.625 -1.25 0
0.3125 -1.125 0
0.625 -1.125 0
0 -1.125 0
0.3125 -1.125 0
0 -1 0
0.3125 -1 0
0.3125 -1.125 0
0.625 -1.125 0
0.3125 -1 0
0.625 -1 0
0.625 -1.25 0
0.9375 -1.25 0
0.625 -1.125 0
0.9375 -1.125 0
0.9375 -1.25 0
1.25 -1.25 0
0.9375 -1.125 0
1.25 -1.125 0
0.625 -1.125 0
0.9375 -1.125 0
0.625 -1 0
0.9375 -1 0
0.9375 -1.125 0
1.25 -1.125 0
0.9375 -1 0
1.25 -1 0
1.25 -1.5 0
1.5625 -1.5 0
1.25 -1.375 0
1.5625 -1.375 0
1.5625 -1.5 0
1.875 -1.5 0
1.5625 -1.375 0
1.875 -1.375 0
1.25 -1.375 0
1.5625 -1.375 0
1.25 -1.25 0
1.5625 -1.25 0
1.5625 -1.375 0
1.875 -1.375 0
1.5625 -1.25 0
1.875 -1.25 0
1.875 -1.5 0
2.1875 -1.5 0
1.875 -1.375 0
2.1875 -1.375 0
2.1875 -1.5 0
2.5 -1.5 0
2.1875 -1.375 0
2.5 -1.375 0
1.875 -1.375 0
2.1875 -1.375 0
1.875 -1.25 0
2.1875 -1.25 0
2.1875 -1.375 0
2.5 -1.375 0
2.1875 -1.25 0
2.5 -1.25 0
1.25 -1.25 0
1.5625 -1.25 0
1.25 -1.125 0
1.5625 -1.125 0
1.5625 -1.25 0
1.875 -1.25 0
1.5625 -1.125 0
1.875 -1.125 0
1.25 -1.125 0
1.5625 -1.125 0
1.25 -1 0
1.5625 -1 0
1.5625 -1.125 0
1.875 -1.125 0
1.5625 -1 0
1.875 -1 0
1.875 -1.25 0
2.1875 -1.25 0
1.875 -1.125 0
2.1875 -1.125 0
2.1875 -1.25 0
2.5 -1.25 0
2.1875 -1.125 0
2.5 -1.125 0
1.875 -1.125 0
2.1875 -1.125 0
1.875 -1 0
2.1875 -1 0
2.1875 -1.125 0
2.5 -1.125 0
2.1875 -1 0
2.5 -1 0
2.5 -2 0
2.8125 -2 0
2.5 -1.875 0
2.8125 -1.875 0
2.8125 -2 0
3.125 -2 0
2.8125 -1.875 0
3.125 -1.875 0
2.5 -1.875 0
2.8125 -1.875 0
2.5 -1.75 0
2.8125 -1.75 0
2.8125 -1.875 0
3.125 -1.875 0
2.8125 -1.75 0
3.125 -1.75 0
3.125 -2 0
3.4375 -2 0
3.125 -1.875 0
3.4375 -1.875 0
3.4375 -2 0
3.75 -2 0
3.4375 -1.875 0
3.75 -1.875 0
3.125 -1.875 0
3.4375 -1.875 0
3.125 -1.75 0
3.4375 -1.75 0
3.4375 -1.875 0
3.75 -1.875 0
3.4375 -1.75 0
3.75 -1.75 0
2.5 -1.75 0
2.8125 -1.75 0
2.5 -1.625 0
2.8125 -1.625 0
2.8125 -1.75 0
3.125 -1.75 0
2.8125 -1.625 0
3.125 -1.625 0
2.5 -1.625 0
2.8125 -1.625 0
2.5 -1.5 0
2.8125 -1.5 0
2.8125 -1.625 0
3.125 -1.625 0
2.8125 -1.5 0
3.125 -1.5 0
3.125 -1.75 0
3.4375 -1.75 0
3.125 -1.625 0
3.4375 -1.625 0
3.4375 -1.75 0
3.75 -1.75 0
3.4375 -1.625 0
3.75 -1.625 0
3.125 -1.625 0
3.4375 -1.625 0
3.125 -1.5 0
3.4375 -1.5 0
3.4375 -1.625 0
3.75 -1.625 0
3.4375 -1.5 0
3.75 -1.5 0
3.75 -2 0
4.0625 -2 0
3.75 -1.875 0
4.0625 -1.875 0
4.0625 -2 0
4.375 -2 0
4.0625 -1.875 0
4.375 -1.875 0
3.75 -1.875 0
4.0625 -1.875 0
3.75 -1.75 0
4.0625 -1.75 0
4.0625 -1.875 0
4.375 -1.875 0
4.0625 -1.75 0
4.375 -1.75 0
4.375 -2 0
4.6875 -2 0
4.375 -1.875 0
4.6875 -1.875 0
4.6875 -2 0
5 -2 0
4.6875 -1.875 0
5 -1.875 0
4.375 -1.875 0
4.6875 -1.875 0
4.375 -1.75 0
4.6875 -1.75 0
4.6875 -1.875 0
5 -1.875 0
4.6875 -1.75 0
5 -1.75 0
3.75 -1.75 0
4.0625 -1.75 0
3.75 -1.625 0
4.0625 -1.625 0
4.0625 -1.75 0
4.375 -1.75 0
4.0625 -1.625 0
4.375 -1.625 0
3.75 -1.625 0
4.0625 -1.625 0
3.75 -1.5 0
4.0625 -1.5 0
4.0625 -1.625 0
4.375 -1.625 0
4.0625 -1.5 0
4.375 -1.5 0
4.375 -1.75 0
4.6875 -1.75 0
4.375 -1.625 0
4.6875 -1.625 0
4.6875 -1.75 0
5 -1.75 0
4.6875 -1.625 0
5 -1.625 0
4.375 -1.625 0
4.6875 -1.625 0
4.375 -1.5 0
4.6875 -1.5 0
4.6875 -1.625 0
5 -1.625 0
4.6875 -1.5 0
5 -1.5 0
2.5 -1.5 0
2.8125 -1.5 0
2.5 -1.375 0
2.8125 -1.375 0
2.8125 -1.5 0
3.125 -1.5 0
2.8125 -1.375 0
3.125 -1.375 0
2.5 -1.375 0
2.8125 -1.375 0
2.5 -1.25 0
2.8125 -1.25 0
2.8125 -1.375 0
3.125 -1.375 0
2.8125 -1.25 0
3.125 -1.25 0
3.125 -1.5 0
3.4375 -1.5 0
3.125 -1.375 0
3.4375 -1.375 0
3.4375 -1.5 0
3.75 -1.5 0
3.4375 -1.375 0
3.75 -1.375 0
3.125 -1.375 0
3.4375 -1.375 0
3.125 -1.25 0
3.4375 -1.25 0
3.4375 -1.375 0
3.75 -1.375 0
3.4375 -1.25 0
3.75 -1.25 0
2.5 -1.25 0
2.8125 -1.25 0
2.5 -1.125 0
2.8125 -1.125 0
2.8125 -1.25 0
3.125 -1.25 0
2.8125 -1.125 0
3.125 -1.125 0
2.5 -1.125 0
2.8125 -1.125 0
2.5 -1 0
2.8125 -1 0
2.8125 -1.125 0
3.125 -1.125 0
2.8125 -1 0
3.125 -1 0
3.125 -1.25 0
3.4375 -1.25 0
3.125 -1.125 0
3.4375 -1.125 0
3.4375 -1.25 0
3.75 -1.25 0
3.4375 -1.125 0
3.75 -1.125 0
3.125 -1.125 0
3.4375 -1.125 0
3.125 -1 0
3.4375 -1 0
3.4375 -1.125 0
3.75 -1.125 0
3.4375 -1 0
3.75 -1 0
3.75 -1.5 0
4.0625 -1.5 0
3.75 -1.375 0
4.0625 -1.375 0
4.0625 -1.5 0
4.375 -1.5 0
4.0625 -1.375 0
4.375 -1.375 0
3.75 -1.375 0
4.0625 -1.375 0
3.75 -1.25 0
4.0625 -1.25 0
4.0625 -1.375 0
4.375 -1.375 0
4.0625 -1.25 0
4.375 -1.25 0
4.375 -1.5 0
4.6875 -1.5 0
4.375 -1.375 0
4.6875 -1.375 0
4.6875 -1.5 0
5 -1.5 0
4.6875 -1.375 0
5 -1.375 0
4.375 -1.375 0
4.6875 -1.375 0
4.375 -1.25 0
4.6875 -1.25 0
4.6875 -1.375 0
5 -1.375 0
4.6875 -1.25 0
5 -1.25 0
3.75 -1.25 0
4.0625 -1.25 0
3.75 -1.125 0
4.0625 -1.125 0
4.0625 -1.25 0
4.375 -1.25 0
4.0625 -1.125 0
4.375 -1.125 0
3.75 -1.125 0
4.0625 -1.125 0
3.75 -1 0
4.0625 -1 0
4.0625 -1.125 0
4.375 -1.125 0
4.0625 -1 0
4.375 -1 0
4.375 -1.25 0
4.6875 -1.25 0
4.375 -1.125 0
4.6875 -1.125 0
4.6875 -1.25 0
5 -1.25 0
4.6875 -1.125 0
5 -1.125 0
4.375 -1.125 0
4.6875 -1.125 0
4.375 -1 0
4.6875 -1 0
4.6875 -1.125 0
5 -1.125 0
4.6875 -1 0
5 -1 0
-5 -1 0
-4.6875 -1 0
-5 -0.875 0
-4.6875 -0.875 0
-4.6875 -1 0
-4.375 -1 0
-4.6875 -0.875 0
-4.375 -0.875 0
-5 -0.875 0
-4.6875 -0.875 0
-5 -0.75 0
-4.6875 -0.75 0
-4.6875 -0.875 0
-4.375 -0.875 0
-4.6875 -0.75 0
-4.375 -0.75 0
-4.375 -1 0
-4.0625 -1 0
-4.375 -0.875 0
-4.0625 -0.875 0
-4.0625 -1 0
-3.75 -1 0
-4.0625 -0.875 0
-3.75 -0.875 0
-4.375 -0.875 0
-4.0625 -0.875 0
-4.375 -0.75 0
-4.0625 -0.75 0
-4.0625 -0.875 0
-3.75 -0.875 0
-4.0625 -0.75 0
-3.75 -0.75 0
-5 -0.75 0
-4.6875 -0.75 0
-5 -0.625 0
-4.6875 -0.625 0
-4.6875 -0.75 0
-4.375 -0.75 0
-4.6875 -0.625 0
-4.375 -0.625 0
-5 -0.625 0
-4.6875 -0.625 0
-5 -0.5 0
-4.6875 -0.5 0
-4.6875 -0.625 0
-4.375 -0.625 0
-4.6875 -0.5 0
-4.375 -0.5 0
-4.375 -0.75 0
-4.0625 -0.75 0
-4.375 -0.625 0
-4.0625 -0.625 0
-4.0625 -0.75 0
-3.75 -0.75 0
-4.0625 -0.625 0
-3.75 -0.625 0
-4.375 -0.625 0
-4.0625 -0.625 0
-4.375 -0.5 0
-4.0625 -0.5 0
-4.0625 -0.625 0
-3.75 -0.625 0
-4.0625 -0.5 0
-3.75 -0.5 0
-3.75 -1 0
-3.4375 -1 0
-3.75 -0.875 0
-3.4375 -0.875 0
-3.4375 -1 0
-3.125 -1 0
-3.4375 -0.875 0
-3.125 -0.875 0
-3.75 -0.875 0
-3.4375 -0.875 0
-3.75 -0.75 0
-3.4375 -0.75 0
-3.4375 -0.875 0
-3.125 -0.875 0
-3.4375 -0.75 0
-3.125 -0.75 0
-3.125 -1 0
-2.8125 -1 0
-3.125 -0.875 0
-2.8125 -0.875 0
-2.8125 -1 0
-2.5 -1 0
-2.8125 -0.875 0
-2.5 -0.875 0
-3.125 -0.875 0
-2.8125 -0.875 0
-3.125 -0.75 0
-2.8125 -0.75 0
-2.8125 -0.875 0
-2.5 -0.875 0
-2.8125 -0.75 0
-2.5 -0.75 0
-3.75 -0.75 0
-3.4375 -0.75 0
-3.75 -0.625 0
-3.4375 -0.625 0
-3.4375 -0.75 0
-3.125 -0.75 0
-3.4375 -0.625 0
-3.125 -0.625 0
-3.75 -0.625 0
-3.4375 -0.625 0
-3.75 -0.5 0
-3.4375 -0.5 0
-3.4375 -0.625 0
-3.125 -0.625 0
-3.4375 -0.5 0
-3.125 -0.5 0
-3.125 -0.75 0
-2.8125 -0.75 0
-3.125 -0.625 0
-2.8125 -0.625 0
-2.8125 -0.75 0
-2.5 -0.75 0
-2.8125 -0.625 0
-2.5 -0.625 0
-3.125 -0.625 0
-2.8125 -0.625 0
-3.125 -0.5 0
-2.8125 -0.5 0
-2.8125 -0.625 0
-2.5 -0.625 0
-2.8125 -0.5 0
-2.5 -0.5 0
-5 -0.5 0
-4.6875 -0.5 0
-5 -0.375 0
-4.6875 -0.375 0
-4.6875 -0.5 0
-4.375 -0.5 0
-4.6875 -0.375 0
-4.375 -0.375 0
-5 -0.375 0
-4.6875 -0.375 0
-5 -0.25 0
-4.6875 -0.25 0
-4.6875 -0.375 0
-4.375 -0.375 0
-4.6875 -0.25 0
-4.375 -0.25 0
-4.375 -0.5 0
-4.0625 -0.5 0
-4.375 -0.375 0
-4.0625 -0.375 0
-4.0625 -0.5 0
-3.75 -0.5 0
-4.0625 -0.375 0
-3.75 -0.375 0
-4.375 -0.375 0
-4.0625 -0.375 0
-4.375 -0.25 0
-4.0625 -0.25 0
-4.0625 -0.375 0
-3.75 -0.375 0
-4.0625 -0.25 0
-3.75 -0.25 0
-5 -0.25 0
-4.6875 -0.25 0
-5 -0.125 0
-4.6875 -0.125 0
-4.6875 -0.25 0
-4.375 -0.25 0
-4.6875 -0.125 0
-4.375 -0.125 0
-5 -0.125 0
-4.6875 -0.125 0
-5 0 0
-4.6875 0 0
-4.6875 -0.125 0
-4.375 -0.125 0
-4.6875 0 0
-4.375 0 0
-4.375 -0.25 0
-4.0625 -0.25 0
-4.375 -0.125 0
-4.0625 -0.125 0
-4.0625 -0.25 0
-3.75 -0.25 0
-4.0625 -0.125 0
-3.75 -0.125 0
-4.375 -0.125 0
-4.0625 -0.125 0
-4.375 0 0
-4.0625 0 0
-4.0625 -0.125 0
-3.75 -0.125 0
-4.0625 0 0
-3.75 0 0
-3.75 -0.5 0
-3.4375 -0.5 0
-3.75 -0.375 0
-3.4375 -0.375 0
-3.4375 -0.5 0
-3.125 -0.5 0
-3.4375 -0.375 0
-3.125 -0.375 0
-3.75 -0.375 0
-3.4375 -0.375 0
-3.75 -0.25 0
-3.4375 -0.25 0
-3.4375 -0.375 0
-3.125 -0.375 0
-3.4375 -0.25 0
-3.125 -0.25 0
-3.125 -0.5 0
-2.8125 -0.5 0
-3.125 -0.375 0
-2.8125 -0.375 0
-2.8125 -0.5 0
-2.5 -0.5 0
-2.8125 -0.375 0
-2.5 -0.375 0
-3.125 -0.375 0
-2.8125 -0.375 0
-3.125 -0.25 0
-2.8125 -0.25 0
-2.8125 -0.375 0
-2.5 -0.375 0
-2.8125 -0.25 0
-2.5 -0.25 0
-3.75 -0.25 0
-3.4375 -0.25 0
-3.75 -0.125 0
-3.4375 -0.125 0
-3.4375 -0.25 0
-3.125 -0.25 0
-3.4375 -0.125 0
-3.125 -0.125 0
-3.75 -0.125 0
-3.4375 -0.125 0
-3.75 0 0
-3.4375 0 0
-3.4375 -0.125 0
-3.125 -0.125 0
-3.4375 0 0
-3.125 0 0
-3.125 -0.25 0
-2.8125 -0.25 0
-3.125 -0.125 0
-2.8125 -0.125 0
-2.8125 -0.25 0
-2.5 -0.25 0
-2.8125 -0.125 0
-2.5 -0.125 0
-3.125 -0.125 0
-2.8125 -0.125 0
-3.125 0 0
-2.8125 0 0
-2.8125 -0.125 0
-2.5 -0.125 0
-2.8125 0 0
-2.5 0 0
-2.5 -1 0
-2.1875 -1 0
-2.5 -0.875 0
-2.1875 -0.875 0
-2.1875 -1 0
-1.875 -1 0
-2.1875 -0.875 0
-1.875 -0.875 0
-2.5 -0.875 0
-2.1875 -0.875 0
-2.5 -0.75 0
-2.1875 -0.75 0
-2.1875 -0.875 0
-1.875 -0.875 0
-2.1875 -0.75 0
-1.875 -0.75 0
-1.875 -1 0
-1.5625 -1 0
-1.875 -0.875 0
-1.5625 -0.875 0
-1.5625 -1 0
-1.25 -1 0
-1.5625 -0.875 0
-1.25 -0.875 0
-1.875 -0.875 0
-1.5625 -0.875 0
-1.875 -0.75 0
-1.5625 -0.75 0
-1.5625 -0.875 0
-1.25 -0.875 0
-1.5625 -0.75 0
-1.25 -0.75 0
-2.5 -0.75 0
-2.1875 -0.75 0
-2.5 -0.625 0
-2.1875 -0.625 0
-2.1875 -0.75 0
-1.875 -0.75 0
-2.1875 -0.625 0
-1.875 -0.625 0
-2.5 -0.625 0
-2.1875 -0.625 0
-2.5 -0.5 0
-2.1875 -0.5 0
-2.1875 -0.625 0
-1.875 -0.625 0
-2.1875 -0.5 0
-1.875 -0.5 0
-1.875 -0.75 0
-1.5625 -0.75 0
-1.875 -0.625 0
-1.5625 -0.625 0
-1.5625 -0.75 0
-1.25 -0.75 0
-1.5625 -0.625 0
-1.25 -0.625 0
-1.875 -0.625 0
-1.5625 -0.625 0
-1.875 -0.5 0
-1.5625 -0.5 0
-1.5625 -0.625 0
-1.25 -0.625 0
-1.5625 -0.5 0
-1.25 -0.5 0
-1.25 -1 0
-0.9375 -1 0
-1.25 -0.875 0
-0.9375 -0.875 0
-0.9375 -1 0
-0.625 -1 0
-0.9375 -0.875 0
-0.625 -0.875 0
-1.25 -0.875 0
-0.9375 -0.875 0
-1.25 -0.75 0
-0.9375 -0.75 0
-0.9375 -0.875 0
-0.625 -0.875 0
-0.9375 -0.75 0
-0.625 -0.75 0
-0.625 -1 0
-0.3125 -1 0
-0.625 -0.875 0
-0.3125 -0.875 0
-0.3125 -1 0
0 -1 0
-0.3125 -0.875 0
0 -0.875 0
-0.625 -0.875 0
-0.3125 -0.875 0
-0.625 -0.75 0
-0.3125 -0.75 0
-0.3125 -0.875 0
0 -0.875 0
-0.3125 -0.75 0
0 -0.75 0
-1.25 -0.75 0
-0.9375 -0.75 0
-1.25 -0.625 0
-0.9375 -0.625 0
-0.9375 -0.75 0
-0.625 -0.75 0
-0.9375 -0.625 0
-0.625 -0.625 0
-1.25 -0.625 0
-0.9375 -0.625 0
-1.25 -0.5 0
-0.9375 -0.5 0
-0.9375 -0.625 0
-0.625 -0.625 0
-0.9375 -0.5 0
-0.625 -0.5 0
-0.625 -0.75 0
-0.3125 -0.75 0
-0.625 -0.625 0
-0.3125 -0.625 0
-0.3125 -0.75 0
0 -0.75 0
-0.3125 -0.625 0
0 -0.625 0
-0.625 -0.625 0
-0.3125 -0.625 0
-0.625 -0.5 0
-0.3125 -0.5 0
-0.3125 -0.625 0
0 -0.625 0
-0.3125 -0.5 0
0 -0.5 0
-2.5 -0.5 0
-2.1875 -0.5 0
-2.5 -0.375 0
-2.1875 -0.375 0
-2.1875 -0.5 0
-1.875 -0.5 0
-2.1875 -0.375 0
-1.875 -0.375 0
-2.5 -0.375 0
-2.1875 -0.375 0
-2.5 -0.25 0
-2.1875 -0.25 0
-2.1875 -0.375 0
-1.875 -0.375 0
-2.1875 -0.25 0
-1.875 -0.25 0
-1.875 -0.5 0
-1.5625 -0.5 0
-1.875 -0.375 0
-1.5625 -0.375 0
-1.5625 -0.5 0
-1.25 -0.5 0
-1.5625 -0.375 0
-1.25 -0.375 0
-1.875 -0.375 0
-1.5625 -0.375 0
-1.875 -0.25 0
-1.5625 -0.25 0
-1.5625 -0.375 0
-1.25 -0.375 0
-1.5625 -0.25 0
-1.25 -0.25 0
-2.5 -0.25 0
-2.1875 -0.25 0
-2.5 -0.125 0
-2.1875 -0.125 0
-2.1875 -0.25 0
-1.875 -0.25 0
-2.1875 -0.125 0
-1.875 -0.125 0
-2.5 -0.125 0
-2.1875 -0.125 0
-2.5 0 0
-2.1875 0 0
-2.1875 -0.125 0
-1.875 -0.125 0
-2.1875 0 0
-1.875 0 0
-1.875 -0.25 0
-1.5625 -0.25 0
-1.875 -0.125 0
-1.5625 -0.125 0
-1.5625 -0.25 0
-1.25 -0.25 0
-1.5625 -0.125 0
-1.25 -0.125 0
-1.875 -0.125 0
-1.5625 -0.125 0
-1.875 0 0
-1.5625 0 0
-1.5625 -0.125 0
-1.25 -0.125 0
-1.5625 0 0
-1.25 0 0
-1.25 -0.5 0
-0.9375 -0.5 0
-1.25 -0.375 0
-0.9375 -0.375 0
-0.9375 -0.5 0
-0.625 -0.5 0
-0.9375 -0.375 0
-0.625 -0.375 0
-1.25 -0.375 0
-0.9375 -0.375 0
-1.25 -0.25 0
-0.9375 -0.25 0
-0.9375 -0.375 0
-0.625 -0.375 0
-0.9375 -0.25 0
-0.625 -0.25 0
-0.625 -0.5 0
-0.3125 -0.5 0
-0.625 -0.375 0
-0.3125 -0.375 0
-0.3125 -0.5 0
0 -0.5 0
-0.3125 -0.375 0
0 -0.375 0
-0.625 -0.375 0
-0.3125 -0.375 0
-0.625 -0.25 0
-0.3125 -0.25 0
-0.3125 -0.375 0
0 -0.375 0
-0.3125 -0.25 0
0 -0.25 0
-1.25 -0.25 0
-0.9375 -0.25 0
-1.25 -0.125 0
-0.9375 -0.125 0
-0.9375 -0.25 0
-0.625 -0.25 0
-0.9375 -0.125 0
-0.625 -0.125 0
-1.25 -0.125 0
-0.9375 -0.125 0
-1.25 0 0
-0.9375 0 0
-0.9375 -0.125 0
-0.625 -0.125 0
-0.9375 0 0
-0.625 0 0
-0.625 -0.25 0
-0.3125 -0.25 0
-0.625 -0.125 0
-0.3125 -0.125 0
-0.3125 -0.25 0
0 -0.25 0
-0.3125 -0.125 0
0 -0.125 0
-0.625 -0.125 0
-0.3125 -0.125 0
-0.625 0 0
-0.3125 0 0
-0.3125 -0.125 0
0 -0.125 0
-0.3125 0 0
0 0 0
0 -1 0
0.3125 -1 0
0 -0.875 0
0.3125 -0.875 0
0.3125 -1 0
0.625 -1 0
0.3125 -0.875 0
0.625 -0.875 0
0 -0.875 0
0.3125 -0.875 0
0 -0.75 0
0.3125 -0.75 0
0.3125 -0.875 0
0.625 -0.875 0
0.3125 -0.75 0
0.625 -0.75 0
0.625 -1 0
0.9375 -1 0
0.625 -0.875 0
0.9375 -0.875 0
0.9375 -1 0
1.25 -1 0
0.9375 -0.875 0
1.25 -0.875 0
0.625 -0.875 0
0.9375 -0.875 0
0.625 -0.75 0
0.9375 -0.75 0
0.9375 -0.875 0
1.25 -0.875 0
0.9375 -0.75 0
1.25 -0.75 0
0 -0.75 0
0.3125 -0.75 0
0 -0.625 0
0.3125 -0.625 0
0.3125 -0.75 0
0.625 -0.75 0
0.3125 -0.625 0
0.625 -0.625 0
0 -0.625 0
0.3125 -0.625 0
0 -0.5 0
0.3125 -0.5 0
0.3125 -0.625 0
0.625 -0.625 0
0.3125 -0.5 0
0.625 -0.5 0
0.625 -0.75 0
0.9375 -0.75 0
0.625 -0.625 0
0.9375 -0.625 0
0.9375 -0.75 0
1.25 -0.75 0
0.9375 -0.625 0
1.25 -0.625 0
0.625 -0.625 0
0.9375 -0.625 0
0.625 -0.5 0
0.9375 -0.5 0
0.9375 -0.625 0
1.25 -0.625 0
0.9375 -0.5 0
1.25 -0.5 0
1.25 -1 0
1.5625 -1 0
1.25 -0.875 0
1.5625 -0.875 0
1.5625 -1 0
1.875 -1 0
1.5625 -0.875 0
1.875 -0.875 0
1.25 -0.875 0
1.5625 -0.875 0
1.25 -0.75 0
1.5625 -0.75 0
1.5625 -0.875 0
1.875 -0.875 0
1.5625 -0.75 0
1.875 -0.75 0
1.875 -1 0
2.1875 -1 0
1.875 -0.875 0
2.1875 -0.875 0
2.1875 -1 0
2.5 -1 0
2.1875 -0.875 0
2.5 -0.875 0
1.875 -0.875 0
2.1875 -0.875 0
1.875 -0.75 0
2.1875 -0.75 0
2.1875 -0.875 0
2.5 -0.875 0
2.1875 -0.75 0
2.5 -0.75 0
1.25 -0.75 0
1.5625 -0.75 0
1.25 -0.625 0
1.5625 -0.625 0
1.5625 -0.75 0
1.875 -0.75 0
1.5625 -0.625 0
1.875 -0.625 0
1.25 -0.625 0
1.5625 -0.625 0
1.25 -0.5 0
1.5625 -0.5 0
1.5625 -0.625 0
1.875 -0.625 0
1.5625 -0.5 0
1.875 -0.5 0
1.875 -0.75 0
2.1875 -0.75 0
1.875 -0.625 0
2.1875 -0.625 0
2.1875 -0.75 0
2.5 -0.75 0
2.1875 -0.625 0
2.5 -0.625 0
1.875 -0.625 0
2.1875 -0.625 0
1.875 -0.5 0
2.1875 -0.5 0
2.1875 -0.625 0
2.5 -0.625 0
2.1875 -0.5 0
2.5 -0.5 0
0 -0.5 0
0.3125 -0.5 0
0 -0.375 0
0.3125 -0.375 0
0.3125 -0.5 0
0.625 -0.5 0
0.3125 -0.375 0
0.625 -0.375 0
0 -0.375 0
0.3125 -0.375 0
0 -0.25 0
0.3125 -0.25 0
0.3125 -0.375 0
0.625 -0.375 0
0.3125 -0.25 0
0.625 -0.25 0
0.625 -0.5 0
0.9375 -0.5 0
0.625 -0.375 0
0.9375 -0.375 0
0.9375 -0.5 0
1.25 -0.5 0
0.9375 -0.375 0
1.25 -0.375 0
0.625 -0.375 0
0.9375 -0.375 0
0.625 -0.25 0
0.9375 -0.25 0
0.9375 -0.375 0
1.25 -0.375 0
0.9375 -0.25 0
1.25 -0.25 0
0 -0.25 0
0.3125 -0.25 0
0 -0.125 0
0.3125 -0.125 0
0.3125 -0.25 0
0.625 -0.25 0
0.3125 -0.125 0
0.625 -0.125 0
0 -0.125 0
0.3125 -0.125 0
0 0 0
0.3125 0 0
0.3125 -0.125 0
0.625 -0.125 0
0.3125 0 0
0.625 0 0
0.625 -0.25 0
0.9375 -0.25 0
0.625 -0.125 0
0.9375 -0.125 0
0.9375 -0.25 0
1.25 -0.25 0
0.9375 -0.125 0
1.25 -0.125 0
0.625 -0.125 0
0.9375 -0.125 0
0.625 0 0
0.9375 0 0
0.9375 -0.125 0
1.25 -0.125 0
0.9375 0 0
1.25 0 0
1.25 -0.5 0
1.5625 -0.5 0
1.25 -0.375 0
1.5625 -0.375 0
1.5625 -0.5 0
1.875 -0.5 0
1.5625 -0.375 0
1.875 -0.375 0
1.25 -0.375 0
1.5625 -0.375 0
1.25 -0.25 0
1.5625 -0.25 0
1.5625 -0.375 0
1.875 -0.375 0
1.5625 -0.25 0
1.875 -0.25 0
1.875 -0.5 0
2.1875 -0.5 0
1.875 -0.375 0
2.1875 -0.375 0
2.1875 -0.5 0
2.5 -0.5 0
2.1875 -0.375 0
2.5 -0.375 0
1.875 -0.375 0
2.1875 -0.375 0
1.875 -0.25 0
2.1875 -0.25 0
2.1875 -0.375 0
2.5 -0.375 0
2.1875 -0.25 0
2.5 -0.25 0
1.25 -0.25 0
1.5625 -0.25 0
1.25 -0.125 0
1.5625 -0.125 0
1.5625 -0.25 0
1.875 -0.25 0
1.5625 -0.125 0
1.875 -0.125 0
1.25 -0.125 0
1.5625 -0.125 0
1.25 0 0
1.5625 0 0
1.5625 -0.125 0
1.875 -0.125 0
1.5625 0 0
1.875 0 0
1.875 -0.25 0
2.1875 -0.25 0
1.875 -0.125 0
2.1875 -0.125 0
2.1875 -0.25 0
2.5 -0.25 0
2.1875 -0.125 0
2.5 -0.125 0
1.875 -0.125 0
2.1875 -0.125 0
1.875 0 0
2.1875 0 0
2.1875 -0.125 0
2.5 -0.125 0
2.1875 0 0
2.5 0 0
2.5 -1 0
2.8125 -1 0
2.5 -0.875 0
2.8125 -0.875 0
2.8125 -1 0
3.125 -1 0
2.8125 -0.875 0
3.125 -0.875 0
2.5 -0.875 0
2.8125 -0.875 0
2.5 -0.75 0
2.8125 -0.75 0
2.8125 -0.875 0
3.125 -0.875 0
2.8125 -0.75 0
3.125 -0.75 0
3.125 -1 0
3.4375 -1 0
3.125 -0.875 0
3.4375 -0.875 0
3.4375 -1 0
3.75 -1 0
3.4375 -0.875 0
3.75 -0.875 0
3.125 -0.875 0
3.4375 -0.875 0
3.125 -0.75 0
3.4375 -0.75 0
3.4375 -0.875 0
3.75 -0.875 0
3.4375 -0.75 0
3.75 -0.75 0
2.5 -0.75 0
2.8125 -0.75 0
2.5 -0.625 0
2.8125 -0.625 0
2.8125 -0.75 0
3.125 -0.75 0
2.8125 -0.625 0
3.125 -0.625 0
2.5 -0.625 0
2.8125 -0.625 0
2.5 -0.5 0
2.8125 -0.5 0
2.8125 -0.625 0
3.125 -0.625 0
2.8125 -0.5 0
3.125 -0.5 0
3.125 -0.75 0
3.4375 -0.75 0
3.125 -0.625 0
3.4375 -0.625 0
3.4375 -0.75 0
3.75 -0.75 0
3.4375 -0.625 0
3.75 -0.625 0
3.125 -0.625 0
3.4375 -0.625 0
3.125 -0.5 0
3.4375 -0.5 0
3.4375 -0.625 0
3.75 -0.625 0
3.4375 -0.5 0
3.75 -0.5 0
3.75 -1 0
4.0625 -1 0
3.75 -0.875 0
4.0625 -0.875 0
4.0625 -1 0
4.375 -1 0
4.0625 -0.875 0
4.375 -0.875 0
3.75 -0.875 0
4.0625 -0.875 0
3.75 -0.75 0
4.0625 -0.75 0
4.0625 -0.875 0
4.375 -0.875 0
4.0625 -0.75 0
4.375 -0.75 0
4.375 -1 0
4.6875 -1 0
4.375 -0.875 0
4.6875 -0.875 0
4.6875 -1 0
5 -1 0
4.6875 -0.875 0
5 -0.875 0
4.375 -0.875 0
4.6875 -0.875 0
4.375 -0.75 0
4.6875 -0.75 0
4.6875 -0.875 0
5 -0.875 0
4.6875 -0.75 0
5 -0.75 0
3.75 -0.75 0
4.0625 -0.75 0
3.75 -0.625 0
4.0625 -0.625 0
4.0625 -0.75 0
4.375 -0.75 0
4.0625 -0.625 0
4.375 -0.625 0
3.75 -0.625 0
4.0625 -0.625 0
3.75 -0.5 0
4.0625 -0.5 0
4.0625 -0.625 0
4.375 -0.625 0
4.0625 -0.5 0
4.375 -0.5 0
4.375 -0.75 0
4.6875 -0.75 0
4.375 -0.625 0
4.6875 -0.625 0
4.6875 -0.75 0
5 -0.75 0
4.6875 -0.625 0
5 -0.625 0
4.375 -0.625 0
4.6875 -0.625 0
4.375 -0.5 0
4.6875 -0.5 0
4.6875 -0.625 0
5 -0.625 0
4.6875 -0.5 0
5 -0.5 0
2.5 -0.5 0
2.8125 -0.5 0
2.5 -0.375 0
2.8125 -0.375 0
2.8125 -0.5 0
3.125 -0.5 0
2.8125 -0.375 0
3.125 -0.375 0
2.5 -0.375 0
2.8125 -0.375 0
2.5 -0.25 0
2.8125 -0.25 0
2.8125 -0.375 0
3.125 -0.375 0
2.8125 -0.25 0
3.125 -0.25 0
3.125 -0.5 0
3.4375 -0.5 0
3.125 -0.375 0
3.4375 -0.375 0
3.4375 -0.5 0
3.75 -0.5 0
3.4375 -0.375 0
3.75 -0.375 0
3.125 -0.375 0
3.4375 -0.375 0
3.125 -0.25 0
3.4375 -0.25 0
3.4375 -0.375 0
3.75 -0.375 0
3.4375 -0.25 0
3.75 -0.25 0
2.5 -0.25 0
2.8125 -0.25 0
2.5 -0.125 0
2.8125 -0.125 0
2.8125 -0.25 0
3.125 -0.25 0
2.8125 -0.125 0
3.125 -0.125 0
2.5 -0.125 0
2.8125 -0.125 0
2.5 0 0
2.8125 0 0
2.8125 -0.125 0
3.125 -0.125 0
2.8125 0 0
3.125 0 0
3.125 -0.25 0
3.4375 -0.25 0
3.125 -0.125 0
3.4375 -0.125 0
3.4375 -0.25 0
3.75 -0.25 0
3.4375 -0.125 0
3.75 -0.125 0
3.125 -0.125 0
3.4375 -0.125 0
3.125 0 0
3.4375 0 0
3.4375 -0.125 0
3.75 -0.125 0
3.4375 0 0
3.75 0 0
3.75 -0.5 0
4.0625 -0.5 0
3.75 -0.375 0
4.0625 -0.375 0
4.0625 -0.5 0
4.375 -0.5 0
4.0625 -0.375 0
4.375 -0.375 0
3.75 -0.375 0
4.0625 -0.375 0
3.75 -0.25 0
4.0625 -0.25 0
4.0625 -0.375 0
4.375 -0.375 0
4.0625 -0.25 0
4.375 -0.25 0
4.375 -0.5 0
4.6875 -0.5 0
4.375 -0.375 0
4.6875 -0.375 0
4.6875 -0.5 0
5 -0.5 0
4.6875 -0.375 0
5 -0.375 0
4.375 -0.375 0
4.6875 -0.375 0
4.375 -0.25 0
4.6875 -0.25 0
4.6875 -0.375 0
5 -0.375 0
4.6875 -0.25 0
5 -0.25 0
3.75 -0.25 0
4.0625 -0.25 0
3.75 -0.125 0
4.0625 -0.125 0
4.0625 -0.25 0
4.375 -0.25 0
4.0625 -0.125 0
4.375 -0.125 0
3.75 -0.125 0
4.0625 -0.125 0
3.75 0 0
4.0625 0 0
4.0625 -0.125 0
4.375 -0.125 0
4.0625 0 0
4.375 0 0
4.375 -0.25 0
4.6875 -0.25 0
4.375 -0.125 0
4.6875 -0.125 0
4.6875 -0.25 0
5 -0.25 0
4.6875 -0.125 0
5 -0.125 0
4.375 -0.125 0
4.6875 -0.125 0
4.375 0 0
4.6875 0 0
4.6875 -0.125 0
5 -0.125 0
4.6875 0 0
5 0 0
-5 0 0
-4.6875 0 0
-5 0.125 0
-4.6875 0.125 0
-4.6875 0 0
-4.375 0 0
-4.6875 0.125 0
-4.375 0.125 0
-5 0.125 0
-4.6875 0.125 0
-5 0.25 0
-4.6875 0.25 0
-4.6875 0.125 0
-4.375 0.125 0
-4.6875 0.25 0
-4.375 0.25 0
-4.375 0 0
-4.0625 0 0
-4.375 0.125 0
-4.0625 0.125 0
-4.0625 0 0
-3.75 0 0
-4.0625 0.125 0
-3.75 0.125 0
-4.375 0.125 0
-4.0625 0.125 0
-4.375 0.25 0
-4.0625 0.25 0
-4.0625 0.125 0
-3.75 0.125 0
-4.0625 0.25 0
-3.75 0.25 0
-5 0.25 0
-4.6875 0.25 0
-5 0.375 0
-4.6875 0.375 0
-4.6875 0.25 0
-4.375 0.25 0
-4.6875 0.375 0
-4.375 0.375 0
-5 0.375 0
-4.6875 0.375 0
-5 0.5 0
-4.6875 0.5 0
-4.6875 0.375 0
-4.375 0.375 0
-4.6875 0.5 0
-4.375 0.5 0
-4.375 0.25 0
-4.0625 0.25 0
-4.375 0.375 0
-4.0625 0.375 0
-4.0625 0.25 0
-3.75 0.25 0
-4.0625 0.375 0
-3.75 0.375 0
-4.375 0.375 0
-4.0625 0.375 0
-4.375 0.5 0
-4.0625 0.5 0
-4.0625 0.375 0
-3.75 0.375 0
-4.0625 0.5 0
-3.75 0.5 0
-3.75 0 0
-3.4375 0 0
-3.75 0.125 0
-3.4375 0.125 0
-3.4375 0 0
-3.125 0 0
-3.4375 0.125 0
-3.125 0.125 0
-3.75 0.125 0
-3.4375 0.125 0
-3.75 0.25 0
-3.4375 0.25 0
-3.4375 0.125 0
-3.125 0.125 0
-3.4375 0.25 0
-3.125 0.25 0
-3.125 0 0
-2.8125 0 0
-3.125 0.125 0
-2.8125 0.125 0
-2.8125 0 0
-2.5 0 0
-2.8125 0.125 0
-2.5 0.125 0
-3.125 0.125 0
-2.8125 0.125 0
-3.125 0.25 0
-2.8125 0.25 0
-2.8125 0.125 0
-2.5 0.125 0
-2.8125 0.25 0
-2.5 0.25 0
-3.75 0.25 0
-3.4375 0.25 0
-3.75 0.375 0
-3.4375 0.375 0
-3.4375 0.25 0
-3.125 0.25 0
-3.4375 0.375 0
-3.125 0.375 0
-3.75 0.375 0
-3.4375 0.375 0
-3.75 0.5 0
-3.4375 0.5 0
-3.4375 0.375 0
-3.125 0.375 0
-3.4375 0.5 0
-3.125 0.5 0
-3.125 0.25 0
-2.8125 0.25 0
-3.125 0.375 0
-2.8125 0.375 0
-2.8125 0.25 0
-2.5 0.25 0
-2.8125 0.375 0
-2.5 0.375 0
-3.125 0.375 0
-2.8125 0.375 0
-3.125 0.5 0
-2.8125 0.5 0
-2.8125 0.375 0
-2.5 0.375 0
-2.8125 0.5 0
-2.5 0.5 0
-5 0.5 0
-4.6875 0.5 0
-5 0.625 0
-4.6875 0.625 0
-4.6875 0.5 0
-4.375 0.5 0
-4.6875 0.625 0
-4.375 0.625 0
-5 0.625 0
-4.6875 0.625 0
-5 0.75 0
-4.6875 0.75 0
-4.6875 0.625 0
-4.375 0.625 0
-4.6875 0.75 0
-4.375 0.75 0
-4.375 0.5 0
-4.0625 0.5 0
-4.375 0.625 0
-4.0625 0.625 0
-4.0625 0.5 0
-3.75 0.5 0
-4.0625 0.625 0
-3.75 0.625 0
-4.375 0.625 0
-4.0625 0.625 0
-4.375 0.75 0
-4.0625 0.75 0
-4.0625 0.625 0
-3.75 0.625 0
-4.0625 0.75 0
-3.75 0.75 0
-5 0.75 0
-4.6875 0.75 0
-5 0.875 0
-4.6875 0.875 0
-4.6875 0.75 0
-4.375 0.75 0
-4.6875 0.875 0
-4.375 0.875 0
-5 0.875 0
-4.6875 0.875 0
-5 1 0
-4.6875 1 0
-4.6875 0.875 0
-4.375 0.875 0
-4.6875 1 0
-4.375 1 0
-4.375 0.75 0
-4.0625 0.75 0
-4.375 0.875 0
-4.0625 0.875 0
-4.0625 0.75 0
-3.75 0.75 0
-4.0625 0.875 0
-3.75 0.875 0
-4.375 0.875 0
-4.0625 0.875 0
-4.375 1 0
-4.0625 1 0
-4.0625 0.875 0
-3.75 0.875 0
-4.0625 1 0
-3.75 1 0
-3.75 0.5 0
-3.4375 0.5 0
-3.75 0.625 0
-3.4375 0.625 0
-3.4375 0.5 0
-3.125 0.5 0
-3.4375 0.625 0
-3.125 0.625 0
-3.75 0.625 0
-3.4375 0.625 0
-3.75 0.75 0
-3.4375 0.75 0
-3.4375 0.625 0
-3.125 0.625 0
-3.4375 0.75 0
-3.125 0.75 0
-3.125 0.5 0
-2.8125 0.5 0
-3.125 0.625 0
-2.8125 0.625 0
-2.8125 0.5 0
-2.5 0.5 0
-2.8125 0.625 0
-2.5 0.625 0
-3.125 0.625 0
-2.8125 0.625 0
-3.125 0.75 0
-2.8125 0.75 0
-2.8125 0.625 0
-2.5 0.625 0
-2.8125 0.75 0
-2.5 0.75 0
-3.75 0.75 0
-3.4375 0.75 0
-3.75 0.875 0
-3.4375 0.875 0
-3.4375 0.75 0
-3.125 0.75 0
-3.4375 0.875 0
-3.125 0.875 0
-3.75 0.875 0
-3.4375 0.875 0
-3.75 1 0
-3.4375 1 0
-3.4375 0.875 0
-3.125 0.875 0
-3.4375 1 0
-3.125 1 0
-3.125 0.75 0
-2.8125 0.75 0
-3.125 0.875 0
-2.8125 0.875 0
-2.8125 0.75 0
-2.5 0.75 0
-2.8125 0.875 0
-2.5 0.875 0
-3.125 0.875 0
-2.8125 0.875 0
-3.125 1 0
-2.8125 1 0
-2.8125 0.875 0
-2.5 0.875 0
-2.8125 1 0
-2.5 1 0
-2.5 0 0
-2.1875 0 0
-2.5 0.125 0
-2.1875 0.125 0
-2.1875 0 0
-1.875 0 0
-2.1875 0.125 0
-1.875 0.125 0
-2.5 0.125 0
-2.1875 0.125 0
-2.5 0.25 0
-2.1875 0.25 0
-2.1875 0.125 0
-1.875 0.125 0
-2.1875 0.25 0
-1.875 0.25 0
-1.875 0 0
-1.5625 0 0
-1.875 0.125 0
-1.5625 0.125 0
-1.5625 0 0
-1.25 0 0
-1.5625 0.125 0
-1.25 0.125 0
-1.875 0.125 0
-1.5625 0.125 0
-1.875 0.25 0
-1.5625 0.25 0
-1.5625 0.125 0
-1.25 0.125 0
-1.5625 0.25 0
-1.25 0.25 0
-2.5 0.25 0
-2.1875 0.25 0
-2.5 0.375 0
-2.1875 0.375 0
-2.1875 0.25 0
-1.875 0.25 0
-2.1875 0.375 0
-1.875 0.375 0
-2.5 0.375 0
-2.1875 0.375 0
-2.5 0.5 0
-2.1875 0.5 0
-2.1875 0.375 0
-1.875 0.375 0
-2.1875 0.5 0
-1.875 0.5 0
-1.875 0.25 0
-1.5625 0.25 0
-1.875 0.375 0
-1.5625 0.375 0
-1.5625 0.25 0
-1.25 0.25 0
-1.5625 0.375 0
-1.25 0.375 0
-1.875 0.375 0
-1.5625 0.375 0
-1.875 0.5 0
-1.5625 0.5 0
-1.5625 0.375 0
-1.25 0.375 0
-1.5625 0.5 0
-1.25 0.5 0
-1.25 0 0
-0.9375 0 0
-1.25 0.125 0
-0.9375 0.125 0
-0.9375 0 0
-0.625 0 0
-0.9375 0.125 0
-0.625 0.125 0
-1.25 0.125 0
-0.9375 0.125 0
-1.25 0.25 0
-0.9375 0.25 0
-0.9375 0.125 0
-0.625 0.125 0
-0.9375 0.25 0
-0.625 0.25 0
-0.625 0 0
-0.3125 0 0
-0.625 0.125 0
-0.3125 0.125 0
-0.3125 0 0
0 0 0
-0.3125 0.125 0
0 0.125 0
-0.625 0.125 0
-0.3125 0.125 0
-0.625 0.25 0
-0.3125 0.25 0
-0.3125 0.125 0
0 0.125 0
-0.3125 0.25 0
0 0.25 0
-1.25 0.25 0
-0.9375 0.25 0
-1.25 0.375 0
-0.9375 0.375 0
-0.9375 0.25 0
-0.625 0.25 0
-0.9375 0.375 0
-0.625 0.375 0
-1.25 0.375 0
-0.9375 0.375 0
-1.25 0.5 0
-0.9375 0.5 0
-0.9375 0.375 0
-0.625 0.375 0
-0.9375 0.5 0
-0.625 0.5 0
-0.625 0.25 0
-0.3125 0.25 0
-0.625 0.375 0
-0.3125 0.375 0
-0.3125 0.25 0
0 0.25 0
-0.3125 0.375 0
0 0.375 0
-0.625 0.375 0
-0.3125 0.375 0
-0.625 0.5 0
-0.3125 0.5 0
-0.3125 0.375 0
0 0.375 0
-0.3125 0.5 0
0 0.5 0
-2.5 0.5 0
-2.1875 0.5 0
-2.5 0.625 0
-2.1875 0.625 0
-2.1875 0.5 0
-1.875 0.5 0
-2.1875 0.625 0
-1.875 0.625 0
-2.5 0.625 0
-2.1875 0.625 0
-2.5 0.75 0
-2.1875 0.75 0
-2.1875 0.625 0
-1.875 0.625 0
-2.1875 0.75 0
-1.875 0.75 0
-1.875 0.5 0
-1.5625 0.5 0
-1.875 0.625 0
-1.5625 0.625 0
-1.5625 0.5 0
-1.25 0.5 0
-1.5625 0.625 0
-1.25 0.625 0
-1.875 0.625 0
-1.5625 0.625 0
-1.875 0.75 0
-1.5625 0.75 0
-1.5625 0.625 0
-1.25 0.625 0
-1.5625 0.75 0
-1.25 0.75 0
-2.5 0.75 0
-2.1875 0.75 0
-2.5 0.875 0
-2.1875 0.875 0
-2.1875 0.75 0
-1.875 0.75 0
-2.1875 0.875 0
-1.875 0.875 0
-2.5 0.875 0
-2.1875 0.875 0
-2.5 1 0
-2.1875 1 0
-2.1875 0.875 0
-1.875 0.875 0
-2.1875 1 0
-1.875 1 0
-1.875 0.75 0
-1.5625 0.75 0
-1.875 0.875 0
-1.5625 0.875 0
-1.5625 0.75 0
-1.25 0.75 0
-1.5625 0.875 0
-1.25 0.875 0
-1.875 0.875 0
-1.5625 0.875 0
-1.875 1 0
-1.5625 1 0
-1.5625 0.875 0
-1.25 0.875 0
-1.5625 1 0
-1.25 1 0
-1.25 0.5 0
-0.9375 0.5 0
-1.25 0.625 0
-0.9375 0.625 0
-0.9375 0.5 0
-0.625 0.5 0
-0.9375 0.625 0
-0.625 0.625 0
-1.25 0.625 0
-0.9375 0.625 0
-1.25 0.75 0
-0.9375 0.75 0
-0.9375 0.625 0
-0.625 0.625 0
-0.9375 0.75 0
-0.625 0.75 0
-0.625 0.5 0
-0.3125 0.5 0
-0.625 0.625 0
-0.3125 0.625 0
-0.3125 0.5 0
0 0.5 0
-0.3125 0.625 0
0 0.625 0
-0.625 0.625 0
-0.3125 0.625 0
-0.625 0.75 0
-0.3125 0.75 0
-0.3125 0.625 0
0 0.625 0
-0.3125 0.75 0
0 0.75 0
-1.25 0.75 0
-0.9375 0.75 0
-1.25 0.875 0
-0.9375 0.875 0
-0.9375 0.75 0
-0.625 0.75 0
-0.9375 0.875 0
-0.625 0.875 0
-1.25 0.875 0
-0.9375 0.875 0
-1.25 1 0
-0.9375 1 0
-0.9375 0.875 0
-0.625 0.875 0
-0.9375 1 0
-0.625 1 0
-0.625 0.75 0
-0.3125 0.75 0
-0.625 0.875 0
-0.3125 0.875 0
-0.3125 0.75 0
0 0.75 0
-0.3125 0.875 0
0 0.875 0
-0.625 0.875 0
-0.3125 0.875 0
-0.625 1 0
-0.3125 1 0
-0.3125 0.875 0
0 0.875 0
-0.3125 1 0
0 1 0
0 0 0
0.3125 0 0
0 0.125 0
0.3125 0.125 0
0.3125 0 0
0.625 0 0
0.3125 0.125 0
0.625 0.125 0
0 0.125 0
0.3125 0.125 0
0 0.25 0
0.3125 0.25 0
0.3125 0.125 0
0.625 0.125 0
0.3125 0.25 0
0.625 0.25 0
0.625 0 0
0.9375 0 0
0.625 0.125 0
0.9375 0.125 0
0.9375 0 0
1.25 0 0
0.9375 0.125 0
1.25 0.125 0
0.625 0.125 0
0.9375 0.125 0
0.625 0.25 0
0.9375 0.25 0
0.9375 0.125 0
1.25 0.125 0
0.9375 0.25 0
1.25 0.25 0
0 0.25 0
0.3125 0.25 0
0 0.375 0
0.3125 0.375 0
0.3125 0.25 0
0.625 0.25 0
0.3125 0.375 0
0.625 0.375 0
0 0.375 0
0.3125 0.375 0
0 0.5 0
0.3125 0.5 0
0.3125 0.375 0
0.625 0.375 0
0.3125 0.5 0
0.625 0.5 0
0.625 0.25 0
0.9375 0.25 0
0.625 0.375 0
0.9375 0.375 0
0.9375 0.25 0
1.25 0.25 0
0.9375 0.375 0
1.25 0.375 0
0.625 0.375 0
0.9375 0.375 0
0.625 0.5 0
0.9375 0.5 0
0.9375 0.375 0
1.25 0.375 0
0.9375 0.5 0
1.25 0.5 0
1.25 0 0
1.5625 0 0
1.25 0.125 0
1.5625 0.125 0
1.5625 0 0
1.875 0 0
1.5625 0.125 0
1.875 0.125 0
1.25 0.125 0
1.5625 0.125 0
1.25 0.25 0
1.5625 0.25 0
1.5625 0.125 0
1.875 0.125 0
1.5625 0.25 0
1.875 0.25 0
1.875 0 0
2.1875 0 0
1.875 0.125 0
2.1875 0.125 0
2.1875 0 0
2.5 0 0
2.1875 0.125 0
2.5 0.125 0
1.875 0.125 0
2.1875 0.125 0
1.875 0.25 0
2.1875 0.25 0
2.1875 0.125 0
2.5 0.125 0
2.1875 0.25 0
2.5 0.25 0
1.25 0.25 0
1.5625 0.25 0
1.25 0.375 0
1.5625 0.375 0
1.5625 0.25 0
1.875 0.25 0
1.5625 0.375 0
1.875 0.375 0
1.25 0.375 0
1.5625 0.375 0
1.25 0.5 0
1.5625 0.5 0
1.5625 0.375 0
1.875 0.375 0
1.5625 0.5 0
1.875 0.5 0
1.875 0.25 0
2.1875 0.25 0
1.875 0.375 0
2.1875 0.375 0
2.1875 0.25 0
2.5 0.25 0
2.1875 0.375 0
2.5 0.375 0
1.875 0.375 0
2.1875 0.375 0
1.875 0.5 0
2.1875 0.5 0
2.1875 0.375 0
2.5 0.375 0
2.1875 0.5 0
2.5 0.5 0
0 0.5 0
0.3125 0.5 0
0 0.625 0
0.3125 0.625 0
0.3125 0.5 0
0.625 0.5 0
0.3125 0.625 0
0.625 0.625 0
0 0.625 0
0.3125 0.625 0
0 0.75 0
0.3125 0.75 0
0.3125 0.625 0
0.625 0.625 0
0.3125 0.75 0
0.625 0.75 0
0.625 0.5 0
0.9375 0.5 0
0.625 0.625 0
0.9375 0.625 0
0.9375 0.5 0
1.25 0.5 0
0.9375 0.625 0
1.25 0.625 0
0.625 0.625 0
0.9375 0.625 0
0.625 0.75 0
0.9375 0.75 0
0.9375 0.625 0
1.25 0.625 0
0.9375 0.75 0
1.25 0.75 0
0 0.75 0
0.3125 0.75 0
0 0.875 0
0.3125 0.875 0
0.3125 0.75 0
0.625 0.75 0
0.3125 0.875 0
0.625 0.875 0
0 0.875 0
0.3125 0.875 0
0 1 0
0.3125 1 0
0.3125 0.875 0
0.625 0.875 0
0.3125 1 0
0.625 1 0
0.625 0.75 0
0.9375 0.75 0
0.625 0.875 0
0.9375 0.875 0
0.9375 0.75 0
1.25 0.75 0
0.9375 0.875 0
1.25 0.875 0
0.625 0.875 0
0.9375 0.875 0
0.625 1 0
0.9375 1 0
0.9375 0.875 0
1.25 0.875 0
0.9375 1 0
1.25 1 0
1.25 0.5 0
1.5625 0.5 0
1.25 0.625 0
1.5625 0.625 0
1.5625 0.5 0
1.875 0.5 0
1.5625 0.625 0
1.875 0.625 0
1.25 0.625 0
1.5625 0.625 0
1.25 0.75 0
1.5625 0.75 0
1.5625 0.625 0
1.875 0.625 0
1.5625 0.75 0
1.875 0.75 0
1.875 0.5 0
2.1875 0.5 0
1.875 0.625 0
2.1875 0.625 0
2.1875 0.5 0
2.5 0.5 0
2.1875 0.625 0
2.5 0.625 0
1.875 0.625 0
2.1875 0.625 0
1.875 0.75 0
2.1875 0.75 0
2.1875 0.625 0
2.5 0.625 0
2.1875 0.75 0
2.5 0.75 0
1.25 0.75 0
1.5625 0.75 0
1.25 0.875 0
1.5625 0.875 0
1.5625 0.75 0
1.875 0.75 0
1.5625 0.875 0
1.875 0.875 0
1.25 0.875 0
1.5625 0.875 0
1.25 1 0
1.5625 1 0
1.5625 0.875 0
1.875 0.875 0
1.5625 1 0
1.875 1 0
1.875 0.75 0
2.1875 0.75 0
1.875 0.875 0
2.1875 0.875 0
2.1875 0.75 0
2.5 0.75 0
2.1875 0.875 0
2.5 0.875 0
1.875 0.875 0
2.1875 0.875 0
1.875 1 0
2.1875 1 0
2.1875 0.875 0
2.5 0.875 0
2.1875 1 0
2.5 1 0
2.5 0 0
2.8125 0 0
2.5 0.125 0
2.8125 0.125 0
2.8125 0 0
3.125 0 0
2.8125 0.125 0
3.125 0.125 0
2.5 0.125 0
2.8125 0.125 0
2.5 0.25 0
2.8125 0.25 0
2.8125 0.125 0
3.125 0.125 0
2.8125 0.25 0
3.125 0.25 0
3.125 0 0
3.4375 0 0
3.125 0.125 0
3.4375 0.125 0
3.4375 0 0
3.75 0 0
3.4375 0.125 0
3.75 0.125 0
3.125 0.125 0
3.4375 0.125 0
3.125 0.25 0
3.4375 0.25 0
3.4375 0.125 0
3.75 0.125 0
3.4375 0.25 0
3.75 0.25 0
2.5 0.25 0
2.8125 0.25 0
2.5 0.375 0
2.8125 0.375 0
2.8125 0.25 0
3.125 0.25 0
2.8125 0.375 0
3.125 0.375 0
2.5 0.375 0
2.8125 0.375 0
2.5 0.5 0
2.8125 0.5 0
2.8125 0.375 0
3.125 0.375 0
2.8125 0.5 0
3.125 0.5 0
3.125 0.25 0
3.4375 0.25 0
3.125 0.375 0
3.4375 0.375 0
3.4375 0.25 0
3.75 0.25 0
3.4375 0.375 0
3.75 0.375 0
3.125 0.375 0
3.4375 0.375 0
3.125 0.5 0
3.4375 0.5 0
3.4375 0.375 0
3.75 0.375 0
3.4375 0.5 0
3.75 0.5 0
3.75 0 0
4.0625 0 0
3.75 0.125 0
4.0625 0.125 0
4.0625 0 0
4.375 0 0
4.0625 0.125 0
4.375 0.125 0
3.75 0.125 0
4.0625 0.125 0
3.75 0.25 0
4.0625 0.25 0
4.0625 0.125 0
4.375 0.125 0
4.0625 0.25 0
4.375 0.25 0
4.375 0 0
4.6875 0 0
4.375 0.125 0
4.6875 0.125 0
4.6875 0 0
5 0 0
4.6875 0.125 0
5 0.125 0
4.375 0.125 0
4.6875 0.125 0
4.375 0.25 0
4.6875 0.25 0
4.6875 0.125 0
5 0.125 0
4.6875 0.25 0
5 0.25 0
3.75 0.25 0
4.0625 0.25 0
3.75 0.375 0
4.0625 0.375 0
4.0625 0.25 0
4.375 0.25 0
4.0625 0.375 0
4.375 0.375 0
3.75 0.375 0
4.0625 0.375 0
3.75 0.5 0
4.0625 0.5 0
4.0625 0.375 0
4.375 0.375 0
4.0625 0.5 0
4.375 0.5 0
4.375 0.25 0
4.6875 0.25 0
4.375 0.375 0
4.6875 0.375 0
4.6875 0.25 0
5 0.25 0
4.6875 0.375 0
5 0.375 0
4.375 0.375 0
4.6875 0.375 0
4.375 0.5 0
4.6875 0.5 0
4.6875 0.375 0
5 0.375 0
4.6875 0.5 0
5 0.5 0
2.5 0.5 0
2.8125 0.5 0
2.5 0.625 0
2.8125 0.625 0
2.8125 0.5 0
3.125 0.5 0
2.8125 0.625 0
3.125 0.625 0
2.5 0.625 0
2.8125 0.625 0
2.5 0.75 0
2.8125 0.75 0
2.8125 0.625 0
3.125 0.625 0
2.8125 0.75 0
3.125 0.75 0
3.125 0.5 0
3.4375 0.5 0
3.125 0.625 0
3.4375 0.625 0
3.4375 0.5 0
3.75 0.5 0
3.4375 0.625 0
3.75 0.625 0
3.125 0.625 0
3.4375 0.625 0
3.125 0.75 0
3.4375 0.75 0
3.4375 0.625 0
3.75 0.625 0
3.4375 0.75 0
3.75 0.75 0
2.5 0.75 0
2.8125 0.75 0
2.5 0.875 0
2.8125 0.875 0
2.8125 0.75 0
3.125 0.75 0
2.8125 0.875 0
3.125 0.875 0
2.5 0.875 0
2.8125 0.875 0
2.5 1 0
2.8125 1 0
2.8125 0.875 0
3.125 0.875 0
2.8125 1 0
3.125 1 0
3.125 0.75 0
3.4375 0.75 0
3.125 0.875 0
3.4375 0.875 0
3.4375 0.75 0
3.75 0.75 0
3.4375 0.875 0
3.75 0.875 0
3.125 0.875 0
3.4375 0.875 0
3.125 1 0
3.4375 1 0
3.4375 0.875 0
3.75 0.875 0
3.4375 1 0
3.75 1 0
3.75 0.5 0
4.0625 0.5 0
3.75 0.625 0
4.0625 0.625 0
4.0625 0.5 0
4.375 0.5 0
4.0625 0.625 0
4.375 0.625 0
3.75 0.625 0
4.0625 0.625 0
3.75 0.75 0
4.0625 0.75 0
4.0625 0.625 0
4.375 0.625 0
4.0625 0.75 0
4.375 0.75 0
4.375 0.5 0
4.6875 0.5 0
4.375 0.625 0
4.6875 0.625 0
4.6875 0.5 0
5 0.5 0
4.6875 0.625 0
5 0.625 0
4.375 0.625 0
4.6875 0.625 0
4.375 0.75 0
4.6875 0.75 0
4.6875 0.625 0
5 0.625 0
4.6875 0.75 0
5 0.75 0
3.75 0.75 0
4.0625 0.75 0
3.75 0.875 0
4.0625 0.875 0
4.0625 0.75 0
4.375 0.75 0
4.0625 0.875 0
4.375 0.875 0
3.75 0.875 0
4.0625 0.875 0
3.75 1 0
4.0625 1 0
4.0625 0.875 0
4.375 0.875 0
4.0625 1 0
4.375 1 0
4.375 0.75 0
4.6875 0.75 0
4.375 0.875 0
4.6875 0.875 0
4.6875 0.75 0
5 0.75 0
4.6875 0.875 0
5 0.875 0
4.375 0.875 0
4.6875 0.875 0
4.375 1 0
4.6875 1 0
4.6875 0.875 0
5 0.875 0
4.6875 1 0
5 1 0
-5 1 0
-4.6875 1 0
-5 1.125 0
-4.6875 1.125 0
-4.6875 1 0
-4.375 1 0
-4.6875 1.125 0
-4.375 1.125 0
-5 1.125 0
-4.6875 1.125 0
-5 1.25 0
-4.6875 1.25 0
-4.6875 1.125 0
-4.375 1.125 0
-4.6875 1.25 0
-4.375 1.25 0
-4.375 1 0
-4.0625 1 0
-4.375 1.125 0
-4.0625 1.125 0
-4.0625 1 0
-3.75 1 0
-4.0625 1.125 0
-3.75 1.125 0
-4.375 1.125 0
-4.0625 1.125 0
-4.375 1.25 0
-4.0625 1.25 0
-4.0625 1.125 0
-3.75 1.125 0
-4.0625 1.25 0
-3.75 1.25 0
-5 1.25 0
-4.6875 1.25 0
-5 1.375 0
-4.6875 1.375 0
-4.6875 1.25 0
-4.375 1.25 0
-4.6875 1.375 0
-4.375 1.375 0
-5 1.375 0
-4.6875 1.375 0
-5 1.5 0
-4.6875 1.5 0
-4.6875 1.375 0
-4.375 1.375 0
-4.6875 1.5 0
-4.375 1.5 0
-4.375 1.25 0
-4.0625 1.25 0
-4.375 1.375 0
-4.0625 1.375 0
-4.0625 1.25 0
-3.75 1.25 0
-4.0625 1.375 0
-3.75 1.375 0
-4.375 1.375 0
-4.0625 1.375 0
-4.375 1.5 0
-4.0625 1.5 0
-4.0625 1.375 0
-3.75 1.375 0
-4.0625 1.5 0
-3.75 1.5 0
-3.75 1 0
-3.4375 1 0
-3.75 1.125 0
-3.4375 1.125 0
-3.4375 1 0
-3.125 1 0
-3.4375 1.125 0
-3.125 1.125 0
-3.75 1.125 0
-3.4375 1.125 0
-3.75 1.25 0
-3.4375 1.25 0
-3.4375 1.125 0
-3.125 1.125 0
-3.4375 1.25 0
-3.125 1.25 0
-3.125 1 0
-2.8125 1 0
-3.125 1.125 0
-2.8125 1.125 0
-2.8125 1 0
-2.5 1 0
-2.8125 1.125 0
-2.5 1.125 0
-3.125 1.125 0
-2.8125 1.125 0
-3.125 1.25 0
-2.8125 1.25 0
-2.8125 1.125 0
-2.5 1.125 0
-2.8125 1.25 0
-2.5 1.25 0
-3.75 1.25 0
-3.4375 1.25 0
-3.75 1.375 0
-3.4375 1.375 0
-3.4375 1.25 0
-3.125 1.25 0
-3.4375 1.375 0
-3.125 1.375 0
-3.75 1.375 0
-3.4375 1.375 0
-3.75 1.5 0
-3.4375 1.5 0
-3.4375 1.375 0
-3.125 1.375 0
-3.4375 1.5 0
-3.125 1.5 0
-3.125 1.25 0
-2.8125 1.25 0
-3.125 1.375 0
-2.8125 1.375 0
-2.8125 1.25 0
-2.5 1.25 0
-2.8125 1.375 0
-2.5 1.375 0
-3.125 1.375 0
-2.8125 1.375 0
-3.125 1.5 0
-2.8125 1.5 0
-2.8125 1.375 0
-2.5 1.375 0
-2.8125 1.5 0
-2.5 1.5 0
-5 1.5 0
-4.6875 1.5 0
-5 1.625 0
-4.6875 1.625 0
-4.6875 1.5 0
-4.375 1.5 0
-4.6875 1.625 0
-4.375 1.625 0
-5 1.625 0
-4.6875 1.625 0
-5 1.75 0
-4.6875 1.75 0
-4.6875 1.625 0
-4.375 1.625 0
-4.6875 1.75 0
-4.375 1.75 0
-4.375 1.5 0
-4.0625 1.5 0
-4.375 1.625 0
-4.0625 1.625 0
-4.0625 1.5 0
-3.75 1.5 0
-4.0625 1.625 0
-3.75 1.625 0
-4.375 1.625 0
-4.0625 1.625 0
-4.375 1.75 0
-4.0625 1.75 0
-4.0625 1.625 0
-3.75 1.625 0
-4.0625 1.75 0
-3.75 1.75 0
-5 1.75 0
-4.6875 1.75 0
-5 1.875 0
-4.6875 1.875 0
-4.6875 1.75 0
-4.375 1.75 0
-4.6875 1.875 0
-4.375 1.875 0
-5 1.875 0
-4.6875 1.875 0
-5 2 0
-4.6875 2 0
-4.6875 1.875 0
-4.375 1.875 0
-4.6875 2 0
-4.375 2 0
-4.375 1.75 0
-4.0625 1.75 0
-4.375 1.875 0
-4.0625 1.875 0
-4.0625 1.75 0
-3.75 1.75 0
-4.0625 1.875 0
-3.75 1.875 0
-4.375 1.875 0
-4.0625 1.875 0
-4.375 2 0
-4.0625 2 0
-4.0625 1.875 0
-3.75 1.875 0
-4.0625 2 0
-3.75 2 0
-3.75 1.5 0
-3.4375 1.5 0
-3.75 1.625 0
-3.4375 1.625 0
-3.4375 1.5 0
-3.125 1.5 0
-3.4375 1.625 0
-3.125 1.625 0
-3.75 1.625 0
-3.4375 1.625 0
-3.75 1.75 0
-3.4375 1.75 0
-3.4375 1.625 0
-3.125 1.625 0
-3.4375 1.75 0
-3.125 1.75 0
-3.125 1.5 0
-2.8125 1.5 0
-3.125 1.625 0
-2.8125 1.625 0
-2.8125 1.5 0
-2.5 1.5 0
-2.8125 1.625 0
-2.5 1.625 0
-3.125 1.625 0
-2.8125 1.625 0
-3.125 1.75 0
-2.8125 1.75 0
-2.8125 1.625 0
-2.5 1.625 0
-2.8125 1.75 0
-2.5 1.75 0
-3.75 1.75 0
-3.4375 1.75 0
-3.75 1.875 0
-3.4375 1.875 0
-3.4375 1.75 0
-3.125 1.75 0
-3.4375 1.875 0
-3.125 1.875 0
-3.75 1.875 0
-3.4375 1.875 0
-3.75 2 0
-3.4375 2 0
-3.4375 1.875 0
-3.125 1.875 0
-3.4375 2 0
-3.125 2 0
-3.125 1.75 0
-2.8125 1.75 0
-3.125 1.875 0
-2.8125 1.875 0
-2.8125 1.75 0
-2.5 1.75 0
-2.8125 1.875 0
-2.5 1.875 0
-3.125 1.875 0
-2.8125 1.875 0
-3.125 2 0
-2.8125 2 0
-2.8125 1.875 0
-2.5 1.875 0
-2.8125 2 0
-2.5 2 0
-2.5 1 0
-2.1875 1 0
-2.5 1.125 0
-2.1875 1.125 0
-2.1875 1 0
-1.875 1 0
-2.1875 1.125 0
-1.875 1.125 0
-2.5 1.125 0
-2.1875 1.125 0
-2.5 1.25 0
-2.1875 1.25 0
-2.1875 1.125 0
-1.875 1.125 0
-2.1875 1.25 0
-1.875 1.25 0
-1.875 1 0
-1.5625 1 0
-1.875 1.125 0
-1.5625 1.125 0
-1.5625 1 0
-1.25 1 0
-1.5625 1.125 0
-1.25 1.125 0
-1.875 1.125 0
-1.5625 1.125 0
-1.875 1.25 0
-1.5625 1.25 0
-1.5625 1.125 0
-1.25 1.125 0
-1.5625 1.25 0
-1.25 1.25 0
-2.5 1.25 0
-2.1875 1.25 0
-2.5 1.375 0
-2.1875 1.375 0
-2.1875 1.25 0
-1.875 1.25 0
-2.1875 1.375 0
-1.875 1.375 0
-2.5 1.375 0
-2.1875 1.375 0
-2.5 1.5 0
-2.1875 1.5 0
-2.1875 1.375 0
-1.875 1.375 0
-2.1875 1.5 0
-1.875 1.5 0
-1.875 1.25 0
-1.5625 1.25 0
-1.875 1.375 0
-1.5625 1.375 0
-1.5625 1.25 0
-1.25 1.25 0
-1.5625 1.375 0
-1.25 1.375 0
-1.875 1.375 0
-1.5625 1.375 0
-1.875 1.5 0
-1.5625 1.5 0
-1.5625 1.375 0
-1.25 1.375 0
-1.5625 1.5 0
-1.25 1.5 0
-1.25 1 0
-0.9375 1 0
-1.25 1.125 0
-0.9375 1.125 0
-0.9375 1 0
-0.625 1 0
-0.9375 1.125 0
-0.625 1.125 0
-1.25 1.125 0
-0.9375 1.125 0
-1.25 1.25 0
-0.9375 1.25 0
-0.9375 1.125 0
-0.625 1.125 0
-0.9375 1.25 0
-0.625 1.25 0
-0.625 1 0
-0.3125 1 0
-0.625 1.125 0
-0.3125 1.125 0
-0.3125 1 0
0 1 0
-0.3125 1.125 0
0 1.125 0
-0.625 1.125 0
-0.3125 1.125 0
-0.625 1.25 0
-0.3125 1.25 0
-0.3125 1.125 0
0 1.125 0
-0.3125 1.25 0
0 1.25 0
-1.25 1.25 0
-0.9375 1.25 0
-1.25 1.375 0
-0.9375 1.375 0
-0.9375 1.25 0
-0.625 1.25 0
-0.9375 1.375 0
-0.625 1.375 0
-1.25 1.375 0
-0.9375 1.375 0
-1.25 1.5 0
-0.9375 1.5 0
-0.9375 1.375 0
-0.625 1.375 0
-0.9375 1.5 0
-0.625 1.5 0
-0.625 1.25 0
-0.3125 1.25 0
-0.625 1.375 0
-0.3125 1.375 0
-0.3125 1.25 0
0 1.25 0
-0.3125 1.375 0
0 1.375 0
-0.625 1.375 0
-0.3125 1.375 0
-0.625 1.5 0
-0.3125 1.5 0
-0.3125 1.375 0
0 1.375 0
-0.3125 1.5 0
0 1.5 0
-2.5 1.5 0
-2.1875 1.5 0
-2.5 1.625 0
-2.1875 1.625 0
-2.1875 1.5 0
-1.875 1.5 0
-2.1875 1.625 0
-1.875 1.625 0
-2.5 1.625 0
-2.1875 1.625 0
-2.5 1.75 0
-2.1875 1.75 0
-2.1875 1.625 0
-1.875 1.625 0
-2.1875 1.75 0
-1.875 1.75 0
-1.875 1.5 0
-1.5625 1.5 0
-1.875 1.625 0
-1.5625 1.625 0
-1.5625 1.5 0
-1.25 1.5 0
-1.5625 1.625 0
-1.25 1.625 0
-1.875 1.625 0
-1.5625 1.625 0
-1.875 1.75 0
-1.5625 1.75 0
-1.5625 1.625 0
-1.25 1.625 0
-1.5625 1.75 0
-1.25 1.75 0
-2.5 1.75 0
-2.1875 1.75 0
-2.5 1.875 0
-2.1875 1.875 0
-2.1875 1.75 0
-1.875 1.75 0
-2.1875 1.875 0
-1.875 1.875 0
-2.5 1.875 0
-2.1875 1.875 0
-2.5 2 0
-2.1875 2 0
-2.1875 1.875 0
-1.875 1.875 0
-2.1875 2 0
-1.875 2 0
-1.875 1.75 0
-1.5625 1.75 0
-1.875 1.875 0
-1.5625 1.875 0
-1.5625 1.75 0
-1.25 1.75 0
-1.5625 1.875 0
-1.25 1.875 0
-1.875 1.875 0
-1.5625 1.875 0
-1.875 2 0
-1.5625 2 0
-1.5625 1.875 0
-1.25 1.875 0
-1.5625 2 0
-1.25 2 0
-1.25 1.5 0
-0.9375 1.5 0
-1.25 1.625 0
-0.9375 1.625 0
-0.9375 1.5 0
-0.625 1.5 0
-0.9375 1.625 0
-0.625 1.625 0
-1.25 1.625 0
-0.9375 1.625 0
-1.25 1.75 0
-0.9375 1.75 0
-0.9375 1.625 0
-0.625 1.625 0
-0.9375 1.75 0
-0.625 1.75 0
-0.625 1.5 0
-0.3125 1.5 0
-0.625 1.625 0
-0.3125 1.625 0
-0.3125 1.5 0
0 1.5 0
-0.3125 1.625 0
0 1.625 0
-0.625 1.625 0
-0.3125 1.625 0
-0.625 1.75 0
-0.3125 1.75 0
-0.3125 1.625 0
0 1.625 0
-0.3125 1.75 0
0 1.75 0
-1.25 1.75 0
-0.9375 1.75 0
-1.25 1.875 0
-0.9375 1.875 0
-0.9375 1.75 0
-0.625 1.75 0
-0.9375 1.875 0
-0.625 1.875 0
-1.25 1.875 0
-0.9375 1.875 0
-1.25 2 0
-0.9375 2 0
-0.9375 1.875 0
-0.625 1.875 0
-0.9375 2 0
-0.625 2 0
-0.625 1.75 0
-0.3125 1.75 0
-0.625 1.875 0
-0.3125 1.875 0
-0.3125 1.75 0
0 1.75 0
-0.3125 1.875 0
0 1.875 0
-0.625 1.875 0
-0.3125 1.875 0
-0.625 2 0
-0.3125 2 0
-0.3125 1.875 0
0 1.875 0
-0.3125 2 0
0 2 0
0 1 0
0.3125 1 0
0 1.125 0
0.3125 1.125 0
0.3125 1 0
0.625 1 0
0.3125 1.125 0
0.625 1.125 0
0 1.125 0
0.3125 1.125 0
0 1.25 0
0.3125 1.25 0
0.3125 1.125 0
0.625 1.125 0
0.3125 1.25 0
0.625 1.25 0
0.625 1 0
0.9375 1 0
0.625 1.125 0
0.9375 1.125 0
0.9375 1 0
1.25 1 0
0.9375 1.125 0
1.25 1.125 0
0.625 1.125 0
0.9375 1.125 0
0.625 1.25 0
0.9375 1.25 0
0.9375 1.125 0
1.25 1.125 0
0.9375 1.25 0
1.25 1.25 0
0 1.25 0
0.3125 1.25 0
0 1.375 0
0.3125 1.375 0
0.3125 1.25 0
0.625 1.25 0
0.3125 1.375 0
0.625 1.375 0
0 1.375 0
0.3125 1.375 0
0 1.5 0
0.3125 1.5 0
0.3125 1.375 0
0.625 1.375 0
0.3125 1.5 0
0.625 1.5 0
0.625 1.25 0
0.9375 1.25 0
0.625 1.375 0
0.9375 1.375 0
0.9375 1.25 0
1.25 1.25 0
0.9375 1.375 0
1.25 1.375 0
0.625 1.375 0
0.9375 1.375 0
0.625 1.5 0
0.9375 1.5 0
0.9375 1.375 0
1.25 1.375 0
0.9375 1.5 0
1.25 1.5 0
1.25 1 0
1.5625 1 0
1.25 1.125 0
1.5625 1.125 0
1.5625 1 0
1.875 1 0
1.5625 1.125 0
1.875 1.125 0
1.25 1.125 0
1.5625 1.125 0
1.25 1.25 0
1.5625 1.25 0
1.5625 1.125 0
1.875 1.125 0
1.5625 1.25 0
1.875 1.25 0
1.875 1 0
2.1875 1 0
1.875 1.125 0
2.1875 1.125 0
2.1875 1 0
2.5 1 0
2.1875 1.125 0
2.5 1.125 0
1.875 1.125 0
2.1875 1.125 0
1.875 1.25 0
2.1875 1.25 0
2.1875 1.125 0
2.5 1.125 0
2.1875 1.25 0
2.5 1.25 0
1.25 1.25 0
1.5625 1.25 0
1.25 1.375 0
1.5625 1.375 0
1.5625 1.25 0
1.875 1.25 0
1.5625 1.375 0
1.875 1.375 0
1.25 1.375 0
1.5625 1.375 0
1.25 1.5 0
1.5625 1.5 0
1.5625 1.375 0
1.875 1.375 0
1.5625 1.5 0
1.875 1.5 0
1.875 1.25 0
2.1875 1.25 0
1.875 1.375 0
2.1875 1.375 0
2.1875 1.25 0
2.5 1.25 0
2.1875 1.375 0
2.5 1.375 0
1.875 1.375 0
2.1875 1.375 0
1.875 1.5 0
2.1875 1.5 0
2.1875 1.375 0
2.5 1.375 0
2.1875 1.5 0
2.5 1.5 0
0 1.5 0
0.3125 1.5 0
0 1.625 0
0.3125 1.625 0
0.3125 1.5 0
0.625 1.5 0
0.3125 1.625 0
0.625 1.625 0
0 1.625 0
0.3125 1.625 0
0 1.75 0
0.3125 1.75 0
0.3125 1.625 0
0.625 1.625 0
0.3125 1.75 0
0.625 1.75 0
0.625 1.5 0
0.9375 1.5 0
0.625 1.625 0
0.9375 1.625 0
0.9375 1.5 0
1.25 1.5 0
0.9375 1.625 0
1.25 1.625 0
0.625 1.625 0
0.9375 1.625 0
0.625 1.75 0
0.9375 1.75 0
0.9375 1.625 0
1.25 1.625 0
0.9375 1.75 0
1.25 1.75 0
0 1.75 0
0.3125 1.75 0
0 1.875 0
0.3125 1.875 0
0.3125 1.75 0
0.625 1.75 0
0.3125 1.875 0
0.625 1.875 0
0 1.875 0
0.3125 1.875 0
0 2 0
0.3125 2 0
0.3125 1.875 0
0.625 1.875 0
0.3125 2 0
0.625 2 0
0.625 1.75 0
0.9375 1.75 0
0.625 1.875 0
0.9375 1.875 0
0.9375 1.75 0
1.25 1.75 0
0.9375 1.875 0
1.25 1.875 0
0.625 1.875 0
0.9375 1.875 0
0.625 2 0
0.9375 2 0
0.9375 1.875 0
1.25 1.875 0
0.9375 2 0
1.25 2 0
1.25 1.5 0
1.5625 1.5 0
1.25 1.625 0
1.5625 1.625 0
1.5625 1.5 0
1.875 1.5 0
1.5625 1.625 0
1.875 1.625 0
1.25 1.625 0
1.5625 1.625 0
1.25 1.75 0
1.5625 1.75 0
1.5625 1.625 0
1.875 1.625 0
1.5625 1.75 0
1.875 1.75 0
1.875 1.5 0
2.1875 1.5 0
1.875 1.625 0
2.1875 1.625 0
2.1875 1.5 0
2.5 1.5 0
2.1875 1.625 0
2.5 1.625 0
1.875 1.625 0
2.1875 1.625 0
1.875 1.75 0
2.1875 1.75 0
2.1875 1.625 0
2.5 1.625 0
2.1875 1.75 0
2.5 1.75 0
1.25 1.75 0
1.5625 1.75 0
1.25 1.875 0
1.5625 1.875 0
1.5625 1.75 0
1.875 1.75 0
1.5625 1.875 0
1.875 1.875 0
1.25 1.875 0
1.5625 1.875 0
1.25 2 0
1.5625 2 0
1.5625 1.875 0
1.875 1.875 0
1.5625 2 0
1.875 2 0
1.875 1.75 0
2.1875 1.75 0
1.875 1.875 0
2.1875 1.875 0
2.1875 1.75 0
2.5 1.75 0
2.1875 1.875 0
2.5 1.875 0
1.875 1.875 0
2.1875 1.875 0
1.875 2 0
2.1875 2 0
2.1875 1.875 0
2.5 1.875 0
2.1875 2 0
2.5 2 0
2.5 1 0
2.8125 1 0
2.5 1.125 0
2.8125 1.125 0
2.8125 1 0
3.125 1 0
2.8125 1.125 0
3.125 1.125 0
2.5 1.125 0
2.8125 1.125 0
2.5 1.25 0
2.8125 1.25 0
2.8125 1.125 0
3.125 1.125 0
2.8125 1.25 0
3.125 1.25 0
3.125 1 0
3.4375 1 0
3.125 1.125 0
3.4375 1.125 0
3.4375 1 0
3.75 1 0
3.4375 1.125 0
3.75 1.125 0
3.125 1.125 0
3.4375 1.125 0
3.125 1.25 0
3.4375 1.25 0
3.4375 1.125 0
3.75 1.125 0
3.4375 1.25 0
3.75 1.25 0
2.5 1.25 0
2.8125 1.25 0
2.5 1.375 0
2.8125 1.375 0
2.8125 1.25 0
3.125 1.25 0
2.8125 1.375 0
3.125 1.375 0
2.5 1.375 0
2.8125 1.375 0
2.5 1.5 0
2.8125 1.5 0
2.8125 1.375 0
3.125 1.375 0
2.8125 1.5 0
3.125 1.5 0
3.125 1.25 0
3.4375 1.25 0
3.125 1.375 0
3.4375 1.375 0
3.4375 1.25 0
3.75 1.25 0
3.4375 1.375 0
3.75 1.375 0
3.125 1.375 0
3.4375 1.375 0
3.125 1.5 0
3.4375 1.5 0
3.4375 1.375 0
3.75 1.375 0
3.4375 1.5 0
3.75 1.5 0
3.75 1 0
4.0625 1 0
3.75 1.125 0
4.0625 1.125 0
4.0625 1 0
4.375 1 0
4.0625 1.125 0
4.375 1.125 0
3.75 1.125 0
4.0625 1.125 0
3.75 1.25 0
4.0625 1.25 0
4.0625 1.125 0
4.375 1.125 0
4.0625 1.25 0
4.375 1.25 0
4.375 1 0
4.6875 1 0
4.375 1.125 0
4.6875 1.125 0
4.6875 1 0
5 1 0
4.6875 1.125 0
5 1.125 0
4.375 1.125 0
4.6875 1.125 0
4.375 1.25 0
4.6875 1.25 0
4.6875 1.125 0
5 1.125 0
4.6875 1.25 0
5 1.25 0
3.75 1.25 0
4.0625 1.25 0
3.75 1.375 0
4.0625 1.375 0
4.0625 1.25 0
4.375 1.25 0
4.0625 1.375 0
4.375 1.375 0
3.75 1.375 0
4.0625 1.375 0
3.75 1.5 0
4.0625 1.5 0
4.0625 1.375 0
4.375 1.375 0
4.0625 1.5 0
4.375 1.5 0
4.375 1.25 0
4.6875 1.25 0
4.375 1.375 0
4.6875 1.375 0
4.6875 1.25 0
5 1.25 0
4.6875 1.375 0
5 1.375 0
4.375 1.375 0
4.6875 1.375 0
4.375 1.5 0
4.6875 1.5 0
4.6875 1.375 0
5 1.375 0
4.6875 1.5 0
5 1.5 0
2.5 1.5 0
2.8125 1.5 0
2.5 1.625 0
2.8125 1.625 0
2.8125 1.5 0
3.125 1.5 0
2.8125 1.625 0
3.125 1.625 0
2.5 1.625 0
2.8125 1.625 0
2.5 1.75 0
2.8125 1.75 0
2.8125 1.625 0
3.125 1.625 0
2.8125 1.75 0
3.125 1.75 0
3.125 1.5 0
3.4375 1.5 0
3.125 1.625 0
3.4375 1.625 0
3.4375 1.5 0
3.75 1.5 0
3.4375 1.625 0
3.75 1.625 0
3.125 1.625 0
3.4375 1.625 0
3.125 1.75 0
3.4375 1.75 0
3.4375 1.625 0
3.75 1.625 0
3.4375 1.75 0
3.75 1.75 0
2.5 1.75 0
2.8125 1.75 0
2.5 1.875 0
2.8125 1.875 0
2.8125 1.75 0
3.125 1.75 0
2.8125 1.875 0
3.125 1.875 0
2.5 1.875 0
2.8125 1.875 0
2.5 2 0
2.8125 2 0
2.8125 1.875 0
3.125 1.875 0
2.8125 2 0
3.125 2 0
3.125 1.75 0
3.4375 1.75 0
3.125 1.875 0
3.4375 1.875 0
3.4375 1.75 0
3.75 1.75 0
3.4375 1.875 0
3.75 1.875 0
3.125 1.875 0
3.4375 1.875 0
3.125 2 0
3.4375 2 0
3.4375 1.875 0
3.75 1.875 0
3.4375 2 0
3.75 2 0
3.75 1.5 0
4.0625 1.5 0
3.75 1.625 0
4.0625 1.625 0
4.0625 1.5 0
4.375 1.5 0
4.0625 1.625 0
4.375 1.625 0
3.75 1.625 0
4.0625 1.625 0
3.75 1.75 0
4.0625 1.75 0
4.0625 1.625 0
4.375 1.625 0
4.0625 1.75 0
4.375 1.75 0
4.375 1.5 0
4.6875 1.5 0
4.375 1.625 0
4.6875 1.625 0
4.6875 1.5 0
5 1.5 0
4.6875 1.625 0
5 1.625 0
4.375 1.625 0
4.6875 1.625 0
4.375 1.75 0
4.6875 1.75 0
4.6875 1.625 0
5 1.625 0
4.6875 1.75 0
5 1.75 0
3.75 1.75 0
4.0625 1.75 0
3.75 1.875 0
4.0625 1.875 0
4.0625 1.75 0
4.375 1.75 0
4.0625 1.875 0
4.375 1.875 0
3.75 1.875 0
4.0625 1.875 0
3.75 2 0
4.0625 2 0
4.0625 1.875 0
4.375 1.875 0
4.0625 2 0
4.375 2 0
4.375 1.75 0
4.6875 1.75 0
4.375 1.875 0
4.6875 1.875 0
4.6875 1.75 0
5 1.75 0
4.6875 1.875 0
5 1.875 0
4.375 1.875 0
4.6875 1.875 0
4.375 2 0
4.6875 2 0
4.6875 1.875 0
5 1.875 0
4.6875 2 0
5 2 0

CELLS 1024 5120
4	0	1	3	2
4	4	5	7	6
4	8	9	11	10
4	12	13	15	14
4	16	17	19	18
4	20	21	23	22
4	24	25	27	26
4	28	29	31	30
4	32	33	35	34
4	36	37	39	38
4	40	41	43	42
4	44	45	47	46
4	48	49	51	50
4	52	53	55	54
4	56	57	59	58
4	60	61	63	62
4	64	65	67	66
4	68	69	71	70
4	72	73	75	74
4	76	77	79	78
4	80	81	83	82
4	84	85	87	86
4	88	89	91	90
4	92	93	95	94
4	96	97	99	98
4	100	101	103	102
4	104	105	107	106
4	108	109	111	110
4	112	113	115	114
4	116	117	119	118
4	120	121	123	122
4	124	125	127	126
4	128	129	131	130
4	132	133	135	134
4	136	137	139	138
4	140	141	143	142
4	144	145	147	146
4	148	149	151	150
4	152	153	155	154
4	156	157	159	158
4	160	161	163	162
4	164	165	167	166
4	168	169	171	170
4	172	173	175	174
4	176	177	179	178
4	180	181	183	182
4	184	185	187	186
4	188	189	191	190
4	192	193	195	194
4	196	197	199	198
4	200	201	203	202
4	204	205	207	206
4	208	209	211	210
4	212	213	215	214
4	216	217	219	218
4	220	221	223	222
4	224	225	227	226
4	228	229	231	230
4	232	233	235	234
4	236	237	239	238
4	240	241	243	242
4	244	245	247	246
4	248	249	251	250
4	252	253	255	254
4	256	257	259	258
4	260	261	263	262
4	264	265	267	266
4	268	269	271	270
4	272	273	275	274
4	276	277	279	278
4	280	281	283	282
4	284	285	287	286
4	288	289	291	290
4	292	293	295	294
4	296	297	299	298
4	300	301	303	302
4	304	305	307	306
4	308	309	311	310
4	312	313	315	314
4	316	317	319	318
4	320	321	323	322
4	324	325	327	326
4	328	329	331	330
4	332	333	335	334
4	336	337	339	338
4	340	341	343	342
4	344	345	347	346
4	348	349	351	350
4	352	353	355	354
4	356	357	359	358
4	360	361	363	362
4	364	365	367	366
4	368	369	371	370
4	372	373	375	374
4	376	377	379	378
4	380	381	383	382
4	384	385	387	386
4	388	389	391	390
4	392	393	395	394
4	396	397	399	398
4	400	401	403	402
4	404	405	407	406
4	408	409	411	410
4	412	413	415	414
4	416	417	419	418
4	420	421	423	422
4	424	425	427	426
4	428	429	431	430
4	432	433	435	434
4	436	437	439	438
4	440	441	443	442
4	444	445	447	446
4	448	449	451	450
4	452	453	455	454
4	456	457	459	458
4	460	461	463	462
4	464	465	467	466
4	468	469	471	470
4	472	473	475	474
4	476	477	479	478
4	480	481	483	482
4	484	485	487	486
4	488	489	491	490
4	492	493	495	494
4	496	497	499	498
4	500	501	503	502
4	504	505	507	506
4	508	509	511	510
4	512	513	515	514
4	516	517	519	518
4	520	521	523	522
4	524	525	527	526
4	528	529	531	530
4	532	533	535	534
4	536	537	539	538
4	540	541	543	542
4	544	545	547	546
4	548	549	551	550
4	552	553	555	554
4	556	557	559	558
4	560	561	563	562
4	564	565	567	566
4	568	569	571	570
4	572	573	575	574
4	576	577	579	578
4	580	581	583	582
4	584	585	587	586
4	588	589	591	590
4	592	593	595	594
4	596	597	599	598
4	600	601	603	602
4	604	605	607	606
4	608	609	611	610
4	612	613	615	614
4	616	617	619	618
4	620	621	623	622
4	624	625	627	626
4	628	629	631	630
4	632	633	635	634
4	636	637	639	638
4	640	641	643	642
4	644	645	647	646
4	648	649	651	650
4	652	653	655	654
4	656	657	659	658
4	660	661	663	662
4	664	665	667	666
4	668	669	671	670
4	672	673	675	674
4	676	677	679	678
4	680	681	683	682
4	684	685	687	686
4	688	689	691	690
4	692	693	695	694
4	696	697	699	698
4	700	701	703	702
4	704	705	707	706
4	708	709	711	710
4	712	713	715	714
4	716	717	719	718
4	720	721	723	722
4	724	725	727	726
4	728	729	731	730
4	732	733	735	734
4	736	737	739	738
4	740	741	743	742
4	744	745	747	746
4	748	749	751	750
4	752	753	755	754
4	756	757	759	758
4	760	761	763	762
4	764	765	767	766
4	768	769	771	770
4	772	773	775	774
4	776	777	779	778
4	780	781	783	782
4	784	785	787	786
4	788	789	791	790
4	792	793	795	794
4	796	797	799	798
4	800	801	803	802
4	804	805	807	806
4	808	809	811	810
4	812	813	815	814
4	816	817	819	818
4	820	821	823	822
4	824	825	827	826
4	828	829	831	830
4	832	833	835	834
4	836	837	839	838
4	840	841	843	842
4	844	845	847	846
4	848	849	851	850
4	852	853	855	854
4	856	857	859	858
4	860	861	863	862
4	864	865	867	866
4	868	869	871	870
4	872	873	875	874
4	876	877	879	878
4	880	881	883	882
4	884	885	887	886
4	888	889	891	890
4	892	893	895	894
4	896	897	899	898
4	900	901	903	902
4	904	905	907	906
4	908	909	911	910
4	912	913	915	914
4	916	917	919	918
4	920	921	923	922
4	924	925	927	926
4	928	929	931	930
4	932	933	935	934
4	936	937	939	938
4	940	941	943	942
4	944	945	947	946
4	948	949	951	950
4	952	953	955	954
4	956	957	959	958
4	960	961	963	962
4	964	965	967	966
4	968	969	971	970
4	972	973	975	974
4	976	977	979	978
4	980	981	983	982
4	984	985	987	986
4	988	989	991	990
4	992	993	995	994
4	996	997	999	998
4	1000	1001	1003	1002
4	1004	1005	1007	1006
4	1008	1009	1011	1010
4	1012	1013	1015	1014
4	1016	1017	1019	1018
4	1020	1021	1023	1022
4	1024	1025	1027	1026
4	1028	1029	1031	1030
4	1032	1033	1035	1034
4	1036	1037	1039	1038
4	1040	1041	1043	1042
4	1044	1045	1047	1046
4	1048	1049	1051	1050
4	1052	1053	1055	1054
4	1056	1057	1059	1058
4	1060	1061	1063	1062
4	1064	1065	1067	1066
4	1068	1069	1071	1070
4	1072	1073	1075	1074
4	1076	1077	1079	1078
4	1080	1081	1083	1082
4	1084	1085	1087	1086
4	1088	1089	1091	1090
4	1092	1093	1095	1094
4	1096	1097	1099	1098
4	1100	1101	1103	1102
4	1104	1105	1107	1106
4	1108	1109	1111	1110
4	1112	1113	1115	1114
4	1116	1117	1119	1118
4	1120	1121	1123	1122
4	1124	1125	1127	1126
4	1128	1129	1131	1130
4	1132	1133	1135	1134
4	1136	1137	1139	1138
4	1140	1141	1143	1142
4	1144	1145	1147	1146
4	1148	1149	1151	1150
4	1152	1153	1155	1154
4	1156	1157	1159	1158
4	1160	1161	1163	1162
4	1164	1165	1167	1166
4	1168	1169	1171	1170
4	1172	1173	1175	1174
4	1176	1177	1179	1178
4	1180	1181	1183	1182
4	1184	1185	1187	1186
4	1188	1189	1191	1190
4	1192	1193	1195	1194
4	1196	1197	1199	1198
4	1200	1201	1203	1202
4	1204	1205	1207	1206
4	1208	1209	1211	1210
4	1212	1213	1215	1214
4	1216	1217	1219	1218
4	1220	1221	1223	1222
4	1224	1225	1227	1226
4	1228	1229	1231	1230
4	1232	1233	1235	1234
4	1236	1237	1239	1238
4	1240	1241	1243	1242
4	1244	1245	1247	1246
4	1248	1249	1251	1250
4	1252	1253	1255	1254
4	1256	1257	1259	1258
4	1260	1261	1263	1262
4	1264	1265	1267	1266
4	1268	1269	1271	1270
4	1272	1273	1275	1274
4	1276	1277	1279	1278
4	1280	1281	1283	1282
4	1284	1285	1287	1286
4	1288	1289	1291	1290
4	1292	1293	1295	1294
4	1296	1297	1299	1298
4	1300	1301	1303	1302
4	1304	1305	1307	1306
4	1308	1309	1311	1310
4	1312	1313	1315	1314
4	1316	1317	1319	1318
4	1320	1321	1323	1322
4	1324	1325	1327	1326
4	1328	1329	1331	1330
4	1332	1333	1335	1334
4	1336	1337	1339	1338
4	1340	1341	1343	1342
4	1344	1345	1347	1346
4	1348	1349	1351	1350
4	1352	1353	1355	1354
4	1356	1357	1359	1358
4	1360	1361	1363	1362
4	1364	1365	1367	1366
4	1368	1369	1371	1370
4	1372	1373	1375	1374
4	1376	1377	1379	1378
4	1380	1381	1383	1382
4	1384	1385	1387	1386
4	1388	1389	1391	1390
4	1392	1393	1395	1394
4	1396	1397	1399	1398
4	1400	1401	1403	1402
4	1404	1405	1407	1406
4	1408	1409	1411	1410
4	1412	1413	1415	1414
4	1416	1417	1419	1418
4	1420	1421	1423	1422
4	1424	1425	1427	1426
4	1428	1429	1431	1430
4	1432	1433	1435	1434
4	1436	1437	1439	1438
4	1440	1441	1443	1442
4	1444	1445	1447	1446
4	1448	1449	1451	1450
4	1452	1453	1455	1454
4	1456	1457	1459	1458
4	1460	1461	1463	1462
4	1464	1465	1467	1466
4	1468	1469	1471	1470
4	1472	1473	1475	1474
4	1476	1477	1479	1478
4	1480	1481	1483	1482
4	1484	1485	1487	1486
4	1488	1489	1491	1490
4	1492	1493	1495	1494
4	1496	1497	1499	1498
4	1500	1501	1503	1502
4	1504	1505	1507	1506
4	1508	1509	1511	1510
4	1512	1513	1515	1514
4	1516	1517	1519	1518
4	1520	1521	1523	1522
4	1524	1525	1527	1526
4	1528	1529	1531	1530
4	1532	1533	1535	1534
4	1536	1537	1539	1538
4	1540	1541	1543	1542
4	1544	1545	1547	1546
4	1548	1549	1551	1550
4	1552	1553	1555	1554
4	1556	1557	1559	1558
4	1560	1561	1563	1562
4	1564	1565	1567	1566
4	1568	1569	1571	1570
4	1572	1573	1575	1574
4	1576	1577	1579	1578
4	1580	1581	1583	1582
4	1584	1585	1587	1586
4	1588	1589	1591	1590
4	1592	1593	1595	1594
4	1596	1597	1599	1598
4	1600	1601	1603	1602
4	1604	1605	1607	1606
4	1608	1609	1611	1610
4	1612	1613	1615	1614
4	1616	1617	1619	1618
4	1620	1621	1623	1622
4	1624	1625	1627	1626
4	1628	1629	1631	1630
4	1632	1633	1635	1634
4	1636	1637	1639	1638
4	1640	1641	1643	1642
4	1644	1645	1647	1646
4	1648	1649	1651	1650
4	1652	1653	1655	1654
4	1656	1657	1659	1658
4	1660	1661	1663	1662
4	1664	1665	1667	1666
4	1668	1669	1671	1670
4	1672	1673	1675	1674
4	1676	1677	1679	1678
4	1680	1681	1683	1682
4	1684	1685	1687	1686
4	1688	1689	1691	1690
4	1692	1693	1695	1694
4	1696	1697	1699	1698
4	1700	1701	1703	1702
4	1704	1705	1707	1706
4	1708	1709	1711	1710
4	1712	1713	1715	1714
4	1716	1717	1719	1718
4	1720	1721	1723	1722
4	1724	1725	1727	1726
4	1728	1729	1731	1730
4	1732	1733	1735	1734
4	1736	1737	1739	1738
4	1740	1741	1743	1742
4	1744	1745	1747	1746
4	1748	1749	1751	1750
4	1752	1753	1755	1754
4	1756	1757	1759	1758
4	1760	1761	1763	1762
4	1764	1765	1767	1766
4	1768	1769	1771	1770
4	1772	1773	1775	1774
4	1776	1777	1779	1778
4	1780	1781	1783	1782
4	1784	1785	1787	1786
4	1788	1789	1791	1790
4	1792	1793	1795	1794
4	1796	1797	1799	1798
4	1800	1801	1803	1802
4	1804	1805	1807	1806
4	1808	1809	1811	1810
4	1812	1813	1815	1814
4	1816	1817	1819	1818
4	1820	1821	1823	1822
4	1824	1825	1827	1826
4	1828	1829	1831	1830
4	1832	1833	1835	1834
4	1836	1837	1839	1838
4	1840	1841	1843	1842
4	1844	1845	1847	1846
4	1848	1849	1851	1850
4	1852	1853	1855	1854
4	1856	1857	1859	1858
4	1860	1861	1863	1862
4	1864	1865	1867	1866
4	1868	1869	1871	1870
4	1872	1873	1875	1874
4	1876	1877	1879	1878
4	1880	1881	1883	1882
4	1884	1885	1887	1886
4	1888	1889	1891	1890
4	1892	1893	1895	1894
4	1896	1897	1899	1898
4	1900	1901	1903	1902
4	1904	1905	1907	1906
4	1908	1909	1911	1910
4	1912	1913	1915	1914
4	1916	1917	1919	1918
4	1920	1921	1923	1922
4	1924	1925	1927	1926
4	1928	1929	1931	1930
4	1932	1933	1935	1934
4	1936	1937	1939	1938
4	1940	1941	1943	1942
4	1944	1945	1947	1946
4	1948	1949	1951	1950
4	1952	1953	1955	1954
4	1956	1957	1959	1958
4	1960	1961	1963	1962
4	1964	1965	1967	1966
4	1968	1969	1971	1970
4	1972	1973	1975	1974
4	1976	1977	1979	1978
4	1980	1981	1983	1982
4	1984	1985	1987	1986
4	1988	1989	1991	1990
4	1992	1993	1995	1994
4	1996	1997	1999	1998
4	2000	2001	2003	2002
4	2004	2005	2007	2006
4	2008	2009	2011	2010
4	2012	2013	2015	2014
4	2016	2017	2019	2018
4	2020	2021	2023	2022
4	2024	2025	2027	2026
4	2028	2029	2031	2030
4	2032	2033	2035	2034
4	2036	2037	2039	2038
4	2040	2041	2043	2042
4	2044	2045	2047	2046
4	2048	2049	2051	2050
4	2052	2053	2055	2054
4	2056	2057	2059	2058
4	2060	2061	2063	2062
4	2064	2065	2067	2066
4	2068	2069	2071	2070
4	2072	2073	2075	2074
4	2076	2077	2079	2078
4	2080	2081	2083	2082
4	2084	2085	2087	2086
4	2088	2089	2091	2090
4	2092	2093	2095	2094
4	2096	2097	2099	2098
4	2100	2101	2103	2102
4	2104	2105	2107	2106
4	2108	2109	2111	2110
4	2112	2113	2115	2114
4	2116	2117	2119	2118
4	2120	2121	2123	2122
4	2124	2125	2127	2126
4	2128	2129	2131	2130
4	2132	2133	2135	2134
4	2136	2137	2139	2138
4	2140	2141	2143	2142
4	2144	2145	2147	2146
4	2148	2149	2151	2150
4	2152	2153	2155	2154
4	2156	2157	2159	2158
4	2160	2161	2163	2162
4	2164	2165	2167	2166
4	2168	2169	2171	2170
4	2172	2173	2175	2174
4	2176	2177	2179	2178
4	2180	2181	2183	2182
4	2184	2185	2187	2186
4	2188	2189	2191	2190
4	2192	2193	2195	2194
4	2196	2197	2199	2198
4	2200	2201	2203	2202
4	2204	2205	2207	2206
4	2208	2209	2211	2210
4	2212	2213	2215	2214
4	2216	2217	2219	2218
4	2220	2221	2223	2222
4	2224	2225	2227	2226
4	2228	2229	2231	2230
4	2232	2233	2235	2234
4	2236	2237	2239	2238
4	2240	2241	2243	2242
4	2244	2245	2247	2246
4	2248	2249	2251	2250
4	2252	2253	2255	2254
4	2256	2257	2259	2258
4	2260	2261	2263	2262
4	2264	2265	2267	2266
4	2268	2269	2271	2270
4	2272	2273	2275	2274
4	2276	2277	2279	2278
4	2280	2281	2283	2282
4	2284	2285	2287	2286
4	2288	2289	2291	2290
4	2292	2293	2295	2294
4	2296	2297	2299	2298
4	2300	2301	2303	2302
4	2304	2305	2307	2306
4	2308	2309	2311	2310
4	2312	2313	2315	2314
4	2316	2317	2319	2318
4	2320	2321	2323	2322
4	2324	2325	2327	2326
4	2328	2329	2331	2330
4	2332	2333	2335	2334
4	2336	2337	2339	2338
4	2340	2341	2343	2342
4	2344	2345	2347	2346
4	2348	2349	2351	2350
4	2352	2353	2355	2354
4	2356	2357	2359	2358
4	2360	2361	2363	2362
4	2364	2365	2367	2366
4	2368	2369	2371	2370
4	2372	2373	2375	2374
4	2376	2377	2379	2378
4	2380	2381	2383	2382
4	2384	2385	2387	2386
4	2388	2389	2391	2390
4	2392	2393	2395	2394
4	2396	2397	2399	2398
4	2400	2401	2403	2402
4	2404	2405	2407	2406
4	2408	2409	2411	2410
4	2412	2413	2415	2414
4	2416	2417	2419	2418
4	2420	2421	2423	2422
4	2424	2425	2427	2426
4	2428	2429	2431	2430
4	2432	2433	2435	2434
4	2436	2437	2439	2438
4	2440	2441	2443	2442
4	2444	2445	2447	2446
4	2448	2449	2451	2450
4	2452	2453	2455	2454
4	2456	2457	2459	2458
4	2460	2461	2463	2462
4	2464	2465	2467	2466
4	2468	2469	2471	2470
4	2472	2473	2475	2474
4	2476	2477	2479	2478
4	2480	2481	2483	2482
4	2484	2485	2487	2486
4	2488	2489	2491	2490
4	2492	2493	2495	2494
4	2496	2497	2499	2498
4	2500	2501	2503	2502
4	2504	2505	2507	2506
4	2508	2509	2511	2510
4	2512	2513	2515	2514
4	2516	2517	2519	2518
4	2520	2521	2523	2522
4	2524	2525	2527	2526
4	2528	2529	2531	2530
4	2532	2533	2535	2534
4	2536	2537	2539	2538
4	2540	2541	2543	2542
4	2544	2545	2547	2546
4	2548	2549	2551	2550
4	2552	2553	2555	2554
4	2556	2557	2559	2558
4	2560	2561	2563	2562
4	2564	2565	2567	2566
4	2568	2569	2571	2570
4	2572	2573	2575	2574
4	2576	2577	2579	2578
4	2580	2581	2583	2582
4	2584	2585	2587	2586
4	2588	2589	2591	2590
4	2592	2593	2595	2594
4	2596	2597	2599	2598
4	2600	2601	2603	2602
4	2604	2605	2607	2606
4	2608	2609	2611	2610
4	2612	2613	2615	2614
4	2616	2617	2619	2618
4	2620	2621	2623	2622
4	2624	2625	2627	2626
4	2628	2629	2631	2630
4	2632	2633	2635	2634
4	2636	2637	2639	2638
4	2640	2641	2643	2642
4	2644	2645	2647	2646
4	2648	2649	2651	2650
4	2652	2653	2655	2654
4	2656	2657	2659	2658
4	2660	2661	2663	2662
4	2664	2665	2667	2666
4	2668	2669	2671	2670
4	2672	2673	2675	2674
4	2676	2677	2679	2678
4	2680	2681	2683	2682
4	2684	2685	2687	2686
4	2688	2689	2691	2690
4	2692	2693	2695	2694
4	2696	2697	2699	2698
4	2700	2701	2703	2702
4	2704	2705	2707	2706
4	2708	2709	2711	2710
4	2712	2713	2715	2714
4	2716	2717	2719	2718
4	2720	2721	2723	2722
4	2724	2725	2727	2726
4	2728	2729	2731	2730
4	2732	2733	2735	2734
4	2736	2737	2739	2738
4	2740	2741	2743	2742
4	2744	2745	2747	2746
4	2748	2749	2751	2750
4	2752	2753	2755	2754
4	2756	2757	2759	2758
4	2760	2761	2763	2762
4	2764	2765	2767	2766
4	2768	2769	2771	2770
4	2772	2773	2775	2774
4	2776	2777	2779	2778
4	2780	2781	2783	2782
4	2784	2785	2787	2786
4	2788	2789	2791	2790
4	2792	2793	2795	2794
4	2796	2797	2799	2798
4	2800	2801	2803	2802
4	2804	2805	2807	2806
4	2808	2809	2811	2810
4	2812	2813	2815	2814
4	2816	2817	2819	2818
4	2820	2821	2823	2822
4	2824	2825	2827	2826
4	2828	2829	2831	2830
4	2832	2833	2835	2834
4	2836	2837	2839	2838
4	2840	2841	2843	2842
4	2844	2845	2847	2846
4	2848	2849	2851	2850
4	2852	2853	2855	2854
4	2856	2857	2859	2858
4	2860	2861	2863	2862
4	2864	2865	2867	2866
4	2868	2869	2871	2870
4	2872	2873	2875	2874
4	2876	2877	2879	2878
4	2880	2881	2883	2882
4	2884	2885	2887	2886
4	2888	2889	2891	2890
4	2892	2893	2895	2894
4	2896	2897	2899	2898
4	2900	2901	2903	2902
4	2904	2905	2907	2906
4	2908	2909	2911	2910
4	2912	2913	2915	2914
4	2916	2917	2919	2918
4	2920	2921	2923	2922
4	2924	2925	2927	2926
4	2928	2929	2931	2930
4	2932	2933	2935	2934
4	2936	2937	2939	2938
4	2940	2941	2943	2942
4	2944	2945	2947	2946
4	2948	2949	2951	2950
4	2952	2953	2955	2954
4	2956	2957	2959	2958
4	2960	2961	2963	2962
4	2964	2965	2967	2966
4	2968	2969	2971	2970
4	2972	2973	2975	2974
4	2976	2977	2979	2978
4	2980	2981	2983	2982
4	2984	2985	2987	2986
4	2988	2989	2991	2990
4	2992	2993	2995	2994
4	2996	2997	2999	2998
4	3000	3001	3003	3002
4	3004	3005	3007	3006
4	3008	3009	3011	3010
4	3012	3013	3015	3014
4	3016	3017	3019	3018
4	3020	3021	3023	3022
4	3024	3025	3027	3026
4	3028	3029	3031	3030
4	3032	3033	3035	3034
4	3036	3037	3039	3038
4	3040	3041	3043	3042
4	3044	3045	3047	3046
4	3048	3049	3051	3050
4	3052	3053	3055	3054
4	3056	3057	3059	3058
4	3060	3061	3063	3062
4	3064	3065	3067	3066
4	3068	3069	3071	3070
4	3072	3073	3075	3074
4	3076	3077	3079	3078
4	3080	3081	3083	3082
4	3084	3085	3087	3086
4	3088	3089	3091	3090
4	3092	3093	3095	3094
4	3096	3097	3099	3098
4	3100	3101	3103	3102
4	3104	3105	3107	3106
4	3108	3109	3111	3110
4	3112	3113	3115	3114
4	3116	3117	3119	3118
4	3120	3121	3123	3122
4	3124	3125	3127	3126
4	3128	3129	3131	3130
4	3132	3133	3135	3134
4	3136	3137	3139	3138
4	3140	3141	3143	3142
4	3144	3145	3147	3146
4	3148	3149	3151	3150
4	3152	3153	3155	3154
4	3156	3157	3159	3158
4	3160	3161	3163	3162
4	3164	3165	3167	3166
4	3168	3169	3171	3170
4	3172	3173	3175	3174
4	3176	3177	3179	3178
4	3180	3181	3183	3182
4	3184	3185	3187	3186
4	3188	3189	3191	3190
4	3192	3193	3195	3194
4	3196	3197	3199	3198
4	3200	3201	3203	3202
4	3204	3205	3207	3206
4	3208	3209	3211	3210
4	3212	3213	3215	3214
4	3216	3217	3219	3218
4	3220	3221	3223	3222
4	3224	3225	3227	3226
4	3228	3229	3231	3230
4	3232	3233	3235	3234
4	3236	3237	3239	3238
4	3240	3241	3243	3242
4	3244	3245	3247	3246
4	3248	3249	3251	3250
4	3252	3253	3255	3254
4	3256	3257	3259	3258
4	3260	3261	3263	3262
4	3264	3265	3267	3266
4	3268	3269	3271	3270
4	3272	3273	3275	3274
4	3276	3277	3279	3278
4	3280	3281	3283	3282
4	3284	3285	3287	3286
4	3288	3289	3291	3290
4	3292	3293	3295	3294
4	3296	3297	3299	3298
4	3300	3301	3303	3302
4	3304	3305	3307	3306
4	3308	3309	3311	3310
4	3312	3313	3315	3314
4	3316	3317	3319	3318
4	3320	3321	3323	3322
4	3324	3325	3327	3326
4	3328	3329	3331	3330
4	3332	3333	3335	3334
4	3336	3337	3339	3338
4	3340	3341	3343	3342
4	3344	3345	3347	3346
4	3348	3349	3351	3350
4	3352	3353	3355	3354
4	3356	3357	3359	3358
4	3360	3361	3363	3362
4	3364	3365	3367	3366
4	3368	3369	3371	3370
4	3372	3373	3375	3374
4	3376	3377	3379	3378
4	3380	3381	3383	3382
4	3384	3385	3387	3386
4	3388	3389	3391	3390
4	3392	3393	3395	3394
4	3396	3397	3399	3398
4	3400	3401	3403	3402
4	3404	3405	3407	3406
4	3408	3409	3411	3410
4	3412	3413	3415	3414
4	3416	3417	3419	3418
4	3420	3421	3423	3422
4	3424	3425	3427	3426
4	3428	3429	3431	3430
4	3432	3433	3435	3434
4	3436	3437	3439	3438
4	3440	3441	3443	3442
4	3444	3445	3447	3446
4	3448	3449	3451	3450
4	3452	3453	3455	3454
4	3456	3457	3459	3458
4	3460	3461	3463	3462
4	3464	3465	3467	3466
4	3468	3469	3471	3470
4	3472	3473	3475	3474
4	3476	3477	3479	3478
4	3480	3481	3483	3482
4	3484	3485	3487	3486
4	3488	3489	3491	3490
4	3492	3493	3495	3494
4	3496	3497	3499	3498
4	3500	3501	3503	3502
4	3504	3505	3507	3506
4	3508	3509	3511	3510
4	3512	3513	3515	3514
4	3516	3517	3519	3518
4	3520	3521	3523	3522
4	3524	3525	3527	3526
4	3528	3529	3531	3530
4	3532	3533	3535	3534
4	3536	3537	3539	3538
4	3540	3541	3543	3542
4	3544	3545	3547	3546
4	3548	3549	3551	3550
4	3552	3553	3555	3554
4	3556	3557	3559	3558
4	3560	3561	3563	3562
4	3564	3565	3567	3566
4	3568	3569	3571	3570
4	3572	3573	3575	3574
4	3576	3577	3579	3578
4	3580	3581	3583	3582
4	3584	3585	3587	3586
4	3588	3589	3591	3590
4	3592	3593	3595	3594
4	3596	3597	3599	3598
4	3600	3601	3603	3602
4	3604	3605	3607	3606
4	3608	3609	3611	3610
4	3612	3613	3615	3614
4	3616	3617	3619	3618
4	3620	3621	3623	3622
4	3624	3625	3627	3626
4	3628	3629	3631	3630
4	3632	3633	3635	3634
4	3636	3637	3639	3638
4	3640	3641	3643	3642
4	3644	3645	3647	3646
4	3648	3649	3651	3650
4	3652	3653	3655	3654
4	3656	3657	3659	3658
4	3660	3661	3663	3662
4	3664	3665	3667	3666
4	3668	3669	3671	3670
4	3672	3673	3675	3674
4	3676	3677	3679	3678
4	3680	3681	3683	3682
4	3684	3685	3687	3686
4	3688	3689	3691	3690
4	3692	3693	3695	3694
4	3696	3697	3699	3698
4	3700	3701	3703	3702
4	3704	3705	3707	3706
4	3708	3709	3711	3710
4	3712	3713	3715	3714
4	3716	3717	3719	3718
4	3720	3721	3723	3722
4	3724	3725	3727	3726
4	3728	3729	3731	3730
4	3732	3733	3735	3734
4	3736	3737	3739	3738
4	3740	3741	3743	3742
4	3744	3745	3747	3746
4	3748	3749	3751	3750
4	3752	3753	3755	3754
4	3756	3757	3759	3758
4	3760	3761	3763	3762
4	3764	3765	3767	3766
4	3768	3769	3771	3770
4	3772	3773	3775	3774
4	3776	3777	3779	3778
4	3780	3781	3783	3782
4	3784	3785	3787	3786
4	3788	3789	3791	3790
4	3792	3793	3795	3794
4	3796	3797	3799	3798
4	3800	3801	3803	3802
4	3804	3805	3807	3806
4	3808	3809	3811	3810
4	3812	3813	3815	3814
4	3816	3817	3819	3818
4	3820	3821	3823	3822
4	3824	3825	3827	3826
4	3828	3829	3831	3830
4	3832	3833	3835	3834
4	3836	3837	3839	3838
4	3840	3841	3843	3842
4	3844	3845	3847	3846
4	3848	3849	3851	3850
4	3852	3853	3855	3854
4	3856	3857	3859	3858
4	3860	3861	3863	3862
4	3864	3865	3867	3866
4	3868	3869	3871	3870
4	3872	3873	3875	3874
4	3876	3877	3879	3878
4	3880	3881	3883	3882
4	3884	3885	3887	3886
4	3888	3889	3891	3890
4	3892	3893	3895	3894
4	3896	3897	3899	3898
4	3900	3901	3903	3902
4	3904	3905	3907	3906
4	3908	3909	3911	3910
4	3912	3913	3915	3914
4	3916	3917	3919	3918
4	3920	3921	3923	3922
4	3924	3925	3927	3926
4	3928	3929	3931	3930
4	3932	3933	3935	3934
4	3936	3937	3939	3938
4	3940	3941	3943	3942
4	3944	3945	3947	3946
4	3948	3949	3951	3950
4	3952	3953	3955	3954
4	3956	3957	3959	3958
4	3960	3961	3963	3962
4	3964	3965	3967	3966
4	3968	3969	3971	3970
4	3972	3973	3975	3974
4	3976	3977	3979	3978
4	3980	3981	3983	3982
4	3984	3985	3987	3986
4	3988	3989	3991	3990
4	3992	3993	3995	3994
4	3996	3997	3999	3998
4	4000	4001	4003	4002
4	4004	4005	4007	4006
4	4008	4009	4011	4010
4	4012	4013	4015	4014
4	4016	4017	4019	4018
4	4020	4021	4023	4022
4	4024	4025	4027	4026
4	4028	4029	4031	4030
4	4032	4033	4035	4034
4	4036	4037	4039	4038
4	4040	4041	4043	4042
4	4044	4045	4047	4046
4	4048	4049	4051	4050
4	4052	4053	4055	4054
4	4056	4057	4059	4058
4	4060	4061	4063	4062
4	4064	4065	4067	4066
4	4068	4069	4071	4070
4	4072	4073	4075	4074
4	4076	4077	4079	4078
4	4080	4081	4083	4082
4	4084	4085	4087	4086
4	4088	4089	4091	4090
4	4092	4093	4095	4094

CELL_TYPES 1024
 9 9 9 9 9 9 9 9 9 9 9 9 9 9 9 9 9 9 9 9 9 9 9 9 9 9 9 9 9 9 9 9 9 9 9 9 9 9 9 9 9 9 9 9 9 9 9 9 9 9 9 9 9 9 9 9 9 9 9 9 9 9 9 9 9 9 9 9 9 9 9 9 9 9 9 9 9 9 9 9 9 9 9 9 9 9 9 9 9 9 9 9 9 9 9 9 9 9 9 9 9 9 9 9 9 9 9 9 9 9 9 9 9 9 9 9 9 9 9 9 9 9 9 9 9 9 9 9 9 9 9 9 9 9 9 9 9 9 9 9 9 9 9 9 9 9 9 9 9 9 9 9 9 9 9 9 9 9 9 9 9 9 9 9 9 9 9 9 9 9 9 9 9 9 9 9 9 9 9 9 9 9 9 9 9 9 9 9 9 9 9 9 9 9 9 9 9 9 9 9 9 9 9 9 9 9 9 9 9 9 9 9 9 9 9 9 9 9 9 9 9 9 9 9 9 9 9 9 9 9 9 9 9 9 9 9 9 9 9 9 9 9 9 9 9 9 9 9 9 9 9 9 9 9 9 9 9 9 9 9 9 9 9 9 9 9 9 9 9 9 9 9 9 9 9 9 9 9 9 9 9 9 9 9 9 9 9 9 9 9 9 9 9 9 9 9 9 9 9 9 9 9 9 9 9 9 9 9 9 9 9 9 9 9 9 9 9 9 9 9 9 9 9 9 9 9 9 9 9 9 9 9 9 9 9 9 9 9 9 9 9 9 9 9 9 9 9 9 9 9 9 9 9 9 9 9 9 9 9 9 9 9 9 9 9 9 9 9 9 9 9 9 9 9 9 9 9 9 9 9 9 9 9 9 9 9 9 9 9 9 9 9 9 9 9 9 9 9 9 9 9 9 9 9 9 9 9 9 9 9 9 9 9 9 9 9 9 9 9 9 9 9 9 9 9 9 9 9 9 9 9 9 9 9 9 9 9 9 9 9 9 9 9 9 9 9 9 9 9 9 9 9 9 9 9 9 9 9 9 9 9 9 9 9 9 9 9 9 9 9 9 9 9 9 9 9 9 9 9 9 9 9 9 9 9 9 9 9 9 9 9 9 9 9 9 9 9 9 9 9 9 9 9 9 9 9 9 9 9 9 9 9 9 9 9 9 9 9 9 9 9 9 9 9 9 9 9 9 9 9 9 9 9 9 9 9 9 9 9 9 9 9 9 9 9 9 9 9 9 9 9 9 9 9 9 9 9 9 9 9 9 9 9 9 9 9 9 9 9 9 9 9 9 9 9 9 9 9 9 9 9 9 9 9 9 9 9 9 9 9 9 9 9 9 9 9 9 9 9 9 9 9 9 9 9 9 9 9 9 9 9 9 9 9 9 9 9 9 9 9 9 9 9 9 9 9 9 9 9 9 9 9 9 9 9 9 9 9 9 9 9 9 9 9 9 9 9 9 9 9 9 9 9 9 9 9 9 9 9 9 9 9 9 9 9 9 9 9 9 9 9 9 9 9 9 9 9 9 9 9 9 9 9 9 9 9 9 9 9 9 9 9 9 9 9 9 9 9 9 9 9 9 9 9 9 9 9 9 9 9 9 9 9 9 9 9 9 9 9 9 9 9 9 9 9 9 9 9 9 9 9 9 9 9 9 9 9 9 9 9 9 9 9 9 9 9 9 9 9 9 9 9 9 9 9 9 9 9 9 9 9 9 9 9 9 9 9 9 9 9 9 9 9 9 9 9 9 9 9 9 9 9 9 9 9 9 9 9 9 9 9 9 9 9 9 9 9 9 9 9 9 9 9 9 9 9 9 9 9 9 9 9 9 9 9 9 9 9 9 9 9 9 9 9 9 9 9 9 9 9 9 9 9 9 9 9 9 9 9 9 9 9 9 9 9 9 9 9 9 9 9 9 9 9 9 9 9 9 9 9 9 9 9 9 9 9 9 9 9 9 9 9 9 9 9 9 9 9 9 9 9 9 9 9 9 9 9 9 9 9 9 9 9 9 9 9 9 9 9 9 9 9 9 9 9 9 9 9 9 9 9 9 9 9 9 9 9 9 9 9 9 9 9 9 9 9 9 9 9 9 9 9 9 9 9 9 9 9 9 9 9 9 9 9 9 9 9 9 9 9 9 9 9 9 9 9 9 9 9 9 9 9 9 9 9 9 9 9 9 9 9 9 9 9 9 9 9 9 9 9 9 9 9 9 9 9 9 9 9 9 9 9 9 9 9 9 9 9 9 9 9 9 9 9 9 9 9 9 9 9 9 9 9 9 9 9 9 9 9 9 9 9 9 9
POINT_DATA 4096
SCALARS x_velo double 1
LOOKUP_TABLE default
0 0 0 -1.93416e-10 0 0 -1.93416e-10 -4.09689e-10 0 -1.93416e-10 0 -3.61883e-10 -1.93416e-10 -4.09689e-10 -3.61883e-10 -8.00643e-10 0 0 -4.09689e-10 -6.87467e-10 0 0 -6.87467e-10 -1.01693e-09 -4.09689e-10 -6.87467e-10 -8.00643e-10 -1.33665e-09 -6.87467e-10 -1.01693e-09 -1.33665e-09 -1.96914e-09 0 -3.61883e-10 0 -5.10452e-10 -3.61883e-10 -8.00643e-10 -5.10452e-10 -1.16321e-09 0 -5.10452e-10 0 -6.44858e-10 -5.10452e-10 -1.16321e-09 -6.44858e-10 -1.49169e-09 -8.00643e-10 -1.33665e-09 -1.16321e-09 -1.93418e-09 -1.33665e-09 -1.96914e-09 -1.93418e-09 -2.83916e-09 -1.16321e-09 -1.93418e-09 -1.49169e-09 -2.46807e-09 -1.93418e-09 -2.83916e-09 -2.46807e-09 -3.61002e-09 0 0 -1.01693e-09 -1.40672e-09 0 0 -1.40672e-09 -1.86831e-09 -1.01693e-09 -1.40672e-09 -1.96914e-09 -2.72135e-09 -1.40672e-09 -1.86831e-09 -2.72135e-09 -3.62064e-09 0 0 -1.86831e-09 -2.40289e-09 0 0 -2.40289e-09 -2.99466e-09 -1.86831e-09 -2.40289e-09 -3.62064e-09 -4.68047e-09 -2.40289e-09 -2.99466e-09 -4.68047e-09 -5.88971e-09 -1.96914e-09 -2.72135e-09 -2.83916e-09 -3.92166e-09 -2.72135e-09 -3.62064e-09 -3.92166e-09 -5.23046e-09 -2.83916e-09 -3.92166e-09 -3.61002e-09 -4.98486e-09 -3.92166e-09 -5.23046e-09 -4.98486e-09 -6.66728e-09 -3.62064e-09 -4.68047e-09 -5.23046e-09 -6.80278e-09 -4.68047e-09 -5.88971e-09 -6.80278e-09 -8.6512e-09 -5.23046e-09 -6.80278e-09 -6.66728e-09 -8.72897e-09 -6.80278e-09 -8.6512e-09 -8.72897e-09 -1.12249e-08 0 -6.44858e-10 0 -7.7012e-10 -6.44858e-10 -1.49169e-09 -7.7012e-10 -1.7832e-09 0 -7.7012e-10 0 -8.94616e-10 -7.7012e-10 -1.7832e-09 -8.94616e-10 -2.03438e-09 -1.49169e-09 -2.46807e-09 -1.7832e-09 -2.92726e-09 -2.46807e-09 -3.61002e-09 -2.92726e-09 -4.26553e-09 -1.7832e-09 -2.92726e-09 -2.03438e-09 -3.30111e-09 -2.92726e-09 -4.26553e-09 -3.30111e-09 -4.79068e-09 0 -8.94616e-10 0 -1.03626e-09 -8.94616e-10 -2.03438e-09 -1.03626e-09 -2.23569e-09 0 -1.03626e-09 0 -1.19959e-09 -1.03626e-09 -2.23569e-09 -1.19959e-09 -2.37768e-09 -2.03438e-09 -3.30111e-09 -2.23569e-09 -3.5791e-09 -3.30111e-09 -4.79068e-09 -3.5791e-09 -5.17243e-09 -2.23569e-09 -3.5791e-09 -2.37768e-09 -3.75073e-09 -3.5791e-09 -5.17243e-09 -3.75073e-09 -5.40057e-09 -3.61002e-09 -4.98486e-09 -4.26553e-09 -5.88803e-09 -4.98486e-09 -6.66728e-09 -5.88803e-09 -7.89731e-09 -4.26553e-09 -5.88803e-09 -4.79068e-09 -6.6092e-09 -5.88803e-09 -7.89731e-09 -6.6092e-09 -8.88521e-09 -6.66728e-09 -8.72897e-09 -7.89731e-09 -1.04081e-08 -8.72897e-09 -1.12249e-08 -1.04081e-08 -1.35363e-08 -7.89731e-09 -1.04081e-08 -8.88521e-09 -1.17812e-08 -1.04081e-08 -1.35363e-08 -1.17812e-08 -1.5491e-08 -4.79068e-09 -6.6092e-09 -5.17243e-09 -7.12898e-09 -6.6092e-09 -8.88521e-09 -7.12898e-09 -9.59679e-09 -5.17243e-09 -7.12898e-09 -5.40057e-09 -7.43266e-09 -7.12898e-09 -9.59679e-09 -7.43266e-09 -1.0003e-08 -8.88521e-09 -1.17812e-08 -9.59679e-09 -1.27843e-08 -1.17812e-08 -1.5491e-08 -1.27843e-08 -1.69758e-08 -9.59679e-09 -1.27843e-08 -1.0003e-08 -1.33542e-08 -1.27843e-08 -1.69758e-08 -1.33542e-08 -1.78615e-08 0 0 -2.99466e-09 -3.61299e-09 0 0 -3.61299e-09 -4.22082e-09 -2.99466e-09 -3.61299e-09 -5.88971e-09 -7.21112e-09 -3.61299e-09 -4.22082e-09 -7.21112e-09 -8.57993e-09 0 0 -4.22082e-09 -4.76702e-09 0 0 -4.76702e-09 -5.13242e-09 -4.22082e-09 -4.76702e-09 -8.57993e-09 -9.8644e-09 -4.76702e-09 -5.13242e-09 -9.8644e-09 -1.0754e-08 -5.88971e-09 -7.21112e-09 -8.6512e-09 -1.07521e-08 -7.21112e-09 -8.57993e-09 -1.07521e-08 -1.30182e-08 -8.6512e-09 -1.07521e-08 -1.12249e-08 -1.41668e-08 -1.07521e-08 -1.30182e-08 -1.41668e-08 -1.74558e-08 -8.57993e-09 -9.8644e-09 -1.30182e-08 -1.52101e-08 -9.8644e-09 -1.0754e-08 -1.52101e-08 -1.67671e-08 -1.30182e-08 -1.52101e-08 -1.74558e-08 -2.0727e-08 -1.52101e-08 -1.67671e-08 -2.0727e-08 -2.31196e-08 0 0 -5.13242e-09 -5.0613e-09 0 0 -5.0613e-09 -4.21179e-09 -5.13242e-09 -5.0613e-09 -1.0754e-08 -1.06599e-08 -5.0613e-09 -4.21179e-09 -1.06599e-08 -8.86959e-09 0 0 -4.21179e-09 -2.41243e-09 0 0 -2.41243e-09 6.12072e-11 -4.21179e-09 -2.41243e-09 -8.86959e-09 -5.07182e-09 -2.41243e-09 6.12072e-11 -5.07182e-09 1.26229e-10 -1.0754e-08 -1.06599e-08 -1.67671e-08 -1.6706e-08 -1.06599e-08 -8.86959e-09 -1.6706e-08 -1.39145e-08 -1.67671e-08 -1.6706e-08 -2.31196e-08 -2.31926e-08 -1.6706e-08 -1.39145e-08 -2.31926e-08 -1.93809e-08 -8.86959e-09 -5.07182e-09 -1.39145e-08 -7.95328e-09 -5.07182e-09 1.26229e-10 -7.95328e-09 1.95431e-10 -1.39145e-08 -7.95328e-09 -1.93809e-08 -1.10952e-08 -7.95328e-09 1.95431e-10 -1.10952e-08 2.6936e-10 -1.12249e-08 -1.41668e-08 -1.35363e-08 -1.73567e-08 -1.41668e-08 -1.74558e-08 -1.73567e-08 -2.17848e-08 -1.35363e-08 -1.73567e-08 -1.5491e-08 -2.01889e-08 -1.73567e-08 -2.17848e-08 -2.01889e-08 -2.58572e-08 -1.74558e-08 -2.0727e-08 -2.17848e-08 -2.63336e-08 -2.0727e-08 -2.31196e-08 -2.63336e-08 -2.98027e-08 -2.17848e-08 -2.63336e-08 -2.58572e-08 -3.19293e-08 -2.63336e-08 -2.98027e-08 -3.19293e-08 -3.68482e-08 -1.5491e-08 -2.01889e-08 -1.69758e-08 -2.24894e-08 -2.01889e-08 -2.58572e-08 -2.24894e-08 -2.94649e-08 -1.69758e-08 -2.24894e-08 -1.78615e-08 -2.40322e-08 -2.24894e-08 -2.94649e-08 -2.40322e-08 -3.23032e-08 -2.58572e-08 -3.19293e-08 -2.94649e-08 -3.73691e-08 -3.19293e-08 -3.68482e-08 -3.73691e-08 -4.43237e-08 -2.94649e-08 -3.73691e-08 -3.23032e-08 -4.24095e-08 -3.73691e-08 -4.43237e-08 -4.24095e-08 -5.23134e-08 -2.31196e-08 -2.31926e-08 -2.98027e-08 -3.0209e-08 -2.31926e-08 -1.93809e-08 -3.0209e-08 -2.54238e-08 -2.98027e-08 -3.0209e-08 -3.68482e-08 -3.79648e-08 -3.0209e-08 -2.54238e-08 -3.79648e-08 -3.23608e-08 -1.93809e-08 -1.10952e-08 -2.54238e-08 -1.46214e-08 -1.10952e-08 2.6936e-10 -1.46214e-08 3.4869e-10 -2.54238e-08 -1.46214e-08 -3.23608e-08 -1.87743e-08 -1.46214e-08 3.4869e-10 -1.87743e-08 4.34084e-10 -3.68482e-08 -3.79648e-08 -4.43237e-08 -4.6827e-08 -3.79648e-08 -3.23608e-08 -4.6827e-08 -4.07384e-08 -4.43237e-08 -4.6827e-08 -5.23134e-08 -5.73963e-08 -4.6827e-08 -4.07384e-08 -5.73963e-08 -5.14825e-08 -3.23608e-08 -1.87743e-08 -4.07384e-08 -2.39657e-08 -1.87743e-08 4.34084e-10 -2.39657e-08 5.25952e-10 -4.07384e-08 -2.39657e-08 -5.14825e-08 -3.0896e-08 -2.39657e-08 5.25952e-10 -3.0896e-08 6.23944e-10 0 0 6.12072e-11 2.52831e-09 0 0 2.52831e-09 4.31085e-09 6.12072e-11 2.52831e-09 1.26229e-10 5.31073e-09 2.52831e-09 4.31085e-09 5.31073e-09 9.07351e-09 0 0 4.31085e-09 5.13912e-09 0 0 5.13912e-09 5.18949e-09 4.31085e-09 5.13912e-09 9.07351e-09 1.08195e-08 5.13912e-09 5.18949e-09 1.08195e-08 1.08705e-08 1.26229e-10 5.31073e-09 1.95431e-10 8.32276e-09 5.31073e-09 9.07351e-09 8.32276e-09 1.42288e-08 1.95431e-10 8.32276e-09 2.6936e-10 1.16036e-08 8.32276e-09 1.42288e-08 1.16036e-08 1.98112e-08 9.07351e-09 1.08195e-08 1.42288e-08 1.69508e-08 1.08195e-08 1.08705e-08 1.69508e-08 1.69445e-08 1.42288e-08 1.69508e-08 1.98112e-08 2.35252e-08 1.69508e-08 1.69445e-08 2.35252e-08 2.33586e-08 0 0 5.18949e-09 4.80617e-09 0 0 4.80617e-09 4.24552e-09 5.18949e-09 4.80617e-09 1.08705e-08 9.94394e-09 4.80617e-09 4.24552e-09 9.94394e-09 8.63027e-09 0 0 4.24552e-09 3.62671e-09 0 0 3.62671e-09 3.0006e-09 4.24552e-09 3.62671e-09 8.63027e-09 7.23968e-09 3.62671e-09 3.0006e-09 7.23968e-09 5.90298e-09 1.08705e-08 9.94394e-09 1.69445e-08 1.53306e-08 9.94394e-09 8.63027e-09 1.53306e-08 1.30945e-08 1.69445e-08 1.53306e-08 2.33586e-08 2.0888e-08 1.53306e-08 1.30945e-08 2.0888e-08 1.75573e-08 8.63027e-09 7.23968e-09 1.30945e-08 1.07959e-08 7.23968e-09 5.90298e-09 1.07959e-08 8.67252e-09 1.30945e-08 1.07959e-08 1.75573e-08 1.42255e-08 1.07959e-08 8.67252e-09 1.42255e-08 1.12543e-08 2.6936e-10 1.16036e-08 3.4869e-10 1.52781e-08 1.16036e-08 1.98112e-08 1.52781e-08 2.59763e-08 3.4869e-10 1.52781e-08 4.34084e-10 1.95899e-08 1.52781e-08 2.59763e-08 1.95899e-08 3.30421e-08 1.98112e-08 2.35252e-08 2.59763e-08 3.0632e-08 2.35252e-08 2.33586e-08 3.0632e-08 3.0103e-08 2.59763e-08 3.0632e-08 3.30421e-08 3.84803e-08 3.0632e-08 3.0103e-08 3.84803e-08 3.72088e-08 4.34084e-10 1.95899e-08 5.25952e-10 2.49519e-08 1.95899e-08 3.30421e-08 2.49519e-08 4.15563e-08 5.25952e-10 2.49519e-08 6.23944e-10 3.20647e-08 2.49519e-08 4.15563e-08 3.20647e-08 5.24461e-08 3.30421e-08 3.84803e-08 4.15563e-08 4.74373e-08 3.84803e-08 3.72088e-08 4.74373e-08 4.47427e-08 4.15563e-08 4.74373e-08 5.24461e-08 5.81047e-08 4.74373e-08 4.47427e-08 5.81047e-08 5.27882e-08 2.33586e-08 2.0888e-08 3.0103e-08 2.65338e-08 2.0888e-08 1.75573e-08 2.65338e-08 2.19101e-08 3.0103e-08 2.65338e-08 3.72088e-08 3.21661e-08 2.65338e-08 2.19101e-08 3.21661e-08 2.60038e-08 1.75573e-08 1.42255e-08 2.19101e-08 1.74293e-08 1.42255e-08 1.12543e-08 1.74293e-08 1.35734e-08 2.19101e-08 1.74293e-08 2.60038e-08 2.02735e-08 1.74293e-08 1.35734e-08 2.02735e-08 1.55346e-08 3.72088e-08 3.21661e-08 4.47427e-08 3.76387e-08 3.21661e-08 2.60038e-08 3.76387e-08 2.96291e-08 4.47427e-08 3.76387e-08 5.27882e-08 4.2707e-08 3.76387e-08 2.96291e-08 4.2707e-08 3.24804e-08 2.60038e-08 2.02735e-08 2.96291e-08 2.25834e-08 2.02735e-08 1.55346e-08 2.25834e-08 1.70243e-08 2.96291e-08 2.25834e-08 3.24804e-08 2.41321e-08 2.25834e-08 1.70243e-08 2.41321e-08 1.79127e-08 0 0 3.0006e-09 2.4037e-09 0 0 2.4037e-09 1.86591e-09 3.0006e-09 2.4037e-09 5.90298e-09 4.68363e-09 2.4037e-09 1.86591e-09 4.68363e-09 3.6174e-09 0 0 1.86591e-09 1.40215e-09 0 0 1.40215e-09 1.01032e-09 1.86591e-09 1.40215e-09 3.6174e-09 2.71388e-09 1.40215e-09 1.01032e-09 2.71388e-09 1.95803e-09 5.90298e-09 4.68363e-09 8.67252e-09 6.80926e-09 4.68363e-09 3.6174e-09 6.80926e-09 5.22755e-09 8.67252e-09 6.80926e-09 1.12543e-08 8.73922e-09 6.80926e-09 5.22755e-09 8.73922e-09 6.66543e-09 3.6174e-09 2.71388e-09 5.22755e-09 3.9127e-09 2.71388e-09 1.95803e-09 3.9127e-09 2.82552e-09 5.22755e-09 3.9127e-09 6.66543e-09 4.97547e-09 3.9127e-09 2.82552e-09 4.97547e-09 3.59548e-09 0 0 1.01032e-09 6.78145e-10 0 0 6.78145e-10 3.97139e-10 1.01032e-09 6.78145e-10 1.95803e-09 1.32121e-09 6.78145e-10 3.97139e-10 1.32121e-09 7.80558e-10 0 0 3.97139e-10 1.80154e-10 0 0 1.80154e-10 0 3.97139e-10 1.80154e-10 7.80558e-10 3.42311e-10 1.80154e-10 0 3.42311e-10 0 1.95803e-09 1.32121e-09 2.82552e-09 1.91564e-09 1.32121e-09 7.80558e-10 1.91564e-09 1.13977e-09 2.82552e-09 1.91564e-09 3.59548e-09 2.44902e-09 1.91564e-09 1.13977e-09 2.44902e-09 1.46843e-09 7.80558e-10 3.42311e-10 1.13977e-09 4.88445e-10 3.42311e-10 0 4.88445e-10 0 1.13977e-09 4.88445e-10 1.46843e-09 6.22953e-10 4.88445e-10 0 6.22953e-10 0 1.12543e-08 8.73922e-09 1.35734e-08 1.04221e-08 8.73922e-09 6.66543e-09 1.04221e-08 7.89683e-09 1.35734e-08 1.04221e-08 1.55346e-08 1.17984e-08 1.04221e-08 7.89683e-09 1.17984e-08 8.88601e-09 6.66543e-09 4.97547e-09 7.89683e-09 5.87884e-09 4.97547e-09 3.59548e-09 5.87884e-09 4.25123e-09 7.89683e-09 5.87884e-09 8.88601e-09 6.60041e-09 5.87884e-09 4.25123e-09 6.60041e-09 4.77715e-09 1.55346e-08 1.17984e-08 1.70243e-08 1.28038e-08 1.17984e-08 8.88601e-09 1.28038e-08 9.59838e-09 1.70243e-08 1.28038e-08 1.79127e-08 1.33748e-08 1.28038e-08 9.59838e-09 1.33748e-08 1.00046e-08 8.88601e-09 6.60041e-09 9.59838e-09 7.12032e-09 6.60041e-09 4.77715e-09 7.12032e-09 5.15954e-09 9.59838e-09 7.12032e-09 1.00046e-08 7.42344e-09 7.12032e-09 5.15954e-09 7.42344e-09 5.38742e-09 3.59548e-09 2.44902e-09 4.25123e-09 2.9097e-09 2.44902e-09 1.46843e-09 2.9097e-09 1.76323e-09 4.25123e-09 2.9097e-09 4.77715e-09 3.28629e-09 2.9097e-09 1.76323e-09 3.28629e-09 2.02037e-09 1.46843e-09 6.22953e-10 1.76323e-09 7.50732e-10 6.22953e-10 0 7.50732e-10 0 1.76323e-09 7.50732e-10 2.02037e-09 8.81155e-10 7.50732e-10 0 8.81155e-10 0 4.77715e-09 3.28629e-09 5.15954e-09 3.56726e-09 3.28629e-09 2.02037e-09 3.56726e-09 2.22928e-09 5.15954e-09 3.56726e-09 5.38742e-09 3.74087e-09 3.56726e-09 2.22928e-09 3.74087e-09 2.37949e-09 2.02037e-09 8.81155e-10 2.22928e-09 1.03497e-09 8.81155e-10 0 1.03497e-09 0 2.22928e-09 1.03497e-09 2.37949e-09 1.21845e-09 1.03497e-09 0 1.21845e-09 0 0 -1.19959e-09 3.55078 3.54802 -1.19959e-09 -2.37768e-09 3.54802 3.55334 3.55078 3.54802 6.62813 6.62682 3.54802 3.55334 6.62682 6.63135 -2.37768e-09 -3.75073e-09 3.55334 3.55967 -3.75073e-09 -5.40057e-09 3.55967 3.56604 3.55334 3.55967 6.63135 6.63881 3.55967 3.56604 6.63881 6.64728 6.62813 6.62682 9.23203 9.23275 6.62682 6.63135 9.23275 9.23567 9.23203 9.23275 11.3625 11.3638 9.23275 9.23567 11.3638 11.3658 6.63135 6.63881 9.23567 9.24149 6.63881 6.64728 9.24149 9.2491 9.23567 9.24149 11.3658 11.3696 9.24149 9.2491 11.3696 11.3751 -5.40057e-09 -7.43266e-09 3.56604 3.57246 -7.43266e-09 -1.0003e-08 3.57246 3.57934 3.56604 3.57246 6.64728 6.65643 3.57246 3.57934 6.65643 6.66662 -1.0003e-08 -1.33542e-08 3.57934 3.58741 -1.33542e-08 -1.78615e-08 3.58741 3.59843 3.57934 3.58741 6.66662 6.67886 3.58741 3.59843 6.67886 6.6956 6.64728 6.65643 9.2491 9.25809 6.65643 6.66662 9.25809 9.26871 9.2491 9.25809 11.3751 11.3824 9.25809 9.26871 11.3824 11.3916 6.66662 6.67886 9.26871 9.28196 6.67886 6.6956 9.28196 9.30033 9.26871 9.28196 11.3916 11.4037 9.28196 9.30033 11.4037 11.421 11.3625 11.3638 13.0195 13.0204 11.3638 11.3658 13.0204 13.0216 13.0195 13.0204 14.2031 14.2034 13.0204 13.0216 14.2034 14.2036 11.3658 11.3696 13.0216 13.0237 11.3696 11.3751 13.0237 13.0272 13.0216 13.0237 14.2036 14.2044 13.0237 13.0272 14.2044 14.2063 14.2031 14.2034 14.9133 14.913 14.2034 14.2036 14.913 14.9125 14.9133 14.913 15.15 15.1496 14.913 14.9125 15.1496 15.1487 14.2036 14.2044 14.9125 14.9124 14.2044 14.2063 14.9124 14.9134 14.9125 14.9124 15.1487 15.1483 14.9124 14.9134 15.1483 15.149 11.3751 11.3824 13.0272 13.0323 11.3824 11.3916 13.0323 13.0395 13.0272 13.0323 14.2063 14.2098 13.0323 13.0395 14.2098 14.215 11.3916 11.4037 13.0395 13.0495 11.4037 11.421 13.0495 13.0644 13.0395 13.0495 14.215 14.223 13.0495 13.0644 14.223 14.2353 14.2063 14.2098 14.9134 14.9157 14.2098 14.215 14.9157 14.9198 14.9134 14.9157 15.149 15.151 14.9157 14.9198 15.151 15.1546 14.215 14.223 14.9198 14.9262 14.223 14.2353 14.9262 14.9367 14.9198 14.9262 15.1546 15.1605 14.9262 14.9367 15.1605 15.1703 -1.78615e-08 -2.40322e-08 3.59843 3.61665 -2.40322e-08 -3.23032e-08 3.61665 3.65085 3.59843 3.61665 6.6956 6.72245 3.61665 3.65085 6.72245 6.77049 -3.23032e-08 -4.24095e-08 3.65085 3.71475 -4.24095e-08 -5.23134e-08 3.71475 3.82168 3.65085 3.71475 6.77049 6.85676 3.71475 3.82168 6.85676 6.99842 6.6956 6.72245 9.30033 9.3293 6.72245 6.77049 9.3293 9.37914 9.30033 9.3293 11.421 11.4483 9.3293 9.37914 11.4483 11.4941 6.77049 6.85676 9.37914 9.46527 6.85676 6.99842 9.46527 9.60351 9.37914 9.46527 11.4941 11.5709 9.46527 9.60351 11.5709 11.6917 -5.23134e-08 -5.73963e-08 3.82168 3.96984 -5.73963e-08 -5.14825e-08 3.96984 4.12289 3.82168 3.96984 6.99842 7.19629 3.96984 4.12289 7.19629 7.41198 -5.14825e-08 -3.0896e-08 4.12289 4.20794 -3.0896e-08 6.23944e-10 4.20794 4.1586 4.12289 4.20794 7.41198 7.56149 4.20794 4.1586 7.56149 7.55597 6.99842 7.19629 9.60351 9.79682 7.19629 7.41198 9.79682 10.0164 9.60351 9.79682 11.6917 11.8601 9.79682 10.0164 11.8601 12.0565 7.41198 7.56149 10.0164 10.1934 7.56149 7.55597 10.1934 10.2457 10.0164 10.1934 12.0565 12.231 10.1934 10.2457 12.231 12.3191 11.421 11.4483 13.0644 13.0882 11.4483 11.4941 13.0882 13.1279 13.0644 13.0882 14.2353 14.2555 13.0882 13.1279 14.2555 14.2893 11.4941 11.5709 13.1279 13.1934 11.5709 11.6917 13.1934 13.295 13.1279 13.1934 14.2893 14.345 13.1934 13.295 14.345 14.4309 14.2353 14.2555 14.9367 14.9543 14.2555 14.2893 14.9543 14.9841 14.9367 14.9543 15.1703 15.1869 14.9543 14.9841 15.1869 15.2153 14.2893 14.345 14.9841 15.0332 14.345 14.4309 15.0332 15.109 14.9841 15.0332 15.2153 15.2622 15.0332 15.109 15.2622 15.3345 11.6917 11.8601 13.295 13.4362 11.8601 12.0565 13.4362 13.6038 13.295 13.4362 14.4309 14.5503 13.4362 13.6038 14.5503 14.6941 12.0565 12.231 13.6038 13.7625 12.231 12.3191 13.7625 13.8643 13.6038 13.7625 14.6941 14.8363 13.7625 13.8643 14.8363 14.94 14.4309 14.5503 15.109 15.2148 14.5503 14.6941 15.2148 15.3437 15.109 15.2148 15.3345 15.4357 15.2148 15.3437 15.4357 15.5596 14.6941 14.8363 15.3437 15.4746 14.8363 14.94 15.4746 15.5769 15.3437 15.4746 15.5596 15.6866 15.4746 15.5769 15.6866 15.788 6.23944e-10 3.20647e-08 4.1586 3.97943 3.20647e-08 5.24461e-08 3.97943 3.75062 4.1586 3.97943 7.55597 7.37473 3.97943 3.75062 7.37473 7.09138 5.24461e-08 5.81047e-08 3.75062 3.56079 5.81047e-08 5.27882e-08 3.56079 3.45111 3.75062 3.56079 7.09138 6.816 3.56079 3.45111 6.816 6.62146 7.55597 7.37473 10.2457 10.1348 7.37473 7.09138 10.1348 9.90124 10.2457 10.1348 12.3191 12.2802 10.1348 9.90124 12.2802 12.1279 7.09138 6.816 9.90124 9.6341 6.816 6.62146 9.6341 9.41097 9.90124 9.6341 12.1279 11.92 9.6341 9.41097 11.92 11.7195 5.27882e-08 4.2707e-08 3.45111 3.41415 4.2707e-08 3.24804e-08 3.41415 3.42087 3.45111 3.41415 6.62146 6.5213 3.41415 3.42087 6.5213 6.49128 3.24804e-08 2.41321e-08 3.42087 3.44417 2.41321e-08 1.79127e-08 3.44417 3.46835 3.42087 3.44417 6.49128 6.49865 3.44417 3.46835 6.49865 6.5192 6.62146 6.5213 9.41097 9.26481 6.5213 6.49128 9.26481 9.18964 9.41097 9.26481 11.7195 11.5642 9.26481 9.18964 11.5642 11.4626 6.49128 6.49865 9.18964 9.16229 6.49865 6.5192 9.16229 9.16002 9.18964 9.16229 11.4626 11.4049 9.16229 9.16002 11.4049 11.3761 12.3191 12.2802 13.8643 13.8737 12.2802 12.1279 13.8737 13.791 13.8643 13.8737 14.94 14.9757 13.8737 13.791 14.9757 14.9386 12.1279 11.92 13.791 13.65 11.92 11.7195 13.65 13.4948 13.791 13.65 14.9386 14.8485 13.65 13.4948 14.8485 14.7359 14.94 14.9757 15.5769 15.6248 14.9757 14.9386 15.6248 15.6117 15.5769 15.6248 15.788 15.8394 15.6248 15.6117 15.8394 15.8338 14.9386 14.8485 15.6117 15.5512 14.8485 14.7359 15.5512 15.4659 15.6117 15.5512 15.8338 15.7826 15.5512 15.4659 15.7826 15.7065 11.7195 11.5642 13.4948 13.3582 11.5642 11.4626 13.3582 13.2543 13.4948 13.3582 14.7359 14.6262 13.3582 13.2543 14.6262 14.5334 11.4626 11.4049 13.2543 13.1825 11.4049 11.3761 13.1825 13.1356 13.2543 13.1825 14.5334 14.4612 13.1825 13.1356 14.4612 14.4074 14.7359 14.6262 15.4659 15.3765 14.6262 14.5334 15.3765 15.2956 15.4659 15.3765 15.7065 15.6244 15.3765 15.2956 15.6244 15.5482 14.5334 14.4612 15.2956 15.228 14.4612 14.4074 15.228 15.1737 15.2956 15.228 15.5482 15.4831 15.228 15.1737 15.4831 15.4294 1.79127e-08 1.33748e-08 3.46835 3.48787 1.33748e-08 1.00046e-08 3.48787 3.50248 3.46835 3.48787 6.5192 6.5406 3.48787 3.50248 6.5406 6.55876 1.00046e-08 7.42344e-09 3.50248 3.51341 7.42344e-09 5.38742e-09 3.51341 3.52168 3.50248 3.51341 6.55876 6.57324 3.51341 3.52168 6.57324 6.58441 6.5192 6.5406 9.16002 9.1678 6.5406 6.55876 9.1678 9.17809 9.16002 9.1678 11.3761 11.3635 9.1678 9.17809 11.3635 11.3589 6.55876 6.57324 9.17809 9.18787 6.57324 6.58441 9.18787 9.19595 9.17809 9.18787 11.3589 11.3578 9.18787 9.19595 11.3578 11.3579 5.38742e-09 3.74087e-09 3.52168 3.52742 3.74087e-09 2.37949e-09 3.52742 3.52962 3.52168 3.52742 6.58441 6.59203 3.52742 3.52962 6.59203 6.59449 2.37949e-09 1.21845e-09 3.52962 3.52569 1.21845e-09 0 3.52569 3.5116 3.52962 3.52569 6.59449 6.58882 3.52569 3.5116 6.58882 6.57943 6.58441 6.59203 9.19595 9.20123 6.59203 6.59449 9.20123 9.20188 9.19595 9.20123 11.3579 11.3573 9.20123 9.20188 11.3573 11.354 6.59449 6.58882 9.20188 9.19585 6.58882 6.57943 9.19585 9.19016 9.20188 9.19585 11.354 11.3468 9.19585 9.19016 11.3468 11.3416 11.3761 11.3635 13.1356 13.1055 11.3635 11.3589 13.1055 13.086 13.1356 13.1055 14.4074 14.3676 13.1055 13.086 14.3676 14.3378 11.3589 11.3578 13.086 13.0727 11.3578 11.3579 13.0727 13.0629 13.086 13.0727 14.3378 14.3149 13.0727 13.0629 14.3149 14.2968 14.4074 14.3676 15.1737 15.1305 14.3676 14.3378 15.1305 15.0958 15.1737 15.1305 15.4294 15.3855 15.1305 15.0958 15.3855 15.3496 14.3378 14.3149 15.0958 15.0676 14.3149 14.2968 15.0676 15.0443 15.0958 15.0676 15.3496 15.3197 15.0676 15.0443 15.3197 15.2947 11.3579 11.3573 13.0629 13.0547 11.3573 11.354 13.0547 13.0461 13.0629 13.0547 14.2968 14.2816 13.0547 13.0461 14.2816 14.2681 11.354 11.3468 13.0461 13.0365 11.3468 11.3416 13.0365 13.0293 13.0461 13.0365 14.2681 14.2555 13.0365 13.0293 14.2555 14.2453 14.2968 14.2816 15.0443 15.0246 14.2816 14.2681 15.0246 15.0077 15.0443 15.0246 15.2947 15.2736 15.0246 15.0077 15.2736 15.2554 14.2681 14.2555 15.0077 14.9928 14.2555 14.2453 14.9928 14.98 15.0077 14.9928 15.2554 15.2397 14.9928 14.98 15.2397 15.2258 15.15 15.1496 14.9133 14.913 15.1496 15.1487 14.913 14.9125 14.9133 14.913 14.2031 14.2034 14.913 14.9125 14.2034 14.2036 15.1487 15.1483 14.9125 14.9124 15.1483 15.149 14.9124 14.9134 14.9125 14.9124 14.2036 14.2044 14.9124 14.9134 14.2044 14.2063 14.2031 14.2034 13.0195 13.0204 14.2034 14.2036 13.0204 13.0216 13.0195 13.0204 11.3625 11.3638 13.0204 13.0216 11.3638 11.3658 14.2036 14.2044 13.0216 13.0237 14.2044 14.2063 13.0237 13.0272 13.0216 13.0237 11.3658 11.3696 13.0237 13.0272 11.3696 11.3751 15.149 15.151 14.9134 14.9157 15.151 15.1546 14.9157 14.9198 14.9134 14.9157 14.2063 14.2098 14.9157 14.9198 14.2098 14.215 15.1546 15.1605 14.9198 14.9262 15.1605 15.1703 14.9262 14.9367 14.9198 14.9262 14.215 14.223 14.9262 14.9367 14.223 14.2353 14.2063 14.2098 13.0272 13.0323 14.2098 14.215 13.0323 13.0395 13.0272 13.0323 11.3751 11.3824 13.0323 13.0395 11.3824 11.3916 14.215 14.223 13.0395 13.0495 14.223 14.2353 13.0495 13.0644 13.0395 13.0495 11.3916 11.4037 13.0495 13.0644 11.4037 11.421 11.3625 11.3638 9.23203 9.23275 11.3638 11.3658 9.23275 9.23567 9.23203 9.23275 6.62813 6.62682 9.23275 9.23567 6.62682 6.63135 11.3658 11.3696 9.23567 9.24149 11.3696 11.3751 9.24149 9.2491 9.23567 9.24149 6.63135 6.63881 9.24149 9.2491 6.63881 6.64728 6.62813 6.62682 3.55078 3.54802 6.62682 6.63135 3.54802 3.55334 3.55078 3.54802 0 -1.19959e-09 3.54802 3.55334 -1.19959e-09 -2.37768e-09 6.63135 6.63881 3.55334 3.55967 6.63881 6.64728 3.55967 3.56604 3.55334 3.55967 -2.37768e-09 -3.75073e-09 3.55967 3.56604 -3.75073e-09 -5.40057e-09 11.3751 11.3824 9.2491 9.25809 11.3824 11.3916 9.25809 9.26871 9.2491 9.25809 6.64728 6.65643 9.25809 9.26871 6.65643 6.66662 11.3916 11.4037 9.26871 9.28196 11.4037 11.421 9.28196 9.30033 9.26871 9.28196 6.66662 6.67886 9.28196 9.30033 6.67886 6.6956 6.64728 6.65643 3.56604 3.57246 6.65643 6.66662 3.57246 3.57934 3.56604 3.57246 -5.40057e-09 -7.43266e-09 3.57246 3.57934 -7.43266e-09 -1.0003e-08 6.66662 6.67886 3.57934 3.58741 6.67886 6.6956 3.58741 3.59843 3.57934 3.58741 -1.0003e-08 -1.33542e-08 3.58741 3.59843 -1.33542e-08 -1.78615e-08 15.1703 15.1869 14.9367 14.9543 15.1869 15.2153 14.9543 14.9841 14.9367 14.9543 14.2353 14.2555 14.9543 14.9841 14.2555 14.2893 15.2153 15.2622 14.9841 15.0332 15.2622 15.3345 15.0332 15.109 14.9841 15.0332 14.2893 14.345 15.0332 15.109 14.345 14.4309 14.2353 14.2555 13.0644 13.0882 14.2555 14.2893 13.0882 13.1279 13.0644 13.0882 11.421 11.4483 13.0882 13.1279 11.4483 11.4941 14.2893 14.345 13.1279 13.1934 14.345 14.4309 13.1934 13.295 13.1279 13.1934 11.4941 11.5709 13.1934 13.295 11.5709 11.6917 15.3345 15.4357 15.109 15.2148 15.4357 15.5596 15.2148 15.3437 15.109 15.2148 14.4309 14.5503 15.2148 15.3437 14.5503 14.6941 15.5596 15.6866 15.3437 15.4746 15.6866 15.788 15.4746 15.5769 15.3437 15.4746 14.6941 14.8363 15.4746 15.5769 14.8363 14.94 14.4309 14.5503 13.295 13.4362 14.5503 14.6941 13.4362 13.6038 13.295 13.4362 11.6917 11.8601 13.4362 13.6038 11.8601 12.0565 14.6941 14.8363 13.6038 13.7625 14.8363 14.94 13.7625 13.8643 13.6038 13.7625 12.0565 12.231 13.7625 13.8643 12.231 12.3191 11.421 11.4483 9.30033 9.3293 11.4483 11.4941 9.3293 9.37914 9.30033 9.3293 6.6956 6.72245 9.3293 9.37914 6.72245 6.77049 11.4941 11.5709 9.37914 9.46527 11.5709 11.6917 9.46527 9.60351 9.37914 9.46527 6.77049 6.85676 9.46527 9.60351 6.85676 6.99842 6.6956 6.72245 3.59843 3.61665 6.72245 6.77049 3.61665 3.65085 3.59843 3.61665 -1.78615e-08 -2.40322e-08 3.61665 3.65085 -2.40322e-08 -3.23032e-08 6.77049 6.85676 3.65085 3.71475 6.85676 6.99842 3.71475 3.82168 3.65085 3.71475 -3.23032e-08 -4.24095e-08 3.71475 3.82168 -4.24095e-08 -5.23134e-08 11.6917 11.8601 9.60351 9.79682 11.8601 12.0565 9.79682 10.0164 9.60351 9.79682 6.99842 7.19629 9.79682 10.0164 7.19629 7.41198 12.0565 12.231 10.0164 10.1934 12.231 12.3191 10.1934 10.2457 10.0164 10.1934 7.41198 7.56149 10.1934 10.2457 7.56149 7.55597 6.99842 7.19629 3.82168 3.96984 7.19629 7.41198 3.96984 4.12289 3.82168 3.96984 -5.23134e-08 -5.73963e-08 3.96984 4.12289 -5.73963e-08 -5.14825e-08 7.41198 7.56149 4.12289 4.20794 7.56149 7.55597 4.20794 4.1586 4.12289 4.20794 -5.14825e-08 -3.0896e-08 4.20794 4.1586 -3.0896e-08 6.23944e-10 15.788 15.8394 15.5769 15.6248 15.8394 15.8338 15.6248 15.6117 15.5769 15.6248 14.94 14.9757 15.6248 15.6117 14.9757 14.9386 15.8338 15.7826 15.6117 15.5512 15.7826 15.7065 15.5512 15.4659 15.6117 15.5512 14.9386 14.8485 15.5512 15.4659 14.8485 14.7359 14.94 14.9757 13.8643 13.8737 14.9757 14.9386 13.8737 13.791 13.8643 13.8737 12.3191 12.2802 13.8737 13.791 12.2802 12.1279 14.9386 14.8485 13.791 13.65 14.8485 14.7359 13.65 13.4948 13.791 13.65 12.1279 11.92 13.65 13.4948 11.92 11.7195 15.7065 15.6244 15.4659 15.3765 15.6244 15.5482 15.3765 15.2956 15.4659 15.3765 14.7359 14.6262 15.3765 15.2956 14.6262 14.5334 15.5482 15.4831 15.2956 15.228 15.4831 15.4294 15.228 15.1737 15.2956 15.228 14.5334 14.4612 15.228 15.1737 14.4612 14.4074 14.7359 14.6262 13.4948 13.3582 14.6262 14.5334 13.3582 13.2543 13.4948 13.3582 11.7195 11.5642 13.3582 13.2543 11.5642 11.4626 14.5334 14.4612 13.2543 13.1825 14.4612 14.4074 13.1825 13.1356 13.2543 13.1825 11.4626 11.4049 13.1825 13.1356 11.4049 11.3761 12.3191 12.2802 10.2457 10.1348 12.2802 12.1279 10.1348 9.90124 10.2457 10.1348 7.55597 7.37473 10.1348 9.90124 7.37473 7.09138 12.1279 11.92 9.90124 9.6341 11.92 11.7195 9.6341 9.41097 9.90124 9.6341 7.09138 6.816 9.6341 9.41097 6.816 6.62146 7.55597 7.37473 4.1586 3.97943 7.37473 7.09138 3.97943 3.75062 4.1586 3.97943 6.23944e-10 3.20647e-08 3.97943 3.75062 3.20647e-08 5.24461e-08 7.09138 6.816 3.75062 3.56079 6.816 6.62146 3.56079 3.45111 3.75062 3.56079 5.24461e-08 5.81047e-08 3.56079 3.45111 5.81047e-08 5.27882e-08 11.7195 11.5642 9.41097 9.26481 11.5642 11.4626 9.26481 9.18964 9.41097 9.26481 6.62146 6.5213 9.26481 9.18964 6.5213 6.49128 11.4626 11.4049 9.18964 9.16229 11.4049 11.3761 9.16229 9.16002 9.18964 9.16229 6.49128 6.49865 9.16229 9.16002 6.49865 6.5192 6.62146 6.5213 3.45111 3.41415 6.5213 6.49128 3.41415 3.42087 3.45111 3.41415 5.27882e-08 4.2707e-08 3.41415 3.42087 4.2707e-08 3.24804e-08 6.49128 6.49865 3.42087 3.44417 6.49865 6.5192 3.44417 3.46835 3.42087 3.44417 3.24804e-08 2.41321e-08 3.44417 3.46835 2.41321e-08 1.79127e-08 15.4294 15.3855 15.1737 15.1305 15.3855 15.3496 15.1305 15.0958 15.1737 15.1305 14.4074 14.3676 15.1305 15.0958 14.3676 14.3378 15.3496 15.3197 15.0958 15.0676 15.3197 15.2947 15.0676 15.0443 15.0958 15.0676 14.3378 14.3149 15.0676 15.0443 14.3149 14.2968 14.4074 14.3676 13.1356 13.1055 14.3676 14.3378 13.1055 13.086 13.1356 13.1055 11.3761 11.3635 13.1055 13.086 11.3635 11.3589 14.3378 14.3149 13.086 13.0727 14.3149 14.2968 13.0727 13.0629 13.086 13.0727 11.3589 11.3578 13.0727 13.0629 11.3578 11.3579 15.2947 15.2736 15.0443 15.0246 15.2736 15.2554 15.0246 15.0077 15.0443 15.0246 14.2968 14.2816 15.0246 15.0077 14.2816 14.2681 15.2554 15.2397 15.0077 14.9928 15.2397 15.2258 14.9928 14.98 15.0077 14.9928 14.2681 14.2555 14.9928 14.98 14.2555 14.2453 14.2968 14.2816 13.0629 13.0547 14.2816 14.2681 13.0547 13.0461 13.0629 13.0547 11.3579 11.3573 13.0547 13.0461 11.3573 11.354 14.2681 14.2555 13.0461 13.0365 14.2555 14.2453 13.0365 13.0293 13.0461 13.0365 11.354 11.3468 13.0365 13.0293 11.3468 11.3416 11.3761 11.3635 9.16002 9.1678 11.3635 11.3589 9.1678 9.17809 9.16002 9.1678 6.5192 6.5406 9.1678 9.17809 6.5406 6.55876 11.3589 11.3578 9.17809 9.18787 11.3578 11.3579 9.18787 9.19595 9.17809 9.18787 6.55876 6.57324 9.18787 9.19595 6.57324 6.58441 6.5192 6.5406 3.46835 3.48787 6.5406 6.55876 3.48787 3.50248 3.46835 3.48787 1.79127e-08 1.33748e-08 3.48787 3.50248 1.33748e-08 1.00046e-08 6.55876 6.57324 3.50248 3.51341 6.57324 6.58441 3.51341 3.52168 3.50248 3.51341 1.00046e-08 7.42344e-09 3.51341 3.52168 7.42344e-09 5.38742e-09 11.3579 11.3573 9.19595 9.20123 11.3573 11.354 9.20123 9.20188 9.19595 9.20123 6.58441 6.59203 9.20123 9.20188 6.59203 6.59449 11.354 11.3468 9.20188 9.19585 11.3468 11.3416 9.19585 9.19016 9.20188 9.19585 6.59449 6.58882 9.19585 9.19016 6.58882 6.57943 6.58441 6.59203 3.52168 3.52742 6.59203 6.59449 3.52742 3.52962 3.52168 3.52742 5.38742e-09 3.74087e-09 3.52742 3.52962 3.74087e-09 2.37949e-09 6.59449 6.58882 3.52962 3.52569 6.58882 6.57943 3.52569 3.5116 3.52962 3.52569 2.37949e-09 1.21845e-09 3.52569 3.5116 1.21845e-09 0 0 -1.19959e-09 0 -1.03626e-09 -1.19959e-09 -2.37768e-09 -1.03626e-09 -2.23569e-09 0 -1.03626e-09 0 -8.94616e-10 -1.03626e-09 -2.23569e-09 -8.94616e-10 -2.03438e-09 -2.37768e-09 -3.75073e-09 -2.23569e-09 -3.5791e-09 -3.75073e-09 -5.40057e-09 -3.5791e-09 -5.17243e-09 -2.23569e-09 -3.5791e-09 -2.03438e-09 -3.30111e-09 -3.5791e-09 -5.17243e-09 -3.30111e-09 -4.79068e-09 0 -8.94616e-10 0 -7.7012e-10 -8.94616e-10 -2.03438e-09 -7.7012e-10 -1.7832e-09 0 -7.7012e-10 0 -6.44858e-10 -7.7012e-10 -1.7832e-09 -6.44858e-10 -1.49169e-09 -2.03438e-09 -3.30111e-09 -1.7832e-09 -2.92726e-09 -3.30111e-09 -4.79068e-09 -2.92726e-09 -4.26553e-09 -1.7832e-09 -2.92726e-09 -1.49169e-09 -2.46807e-09 -2.92726e-09 -4.26553e-09 -2.46807e-09 -3.61002e-09 -5.40057e-09 -7.43266e-09 -5.17243e-09 -7.12898e-09 -7.43266e-09 -1.0003e-08 -7.12898e-09 -9.59679e-09 -5.17243e-09 -7.12898e-09 -4.79068e-09 -6.6092e-09 -7.12898e-09 -9.59679e-09 -6.6092e-09 -8.88521e-09 -1.0003e-08 -1.33542e-08 -9.59679e-09 -1.27843e-08 -1.33542e-08 -1.78615e-08 -1.27843e-08 -1.69758e-08 -9.59679e-09 -1.27843e-08 -8.88521e-09 -1.17812e-08 -1.27843e-08 -1.69758e-08 -1.17812e-08 -1.5491e-08 -4.79068e-09 -6.6092e-09 -4.26553e-09 -5.88803e-09 -6.6092e-09 -8.88521e-09 -5.88803e-09 -7.89731e-09 -4.26553e-09 -5.88803e-09 -3.61002e-09 -4.98486e-09 -5.88803e-09 -7.89731e-09 -4.98486e-09 -6.66728e-09 -8.88521e-09 -1.17812e-08 -7.89731e-09 -1.04081e-08 -1.17812e-08 -1.5491e-08 -1.04081e-08 -1.35363e-08 -7.89731e-09 -1.04081e-08 -6.66728e-09 -8.72897e-09 -1.04081e-08 -1.35363e-08 -8.72897e-09 -1.12249e-08 0 -6.44858e-10 0 -5.10452e-10 -6.44858e-10 -1.49169e-09 -5.10452e-10 -1.16321e-09 0 -5.10452e-10 0 -3.61883e-10 -5.10452e-10 -1.16321e-09 -3.61883e-10 -8.00643e-10 -1.49169e-09 -2.46807e-09 -1.16321e-09 -1.93418e-09 -2.46807e-09 -3.61002e-09 -1.93418e-09 -2.83916e-09 -1.16321e-09 -1.93418e-09 -8.00643e-10 -1.33665e-09 -1.93418e-09 -2.83916e-09 -1.33665e-09 -1.96914e-09 0 -3.61883e-10 0 -1.93416e-10 -3.61883e-10 -8.00643e-10 -1.93416e-10 -4.09689e-10 0 -1.93416e-10 0 0 -1.93416e-10 -4.09689e-10 0 0 -8.00643e-10 -1.33665e-09 -4.09689e-10 -6.87467e-10 -1.33665e-09 -1.96914e-09 -6.87467e-10 -1.01693e-09 -4.09689e-10 -6.87467e-10 0 0 -6.87467e-10 -1.01693e-09 0 0 -3.61002e-09 -4.98486e-09 -2.83916e-09 -3.92166e-09 -4.98486e-09 -6.66728e-09 -3.92166e-09 -5.23046e-09 -2.83916e-09 -3.92166e-09 -1.96914e-09 -2.72135e-09 -3.92166e-09 -5.23046e-09 -2.72135e-09 -3.62064e-09 -6.66728e-09 -8.72897e-09 -5.23046e-09 -6.80278e-09 -8.72897e-09 -1.12249e-08 -6.80278e-09 -8.6512e-09 -5.23046e-09 -6.80278e-09 -3.62064e-09 -4.68047e-09 -6.80278e-09 -8.6512e-09 -4.68047e-09 -5.88971e-09 -1.96914e-09 -2.72135e-09 -1.01693e-09 -1.40672e-09 -2.72135e-09 -3.62064e-09 -1.40672e-09 -1.86831e-09 -1.01693e-09 -1.40672e-09 0 0 -1.40672e-09 -1.86831e-09 0 0 -3.62064e-09 -4.68047e-09 -1.86831e-09 -2.40289e-09 -4.68047e-09 -5.88971e-09 -2.40289e-09 -2.99466e-09 -1.86831e-09 -2.40289e-09 0 0 -2.40289e-09 -2.99466e-09 0 0 -1.78615e-08 -2.40322e-08 -1.69758e-08 -2.24894e-08 -2.40322e-08 -3.23032e-08 -2.24894e-08 -2.94649e-08 -1.69758e-08 -2.24894e-08 -1.5491e-08 -2.01889e-08 -2.24894e-08 -2.94649e-08 -2.01889e-08 -2.58572e-08 -3.23032e-08 -4.24095e-08 -2.94649e-08 -3.73691e-08 -4.24095e-08 -5.23134e-08 -3.73691e-08 -4.43237e-08 -2.94649e-08 -3.73691e-08 -2.58572e-08 -3.19293e-08 -3.73691e-08 -4.43237e-08 -3.19293e-08 -3.68482e-08 -1.5491e-08 -2.01889e-08 -1.35363e-08 -1.73567e-08 -2.01889e-08 -2.58572e-08 -1.73567e-08 -2.17848e-08 -1.35363e-08 -1.73567e-08 -1.12249e-08 -1.41668e-08 -1.73567e-08 -2.17848e-08 -1.41668e-08 -1.74558e-08 -2.58572e-08 -3.19293e-08 -2.17848e-08 -2.63336e-08 -3.19293e-08 -3.68482e-08 -2.63336e-08 -2.98027e-08 -2.17848e-08 -2.63336e-08 -1.74558e-08 -2.0727e-08 -2.63336e-08 -2.98027e-08 -2.0727e-08 -2.31196e-08 -5.23134e-08 -5.73963e-08 -4.43237e-08 -4.6827e-08 -5.73963e-08 -5.14825e-08 -4.6827e-08 -4.07384e-08 -4.43237e-08 -4.6827e-08 -3.68482e-08 -3.79648e-08 -4.6827e-08 -4.07384e-08 -3.79648e-08 -3.23608e-08 -5.14825e-08 -3.0896e-08 -4.07384e-08 -2.39657e-08 -3.0896e-08 6.23944e-10 -2.39657e-08 5.25952e-10 -4.07384e-08 -2.39657e-08 -3.23608e-08 -1.87743e-08 -2.39657e-08 5.25952e-10 -1.87743e-08 4.34084e-10 -3.68482e-08 -3.79648e-08 -2.98027e-08 -3.0209e-08 -3.79648e-08 -3.23608e-08 -3.0209e-08 -2.54238e-08 -2.98027e-08 -3.0209e-08 -2.31196e-08 -2.31926e-08 -3.0209e-08 -2.54238e-08 -2.31926e-08 -1.93809e-08 -3.23608e-08 -1.87743e-08 -2.54238e-08 -1.46214e-08 -1.87743e-08 4.34084e-10 -1.46214e-08 3.4869e-10 -2.54238e-08 -1.46214e-08 -1.93809e-08 -1.10952e-08 -1.46214e-08 3.4869e-10 -1.10952e-08 2.6936e-10 -1.12249e-08 -1.41668e-08 -8.6512e-09 -1.07521e-08 -1.41668e-08 -1.74558e-08 -1.07521e-08 -1.30182e-08 -8.6512e-09 -1.07521e-08 -5.88971e-09 -7.21112e-09 -1.07521e-08 -1.30182e-08 -7.21112e-09 -8.57993e-09 -1.74558e-08 -2.0727e-08 -1.30182e-08 -1.52101e-08 -2.0727e-08 -2.31196e-08 -1.52101e-08 -1.67671e-08 -1.30182e-08 -1.52101e-08 -8.57993e-09 -9.8644e-09 -1.52101e-08 -1.67671e-08 -9.8644e-09 -1.0754e-08 -5.88971e-09 -7.21112e-09 -2.99466e-09 -3.61299e-09 -7.21112e-09 -8.57993e-09 -3.61299e-09 -4.22082e-09 -2.99466e-09 -3.61299e-09 0 0 -3.61299e-09 -4.22082e-09 0 0 -8.57993e-09 -9.8644e-09 -4.22082e-09 -4.76702e-09 -9.8644e-09 -1.0754e-08 -4.76702e-09 -5.13242e-09 -4.22082e-09 -4.76702e-09 0 0 -4.76702e-09 -5.13242e-09 0 0 -2.31196e-08 -2.31926e-08 -1.67671e-08 -1.6706e-08 -2.31926e-08 -1.93809e-08 -1.6706e-08 -1.39145e-08 -1.67671e-08 -1.6706e-08 -1.0754e-08 -1.06599e-08 -1.6706e-08 -1.39145e-08 -1.06599e-08 -8.86959e-09 -1.93809e-08 -1.10952e-08 -1.39145e-08 -7.95328e-09 -1.10952e-08 2.6936e-10 -7.95328e-09 1.95431e-10 -1.39145e-08 -7.95328e-09 -8.86959e-09 -5.07182e-09 -7.95328e-09 1.95431e-10 -5.07182e-09 1.26229e-10 -1.0754e-08 -1.06599e-08 -5.13242e-09 -5.0613e-09 -1.06599e-08 -8.86959e-09 -5.0613e-09 -4.21179e-09 -5.13242e-09 -5.0613e-09 0 0 -5.0613e-09 -4.21179e-09 0 0 -8.86959e-09 -5.07182e-09 -4.21179e-09 -2.41243e-09 -5.07182e-09 1.26229e-10 -2.41243e-09 6.12071e-11 -4.21179e-09 -2.41243e-09 0 0 -2.41243e-09 6.12071e-11 0 0 6.23944e-10 3.20647e-08 5.25952e-10 2.49519e-08 3.20647e-08 5.24461e-08 2.49519e-08 4.15563e-08 5.25952e-10 2.49519e-08 4.34084e-10 1.95899e-08 2.49519e-08 4.15563e-08 1.95899e-08 3.30421e-08 5.24461e-08 5.81047e-08 4.15563e-08 4.74373e-08 5.81047e-08 5.27882e-08 4.74373e-08 4.47427e-08 4.15563e-08 4.74373e-08 3.30421e-08 3.84803e-08 4.74373e-08 4.47427e-08 3.84803e-08 3.72088e-08 4.34084e-10 1.95899e-08 3.4869e-10 1.52781e-08 1.95899e-08 3.30421e-08 1.52781e-08 2.59763e-08 3.4869e-10 1.52781e-08 2.6936e-10 1.16036e-08 1.52781e-08 2.59763e-08 1.16036e-08 1.98112e-08 3.30421e-08 3.84803e-08 2.59763e-08 3.0632e-08 3.84803e-08 3.72088e-08 3.0632e-08 3.0103e-08 2.59763e-08 3.0632e-08 1.98112e-08 2.35252e-08 3.0632e-08 3.0103e-08 2.35252e-08 2.33586e-08 5.27882e-08 4.2707e-08 4.47427e-08 3.76387e-08 4.2707e-08 3.24804e-08 3.76387e-08 2.96291e-08 4.47427e-08 3.76387e-08 3.72088e-08 3.21661e-08 3.76387e-08 2.96291e-08 3.21661e-08 2.60038e-08 3.24804e-08 2.41321e-08 2.96291e-08 2.25834e-08 2.41321e-08 1.79127e-08 2.25834e-08 1.70243e-08 2.96291e-08 2.25834e-08 2.60038e-08 2.02735e-08 2.25834e-08 1.70243e-08 2.02735e-08 1.55346e-08 3.72088e-08 3.21661e-08 3.0103e-08 2.65338e-08 3.21661e-08 2.60038e-08 2.65338e-08 2.19101e-08 3.0103e-08 2.65338e-08 2.33586e-08 2.0888e-08 2.65338e-08 2.19101e-08 2.0888e-08 1.75573e-08 2.60038e-08 2.02735e-08 2.19101e-08 1.74293e-08 2.02735e-08 1.55346e-08 1.74293e-08 1.35734e-08 2.19101e-08 1.74293e-08 1.75573e-08 1.42255e-08 1.74293e-08 1.35734e-08 1.42255e-08 1.12543e-08 2.6936e-10 1.16036e-08 1.95431e-10 8.32276e-09 1.16036e-08 1.98112e-08 8.32276e-09 1.42288e-08 1.95431e-10 8.32276e-09 1.26229e-10 5.31073e-09 8.32276e-09 1.42288e-08 5.31073e-09 9.07351e-09 1.98112e-08 2.35252e-08 1.42288e-08 1.69508e-08 2.35252e-08 2.33586e-08 1.69508e-08 1.69445e-08 1.42288e-08 1.69508e-08 9.07351e-09 1.08195e-08 1.69508e-08 1.69445e-08 1.08195e-08 1.08705e-08 1.26229e-10 5.31073e-09 6.12071e-11 2.52831e-09 5.31073e-09 9.07351e-09 2.52831e-09 4.31085e-09 6.12071e-11 2.52831e-09 0 0 2.52831e-09 4.31085e-09 0 0 9.07351e-09 1.08195e-08 4.31085e-09 5.13912e-09 1.08195e-08 1.08705e-08 5.13912e-09 5.18949e-09 4.31085e-09 5.13912e-09 0 0 5.13912e-09 5.18949e-09 0 0 2.33586e-08 2.0888e-08 1.69445e-08 1.53306e-08 2.0888e-08 1.75573e-08 1.53306e-08 1.30945e-08 1.69445e-08 1.53306e-08 1.08705e-08 9.94394e-09 1.53306e-08 1.30945e-08 9.94394e-09 8.63027e-09 1.75573e-08 1.42255e-08 1.30945e-08 1.07959e-08 1.42255e-08 1.12543e-08 1.07959e-08 8.67252e-09 1.30945e-08 1.07959e-08 8.63027e-09 7.23968e-09 1.07959e-08 8.67252e-09 7.23968e-09 5.90298e-09 1.08705e-08 9.94394e-09 5.18949e-09 4.80617e-09 9.94394e-09 8.63027e-09 4.80617e-09 4.24552e-09 5.18949e-09 4.80617e-09 0 0 4.80617e-09 4.24552e-09 0 0 8.63027e-09 7.23968e-09 4.24552e-09 3.62671e-09 7.23968e-09 5.90298e-09 3.62671e-09 3.0006e-09 4.24552e-09 3.62671e-09 0 0 3.62671e-09 3.0006e-09 0 0 1.79127e-08 1.33748e-08 1.70243e-08 1.28038e-08 1.33748e-08 1.00046e-08 1.28038e-08 9.59838e-09 1.70243e-08 1.28038e-08 1.55346e-08 1.17984e-08 1.28038e-08 9.59838e-09 1.17984e-08 8.88601e-09 1.00046e-08 7.42344e-09 9.59838e-09 7.12032e-09 7.42344e-09 5.38742e-09 7.12032e-09 5.15954e-09 9.59838e-09 7.12032e-09 8.88601e-09 6.60041e-09 7.12032e-09 5.15954e-09 6.60041e-09 4.77715e-09 1.55346e-08 1.17984e-08 1.35734e-08 1.04221e-08 1.17984e-08 8.88601e-09 1.04221e-08 7.89683e-09 1.35734e-08 1.04221e-08 1.12543e-08 8.73922e-09 1.04221e-08 7.89683e-09 8.73922e-09 6.66543e-09 8.88601e-09 6.60041e-09 7.89683e-09 5.87884e-09 6.60041e-09 4.77715e-09 5.87884e-09 4.25123e-09 7.89683e-09 5.87884e-09 6.66543e-09 4.97547e-09 5.87884e-09 4.25123e-09 4.97547e-09 3.59548e-09 5.38742e-09 3.74087e-09 5.15954e-09 3.56726e-09 3.74087e-09 2.37949e-09 3.56726e-09 2.22928e-09 5.15954e-09 3.56726e-09 4.77715e-09 3.28629e-09 3.56726e-09 2.22928e-09 3.28629e-09 2.02037e-09 2.37949e-09 1.21845e-09 2.22928e-09 1.03497e-09 1.21845e-09 0 1.03497e-09 0 2.22928e-09 1.03497e-09 2.02037e-09 8.81155e-10 1.03497e-09 0 8.81155e-10 0 4.77715e-09 3.28629e-09 4.25123e-09 2.9097e-09 3.28629e-09 2.02037e-09 2.9097e-09 1.76323e-09 4.25123e-09 2.9097e-09 3.59548e-09 2.44902e-09 2.9097e-09 1.76323e-09 2.44902e-09 1.46843e-09 2.02037e-09 8.81155e-10 1.76323e-09 7.50732e-10 8.81155e-10 0 7.50732e-10 0 1.76323e-09 7.50732e-10 1.46843e-09 6.22953e-10 7.50732e-10 0 6.22953e-10 0 1.12543e-08 8.73922e-09 8.67252e-09 6.80926e-09 8.73922e-09 6.66543e-09 6.80926e-09 5.22755e-09 8.67252e-09 6.80926e-09 5.90298e-09 4.68363e-09 6.80926e-09 5.22755e-09 4.68363e-09 3.6174e-09 6.66543e-09 4.97547e-09 5.22755e-09 3.9127e-09 4.97547e-09 3.59548e-09 3.9127e-09 2.82552e-09 5.22755e-09 3.9127e-09 3.6174e-09 2.71388e-09 3.9127e-09 2.82552e-09 2.71388e-09 1.95803e-09 5.90298e-09 4.68363e-09 3.0006e-09 2.4037e-09 4.68363e-09 3.6174e-09 2.4037e-09 1.86591e-09 3.0006e-09 2.4037e-09 0 0 2.4037e-09 1.86591e-09 0 0 3.6174e-09 2.71388e-09 1.86591e-09 1.40215e-09 2.71388e-09 1.95803e-09 1.40215e-09 1.01032e-09 1.86591e-09 1.40215e-09 0 0 1.40215e-09 1.01032e-09 0 0 3.59548e-09 2.44902e-09 2.82552e-09 1.91564e-09 2.44902e-09 1.46843e-09 1.91564e-09 1.13977e-09 2.82552e-09 1.91564e-09 1.95803e-09 1.32121e-09 1.91564e-09 1.13977e-09 1.32121e-09 7.80558e-10 1.46843e-09 6.22953e-10 1.13977e-09 4.88445e-10 6.22953e-10 0 4.88445e-10 0 1.13977e-09 4.88445e-10 7.80558e-10 3.42311e-10 4.88445e-10 0 3.42311e-10 0 1.95803e-09 1.32121e-09 1.01032e-09 6.78145e-10 1.32121e-09 7.80558e-10 6.78145e-10 3.97139e-10 1.01032e-09 6.78145e-10 0 0 6.78145e-10 3.97139e-10 0 0 7.80558e-10 3.42311e-10 3.97139e-10 1.80154e-10 3.42311e-10 0 1.80154e-10 0 3.97139e-10 1.80154e-10 0 0 1.80154e-10 0 0 0 
SCALARS y_velo double 1
LOOKUP_TABLE default
0 0 0 -8.41345e-11 0 0 -8.41345e-11 -7.23134e-11 0 -8.41345e-11 0 -1.05628e-10 -8.41345e-11 -7.23134e-11 -1.05628e-10 -6.27037e-11 0 0 -7.23134e-11 -7.09754e-11 0 0 -7.09754e-11 -8.25454e-11 -7.23134e-11 -7.09754e-11 -6.27037e-11 -4.49956e-11 -7.09754e-11 -8.25454e-11 -4.49956e-11 -5.06312e-11 0 -1.05628e-10 0 -5.96701e-11 -1.05628e-10 -6.27037e-11 -5.96701e-11 2.44379e-11 0 -5.96701e-11 0 4.83667e-11 -5.96701e-11 2.44379e-11 4.83667e-11 1.83354e-10 -6.27037e-11 -4.49956e-11 2.44379e-11 6.94455e-11 -4.49956e-11 -5.06312e-11 6.94455e-11 8.62284e-11 2.44379e-11 6.94455e-11 1.83354e-10 2.62423e-10 6.94455e-11 8.62284e-11 2.62423e-10 3.16786e-10 0 0 -8.25454e-11 -1.05941e-10 0 0 -1.05941e-10 -1.4329e-10 -8.25454e-11 -1.05941e-10 -5.06312e-11 -7.45963e-11 -1.05941e-10 -1.4329e-10 -7.45963e-11 -1.22134e-10 0 0 -1.4329e-10 -1.95888e-10 0 0 -1.95888e-10 -2.5552e-10 -1.4329e-10 -1.95888e-10 -1.22134e-10 -1.98767e-10 -1.95888e-10 -2.5552e-10 -1.98767e-10 -2.89164e-10 -5.06312e-11 -7.45963e-11 8.62284e-11 8.48302e-11 -7.45963e-11 -1.22134e-10 8.48302e-11 5.69723e-11 8.62284e-11 8.48302e-11 3.16786e-10 3.61193e-10 8.48302e-11 5.69723e-11 3.61193e-10 3.85501e-10 -1.22134e-10 -1.98767e-10 5.69723e-11 -7.44935e-12 -1.98767e-10 -2.89164e-10 -7.44935e-12 -8.51719e-11 5.69723e-11 -7.44935e-12 3.85501e-10 3.76976e-10 -7.44935e-12 -8.51719e-11 3.76976e-10 3.69142e-10 0 4.83667e-11 0 2.14512e-10 4.83667e-11 1.83354e-10 2.14512e-10 4.04636e-10 0 2.14512e-10 0 4.37172e-10 2.14512e-10 4.04636e-10 4.37172e-10 6.74383e-10 1.83354e-10 2.62423e-10 4.04636e-10 5.2201e-10 2.62423e-10 3.16786e-10 5.2201e-10 6.2787e-10 4.04636e-10 5.2201e-10 6.74383e-10 8.34376e-10 5.2201e-10 6.2787e-10 8.34376e-10 1.00429e-09 0 4.37172e-10 0 7.12242e-10 4.37172e-10 6.74383e-10 7.12242e-10 9.74039e-10 0 7.12242e-10 0 9.83683e-10 7.12242e-10 9.74039e-10 9.83683e-10 1.28779e-09 6.74383e-10 8.34376e-10 9.74039e-10 1.1842e-09 8.34376e-10 1.00429e-09 1.1842e-09 1.42899e-09 9.74039e-10 1.1842e-09 1.28779e-09 1.55583e-09 1.1842e-09 1.42899e-09 1.55583e-09 1.88316e-09 3.16786e-10 3.61193e-10 6.2787e-10 7.40649e-10 3.61193e-10 3.85501e-10 7.40649e-10 8.50927e-10 6.2787e-10 7.40649e-10 1.00429e-09 1.206e-09 7.40649e-10 8.50927e-10 1.206e-09 1.43489e-09 3.85501e-10 3.76976e-10 8.50927e-10 9.47757e-10 3.76976e-10 3.69142e-10 9.47757e-10 1.07951e-09 8.50927e-10 9.47757e-10 1.43489e-09 1.68897e-09 9.47757e-10 1.07951e-09 1.68897e-09 2.03993e-09 1.00429e-09 1.206e-09 1.42899e-09 1.73621e-09 1.206e-09 1.43489e-09 1.73621e-09 2.11151e-09 1.42899e-09 1.73621e-09 1.88316e-09 2.30598e-09 1.73621e-09 2.11151e-09 2.30598e-09 2.84562e-09 1.43489e-09 1.68897e-09 2.11151e-09 2.57163e-09 1.68897e-09 2.03993e-09 2.57163e-09 3.22608e-09 2.11151e-09 2.57163e-09 2.84562e-09 3.54917e-09 2.57163e-09 3.22608e-09 3.54917e-09 4.5863e-09 0 0 -2.5552e-10 -2.91894e-10 0 0 -2.91894e-10 -2.43435e-10 -2.5552e-10 -2.91894e-10 -2.89164e-10 -3.22304e-10 -2.91894e-10 -2.43435e-10 -3.22304e-10 -1.36991e-10 0 0 -2.43435e-10 -2.74778e-11 0 0 -2.74778e-11 4.17731e-10 -2.43435e-10 -2.74778e-11 -1.36991e-10 5.0856e-10 -2.74778e-11 4.17731e-10 5.0856e-10 1.83249e-09 -2.89164e-10 -3.22304e-10 -8.51719e-11 -5.62497e-11 -3.22304e-10 -1.36991e-10 -5.62497e-11 3.68756e-10 -8.51719e-11 -5.62497e-11 3.69142e-10 5.36565e-10 -5.62497e-11 3.68756e-10 5.36565e-10 1.31668e-09 -1.36991e-10 5.0856e-10 3.68756e-10 1.65372e-09 5.0856e-10 1.83249e-09 1.65372e-09 4.26224e-09 3.68756e-10 1.65372e-09 1.31668e-09 3.44663e-09 1.65372e-09 4.26224e-09 3.44663e-09 7.72052e-09 0 0 4.17731e-10 1.07419e-09 0 0 1.07419e-09 1.81075e-09 4.17731e-10 1.07419e-09 1.83249e-09 3.84095e-09 1.07419e-09 1.81075e-09 3.84095e-09 6.16736e-09 0 0 1.81075e-09 2.40645e-09 0 0 2.40645e-09 2.6378e-09 1.81075e-09 2.40645e-09 6.16736e-09 8.09324e-09 2.40645e-09 2.6378e-09 8.09324e-09 8.85055e-09 1.83249e-09 3.84095e-09 4.26224e-09 8.27889e-09 3.84095e-09 6.16736e-09 8.27889e-09 1.30184e-08 4.26224e-09 8.27889e-09 7.72052e-09 1.43673e-08 8.27889e-09 1.30184e-08 1.43673e-08 2.23184e-08 6.16736e-09 8.09324e-09 1.30184e-08 1.69973e-08 8.09324e-09 8.85055e-09 1.69973e-08 1.85739e-08 1.30184e-08 1.69973e-08 2.23184e-08 2.90652e-08 1.69973e-08 1.85739e-08 2.90652e-08 3.17543e-08 3.69142e-10 5.36565e-10 1.07951e-09 1.48022e-09 5.36565e-10 1.31668e-09 1.48022e-09 2.74779e-09 1.07951e-09 1.48022e-09 2.03993e-09 2.78906e-09 1.48022e-09 2.74779e-09 2.78906e-09 4.70413e-09 1.31668e-09 3.44663e-09 2.74779e-09 5.93111e-09 3.44663e-09 7.72052e-09 5.93111e-09 1.22312e-08 2.74779e-09 5.93111e-09 4.70413e-09 9.17001e-09 5.93111e-09 1.22312e-08 9.17001e-09 1.785e-08 2.03993e-09 2.78906e-09 3.22608e-09 4.46052e-09 2.78906e-09 4.70413e-09 4.46052e-09 7.22819e-09 3.22608e-09 4.46052e-09 4.5863e-09 6.46295e-09 4.46052e-09 7.22819e-09 6.46295e-09 1.03578e-08 4.70413e-09 9.17001e-09 7.22819e-09 1.32614e-08 9.17001e-09 1.785e-08 1.32614e-08 2.46978e-08 7.22819e-09 1.32614e-08 1.03578e-08 1.83594e-08 1.32614e-08 2.46978e-08 1.83594e-08 3.30108e-08 7.72052e-09 1.43673e-08 1.22312e-08 2.20939e-08 1.43673e-08 2.23184e-08 2.20939e-08 3.40213e-08 1.22312e-08 2.20939e-08 1.785e-08 3.14702e-08 2.20939e-08 3.40213e-08 3.14702e-08 4.80746e-08 2.23184e-08 2.90652e-08 3.40213e-08 4.42323e-08 2.90652e-08 3.17543e-08 4.42323e-08 4.83223e-08 3.40213e-08 4.42323e-08 4.80746e-08 6.23941e-08 4.42323e-08 4.83223e-08 6.23941e-08 6.81551e-08 1.785e-08 3.14702e-08 2.46978e-08 4.2559e-08 3.14702e-08 4.80746e-08 4.2559e-08 6.44126e-08 2.46978e-08 4.2559e-08 3.30108e-08 5.55156e-08 4.2559e-08 6.44126e-08 5.55156e-08 8.29376e-08 4.80746e-08 6.23941e-08 6.44126e-08 8.33622e-08 6.23941e-08 6.81551e-08 8.33622e-08 9.10165e-08 6.44126e-08 8.33622e-08 8.29376e-08 1.06787e-07 8.33622e-08 9.10165e-08 1.06787e-07 1.16461e-07 0 0 2.6378e-09 2.40761e-09 0 0 2.40761e-09 1.81359e-09 2.6378e-09 2.40761e-09 8.85055e-09 8.09963e-09 2.40761e-09 1.81359e-09 8.09963e-09 6.1794e-09 0 0 1.81359e-09 1.07924e-09 0 0 1.07924e-09 4.25189e-10 1.81359e-09 1.07924e-09 6.1794e-09 3.85774e-09 1.07924e-09 4.25189e-10 3.85774e-09 1.85343e-09 8.85055e-09 8.09963e-09 1.85739e-08 1.70135e-08 8.09963e-09 6.1794e-09 1.70135e-08 1.30469e-08 1.85739e-08 1.70135e-08 3.17543e-08 2.90964e-08 1.70135e-08 1.30469e-08 2.90964e-08 2.23714e-08 6.1794e-09 3.85774e-09 1.30469e-08 8.31508e-09 3.85774e-09 1.85343e-09 8.31508e-09 4.30344e-09 1.30469e-08 8.31508e-09 2.23714e-08 1.44314e-08 8.31508e-09 4.30344e-09 1.44314e-08 7.78935e-09 0 0 4.25189e-10 -1.77095e-11 0 0 -1.77095e-11 -2.31602e-10 4.25189e-10 -1.77095e-11 1.85343e-09 5.3323e-10 -1.77095e-11 -2.31602e-10 5.3323e-10 -1.09105e-10 0 0 -2.31602e-10 -2.78254e-10 0 0 -2.78254e-10 -2.40282e-10 -2.31602e-10 -2.78254e-10 -1.09105e-10 -2.91745e-10 -2.78254e-10 -2.40282e-10 -2.91745e-10 -2.56326e-10 1.85343e-09 5.3323e-10 4.30344e-09 1.69879e-09 5.3323e-10 -1.09105e-10 1.69879e-09 4.16934e-10 4.30344e-09 1.69879e-09 7.78935e-09 3.51787e-09 1.69879e-09 4.16934e-10 3.51787e-09 1.38941e-09 -1.09105e-10 -2.91745e-10 4.16934e-10 -5.62931e-12 -2.91745e-10 -2.56326e-10 -5.62931e-12 -3.25182e-11 4.16934e-10 -5.62931e-12 1.38941e-09 6.10267e-10 -5.62931e-12 -3.25182e-11 6.10267e-10 4.43681e-10 3.17543e-08 2.90964e-08 4.83223e-08 4.42843e-08 2.90964e-08 2.23714e-08 4.42843e-08 3.41079e-08 4.83223e-08 4.42843e-08 6.81551e-08 6.24735e-08 4.42843e-08 3.41079e-08 6.24735e-08 4.82048e-08 2.23714e-08 1.44314e-08 3.41079e-08 2.21952e-08 1.44314e-08 7.78935e-09 2.21952e-08 1.23356e-08 3.41079e-08 2.21952e-08 4.82048e-08 3.16187e-08 2.21952e-08 1.23356e-08 3.16187e-08 1.79983e-08 6.81551e-08 6.24735e-08 9.10165e-08 8.34762e-08 6.24735e-08 4.82048e-08 8.34762e-08 6.45972e-08 9.10165e-08 8.34762e-08 1.16461e-07 1.06944e-07 8.34762e-08 6.45972e-08 1.06944e-07 8.31886e-08 4.82048e-08 3.16187e-08 6.45972e-08 4.27657e-08 3.16187e-08 1.79983e-08 4.27657e-08 2.48987e-08 6.45972e-08 4.27657e-08 8.31886e-08 5.57921e-08 4.27657e-08 2.48987e-08 5.57921e-08 3.32735e-08 7.78935e-09 3.51787e-09 1.23356e-08 6.03451e-09 3.51787e-09 1.38941e-09 6.03451e-09 2.84931e-09 1.23356e-08 6.03451e-09 1.79983e-08 9.31172e-09 6.03451e-09 2.84931e-09 9.31172e-09 4.83862e-09 1.38941e-09 6.10267e-10 2.84931e-09 1.57989e-09 6.10267e-10 4.43681e-10 1.57989e-09 1.17785e-09 2.84931e-09 1.57989e-09 4.83862e-09 2.91742e-09 1.57989e-09 1.17785e-09 2.91742e-09 2.16383e-09 1.79983e-08 9.31172e-09 2.48987e-08 1.34476e-08 9.31172e-09 4.83862e-09 1.34476e-08 7.39965e-09 2.48987e-08 1.34476e-08 3.32735e-08 1.85963e-08 1.34476e-08 7.39965e-09 1.85963e-08 1.057e-08 4.83862e-09 2.91742e-09 7.39965e-09 4.62009e-09 2.91742e-09 2.16383e-09 4.62009e-09 3.37714e-09 7.39965e-09 4.62009e-09 1.057e-08 6.65594e-09 4.62009e-09 3.37714e-09 6.65594e-09 4.76587e-09 0 0 -2.40282e-10 -1.79214e-10 0 0 -1.79214e-10 -1.2531e-10 -2.40282e-10 -1.79214e-10 -2.56326e-10 -1.63858e-10 -1.79214e-10 -1.2531e-10 -1.63858e-10 -8.52245e-11 0 0 -1.2531e-10 -8.67808e-11 0 0 -8.67808e-11 -6.2425e-11 -1.2531e-10 -8.67808e-11 -8.52245e-11 -3.56951e-11 -8.67808e-11 -6.2425e-11 -3.56951e-11 -9.92027e-12 -2.56326e-10 -1.63858e-10 -3.25182e-11 4.71525e-11 -1.63858e-10 -8.52245e-11 4.71525e-11 1.13676e-10 -3.25182e-11 4.71525e-11 4.43681e-10 4.5261e-10 4.71525e-11 1.13676e-10 4.5261e-10 4.62758e-10 -8.52245e-11 -3.56951e-11 1.13676e-10 1.43902e-10 -3.56951e-11 -9.92027e-12 1.43902e-10 1.47701e-10 1.13676e-10 1.43902e-10 4.62758e-10 4.40722e-10 1.43902e-10 1.47701e-10 4.40722e-10 3.9894e-10 0 0 -6.2425e-11 -5.05336e-11 0 0 -5.05336e-11 -5.32138e-11 -6.2425e-11 -5.05336e-11 -9.92027e-12 -3.55369e-12 -5.05336e-11 -5.32138e-11 -3.55369e-12 -2.40905e-11 0 0 -5.32138e-11 -6.95607e-11 0 0 -6.95607e-11 0 -5.32138e-11 -6.95607e-11 -2.40905e-11 -7.7645e-11 -6.95607e-11 0 -7.7645e-11 0 -9.92027e-12 -3.55369e-12 1.47701e-10 1.31981e-10 -3.55369e-12 -2.40905e-11 1.31981e-10 8.25939e-11 1.47701e-10 1.31981e-10 3.9894e-10 3.45785e-10 1.31981e-10 8.25939e-11 3.45785e-10 2.60935e-10 -2.40905e-11 -7.7645e-11 8.25939e-11 -1.92778e-11 -7.7645e-11 0 -1.92778e-11 0 8.25939e-11 -1.92778e-11 2.60935e-10 1.01267e-10 -1.92778e-11 0 1.01267e-10 0 4.43681e-10 4.5261e-10 1.17785e-09 1.04564e-09 4.5261e-10 4.62758e-10 1.04564e-09 9.49405e-10 1.17785e-09 1.04564e-09 2.16383e-09 1.81021e-09 1.04564e-09 9.49405e-10 1.81021e-09 1.55519e-09 4.62758e-10 4.40722e-10 9.49405e-10 8.40814e-10 4.40722e-10 3.9894e-10 8.40814e-10 7.30435e-10 9.49405e-10 8.40814e-10 1.55519e-09 1.32692e-09 8.40814e-10 7.30435e-10 1.32692e-09 1.12689e-09 2.16383e-09 1.81021e-09 3.37714e-09 2.71723e-09 1.81021e-09 1.55519e-09 2.71723e-09 2.25417e-09 3.37714e-09 2.71723e-09 4.76587e-09 3.71998e-09 2.71723e-09 2.25417e-09 3.71998e-09 3.01117e-09 1.55519e-09 1.32692e-09 2.25417e-09 1.87802e-09 1.32692e-09 1.12689e-09 1.87802e-09 1.57124e-09 2.25417e-09 1.87802e-09 3.01117e-09 2.46884e-09 1.87802e-09 1.57124e-09 2.46884e-09 2.04478e-09 3.9894e-10 3.45785e-10 7.30435e-10 6.2564e-10 3.45785e-10 2.60935e-10 6.2564e-10 5.0144e-10 7.30435e-10 6.2564e-10 1.12689e-09 9.5748e-10 6.2564e-10 5.0144e-10 9.5748e-10 7.89866e-10 2.60935e-10 1.01267e-10 5.0144e-10 2.80991e-10 1.01267e-10 0 2.80991e-10 0 5.0144e-10 2.80991e-10 7.89866e-10 5.19189e-10 2.80991e-10 0 5.19189e-10 0 1.12689e-09 9.5748e-10 1.57124e-09 1.32581e-09 9.5748e-10 7.89866e-10 1.32581e-09 1.10695e-09 1.57124e-09 1.32581e-09 2.04478e-09 1.71498e-09 1.32581e-09 1.10695e-09 1.71498e-09 1.43632e-09 7.89866e-10 5.19189e-10 1.10695e-09 8.12017e-10 5.19189e-10 0 8.12017e-10 0 1.10695e-09 8.12017e-10 1.43632e-09 1.09799e-09 8.12017e-10 0 1.09799e-09 0 0 9.83683e-10 0 -0.00231128 9.83683e-10 1.28779e-09 -0.00231128 -0.000308752 0 -0.00231128 0 -0.00387077 -0.00231128 -0.000308752 -0.00387077 -0.00144259 1.28779e-09 1.55583e-09 -0.000308752 0.001351 1.55583e-09 1.88316e-09 0.001351 0.00252922 -0.000308752 0.001351 -0.00144259 0.00103302 0.001351 0.00252922 0.00103302 0.00302007 0 -0.00387077 0 -0.00303042 -0.00387077 -0.00144259 -0.00303042 -0.00179679 0 -0.00303042 0 -0.00199195 -0.00303042 -0.00179679 -0.00199195 -0.00152719 -0.00144259 0.00103302 -0.00179679 0.000448221 0.00103302 0.00302007 0.000448221 0.0026142 -0.00179679 0.000448221 -0.00152719 0.00012441 0.000448221 0.0026142 0.00012441 0.0020166 1.88316e-09 2.30598e-09 0.00252922 0.00346657 2.30598e-09 2.84562e-09 0.00346657 0.00446084 0.00252922 0.00346657 0.00302007 0.00470084 0.00346657 0.00446084 0.00470084 0.00650471 2.84562e-09 3.54917e-09 0.00446084 0.00600518 3.54917e-09 4.5863e-09 0.00600518 0.00924508 0.00446084 0.00600518 0.00650471 0.00921135 0.00600518 0.00924508 0.00921135 0.014455 0.00302007 0.00470084 0.0026142 0.00463019 0.00470084 0.00650471 0.00463019 0.00687956 0.0026142 0.00463019 0.0020166 0.0039574 0.00463019 0.00687956 0.0039574 0.00623824 0.00650471 0.00921135 0.00687956 0.0102136 0.00921135 0.014455 0.0102136 0.0163417 0.00687956 0.0102136 0.00623824 0.00964045 0.0102136 0.0163417 0.00964045 0.0157072 0 -0.00199195 0 -0.00123862 -0.00199195 -0.00152719 -0.00123862 -0.00106189 0 -0.00123862 0 -0.000718233 -0.00123862 -0.00106189 -0.000718233 -0.000641284 -0.00152719 0.00012441 -0.00106189 4.6085e-05 0.00012441 0.0020166 4.6085e-05 0.00147986 -0.00106189 4.6085e-05 -0.000641284 4.46625e-05 4.6085e-05 0.00147986 4.46625e-05 0.000993601 0 -0.000718233 0 -0.000329875 -0.000718233 -0.000641284 -0.000329875 -0.00029846 0 -0.000329875 0 7.53676e-12 -0.000329875 -0.00029846 7.53676e-12 1.33356e-11 -0.000641284 4.46625e-05 -0.00029846 3.23241e-05 4.46625e-05 0.000993601 3.23241e-05 0.000504807 -0.00029846 3.23241e-05 1.33356e-11 1.69719e-11 3.23241e-05 0.000504807 1.69719e-11 1.87752e-11 0.0020166 0.0039574 0.00147986 0.00306974 0.0039574 0.00623824 0.00306974 0.00503363 0.00147986 0.00306974 0.000993601 0.00209827 0.00306974 0.00503363 0.00209827 0.00351337 0.00623824 0.00964045 0.00503363 0.00800812 0.00964045 0.0157072 0.00800812 0.0132328 0.00503363 0.00800812 0.00351337 0.0056893 0.00800812 0.0132328 0.0056893 0.009487 0.000993601 0.00209827 0.000504807 0.00106814 0.00209827 0.00351337 0.00106814 0.00180444 0.000504807 0.00106814 1.87752e-11 1.9289e-11 0.00106814 0.00180444 1.9289e-11 1.89743e-11 0.00351337 0.0056893 0.00180444 0.00294783 0.0056893 0.009487 0.00294783 0.00493881 0.00180444 0.00294783 1.89743e-11 1.816e-11 0.00294783 0.00493881 1.816e-11 1.70266e-11 4.5863e-09 6.46295e-09 0.00924508 0.0166696 6.46295e-09 1.03578e-08 0.0166696 0.0325343 0.00924508 0.0166696 0.014455 0.0254476 0.0166696 0.0325343 0.0254476 0.0472643 1.03578e-08 1.83594e-08 0.0325343 0.061595 1.83594e-08 3.30108e-08 0.061595 0.104164 0.0325343 0.061595 0.0472643 0.085143 0.061595 0.104164 0.085143 0.138882 0.014455 0.0254476 0.0163417 0.0283625 0.0254476 0.0472643 0.0283625 0.0507929 0.0163417 0.0283625 0.0157072 0.0270677 0.0283625 0.0507929 0.0270677 0.0472695 0.0472643 0.085143 0.0507929 0.0878238 0.085143 0.138882 0.0878238 0.1385 0.0507929 0.0878238 0.0472695 0.0791923 0.0878238 0.1385 0.0791923 0.121315 3.30108e-08 5.55156e-08 0.104164 0.147597 5.55156e-08 8.29376e-08 0.147597 0.162487 0.104164 0.147597 0.138882 0.193909 0.147597 0.162487 0.193909 0.217541 8.29376e-08 1.06787e-07 0.162487 0.1202 1.06787e-07 1.16461e-07 0.1202 0.0276441 0.162487 0.1202 0.217541 0.176131 0.1202 0.0276441 0.176131 0.0704308 0.138882 0.193909 0.1385 0.189795 0.193909 0.217541 0.189795 0.214339 0.1385 0.189795 0.121315 0.162971 0.189795 0.214339 0.162971 0.183504 0.217541 0.176131 0.214339 0.183579 0.176131 0.0704308 0.183579 0.0942132 0.214339 0.183579 0.183504 0.161886 0.183579 0.0942132 0.161886 0.0944671 0.0157072 0.0270677 0.0132328 0.0227251 0.0270677 0.0472695 0.0227251 0.0390325 0.0132328 0.0227251 0.009487 0.0162614 0.0227251 0.0390325 0.0162614 0.027639 0.0472695 0.0791923 0.0390325 0.063942 0.0791923 0.121315 0.063942 0.0958 0.0390325 0.063942 0.027639 0.0446149 0.063942 0.0958 0.0446149 0.0658328 0.009487 0.0162614 0.00493881 0.00845608 0.0162614 0.027639 0.00845608 0.0142887 0.00493881 0.00845608 1.70266e-11 1.56383e-11 0.00845608 0.0142887 1.56383e-11 1.39714e-11 0.027639 0.0446149 0.0142887 0.0228732 0.0446149 0.0658328 0.0228732 0.0334556 0.0142887 0.0228732 1.39714e-11 1.19543e-11 0.0228732 0.0334556 1.19543e-11 9.5308e-12 0.121315 0.162971 0.0958 0.126488 0.162971 0.183504 0.126488 0.141426 0.0958 0.126488 0.0658328 0.0858235 0.126488 0.141426 0.0858235 0.0952972 0.183504 0.161886 0.141426 0.12637 0.161886 0.0944671 0.12637 0.0787978 0.141426 0.12637 0.0952972 0.08552 0.12637 0.0787978 0.08552 0.055106 0.0658328 0.0858235 0.0334556 0.0432845 0.0858235 0.0952972 0.0432845 0.0478387 0.0334556 0.0432845 9.5308e-12 6.71367e-12 0.0432845 0.0478387 6.71367e-12 3.6236e-12 0.0952972 0.08552 0.0478387 0.0429731 0.08552 0.055106 0.0429731 0.0281027 0.0478387 0.0429731 3.6236e-12 4.4321e-13 0.0429731 0.0281027 4.4321e-13 -2.67967e-12 1.16461e-07 1.06944e-07 0.0276441 -0.0682105 1.06944e-07 8.31886e-08 -0.0682105 -0.123638 0.0276441 -0.0682105 0.0704308 -0.0535094 -0.0682105 -0.123638 -0.0535094 -0.142004 8.31886e-08 5.57921e-08 -0.123638 -0.130531 5.57921e-08 3.32735e-08 -0.130531 -0.106552 -0.123638 -0.130531 -0.142004 -0.173309 -0.130531 -0.106552 -0.173309 -0.15886 0.0704308 -0.0535094 0.0942132 -0.0204912 -0.0535094 -0.142004 -0.0204912 -0.114405 0.0942132 -0.0204912 0.0944671 0.0033066 -0.0204912 -0.114405 0.0033066 -0.0777978 -0.142004 -0.173309 -0.114405 -0.161202 -0.173309 -0.15886 -0.161202 -0.163039 -0.114405 -0.161202 -0.0777978 -0.125833 -0.161202 -0.163039 -0.125833 -0.137924 3.32735e-08 1.85963e-08 -0.106552 -0.0734162 1.85963e-08 1.057e-08 -0.0734162 -0.0451896 -0.106552 -0.0734162 -0.15886 -0.12278 -0.0734162 -0.0451896 -0.12278 -0.0851337 1.057e-08 6.65594e-09 -0.0451896 -0.0264621 6.65594e-09 4.76587e-09 -0.0264621 -0.0158452 -0.0451896 -0.0264621 -0.0851337 -0.055878 -0.0264621 -0.0158452 -0.055878 -0.036586 -0.15886 -0.12278 -0.163039 -0.13788 -0.12278 -0.0851337 -0.13788 -0.104459 -0.163039 -0.13788 -0.137924 -0.125045 -0.13788 -0.104459 -0.125045 -0.10131 -0.0851337 -0.055878 -0.104459 -0.0745373 -0.055878 -0.036586 -0.0745373 -0.052319 -0.104459 -0.0745373 -0.10131 -0.077077 -0.0745373 -0.052319 -0.077077 -0.0572564 0.0944671 0.0033066 0.0787978 0.0130867 0.0033066 -0.0777978 0.0130867 -0.0479862 0.0787978 0.0130867 0.055106 0.012904 0.0130867 -0.0479862 0.012904 -0.0270771 -0.0777978 -0.125833 -0.0479862 -0.0875881 -0.125833 -0.137924 -0.0875881 -0.101878 -0.0479862 -0.0875881 -0.0270771 -0.0541638 -0.0875881 -0.101878 -0.0541638 -0.0654353 0.055106 0.012904 0.0281027 0.00748722 0.012904 -0.0270771 0.00748722 -0.0121785 0.0281027 0.00748722 -2.67967e-12 -5.65805e-12 0.00748722 -0.0121785 -5.65805e-12 -8.43419e-12 -0.0270771 -0.0541638 -0.0121785 -0.0257473 -0.0541638 -0.0654353 -0.0257473 -0.0317265 -0.0121785 -0.0257473 -8.43419e-12 -1.09171e-11 -0.0257473 -0.0317265 -1.09171e-11 -1.29651e-11 -0.137924 -0.125045 -0.101878 -0.097036 -0.125045 -0.10131 -0.097036 -0.0824628 -0.101878 -0.097036 -0.0654353 -0.064253 -0.097036 -0.0824628 -0.064253 -0.0562705 -0.10131 -0.077077 -0.0824628 -0.065763 -0.077077 -0.0572564 -0.065763 -0.051063 -0.0824628 -0.065763 -0.0562705 -0.0462911 -0.065763 -0.051063 -0.0462911 -0.0370817 -0.0654353 -0.064253 -0.0317265 -0.0316354 -0.064253 -0.0562705 -0.0316354 -0.0281395 -0.0317265 -0.0316354 -1.29651e-11 -1.44467e-11 -0.0316354 -0.0281395 -1.44467e-11 -1.52957e-11 -0.0562705 -0.0462911 -0.0281395 -0.0235446 -0.0462911 -0.0370817 -0.0235446 -0.0192053 -0.0281395 -0.0235446 -1.52957e-11 -1.55384e-11 -0.0235446 -0.0192053 -1.55384e-11 -1.52698e-11 4.76587e-09 3.71998e-09 -0.0158452 -0.0102428 3.71998e-09 3.01117e-09 -0.0102428 -0.00718645 -0.0158452 -0.0102428 -0.036586 -0.0248832 -0.0102428 -0.00718645 -0.0248832 -0.0178403 3.01117e-09 2.46884e-09 -0.00718645 -0.00529478 2.46884e-09 2.04478e-09 -0.00529478 -0.0039684 -0.00718645 -0.00529478 -0.0178403 -0.0133566 -0.00529478 -0.0039684 -0.0133566 -0.0102803 -0.036586 -0.0248832 -0.052319 -0.037353 -0.0248832 -0.0178403 -0.037353 -0.0275794 -0.052319 -0.037353 -0.0572564 -0.042752 -0.037353 -0.0275794 -0.042752 -0.0326016 -0.0178403 -0.0133566 -0.0275794 -0.021058 -0.0133566 -0.0102803 -0.021058 -0.0165115 -0.0275794 -0.021058 -0.0326016 -0.025478 -0.021058 -0.0165115 -0.025478 -0.0203521 2.04478e-09 1.71498e-09 -0.0039684 -0.0030496 1.71498e-09 1.43632e-09 -0.0030496 -0.00268575 -0.0039684 -0.0030496 -0.0102803 -0.00814259 -0.0030496 -0.00268575 -0.00814259 -0.00696249 1.43632e-09 1.09799e-09 -0.00268575 -0.00355773 1.09799e-09 0 -0.00355773 -0.00655409 -0.00268575 -0.00355773 -0.00696249 -0.00737221 -0.00355773 -0.00655409 -0.00737221 -0.00848066 -0.0102803 -0.00814259 -0.0165115 -0.0133013 -0.00814259 -0.00696249 -0.0133013 -0.0112798 -0.0165115 -0.0133013 -0.0203521 -0.0166365 -0.0133013 -0.0112798 -0.0166365 -0.0141185 -0.00696249 -0.00737221 -0.0112798 -0.0106744 -0.00737221 -0.00848066 -0.0106744 -0.0103715 -0.0112798 -0.0106744 -0.0141185 -0.0127366 -0.0106744 -0.0103715 -0.0127366 -0.0115368 -0.0572564 -0.042752 -0.051063 -0.0396222 -0.042752 -0.0326016 -0.0396222 -0.031166 -0.051063 -0.0396222 -0.0370817 -0.0296289 -0.0396222 -0.031166 -0.0296289 -0.0239104 -0.0326016 -0.025478 -0.031166 -0.024951 -0.025478 -0.0203521 -0.024951 -0.0203142 -0.031166 -0.024951 -0.0239104 -0.0195532 -0.024951 -0.0203142 -0.0195532 -0.0161946 -0.0370817 -0.0296289 -0.0192053 -0.0156268 -0.0296289 -0.0239104 -0.0156268 -0.0128252 -0.0192053 -0.0156268 -1.52698e-11 -1.46269e-11 -0.0156268 -0.0128252 -1.46269e-11 -1.37613e-11 -0.0239104 -0.0195532 -0.0128252 -0.0106424 -0.0195532 -0.0161946 -0.0106424 -0.00892122 -0.0128252 -0.0106424 -1.37613e-11 -1.28153e-11 -0.0106424 -0.00892122 -1.28153e-11 -1.19081e-11 -0.0203521 -0.0166365 -0.0203142 -0.0168464 -0.0166365 -0.0141185 -0.0168464 -0.0143697 -0.0203142 -0.0168464 -0.0161946 -0.0136064 -0.0168464 -0.0143697 -0.0136064 -0.0116825 -0.0141185 -0.0127366 -0.0143697 -0.0127251 -0.0127366 -0.0115368 -0.0127251 -0.0112001 -0.0143697 -0.0127251 -0.0116825 -0.0102852 -0.0127251 -0.0112001 -0.0102852 -0.00895704 -0.0161946 -0.0136064 -0.00892122 -0.00756549 -0.0136064 -0.0116825 -0.00756549 -0.00653063 -0.00892122 -0.00756549 -1.19081e-11 -1.11311e-11 -0.00756549 -0.00653063 -1.11311e-11 -1.05334e-11 -0.0116825 -0.0102852 -0.00653063 -0.0057439 -0.0102852 -0.00895704 -0.0057439 -0.00498641 -0.00653063 -0.0057439 -1.05334e-11 -1.01058e-11 -0.0057439 -0.00498641 -1.01058e-11 -9.79704e-12 0 7.53676e-12 0 0.000329875 7.53676e-12 1.33356e-11 0.000329875 0.00029846 0 0.000329875 0 0.000718233 0.000329875 0.00029846 0.000718233 0.000641284 1.33356e-11 1.69719e-11 0.00029846 -3.23241e-05 1.69719e-11 1.87752e-11 -3.23241e-05 -0.000504807 0.00029846 -3.23241e-05 0.000641284 -4.46625e-05 -3.23241e-05 -0.000504807 -4.46625e-05 -0.000993601 0 0.000718233 0 0.00123862 0.000718233 0.000641284 0.00123862 0.00106189 0 0.00123862 0 0.00199195 0.00123862 0.00106189 0.00199195 0.00152719 0.000641284 -4.46625e-05 0.00106189 -4.6085e-05 -4.46625e-05 -0.000993601 -4.6085e-05 -0.00147986 0.00106189 -4.6085e-05 0.00152719 -0.00012441 -4.6085e-05 -0.00147986 -0.00012441 -0.0020166 1.87752e-11 1.9289e-11 -0.000504807 -0.00106814 1.9289e-11 1.89743e-11 -0.00106814 -0.00180444 -0.000504807 -0.00106814 -0.000993601 -0.00209827 -0.00106814 -0.00180444 -0.00209827 -0.00351337 1.89743e-11 1.816e-11 -0.00180444 -0.00294783 1.816e-11 1.70266e-11 -0.00294783 -0.00493881 -0.00180444 -0.00294783 -0.00351337 -0.0056893 -0.00294783 -0.00493881 -0.0056893 -0.009487 -0.000993601 -0.00209827 -0.00147986 -0.00306974 -0.00209827 -0.00351337 -0.00306974 -0.00503363 -0.00147986 -0.00306974 -0.0020166 -0.0039574 -0.00306974 -0.00503363 -0.0039574 -0.00623824 -0.00351337 -0.0056893 -0.00503363 -0.00800812 -0.0056893 -0.009487 -0.00800812 -0.0132328 -0.00503363 -0.00800812 -0.00623824 -0.00964045 -0.00800812 -0.0132328 -0.00964045 -0.0157072 0 0.00199195 0 0.00303042 0.00199195 0.00152719 0.00303042 0.00179679 0 0.00303042 0 0.00387077 0.00303042 0.00179679 0.00387077 0.00144259 0.00152719 -0.00012441 0.00179679 -0.000448221 -0.00012441 -0.0020166 -0.000448221 -0.0026142 0.00179679 -0.000448221 0.00144259 -0.00103302 -0.000448221 -0.0026142 -0.00103302 -0.00302007 0 0.00387077 0 0.00231128 0.00387077 0.00144259 0.00231128 0.000308752 0 0.00231128 0 -9.83683e-10 0.00231128 0.000308752 -9.83683e-10 -1.28779e-09 0.00144259 -0.00103302 0.000308752 -0.001351 -0.00103302 -0.00302007 -0.001351 -0.00252922 0.000308752 -0.001351 -1.28779e-09 -1.55583e-09 -0.001351 -0.00252922 -1.55583e-09 -1.88316e-09 -0.0020166 -0.0039574 -0.0026142 -0.00463019 -0.0039574 -0.00623824 -0.00463019 -0.00687956 -0.0026142 -0.00463019 -0.00302007 -0.00470084 -0.00463019 -0.00687956 -0.00470084 -0.00650471 -0.00623824 -0.00964045 -0.00687956 -0.0102136 -0.00964045 -0.0157072 -0.0102136 -0.0163417 -0.00687956 -0.0102136 -0.00650471 -0.00921135 -0.0102136 -0.0163417 -0.00921135 -0.014455 -0.00302007 -0.00470084 -0.00252922 -0.00346657 -0.00470084 -0.00650471 -0.00346657 -0.00446084 -0.00252922 -0.00346657 -1.88316e-09 -2.30598e-09 -0.00346657 -0.00446084 -2.30598e-09 -2.84562e-09 -0.00650471 -0.00921135 -0.00446084 -0.00600518 -0.00921135 -0.014455 -0.00600518 -0.00924508 -0.00446084 -0.00600518 -2.84562e-09 -3.54917e-09 -0.00600518 -0.00924508 -3.54917e-09 -4.5863e-09 1.70266e-11 1.56383e-11 -0.00493881 -0.00845608 1.56383e-11 1.39714e-11 -0.00845608 -0.0142887 -0.00493881 -0.00845608 -0.009487 -0.0162614 -0.00845608 -0.0142887 -0.0162614 -0.027639 1.39714e-11 1.19543e-11 -0.0142887 -0.0228732 1.19543e-11 9.5308e-12 -0.0228732 -0.0334556 -0.0142887 -0.0228732 -0.027639 -0.0446149 -0.0228732 -0.0334556 -0.0446149 -0.0658328 -0.009487 -0.0162614 -0.0132328 -0.0227251 -0.0162614 -0.027639 -0.0227251 -0.0390325 -0.0132328 -0.0227251 -0.0157072 -0.0270677 -0.0227251 -0.0390325 -0.0270677 -0.0472695 -0.027639 -0.0446149 -0.0390325 -0.063942 -0.0446149 -0.0658328 -0.063942 -0.0958 -0.0390325 -0.063942 -0.0472695 -0.0791923 -0.063942 -0.0958 -0.0791923 -0.121315 9.5308e-12 6.71367e-12 -0.0334556 -0.0432845 6.71367e-12 3.6236e-12 -0.0432845 -0.0478387 -0.0334556 -0.0432845 -0.0658328 -0.0858235 -0.0432845 -0.0478387 -0.0858235 -0.0952972 3.6236e-12 4.4321e-13 -0.0478387 -0.0429731 4.4321e-13 -2.67967e-12 -0.0429731 -0.0281027 -0.0478387 -0.0429731 -0.0952972 -0.08552 -0.0429731 -0.0281027 -0.08552 -0.055106 -0.0658328 -0.0858235 -0.0958 -0.126488 -0.0858235 -0.0952972 -0.126488 -0.141426 -0.0958 -0.126488 -0.121315 -0.162971 -0.126488 -0.141426 -0.162971 -0.183504 -0.0952972 -0.08552 -0.141426 -0.12637 -0.08552 -0.055106 -0.12637 -0.0787978 -0.141426 -0.12637 -0.183504 -0.161886 -0.12637 -0.0787978 -0.161886 -0.0944671 -0.0157072 -0.0270677 -0.0163417 -0.0283625 -0.0270677 -0.0472695 -0.0283625 -0.0507929 -0.0163417 -0.0283625 -0.014455 -0.0254476 -0.0283625 -0.0507929 -0.0254476 -0.0472643 -0.0472695 -0.0791923 -0.0507929 -0.0878238 -0.0791923 -0.121315 -0.0878238 -0.1385 -0.0507929 -0.0878238 -0.0472643 -0.085143 -0.0878238 -0.1385 -0.085143 -0.138882 -0.014455 -0.0254476 -0.00924508 -0.0166696 -0.0254476 -0.0472643 -0.0166696 -0.0325343 -0.00924508 -0.0166696 -4.5863e-09 -6.46295e-09 -0.0166696 -0.0325343 -6.46295e-09 -1.03578e-08 -0.0472643 -0.085143 -0.0325343 -0.061595 -0.085143 -0.138882 -0.061595 -0.104164 -0.0325343 -0.061595 -1.03578e-08 -1.83594e-08 -0.061595 -0.104164 -1.83594e-08 -3.30108e-08 -0.121315 -0.162971 -0.1385 -0.189795 -0.162971 -0.183504 -0.189795 -0.214339 -0.1385 -0.189795 -0.138882 -0.193909 -0.189795 -0.214339 -0.193909 -0.217541 -0.183504 -0.161886 -0.214339 -0.183579 -0.161886 -0.0944671 -0.183579 -0.0942132 -0.214339 -0.183579 -0.217541 -0.176131 -0.183579 -0.0942132 -0.176131 -0.0704308 -0.138882 -0.193909 -0.104164 -0.147597 -0.193909 -0.217541 -0.147597 -0.162487 -0.104164 -0.147597 -3.30108e-08 -5.55156e-08 -0.147597 -0.162487 -5.55156e-08 -8.29376e-08 -0.217541 -0.176131 -0.162487 -0.1202 -0.176131 -0.0704308 -0.1202 -0.0276441 -0.162487 -0.1202 -8.29376e-08 -1.06787e-07 -0.1202 -0.0276441 -1.06787e-07 -1.16461e-07 -2.67967e-12 -5.65805e-12 -0.0281027 -0.00748722 -5.65805e-12 -8.43419e-12 -0.00748722 0.0121785 -0.0281027 -0.00748722 -0.055106 -0.012904 -0.00748722 0.0121785 -0.012904 0.0270771 -8.43419e-12 -1.09171e-11 0.0121785 0.0257473 -1.09171e-11 -1.29651e-11 0.0257473 0.0317265 0.0121785 0.0257473 0.0270771 0.0541638 0.0257473 0.0317265 0.0541638 0.0654353 -0.055106 -0.012904 -0.0787978 -0.0130867 -0.012904 0.0270771 -0.0130867 0.0479862 -0.0787978 -0.0130867 -0.0944671 -0.0033066 -0.0130867 0.0479862 -0.0033066 0.0777978 0.0270771 0.0541638 0.0479862 0.0875881 0.0541638 0.0654353 0.0875881 0.101878 0.0479862 0.0875881 0.0777978 0.125833 0.0875881 0.101878 0.125833 0.137924 -1.29651e-11 -1.44467e-11 0.0317265 0.0316354 -1.44467e-11 -1.52957e-11 0.0316354 0.0281395 0.0317265 0.0316354 0.0654353 0.064253 0.0316354 0.0281395 0.064253 0.0562705 -1.52957e-11 -1.55384e-11 0.0281395 0.0235446 -1.55384e-11 -1.52698e-11 0.0235446 0.0192053 0.0281395 0.0235446 0.0562705 0.0462911 0.0235446 0.0192053 0.0462911 0.0370817 0.0654353 0.064253 0.101878 0.097036 0.064253 0.0562705 0.097036 0.0824628 0.101878 0.097036 0.137924 0.125045 0.097036 0.0824628 0.125045 0.10131 0.0562705 0.0462911 0.0824628 0.065763 0.0462911 0.0370817 0.065763 0.051063 0.0824628 0.065763 0.10131 0.077077 0.065763 0.051063 0.077077 0.0572564 -0.0944671 -0.0033066 -0.0942132 0.0204912 -0.0033066 0.0777978 0.0204912 0.114405 -0.0942132 0.0204912 -0.0704308 0.0535094 0.0204912 0.114405 0.0535094 0.142004 0.0777978 0.125833 0.114405 0.161202 0.125833 0.137924 0.161202 0.163039 0.114405 0.161202 0.142004 0.173309 0.161202 0.163039 0.173309 0.15886 -0.0704308 0.0535094 -0.0276441 0.0682105 0.0535094 0.142004 0.0682105 0.123638 -0.0276441 0.0682105 -1.16461e-07 -1.06944e-07 0.0682105 0.123638 -1.06944e-07 -8.31886e-08 0.142004 0.173309 0.123638 0.130531 0.173309 0.15886 0.130531 0.106552 0.123638 0.130531 -8.31886e-08 -5.57921e-08 0.130531 0.106552 -5.57921e-08 -3.32735e-08 0.137924 0.125045 0.163039 0.13788 0.125045 0.10131 0.13788 0.104459 0.163039 0.13788 0.15886 0.12278 0.13788 0.104459 0.12278 0.0851337 0.10131 0.077077 0.104459 0.0745373 0.077077 0.0572564 0.0745373 0.052319 0.104459 0.0745373 0.0851337 0.055878 0.0745373 0.052319 0.055878 0.036586 0.15886 0.12278 0.106552 0.0734162 0.12278 0.0851337 0.0734162 0.0451896 0.106552 0.0734162 -3.32735e-08 -1.85963e-08 0.0734162 0.0451896 -1.85963e-08 -1.057e-08 0.0851337 0.055878 0.0451896 0.0264621 0.055878 0.036586 0.0264621 0.0158452 0.0451896 0.0264621 -1.057e-08 -6.65594e-09 0.0264621 0.0158452 -6.65594e-09 -4.76587e-09 -1.52698e-11 -1.46269e-11 0.0192053 0.0156268 -1.46269e-11 -1.37613e-11 0.0156268 0.0128252 0.0192053 0.0156268 0.0370817 0.0296289 0.0156268 0.0128252 0.0296289 0.0239104 -1.37613e-11 -1.28153e-11 0.0128252 0.0106424 -1.28153e-11 -1.19081e-11 0.0106424 0.00892122 0.0128252 0.0106424 0.0239104 0.0195532 0.0106424 0.00892122 0.0195532 0.0161946 0.0370817 0.0296289 0.051063 0.0396222 0.0296289 0.0239104 0.0396222 0.031166 0.051063 0.0396222 0.0572564 0.042752 0.0396222 0.031166 0.042752 0.0326016 0.0239104 0.0195532 0.031166 0.024951 0.0195532 0.0161946 0.024951 0.0203142 0.031166 0.024951 0.0326016 0.025478 0.024951 0.0203142 0.025478 0.0203521 -1.19081e-11 -1.11311e-11 0.00892122 0.00756549 -1.11311e-11 -1.05334e-11 0.00756549 0.00653063 0.00892122 0.00756549 0.0161946 0.0136064 0.00756549 0.00653063 0.0136064 0.0116825 -1.05334e-11 -1.01058e-11 0.00653063 0.0057439 -1.01058e-11 -9.79704e-12 0.0057439 0.00498641 0.00653063 0.0057439 0.0116825 0.0102852 0.0057439 0.00498641 0.0102852 0.00895704 0.0161946 0.0136064 0.0203142 0.0168464 0.0136064 0.0116825 0.0168464 0.0143697 0.0203142 0.0168464 0.0203521 0.0166365 0.0168464 0.0143697 0.0166365 0.0141185 0.0116825 0.0102852 0.0143697 0.0127251 0.0102852 0.00895704 0.0127251 0.0112001 0.0143697 0.0127251 0.0141185 0.0127366 0.0127251 0.0112001 0.0127366 0.0115368 0.0572564 0.042752 0.052319 0.037353 0.042752 0.0326016 0.037353 0.0275794 0.052319 0.037353 0.036586 0.0248832 0.037353 0.0275794 0.0248832 0.0178403 0.0326016 0.025478 0.0275794 0.021058 0.025478 0.0203521 0.021058 0.0165115 0.0275794 0.021058 0.0178403 0.0133566 0.021058 0.0165115 0.0133566 0.0102803 0.036586 0.0248832 0.0158452 0.0102428 0.0248832 0.0178403 0.0102428 0.00718645 0.0158452 0.0102428 -4.76587e-09 -3.71998e-09 0.0102428 0.00718645 -3.71998e-09 -3.01117e-09 0.0178403 0.0133566 0.00718645 0.00529478 0.0133566 0.0102803 0.00529478 0.0039684 0.00718645 0.00529478 -3.01117e-09 -2.46884e-09 0.00529478 0.0039684 -2.46884e-09 -2.04478e-09 0.0203521 0.0166365 0.0165115 0.0133013 0.0166365 0.0141185 0.0133013 0.0112798 0.0165115 0.0133013 0.0102803 0.00814259 0.0133013 0.0112798 0.00814259 0.00696249 0.0141185 0.0127366 0.0112798 0.0106744 0.0127366 0.0115368 0.0106744 0.0103715 0.0112798 0.0106744 0.00696249 0.00737221 0.0106744 0.0103715 0.00737221 0.00848066 0.0102803 0.00814259 0.0039684 0.0030496 0.00814259 0.00696249 0.0030496 0.00268575 0.0039684 0.0030496 -2.04478e-09 -1.71498e-09 0.0030496 0.00268575 -1.71498e-09 -1.43632e-09 0.00696249 0.00737221 0.00268575 0.00355773 0.00737221 0.00848066 0.00355773 0.00655409 0.00268575 0.00355773 -1.43632e-09 -1.09799e-09 0.00355773 0.00655409 -1.09799e-09 0 0 -9.83683e-10 0 -7.12242e-10 -9.83683e-10 -1.28779e-09 -7.12242e-10 -9.74039e-10 0 -7.12242e-10 0 -4.37172e-10 -7.12242e-10 -9.74039e-10 -4.37172e-10 -6.74383e-10 -1.28779e-09 -1.55583e-09 -9.74039e-10 -1.1842e-09 -1.55583e-09 -1.88316e-09 -1.1842e-09 -1.42899e-09 -9.74039e-10 -1.1842e-09 -6.74383e-10 -8.34376e-10 -1.1842e-09 -1.42899e-09 -8.34376e-10 -1.00429e-09 0 -4.37172e-10 0 -2.14512e-10 -4.37172e-10 -6.74383e-10 -2.14512e-10 -4.04636e-10 0 -2.14512e-10 0 -4.83667e-11 -2.14512e-10 -4.04636e-10 -4.83667e-11 -1.83354e-10 -6.74383e-10 -8.34376e-10 -4.04636e-10 -5.2201e-10 -8.34376e-10 -1.00429e-09 -5.2201e-10 -6.2787e-10 -4.04636e-10 -5.2201e-10 -1.83354e-10 -2.62423e-10 -5.2201e-10 -6.2787e-10 -2.62423e-10 -3.16786e-10 -1.88316e-09 -2.30598e-09 -1.42899e-09 -1.73621e-09 -2.30598e-09 -2.84562e-09 -1.73621e-09 -2.11151e-09 -1.42899e-09 -1.73621e-09 -1.00429e-09 -1.206e-09 -1.73621e-09 -2.11151e-09 -1.206e-09 -1.43489e-09 -2.84562e-09 -3.54917e-09 -2.11151e-09 -2.57163e-09 -3.54917e-09 -4.5863e-09 -2.57163e-09 -3.22608e-09 -2.11151e-09 -2.57163e-09 -1.43489e-09 -1.68897e-09 -2.57163e-09 -3.22608e-09 -1.68897e-09 -2.03993e-09 -1.00429e-09 -1.206e-09 -6.2787e-10 -7.40649e-10 -1.206e-09 -1.43489e-09 -7.40649e-10 -8.50927e-10 -6.2787e-10 -7.40649e-10 -3.16786e-10 -3.61193e-10 -7.40649e-10 -8.50927e-10 -3.61193e-10 -3.85501e-10 -1.43489e-09 -1.68897e-09 -8.50927e-10 -9.47757e-10 -1.68897e-09 -2.03993e-09 -9.47757e-10 -1.07951e-09 -8.50927e-10 -9.47757e-10 -3.85501e-10 -3.76976e-10 -9.47757e-10 -1.07951e-09 -3.76976e-10 -3.69142e-10 0 -4.83667e-11 0 5.96701e-11 -4.83667e-11 -1.83354e-10 5.96701e-11 -2.44379e-11 0 5.96701e-11 0 1.05628e-10 5.96701e-11 -2.44379e-11 1.05628e-10 6.27037e-11 -1.83354e-10 -2.62423e-10 -2.44379e-11 -6.94455e-11 -2.62423e-10 -3.16786e-10 -6.94455e-11 -8.62284e-11 -2.44379e-11 -6.94455e-11 6.27037e-11 4.49956e-11 -6.94455e-11 -8.62284e-11 4.49956e-11 5.06312e-11 0 1.05628e-10 0 8.41345e-11 1.05628e-10 6.27037e-11 8.41345e-11 7.23134e-11 0 8.41345e-11 0 0 8.41345e-11 7.23134e-11 0 0 6.27037e-11 4.49956e-11 7.23134e-11 7.09754e-11 4.49956e-11 5.06312e-11 7.09754e-11 8.25454e-11 7.23134e-11 7.09754e-11 0 0 7.09754e-11 8.25454e-11 0 0 -3.16786e-10 -3.61193e-10 -8.62284e-11 -8.48302e-11 -3.61193e-10 -3.85501e-10 -8.48302e-11 -5.69723e-11 -8.62284e-11 -8.48302e-11 5.06312e-11 7.45963e-11 -8.48302e-11 -5.69723e-11 7.45963e-11 1.22134e-10 -3.85501e-10 -3.76976e-10 -5.69723e-11 7.44935e-12 -3.76976e-10 -3.69142e-10 7.44935e-12 8.51719e-11 -5.69723e-11 7.44935e-12 1.22134e-10 1.98767e-10 7.44935e-12 8.51719e-11 1.98767e-10 2.89164e-10 5.06312e-11 7.45963e-11 8.25454e-11 1.05941e-10 7.45963e-11 1.22134e-10 1.05941e-10 1.4329e-10 8.25454e-11 1.05941e-10 0 0 1.05941e-10 1.4329e-10 0 0 1.22134e-10 1.98767e-10 1.4329e-10 1.95888e-10 1.98767e-10 2.89164e-10 1.95888e-10 2.5552e-10 1.4329e-10 1.95888e-10 0 0 1.95888e-10 2.5552e-10 0 0 -4.5863e-09 -6.46295e-09 -3.22608e-09 -4.46052e-09 -6.46295e-09 -1.03578e-08 -4.46052e-09 -7.22819e-09 -3.22608e-09 -4.46052e-09 -2.03993e-09 -2.78906e-09 -4.46052e-09 -7.22819e-09 -2.78906e-09 -4.70413e-09 -1.03578e-08 -1.83594e-08 -7.22819e-09 -1.32614e-08 -1.83594e-08 -3.30108e-08 -1.32614e-08 -2.46978e-08 -7.22819e-09 -1.32614e-08 -4.70413e-09 -9.17001e-09 -1.32614e-08 -2.46978e-08 -9.17001e-09 -1.785e-08 -2.03993e-09 -2.78906e-09 -1.07951e-09 -1.48022e-09 -2.78906e-09 -4.70413e-09 -1.48022e-09 -2.74779e-09 -1.07951e-09 -1.48022e-09 -3.69142e-10 -5.36565e-10 -1.48022e-09 -2.74779e-09 -5.36565e-10 -1.31668e-09 -4.70413e-09 -9.17001e-09 -2.74779e-09 -5.93111e-09 -9.17001e-09 -1.785e-08 -5.93111e-09 -1.22312e-08 -2.74779e-09 -5.93111e-09 -1.31668e-09 -3.44663e-09 -5.93111e-09 -1.22312e-08 -3.44663e-09 -7.72052e-09 -3.30108e-08 -5.55156e-08 -2.46978e-08 -4.2559e-08 -5.55156e-08 -8.29376e-08 -4.2559e-08 -6.44126e-08 -2.46978e-08 -4.2559e-08 -1.785e-08 -3.14702e-08 -4.2559e-08 -6.44126e-08 -3.14702e-08 -4.80746e-08 -8.29376e-08 -1.06787e-07 -6.44126e-08 -8.33622e-08 -1.06787e-07 -1.16461e-07 -8.33622e-08 -9.10165e-08 -6.44126e-08 -8.33622e-08 -4.80746e-08 -6.23941e-08 -8.33622e-08 -9.10165e-08 -6.23941e-08 -6.81551e-08 -1.785e-08 -3.14702e-08 -1.22312e-08 -2.20939e-08 -3.14702e-08 -4.80746e-08 -2.20939e-08 -3.40213e-08 -1.22312e-08 -2.20939e-08 -7.72052e-09 -1.43673e-08 -2.20939e-08 -3.40213e-08 -1.43673e-08 -2.23184e-08 -4.80746e-08 -6.23941e-08 -3.40213e-08 -4.42323e-08 -6.23941e-08 -6.81551e-08 -4.42323e-08 -4.83223e-08 -3.40213e-08 -4.42323e-08 -2.23184e-08 -2.90652e-08 -4.42323e-08 -4.83223e-08 -2.90652e-08 -3.17543e-08 -3.69142e-10 -5.36565e-10 8.51719e-11 5.62497e-11 -5.36565e-10 -1.31668e-09 5.62497e-11 -3.68756e-10 8.51719e-11 5.62497e-11 2.89164e-10 3.22304e-10 5.62497e-11 -3.68756e-10 3.22304e-10 1.36991e-10 -1.31668e-09 -3.44663e-09 -3.68756e-10 -1.65372e-09 -3.44663e-09 -7.72052e-09 -1.65372e-09 -4.26224e-09 -3.68756e-10 -1.65372e-09 1.36991e-10 -5.0856e-10 -1.65372e-09 -4.26224e-09 -5.0856e-10 -1.83249e-09 2.89164e-10 3.22304e-10 2.5552e-10 2.91894e-10 3.22304e-10 1.36991e-10 2.91894e-10 2.43435e-10 2.5552e-10 2.91894e-10 0 0 2.91894e-10 2.43435e-10 0 0 1.36991e-10 -5.0856e-10 2.43435e-10 2.74778e-11 -5.0856e-10 -1.83249e-09 2.74778e-11 -4.17731e-10 2.43435e-10 2.74778e-11 0 0 2.74778e-11 -4.17731e-10 0 0 -7.72052e-09 -1.43673e-08 -4.26224e-09 -8.27889e-09 -1.43673e-08 -2.23184e-08 -8.27889e-09 -1.30184e-08 -4.26224e-09 -8.27889e-09 -1.83249e-09 -3.84095e-09 -8.27889e-09 -1.30184e-08 -3.84095e-09 -6.16736e-09 -2.23184e-08 -2.90652e-08 -1.30184e-08 -1.69973e-08 -2.90652e-08 -3.17543e-08 -1.69973e-08 -1.85739e-08 -1.30184e-08 -1.69973e-08 -6.16736e-09 -8.09324e-09 -1.69973e-08 -1.85739e-08 -8.09324e-09 -8.85055e-09 -1.83249e-09 -3.84095e-09 -4.17731e-10 -1.07419e-09 -3.84095e-09 -6.16736e-09 -1.07419e-09 -1.81075e-09 -4.17731e-10 -1.07419e-09 0 0 -1.07419e-09 -1.81075e-09 0 0 -6.16736e-09 -8.09324e-09 -1.81075e-09 -2.40645e-09 -8.09324e-09 -8.85055e-09 -2.40645e-09 -2.6378e-09 -1.81075e-09 -2.40645e-09 0 0 -2.40645e-09 -2.6378e-09 0 0 -1.16461e-07 -1.06944e-07 -9.10165e-08 -8.34762e-08 -1.06944e-07 -8.31886e-08 -8.34762e-08 -6.45972e-08 -9.10165e-08 -8.34762e-08 -6.81551e-08 -6.24735e-08 -8.34762e-08 -6.45972e-08 -6.24735e-08 -4.82048e-08 -8.31886e-08 -5.57921e-08 -6.45972e-08 -4.27657e-08 -5.57921e-08 -3.32735e-08 -4.27657e-08 -2.48987e-08 -6.45972e-08 -4.27657e-08 -4.82048e-08 -3.16187e-08 -4.27657e-08 -2.48987e-08 -3.16187e-08 -1.79983e-08 -6.81551e-08 -6.24735e-08 -4.83223e-08 -4.42843e-08 -6.24735e-08 -4.82048e-08 -4.42843e-08 -3.41079e-08 -4.83223e-08 -4.42843e-08 -3.17543e-08 -2.90964e-08 -4.42843e-08 -3.41079e-08 -2.90964e-08 -2.23714e-08 -4.82048e-08 -3.16187e-08 -3.41079e-08 -2.21952e-08 -3.16187e-08 -1.79983e-08 -2.21952e-08 -1.23356e-08 -3.41079e-08 -2.21952e-08 -2.23714e-08 -1.44314e-08 -2.21952e-08 -1.23356e-08 -1.44314e-08 -7.78935e-09 -3.32735e-08 -1.85963e-08 -2.48987e-08 -1.34476e-08 -1.85963e-08 -1.057e-08 -1.34476e-08 -7.39965e-09 -2.48987e-08 -1.34476e-08 -1.79983e-08 -9.31172e-09 -1.34476e-08 -7.39965e-09 -9.31172e-09 -4.83862e-09 -1.057e-08 -6.65594e-09 -7.39965e-09 -4.62009e-09 -6.65594e-09 -4.76587e-09 -4.62009e-09 -3.37714e-09 -7.39965e-09 -4.62009e-09 -4.83862e-09 -2.91742e-09 -4.62009e-09 -3.37714e-09 -2.91742e-09 -2.16383e-09 -1.79983e-08 -9.31172e-09 -1.23356e-08 -6.03451e-09 -9.31172e-09 -4.83862e-09 -6.03451e-09 -2.84931e-09 -1.23356e-08 -6.03451e-09 -7.78935e-09 -3.51787e-09 -6.03451e-09 -2.84931e-09 -3.51787e-09 -1.38941e-09 -4.83862e-09 -2.91742e-09 -2.84931e-09 -1.57989e-09 -2.91742e-09 -2.16383e-09 -1.57989e-09 -1.17785e-09 -2.84931e-09 -1.57989e-09 -1.38941e-09 -6.10267e-10 -1.57989e-09 -1.17785e-09 -6.10267e-10 -4.43681e-10 -3.17543e-08 -2.90964e-08 -1.85739e-08 -1.70135e-08 -2.90964e-08 -2.23714e-08 -1.70135e-08 -1.30469e-08 -1.85739e-08 -1.70135e-08 -8.85055e-09 -8.09963e-09 -1.70135e-08 -1.30469e-08 -8.09963e-09 -6.1794e-09 -2.23714e-08 -1.44314e-08 -1.30469e-08 -8.31508e-09 -1.44314e-08 -7.78935e-09 -8.31508e-09 -4.30344e-09 -1.30469e-08 -8.31508e-09 -6.1794e-09 -3.85774e-09 -8.31508e-09 -4.30344e-09 -3.85774e-09 -1.85343e-09 -8.85055e-09 -8.09963e-09 -2.6378e-09 -2.40761e-09 -8.09963e-09 -6.1794e-09 -2.40761e-09 -1.81359e-09 -2.6378e-09 -2.40761e-09 0 0 -2.40761e-09 -1.81359e-09 0 0 -6.1794e-09 -3.85774e-09 -1.81359e-09 -1.07924e-09 -3.85774e-09 -1.85343e-09 -1.07924e-09 -4.25189e-10 -1.81359e-09 -1.07924e-09 0 0 -1.07924e-09 -4.25189e-10 0 0 -7.78935e-09 -3.51787e-09 -4.30344e-09 -1.69879e-09 -3.51787e-09 -1.38941e-09 -1.69879e-09 -4.16934e-10 -4.30344e-09 -1.69879e-09 -1.85343e-09 -5.3323e-10 -1.69879e-09 -4.16934e-10 -5.3323e-10 1.09105e-10 -1.38941e-09 -6.10267e-10 -4.16934e-10 5.62929e-12 -6.10267e-10 -4.43681e-10 5.62929e-12 3.25182e-11 -4.16934e-10 5.62929e-12 1.09105e-10 2.91745e-10 5.62929e-12 3.25182e-11 2.91745e-10 2.56326e-10 -1.85343e-09 -5.3323e-10 -4.25189e-10 1.77095e-11 -5.3323e-10 1.09105e-10 1.77095e-11 2.31602e-10 -4.25189e-10 1.77095e-11 0 0 1.77095e-11 2.31602e-10 0 0 1.09105e-10 2.91745e-10 2.31602e-10 2.78254e-10 2.91745e-10 2.56326e-10 2.78254e-10 2.40282e-10 2.31602e-10 2.78254e-10 0 0 2.78254e-10 2.40282e-10 0 0 -4.76587e-09 -3.71998e-09 -3.37714e-09 -2.71723e-09 -3.71998e-09 -3.01117e-09 -2.71723e-09 -2.25417e-09 -3.37714e-09 -2.71723e-09 -2.16383e-09 -1.81021e-09 -2.71723e-09 -2.25417e-09 -1.81021e-09 -1.55519e-09 -3.01117e-09 -2.46884e-09 -2.25417e-09 -1.87802e-09 -2.46884e-09 -2.04478e-09 -1.87802e-09 -1.57124e-09 -2.25417e-09 -1.87802e-09 -1.55519e-09 -1.32692e-09 -1.87802e-09 -1.57124e-09 -1.32692e-09 -1.12689e-09 -2.16383e-09 -1.81021e-09 -1.17785e-09 -1.04564e-09 -1.81021e-09 -1.55519e-09 -1.04564e-09 -9.49405e-10 -1.17785e-09 -1.04564e-09 -4.43681e-10 -4.5261e-10 -1.04564e-09 -9.49405e-10 -4.5261e-10 -4.62758e-10 -1.55519e-09 -1.32692e-09 -9.49405e-10 -8.40814e-10 -1.32692e-09 -1.12689e-09 -8.40814e-10 -7.30435e-10 -9.49405e-10 -8.40814e-10 -4.62758e-10 -4.40722e-10 -8.40814e-10 -7.30435e-10 -4.40722e-10 -3.9894e-10 -2.04478e-09 -1.71498e-09 -1.57124e-09 -1.32581e-09 -1.71498e-09 -1.43632e-09 -1.32581e-09 -1.10695e-09 -1.57124e-09 -1.32581e-09 -1.12689e-09 -9.5748e-10 -1.32581e-09 -1.10695e-09 -9.5748e-10 -7.89866e-10 -1.43632e-09 -1.09799e-09 -1.10695e-09 -8.12017e-10 -1.09799e-09 0 -8.12017e-10 0 -1.10695e-09 -8.12017e-10 -7.89866e-10 -5.19189e-10 -8.12017e-10 0 -5.19189e-10 0 -1.12689e-09 -9.5748e-10 -7.30435e-10 -6.2564e-10 -9.5748e-10 -7.89866e-10 -6.2564e-10 -5.0144e-10 -7.30435e-10 -6.2564e-10 -3.9894e-10 -3.45785e-10 -6.2564e-10 -5.0144e-10 -3.45785e-10 -2.60935e-10 -7.89866e-10 -5.19189e-10 -5.0144e-10 -2.80991e-10 -5.19189e-10 0 -2.80991e-10 0 -5.0144e-10 -2.80991e-10 -2.60935e-10 -1.01267e-10 -2.80991e-10 0 -1.01267e-10 0 -4.43681e-10 -4.5261e-10 3.25182e-11 -4.71525e-11 -4.5261e-10 -4.62758e-10 -4.71525e-11 -1.13676e-10 3.25182e-11 -4.71525e-11 2.56326e-10 1.63858e-10 -4.71525e-11 -1.13676e-10 1.63858e-10 8.52245e-11 -4.62758e-10 -4.40722e-10 -1.13676e-10 -1.43902e-10 -4.40722e-10 -3.9894e-10 -1.43902e-10 -1.47701e-10 -1.13676e-10 -1.43902e-10 8.52245e-11 3.56951e-11 -1.43902e-10 -1.47701e-10 3.56951e-11 9.92027e-12 2.56326e-10 1.63858e-10 2.40282e-10 1.79214e-10 1.63858e-10 8.52245e-11 1.79214e-10 1.2531e-10 2.40282e-10 1.79214e-10 0 0 1.79214e-10 1.2531e-10 0 0 8.52245e-11 3.56951e-11 1.2531e-10 8.67808e-11 3.56951e-11 9.92027e-12 8.67808e-11 6.2425e-11 1.2531e-10 8.67808e-11 0 0 8.67808e-11 6.2425e-11 0 0 -3.9894e-10 -3.45785e-10 -1.47701e-10 -1.31981e-10 -3.45785e-10 -2.60935e-10 -1.31981e-10 -8.25939e-11 -1.47701e-10 -1.31981e-10 9.92027e-12 3.55369e-12 -1.31981e-10 -8.25939e-11 3.55369e-12 2.40905e-11 -2.60935e-10 -1.01267e-10 -8.25939e-11 1.92778e-11 -1.01267e-10 0 1.92778e-11 0 -8.25939e-11 1.92778e-11 2.40905e-11 7.7645e-11 1.92778e-11 0 7.7645e-11 0 9.92027e-12 3.55369e-12 6.2425e-11 5.05336e-11 3.55369e-12 2.40905e-11 5.05336e-11 5.32138e-11 6.2425e-11 5.05336e-11 0 0 5.05336e-11 5.32138e-11 0 0 2.40905e-11 7.7645e-11 5.32138e-11 6.95607e-11 7.7645e-11 0 6.95607e-11 0 5.32138e-11 6.95607e-11 0 0 6.95607e-11 0 0 0 
SCALARS x_dis double 1
LOOKUP_TABLE default
0 0 0 -0.000204454 0 0 -0.000204454 -0.000306065 0 -0.000204454 0 -0.000338845 -0.000204454 -0.000306065 -0.000338845 -0.000560867 0 0 -0.000306065 -0.000420954 0 0 -0.000420954 -0.000578823 -0.000306065 -0.000420954 -0.000560867 -0.000798412 -0.000420954 -0.000578823 -0.000798412 -0.00111241 0 -0.000338845 0 -0.000430374 -0.000338845 -0.000560867 -0.000430374 -0.00076461 0 -0.000430374 0 -0.000492041 -0.000430374 -0.00076461 -0.000492041 -0.000916856 -0.000560867 -0.000798412 -0.00076461 -0.001123 -0.000798412 -0.00111241 -0.001123 -0.00158711 -0.00076461 -0.001123 -0.000916856 -0.00138787 -0.001123 -0.00158711 -0.00138787 -0.00199167 0 0 -0.000578823 -0.000791953 0 0 -0.000791953 -0.00106356 -0.000578823 -0.000791953 -0.00111241 -0.00152949 -0.000791953 -0.00106356 -0.00152949 -0.0020612 0 0 -0.00106356 -0.00138973 0 0 -0.00138973 -0.00175832 -0.00106356 -0.00138973 -0.0020612 -0.00270888 -0.00138973 -0.00175832 -0.00270888 -0.00346196 -0.00111241 -0.00152949 -0.00158711 -0.00219629 -0.00152949 -0.0020612 -0.00219629 -0.00297454 -0.00158711 -0.00219629 -0.00199167 -0.00277695 -0.00219629 -0.00297454 -0.00277695 -0.00378334 -0.0020612 -0.00270888 -0.00297454 -0.00393722 -0.00270888 -0.00346196 -0.00393722 -0.00508799 -0.00297454 -0.00393722 -0.00378334 -0.00504813 -0.00393722 -0.00508799 -0.00504813 -0.00660135 0 -0.000492041 0 -0.000525461 -0.000492041 -0.000916856 -0.000525461 -0.00101606 0 -0.000525461 0 -0.000522559 -0.000525461 -0.00101606 -0.000522559 -0.00105887 -0.000916856 -0.00138787 -0.00101606 -0.00158813 -0.00138787 -0.00199167 -0.00158813 -0.00231704 -0.00101606 -0.00158813 -0.00105887 -0.00172112 -0.00158813 -0.00231704 -0.00172112 -0.00255663 0 -0.000522559 0 -0.000458679 -0.000522559 -0.00105887 -0.000458679 -0.00104401 0 -0.000458679 0 -0.000292461 -0.000458679 -0.00104401 -0.000292461 -0.000972138 -0.00105887 -0.00172112 -0.00104401 -0.00178699 -0.00172112 -0.00255663 -0.00178699 -0.00270654 -0.00104401 -0.00178699 -0.000972138 -0.00179024 -0.00178699 -0.00270654 -0.00179024 -0.00276614 -0.00199167 -0.00277695 -0.00231704 -0.00325715 -0.00277695 -0.00378334 -0.00325715 -0.00446592 -0.00231704 -0.00325715 -0.00255663 -0.00362412 -0.00325715 -0.00446592 -0.00362412 -0.00500009 -0.00378334 -0.00504813 -0.00446592 -0.00600909 -0.00504813 -0.00660135 -0.00600909 -0.00795496 -0.00446592 -0.00600909 -0.00500009 -0.00678285 -0.00600909 -0.00795496 -0.00678285 -0.00908981 -0.00255663 -0.00362412 -0.00270654 -0.00386736 -0.00362412 -0.00500009 -0.00386736 -0.00536462 -0.00270654 -0.00386736 -0.00276614 -0.00397962 -0.00386736 -0.00536462 -0.00397962 -0.00554142 -0.00500009 -0.00678285 -0.00536462 -0.00732932 -0.00678285 -0.00908981 -0.00732932 -0.00993562 -0.00536462 -0.00732932 -0.00554142 -0.00760865 -0.00732932 -0.00993562 -0.00760865 -0.0104123 0 0 -0.00175832 -0.00215052 0 0 -0.00215052 -0.002545 -0.00175832 -0.00215052 -0.00346196 -0.0042975 -0.00215052 -0.002545 -0.0042975 -0.00517753 0 0 -0.002545 -0.00291015 0 0 -0.00291015 -0.00316624 -0.002545 -0.00291015 -0.00517753 -0.00601997 -0.00291015 -0.00316624 -0.00601997 -0.00662205 -0.00346196 -0.0042975 -0.00508799 -0.00641215 -0.0042975 -0.00517753 -0.00641215 -0.0078578 -0.00508799 -0.00641215 -0.00660135 -0.00844981 -0.00641215 -0.0078578 -0.00844981 -0.0105337 -0.00517753 -0.00601997 -0.0078578 -0.00927557 -0.00601997 -0.00662205 -0.00927557 -0.0103046 -0.0078578 -0.00927557 -0.0105337 -0.0126253 -0.00927557 -0.0103046 -0.0126253 -0.0141752 0 0 -0.00316624 -0.00313986 0 0 -0.00313986 -0.00259836 -0.00316624 -0.00313986 -0.00662205 -0.00659287 -0.00313986 -0.00259836 -0.00659287 -0.00545409 0 0 -0.00259836 -0.00142158 0 0 -0.00142158 0.000209348 -0.00259836 -0.00142158 -0.00545409 -0.00298844 -0.00142158 0.000209348 -0.00298844 0.000409028 -0.00662205 -0.00659287 -0.0103046 -0.0103014 -0.00659287 -0.00545409 -0.0103014 -0.00852833 -0.0103046 -0.0103014 -0.0141752 -0.0142503 -0.0103014 -0.00852833 -0.0142503 -0.0118282 -0.00545409 -0.00298844 -0.00852833 -0.00468321 -0.00298844 0.000409028 -0.00468321 0.000599371 -0.00852833 -0.00468321 -0.0118282 -0.00651844 -0.00468321 0.000599371 -0.00651844 0.000780787 -0.00660135 -0.00844981 -0.00795496 -0.0103484 -0.00844981 -0.0105337 -0.0103484 -0.0131366 -0.00795496 -0.0103484 -0.00908981 -0.0120253 -0.0103484 -0.0131366 -0.0120253 -0.0155732 -0.0105337 -0.0126253 -0.0131366 -0.0160137 -0.0126253 -0.0141752 -0.0160137 -0.0182168 -0.0131366 -0.0160137 -0.0155732 -0.0193721 -0.0160137 -0.0182168 -0.0193721 -0.0224318 -0.00908981 -0.0120253 -0.00993562 -0.0133733 -0.0120253 -0.0155732 -0.0133733 -0.0177146 -0.00993562 -0.0133733 -0.0104123 -0.0142541 -0.0133733 -0.0177146 -0.0142541 -0.0193737 -0.0155732 -0.0193721 -0.0177146 -0.0226032 -0.0193721 -0.0224318 -0.0226032 -0.0268359 -0.0177146 -0.0226032 -0.0193737 -0.0255488 -0.0226032 -0.0268359 -0.0255488 -0.0314449 -0.0141752 -0.0142503 -0.0182168 -0.0184742 -0.0142503 -0.0118282 -0.0184742 -0.0154224 -0.0182168 -0.0184742 -0.0224318 -0.0230696 -0.0184742 -0.0154224 -0.0230696 -0.019465 -0.0118282 -0.00651844 -0.0154224 -0.00854995 -0.00651844 0.000780787 -0.00854995 0.000953748 -0.0154224 -0.00854995 -0.019465 -0.0108963 -0.00854995 0.000953748 -0.0108963 0.00111875 -0.0224318 -0.0230696 -0.0268359 -0.0282135 -0.0230696 -0.019465 -0.0282135 -0.0242329 -0.0268359 -0.0282135 -0.0314449 -0.0342024 -0.0282135 -0.0242329 -0.0342024 -0.0302109 -0.019465 -0.0108963 -0.0242329 -0.0137695 -0.0108963 0.00111875 -0.0137695 0.0012762 -0.0242329 -0.0137695 -0.0302109 -0.0175463 -0.0137695 0.0012762 -0.0175463 0.00142628 0 0 0.000209348 0.00183647 0 0 0.00183647 0.00300306 0.000209348 0.00183647 0.000409028 0.00379876 0.00183647 0.00300306 0.00379876 0.00624367 0 0 0.00300306 0.00353073 0 0 0.00353073 0.00354201 0.00300306 0.00353073 0.00624367 0.00735424 0.00353073 0.00354201 0.00735424 0.00735272 0.000409028 0.00379876 0.000599371 0.00587 0.00379876 0.00624367 0.00587 0.00968316 0.000599371 0.00587 0.000780787 0.00806342 0.00587 0.00968316 0.00806342 0.013329 0.00624367 0.00735424 0.00968316 0.0114129 0.00735424 0.00735272 0.0114129 0.0113693 0.00968316 0.0114129 0.013329 0.0156915 0.0114129 0.0113693 0.0156915 0.0155529 0 0 0.00354201 0.0032707 0 0 0.0032707 0.00289033 0.00354201 0.0032707 0.00735272 0.00672 0.0032707 0.00289033 0.00672 0.00584733 0 0 0.00289033 0.00248016 0 0 0.00248016 0.00207084 0.00289033 0.00248016 0.00584733 0.00493648 0.00248016 0.00207084 0.00493648 0.00406749 0.00735272 0.00672 0.0113693 0.0102941 0.00672 0.00584733 0.0102941 0.0088315 0.0113693 0.0102941 0.0155529 0.0139414 0.0102941 0.0088315 0.0139414 0.0117909 0.00584733 0.00493648 0.0088315 0.00734067 0.00493648 0.00406749 0.00734067 0.00596786 0.0088315 0.00734067 0.0117909 0.00964846 0.00734067 0.00596786 0.00964846 0.0077376 0.000780787 0.00806342 0.000953748 0.0104356 0.00806342 0.013329 0.0104356 0.0172502 0.000953748 0.0104356 0.00111875 0.013106 0.0104356 0.0172502 0.013106 0.0216014 0.013329 0.0156915 0.0172502 0.0202249 0.0156915 0.0155529 0.0202249 0.0198865 0.0172502 0.0202249 0.0216014 0.0251094 0.0202249 0.0198865 0.0251094 0.024372 0.00111875 0.013106 0.0012762 0.0162874 0.013106 0.0216014 0.0162874 0.0266601 0.0012762 0.0162874 0.00142628 0.0203572 0.0162874 0.0266601 0.0203572 0.0329119 0.0216014 0.0251094 0.0266601 0.0305223 0.0251094 0.024372 0.0305223 0.029025 0.0266601 0.0305223 0.0329119 0.0367606 0.0305223 0.029025 0.0367606 0.0338611 0.0155529 0.0139414 0.0198865 0.0176062 0.0139414 0.0117909 0.0176062 0.0146569 0.0198865 0.0176062 0.024372 0.0212197 0.0176062 0.0146569 0.0212197 0.0173362 0.0117909 0.00964846 0.0146569 0.0117981 0.00964846 0.0077376 0.0117981 0.0093302 0.0146569 0.0117981 0.0173362 0.0137071 0.0117981 0.0093302 0.0137071 0.0106871 0.024372 0.0212197 0.029025 0.0246843 0.0212197 0.0173362 0.0246843 0.0196997 0.029025 0.0246843 0.0338611 0.0278411 0.0246843 0.0196997 0.0278411 0.02156 0.0173362 0.0137071 0.0196997 0.0152684 0.0137071 0.0106871 0.0152684 0.0117382 0.0196997 0.0152684 0.02156 0.0163437 0.0152684 0.0117382 0.0163437 0.0124037 0 0 0.00207084 0.001682 0 0 0.001682 0.00132952 0.00207084 0.001682 0.00406749 0.00327507 0.001682 0.00132952 0.00327507 0.00257704 0 0 0.00132952 0.00102076 0 0 0.00102076 0.000752929 0.00132952 0.00102076 0.00257704 0.00197598 0.00102076 0.000752929 0.00197598 0.00145987 0.00406749 0.00327507 0.00596786 0.00476043 0.00327507 0.00257704 0.00476043 0.00372646 0.00596786 0.00476043 0.0077376 0.0061125 0.00476043 0.00372646 0.0061125 0.00475899 0.00257704 0.00197598 0.00372646 0.00285264 0.00197598 0.00145987 0.00285264 0.00211101 0.00372646 0.00285264 0.00475899 0.00363704 0.00285264 0.00211101 0.00363704 0.00269653 0 0 0.000752929 0.000517621 0 0 0.000517621 0.000311146 0.000752929 0.000517621 0.00145987 0.00100917 0.000517621 0.000311146 0.00100917 0.000611189 0 0 0.000311146 0.000147131 0 0 0.000147131 0 0.000311146 0.000147131 0.000611189 0.00027696 0.000147131 0 0.00027696 0 0.00145987 0.00100917 0.00211101 0.00146735 0.00100917 0.000611189 0.00146735 0.00089463 0.00211101 0.00146735 0.00269653 0.0018857 0.00146735 0.00089463 0.0018857 0.00115953 0.000611189 0.00027696 0.00089463 0.000394017 0.00027696 0 0.000394017 0 0.00089463 0.000394017 0.00115953 0.000504136 0.000394017 0 0.000504136 0 0.0077376 0.0061125 0.0093302 0.00729956 0.0061125 0.00475899 0.00729956 0.0056537 0.0093302 0.00729956 0.0106871 0.00828478 0.00729956 0.0056537 0.00828478 0.0063885 0.00475899 0.00363704 0.0056537 0.00431514 0.00363704 0.00269653 0.00431514 0.00320674 0.0056537 0.00431514 0.0063885 0.0048732 0.00431514 0.00320674 0.0048732 0.0036323 0.0106871 0.00828478 0.0117382 0.00902836 0.00828478 0.0063885 0.00902836 0.00694185 0.0117382 0.00902836 0.0124037 0.00949066 0.00902836 0.00694185 0.00949066 0.00729521 0.0063885 0.0048732 0.00694185 0.00529886 0.0048732 0.0036323 0.00529886 0.00396472 0.00694185 0.00529886 0.00729521 0.0055824 0.00529886 0.00396472 0.0055824 0.00419679 0.00269653 0.0018857 0.00320674 0.00225822 0.0018857 0.00115953 0.00225822 0.0014067 0.00320674 0.00225822 0.0036323 0.00257875 0.00225822 0.0014067 0.00257875 0.00163683 0.00115953 0.000504136 0.0014067 0.000613718 0.000504136 0 0.000613718 0 0.0014067 0.000613718 0.00163683 0.00073413 0.000613718 0 0.00073413 0 0.0036323 0.00257875 0.00396472 0.00284053 0.00257875 0.00163683 0.00284053 0.00184486 0.00396472 0.00284053 0.00419679 0.00303575 0.00284053 0.00184486 0.00303575 0.00202592 0.00163683 0.00073413 0.00184486 0.000889565 0.00073413 0 0.000889565 0 0.00184486 0.000889565 0.00202592 0.00109697 0.000889565 0 0.00109697 0 0 -0.000292461 0 -0.000298737 -0.000292461 -0.000972138 -0.000298737 -0.000974912 0 -0.000298737 0 -0.000293889 -0.000298737 -0.000974912 -0.000293889 -0.000979658 -0.000972138 -0.00179024 -0.000974912 -0.00185522 -0.00179024 -0.00276614 -0.00185522 -0.0029407 -0.000974912 -0.00185522 -0.000979658 -0.00191867 -0.00185522 -0.0029407 -0.00191867 -0.00310202 0 -0.000293889 0 -0.000285789 -0.000293889 -0.000979658 -0.000285789 -0.000986007 0 -0.000285789 0 -0.00027953 -0.000285789 -0.000986007 -0.00027953 -0.000993281 -0.000979658 -0.00191867 -0.000986007 -0.00197743 -0.00191867 -0.00310202 -0.00197743 -0.00324546 -0.000986007 -0.00197743 -0.000993281 -0.00202897 -0.00197743 -0.00324546 -0.00202897 -0.00336735 -0.00276614 -0.00397962 -0.0029407 -0.00429859 -0.00397962 -0.00554142 -0.00429859 -0.00603238 -0.0029407 -0.00429859 -0.00310202 -0.00458673 -0.00429859 -0.00603238 -0.00458673 -0.00646601 -0.00554142 -0.00760865 -0.00603238 -0.00828175 -0.00760865 -0.0104123 -0.00828175 -0.0112256 -0.00603238 -0.00828175 -0.00646601 -0.00885767 -0.00828175 -0.0112256 -0.00885767 -0.0118884 -0.00310202 -0.00458673 -0.00324546 -0.0048381 -0.00458673 -0.00646601 -0.0048381 -0.00683696 -0.00324546 -0.0048381 -0.00336735 -0.00504834 -0.0048381 -0.00683696 -0.00504834 -0.00714206 -0.00646601 -0.00885767 -0.00683696 -0.00933684 -0.00885767 -0.0118884 -0.00933684 -0.0124164 -0.00683696 -0.00933684 -0.00714206 -0.00972168 -0.00933684 -0.0124164 -0.00972168 -0.0128245 0 -0.00027953 0 -0.000275853 -0.00027953 -0.000993281 -0.000275853 -0.00100057 0 -0.000275853 0 -0.000274066 -0.000275853 -0.00100057 -0.000274066 -0.00100681 -0.000993281 -0.00202897 -0.00100057 -0.00207128 -0.00202897 -0.00336735 -0.00207128 -0.00346489 -0.00100057 -0.00207128 -0.00100681 -0.00210272 -0.00207128 -0.00346489 -0.00210272 -0.00353598 0 -0.000274066 0 -0.000273357 -0.000274066 -0.00100681 -0.000273357 -0.00101101 0 -0.000273357 0 -0.000273182 -0.000273357 -0.00101101 -0.000273182 -0.00101249 -0.00100681 -0.00210272 -0.00101101 -0.00212208 -0.00210272 -0.00353598 -0.00212208 -0.00357919 -0.00101101 -0.00212208 -0.00101249 -0.00212862 -0.00212208 -0.00357919 -0.00212862 -0.00359368 -0.00336735 -0.00504834 -0.00346489 -0.0052144 -0.00504834 -0.00714206 -0.0052144 -0.00737978 -0.00346489 -0.0052144 -0.00353598 -0.00533426 -0.0052144 -0.00737978 -0.00533426 -0.00754955 -0.00714206 -0.00972168 -0.00737978 -0.0100157 -0.00972168 -0.0128245 -0.0100157 -0.0131264 -0.00737978 -0.0100157 -0.00754955 -0.0102225 -0.0100157 -0.0131264 -0.0102225 -0.0133335 -0.00353598 -0.00533426 -0.00357919 -0.00540662 -0.00533426 -0.00754955 -0.00540662 -0.00765134 -0.00357919 -0.00540662 -0.00359368 -0.00543082 -0.00540662 -0.00765134 -0.00543082 -0.00768525 -0.00754955 -0.0102225 -0.00765134 -0.0103453 -0.0102225 -0.0133335 -0.0103453 -0.0134542 -0.00765134 -0.0103453 -0.00768525 -0.0103859 -0.0103453 -0.0134542 -0.0103859 -0.0134939 -0.0104123 -0.0142541 -0.0112256 -0.0150477 -0.0142541 -0.0193737 -0.0150477 -0.0197922 -0.0112256 -0.0150477 -0.0118884 -0.0156404 -0.0150477 -0.0197922 -0.0156404 -0.0200112 -0.0193737 -0.0255488 -0.0197922 -0.0250391 -0.0255488 -0.0314449 -0.0250391 -0.0294752 -0.0197922 -0.0250391 -0.0200112 -0.0244628 -0.0250391 -0.0294752 -0.0244628 -0.0277539 -0.0118884 -0.0156404 -0.0124164 -0.0160742 -0.0156404 -0.0200112 -0.0160742 -0.0201011 -0.0124164 -0.0160742 -0.0128245 -0.0163833 -0.0160742 -0.0201011 -0.0163833 -0.0201135 -0.0200112 -0.0244628 -0.0201011 -0.0238923 -0.0244628 -0.0277539 -0.0238923 -0.0262971 -0.0201011 -0.0238923 -0.0201135 -0.0233763 -0.0238923 -0.0262971 -0.0233763 -0.0251108 -0.0314449 -0.0342024 -0.0294752 -0.0307514 -0.0342024 -0.0302109 -0.0307514 -0.0262391 -0.0294752 -0.0307514 -0.0277539 -0.0279604 -0.0307514 -0.0262391 -0.0279604 -0.0231618 -0.0302109 -0.0175463 -0.0262391 -0.0148244 -0.0175463 0.00142628 -0.0148244 0.00141873 -0.0262391 -0.0148244 -0.0231618 -0.0127654 -0.0148244 0.00141873 -0.0127654 0.00141386 -0.0277539 -0.0279604 -0.0262971 -0.0257332 -0.0279604 -0.0231618 -0.0257332 -0.0207893 -0.0262971 -0.0257332 -0.0251108 -0.0239995 -0.0257332 -0.0207893 -0.0239995 -0.0189922 -0.0231618 -0.0127654 -0.0207893 -0.0112086 -0.0127654 0.00141386 -0.0112086 0.0014109 -0.0207893 -0.0112086 -0.0189922 -0.0100477 -0.0112086 0.0014109 -0.0100477 0.00140922 -0.0128245 -0.0163833 -0.0131264 -0.0165955 -0.0163833 -0.0201135 -0.0165955 -0.020087 -0.0131264 -0.0165955 -0.0133335 -0.0167321 -0.0165955 -0.020087 -0.0167321 -0.0200497 -0.0201135 -0.0233763 -0.020087 -0.0229479 -0.0233763 -0.0251108 -0.0229479 -0.0241942 -0.020087 -0.0229479 -0.0200497 -0.0226286 -0.0229479 -0.0241942 -0.0226286 -0.0235437 -0.0133335 -0.0167321 -0.0134542 -0.0168081 -0.0167321 -0.0200497 -0.0168081 -0.0200201 -0.0134542 -0.0168081 -0.0134939 -0.0168324 -0.0168081 -0.0200201 -0.0168324 -0.0200091 -0.0200497 -0.0226286 -0.0200201 -0.0224322 -0.0226286 -0.0235437 -0.0224322 -0.0231554 -0.0200201 -0.0224322 -0.0200091 -0.0223659 -0.0224322 -0.0231554 -0.0223659 -0.0230262 -0.0251108 -0.0239995 -0.0241942 -0.0227046 -0.0239995 -0.0189922 -0.0227046 -0.017678 -0.0241942 -0.0227046 -0.0235437 -0.0218076 -0.0227046 -0.017678 -0.0218076 -0.0167816 -0.0189922 -0.0100477 -0.017678 -0.00920907 -0.0100477 0.00140922 -0.00920907 0.00140836 -0.017678 -0.00920907 -0.0167816 -0.00864211 -0.00920907 0.00140836 -0.00864211 0.00140798 -0.0235437 -0.0218076 -0.0231554 -0.0212805 -0.0218076 -0.0167816 -0.0212805 -0.0162601 -0.0231554 -0.0212805 -0.0230262 -0.0211066 -0.0212805 -0.0162601 -0.0211066 -0.0160889 -0.0167816 -0.00864211 -0.0162601 -0.00831415 -0.00864211 0.00140798 -0.00831415 0.00140784 -0.0162601 -0.00831415 -0.0160889 -0.00820681 -0.00831415 0.00140784 -0.00820681 0.00140781 0.00142628 0.0203572 0.00141873 0.0176272 0.0203572 0.0329119 0.0176272 0.0289492 0.00141873 0.0176272 0.00141386 0.0155638 0.0176272 0.0289492 0.0155638 0.0258809 0.0329119 0.0367606 0.0289492 0.033338 0.0367606 0.0338611 0.033338 0.0319344 0.0289492 0.033338 0.0258809 0.0305713 0.033338 0.0319344 0.0305713 0.0302495 0.00141386 0.0155638 0.0014109 0.0140051 0.0155638 0.0258809 0.0140051 0.0235167 0.0014109 0.0140051 0.00140922 0.0128439 0.0140051 0.0235167 0.0128439 0.0217271 0.0258809 0.0305713 0.0235167 0.0283645 0.0305713 0.0302495 0.0283645 0.0288231 0.0235167 0.0283645 0.0217271 0.0266474 0.0283645 0.0288231 0.0266474 0.0276614 0.0338611 0.0278411 0.0319344 0.0273823 0.0278411 0.02156 0.0273823 0.0220328 0.0319344 0.0273823 0.0302495 0.0268497 0.0273823 0.0220328 0.0268497 0.0222988 0.02156 0.0163437 0.0220328 0.0171928 0.0163437 0.0124037 0.0171928 0.0132725 0.0220328 0.0171928 0.0222988 0.0178332 0.0171928 0.0132725 0.0178332 0.0139821 0.0302495 0.0268497 0.0288231 0.0263158 0.0268497 0.0222988 0.0263158 0.0224281 0.0288231 0.0263158 0.0276614 0.0258295 0.0263158 0.0224281 0.0258295 0.0224726 0.0222988 0.0178332 0.0224281 0.0183069 0.0178332 0.0139821 0.0183069 0.0145484 0.0224281 0.0183069 0.0224726 0.0186484 0.0183069 0.0145484 0.0186484 0.014987 0.00140922 0.0128439 0.00140836 0.0120057 0.0128439 0.0217271 0.0120057 0.0204189 0.00140836 0.0120057 0.00140798 0.0114395 0.0120057 0.0204189 0.0114395 0.0195271 0.0217271 0.0266474 0.0204189 0.0253655 0.0266474 0.0276614 0.0253655 0.0267638 0.0204189 0.0253655 0.0195271 0.0244778 0.0253655 0.0267638 0.0244778 0.0261267 0.00140798 0.0114395 0.00140784 0.0111121 0.0114395 0.0195271 0.0111121 0.0190083 0.00140784 0.0111121 0.00140781 0.011005 0.0111121 0.0190083 0.011005 0.0188381 0.0195271 0.0244778 0.0190083 0.0239562 0.0244778 0.0261267 0.0239562 0.0257464 0.0190083 0.0239562 0.0188381 0.0237842 0.0239562 0.0257464 0.0237842 0.0256199 0.0276614 0.0258295 0.0267638 0.025424 0.0258295 0.0224726 0.025424 0.0224711 0.0267638 0.025424 0.0261267 0.0251211 0.025424 0.0224711 0.0251211 0.0224514 0.0224726 0.0186484 0.0224711 0.0188854 0.0186484 0.014987 0.0188854 0.0153119 0.0224711 0.0188854 0.0224514 0.0190396 0.0188854 0.0153119 0.0190396 0.015535 0.0261267 0.0251211 0.0257464 0.0249344 0.0251211 0.0224514 0.0249344 0.0224323 0.0257464 0.0249344 0.0256199 0.0248714 0.0249344 0.0224323 0.0248714 0.0224248 0.0224514 0.0190396 0.0224323 0.0191261 0.0190396 0.015535 0.0191261 0.0156653 0.0224323 0.0191261 0.0224248 0.0191539 0.0191261 0.0156653 0.0191539 0.015708 0.0124037 0.00949066 0.0132725 0.0102177 0.00949066 0.00729521 0.0102177 0.00783564 0.0132725 0.0102177 0.0139821 0.0108372 0.0102177 0.00783564 0.0108372 0.00830572 0.00729521 0.0055824 0.00783564 0.00594057 0.0055824 0.00419679 0.00594057 0.00438943 0.00783564 0.00594057 0.00830572 0.0062513 0.00594057 0.00438943 0.0062513 0.00454821 0.0139821 0.0108372 0.0145484 0.0113505 0.0108372 0.00830572 0.0113505 0.0087024 0.0145484 0.0113505 0.014987 0.0117613 0.0113505 0.0087024 0.0117613 0.00902483 0.00830572 0.0062513 0.0087024 0.00651313 0.0062513 0.00454821 0.00651313 0.00467654 0.0087024 0.00651313 0.00902483 0.00672585 0.00651313 0.00467654 0.00672585 0.00477756 0.00419679 0.00303575 0.00438943 0.00307738 0.00303575 0.00202592 0.00307738 0.00192545 0.00438943 0.00307738 0.00454821 0.00309544 0.00307738 0.00192545 0.00309544 0.00181856 0.00202592 0.00109697 0.00192545 0.000874579 0.00109697 0 0.000874579 0 0.00192545 0.000874579 0.00181856 0.000685411 0.000874579 0 0.000685411 0 0.00454821 0.00309544 0.00467654 0.00310039 0.00309544 0.00181856 0.00310039 0.00172494 0.00467654 0.00310039 0.00477756 0.00309953 0.00310039 0.00172494 0.00309953 0.00165196 0.00181856 0.000685411 0.00172494 0.000568979 0.000685411 0 0.000568979 0 0.00172494 0.000568979 0.00165196 0.000502195 0.000568979 0 0.000502195 0 0.014987 0.0117613 0.0153119 0.0120741 0.0117613 0.00902483 0.0120741 0.0092736 0.0153119 0.0120741 0.015535 0.0122936 0.0120741 0.0092736 0.0122936 0.00944993 0.00902483 0.00672585 0.0092736 0.00689 0.00672585 0.00477756 0.00689 0.00485383 0.0092736 0.00689 0.00944993 0.00700642 0.00689 0.00485383 0.00700642 0.00490719 0.015535 0.0122936 0.0156653 0.0124237 0.0122936 0.00944993 0.0124237 0.00955509 0.0156653 0.0124237 0.015708 0.0124667 0.0124237 0.00955509 0.0124667 0.00959004 0.00944993 0.00700642 0.00955509 0.00707591 0.00700642 0.00490719 0.00707591 0.0049388 0.00955509 0.00707591 0.00959004 0.007099 0.00707591 0.0049388 0.007099 0.00494927 0.00477756 0.00309953 0.00485383 0.00309713 0.00309953 0.00165196 0.00309713 0.00160025 0.00485383 0.00309713 0.00490719 0.00309506 0.00309713 0.00160025 0.00309506 0.0015669 0.00165196 0.000502195 0.00160025 0.000464037 0.000502195 0 0.000464037 0 0.00160025 0.000464037 0.0015669 0.000442539 0.000464037 0 0.000442539 0 0.00490719 0.00309506 0.0049388 0.00309385 0.00309506 0.0015669 0.00309385 0.00154849 0.0049388 0.00309385 0.00494927 0.00309346 0.00309385 0.00154849 0.00309346 0.00154264 0.0015669 0.000442539 0.00154849 0.00043155 0.000442539 0 0.00043155 0 0.00154849 0.00043155 0.00154264 0.000428171 0.00043155 0 0.000428171 0 0 -0.000273182 0 -0.000273357 -0.000273182 -0.00101249 -0.000273357 -0.00101101 0 -0.000273357 0 -0.000274066 -0.000273357 -0.00101101 -0.000274066 -0.00100681 -0.00101249 -0.00212862 -0.00101101 -0.00212208 -0.00212862 -0.00359368 -0.00212208 -0.00357919 -0.00101101 -0.00212208 -0.00100681 -0.00210272 -0.00212208 -0.00357919 -0.00210272 -0.00353598 0 -0.000274066 0 -0.000275853 -0.000274066 -0.00100681 -0.000275853 -0.00100057 0 -0.000275853 0 -0.00027953 -0.000275853 -0.00100057 -0.00027953 -0.000993281 -0.00100681 -0.00210272 -0.00100057 -0.00207128 -0.00210272 -0.00353598 -0.00207128 -0.00346489 -0.00100057 -0.00207128 -0.000993281 -0.00202897 -0.00207128 -0.00346489 -0.00202897 -0.00336735 -0.00359368 -0.00543082 -0.00357919 -0.00540662 -0.00543082 -0.00768525 -0.00540662 -0.00765134 -0.00357919 -0.00540662 -0.00353598 -0.00533426 -0.00540662 -0.00765134 -0.00533426 -0.00754955 -0.00768525 -0.0103859 -0.00765134 -0.0103453 -0.0103859 -0.0134939 -0.0103453 -0.0134542 -0.00765134 -0.0103453 -0.00754955 -0.0102225 -0.0103453 -0.0134542 -0.0102225 -0.0133335 -0.00353598 -0.00533426 -0.00346489 -0.0052144 -0.00533426 -0.00754955 -0.0052144 -0.00737978 -0.00346489 -0.0052144 -0.00336735 -0.00504834 -0.0052144 -0.00737978 -0.00504834 -0.00714206 -0.00754955 -0.0102225 -0.00737978 -0.0100157 -0.0102225 -0.0133335 -0.0100157 -0.0131264 -0.00737978 -0.0100157 -0.00714206 -0.00972168 -0.0100157 -0.0131264 -0.00972168 -0.0128245 0 -0.00027953 0 -0.000285789 -0.00027953 -0.000993281 -0.000285789 -0.000986007 0 -0.000285789 0 -0.000293889 -0.000285789 -0.000986007 -0.000293889 -0.000979658 -0.000993281 -0.00202897 -0.000986007 -0.00197743 -0.00202897 -0.00336735 -0.00197743 -0.00324546 -0.000986007 -0.00197743 -0.000979658 -0.00191867 -0.00197743 -0.00324546 -0.00191867 -0.00310202 0 -0.000293889 0 -0.000298737 -0.000293889 -0.000979658 -0.000298737 -0.000974912 0 -0.000298737 0 -0.000292461 -0.000298737 -0.000974912 -0.000292461 -0.000972138 -0.000979658 -0.00191867 -0.000974912 -0.00185522 -0.00191867 -0.00310202 -0.00185522 -0.0029407 -0.000974912 -0.00185522 -0.000972138 -0.00179024 -0.00185522 -0.0029407 -0.00179024 -0.00276614 -0.00336735 -0.00504834 -0.00324546 -0.0048381 -0.00504834 -0.00714206 -0.0048381 -0.00683696 -0.00324546 -0.0048381 -0.00310202 -0.00458673 -0.0048381 -0.00683696 -0.00458673 -0.00646601 -0.00714206 -0.00972168 -0.00683696 -0.00933684 -0.00972168 -0.0128245 -0.00933684 -0.0124164 -0.00683696 -0.00933684 -0.00646601 -0.00885767 -0.00933684 -0.0124164 -0.00885767 -0.0118884 -0.00310202 -0.00458673 -0.0029407 -0.00429859 -0.00458673 -0.00646601 -0.00429859 -0.00603238 -0.0029407 -0.00429859 -0.00276614 -0.00397962 -0.00429859 -0.00603238 -0.00397962 -0.00554142 -0.00646601 -0.00885767 -0.00603238 -0.00828175 -0.00885767 -0.0118884 -0.00828175 -0.0112256 -0.00603238 -0.00828175 -0.00554142 -0.00760865 -0.00828175 -0.0112256 -0.00760865 -0.0104123 -0.0134939 -0.0168324 -0.0134542 -0.0168081 -0.0168324 -0.0200091 -0.0168081 -0.0200201 -0.0134542 -0.0168081 -0.0133335 -0.0167321 -0.0168081 -0.0200201 -0.0167321 -0.0200497 -0.0200091 -0.0223659 -0.0200201 -0.0224322 -0.0223659 -0.0230262 -0.0224322 -0.0231554 -0.0200201 -0.0224322 -0.0200497 -0.0226286 -0.0224322 -0.0231554 -0.0226286 -0.0235437 -0.0133335 -0.0167321 -0.0131264 -0.0165955 -0.0167321 -0.0200497 -0.0165955 -0.020087 -0.0131264 -0.0165955 -0.0128245 -0.0163833 -0.0165955 -0.020087 -0.0163833 -0.0201135 -0.0200497 -0.0226286 -0.020087 -0.0229479 -0.0226286 -0.0235437 -0.0229479 -0.0241942 -0.020087 -0.0229479 -0.0201135 -0.0233763 -0.0229479 -0.0241942 -0.0233763 -0.0251108 -0.0230262 -0.0211066 -0.0231554 -0.0212805 -0.0211066 -0.0160889 -0.0212805 -0.0162601 -0.0231554 -0.0212805 -0.0235437 -0.0218076 -0.0212805 -0.0162601 -0.0218076 -0.0167816 -0.0160889 -0.00820681 -0.0162601 -0.00831415 -0.00820681 0.00140781 -0.00831415 0.00140784 -0.0162601 -0.00831415 -0.0167816 -0.00864211 -0.00831415 0.00140784 -0.00864211 0.00140798 -0.0235437 -0.0218076 -0.0241942 -0.0227046 -0.0218076 -0.0167816 -0.0227046 -0.017678 -0.0241942 -0.0227046 -0.0251108 -0.0239995 -0.0227046 -0.017678 -0.0239995 -0.0189922 -0.0167816 -0.00864211 -0.017678 -0.00920907 -0.00864211 0.00140798 -0.00920907 0.00140836 -0.017678 -0.00920907 -0.0189922 -0.0100477 -0.00920907 0.00140836 -0.0100477 0.00140922 -0.0128245 -0.0163833 -0.0124164 -0.0160742 -0.0163833 -0.0201135 -0.0160742 -0.0201011 -0.0124164 -0.0160742 -0.0118884 -0.0156404 -0.0160742 -0.0201011 -0.0156404 -0.0200112 -0.0201135 -0.0233763 -0.0201011 -0.0238923 -0.0233763 -0.0251108 -0.0238923 -0.0262971 -0.0201011 -0.0238923 -0.0200112 -0.0244628 -0.0238923 -0.0262971 -0.0244628 -0.0277539 -0.0118884 -0.0156404 -0.0112256 -0.0150477 -0.0156404 -0.0200112 -0.0150477 -0.0197922 -0.0112256 -0.0150477 -0.0104123 -0.0142541 -0.0150477 -0.0197922 -0.0142541 -0.0193737 -0.0200112 -0.0244628 -0.0197922 -0.0250391 -0.0244628 -0.0277539 -0.0250391 -0.0294752 -0.0197922 -0.0250391 -0.0193737 -0.0255488 -0.0250391 -0.0294752 -0.0255488 -0.0314449 -0.0251108 -0.0239995 -0.0262971 -0.0257332 -0.0239995 -0.0189922 -0.0257332 -0.0207893 -0.0262971 -0.0257332 -0.0277539 -0.0279604 -0.0257332 -0.0207893 -0.0279604 -0.0231618 -0.0189922 -0.0100477 -0.0207893 -0.0112086 -0.0100477 0.00140922 -0.0112086 0.0014109 -0.0207893 -0.0112086 -0.0231618 -0.0127654 -0.0112086 0.0014109 -0.0127654 0.00141386 -0.0277539 -0.0279604 -0.0294752 -0.0307514 -0.0279604 -0.0231618 -0.0307514 -0.0262391 -0.0294752 -0.0307514 -0.0314449 -0.0342024 -0.0307514 -0.0262391 -0.0342024 -0.0302109 -0.0231618 -0.0127654 -0.0262391 -0.0148244 -0.0127654 0.00141386 -0.0148244 0.00141873 -0.0262391 -0.0148244 -0.0302109 -0.0175463 -0.0148244 0.00141873 -0.0175463 0.00142628 0.00140781 0.011005 0.00140784 0.0111121 0.011005 0.0188381 0.0111121 0.0190083 0.00140784 0.0111121 0.00140798 0.0114395 0.0111121 0.0190083 0.0114395 0.0195271 0.0188381 0.0237842 0.0190083 0.0239562 0.0237842 0.0256199 0.0239562 0.0257464 0.0190083 0.0239562 0.0195271 0.0244778 0.0239562 0.0257464 0.0244778 0.0261267 0.00140798 0.0114395 0.00140836 0.0120057 0.0114395 0.0195271 0.0120057 0.0204189 0.00140836 0.0120057 0.00140922 0.0128439 0.0120057 0.0204189 0.0128439 0.0217271 0.0195271 0.0244778 0.0204189 0.0253655 0.0244778 0.0261267 0.0253655 0.0267638 0.0204189 0.0253655 0.0217271 0.0266474 0.0253655 0.0267638 0.0266474 0.0276614 0.0256199 0.0248714 0.0257464 0.0249344 0.0248714 0.0224248 0.0249344 0.0224323 0.0257464 0.0249344 0.0261267 0.0251211 0.0249344 0.0224323 0.0251211 0.0224514 0.0224248 0.0191539 0.0224323 0.0191261 0.0191539 0.015708 0.0191261 0.0156653 0.0224323 0.0191261 0.0224514 0.0190396 0.0191261 0.0156653 0.0190396 0.015535 0.0261267 0.0251211 0.0267638 0.025424 0.0251211 0.0224514 0.025424 0.0224711 0.0267638 0.025424 0.0276614 0.0258295 0.025424 0.0224711 0.0258295 0.0224726 0.0224514 0.0190396 0.0224711 0.0188854 0.0190396 0.015535 0.0188854 0.0153119 0.0224711 0.0188854 0.0224726 0.0186484 0.0188854 0.0153119 0.0186484 0.014987 0.00140922 0.0128439 0.0014109 0.0140051 0.0128439 0.0217271 0.0140051 0.0235167 0.0014109 0.0140051 0.00141386 0.0155638 0.0140051 0.0235167 0.0155638 0.0258809 0.0217271 0.0266474 0.0235167 0.0283645 0.0266474 0.0276614 0.0283645 0.0288231 0.0235167 0.0283645 0.0258809 0.0305713 0.0283645 0.0288231 0.0305713 0.0302495 0.00141386 0.0155638 0.00141873 0.0176272 0.0155638 0.0258809 0.0176272 0.0289492 0.00141873 0.0176272 0.00142628 0.0203572 0.0176272 0.0289492 0.0203572 0.0329119 0.0258809 0.0305713 0.0289492 0.033338 0.0305713 0.0302495 0.033338 0.0319344 0.0289492 0.033338 0.0329119 0.0367606 0.033338 0.0319344 0.0367606 0.0338611 0.0276614 0.0258295 0.0288231 0.0263158 0.0258295 0.0224726 0.0263158 0.0224281 0.0288231 0.0263158 0.0302495 0.0268497 0.0263158 0.0224281 0.0268497 0.0222988 0.0224726 0.0186484 0.0224281 0.0183069 0.0186484 0.014987 0.0183069 0.0145484 0.0224281 0.0183069 0.0222988 0.0178332 0.0183069 0.0145484 0.0178332 0.0139821 0.0302495 0.0268497 0.0319344 0.0273823 0.0268497 0.0222988 0.0273823 0.0220328 0.0319344 0.0273823 0.0338611 0.0278411 0.0273823 0.0220328 0.0278411 0.02156 0.0222988 0.0178332 0.0220328 0.0171928 0.0178332 0.0139821 0.0171928 0.0132725 0.0220328 0.0171928 0.02156 0.0163437 0.0171928 0.0132725 0.0163437 0.0124037 0.015708 0.0124667 0.0156653 0.0124237 0.0124667 0.00959004 0.0124237 0.00955509 0.0156653 0.0124237 0.015535 0.0122936 0.0124237 0.00955509 0.0122936 0.00944993 0.00959004 0.007099 0.00955509 0.00707591 0.007099 0.00494927 0.00707591 0.0049388 0.00955509 0.00707591 0.00944993 0.00700642 0.00707591 0.0049388 0.00700642 0.00490719 0.015535 0.0122936 0.0153119 0.0120741 0.0122936 0.00944993 0.0120741 0.0092736 0.0153119 0.0120741 0.014987 0.0117613 0.0120741 0.0092736 0.0117613 0.00902483 0.00944993 0.00700642 0.0092736 0.00689 0.00700642 0.00490719 0.00689 0.00485383 0.0092736 0.00689 0.00902483 0.00672585 0.00689 0.00485383 0.00672585 0.00477756 0.00494927 0.00309346 0.0049388 0.00309385 0.00309346 0.00154264 0.00309385 0.00154849 0.0049388 0.00309385 0.00490719 0.00309506 0.00309385 0.00154849 0.00309506 0.0015669 0.00154264 0.000428171 0.00154849 0.00043155 0.000428171 0 0.00043155 0 0.00154849 0.00043155 0.0015669 0.000442539 0.00043155 0 0.000442539 0 0.00490719 0.00309506 0.00485383 0.00309713 0.00309506 0.0015669 0.00309713 0.00160025 0.00485383 0.00309713 0.00477756 0.00309953 0.00309713 0.00160025 0.00309953 0.00165196 0.0015669 0.000442539 0.00160025 0.000464037 0.000442539 0 0.000464037 0 0.00160025 0.000464037 0.00165196 0.000502195 0.000464037 0 0.000502195 0 0.014987 0.0117613 0.0145484 0.0113505 0.0117613 0.00902483 0.0113505 0.0087024 0.0145484 0.0113505 0.0139821 0.0108372 0.0113505 0.0087024 0.0108372 0.00830572 0.00902483 0.00672585 0.0087024 0.00651313 0.00672585 0.00477756 0.00651313 0.00467654 0.0087024 0.00651313 0.00830572 0.0062513 0.00651313 0.00467654 0.0062513 0.00454821 0.0139821 0.0108372 0.0132725 0.0102177 0.0108372 0.00830572 0.0102177 0.00783564 0.0132725 0.0102177 0.0124037 0.00949066 0.0102177 0.00783564 0.00949066 0.00729521 0.00830572 0.0062513 0.00783564 0.00594057 0.0062513 0.00454821 0.00594057 0.00438943 0.00783564 0.00594057 0.00729521 0.0055824 0.00594057 0.00438943 0.0055824 0.00419679 0.00477756 0.00309953 0.00467654 0.00310039 0.00309953 0.00165196 0.00310039 0.00172494 0.00467654 0.00310039 0.00454821 0.00309544 0.00310039 0.00172494 0.00309544 0.00181856 0.00165196 0.000502195 0.00172494 0.000568979 0.000502195 0 0.000568979 0 0.00172494 0.000568979 0.00181856 0.000685411 0.000568979 0 0.000685411 0 0.00454821 0.00309544 0.00438943 0.00307738 0.00309544 0.00181856 0.00307738 0.00192545 0.00438943 0.00307738 0.00419679 0.00303575 0.00307738 0.00192545 0.00303575 0.00202592 0.00181856 0.000685411 0.00192545 0.000874579 0.000685411 0 0.000874579 0 0.00192545 0.000874579 0.00202592 0.00109697 0.000874579 0 0.00109697 0 0 -0.000292461 0 -0.000458679 -0.000292461 -0.000972138 -0.000458679 -0.00104401 0 -0.000458679 0 -0.000522559 -0.000458679 -0.00104401 -0.000522559 -0.00105887 -0.000972138 -0.00179024 -0.00104401 -0.00178699 -0.00179024 -0.00276614 -0.00178699 -0.00270654 -0.00104401 -0.00178699 -0.00105887 -0.00172112 -0.00178699 -0.00270654 -0.00172112 -0.00255663 0 -0.000522559 0 -0.000525461 -0.000522559 -0.00105887 -0.000525461 -0.00101606 0 -0.000525461 0 -0.000492041 -0.000525461 -0.00101606 -0.000492041 -0.000916856 -0.00105887 -0.00172112 -0.00101606 -0.00158813 -0.00172112 -0.00255663 -0.00158813 -0.00231704 -0.00101606 -0.00158813 -0.000916856 -0.00138787 -0.00158813 -0.00231704 -0.00138787 -0.00199167 -0.00276614 -0.00397962 -0.00270654 -0.00386736 -0.00397962 -0.00554142 -0.00386736 -0.00536462 -0.00270654 -0.00386736 -0.00255663 -0.00362412 -0.00386736 -0.00536462 -0.00362412 -0.00500009 -0.00554142 -0.00760865 -0.00536462 -0.00732932 -0.00760865 -0.0104123 -0.00732932 -0.00993562 -0.00536462 -0.00732932 -0.00500009 -0.00678285 -0.00732932 -0.00993562 -0.00678285 -0.00908981 -0.00255663 -0.00362412 -0.00231704 -0.00325715 -0.00362412 -0.00500009 -0.00325715 -0.00446592 -0.00231704 -0.00325715 -0.00199167 -0.00277695 -0.00325715 -0.00446592 -0.00277695 -0.00378334 -0.00500009 -0.00678285 -0.00446592 -0.00600909 -0.00678285 -0.00908981 -0.00600909 -0.00795496 -0.00446592 -0.00600909 -0.00378334 -0.00504813 -0.00600909 -0.00795496 -0.00504813 -0.00660135 0 -0.000492041 0 -0.000430374 -0.000492041 -0.000916856 -0.000430374 -0.00076461 0 -0.000430374 0 -0.000338845 -0.000430374 -0.00076461 -0.000338845 -0.000560867 -0.000916856 -0.00138787 -0.00076461 -0.001123 -0.00138787 -0.00199167 -0.001123 -0.00158711 -0.00076461 -0.001123 -0.000560867 -0.000798412 -0.001123 -0.00158711 -0.000798412 -0.00111241 0 -0.000338845 0 -0.000204454 -0.000338845 -0.000560867 -0.000204454 -0.000306065 0 -0.000204454 0 0 -0.000204454 -0.000306065 0 0 -0.000560867 -0.000798412 -0.000306065 -0.000420954 -0.000798412 -0.00111241 -0.000420954 -0.000578823 -0.000306065 -0.000420954 0 0 -0.000420954 -0.000578823 0 0 -0.00199167 -0.00277695 -0.00158711 -0.00219629 -0.00277695 -0.00378334 -0.00219629 -0.00297454 -0.00158711 -0.00219629 -0.00111241 -0.00152949 -0.00219629 -0.00297454 -0.00152949 -0.0020612 -0.00378334 -0.00504813 -0.00297454 -0.00393722 -0.00504813 -0.00660135 -0.00393722 -0.00508799 -0.00297454 -0.00393722 -0.0020612 -0.00270888 -0.00393722 -0.00508799 -0.00270888 -0.00346196 -0.00111241 -0.00152949 -0.000578823 -0.000791953 -0.00152949 -0.0020612 -0.000791953 -0.00106356 -0.000578823 -0.000791953 0 0 -0.000791953 -0.00106356 0 0 -0.0020612 -0.00270888 -0.00106356 -0.00138973 -0.00270888 -0.00346196 -0.00138973 -0.00175832 -0.00106356 -0.00138973 0 0 -0.00138973 -0.00175832 0 0 -0.0104123 -0.0142541 -0.00993562 -0.0133733 -0.0142541 -0.0193737 -0.0133733 -0.0177146 -0.00993562 -0.0133733 -0.00908981 -0.0120253 -0.0133733 -0.0177146 -0.0120253 -0.0155732 -0.0193737 -0.0255488 -0.0177146 -0.0226032 -0.0255488 -0.0314449 -0.0226032 -0.0268359 -0.0177146 -0.0226032 -0.0155732 -0.0193721 -0.0226032 -0.0268359 -0.0193721 -0.0224318 -0.00908981 -0.0120253 -0.00795496 -0.0103484 -0.0120253 -0.0155732 -0.0103484 -0.0131366 -0.00795496 -0.0103484 -0.00660135 -0.00844981 -0.0103484 -0.0131366 -0.00844981 -0.0105337 -0.0155732 -0.0193721 -0.0131366 -0.0160137 -0.0193721 -0.0224318 -0.0160137 -0.0182168 -0.0131366 -0.0160137 -0.0105337 -0.0126253 -0.0160137 -0.0182168 -0.0126253 -0.0141752 -0.0314449 -0.0342024 -0.0268359 -0.0282135 -0.0342024 -0.0302109 -0.0282135 -0.0242329 -0.0268359 -0.0282135 -0.0224318 -0.0230696 -0.0282135 -0.0242329 -0.0230696 -0.019465 -0.0302109 -0.0175463 -0.0242329 -0.0137695 -0.0175463 0.00142628 -0.0137695 0.0012762 -0.0242329 -0.0137695 -0.019465 -0.0108963 -0.0137695 0.0012762 -0.0108963 0.00111875 -0.0224318 -0.0230696 -0.0182168 -0.0184742 -0.0230696 -0.019465 -0.0184742 -0.0154224 -0.0182168 -0.0184742 -0.0141752 -0.0142503 -0.0184742 -0.0154224 -0.0142503 -0.0118282 -0.019465 -0.0108963 -0.0154224 -0.00854995 -0.0108963 0.00111875 -0.00854995 0.000953748 -0.0154224 -0.00854995 -0.0118282 -0.00651844 -0.00854995 0.000953748 -0.00651844 0.000780787 -0.00660135 -0.00844981 -0.00508799 -0.00641215 -0.00844981 -0.0105337 -0.00641215 -0.0078578 -0.00508799 -0.00641215 -0.00346196 -0.0042975 -0.00641215 -0.0078578 -0.0042975 -0.00517753 -0.0105337 -0.0126253 -0.0078578 -0.00927557 -0.0126253 -0.0141752 -0.00927557 -0.0103046 -0.0078578 -0.00927557 -0.00517753 -0.00601997 -0.00927557 -0.0103046 -0.00601997 -0.00662205 -0.00346196 -0.0042975 -0.00175832 -0.00215052 -0.0042975 -0.00517753 -0.00215052 -0.002545 -0.00175832 -0.00215052 0 0 -0.00215052 -0.002545 0 0 -0.00517753 -0.00601997 -0.002545 -0.00291015 -0.00601997 -0.00662205 -0.00291015 -0.00316624 -0.002545 -0.00291015 0 0 -0.00291015 -0.00316624 0 0 -0.0141752 -0.0142503 -0.0103046 -0.0103014 -0.0142503 -0.0118282 -0.0103014 -0.00852833 -0.0103046 -0.0103014 -0.00662205 -0.00659287 -0.0103014 -0.00852833 -0.00659287 -0.00545409 -0.0118282 -0.00651844 -0.00852833 -0.00468321 -0.00651844 0.000780787 -0.00468321 0.000599371 -0.00852833 -0.00468321 -0.00545409 -0.00298844 -0.00468321 0.000599371 -0.00298844 0.000409028 -0.00662205 -0.00659287 -0.00316624 -0.00313986 -0.00659287 -0.00545409 -0.00313986 -0.00259836 -0.00316624 -0.00313986 0 0 -0.00313986 -0.00259836 0 0 -0.00545409 -0.00298844 -0.00259836 -0.00142158 -0.00298844 0.000409028 -0.00142158 0.000209348 -0.00259836 -0.00142158 0 0 -0.00142158 0.000209348 0 0 0.00142628 0.0203572 0.0012762 0.0162874 0.0203572 0.0329119 0.0162874 0.0266601 0.0012762 0.0162874 0.00111875 0.013106 0.0162874 0.0266601 0.013106 0.0216014 0.0329119 0.0367606 0.0266601 0.0305223 0.0367606 0.0338611 0.0305223 0.029025 0.0266601 0.0305223 0.0216014 0.0251094 0.0305223 0.029025 0.0251094 0.024372 0.00111875 0.013106 0.000953748 0.0104356 0.013106 0.0216014 0.0104356 0.0172502 0.000953748 0.0104356 0.000780787 0.00806342 0.0104356 0.0172502 0.00806342 0.013329 0.0216014 0.0251094 0.0172502 0.0202249 0.0251094 0.024372 0.0202249 0.0198865 0.0172502 0.0202249 0.013329 0.0156915 0.0202249 0.0198865 0.0156915 0.0155529 0.0338611 0.0278411 0.029025 0.0246843 0.0278411 0.02156 0.0246843 0.0196997 0.029025 0.0246843 0.024372 0.0212197 0.0246843 0.0196997 0.0212197 0.0173362 0.02156 0.0163437 0.0196997 0.0152684 0.0163437 0.0124037 0.0152684 0.0117382 0.0196997 0.0152684 0.0173362 0.0137071 0.0152684 0.0117382 0.0137071 0.0106871 0.024372 0.0212197 0.0198865 0.0176062 0.0212197 0.0173362 0.0176062 0.0146569 0.0198865 0.0176062 0.0155529 0.0139414 0.0176062 0.0146569 0.0139414 0.0117909 0.0173362 0.0137071 0.0146569 0.0117981 0.0137071 0.0106871 0.0117981 0.0093302 0.0146569 0.0117981 0.0117909 0.00964846 0.0117981 0.0093302 0.00964846 0.0077376 0.000780787 0.00806342 0.000599371 0.00587 0.00806342 0.013329 0.00587 0.00968316 0.000599371 0.00587 0.000409028 0.00379876 0.00587 0.00968316 0.00379876 0.00624367 0.013329 0.0156915 0.00968316 0.0114129 0.0156915 0.0155529 0.0114129 0.0113693 0.00968316 0.0114129 0.00624367 0.00735424 0.0114129 0.0113693 0.00735424 0.00735272 0.000409028 0.00379876 0.000209348 0.00183647 0.00379876 0.00624367 0.00183647 0.00300306 0.000209348 0.00183647 0 0 0.00183647 0.00300306 0 0 0.00624367 0.00735424 0.00300306 0.00353073 0.00735424 0.00735272 0.00353073 0.00354201 0.00300306 0.00353073 0 0 0.00353073 0.00354201 0 0 0.0155529 0.0139414 0.0113693 0.0102941 0.0139414 0.0117909 0.0102941 0.0088315 0.0113693 0.0102941 0.00735272 0.00672 0.0102941 0.0088315 0.00672 0.00584733 0.0117909 0.00964846 0.0088315 0.00734067 0.00964846 0.0077376 0.00734067 0.00596786 0.0088315 0.00734067 0.00584733 0.00493648 0.00734067 0.00596786 0.00493648 0.00406749 0.00735272 0.00672 0.00354201 0.0032707 0.00672 0.00584733 0.0032707 0.00289033 0.00354201 0.0032707 0 0 0.0032707 0.00289033 0 0 0.00584733 0.00493648 0.00289033 0.00248016 0.00493648 0.00406749 0.00248016 0.00207084 0.00289033 0.00248016 0 0 0.00248016 0.00207084 0 0 0.0124037 0.00949066 0.0117382 0.00902836 0.00949066 0.00729521 0.00902836 0.00694185 0.0117382 0.00902836 0.0106871 0.00828478 0.00902836 0.00694185 0.00828478 0.0063885 0.00729521 0.0055824 0.00694185 0.00529886 0.0055824 0.00419679 0.00529886 0.00396472 0.00694185 0.00529886 0.0063885 0.0048732 0.00529886 0.00396472 0.0048732 0.0036323 0.0106871 0.00828478 0.0093302 0.00729956 0.00828478 0.0063885 0.00729956 0.0056537 0.0093302 0.00729956 0.0077376 0.0061125 0.00729956 0.0056537 0.0061125 0.00475899 0.0063885 0.0048732 0.0056537 0.00431514 0.0048732 0.0036323 0.00431514 0.00320674 0.0056537 0.00431514 0.00475899 0.00363704 0.00431514 0.00320674 0.00363704 0.00269653 0.00419679 0.00303575 0.00396472 0.00284053 0.00303575 0.00202592 0.00284053 0.00184486 0.00396472 0.00284053 0.0036323 0.00257875 0.00284053 0.00184486 0.00257875 0.00163683 0.00202592 0.00109697 0.00184486 0.000889565 0.00109697 0 0.000889565 0 0.00184486 0.000889565 0.00163683 0.00073413 0.000889565 0 0.00073413 0 0.0036323 0.00257875 0.00320674 0.00225822 0.00257875 0.00163683 0.00225822 0.0014067 0.00320674 0.00225822 0.00269653 0.0018857 0.00225822 0.0014067 0.0018857 0.00115953 0.00163683 0.00073413 0.0014067 0.000613718 0.00073413 0 0.000613718 0 0.0014067 0.000613718 0.00115953 0.000504136 0.000613718 0 0.000504136 0 0.0077376 0.0061125 0.00596786 0.00476043 0.0061125 0.00475899 0.00476043 0.00372646 0.00596786 0.00476043 0.00406749 0.00327507 0.00476043 0.00372646 0.00327507 0.00257704 0.00475899 0.00363704 0.00372646 0.00285264 0.00363704 0.00269653 0.00285264 0.00211101 0.00372646 0.00285264 0.00257704 0.00197598 0.00285264 0.00211101 0.00197598 0.00145987 0.00406749 0.00327507 0.00207084 0.001682 0.00327507 0.00257704 0.001682 0.00132952 0.00207084 0.001682 0 0 0.001682 0.00132952 0 0 0.00257704 0.00197598 0.00132952 0.00102076 0.00197598 0.00145987 0.00102076 0.000752929 0.00132952 0.00102076 0 0 0.00102076 0.000752929 0 0 0.00269653 0.0018857 0.00211101 0.00146735 0.0018857 0.00115953 0.00146735 0.00089463 0.00211101 0.00146735 0.00145987 0.00100917 0.00146735 0.00089463 0.00100917 0.000611189 0.00115953 0.000504136 0.00089463 0.000394017 0.000504136 0 0.000394017 0 0.00089463 0.000394017 0.000611189 0.00027696 0.000394017 0 0.00027696 0 0.00145987 0.00100917 0.000752929 0.000517621 0.00100917 0.000611189 0.000517621 0.000311146 0.000752929 0.000517621 0 0 0.000517621 0.000311146 0 0 0.000611189 0.00027696 0.000311146 0.000147131 0.00027696 0 0.000147131 0 0.000311146 0.000147131 0 0 0.000147131 0 0 0 
SCALARS y_dis double 1
LOOKUP_TABLE default
0 0 0 -0.00015944 0 0 -0.00015944 -0.000193843 0 -0.00015944 0 -0.000279559 -0.00015944 -0.000193843 -0.000279559 -0.000352477 0 0 -0.000193843 -0.000207688 0 0 -0.000207688 -0.00021431 -0.000193843 -0.000207688 -0.000352477 -0.000370922 -0.000207688 -0.00021431 -0.000370922 -0.000368357 0 -0.000279559 0 -0.000359921 -0.000279559 -0.000352477 -0.000359921 -0.000475186 0 -0.000359921 0 -0.000413608 -0.000359921 -0.000475186 -0.000413608 -0.000564863 -0.000352477 -0.000370922 -0.000475186 -0.000489951 -0.000370922 -0.000368357 -0.000489951 -0.000464568 -0.000475186 -0.000489951 -0.000564863 -0.000566933 -0.000489951 -0.000464568 -0.000566933 -0.000506654 0 0 -0.00021431 -0.000222286 0 0 -0.000222286 -0.00023687 -0.00021431 -0.000222286 -0.000368357 -0.000365603 -0.000222286 -0.00023687 -0.000365603 -0.000374843 0 0 -0.00023687 -0.00025966 0 0 -0.00025966 -0.000285191 -0.00023687 -0.00025966 -0.000374843 -0.000400632 -0.00025966 -0.000285191 -0.000400632 -0.000431876 -0.000368357 -0.000365603 -0.000464568 -0.000433899 -0.000365603 -0.000374843 -0.000433899 -0.000417245 -0.000464568 -0.000433899 -0.000506654 -0.000432252 -0.000433899 -0.000417245 -0.000432252 -0.000368583 -0.000374843 -0.000400632 -0.000417245 -0.000422054 -0.000400632 -0.000431876 -0.000422054 -0.00043065 -0.000417245 -0.000422054 -0.000368583 -0.000324525 -0.000422054 -0.00043065 -0.000324525 -0.000274249 0 -0.000413608 0 -0.000453595 -0.000413608 -0.000564863 -0.000453595 -0.000627168 0 -0.000453595 0 -0.000493647 -0.000453595 -0.000627168 -0.000493647 -0.000667245 -0.000564863 -0.000566933 -0.000627168 -0.00060552 -0.000566933 -0.000506654 -0.00060552 -0.000499861 -0.000627168 -0.00060552 -0.000667245 -0.000610388 -0.00060552 -0.000499861 -0.000610388 -0.000451171 0 -0.000493647 0 -0.000547084 -0.000493647 -0.000667245 -0.000547084 -0.000686423 0 -0.000547084 0 -0.000590712 -0.000547084 -0.000686423 -0.000590712 -0.000684367 -0.000667245 -0.000610388 -0.000686423 -0.000586966 -0.000610388 -0.000451171 -0.000586966 -0.000369563 -0.000686423 -0.000586966 -0.000684367 -0.000541999 -0.000586966 -0.000369563 -0.000541999 -0.000266427 -0.000506654 -0.000432252 -0.000499861 -0.000367595 -0.000432252 -0.000368583 -0.000367595 -0.000235912 -0.000499861 -0.000367595 -0.000451171 -0.000249344 -0.000367595 -0.000235912 -0.000249344 -3.00715e-05 -0.000368583 -0.000324525 -0.000235912 -0.00011219 -0.000324525 -0.000274249 -0.00011219 4.02065e-05 -0.000235912 -0.00011219 -3.00715e-05 0.000205135 -0.00011219 4.02065e-05 0.000205135 0.000508426 -0.000451171 -0.000249344 -0.000369563 -8.99034e-05 -0.000249344 -3.00715e-05 -8.99034e-05 0.00023318 -0.000369563 -8.99034e-05 -0.000266427 9.48313e-05 -8.99034e-05 0.00023318 9.48313e-05 0.000532016 -3.00715e-05 0.000205135 0.00023318 0.000609623 0.000205135 0.000508426 0.000609623 0.00111511 0.00023318 0.000609623 0.000532016 0.00107265 0.000609623 0.00111511 0.00107265 0.0018286 0 0 -0.000285191 -0.000294431 0 0 -0.000294431 -0.000250152 -0.000285191 -0.000294431 -0.000431876 -0.000423269 -0.000294431 -0.000250152 -0.000423269 -0.00027686 0 0 -0.000250152 -0.000104154 0 0 -0.000104154 0.000176827 -0.000250152 -0.000104154 -0.00027686 0.000148903 -0.000104154 0.000176827 0.000148903 0.000974069 -0.000431876 -0.000423269 -0.00043065 -0.000365922 -0.000423269 -0.00027686 -0.000365922 -5.14556e-05 -0.00043065 -0.000365922 -0.000274249 -0.000105056 -0.000365922 -5.14556e-05 -0.000105056 0.000450449 -0.00027686 0.000148903 -5.14556e-05 0.000785175 0.000148903 0.000974069 0.000785175 0.00240181 -5.14556e-05 0.000785175 0.000450449 0.00182663 0.000785175 0.00240181 0.00182663 0.00446849 0 0 0.000176827 0.000576701 0 0 0.000576701 0.00101369 0.000176827 0.000576701 0.000974069 0.00218668 0.000576701 0.00101369 0.00218668 0.00355841 0 0 0.00101369 0.00136045 0 0 0.00136045 0.00149673 0.00101369 0.00136045 0.00355841 0.00467515 0.00136045 0.00149673 0.00467515 0.00511639 0.000974069 0.00218668 0.00240181 0.00481864 0.00218668 0.00355841 0.00481864 0.00760829 0.00240181 0.00481864 0.00446849 0.00846346 0.00481864 0.00760829 0.00846346 0.0131431 0.00355841 0.00467515 0.00760829 0.00991463 0.00467515 0.00511639 0.00991463 0.0108301 0.00760829 0.00991463 0.0131431 0.0170568 0.00991463 0.0108301 0.0170568 0.0186168 -0.000274249 -0.000105056 4.02065e-05 0.000372589 -0.000105056 0.000450449 0.000372589 0.00125163 4.02065e-05 0.000372589 0.000508426 0.00107421 0.000372589 0.00125163 0.00107421 0.00237485 0.000450449 0.00182663 0.00125163 0.00329788 0.00182663 0.00446849 0.00329788 0.00718884 0.00125163 0.00329788 0.00237485 0.00523383 0.00329788 0.00718884 0.00523383 0.010596 0.000508426 0.00107421 0.00111511 0.00199683 0.00107421 0.00237485 0.00199683 0.00384259 0.00111511 0.00199683 0.0018286 0.00312039 0.00199683 0.00384259 0.00312039 0.00567463 0.00237485 0.00523383 0.00384259 0.00768889 0.00523383 0.010596 0.00768889 0.0147607 0.00384259 0.00768889 0.00567463 0.0107497 0.00768889 0.0147607 0.0107497 0.0198223 0.00446849 0.00846346 0.00718884 0.0131185 0.00846346 0.0131431 0.0131185 0.0201451 0.00718884 0.0131185 0.010596 0.0187969 0.0131185 0.0201451 0.0187969 0.0285974 0.0131431 0.0170568 0.0201451 0.0260769 0.0170568 0.0186168 0.0260769 0.0284506 0.0201451 0.0260769 0.0285974 0.0369329 0.0260769 0.0284506 0.0369329 0.04028 0.010596 0.0187969 0.0147607 0.0255451 0.0187969 0.0285974 0.0255451 0.0384828 0.0147607 0.0255451 0.0198223 0.0334728 0.0255451 0.0384828 0.0334728 0.0497818 0.0285974 0.0369329 0.0384828 0.0495412 0.0369329 0.04028 0.0495412 0.053994 0.0384828 0.0495412 0.0497818 0.0637344 0.0495412 0.053994 0.0637344 0.0693624 0 0 0.00149673 0.00137243 0 0 0.00137243 0.00103798 0.00149673 0.00137243 0.00511639 0.00470157 0.00137243 0.00103798 0.00470157 0.00361107 0 0 0.00103798 0.000613658 0 0 0.000613658 0.000226599 0.00103798 0.000613658 0.00361107 0.00226533 0.000613658 0.000226599 0.00226533 0.00107849 0.00511639 0.00470157 0.0108301 0.00995816 0.00470157 0.00361107 0.00995816 0.00769377 0.0108301 0.00995816 0.0186168 0.0171203 0.00995816 0.00769377 0.0171203 0.0132662 0.00361107 0.00226533 0.00769377 0.00494415 0.00226533 0.00107849 0.00494415 0.00256607 0.00769377 0.00494415 0.0132662 0.00864135 0.00494415 0.00256607 0.00864135 0.00469798 0 0 0.000226599 -4.16188e-05 0 0 -4.16188e-05 -0.00017499 0.000226599 -4.16188e-05 0.00107849 0.000278905 -4.16188e-05 -0.00017499 0.000278905 -0.000121437 0 0 -0.00017499 -0.000206756 0 0 -0.000206756 -0.000185027 -0.00017499 -0.000206756 -0.000121437 -0.000242454 -0.000206756 -0.000185027 -0.000242454 -0.000225389 0.00107849 0.000278905 0.00256607 0.000987664 0.000278905 -0.000121437 0.000987664 0.000189195 0.00256607 0.000987664 0.00469798 0.00210662 0.000987664 0.000189195 0.00210662 0.000781092 -0.000121437 -0.000242454 0.000189195 -8.67926e-05 -0.000242454 -0.000225389 -8.67926e-05 -0.000112103 0.000189195 -8.67926e-05 0.000781092 0.000277193 -8.67926e-05 -0.000112103 0.000277193 0.000161543 0.0186168 0.0171203 0.0284506 0.0261637 0.0171203 0.0132662 0.0261637 0.0203112 0.0284506 0.0261637 0.04028 0.0370466 0.0261637 0.0203112 0.0370466 0.0288122 0.0132662 0.00864135 0.0203112 0.0133547 0.00864135 0.00469798 0.0133547 0.00748911 0.0203112 0.0133547 0.0288122 0.0190975 0.0133547 0.00748911 0.0190975 0.0109727 0.04028 0.0370466 0.053994 0.0496859 0.0370466 0.0288122 0.0496859 0.0387527 0.053994 0.0496859 0.0693624 0.0639145 0.0496859 0.0387527 0.0639145 0.0501138 0.0288122 0.0190975 0.0387527 0.0259168 0.0190975 0.0109727 0.0259168 0.0152196 0.0387527 0.0259168 0.0501138 0.0339228 0.0259168 0.0152196 0.0339228 0.0203693 0.00469798 0.00210662 0.00748911 0.00366032 0.00210662 0.000781092 0.00366032 0.00167675 0.00748911 0.00366032 0.0109727 0.00568353 0.00366032 0.00167675 0.00568353 0.0028986 0.000781092 0.000277193 0.00167675 0.000862319 0.000277193 0.000161543 0.000862319 0.000597792 0.00167675 0.000862319 0.0028986 0.00167527 0.000862319 0.000597792 0.00167527 0.00119167 0.0109727 0.00568353 0.0152196 0.00823044 0.00568353 0.0028986 0.00823044 0.00446867 0.0152196 0.00823044 0.0203693 0.0113874 0.00823044 0.00446867 0.0113874 0.00640623 0.0028986 0.00167527 0.00446867 0.00271247 0.00167527 0.00119167 0.00271247 0.00192717 0.00446867 0.00271247 0.00640623 0.00395319 0.00271247 0.00192717 0.00395319 0.00277186 0 0 -0.000185027 -0.000146907 0 0 -0.000146907 -0.000111332 -0.000185027 -0.000146907 -0.000225389 -0.000167674 -0.000146907 -0.000111332 -0.000167674 -0.000113981 0 0 -0.000111332 -8.40371e-05 0 0 -8.40371e-05 -6.50959e-05 -0.000111332 -8.40371e-05 -0.000113981 -7.536e-05 -8.40371e-05 -6.50959e-05 -7.536e-05 -5.02561e-05 -0.000225389 -0.000167674 -0.000112103 -6.21167e-05 -0.000167674 -0.000113981 -6.21167e-05 -1.25682e-05 -0.000112103 -6.21167e-05 0.000161543 0.000168286 -6.21167e-05 -1.25682e-05 0.000168286 0.000186843 -0.000113981 -7.536e-05 -1.25682e-05 1.95104e-05 -7.536e-05 -5.02561e-05 1.95104e-05 3.75123e-05 -1.25682e-05 1.95104e-05 0.000186843 0.000192716 1.95104e-05 3.75123e-05 0.000192716 0.000190051 0 0 -6.50959e-05 -5.45273e-05 0 0 -5.45273e-05 -5.49887e-05 -6.50959e-05 -5.45273e-05 -5.02561e-05 -3.83913e-05 -5.45273e-05 -5.49887e-05 -3.83913e-05 -4.80249e-05 0 0 -5.49887e-05 -6.51717e-05 0 0 -6.51717e-05 0 -5.49887e-05 -6.51717e-05 -4.80249e-05 -8.2614e-05 -6.51717e-05 0 -8.2614e-05 0 -5.02561e-05 -3.83913e-05 3.75123e-05 4.19814e-05 -3.83913e-05 -4.80249e-05 4.19814e-05 1.79691e-05 3.75123e-05 4.19814e-05 0.000190051 0.000179281 4.19814e-05 1.79691e-05 0.000179281 0.000139369 -4.80249e-05 -8.2614e-05 1.79691e-05 -4.77196e-05 -8.2614e-05 0 -4.77196e-05 0 1.79691e-05 -4.77196e-05 0.000139369 3.67393e-05 -4.77196e-05 0 3.67393e-05 0 0.000161543 0.000168286 0.000597792 0.000518435 0.000168286 0.000186843 0.000518435 0.000475627 0.000597792 0.000518435 0.00119167 0.000977578 0.000518435 0.000475627 0.000977578 0.000841537 0.000186843 0.000192716 0.000475627 0.000434653 0.000192716 0.000190051 0.000434653 0.000397919 0.000475627 0.000434653 0.000841537 0.000733622 0.000434653 0.000397919 0.000733622 0.000650355 0.00119167 0.000977578 0.00192717 0.00152703 0.000977578 0.000841537 0.00152703 0.00126772 0.00192717 0.00152703 0.00277186 0.00213739 0.00152703 0.00126772 0.00213739 0.00173162 0.000841537 0.000733622 0.00126772 0.00107558 0.000733622 0.000650355 0.00107558 0.000935447 0.00126772 0.00107558 0.00173162 0.00144389 0.00107558 0.000935447 0.00144389 0.00124027 0.000190051 0.000179281 0.000397919 0.000364699 0.000179281 0.000139369 0.000364699 0.000309726 0.000397919 0.000364699 0.000650355 0.000587916 0.000364699 0.000309726 0.000587916 0.000518511 0.000139369 3.67393e-05 0.000309726 0.000169896 3.67393e-05 0 0.000169896 0 0.000309726 0.000169896 0.000518511 0.000353891 0.000169896 0 0.000353891 0 0.000650355 0.000587916 0.000935447 0.000837364 0.000587916 0.000518511 0.000837364 0.00075033 0.000935447 0.000837364 0.00124027 0.0011013 0.000837364 0.00075033 0.0011013 0.000991749 0.000518511 0.000353891 0.00075033 0.000589127 0.000353891 0 0.000589127 0 0.00075033 0.000589127 0.000991749 0.000822291 0.000589127 0 0.000822291 0 0 -0.000590712 0 -0.000165528 -0.000590712 -0.000684367 -0.000165528 -0.000128032 0 -0.000165528 0 6.44364e-05 -0.000165528 -0.000128032 6.44364e-05 0.000214518 -0.000684367 -0.000541999 -0.000128032 7.32257e-05 -0.000541999 -0.000266427 7.32257e-05 0.000387901 -0.000128032 7.32257e-05 0.000214518 0.00046203 7.32257e-05 0.000387901 0.00046203 0.00079544 0 6.44364e-05 0 0.000158963 6.44364e-05 0.000214518 0.000158963 0.000388707 0 0.000158963 0 0.000178685 0.000158963 0.000388707 0.000178685 0.000437447 0.000214518 0.00046203 0.000388707 0.000660701 0.00046203 0.00079544 0.000660701 0.000990074 0.000388707 0.000660701 0.000437447 0.000705074 0.000660701 0.000990074 0.000705074 0.00100633 -0.000266427 9.48313e-05 0.000387901 0.000794963 9.48313e-05 0.000532016 0.000794963 0.0013024 0.000387901 0.000794963 0.00079544 0.00121723 0.000794963 0.0013024 0.00121723 0.0017502 0.000532016 0.00107265 0.0013024 0.00195915 0.00107265 0.0018286 0.00195915 0.00290303 0.0013024 0.00195915 0.0017502 0.00245674 0.00195915 0.00290303 0.00245674 0.00348402 0.00079544 0.00121723 0.000990074 0.00139687 0.00121723 0.0017502 0.00139687 0.00191378 0.000990074 0.00139687 0.00100633 0.00137038 0.00139687 0.00191378 0.00137038 0.00183365 0.0017502 0.00245674 0.00191378 0.00260827 0.00245674 0.00348402 0.00260827 0.00362254 0.00191378 0.00260827 0.00183365 0.00246082 0.00260827 0.00362254 0.00246082 0.0033779 0 0.000178685 0 0.000158061 0.000178685 0.000437447 0.000158061 0.00039658 0 0.000158061 0 0.000115184 0.000158061 0.00039658 0.000115184 0.000295113 0.000437447 0.000705074 0.00039658 0.000629658 0.000705074 0.00100633 0.000629658 0.000879654 0.00039658 0.000629658 0.000295113 0.000466969 0.000629658 0.000879654 0.000466969 0.000645842 0 0.000115184 0 6.02659e-05 0.000115184 0.000295113 6.02659e-05 0.000156403 0 6.02659e-05 0 2.13336e-13 6.02659e-05 0.000156403 2.13336e-13 7.31236e-13 0.000295113 0.000466969 0.000156403 0.000247468 0.000466969 0.000645842 0.000247468 0.000340723 0.000156403 0.000247468 7.31236e-13 1.34526e-12 0.000247468 0.000340723 1.34526e-12 1.92107e-12 0.00100633 0.00137038 0.000879654 0.00117643 0.00137038 0.00183365 0.00117643 0.00155394 0.000879654 0.00117643 0.000645842 0.000855469 0.00117643 0.00155394 0.000855469 0.00112183 0.00183365 0.00246082 0.00155394 0.00206718 0.00246082 0.0033779 0.00206718 0.0028175 0.00155394 0.00206718 0.00112183 0.00148479 0.00206718 0.0028175 0.00148479 0.00201506 0.000645842 0.000855469 0.000340723 0.000449166 0.000855469 0.00112183 0.000449166 0.000586833 0.000340723 0.000449166 1.92107e-12 2.41158e-12 0.000449166 0.000586833 2.41158e-12 2.81728e-12 0.00112183 0.00148479 0.000586833 0.000774629 0.00148479 0.00201506 0.000774629 0.00104883 0.000586833 0.000774629 2.81728e-12 3.15551e-12 0.000774629 0.00104883 3.15551e-12 3.44471e-12 0.0018286 0.00312039 0.00290303 0.00446059 0.00312039 0.00567463 0.00446059 0.00727629 0.00290303 0.00446059 0.00348402 0.00514088 0.00446059 0.00727629 0.00514088 0.00797576 0.00567463 0.0107497 0.00727629 0.0123413 0.0107497 0.0198223 0.0123413 0.0206651 0.00727629 0.0123413 0.00797576 0.0127484 0.0123413 0.0206651 0.0127484 0.0201227 0.00348402 0.00514088 0.00362254 0.00523039 0.00514088 0.00797576 0.00523039 0.00787967 0.00362254 0.00523039 0.0033779 0.00481246 0.00523039 0.00787967 0.00481246 0.00711361 0.00797576 0.0127484 0.00787967 0.012137 0.0127484 0.0201227 0.012137 0.0184229 0.00787967 0.012137 0.00711361 0.0106899 0.012137 0.0184229 0.0106899 0.0157964 0.0198223 0.0334728 0.0206651 0.0324033 0.0334728 0.0497818 0.0324033 0.0457774 0.0206651 0.0324033 0.0201227 0.0300048 0.0324033 0.0457774 0.0300048 0.0408334 0.0497818 0.0637344 0.0457774 0.0568625 0.0637344 0.0693624 0.0568625 0.0612695 0.0457774 0.0568625 0.0408334 0.0495745 0.0568625 0.0612695 0.0495745 0.0530088 0.0201227 0.0300048 0.0184229 0.0265225 0.0300048 0.0408334 0.0265225 0.0351283 0.0184229 0.0265225 0.0157964 0.022184 0.0265225 0.0351283 0.022184 0.0288111 0.0408334 0.0495745 0.0351283 0.0419294 0.0495745 0.0530088 0.0419294 0.044577 0.0351283 0.0419294 0.0288111 0.0339628 0.0419294 0.044577 0.0339628 0.0359543 0.0033779 0.00481246 0.0028175 0.00397958 0.00481246 0.00711361 0.00397958 0.00580854 0.0028175 0.00397958 0.00201506 0.00283064 0.00397958 0.00580854 0.00283064 0.00409798 0.00711361 0.0106899 0.00580854 0.00858442 0.0106899 0.0157964 0.00858442 0.0124536 0.00580854 0.00858442 0.00409798 0.00599115 0.00858442 0.0124536 0.00599115 0.00858722 0.00201506 0.00283064 0.00104883 0.00146884 0.00283064 0.00409798 0.00146884 0.00211671 0.00104883 0.00146884 3.44471e-12 3.69736e-12 0.00146884 0.00211671 3.69736e-12 3.91788e-12 0.00409798 0.00599115 0.00211671 0.00307567 0.00599115 0.00858722 0.00307567 0.00437831 0.00211671 0.00307567 3.91788e-12 4.10305e-12 0.00307567 0.00437831 4.10305e-12 4.24447e-12 0.0157964 0.022184 0.0124536 0.0171892 0.022184 0.0288111 0.0171892 0.0220166 0.0124536 0.0171892 0.00858722 0.0117178 0.0171892 0.0220166 0.0117178 0.0148705 0.0288111 0.0339628 0.0220166 0.0257233 0.0339628 0.0359543 0.0257233 0.027149 0.0220166 0.0257233 0.0148705 0.0172708 0.0257233 0.027149 0.0172708 0.0181907 0.00858722 0.0117178 0.00437831 0.00593563 0.0117178 0.0148705 0.00593563 0.00749276 0.00437831 0.00593563 4.24447e-12 4.33202e-12 0.00593563 0.00749276 4.33202e-12 4.35738e-12 0.0148705 0.0172708 0.00749276 0.00867238 0.0172708 0.0181907 0.00867238 0.00912359 0.00749276 0.00867238 4.35738e-12 4.31633e-12 0.00867238 0.00912359 4.31633e-12 4.20918e-12 0.0693624 0.0639145 0.0612695 0.0570297 0.0639145 0.0501138 0.0570297 0.0460919 0.0612695 0.0570297 0.0530088 0.0497258 0.0570297 0.0460919 0.0497258 0.0411218 0.0501138 0.0339228 0.0460919 0.0328399 0.0339228 0.0203693 0.0328399 0.0212066 0.0460919 0.0328399 0.0411218 0.0304114 0.0328399 0.0212066 0.0304114 0.0206336 0.0530088 0.0497258 0.044577 0.0420614 0.0497258 0.0411218 0.0420614 0.0353822 0.044577 0.0420614 0.0359543 0.0340725 0.0420614 0.0353822 0.0340725 0.0290232 0.0411218 0.0304114 0.0353822 0.0268842 0.0304114 0.0206336 0.0268842 0.0188815 0.0353822 0.0268842 0.0290232 0.0224884 0.0268842 0.0188815 0.0224884 0.016185 0.0203693 0.0113874 0.0212066 0.0129814 0.0113874 0.00640623 0.0129814 0.00801679 0.0212066 0.0129814 0.0206336 0.0133579 0.0129814 0.00801679 0.0133579 0.008685 0.00640623 0.00395319 0.00801679 0.00530772 0.00395319 0.00277186 0.00530772 0.00386515 0.00801679 0.00530772 0.008685 0.00595501 0.00530772 0.00386515 0.00595501 0.00441023 0.0206336 0.0133579 0.0188815 0.0126878 0.0133579 0.008685 0.0126878 0.00852331 0.0188815 0.0126878 0.016185 0.0111587 0.0126878 0.00852331 0.0111587 0.00766297 0.008685 0.00595501 0.00852331 0.00597097 0.00595501 0.00441023 0.00597097 0.00446593 0.00852331 0.00597097 0.00766297 0.00544562 0.00597097 0.00446593 0.00544562 0.00409939 0.0359543 0.0340725 0.027149 0.025808 0.0340725 0.0290232 0.025808 0.022181 0.027149 0.025808 0.0181907 0.0173284 0.025808 0.022181 0.0173284 0.0149827 0.0290232 0.0224884 0.022181 0.0174264 0.0224884 0.016185 0.0174264 0.0127575 0.022181 0.0174264 0.0149827 0.0118801 0.0174264 0.0127575 0.0118801 0.00879587 0.0181907 0.0173284 0.00912359 0.00870156 0.0173284 0.0149827 0.00870156 0.00754963 0.00912359 0.00870156 4.20918e-12 4.04005e-12 0.00870156 0.00754963 4.04005e-12 3.81595e-12 0.0149827 0.0118801 0.00754963 0.00601804 0.0118801 0.00879587 0.00601804 0.00448444 0.00754963 0.00601804 3.81595e-12 3.5464e-12 0.00601804 0.00448444 3.5464e-12 3.24343e-12 0.016185 0.0111587 0.0127575 0.00895239 0.0111587 0.00766297 0.00895239 0.00624066 0.0127575 0.00895239 0.00879587 0.00624426 0.00895239 0.00624066 0.00624426 0.00439564 0.00766297 0.00544562 0.00624066 0.0044782 0.00544562 0.00409939 0.0044782 0.00338587 0.00624066 0.0044782 0.00439564 0.00317437 0.0044782 0.00338587 0.00317437 0.00240693 0.00879587 0.00624426 0.00448444 0.00320457 0.00624426 0.00439564 0.00320457 0.00226841 0.00448444 0.00320457 3.24343e-12 2.92087e-12 0.00320457 0.00226841 2.92087e-12 2.59265e-12 0.00439564 0.00317437 0.00226841 0.0016441 0.00317437 0.00240693 0.0016441 0.00124865 0.00226841 0.0016441 2.59265e-12 2.27037e-12 0.0016441 0.00124865 2.27037e-12 1.96141e-12 0.00277186 0.00213739 0.00386515 0.00304578 0.00213739 0.00173162 0.00304578 0.00252294 0.00386515 0.00304578 0.00441023 0.00350264 0.00304578 0.00252294 0.00350264 0.00292115 0.00173162 0.00144389 0.00252294 0.00215426 0.00144389 0.00124027 0.00215426 0.0018736 0.00252294 0.00215426 0.00292115 0.00250959 0.00215426 0.0018736 0.00250959 0.00218065 0.00441023 0.00350264 0.00446593 0.0035601 0.00350264 0.00292115 0.0035601 0.00297599 0.00446593 0.0035601 0.00409939 0.00327451 0.0035601 0.00297599 0.00327451 0.00273901 0.00292115 0.00250959 0.00297599 0.00255968 0.00250959 0.00218065 0.00255968 0.00221487 0.00297599 0.00255968 0.00273901 0.00235445 0.00255968 0.00221487 0.00235445 0.00202743 0.00124027 0.0011013 0.0018736 0.0016265 0.0011013 0.000991749 0.0016265 0.00132965 0.0018736 0.0016265 0.00218065 0.00185427 0.0016265 0.00132965 0.00185427 0.00141617 0.000991749 0.000822291 0.00132965 0.000833936 0.000822291 0 0.000833936 0 0.00132965 0.000833936 0.00141617 0.000710496 0.000833936 0 0.000710496 0 0.00218065 0.00185427 0.00221487 0.00184888 0.00185427 0.00141617 0.00184888 0.00134048 0.00221487 0.00184888 0.00202743 0.00166609 0.00184888 0.00134048 0.00166609 0.00116103 0.00141617 0.000710496 0.00134048 0.0005832 0.000710496 0 0.0005832 0 0.00134048 0.0005832 0.00116103 0.00046428 0.0005832 0 0.00046428 0 0.00409939 0.00327451 0.00338587 0.00270773 0.00327451 0.00273901 0.00270773 0.00226489 0.00338587 0.00270773 0.00240693 0.00192617 0.00270773 0.00226489 0.00192617 0.0016108 0.00273901 0.00235445 0.00226489 0.0019447 0.00235445 0.00202743 0.0019447 0.00166721 0.00226489 0.0019447 0.0016108 0.00138158 0.0019447 0.00166721 0.00138158 0.00118037 0.00240693 0.00192617 0.00124865 0.000999611 0.00192617 0.0016108 0.000999611 0.00083578 0.00124865 0.000999611 1.96141e-12 1.66808e-12 0.000999611 0.00083578 1.66808e-12 1.38772e-12 0.0016108 0.00138158 0.00083578 0.000716311 0.00138158 0.00118037 0.000716311 0.000610661 0.00083578 0.000716311 1.38772e-12 1.11397e-12 0.000716311 0.000610661 1.11397e-12 8.39535e-13 0.00202743 0.00166609 0.00166721 0.00135314 0.00166609 0.00116103 0.00135314 0.000916267 0.00166721 0.00135314 0.00118037 0.000949466 0.00135314 0.000916267 0.000949466 0.000630696 0.00116103 0.00046428 0.000916267 0.000348723 0.00046428 0 0.000348723 0 0.000916267 0.000348723 0.000630696 0.000233262 0.000348723 0 0.000233262 0 0.00118037 0.000949466 0.000610661 0.000488564 0.000949466 0.000630696 0.000488564 0.000320994 0.000610661 0.000488564 8.39535e-13 5.62045e-13 0.000488564 0.000320994 5.62045e-13 2.95311e-13 0.000630696 0.000233262 0.000320994 0.00011695 0.000233262 0 0.00011695 0 0.000320994 0.00011695 2.95311e-13 8.41832e-14 0.00011695 0 8.41832e-14 0 0 2.13336e-13 0 -6.02659e-05 2.13336e-13 7.31236e-13 -6.02659e-05 -0.000156403 0 -6.02659e-05 0 -0.000115184 -6.02659e-05 -0.000156403 -0.000115184 -0.000295113 7.31236e-13 1.34526e-12 -0.000156403 -0.000247468 1.34526e-12 1.92107e-12 -0.000247468 -0.000340723 -0.000156403 -0.000247468 -0.000295113 -0.000466969 -0.000247468 -0.000340723 -0.000466969 -0.000645842 0 -0.000115184 0 -0.000158061 -0.000115184 -0.000295113 -0.000158061 -0.00039658 0 -0.000158061 0 -0.000178685 -0.000158061 -0.00039658 -0.000178685 -0.000437447 -0.000295113 -0.000466969 -0.00039658 -0.000629658 -0.000466969 -0.000645842 -0.000629658 -0.000879654 -0.00039658 -0.000629658 -0.000437447 -0.000705074 -0.000629658 -0.000879654 -0.000705074 -0.00100633 1.92107e-12 2.41158e-12 -0.000340723 -0.000449166 2.41158e-12 2.81728e-12 -0.000449166 -0.000586833 -0.000340723 -0.000449166 -0.000645842 -0.000855469 -0.000449166 -0.000586833 -0.000855469 -0.00112183 2.81728e-12 3.15551e-12 -0.000586833 -0.000774629 3.15551e-12 3.44471e-12 -0.000774629 -0.00104883 -0.000586833 -0.000774629 -0.00112183 -0.00148479 -0.000774629 -0.00104883 -0.00148479 -0.00201506 -0.000645842 -0.000855469 -0.000879654 -0.00117643 -0.000855469 -0.00112183 -0.00117643 -0.00155394 -0.000879654 -0.00117643 -0.00100633 -0.00137038 -0.00117643 -0.00155394 -0.00137038 -0.00183365 -0.00112183 -0.00148479 -0.00155394 -0.00206718 -0.00148479 -0.00201506 -0.00206718 -0.0028175 -0.00155394 -0.00206718 -0.00183365 -0.00246082 -0.00206718 -0.0028175 -0.00246082 -0.0033779 0 -0.000178685 0 -0.000158963 -0.000178685 -0.000437447 -0.000158963 -0.000388707 0 -0.000158963 0 -6.44364e-05 -0.000158963 -0.000388707 -6.44364e-05 -0.000214518 -0.000437447 -0.000705074 -0.000388707 -0.000660701 -0.000705074 -0.00100633 -0.000660701 -0.000990074 -0.000388707 -0.000660701 -0.000214518 -0.00046203 -0.000660701 -0.000990074 -0.00046203 -0.00079544 0 -6.44364e-05 0 0.000165528 -6.44364e-05 -0.000214518 0.000165528 0.000128032 0 0.000165528 0 0.000590712 0.000165528 0.000128032 0.000590712 0.000684367 -0.000214518 -0.00046203 0.000128032 -7.32257e-05 -0.00046203 -0.00079544 -7.32257e-05 -0.000387901 0.000128032 -7.32257e-05 0.000684367 0.000541999 -7.32257e-05 -0.000387901 0.000541999 0.000266427 -0.00100633 -0.00137038 -0.000990074 -0.00139687 -0.00137038 -0.00183365 -0.00139687 -0.00191378 -0.000990074 -0.00139687 -0.00079544 -0.00121723 -0.00139687 -0.00191378 -0.00121723 -0.0017502 -0.00183365 -0.00246082 -0.00191378 -0.00260827 -0.00246082 -0.0033779 -0.00260827 -0.00362254 -0.00191378 -0.00260827 -0.0017502 -0.00245674 -0.00260827 -0.00362254 -0.00245674 -0.00348402 -0.00079544 -0.00121723 -0.000387901 -0.000794963 -0.00121723 -0.0017502 -0.000794963 -0.0013024 -0.000387901 -0.000794963 0.000266427 -9.48312e-05 -0.000794963 -0.0013024 -9.48312e-05 -0.000532016 -0.0017502 -0.00245674 -0.0013024 -0.00195915 -0.00245674 -0.00348402 -0.00195915 -0.00290303 -0.0013024 -0.00195915 -0.000532016 -0.00107265 -0.00195915 -0.00290303 -0.00107265 -0.0018286 3.44471e-12 3.69736e-12 -0.00104883 -0.00146884 3.69736e-12 3.91788e-12 -0.00146884 -0.00211671 -0.00104883 -0.00146884 -0.00201506 -0.00283064 -0.00146884 -0.00211671 -0.00283064 -0.00409798 3.91788e-12 4.10305e-12 -0.00211671 -0.00307567 4.10305e-12 4.24447e-12 -0.00307567 -0.00437831 -0.00211671 -0.00307567 -0.00409798 -0.00599115 -0.00307567 -0.00437831 -0.00599115 -0.00858722 -0.00201506 -0.00283064 -0.0028175 -0.00397958 -0.00283064 -0.00409798 -0.00397958 -0.00580854 -0.0028175 -0.00397958 -0.0033779 -0.00481246 -0.00397958 -0.00580854 -0.00481246 -0.00711361 -0.00409798 -0.00599115 -0.00580854 -0.00858442 -0.00599115 -0.00858722 -0.00858442 -0.0124536 -0.00580854 -0.00858442 -0.00711361 -0.0106899 -0.00858442 -0.0124536 -0.0106899 -0.0157964 4.24447e-12 4.33202e-12 -0.00437831 -0.00593563 4.33202e-12 4.35738e-12 -0.00593563 -0.00749276 -0.00437831 -0.00593563 -0.00858722 -0.0117178 -0.00593563 -0.00749276 -0.0117178 -0.0148705 4.35738e-12 4.31633e-12 -0.00749276 -0.00867238 4.31633e-12 4.20918e-12 -0.00867238 -0.00912359 -0.00749276 -0.00867238 -0.0148705 -0.0172708 -0.00867238 -0.00912359 -0.0172708 -0.0181907 -0.00858722 -0.0117178 -0.0124536 -0.0171892 -0.0117178 -0.0148705 -0.0171892 -0.0220166 -0.0124536 -0.0171892 -0.0157964 -0.022184 -0.0171892 -0.0220166 -0.022184 -0.0288111 -0.0148705 -0.0172708 -0.0220166 -0.0257233 -0.0172708 -0.0181907 -0.0257233 -0.027149 -0.0220166 -0.0257233 -0.0288111 -0.0339628 -0.0257233 -0.027149 -0.0339628 -0.0359543 -0.0033779 -0.00481246 -0.00362254 -0.00523039 -0.00481246 -0.00711361 -0.00523039 -0.00787967 -0.00362254 -0.00523039 -0.00348402 -0.00514088 -0.00523039 -0.00787967 -0.00514088 -0.00797576 -0.00711361 -0.0106899 -0.00787967 -0.012137 -0.0106899 -0.0157964 -0.012137 -0.0184229 -0.00787967 -0.012137 -0.00797576 -0.0127484 -0.012137 -0.0184229 -0.0127484 -0.0201227 -0.00348402 -0.00514088 -0.00290303 -0.00446059 -0.00514088 -0.00797576 -0.00446059 -0.00727629 -0.00290303 -0.00446059 -0.0018286 -0.00312039 -0.00446059 -0.00727629 -0.00312039 -0.00567463 -0.00797576 -0.0127484 -0.00727629 -0.0123413 -0.0127484 -0.0201227 -0.0123413 -0.0206651 -0.00727629 -0.0123413 -0.00567463 -0.0107497 -0.0123413 -0.0206651 -0.0107497 -0.0198223 -0.0157964 -0.022184 -0.0184229 -0.0265225 -0.022184 -0.0288111 -0.0265225 -0.0351283 -0.0184229 -0.0265225 -0.0201227 -0.0300048 -0.0265225 -0.0351283 -0.0300048 -0.0408334 -0.0288111 -0.0339628 -0.0351283 -0.0419294 -0.0339628 -0.0359543 -0.0419294 -0.044577 -0.0351283 -0.0419294 -0.0408334 -0.0495745 -0.0419294 -0.044577 -0.0495745 -0.0530088 -0.0201227 -0.0300048 -0.0206651 -0.0324033 -0.0300048 -0.0408334 -0.0324033 -0.0457774 -0.0206651 -0.0324033 -0.0198223 -0.0334728 -0.0324033 -0.0457774 -0.0334728 -0.0497818 -0.0408334 -0.0495745 -0.0457774 -0.0568625 -0.0495745 -0.0530088 -0.0568625 -0.0612695 -0.0457774 -0.0568625 -0.0497818 -0.0637344 -0.0568625 -0.0612695 -0.0637344 -0.0693624 4.20918e-12 4.04005e-12 -0.00912359 -0.00870156 4.04005e-12 3.81595e-12 -0.00870156 -0.00754963 -0.00912359 -0.00870156 -0.0181907 -0.0173284 -0.00870156 -0.00754963 -0.0173284 -0.0149827 3.81595e-12 3.5464e-12 -0.00754963 -0.00601804 3.5464e-12 3.24343e-12 -0.00601804 -0.00448444 -0.00754963 -0.00601804 -0.0149827 -0.0118801 -0.00601804 -0.00448444 -0.0118801 -0.00879587 -0.0181907 -0.0173284 -0.027149 -0.025808 -0.0173284 -0.0149827 -0.025808 -0.022181 -0.027149 -0.025808 -0.0359543 -0.0340725 -0.025808 -0.022181 -0.0340725 -0.0290232 -0.0149827 -0.0118801 -0.022181 -0.0174264 -0.0118801 -0.00879587 -0.0174264 -0.0127575 -0.022181 -0.0174264 -0.0290232 -0.0224884 -0.0174264 -0.0127575 -0.0224884 -0.016185 3.24343e-12 2.92087e-12 -0.00448444 -0.00320457 2.92087e-12 2.59265e-12 -0.00320457 -0.00226841 -0.00448444 -0.00320457 -0.00879587 -0.00624426 -0.00320457 -0.00226841 -0.00624426 -0.00439564 2.59265e-12 2.27037e-12 -0.00226841 -0.0016441 2.27037e-12 1.96141e-12 -0.0016441 -0.00124865 -0.00226841 -0.0016441 -0.00439564 -0.00317437 -0.0016441 -0.00124865 -0.00317437 -0.00240693 -0.00879587 -0.00624426 -0.0127575 -0.00895239 -0.00624426 -0.00439564 -0.00895239 -0.00624066 -0.0127575 -0.00895239 -0.016185 -0.0111587 -0.00895239 -0.00624066 -0.0111587 -0.00766297 -0.00439564 -0.00317437 -0.00624066 -0.0044782 -0.00317437 -0.00240693 -0.0044782 -0.00338587 -0.00624066 -0.0044782 -0.00766297 -0.00544562 -0.0044782 -0.00338587 -0.00544562 -0.00409939 -0.0359543 -0.0340725 -0.044577 -0.0420614 -0.0340725 -0.0290232 -0.0420614 -0.0353822 -0.044577 -0.0420614 -0.0530088 -0.0497258 -0.0420614 -0.0353822 -0.0497258 -0.0411218 -0.0290232 -0.0224884 -0.0353822 -0.0268842 -0.0224884 -0.016185 -0.0268842 -0.0188815 -0.0353822 -0.0268842 -0.0411218 -0.0304114 -0.0268842 -0.0188815 -0.0304114 -0.0206336 -0.0530088 -0.0497258 -0.0612695 -0.0570297 -0.0497258 -0.0411218 -0.0570297 -0.0460919 -0.0612695 -0.0570297 -0.0693624 -0.0639145 -0.0570297 -0.0460919 -0.0639145 -0.0501138 -0.0411218 -0.0304114 -0.0460919 -0.0328399 -0.0304114 -0.0206336 -0.0328399 -0.0212066 -0.0460919 -0.0328399 -0.0501138 -0.0339228 -0.0328399 -0.0212066 -0.0339228 -0.0203693 -0.016185 -0.0111587 -0.0188815 -0.0126878 -0.0111587 -0.00766297 -0.0126878 -0.00852331 -0.0188815 -0.0126878 -0.0206336 -0.0133579 -0.0126878 -0.00852331 -0.0133579 -0.008685 -0.00766297 -0.00544562 -0.00852331 -0.00597097 -0.00544562 -0.00409939 -0.00597097 -0.00446593 -0.00852331 -0.00597097 -0.008685 -0.00595501 -0.00597097 -0.00446593 -0.00595501 -0.00441023 -0.0206336 -0.0133579 -0.0212066 -0.0129814 -0.0133579 -0.008685 -0.0129814 -0.00801679 -0.0212066 -0.0129814 -0.0203693 -0.0113874 -0.0129814 -0.00801679 -0.0113874 -0.00640623 -0.008685 -0.00595501 -0.00801679 -0.00530772 -0.00595501 -0.00441023 -0.00530772 -0.00386515 -0.00801679 -0.00530772 -0.00640623 -0.00395319 -0.00530772 -0.00386515 -0.00395319 -0.00277186 1.96141e-12 1.66808e-12 -0.00124865 -0.000999611 1.66808e-12 1.38772e-12 -0.000999611 -0.00083578 -0.00124865 -0.000999611 -0.00240693 -0.00192617 -0.000999611 -0.00083578 -0.00192617 -0.0016108 1.38772e-12 1.11397e-12 -0.00083578 -0.000716311 1.11397e-12 8.39535e-13 -0.000716311 -0.000610661 -0.00083578 -0.000716311 -0.0016108 -0.00138158 -0.000716311 -0.000610661 -0.00138158 -0.00118037 -0.00240693 -0.00192617 -0.00338587 -0.00270773 -0.00192617 -0.0016108 -0.00270773 -0.00226489 -0.00338587 -0.00270773 -0.00409939 -0.00327451 -0.00270773 -0.00226489 -0.00327451 -0.00273901 -0.0016108 -0.00138158 -0.00226489 -0.0019447 -0.00138158 -0.00118037 -0.0019447 -0.00166721 -0.00226489 -0.0019447 -0.00273901 -0.00235445 -0.0019447 -0.00166721 -0.00235445 -0.00202743 8.39535e-13 5.62045e-13 -0.000610661 -0.000488564 5.62045e-13 2.95311e-13 -0.000488564 -0.000320994 -0.000610661 -0.000488564 -0.00118037 -0.000949466 -0.000488564 -0.000320994 -0.000949466 -0.000630696 2.95311e-13 8.41832e-14 -0.000320994 -0.00011695 8.41832e-14 0 -0.00011695 0 -0.000320994 -0.00011695 -0.000630696 -0.000233262 -0.00011695 0 -0.000233262 0 -0.00118037 -0.000949466 -0.00166721 -0.00135314 -0.000949466 -0.000630696 -0.00135314 -0.000916267 -0.00166721 -0.00135314 -0.00202743 -0.00166609 -0.00135314 -0.000916267 -0.00166609 -0.00116103 -0.000630696 -0.000233262 -0.000916267 -0.000348723 -0.000233262 0 -0.000348723 0 -0.000916267 -0.000348723 -0.00116103 -0.00046428 -0.000348723 0 -0.00046428 0 -0.00409939 -0.00327451 -0.00446593 -0.0035601 -0.00327451 -0.00273901 -0.0035601 -0.00297599 -0.00446593 -0.0035601 -0.00441023 -0.00350264 -0.0035601 -0.00297599 -0.00350264 -0.00292115 -0.00273901 -0.00235445 -0.00297599 -0.00255968 -0.00235445 -0.00202743 -0.00255968 -0.00221487 -0.00297599 -0.00255968 -0.00292115 -0.00250959 -0.00255968 -0.00221487 -0.00250959 -0.00218065 -0.00441023 -0.00350264 -0.00386515 -0.00304578 -0.00350264 -0.00292115 -0.00304578 -0.00252294 -0.00386515 -0.00304578 -0.00277186 -0.00213739 -0.00304578 -0.00252294 -0.00213739 -0.00173162 -0.00292115 -0.00250959 -0.00252294 -0.00215426 -0.00250959 -0.00218065 -0.00215426 -0.0018736 -0.00252294 -0.00215426 -0.00173162 -0.00144389 -0.00215426 -0.0018736 -0.00144389 -0.00124027 -0.00202743 -0.00166609 -0.00221487 -0.00184888 -0.00166609 -0.00116103 -0.00184888 -0.00134048 -0.00221487 -0.00184888 -0.00218065 -0.00185427 -0.00184888 -0.00134048 -0.00185427 -0.00141617 -0.00116103 -0.00046428 -0.00134048 -0.0005832 -0.00046428 0 -0.0005832 0 -0.00134048 -0.0005832 -0.00141617 -0.000710496 -0.0005832 0 -0.000710496 0 -0.00218065 -0.00185427 -0.0018736 -0.0016265 -0.00185427 -0.00141617 -0.0016265 -0.00132965 -0.0018736 -0.0016265 -0.00124027 -0.0011013 -0.0016265 -0.00132965 -0.0011013 -0.000991749 -0.00141617 -0.000710496 -0.00132965 -0.000833936 -0.000710496 0 -0.000833936 0 -0.00132965 -0.000833936 -0.000991749 -0.000822291 -0.000833936 0 -0.000822291 0 0 0.000590712 0 0.000547084 0.000590712 0.000684367 0.000547084 0.000686423 0 0.000547084 0 0.000493647 0.000547084 0.000686423 0.000493647 0.000667245 0.000684367 0.000541999 0.000686423 0.000586966 0.000541999 0.000266427 0.000586966 0.000369563 0.000686423 0.000586966 0.000667245 0.000610388 0.000586966 0.000369563 0.000610388 0.000451171 0 0.000493647 0 0.000453595 0.000493647 0.000667245 0.000453595 0.000627168 0 0.000453595 0 0.000413608 0.000453595 0.000627168 0.000413608 0.000564863 0.000667245 0.000610388 0.000627168 0.00060552 0.000610388 0.000451171 0.00060552 0.000499861 0.000627168 0.00060552 0.000564863 0.000566933 0.00060552 0.000499861 0.000566933 0.000506654 0.000266427 -9.48312e-05 0.000369563 8.99034e-05 -9.48312e-05 -0.000532016 8.99034e-05 -0.00023318 0.000369563 8.99034e-05 0.000451171 0.000249344 8.99034e-05 -0.00023318 0.000249344 3.00715e-05 -0.000532016 -0.00107265 -0.00023318 -0.000609623 -0.00107265 -0.0018286 -0.000609623 -0.00111511 -0.00023318 -0.000609623 3.00715e-05 -0.000205135 -0.000609623 -0.00111511 -0.000205135 -0.000508426 0.000451171 0.000249344 0.000499861 0.000367595 0.000249344 3.00715e-05 0.000367595 0.000235912 0.000499861 0.000367595 0.000506654 0.000432252 0.000367595 0.000235912 0.000432252 0.000368583 3.00715e-05 -0.000205135 0.000235912 0.00011219 -0.000205135 -0.000508426 0.00011219 -4.02065e-05 0.000235912 0.00011219 0.000368583 0.000324525 0.00011219 -4.02065e-05 0.000324525 0.000274249 0 0.000413608 0 0.000359921 0.000413608 0.000564863 0.000359921 0.000475186 0 0.000359921 0 0.000279559 0.000359921 0.000475186 0.000279559 0.000352477 0.000564863 0.000566933 0.000475186 0.000489951 0.000566933 0.000506654 0.000489951 0.000464568 0.000475186 0.000489951 0.000352477 0.000370922 0.000489951 0.000464568 0.000370922 0.000368357 0 0.000279559 0 0.00015944 0.000279559 0.000352477 0.00015944 0.000193843 0 0.00015944 0 0 0.00015944 0.000193843 0 0 0.000352477 0.000370922 0.000193843 0.000207688 0.000370922 0.000368357 0.000207688 0.00021431 0.000193843 0.000207688 0 0 0.000207688 0.00021431 0 0 0.000506654 0.000432252 0.000464568 0.000433899 0.000432252 0.000368583 0.000433899 0.000417245 0.000464568 0.000433899 0.000368357 0.000365603 0.000433899 0.000417245 0.000365603 0.000374843 0.000368583 0.000324525 0.000417245 0.000422054 0.000324525 0.000274249 0.000422054 0.00043065 0.000417245 0.000422054 0.000374843 0.000400632 0.000422054 0.00043065 0.000400632 0.000431876 0.000368357 0.000365603 0.00021431 0.000222286 0.000365603 0.000374843 0.000222286 0.00023687 0.00021431 0.000222286 0 0 0.000222286 0.00023687 0 0 0.000374843 0.000400632 0.00023687 0.00025966 0.000400632 0.000431876 0.00025966 0.000285191 0.00023687 0.00025966 0 0 0.00025966 0.000285191 0 0 -0.0018286 -0.00312039 -0.00111511 -0.00199683 -0.00312039 -0.00567463 -0.00199683 -0.00384259 -0.00111511 -0.00199683 -0.000508426 -0.00107421 -0.00199683 -0.00384259 -0.00107421 -0.00237485 -0.00567463 -0.0107497 -0.00384259 -0.00768889 -0.0107497 -0.0198223 -0.00768889 -0.0147607 -0.00384259 -0.00768889 -0.00237485 -0.00523383 -0.00768889 -0.0147607 -0.00523383 -0.010596 -0.000508426 -0.00107421 -4.02065e-05 -0.000372589 -0.00107421 -0.00237485 -0.000372589 -0.00125163 -4.02065e-05 -0.000372589 0.000274249 0.000105056 -0.000372589 -0.00125163 0.000105056 -0.000450449 -0.00237485 -0.00523383 -0.00125163 -0.00329788 -0.00523383 -0.010596 -0.00329788 -0.00718884 -0.00125163 -0.00329788 -0.000450449 -0.00182663 -0.00329788 -0.00718884 -0.00182663 -0.00446849 -0.0198223 -0.0334728 -0.0147607 -0.0255451 -0.0334728 -0.0497818 -0.0255451 -0.0384828 -0.0147607 -0.0255451 -0.010596 -0.0187969 -0.0255451 -0.0384828 -0.0187969 -0.0285974 -0.0497818 -0.0637344 -0.0384828 -0.0495412 -0.0637344 -0.0693624 -0.0495412 -0.053994 -0.0384828 -0.0495412 -0.0285974 -0.0369329 -0.0495412 -0.053994 -0.0369329 -0.04028 -0.010596 -0.0187969 -0.00718884 -0.0131185 -0.0187969 -0.0285974 -0.0131185 -0.0201451 -0.00718884 -0.0131185 -0.00446849 -0.00846346 -0.0131185 -0.0201451 -0.00846346 -0.0131431 -0.0285974 -0.0369329 -0.0201451 -0.0260769 -0.0369329 -0.04028 -0.0260769 -0.0284506 -0.0201451 -0.0260769 -0.0131431 -0.0170568 -0.0260769 -0.0284506 -0.0170568 -0.0186168 0.000274249 0.000105056 0.00043065 0.000365922 0.000105056 -0.000450449 0.000365922 5.14556e-05 0.00043065 0.000365922 0.000431876 0.000423269 0.000365922 5.14556e-05 0.000423269 0.00027686 -0.000450449 -0.00182663 5.14556e-05 -0.000785175 -0.00182663 -0.00446849 -0.000785175 -0.00240181 5.14556e-05 -0.000785175 0.00027686 -0.000148903 -0.000785175 -0.00240181 -0.000148903 -0.000974069 0.000431876 0.000423269 0.000285191 0.000294431 0.000423269 0.00027686 0.000294431 0.000250152 0.000285191 0.000294431 0 0 0.000294431 0.000250152 0 0 0.00027686 -0.000148903 0.000250152 0.000104154 -0.000148903 -0.000974069 0.000104154 -0.000176827 0.000250152 0.000104154 0 0 0.000104154 -0.000176827 0 0 -0.00446849 -0.00846346 -0.00240181 -0.00481864 -0.00846346 -0.0131431 -0.00481864 -0.00760829 -0.00240181 -0.00481864 -0.000974069 -0.00218668 -0.00481864 -0.00760829 -0.00218668 -0.00355841 -0.0131431 -0.0170568 -0.00760829 -0.00991463 -0.0170568 -0.0186168 -0.00991463 -0.0108301 -0.00760829 -0.00991463 -0.00355841 -0.00467515 -0.00991463 -0.0108301 -0.00467515 -0.00511639 -0.000974069 -0.00218668 -0.000176827 -0.000576701 -0.00218668 -0.00355841 -0.000576701 -0.00101369 -0.000176827 -0.000576701 0 0 -0.000576701 -0.00101369 0 0 -0.00355841 -0.00467515 -0.00101369 -0.00136045 -0.00467515 -0.00511639 -0.00136045 -0.00149673 -0.00101369 -0.00136045 0 0 -0.00136045 -0.00149673 0 0 -0.0693624 -0.0639145 -0.053994 -0.0496859 -0.0639145 -0.0501138 -0.0496859 -0.0387527 -0.053994 -0.0496859 -0.04028 -0.0370466 -0.0496859 -0.0387527 -0.0370466 -0.0288122 -0.0501138 -0.0339228 -0.0387527 -0.0259168 -0.0339228 -0.0203693 -0.0259168 -0.0152196 -0.0387527 -0.0259168 -0.0288122 -0.0190975 -0.0259168 -0.0152196 -0.0190975 -0.0109727 -0.04028 -0.0370466 -0.0284506 -0.0261637 -0.0370466 -0.0288122 -0.0261637 -0.0203112 -0.0284506 -0.0261637 -0.0186168 -0.0171203 -0.0261637 -0.0203112 -0.0171203 -0.0132662 -0.0288122 -0.0190975 -0.0203112 -0.0133547 -0.0190975 -0.0109727 -0.0133547 -0.00748911 -0.0203112 -0.0133547 -0.0132662 -0.00864135 -0.0133547 -0.00748911 -0.00864135 -0.00469798 -0.0203693 -0.0113874 -0.0152196 -0.00823044 -0.0113874 -0.00640623 -0.00823044 -0.00446867 -0.0152196 -0.00823044 -0.0109727 -0.00568353 -0.00823044 -0.00446867 -0.00568353 -0.0028986 -0.00640623 -0.00395319 -0.00446867 -0.00271247 -0.00395319 -0.00277186 -0.00271247 -0.00192717 -0.00446867 -0.00271247 -0.0028986 -0.00167527 -0.00271247 -0.00192717 -0.00167527 -0.00119167 -0.0109727 -0.00568353 -0.00748911 -0.00366032 -0.00568353 -0.0028986 -0.00366032 -0.00167675 -0.00748911 -0.00366032 -0.00469798 -0.00210662 -0.00366032 -0.00167675 -0.00210662 -0.000781092 -0.0028986 -0.00167527 -0.00167675 -0.000862319 -0.00167527 -0.00119167 -0.000862319 -0.000597792 -0.00167675 -0.000862319 -0.000781092 -0.000277193 -0.000862319 -0.000597792 -0.000277193 -0.000161543 -0.0186168 -0.0171203 -0.0108301 -0.00995816 -0.0171203 -0.0132662 -0.00995816 -0.00769377 -0.0108301 -0.00995816 -0.00511639 -0.00470157 -0.00995816 -0.00769377 -0.00470157 -0.00361107 -0.0132662 -0.00864135 -0.00769377 -0.00494415 -0.00864135 -0.00469798 -0.00494415 -0.00256607 -0.00769377 -0.00494415 -0.00361107 -0.00226533 -0.00494415 -0.00256607 -0.00226533 -0.00107849 -0.00511639 -0.00470157 -0.00149673 -0.00137243 -0.00470157 -0.00361107 -0.00137243 -0.00103798 -0.00149673 -0.00137243 0 0 -0.00137243 -0.00103798 0 0 -0.00361107 -0.00226533 -0.00103798 -0.000613658 -0.00226533 -0.00107849 -0.000613658 -0.000226599 -0.00103798 -0.000613658 0 0 -0.000613658 -0.000226599 0 0 -0.00469798 -0.00210662 -0.00256607 -0.000987664 -0.00210662 -0.000781092 -0.000987664 -0.000189195 -0.00256607 -0.000987664 -0.00107849 -0.000278905 -0.000987664 -0.000189195 -0.000278905 0.000121437 -0.000781092 -0.000277193 -0.000189195 8.67926e-05 -0.000277193 -0.000161543 8.67926e-05 0.000112103 -0.000189195 8.67926e-05 0.000121437 0.000242454 8.67926e-05 0.000112103 0.000242454 0.000225389 -0.00107849 -0.000278905 -0.000226599 4.16188e-05 -0.000278905 0.000121437 4.16188e-05 0.00017499 -0.000226599 4.16188e-05 0 0 4.16188e-05 0.00017499 0 0 0.000121437 0.000242454 0.00017499 0.000206756 0.000242454 0.000225389 0.000206756 0.000185027 0.00017499 0.000206756 0 0 0.000206756 0.000185027 0 0 -0.00277186 -0.00213739 -0.00192717 -0.00152703 -0.00213739 -0.00173162 -0.00152703 -0.00126772 -0.00192717 -0.00152703 -0.00119167 -0.000977578 -0.00152703 -0.00126772 -0.000977578 -0.000841537 -0.00173162 -0.00144389 -0.00126772 -0.00107558 -0.00144389 -0.00124027 -0.00107558 -0.000935447 -0.00126772 -0.00107558 -0.000841537 -0.000733622 -0.00107558 -0.000935447 -0.000733622 -0.000650355 -0.00119167 -0.000977578 -0.000597792 -0.000518435 -0.000977578 -0.000841537 -0.000518435 -0.000475627 -0.000597792 -0.000518435 -0.000161543 -0.000168286 -0.000518435 -0.000475627 -0.000168286 -0.000186843 -0.000841537 -0.000733622 -0.000475627 -0.000434653 -0.000733622 -0.000650355 -0.000434653 -0.000397919 -0.000475627 -0.000434653 -0.000186843 -0.000192716 -0.000434653 -0.000397919 -0.000192716 -0.000190051 -0.00124027 -0.0011013 -0.000935447 -0.000837364 -0.0011013 -0.000991749 -0.000837364 -0.00075033 -0.000935447 -0.000837364 -0.000650355 -0.000587916 -0.000837364 -0.00075033 -0.000587916 -0.000518511 -0.000991749 -0.000822291 -0.00075033 -0.000589127 -0.000822291 0 -0.000589127 0 -0.00075033 -0.000589127 -0.000518511 -0.000353891 -0.000589127 0 -0.000353891 0 -0.000650355 -0.000587916 -0.000397919 -0.000364699 -0.000587916 -0.000518511 -0.000364699 -0.000309726 -0.000397919 -0.000364699 -0.000190051 -0.000179281 -0.000364699 -0.000309726 -0.000179281 -0.000139369 -0.000518511 -0.000353891 -0.000309726 -0.000169896 -0.000353891 0 -0.000169896 0 -0.000309726 -0.000169896 -0.000139369 -3.67393e-05 -0.000169896 0 -3.67393e-05 0 -0.000161543 -0.000168286 0.000112103 6.21167e-05 -0.000168286 -0.000186843 6.21167e-05 1.25682e-05 0.000112103 6.21167e-05 0.000225389 0.000167674 6.21167e-05 1.25682e-05 0.000167674 0.000113981 -0.000186843 -0.000192716 1.25682e-05 -1.95104e-05 -0.000192716 -0.000190051 -1.95104e-05 -3.75123e-05 1.25682e-05 -1.95104e-05 0.000113981 7.536e-05 -1.95104e-05 -3.75123e-05 7.536e-05 5.02561e-05 0.000225389 0.000167674 0.000185027 0.000146907 0.000167674 0.000113981 0.000146907 0.000111332 0.000185027 0.000146907 0 0 0.000146907 0.000111332 0 0 0.000113981 7.536e-05 0.000111332 8.40371e-05 7.536e-05 5.02561e-05 8.40371e-05 6.50959e-05 0.000111332 8.40371e-05 0 0 8.40371e-05 6.50959e-05 0 0 -0.000190051 -0.000179281 -3.75123e-05 -4.19814e-05 -0.000179281 -0.000139369 -4.19814e-05 -1.79691e-05 -3.75123e-05 -4.19814e-05 5.02561e-05 3.83913e-05 -4.19814e-05 -1.79691e-05 3.83913e-05 4.80249e-05 -0.000139369 -3.67393e-05 -1.79691e-05 4.77196e-05 -3.67393e-05 0 4.77196e-05 0 -1.79691e-05 4.77196e-05 4.80249e-05 8.2614e-05 4.77196e-05 0 8.2614e-05 0 5.02561e-05 3.83913e-05 6.50959e-05 5.45273e-05 3.83913e-05 4.80249e-05 5.45273e-05 5.49887e-05 6.50959e-05 5.45273e-05 0 0 5.45273e-05 5.49887e-05 0 0 4.80249e-05 8.2614e-05 5.49887e-05 6.51717e-05 8.2614e-05 0 6.51717e-05 0 5.49887e-05 6.51717e-05 0 0 6.51717e-05 0 0 0 
SCALARS p_fluid double 1
LOOKUP_TABLE default
0 0 0 0 0 0 0 0 0 0 0 0 0 0 0 0 0 0 0 0 0 0 0 0 0 0 0 0 0 0 0 0 0 0 0 0 0 0 0 0 0 0 0 0 0 0 0 0 0 0 0 0 0 0 0 0 0 0 0 0 0 0 0 0 0 0 0 0 0 0 0 0 0 0 0 0 0 0 0 0 0 0 0 0 0 0 0 0 0 0 0 0 0 0 0 0 0 0 0 0 0 0 0 0 0 0 0 0 0 0 0 0 0 0 0 0 0 0 0 0 0 0 0 0 0 0 0 0 0 0 0 0 0 0 0 0 0 0 0 0 0 0 0 0 0 0 0 0 0 0 0 0 0 0 0 0 0 0 0 0 0 0 0 0 0 0 0 0 0 0 0 0 0 0 0 0 0 0 0 0 0 0 0 0 0 0 0 0 0 0 0 0 0 0 0 0 0 0 0 0 0 0 0 0 0 0 0 0 0 0 0 0 0 0 0 0 0 0 0 0 0 0 0 0 0 0 0 0 0 0 0 0 0 0 0 0 0 0 0 0 0 0 0 0 0 0 0 0 0 0 0 0 0 0 0 0 0 0 0 0 0 0 0 0 0 0 0 0 0 0 0 0 0 0 0 0 0 0 0 0 0 0 0 0 0 0 0 0 0 0 0 0 0 0 0 0 0 0 0 0 0 0 0 0 0 0 0 0 0 0 0 0 0 0 0 0 0 0 0 0 0 0 0 0 0 0 0 0 0 0 0 0 0 0 0 0 0 0 0 0 0 0 0 0 0 0 0 0 0 0 0 0 0 0 0 0 0 0 0 0 0 0 0 0 0 0 0 0 0 0 0 0 0 0 0 0 0 0 0 0 0 0 0 0 0 0 0 0 0 0 0 0 0 0 0 0 0 0 0 0 0 0 0 0 0 0 0 0 0 0 0 0 0 0 0 0 0 0 0 0 0 0 0 0 0 0 0 0 0 0 0 0 0 0 0 0 0 0 0 0 0 0 0 0 0 0 0 0 0 0 0 0 0 0 0 0 0 0 0 0 0 0 0 0 0 0 0 0 0 0 0 0 0 0 0 0 0 0 0 0 0 0 0 0 0 0 0 0 0 0 0 0 0 0 0 0 0 0 0 0 0 0 0 0 0 0 0 0 0 0 0 0 0 0 0 0 0 0 0 0 0 0 0 0 0 0 0 0 0 0 0 0 0 0 0 0 0 0 0 0 0 0 0 0 0 0 0 0 0 0 0 0 0 0 0 0 0 0 0 0 0 0 0 0 0 0 0 0 0 0 0 0 0 0 0 0 0 0 0 0 0 0 0 0 0 0 0 0 0 0 0 0 0 0 0 0 0 0 0 0 0 0 0 0 0 0 0 0 0 0 0 0 0 0 0 0 0 0 0 0 0 0 0 0 0 0 0 0 0 0 0 0 0 0 0 0 0 0 0 0 0 0 0 0 0 0 0 0 0 0 0 0 0 0 0 0 0 0 0 0 0 0 0 0 0 0 0 0 0 0 0 0 0 0 0 0 0 0 0 0 0 0 0 0 0 0 0 0 0 0 0 0 0 0 0 0 0 0 0 0 0 0 0 0 0 0 0 0 0 0 0 0 0 0 0 0 0 0 0 0 0 0 0 0 0 0 0 0 0 0 0 0 0 0 0 0 0 0 0 0 0 0 0 0 0 0 0 0 0 0 0 0 0 0 0 0 0 0 0 0 0 0 0 0 0 0 0 0 0 0 0 0 0 0 0 0 0 0 0 0 0 0 0 0 0 0 0 0 0 0 0 0 0 0 0 0 0 0 0 0 0 0 0 0 0 0 0 0 0 0 0 0 0 0 0 0 0 0 0 0 0 0 0 0 0 0 0 0 0 0 0 0 0 0 0 0 0 0 0 0 0 0 0 0 0 0 0 0 0 0 0 0 0 0 0 0 0 0 0 0 0 0 0 0 0 0 0 0 0 0 0 0 0 0 0 0 0 0 0 0 0 0 0 0 0 0 0 0 0 0 0 0 0 0 0 0 0 0 0 0 0 0 0 0 0 0 0 0 0 0 0 0 0 0 0 0 0 0 0 0 0 0 0 0 0 0 0 0 0 0 0 0 0 0 0 0 0 0 0 0 0 0 0 0 0 0 0 0 0 0 0 0 0 0 0 0 0 0 0 0 0 0 0 0 0 0 0 0 0 0 0 0 0 0 0 0 0 0 0 0 0 0 0 0 0 0 0 0 0 0 0 0 0 0 0 0 0 0 0 0 0 0 0 0 0 0 0 0 0 0 0 0 0 0 0 0 0 0 0 0 0 0 0 0 95.8469 93.16 95.8763 93.1894 93.1664 90.3915 93.162 90.3871 95.9254 93.1456 95.9435 93.1637 93.17 90.3846 93.1654 90.3799 90.3903 87.5769 90.3841 87.5707 87.576 84.7377 87.5702 84.7319 90.3856 87.5706 90.3797 87.5648 87.57 84.7327 87.5645 84.7271 95.9539 93.153 95.9668 93.1659 93.1685 90.3788 93.1653 90.3757 95.9739 93.1591 95.9842 93.1694 93.1704 90.3714 93.1684 90.3693 90.3803 87.565 90.3734 87.5581 87.5642 84.7276 87.5575 84.7209 90.3745 87.5576 90.3673 87.5504 87.5574 84.7212 87.5498 84.7136 84.7369 81.8826 84.7324 81.8781 81.882 79.0171 81.8789 79.0141 84.7318 81.879 84.7271 81.8743 81.8782 79.0149 81.8742 79.0109 79.0167 76.1453 79.0149 76.1435 76.1459 73.2699 76.1438 73.2678 79.0147 76.1436 79.0101 76.1391 76.1455 73.2652 76.1368 73.2565 84.7268 81.8746 84.7208 81.8686 81.8744 79.0104 81.8683 79.0043 84.7207 81.8686 84.7134 81.8613 81.8689 79.003 81.8607 78.9949 79.0116 76.1368 79.0028 76.128 76.1415 73.2499 76.1242 73.2326 79.0054 76.124 78.993 76.1117 76.131 73.2232 76.1071 73.1993 95.9883 93.1653 95.996 93.173 93.173 90.3651 93.1719 90.364 95.9985 93.1704 96.0037 93.1757 93.1755 90.3607 93.175 90.3602 90.3688 87.5494 90.3625 87.5431 87.5499 84.7135 87.5425 84.7061 90.364 87.5419 90.3592 87.5371 87.5428 84.7059 87.5368 84.6998 96.0051 93.1742 96.0081 93.1771 93.1774 90.3579 93.1772 90.3577 96.0088 93.1765 96.0097 93.1774 93.1783 90.3566 93.1783 90.3565 90.3605 87.5362 90.3575 87.5332 87.5371 84.6994 87.5332 84.6955 90.3582 87.5327 90.3572 87.5317 87.5334 84.6953 87.532 84.6939 84.7134 81.8609 84.7059 81.8534 81.8617 78.9931 81.8528 78.9842 84.7061 81.8528 84.6996 81.8463 81.8539 78.9823 81.8459 78.9743 78.9962 76.1068 78.9823 76.0929 76.1148 73.1888 76.0888 73.1628 78.9856 76.0882 78.973 76.0756 76.0961 73.153 76.0728 73.1298 84.6999 81.8457 84.6955 81.8414 81.8468 78.9726 81.8413 78.9671 84.6957 81.841 84.6941 81.8395 81.8419 78.9662 81.8399 78.9642 78.9756 76.0718 78.9669 76.0631 76.0785 73.1223 76.0625 73.1063 78.9683 76.061 78.9652 76.0579 76.0656 73.1023 76.0599 73.0966 73.2747 70.3852 73.2656 70.3761 70.4015 67.453 70.3675 67.4189 73.2733 70.3665 73.2511 70.3443 70.3885 67.3954 70.3337 67.3407 67.4922 64.3554 67.3977 64.2608 64.4264 60.8388 64.2216 60.634 67.4407 64.2174 67.3232 64.0999 64.2875 60.5754 64.0766 60.3645 73.2626 70.3293 73.2245 70.2912 70.3569 67.3128 70.2771 67.233 73.2391 70.2725 73.1904 70.2238 70.303 67.2021 70.2091 67.1083 67.3607 64.059 67.2128 63.9112 64.1211 60.3233 63.89 60.0923 67.2494 63.8716 67.0892 63.7114 63.925 60.0608 63.6944 59.8302 60.9277 56.5145 60.581 56.1679 56.5554 51.0523 56.1255 50.6224 60.6456 56.1251 60.3425 55.822 56.1301 50.6507 55.8155 50.3361 50.9498 44.6629 50.6309 44.3441 44.4286 38.4606 44.4257 38.4577 50.5266 44.469 50.3595 44.3019 44.256 38.6108 44.3564 38.7111 60.368 55.8123 60.0818 55.5262 55.7819 50.3955 55.5404 50.1541 60.0875 55.5342 59.8273 55.274 55.4859 50.2289 55.2969 50.0399 50.2526 44.4286 50.1979 44.3739 44.2305 38.8332 44.4337 39.0364 50.0843 44.5012 50.0883 44.5052 44.3186 39.1477 44.5612 39.3902 73.2057 70.2045 73.1549 70.1537 70.2342 67.079 70.1413 66.9861 73.1686 70.1367 73.1246 70.0927 70.1626 66.9616 70.0849 66.8839 67.1213 63.6775 66.9708 63.527 63.7203 59.8085 63.515 59.6032 66.9963 63.5007 66.8747 63.3791 63.5329 59.5896 63.3727 59.4294 73.1349 70.0802 73.1052 70.0505 70.1002 66.8665 70.0489 66.8152 73.1106 70.0439 73.1002 70.0334 70.0569 66.8062 70.0389 66.7883 66.8922 63.3615 66.8136 63.2828 63.3837 59.4218 63.2825 59.3206 66.8224 63.274 66.7953 63.2469 63.2877 59.3173 63.2531 59.2827 59.8224 55.2911 59.6043 55.073 55.2384 50.1141 55.0953 49.9709 59.5952 55.0921 59.4318 54.9288 55.0438 50.0339 54.9437 49.9338 49.9839 44.6183 50.0116 44.6461 44.4613 39.4845 44.6897 39.7129 49.9267 44.7362 49.958 44.7676 44.6106 39.7863 44.7917 39.9674 59.4232 54.9445 59.3225 54.8438 54.9062 49.979 54.847 49.9198 59.3174 54.8525 59.2834 54.8185 54.8274 49.9433 54.8078 49.9238 49.8988 44.8297 49.9218 44.8528 44.7373 40.0173 44.8523 40.1323 49.8915 44.8844 49.8999 44.8928 44.8246 40.1576 44.8639 40.1969 38.2732 33.8249 38.5783 34.13 33.8103 31.1615 34.217 31.5681 38.4569 34.2057 38.773 34.5218 34.1988 31.5453 34.5563 31.9028 31.259 29.7696 31.5838 30.0944 29.8776 28.7271 30.0595 28.909 31.6356 30.0264 31.8983 30.2891 30.1282 28.8449 30.2615 28.9781 38.7106 34.5599 39.0849 34.9342 34.5785 31.8559 34.9485 32.226 39.0388 34.9631 39.4281 35.3525 34.9846 32.1739 35.3566 32.5459 31.9625 30.2132 32.2062 30.4569 30.3231 28.9173 30.4213 29.0155 32.2816 30.3754 32.5205 30.6142 30.4902 28.9489 30.5769 29.0356 28.8004 27.4568 28.8601 27.5165 27.49 25.7603 27.4772 25.7476 28.9142 27.4763 28.947 27.5091 27.5073 25.7314 27.4857 25.7099 25.7651 23.6761 25.7256 23.6365 23.6685 21.3282 23.6287 21.2884 25.736 23.6356 25.6972 23.5968 23.6287 21.2934 23.5926 21.2574 28.9866 27.4763 28.9825 27.4722 27.5027 25.7002 27.451 25.6486 29.024 27.4361 29.0032 27.4153 27.4659 25.6384 27.3959 25.5684 25.6993 23.5998 25.6396 23.5401 23.5885 21.2642 23.5394 21.215 25.638 23.5444 25.5616 23.468 23.5314 21.2237 23.4691 21.1613 39.3901 35.3759 39.7404 35.7262 35.3916 32.499 35.7271 32.8345 39.7097 35.7447 39.9821 36.0171 35.7544 32.7978 36.0175 33.061 32.593 30.5387 32.8125 30.7581 30.6452 28.9712 30.7268 29.0527 32.872 30.6969 33.0485 30.8734 30.7853 28.9984 30.8547 29.0678 39.9605 36.0299 40.1317 36.2011 36.0355 33.0362 36.2021 33.2028 40.1205 36.2077 40.1788 36.266 36.211 33.1903 36.2679 33.2472 33.0898 30.8309 33.2036 30.9447 30.8967 29.0291 30.9435 29.0759 33.2247 30.923 33.2639 30.9622 30.9653 29.0559 30.9818 29.0724 29.0457 27.3786 29.0256 27.3585 27.4117 25.5569 27.3425 25.4877 29.0638 27.326 29.051 27.3132 27.358 25.4764 27.303 25.4214 25.56 23.4713 25.4825 23.3938 23.4603 21.1698 23.3953 21.1048 25.4823 23.3956 25.4182 23.3315 23.388 21.1117 23.3326 21.0562 29.0795 27.2892 29.0734 27.2831 27.3154 25.4124 27.281 25.3781 29.0885 27.2705 29.0868 27.2688 27.2879 25.3732 27.2763 25.3616 25.4189 23.3322 25.3774 23.2907 23.3277 21.061 23.2911 21.0243 25.3781 23.2909 25.3638 23.2767 23.2887 21.0267 23.2759 21.014 21.3192 18.8279 21.2882 18.7968 18.8215 16.2422 18.7991 16.2199 21.2849 18.8023 21.2577 18.775 18.7959 16.2239 18.7767 16.2048 16.2384 13.6038 16.2223 13.5877 13.6017 10.927 13.5896 10.9149 16.22 13.5904 16.2064 13.5769 13.588 10.9169 13.5782 10.9071 21.2527 18.781 21.2178 18.7462 18.7729 16.2089 18.7495 16.1855 21.2098 18.7539 21.1655 18.7096 18.7435 16.191 18.7139 16.1613 16.2039 13.5796 16.1882 13.5639 13.5766 10.909 13.5658 10.8982 16.1843 13.5674 16.1647 13.5477 13.5632 10.9006 13.5501 10.8875 10.9256 8.21871 10.9164 8.20949 8.21736 5.48393 8.2108 5.47737 10.9151 8.21114 10.9082 8.20426 8.20926 5.47924 8.20534 5.47532 5.4817 2.73012 5.47855 2.72697 2.70833 -0.028219 2.73025 -0.00629911 5.4762 2.72942 5.47681 2.73003 2.72094 -0.00275196 2.72858 0.00489194 10.9068 8.20593 10.8998 8.1989 8.20361 5.47743 8.20031 5.47413 10.8977 8.20097 10.8893 8.19251 8.19818 5.47637 8.19409 5.47229 5.47362 2.7332 5.47557 2.73515 2.731 0.00179533 2.73466 0.00545421 5.47284 2.73749 5.4735 2.73815 2.73723 0.0026348 2.73779 0.00320048 21.1562 18.7178 21.1088 18.6704 18.7068 16.1673 18.6744 16.135 21.1005 18.6775 21.059 18.636 18.6677 16.1404 18.6387 16.1115 16.1598 13.5517 16.1381 13.5299 13.5468 10.8902 13.5322 10.8756 16.1333 13.5337 16.1136 13.5139 13.5289 10.8782 13.5154 10.8647 21.053 18.6411 21.0251 18.6132 18.6337 16.1155 18.6139 16.0957 21.022 18.6159 21.0122 18.6061 18.6112 16.0978 18.6043 16.0909 16.1099 13.5167 16.0962 13.5031 13.5129 10.8667 13.5034 10.8573 16.0943 13.5046 16.0894 13.4997 13.502 10.8584 13.4986 10.855 10.8868 8.19478 10.8773 8.18526 8.19176 5.47445 8.1867 5.46939 10.8748 8.18737 10.8659 8.17845 8.18454 5.47121 8.17942 5.46608 5.47157 2.73952 5.47038 2.73833 2.73992 0.00086484 2.7381 -0.000952449 5.46902 2.73912 5.46675 2.73684 2.73965 -0.00272153 2.73675 -0.00562169 10.8639 8.18004 10.8576 8.1737 8.1778 5.46737 8.17397 5.46355 10.8565 8.17454 10.8542 8.17225 8.17311 5.4642 8.1717 5.46279 5.46587 2.73726 5.46378 2.73518 2.73773 -0.00679065 2.73523 -0.00929053 5.46334 2.73536 5.46251 2.73453 2.73569 -0.00986481 2.73472 -0.0108363 96.0097 93.1774 96.0088 93.1765 93.1783 90.3565 93.1783 90.3566 96.0081 93.1771 96.0051 93.1742 93.1772 90.3577 93.1774 90.3579 90.3572 87.5317 90.3582 87.5327 87.532 84.6939 87.5334 84.6953 90.3575 87.5332 90.3605 87.5362 87.5332 84.6955 87.5371 84.6994 96.0037 93.1757 95.9985 93.1704 93.175 90.3602 93.1755 90.3607 95.996 93.173 95.9883 93.1653 93.1719 90.364 93.173 90.3651 90.3592 87.5371 90.364 87.5419 87.5368 84.6998 87.5428 84.7059 90.3625 87.5431 90.3688 87.5494 87.5425 84.7061 87.5499 84.7135 84.6941 81.8395 84.6957 81.841 81.8399 78.9642 81.8419 78.9662 84.6955 81.8414 84.6999 81.8457 81.8413 78.9671 81.8468 78.9726 78.9652 76.0579 78.9683 76.061 76.0599 73.0966 76.0656 73.1023 78.9669 76.0631 78.9756 76.0718 76.0625 73.1063 76.0785 73.1223 84.6996 81.8463 84.7061 81.8528 81.8459 78.9743 81.8539 78.9823 84.7059 81.8534 84.7134 81.8609 81.8528 78.9842 81.8617 78.9931 78.973 76.0756 78.9856 76.0882 76.0728 73.1298 76.0961 73.153 78.9823 76.0929 78.9962 76.1068 76.0888 73.1628 76.1148 73.1888 95.9842 93.1694 95.9739 93.1591 93.1684 90.3693 93.1704 90.3714 95.9668 93.1659 95.9539 93.153 93.1653 90.3757 93.1685 90.3788 90.3673 87.5504 90.3745 87.5576 87.5498 84.7136 87.5574 84.7212 90.3734 87.5581 90.3803 87.565 87.5575 84.7209 87.5642 84.7276 95.9435 93.1637 95.9254 93.1456 93.1654 90.3799 93.17 90.3846 95.8763 93.1894 95.8469 93.16 93.162 90.3871 93.1664 90.3915 90.3797 87.5648 90.3856 87.5706 87.5645 84.7271 87.57 84.7327 90.3841 87.5707 90.3903 87.5769 87.5702 84.7319 87.576 84.7377 84.7134 81.8613 84.7207 81.8686 81.8607 78.9949 81.8689 79.003 84.7208 81.8686 84.7268 81.8746 81.8683 79.0043 81.8744 79.0104 78.993 76.1117 79.0054 76.124 76.1071 73.1993 76.131 73.2232 79.0028 76.128 79.0116 76.1368 76.1242 73.2326 76.1415 73.2499 84.7271 81.8743 84.7318 81.879 81.8742 79.0109 81.8782 79.0149 84.7324 81.8781 84.7369 81.8826 81.8789 79.0141 81.882 79.0171 79.0101 76.1391 79.0147 76.1436 76.1368 73.2565 76.1455 73.2652 79.0149 76.1435 79.0167 76.1453 76.1438 73.2678 76.1459 73.2699 73.1002 70.0334 73.1106 70.0439 70.0389 66.7883 70.0569 66.8062 73.1052 70.0505 73.1349 70.0802 70.0489 66.8152 70.1002 66.8665 66.7953 63.2469 66.8224 63.274 63.2531 59.2827 63.2877 59.3173 66.8136 63.2828 66.8922 63.3615 63.2825 59.3206 63.3837 59.4218 73.1246 70.0927 73.1686 70.1367 70.0849 66.8839 70.1626 66.9616 73.1549 70.1537 73.2057 70.2045 70.1413 66.9861 70.2342 67.079 66.8747 63.3791 66.9963 63.5007 63.3727 59.4294 63.5329 59.5896 66.9708 63.527 67.1213 63.6775 63.515 59.6032 63.7203 59.8085 59.2834 54.8185 59.3174 54.8525 54.8078 49.9238 54.8274 49.9433 59.3225 54.8438 59.4232 54.9445 54.847 49.9198 54.9062 49.979 49.8999 44.8928 49.8915 44.8844 44.8639 40.1969 44.8246 40.1576 49.9218 44.8528 49.8988 44.8297 44.8523 40.1323 44.7373 40.0173 59.4318 54.9288 59.5952 55.0921 54.9437 49.9338 55.0438 50.0339 59.6043 55.073 59.8224 55.2911 55.0953 49.9709 55.2384 50.1141 49.958 44.7676 49.9267 44.7362 44.7917 39.9674 44.6106 39.7863 50.0116 44.6461 49.9839 44.6183 44.6897 39.7129 44.4613 39.4845 73.1904 70.2238 73.2391 70.2725 70.2091 67.1083 70.303 67.2021 73.2245 70.2912 73.2626 70.3293 70.2771 67.233 70.3569 67.3128 67.0892 63.7114 67.2494 63.8716 63.6944 59.8302 63.925 60.0608 67.2128 63.9112 67.3607 64.059 63.89 60.0923 64.1211 60.3233 73.2511 70.3443 73.2733 70.3665 70.3337 67.3407 70.3885 67.3954 73.2656 70.3761 73.2747 70.3852 70.3675 67.4189 70.4015 67.453 67.3232 64.0999 67.4407 64.2174 64.0766 60.3645 64.2875 60.5754 67.3977 64.2608 67.4922 64.3554 64.2216 60.634 64.4264 60.8388 59.8273 55.274 60.0875 55.5342 55.2969 50.0399 55.4859 50.2289 60.0818 55.5262 60.368 55.8123 55.5404 50.1541 55.7819 50.3955 50.0883 44.5052 50.0843 44.5012 44.5612 39.3902 44.3186 39.1477 50.1979 44.3739 50.2526 44.4286 44.4337 39.0364 44.2305 38.8332 60.3425 55.822 60.6456 56.1251 55.8155 50.3361 56.1301 50.6507 60.581 56.1679 60.9277 56.5145 56.1255 50.6224 56.5554 51.0523 50.3595 44.3019 50.5266 44.469 44.3564 38.7111 44.256 38.6108 50.6309 44.3441 50.9498 44.6629 44.4257 38.4577 44.4286 38.4606 40.1788 36.266 40.1205 36.2077 36.2679 33.2472 36.211 33.1903 40.1317 36.2011 39.9605 36.0299 36.2021 33.2028 36.0355 33.0362 33.2639 30.9622 33.2247 30.923 30.9818 29.0724 30.9653 29.0559 33.2036 30.9447 33.0898 30.8309 30.9435 29.0759 30.8967 29.0291 39.9821 36.0171 39.7097 35.7447 36.0175 33.061 35.7544 32.7978 39.7404 35.7262 39.3901 35.3759 35.7271 32.8345 35.3916 32.499 33.0485 30.8734 32.872 30.6969 30.8547 29.0678 30.7853 28.9984 32.8125 30.7581 32.593 30.5387 30.7268 29.0527 30.6452 28.9712 29.0868 27.2688 29.0885 27.2705 27.2763 25.3616 27.2879 25.3732 29.0734 27.2831 29.0795 27.2892 27.281 25.3781 27.3154 25.4124 25.3638 23.2767 25.3781 23.2909 23.2759 21.014 23.2887 21.0267 25.3774 23.2907 25.4189 23.3322 23.2911 21.0243 23.3277 21.061 29.051 27.3132 29.0638 27.326 27.303 25.4214 27.358 25.4764 29.0256 27.3585 29.0457 27.3786 27.3425 25.4877 27.4117 25.5569 25.4182 23.3315 25.4823 23.3956 23.3326 21.0562 23.388 21.1117 25.4825 23.3938 25.56 23.4713 23.3953 21.1048 23.4603 21.1698 39.4281 35.3525 39.0388 34.9631 35.3566 32.5459 34.9846 32.1739 39.0849 34.9342 38.7106 34.5599 34.9485 32.226 34.5785 31.8559 32.5205 30.6142 32.2816 30.3754 30.5769 29.0356 30.4902 28.9489 32.2062 30.4569 31.9625 30.2132 30.4213 29.0155 30.3231 28.9173 38.773 34.5218 38.4569 34.2057 34.5563 31.9028 34.1988 31.5453 38.5783 34.13 38.2732 33.8249 34.217 31.5681 33.8103 31.1615 31.8983 30.2891 31.6356 30.0264 30.2615 28.9781 30.1282 28.8449 31.5838 30.0944 31.259 29.7696 30.0595 28.909 29.8776 28.7271 29.0032 27.4153 29.024 27.4361 27.3959 25.5684 27.4659 25.6384 28.9825 27.4722 28.9866 27.4763 27.451 25.6486 27.5027 25.7002 25.5616 23.468 25.638 23.5444 23.4691 21.1613 23.5314 21.2237 25.6396 23.5401 25.6993 23.5998 23.5394 21.215 23.5885 21.2642 28.947 27.5091 28.9142 27.4763 27.4857 25.7099 27.5073 25.7314 28.8601 27.5165 28.8004 27.4568 27.4772 25.7476 27.49 25.7603 25.6972 23.5968 25.736 23.6356 23.5926 21.2574 23.6287 21.2934 25.7256 23.6365 25.7651 23.6761 23.6287 21.2884 23.6685 21.3282 21.0122 18.6061 21.022 18.6159 18.6043 16.0909 18.6112 16.0978 21.0251 18.6132 21.053 18.6411 18.6139 16.0957 18.6337 16.1155 16.0894 13.4997 16.0943 13.5046 13.4986 10.855 13.502 10.8584 16.0962 13.5031 16.1099 13.5167 13.5034 10.8573 13.5129 10.8667 21.059 18.636 21.1005 18.6775 18.6387 16.1115 18.6677 16.1404 21.1088 18.6704 21.1562 18.7178 18.6744 16.135 18.7068 16.1673 16.1136 13.5139 16.1333 13.5337 13.5154 10.8647 13.5289 10.8782 16.1381 13.5299 16.1598 13.5517 13.5322 10.8756 13.5468 10.8902 10.8542 8.17225 10.8565 8.17454 8.1717 5.46279 8.17311 5.4642 10.8576 8.1737 10.8639 8.18004 8.17397 5.46355 8.1778 5.46737 5.46251 2.73453 5.46334 2.73536 2.73472 -0.0108363 2.73569 -0.00986481 5.46378 2.73518 5.46587 2.73726 2.73523 -0.00929053 2.73773 -0.00679065 10.8659 8.17845 10.8748 8.18737 8.17942 5.46608 8.18454 5.47121 10.8773 8.18526 10.8868 8.19478 8.1867 5.46939 8.19176 5.47445 5.46675 2.73684 5.46902 2.73912 2.73675 -0.00562169 2.73965 -0.00272153 5.47038 2.73833 5.47157 2.73952 2.7381 -0.000952449 2.73992 0.00086484 21.1655 18.7096 21.2098 18.7539 18.7139 16.1613 18.7435 16.191 21.2178 18.7462 21.2527 18.781 18.7495 16.1855 18.7729 16.2089 16.1647 13.5477 16.1843 13.5674 13.5501 10.8875 13.5632 10.9006 16.1882 13.5639 16.2039 13.5796 13.5658 10.8982 13.5766 10.909 21.2577 18.775 21.2849 18.8023 18.7767 16.2048 18.7959 16.2239 21.2882 18.7968 21.3192 18.8279 18.7991 16.2199 18.8215 16.2422 16.2064 13.5769 16.22 13.5904 13.5782 10.9071 13.588 10.9169 16.2223 13.5877 16.2384 13.6038 13.5896 10.9149 13.6017 10.927 10.8893 8.19251 10.8977 8.20097 8.19409 5.47229 8.19818 5.47637 10.8998 8.1989 10.9068 8.20593 8.20031 5.47413 8.20361 5.47743 5.4735 2.73815 5.47284 2.73749 2.73779 0.00320048 2.73723 0.0026348 5.47557 2.73515 5.47362 2.7332 2.73466 0.00545421 2.731 0.00179533 10.9082 8.20426 10.9151 8.21114 8.20534 5.47532 8.20926 5.47924 10.9164 8.20949 10.9256 8.21871 8.2108 5.47737 8.21736 5.48393 5.47681 2.73003 5.4762 2.72942 2.72858 0.00489194 2.72094 -0.00275196 5.47855 2.72697 5.4817 2.73012 2.73025 -0.00629911 2.70833 -0.028219 0 0 0 0 0 0 0 0 0 0 0 0 0 0 0 0 0 0 0 0 0 0 0 0 0 0 0 0 0 0 0 0 0 0 0 0 0 0 0 0 0 0 0 0 0 0 0 0 0 0 0 0 0 0 0 0 0 0 0 0 0 0 0 0 0 0 0 0 0 0 0 0 0 0 0 0 0 0 0 0 0 0 0 0 0 0 0 0 0 0 0 0 0 0 0 0 0 0 0 0 0 0 0 0 0 0 0 0 0 0 0 0 0 0 0 0 0 0 0 0 0 0 0 0 0 0 0 0 0 0 0 0 0 0 0 0 0 0 0 0 0 0 0 0 0 0 0 0 0 0 0 0 0 0 0 0 0 0 0 0 0 0 0 0 0 0 0 0 0 0 0 0 0 0 0 0 0 0 0 0 0 0 0 0 0 0 0 0 0 0 0 0 0 0 0 0 0 0 0 0 0 0 0 0 0 0 0 0 0 0 0 0 0 0 0 0 0 0 0 0 0 0 0 0 0 0 0 0 0 0 0 0 0 0 0 0 0 0 0 0 0 0 0 0 0 0 0 0 0 0 0 0 0 0 0 0 0 0 0 0 0 0 0 0 0 0 0 0 0 0 0 0 0 0 0 0 0 0 0 0 0 0 0 0 0 0 0 0 0 0 0 0 0 0 0 0 0 0 0 0 0 0 0 0 0 0 0 0 0 0 0 0 0 0 0 0 0 0 0 0 0 0 0 0 0 0 0 0 0 0 0 0 0 0 0 0 0 0 0 0 0 0 0 0 0 0 0 0 0 0 0 0 0 0 0 0 0 0 0 0 0 0 0 0 0 0 0 0 0 0 0 0 0 0 0 0 0 0 0 0 0 0 0 0 0 0 0 0 0 0 0 0 0 0 0 0 0 0 0 0 0 0 0 0 0 0 0 0 0 0 0 0 0 0 0 0 0 0 0 0 0 0 0 0 0 0 0 0 0 0 0 0 0 0 0 0 0 0 0 0 0 0 0 0 0 0 0 0 0 0 0 0 0 0 0 0 0 0 0 0 0 0 0 0 0 0 0 0 0 0 0 0 0 0 0 0 0 0 0 0 0 0 0 0 0 0 0 0 0 0 0 0 0 0 0 0 0 0 0 0 0 0 0 0 0 0 0 0 0 0 0 0 0 0 0 0 0 0 0 0 0 0 0 0 0 0 0 0 0 0 0 0 0 0 0 0 0 0 0 0 0 0 0 0 0 0 0 0 0 0 0 0 0 0 0 0 0 0 0 0 0 0 0 0 0 0 0 0 0 0 0 0 0 0 0 0 0 0 0 0 0 0 0 0 0 0 0 0 0 0 0 0 0 0 0 0 0 0 0 0 0 0 0 0 0 0 0 0 0 0 0 0 0 0 0 0 0 0 0 0 0 0 0 0 0 0 0 0 0 0 0 0 0 0 0 0 0 0 0 0 0 0 0 0 0 0 0 0 0 0 0 0 0 0 0 0 0 0 0 0 0 0 0 0 0 0 0 0 0 0 0 0 0 0 0 0 0 0 0 0 0 0 0 0 0 0 0 0 0 0 0 0 0 0 0 0 0 0 0 0 0 0 0 0 0 0 0 0 0 0 0 0 0 0 0 0 0 0 0 0 0 0 0 0 0 0 0 0 0 0 0 0 0 0 0 0 0 0 0 0 0 0 0 0 0 0 0 0 0 0 0 0 0 0 0 0 0 0 0 0 0 0 0 0 0 0 0 0 0 0 0 0 0 0 0 0 0 0 0 0 0 0 0 0 0 0 0 0 0 0 0 0 0 0 0 0 0 0 0 0 0 0 0 0 0 0 0 0 0 0 0 0 0 0 0 0 0 0 0 0 0 0 0 0 0 0 0 0 0 0 0 0 0 0 0 0 0 0 0 0 0 0 0 0 0 0 0 0 0 0 0 0 0 0 0 0 0 0 0 0 0 0 0 0 0 0 0 0 0 0 0 0 0 0 0 0 0 0 0 0 0 0 0 0 0 0 0 0 0 0 0 0 0 0 0 0 0 0 0 0 0 0 0 0 0 0 0 0 0 0 0 0 0 0 0 0 0 0 0 0 0 0 0 0 0 0 0 0 0 0 0 0 0 0 0 0 0 0 0 0 0 0 0 0 0 0 0 0 0 0 0 0 0 0 0 0 0 0 0 0 0 0 0 0 0 0 0 0 0 0 0 0 0 0 0 0 0 0 0 0 0 0 0 0 0 0 0 0 0 0 0 0 0 0 0 0 0 0 0 0 0 0 0 0 0 0 0 0 0 0 0 0 0 0 0 0 0 0 0 0 0 0 0 0 
SCALARS wx_dis double 1
LOOKUP_TABLE default
0.00150455 0.00148679 0.00150732 0.00148995 0.00148679 0.00142805 0.00148995 0.00143287 0.00150732 0.00148995 0.00151554 0.00149922 0.00148995 0.00143287 0.00149922 0.00144697 0.00142805 0.00130652 0.00143287 0.00131509 0.00130652 0.00107495 0.00131509 0.00108958 0.00143287 0.00131509 0.00144697 0.00134045 0.00131509 0.00108958 0.00134045 0.00113316 0.00151554 0.00149922 0.00152894 0.00151402 0.00149922 0.00144697 0.00151402 0.00146928 0.00152894 0.00151402 0.0015472 0.0015334 0.00151402 0.00146928 0.0015334 0.00149792 0.00144697 0.00134045 0.00146928 0.00138143 0.00134045 0.00113316 0.00138143 0.00120485 0.00146928 0.00138143 0.00149792 0.00143605 0.00138143 0.00120485 0.00143605 0.00130316 0.00107495 0.000658528 0.00108958 0.000680882 0.000658528 -3.77787e-05 0.000680882 -7.38005e-06 0.00108958 0.000680882 0.00113316 0.000747876 0.000680882 -7.38005e-06 0.000747876 8.4147e-05 -3.77787e-05 -0.00111148 -7.38005e-06 -0.00107528 -0.00111148 -0.00262991 -0.00107528 -0.00259442 -7.38005e-06 -0.00107528 8.4147e-05 -0.000965666 -0.00107528 -0.00259442 -0.000965666 -0.002486 0.00113316 0.000747876 0.00120485 0.000859277 0.000747876 8.4147e-05 0.000859277 0.000237749 0.00120485 0.000859277 0.00130316 0.0010146 0.000859277 0.000237749 0.0010146 0.000454844 8.4147e-05 -0.000965666 0.000237749 -0.000779649 -0.000965666 -0.002486 -0.000779649 -0.00229872 0.000237749 -0.000779649 0.000454844 -0.000512408 -0.000779649 -0.00229872 -0.000512408 -0.00202273 0.0015472 0.0015334 0.00157017 0.00155611 0.0015334 0.00149792 0.00155611 0.00153007 0.00157017 0.00155611 0.00159817 0.00158073 0.00155611 0.00153007 0.00158073 0.00156161 0.00149792 0.00143605 0.00153007 0.00150141 0.00143605 0.00130316 0.00150141 0.0014259 0.00153007 0.00150141 0.00156161 0.00157357 0.00150141 0.0014259 0.00157357 0.00157011 0.00159817 0.00158073 0.00163124 0.00160575 0.00158073 0.00156161 0.00160575 0.00158678 0.00163124 0.00160575 0.00165563 0.00162595 0.00160575 0.00158678 0.00162595 0.00159816 0.00156161 0.00157357 0.00158678 0.00164743 0.00157357 0.00157011 0.00164743 0.00173197 0.00158678 0.00164743 0.00159816 0.00171666 0.00164743 0.00173197 0.00171666 0.00190671 0.00130316 0.0010146 0.0014259 0.00121297 0.0010146 0.000454844 0.00121297 0.000737079 0.0014259 0.00121297 0.00157011 0.00145294 0.00121297 0.000737079 0.00145294 0.00108597 0.000454844 -0.000512408 0.000737079 -0.000157586 -0.000512408 -0.00202273 -0.000157586 -0.00164433 0.000737079 -0.000157586 0.00108597 0.000292262 -0.000157586 -0.00164433 0.000292262 -0.00114618 0.00157011 0.00145294 0.00173197 0.00173224 0.00145294 0.00108597 0.00173224 0.00150243 0.00173197 0.00173224 0.00190671 0.00204757 0.00173224 0.00150243 0.00204757 0.0019863 0.00108597 0.000292262 0.00150243 0.000845008 0.000292262 -0.00114618 0.000845008 -0.000507672 0.00150243 0.000845008 0.0019863 0.0015084 0.000845008 -0.000507672 0.0015084 0.000295216 -0.00262991 -0.00457696 -0.00259442 -0.00455453 -0.00457696 -0.00678287 -0.00455453 -0.0067911 -0.00259442 -0.00455453 -0.002486 -0.00448432 -0.00455453 -0.0067911 -0.00448432 -0.00681276 -0.00678287 -0.00886377 -0.0067911 -0.00892041 -0.00886377 -0.0102271 -0.00892041 -0.0103393 -0.0067911 -0.00892041 -0.00681276 -0.00908898 -0.00892041 -0.0103393 -0.00908898 -0.0106784 -0.002486 -0.00448432 -0.00229872 -0.00435753 -0.00448432 -0.00681276 -0.00435753 -0.00683851 -0.00229872 -0.00435753 -0.00202273 -0.00415908 -0.00435753 -0.00683851 -0.00415908 -0.0068518 -0.00681276 -0.00908898 -0.00683851 -0.009365 -0.00908898 -0.0106784 -0.009365 -0.0112515 -0.00683851 -0.009365 -0.0068518 -0.0097398 -0.009365 -0.0112515 -0.0097398 -0.0120696 -0.0102271 -0.0102057 -0.0103393 -0.0103581 -0.0102057 -0.00833141 -0.0103581 -0.00848206 -0.0103393 -0.0103581 -0.0106784 -0.010822 -0.0103581 -0.00848206 -0.010822 -0.0089432 -0.00833141 -0.0046415 -0.00848206 -0.00473619 -0.0046415 0.000183445 -0.00473619 0.000183474 -0.00848206 -0.00473619 -0.0089432 -0.00502687 -0.00473619 0.000183474 -0.00502687 0.000183604 -0.0106784 -0.010822 -0.0112515 -0.0116187 -0.010822 -0.0089432 -0.0116187 -0.00974315 -0.0112515 -0.0116187 -0.0120696 -0.0127845 -0.0116187 -0.00974315 -0.0127845 -0.010932 -0.0089432 -0.00502687 -0.00974315 -0.00553413 -0.00502687 0.000183604 -0.00553413 0.000183962 -0.00974315 -0.00553413 -0.010932 -0.00629476 -0.00553413 0.000183962 -0.00629476 0.000184773 -0.00202273 -0.00415908 -0.00164433 -0.00386706 -0.00415908 -0.0068518 -0.00386706 -0.00682734 -0.00164433 -0.00386706 -0.00114618 -0.00345199 -0.00386706 -0.00682734 -0.00345199 -0.00672883 -0.0068518 -0.0097398 -0.00682734 -0.0101984 -0.0097398 -0.0120696 -0.0101984 -0.0131471 -0.00682734 -0.0101984 -0.00672883 -0.0107161 -0.0101984 -0.0131471 -0.0107161 -0.0144993 -0.00114618 -0.00345199 -0.000507672 -0.00287597 -0.00345199 -0.00672883 -0.00287597 -0.0065058 -0.000507672 -0.00287597 0.000295216 -0.00209007 -0.00287597 -0.0065058 -0.00209007 -0.00608696 -0.00672883 -0.0107161 -0.0065058 -0.0112537 -0.0107161 -0.0144993 -0.0112537 -0.0161395 -0.0065058 -0.0112537 -0.00608696 -0.0117485 -0.0112537 -0.0161395 -0.0117485 -0.0180758 -0.0120696 -0.0127845 -0.0131471 -0.0143728 -0.0127845 -0.010932 -0.0143728 -0.0125862 -0.0131471 -0.0143728 -0.0144993 -0.0164569 -0.0143728 -0.0125862 -0.0164569 -0.0148159 -0.010932 -0.00629476 -0.0125862 -0.00736604 -0.00629476 0.000184773 -0.00736604 0.00018637 -0.0125862 -0.00736604 -0.0148159 -0.00883247 -0.00736604 0.00018637 -0.00883247 0.000189227 -0.0144993 -0.0164569 -0.0161395 -0.0191335 -0.0164569 -0.0148159 -0.0191335 -0.0177768 -0.0161395 -0.0191335 -0.0180758 -0.022536 -0.0191335 -0.0177768 -0.022536 -0.0216982 -0.0148159 -0.00883247 -0.0177768 -0.010817 -0.00883247 0.000189227 -0.010817 0.000193985 -0.0177768 -0.010817 -0.0216982 -0.0135062 -0.010817 0.000193985 -0.0135062 0.000201474 0.000183445 0.00500833 0.000183474 0.00510283 0.00500833 0.00870108 0.00510283 0.00885089 0.000183474 0.00510283 0.000183604 0.005393 0.00510283 0.00885089 0.005393 0.00930952 0.00870108 0.010589 0.00885089 0.0107397 0.010589 0.0106447 0.0107397 0.0107545 0.00885089 0.0107397 0.00930952 0.0111986 0.0107397 0.0107545 0.0111986 0.0110863 0.000183604 0.005393 0.000183962 0.00589964 0.005393 0.00930952 0.00589964 0.0101054 0.000183962 0.00589964 0.000184773 0.00665989 0.00589964 0.0101054 0.00665989 0.0112887 0.00930952 0.0111986 0.0101054 0.0119869 0.0111986 0.0110863 0.0119869 0.0116471 0.0101054 0.0119869 0.0112887 0.0131408 0.0119869 0.0116471 0.0131408 0.0124478 0.0106447 0.0093458 0.0107545 0.00939945 0.0093458 0.00736637 0.00939945 0.00737127 0.0107545 0.00939945 0.0110863 0.00955902 0.00939945 0.00737127 0.00955902 0.00738291 0.00736637 0.00530334 0.00737127 0.00527741 0.00530334 0.00354258 0.00527741 0.00350361 0.00737127 0.00527741 0.00738291 0.00519671 0.00527741 0.00350361 0.00519671 0.0033847 0.0110863 0.00955902 0.0116471 0.00981994 0.00955902 0.00738291 0.00981994 0.00739186 0.0116471 0.00981994 0.0124478 0.0101733 0.00981994 0.00739186 0.0101733 0.00738144 0.00738291 0.00519671 0.00739186 0.00505236 0.00519671 0.0033847 0.00505236 0.00317985 0.00739186 0.00505236 0.00738144 0.00482915 0.00505236 0.00317985 0.00482915 0.00287905 0.000184773 0.00665989 0.00018637 0.00773155 0.00665989 0.0112887 0.00773155 0.0129361 0.00018637 0.00773155 0.000189227 0.00919985 0.00773155 0.0129361 0.00919985 0.015158 0.0112887 0.0131408 0.0129361 0.0147137 0.0131408 0.0124478 0.0147137 0.0135023 0.0129361 0.0147137 0.015158 0.0167785 0.0147137 0.0135023 0.0167785 0.0148257 0.000189227 0.00919985 0.000193985 0.0111888 0.00919985 0.015158 0.0111888 0.0181103 0.000193985 0.0111888 0.000201474 0.0138861 0.0111888 0.0181103 0.0138861 0.0220228 0.015158 0.0167785 0.0181103 0.0194318 0.0167785 0.0148257 0.0194318 0.0164307 0.0181103 0.0194318 0.0220228 0.0228062 0.0194318 0.0164307 0.0228062 0.0183247 0.0124478 0.0101733 0.0135023 0.0106039 0.0101733 0.00738144 0.0106039 0.00732614 0.0135023 0.0106039 0.0148257 0.0110867 0.0106039 0.00732614 0.0110867 0.00718943 0.00738144 0.00482915 0.00732614 0.00450501 0.00482915 0.00287905 0.00450501 0.00246843 0.00732614 0.00450501 0.00718943 0.0040503 0.00450501 0.00246843 0.0040503 0.00193043 0.0148257 0.0110867 0.0164307 0.011582 0.0110867 0.00718943 0.011582 0.00692055 0.0164307 0.011582 0.0183247 0.0120264 0.011582 0.00692055 0.0120264 0.00644788 0.00718943 0.0040503 0.00692055 0.00342693 0.0040503 0.00193043 0.00342693 0.00124424 0.00692055 0.00342693 0.00644788 0.00258578 0.00342693 0.00124424 0.00258578 0.000385606 0.00354258 0.00225377 0.00350361 0.00221429 0.00225377 0.00145037 0.00221429 0.0014172 0.00350361 0.00221429 0.0033847 0.00209478 0.00221429 0.0014172 0.00209478 0.00131729 0.00145037 0.00105832 0.0014172 0.00103423 0.00105832 0.000966757 0.00103423 0.000952264 0.0014172 0.00103423 0.00131729 0.000961926 0.00103423 0.000952264 0.000961926 0.000908891 0.0033847 0.00209478 0.00317985 0.00189211 0.00209478 0.00131729 0.00189211 0.00114944 0.00317985 0.00189211 0.00287905 0.00160122 0.00189211 0.00114944 0.00160122 0.000911834 0.00131729 0.000961926 0.00114944 0.000841232 0.000961926 0.000908891 0.000841232 0.000836957 0.00114944 0.000841232 0.000911834 0.000671984 0.000841232 0.000836957 0.000671984 0.000737022 0.000966757 0.00105713 0.000952264 0.0010516 0.00105713 0.00121826 0.0010516 0.00122029 0.000952264 0.0010516 0.000908891 0.00103525 0.0010516 0.00122029 0.00103525 0.00122674 0.00121826 0.00135708 0.00122029 0.00136422 0.00135708 0.00141073 0.00136422 0.00141966 0.00122029 0.00136422 0.00122674 0.00138618 0.00136422 0.00141966 0.00138618 0.00144704 0.000908891 0.00103525 0.000836957 0.00100872 0.00103525 0.00122674 0.00100872 0.00123878 0.000836957 0.00100872 0.000737022 0.000973065 0.00100872 0.00123878 0.000973065 0.00125833 0.00122674 0.00138618 0.00123878 0.00142464 0.00138618 0.00144704 0.00142464 0.00149459 0.00123878 0.00142464 0.00125833 0.00148251 0.00142464 0.00149459 0.00148251 0.00156516 0.00287905 0.00160122 0.00246843 0.00121546 0.00160122 0.000911834 0.00121546 0.00060229 0.00246843 0.00121546 0.00193043 0.000727019 0.00121546 0.00060229 0.000727019 0.000218634 0.000911834 0.000671984 0.00060229 0.000454154 0.000671984 0.000737022 0.000454154 0.00060992 0.00060229 0.000454154 0.000218634 0.000188056 0.000454154 0.00060992 0.000188056 0.000456807 0.00193043 0.000727019 0.00124424 0.000127625 0.000727019 0.000218634 0.000127625 -0.000240795 0.00124424 0.000127625 0.000385606 -0.000590876 0.000127625 -0.000240795 -0.000590876 -0.000776627 0.000218634 0.000188056 -0.000240795 -0.000125393 0.000188056 0.000456807 -0.000125393 0.000279212 -0.000240795 -0.000125393 -0.000776627 -0.000484419 -0.000125393 0.000279212 -0.000484419 7.90838e-05 0.000737022 0.000973065 0.00060992 0.000929688 0.000973065 0.00125833 0.000929688 0.00128796 0.00060992 0.000929688 0.000456807 0.000880206 0.000929688 0.00128796 0.000880206 0.00133067 0.00125833 0.00148251 0.00128796 0.0015643 0.00148251 0.00156516 0.0015643 0.00166242 0.00128796 0.0015643 0.00133067 0.0016772 0.0015643 0.00166242 0.0016772 0.00178908 0.000456807 0.000880206 0.000279212 0.000826296 0.000880206 0.00133067 0.000826296 0.00138953 0.000279212 0.000826296 7.90838e-05 0.000769652 0.000826296 0.00138953 0.000769652 0.00146754 0.00133067 0.0016772 0.00138953 0.00183338 0.0016772 0.00178908 0.00183338 0.00193482 0.00138953 0.00183338 0.00146754 0.0020308 0.00183338 0.00193482 0.0020308 0.00197064 0.00165563 0.00162595 0.00799796 0.00298825 0.00162595 0.00159816 0.00298825 0.00214462 0.00799796 0.00298825 0.00771002 0.00372173 0.00298825 0.00214462 0.00372173 0.00258867 0.00159816 0.00171666 0.00214462 0.00194413 0.00171666 0.00190671 0.00194413 0.00190514 0.00214462 0.00194413 0.00258867 0.00214554 0.00194413 0.00190514 0.00214554 0.00190802 0.00771002 0.00372173 0.00694086 0.00423366 0.00372173 0.00258867 0.00423366 0.00295048 0.00694086 0.00423366 0.00645419 0.00451284 0.00423366 0.00295048 0.00451284 0.00321826 0.00258867 0.00214554 0.00295048 0.002318 0.00214554 0.00190802 0.002318 0.00191354 0.00295048 0.002318 0.00321826 0.00245668 0.002318 0.00191354 0.00245668 0.00191966 0.00190671 0.00204757 0.00190514 0.00183647 0.00204757 0.0019863 0.00183647 0.00156584 0.00190514 0.00183647 0.00190802 0.00165705 0.00183647 0.00156584 0.00165705 0.00121028 0.0019863 0.0015084 0.00156584 0.000883724 0.0015084 0.000295216 0.000883724 -0.000484011 0.00156584 0.000883724 0.00121028 0.000368191 0.000883724 -0.000484011 0.000368191 -0.00109977 0.00190802 0.00165705 0.00191354 0.00150865 0.00165705 0.00121028 0.00150865 0.000917403 0.00191354 0.00150865 0.00191966 0.00138999 0.00150865 0.000917403 0.00138999 0.000684138 0.00121028 0.000368191 0.000917403 -4.73875e-05 0.000368191 -0.00109977 -4.73875e-05 -0.00157696 0.000917403 -4.73875e-05 0.000684138 -0.000372202 -4.73875e-05 -0.00157696 -0.000372202 -0.00193699 0.00645419 0.00451284 0.00620186 0.00465244 0.00451284 0.00321826 0.00465244 0.0034034 0.00620186 0.00465244 0.00608276 0.00472142 0.00465244 0.0034034 0.00472142 0.00352166 0.00321826 0.00245668 0.0034034 0.00256097 0.00245668 0.00191966 0.00256097 0.00192504 0.0034034 0.00256097 0.00352166 0.00263264 0.00256097 0.00192504 0.00263264 0.00192902 0.00608276 0.00472142 0.00603262 0.00475382 0.00472142 0.00352166 0.00475382 0.00358677 0.00603262 0.00475382 0.00601915 0.00476343 0.00475382 0.00358677 0.00476343 0.00360749 0.00352166 0.00263264 0.00358677 0.00267426 0.00263264 0.00192902 0.00267426 0.0019314 0.00358677 0.00267426 0.00360749 0.00268788 0.00267426 0.0019314 0.00268788 0.00193218 0.00191966 0.00138999 0.00192504 0.00129959 0.00138999 0.000684138 0.00129959 0.000507118 0.00192504 0.00129959 0.00192902 0.00123611 0.00129959 0.000507118 0.00123611 0.000383218 0.000684138 -0.000372202 0.000507118 -0.000614842 -0.000372202 -0.00193699 -0.000614842 -0.00219792 0.000507118 -0.000614842 0.000383218 -0.000782597 -0.000614842 -0.00219792 -0.000782597 -0.00237401 0.00192902 0.00123611 0.0019314 0.00119847 0.00123611 0.000383218 0.00119847 0.000309945 0.0019314 0.00119847 0.00193218 0.001186 0.00119847 0.000309945 0.001186 0.000285703 0.000383218 -0.000782597 0.000309945 -0.000880971 -0.000782597 -0.00237401 -0.000880971 -0.00247555 0.000309945 -0.000880971 0.000285703 -0.000913377 -0.000880971 -0.00247555 -0.000913377 -0.0025087 0.000295216 -0.00209007 -0.000484011 -0.00286152 -0.00209007 -0.00608696 -0.00286152 -0.006497 -0.000484011 -0.00286152 -0.00109977 -0.00342364 -0.00286152 -0.006497 -0.00342364 -0.00671157 -0.00608696 -0.0117485 -0.006497 -0.0112484 -0.0117485 -0.0180758 -0.0112484 -0.0161364 -0.006497 -0.0112484 -0.00671157 -0.0107057 -0.0112484 -0.0161364 -0.0107057 -0.0144932 -0.00109977 -0.00342364 -0.00157696 -0.00382591 -0.00342364 -0.00671157 -0.00382591 -0.00680229 -0.00157696 -0.00382591 -0.00193699 -0.00410671 -0.00382591 -0.00680229 -0.00410671 -0.00681992 -0.00671157 -0.0107057 -0.00680229 -0.0101832 -0.0107057 -0.0144932 -0.0101832 -0.0131382 -0.00680229 -0.0101832 -0.00681992 -0.00972056 -0.0101832 -0.0131382 -0.00972056 -0.0120583 -0.0180758 -0.022536 -0.0161364 -0.0191318 -0.022536 -0.0216982 -0.0191318 -0.0177761 -0.0161364 -0.0191318 -0.0144932 -0.0164535 -0.0191318 -0.0177761 -0.0164535 -0.0148145 -0.0216982 -0.0135062 -0.0177761 -0.0108172 -0.0135062 0.000201474 -0.0108172 0.00019303 -0.0177761 -0.0108172 -0.0148145 -0.00883268 -0.0108172 0.00019303 -0.00883268 0.000187355 -0.0144932 -0.0164535 -0.0131382 -0.0143679 -0.0164535 -0.0148145 -0.0143679 -0.0125842 -0.0131382 -0.0143679 -0.0120583 -0.0127783 -0.0143679 -0.0125842 -0.0127783 -0.0109294 -0.0148145 -0.00883268 -0.0125842 -0.00736634 -0.00883268 0.000187355 -0.00736634 0.000183652 -0.0125842 -0.00736634 -0.0109294 -0.00629515 -0.00736634 0.000183652 -0.00629515 0.000181313 -0.00193699 -0.00410671 -0.00219792 -0.00429595 -0.00410671 -0.00681992 -0.00429595 -0.00680102 -0.00219792 -0.00429595 -0.00237401 -0.0044159 -0.00429595 -0.00680102 -0.0044159 -0.0067711 -0.00681992 -0.00972056 -0.00680102 -0.00934238 -0.00972056 -0.0120583 -0.00934238 -0.0112382 -0.00680102 -0.00934238 -0.0067711 -0.00906384 -0.00934238 -0.0112382 -0.00906384 -0.0106637 -0.00237401 -0.0044159 -0.00247555 -0.0044819 -0.0044159 -0.0067711 -0.0044819 -0.00674688 -0.00247555 -0.0044819 -0.0025087 -0.00450291 -0.0044819 -0.00674688 -0.00450291 -0.00673779 -0.0067711 -0.00906384 -0.00674688 -0.00889373 -0.00906384 -0.0106637 -0.00889373 -0.0103236 -0.00674688 -0.00889373 -0.00673779 -0.00883656 -0.00889373 -0.0103236 -0.00883656 -0.0102111 -0.0120583 -0.0127783 -0.0112382 -0.0116114 -0.0127783 -0.0109294 -0.0116114 -0.00974012 -0.0112382 -0.0116114 -0.0106637 -0.0108139 -0.0116114 -0.00974012 -0.0108139 -0.00893983 -0.0109294 -0.00629515 -0.00974012 -0.00553458 -0.00629515 0.000181313 -0.00553458 0.000179894 -0.00974012 -0.00553458 -0.00893983 -0.00502738 -0.00553458 0.000179894 -0.00502738 0.000179083 -0.0106637 -0.0108139 -0.0103236 -0.0103495 -0.0108139 -0.00893983 -0.0103495 -0.00847848 -0.0103236 -0.0103495 -0.0102111 -0.010197 -0.0103495 -0.00847848 -0.010197 -0.00832775 -0.00893983 -0.00502738 -0.00847848 -0.00473673 -0.00502738 0.000179083 -0.00473673 0.000178675 -0.00847848 -0.00473673 -0.00832775 -0.00464205 -0.00473673 0.000178675 -0.00464205 0.000178552 0.000201474 0.0138861 0.00019303 0.0111867 0.0138861 0.0220228 0.0111867 0.0181067 0.00019303 0.0111867 0.000187355 0.00919585 0.0111867 0.0181067 0.00919585 0.0151509 0.0220228 0.0228062 0.0181067 0.0194257 0.0228062 0.0183247 0.0194257 0.0164207 0.0181067 0.0194257 0.0151509 0.0167666 0.0194257 0.0164207 0.0167666 0.014806 0.000187355 0.00919585 0.000183652 0.00772575 0.00919585 0.0151509 0.00772575 0.0129258 0.000183652 0.00772575 0.000181313 0.00665251 0.00772575 0.0129258 0.00665251 0.0112756 0.0151509 0.0167666 0.0129258 0.0146963 0.0167666 0.014806 0.0146963 0.0134737 0.0129258 0.0146963 0.0112756 0.0131187 0.0146963 0.0134737 0.0131187 0.0124113 0.0183247 0.0120264 0.0164207 0.0115655 0.0120264 0.00644788 0.0115655 0.00689355 0.0164207 0.0115655 0.014806 0.0110543 0.0115655 0.00689355 0.0110543 0.00713647 0.00644788 0.00258578 0.00689355 0.00338278 0.00258578 0.000385606 0.00338278 0.00117206 0.00689355 0.00338278 0.00713647 0.0039637 0.00338278 0.00117206 0.0039637 0.00178887 0.014806 0.0110543 0.0134737 0.0105569 0.0110543 0.00713647 0.0105569 0.00724926 0.0134737 0.0105569 0.0124113 0.0101135 0.0105569 0.00724926 0.0101135 0.00728359 0.00713647 0.0039637 0.00724926 0.00437931 0.0039637 0.00178887 0.00437931 0.00226295 0.00724926 0.00437931 0.00728359 0.00466917 0.00437931 0.00226295 0.00466917 0.00261759 0.000181313 0.00665251 0.000179894 0.00589096 0.00665251 0.0112756 0.00589096 0.01009 0.000179894 0.00589096 0.000179083 0.00538336 0.00589096 0.01009 0.00538336 0.00929239 0.0112756 0.0131187 0.01009 0.0119609 0.0131187 0.0124113 0.0119609 0.0116042 0.01009 0.0119609 0.00929239 0.0111698 0.0119609 0.0116042 0.0111698 0.0110387 0.000179083 0.00538336 0.000178675 0.00509259 0.00538336 0.00929239 0.00509259 0.0088327 0.000178675 0.00509259 0.000178552 0.0049979 0.00509259 0.0088327 0.0049979 0.00868253 0.00929239 0.0111698 0.0088327 0.0107091 0.0111698 0.0110387 0.0107091 0.0107039 0.0088327 0.0107091 0.00868253 0.0105578 0.0107091 0.0107039 0.0105578 0.0105931 0.0124113 0.0101135 0.0116042 0.00974961 0.0101135 0.00728359 0.00974961 0.0072768 0.0116042 0.00974961 0.0110387 0.00948089 0.00974961 0.0072768 0.00948089 0.00725506 0.00728359 0.00466917 0.0072768 0.00486427 0.00466917 0.00261759 0.00486427 0.00287249 0.0072768 0.00486427 0.00725506 0.00498774 0.00486427 0.00287249 0.00498774 0.00304326 0.0110387 0.00948089 0.0107039 0.00931651 0.00948089 0.00725506 0.00931651 0.00723555 0.0107039 0.00931651 0.0105931 0.00926123 0.00931651 0.00723555 0.00926123 0.007228 0.00725506 0.00498774 0.00723555 0.00505558 0.00498774 0.00304326 0.00505558 0.00314119 0.00723555 0.00505558 0.007228 0.00507717 0.00505558 0.00314119 0.00507717 0.00317308 0.000385606 -0.000590876 0.00117206 9.534e-06 -0.000590876 -0.000776627 9.534e-06 -0.000434377 0.00117206 9.534e-06 0.00178887 0.000495419 9.534e-06 -0.000434377 0.000495419 -0.000161058 -0.000776627 -0.000484419 -0.000434377 -0.000443976 -0.000484419 7.90838e-05 -0.000443976 -0.000247913 -0.000434377 -0.000443976 -0.000161058 -0.000437907 -0.000443976 -0.000247913 -0.000437907 -0.000590422 0.00178887 0.000495419 0.00226295 0.000879412 0.000495419 -0.000161058 0.000879412 5.18253e-05 0.00226295 0.000879412 0.00261759 0.00117381 0.000879412 5.18253e-05 0.00117381 0.0002125 -0.000161058 -0.000437907 5.18253e-05 -0.000451388 -0.000437907 -0.000590422 -0.000451388 -0.00089645 5.18253e-05 -0.000451388 0.0002125 -0.000474992 -0.000451388 -0.00089645 -0.000474992 -0.00115568 7.90838e-05 0.000769652 -0.000247913 -4.19663e-05 0.000769652 0.00146754 -4.19663e-05 3.97646e-05 -0.000247913 -4.19663e-05 -0.000590422 -0.000940548 -4.19663e-05 3.97646e-05 -0.000940548 -0.00215656 0.00146754 0.0020308 3.97646e-05 -0.000440247 0.0020308 0.00197064 -0.000440247 -0.0252808 3.97646e-05 -0.000440247 -0.00215656 -0.00640829 -0.000440247 -0.0252808 -0.00640829 -0.0184054 -0.000590422 -0.000940548 -0.00089645 -0.0016478 -0.000940548 -0.00215656 -0.0016478 -0.00341851 -0.00089645 -0.0016478 -0.00115568 -0.00219592 -0.0016478 -0.00341851 -0.00219592 -0.00419723 -0.00215656 -0.00640829 -0.00341851 -0.00798258 -0.00640829 -0.0184054 -0.00798258 -0.0137471 -0.00341851 -0.00798258 -0.00419723 -0.00805769 -0.00798258 -0.0137471 -0.00805769 -0.0114866 0.00261759 0.00117381 0.00287249 0.00138987 0.00117381 0.0002125 0.00138987 0.000328614 0.00287249 0.00138987 0.00304326 0.00153705 0.00138987 0.000328614 0.00153705 0.00040665 0.0002125 -0.000474992 0.000328614 -0.000500933 -0.000474992 -0.00115568 -0.000500933 -0.00136027 0.000328614 -0.000500933 0.00040665 -0.000523325 -0.000500933 -0.00136027 -0.000523325 -0.00150664 0.00304326 0.00153705 0.00314119 0.00162243 0.00153705 0.00040665 0.00162243 0.00045147 0.00314119 0.00162243 0.00317308 0.0016504 0.00162243 0.00045147 0.0016504 0.000466073 0.00040665 -0.000523325 0.00045147 -0.000538228 -0.000523325 -0.00150664 -0.000538228 -0.00159411 0.00045147 -0.000538228 0.000466073 -0.000543432 -0.000538228 -0.00159411 -0.000543432 -0.00162316 -0.00115568 -0.00219592 -0.00136027 -0.00259511 -0.00219592 -0.00419723 -0.00259511 -0.00465921 -0.00136027 -0.00259511 -0.00150664 -0.00286193 -0.00259511 -0.00465921 -0.00286193 -0.00491562 -0.00419723 -0.00805769 -0.00465921 -0.00783901 -0.00805769 -0.0114866 -0.00783901 -0.0103691 -0.00465921 -0.00783901 -0.00491562 -0.00764058 -0.00783901 -0.0103691 -0.00764058 -0.00979178 -0.00150664 -0.00286193 -0.00159411 -0.00301367 -0.00286193 -0.00491562 -0.00301367 -0.00504213 -0.00159411 -0.00301367 -0.00162316 -0.00306276 -0.00301367 -0.00504213 -0.00306276 -0.00508003 -0.00491562 -0.00764058 -0.00504213 -0.00752053 -0.00764058 -0.00979178 -0.00752053 -0.00950878 -0.00504213 -0.00752053 -0.00508003 -0.00748128 -0.00752053 -0.00950878 -0.00748128 -0.00942316 0.00601915 0.00476343 0.00603262 0.00475382 0.00476343 0.00360749 0.00475382 0.00358677 0.00603262 0.00475382 0.00608276 0.00472142 0.00475382 0.00358677 0.00472142 0.00352166 0.00360749 0.00268788 0.00358677 0.00267426 0.00268788 0.00193218 0.00267426 0.0019314 0.00358677 0.00267426 0.00352166 0.00263264 0.00267426 0.0019314 0.00263264 0.00192902 0.00608276 0.00472142 0.00620186 0.00465244 0.00472142 0.00352166 0.00465244 0.0034034 0.00620186 0.00465244 0.00645419 0.00451284 0.00465244 0.0034034 0.00451284 0.00321826 0.00352166 0.00263264 0.0034034 0.00256097 0.00263264 0.00192902 0.00256097 0.00192504 0.0034034 0.00256097 0.00321826 0.00245668 0.00256097 0.00192504 0.00245668 0.00191966 0.00193218 0.001186 0.0019314 0.00119847 0.001186 0.000285703 0.00119847 0.000309945 0.0019314 0.00119847 0.00192902 0.00123611 0.00119847 0.000309945 0.00123611 0.000383218 0.000285703 -0.000913377 0.000309945 -0.000880971 -0.000913377 -0.0025087 -0.000880971 -0.00247555 0.000309945 -0.000880971 0.000383218 -0.000782597 -0.000880971 -0.00247555 -0.000782597 -0.00237401 0.00192902 0.00123611 0.00192504 0.00129959 0.00123611 0.000383218 0.00129959 0.000507118 0.00192504 0.00129959 0.00191966 0.00138999 0.00129959 0.000507118 0.00138999 0.000684138 0.000383218 -0.000782597 0.000507118 -0.000614842 -0.000782597 -0.00237401 -0.000614842 -0.00219792 0.000507118 -0.000614842 0.000684138 -0.000372202 -0.000614842 -0.00219792 -0.000372202 -0.00193699 0.00645419 0.00451284 0.00694086 0.00423366 0.00451284 0.00321826 0.00423366 0.00295048 0.00694086 0.00423366 0.00771002 0.00372173 0.00423366 0.00295048 0.00372173 0.00258867 0.00321826 0.00245668 0.00295048 0.002318 0.00245668 0.00191966 0.002318 0.00191354 0.00295048 0.002318 0.00258867 0.00214554 0.002318 0.00191354 0.00214554 0.00190802 0.00771002 0.00372173 0.00799796 0.00298825 0.00372173 0.00258867 0.00298825 0.00214462 0.00799796 0.00298825 0.00165563 0.00162595 0.00298825 0.00214462 0.00162595 0.00159816 0.00258867 0.00214554 0.00214462 0.00194413 0.00214554 0.00190802 0.00194413 0.00190514 0.00214462 0.00194413 0.00159816 0.00171666 0.00194413 0.00190514 0.00171666 0.00190671 0.00191966 0.00138999 0.00191354 0.00150865 0.00138999 0.000684138 0.00150865 0.000917403 0.00191354 0.00150865 0.00190802 0.00165705 0.00150865 0.000917403 0.00165705 0.00121028 0.000684138 -0.000372202 0.000917403 -4.73875e-05 -0.000372202 -0.00193699 -4.73875e-05 -0.00157696 0.000917403 -4.73875e-05 0.00121028 0.000368191 -4.73875e-05 -0.00157696 0.000368191 -0.00109977 0.00190802 0.00165705 0.00190514 0.00183647 0.00165705 0.00121028 0.00183647 0.00156584 0.00190514 0.00183647 0.00190671 0.00204757 0.00183647 0.00156584 0.00204757 0.0019863 0.00121028 0.000368191 0.00156584 0.000883724 0.000368191 -0.00109977 0.000883724 -0.000484011 0.00156584 0.000883724 0.0019863 0.0015084 0.000883724 -0.000484011 0.0015084 0.000295216 -0.0025087 -0.00450291 -0.00247555 -0.0044819 -0.00450291 -0.00673779 -0.0044819 -0.00674688 -0.00247555 -0.0044819 -0.00237401 -0.0044159 -0.0044819 -0.00674688 -0.0044159 -0.0067711 -0.00673779 -0.00883656 -0.00674688 -0.00889373 -0.00883656 -0.0102111 -0.00889373 -0.0103236 -0.00674688 -0.00889373 -0.0067711 -0.00906384 -0.00889373 -0.0103236 -0.00906384 -0.0106637 -0.00237401 -0.0044159 -0.00219792 -0.00429595 -0.0044159 -0.0067711 -0.00429595 -0.00680102 -0.00219792 -0.00429595 -0.00193699 -0.00410671 -0.00429595 -0.00680102 -0.00410671 -0.00681992 -0.0067711 -0.00906384 -0.00680102 -0.00934238 -0.00906384 -0.0106637 -0.00934238 -0.0112382 -0.00680102 -0.00934238 -0.00681992 -0.00972056 -0.00934238 -0.0112382 -0.00972056 -0.0120583 -0.0102111 -0.010197 -0.0103236 -0.0103495 -0.010197 -0.00832775 -0.0103495 -0.00847848 -0.0103236 -0.0103495 -0.0106637 -0.0108139 -0.0103495 -0.00847848 -0.0108139 -0.00893983 -0.00832775 -0.00464205 -0.00847848 -0.00473673 -0.00464205 0.000178552 -0.00473673 0.000178675 -0.00847848 -0.00473673 -0.00893983 -0.00502738 -0.00473673 0.000178675 -0.00502738 0.000179083 -0.0106637 -0.0108139 -0.0112382 -0.0116114 -0.0108139 -0.00893983 -0.0116114 -0.00974012 -0.0112382 -0.0116114 -0.0120583 -0.0127783 -0.0116114 -0.00974012 -0.0127783 -0.0109294 -0.00893983 -0.00502738 -0.00974012 -0.00553458 -0.00502738 0.000179083 -0.00553458 0.000179894 -0.00974012 -0.00553458 -0.0109294 -0.00629515 -0.00553458 0.000179894 -0.00629515 0.000181313 -0.00193699 -0.00410671 -0.00157696 -0.00382591 -0.00410671 -0.00681992 -0.00382591 -0.00680229 -0.00157696 -0.00382591 -0.00109977 -0.00342364 -0.00382591 -0.00680229 -0.00342364 -0.00671157 -0.00681992 -0.00972056 -0.00680229 -0.0101832 -0.00972056 -0.0120583 -0.0101832 -0.0131382 -0.00680229 -0.0101832 -0.00671157 -0.0107057 -0.0101832 -0.0131382 -0.0107057 -0.0144932 -0.00109977 -0.00342364 -0.000484011 -0.00286152 -0.00342364 -0.00671157 -0.00286152 -0.006497 -0.000484011 -0.00286152 0.000295216 -0.00209007 -0.00286152 -0.006497 -0.00209007 -0.00608696 -0.00671157 -0.0107057 -0.006497 -0.0112484 -0.0107057 -0.0144932 -0.0112484 -0.0161364 -0.006497 -0.0112484 -0.00608696 -0.0117485 -0.0112484 -0.0161364 -0.0117485 -0.0180758 -0.0120583 -0.0127783 -0.0131382 -0.0143679 -0.0127783 -0.0109294 -0.0143679 -0.0125842 -0.0131382 -0.0143679 -0.0144932 -0.0164535 -0.0143679 -0.0125842 -0.0164535 -0.0148145 -0.0109294 -0.00629515 -0.0125842 -0.00736634 -0.00629515 0.000181313 -0.00736634 0.000183652 -0.0125842 -0.00736634 -0.0148145 -0.00883268 -0.00736634 0.000183652 -0.00883268 0.000187355 -0.0144932 -0.0164535 -0.0161364 -0.0191318 -0.0164535 -0.0148145 -0.0191318 -0.0177761 -0.0161364 -0.0191318 -0.0180758 -0.022536 -0.0191318 -0.0177761 -0.022536 -0.0216982 -0.0148145 -0.00883268 -0.0177761 -0.0108172 -0.00883268 0.000187355 -0.0108172 0.00019303 -0.0177761 -0.0108172 -0.0216982 -0.0135062 -0.0108172 0.00019303 -0.0135062 0.000201474 0.000178552 0.0049979 0.000178675 0.00509259 0.0049979 0.00868253 0.00509259 0.0088327 0.000178675 0.00509259 0.000179083 0.00538336 0.00509259 0.0088327 0.00538336 0.00929239 0.00868253 0.0105578 0.0088327 0.0107091 0.0105578 0.0105931 0.0107091 0.0107039 0.0088327 0.0107091 0.00929239 0.0111698 0.0107091 0.0107039 0.0111698 0.0110387 0.000179083 0.00538336 0.000179894 0.00589096 0.00538336 0.00929239 0.00589096 0.01009 0.000179894 0.00589096 0.000181313 0.00665251 0.00589096 0.01009 0.00665251 0.0112756 0.00929239 0.0111698 0.01009 0.0119609 0.0111698 0.0110387 0.0119609 0.0116042 0.01009 0.0119609 0.0112756 0.0131187 0.0119609 0.0116042 0.0131187 0.0124113 0.0105931 0.00926123 0.0107039 0.00931651 0.00926123 0.007228 0.00931651 0.00723555 0.0107039 0.00931651 0.0110387 0.00948089 0.00931651 0.00723555 0.00948089 0.00725506 0.007228 0.00507717 0.00723555 0.00505558 0.00507717 0.00317308 0.00505558 0.00314119 0.00723555 0.00505558 0.00725506 0.00498774 0.00505558 0.00314119 0.00498774 0.00304326 0.0110387 0.00948089 0.0116042 0.00974961 0.00948089 0.00725506 0.00974961 0.0072768 0.0116042 0.00974961 0.0124113 0.0101135 0.00974961 0.0072768 0.0101135 0.00728359 0.00725506 0.00498774 0.0072768 0.00486427 0.00498774 0.00304326 0.00486427 0.00287249 0.0072768 0.00486427 0.00728359 0.00466917 0.00486427 0.00287249 0.00466917 0.00261759 0.000181313 0.00665251 0.000183652 0.00772575 0.00665251 0.0112756 0.00772575 0.0129258 0.000183652 0.00772575 0.000187355 0.00919585 0.00772575 0.0129258 0.00919585 0.0151509 0.0112756 0.0131187 0.0129258 0.0146963 0.0131187 0.0124113 0.0146963 0.0134737 0.0129258 0.0146963 0.0151509 0.0167666 0.0146963 0.0134737 0.0167666 0.014806 0.000187355 0.00919585 0.00019303 0.0111867 0.00919585 0.0151509 0.0111867 0.0181067 0.00019303 0.0111867 0.000201474 0.0138861 0.0111867 0.0181067 0.0138861 0.0220228 0.0151509 0.0167666 0.0181067 0.0194257 0.0167666 0.014806 0.0194257 0.0164207 0.0181067 0.0194257 0.0220228 0.0228062 0.0194257 0.0164207 0.0228062 0.0183247 0.0124113 0.0101135 0.0134737 0.0105569 0.0101135 0.00728359 0.0105569 0.00724926 0.0134737 0.0105569 0.014806 0.0110543 0.0105569 0.00724926 0.0110543 0.00713647 0.00728359 0.00466917 0.00724926 0.00437931 0.00466917 0.00261759 0.00437931 0.00226295 0.00724926 0.00437931 0.00713647 0.0039637 0.00437931 0.00226295 0.0039637 0.00178887 0.014806 0.0110543 0.0164207 0.0115655 0.0110543 0.00713647 0.0115655 0.00689355 0.0164207 0.0115655 0.0183247 0.0120264 0.0115655 0.00689355 0.0120264 0.00644788 0.00713647 0.0039637 0.00689355 0.00338278 0.0039637 0.00178887 0.00338278 0.00117206 0.00689355 0.00338278 0.00644788 0.00258578 0.00338278 0.00117206 0.00258578 0.000385606 0.00317308 0.0016504 0.00314119 0.00162243 0.0016504 0.000466073 0.00162243 0.00045147 0.00314119 0.00162243 0.00304326 0.00153705 0.00162243 0.00045147 0.00153705 0.00040665 0.000466073 -0.000543432 0.00045147 -0.000538228 -0.000543432 -0.00162316 -0.000538228 -0.00159411 0.00045147 -0.000538228 0.00040665 -0.000523325 -0.000538228 -0.00159411 -0.000523325 -0.00150664 0.00304326 0.00153705 0.00287249 0.00138987 0.00153705 0.00040665 0.00138987 0.000328614 0.00287249 0.00138987 0.00261759 0.00117381 0.00138987 0.000328614 0.00117381 0.0002125 0.00040665 -0.000523325 0.000328614 -0.000500933 -0.000523325 -0.00150664 -0.000500933 -0.00136027 0.000328614 -0.000500933 0.0002125 -0.000474992 -0.000500933 -0.00136027 -0.000474992 -0.00115568 -0.00162316 -0.00306276 -0.00159411 -0.00301367 -0.00306276 -0.00508003 -0.00301367 -0.00504213 -0.00159411 -0.00301367 -0.00150664 -0.00286193 -0.00301367 -0.00504213 -0.00286193 -0.00491562 -0.00508003 -0.00748128 -0.00504213 -0.00752053 -0.00748128 -0.00942316 -0.00752053 -0.00950878 -0.00504213 -0.00752053 -0.00491562 -0.00764058 -0.00752053 -0.00950878 -0.00764058 -0.00979178 -0.00150664 -0.00286193 -0.00136027 -0.00259511 -0.00286193 -0.00491562 -0.00259511 -0.00465921 -0.00136027 -0.00259511 -0.00115568 -0.00219592 -0.00259511 -0.00465921 -0.00219592 -0.00419723 -0.00491562 -0.00764058 -0.00465921 -0.00783901 -0.00764058 -0.00979178 -0.00783901 -0.0103691 -0.00465921 -0.00783901 -0.00419723 -0.00805769 -0.00783901 -0.0103691 -0.00805769 -0.0114866 0.00261759 0.00117381 0.00226295 0.000879412 0.00117381 0.0002125 0.000879412 5.18253e-05 0.00226295 0.000879412 0.00178887 0.000495419 0.000879412 5.18253e-05 0.000495419 -0.000161058 0.0002125 -0.000474992 5.18253e-05 -0.000451388 -0.000474992 -0.00115568 -0.000451388 -0.00089645 5.18253e-05 -0.000451388 -0.000161058 -0.000437907 -0.000451388 -0.00089645 -0.000437907 -0.000590422 0.00178887 0.000495419 0.00117206 9.53399e-06 0.000495419 -0.000161058 9.53399e-06 -0.000434377 0.00117206 9.53399e-06 0.000385606 -0.000590876 9.53399e-06 -0.000434377 -0.000590876 -0.000776627 -0.000161058 -0.000437907 -0.000434377 -0.000443976 -0.000437907 -0.000590422 -0.000443976 -0.000247913 -0.000434377 -0.000443976 -0.000776627 -0.000484419 -0.000443976 -0.000247913 -0.000484419 7.90838e-05 -0.00115568 -0.00219592 -0.00089645 -0.0016478 -0.00219592 -0.00419723 -0.0016478 -0.00341851 -0.00089645 -0.0016478 -0.000590422 -0.000940548 -0.0016478 -0.00341851 -0.000940548 -0.00215656 -0.00419723 -0.00805769 -0.00341851 -0.00798258 -0.00805769 -0.0114866 -0.00798258 -0.0137471 -0.00341851 -0.00798258 -0.00215656 -0.00640829 -0.00798258 -0.0137471 -0.00640829 -0.0184054 -0.000590422 -0.000940548 -0.000247913 -4.19663e-05 -0.000940548 -0.00215656 -4.19663e-05 3.97645e-05 -0.000247913 -4.19663e-05 7.90838e-05 0.000769652 -4.19663e-05 3.97645e-05 0.000769652 0.00146754 -0.00215656 -0.00640829 3.97645e-05 -0.000440247 -0.00640829 -0.0184054 -0.000440247 -0.0252808 3.97645e-05 -0.000440247 0.00146754 0.0020308 -0.000440247 -0.0252808 0.0020308 0.00197064 0.00165563 0.00162595 0.00163124 0.00160575 0.00162595 0.00159816 0.00160575 0.00158678 0.00163124 0.00160575 0.00159817 0.00158073 0.00160575 0.00158678 0.00158073 0.00156161 0.00159816 0.00171666 0.00158678 0.00164743 0.00171666 0.00190671 0.00164743 0.00173197 0.00158678 0.00164743 0.00156161 0.00157357 0.00164743 0.00173197 0.00157357 0.00157011 0.00159817 0.00158073 0.00157017 0.00155611 0.00158073 0.00156161 0.00155611 0.00153007 0.00157017 0.00155611 0.0015472 0.0015334 0.00155611 0.00153007 0.0015334 0.00149792 0.00156161 0.00157357 0.00153007 0.00150141 0.00157357 0.00157011 0.00150141 0.0014259 0.00153007 0.00150141 0.00149792 0.00143605 0.00150141 0.0014259 0.00143605 0.00130316 0.00190671 0.00204757 0.00173197 0.00173224 0.00204757 0.0019863 0.00173224 0.00150243 0.00173197 0.00173224 0.00157011 0.00145294 0.00173224 0.00150243 0.00145294 0.00108597 0.0019863 0.0015084 0.00150243 0.000845008 0.0015084 0.000295216 0.000845008 -0.000507672 0.00150243 0.000845008 0.00108597 0.000292262 0.000845008 -0.000507672 0.000292262 -0.00114618 0.00157011 0.00145294 0.0014259 0.00121297 0.00145294 0.00108597 0.00121297 0.000737079 0.0014259 0.00121297 0.00130316 0.0010146 0.00121297 0.000737079 0.0010146 0.000454844 0.00108597 0.000292262 0.000737079 -0.000157586 0.000292262 -0.00114618 -0.000157586 -0.00164433 0.000737079 -0.000157586 0.000454844 -0.000512408 -0.000157586 -0.00164433 -0.000512408 -0.00202273 0.0015472 0.0015334 0.00152894 0.00151402 0.0015334 0.00149792 0.00151402 0.00146928 0.00152894 0.00151402 0.00151554 0.00149922 0.00151402 0.00146928 0.00149922 0.00144697 0.00149792 0.00143605 0.00146928 0.00138143 0.00143605 0.00130316 0.00138143 0.00120485 0.00146928 0.00138143 0.00144697 0.00134045 0.00138143 0.00120485 0.00134045 0.00113316 0.00151554 0.00149922 0.00150732 0.00148995 0.00149922 0.00144697 0.00148995 0.00143287 0.00150732 0.00148995 0.00150455 0.00148679 0.00148995 0.00143287 0.00148679 0.00142805 0.00144697 0.00134045 0.00143287 0.00131509 0.00134045 0.00113316 0.00131509 0.00108958 0.00143287 0.00131509 0.00142805 0.00130652 0.00131509 0.00108958 0.00130652 0.00107495 0.00130316 0.0010146 0.00120485 0.000859277 0.0010146 0.000454844 0.000859277 0.000237749 0.00120485 0.000859277 0.00113316 0.000747876 0.000859277 0.000237749 0.000747876 8.4147e-05 0.000454844 -0.000512408 0.000237749 -0.000779649 -0.000512408 -0.00202273 -0.000779649 -0.00229872 0.000237749 -0.000779649 8.4147e-05 -0.000965666 -0.000779649 -0.00229872 -0.000965666 -0.002486 0.00113316 0.000747876 0.00108958 0.000680882 0.000747876 8.4147e-05 0.000680882 -7.38005e-06 0.00108958 0.000680882 0.00107495 0.000658528 0.000680882 -7.38005e-06 0.000658528 -3.77787e-05 8.4147e-05 -0.000965666 -7.38005e-06 -0.00107528 -0.000965666 -0.002486 -0.00107528 -0.00259442 -7.38005e-06 -0.00107528 -3.77787e-05 -0.00111148 -0.00107528 -0.00259442 -0.00111148 -0.00262991 0.000295216 -0.00209007 -0.000507672 -0.00287597 -0.00209007 -0.00608696 -0.00287597 -0.0065058 -0.000507672 -0.00287597 -0.00114618 -0.00345199 -0.00287597 -0.0065058 -0.00345199 -0.00672883 -0.00608696 -0.0117485 -0.0065058 -0.0112537 -0.0117485 -0.0180758 -0.0112537 -0.0161395 -0.0065058 -0.0112537 -0.00672883 -0.0107161 -0.0112537 -0.0161395 -0.0107161 -0.0144993 -0.00114618 -0.00345199 -0.00164433 -0.00386706 -0.00345199 -0.00672883 -0.00386706 -0.00682734 -0.00164433 -0.00386706 -0.00202273 -0.00415908 -0.00386706 -0.00682734 -0.00415908 -0.0068518 -0.00672883 -0.0107161 -0.00682734 -0.0101984 -0.0107161 -0.0144993 -0.0101984 -0.0131471 -0.00682734 -0.0101984 -0.0068518 -0.0097398 -0.0101984 -0.0131471 -0.0097398 -0.0120696 -0.0180758 -0.022536 -0.0161395 -0.0191335 -0.022536 -0.0216982 -0.0191335 -0.0177768 -0.0161395 -0.0191335 -0.0144993 -0.0164569 -0.0191335 -0.0177768 -0.0164569 -0.0148159 -0.0216982 -0.0135062 -0.0177768 -0.010817 -0.0135062 0.000201474 -0.010817 0.000193985 -0.0177768 -0.010817 -0.0148159 -0.00883247 -0.010817 0.000193985 -0.00883247 0.000189227 -0.0144993 -0.0164569 -0.0131471 -0.0143728 -0.0164569 -0.0148159 -0.0143728 -0.0125862 -0.0131471 -0.0143728 -0.0120696 -0.0127845 -0.0143728 -0.0125862 -0.0127845 -0.010932 -0.0148159 -0.00883247 -0.0125862 -0.00736604 -0.00883247 0.000189227 -0.00736604 0.00018637 -0.0125862 -0.00736604 -0.010932 -0.00629476 -0.00736604 0.00018637 -0.00629476 0.000184773 -0.00202273 -0.00415908 -0.00229872 -0.00435753 -0.00415908 -0.0068518 -0.00435753 -0.00683851 -0.00229872 -0.00435753 -0.002486 -0.00448432 -0.00435753 -0.00683851 -0.00448432 -0.00681276 -0.0068518 -0.0097398 -0.00683851 -0.009365 -0.0097398 -0.0120696 -0.009365 -0.0112515 -0.00683851 -0.009365 -0.00681276 -0.00908898 -0.009365 -0.0112515 -0.00908898 -0.0106784 -0.002486 -0.00448432 -0.00259442 -0.00455453 -0.00448432 -0.00681276 -0.00455453 -0.0067911 -0.00259442 -0.00455453 -0.00262991 -0.00457696 -0.00455453 -0.0067911 -0.00457696 -0.00678287 -0.00681276 -0.00908898 -0.0067911 -0.00892041 -0.00908898 -0.0106784 -0.00892041 -0.0103393 -0.0067911 -0.00892041 -0.00678287 -0.00886377 -0.00892041 -0.0103393 -0.00886377 -0.0102271 -0.0120696 -0.0127845 -0.0112515 -0.0116187 -0.0127845 -0.010932 -0.0116187 -0.00974315 -0.0112515 -0.0116187 -0.0106784 -0.010822 -0.0116187 -0.00974315 -0.010822 -0.0089432 -0.010932 -0.00629476 -0.00974315 -0.00553413 -0.00629476 0.000184773 -0.00553413 0.000183962 -0.00974315 -0.00553413 -0.0089432 -0.00502687 -0.00553413 0.000183962 -0.00502687 0.000183604 -0.0106784 -0.010822 -0.0103393 -0.0103581 -0.010822 -0.0089432 -0.0103581 -0.00848206 -0.0103393 -0.0103581 -0.0102271 -0.0102057 -0.0103581 -0.00848206 -0.0102057 -0.00833141 -0.0089432 -0.00502687 -0.00848206 -0.00473619 -0.00502687 0.000183604 -0.00473619 0.000183474 -0.00848206 -0.00473619 -0.00833141 -0.0046415 -0.00473619 0.000183474 -0.0046415 0.000183445 0.000201474 0.0138861 0.000193985 0.0111888 0.0138861 0.0220228 0.0111888 0.0181103 0.000193985 0.0111888 0.000189227 0.00919985 0.0111888 0.0181103 0.00919985 0.015158 0.0220228 0.0228062 0.0181103 0.0194318 0.0228062 0.0183247 0.0194318 0.0164307 0.0181103 0.0194318 0.015158 0.0167785 0.0194318 0.0164307 0.0167785 0.0148257 0.000189227 0.00919985 0.00018637 0.00773155 0.00919985 0.015158 0.00773155 0.0129361 0.00018637 0.00773155 0.000184773 0.00665989 0.00773155 0.0129361 0.00665989 0.0112887 0.015158 0.0167785 0.0129361 0.0147137 0.0167785 0.0148257 0.0147137 0.0135023 0.0129361 0.0147137 0.0112887 0.0131408 0.0147137 0.0135023 0.0131408 0.0124478 0.0183247 0.0120264 0.0164307 0.011582 0.0120264 0.00644788 0.011582 0.00692055 0.0164307 0.011582 0.0148257 0.0110867 0.011582 0.00692055 0.0110867 0.00718943 0.00644788 0.00258578 0.00692055 0.00342693 0.00258578 0.000385606 0.00342693 0.00124424 0.00692055 0.00342693 0.00718943 0.0040503 0.00342693 0.00124424 0.0040503 0.00193043 0.0148257 0.0110867 0.0135023 0.0106039 0.0110867 0.00718943 0.0106039 0.00732614 0.0135023 0.0106039 0.0124478 0.0101733 0.0106039 0.00732614 0.0101733 0.00738144 0.00718943 0.0040503 0.00732614 0.00450501 0.0040503 0.00193043 0.00450501 0.00246843 0.00732614 0.00450501 0.00738144 0.00482915 0.00450501 0.00246843 0.00482915 0.00287905 0.000184773 0.00665989 0.000183962 0.00589964 0.00665989 0.0112887 0.00589964 0.0101054 0.000183962 0.00589964 0.000183604 0.005393 0.00589964 0.0101054 0.005393 0.00930952 0.0112887 0.0131408 0.0101054 0.0119869 0.0131408 0.0124478 0.0119869 0.0116471 0.0101054 0.0119869 0.00930952 0.0111986 0.0119869 0.0116471 0.0111986 0.0110863 0.000183604 0.005393 0.000183474 0.00510283 0.005393 0.00930952 0.00510283 0.00885089 0.000183474 0.00510283 0.000183445 0.00500833 0.00510283 0.00885089 0.00500833 0.00870108 0.00930952 0.0111986 0.00885089 0.0107397 0.0111986 0.0110863 0.0107397 0.0107545 0.00885089 0.0107397 0.00870108 0.010589 0.0107397 0.0107545 0.010589 0.0106447 0.0124478 0.0101733 0.0116471 0.00981994 0.0101733 0.00738144 0.00981994 0.00739186 0.0116471 0.00981994 0.0110863 0.00955902 0.00981994 0.00739186 0.00955902 0.00738291 0.00738144 0.00482915 0.00739186 0.00505236 0.00482915 0.00287905 0.00505236 0.00317985 0.00739186 0.00505236 0.00738291 0.00519671 0.00505236 0.00317985 0.00519671 0.0033847 0.0110863 0.00955902 0.0107545 0.00939945 0.00955902 0.00738291 0.00939945 0.00737127 0.0107545 0.00939945 0.0106447 0.0093458 0.00939945 0.00737127 0.0093458 0.00736637 0.00738291 0.00519671 0.00737127 0.00527741 0.00519671 0.0033847 0.00527741 0.00350361 0.00737127 0.00527741 0.00736637 0.00530334 0.00527741 0.00350361 0.00530334 0.00354258 0.000385606 -0.000590876 0.00124424 0.000127625 -0.000590876 -0.000776627 0.000127625 -0.000240795 0.00124424 0.000127625 0.00193043 0.000727019 0.000127625 -0.000240795 0.000727019 0.000218634 -0.000776627 -0.000484419 -0.000240795 -0.000125393 -0.000484419 7.90838e-05 -0.000125393 0.000279212 -0.000240795 -0.000125393 0.000218634 0.000188056 -0.000125393 0.000279212 0.000188056 0.000456807 0.00193043 0.000727019 0.00246843 0.00121546 0.000727019 0.000218634 0.00121546 0.00060229 0.00246843 0.00121546 0.00287905 0.00160122 0.00121546 0.00060229 0.00160122 0.000911834 0.000218634 0.000188056 0.00060229 0.000454154 0.000188056 0.000456807 0.000454154 0.00060992 0.00060229 0.000454154 0.000911834 0.000671984 0.000454154 0.00060992 0.000671984 0.000737022 7.90838e-05 0.000769652 0.000279212 0.000826296 0.000769652 0.00146754 0.000826296 0.00138953 0.000279212 0.000826296 0.000456807 0.000880206 0.000826296 0.00138953 0.000880206 0.00133067 0.00146754 0.0020308 0.00138953 0.00183338 0.0020308 0.00197064 0.00183338 0.00193482 0.00138953 0.00183338 0.00133067 0.0016772 0.00183338 0.00193482 0.0016772 0.00178908 0.000456807 0.000880206 0.00060992 0.000929688 0.000880206 0.00133067 0.000929688 0.00128796 0.00060992 0.000929688 0.000737022 0.000973065 0.000929688 0.00128796 0.000973065 0.00125833 0.00133067 0.0016772 0.00128796 0.0015643 0.0016772 0.00178908 0.0015643 0.00166242 0.00128796 0.0015643 0.00125833 0.00148251 0.0015643 0.00166242 0.00148251 0.00156516 0.00287905 0.00160122 0.00317985 0.00189211 0.00160122 0.000911834 0.00189211 0.00114944 0.00317985 0.00189211 0.0033847 0.00209478 0.00189211 0.00114944 0.00209478 0.00131729 0.000911834 0.000671984 0.00114944 0.000841232 0.000671984 0.000737022 0.000841232 0.000836957 0.00114944 0.000841232 0.00131729 0.000961926 0.000841232 0.000836957 0.000961926 0.000908891 0.0033847 0.00209478 0.00350361 0.00221429 0.00209478 0.00131729 0.00221429 0.0014172 0.00350361 0.00221429 0.00354258 0.00225377 0.00221429 0.0014172 0.00225377 0.00145037 0.00131729 0.000961926 0.0014172 0.00103423 0.000961926 0.000908891 0.00103423 0.000952264 0.0014172 0.00103423 0.00145037 0.00105832 0.00103423 0.000952264 0.00105832 0.000966757 0.000737022 0.000973065 0.000836957 0.00100872 0.000973065 0.00125833 0.00100872 0.00123878 0.000836957 0.00100872 0.000908891 0.00103525 0.00100872 0.00123878 0.00103525 0.00122674 0.00125833 0.00148251 0.00123878 0.00142464 0.00148251 0.00156516 0.00142464 0.00149459 0.00123878 0.00142464 0.00122674 0.00138618 0.00142464 0.00149459 0.00138618 0.00144704 0.000908891 0.00103525 0.000952264 0.0010516 0.00103525 0.00122674 0.0010516 0.00122029 0.000952264 0.0010516 0.000966757 0.00105713 0.0010516 0.00122029 0.00105713 0.00121826 0.00122674 0.00138618 0.00122029 0.00136422 0.00138618 0.00144704 0.00136422 0.00141966 0.00122029 0.00136422 0.00121826 0.00135708 0.00136422 0.00141966 0.00135708 0.00141073 
SCALARS wy_dis double 1
LOOKUP_TABLE default
0.0161631 0.0163799 0.0161288 0.0163436 0.0163799 0.0170532 0.0163436 0.0170125 0.0161288 0.0163436 0.0160266 0.0162352 0.0163436 0.0170125 0.0162352 0.0168904 0.0170532 0.0182358 0.0170125 0.0181902 0.0182358 0.0199876 0.0181902 0.0199372 0.0170125 0.0181902 0.0168904 0.0180536 0.0181902 0.0199372 0.0180536 0.019786 0.0160266 0.0162352 0.0158588 0.0160558 0.0162352 0.0168904 0.0160558 0.0166869 0.0158588 0.0160558 0.0156297 0.0158073 0.0160558 0.0166869 0.0158073 0.0164019 0.0168904 0.0180536 0.0166869 0.0178258 0.0180536 0.019786 0.0178258 0.0195344 0.0166869 0.0178258 0.0164019 0.0175068 0.0178258 0.0195344 0.0175068 0.019183 0.0199876 0.022371 0.0199372 0.0223149 0.022371 0.0254588 0.0223149 0.0253951 0.0199372 0.0223149 0.019786 0.0221466 0.0223149 0.0253951 0.0221466 0.0252044 0.0254588 0.029346 0.0253951 0.0292723 0.029346 0.0341569 0.0292723 0.0340713 0.0253951 0.0292723 0.0252044 0.0290516 0.0292723 0.0340713 0.0290516 0.0338146 0.019786 0.0221466 0.0195344 0.0218673 0.0221466 0.0252044 0.0218673 0.0248879 0.0195344 0.0218673 0.019183 0.0214782 0.0218673 0.0248879 0.0214782 0.0244479 0.0252044 0.0290516 0.0248879 0.0286849 0.0290516 0.0338146 0.0286849 0.0333861 0.0248879 0.0286849 0.0244479 0.0281742 0.0286849 0.0333861 0.0281742 0.0327857 0.0156297 0.0158073 0.0153469 0.015492 0.0158073 0.0164019 0.015492 0.0160346 0.0153469 0.015492 0.0150248 0.0151115 0.015492 0.0160346 0.0151115 0.0155833 0.0164019 0.0175068 0.0160346 0.0170961 0.0175068 0.019183 0.0170961 0.0187328 0.0160346 0.0170961 0.0155833 0.0165932 0.0170961 0.0187328 0.0165932 0.0181848 0.0150248 0.0151115 0.0147005 0.0146629 0.0151115 0.0155833 0.0146629 0.0150446 0.0147005 0.0146629 0.0145386 0.0141496 0.0146629 0.0150446 0.0141496 0.0144141 0.0155833 0.0165932 0.0150446 0.0159969 0.0165932 0.0181848 0.0159969 0.0175403 0.0150446 0.0159969 0.0144141 0.0153052 0.0159969 0.0175403 0.0153052 0.0167997 0.019183 0.0214782 0.0187328 0.0209816 0.0214782 0.0244479 0.0209816 0.0238875 0.0187328 0.0209816 0.0181848 0.0203803 0.0209816 0.0238875 0.0203803 0.0232111 0.0244479 0.0281742 0.0238875 0.027523 0.0281742 0.0327857 0.027523 0.0320139 0.0238875 0.027523 0.0232111 0.0267363 0.027523 0.0320139 0.0267363 0.0310731 0.0181848 0.0203803 0.0175403 0.0196777 0.0203803 0.0232111 0.0196777 0.0224243 0.0175403 0.0196777 0.0167997 0.0188761 0.0196777 0.0224243 0.0188761 0.0215319 0.0232111 0.0267363 0.0224243 0.0258212 0.0267363 0.0310731 0.0258212 0.0299683 0.0224243 0.0258212 0.0215319 0.0247852 0.0258212 0.0299683 0.0247852 0.0287073 0.0341569 0.0400353 0.0340713 0.0399395 0.0400353 0.0470994 0.0399395 0.0470031 0.0340713 0.0399395 0.0338146 0.0396507 0.0399395 0.0470031 0.0396507 0.0467108 0.0470994 0.0553395 0.0470031 0.0552654 0.0553395 0.0644634 0.0552654 0.0644467 0.0470031 0.0552654 0.0467108 0.055037 0.0552654 0.0644467 0.055037 0.0643904 0.0338146 0.0396507 0.0333861 0.0391647 0.0396507 0.0467108 0.0391647 0.0462115 0.0333861 0.0391647 0.0327857 0.0384747 0.0391647 0.0462115 0.0384747 0.0454876 0.0467108 0.055037 0.0462115 0.0546368 0.055037 0.0643904 0.0546368 0.0642743 0.0462115 0.0546368 0.0454876 0.0540342 0.0546368 0.0642743 0.0540342 0.0640634 0.0644634 0.0737477 0.0644467 0.0738267 0.0737477 0.0820179 0.0738267 0.0822129 0.0644467 0.0738267 0.0643904 0.0740602 0.0738267 0.0822129 0.0740602 0.0828006 0.0820179 0.0878728 0.0822129 0.0881656 0.0878728 0.0901409 0.0881656 0.0904723 0.0822129 0.0881656 0.0828006 0.0890538 0.0881656 0.0904723 0.0890538 0.0914796 0.0643904 0.0740602 0.0642743 0.0744368 0.0740602 0.0828006 0.0744368 0.0837894 0.0642743 0.0744368 0.0640634 0.0749352 0.0744368 0.0837894 0.0749352 0.0851928 0.0828006 0.0890538 0.0837894 0.0905677 0.0890538 0.0914796 0.0905677 0.0932027 0.0837894 0.0905677 0.0851928 0.0927601 0.0905677 0.0932027 0.0927601 0.095712 0.0327857 0.0384747 0.0320139 0.0375727 0.0384747 0.0454876 0.0375727 0.0445146 0.0320139 0.0375727 0.0310731 0.0364503 0.0375727 0.0445146 0.0364503 0.0432621 0.0454876 0.0540342 0.0445146 0.0531852 0.0540342 0.0640634 0.0531852 0.063704 0.0445146 0.0531852 0.0432621 0.0520302 0.0531852 0.063704 0.0520302 0.0631194 0.0310731 0.0364503 0.0299683 0.0351008 0.0364503 0.0432621 0.0351008 0.0416956 0.0299683 0.0351008 0.0287073 0.0335238 0.0351008 0.0416956 0.0335238 0.039789 0.0432621 0.0520302 0.0416956 0.0504941 0.0520302 0.0631194 0.0504941 0.0622055 0.0416956 0.0504941 0.039789 0.048507 0.0504941 0.0622055 0.048507 0.0608529 0.0640634 0.0749352 0.063704 0.0755207 0.0749352 0.0851928 0.0755207 0.0870282 0.063704 0.0755207 0.0631194 0.0761394 0.0755207 0.0870282 0.0761394 0.0893156 0.0851928 0.0927601 0.0870282 0.0957098 0.0927601 0.095712 0.0957098 0.0991141 0.0870282 0.0957098 0.0893156 0.0995273 0.0957098 0.0991141 0.0995273 0.103562 0.0631194 0.0761394 0.0622055 0.0767113 0.0761394 0.0893156 0.0767113 0.0920735 0.0622055 0.0767113 0.0608529 0.0771392 0.0767113 0.0920735 0.0771392 0.095306 0.0893156 0.0995273 0.0920735 0.10436 0.0995273 0.103562 0.10436 0.109264 0.0920735 0.10436 0.095306 0.110361 0.10436 0.109264 0.110361 0.116447 0.0901409 0.0883618 0.0904723 0.0886548 0.0883618 0.0829943 0.0886548 0.0831894 0.0904723 0.0886548 0.0914796 0.0895435 0.0886548 0.0831894 0.0895435 0.0837775 0.0829943 0.0752099 0.0831894 0.0752888 0.0752099 0.0664138 0.0752888 0.0663965 0.0831894 0.0752888 0.0837775 0.0755219 0.0752888 0.0663965 0.0755219 0.0663382 0.0914796 0.0895435 0.0932027 0.0910584 0.0895435 0.0837775 0.0910584 0.0847672 0.0932027 0.0910584 0.095712 0.0932524 0.0910584 0.0847672 0.0932524 0.0861721 0.0837775 0.0755219 0.0847672 0.0758979 0.0755219 0.0663382 0.0758979 0.066219 0.0847672 0.0758979 0.0861721 0.0763956 0.0758979 0.066219 0.0763956 0.0660038 0.0664138 0.0577862 0.0663965 0.0577108 0.0577862 0.0500575 0.0577108 0.0499595 0.0663965 0.0577108 0.0663382 0.0574788 0.0577108 0.0499595 0.0574788 0.0496617 0.0500575 0.0435273 0.0499595 0.0434292 0.0435273 0.0382115 0.0434292 0.0381233 0.0499595 0.0434292 0.0496617 0.0431335 0.0434292 0.0381233 0.0431335 0.0378584 0.0663382 0.0574788 0.066219 0.0570724 0.0574788 0.0496617 0.0570724 0.0491534 0.066219 0.0570724 0.0660038 0.0564613 0.0570724 0.0491534 0.0564613 0.0484168 0.0496617 0.0431335 0.0491534 0.0426358 0.0431335 0.0378584 0.0426358 0.0374164 0.0491534 0.0426358 0.0484168 0.0419294 0.0426358 0.0374164 0.0419294 0.0367967 0.095712 0.0932524 0.0991141 0.0962046 0.0932524 0.0861721 0.0962046 0.0880102 0.0991141 0.0962046 0.103562 0.100026 0.0962046 0.0880102 0.100026 0.0903017 0.0861721 0.0763956 0.0880102 0.0769808 0.0763956 0.0660038 0.0769808 0.065639 0.0880102 0.0769808 0.0903017 0.0775997 0.0769808 0.065639 0.0775997 0.0650481 0.103562 0.100026 0.109264 0.104865 0.100026 0.0903017 0.104865 0.0930661 0.109264 0.104865 0.116447 0.110875 0.104865 0.0930661 0.110875 0.0963091 0.0903017 0.0775997 0.0930661 0.0781727 0.0775997 0.0650481 0.0781727 0.064127 0.0930661 0.0781727 0.0963091 0.0786037 0.0781727 0.064127 0.0786037 0.0627664 0.0660038 0.0564613 0.065639 0.0556013 0.0564613 0.0484168 0.0556013 0.0474272 0.065639 0.0556013 0.0650481 0.0544327 0.0556013 0.0474272 0.0544327 0.0461544 0.0484168 0.0419294 0.0474272 0.0410059 0.0419294 0.0367967 0.0410059 0.0359997 0.0474272 0.0410059 0.0461544 0.039857 0.0410059 0.0359997 0.039857 0.0350273 0.0650481 0.0544327 0.064127 0.0528805 0.0544327 0.0461544 0.0528805 0.0445635 0.064127 0.0528805 0.0627664 0.0508745 0.0528805 0.0445635 0.0508745 0.0426283 0.0461544 0.039857 0.0445635 0.0384759 0.039857 0.0350273 0.0384759 0.0338843 0.0445635 0.0384759 0.0426283 0.0368615 0.0384759 0.0338843 0.0368615 0.0325781 0.0382115 0.0339962 0.0381233 0.0339198 0.0339962 0.0307381 0.0339198 0.0306722 0.0381233 0.0339198 0.0378584 0.0336907 0.0339198 0.0306722 0.0336907 0.0304746 0.0307381 0.0283064 0.0306722 0.0282495 0.0283064 0.0265867 0.0282495 0.0265385 0.0306722 0.0282495 0.0304746 0.0280787 0.0282495 0.0265385 0.0280787 0.0263937 0.0378584 0.0336907 0.0374164 0.0333099 0.0336907 0.0304746 0.0333099 0.0301461 0.0374164 0.0333099 0.0367967 0.0327789 0.0333099 0.0301461 0.0327789 0.0296881 0.0304746 0.0280787 0.0301461 0.0277943 0.0280787 0.0263937 0.0277943 0.0261518 0.0301461 0.0277943 0.0296881 0.0273964 0.0277943 0.0261518 0.0273964 0.0258117 0.0265867 0.0254678 0.0265385 0.0254295 0.0254678 0.0248262 0.0254295 0.0247992 0.0265385 0.0254295 0.0263937 0.0253142 0.0254295 0.0247992 0.0253142 0.024718 0.0248262 0.0245242 0.0247992 0.0245074 0.0245242 0.0244403 0.0245074 0.0244278 0.0247992 0.0245074 0.024718 0.0244577 0.0245074 0.0244278 0.0244577 0.0243916 0.0263937 0.0253142 0.0261518 0.0251212 0.0253142 0.024718 0.0251212 0.0245831 0.0261518 0.0251212 0.0258117 0.0248486 0.0251212 0.0245831 0.0248486 0.0243943 0.024718 0.0244577 0.0245831 0.0243784 0.0244577 0.0243916 0.0243784 0.0243364 0.0245831 0.0243784 0.0243943 0.0242745 0.0243784 0.0243364 0.0242745 0.0242707 0.0367967 0.0327789 0.0359997 0.0321005 0.0327789 0.0296881 0.0321005 0.0291029 0.0359997 0.0321005 0.0350273 0.0312792 0.0321005 0.0291029 0.0312792 0.0283936 0.0296881 0.0273964 0.0291029 0.0268855 0.0273964 0.0258117 0.0268855 0.0253718 0.0291029 0.0268855 0.0283936 0.0262622 0.0268855 0.0253718 0.0262622 0.0248297 0.0350273 0.0312792 0.0338843 0.0303215 0.0312792 0.0283936 0.0303215 0.0275642 0.0338843 0.0303215 0.0325781 0.0292338 0.0303215 0.0275642 0.0292338 0.0266179 0.0283936 0.0262622 0.0275642 0.025527 0.0262622 0.0248297 0.025527 0.0241824 0.0275642 0.025527 0.0266179 0.0246795 0.025527 0.0241824 0.0246795 0.023425 0.0258117 0.0248486 0.0253718 0.0244935 0.0248486 0.0243943 0.0244935 0.0241509 0.0253718 0.0244935 0.0248297 0.0240515 0.0244935 0.0241509 0.0240515 0.0238495 0.0243943 0.0242745 0.0241509 0.024154 0.0242745 0.0242707 0.024154 0.0242076 0.0241509 0.024154 0.0238495 0.0240282 0.024154 0.0242076 0.0240282 0.024166 0.0248297 0.0240515 0.0241824 0.0235155 0.0240515 0.0238495 0.0235155 0.0234827 0.0241824 0.0235155 0.023425 0.0228753 0.0235155 0.0234827 0.0228753 0.0230333 0.0238495 0.0240282 0.0234827 0.0239119 0.0240282 0.024166 0.0239119 0.0241629 0.0234827 0.0239119 0.0230333 0.0237856 0.0239119 0.0241629 0.0237856 0.0241051 0.0145386 0.0141496 0.0012053 0.00844802 0.0141496 0.0144141 0.00844802 0.0117248 0.0012053 0.00844802 -0.00595238 0.00670624 0.00844802 0.0117248 0.00670624 0.0097029 0.0144141 0.0153052 0.0117248 0.0132731 0.0153052 0.0167997 0.0132731 0.0147976 0.0117248 0.0132731 0.0097029 0.0112892 0.0132731 0.0147976 0.0112892 0.0127401 -0.00595238 0.00670624 -0.00744594 0.00412507 0.00670624 0.0097029 0.00412507 0.0075701 -0.00744594 0.00412507 -0.00685282 0.0021417 0.00412507 0.0075701 0.0021417 0.00563607 0.0097029 0.0112892 0.0075701 0.00927921 0.0112892 0.0127401 0.00927921 0.010637 0.0075701 0.00927921 0.00563607 0.007308 0.00927921 0.010637 0.007308 0.00851149 0.0167997 0.0188761 0.0147976 0.0166907 0.0188761 0.0215319 0.0166907 0.019057 0.0147976 0.0166907 0.0127401 0.0144284 0.0166907 0.019057 0.0144284 0.0164951 0.0215319 0.0247852 0.019057 0.0219559 0.0247852 0.0287073 0.0219559 0.0254866 0.019057 0.0219559 0.0164951 0.0190246 0.0219559 0.0254866 0.0190246 0.0221294 0.0127401 0.0144284 0.010637 0.0121041 0.0144284 0.0164951 0.0121041 0.0138594 0.010637 0.0121041 0.00851149 0.0097324 0.0121041 0.0138594 0.0097324 0.0111618 0.0164951 0.0190246 0.0138594 0.0160027 0.0190246 0.0221294 0.0160027 0.0186476 0.0138594 0.0160027 0.0111618 0.0129018 0.0160027 0.0186476 0.0129018 0.0150566 -0.00685282 0.0021417 -0.00548871 0.000952035 0.0021417 0.00563607 0.000952035 0.00395334 -0.00548871 0.000952035 -0.00379122 0.000345898 0.000952035 0.00395334 0.000345898 0.00249692 0.00563607 0.007308 0.00395334 0.00539911 0.007308 0.00851149 0.00539911 0.00637911 0.00395334 0.00539911 0.00249692 0.00355519 0.00539911 0.00637911 0.00355519 0.00424847 -0.00379122 0.000345898 -0.00193086 9.17049e-05 0.000345898 0.00249692 9.17049e-05 0.00120554 -0.00193086 9.17049e-05 -4.72271e-12 -3.69191e-12 9.17049e-05 0.00120554 -3.69191e-12 -2.06459e-12 0.00249692 0.00355519 0.00120554 0.00176329 0.00355519 0.00424847 0.00176329 0.00212251 0.00120554 0.00176329 -2.06459e-12 -6.81661e-13 0.00176329 0.00212251 -6.81661e-13 1.88391e-13 0.00851149 0.0097324 0.00637911 0.00732618 0.0097324 0.0111618 0.00732618 0.00841469 0.00637911 0.00732618 0.00424847 0.00489623 0.00732618 0.00841469 0.00489623 0.00563038 0.0111618 0.0129018 0.00841469 0.0097354 0.0129018 0.0150566 0.0097354 0.0113746 0.00841469 0.0097354 0.00563038 0.00651873 0.0097354 0.0113746 0.00651873 0.00762264 0.00424847 0.00489623 0.00212251 0.0024516 0.00489623 0.00563038 0.0024516 0.00282136 0.00212251 0.0024516 1.88391e-13 6.38213e-13 0.0024516 0.00282136 6.38213e-13 8.2256e-13 0.00563038 0.00651873 0.00282136 0.00326797 0.00651873 0.00762264 0.00326797 0.00382328 0.00282136 0.00326797 8.2256e-13 8.63061e-13 0.00326797 0.00382328 8.63061e-13 8.38722e-13 0.0287073 0.0335238 0.0254866 0.0298807 0.0335238 0.039789 0.0298807 0.0356193 0.0254866 0.0298807 0.0221294 0.0260292 0.0298807 0.0356193 0.0260292 0.0311251 0.039789 0.048507 0.0356193 0.0434663 0.048507 0.0608529 0.0434663 0.0541814 0.0356193 0.0434663 0.0311251 0.0379822 0.0434663 0.0541814 0.0379822 0.0470656 0.0221294 0.0260292 0.0186476 0.0219894 0.0260292 0.0311251 0.0219894 0.0263491 0.0186476 0.0219894 0.0150566 0.0177885 0.0219894 0.0263491 0.0177885 0.0213436 0.0311251 0.0379822 0.0263491 0.0321333 0.0379822 0.0470656 0.0321333 0.0396099 0.0263491 0.0321333 0.0213436 0.0260049 0.0321333 0.0396099 0.0260049 0.0319151 0.0608529 0.0771392 0.0541814 0.0677286 0.0771392 0.095306 0.0677286 0.0822774 0.0541814 0.0677286 0.0470656 0.0581511 0.0677286 0.0822774 0.0581511 0.0696819 0.095306 0.110361 0.0822774 0.0940063 0.110361 0.116447 0.0940063 0.098693 0.0822774 0.0940063 0.0696819 0.0787643 0.0940063 0.098693 0.0787643 0.0823597 0.0470656 0.0581511 0.0396099 0.0484805 0.0581511 0.0696819 0.0484805 0.0574736 0.0396099 0.0484805 0.0319151 0.0387746 0.0484805 0.0574736 0.0387746 0.0455904 0.0696819 0.0787643 0.0574736 0.0644253 0.0787643 0.0823597 0.0644253 0.0671576 0.0574736 0.0644253 0.0455904 0.0507823 0.0644253 0.0671576 0.0507823 0.0528119 0.0150566 0.0177885 0.0113746 0.0134569 0.0177885 0.0213436 0.0134569 0.0161593 0.0113746 0.0134569 0.00762264 0.00902634 0.0134569 0.0161593 0.00902634 0.0108441 0.0213436 0.0260049 0.0161593 0.01967 0.0260049 0.0319151 0.01967 0.0240568 0.0161593 0.01967 0.0108441 0.0131897 0.01967 0.0240568 0.0131897 0.0160911 0.00762264 0.00902634 0.00382328 0.00452972 0.00902634 0.0108441 0.00452972 0.00544321 0.00382328 0.00452972 8.38722e-13 7.95527e-13 0.00452972 0.00544321 7.95527e-13 7.57051e-13 0.0108441 0.0131897 0.00544321 0.00661724 0.0131897 0.0160911 0.00661724 0.0080607 0.00544321 0.00661724 7.57051e-13 7.30358e-13 0.00661724 0.0080607 7.30358e-13 7.14719e-13 0.0319151 0.0387746 0.0240568 0.029065 0.0387746 0.0455904 0.029065 0.0339671 0.0240568 0.029065 0.0160911 0.0193658 0.029065 0.0339671 0.0193658 0.0225376 0.0455904 0.0507823 0.0339671 0.0376601 0.0507823 0.0528119 0.0376601 0.0390982 0.0339671 0.0376601 0.0225376 0.0249089 0.0376601 0.0390982 0.0249089 0.0258299 0.0160911 0.0193658 0.0080607 0.00967896 0.0193658 0.0225376 0.00967896 0.0112368 0.0080607 0.00967896 7.14719e-13 7.03779e-13 0.00967896 0.0112368 7.03779e-13 6.88992e-13 0.0225376 0.0249089 0.0112368 0.0123961 0.0249089 0.0258299 0.0123961 0.0128458 0.0112368 0.0123961 6.88992e-13 6.62898e-13 0.0123961 0.0128458 6.62898e-13 6.20199e-13 0.116447 0.110875 0.098693 0.0944498 0.110875 0.0963091 0.0944498 0.0831477 0.098693 0.0944498 0.0823597 0.0791408 0.0944498 0.0831477 0.0791408 0.0704235 0.0963091 0.0786037 0.0831477 0.0690064 0.0786037 0.0627664 0.0690064 0.0558571 0.0831477 0.0690064 0.0704235 0.059244 0.0690064 0.0558571 0.059244 0.0485028 0.0823597 0.0791408 0.0671576 0.0647369 0.0791408 0.0704235 0.0647369 0.0580889 0.0671576 0.0647369 0.0528119 0.0510302 0.0647369 0.0580889 0.0510302 0.0460811 0.0704235 0.059244 0.0580889 0.0493899 0.059244 0.0485028 0.0493899 0.0408083 0.0580889 0.0493899 0.0460811 0.0395012 0.0493899 0.0408083 0.0395012 0.0328742 0.0627664 0.0508745 0.0558571 0.0455435 0.0508745 0.0426283 0.0455435 0.0381125 0.0558571 0.0455435 0.0485028 0.0397666 0.0455435 0.0381125 0.0397666 0.0332684 0.0426283 0.0368615 0.0381125 0.0328124 0.0368615 0.0325781 0.0328124 0.0288862 0.0381125 0.0328124 0.0332684 0.02855 0.0328124 0.0288862 0.02855 0.0250518 0.0485028 0.0397666 0.0408083 0.033623 0.0397666 0.0332684 0.033623 0.0281395 0.0408083 0.033623 0.0328742 0.0271985 0.033623 0.0281395 0.0271985 0.0227787 0.0332684 0.02855 0.0281395 0.0240955 0.02855 0.0250518 0.0240955 0.0210884 0.0281395 0.0240955 0.0227787 0.0194768 0.0240955 0.0210884 0.0194768 0.0170123 0.0528119 0.0510302 0.0390982 0.0378454 0.0510302 0.0460811 0.0378454 0.0343342 0.0390982 0.0378454 0.0258299 0.0250321 0.0378454 0.0343342 0.0250321 0.022782 0.0460811 0.0395012 0.0343342 0.0296096 0.0395012 0.0328742 0.0296096 0.0247764 0.0343342 0.0296096 0.022782 0.0197286 0.0296096 0.0247764 0.0197286 0.016571 0.0258299 0.0250321 0.0128458 0.0124577 0.0250321 0.022782 0.0124577 0.0113588 0.0128458 0.0124577 6.20199e-13 5.6075e-13 0.0124577 0.0113588 5.6075e-13 4.89439e-13 0.022782 0.0197286 0.0113588 0.00986032 0.0197286 0.016571 0.00986032 0.00830068 0.0113588 0.00986032 4.89439e-13 4.12934e-13 0.00986032 0.00830068 4.12934e-13 3.37696e-13 0.0328742 0.0271985 0.0247764 0.0205661 0.0271985 0.0227787 0.0205661 0.0172372 0.0247764 0.0205661 0.016571 0.0137876 0.0205661 0.0172372 0.0137876 0.0115635 0.0227787 0.0194768 0.0172372 0.014725 0.0194768 0.0170123 0.014725 0.012843 0.0172372 0.014725 0.0115635 0.00987264 0.014725 0.012843 0.00987264 0.00860232 0.016571 0.0137876 0.00830068 0.00691632 0.0137876 0.0115635 0.00691632 0.00580311 0.00830068 0.00691632 3.37696e-13 2.69741e-13 0.00691632 0.00580311 2.69741e-13 2.16041e-13 0.0115635 0.00987264 0.00580311 0.00495313 0.00987264 0.00860232 0.00495313 0.00431332 0.00580311 0.00495313 2.16041e-13 1.77684e-13 0.00495313 0.00431332 1.77684e-13 1.52798e-13 0.0325781 0.0292338 0.0288862 0.0258597 0.0292338 0.0266179 0.0258597 0.0235075 0.0288862 0.0258597 0.0250518 0.0223765 0.0258597 0.0235075 0.0223765 0.0203026 0.0266179 0.0246795 0.0235075 0.0217306 0.0246795 0.023425 0.0217306 0.0204492 0.0235075 0.0217306 0.0203026 0.0186972 0.0217306 0.0204492 0.0186972 0.0173956 0.0250518 0.0223765 0.0210884 0.0187982 0.0223765 0.0203026 0.0187982 0.0170224 0.0210884 0.0187982 0.0170123 0.0151386 0.0187982 0.0170224 0.0151386 0.0136828 0.0203026 0.0186972 0.0170224 0.0156133 0.0186972 0.0173956 0.0156133 0.0143599 0.0170224 0.0156133 0.0136828 0.012501 0.0156133 0.0143599 0.012501 0.0113722 0.023425 0.0228753 0.0204492 0.0195086 0.0228753 0.0230333 0.0195086 0.018561 0.0204492 0.0195086 0.0173956 0.0159884 0.0195086 0.018561 0.0159884 0.0131793 0.0230333 0.0237856 0.018561 0.0157778 0.0237856 0.0241051 0.0157778 -0.0296581 0.018561 0.0157778 0.0131793 0.00429259 0.0157778 -0.0296581 0.00429259 -0.0246775 0.0173956 0.0159884 0.0143599 0.0127469 0.0159884 0.0131793 0.0127469 0.00930379 0.0143599 0.0127469 0.0113722 0.00977529 0.0127469 0.00930379 0.00977529 0.00639507 0.0131793 0.00429259 0.00930379 -0.000175754 0.00429259 -0.0246775 -0.000175754 -0.0183703 0.00930379 -0.000175754 0.00639507 -0.00155291 -0.000175754 -0.0183703 -0.00155291 -0.0137532 0.0170123 0.0151386 0.012843 0.0114127 0.0151386 0.0136828 0.0114127 0.0102984 0.012843 0.0114127 0.00860232 0.00763658 0.0114127 0.0102984 0.00763658 0.00688227 0.0136828 0.012501 0.0102984 0.0093764 0.012501 0.0113722 0.0093764 0.00844884 0.0102984 0.0093764 0.00688227 0.00624917 0.0093764 0.00844884 0.00624917 0.00558971 0.00860232 0.00763658 0.00431332 0.00382674 0.00763658 0.00688227 0.00382674 0.00344601 0.00431332 0.00382674 1.52798e-13 1.32987e-13 0.00382674 0.00344601 1.32987e-13 1.00599e-13 0.00688227 0.00624917 0.00344601 0.00312363 0.00624917 0.00558971 0.00312363 0.00278108 0.00344601 0.00312363 1.00599e-13 2.56123e-14 0.00312363 0.00278108 2.56123e-14 -1.37606e-13 0.0113722 0.00977529 0.00844884 0.00706654 0.00977529 0.00639507 0.00706654 0.00421359 0.00844884 0.00706654 0.00558971 0.00457931 0.00706654 0.00421359 0.00457931 0.00254577 0.00639507 -0.00155291 0.00421359 -0.00172008 -0.00155291 -0.0137532 -0.00172008 -0.00998746 0.00421359 -0.00172008 0.00254577 -0.00135559 -0.00172008 -0.00998746 -0.00135559 -0.00655848 0.00558971 0.00457931 0.00278108 0.00224921 0.00457931 0.00254577 0.00224921 0.00119718 0.00278108 0.00224921 -1.37606e-13 -4.46366e-13 0.00224921 0.00119718 -4.46366e-13 -9.33636e-13 0.00254577 -0.00135559 0.00119718 -0.000733051 -0.00135559 -0.00655848 -0.000733051 -0.00325733 0.00119718 -0.000733051 -9.33636e-13 -1.49789e-12 -0.000733051 -0.00325733 -1.49789e-12 -1.84019e-12 -4.72271e-12 -3.69191e-12 0.00193086 -9.17049e-05 -3.69191e-12 -2.06459e-12 -9.17049e-05 -0.00120554 0.00193086 -9.17049e-05 0.00379122 -0.000345898 -9.17049e-05 -0.00120554 -0.000345898 -0.00249692 -2.06459e-12 -6.81661e-13 -0.00120554 -0.00176329 -6.81661e-13 1.88391e-13 -0.00176329 -0.00212251 -0.00120554 -0.00176329 -0.00249692 -0.00355519 -0.00176329 -0.00212251 -0.00355519 -0.00424847 0.00379122 -0.000345898 0.00548871 -0.000952035 -0.000345898 -0.00249692 -0.000952035 -0.00395334 0.00548871 -0.000952035 0.00685282 -0.0021417 -0.000952035 -0.00395334 -0.0021417 -0.00563607 -0.00249692 -0.00355519 -0.00395334 -0.00539911 -0.00355519 -0.00424847 -0.00539911 -0.00637911 -0.00395334 -0.00539911 -0.00563607 -0.007308 -0.00539911 -0.00637911 -0.007308 -0.00851149 1.88391e-13 6.38213e-13 -0.00212251 -0.0024516 6.38213e-13 8.2256e-13 -0.0024516 -0.00282136 -0.00212251 -0.0024516 -0.00424847 -0.00489623 -0.0024516 -0.00282136 -0.00489623 -0.00563038 8.2256e-13 8.63061e-13 -0.00282136 -0.00326797 8.63061e-13 8.38722e-13 -0.00326797 -0.00382328 -0.00282136 -0.00326797 -0.00563038 -0.00651873 -0.00326797 -0.00382328 -0.00651873 -0.00762264 -0.00424847 -0.00489623 -0.00637911 -0.00732618 -0.00489623 -0.00563038 -0.00732618 -0.00841469 -0.00637911 -0.00732618 -0.00851149 -0.0097324 -0.00732618 -0.00841469 -0.0097324 -0.0111618 -0.00563038 -0.00651873 -0.00841469 -0.0097354 -0.00651873 -0.00762264 -0.0097354 -0.0113746 -0.00841469 -0.0097354 -0.0111618 -0.0129018 -0.0097354 -0.0113746 -0.0129018 -0.0150566 0.00685282 -0.0021417 0.00744594 -0.00412507 -0.0021417 -0.00563607 -0.00412507 -0.0075701 0.00744594 -0.00412507 0.00595238 -0.00670624 -0.00412507 -0.0075701 -0.00670624 -0.0097029 -0.00563607 -0.007308 -0.0075701 -0.00927921 -0.007308 -0.00851149 -0.00927921 -0.010637 -0.0075701 -0.00927921 -0.0097029 -0.0112892 -0.00927921 -0.010637 -0.0112892 -0.0127401 0.00595238 -0.00670624 -0.0012053 -0.00844802 -0.00670624 -0.0097029 -0.00844802 -0.0117248 -0.0012053 -0.00844802 -0.0145386 -0.0141496 -0.00844802 -0.0117248 -0.0141496 -0.0144141 -0.0097029 -0.0112892 -0.0117248 -0.0132731 -0.0112892 -0.0127401 -0.0132731 -0.0147976 -0.0117248 -0.0132731 -0.0144141 -0.0153052 -0.0132731 -0.0147976 -0.0153052 -0.0167997 -0.00851149 -0.0097324 -0.010637 -0.0121041 -0.0097324 -0.0111618 -0.0121041 -0.0138594 -0.010637 -0.0121041 -0.0127401 -0.0144284 -0.0121041 -0.0138594 -0.0144284 -0.0164951 -0.0111618 -0.0129018 -0.0138594 -0.0160027 -0.0129018 -0.0150566 -0.0160027 -0.0186476 -0.0138594 -0.0160027 -0.0164951 -0.0190246 -0.0160027 -0.0186476 -0.0190246 -0.0221294 -0.0127401 -0.0144284 -0.0147976 -0.0166907 -0.0144284 -0.0164951 -0.0166907 -0.019057 -0.0147976 -0.0166907 -0.0167997 -0.0188761 -0.0166907 -0.019057 -0.0188761 -0.0215319 -0.0164951 -0.0190246 -0.019057 -0.0219559 -0.0190246 -0.0221294 -0.0219559 -0.0254866 -0.019057 -0.0219559 -0.0215319 -0.0247852 -0.0219559 -0.0254866 -0.0247852 -0.0287073 8.38722e-13 7.95527e-13 -0.00382328 -0.00452972 7.95527e-13 7.57051e-13 -0.00452972 -0.00544321 -0.00382328 -0.00452972 -0.00762264 -0.00902634 -0.00452972 -0.00544321 -0.00902634 -0.0108441 7.57051e-13 7.30358e-13 -0.00544321 -0.00661724 7.30358e-13 7.14719e-13 -0.00661724 -0.0080607 -0.00544321 -0.00661724 -0.0108441 -0.0131897 -0.00661724 -0.0080607 -0.0131897 -0.0160911 -0.00762264 -0.00902634 -0.0113746 -0.0134569 -0.00902634 -0.0108441 -0.0134569 -0.0161593 -0.0113746 -0.0134569 -0.0150566 -0.0177885 -0.0134569 -0.0161593 -0.0177885 -0.0213436 -0.0108441 -0.0131897 -0.0161593 -0.01967 -0.0131897 -0.0160911 -0.01967 -0.0240568 -0.0161593 -0.01967 -0.0213436 -0.0260049 -0.01967 -0.0240568 -0.0260049 -0.0319151 7.14719e-13 7.03779e-13 -0.0080607 -0.00967896 7.03779e-13 6.88992e-13 -0.00967896 -0.0112368 -0.0080607 -0.00967896 -0.0160911 -0.0193658 -0.00967896 -0.0112368 -0.0193658 -0.0225376 6.88992e-13 6.62898e-13 -0.0112368 -0.0123961 6.62898e-13 6.20199e-13 -0.0123961 -0.0128458 -0.0112368 -0.0123961 -0.0225376 -0.0249089 -0.0123961 -0.0128458 -0.0249089 -0.0258299 -0.0160911 -0.0193658 -0.0240568 -0.029065 -0.0193658 -0.0225376 -0.029065 -0.0339671 -0.0240568 -0.029065 -0.0319151 -0.0387746 -0.029065 -0.0339671 -0.0387746 -0.0455904 -0.0225376 -0.0249089 -0.0339671 -0.0376601 -0.0249089 -0.0258299 -0.0376601 -0.0390982 -0.0339671 -0.0376601 -0.0455904 -0.0507823 -0.0376601 -0.0390982 -0.0507823 -0.0528119 -0.0150566 -0.0177885 -0.0186476 -0.0219894 -0.0177885 -0.0213436 -0.0219894 -0.0263491 -0.0186476 -0.0219894 -0.0221294 -0.0260292 -0.0219894 -0.0263491 -0.0260292 -0.0311251 -0.0213436 -0.0260049 -0.0263491 -0.0321333 -0.0260049 -0.0319151 -0.0321333 -0.0396099 -0.0263491 -0.0321333 -0.0311251 -0.0379822 -0.0321333 -0.0396099 -0.0379822 -0.0470656 -0.0221294 -0.0260292 -0.0254866 -0.0298807 -0.0260292 -0.0311251 -0.0298807 -0.0356193 -0.0254866 -0.0298807 -0.0287073 -0.0335238 -0.0298807 -0.0356193 -0.0335238 -0.039789 -0.0311251 -0.0379822 -0.0356193 -0.0434663 -0.0379822 -0.0470656 -0.0434663 -0.0541814 -0.0356193 -0.0434663 -0.039789 -0.048507 -0.0434663 -0.0541814 -0.048507 -0.0608529 -0.0319151 -0.0387746 -0.0396099 -0.0484805 -0.0387746 -0.0455904 -0.0484805 -0.0574736 -0.0396099 -0.0484805 -0.0470656 -0.0581511 -0.0484805 -0.0574736 -0.0581511 -0.0696819 -0.0455904 -0.0507823 -0.0574736 -0.0644253 -0.0507823 -0.0528119 -0.0644253 -0.0671576 -0.0574736 -0.0644253 -0.0696819 -0.0787643 -0.0644253 -0.0671576 -0.0787643 -0.0823597 -0.0470656 -0.0581511 -0.0541814 -0.0677286 -0.0581511 -0.0696819 -0.0677286 -0.0822774 -0.0541814 -0.0677286 -0.0608529 -0.0771392 -0.0677286 -0.0822774 -0.0771392 -0.095306 -0.0696819 -0.0787643 -0.0822774 -0.0940063 -0.0787643 -0.0823597 -0.0940063 -0.098693 -0.0822774 -0.0940063 -0.095306 -0.110361 -0.0940063 -0.098693 -0.110361 -0.116447 6.20199e-13 5.6075e-13 -0.0128458 -0.0124577 5.6075e-13 4.89439e-13 -0.0124577 -0.0113588 -0.0128458 -0.0124577 -0.0258299 -0.0250321 -0.0124577 -0.0113588 -0.0250321 -0.022782 4.89439e-13 4.12934e-13 -0.0113588 -0.00986032 4.12934e-13 3.37696e-13 -0.00986032 -0.00830068 -0.0113588 -0.00986032 -0.022782 -0.0197286 -0.00986032 -0.00830068 -0.0197286 -0.016571 -0.0258299 -0.0250321 -0.0390982 -0.0378454 -0.0250321 -0.022782 -0.0378454 -0.0343342 -0.0390982 -0.0378454 -0.0528119 -0.0510302 -0.0378454 -0.0343342 -0.0510302 -0.0460811 -0.022782 -0.0197286 -0.0343342 -0.0296096 -0.0197286 -0.016571 -0.0296096 -0.0247764 -0.0343342 -0.0296096 -0.0460811 -0.0395012 -0.0296096 -0.0247764 -0.0395012 -0.0328742 3.37696e-13 2.69741e-13 -0.00830068 -0.00691632 2.69741e-13 2.16041e-13 -0.00691632 -0.00580311 -0.00830068 -0.00691632 -0.016571 -0.0137876 -0.00691632 -0.00580311 -0.0137876 -0.0115635 2.16041e-13 1.77684e-13 -0.00580311 -0.00495313 1.77684e-13 1.52798e-13 -0.00495313 -0.00431332 -0.00580311 -0.00495313 -0.0115635 -0.00987264 -0.00495313 -0.00431332 -0.00987264 -0.00860232 -0.016571 -0.0137876 -0.0247764 -0.0205661 -0.0137876 -0.0115635 -0.0205661 -0.0172372 -0.0247764 -0.0205661 -0.0328742 -0.0271985 -0.0205661 -0.0172372 -0.0271985 -0.0227787 -0.0115635 -0.00987264 -0.0172372 -0.014725 -0.00987264 -0.00860232 -0.014725 -0.012843 -0.0172372 -0.014725 -0.0227787 -0.0194768 -0.014725 -0.012843 -0.0194768 -0.0170123 -0.0528119 -0.0510302 -0.0671576 -0.0647369 -0.0510302 -0.0460811 -0.0647369 -0.0580889 -0.0671576 -0.0647369 -0.0823597 -0.0791408 -0.0647369 -0.0580889 -0.0791408 -0.0704235 -0.0460811 -0.0395012 -0.0580889 -0.0493899 -0.0395012 -0.0328742 -0.0493899 -0.0408083 -0.0580889 -0.0493899 -0.0704235 -0.059244 -0.0493899 -0.0408083 -0.059244 -0.0485028 -0.0823597 -0.0791408 -0.098693 -0.0944498 -0.0791408 -0.0704235 -0.0944498 -0.0831477 -0.098693 -0.0944498 -0.116447 -0.110875 -0.0944498 -0.0831477 -0.110875 -0.0963091 -0.0704235 -0.059244 -0.0831477 -0.0690064 -0.059244 -0.0485028 -0.0690064 -0.0558571 -0.0831477 -0.0690064 -0.0963091 -0.0786037 -0.0690064 -0.0558571 -0.0786037 -0.0627664 -0.0328742 -0.0271985 -0.0408083 -0.033623 -0.0271985 -0.0227787 -0.033623 -0.0281395 -0.0408083 -0.033623 -0.0485028 -0.0397666 -0.033623 -0.0281395 -0.0397666 -0.0332684 -0.0227787 -0.0194768 -0.0281395 -0.0240955 -0.0194768 -0.0170123 -0.0240955 -0.0210884 -0.0281395 -0.0240955 -0.0332684 -0.02855 -0.0240955 -0.0210884 -0.02855 -0.0250518 -0.0485028 -0.0397666 -0.0558571 -0.0455435 -0.0397666 -0.0332684 -0.0455435 -0.0381125 -0.0558571 -0.0455435 -0.0627664 -0.0508745 -0.0455435 -0.0381125 -0.0508745 -0.0426283 -0.0332684 -0.02855 -0.0381125 -0.0328124 -0.02855 -0.0250518 -0.0328124 -0.0288862 -0.0381125 -0.0328124 -0.0426283 -0.0368615 -0.0328124 -0.0288862 -0.0368615 -0.0325781 1.52798e-13 1.32987e-13 -0.00431332 -0.00382674 1.32987e-13 1.00599e-13 -0.00382674 -0.00344601 -0.00431332 -0.00382674 -0.00860232 -0.00763658 -0.00382674 -0.00344601 -0.00763658 -0.00688227 1.00599e-13 2.56123e-14 -0.00344601 -0.00312363 2.56123e-14 -1.37606e-13 -0.00312363 -0.00278108 -0.00344601 -0.00312363 -0.00688227 -0.00624917 -0.00312363 -0.00278108 -0.00624917 -0.00558971 -0.00860232 -0.00763658 -0.012843 -0.0114127 -0.00763658 -0.00688227 -0.0114127 -0.0102984 -0.012843 -0.0114127 -0.0170123 -0.0151386 -0.0114127 -0.0102984 -0.0151386 -0.0136828 -0.00688227 -0.00624917 -0.0102984 -0.0093764 -0.00624917 -0.00558971 -0.0093764 -0.00844884 -0.0102984 -0.0093764 -0.0136828 -0.012501 -0.0093764 -0.00844884 -0.012501 -0.0113722 -1.37606e-13 -4.46366e-13 -0.00278108 -0.00224921 -4.46366e-13 -9.33636e-13 -0.00224921 -0.00119718 -0.00278108 -0.00224921 -0.00558971 -0.00457931 -0.00224921 -0.00119718 -0.00457931 -0.00254577 -9.33636e-13 -1.49789e-12 -0.00119718 0.000733051 -1.49789e-12 -1.84019e-12 0.000733051 0.00325733 -0.00119718 0.000733051 -0.00254577 0.00135559 0.000733051 0.00325733 0.00135559 0.00655848 -0.00558971 -0.00457931 -0.00844884 -0.00706654 -0.00457931 -0.00254577 -0.00706654 -0.00421359 -0.00844884 -0.00706654 -0.0113722 -0.00977529 -0.00706654 -0.00421359 -0.00977529 -0.00639507 -0.00254577 0.00135559 -0.00421359 0.00172008 0.00135559 0.00655848 0.00172008 0.00998746 -0.00421359 0.00172008 -0.00639507 0.00155291 0.00172008 0.00998746 0.00155291 0.0137532 -0.0170123 -0.0151386 -0.0210884 -0.0187982 -0.0151386 -0.0136828 -0.0187982 -0.0170224 -0.0210884 -0.0187982 -0.0250518 -0.0223765 -0.0187982 -0.0170224 -0.0223765 -0.0203026 -0.0136828 -0.012501 -0.0170224 -0.0156133 -0.012501 -0.0113722 -0.0156133 -0.0143599 -0.0170224 -0.0156133 -0.0203026 -0.0186972 -0.0156133 -0.0143599 -0.0186972 -0.0173956 -0.0250518 -0.0223765 -0.0288862 -0.0258597 -0.0223765 -0.0203026 -0.0258597 -0.0235075 -0.0288862 -0.0258597 -0.0325781 -0.0292338 -0.0258597 -0.0235075 -0.0292338 -0.0266179 -0.0203026 -0.0186972 -0.0235075 -0.0217306 -0.0186972 -0.0173956 -0.0217306 -0.0204492 -0.0235075 -0.0217306 -0.0266179 -0.0246795 -0.0217306 -0.0204492 -0.0246795 -0.023425 -0.0113722 -0.00977529 -0.0143599 -0.0127469 -0.00977529 -0.00639507 -0.0127469 -0.00930379 -0.0143599 -0.0127469 -0.0173956 -0.0159884 -0.0127469 -0.00930379 -0.0159884 -0.0131793 -0.00639507 0.00155291 -0.00930379 0.000175754 0.00155291 0.0137532 0.000175754 0.0183703 -0.00930379 0.000175754 -0.0131793 -0.00429259 0.000175754 0.0183703 -0.00429259 0.0246775 -0.0173956 -0.0159884 -0.0204492 -0.0195086 -0.0159884 -0.0131793 -0.0195086 -0.018561 -0.0204492 -0.0195086 -0.023425 -0.0228753 -0.0195086 -0.018561 -0.0228753 -0.0230333 -0.0131793 -0.00429259 -0.018561 -0.0157778 -0.00429259 0.0246775 -0.0157778 0.0296581 -0.018561 -0.0157778 -0.0230333 -0.0237856 -0.0157778 0.0296581 -0.0237856 -0.0241051 -0.0145386 -0.0141496 -0.0147005 -0.0146629 -0.0141496 -0.0144141 -0.0146629 -0.0150446 -0.0147005 -0.0146629 -0.0150248 -0.0151115 -0.0146629 -0.0150446 -0.0151115 -0.0155833 -0.0144141 -0.0153052 -0.0150446 -0.0159969 -0.0153052 -0.0167997 -0.0159969 -0.0175403 -0.0150446 -0.0159969 -0.0155833 -0.0165932 -0.0159969 -0.0175403 -0.0165932 -0.0181848 -0.0150248 -0.0151115 -0.0153469 -0.015492 -0.0151115 -0.0155833 -0.015492 -0.0160346 -0.0153469 -0.015492 -0.0156297 -0.0158073 -0.015492 -0.0160346 -0.0158073 -0.0164019 -0.0155833 -0.0165932 -0.0160346 -0.0170961 -0.0165932 -0.0181848 -0.0170961 -0.0187328 -0.0160346 -0.0170961 -0.0164019 -0.0175068 -0.0170961 -0.0187328 -0.0175068 -0.019183 -0.0167997 -0.0188761 -0.0175403 -0.0196777 -0.0188761 -0.0215319 -0.0196777 -0.0224243 -0.0175403 -0.0196777 -0.0181848 -0.0203803 -0.0196777 -0.0224243 -0.0203803 -0.0232111 -0.0215319 -0.0247852 -0.0224243 -0.0258212 -0.0247852 -0.0287073 -0.0258212 -0.0299683 -0.0224243 -0.0258212 -0.0232111 -0.0267363 -0.0258212 -0.0299683 -0.0267363 -0.0310731 -0.0181848 -0.0203803 -0.0187328 -0.0209816 -0.0203803 -0.0232111 -0.0209816 -0.0238875 -0.0187328 -0.0209816 -0.019183 -0.0214782 -0.0209816 -0.0238875 -0.0214782 -0.0244479 -0.0232111 -0.0267363 -0.0238875 -0.027523 -0.0267363 -0.0310731 -0.027523 -0.0320139 -0.0238875 -0.027523 -0.0244479 -0.0281742 -0.027523 -0.0320139 -0.0281742 -0.0327857 -0.0156297 -0.0158073 -0.0158588 -0.0160558 -0.0158073 -0.0164019 -0.0160558 -0.0166869 -0.0158588 -0.0160558 -0.0160266 -0.0162352 -0.0160558 -0.0166869 -0.0162352 -0.0168904 -0.0164019 -0.0175068 -0.0166869 -0.0178258 -0.0175068 -0.019183 -0.0178258 -0.0195344 -0.0166869 -0.0178258 -0.0168904 -0.0180536 -0.0178258 -0.0195344 -0.0180536 -0.019786 -0.0160266 -0.0162352 -0.0161288 -0.0163436 -0.0162352 -0.0168904 -0.0163436 -0.0170125 -0.0161288 -0.0163436 -0.0161631 -0.0163799 -0.0163436 -0.0170125 -0.0163799 -0.0170532 -0.0168904 -0.0180536 -0.0170125 -0.0181902 -0.0180536 -0.019786 -0.0181902 -0.0199372 -0.0170125 -0.0181902 -0.0170532 -0.0182358 -0.0181902 -0.0199372 -0.0182358 -0.0199876 -0.019183 -0.0214782 -0.0195344 -0.0218673 -0.0214782 -0.0244479 -0.0218673 -0.0248879 -0.0195344 -0.0218673 -0.019786 -0.0221466 -0.0218673 -0.0248879 -0.0221466 -0.0252044 -0.0244479 -0.0281742 -0.0248879 -0.0286849 -0.0281742 -0.0327857 -0.0286849 -0.0333861 -0.0248879 -0.0286849 -0.0252044 -0.0290516 -0.0286849 -0.0333861 -0.0290516 -0.0338146 -0.019786 -0.0221466 -0.0199372 -0.0223149 -0.0221466 -0.0252044 -0.0223149 -0.0253951 -0.0199372 -0.0223149 -0.0199876 -0.022371 -0.0223149 -0.0253951 -0.022371 -0.0254588 -0.0252044 -0.0290516 -0.0253951 -0.0292723 -0.0290516 -0.0338146 -0.0292723 -0.0340713 -0.0253951 -0.0292723 -0.0254588 -0.029346 -0.0292723 -0.0340713 -0.029346 -0.0341569 -0.0287073 -0.0335238 -0.0299683 -0.0351008 -0.0335238 -0.039789 -0.0351008 -0.0416956 -0.0299683 -0.0351008 -0.0310731 -0.0364503 -0.0351008 -0.0416956 -0.0364503 -0.0432621 -0.039789 -0.048507 -0.0416956 -0.0504941 -0.048507 -0.0608529 -0.0504941 -0.0622055 -0.0416956 -0.0504941 -0.0432621 -0.0520302 -0.0504941 -0.0622055 -0.0520302 -0.0631194 -0.0310731 -0.0364503 -0.0320139 -0.0375727 -0.0364503 -0.0432621 -0.0375727 -0.0445146 -0.0320139 -0.0375727 -0.0327857 -0.0384747 -0.0375727 -0.0445146 -0.0384747 -0.0454876 -0.0432621 -0.0520302 -0.0445146 -0.0531852 -0.0520302 -0.0631194 -0.0531852 -0.063704 -0.0445146 -0.0531852 -0.0454876 -0.0540342 -0.0531852 -0.063704 -0.0540342 -0.0640634 -0.0608529 -0.0771392 -0.0622055 -0.0767113 -0.0771392 -0.095306 -0.0767113 -0.0920735 -0.0622055 -0.0767113 -0.0631194 -0.0761394 -0.0767113 -0.0920735 -0.0761394 -0.0893156 -0.095306 -0.110361 -0.0920735 -0.10436 -0.110361 -0.116447 -0.10436 -0.109264 -0.0920735 -0.10436 -0.0893156 -0.0995273 -0.10436 -0.109264 -0.0995273 -0.103562 -0.0631194 -0.0761394 -0.063704 -0.0755207 -0.0761394 -0.0893156 -0.0755207 -0.0870282 -0.063704 -0.0755207 -0.0640634 -0.0749352 -0.0755207 -0.0870282 -0.0749352 -0.0851928 -0.0893156 -0.0995273 -0.0870282 -0.0957098 -0.0995273 -0.103562 -0.0957098 -0.0991141 -0.0870282 -0.0957098 -0.0851928 -0.0927601 -0.0957098 -0.0991141 -0.0927601 -0.095712 -0.0327857 -0.0384747 -0.0333861 -0.0391647 -0.0384747 -0.0454876 -0.0391647 -0.0462115 -0.0333861 -0.0391647 -0.0338146 -0.0396507 -0.0391647 -0.0462115 -0.0396507 -0.0467108 -0.0454876 -0.0540342 -0.0462115 -0.0546368 -0.0540342 -0.0640634 -0.0546368 -0.0642743 -0.0462115 -0.0546368 -0.0467108 -0.055037 -0.0546368 -0.0642743 -0.055037 -0.0643904 -0.0338146 -0.0396507 -0.0340713 -0.0399395 -0.0396507 -0.0467108 -0.0399395 -0.0470031 -0.0340713 -0.0399395 -0.0341569 -0.0400353 -0.0399395 -0.0470031 -0.0400353 -0.0470994 -0.0467108 -0.055037 -0.0470031 -0.0552654 -0.055037 -0.0643904 -0.0552654 -0.0644467 -0.0470031 -0.0552654 -0.0470994 -0.0553395 -0.0552654 -0.0644467 -0.0553395 -0.0644634 -0.0640634 -0.0749352 -0.0642743 -0.0744368 -0.0749352 -0.0851928 -0.0744368 -0.0837894 -0.0642743 -0.0744368 -0.0643904 -0.0740602 -0.0744368 -0.0837894 -0.0740602 -0.0828006 -0.0851928 -0.0927601 -0.0837894 -0.0905677 -0.0927601 -0.095712 -0.0905677 -0.0932027 -0.0837894 -0.0905677 -0.0828006 -0.0890538 -0.0905677 -0.0932027 -0.0890538 -0.0914796 -0.0643904 -0.0740602 -0.0644467 -0.0738267 -0.0740602 -0.0828006 -0.0738267 -0.0822129 -0.0644467 -0.0738267 -0.0644634 -0.0737477 -0.0738267 -0.0822129 -0.0737477 -0.0820179 -0.0828006 -0.0890538 -0.0822129 -0.0881656 -0.0890538 -0.0914796 -0.0881656 -0.0904723 -0.0822129 -0.0881656 -0.0820179 -0.0878728 -0.0881656 -0.0904723 -0.0878728 -0.0901409 -0.116447 -0.110875 -0.109264 -0.104865 -0.110875 -0.0963091 -0.104865 -0.0930661 -0.109264 -0.104865 -0.103562 -0.100026 -0.104865 -0.0930661 -0.100026 -0.0903017 -0.0963091 -0.0786037 -0.0930661 -0.0781727 -0.0786037 -0.0627664 -0.0781727 -0.064127 -0.0930661 -0.0781727 -0.0903017 -0.0775997 -0.0781727 -0.064127 -0.0775997 -0.0650481 -0.103562 -0.100026 -0.0991141 -0.0962046 -0.100026 -0.0903017 -0.0962046 -0.0880102 -0.0991141 -0.0962046 -0.095712 -0.0932524 -0.0962046 -0.0880102 -0.0932524 -0.0861721 -0.0903017 -0.0775997 -0.0880102 -0.0769808 -0.0775997 -0.0650481 -0.0769808 -0.065639 -0.0880102 -0.0769808 -0.0861721 -0.0763956 -0.0769808 -0.065639 -0.0763956 -0.0660038 -0.0627664 -0.0508745 -0.064127 -0.0528805 -0.0508745 -0.0426283 -0.0528805 -0.0445635 -0.064127 -0.0528805 -0.0650481 -0.0544327 -0.0528805 -0.0445635 -0.0544327 -0.0461544 -0.0426283 -0.0368615 -0.0445635 -0.0384759 -0.0368615 -0.0325781 -0.0384759 -0.0338843 -0.0445635 -0.0384759 -0.0461544 -0.039857 -0.0384759 -0.0338843 -0.039857 -0.0350273 -0.0650481 -0.0544327 -0.065639 -0.0556013 -0.0544327 -0.0461544 -0.0556013 -0.0474272 -0.065639 -0.0556013 -0.0660038 -0.0564613 -0.0556013 -0.0474272 -0.0564613 -0.0484168 -0.0461544 -0.039857 -0.0474272 -0.0410059 -0.039857 -0.0350273 -0.0410059 -0.0359997 -0.0474272 -0.0410059 -0.0484168 -0.0419294 -0.0410059 -0.0359997 -0.0419294 -0.0367967 -0.095712 -0.0932524 -0.0932027 -0.0910584 -0.0932524 -0.0861721 -0.0910584 -0.0847672 -0.0932027 -0.0910584 -0.0914796 -0.0895435 -0.0910584 -0.0847672 -0.0895435 -0.0837775 -0.0861721 -0.0763956 -0.0847672 -0.0758979 -0.0763956 -0.0660038 -0.0758979 -0.066219 -0.0847672 -0.0758979 -0.0837775 -0.0755219 -0.0758979 -0.066219 -0.0755219 -0.0663382 -0.0914796 -0.0895435 -0.0904723 -0.0886548 -0.0895435 -0.0837775 -0.0886548 -0.0831894 -0.0904723 -0.0886548 -0.0901409 -0.0883618 -0.0886548 -0.0831894 -0.0883618 -0.0829943 -0.0837775 -0.0755219 -0.0831894 -0.0752888 -0.0755219 -0.0663382 -0.0752888 -0.0663965 -0.0831894 -0.0752888 -0.0829943 -0.0752099 -0.0752888 -0.0663965 -0.0752099 -0.0664138 -0.0660038 -0.0564613 -0.066219 -0.0570724 -0.0564613 -0.0484168 -0.0570724 -0.0491534 -0.066219 -0.0570724 -0.0663382 -0.0574788 -0.0570724 -0.0491534 -0.0574788 -0.0496617 -0.0484168 -0.0419294 -0.0491534 -0.0426358 -0.0419294 -0.0367967 -0.0426358 -0.0374164 -0.0491534 -0.0426358 -0.0496617 -0.0431335 -0.0426358 -0.0374164 -0.0431335 -0.0378584 -0.0663382 -0.0574788 -0.0663965 -0.0577108 -0.0574788 -0.0496617 -0.0577108 -0.0499595 -0.0663965 -0.0577108 -0.0664138 -0.0577862 -0.0577108 -0.0499595 -0.0577862 -0.0500575 -0.0496617 -0.0431335 -0.0499595 -0.0434292 -0.0431335 -0.0378584 -0.0434292 -0.0381233 -0.0499595 -0.0434292 -0.0500575 -0.0435273 -0.0434292 -0.0381233 -0.0435273 -0.0382115 -0.0325781 -0.0292338 -0.0338843 -0.0303215 -0.0292338 -0.0266179 -0.0303215 -0.0275642 -0.0338843 -0.0303215 -0.0350273 -0.0312792 -0.0303215 -0.0275642 -0.0312792 -0.0283936 -0.0266179 -0.0246795 -0.0275642 -0.025527 -0.0246795 -0.023425 -0.025527 -0.0241824 -0.0275642 -0.025527 -0.0283936 -0.0262622 -0.025527 -0.0241824 -0.0262622 -0.0248297 -0.0350273 -0.0312792 -0.0359997 -0.0321005 -0.0312792 -0.0283936 -0.0321005 -0.0291029 -0.0359997 -0.0321005 -0.0367967 -0.0327789 -0.0321005 -0.0291029 -0.0327789 -0.0296881 -0.0283936 -0.0262622 -0.0291029 -0.0268855 -0.0262622 -0.0248297 -0.0268855 -0.0253718 -0.0291029 -0.0268855 -0.0296881 -0.0273964 -0.0268855 -0.0253718 -0.0273964 -0.0258117 -0.023425 -0.0228753 -0.0241824 -0.0235155 -0.0228753 -0.0230333 -0.0235155 -0.0234827 -0.0241824 -0.0235155 -0.0248297 -0.0240515 -0.0235155 -0.0234827 -0.0240515 -0.0238495 -0.0230333 -0.0237856 -0.0234827 -0.0239119 -0.0237856 -0.0241051 -0.0239119 -0.0241629 -0.0234827 -0.0239119 -0.0238495 -0.0240282 -0.0239119 -0.0241629 -0.0240282 -0.024166 -0.0248297 -0.0240515 -0.0253718 -0.0244935 -0.0240515 -0.0238495 -0.0244935 -0.0241509 -0.0253718 -0.0244935 -0.0258117 -0.0248486 -0.0244935 -0.0241509 -0.0248486 -0.0243943 -0.0238495 -0.0240282 -0.0241509 -0.024154 -0.0240282 -0.024166 -0.024154 -0.0242076 -0.0241509 -0.024154 -0.0243943 -0.0242745 -0.024154 -0.0242076 -0.0242745 -0.0242707 -0.0367967 -0.0327789 -0.0374164 -0.0333099 -0.0327789 -0.0296881 -0.0333099 -0.0301461 -0.0374164 -0.0333099 -0.0378584 -0.0336907 -0.0333099 -0.0301461 -0.0336907 -0.0304746 -0.0296881 -0.0273964 -0.0301461 -0.0277943 -0.0273964 -0.0258117 -0.0277943 -0.0261518 -0.0301461 -0.0277943 -0.0304746 -0.0280787 -0.0277943 -0.0261518 -0.0280787 -0.0263937 -0.0378584 -0.0336907 -0.0381233 -0.0339198 -0.0336907 -0.0304746 -0.0339198 -0.0306722 -0.0381233 -0.0339198 -0.0382115 -0.0339962 -0.0339198 -0.0306722 -0.0339962 -0.0307381 -0.0304746 -0.0280787 -0.0306722 -0.0282495 -0.0280787 -0.0263937 -0.0282495 -0.0265385 -0.0306722 -0.0282495 -0.0307381 -0.0283064 -0.0282495 -0.0265385 -0.0283064 -0.0265867 -0.0258117 -0.0248486 -0.0261518 -0.0251212 -0.0248486 -0.0243943 -0.0251212 -0.0245831 -0.0261518 -0.0251212 -0.0263937 -0.0253142 -0.0251212 -0.0245831 -0.0253142 -0.024718 -0.0243943 -0.0242745 -0.0245831 -0.0243784 -0.0242745 -0.0242707 -0.0243784 -0.0243364 -0.0245831 -0.0243784 -0.024718 -0.0244577 -0.0243784 -0.0243364 -0.0244577 -0.0243916 -0.0263937 -0.0253142 -0.0265385 -0.0254295 -0.0253142 -0.024718 -0.0254295 -0.0247992 -0.0265385 -0.0254295 -0.0265867 -0.0254678 -0.0254295 -0.0247992 -0.0254678 -0.0248262 -0.024718 -0.0244577 -0.0247992 -0.0245074 -0.0244577 -0.0243916 -0.0245074 -0.0244278 -0.0247992 -0.0245074 -0.0248262 -0.0245242 -0.0245074 -0.0244278 -0.0245242 -0.0244403 
SCALARS conc double 1
LOOKUP_TABLE default
0 0 0 1.70757 0 0 1.70757 3.22579 0 1.70757 0 3.26444 1.70757 3.22579 3.26444 6.15564 0 0 3.22579 4.47099 0 0 4.47099 5.45805 3.22579 4.47099 6.15564 8.51505 4.47099 5.45805 8.51505 10.38 0 3.26444 0 4.53351 3.26444 6.15564 4.53351 8.51785 0 4.53351 0 5.39856 4.53351 8.51785 5.39856 10.0793 6.15564 8.51505 8.51785 11.7394 8.51505 10.38 11.7394 14.2737 8.51785 11.7394 10.0793 13.8077 11.7394 14.2737 13.8077 16.721 0 0 5.45805 6.24584 0 0 6.24584 6.89231 5.45805 6.24584 10.38 11.8682 6.24584 6.89231 11.8682 13.0905 0 0 6.89231 7.43891 0 0 7.43891 7.91109 6.89231 7.43891 13.0905 14.1251 7.43891 7.91109 14.1251 15.0198 10.38 11.8682 14.2737 16.2954 11.8682 13.0905 16.2954 17.9587 14.2737 16.2954 16.721 19.0454 16.2954 17.9587 19.0454 20.9629 13.0905 14.1251 17.9587 19.3694 14.1251 15.0198 19.3694 20.5913 17.9587 19.3694 20.9629 22.5938 19.3694 20.5913 22.5938 24.0099 0 5.39856 0 5.77274 5.39856 10.0793 5.77274 10.66 0 5.77274 0 5.60681 5.77274 10.66 5.60681 10.1442 10.0793 13.8077 10.66 14.4626 13.8077 16.721 14.4626 17.409 10.66 14.4626 10.1442 13.5441 14.4626 17.409 13.5441 16.1553 0 5.60681 0 4.89766 5.60681 10.1442 4.89766 8.4843 0 4.89766 0 3.70001 4.89766 8.4843 3.70001 5.69309 10.1442 13.5441 8.4843 11.0031 13.5441 16.1553 11.0031 12.9276 8.4843 11.0031 5.69309 6.91152 11.0031 12.9276 6.91152 7.85518 16.721 19.0454 17.409 19.7627 19.0454 20.9629 19.7627 21.7123 17.409 19.7627 16.1553 18.2488 19.7627 21.7123 18.2488 19.9942 20.9629 22.5938 21.7123 23.3776 22.5938 24.0099 23.3776 24.8288 21.7123 23.3776 19.9942 21.4949 23.3776 24.8288 21.4949 22.8098 16.1553 18.2488 12.9276 14.4837 18.2488 19.9942 14.4837 15.797 12.9276 14.4837 7.85518 8.63723 14.4837 15.797 8.63723 9.32185 19.9942 21.4949 15.797 16.9394 21.4949 22.8098 16.9394 17.9496 15.797 16.9394 9.32185 9.93604 16.9394 17.9496 9.93604 10.4922 0 0 7.91109 8.32277 0 0 8.32277 8.68012 7.91109 8.32277 15.0198 15.8004 8.32277 8.68012 15.8004 16.4785 0 0 8.68012 8.98418 0 0 8.98418 9.23238 8.68012 8.98418 16.4785 17.0559 8.98418 9.23238 17.0559 17.5274 15.0198 15.8004 20.5913 21.6589 15.8004 16.4785 21.6589 22.5873 20.5913 21.6589 24.0099 25.2497 21.6589 22.5873 25.2497 26.3298 16.4785 17.0559 22.5873 23.3787 17.0559 17.5274 23.3787 24.0257 22.5873 23.3787 26.3298 27.2522 23.3787 24.0257 27.2522 28.0075 0 0 9.23238 9.42008 0 0 9.42008 9.5427 9.23238 9.42008 17.5274 17.884 9.42008 9.5427 17.884 18.1164 0 0 9.5427 9.59841 0 0 9.59841 9.59014 9.5427 9.59841 18.1164 18.2208 9.59841 9.59014 18.2208 18.203 17.5274 17.884 24.0257 24.5148 17.884 18.1164 24.5148 24.8323 24.0257 24.5148 28.0075 28.5784 24.5148 24.8323 28.5784 28.9466 18.1164 18.2208 24.8323 24.972 18.2208 18.203 24.972 24.9421 24.8323 24.972 28.9466 29.103 24.972 24.9421 29.103 29.0577 24.0099 25.2497 24.8288 26.1031 25.2497 26.3298 26.1031 27.2161 24.8288 26.1031 22.8098 23.9693 26.1031 27.2161 23.9693 24.9863 26.3298 27.2522 27.2161 28.1692 27.2522 28.0075 28.1692 28.9517 27.2161 28.1692 24.9863 25.8609 28.1692 28.9517 25.8609 26.5823 22.8098 23.9693 17.9496 18.8471 23.9693 24.9863 18.8471 19.6398 17.9496 18.8471 10.4922 10.9956 18.8471 19.6398 10.9956 11.4481 24.9863 25.8609 19.6398 20.327 25.8609 26.5823 20.327 20.8992 19.6398 20.327 11.4481 11.8489 20.327 20.8992 11.8489 12.1914 28.0075 28.5784 28.9517 29.5434 28.5784 28.9466 29.5434 29.9211 28.9517 29.5434 26.5823 27.1284 29.5434 29.9211 27.1284 27.4715 28.9466 29.103 29.9211 30.0722 29.103 29.0577 30.0722 30.0079 29.9211 30.0722 27.4715 27.5941 30.0722 30.0079 27.5941 27.5077 26.5823 27.1284 20.8992 21.334 27.1284 27.4715 21.334 21.5995 20.8992 21.334 12.1914 12.4558 21.334 21.5995 12.4558 12.6064 27.4715 27.5941 21.5995 21.6719 27.5941 27.5077 21.6719 21.5611 21.5995 21.6719 12.6064 12.6107 21.6719 21.5611 12.6107 12.4753 0 0 9.59014 9.52506 0 0 9.52506 9.41148 9.59014 9.52506 18.203 18.0772 9.52506 9.41148 18.0772 17.86 0 0 9.41148 9.25479 0 0 9.25479 9.05525 9.41148 9.25479 17.86 17.5622 9.25479 9.05525 17.5622 17.1841 18.203 18.0772 24.9421 24.764 18.0772 17.86 24.764 24.4625 24.9421 24.764 29.0577 28.8391 24.764 24.4625 28.8391 28.4804 17.86 17.5622 24.4625 24.0535 17.5622 17.1841 24.0535 23.5372 24.4625 24.0535 28.4804 28.0024 24.0535 23.5372 28.0024 27.4044 0 0 9.05525 8.80859 0 0 8.80859 8.50852 9.05525 8.80859 17.1841 16.7171 8.80859 8.50852 16.7171 16.1486 0 0 8.50852 8.14889 0 0 8.14889 7.72421 8.50852 8.14889 16.1486 15.467 8.14889 7.72421 15.467 14.6618 17.1841 16.7171 23.5372 22.9003 16.7171 16.1486 22.9003 22.1244 23.5372 22.9003 27.4044 26.6682 22.9003 22.1244 26.6682 25.7699 16.1486 15.467 22.1244 21.1928 15.467 14.6618 21.1928 20.0919 22.1244 21.1928 25.7699 24.6891 21.1928 20.0919 24.6891 23.4107 29.0577 28.8391 30.0079 29.7636 28.8391 28.4804 29.7636 29.3808 30.0079 29.7636 27.5077 27.2543 29.7636 29.3808 27.2543 26.8842 28.4804 28.0024 29.3808 28.8849 28.0024 27.4044 28.8849 28.2735 29.3808 28.8849 26.8842 26.4265 28.8849 28.2735 26.4265 25.8762 27.5077 27.2543 21.5611 21.3164 27.2543 26.8842 21.3164 20.9966 21.5611 21.3164 12.4753 12.2567 21.3164 20.9966 12.2567 12.0232 26.8842 26.4265 20.9966 20.634 26.4265 25.8762 20.634 20.2195 20.9966 20.634 12.0232 11.8086 20.634 20.2195 11.8086 11.5979 27.4044 26.6682 28.2735 27.523 26.6682 25.7699 27.523 26.6045 28.2735 27.523 25.8762 25.2037 27.523 26.6045 25.2037 24.3756 25.7699 24.6891 26.6045 25.4954 24.6891 23.4107 25.4954 24.1814 26.6045 25.4954 24.3756 23.369 25.4954 24.1814 23.369 22.1729 25.8762 25.2037 20.2195 19.7166 25.2037 24.3756 19.7166 19.0881 20.2195 19.7166 11.5979 11.347 19.7166 19.0881 11.347 11.0159 24.3756 23.369 19.0881 18.313 23.369 22.1729 18.313 17.3862 19.0881 18.313 11.0159 10.5878 18.313 17.3862 10.5878 10.0659 0 0 7.72421 7.22805 0 0 7.22805 6.65011 7.72421 7.22805 14.6618 13.7213 7.22805 6.65011 13.7213 12.6264 0 0 6.65011 5.97263 0 0 5.97263 5.1668 6.65011 5.97263 12.6264 11.3439 5.97263 5.1668 11.3439 9.81978 14.6618 13.7213 20.0919 18.8063 13.7213 12.6264 18.8063 17.3111 20.0919 18.8063 23.4107 21.9186 18.8063 17.3111 21.9186 20.1858 12.6264 11.3439 17.3111 15.5624 11.3439 9.81978 15.5624 13.4871 17.3111 15.5624 20.1858 18.1635 15.5624 13.4871 18.1635 15.7691 0 0 5.1668 4.19125 0 0 4.19125 3.00102 5.1668 4.19125 9.81978 7.97516 4.19125 3.00102 7.97516 5.72081 0 0 3.00102 1.5817 0 0 1.5817 0 3.00102 1.5817 5.72081 3.02085 1.5817 0 3.02085 0 9.81978 7.97516 13.4871 10.9772 7.97516 5.72081 10.9772 7.90153 13.4871 10.9772 15.7691 12.8772 10.9772 7.90153 12.8772 9.3224 5.72081 3.02085 7.90153 4.18832 3.02085 0 4.18832 0 7.90153 4.18832 9.3224 4.97581 4.18832 0 4.97581 0 23.4107 21.9186 24.1814 22.6487 21.9186 20.1858 22.6487 20.8728 24.1814 22.6487 22.1729 20.7788 22.6487 20.8728 20.7788 19.1689 20.1858 18.1635 20.8728 18.8068 18.1635 15.7691 18.8068 16.3689 20.8728 18.8068 19.1689 17.3052 18.8068 16.3689 17.3052 15.1183 22.1729 20.7788 17.3862 16.3071 20.7788 19.1689 16.3071 15.0684 17.3862 16.3071 10.0659 9.45946 16.3071 15.0684 9.45946 8.7736 19.1689 17.3052 15.0684 13.6466 17.3052 15.1183 13.6466 11.9959 15.0684 13.6466 8.7736 8.00454 13.6466 11.9959 8.00454 7.13441 15.7691 12.8772 16.3689 13.4323 12.8772 9.3224 13.4323 9.81379 16.3689 13.4323 15.1183 12.4953 13.4323 9.81379 12.4953 9.26642 9.3224 4.97581 9.81379 5.30486 4.97581 0 5.30486 0 9.81379 5.30486 9.26642 5.13643 5.30486 0 5.13643 0 15.1183 12.4953 11.9959 10.0307 12.4953 9.26642 10.0307 7.63109 11.9959 10.0307 7.13441 6.13422 10.0307 7.63109 6.13422 4.89747 9.26642 5.13643 7.63109 4.48318 5.13643 0 4.48318 0 7.63109 4.48318 4.89747 3.43166 4.48318 0 3.43166 0 0 3.70001 1 5.57468 3.70001 5.69309 5.57468 7.22974 1 5.57468 1 7.67192 5.57468 7.22974 7.67192 8.48505 5.69309 6.91152 7.22974 8.41375 6.91152 7.85518 8.41375 9.37484 7.22974 8.41375 8.48505 9.7784 8.41375 9.37484 9.7784 10.7112 1 7.67192 1 9.80015 7.67192 8.48505 9.80015 9.36327 1 9.80015 1 11.7526 9.80015 9.36327 11.7526 9.89651 8.48505 9.7784 9.36327 10.9851 9.7784 10.7112 10.9851 11.8266 9.36327 10.9851 9.89651 12.0238 10.9851 11.8266 12.0238 12.7067 7.85518 8.63723 9.37484 10.1986 8.63723 9.32185 10.1986 10.9391 9.37484 10.1986 10.7112 11.5737 10.1986 10.9391 11.5737 12.3532 9.32185 9.93604 10.9391 11.6114 9.93604 10.4922 11.6114 12.2243 10.9391 11.6114 12.3532 13.0686 11.6114 12.2243 13.0686 13.7219 10.7112 11.5737 11.8266 12.7462 11.5737 12.3532 12.7462 13.5472 11.8266 12.7462 12.7067 13.7104 12.7462 13.5472 13.7104 14.5129 12.3532 13.0686 13.5472 14.2953 13.0686 13.7219 14.2953 14.9735 13.5472 14.2953 14.5129 15.2872 14.2953 14.9735 15.2872 15.9761 1 11.7526 1 13.3758 11.7526 9.89651 13.3758 10.176 1 13.3758 1 14.5776 13.3758 10.176 14.5776 10.2997 9.89651 12.0238 10.176 12.8759 12.0238 12.7067 12.8759 13.3581 10.176 12.8759 10.2997 13.5137 12.8759 13.3581 13.5137 13.8001 1 14.5776 1 15.3115 14.5776 10.2997 15.3115 10.3436 1 15.3115 1 15.5578 15.3115 10.3436 15.5578 10.3533 10.2997 13.5137 10.3436 13.9094 13.5137 13.8001 13.9094 14.0544 10.3436 13.9094 10.3533 14.0435 13.9094 14.0544 14.0435 14.1372 12.7067 13.7104 13.3581 14.4643 13.7104 14.5129 14.4643 15.2505 13.3581 14.4643 13.8001 15.0058 14.4643 15.2505 15.0058 15.7666 14.5129 15.2872 15.2505 16.0466 15.2872 15.9761 16.0466 16.7353 15.2505 16.0466 15.7666 16.5805 16.0466 16.7353 16.5805 17.263 13.8001 15.0058 14.0544 15.3322 15.0058 15.7666 15.3322 16.0708 14.0544 15.3322 14.1372 15.4412 15.3322 16.0708 15.4412 16.1712 15.7666 16.5805 16.0708 16.8967 16.5805 17.263 16.8967 17.5725 16.0708 16.8967 16.1712 17.0013 16.8967 17.5725 17.0013 17.6744 10.4922 10.9956 12.2243 12.7805 10.9956 11.4481 12.7805 13.2792 12.2243 12.7805 13.7219 14.3136 12.7805 13.2792 14.3136 14.8393 11.4481 11.8489 13.2792 13.7141 11.8489 12.1914 13.7141 14.0689 13.2792 13.7141 14.8393 15.2879 13.7141 14.0689 15.2879 15.6375 13.7219 14.3136 14.9735 15.5842 14.3136 14.8393 15.5842 16.1186 14.9735 15.5842 15.9761 16.593 15.5842 16.1186 16.593 17.1227 14.8393 15.2879 16.1186 16.563 15.2879 15.6375 16.563 16.8956 16.1186 16.563 17.1227 17.5534 16.563 16.8956 17.5534 17.8674 12.1914 12.4558 14.0689 14.3145 12.4558 12.6064 14.3145 14.4184 14.0689 14.3145 15.6375 15.8584 14.3145 14.4184 15.8584 15.9281 12.6064 12.6107 14.4184 14.3705 12.6107 12.4753 14.3705 14.2052 14.4184 14.3705 15.9281 15.8545 14.3705 14.2052 15.8545 15.6843 15.6375 15.8584 16.8956 17.0934 15.8584 15.9281 17.0934 17.1472 16.8956 17.0934 17.8674 18.0516 17.0934 17.1472 18.0516 18.1072 15.9281 15.8545 17.1472 17.0758 15.8545 15.6843 17.0758 16.9241 17.1472 17.0758 18.1072 18.0561 17.0758 16.9241 18.0561 17.9329 15.9761 16.593 16.7353 17.3505 16.593 17.1227 17.3505 17.8692 16.7353 17.3505 17.263 17.8737 17.3505 17.8692 17.8737 18.3808 17.1227 17.5534 17.8692 18.285 17.5534 17.8674 18.285 18.5855 17.8692 18.285 18.3808 18.7852 18.285 18.5855 18.7852 19.0789 17.263 17.8737 17.5725 18.1794 17.8737 18.3808 18.1794 18.6783 17.5725 18.1794 17.6744 18.2798 18.1794 18.6783 18.2798 18.7758 18.3808 18.7852 18.6783 19.0763 18.7852 19.0789 19.0763 19.3676 18.6783 19.0763 18.7758 19.1718 19.0763 19.3676 19.1718 19.4627 17.8674 18.0516 18.5855 18.7667 18.0516 18.1072 18.7667 18.8355 18.5855 18.7667 19.0789 19.264 18.7667 18.8355 19.264 19.3489 18.1072 18.0561 18.8355 18.8108 18.0561 17.9329 18.8108 18.7146 18.8355 18.8108 19.3489 19.3475 18.8108 18.7146 19.3475 19.2712 19.0789 19.264 19.3676 19.558 19.264 19.3489 19.558 19.6553 19.3676 19.558 19.4627 19.6553 19.558 19.6553 19.6553 19.7572 19.3489 19.3475 19.6553 19.6691 19.3475 19.2712 19.6691 19.6042 19.6553 19.6691 19.7572 19.7763 19.6691 19.6042 19.7763 19.7151 12.4753 12.2567 14.2052 13.9873 12.2567 12.0232 13.9873 13.7688 14.2052 13.9873 15.6843 15.4774 13.9873 13.7688 15.4774 15.2687 12.0232 11.8086 13.7688 13.5578 11.8086 11.5979 13.5578 13.3224 13.7688 13.5578 15.2687 15.0492 13.5578 13.3224 15.0492 14.7803 15.6843 15.4774 16.9241 16.737 15.4774 15.2687 16.737 16.532 16.9241 16.737 17.9329 17.765 16.737 16.532 17.765 17.5565 15.2687 15.0492 16.532 16.2918 15.0492 14.7803 16.2918 15.9803 16.532 16.2918 17.5565 17.2881 16.2918 15.9803 17.2881 16.9321 11.5979 11.347 13.3224 13.0183 11.347 11.0159 13.0183 12.615 13.3224 13.0183 14.7803 14.422 13.0183 12.615 14.422 13.9534 11.0159 10.5878 12.615 12.1058 10.5878 10.0659 12.1058 11.4993 12.615 12.1058 13.9534 13.3754 12.1058 11.4993 13.3754 12.7005 14.7803 14.422 15.9803 15.5673 14.422 13.9534 15.5673 15.0412 15.9803 15.5673 16.9321 16.4694 15.5673 15.0412 16.4694 15.8969 13.9534 13.3754 15.0412 14.4084 13.3754 12.7005 14.4084 13.6829 15.0412 14.4084 15.8969 15.2239 14.4084 13.6829 15.2239 14.4649 17.9329 17.765 18.7146 18.5597 17.765 17.5565 18.5597 18.342 18.7146 18.5597 19.2712 19.1227 18.5597 18.342 19.1227 18.8941 17.5565 17.2881 18.342 18.0446 17.2881 16.9321 18.0446 17.6493 18.342 18.0446 18.8941 18.5724 18.0446 17.6493 18.5724 18.1474 19.2712 19.1227 19.6042 19.4579 19.1227 18.8941 19.4579 19.2209 19.6042 19.4579 19.7151 19.5691 19.4579 19.2209 19.5691 19.3289 18.8941 18.5724 19.2209 18.8833 18.5724 18.1474 18.8833 18.4402 19.2209 18.8833 19.3289 18.9859 18.8833 18.4402 18.9859 18.5368 16.9321 16.4694 17.6493 17.1469 16.4694 15.8969 17.1469 16.5403 17.6493 17.1469 18.1474 17.6172 17.1469 16.5403 17.6172 16.9886 15.8969 15.2239 16.5403 15.8408 15.2239 14.4649 15.8408 15.0628 16.5403 15.8408 16.9886 16.2736 15.8408 15.0628 16.2736 15.4868 18.1474 17.6172 18.4402 17.894 17.6172 16.9886 17.894 17.2533 18.4402 17.894 18.5368 17.9853 17.894 17.2533 17.9853 17.3409 16.9886 16.2736 17.2533 16.5308 16.2736 15.4868 16.5308 15.7409 17.2533 16.5308 17.3409 16.6162 16.5308 15.7409 16.6162 15.8257 10.0659 9.45946 11.4993 10.8071 9.45946 8.7736 10.8071 10.0363 11.4993 10.8071 12.7005 11.9419 10.8071 10.0363 11.9419 11.1085 8.7736 8.00454 10.0363 9.18594 8.00454 7.13441 9.18594 8.2477 10.0363 9.18594 11.1085 10.2039 9.18594 8.2477 10.2039 9.22676 12.7005 11.9419 13.6829 12.8787 11.9419 11.1085 12.8787 12.0065 13.6829 12.8787 14.4649 13.6343 12.8787 12.0065 13.6343 12.7448 11.1085 10.2039 12.0065 11.0747 10.2039 9.22676 11.0747 10.0915 12.0065 11.0747 12.7448 11.8095 11.0747 10.0915 11.8095 10.8453 7.13441 6.13422 8.2477 7.19475 6.13422 4.89747 7.19475 6.00865 8.2477 7.19475 9.22676 8.17353 7.19475 6.00865 8.17353 7.03307 4.89747 3.43166 6.00865 4.47839 3.43166 0 4.47839 2.98861 6.00865 4.47839 7.03307 5.80142 4.47839 2.98861 5.80142 5.03516 9.22676 8.17353 10.0915 9.06978 8.17353 7.03307 9.06978 8.03237 10.0915 9.06978 10.8453 9.87929 9.06978 8.03237 9.87929 8.96417 7.03307 5.80142 8.03237 7.09058 5.80142 5.03516 7.09058 6.63913 8.03237 7.09058 8.96417 8.23422 7.09058 6.63913 8.23422 7.9337 14.4649 13.6343 15.0628 14.2209 13.6343 12.7448 14.2209 13.3299 15.0628 14.2209 15.4868 14.6431 14.2209 13.3299 14.6431 13.759 12.7448 11.8095 13.3299 12.407 11.8095 10.8453 12.407 11.4757 13.3299 12.407 13.759 12.8545 12.407 11.4757 12.8545 11.9573 15.4868 14.6431 15.7409 14.899 14.6431 13.759 14.899 14.0227 15.7409 14.899 15.8257 14.985 14.899 14.0227 14.985 14.1118 13.759 12.8545 14.0227 13.1335 12.8545 11.9573 13.1335 12.2612 14.0227 13.1335 14.1118 13.2285 13.1335 12.2612 13.2285 12.3653 10.8453 9.87929 11.4757 10.5732 9.87929 8.96417 10.5732 9.76543 11.4757 10.5732 11.9573 11.1097 10.5732 9.76543 11.1097 10.379 8.96417 8.23422 9.76543 9.17251 8.23422 7.9337 9.17251 8.94751 9.76543 9.17251 10.379 9.86679 9.17251 8.94751 9.86679 9.67965 11.9573 11.1097 12.2612 11.4494 11.1097 10.379 11.4494 10.7634 12.2612 11.4494 12.3653 11.5657 11.4494 10.7634 11.5657 10.8941 10.379 9.86679 10.7634 10.2924 9.86679 9.67965 10.2924 10.1229 10.7634 10.2924 10.8941 10.4357 10.2924 10.1229 10.4357 10.2714 1 15.5578 1 15.3115 15.5578 10.3533 15.3115 10.3436 1 15.3115 1 14.5776 15.3115 10.3436 14.5776 10.2997 10.3533 14.0435 10.3436 13.9094 14.0435 14.1372 13.9094 14.0544 10.3436 13.9094 10.2997 13.5137 13.9094 14.0544 13.5137 13.8001 1 14.5776 1 13.3758 14.5776 10.2997 13.3758 10.176 1 13.3758 1 11.7526 13.3758 10.176 11.7526 9.89651 10.2997 13.5137 10.176 12.8759 13.5137 13.8001 12.8759 13.3581 10.176 12.8759 9.89651 12.0238 12.8759 13.3581 12.0238 12.7067 14.1372 15.4412 14.0544 15.3322 15.4412 16.1712 15.3322 16.0708 14.0544 15.3322 13.8001 15.0058 15.3322 16.0708 15.0058 15.7666 16.1712 17.0013 16.0708 16.8967 17.0013 17.6744 16.8967 17.5725 16.0708 16.8967 15.7666 16.5805 16.8967 17.5725 16.5805 17.263 13.8001 15.0058 13.3581 14.4643 15.0058 15.7666 14.4643 15.2505 13.3581 14.4643 12.7067 13.7104 14.4643 15.2505 13.7104 14.5129 15.7666 16.5805 15.2505 16.0466 16.5805 17.263 16.0466 16.7353 15.2505 16.0466 14.5129 15.2872 16.0466 16.7353 15.2872 15.9761 1 11.7526 1 9.80015 11.7526 9.89651 9.80015 9.36327 1 9.80015 1 7.67192 9.80015 9.36327 7.67192 8.48505 9.89651 12.0238 9.36327 10.9851 12.0238 12.7067 10.9851 11.8266 9.36327 10.9851 8.48505 9.7784 10.9851 11.8266 9.7784 10.7112 1 7.67192 1 5.57468 7.67192 8.48505 5.57468 7.22974 1 5.57468 0 3.70001 5.57468 7.22974 3.70001 5.69309 8.48505 9.7784 7.22974 8.41375 9.7784 10.7112 8.41375 9.37484 7.22974 8.41375 5.69309 6.91152 8.41375 9.37484 6.91152 7.85518 12.7067 13.7104 11.8266 12.7462 13.7104 14.5129 12.7462 13.5472 11.8266 12.7462 10.7112 11.5737 12.7462 13.5472 11.5737 12.3532 14.5129 15.2872 13.5472 14.2953 15.2872 15.9761 14.2953 14.9735 13.5472 14.2953 12.3532 13.0686 14.2953 14.9735 13.0686 13.7219 10.7112 11.5737 9.37484 10.1986 11.5737 12.3532 10.1986 10.9391 9.37484 10.1986 7.85518 8.63723 10.1986 10.9391 8.63723 9.32185 12.3532 13.0686 10.9391 11.6114 13.0686 13.7219 11.6114 12.2243 10.9391 11.6114 9.32185 9.93604 11.6114 12.2243 9.93604 10.4922 17.6744 18.2798 17.5725 18.1794 18.2798 18.7758 18.1794 18.6783 17.5725 18.1794 17.263 17.8737 18.1794 18.6783 17.8737 18.3808 18.7758 19.1718 18.6783 19.0763 19.1718 19.4627 19.0763 19.3676 18.6783 19.0763 18.3808 18.7852 19.0763 19.3676 18.7852 19.0789 17.263 17.8737 16.7353 17.3505 17.8737 18.3808 17.3505 17.8692 16.7353 17.3505 15.9761 16.593 17.3505 17.8692 16.593 17.1227 18.3808 18.7852 17.8692 18.285 18.7852 19.0789 18.285 18.5855 17.8692 18.285 17.1227 17.5534 18.285 18.5855 17.5534 17.8674 19.4627 19.6553 19.3676 19.558 19.6553 19.7572 19.558 19.6553 19.3676 19.558 19.0789 19.264 19.558 19.6553 19.264 19.3489 19.7572 19.7763 19.6553 19.6691 19.7763 19.7151 19.6691 19.6042 19.6553 19.6691 19.3489 19.3475 19.6691 19.6042 19.3475 19.2712 19.0789 19.264 18.5855 18.7667 19.264 19.3489 18.7667 18.8355 18.5855 18.7667 17.8674 18.0516 18.7667 18.8355 18.0516 18.1072 19.3489 19.3475 18.8355 18.8108 19.3475 19.2712 18.8108 18.7146 18.8355 18.8108 18.1072 18.0561 18.8108 18.7146 18.0561 17.9329 15.9761 16.593 14.9735 15.5842 16.593 17.1227 15.5842 16.1186 14.9735 15.5842 13.7219 14.3136 15.5842 16.1186 14.3136 14.8393 17.1227 17.5534 16.1186 16.563 17.5534 17.8674 16.563 16.8956 16.1186 16.563 14.8393 15.2879 16.563 16.8956 15.2879 15.6375 13.7219 14.3136 12.2243 12.7805 14.3136 14.8393 12.7805 13.2792 12.2243 12.7805 10.4922 10.9956 12.7805 13.2792 10.9956 11.4481 14.8393 15.2879 13.2792 13.7141 15.2879 15.6375 13.7141 14.0689 13.2792 13.7141 11.4481 11.8489 13.7141 14.0689 11.8489 12.1914 17.8674 18.0516 16.8956 17.0934 18.0516 18.1072 17.0934 17.1472 16.8956 17.0934 15.6375 15.8584 17.0934 17.1472 15.8584 15.9281 18.1072 18.0561 17.1472 17.0758 18.0561 17.9329 17.0758 16.9241 17.1472 17.0758 15.9281 15.8545 17.0758 16.9241 15.8545 15.6843 15.6375 15.8584 14.0689 14.3145 15.8584 15.9281 14.3145 14.4184 14.0689 14.3145 12.1914 12.4558 14.3145 14.4184 12.4558 12.6064 15.9281 15.8545 14.4184 14.3705 15.8545 15.6843 14.3705 14.2052 14.4184 14.3705 12.6064 12.6107 14.3705 14.2052 12.6107 12.4753 19.7151 19.5691 19.6042 19.4579 19.5691 19.3289 19.4579 19.2209 19.6042 19.4579 19.2712 19.1227 19.4579 19.2209 19.1227 18.8941 19.3289 18.9859 19.2209 18.8833 18.9859 18.5368 18.8833 18.4402 19.2209 18.8833 18.8941 18.5724 18.8833 18.4402 18.5724 18.1474 19.2712 19.1227 18.7146 18.5597 19.1227 18.8941 18.5597 18.342 18.7146 18.5597 17.9329 17.765 18.5597 18.342 17.765 17.5565 18.8941 18.5724 18.342 18.0446 18.5724 18.1474 18.0446 17.6493 18.342 18.0446 17.5565 17.2881 18.0446 17.6493 17.2881 16.9321 18.5368 17.9853 18.4402 17.894 17.9853 17.3409 17.894 17.2533 18.4402 17.894 18.1474 17.6172 17.894 17.2533 17.6172 16.9886 17.3409 16.6162 17.2533 16.5308 16.6162 15.8257 16.5308 15.7409 17.2533 16.5308 16.9886 16.2736 16.5308 15.7409 16.2736 15.4868 18.1474 17.6172 17.6493 17.1469 17.6172 16.9886 17.1469 16.5403 17.6493 17.1469 16.9321 16.4694 17.1469 16.5403 16.4694 15.8969 16.9886 16.2736 16.5403 15.8408 16.2736 15.4868 15.8408 15.0628 16.5403 15.8408 15.8969 15.2239 15.8408 15.0628 15.2239 14.4649 17.9329 17.765 16.9241 16.737 17.765 17.5565 16.737 16.532 16.9241 16.737 15.6843 15.4774 16.737 16.532 15.4774 15.2687 17.5565 17.2881 16.532 16.2918 17.2881 16.9321 16.2918 15.9803 16.532 16.2918 15.2687 15.0492 16.2918 15.9803 15.0492 14.7803 15.6843 15.4774 14.2052 13.9873 15.4774 15.2687 13.9873 13.7688 14.2052 13.9873 12.4753 12.2567 13.9873 13.7688 12.2567 12.0232 15.2687 15.0492 13.7688 13.5578 15.0492 14.7803 13.5578 13.3224 13.7688 13.5578 12.0232 11.8086 13.5578 13.3224 11.8086 11.5979 16.9321 16.4694 15.9803 15.5673 16.4694 15.8969 15.5673 15.0412 15.9803 15.5673 14.7803 14.422 15.5673 15.0412 14.422 13.9534 15.8969 15.2239 15.0412 14.4084 15.2239 14.4649 14.4084 13.6829 15.0412 14.4084 13.9534 13.3754 14.4084 13.6829 13.3754 12.7005 14.7803 14.422 13.3224 13.0183 14.422 13.9534 13.0183 12.615 13.3224 13.0183 11.5979 11.347 13.0183 12.615 11.347 11.0159 13.9534 13.3754 12.615 12.1058 13.3754 12.7005 12.1058 11.4993 12.615 12.1058 11.0159 10.5878 12.1058 11.4993 10.5878 10.0659 15.8257 14.985 15.7409 14.899 14.985 14.1118 14.899 14.0227 15.7409 14.899 15.4868 14.6431 14.899 14.0227 14.6431 13.759 14.1118 13.2285 14.0227 13.1335 13.2285 12.3653 13.1335 12.2612 14.0227 13.1335 13.759 12.8545 13.1335 12.2612 12.8545 11.9573 15.4868 14.6431 15.0628 14.2209 14.6431 13.759 14.2209 13.3299 15.0628 14.2209 14.4649 13.6343 14.2209 13.3299 13.6343 12.7448 13.759 12.8545 13.3299 12.407 12.8545 11.9573 12.407 11.4757 13.3299 12.407 12.7448 11.8095 12.407 11.4757 11.8095 10.8453 12.3653 11.5657 12.2612 11.4494 11.5657 10.8941 11.4494 10.7634 12.2612 11.4494 11.9573 11.1097 11.4494 10.7634 11.1097 10.379 10.8941 10.4357 10.7634 10.2924 10.4357 10.2714 10.2924 10.1229 10.7634 10.2924 10.379 9.86679 10.2924 10.1229 9.86679 9.67965 11.9573 11.1097 11.4757 10.5732 11.1097 10.379 10.5732 9.76543 11.4757 10.5732 10.8453 9.87929 10.5732 9.76543 9.87929 8.96417 10.379 9.86679 9.76543 9.17251 9.86679 9.67965 9.17251 8.94751 9.76543 9.17251 8.96417 8.23422 9.17251 8.94751 8.23422 7.9337 14.4649 13.6343 13.6829 12.8787 13.6343 12.7448 12.8787 12.0065 13.6829 12.8787 12.7005 11.9419 12.8787 12.0065 11.9419 11.1085 12.7448 11.8095 12.0065 11.0747 11.8095 10.8453 11.0747 10.0915 12.0065 11.0747 11.1085 10.2039 11.0747 10.0915 10.2039 9.22676 12.7005 11.9419 11.4993 10.8071 11.9419 11.1085 10.8071 10.0363 11.4993 10.8071 10.0659 9.45946 10.8071 10.0363 9.45946 8.7736 11.1085 10.2039 10.0363 9.18594 10.2039 9.22676 9.18594 8.2477 10.0363 9.18594 8.7736 8.00454 9.18594 8.2477 8.00454 7.13441 10.8453 9.87929 10.0915 9.06978 9.87929 8.96417 9.06978 8.03237 10.0915 9.06978 9.22676 8.17353 9.06978 8.03237 8.17353 7.03307 8.96417 8.23422 8.03237 7.09058 8.23422 7.9337 7.09058 6.63913 8.03237 7.09058 7.03307 5.80142 7.09058 6.63913 5.80142 5.03516 9.22676 8.17353 8.2477 7.19475 8.17353 7.03307 7.19475 6.00865 8.2477 7.19475 7.13441 6.13422 7.19475 6.00865 6.13422 4.89747 7.03307 5.80142 6.00865 4.47839 5.80142 5.03516 4.47839 2.98861 6.00865 4.47839 4.89747 3.43166 4.47839 2.98861 3.43166 0 0 3.70001 0 4.89767 3.70001 5.69309 4.89767 8.4843 0 4.89767 0 5.60682 4.89767 8.4843 5.60682 10.1442 5.69309 6.91152 8.4843 11.0031 6.91152 7.85518 11.0031 12.9276 8.4843 11.0031 10.1442 13.5441 11.0031 12.9276 13.5441 16.1553 0 5.60682 0 5.77274 5.60682 10.1442 5.77274 10.66 0 5.77274 0 5.39856 5.77274 10.66 5.39856 10.0793 10.1442 13.5441 10.66 14.4626 13.5441 16.1553 14.4626 17.409 10.66 14.4626 10.0793 13.8077 14.4626 17.409 13.8077 16.7211 7.85518 8.63723 12.9276 14.4837 8.63723 9.32185 14.4837 15.797 12.9276 14.4837 16.1553 18.2488 14.4837 15.797 18.2488 19.9942 9.32185 9.93604 15.797 16.9394 9.93604 10.4922 16.9394 17.9496 15.797 16.9394 19.9942 21.4949 16.9394 17.9496 21.4949 22.8098 16.1553 18.2488 17.409 19.7627 18.2488 19.9942 19.7627 21.7123 17.409 19.7627 16.7211 19.0454 19.7627 21.7123 19.0454 20.9629 19.9942 21.4949 21.7123 23.3776 21.4949 22.8098 23.3776 24.8289 21.7123 23.3776 20.9629 22.5938 23.3776 24.8289 22.5938 24.0099 0 5.39856 0 4.53352 5.39856 10.0793 4.53352 8.51786 0 4.53352 0 3.26444 4.53352 8.51786 3.26444 6.15564 10.0793 13.8077 8.51786 11.7394 13.8077 16.7211 11.7394 14.2737 8.51786 11.7394 6.15564 8.51505 11.7394 14.2737 8.51505 10.38 0 3.26444 0 1.70757 3.26444 6.15564 1.70757 3.22579 0 1.70757 0 0 1.70757 3.22579 0 0 6.15564 8.51505 3.22579 4.471 8.51505 10.38 4.471 5.45805 3.22579 4.471 0 0 4.471 5.45805 0 0 16.7211 19.0454 14.2737 16.2954 19.0454 20.9629 16.2954 17.9588 14.2737 16.2954 10.38 11.8682 16.2954 17.9588 11.8682 13.0905 20.9629 22.5938 17.9588 19.3694 22.5938 24.0099 19.3694 20.5913 17.9588 19.3694 13.0905 14.1251 19.3694 20.5913 14.1251 15.0198 10.38 11.8682 5.45805 6.24584 11.8682 13.0905 6.24584 6.89232 5.45805 6.24584 0 0 6.24584 6.89232 0 0 13.0905 14.1251 6.89232 7.43891 14.1251 15.0198 7.43891 7.9111 6.89232 7.43891 0 0 7.43891 7.9111 0 0 10.4922 10.9956 17.9496 18.8472 10.9956 11.4481 18.8472 19.6398 17.9496 18.8472 22.8098 23.9694 18.8472 19.6398 23.9694 24.9863 11.4481 11.8489 19.6398 20.327 11.8489 12.1914 20.327 20.8992 19.6398 20.327 24.9863 25.8609 20.327 20.8992 25.8609 26.5824 22.8098 23.9694 24.8289 26.1031 23.9694 24.9863 26.1031 27.2162 24.8289 26.1031 24.0099 25.2497 26.1031 27.2162 25.2497 26.3299 24.9863 25.8609 27.2162 28.1693 25.8609 26.5824 28.1693 28.9518 27.2162 28.1693 26.3299 27.2522 28.1693 28.9518 27.2522 28.0075 12.1914 12.4558 20.8992 21.334 12.4558 12.6064 21.334 21.5995 20.8992 21.334 26.5824 27.1285 21.334 21.5995 27.1285 27.4715 12.6064 12.6107 21.5995 21.6719 12.6107 12.4753 21.6719 21.5612 21.5995 21.6719 27.4715 27.5941 21.6719 21.5612 27.5941 27.5077 26.5824 27.1285 28.9518 29.5434 27.1285 27.4715 29.5434 29.9211 28.9518 29.5434 28.0075 28.5785 29.5434 29.9211 28.5785 28.9466 27.4715 27.5941 29.9211 30.0722 27.5941 27.5077 30.0722 30.0079 29.9211 30.0722 28.9466 29.103 30.0722 30.0079 29.103 29.0577 24.0099 25.2497 20.5913 21.6589 25.2497 26.3299 21.6589 22.5873 20.5913 21.6589 15.0198 15.8005 21.6589 22.5873 15.8005 16.4786 26.3299 27.2522 22.5873 23.3787 27.2522 28.0075 23.3787 24.0257 22.5873 23.3787 16.4786 17.0559 23.3787 24.0257 17.0559 17.5274 15.0198 15.8005 7.9111 8.32277 15.8005 16.4786 8.32277 8.68013 7.9111 8.32277 0 0 8.32277 8.68013 0 0 16.4786 17.0559 8.68013 8.98418 17.0559 17.5274 8.98418 9.23238 8.68013 8.98418 0 0 8.98418 9.23238 0 0 28.0075 28.5785 24.0257 24.5148 28.5785 28.9466 24.5148 24.8323 24.0257 24.5148 17.5274 17.884 24.5148 24.8323 17.884 18.1164 28.9466 29.103 24.8323 24.9721 29.103 29.0577 24.9721 24.9421 24.8323 24.9721 18.1164 18.2208 24.9721 24.9421 18.2208 18.203 17.5274 17.884 9.23238 9.42008 17.884 18.1164 9.42008 9.5427 9.23238 9.42008 0 0 9.42008 9.5427 0 0 18.1164 18.2208 9.5427 9.59842 18.2208 18.203 9.59842 9.59014 9.5427 9.59842 0 0 9.59842 9.59014 0 0 12.4753 12.2567 21.5612 21.3164 12.2567 12.0232 21.3164 20.9966 21.5612 21.3164 27.5077 27.2543 21.3164 20.9966 27.2543 26.8842 12.0232 11.8086 20.9966 20.6341 11.8086 11.5979 20.6341 20.2195 20.9966 20.6341 26.8842 26.4266 20.6341 20.2195 26.4266 25.8762 27.5077 27.2543 30.0079 29.7636 27.2543 26.8842 29.7636 29.3809 30.0079 29.7636 29.0577 28.8391 29.7636 29.3809 28.8391 28.4804 26.8842 26.4266 29.3809 28.8849 26.4266 25.8762 28.8849 28.2735 29.3809 28.8849 28.4804 28.0025 28.8849 28.2735 28.0025 27.4044 11.5979 11.347 20.2195 19.7166 11.347 11.0159 19.7166 19.0881 20.2195 19.7166 25.8762 25.2038 19.7166 19.0881 25.2038 24.3756 11.0159 10.5878 19.0881 18.3131 10.5878 10.0659 18.3131 17.3862 19.0881 18.3131 24.3756 23.369 18.3131 17.3862 23.369 22.1729 25.8762 25.2038 28.2735 27.523 25.2038 24.3756 27.523 26.6045 28.2735 27.523 27.4044 26.6682 27.523 26.6045 26.6682 25.7699 24.3756 23.369 26.6045 25.4954 23.369 22.1729 25.4954 24.1814 26.6045 25.4954 25.7699 24.6892 25.4954 24.1814 24.6892 23.4107 29.0577 28.8391 24.9421 24.764 28.8391 28.4804 24.764 24.4625 24.9421 24.764 18.203 18.0772 24.764 24.4625 18.0772 17.86 28.4804 28.0025 24.4625 24.0535 28.0025 27.4044 24.0535 23.5372 24.4625 24.0535 17.86 17.5622 24.0535 23.5372 17.5622 17.1841 18.203 18.0772 9.59014 9.52506 18.0772 17.86 9.52506 9.41148 9.59014 9.52506 0 0 9.52506 9.41148 0 0 17.86 17.5622 9.41148 9.25479 17.5622 17.1841 9.25479 9.05525 9.41148 9.25479 0 0 9.25479 9.05525 0 0 27.4044 26.6682 23.5372 22.9003 26.6682 25.7699 22.9003 22.1244 23.5372 22.9003 17.1841 16.7171 22.9003 22.1244 16.7171 16.1487 25.7699 24.6892 22.1244 21.1928 24.6892 23.4107 21.1928 20.0919 22.1244 21.1928 16.1487 15.467 21.1928 20.0919 15.467 14.6618 17.1841 16.7171 9.05525 8.8086 16.7171 16.1487 8.8086 8.50852 9.05525 8.8086 0 0 8.8086 8.50852 0 0 16.1487 15.467 8.50852 8.14889 15.467 14.6618 8.14889 7.72422 8.50852 8.14889 0 0 8.14889 7.72422 0 0 10.0659 9.45946 17.3862 16.3071 9.45946 8.7736 16.3071 15.0684 17.3862 16.3071 22.1729 20.7788 16.3071 15.0684 20.7788 19.1689 8.7736 8.00454 15.0684 13.6466 8.00454 7.13441 13.6466 11.9959 15.0684 13.6466 19.1689 17.3052 13.6466 11.9959 17.3052 15.1183 22.1729 20.7788 24.1814 22.6487 20.7788 19.1689 22.6487 20.8728 24.1814 22.6487 23.4107 21.9186 22.6487 20.8728 21.9186 20.1858 19.1689 17.3052 20.8728 18.8068 17.3052 15.1183 18.8068 16.3689 20.8728 18.8068 20.1858 18.1635 18.8068 16.3689 18.1635 15.7691 7.13441 6.13422 11.9959 10.0307 6.13422 4.89747 10.0307 7.63109 11.9959 10.0307 15.1183 12.4953 10.0307 7.63109 12.4953 9.26642 4.89747 3.43166 7.63109 4.48319 3.43166 0 4.48319 0 7.63109 4.48319 9.26642 5.13643 4.48319 0 5.13643 0 15.1183 12.4953 16.3689 13.4323 12.4953 9.26642 13.4323 9.81379 16.3689 13.4323 15.7691 12.8772 13.4323 9.81379 12.8772 9.3224 9.26642 5.13643 9.81379 5.30486 5.13643 0 5.30486 0 9.81379 5.30486 9.3224 4.97581 5.30486 0 4.97581 0 23.4107 21.9186 20.0919 18.8063 21.9186 20.1858 18.8063 17.3111 20.0919 18.8063 14.6618 13.7213 18.8063 17.3111 13.7213 12.6264 20.1858 18.1635 17.3111 15.5624 18.1635 15.7691 15.5624 13.4871 17.3111 15.5624 12.6264 11.3439 15.5624 13.4871 11.3439 9.81978 14.6618 13.7213 7.72422 7.22805 13.7213 12.6264 7.22805 6.65011 7.72422 7.22805 0 0 7.22805 6.65011 0 0 12.6264 11.3439 6.65011 5.97263 11.3439 9.81978 5.97263 5.1668 6.65011 5.97263 0 0 5.97263 5.1668 0 0 15.7691 12.8772 13.4871 10.9772 12.8772 9.3224 10.9772 7.90153 13.4871 10.9772 9.81978 7.97516 10.9772 7.90153 7.97516 5.72081 9.3224 4.97581 7.90153 4.18832 4.97581 0 4.18832 0 7.90153 4.18832 5.72081 3.02086 4.18832 0 3.02086 0 9.81978 7.97516 5.1668 4.19125 7.97516 5.72081 4.19125 3.00102 5.1668 4.19125 0 0 4.19125 3.00102 0 0 5.72081 3.02086 3.00102 1.5817 3.02086 0 1.5817 0 3.00102 1.5817 0 0 1.5817 0 0 0 
