# vtk DataFile Version 3.0
#This file was generated by the deal.II library on 2025/2/16 at 15:30:38
ASCII
DATASET UNSTRUCTURED_GRID

POINTS 4096 double
-5 -2 0
-4.6875 -2 0
-5 -1.875 0
-4.6875 -1.875 0
-4.6875 -2 0
-4.375 -2 0
-4.6875 -1.875 0
-4.375 -1.875 0
-5 -1.875 0
-4.6875 -1.875 0
-5 -1.75 0
-4.6875 -1.75 0
-4.6875 -1.875 0
-4.375 -1.875 0
-4.6875 -1.75 0
-4.375 -1.75 0
-4.375 -2 0
-4.0625 -2 0
-4.375 -1.875 0
-4.0625 -1.875 0
-4.0625 -2 0
-3.75 -2 0
-4.0625 -1.875 0
-3.75 -1.875 0
-4.375 -1.875 0
-4.0625 -1.875 0
-4.375 -1.75 0
-4.0625 -1.75 0
-4.0625 -1.875 0
-3.75 -1.875 0
-4.0625 -1.75 0
-3.75 -1.75 0
-5 -1.75 0
-4.6875 -1.75 0
-5 -1.625 0
-4.6875 -1.625 0
-4.6875 -1.75 0
-4.375 -1.75 0
-4.6875 -1.625 0
-4.375 -1.625 0
-5 -1.625 0
-4.6875 -1.625 0
-5 -1.5 0
-4.6875 -1.5 0
-4.6875 -1.625 0
-4.375 -1.625 0
-4.6875 -1.5 0
-4.375 -1.5 0
-4.375 -1.75 0
-4.0625 -1.75 0
-4.375 -1.625 0
-4.0625 -1.625 0
-4.0625 -1.75 0
-3.75 -1.75 0
-4.0625 -1.625 0
-3.75 -1.625 0
-4.375 -1.625 0
-4.0625 -1.625 0
-4.375 -1.5 0
-4.0625 -1.5 0
-4.0625 -1.625 0
-3.75 -1.625 0
-4.0625 -1.5 0
-3.75 -1.5 0
-3.75 -2 0
-3.4375 -2 0
-3.75 -1.875 0
-3.4375 -1.875 0
-3.4375 -2 0
-3.125 -2 0
-3.4375 -1.875 0
-3.125 -1.875 0
-3.75 -1.875 0
-3.4375 -1.875 0
-3.75 -1.75 0
-3.4375 -1.75 0
-3.4375 -1.875 0
-3.125 -1.875 0
-3.4375 -1.75 0
-3.125 -1.75 0
-3.125 -2 0
-2.8125 -2 0
-3.125 -1.875 0
-2.8125 -1.875 0
-2.8125 -2 0
-2.5 -2 0
-2.8125 -1.875 0
-2.5 -1.875 0
-3.125 -1.875 0
-2.8125 -1.875 0
-3.125 -1.75 0
-2.8125 -1.75 0
-2.8125 -1.875 0
-2.5 -1.875 0
-2.8125 -1.75 0
-2.5 -1.75 0
-3.75 -1.75 0
-3.4375 -1.75 0
-3.75 -1.625 0
-3.4375 -1.625 0
-3.4375 -1.75 0
-3.125 -1.75 0
-3.4375 -1.625 0
-3.125 -1.625 0
-3.75 -1.625 0
-3.4375 -1.625 0
-3.75 -1.5 0
-3.4375 -1.5 0
-3.4375 -1.625 0
-3.125 -1.625 0
-3.4375 -1.5 0
-3.125 -1.5 0
-3.125 -1.75 0
-2.8125 -1.75 0
-3.125 -1.625 0
-2.8125 -1.625 0
-2.8125 -1.75 0
-2.5 -1.75 0
-2.8125 -1.625 0
-2.5 -1.625 0
-3.125 -1.625 0
-2.8125 -1.625 0
-3.125 -1.5 0
-2.8125 -1.5 0
-2.8125 -1.625 0
-2.5 -1.625 0
-2.8125 -1.5 0
-2.5 -1.5 0
-5 -1.5 0
-4.6875 -1.5 0
-5 -1.375 0
-4.6875 -1.375 0
-4.6875 -1.5 0
-4.375 -1.5 0
-4.6875 -1.375 0
-4.375 -1.375 0
-5 -1.375 0
-4.6875 -1.375 0
-5 -1.25 0
-4.6875 -1.25 0
-4.6875 -1.375 0
-4.375 -1.375 0
-4.6875 -1.25 0
-4.375 -1.25 0
-4.375 -1.5 0
-4.0625 -1.5 0
-4.375 -1.375 0
-4.0625 -1.375 0
-4.0625 -1.5 0
-3.75 -1.5 0
-4.0625 -1.375 0
-3.75 -1.375 0
-4.375 -1.375 0
-4.0625 -1.375 0
-4.375 -1.25 0
-4.0625 -1.25 0
-4.0625 -1.375 0
-3.75 -1.375 0
-4.0625 -1.25 0
-3.75 -1.25 0
-5 -1.25 0
-4.6875 -1.25 0
-5 -1.125 0
-4.6875 -1.125 0
-4.6875 -1.25 0
-4.375 -1.25 0
-4.6875 -1.125 0
-4.375 -1.125 0
-5 -1.125 0
-4.6875 -1.125 0
-5 -1 0
-4.6875 -1 0
-4.6875 -1.125 0
-4.375 -1.125 0
-4.6875 -1 0
-4.375 -1 0
-4.375 -1.25 0
-4.0625 -1.25 0
-4.375 -1.125 0
-4.0625 -1.125 0
-4.0625 -1.25 0
-3.75 -1.25 0
-4.0625 -1.125 0
-3.75 -1.125 0
-4.375 -1.125 0
-4.0625 -1.125 0
-4.375 -1 0
-4.0625 -1 0
-4.0625 -1.125 0
-3.75 -1.125 0
-4.0625 -1 0
-3.75 -1 0
-3.75 -1.5 0
-3.4375 -1.5 0
-3.75 -1.375 0
-3.4375 -1.375 0
-3.4375 -1.5 0
-3.125 -1.5 0
-3.4375 -1.375 0
-3.125 -1.375 0
-3.75 -1.375 0
-3.4375 -1.375 0
-3.75 -1.25 0
-3.4375 -1.25 0
-3.4375 -1.375 0
-3.125 -1.375 0
-3.4375 -1.25 0
-3.125 -1.25 0
-3.125 -1.5 0
-2.8125 -1.5 0
-3.125 -1.375 0
-2.8125 -1.375 0
-2.8125 -1.5 0
-2.5 -1.5 0
-2.8125 -1.375 0
-2.5 -1.375 0
-3.125 -1.375 0
-2.8125 -1.375 0
-3.125 -1.25 0
-2.8125 -1.25 0
-2.8125 -1.375 0
-2.5 -1.375 0
-2.8125 -1.25 0
-2.5 -1.25 0
-3.75 -1.25 0
-3.4375 -1.25 0
-3.75 -1.125 0
-3.4375 -1.125 0
-3.4375 -1.25 0
-3.125 -1.25 0
-3.4375 -1.125 0
-3.125 -1.125 0
-3.75 -1.125 0
-3.4375 -1.125 0
-3.75 -1 0
-3.4375 -1 0
-3.4375 -1.125 0
-3.125 -1.125 0
-3.4375 -1 0
-3.125 -1 0
-3.125 -1.25 0
-2.8125 -1.25 0
-3.125 -1.125 0
-2.8125 -1.125 0
-2.8125 -1.25 0
-2.5 -1.25 0
-2.8125 -1.125 0
-2.5 -1.125 0
-3.125 -1.125 0
-2.8125 -1.125 0
-3.125 -1 0
-2.8125 -1 0
-2.8125 -1.125 0
-2.5 -1.125 0
-2.8125 -1 0
-2.5 -1 0
-2.5 -2 0
-2.1875 -2 0
-2.5 -1.875 0
-2.1875 -1.875 0
-2.1875 -2 0
-1.875 -2 0
-2.1875 -1.875 0
-1.875 -1.875 0
-2.5 -1.875 0
-2.1875 -1.875 0
-2.5 -1.75 0
-2.1875 -1.75 0
-2.1875 -1.875 0
-1.875 -1.875 0
-2.1875 -1.75 0
-1.875 -1.75 0
-1.875 -2 0
-1.5625 -2 0
-1.875 -1.875 0
-1.5625 -1.875 0
-1.5625 -2 0
-1.25 -2 0
-1.5625 -1.875 0
-1.25 -1.875 0
-1.875 -1.875 0
-1.5625 -1.875 0
-1.875 -1.75 0
-1.5625 -1.75 0
-1.5625 -1.875 0
-1.25 -1.875 0
-1.5625 -1.75 0
-1.25 -1.75 0
-2.5 -1.75 0
-2.1875 -1.75 0
-2.5 -1.625 0
-2.1875 -1.625 0
-2.1875 -1.75 0
-1.875 -1.75 0
-2.1875 -1.625 0
-1.875 -1.625 0
-2.5 -1.625 0
-2.1875 -1.625 0
-2.5 -1.5 0
-2.1875 -1.5 0
-2.1875 -1.625 0
-1.875 -1.625 0
-2.1875 -1.5 0
-1.875 -1.5 0
-1.875 -1.75 0
-1.5625 -1.75 0
-1.875 -1.625 0
-1.5625 -1.625 0
-1.5625 -1.75 0
-1.25 -1.75 0
-1.5625 -1.625 0
-1.25 -1.625 0
-1.875 -1.625 0
-1.5625 -1.625 0
-1.875 -1.5 0
-1.5625 -1.5 0
-1.5625 -1.625 0
-1.25 -1.625 0
-1.5625 -1.5 0
-1.25 -1.5 0
-1.25 -2 0
-0.9375 -2 0
-1.25 -1.875 0
-0.9375 -1.875 0
-0.9375 -2 0
-0.625 -2 0
-0.9375 -1.875 0
-0.625 -1.875 0
-1.25 -1.875 0
-0.9375 -1.875 0
-1.25 -1.75 0
-0.9375 -1.75 0
-0.9375 -1.875 0
-0.625 -1.875 0
-0.9375 -1.75 0
-0.625 -1.75 0
-0.625 -2 0
-0.3125 -2 0
-0.625 -1.875 0
-0.3125 -1.875 0
-0.3125 -2 0
0 -2 0
-0.3125 -1.875 0
0 -1.875 0
-0.625 -1.875 0
-0.3125 -1.875 0
-0.625 -1.75 0
-0.3125 -1.75 0
-0.3125 -1.875 0
0 -1.875 0
-0.3125 -1.75 0
0 -1.75 0
-1.25 -1.75 0
-0.9375 -1.75 0
-1.25 -1.625 0
-0.9375 -1.625 0
-0.9375 -1.75 0
-0.625 -1.75 0
-0.9375 -1.625 0
-0.625 -1.625 0
-1.25 -1.625 0
-0.9375 -1.625 0
-1.25 -1.5 0
-0.9375 -1.5 0
-0.9375 -1.625 0
-0.625 -1.625 0
-0.9375 -1.5 0
-0.625 -1.5 0
-0.625 -1.75 0
-0.3125 -1.75 0
-0.625 -1.625 0
-0.3125 -1.625 0
-0.3125 -1.75 0
0 -1.75 0
-0.3125 -1.625 0
0 -1.625 0
-0.625 -1.625 0
-0.3125 -1.625 0
-0.625 -1.5 0
-0.3125 -1.5 0
-0.3125 -1.625 0
0 -1.625 0
-0.3125 -1.5 0
0 -1.5 0
-2.5 -1.5 0
-2.1875 -1.5 0
-2.5 -1.375 0
-2.1875 -1.375 0
-2.1875 -1.5 0
-1.875 -1.5 0
-2.1875 -1.375 0
-1.875 -1.375 0
-2.5 -1.375 0
-2.1875 -1.375 0
-2.5 -1.25 0
-2.1875 -1.25 0
-2.1875 -1.375 0
-1.875 -1.375 0
-2.1875 -1.25 0
-1.875 -1.25 0
-1.875 -1.5 0
-1.5625 -1.5 0
-1.875 -1.375 0
-1.5625 -1.375 0
-1.5625 -1.5 0
-1.25 -1.5 0
-1.5625 -1.375 0
-1.25 -1.375 0
-1.875 -1.375 0
-1.5625 -1.375 0
-1.875 -1.25 0
-1.5625 -1.25 0
-1.5625 -1.375 0
-1.25 -1.375 0
-1.5625 -1.25 0
-1.25 -1.25 0
-2.5 -1.25 0
-2.1875 -1.25 0
-2.5 -1.125 0
-2.1875 -1.125 0
-2.1875 -1.25 0
-1.875 -1.25 0
-2.1875 -1.125 0
-1.875 -1.125 0
-2.5 -1.125 0
-2.1875 -1.125 0
-2.5 -1 0
-2.1875 -1 0
-2.1875 -1.125 0
-1.875 -1.125 0
-2.1875 -1 0
-1.875 -1 0
-1.875 -1.25 0
-1.5625 -1.25 0
-1.875 -1.125 0
-1.5625 -1.125 0
-1.5625 -1.25 0
-1.25 -1.25 0
-1.5625 -1.125 0
-1.25 -1.125 0
-1.875 -1.125 0
-1.5625 -1.125 0
-1.875 -1 0
-1.5625 -1 0
-1.5625 -1.125 0
-1.25 -1.125 0
-1.5625 -1 0
-1.25 -1 0
-1.25 -1.5 0
-0.9375 -1.5 0
-1.25 -1.375 0
-0.9375 -1.375 0
-0.9375 -1.5 0
-0.625 -1.5 0
-0.9375 -1.375 0
-0.625 -1.375 0
-1.25 -1.375 0
-0.9375 -1.375 0
-1.25 -1.25 0
-0.9375 -1.25 0
-0.9375 -1.375 0
-0.625 -1.375 0
-0.9375 -1.25 0
-0.625 -1.25 0
-0.625 -1.5 0
-0.3125 -1.5 0
-0.625 -1.375 0
-0.3125 -1.375 0
-0.3125 -1.5 0
0 -1.5 0
-0.3125 -1.375 0
0 -1.375 0
-0.625 -1.375 0
-0.3125 -1.375 0
-0.625 -1.25 0
-0.3125 -1.25 0
-0.3125 -1.375 0
0 -1.375 0
-0.3125 -1.25 0
0 -1.25 0
-1.25 -1.25 0
-0.9375 -1.25 0
-1.25 -1.125 0
-0.9375 -1.125 0
-0.9375 -1.25 0
-0.625 -1.25 0
-0.9375 -1.125 0
-0.625 -1.125 0
-1.25 -1.125 0
-0.9375 -1.125 0
-1.25 -1 0
-0.9375 -1 0
-0.9375 -1.125 0
-0.625 -1.125 0
-0.9375 -1 0
-0.625 -1 0
-0.625 -1.25 0
-0.3125 -1.25 0
-0.625 -1.125 0
-0.3125 -1.125 0
-0.3125 -1.25 0
0 -1.25 0
-0.3125 -1.125 0
0 -1.125 0
-0.625 -1.125 0
-0.3125 -1.125 0
-0.625 -1 0
-0.3125 -1 0
-0.3125 -1.125 0
0 -1.125 0
-0.3125 -1 0
0 -1 0
0 -2 0
0.3125 -2 0
0 -1.875 0
0.3125 -1.875 0
0.3125 -2 0
0.625 -2 0
0.3125 -1.875 0
0.625 -1.875 0
0 -1.875 0
0.3125 -1.875 0
0 -1.75 0
0.3125 -1.75 0
0.3125 -1.875 0
0.625 -1.875 0
0.3125 -1.75 0
0.625 -1.75 0
0.625 -2 0
0.9375 -2 0
0.625 -1.875 0
0.9375 -1.875 0
0.9375 -2 0
1.25 -2 0
0.9375 -1.875 0
1.25 -1.875 0
0.625 -1.875 0
0.9375 -1.875 0
0.625 -1.75 0
0.9375 -1.75 0
0.9375 -1.875 0
1.25 -1.875 0
0.9375 -1.75 0
1.25 -1.75 0
0 -1.75 0
0.3125 -1.75 0
0 -1.625 0
0.3125 -1.625 0
0.3125 -1.75 0
0.625 -1.75 0
0.3125 -1.625 0
0.625 -1.625 0
0 -1.625 0
0.3125 -1.625 0
0 -1.5 0
0.3125 -1.5 0
0.3125 -1.625 0
0.625 -1.625 0
0.3125 -1.5 0
0.625 -1.5 0
0.625 -1.75 0
0.9375 -1.75 0
0.625 -1.625 0
0.9375 -1.625 0
0.9375 -1.75 0
1.25 -1.75 0
0.9375 -1.625 0
1.25 -1.625 0
0.625 -1.625 0
0.9375 -1.625 0
0.625 -1.5 0
0.9375 -1.5 0
0.9375 -1.625 0
1.25 -1.625 0
0.9375 -1.5 0
1.25 -1.5 0
1.25 -2 0
1.5625 -2 0
1.25 -1.875 0
1.5625 -1.875 0
1.5625 -2 0
1.875 -2 0
1.5625 -1.875 0
1.875 -1.875 0
1.25 -1.875 0
1.5625 -1.875 0
1.25 -1.75 0
1.5625 -1.75 0
1.5625 -1.875 0
1.875 -1.875 0
1.5625 -1.75 0
1.875 -1.75 0
1.875 -2 0
2.1875 -2 0
1.875 -1.875 0
2.1875 -1.875 0
2.1875 -2 0
2.5 -2 0
2.1875 -1.875 0
2.5 -1.875 0
1.875 -1.875 0
2.1875 -1.875 0
1.875 -1.75 0
2.1875 -1.75 0
2.1875 -1.875 0
2.5 -1.875 0
2.1875 -1.75 0
2.5 -1.75 0
1.25 -1.75 0
1.5625 -1.75 0
1.25 -1.625 0
1.5625 -1.625 0
1.5625 -1.75 0
1.875 -1.75 0
1.5625 -1.625 0
1.875 -1.625 0
1.25 -1.625 0
1.5625 -1.625 0
1.25 -1.5 0
1.5625 -1.5 0
1.5625 -1.625 0
1.875 -1.625 0
1.5625 -1.5 0
1.875 -1.5 0
1.875 -1.75 0
2.1875 -1.75 0
1.875 -1.625 0
2.1875 -1.625 0
2.1875 -1.75 0
2.5 -1.75 0
2.1875 -1.625 0
2.5 -1.625 0
1.875 -1.625 0
2.1875 -1.625 0
1.875 -1.5 0
2.1875 -1.5 0
2.1875 -1.625 0
2.5 -1.625 0
2.1875 -1.5 0
2.5 -1.5 0
0 -1.5 0
0.3125 -1.5 0
0 -1.375 0
0.3125 -1.375 0
0.3125 -1.5 0
0.625 -1.5 0
0.3125 -1.375 0
0.625 -1.375 0
0 -1.375 0
0.3125 -1.375 0
0 -1.25 0
0.3125 -1.25 0
0.3125 -1.375 0
0.625 -1.375 0
0.3125 -1.25 0
0.625 -1.25 0
0.625 -1.5 0
0.9375 -1.5 0
0.625 -1.375 0
0.9375 -1.375 0
0.9375 -1.5 0
1.25 -1.5 0
0.9375 -1.375 0
1.25 -1.375 0
0.625 -1.375 0
0.9375 -1.375 0
0.625 -1.25 0
0.9375 -1.25 0
0.9375 -1.375 0
1.25 -1.375 0
0.9375 -1.25 0
1.25 -1.25 0
0 -1.25 0
0.3125 -1.25 0
0 -1.125 0
0.3125 -1.125 0
0.3125 -1.25 0
0.625 -1.25 0
0.3125 -1.125 0
0.625 -1.125 0
0 -1.125 0
0.3125 -1.125 0
0 -1 0
0.3125 -1 0
0.3125 -1.125 0
0.625 -1.125 0
0.3125 -1 0
0.625 -1 0
0.625 -1.25 0
0.9375 -1.25 0
0.625 -1.125 0
0.9375 -1.125 0
0.9375 -1.25 0
1.25 -1.25 0
0.9375 -1.125 0
1.25 -1.125 0
0.625 -1.125 0
0.9375 -1.125 0
0.625 -1 0
0.9375 -1 0
0.9375 -1.125 0
1.25 -1.125 0
0.9375 -1 0
1.25 -1 0
1.25 -1.5 0
1.5625 -1.5 0
1.25 -1.375 0
1.5625 -1.375 0
1.5625 -1.5 0
1.875 -1.5 0
1.5625 -1.375 0
1.875 -1.375 0
1.25 -1.375 0
1.5625 -1.375 0
1.25 -1.25 0
1.5625 -1.25 0
1.5625 -1.375 0
1.875 -1.375 0
1.5625 -1.25 0
1.875 -1.25 0
1.875 -1.5 0
2.1875 -1.5 0
1.875 -1.375 0
2.1875 -1.375 0
2.1875 -1.5 0
2.5 -1.5 0
2.1875 -1.375 0
2.5 -1.375 0
1.875 -1.375 0
2.1875 -1.375 0
1.875 -1.25 0
2.1875 -1.25 0
2.1875 -1.375 0
2.5 -1.375 0
2.1875 -1.25 0
2.5 -1.25 0
1.25 -1.25 0
1.5625 -1.25 0
1.25 -1.125 0
1.5625 -1.125 0
1.5625 -1.25 0
1.875 -1.25 0
1.5625 -1.125 0
1.875 -1.125 0
1.25 -1.125 0
1.5625 -1.125 0
1.25 -1 0
1.5625 -1 0
1.5625 -1.125 0
1.875 -1.125 0
1.5625 -1 0
1.875 -1 0
1.875 -1.25 0
2.1875 -1.25 0
1.875 -1.125 0
2.1875 -1.125 0
2.1875 -1.25 0
2.5 -1.25 0
2.1875 -1.125 0
2.5 -1.125 0
1.875 -1.125 0
2.1875 -1.125 0
1.875 -1 0
2.1875 -1 0
2.1875 -1.125 0
2.5 -1.125 0
2.1875 -1 0
2.5 -1 0
2.5 -2 0
2.8125 -2 0
2.5 -1.875 0
2.8125 -1.875 0
2.8125 -2 0
3.125 -2 0
2.8125 -1.875 0
3.125 -1.875 0
2.5 -1.875 0
2.8125 -1.875 0
2.5 -1.75 0
2.8125 -1.75 0
2.8125 -1.875 0
3.125 -1.875 0
2.8125 -1.75 0
3.125 -1.75 0
3.125 -2 0
3.4375 -2 0
3.125 -1.875 0
3.4375 -1.875 0
3.4375 -2 0
3.75 -2 0
3.4375 -1.875 0
3.75 -1.875 0
3.125 -1.875 0
3.4375 -1.875 0
3.125 -1.75 0
3.4375 -1.75 0
3.4375 -1.875 0
3.75 -1.875 0
3.4375 -1.75 0
3.75 -1.75 0
2.5 -1.75 0
2.8125 -1.75 0
2.5 -1.625 0
2.8125 -1.625 0
2.8125 -1.75 0
3.125 -1.75 0
2.8125 -1.625 0
3.125 -1.625 0
2.5 -1.625 0
2.8125 -1.625 0
2.5 -1.5 0
2.8125 -1.5 0
2.8125 -1.625 0
3.125 -1.625 0
2.8125 -1.5 0
3.125 -1.5 0
3.125 -1.75 0
3.4375 -1.75 0
3.125 -1.625 0
3.4375 -1.625 0
3.4375 -1.75 0
3.75 -1.75 0
3.4375 -1.625 0
3.75 -1.625 0
3.125 -1.625 0
3.4375 -1.625 0
3.125 -1.5 0
3.4375 -1.5 0
3.4375 -1.625 0
3.75 -1.625 0
3.4375 -1.5 0
3.75 -1.5 0
3.75 -2 0
4.0625 -2 0
3.75 -1.875 0
4.0625 -1.875 0
4.0625 -2 0
4.375 -2 0
4.0625 -1.875 0
4.375 -1.875 0
3.75 -1.875 0
4.0625 -1.875 0
3.75 -1.75 0
4.0625 -1.75 0
4.0625 -1.875 0
4.375 -1.875 0
4.0625 -1.75 0
4.375 -1.75 0
4.375 -2 0
4.6875 -2 0
4.375 -1.875 0
4.6875 -1.875 0
4.6875 -2 0
5 -2 0
4.6875 -1.875 0
5 -1.875 0
4.375 -1.875 0
4.6875 -1.875 0
4.375 -1.75 0
4.6875 -1.75 0
4.6875 -1.875 0
5 -1.875 0
4.6875 -1.75 0
5 -1.75 0
3.75 -1.75 0
4.0625 -1.75 0
3.75 -1.625 0
4.0625 -1.625 0
4.0625 -1.75 0
4.375 -1.75 0
4.0625 -1.625 0
4.375 -1.625 0
3.75 -1.625 0
4.0625 -1.625 0
3.75 -1.5 0
4.0625 -1.5 0
4.0625 -1.625 0
4.375 -1.625 0
4.0625 -1.5 0
4.375 -1.5 0
4.375 -1.75 0
4.6875 -1.75 0
4.375 -1.625 0
4.6875 -1.625 0
4.6875 -1.75 0
5 -1.75 0
4.6875 -1.625 0
5 -1.625 0
4.375 -1.625 0
4.6875 -1.625 0
4.375 -1.5 0
4.6875 -1.5 0
4.6875 -1.625 0
5 -1.625 0
4.6875 -1.5 0
5 -1.5 0
2.5 -1.5 0
2.8125 -1.5 0
2.5 -1.375 0
2.8125 -1.375 0
2.8125 -1.5 0
3.125 -1.5 0
2.8125 -1.375 0
3.125 -1.375 0
2.5 -1.375 0
2.8125 -1.375 0
2.5 -1.25 0
2.8125 -1.25 0
2.8125 -1.375 0
3.125 -1.375 0
2.8125 -1.25 0
3.125 -1.25 0
3.125 -1.5 0
3.4375 -1.5 0
3.125 -1.375 0
3.4375 -1.375 0
3.4375 -1.5 0
3.75 -1.5 0
3.4375 -1.375 0
3.75 -1.375 0
3.125 -1.375 0
3.4375 -1.375 0
3.125 -1.25 0
3.4375 -1.25 0
3.4375 -1.375 0
3.75 -1.375 0
3.4375 -1.25 0
3.75 -1.25 0
2.5 -1.25 0
2.8125 -1.25 0
2.5 -1.125 0
2.8125 -1.125 0
2.8125 -1.25 0
3.125 -1.25 0
2.8125 -1.125 0
3.125 -1.125 0
2.5 -1.125 0
2.8125 -1.125 0
2.5 -1 0
2.8125 -1 0
2.8125 -1.125 0
3.125 -1.125 0
2.8125 -1 0
3.125 -1 0
3.125 -1.25 0
3.4375 -1.25 0
3.125 -1.125 0
3.4375 -1.125 0
3.4375 -1.25 0
3.75 -1.25 0
3.4375 -1.125 0
3.75 -1.125 0
3.125 -1.125 0
3.4375 -1.125 0
3.125 -1 0
3.4375 -1 0
3.4375 -1.125 0
3.75 -1.125 0
3.4375 -1 0
3.75 -1 0
3.75 -1.5 0
4.0625 -1.5 0
3.75 -1.375 0
4.0625 -1.375 0
4.0625 -1.5 0
4.375 -1.5 0
4.0625 -1.375 0
4.375 -1.375 0
3.75 -1.375 0
4.0625 -1.375 0
3.75 -1.25 0
4.0625 -1.25 0
4.0625 -1.375 0
4.375 -1.375 0
4.0625 -1.25 0
4.375 -1.25 0
4.375 -1.5 0
4.6875 -1.5 0
4.375 -1.375 0
4.6875 -1.375 0
4.6875 -1.5 0
5 -1.5 0
4.6875 -1.375 0
5 -1.375 0
4.375 -1.375 0
4.6875 -1.375 0
4.375 -1.25 0
4.6875 -1.25 0
4.6875 -1.375 0
5 -1.375 0
4.6875 -1.25 0
5 -1.25 0
3.75 -1.25 0
4.0625 -1.25 0
3.75 -1.125 0
4.0625 -1.125 0
4.0625 -1.25 0
4.375 -1.25 0
4.0625 -1.125 0
4.375 -1.125 0
3.75 -1.125 0
4.0625 -1.125 0
3.75 -1 0
4.0625 -1 0
4.0625 -1.125 0
4.375 -1.125 0
4.0625 -1 0
4.375 -1 0
4.375 -1.25 0
4.6875 -1.25 0
4.375 -1.125 0
4.6875 -1.125 0
4.6875 -1.25 0
5 -1.25 0
4.6875 -1.125 0
5 -1.125 0
4.375 -1.125 0
4.6875 -1.125 0
4.375 -1 0
4.6875 -1 0
4.6875 -1.125 0
5 -1.125 0
4.6875 -1 0
5 -1 0
-5 -1 0
-4.6875 -1 0
-5 -0.875 0
-4.6875 -0.875 0
-4.6875 -1 0
-4.375 -1 0
-4.6875 -0.875 0
-4.375 -0.875 0
-5 -0.875 0
-4.6875 -0.875 0
-5 -0.75 0
-4.6875 -0.75 0
-4.6875 -0.875 0
-4.375 -0.875 0
-4.6875 -0.75 0
-4.375 -0.75 0
-4.375 -1 0
-4.0625 -1 0
-4.375 -0.875 0
-4.0625 -0.875 0
-4.0625 -1 0
-3.75 -1 0
-4.0625 -0.875 0
-3.75 -0.875 0
-4.375 -0.875 0
-4.0625 -0.875 0
-4.375 -0.75 0
-4.0625 -0.75 0
-4.0625 -0.875 0
-3.75 -0.875 0
-4.0625 -0.75 0
-3.75 -0.75 0
-5 -0.75 0
-4.6875 -0.75 0
-5 -0.625 0
-4.6875 -0.625 0
-4.6875 -0.75 0
-4.375 -0.75 0
-4.6875 -0.625 0
-4.375 -0.625 0
-5 -0.625 0
-4.6875 -0.625 0
-5 -0.5 0
-4.6875 -0.5 0
-4.6875 -0.625 0
-4.375 -0.625 0
-4.6875 -0.5 0
-4.375 -0.5 0
-4.375 -0.75 0
-4.0625 -0.75 0
-4.375 -0.625 0
-4.0625 -0.625 0
-4.0625 -0.75 0
-3.75 -0.75 0
-4.0625 -0.625 0
-3.75 -0.625 0
-4.375 -0.625 0
-4.0625 -0.625 0
-4.375 -0.5 0
-4.0625 -0.5 0
-4.0625 -0.625 0
-3.75 -0.625 0
-4.0625 -0.5 0
-3.75 -0.5 0
-3.75 -1 0
-3.4375 -1 0
-3.75 -0.875 0
-3.4375 -0.875 0
-3.4375 -1 0
-3.125 -1 0
-3.4375 -0.875 0
-3.125 -0.875 0
-3.75 -0.875 0
-3.4375 -0.875 0
-3.75 -0.75 0
-3.4375 -0.75 0
-3.4375 -0.875 0
-3.125 -0.875 0
-3.4375 -0.75 0
-3.125 -0.75 0
-3.125 -1 0
-2.8125 -1 0
-3.125 -0.875 0
-2.8125 -0.875 0
-2.8125 -1 0
-2.5 -1 0
-2.8125 -0.875 0
-2.5 -0.875 0
-3.125 -0.875 0
-2.8125 -0.875 0
-3.125 -0.75 0
-2.8125 -0.75 0
-2.8125 -0.875 0
-2.5 -0.875 0
-2.8125 -0.75 0
-2.5 -0.75 0
-3.75 -0.75 0
-3.4375 -0.75 0
-3.75 -0.625 0
-3.4375 -0.625 0
-3.4375 -0.75 0
-3.125 -0.75 0
-3.4375 -0.625 0
-3.125 -0.625 0
-3.75 -0.625 0
-3.4375 -0.625 0
-3.75 -0.5 0
-3.4375 -0.5 0
-3.4375 -0.625 0
-3.125 -0.625 0
-3.4375 -0.5 0
-3.125 -0.5 0
-3.125 -0.75 0
-2.8125 -0.75 0
-3.125 -0.625 0
-2.8125 -0.625 0
-2.8125 -0.75 0
-2.5 -0.75 0
-2.8125 -0.625 0
-2.5 -0.625 0
-3.125 -0.625 0
-2.8125 -0.625 0
-3.125 -0.5 0
-2.8125 -0.5 0
-2.8125 -0.625 0
-2.5 -0.625 0
-2.8125 -0.5 0
-2.5 -0.5 0
-5 -0.5 0
-4.6875 -0.5 0
-5 -0.375 0
-4.6875 -0.375 0
-4.6875 -0.5 0
-4.375 -0.5 0
-4.6875 -0.375 0
-4.375 -0.375 0
-5 -0.375 0
-4.6875 -0.375 0
-5 -0.25 0
-4.6875 -0.25 0
-4.6875 -0.375 0
-4.375 -0.375 0
-4.6875 -0.25 0
-4.375 -0.25 0
-4.375 -0.5 0
-4.0625 -0.5 0
-4.375 -0.375 0
-4.0625 -0.375 0
-4.0625 -0.5 0
-3.75 -0.5 0
-4.0625 -0.375 0
-3.75 -0.375 0
-4.375 -0.375 0
-4.0625 -0.375 0
-4.375 -0.25 0
-4.0625 -0.25 0
-4.0625 -0.375 0
-3.75 -0.375 0
-4.0625 -0.25 0
-3.75 -0.25 0
-5 -0.25 0
-4.6875 -0.25 0
-5 -0.125 0
-4.6875 -0.125 0
-4.6875 -0.25 0
-4.375 -0.25 0
-4.6875 -0.125 0
-4.375 -0.125 0
-5 -0.125 0
-4.6875 -0.125 0
-5 0 0
-4.6875 0 0
-4.6875 -0.125 0
-4.375 -0.125 0
-4.6875 0 0
-4.375 0 0
-4.375 -0.25 0
-4.0625 -0.25 0
-4.375 -0.125 0
-4.0625 -0.125 0
-4.0625 -0.25 0
-3.75 -0.25 0
-4.0625 -0.125 0
-3.75 -0.125 0
-4.375 -0.125 0
-4.0625 -0.125 0
-4.375 0 0
-4.0625 0 0
-4.0625 -0.125 0
-3.75 -0.125 0
-4.0625 0 0
-3.75 0 0
-3.75 -0.5 0
-3.4375 -0.5 0
-3.75 -0.375 0
-3.4375 -0.375 0
-3.4375 -0.5 0
-3.125 -0.5 0
-3.4375 -0.375 0
-3.125 -0.375 0
-3.75 -0.375 0
-3.4375 -0.375 0
-3.75 -0.25 0
-3.4375 -0.25 0
-3.4375 -0.375 0
-3.125 -0.375 0
-3.4375 -0.25 0
-3.125 -0.25 0
-3.125 -0.5 0
-2.8125 -0.5 0
-3.125 -0.375 0
-2.8125 -0.375 0
-2.8125 -0.5 0
-2.5 -0.5 0
-2.8125 -0.375 0
-2.5 -0.375 0
-3.125 -0.375 0
-2.8125 -0.375 0
-3.125 -0.25 0
-2.8125 -0.25 0
-2.8125 -0.375 0
-2.5 -0.375 0
-2.8125 -0.25 0
-2.5 -0.25 0
-3.75 -0.25 0
-3.4375 -0.25 0
-3.75 -0.125 0
-3.4375 -0.125 0
-3.4375 -0.25 0
-3.125 -0.25 0
-3.4375 -0.125 0
-3.125 -0.125 0
-3.75 -0.125 0
-3.4375 -0.125 0
-3.75 0 0
-3.4375 0 0
-3.4375 -0.125 0
-3.125 -0.125 0
-3.4375 0 0
-3.125 0 0
-3.125 -0.25 0
-2.8125 -0.25 0
-3.125 -0.125 0
-2.8125 -0.125 0
-2.8125 -0.25 0
-2.5 -0.25 0
-2.8125 -0.125 0
-2.5 -0.125 0
-3.125 -0.125 0
-2.8125 -0.125 0
-3.125 0 0
-2.8125 0 0
-2.8125 -0.125 0
-2.5 -0.125 0
-2.8125 0 0
-2.5 0 0
-2.5 -1 0
-2.1875 -1 0
-2.5 -0.875 0
-2.1875 -0.875 0
-2.1875 -1 0
-1.875 -1 0
-2.1875 -0.875 0
-1.875 -0.875 0
-2.5 -0.875 0
-2.1875 -0.875 0
-2.5 -0.75 0
-2.1875 -0.75 0
-2.1875 -0.875 0
-1.875 -0.875 0
-2.1875 -0.75 0
-1.875 -0.75 0
-1.875 -1 0
-1.5625 -1 0
-1.875 -0.875 0
-1.5625 -0.875 0
-1.5625 -1 0
-1.25 -1 0
-1.5625 -0.875 0
-1.25 -0.875 0
-1.875 -0.875 0
-1.5625 -0.875 0
-1.875 -0.75 0
-1.5625 -0.75 0
-1.5625 -0.875 0
-1.25 -0.875 0
-1.5625 -0.75 0
-1.25 -0.75 0
-2.5 -0.75 0
-2.1875 -0.75 0
-2.5 -0.625 0
-2.1875 -0.625 0
-2.1875 -0.75 0
-1.875 -0.75 0
-2.1875 -0.625 0
-1.875 -0.625 0
-2.5 -0.625 0
-2.1875 -0.625 0
-2.5 -0.5 0
-2.1875 -0.5 0
-2.1875 -0.625 0
-1.875 -0.625 0
-2.1875 -0.5 0
-1.875 -0.5 0
-1.875 -0.75 0
-1.5625 -0.75 0
-1.875 -0.625 0
-1.5625 -0.625 0
-1.5625 -0.75 0
-1.25 -0.75 0
-1.5625 -0.625 0
-1.25 -0.625 0
-1.875 -0.625 0
-1.5625 -0.625 0
-1.875 -0.5 0
-1.5625 -0.5 0
-1.5625 -0.625 0
-1.25 -0.625 0
-1.5625 -0.5 0
-1.25 -0.5 0
-1.25 -1 0
-0.9375 -1 0
-1.25 -0.875 0
-0.9375 -0.875 0
-0.9375 -1 0
-0.625 -1 0
-0.9375 -0.875 0
-0.625 -0.875 0
-1.25 -0.875 0
-0.9375 -0.875 0
-1.25 -0.75 0
-0.9375 -0.75 0
-0.9375 -0.875 0
-0.625 -0.875 0
-0.9375 -0.75 0
-0.625 -0.75 0
-0.625 -1 0
-0.3125 -1 0
-0.625 -0.875 0
-0.3125 -0.875 0
-0.3125 -1 0
0 -1 0
-0.3125 -0.875 0
0 -0.875 0
-0.625 -0.875 0
-0.3125 -0.875 0
-0.625 -0.75 0
-0.3125 -0.75 0
-0.3125 -0.875 0
0 -0.875 0
-0.3125 -0.75 0
0 -0.75 0
-1.25 -0.75 0
-0.9375 -0.75 0
-1.25 -0.625 0
-0.9375 -0.625 0
-0.9375 -0.75 0
-0.625 -0.75 0
-0.9375 -0.625 0
-0.625 -0.625 0
-1.25 -0.625 0
-0.9375 -0.625 0
-1.25 -0.5 0
-0.9375 -0.5 0
-0.9375 -0.625 0
-0.625 -0.625 0
-0.9375 -0.5 0
-0.625 -0.5 0
-0.625 -0.75 0
-0.3125 -0.75 0
-0.625 -0.625 0
-0.3125 -0.625 0
-0.3125 -0.75 0
0 -0.75 0
-0.3125 -0.625 0
0 -0.625 0
-0.625 -0.625 0
-0.3125 -0.625 0
-0.625 -0.5 0
-0.3125 -0.5 0
-0.3125 -0.625 0
0 -0.625 0
-0.3125 -0.5 0
0 -0.5 0
-2.5 -0.5 0
-2.1875 -0.5 0
-2.5 -0.375 0
-2.1875 -0.375 0
-2.1875 -0.5 0
-1.875 -0.5 0
-2.1875 -0.375 0
-1.875 -0.375 0
-2.5 -0.375 0
-2.1875 -0.375 0
-2.5 -0.25 0
-2.1875 -0.25 0
-2.1875 -0.375 0
-1.875 -0.375 0
-2.1875 -0.25 0
-1.875 -0.25 0
-1.875 -0.5 0
-1.5625 -0.5 0
-1.875 -0.375 0
-1.5625 -0.375 0
-1.5625 -0.5 0
-1.25 -0.5 0
-1.5625 -0.375 0
-1.25 -0.375 0
-1.875 -0.375 0
-1.5625 -0.375 0
-1.875 -0.25 0
-1.5625 -0.25 0
-1.5625 -0.375 0
-1.25 -0.375 0
-1.5625 -0.25 0
-1.25 -0.25 0
-2.5 -0.25 0
-2.1875 -0.25 0
-2.5 -0.125 0
-2.1875 -0.125 0
-2.1875 -0.25 0
-1.875 -0.25 0
-2.1875 -0.125 0
-1.875 -0.125 0
-2.5 -0.125 0
-2.1875 -0.125 0
-2.5 0 0
-2.1875 0 0
-2.1875 -0.125 0
-1.875 -0.125 0
-2.1875 0 0
-1.875 0 0
-1.875 -0.25 0
-1.5625 -0.25 0
-1.875 -0.125 0
-1.5625 -0.125 0
-1.5625 -0.25 0
-1.25 -0.25 0
-1.5625 -0.125 0
-1.25 -0.125 0
-1.875 -0.125 0
-1.5625 -0.125 0
-1.875 0 0
-1.5625 0 0
-1.5625 -0.125 0
-1.25 -0.125 0
-1.5625 0 0
-1.25 0 0
-1.25 -0.5 0
-0.9375 -0.5 0
-1.25 -0.375 0
-0.9375 -0.375 0
-0.9375 -0.5 0
-0.625 -0.5 0
-0.9375 -0.375 0
-0.625 -0.375 0
-1.25 -0.375 0
-0.9375 -0.375 0
-1.25 -0.25 0
-0.9375 -0.25 0
-0.9375 -0.375 0
-0.625 -0.375 0
-0.9375 -0.25 0
-0.625 -0.25 0
-0.625 -0.5 0
-0.3125 -0.5 0
-0.625 -0.375 0
-0.3125 -0.375 0
-0.3125 -0.5 0
0 -0.5 0
-0.3125 -0.375 0
0 -0.375 0
-0.625 -0.375 0
-0.3125 -0.375 0
-0.625 -0.25 0
-0.3125 -0.25 0
-0.3125 -0.375 0
0 -0.375 0
-0.3125 -0.25 0
0 -0.25 0
-1.25 -0.25 0
-0.9375 -0.25 0
-1.25 -0.125 0
-0.9375 -0.125 0
-0.9375 -0.25 0
-0.625 -0.25 0
-0.9375 -0.125 0
-0.625 -0.125 0
-1.25 -0.125 0
-0.9375 -0.125 0
-1.25 0 0
-0.9375 0 0
-0.9375 -0.125 0
-0.625 -0.125 0
-0.9375 0 0
-0.625 0 0
-0.625 -0.25 0
-0.3125 -0.25 0
-0.625 -0.125 0
-0.3125 -0.125 0
-0.3125 -0.25 0
0 -0.25 0
-0.3125 -0.125 0
0 -0.125 0
-0.625 -0.125 0
-0.3125 -0.125 0
-0.625 0 0
-0.3125 0 0
-0.3125 -0.125 0
0 -0.125 0
-0.3125 0 0
0 0 0
0 -1 0
0.3125 -1 0
0 -0.875 0
0.3125 -0.875 0
0.3125 -1 0
0.625 -1 0
0.3125 -0.875 0
0.625 -0.875 0
0 -0.875 0
0.3125 -0.875 0
0 -0.75 0
0.3125 -0.75 0
0.3125 -0.875 0
0.625 -0.875 0
0.3125 -0.75 0
0.625 -0.75 0
0.625 -1 0
0.9375 -1 0
0.625 -0.875 0
0.9375 -0.875 0
0.9375 -1 0
1.25 -1 0
0.9375 -0.875 0
1.25 -0.875 0
0.625 -0.875 0
0.9375 -0.875 0
0.625 -0.75 0
0.9375 -0.75 0
0.9375 -0.875 0
1.25 -0.875 0
0.9375 -0.75 0
1.25 -0.75 0
0 -0.75 0
0.3125 -0.75 0
0 -0.625 0
0.3125 -0.625 0
0.3125 -0.75 0
0.625 -0.75 0
0.3125 -0.625 0
0.625 -0.625 0
0 -0.625 0
0.3125 -0.625 0
0 -0.5 0
0.3125 -0.5 0
0.3125 -0.625 0
0.625 -0.625 0
0.3125 -0.5 0
0.625 -0.5 0
0.625 -0.75 0
0.9375 -0.75 0
0.625 -0.625 0
0.9375 -0.625 0
0.9375 -0.75 0
1.25 -0.75 0
0.9375 -0.625 0
1.25 -0.625 0
0.625 -0.625 0
0.9375 -0.625 0
0.625 -0.5 0
0.9375 -0.5 0
0.9375 -0.625 0
1.25 -0.625 0
0.9375 -0.5 0
1.25 -0.5 0
1.25 -1 0
1.5625 -1 0
1.25 -0.875 0
1.5625 -0.875 0
1.5625 -1 0
1.875 -1 0
1.5625 -0.875 0
1.875 -0.875 0
1.25 -0.875 0
1.5625 -0.875 0
1.25 -0.75 0
1.5625 -0.75 0
1.5625 -0.875 0
1.875 -0.875 0
1.5625 -0.75 0
1.875 -0.75 0
1.875 -1 0
2.1875 -1 0
1.875 -0.875 0
2.1875 -0.875 0
2.1875 -1 0
2.5 -1 0
2.1875 -0.875 0
2.5 -0.875 0
1.875 -0.875 0
2.1875 -0.875 0
1.875 -0.75 0
2.1875 -0.75 0
2.1875 -0.875 0
2.5 -0.875 0
2.1875 -0.75 0
2.5 -0.75 0
1.25 -0.75 0
1.5625 -0.75 0
1.25 -0.625 0
1.5625 -0.625 0
1.5625 -0.75 0
1.875 -0.75 0
1.5625 -0.625 0
1.875 -0.625 0
1.25 -0.625 0
1.5625 -0.625 0
1.25 -0.5 0
1.5625 -0.5 0
1.5625 -0.625 0
1.875 -0.625 0
1.5625 -0.5 0
1.875 -0.5 0
1.875 -0.75 0
2.1875 -0.75 0
1.875 -0.625 0
2.1875 -0.625 0
2.1875 -0.75 0
2.5 -0.75 0
2.1875 -0.625 0
2.5 -0.625 0
1.875 -0.625 0
2.1875 -0.625 0
1.875 -0.5 0
2.1875 -0.5 0
2.1875 -0.625 0
2.5 -0.625 0
2.1875 -0.5 0
2.5 -0.5 0
0 -0.5 0
0.3125 -0.5 0
0 -0.375 0
0.3125 -0.375 0
0.3125 -0.5 0
0.625 -0.5 0
0.3125 -0.375 0
0.625 -0.375 0
0 -0.375 0
0.3125 -0.375 0
0 -0.25 0
0.3125 -0.25 0
0.3125 -0.375 0
0.625 -0.375 0
0.3125 -0.25 0
0.625 -0.25 0
0.625 -0.5 0
0.9375 -0.5 0
0.625 -0.375 0
0.9375 -0.375 0
0.9375 -0.5 0
1.25 -0.5 0
0.9375 -0.375 0
1.25 -0.375 0
0.625 -0.375 0
0.9375 -0.375 0
0.625 -0.25 0
0.9375 -0.25 0
0.9375 -0.375 0
1.25 -0.375 0
0.9375 -0.25 0
1.25 -0.25 0
0 -0.25 0
0.3125 -0.25 0
0 -0.125 0
0.3125 -0.125 0
0.3125 -0.25 0
0.625 -0.25 0
0.3125 -0.125 0
0.625 -0.125 0
0 -0.125 0
0.3125 -0.125 0
0 0 0
0.3125 0 0
0.3125 -0.125 0
0.625 -0.125 0
0.3125 0 0
0.625 0 0
0.625 -0.25 0
0.9375 -0.25 0
0.625 -0.125 0
0.9375 -0.125 0
0.9375 -0.25 0
1.25 -0.25 0
0.9375 -0.125 0
1.25 -0.125 0
0.625 -0.125 0
0.9375 -0.125 0
0.625 0 0
0.9375 0 0
0.9375 -0.125 0
1.25 -0.125 0
0.9375 0 0
1.25 0 0
1.25 -0.5 0
1.5625 -0.5 0
1.25 -0.375 0
1.5625 -0.375 0
1.5625 -0.5 0
1.875 -0.5 0
1.5625 -0.375 0
1.875 -0.375 0
1.25 -0.375 0
1.5625 -0.375 0
1.25 -0.25 0
1.5625 -0.25 0
1.5625 -0.375 0
1.875 -0.375 0
1.5625 -0.25 0
1.875 -0.25 0
1.875 -0.5 0
2.1875 -0.5 0
1.875 -0.375 0
2.1875 -0.375 0
2.1875 -0.5 0
2.5 -0.5 0
2.1875 -0.375 0
2.5 -0.375 0
1.875 -0.375 0
2.1875 -0.375 0
1.875 -0.25 0
2.1875 -0.25 0
2.1875 -0.375 0
2.5 -0.375 0
2.1875 -0.25 0
2.5 -0.25 0
1.25 -0.25 0
1.5625 -0.25 0
1.25 -0.125 0
1.5625 -0.125 0
1.5625 -0.25 0
1.875 -0.25 0
1.5625 -0.125 0
1.875 -0.125 0
1.25 -0.125 0
1.5625 -0.125 0
1.25 0 0
1.5625 0 0
1.5625 -0.125 0
1.875 -0.125 0
1.5625 0 0
1.875 0 0
1.875 -0.25 0
2.1875 -0.25 0
1.875 -0.125 0
2.1875 -0.125 0
2.1875 -0.25 0
2.5 -0.25 0
2.1875 -0.125 0
2.5 -0.125 0
1.875 -0.125 0
2.1875 -0.125 0
1.875 0 0
2.1875 0 0
2.1875 -0.125 0
2.5 -0.125 0
2.1875 0 0
2.5 0 0
2.5 -1 0
2.8125 -1 0
2.5 -0.875 0
2.8125 -0.875 0
2.8125 -1 0
3.125 -1 0
2.8125 -0.875 0
3.125 -0.875 0
2.5 -0.875 0
2.8125 -0.875 0
2.5 -0.75 0
2.8125 -0.75 0
2.8125 -0.875 0
3.125 -0.875 0
2.8125 -0.75 0
3.125 -0.75 0
3.125 -1 0
3.4375 -1 0
3.125 -0.875 0
3.4375 -0.875 0
3.4375 -1 0
3.75 -1 0
3.4375 -0.875 0
3.75 -0.875 0
3.125 -0.875 0
3.4375 -0.875 0
3.125 -0.75 0
3.4375 -0.75 0
3.4375 -0.875 0
3.75 -0.875 0
3.4375 -0.75 0
3.75 -0.75 0
2.5 -0.75 0
2.8125 -0.75 0
2.5 -0.625 0
2.8125 -0.625 0
2.8125 -0.75 0
3.125 -0.75 0
2.8125 -0.625 0
3.125 -0.625 0
2.5 -0.625 0
2.8125 -0.625 0
2.5 -0.5 0
2.8125 -0.5 0
2.8125 -0.625 0
3.125 -0.625 0
2.8125 -0.5 0
3.125 -0.5 0
3.125 -0.75 0
3.4375 -0.75 0
3.125 -0.625 0
3.4375 -0.625 0
3.4375 -0.75 0
3.75 -0.75 0
3.4375 -0.625 0
3.75 -0.625 0
3.125 -0.625 0
3.4375 -0.625 0
3.125 -0.5 0
3.4375 -0.5 0
3.4375 -0.625 0
3.75 -0.625 0
3.4375 -0.5 0
3.75 -0.5 0
3.75 -1 0
4.0625 -1 0
3.75 -0.875 0
4.0625 -0.875 0
4.0625 -1 0
4.375 -1 0
4.0625 -0.875 0
4.375 -0.875 0
3.75 -0.875 0
4.0625 -0.875 0
3.75 -0.75 0
4.0625 -0.75 0
4.0625 -0.875 0
4.375 -0.875 0
4.0625 -0.75 0
4.375 -0.75 0
4.375 -1 0
4.6875 -1 0
4.375 -0.875 0
4.6875 -0.875 0
4.6875 -1 0
5 -1 0
4.6875 -0.875 0
5 -0.875 0
4.375 -0.875 0
4.6875 -0.875 0
4.375 -0.75 0
4.6875 -0.75 0
4.6875 -0.875 0
5 -0.875 0
4.6875 -0.75 0
5 -0.75 0
3.75 -0.75 0
4.0625 -0.75 0
3.75 -0.625 0
4.0625 -0.625 0
4.0625 -0.75 0
4.375 -0.75 0
4.0625 -0.625 0
4.375 -0.625 0
3.75 -0.625 0
4.0625 -0.625 0
3.75 -0.5 0
4.0625 -0.5 0
4.0625 -0.625 0
4.375 -0.625 0
4.0625 -0.5 0
4.375 -0.5 0
4.375 -0.75 0
4.6875 -0.75 0
4.375 -0.625 0
4.6875 -0.625 0
4.6875 -0.75 0
5 -0.75 0
4.6875 -0.625 0
5 -0.625 0
4.375 -0.625 0
4.6875 -0.625 0
4.375 -0.5 0
4.6875 -0.5 0
4.6875 -0.625 0
5 -0.625 0
4.6875 -0.5 0
5 -0.5 0
2.5 -0.5 0
2.8125 -0.5 0
2.5 -0.375 0
2.8125 -0.375 0
2.8125 -0.5 0
3.125 -0.5 0
2.8125 -0.375 0
3.125 -0.375 0
2.5 -0.375 0
2.8125 -0.375 0
2.5 -0.25 0
2.8125 -0.25 0
2.8125 -0.375 0
3.125 -0.375 0
2.8125 -0.25 0
3.125 -0.25 0
3.125 -0.5 0
3.4375 -0.5 0
3.125 -0.375 0
3.4375 -0.375 0
3.4375 -0.5 0
3.75 -0.5 0
3.4375 -0.375 0
3.75 -0.375 0
3.125 -0.375 0
3.4375 -0.375 0
3.125 -0.25 0
3.4375 -0.25 0
3.4375 -0.375 0
3.75 -0.375 0
3.4375 -0.25 0
3.75 -0.25 0
2.5 -0.25 0
2.8125 -0.25 0
2.5 -0.125 0
2.8125 -0.125 0
2.8125 -0.25 0
3.125 -0.25 0
2.8125 -0.125 0
3.125 -0.125 0
2.5 -0.125 0
2.8125 -0.125 0
2.5 0 0
2.8125 0 0
2.8125 -0.125 0
3.125 -0.125 0
2.8125 0 0
3.125 0 0
3.125 -0.25 0
3.4375 -0.25 0
3.125 -0.125 0
3.4375 -0.125 0
3.4375 -0.25 0
3.75 -0.25 0
3.4375 -0.125 0
3.75 -0.125 0
3.125 -0.125 0
3.4375 -0.125 0
3.125 0 0
3.4375 0 0
3.4375 -0.125 0
3.75 -0.125 0
3.4375 0 0
3.75 0 0
3.75 -0.5 0
4.0625 -0.5 0
3.75 -0.375 0
4.0625 -0.375 0
4.0625 -0.5 0
4.375 -0.5 0
4.0625 -0.375 0
4.375 -0.375 0
3.75 -0.375 0
4.0625 -0.375 0
3.75 -0.25 0
4.0625 -0.25 0
4.0625 -0.375 0
4.375 -0.375 0
4.0625 -0.25 0
4.375 -0.25 0
4.375 -0.5 0
4.6875 -0.5 0
4.375 -0.375 0
4.6875 -0.375 0
4.6875 -0.5 0
5 -0.5 0
4.6875 -0.375 0
5 -0.375 0
4.375 -0.375 0
4.6875 -0.375 0
4.375 -0.25 0
4.6875 -0.25 0
4.6875 -0.375 0
5 -0.375 0
4.6875 -0.25 0
5 -0.25 0
3.75 -0.25 0
4.0625 -0.25 0
3.75 -0.125 0
4.0625 -0.125 0
4.0625 -0.25 0
4.375 -0.25 0
4.0625 -0.125 0
4.375 -0.125 0
3.75 -0.125 0
4.0625 -0.125 0
3.75 0 0
4.0625 0 0
4.0625 -0.125 0
4.375 -0.125 0
4.0625 0 0
4.375 0 0
4.375 -0.25 0
4.6875 -0.25 0
4.375 -0.125 0
4.6875 -0.125 0
4.6875 -0.25 0
5 -0.25 0
4.6875 -0.125 0
5 -0.125 0
4.375 -0.125 0
4.6875 -0.125 0
4.375 0 0
4.6875 0 0
4.6875 -0.125 0
5 -0.125 0
4.6875 0 0
5 0 0
-5 0 0
-4.6875 0 0
-5 0.125 0
-4.6875 0.125 0
-4.6875 0 0
-4.375 0 0
-4.6875 0.125 0
-4.375 0.125 0
-5 0.125 0
-4.6875 0.125 0
-5 0.25 0
-4.6875 0.25 0
-4.6875 0.125 0
-4.375 0.125 0
-4.6875 0.25 0
-4.375 0.25 0
-4.375 0 0
-4.0625 0 0
-4.375 0.125 0
-4.0625 0.125 0
-4.0625 0 0
-3.75 0 0
-4.0625 0.125 0
-3.75 0.125 0
-4.375 0.125 0
-4.0625 0.125 0
-4.375 0.25 0
-4.0625 0.25 0
-4.0625 0.125 0
-3.75 0.125 0
-4.0625 0.25 0
-3.75 0.25 0
-5 0.25 0
-4.6875 0.25 0
-5 0.375 0
-4.6875 0.375 0
-4.6875 0.25 0
-4.375 0.25 0
-4.6875 0.375 0
-4.375 0.375 0
-5 0.375 0
-4.6875 0.375 0
-5 0.5 0
-4.6875 0.5 0
-4.6875 0.375 0
-4.375 0.375 0
-4.6875 0.5 0
-4.375 0.5 0
-4.375 0.25 0
-4.0625 0.25 0
-4.375 0.375 0
-4.0625 0.375 0
-4.0625 0.25 0
-3.75 0.25 0
-4.0625 0.375 0
-3.75 0.375 0
-4.375 0.375 0
-4.0625 0.375 0
-4.375 0.5 0
-4.0625 0.5 0
-4.0625 0.375 0
-3.75 0.375 0
-4.0625 0.5 0
-3.75 0.5 0
-3.75 0 0
-3.4375 0 0
-3.75 0.125 0
-3.4375 0.125 0
-3.4375 0 0
-3.125 0 0
-3.4375 0.125 0
-3.125 0.125 0
-3.75 0.125 0
-3.4375 0.125 0
-3.75 0.25 0
-3.4375 0.25 0
-3.4375 0.125 0
-3.125 0.125 0
-3.4375 0.25 0
-3.125 0.25 0
-3.125 0 0
-2.8125 0 0
-3.125 0.125 0
-2.8125 0.125 0
-2.8125 0 0
-2.5 0 0
-2.8125 0.125 0
-2.5 0.125 0
-3.125 0.125 0
-2.8125 0.125 0
-3.125 0.25 0
-2.8125 0.25 0
-2.8125 0.125 0
-2.5 0.125 0
-2.8125 0.25 0
-2.5 0.25 0
-3.75 0.25 0
-3.4375 0.25 0
-3.75 0.375 0
-3.4375 0.375 0
-3.4375 0.25 0
-3.125 0.25 0
-3.4375 0.375 0
-3.125 0.375 0
-3.75 0.375 0
-3.4375 0.375 0
-3.75 0.5 0
-3.4375 0.5 0
-3.4375 0.375 0
-3.125 0.375 0
-3.4375 0.5 0
-3.125 0.5 0
-3.125 0.25 0
-2.8125 0.25 0
-3.125 0.375 0
-2.8125 0.375 0
-2.8125 0.25 0
-2.5 0.25 0
-2.8125 0.375 0
-2.5 0.375 0
-3.125 0.375 0
-2.8125 0.375 0
-3.125 0.5 0
-2.8125 0.5 0
-2.8125 0.375 0
-2.5 0.375 0
-2.8125 0.5 0
-2.5 0.5 0
-5 0.5 0
-4.6875 0.5 0
-5 0.625 0
-4.6875 0.625 0
-4.6875 0.5 0
-4.375 0.5 0
-4.6875 0.625 0
-4.375 0.625 0
-5 0.625 0
-4.6875 0.625 0
-5 0.75 0
-4.6875 0.75 0
-4.6875 0.625 0
-4.375 0.625 0
-4.6875 0.75 0
-4.375 0.75 0
-4.375 0.5 0
-4.0625 0.5 0
-4.375 0.625 0
-4.0625 0.625 0
-4.0625 0.5 0
-3.75 0.5 0
-4.0625 0.625 0
-3.75 0.625 0
-4.375 0.625 0
-4.0625 0.625 0
-4.375 0.75 0
-4.0625 0.75 0
-4.0625 0.625 0
-3.75 0.625 0
-4.0625 0.75 0
-3.75 0.75 0
-5 0.75 0
-4.6875 0.75 0
-5 0.875 0
-4.6875 0.875 0
-4.6875 0.75 0
-4.375 0.75 0
-4.6875 0.875 0
-4.375 0.875 0
-5 0.875 0
-4.6875 0.875 0
-5 1 0
-4.6875 1 0
-4.6875 0.875 0
-4.375 0.875 0
-4.6875 1 0
-4.375 1 0
-4.375 0.75 0
-4.0625 0.75 0
-4.375 0.875 0
-4.0625 0.875 0
-4.0625 0.75 0
-3.75 0.75 0
-4.0625 0.875 0
-3.75 0.875 0
-4.375 0.875 0
-4.0625 0.875 0
-4.375 1 0
-4.0625 1 0
-4.0625 0.875 0
-3.75 0.875 0
-4.0625 1 0
-3.75 1 0
-3.75 0.5 0
-3.4375 0.5 0
-3.75 0.625 0
-3.4375 0.625 0
-3.4375 0.5 0
-3.125 0.5 0
-3.4375 0.625 0
-3.125 0.625 0
-3.75 0.625 0
-3.4375 0.625 0
-3.75 0.75 0
-3.4375 0.75 0
-3.4375 0.625 0
-3.125 0.625 0
-3.4375 0.75 0
-3.125 0.75 0
-3.125 0.5 0
-2.8125 0.5 0
-3.125 0.625 0
-2.8125 0.625 0
-2.8125 0.5 0
-2.5 0.5 0
-2.8125 0.625 0
-2.5 0.625 0
-3.125 0.625 0
-2.8125 0.625 0
-3.125 0.75 0
-2.8125 0.75 0
-2.8125 0.625 0
-2.5 0.625 0
-2.8125 0.75 0
-2.5 0.75 0
-3.75 0.75 0
-3.4375 0.75 0
-3.75 0.875 0
-3.4375 0.875 0
-3.4375 0.75 0
-3.125 0.75 0
-3.4375 0.875 0
-3.125 0.875 0
-3.75 0.875 0
-3.4375 0.875 0
-3.75 1 0
-3.4375 1 0
-3.4375 0.875 0
-3.125 0.875 0
-3.4375 1 0
-3.125 1 0
-3.125 0.75 0
-2.8125 0.75 0
-3.125 0.875 0
-2.8125 0.875 0
-2.8125 0.75 0
-2.5 0.75 0
-2.8125 0.875 0
-2.5 0.875 0
-3.125 0.875 0
-2.8125 0.875 0
-3.125 1 0
-2.8125 1 0
-2.8125 0.875 0
-2.5 0.875 0
-2.8125 1 0
-2.5 1 0
-2.5 0 0
-2.1875 0 0
-2.5 0.125 0
-2.1875 0.125 0
-2.1875 0 0
-1.875 0 0
-2.1875 0.125 0
-1.875 0.125 0
-2.5 0.125 0
-2.1875 0.125 0
-2.5 0.25 0
-2.1875 0.25 0
-2.1875 0.125 0
-1.875 0.125 0
-2.1875 0.25 0
-1.875 0.25 0
-1.875 0 0
-1.5625 0 0
-1.875 0.125 0
-1.5625 0.125 0
-1.5625 0 0
-1.25 0 0
-1.5625 0.125 0
-1.25 0.125 0
-1.875 0.125 0
-1.5625 0.125 0
-1.875 0.25 0
-1.5625 0.25 0
-1.5625 0.125 0
-1.25 0.125 0
-1.5625 0.25 0
-1.25 0.25 0
-2.5 0.25 0
-2.1875 0.25 0
-2.5 0.375 0
-2.1875 0.375 0
-2.1875 0.25 0
-1.875 0.25 0
-2.1875 0.375 0
-1.875 0.375 0
-2.5 0.375 0
-2.1875 0.375 0
-2.5 0.5 0
-2.1875 0.5 0
-2.1875 0.375 0
-1.875 0.375 0
-2.1875 0.5 0
-1.875 0.5 0
-1.875 0.25 0
-1.5625 0.25 0
-1.875 0.375 0
-1.5625 0.375 0
-1.5625 0.25 0
-1.25 0.25 0
-1.5625 0.375 0
-1.25 0.375 0
-1.875 0.375 0
-1.5625 0.375 0
-1.875 0.5 0
-1.5625 0.5 0
-1.5625 0.375 0
-1.25 0.375 0
-1.5625 0.5 0
-1.25 0.5 0
-1.25 0 0
-0.9375 0 0
-1.25 0.125 0
-0.9375 0.125 0
-0.9375 0 0
-0.625 0 0
-0.9375 0.125 0
-0.625 0.125 0
-1.25 0.125 0
-0.9375 0.125 0
-1.25 0.25 0
-0.9375 0.25 0
-0.9375 0.125 0
-0.625 0.125 0
-0.9375 0.25 0
-0.625 0.25 0
-0.625 0 0
-0.3125 0 0
-0.625 0.125 0
-0.3125 0.125 0
-0.3125 0 0
0 0 0
-0.3125 0.125 0
0 0.125 0
-0.625 0.125 0
-0.3125 0.125 0
-0.625 0.25 0
-0.3125 0.25 0
-0.3125 0.125 0
0 0.125 0
-0.3125 0.25 0
0 0.25 0
-1.25 0.25 0
-0.9375 0.25 0
-1.25 0.375 0
-0.9375 0.375 0
-0.9375 0.25 0
-0.625 0.25 0
-0.9375 0.375 0
-0.625 0.375 0
-1.25 0.375 0
-0.9375 0.375 0
-1.25 0.5 0
-0.9375 0.5 0
-0.9375 0.375 0
-0.625 0.375 0
-0.9375 0.5 0
-0.625 0.5 0
-0.625 0.25 0
-0.3125 0.25 0
-0.625 0.375 0
-0.3125 0.375 0
-0.3125 0.25 0
0 0.25 0
-0.3125 0.375 0
0 0.375 0
-0.625 0.375 0
-0.3125 0.375 0
-0.625 0.5 0
-0.3125 0.5 0
-0.3125 0.375 0
0 0.375 0
-0.3125 0.5 0
0 0.5 0
-2.5 0.5 0
-2.1875 0.5 0
-2.5 0.625 0
-2.1875 0.625 0
-2.1875 0.5 0
-1.875 0.5 0
-2.1875 0.625 0
-1.875 0.625 0
-2.5 0.625 0
-2.1875 0.625 0
-2.5 0.75 0
-2.1875 0.75 0
-2.1875 0.625 0
-1.875 0.625 0
-2.1875 0.75 0
-1.875 0.75 0
-1.875 0.5 0
-1.5625 0.5 0
-1.875 0.625 0
-1.5625 0.625 0
-1.5625 0.5 0
-1.25 0.5 0
-1.5625 0.625 0
-1.25 0.625 0
-1.875 0.625 0
-1.5625 0.625 0
-1.875 0.75 0
-1.5625 0.75 0
-1.5625 0.625 0
-1.25 0.625 0
-1.5625 0.75 0
-1.25 0.75 0
-2.5 0.75 0
-2.1875 0.75 0
-2.5 0.875 0
-2.1875 0.875 0
-2.1875 0.75 0
-1.875 0.75 0
-2.1875 0.875 0
-1.875 0.875 0
-2.5 0.875 0
-2.1875 0.875 0
-2.5 1 0
-2.1875 1 0
-2.1875 0.875 0
-1.875 0.875 0
-2.1875 1 0
-1.875 1 0
-1.875 0.75 0
-1.5625 0.75 0
-1.875 0.875 0
-1.5625 0.875 0
-1.5625 0.75 0
-1.25 0.75 0
-1.5625 0.875 0
-1.25 0.875 0
-1.875 0.875 0
-1.5625 0.875 0
-1.875 1 0
-1.5625 1 0
-1.5625 0.875 0
-1.25 0.875 0
-1.5625 1 0
-1.25 1 0
-1.25 0.5 0
-0.9375 0.5 0
-1.25 0.625 0
-0.9375 0.625 0
-0.9375 0.5 0
-0.625 0.5 0
-0.9375 0.625 0
-0.625 0.625 0
-1.25 0.625 0
-0.9375 0.625 0
-1.25 0.75 0
-0.9375 0.75 0
-0.9375 0.625 0
-0.625 0.625 0
-0.9375 0.75 0
-0.625 0.75 0
-0.625 0.5 0
-0.3125 0.5 0
-0.625 0.625 0
-0.3125 0.625 0
-0.3125 0.5 0
0 0.5 0
-0.3125 0.625 0
0 0.625 0
-0.625 0.625 0
-0.3125 0.625 0
-0.625 0.75 0
-0.3125 0.75 0
-0.3125 0.625 0
0 0.625 0
-0.3125 0.75 0
0 0.75 0
-1.25 0.75 0
-0.9375 0.75 0
-1.25 0.875 0
-0.9375 0.875 0
-0.9375 0.75 0
-0.625 0.75 0
-0.9375 0.875 0
-0.625 0.875 0
-1.25 0.875 0
-0.9375 0.875 0
-1.25 1 0
-0.9375 1 0
-0.9375 0.875 0
-0.625 0.875 0
-0.9375 1 0
-0.625 1 0
-0.625 0.75 0
-0.3125 0.75 0
-0.625 0.875 0
-0.3125 0.875 0
-0.3125 0.75 0
0 0.75 0
-0.3125 0.875 0
0 0.875 0
-0.625 0.875 0
-0.3125 0.875 0
-0.625 1 0
-0.3125 1 0
-0.3125 0.875 0
0 0.875 0
-0.3125 1 0
0 1 0
0 0 0
0.3125 0 0
0 0.125 0
0.3125 0.125 0
0.3125 0 0
0.625 0 0
0.3125 0.125 0
0.625 0.125 0
0 0.125 0
0.3125 0.125 0
0 0.25 0
0.3125 0.25 0
0.3125 0.125 0
0.625 0.125 0
0.3125 0.25 0
0.625 0.25 0
0.625 0 0
0.9375 0 0
0.625 0.125 0
0.9375 0.125 0
0.9375 0 0
1.25 0 0
0.9375 0.125 0
1.25 0.125 0
0.625 0.125 0
0.9375 0.125 0
0.625 0.25 0
0.9375 0.25 0
0.9375 0.125 0
1.25 0.125 0
0.9375 0.25 0
1.25 0.25 0
0 0.25 0
0.3125 0.25 0
0 0.375 0
0.3125 0.375 0
0.3125 0.25 0
0.625 0.25 0
0.3125 0.375 0
0.625 0.375 0
0 0.375 0
0.3125 0.375 0
0 0.5 0
0.3125 0.5 0
0.3125 0.375 0
0.625 0.375 0
0.3125 0.5 0
0.625 0.5 0
0.625 0.25 0
0.9375 0.25 0
0.625 0.375 0
0.9375 0.375 0
0.9375 0.25 0
1.25 0.25 0
0.9375 0.375 0
1.25 0.375 0
0.625 0.375 0
0.9375 0.375 0
0.625 0.5 0
0.9375 0.5 0
0.9375 0.375 0
1.25 0.375 0
0.9375 0.5 0
1.25 0.5 0
1.25 0 0
1.5625 0 0
1.25 0.125 0
1.5625 0.125 0
1.5625 0 0
1.875 0 0
1.5625 0.125 0
1.875 0.125 0
1.25 0.125 0
1.5625 0.125 0
1.25 0.25 0
1.5625 0.25 0
1.5625 0.125 0
1.875 0.125 0
1.5625 0.25 0
1.875 0.25 0
1.875 0 0
2.1875 0 0
1.875 0.125 0
2.1875 0.125 0
2.1875 0 0
2.5 0 0
2.1875 0.125 0
2.5 0.125 0
1.875 0.125 0
2.1875 0.125 0
1.875 0.25 0
2.1875 0.25 0
2.1875 0.125 0
2.5 0.125 0
2.1875 0.25 0
2.5 0.25 0
1.25 0.25 0
1.5625 0.25 0
1.25 0.375 0
1.5625 0.375 0
1.5625 0.25 0
1.875 0.25 0
1.5625 0.375 0
1.875 0.375 0
1.25 0.375 0
1.5625 0.375 0
1.25 0.5 0
1.5625 0.5 0
1.5625 0.375 0
1.875 0.375 0
1.5625 0.5 0
1.875 0.5 0
1.875 0.25 0
2.1875 0.25 0
1.875 0.375 0
2.1875 0.375 0
2.1875 0.25 0
2.5 0.25 0
2.1875 0.375 0
2.5 0.375 0
1.875 0.375 0
2.1875 0.375 0
1.875 0.5 0
2.1875 0.5 0
2.1875 0.375 0
2.5 0.375 0
2.1875 0.5 0
2.5 0.5 0
0 0.5 0
0.3125 0.5 0
0 0.625 0
0.3125 0.625 0
0.3125 0.5 0
0.625 0.5 0
0.3125 0.625 0
0.625 0.625 0
0 0.625 0
0.3125 0.625 0
0 0.75 0
0.3125 0.75 0
0.3125 0.625 0
0.625 0.625 0
0.3125 0.75 0
0.625 0.75 0
0.625 0.5 0
0.9375 0.5 0
0.625 0.625 0
0.9375 0.625 0
0.9375 0.5 0
1.25 0.5 0
0.9375 0.625 0
1.25 0.625 0
0.625 0.625 0
0.9375 0.625 0
0.625 0.75 0
0.9375 0.75 0
0.9375 0.625 0
1.25 0.625 0
0.9375 0.75 0
1.25 0.75 0
0 0.75 0
0.3125 0.75 0
0 0.875 0
0.3125 0.875 0
0.3125 0.75 0
0.625 0.75 0
0.3125 0.875 0
0.625 0.875 0
0 0.875 0
0.3125 0.875 0
0 1 0
0.3125 1 0
0.3125 0.875 0
0.625 0.875 0
0.3125 1 0
0.625 1 0
0.625 0.75 0
0.9375 0.75 0
0.625 0.875 0
0.9375 0.875 0
0.9375 0.75 0
1.25 0.75 0
0.9375 0.875 0
1.25 0.875 0
0.625 0.875 0
0.9375 0.875 0
0.625 1 0
0.9375 1 0
0.9375 0.875 0
1.25 0.875 0
0.9375 1 0
1.25 1 0
1.25 0.5 0
1.5625 0.5 0
1.25 0.625 0
1.5625 0.625 0
1.5625 0.5 0
1.875 0.5 0
1.5625 0.625 0
1.875 0.625 0
1.25 0.625 0
1.5625 0.625 0
1.25 0.75 0
1.5625 0.75 0
1.5625 0.625 0
1.875 0.625 0
1.5625 0.75 0
1.875 0.75 0
1.875 0.5 0
2.1875 0.5 0
1.875 0.625 0
2.1875 0.625 0
2.1875 0.5 0
2.5 0.5 0
2.1875 0.625 0
2.5 0.625 0
1.875 0.625 0
2.1875 0.625 0
1.875 0.75 0
2.1875 0.75 0
2.1875 0.625 0
2.5 0.625 0
2.1875 0.75 0
2.5 0.75 0
1.25 0.75 0
1.5625 0.75 0
1.25 0.875 0
1.5625 0.875 0
1.5625 0.75 0
1.875 0.75 0
1.5625 0.875 0
1.875 0.875 0
1.25 0.875 0
1.5625 0.875 0
1.25 1 0
1.5625 1 0
1.5625 0.875 0
1.875 0.875 0
1.5625 1 0
1.875 1 0
1.875 0.75 0
2.1875 0.75 0
1.875 0.875 0
2.1875 0.875 0
2.1875 0.75 0
2.5 0.75 0
2.1875 0.875 0
2.5 0.875 0
1.875 0.875 0
2.1875 0.875 0
1.875 1 0
2.1875 1 0
2.1875 0.875 0
2.5 0.875 0
2.1875 1 0
2.5 1 0
2.5 0 0
2.8125 0 0
2.5 0.125 0
2.8125 0.125 0
2.8125 0 0
3.125 0 0
2.8125 0.125 0
3.125 0.125 0
2.5 0.125 0
2.8125 0.125 0
2.5 0.25 0
2.8125 0.25 0
2.8125 0.125 0
3.125 0.125 0
2.8125 0.25 0
3.125 0.25 0
3.125 0 0
3.4375 0 0
3.125 0.125 0
3.4375 0.125 0
3.4375 0 0
3.75 0 0
3.4375 0.125 0
3.75 0.125 0
3.125 0.125 0
3.4375 0.125 0
3.125 0.25 0
3.4375 0.25 0
3.4375 0.125 0
3.75 0.125 0
3.4375 0.25 0
3.75 0.25 0
2.5 0.25 0
2.8125 0.25 0
2.5 0.375 0
2.8125 0.375 0
2.8125 0.25 0
3.125 0.25 0
2.8125 0.375 0
3.125 0.375 0
2.5 0.375 0
2.8125 0.375 0
2.5 0.5 0
2.8125 0.5 0
2.8125 0.375 0
3.125 0.375 0
2.8125 0.5 0
3.125 0.5 0
3.125 0.25 0
3.4375 0.25 0
3.125 0.375 0
3.4375 0.375 0
3.4375 0.25 0
3.75 0.25 0
3.4375 0.375 0
3.75 0.375 0
3.125 0.375 0
3.4375 0.375 0
3.125 0.5 0
3.4375 0.5 0
3.4375 0.375 0
3.75 0.375 0
3.4375 0.5 0
3.75 0.5 0
3.75 0 0
4.0625 0 0
3.75 0.125 0
4.0625 0.125 0
4.0625 0 0
4.375 0 0
4.0625 0.125 0
4.375 0.125 0
3.75 0.125 0
4.0625 0.125 0
3.75 0.25 0
4.0625 0.25 0
4.0625 0.125 0
4.375 0.125 0
4.0625 0.25 0
4.375 0.25 0
4.375 0 0
4.6875 0 0
4.375 0.125 0
4.6875 0.125 0
4.6875 0 0
5 0 0
4.6875 0.125 0
5 0.125 0
4.375 0.125 0
4.6875 0.125 0
4.375 0.25 0
4.6875 0.25 0
4.6875 0.125 0
5 0.125 0
4.6875 0.25 0
5 0.25 0
3.75 0.25 0
4.0625 0.25 0
3.75 0.375 0
4.0625 0.375 0
4.0625 0.25 0
4.375 0.25 0
4.0625 0.375 0
4.375 0.375 0
3.75 0.375 0
4.0625 0.375 0
3.75 0.5 0
4.0625 0.5 0
4.0625 0.375 0
4.375 0.375 0
4.0625 0.5 0
4.375 0.5 0
4.375 0.25 0
4.6875 0.25 0
4.375 0.375 0
4.6875 0.375 0
4.6875 0.25 0
5 0.25 0
4.6875 0.375 0
5 0.375 0
4.375 0.375 0
4.6875 0.375 0
4.375 0.5 0
4.6875 0.5 0
4.6875 0.375 0
5 0.375 0
4.6875 0.5 0
5 0.5 0
2.5 0.5 0
2.8125 0.5 0
2.5 0.625 0
2.8125 0.625 0
2.8125 0.5 0
3.125 0.5 0
2.8125 0.625 0
3.125 0.625 0
2.5 0.625 0
2.8125 0.625 0
2.5 0.75 0
2.8125 0.75 0
2.8125 0.625 0
3.125 0.625 0
2.8125 0.75 0
3.125 0.75 0
3.125 0.5 0
3.4375 0.5 0
3.125 0.625 0
3.4375 0.625 0
3.4375 0.5 0
3.75 0.5 0
3.4375 0.625 0
3.75 0.625 0
3.125 0.625 0
3.4375 0.625 0
3.125 0.75 0
3.4375 0.75 0
3.4375 0.625 0
3.75 0.625 0
3.4375 0.75 0
3.75 0.75 0
2.5 0.75 0
2.8125 0.75 0
2.5 0.875 0
2.8125 0.875 0
2.8125 0.75 0
3.125 0.75 0
2.8125 0.875 0
3.125 0.875 0
2.5 0.875 0
2.8125 0.875 0
2.5 1 0
2.8125 1 0
2.8125 0.875 0
3.125 0.875 0
2.8125 1 0
3.125 1 0
3.125 0.75 0
3.4375 0.75 0
3.125 0.875 0
3.4375 0.875 0
3.4375 0.75 0
3.75 0.75 0
3.4375 0.875 0
3.75 0.875 0
3.125 0.875 0
3.4375 0.875 0
3.125 1 0
3.4375 1 0
3.4375 0.875 0
3.75 0.875 0
3.4375 1 0
3.75 1 0
3.75 0.5 0
4.0625 0.5 0
3.75 0.625 0
4.0625 0.625 0
4.0625 0.5 0
4.375 0.5 0
4.0625 0.625 0
4.375 0.625 0
3.75 0.625 0
4.0625 0.625 0
3.75 0.75 0
4.0625 0.75 0
4.0625 0.625 0
4.375 0.625 0
4.0625 0.75 0
4.375 0.75 0
4.375 0.5 0
4.6875 0.5 0
4.375 0.625 0
4.6875 0.625 0
4.6875 0.5 0
5 0.5 0
4.6875 0.625 0
5 0.625 0
4.375 0.625 0
4.6875 0.625 0
4.375 0.75 0
4.6875 0.75 0
4.6875 0.625 0
5 0.625 0
4.6875 0.75 0
5 0.75 0
3.75 0.75 0
4.0625 0.75 0
3.75 0.875 0
4.0625 0.875 0
4.0625 0.75 0
4.375 0.75 0
4.0625 0.875 0
4.375 0.875 0
3.75 0.875 0
4.0625 0.875 0
3.75 1 0
4.0625 1 0
4.0625 0.875 0
4.375 0.875 0
4.0625 1 0
4.375 1 0
4.375 0.75 0
4.6875 0.75 0
4.375 0.875 0
4.6875 0.875 0
4.6875 0.75 0
5 0.75 0
4.6875 0.875 0
5 0.875 0
4.375 0.875 0
4.6875 0.875 0
4.375 1 0
4.6875 1 0
4.6875 0.875 0
5 0.875 0
4.6875 1 0
5 1 0
-5 1 0
-4.6875 1 0
-5 1.125 0
-4.6875 1.125 0
-4.6875 1 0
-4.375 1 0
-4.6875 1.125 0
-4.375 1.125 0
-5 1.125 0
-4.6875 1.125 0
-5 1.25 0
-4.6875 1.25 0
-4.6875 1.125 0
-4.375 1.125 0
-4.6875 1.25 0
-4.375 1.25 0
-4.375 1 0
-4.0625 1 0
-4.375 1.125 0
-4.0625 1.125 0
-4.0625 1 0
-3.75 1 0
-4.0625 1.125 0
-3.75 1.125 0
-4.375 1.125 0
-4.0625 1.125 0
-4.375 1.25 0
-4.0625 1.25 0
-4.0625 1.125 0
-3.75 1.125 0
-4.0625 1.25 0
-3.75 1.25 0
-5 1.25 0
-4.6875 1.25 0
-5 1.375 0
-4.6875 1.375 0
-4.6875 1.25 0
-4.375 1.25 0
-4.6875 1.375 0
-4.375 1.375 0
-5 1.375 0
-4.6875 1.375 0
-5 1.5 0
-4.6875 1.5 0
-4.6875 1.375 0
-4.375 1.375 0
-4.6875 1.5 0
-4.375 1.5 0
-4.375 1.25 0
-4.0625 1.25 0
-4.375 1.375 0
-4.0625 1.375 0
-4.0625 1.25 0
-3.75 1.25 0
-4.0625 1.375 0
-3.75 1.375 0
-4.375 1.375 0
-4.0625 1.375 0
-4.375 1.5 0
-4.0625 1.5 0
-4.0625 1.375 0
-3.75 1.375 0
-4.0625 1.5 0
-3.75 1.5 0
-3.75 1 0
-3.4375 1 0
-3.75 1.125 0
-3.4375 1.125 0
-3.4375 1 0
-3.125 1 0
-3.4375 1.125 0
-3.125 1.125 0
-3.75 1.125 0
-3.4375 1.125 0
-3.75 1.25 0
-3.4375 1.25 0
-3.4375 1.125 0
-3.125 1.125 0
-3.4375 1.25 0
-3.125 1.25 0
-3.125 1 0
-2.8125 1 0
-3.125 1.125 0
-2.8125 1.125 0
-2.8125 1 0
-2.5 1 0
-2.8125 1.125 0
-2.5 1.125 0
-3.125 1.125 0
-2.8125 1.125 0
-3.125 1.25 0
-2.8125 1.25 0
-2.8125 1.125 0
-2.5 1.125 0
-2.8125 1.25 0
-2.5 1.25 0
-3.75 1.25 0
-3.4375 1.25 0
-3.75 1.375 0
-3.4375 1.375 0
-3.4375 1.25 0
-3.125 1.25 0
-3.4375 1.375 0
-3.125 1.375 0
-3.75 1.375 0
-3.4375 1.375 0
-3.75 1.5 0
-3.4375 1.5 0
-3.4375 1.375 0
-3.125 1.375 0
-3.4375 1.5 0
-3.125 1.5 0
-3.125 1.25 0
-2.8125 1.25 0
-3.125 1.375 0
-2.8125 1.375 0
-2.8125 1.25 0
-2.5 1.25 0
-2.8125 1.375 0
-2.5 1.375 0
-3.125 1.375 0
-2.8125 1.375 0
-3.125 1.5 0
-2.8125 1.5 0
-2.8125 1.375 0
-2.5 1.375 0
-2.8125 1.5 0
-2.5 1.5 0
-5 1.5 0
-4.6875 1.5 0
-5 1.625 0
-4.6875 1.625 0
-4.6875 1.5 0
-4.375 1.5 0
-4.6875 1.625 0
-4.375 1.625 0
-5 1.625 0
-4.6875 1.625 0
-5 1.75 0
-4.6875 1.75 0
-4.6875 1.625 0
-4.375 1.625 0
-4.6875 1.75 0
-4.375 1.75 0
-4.375 1.5 0
-4.0625 1.5 0
-4.375 1.625 0
-4.0625 1.625 0
-4.0625 1.5 0
-3.75 1.5 0
-4.0625 1.625 0
-3.75 1.625 0
-4.375 1.625 0
-4.0625 1.625 0
-4.375 1.75 0
-4.0625 1.75 0
-4.0625 1.625 0
-3.75 1.625 0
-4.0625 1.75 0
-3.75 1.75 0
-5 1.75 0
-4.6875 1.75 0
-5 1.875 0
-4.6875 1.875 0
-4.6875 1.75 0
-4.375 1.75 0
-4.6875 1.875 0
-4.375 1.875 0
-5 1.875 0
-4.6875 1.875 0
-5 2 0
-4.6875 2 0
-4.6875 1.875 0
-4.375 1.875 0
-4.6875 2 0
-4.375 2 0
-4.375 1.75 0
-4.0625 1.75 0
-4.375 1.875 0
-4.0625 1.875 0
-4.0625 1.75 0
-3.75 1.75 0
-4.0625 1.875 0
-3.75 1.875 0
-4.375 1.875 0
-4.0625 1.875 0
-4.375 2 0
-4.0625 2 0
-4.0625 1.875 0
-3.75 1.875 0
-4.0625 2 0
-3.75 2 0
-3.75 1.5 0
-3.4375 1.5 0
-3.75 1.625 0
-3.4375 1.625 0
-3.4375 1.5 0
-3.125 1.5 0
-3.4375 1.625 0
-3.125 1.625 0
-3.75 1.625 0
-3.4375 1.625 0
-3.75 1.75 0
-3.4375 1.75 0
-3.4375 1.625 0
-3.125 1.625 0
-3.4375 1.75 0
-3.125 1.75 0
-3.125 1.5 0
-2.8125 1.5 0
-3.125 1.625 0
-2.8125 1.625 0
-2.8125 1.5 0
-2.5 1.5 0
-2.8125 1.625 0
-2.5 1.625 0
-3.125 1.625 0
-2.8125 1.625 0
-3.125 1.75 0
-2.8125 1.75 0
-2.8125 1.625 0
-2.5 1.625 0
-2.8125 1.75 0
-2.5 1.75 0
-3.75 1.75 0
-3.4375 1.75 0
-3.75 1.875 0
-3.4375 1.875 0
-3.4375 1.75 0
-3.125 1.75 0
-3.4375 1.875 0
-3.125 1.875 0
-3.75 1.875 0
-3.4375 1.875 0
-3.75 2 0
-3.4375 2 0
-3.4375 1.875 0
-3.125 1.875 0
-3.4375 2 0
-3.125 2 0
-3.125 1.75 0
-2.8125 1.75 0
-3.125 1.875 0
-2.8125 1.875 0
-2.8125 1.75 0
-2.5 1.75 0
-2.8125 1.875 0
-2.5 1.875 0
-3.125 1.875 0
-2.8125 1.875 0
-3.125 2 0
-2.8125 2 0
-2.8125 1.875 0
-2.5 1.875 0
-2.8125 2 0
-2.5 2 0
-2.5 1 0
-2.1875 1 0
-2.5 1.125 0
-2.1875 1.125 0
-2.1875 1 0
-1.875 1 0
-2.1875 1.125 0
-1.875 1.125 0
-2.5 1.125 0
-2.1875 1.125 0
-2.5 1.25 0
-2.1875 1.25 0
-2.1875 1.125 0
-1.875 1.125 0
-2.1875 1.25 0
-1.875 1.25 0
-1.875 1 0
-1.5625 1 0
-1.875 1.125 0
-1.5625 1.125 0
-1.5625 1 0
-1.25 1 0
-1.5625 1.125 0
-1.25 1.125 0
-1.875 1.125 0
-1.5625 1.125 0
-1.875 1.25 0
-1.5625 1.25 0
-1.5625 1.125 0
-1.25 1.125 0
-1.5625 1.25 0
-1.25 1.25 0
-2.5 1.25 0
-2.1875 1.25 0
-2.5 1.375 0
-2.1875 1.375 0
-2.1875 1.25 0
-1.875 1.25 0
-2.1875 1.375 0
-1.875 1.375 0
-2.5 1.375 0
-2.1875 1.375 0
-2.5 1.5 0
-2.1875 1.5 0
-2.1875 1.375 0
-1.875 1.375 0
-2.1875 1.5 0
-1.875 1.5 0
-1.875 1.25 0
-1.5625 1.25 0
-1.875 1.375 0
-1.5625 1.375 0
-1.5625 1.25 0
-1.25 1.25 0
-1.5625 1.375 0
-1.25 1.375 0
-1.875 1.375 0
-1.5625 1.375 0
-1.875 1.5 0
-1.5625 1.5 0
-1.5625 1.375 0
-1.25 1.375 0
-1.5625 1.5 0
-1.25 1.5 0
-1.25 1 0
-0.9375 1 0
-1.25 1.125 0
-0.9375 1.125 0
-0.9375 1 0
-0.625 1 0
-0.9375 1.125 0
-0.625 1.125 0
-1.25 1.125 0
-0.9375 1.125 0
-1.25 1.25 0
-0.9375 1.25 0
-0.9375 1.125 0
-0.625 1.125 0
-0.9375 1.25 0
-0.625 1.25 0
-0.625 1 0
-0.3125 1 0
-0.625 1.125 0
-0.3125 1.125 0
-0.3125 1 0
0 1 0
-0.3125 1.125 0
0 1.125 0
-0.625 1.125 0
-0.3125 1.125 0
-0.625 1.25 0
-0.3125 1.25 0
-0.3125 1.125 0
0 1.125 0
-0.3125 1.25 0
0 1.25 0
-1.25 1.25 0
-0.9375 1.25 0
-1.25 1.375 0
-0.9375 1.375 0
-0.9375 1.25 0
-0.625 1.25 0
-0.9375 1.375 0
-0.625 1.375 0
-1.25 1.375 0
-0.9375 1.375 0
-1.25 1.5 0
-0.9375 1.5 0
-0.9375 1.375 0
-0.625 1.375 0
-0.9375 1.5 0
-0.625 1.5 0
-0.625 1.25 0
-0.3125 1.25 0
-0.625 1.375 0
-0.3125 1.375 0
-0.3125 1.25 0
0 1.25 0
-0.3125 1.375 0
0 1.375 0
-0.625 1.375 0
-0.3125 1.375 0
-0.625 1.5 0
-0.3125 1.5 0
-0.3125 1.375 0
0 1.375 0
-0.3125 1.5 0
0 1.5 0
-2.5 1.5 0
-2.1875 1.5 0
-2.5 1.625 0
-2.1875 1.625 0
-2.1875 1.5 0
-1.875 1.5 0
-2.1875 1.625 0
-1.875 1.625 0
-2.5 1.625 0
-2.1875 1.625 0
-2.5 1.75 0
-2.1875 1.75 0
-2.1875 1.625 0
-1.875 1.625 0
-2.1875 1.75 0
-1.875 1.75 0
-1.875 1.5 0
-1.5625 1.5 0
-1.875 1.625 0
-1.5625 1.625 0
-1.5625 1.5 0
-1.25 1.5 0
-1.5625 1.625 0
-1.25 1.625 0
-1.875 1.625 0
-1.5625 1.625 0
-1.875 1.75 0
-1.5625 1.75 0
-1.5625 1.625 0
-1.25 1.625 0
-1.5625 1.75 0
-1.25 1.75 0
-2.5 1.75 0
-2.1875 1.75 0
-2.5 1.875 0
-2.1875 1.875 0
-2.1875 1.75 0
-1.875 1.75 0
-2.1875 1.875 0
-1.875 1.875 0
-2.5 1.875 0
-2.1875 1.875 0
-2.5 2 0
-2.1875 2 0
-2.1875 1.875 0
-1.875 1.875 0
-2.1875 2 0
-1.875 2 0
-1.875 1.75 0
-1.5625 1.75 0
-1.875 1.875 0
-1.5625 1.875 0
-1.5625 1.75 0
-1.25 1.75 0
-1.5625 1.875 0
-1.25 1.875 0
-1.875 1.875 0
-1.5625 1.875 0
-1.875 2 0
-1.5625 2 0
-1.5625 1.875 0
-1.25 1.875 0
-1.5625 2 0
-1.25 2 0
-1.25 1.5 0
-0.9375 1.5 0
-1.25 1.625 0
-0.9375 1.625 0
-0.9375 1.5 0
-0.625 1.5 0
-0.9375 1.625 0
-0.625 1.625 0
-1.25 1.625 0
-0.9375 1.625 0
-1.25 1.75 0
-0.9375 1.75 0
-0.9375 1.625 0
-0.625 1.625 0
-0.9375 1.75 0
-0.625 1.75 0
-0.625 1.5 0
-0.3125 1.5 0
-0.625 1.625 0
-0.3125 1.625 0
-0.3125 1.5 0
0 1.5 0
-0.3125 1.625 0
0 1.625 0
-0.625 1.625 0
-0.3125 1.625 0
-0.625 1.75 0
-0.3125 1.75 0
-0.3125 1.625 0
0 1.625 0
-0.3125 1.75 0
0 1.75 0
-1.25 1.75 0
-0.9375 1.75 0
-1.25 1.875 0
-0.9375 1.875 0
-0.9375 1.75 0
-0.625 1.75 0
-0.9375 1.875 0
-0.625 1.875 0
-1.25 1.875 0
-0.9375 1.875 0
-1.25 2 0
-0.9375 2 0
-0.9375 1.875 0
-0.625 1.875 0
-0.9375 2 0
-0.625 2 0
-0.625 1.75 0
-0.3125 1.75 0
-0.625 1.875 0
-0.3125 1.875 0
-0.3125 1.75 0
0 1.75 0
-0.3125 1.875 0
0 1.875 0
-0.625 1.875 0
-0.3125 1.875 0
-0.625 2 0
-0.3125 2 0
-0.3125 1.875 0
0 1.875 0
-0.3125 2 0
0 2 0
0 1 0
0.3125 1 0
0 1.125 0
0.3125 1.125 0
0.3125 1 0
0.625 1 0
0.3125 1.125 0
0.625 1.125 0
0 1.125 0
0.3125 1.125 0
0 1.25 0
0.3125 1.25 0
0.3125 1.125 0
0.625 1.125 0
0.3125 1.25 0
0.625 1.25 0
0.625 1 0
0.9375 1 0
0.625 1.125 0
0.9375 1.125 0
0.9375 1 0
1.25 1 0
0.9375 1.125 0
1.25 1.125 0
0.625 1.125 0
0.9375 1.125 0
0.625 1.25 0
0.9375 1.25 0
0.9375 1.125 0
1.25 1.125 0
0.9375 1.25 0
1.25 1.25 0
0 1.25 0
0.3125 1.25 0
0 1.375 0
0.3125 1.375 0
0.3125 1.25 0
0.625 1.25 0
0.3125 1.375 0
0.625 1.375 0
0 1.375 0
0.3125 1.375 0
0 1.5 0
0.3125 1.5 0
0.3125 1.375 0
0.625 1.375 0
0.3125 1.5 0
0.625 1.5 0
0.625 1.25 0
0.9375 1.25 0
0.625 1.375 0
0.9375 1.375 0
0.9375 1.25 0
1.25 1.25 0
0.9375 1.375 0
1.25 1.375 0
0.625 1.375 0
0.9375 1.375 0
0.625 1.5 0
0.9375 1.5 0
0.9375 1.375 0
1.25 1.375 0
0.9375 1.5 0
1.25 1.5 0
1.25 1 0
1.5625 1 0
1.25 1.125 0
1.5625 1.125 0
1.5625 1 0
1.875 1 0
1.5625 1.125 0
1.875 1.125 0
1.25 1.125 0
1.5625 1.125 0
1.25 1.25 0
1.5625 1.25 0
1.5625 1.125 0
1.875 1.125 0
1.5625 1.25 0
1.875 1.25 0
1.875 1 0
2.1875 1 0
1.875 1.125 0
2.1875 1.125 0
2.1875 1 0
2.5 1 0
2.1875 1.125 0
2.5 1.125 0
1.875 1.125 0
2.1875 1.125 0
1.875 1.25 0
2.1875 1.25 0
2.1875 1.125 0
2.5 1.125 0
2.1875 1.25 0
2.5 1.25 0
1.25 1.25 0
1.5625 1.25 0
1.25 1.375 0
1.5625 1.375 0
1.5625 1.25 0
1.875 1.25 0
1.5625 1.375 0
1.875 1.375 0
1.25 1.375 0
1.5625 1.375 0
1.25 1.5 0
1.5625 1.5 0
1.5625 1.375 0
1.875 1.375 0
1.5625 1.5 0
1.875 1.5 0
1.875 1.25 0
2.1875 1.25 0
1.875 1.375 0
2.1875 1.375 0
2.1875 1.25 0
2.5 1.25 0
2.1875 1.375 0
2.5 1.375 0
1.875 1.375 0
2.1875 1.375 0
1.875 1.5 0
2.1875 1.5 0
2.1875 1.375 0
2.5 1.375 0
2.1875 1.5 0
2.5 1.5 0
0 1.5 0
0.3125 1.5 0
0 1.625 0
0.3125 1.625 0
0.3125 1.5 0
0.625 1.5 0
0.3125 1.625 0
0.625 1.625 0
0 1.625 0
0.3125 1.625 0
0 1.75 0
0.3125 1.75 0
0.3125 1.625 0
0.625 1.625 0
0.3125 1.75 0
0.625 1.75 0
0.625 1.5 0
0.9375 1.5 0
0.625 1.625 0
0.9375 1.625 0
0.9375 1.5 0
1.25 1.5 0
0.9375 1.625 0
1.25 1.625 0
0.625 1.625 0
0.9375 1.625 0
0.625 1.75 0
0.9375 1.75 0
0.9375 1.625 0
1.25 1.625 0
0.9375 1.75 0
1.25 1.75 0
0 1.75 0
0.3125 1.75 0
0 1.875 0
0.3125 1.875 0
0.3125 1.75 0
0.625 1.75 0
0.3125 1.875 0
0.625 1.875 0
0 1.875 0
0.3125 1.875 0
0 2 0
0.3125 2 0
0.3125 1.875 0
0.625 1.875 0
0.3125 2 0
0.625 2 0
0.625 1.75 0
0.9375 1.75 0
0.625 1.875 0
0.9375 1.875 0
0.9375 1.75 0
1.25 1.75 0
0.9375 1.875 0
1.25 1.875 0
0.625 1.875 0
0.9375 1.875 0
0.625 2 0
0.9375 2 0
0.9375 1.875 0
1.25 1.875 0
0.9375 2 0
1.25 2 0
1.25 1.5 0
1.5625 1.5 0
1.25 1.625 0
1.5625 1.625 0
1.5625 1.5 0
1.875 1.5 0
1.5625 1.625 0
1.875 1.625 0
1.25 1.625 0
1.5625 1.625 0
1.25 1.75 0
1.5625 1.75 0
1.5625 1.625 0
1.875 1.625 0
1.5625 1.75 0
1.875 1.75 0
1.875 1.5 0
2.1875 1.5 0
1.875 1.625 0
2.1875 1.625 0
2.1875 1.5 0
2.5 1.5 0
2.1875 1.625 0
2.5 1.625 0
1.875 1.625 0
2.1875 1.625 0
1.875 1.75 0
2.1875 1.75 0
2.1875 1.625 0
2.5 1.625 0
2.1875 1.75 0
2.5 1.75 0
1.25 1.75 0
1.5625 1.75 0
1.25 1.875 0
1.5625 1.875 0
1.5625 1.75 0
1.875 1.75 0
1.5625 1.875 0
1.875 1.875 0
1.25 1.875 0
1.5625 1.875 0
1.25 2 0
1.5625 2 0
1.5625 1.875 0
1.875 1.875 0
1.5625 2 0
1.875 2 0
1.875 1.75 0
2.1875 1.75 0
1.875 1.875 0
2.1875 1.875 0
2.1875 1.75 0
2.5 1.75 0
2.1875 1.875 0
2.5 1.875 0
1.875 1.875 0
2.1875 1.875 0
1.875 2 0
2.1875 2 0
2.1875 1.875 0
2.5 1.875 0
2.1875 2 0
2.5 2 0
2.5 1 0
2.8125 1 0
2.5 1.125 0
2.8125 1.125 0
2.8125 1 0
3.125 1 0
2.8125 1.125 0
3.125 1.125 0
2.5 1.125 0
2.8125 1.125 0
2.5 1.25 0
2.8125 1.25 0
2.8125 1.125 0
3.125 1.125 0
2.8125 1.25 0
3.125 1.25 0
3.125 1 0
3.4375 1 0
3.125 1.125 0
3.4375 1.125 0
3.4375 1 0
3.75 1 0
3.4375 1.125 0
3.75 1.125 0
3.125 1.125 0
3.4375 1.125 0
3.125 1.25 0
3.4375 1.25 0
3.4375 1.125 0
3.75 1.125 0
3.4375 1.25 0
3.75 1.25 0
2.5 1.25 0
2.8125 1.25 0
2.5 1.375 0
2.8125 1.375 0
2.8125 1.25 0
3.125 1.25 0
2.8125 1.375 0
3.125 1.375 0
2.5 1.375 0
2.8125 1.375 0
2.5 1.5 0
2.8125 1.5 0
2.8125 1.375 0
3.125 1.375 0
2.8125 1.5 0
3.125 1.5 0
3.125 1.25 0
3.4375 1.25 0
3.125 1.375 0
3.4375 1.375 0
3.4375 1.25 0
3.75 1.25 0
3.4375 1.375 0
3.75 1.375 0
3.125 1.375 0
3.4375 1.375 0
3.125 1.5 0
3.4375 1.5 0
3.4375 1.375 0
3.75 1.375 0
3.4375 1.5 0
3.75 1.5 0
3.75 1 0
4.0625 1 0
3.75 1.125 0
4.0625 1.125 0
4.0625 1 0
4.375 1 0
4.0625 1.125 0
4.375 1.125 0
3.75 1.125 0
4.0625 1.125 0
3.75 1.25 0
4.0625 1.25 0
4.0625 1.125 0
4.375 1.125 0
4.0625 1.25 0
4.375 1.25 0
4.375 1 0
4.6875 1 0
4.375 1.125 0
4.6875 1.125 0
4.6875 1 0
5 1 0
4.6875 1.125 0
5 1.125 0
4.375 1.125 0
4.6875 1.125 0
4.375 1.25 0
4.6875 1.25 0
4.6875 1.125 0
5 1.125 0
4.6875 1.25 0
5 1.25 0
3.75 1.25 0
4.0625 1.25 0
3.75 1.375 0
4.0625 1.375 0
4.0625 1.25 0
4.375 1.25 0
4.0625 1.375 0
4.375 1.375 0
3.75 1.375 0
4.0625 1.375 0
3.75 1.5 0
4.0625 1.5 0
4.0625 1.375 0
4.375 1.375 0
4.0625 1.5 0
4.375 1.5 0
4.375 1.25 0
4.6875 1.25 0
4.375 1.375 0
4.6875 1.375 0
4.6875 1.25 0
5 1.25 0
4.6875 1.375 0
5 1.375 0
4.375 1.375 0
4.6875 1.375 0
4.375 1.5 0
4.6875 1.5 0
4.6875 1.375 0
5 1.375 0
4.6875 1.5 0
5 1.5 0
2.5 1.5 0
2.8125 1.5 0
2.5 1.625 0
2.8125 1.625 0
2.8125 1.5 0
3.125 1.5 0
2.8125 1.625 0
3.125 1.625 0
2.5 1.625 0
2.8125 1.625 0
2.5 1.75 0
2.8125 1.75 0
2.8125 1.625 0
3.125 1.625 0
2.8125 1.75 0
3.125 1.75 0
3.125 1.5 0
3.4375 1.5 0
3.125 1.625 0
3.4375 1.625 0
3.4375 1.5 0
3.75 1.5 0
3.4375 1.625 0
3.75 1.625 0
3.125 1.625 0
3.4375 1.625 0
3.125 1.75 0
3.4375 1.75 0
3.4375 1.625 0
3.75 1.625 0
3.4375 1.75 0
3.75 1.75 0
2.5 1.75 0
2.8125 1.75 0
2.5 1.875 0
2.8125 1.875 0
2.8125 1.75 0
3.125 1.75 0
2.8125 1.875 0
3.125 1.875 0
2.5 1.875 0
2.8125 1.875 0
2.5 2 0
2.8125 2 0
2.8125 1.875 0
3.125 1.875 0
2.8125 2 0
3.125 2 0
3.125 1.75 0
3.4375 1.75 0
3.125 1.875 0
3.4375 1.875 0
3.4375 1.75 0
3.75 1.75 0
3.4375 1.875 0
3.75 1.875 0
3.125 1.875 0
3.4375 1.875 0
3.125 2 0
3.4375 2 0
3.4375 1.875 0
3.75 1.875 0
3.4375 2 0
3.75 2 0
3.75 1.5 0
4.0625 1.5 0
3.75 1.625 0
4.0625 1.625 0
4.0625 1.5 0
4.375 1.5 0
4.0625 1.625 0
4.375 1.625 0
3.75 1.625 0
4.0625 1.625 0
3.75 1.75 0
4.0625 1.75 0
4.0625 1.625 0
4.375 1.625 0
4.0625 1.75 0
4.375 1.75 0
4.375 1.5 0
4.6875 1.5 0
4.375 1.625 0
4.6875 1.625 0
4.6875 1.5 0
5 1.5 0
4.6875 1.625 0
5 1.625 0
4.375 1.625 0
4.6875 1.625 0
4.375 1.75 0
4.6875 1.75 0
4.6875 1.625 0
5 1.625 0
4.6875 1.75 0
5 1.75 0
3.75 1.75 0
4.0625 1.75 0
3.75 1.875 0
4.0625 1.875 0
4.0625 1.75 0
4.375 1.75 0
4.0625 1.875 0
4.375 1.875 0
3.75 1.875 0
4.0625 1.875 0
3.75 2 0
4.0625 2 0
4.0625 1.875 0
4.375 1.875 0
4.0625 2 0
4.375 2 0
4.375 1.75 0
4.6875 1.75 0
4.375 1.875 0
4.6875 1.875 0
4.6875 1.75 0
5 1.75 0
4.6875 1.875 0
5 1.875 0
4.375 1.875 0
4.6875 1.875 0
4.375 2 0
4.6875 2 0
4.6875 1.875 0
5 1.875 0
4.6875 2 0
5 2 0

CELLS 1024 5120
4	0	1	3	2
4	4	5	7	6
4	8	9	11	10
4	12	13	15	14
4	16	17	19	18
4	20	21	23	22
4	24	25	27	26
4	28	29	31	30
4	32	33	35	34
4	36	37	39	38
4	40	41	43	42
4	44	45	47	46
4	48	49	51	50
4	52	53	55	54
4	56	57	59	58
4	60	61	63	62
4	64	65	67	66
4	68	69	71	70
4	72	73	75	74
4	76	77	79	78
4	80	81	83	82
4	84	85	87	86
4	88	89	91	90
4	92	93	95	94
4	96	97	99	98
4	100	101	103	102
4	104	105	107	106
4	108	109	111	110
4	112	113	115	114
4	116	117	119	118
4	120	121	123	122
4	124	125	127	126
4	128	129	131	130
4	132	133	135	134
4	136	137	139	138
4	140	141	143	142
4	144	145	147	146
4	148	149	151	150
4	152	153	155	154
4	156	157	159	158
4	160	161	163	162
4	164	165	167	166
4	168	169	171	170
4	172	173	175	174
4	176	177	179	178
4	180	181	183	182
4	184	185	187	186
4	188	189	191	190
4	192	193	195	194
4	196	197	199	198
4	200	201	203	202
4	204	205	207	206
4	208	209	211	210
4	212	213	215	214
4	216	217	219	218
4	220	221	223	222
4	224	225	227	226
4	228	229	231	230
4	232	233	235	234
4	236	237	239	238
4	240	241	243	242
4	244	245	247	246
4	248	249	251	250
4	252	253	255	254
4	256	257	259	258
4	260	261	263	262
4	264	265	267	266
4	268	269	271	270
4	272	273	275	274
4	276	277	279	278
4	280	281	283	282
4	284	285	287	286
4	288	289	291	290
4	292	293	295	294
4	296	297	299	298
4	300	301	303	302
4	304	305	307	306
4	308	309	311	310
4	312	313	315	314
4	316	317	319	318
4	320	321	323	322
4	324	325	327	326
4	328	329	331	330
4	332	333	335	334
4	336	337	339	338
4	340	341	343	342
4	344	345	347	346
4	348	349	351	350
4	352	353	355	354
4	356	357	359	358
4	360	361	363	362
4	364	365	367	366
4	368	369	371	370
4	372	373	375	374
4	376	377	379	378
4	380	381	383	382
4	384	385	387	386
4	388	389	391	390
4	392	393	395	394
4	396	397	399	398
4	400	401	403	402
4	404	405	407	406
4	408	409	411	410
4	412	413	415	414
4	416	417	419	418
4	420	421	423	422
4	424	425	427	426
4	428	429	431	430
4	432	433	435	434
4	436	437	439	438
4	440	441	443	442
4	444	445	447	446
4	448	449	451	450
4	452	453	455	454
4	456	457	459	458
4	460	461	463	462
4	464	465	467	466
4	468	469	471	470
4	472	473	475	474
4	476	477	479	478
4	480	481	483	482
4	484	485	487	486
4	488	489	491	490
4	492	493	495	494
4	496	497	499	498
4	500	501	503	502
4	504	505	507	506
4	508	509	511	510
4	512	513	515	514
4	516	517	519	518
4	520	521	523	522
4	524	525	527	526
4	528	529	531	530
4	532	533	535	534
4	536	537	539	538
4	540	541	543	542
4	544	545	547	546
4	548	549	551	550
4	552	553	555	554
4	556	557	559	558
4	560	561	563	562
4	564	565	567	566
4	568	569	571	570
4	572	573	575	574
4	576	577	579	578
4	580	581	583	582
4	584	585	587	586
4	588	589	591	590
4	592	593	595	594
4	596	597	599	598
4	600	601	603	602
4	604	605	607	606
4	608	609	611	610
4	612	613	615	614
4	616	617	619	618
4	620	621	623	622
4	624	625	627	626
4	628	629	631	630
4	632	633	635	634
4	636	637	639	638
4	640	641	643	642
4	644	645	647	646
4	648	649	651	650
4	652	653	655	654
4	656	657	659	658
4	660	661	663	662
4	664	665	667	666
4	668	669	671	670
4	672	673	675	674
4	676	677	679	678
4	680	681	683	682
4	684	685	687	686
4	688	689	691	690
4	692	693	695	694
4	696	697	699	698
4	700	701	703	702
4	704	705	707	706
4	708	709	711	710
4	712	713	715	714
4	716	717	719	718
4	720	721	723	722
4	724	725	727	726
4	728	729	731	730
4	732	733	735	734
4	736	737	739	738
4	740	741	743	742
4	744	745	747	746
4	748	749	751	750
4	752	753	755	754
4	756	757	759	758
4	760	761	763	762
4	764	765	767	766
4	768	769	771	770
4	772	773	775	774
4	776	777	779	778
4	780	781	783	782
4	784	785	787	786
4	788	789	791	790
4	792	793	795	794
4	796	797	799	798
4	800	801	803	802
4	804	805	807	806
4	808	809	811	810
4	812	813	815	814
4	816	817	819	818
4	820	821	823	822
4	824	825	827	826
4	828	829	831	830
4	832	833	835	834
4	836	837	839	838
4	840	841	843	842
4	844	845	847	846
4	848	849	851	850
4	852	853	855	854
4	856	857	859	858
4	860	861	863	862
4	864	865	867	866
4	868	869	871	870
4	872	873	875	874
4	876	877	879	878
4	880	881	883	882
4	884	885	887	886
4	888	889	891	890
4	892	893	895	894
4	896	897	899	898
4	900	901	903	902
4	904	905	907	906
4	908	909	911	910
4	912	913	915	914
4	916	917	919	918
4	920	921	923	922
4	924	925	927	926
4	928	929	931	930
4	932	933	935	934
4	936	937	939	938
4	940	941	943	942
4	944	945	947	946
4	948	949	951	950
4	952	953	955	954
4	956	957	959	958
4	960	961	963	962
4	964	965	967	966
4	968	969	971	970
4	972	973	975	974
4	976	977	979	978
4	980	981	983	982
4	984	985	987	986
4	988	989	991	990
4	992	993	995	994
4	996	997	999	998
4	1000	1001	1003	1002
4	1004	1005	1007	1006
4	1008	1009	1011	1010
4	1012	1013	1015	1014
4	1016	1017	1019	1018
4	1020	1021	1023	1022
4	1024	1025	1027	1026
4	1028	1029	1031	1030
4	1032	1033	1035	1034
4	1036	1037	1039	1038
4	1040	1041	1043	1042
4	1044	1045	1047	1046
4	1048	1049	1051	1050
4	1052	1053	1055	1054
4	1056	1057	1059	1058
4	1060	1061	1063	1062
4	1064	1065	1067	1066
4	1068	1069	1071	1070
4	1072	1073	1075	1074
4	1076	1077	1079	1078
4	1080	1081	1083	1082
4	1084	1085	1087	1086
4	1088	1089	1091	1090
4	1092	1093	1095	1094
4	1096	1097	1099	1098
4	1100	1101	1103	1102
4	1104	1105	1107	1106
4	1108	1109	1111	1110
4	1112	1113	1115	1114
4	1116	1117	1119	1118
4	1120	1121	1123	1122
4	1124	1125	1127	1126
4	1128	1129	1131	1130
4	1132	1133	1135	1134
4	1136	1137	1139	1138
4	1140	1141	1143	1142
4	1144	1145	1147	1146
4	1148	1149	1151	1150
4	1152	1153	1155	1154
4	1156	1157	1159	1158
4	1160	1161	1163	1162
4	1164	1165	1167	1166
4	1168	1169	1171	1170
4	1172	1173	1175	1174
4	1176	1177	1179	1178
4	1180	1181	1183	1182
4	1184	1185	1187	1186
4	1188	1189	1191	1190
4	1192	1193	1195	1194
4	1196	1197	1199	1198
4	1200	1201	1203	1202
4	1204	1205	1207	1206
4	1208	1209	1211	1210
4	1212	1213	1215	1214
4	1216	1217	1219	1218
4	1220	1221	1223	1222
4	1224	1225	1227	1226
4	1228	1229	1231	1230
4	1232	1233	1235	1234
4	1236	1237	1239	1238
4	1240	1241	1243	1242
4	1244	1245	1247	1246
4	1248	1249	1251	1250
4	1252	1253	1255	1254
4	1256	1257	1259	1258
4	1260	1261	1263	1262
4	1264	1265	1267	1266
4	1268	1269	1271	1270
4	1272	1273	1275	1274
4	1276	1277	1279	1278
4	1280	1281	1283	1282
4	1284	1285	1287	1286
4	1288	1289	1291	1290
4	1292	1293	1295	1294
4	1296	1297	1299	1298
4	1300	1301	1303	1302
4	1304	1305	1307	1306
4	1308	1309	1311	1310
4	1312	1313	1315	1314
4	1316	1317	1319	1318
4	1320	1321	1323	1322
4	1324	1325	1327	1326
4	1328	1329	1331	1330
4	1332	1333	1335	1334
4	1336	1337	1339	1338
4	1340	1341	1343	1342
4	1344	1345	1347	1346
4	1348	1349	1351	1350
4	1352	1353	1355	1354
4	1356	1357	1359	1358
4	1360	1361	1363	1362
4	1364	1365	1367	1366
4	1368	1369	1371	1370
4	1372	1373	1375	1374
4	1376	1377	1379	1378
4	1380	1381	1383	1382
4	1384	1385	1387	1386
4	1388	1389	1391	1390
4	1392	1393	1395	1394
4	1396	1397	1399	1398
4	1400	1401	1403	1402
4	1404	1405	1407	1406
4	1408	1409	1411	1410
4	1412	1413	1415	1414
4	1416	1417	1419	1418
4	1420	1421	1423	1422
4	1424	1425	1427	1426
4	1428	1429	1431	1430
4	1432	1433	1435	1434
4	1436	1437	1439	1438
4	1440	1441	1443	1442
4	1444	1445	1447	1446
4	1448	1449	1451	1450
4	1452	1453	1455	1454
4	1456	1457	1459	1458
4	1460	1461	1463	1462
4	1464	1465	1467	1466
4	1468	1469	1471	1470
4	1472	1473	1475	1474
4	1476	1477	1479	1478
4	1480	1481	1483	1482
4	1484	1485	1487	1486
4	1488	1489	1491	1490
4	1492	1493	1495	1494
4	1496	1497	1499	1498
4	1500	1501	1503	1502
4	1504	1505	1507	1506
4	1508	1509	1511	1510
4	1512	1513	1515	1514
4	1516	1517	1519	1518
4	1520	1521	1523	1522
4	1524	1525	1527	1526
4	1528	1529	1531	1530
4	1532	1533	1535	1534
4	1536	1537	1539	1538
4	1540	1541	1543	1542
4	1544	1545	1547	1546
4	1548	1549	1551	1550
4	1552	1553	1555	1554
4	1556	1557	1559	1558
4	1560	1561	1563	1562
4	1564	1565	1567	1566
4	1568	1569	1571	1570
4	1572	1573	1575	1574
4	1576	1577	1579	1578
4	1580	1581	1583	1582
4	1584	1585	1587	1586
4	1588	1589	1591	1590
4	1592	1593	1595	1594
4	1596	1597	1599	1598
4	1600	1601	1603	1602
4	1604	1605	1607	1606
4	1608	1609	1611	1610
4	1612	1613	1615	1614
4	1616	1617	1619	1618
4	1620	1621	1623	1622
4	1624	1625	1627	1626
4	1628	1629	1631	1630
4	1632	1633	1635	1634
4	1636	1637	1639	1638
4	1640	1641	1643	1642
4	1644	1645	1647	1646
4	1648	1649	1651	1650
4	1652	1653	1655	1654
4	1656	1657	1659	1658
4	1660	1661	1663	1662
4	1664	1665	1667	1666
4	1668	1669	1671	1670
4	1672	1673	1675	1674
4	1676	1677	1679	1678
4	1680	1681	1683	1682
4	1684	1685	1687	1686
4	1688	1689	1691	1690
4	1692	1693	1695	1694
4	1696	1697	1699	1698
4	1700	1701	1703	1702
4	1704	1705	1707	1706
4	1708	1709	1711	1710
4	1712	1713	1715	1714
4	1716	1717	1719	1718
4	1720	1721	1723	1722
4	1724	1725	1727	1726
4	1728	1729	1731	1730
4	1732	1733	1735	1734
4	1736	1737	1739	1738
4	1740	1741	1743	1742
4	1744	1745	1747	1746
4	1748	1749	1751	1750
4	1752	1753	1755	1754
4	1756	1757	1759	1758
4	1760	1761	1763	1762
4	1764	1765	1767	1766
4	1768	1769	1771	1770
4	1772	1773	1775	1774
4	1776	1777	1779	1778
4	1780	1781	1783	1782
4	1784	1785	1787	1786
4	1788	1789	1791	1790
4	1792	1793	1795	1794
4	1796	1797	1799	1798
4	1800	1801	1803	1802
4	1804	1805	1807	1806
4	1808	1809	1811	1810
4	1812	1813	1815	1814
4	1816	1817	1819	1818
4	1820	1821	1823	1822
4	1824	1825	1827	1826
4	1828	1829	1831	1830
4	1832	1833	1835	1834
4	1836	1837	1839	1838
4	1840	1841	1843	1842
4	1844	1845	1847	1846
4	1848	1849	1851	1850
4	1852	1853	1855	1854
4	1856	1857	1859	1858
4	1860	1861	1863	1862
4	1864	1865	1867	1866
4	1868	1869	1871	1870
4	1872	1873	1875	1874
4	1876	1877	1879	1878
4	1880	1881	1883	1882
4	1884	1885	1887	1886
4	1888	1889	1891	1890
4	1892	1893	1895	1894
4	1896	1897	1899	1898
4	1900	1901	1903	1902
4	1904	1905	1907	1906
4	1908	1909	1911	1910
4	1912	1913	1915	1914
4	1916	1917	1919	1918
4	1920	1921	1923	1922
4	1924	1925	1927	1926
4	1928	1929	1931	1930
4	1932	1933	1935	1934
4	1936	1937	1939	1938
4	1940	1941	1943	1942
4	1944	1945	1947	1946
4	1948	1949	1951	1950
4	1952	1953	1955	1954
4	1956	1957	1959	1958
4	1960	1961	1963	1962
4	1964	1965	1967	1966
4	1968	1969	1971	1970
4	1972	1973	1975	1974
4	1976	1977	1979	1978
4	1980	1981	1983	1982
4	1984	1985	1987	1986
4	1988	1989	1991	1990
4	1992	1993	1995	1994
4	1996	1997	1999	1998
4	2000	2001	2003	2002
4	2004	2005	2007	2006
4	2008	2009	2011	2010
4	2012	2013	2015	2014
4	2016	2017	2019	2018
4	2020	2021	2023	2022
4	2024	2025	2027	2026
4	2028	2029	2031	2030
4	2032	2033	2035	2034
4	2036	2037	2039	2038
4	2040	2041	2043	2042
4	2044	2045	2047	2046
4	2048	2049	2051	2050
4	2052	2053	2055	2054
4	2056	2057	2059	2058
4	2060	2061	2063	2062
4	2064	2065	2067	2066
4	2068	2069	2071	2070
4	2072	2073	2075	2074
4	2076	2077	2079	2078
4	2080	2081	2083	2082
4	2084	2085	2087	2086
4	2088	2089	2091	2090
4	2092	2093	2095	2094
4	2096	2097	2099	2098
4	2100	2101	2103	2102
4	2104	2105	2107	2106
4	2108	2109	2111	2110
4	2112	2113	2115	2114
4	2116	2117	2119	2118
4	2120	2121	2123	2122
4	2124	2125	2127	2126
4	2128	2129	2131	2130
4	2132	2133	2135	2134
4	2136	2137	2139	2138
4	2140	2141	2143	2142
4	2144	2145	2147	2146
4	2148	2149	2151	2150
4	2152	2153	2155	2154
4	2156	2157	2159	2158
4	2160	2161	2163	2162
4	2164	2165	2167	2166
4	2168	2169	2171	2170
4	2172	2173	2175	2174
4	2176	2177	2179	2178
4	2180	2181	2183	2182
4	2184	2185	2187	2186
4	2188	2189	2191	2190
4	2192	2193	2195	2194
4	2196	2197	2199	2198
4	2200	2201	2203	2202
4	2204	2205	2207	2206
4	2208	2209	2211	2210
4	2212	2213	2215	2214
4	2216	2217	2219	2218
4	2220	2221	2223	2222
4	2224	2225	2227	2226
4	2228	2229	2231	2230
4	2232	2233	2235	2234
4	2236	2237	2239	2238
4	2240	2241	2243	2242
4	2244	2245	2247	2246
4	2248	2249	2251	2250
4	2252	2253	2255	2254
4	2256	2257	2259	2258
4	2260	2261	2263	2262
4	2264	2265	2267	2266
4	2268	2269	2271	2270
4	2272	2273	2275	2274
4	2276	2277	2279	2278
4	2280	2281	2283	2282
4	2284	2285	2287	2286
4	2288	2289	2291	2290
4	2292	2293	2295	2294
4	2296	2297	2299	2298
4	2300	2301	2303	2302
4	2304	2305	2307	2306
4	2308	2309	2311	2310
4	2312	2313	2315	2314
4	2316	2317	2319	2318
4	2320	2321	2323	2322
4	2324	2325	2327	2326
4	2328	2329	2331	2330
4	2332	2333	2335	2334
4	2336	2337	2339	2338
4	2340	2341	2343	2342
4	2344	2345	2347	2346
4	2348	2349	2351	2350
4	2352	2353	2355	2354
4	2356	2357	2359	2358
4	2360	2361	2363	2362
4	2364	2365	2367	2366
4	2368	2369	2371	2370
4	2372	2373	2375	2374
4	2376	2377	2379	2378
4	2380	2381	2383	2382
4	2384	2385	2387	2386
4	2388	2389	2391	2390
4	2392	2393	2395	2394
4	2396	2397	2399	2398
4	2400	2401	2403	2402
4	2404	2405	2407	2406
4	2408	2409	2411	2410
4	2412	2413	2415	2414
4	2416	2417	2419	2418
4	2420	2421	2423	2422
4	2424	2425	2427	2426
4	2428	2429	2431	2430
4	2432	2433	2435	2434
4	2436	2437	2439	2438
4	2440	2441	2443	2442
4	2444	2445	2447	2446
4	2448	2449	2451	2450
4	2452	2453	2455	2454
4	2456	2457	2459	2458
4	2460	2461	2463	2462
4	2464	2465	2467	2466
4	2468	2469	2471	2470
4	2472	2473	2475	2474
4	2476	2477	2479	2478
4	2480	2481	2483	2482
4	2484	2485	2487	2486
4	2488	2489	2491	2490
4	2492	2493	2495	2494
4	2496	2497	2499	2498
4	2500	2501	2503	2502
4	2504	2505	2507	2506
4	2508	2509	2511	2510
4	2512	2513	2515	2514
4	2516	2517	2519	2518
4	2520	2521	2523	2522
4	2524	2525	2527	2526
4	2528	2529	2531	2530
4	2532	2533	2535	2534
4	2536	2537	2539	2538
4	2540	2541	2543	2542
4	2544	2545	2547	2546
4	2548	2549	2551	2550
4	2552	2553	2555	2554
4	2556	2557	2559	2558
4	2560	2561	2563	2562
4	2564	2565	2567	2566
4	2568	2569	2571	2570
4	2572	2573	2575	2574
4	2576	2577	2579	2578
4	2580	2581	2583	2582
4	2584	2585	2587	2586
4	2588	2589	2591	2590
4	2592	2593	2595	2594
4	2596	2597	2599	2598
4	2600	2601	2603	2602
4	2604	2605	2607	2606
4	2608	2609	2611	2610
4	2612	2613	2615	2614
4	2616	2617	2619	2618
4	2620	2621	2623	2622
4	2624	2625	2627	2626
4	2628	2629	2631	2630
4	2632	2633	2635	2634
4	2636	2637	2639	2638
4	2640	2641	2643	2642
4	2644	2645	2647	2646
4	2648	2649	2651	2650
4	2652	2653	2655	2654
4	2656	2657	2659	2658
4	2660	2661	2663	2662
4	2664	2665	2667	2666
4	2668	2669	2671	2670
4	2672	2673	2675	2674
4	2676	2677	2679	2678
4	2680	2681	2683	2682
4	2684	2685	2687	2686
4	2688	2689	2691	2690
4	2692	2693	2695	2694
4	2696	2697	2699	2698
4	2700	2701	2703	2702
4	2704	2705	2707	2706
4	2708	2709	2711	2710
4	2712	2713	2715	2714
4	2716	2717	2719	2718
4	2720	2721	2723	2722
4	2724	2725	2727	2726
4	2728	2729	2731	2730
4	2732	2733	2735	2734
4	2736	2737	2739	2738
4	2740	2741	2743	2742
4	2744	2745	2747	2746
4	2748	2749	2751	2750
4	2752	2753	2755	2754
4	2756	2757	2759	2758
4	2760	2761	2763	2762
4	2764	2765	2767	2766
4	2768	2769	2771	2770
4	2772	2773	2775	2774
4	2776	2777	2779	2778
4	2780	2781	2783	2782
4	2784	2785	2787	2786
4	2788	2789	2791	2790
4	2792	2793	2795	2794
4	2796	2797	2799	2798
4	2800	2801	2803	2802
4	2804	2805	2807	2806
4	2808	2809	2811	2810
4	2812	2813	2815	2814
4	2816	2817	2819	2818
4	2820	2821	2823	2822
4	2824	2825	2827	2826
4	2828	2829	2831	2830
4	2832	2833	2835	2834
4	2836	2837	2839	2838
4	2840	2841	2843	2842
4	2844	2845	2847	2846
4	2848	2849	2851	2850
4	2852	2853	2855	2854
4	2856	2857	2859	2858
4	2860	2861	2863	2862
4	2864	2865	2867	2866
4	2868	2869	2871	2870
4	2872	2873	2875	2874
4	2876	2877	2879	2878
4	2880	2881	2883	2882
4	2884	2885	2887	2886
4	2888	2889	2891	2890
4	2892	2893	2895	2894
4	2896	2897	2899	2898
4	2900	2901	2903	2902
4	2904	2905	2907	2906
4	2908	2909	2911	2910
4	2912	2913	2915	2914
4	2916	2917	2919	2918
4	2920	2921	2923	2922
4	2924	2925	2927	2926
4	2928	2929	2931	2930
4	2932	2933	2935	2934
4	2936	2937	2939	2938
4	2940	2941	2943	2942
4	2944	2945	2947	2946
4	2948	2949	2951	2950
4	2952	2953	2955	2954
4	2956	2957	2959	2958
4	2960	2961	2963	2962
4	2964	2965	2967	2966
4	2968	2969	2971	2970
4	2972	2973	2975	2974
4	2976	2977	2979	2978
4	2980	2981	2983	2982
4	2984	2985	2987	2986
4	2988	2989	2991	2990
4	2992	2993	2995	2994
4	2996	2997	2999	2998
4	3000	3001	3003	3002
4	3004	3005	3007	3006
4	3008	3009	3011	3010
4	3012	3013	3015	3014
4	3016	3017	3019	3018
4	3020	3021	3023	3022
4	3024	3025	3027	3026
4	3028	3029	3031	3030
4	3032	3033	3035	3034
4	3036	3037	3039	3038
4	3040	3041	3043	3042
4	3044	3045	3047	3046
4	3048	3049	3051	3050
4	3052	3053	3055	3054
4	3056	3057	3059	3058
4	3060	3061	3063	3062
4	3064	3065	3067	3066
4	3068	3069	3071	3070
4	3072	3073	3075	3074
4	3076	3077	3079	3078
4	3080	3081	3083	3082
4	3084	3085	3087	3086
4	3088	3089	3091	3090
4	3092	3093	3095	3094
4	3096	3097	3099	3098
4	3100	3101	3103	3102
4	3104	3105	3107	3106
4	3108	3109	3111	3110
4	3112	3113	3115	3114
4	3116	3117	3119	3118
4	3120	3121	3123	3122
4	3124	3125	3127	3126
4	3128	3129	3131	3130
4	3132	3133	3135	3134
4	3136	3137	3139	3138
4	3140	3141	3143	3142
4	3144	3145	3147	3146
4	3148	3149	3151	3150
4	3152	3153	3155	3154
4	3156	3157	3159	3158
4	3160	3161	3163	3162
4	3164	3165	3167	3166
4	3168	3169	3171	3170
4	3172	3173	3175	3174
4	3176	3177	3179	3178
4	3180	3181	3183	3182
4	3184	3185	3187	3186
4	3188	3189	3191	3190
4	3192	3193	3195	3194
4	3196	3197	3199	3198
4	3200	3201	3203	3202
4	3204	3205	3207	3206
4	3208	3209	3211	3210
4	3212	3213	3215	3214
4	3216	3217	3219	3218
4	3220	3221	3223	3222
4	3224	3225	3227	3226
4	3228	3229	3231	3230
4	3232	3233	3235	3234
4	3236	3237	3239	3238
4	3240	3241	3243	3242
4	3244	3245	3247	3246
4	3248	3249	3251	3250
4	3252	3253	3255	3254
4	3256	3257	3259	3258
4	3260	3261	3263	3262
4	3264	3265	3267	3266
4	3268	3269	3271	3270
4	3272	3273	3275	3274
4	3276	3277	3279	3278
4	3280	3281	3283	3282
4	3284	3285	3287	3286
4	3288	3289	3291	3290
4	3292	3293	3295	3294
4	3296	3297	3299	3298
4	3300	3301	3303	3302
4	3304	3305	3307	3306
4	3308	3309	3311	3310
4	3312	3313	3315	3314
4	3316	3317	3319	3318
4	3320	3321	3323	3322
4	3324	3325	3327	3326
4	3328	3329	3331	3330
4	3332	3333	3335	3334
4	3336	3337	3339	3338
4	3340	3341	3343	3342
4	3344	3345	3347	3346
4	3348	3349	3351	3350
4	3352	3353	3355	3354
4	3356	3357	3359	3358
4	3360	3361	3363	3362
4	3364	3365	3367	3366
4	3368	3369	3371	3370
4	3372	3373	3375	3374
4	3376	3377	3379	3378
4	3380	3381	3383	3382
4	3384	3385	3387	3386
4	3388	3389	3391	3390
4	3392	3393	3395	3394
4	3396	3397	3399	3398
4	3400	3401	3403	3402
4	3404	3405	3407	3406
4	3408	3409	3411	3410
4	3412	3413	3415	3414
4	3416	3417	3419	3418
4	3420	3421	3423	3422
4	3424	3425	3427	3426
4	3428	3429	3431	3430
4	3432	3433	3435	3434
4	3436	3437	3439	3438
4	3440	3441	3443	3442
4	3444	3445	3447	3446
4	3448	3449	3451	3450
4	3452	3453	3455	3454
4	3456	3457	3459	3458
4	3460	3461	3463	3462
4	3464	3465	3467	3466
4	3468	3469	3471	3470
4	3472	3473	3475	3474
4	3476	3477	3479	3478
4	3480	3481	3483	3482
4	3484	3485	3487	3486
4	3488	3489	3491	3490
4	3492	3493	3495	3494
4	3496	3497	3499	3498
4	3500	3501	3503	3502
4	3504	3505	3507	3506
4	3508	3509	3511	3510
4	3512	3513	3515	3514
4	3516	3517	3519	3518
4	3520	3521	3523	3522
4	3524	3525	3527	3526
4	3528	3529	3531	3530
4	3532	3533	3535	3534
4	3536	3537	3539	3538
4	3540	3541	3543	3542
4	3544	3545	3547	3546
4	3548	3549	3551	3550
4	3552	3553	3555	3554
4	3556	3557	3559	3558
4	3560	3561	3563	3562
4	3564	3565	3567	3566
4	3568	3569	3571	3570
4	3572	3573	3575	3574
4	3576	3577	3579	3578
4	3580	3581	3583	3582
4	3584	3585	3587	3586
4	3588	3589	3591	3590
4	3592	3593	3595	3594
4	3596	3597	3599	3598
4	3600	3601	3603	3602
4	3604	3605	3607	3606
4	3608	3609	3611	3610
4	3612	3613	3615	3614
4	3616	3617	3619	3618
4	3620	3621	3623	3622
4	3624	3625	3627	3626
4	3628	3629	3631	3630
4	3632	3633	3635	3634
4	3636	3637	3639	3638
4	3640	3641	3643	3642
4	3644	3645	3647	3646
4	3648	3649	3651	3650
4	3652	3653	3655	3654
4	3656	3657	3659	3658
4	3660	3661	3663	3662
4	3664	3665	3667	3666
4	3668	3669	3671	3670
4	3672	3673	3675	3674
4	3676	3677	3679	3678
4	3680	3681	3683	3682
4	3684	3685	3687	3686
4	3688	3689	3691	3690
4	3692	3693	3695	3694
4	3696	3697	3699	3698
4	3700	3701	3703	3702
4	3704	3705	3707	3706
4	3708	3709	3711	3710
4	3712	3713	3715	3714
4	3716	3717	3719	3718
4	3720	3721	3723	3722
4	3724	3725	3727	3726
4	3728	3729	3731	3730
4	3732	3733	3735	3734
4	3736	3737	3739	3738
4	3740	3741	3743	3742
4	3744	3745	3747	3746
4	3748	3749	3751	3750
4	3752	3753	3755	3754
4	3756	3757	3759	3758
4	3760	3761	3763	3762
4	3764	3765	3767	3766
4	3768	3769	3771	3770
4	3772	3773	3775	3774
4	3776	3777	3779	3778
4	3780	3781	3783	3782
4	3784	3785	3787	3786
4	3788	3789	3791	3790
4	3792	3793	3795	3794
4	3796	3797	3799	3798
4	3800	3801	3803	3802
4	3804	3805	3807	3806
4	3808	3809	3811	3810
4	3812	3813	3815	3814
4	3816	3817	3819	3818
4	3820	3821	3823	3822
4	3824	3825	3827	3826
4	3828	3829	3831	3830
4	3832	3833	3835	3834
4	3836	3837	3839	3838
4	3840	3841	3843	3842
4	3844	3845	3847	3846
4	3848	3849	3851	3850
4	3852	3853	3855	3854
4	3856	3857	3859	3858
4	3860	3861	3863	3862
4	3864	3865	3867	3866
4	3868	3869	3871	3870
4	3872	3873	3875	3874
4	3876	3877	3879	3878
4	3880	3881	3883	3882
4	3884	3885	3887	3886
4	3888	3889	3891	3890
4	3892	3893	3895	3894
4	3896	3897	3899	3898
4	3900	3901	3903	3902
4	3904	3905	3907	3906
4	3908	3909	3911	3910
4	3912	3913	3915	3914
4	3916	3917	3919	3918
4	3920	3921	3923	3922
4	3924	3925	3927	3926
4	3928	3929	3931	3930
4	3932	3933	3935	3934
4	3936	3937	3939	3938
4	3940	3941	3943	3942
4	3944	3945	3947	3946
4	3948	3949	3951	3950
4	3952	3953	3955	3954
4	3956	3957	3959	3958
4	3960	3961	3963	3962
4	3964	3965	3967	3966
4	3968	3969	3971	3970
4	3972	3973	3975	3974
4	3976	3977	3979	3978
4	3980	3981	3983	3982
4	3984	3985	3987	3986
4	3988	3989	3991	3990
4	3992	3993	3995	3994
4	3996	3997	3999	3998
4	4000	4001	4003	4002
4	4004	4005	4007	4006
4	4008	4009	4011	4010
4	4012	4013	4015	4014
4	4016	4017	4019	4018
4	4020	4021	4023	4022
4	4024	4025	4027	4026
4	4028	4029	4031	4030
4	4032	4033	4035	4034
4	4036	4037	4039	4038
4	4040	4041	4043	4042
4	4044	4045	4047	4046
4	4048	4049	4051	4050
4	4052	4053	4055	4054
4	4056	4057	4059	4058
4	4060	4061	4063	4062
4	4064	4065	4067	4066
4	4068	4069	4071	4070
4	4072	4073	4075	4074
4	4076	4077	4079	4078
4	4080	4081	4083	4082
4	4084	4085	4087	4086
4	4088	4089	4091	4090
4	4092	4093	4095	4094

CELL_TYPES 1024
 9 9 9 9 9 9 9 9 9 9 9 9 9 9 9 9 9 9 9 9 9 9 9 9 9 9 9 9 9 9 9 9 9 9 9 9 9 9 9 9 9 9 9 9 9 9 9 9 9 9 9 9 9 9 9 9 9 9 9 9 9 9 9 9 9 9 9 9 9 9 9 9 9 9 9 9 9 9 9 9 9 9 9 9 9 9 9 9 9 9 9 9 9 9 9 9 9 9 9 9 9 9 9 9 9 9 9 9 9 9 9 9 9 9 9 9 9 9 9 9 9 9 9 9 9 9 9 9 9 9 9 9 9 9 9 9 9 9 9 9 9 9 9 9 9 9 9 9 9 9 9 9 9 9 9 9 9 9 9 9 9 9 9 9 9 9 9 9 9 9 9 9 9 9 9 9 9 9 9 9 9 9 9 9 9 9 9 9 9 9 9 9 9 9 9 9 9 9 9 9 9 9 9 9 9 9 9 9 9 9 9 9 9 9 9 9 9 9 9 9 9 9 9 9 9 9 9 9 9 9 9 9 9 9 9 9 9 9 9 9 9 9 9 9 9 9 9 9 9 9 9 9 9 9 9 9 9 9 9 9 9 9 9 9 9 9 9 9 9 9 9 9 9 9 9 9 9 9 9 9 9 9 9 9 9 9 9 9 9 9 9 9 9 9 9 9 9 9 9 9 9 9 9 9 9 9 9 9 9 9 9 9 9 9 9 9 9 9 9 9 9 9 9 9 9 9 9 9 9 9 9 9 9 9 9 9 9 9 9 9 9 9 9 9 9 9 9 9 9 9 9 9 9 9 9 9 9 9 9 9 9 9 9 9 9 9 9 9 9 9 9 9 9 9 9 9 9 9 9 9 9 9 9 9 9 9 9 9 9 9 9 9 9 9 9 9 9 9 9 9 9 9 9 9 9 9 9 9 9 9 9 9 9 9 9 9 9 9 9 9 9 9 9 9 9 9 9 9 9 9 9 9 9 9 9 9 9 9 9 9 9 9 9 9 9 9 9 9 9 9 9 9 9 9 9 9 9 9 9 9 9 9 9 9 9 9 9 9 9 9 9 9 9 9 9 9 9 9 9 9 9 9 9 9 9 9 9 9 9 9 9 9 9 9 9 9 9 9 9 9 9 9 9 9 9 9 9 9 9 9 9 9 9 9 9 9 9 9 9 9 9 9 9 9 9 9 9 9 9 9 9 9 9 9 9 9 9 9 9 9 9 9 9 9 9 9 9 9 9 9 9 9 9 9 9 9 9 9 9 9 9 9 9 9 9 9 9 9 9 9 9 9 9 9 9 9 9 9 9 9 9 9 9 9 9 9 9 9 9 9 9 9 9 9 9 9 9 9 9 9 9 9 9 9 9 9 9 9 9 9 9 9 9 9 9 9 9 9 9 9 9 9 9 9 9 9 9 9 9 9 9 9 9 9 9 9 9 9 9 9 9 9 9 9 9 9 9 9 9 9 9 9 9 9 9 9 9 9 9 9 9 9 9 9 9 9 9 9 9 9 9 9 9 9 9 9 9 9 9 9 9 9 9 9 9 9 9 9 9 9 9 9 9 9 9 9 9 9 9 9 9 9 9 9 9 9 9 9 9 9 9 9 9 9 9 9 9 9 9 9 9 9 9 9 9 9 9 9 9 9 9 9 9 9 9 9 9 9 9 9 9 9 9 9 9 9 9 9 9 9 9 9 9 9 9 9 9 9 9 9 9 9 9 9 9 9 9 9 9 9 9 9 9 9 9 9 9 9 9 9 9 9 9 9 9 9 9 9 9 9 9 9 9 9 9 9 9 9 9 9 9 9 9 9 9 9 9 9 9 9 9 9 9 9 9 9 9 9 9 9 9 9 9 9 9 9 9 9 9 9 9 9 9 9 9 9 9 9 9 9 9 9 9 9 9 9 9 9 9 9 9 9 9 9 9 9 9 9 9 9 9 9 9 9 9 9 9 9 9 9 9 9 9 9 9 9 9 9 9 9 9 9 9 9 9 9 9 9 9 9 9 9 9 9 9 9 9 9 9 9 9 9 9 9 9 9 9 9 9 9 9 9 9 9 9 9 9 9 9 9 9 9 9 9 9 9 9 9 9 9 9 9 9 9 9 9 9 9 9 9 9 9 9 9 9 9 9 9 9 9 9 9 9 9 9 9 9 9 9 9 9 9 9 9 9 9 9 9 9 9 9 9 9 9 9 9 9 9 9 9 9 9 9 9 9 9 9 9 9 9 9 9 9 9 9 9 9 9 9 9 9 9 9 9 9 9 9 9 9 9 9 9 9 9 9 9 9 9 9 9 9 9 9 9
POINT_DATA 4096
SCALARS x_velo double 1
LOOKUP_TABLE default
0 0 0 -1.90161e-10 0 0 -1.90161e-10 -4.01693e-10 0 -1.90161e-10 0 -3.55538e-10 -1.90161e-10 -4.01693e-10 -3.55538e-10 -7.84875e-10 0 0 -4.01693e-10 -6.73187e-10 0 0 -6.73187e-10 -9.95252e-10 -4.01693e-10 -6.73187e-10 -7.84875e-10 -1.30886e-09 -6.73187e-10 -9.95252e-10 -1.30886e-09 -1.92718e-09 0 -3.55538e-10 0 -5.0121e-10 -3.55538e-10 -7.84875e-10 -5.0121e-10 -1.14008e-09 0 -5.0121e-10 0 -6.32864e-10 -5.0121e-10 -1.14008e-09 -6.32864e-10 -1.46171e-09 -7.84875e-10 -1.30886e-09 -1.14008e-09 -1.89387e-09 -1.30886e-09 -1.92718e-09 -1.89387e-09 -2.7786e-09 -1.14008e-09 -1.89387e-09 -1.46171e-09 -2.41644e-09 -1.89387e-09 -2.7786e-09 -2.41644e-09 -3.53286e-09 0 0 -9.95252e-10 -1.37644e-09 0 0 -1.37644e-09 -1.828e-09 -9.95252e-10 -1.37644e-09 -1.92718e-09 -2.66278e-09 -1.37644e-09 -1.828e-09 -2.66278e-09 -3.54248e-09 0 0 -1.828e-09 -2.35091e-09 0 0 -2.35091e-09 -2.92911e-09 -1.828e-09 -2.35091e-09 -3.54248e-09 -4.57919e-09 -2.35091e-09 -2.92911e-09 -4.57919e-09 -5.76114e-09 -1.92718e-09 -2.66278e-09 -2.7786e-09 -3.83717e-09 -2.66278e-09 -3.54248e-09 -3.83717e-09 -5.11742e-09 -2.7786e-09 -3.83717e-09 -3.53286e-09 -4.87723e-09 -3.83717e-09 -5.11742e-09 -4.87723e-09 -6.5229e-09 -3.54248e-09 -4.57919e-09 -5.11742e-09 -6.6556e-09 -4.57919e-09 -5.76114e-09 -6.6556e-09 -8.46318e-09 -5.11742e-09 -6.6556e-09 -6.5229e-09 -8.54012e-09 -6.6556e-09 -8.46318e-09 -8.54012e-09 -1.09822e-08 0 -6.32864e-10 0 -7.5546e-10 -6.32864e-10 -1.46171e-09 -7.5546e-10 -1.74703e-09 0 -7.5546e-10 0 -8.77256e-10 -7.5546e-10 -1.74703e-09 -8.77256e-10 -1.99283e-09 -1.46171e-09 -2.41644e-09 -1.74703e-09 -2.86579e-09 -2.41644e-09 -3.53286e-09 -2.86579e-09 -4.17413e-09 -1.74703e-09 -2.86579e-09 -1.99283e-09 -3.23162e-09 -2.86579e-09 -4.17413e-09 -3.23162e-09 -4.68782e-09 0 -8.77256e-10 0 -1.01586e-09 -8.77256e-10 -1.99283e-09 -1.01586e-09 -2.18995e-09 0 -1.01586e-09 0 -1.1758e-09 -1.01586e-09 -2.18995e-09 -1.1758e-09 -2.32939e-09 -1.99283e-09 -3.23162e-09 -2.18995e-09 -3.50378e-09 -3.23162e-09 -4.68782e-09 -3.50378e-09 -5.06129e-09 -2.18995e-09 -3.50378e-09 -2.32939e-09 -3.67226e-09 -3.50378e-09 -5.06129e-09 -3.67226e-09 -5.28475e-09 -3.53286e-09 -4.87723e-09 -4.17413e-09 -5.76055e-09 -4.87723e-09 -6.5229e-09 -5.76055e-09 -7.72585e-09 -4.17413e-09 -5.76055e-09 -4.68782e-09 -6.4657e-09 -5.76055e-09 -7.72585e-09 -6.4657e-09 -8.69164e-09 -6.5229e-09 -8.54012e-09 -7.72585e-09 -1.01828e-08 -8.54012e-09 -1.09822e-08 -1.01828e-08 -1.32452e-08 -7.72585e-09 -1.01828e-08 -8.69164e-09 -1.15256e-08 -1.01828e-08 -1.32452e-08 -1.15256e-08 -1.5159e-08 -4.68782e-09 -6.4657e-09 -5.06129e-09 -6.97377e-09 -6.4657e-09 -8.69164e-09 -6.97377e-09 -9.38683e-09 -5.06129e-09 -6.97377e-09 -5.28475e-09 -7.27058e-09 -6.97377e-09 -9.38683e-09 -7.27058e-09 -9.78308e-09 -8.69164e-09 -1.15256e-08 -9.38683e-09 -1.25058e-08 -1.15256e-08 -1.5159e-08 -1.25058e-08 -1.66121e-08 -9.38683e-09 -1.25058e-08 -9.78308e-09 -1.30613e-08 -1.25058e-08 -1.66121e-08 -1.30613e-08 -1.74767e-08 0 0 -2.92911e-09 -3.53143e-09 0 0 -3.53143e-09 -4.11998e-09 -2.92911e-09 -3.53143e-09 -5.76114e-09 -7.05002e-09 -3.53143e-09 -4.11998e-09 -7.05002e-09 -8.37993e-09 0 0 -4.11998e-09 -4.64374e-09 0 0 -4.64374e-09 -4.98747e-09 -4.11998e-09 -4.64374e-09 -8.37993e-09 -9.62017e-09 -4.64374e-09 -4.98747e-09 -9.62017e-09 -1.04685e-08 -5.76114e-09 -7.05002e-09 -8.46318e-09 -1.05151e-08 -7.05002e-09 -8.37993e-09 -1.05151e-08 -1.27231e-08 -8.46318e-09 -1.05151e-08 -1.09822e-08 -1.38593e-08 -1.05151e-08 -1.27231e-08 -1.38593e-08 -1.70718e-08 -8.37993e-09 -9.62017e-09 -1.27231e-08 -1.485e-08 -9.62017e-09 -1.04685e-08 -1.485e-08 -1.63482e-08 -1.27231e-08 -1.485e-08 -1.70718e-08 -2.02591e-08 -1.485e-08 -1.63482e-08 -2.02591e-08 -2.25787e-08 0 0 -4.98747e-09 -4.90602e-09 0 0 -4.90602e-09 -4.07299e-09 -4.98747e-09 -4.90602e-09 -1.04685e-08 -1.03566e-08 -4.90602e-09 -4.07299e-09 -1.03566e-08 -8.60086e-09 0 0 -4.07299e-09 -2.32732e-09 0 0 -2.32732e-09 6.38578e-11 -4.07299e-09 -2.32732e-09 -8.60086e-09 -4.90802e-09 -2.32732e-09 6.38578e-11 -4.90802e-09 1.31834e-10 -1.04685e-08 -1.03566e-08 -1.63482e-08 -1.62646e-08 -1.03566e-08 -8.60086e-09 -1.62646e-08 -1.3527e-08 -1.63482e-08 -1.62646e-08 -2.25787e-08 -2.2629e-08 -1.62646e-08 -1.3527e-08 -2.2629e-08 -1.88937e-08 -8.60086e-09 -4.90802e-09 -1.3527e-08 -7.71878e-09 -4.90802e-09 1.31834e-10 -7.71878e-09 2.04318e-10 -1.3527e-08 -7.71878e-09 -1.88937e-08 -1.08038e-08 -7.71878e-09 2.04318e-10 -1.08038e-08 2.81887e-10 -1.09822e-08 -1.38593e-08 -1.32452e-08 -1.6986e-08 -1.38593e-08 -1.70718e-08 -1.6986e-08 -2.13209e-08 -1.32452e-08 -1.6986e-08 -1.5159e-08 -1.97641e-08 -1.6986e-08 -2.13209e-08 -1.97641e-08 -2.53251e-08 -1.70718e-08 -2.02591e-08 -2.13209e-08 -2.57699e-08 -2.02591e-08 -2.25787e-08 -2.57699e-08 -2.91575e-08 -2.13209e-08 -2.57699e-08 -2.53251e-08 -3.12869e-08 -2.57699e-08 -2.91575e-08 -3.12869e-08 -3.61262e-08 -1.5159e-08 -1.97641e-08 -1.66121e-08 -2.20219e-08 -1.97641e-08 -2.53251e-08 -2.20219e-08 -2.88795e-08 -1.66121e-08 -2.20219e-08 -1.74767e-08 -2.35353e-08 -2.20219e-08 -2.88795e-08 -2.35353e-08 -3.16829e-08 -2.53251e-08 -3.12869e-08 -2.88795e-08 -3.66714e-08 -3.12869e-08 -3.61262e-08 -3.66714e-08 -4.35656e-08 -2.88795e-08 -3.66714e-08 -3.16829e-08 -4.16879e-08 -3.66714e-08 -4.35656e-08 -4.16879e-08 -5.15795e-08 -2.25787e-08 -2.2629e-08 -2.91575e-08 -2.95496e-08 -2.2629e-08 -1.88937e-08 -2.95496e-08 -2.48688e-08 -2.91575e-08 -2.95496e-08 -3.61262e-08 -3.72514e-08 -2.95496e-08 -2.48688e-08 -3.72514e-08 -3.17886e-08 -1.88937e-08 -1.08038e-08 -2.48688e-08 -1.42968e-08 -1.08038e-08 2.81887e-10 -1.42968e-08 3.65239e-10 -2.48688e-08 -1.42968e-08 -3.17886e-08 -1.84538e-08 -1.42968e-08 3.65239e-10 -1.84538e-08 4.55037e-10 -3.61262e-08 -3.72514e-08 -4.35656e-08 -4.61237e-08 -3.72514e-08 -3.17886e-08 -4.61237e-08 -4.02247e-08 -4.35656e-08 -4.61237e-08 -5.15795e-08 -5.68e-08 -4.61237e-08 -4.02247e-08 -5.68e-08 -5.11358e-08 -3.17886e-08 -1.84538e-08 -4.02247e-08 -2.37032e-08 -1.84538e-08 4.55037e-10 -2.37032e-08 5.51614e-10 -4.02247e-08 -2.37032e-08 -5.11358e-08 -3.07638e-08 -2.37032e-08 5.51614e-10 -3.07638e-08 6.54395e-10 0 0 6.38578e-11 2.44811e-09 0 0 2.44811e-09 4.17602e-09 6.38578e-11 2.44811e-09 1.31834e-10 5.15725e-09 2.44811e-09 4.17602e-09 5.15725e-09 8.81304e-09 0 0 4.17602e-09 4.98683e-09 0 0 4.98683e-09 5.04676e-09 4.17602e-09 4.98683e-09 8.81304e-09 1.05223e-08 4.98683e-09 5.04676e-09 1.05223e-08 1.05893e-08 1.31834e-10 5.15725e-09 2.04318e-10 8.10457e-09 5.15725e-09 8.81304e-09 8.10457e-09 1.38542e-08 2.04318e-10 8.10457e-09 2.81887e-10 1.13351e-08 8.10457e-09 1.38542e-08 1.13351e-08 1.93419e-08 8.81304e-09 1.05223e-08 1.38542e-08 1.65186e-08 1.05223e-08 1.05893e-08 1.65186e-08 1.6532e-08 1.38542e-08 1.65186e-08 1.93419e-08 2.29742e-08 1.65186e-08 1.6532e-08 2.29742e-08 2.28261e-08 0 0 5.04676e-09 4.68449e-09 0 0 4.68449e-09 4.14577e-09 5.04676e-09 4.68449e-09 1.05893e-08 9.70277e-09 4.68449e-09 4.14577e-09 9.70277e-09 8.4323e-09 0 0 4.14577e-09 3.54581e-09 0 0 3.54581e-09 2.93541e-09 4.14577e-09 3.54581e-09 8.4323e-09 7.07981e-09 3.54581e-09 2.93541e-09 7.07981e-09 5.77506e-09 1.05893e-08 9.70277e-09 1.6532e-08 1.49748e-08 9.70277e-09 8.4323e-09 1.49748e-08 1.28021e-08 1.6532e-08 1.49748e-08 2.28261e-08 2.04256e-08 1.49748e-08 1.28021e-08 2.04256e-08 1.71768e-08 8.4323e-09 7.07981e-09 1.28021e-08 1.05606e-08 7.07981e-09 5.77506e-09 1.05606e-08 8.4854e-09 1.28021e-08 1.05606e-08 1.71768e-08 1.39201e-08 1.05606e-08 8.4854e-09 1.39201e-08 1.10127e-08 2.81887e-10 1.13351e-08 3.65239e-10 1.49837e-08 1.13351e-08 1.93419e-08 1.49837e-08 2.54444e-08 3.65239e-10 1.49837e-08 4.55037e-10 1.93076e-08 1.49837e-08 2.54444e-08 1.93076e-08 3.2499e-08 1.93419e-08 2.29742e-08 2.54444e-08 2.99885e-08 2.29742e-08 2.28261e-08 2.99885e-08 2.94682e-08 2.54444e-08 2.99885e-08 3.2499e-08 3.77864e-08 2.99885e-08 2.94682e-08 3.77864e-08 3.6499e-08 4.55037e-10 1.93076e-08 5.51614e-10 2.47361e-08 1.93076e-08 3.2499e-08 2.47361e-08 4.10781e-08 5.51614e-10 2.47361e-08 6.54395e-10 3.19884e-08 2.47361e-08 4.10781e-08 3.19884e-08 5.21422e-08 3.2499e-08 3.77864e-08 4.10781e-08 4.67574e-08 3.77864e-08 3.6499e-08 4.67574e-08 4.39985e-08 4.10781e-08 4.67574e-08 5.21422e-08 5.7536e-08 4.67574e-08 4.39985e-08 5.7536e-08 5.207e-08 2.28261e-08 2.04256e-08 2.94682e-08 2.59767e-08 2.04256e-08 1.71768e-08 2.59767e-08 2.14502e-08 2.94682e-08 2.59767e-08 3.6499e-08 3.15311e-08 2.59767e-08 2.14502e-08 3.15311e-08 2.5476e-08 1.71768e-08 1.39201e-08 2.14502e-08 1.70608e-08 1.39201e-08 1.10127e-08 1.70608e-08 1.32834e-08 2.14502e-08 1.70608e-08 2.5476e-08 1.98511e-08 1.70608e-08 1.32834e-08 1.98511e-08 1.52038e-08 3.6499e-08 3.15311e-08 4.39985e-08 3.6949e-08 3.15311e-08 2.5476e-08 3.6949e-08 2.90482e-08 4.39985e-08 3.6949e-08 5.207e-08 4.19937e-08 3.6949e-08 2.90482e-08 4.19937e-08 3.18643e-08 2.5476e-08 1.98511e-08 2.90482e-08 2.21182e-08 1.98511e-08 1.52038e-08 2.21182e-08 1.66617e-08 2.90482e-08 2.21182e-08 3.18643e-08 2.36375e-08 2.21182e-08 1.66617e-08 2.36375e-08 1.7529e-08 0 0 2.93541e-09 2.35187e-09 0 0 2.35187e-09 1.82561e-09 2.93541e-09 2.35187e-09 5.77506e-09 4.58262e-09 2.35187e-09 1.82561e-09 4.58262e-09 3.53925e-09 0 0 1.82561e-09 1.37177e-09 0 0 1.37177e-09 9.88434e-10 1.82561e-09 1.37177e-09 3.53925e-09 2.65512e-09 1.37177e-09 9.88434e-10 2.65512e-09 1.9157e-09 5.77506e-09 4.58262e-09 8.4854e-09 6.66243e-09 4.58262e-09 3.53925e-09 6.66243e-09 5.11449e-09 8.4854e-09 6.66243e-09 1.10127e-08 8.55077e-09 6.66243e-09 5.11449e-09 8.55077e-09 6.52102e-09 3.53925e-09 2.65512e-09 5.11449e-09 3.82794e-09 2.65512e-09 1.9157e-09 3.82794e-09 2.76446e-09 5.11449e-09 3.82794e-09 6.52102e-09 4.8675e-09 3.82794e-09 2.76446e-09 4.8675e-09 3.51773e-09 0 0 9.88434e-10 6.63522e-10 0 0 6.63522e-10 3.88656e-10 9.88434e-10 6.63522e-10 1.9157e-09 1.29283e-09 6.63522e-10 3.88656e-10 1.29283e-09 7.63991e-10 0 0 3.88656e-10 1.76381e-10 0 0 1.76381e-10 0 3.88656e-10 1.76381e-10 7.63991e-10 3.35191e-10 1.76381e-10 0 3.35191e-10 0 1.9157e-09 1.29283e-09 2.76446e-09 1.87458e-09 1.29283e-09 7.63991e-10 1.87458e-09 1.11566e-09 2.76446e-09 1.87458e-09 3.51773e-09 2.39656e-09 1.87458e-09 1.11566e-09 2.39656e-09 1.43744e-09 7.63991e-10 3.35191e-10 1.11566e-09 4.78315e-10 3.35191e-10 0 4.78315e-10 0 1.11566e-09 4.78315e-10 1.43744e-09 6.10043e-10 4.78315e-10 0 6.10043e-10 0 1.10127e-08 8.55077e-09 1.32834e-08 1.01972e-08 8.55077e-09 6.52102e-09 1.01972e-08 7.72529e-09 1.32834e-08 1.01972e-08 1.52038e-08 1.15432e-08 1.01972e-08 7.72529e-09 1.15432e-08 8.69231e-09 6.52102e-09 4.8675e-09 7.72529e-09 5.75096e-09 4.8675e-09 3.51773e-09 5.75096e-09 4.15918e-09 7.72529e-09 5.75096e-09 8.69231e-09 6.45644e-09 5.75096e-09 4.15918e-09 6.45644e-09 4.67361e-09 1.52038e-08 1.15432e-08 1.66617e-08 1.25257e-08 1.15432e-08 8.69231e-09 1.25257e-08 9.38824e-09 1.66617e-08 1.25257e-08 1.7529e-08 1.30822e-08 1.25257e-08 9.38824e-09 1.30822e-08 9.78442e-09 8.69231e-09 6.45644e-09 9.38824e-09 6.9646e-09 6.45644e-09 4.67361e-09 6.9646e-09 5.04768e-09 9.38824e-09 6.9646e-09 9.78442e-09 7.26079e-09 6.9646e-09 5.04768e-09 7.26079e-09 5.27085e-09 3.51773e-09 2.39656e-09 4.15918e-09 2.8474e-09 2.39656e-09 1.43744e-09 2.8474e-09 1.7261e-09 4.15918e-09 2.8474e-09 4.67361e-09 3.21599e-09 2.8474e-09 1.7261e-09 3.21599e-09 1.978e-09 1.43744e-09 6.10043e-10 1.7261e-09 7.35202e-10 6.10043e-10 0 7.35202e-10 0 1.7261e-09 7.35202e-10 1.978e-09 8.63064e-10 7.35202e-10 0 8.63064e-10 0 4.67361e-09 3.21599e-09 5.04768e-09 3.4912e-09 3.21599e-09 1.978e-09 3.4912e-09 2.18291e-09 5.04768e-09 3.4912e-09 5.27085e-09 3.66166e-09 3.4912e-09 2.18291e-09 3.66166e-09 2.33079e-09 1.978e-09 8.63064e-10 2.18291e-09 1.01415e-09 8.63064e-10 0 1.01415e-09 0 2.18291e-09 1.01415e-09 2.33079e-09 1.19485e-09 1.01415e-09 0 1.19485e-09 0 0 -1.1758e-09 3.55078 3.55034 -1.1758e-09 -2.32939e-09 3.55034 3.55662 3.55078 3.55034 6.62813 6.62923 3.55034 3.55662 6.62923 6.63564 -2.32939e-09 -3.67226e-09 3.55662 3.56355 -3.67226e-09 -5.28475e-09 3.56355 3.57042 3.55662 3.56355 6.63564 6.64418 3.56355 3.57042 6.64418 6.65347 6.62813 6.62923 9.23203 9.23452 6.62923 6.63564 9.23452 9.23956 9.23203 9.23452 11.3625 11.3649 9.23452 9.23956 11.3649 11.3688 6.63564 6.64418 9.23956 9.24672 6.64418 6.65347 9.24672 9.25529 9.23956 9.24672 11.3688 11.3738 9.24672 9.25529 11.3738 11.3803 -5.28475e-09 -7.27058e-09 3.57042 3.57738 -7.27058e-09 -9.78308e-09 3.57738 3.58492 3.57042 3.57738 6.65347 6.66344 3.57738 3.58492 6.66344 6.67461 -9.78308e-09 -1.30613e-08 3.58492 3.59385 -1.30613e-08 -1.74767e-08 3.59385 3.60612 3.58492 3.59385 6.67461 6.68815 3.59385 3.60612 6.68815 6.70682 6.65347 6.66344 9.25529 9.26521 6.66344 6.67461 9.26521 9.27692 9.25529 9.26521 11.3803 11.3884 9.26521 9.27692 11.3884 11.3987 6.67461 6.68815 9.27692 9.29161 6.68815 6.70682 9.29161 9.31213 9.27692 9.29161 11.3987 11.4122 9.29161 9.31213 11.4122 11.4316 11.3625 11.3649 13.0195 13.0211 11.3649 11.3688 13.0211 13.0235 13.0195 13.0211 14.2031 14.2038 13.0211 13.0235 14.2038 14.2047 11.3688 11.3738 13.0235 13.0266 11.3738 11.3803 13.0266 13.0309 13.0235 13.0266 14.2047 14.2062 13.0266 13.0309 14.2062 14.2088 14.2031 14.2038 14.9133 14.9132 14.2038 14.2047 14.9132 14.9131 14.9133 14.9132 15.15 15.1497 14.9132 14.9131 15.1497 15.1491 14.2047 14.2062 14.9131 14.9134 14.2062 14.2088 14.9134 14.9149 14.9131 14.9134 15.1491 15.1491 14.9134 14.9149 15.1491 15.1502 11.3803 11.3884 13.0309 13.0369 11.3884 11.3987 13.0369 13.045 13.0309 13.0369 14.2088 14.2129 13.0369 13.045 14.2129 14.2189 11.3987 11.4122 13.045 13.0563 11.4122 11.4316 13.0563 13.073 13.045 13.0563 14.2189 14.2279 13.0563 13.073 14.2279 14.2419 14.2088 14.2129 14.9149 14.9178 14.2129 14.2189 14.9178 14.9225 14.9149 14.9178 15.1502 15.1527 14.9178 14.9225 15.1527 15.1569 14.2189 14.2279 14.9225 14.9299 14.2279 14.2419 14.9299 14.9419 14.9225 14.9299 15.1569 15.1638 14.9299 14.9419 15.1638 15.175 -1.74767e-08 -2.35353e-08 3.60612 3.62657 -2.35353e-08 -3.16829e-08 3.62657 3.66521 3.60612 3.62657 6.70682 6.73698 3.62657 3.66521 6.73698 6.79125 -3.16829e-08 -4.16879e-08 3.66521 3.7378 -4.16879e-08 -5.15795e-08 3.7378 3.86004 3.66521 3.7378 6.79125 6.88925 3.7378 3.86004 6.88925 7.05109 6.70682 6.73698 9.31213 9.3447 6.73698 6.79125 9.3447 9.40107 9.31213 9.3447 11.4316 11.4623 9.3447 9.40107 11.4623 11.5142 6.79125 6.88925 9.40107 9.49897 6.88925 7.05109 9.49897 9.65695 9.40107 9.49897 11.5142 11.6017 9.49897 9.65695 11.6017 11.74 -5.15795e-08 -5.68e-08 3.86004 4.03064 -5.68e-08 -5.11358e-08 4.03064 4.20824 3.86004 4.03064 7.05109 7.27867 4.03064 4.20824 7.27867 7.52857 -5.11358e-08 -3.07638e-08 4.20824 4.30749 -3.07638e-08 6.54395e-10 4.30749 4.2494 4.20824 4.30749 7.52857 7.70285 4.30749 4.2494 7.70285 7.69621 7.05109 7.27867 9.65695 9.87926 7.27867 7.52857 9.87926 10.1336 9.65695 9.87926 11.74 11.9339 9.87926 10.1336 11.9339 12.1615 7.52857 7.70285 10.1336 10.3399 7.70285 7.69621 10.3399 10.4009 10.1336 10.3399 12.1615 12.3651 10.3399 10.4009 12.3651 12.4682 11.4316 11.4623 13.073 13.0999 11.4623 11.5142 13.0999 13.145 13.073 13.0999 14.2419 14.2648 13.0999 13.145 14.2648 14.3034 11.5142 11.6017 13.145 13.2198 11.6017 11.74 13.2198 13.3364 13.145 13.2198 14.3034 14.3672 13.2198 13.3364 14.3672 14.466 14.2419 14.2648 14.9419 14.9619 14.2648 14.3034 14.9619 14.996 14.9419 14.9619 15.175 15.194 14.9619 14.996 15.194 15.2265 14.3034 14.3672 14.996 15.0525 14.3672 14.466 15.0525 15.14 14.996 15.0525 15.2265 15.2804 15.0525 15.14 15.2804 15.364 11.74 11.9339 13.3364 13.4994 11.9339 12.1615 13.4994 13.6941 13.3364 13.4994 14.466 14.6043 13.4994 13.6941 14.6043 14.7719 12.1615 12.3651 13.6941 13.8796 12.3651 12.4682 13.8796 13.9987 13.6941 13.8796 14.7719 14.9384 13.8796 13.9987 14.9384 15.0599 14.466 14.6043 15.14 15.2628 14.6043 14.7719 15.2628 15.4134 15.14 15.2628 15.364 15.4817 15.2628 15.4134 15.4817 15.6265 14.7719 14.9384 15.4134 15.567 14.9384 15.0599 15.567 15.6869 15.4134 15.567 15.6265 15.7756 15.567 15.6869 15.7756 15.8946 6.54395e-10 3.19884e-08 4.2494 4.03956 3.19884e-08 5.21422e-08 4.03956 3.77367 4.2494 4.03956 7.69621 7.48401 4.03956 3.77367 7.48401 7.1541 5.21422e-08 5.7536e-08 3.77367 3.55527 5.7536e-08 5.207e-08 3.55527 3.43049 3.77367 3.55527 7.1541 6.83591 3.55527 3.43049 6.83591 6.61298 7.69621 7.48401 10.4009 10.2711 7.48401 7.1541 10.2711 9.99861 10.4009 10.2711 12.4682 12.4224 10.2711 9.99861 12.4224 12.2443 7.1541 6.83591 9.99861 9.68885 6.83591 6.61298 9.68885 9.43182 9.99861 9.68885 12.2443 12.0026 9.68885 9.43182 12.0026 11.7706 5.207e-08 4.19937e-08 3.43049 3.38936 4.19937e-08 3.18643e-08 3.38936 3.39805 3.43049 3.38936 6.61298 6.49931 3.38936 3.39805 6.49931 6.46608 3.18643e-08 2.36375e-08 3.39805 3.42548 2.36375e-08 1.7529e-08 3.42548 3.45374 3.39805 3.42548 6.46608 6.47547 3.42548 3.45374 6.47547 6.49974 6.61298 6.49931 9.43182 9.26454 6.49931 6.46608 9.26454 9.17913 9.43182 9.26454 11.7706 11.5918 9.26454 9.17913 11.5918 11.4754 6.46608 6.47547 9.17913 9.14851 6.47547 6.49974 9.14851 9.14648 9.17913 9.14851 11.4754 11.4096 9.14851 9.14648 11.4096 11.3768 12.4682 12.4224 13.9987 14.0095 12.4224 12.2443 14.0095 13.9124 13.9987 14.0095 15.0599 15.1014 14.0095 13.9124 15.1014 15.0573 12.2443 12.0026 13.9124 13.7478 12.0026 11.7706 13.7478 13.5676 13.9124 13.7478 15.0573 14.9517 13.7478 13.5676 14.9517 14.8205 15.0599 15.1014 15.6869 15.7426 15.1014 15.0573 15.7426 15.7265 15.6869 15.7426 15.8946 15.9544 15.7426 15.7265 15.9544 15.9468 15.0573 14.9517 15.7265 15.655 14.9517 14.8205 15.655 15.5553 15.7265 15.655 15.9468 15.8862 15.655 15.5553 15.8862 15.7971 11.7706 11.5918 13.5676 13.4098 11.5918 11.4754 13.4098 13.29 13.5676 13.4098 14.8205 14.6933 13.4098 13.29 14.6933 14.586 11.4754 11.4096 13.29 13.2074 11.4096 11.3768 13.2074 13.1535 13.29 13.2074 14.586 14.5027 13.2074 13.1535 14.5027 14.4404 14.8205 14.6933 15.5553 15.4515 14.6933 14.586 15.4515 15.3577 15.5553 15.4515 15.7971 15.7016 15.4515 15.3577 15.7016 15.6133 14.586 14.5027 15.3577 15.2795 14.5027 14.4404 15.2795 15.2166 15.3577 15.2795 15.6133 15.5378 15.2795 15.2166 15.5378 15.4756 1.7529e-08 1.30822e-08 3.45374 3.47654 1.30822e-08 9.78442e-09 3.47654 3.49359 3.45374 3.47654 6.49974 6.52483 3.47654 3.49359 6.52483 6.54606 9.78442e-09 7.26079e-09 3.49359 3.50636 7.26079e-09 5.27085e-09 3.50636 3.51601 3.49359 3.50636 6.54606 6.56298 3.50636 3.51601 6.56298 6.57602 6.49974 6.52483 9.14648 9.15585 6.52483 6.54606 9.15585 9.16799 9.14648 9.15585 11.3768 11.3625 9.15585 9.16799 11.3625 11.3573 6.54606 6.56298 9.16799 9.17945 6.56298 6.57602 9.17945 9.18888 9.16799 9.17945 11.3573 11.3562 9.17945 9.18888 11.3562 11.3563 5.27085e-09 3.66166e-09 3.51601 3.52273 3.66166e-09 2.33079e-09 3.52273 3.52539 3.51601 3.52273 6.57602 6.58494 3.52273 3.52539 6.58494 6.58797 2.33079e-09 1.19485e-09 3.52539 3.52113 1.19485e-09 0 3.52113 3.50562 3.52539 3.52113 6.58797 6.58178 3.52113 3.50562 6.58178 6.5715 6.57602 6.58494 9.18888 9.19508 6.58494 6.58797 9.19508 9.19599 9.18888 9.19508 11.3563 11.3556 9.19508 9.19599 11.3556 11.3519 6.58797 6.58178 9.19599 9.18932 6.58178 6.5715 9.18932 9.1831 9.19599 9.18932 11.3519 11.3438 9.18932 9.1831 11.3438 11.338 11.3768 11.3625 13.1535 13.1189 11.3625 11.3573 13.1189 13.0964 13.1535 13.1189 14.4404 14.3944 13.1189 13.0964 14.3944 14.3599 11.3573 11.3562 13.0964 13.081 11.3562 11.3563 13.081 13.0696 13.0964 13.081 14.3599 14.3333 13.081 13.0696 14.3333 14.3121 14.4404 14.3944 15.2166 15.1665 14.3944 14.3599 15.1665 15.1262 15.2166 15.1665 15.4756 15.4247 15.1665 15.1262 15.4247 15.3828 14.3599 14.3333 15.1262 15.0933 14.3333 14.3121 15.0933 15.0661 15.1262 15.0933 15.3828 15.3481 15.0933 15.0661 15.3481 15.3189 11.3563 11.3556 13.0696 13.06 11.3556 11.3519 13.06 13.0501 13.0696 13.06 14.3121 14.2945 13.06 13.0501 14.2945 14.2787 11.3519 11.3438 13.0501 13.039 11.3438 11.338 13.039 13.0307 13.0501 13.039 14.2787 14.264 13.039 13.0307 14.264 14.2521 14.3121 14.2945 15.0661 15.0431 14.2945 14.2787 15.0431 15.0234 15.0661 15.0431 15.3189 15.2941 15.0431 15.0234 15.2941 15.2729 14.2787 14.264 15.0234 15.0059 14.264 14.2521 15.0059 14.9909 15.0234 15.0059 15.2729 15.2545 15.0059 14.9909 15.2545 15.2384 15.15 15.1497 14.9133 14.9132 15.1497 15.1491 14.9132 14.9131 14.9133 14.9132 14.2031 14.2038 14.9132 14.9131 14.2038 14.2047 15.1491 15.1491 14.9131 14.9134 15.1491 15.1502 14.9134 14.9149 14.9131 14.9134 14.2047 14.2062 14.9134 14.9149 14.2062 14.2088 14.2031 14.2038 13.0195 13.0211 14.2038 14.2047 13.0211 13.0235 13.0195 13.0211 11.3625 11.3649 13.0211 13.0235 11.3649 11.3688 14.2047 14.2062 13.0235 13.0266 14.2062 14.2088 13.0266 13.0309 13.0235 13.0266 11.3688 11.3738 13.0266 13.0309 11.3738 11.3803 15.1502 15.1527 14.9149 14.9178 15.1527 15.1569 14.9178 14.9225 14.9149 14.9178 14.2088 14.2129 14.9178 14.9225 14.2129 14.2189 15.1569 15.1638 14.9225 14.9299 15.1638 15.175 14.9299 14.9419 14.9225 14.9299 14.2189 14.2279 14.9299 14.9419 14.2279 14.2419 14.2088 14.2129 13.0309 13.0369 14.2129 14.2189 13.0369 13.045 13.0309 13.0369 11.3803 11.3884 13.0369 13.045 11.3884 11.3987 14.2189 14.2279 13.045 13.0563 14.2279 14.2419 13.0563 13.073 13.045 13.0563 11.3987 11.4122 13.0563 13.073 11.4122 11.4316 11.3625 11.3649 9.23203 9.23452 11.3649 11.3688 9.23452 9.23956 9.23203 9.23452 6.62813 6.62923 9.23452 9.23956 6.62923 6.63564 11.3688 11.3738 9.23956 9.24672 11.3738 11.3803 9.24672 9.25529 9.23956 9.24672 6.63564 6.64418 9.24672 9.25529 6.64418 6.65347 6.62813 6.62923 3.55078 3.55034 6.62923 6.63564 3.55034 3.55662 3.55078 3.55034 0 -1.1758e-09 3.55034 3.55662 -1.1758e-09 -2.32939e-09 6.63564 6.64418 3.55662 3.56355 6.64418 6.65347 3.56355 3.57042 3.55662 3.56355 -2.32939e-09 -3.67226e-09 3.56355 3.57042 -3.67226e-09 -5.28475e-09 11.3803 11.3884 9.25529 9.26521 11.3884 11.3987 9.26521 9.27692 9.25529 9.26521 6.65347 6.66344 9.26521 9.27692 6.66344 6.67461 11.3987 11.4122 9.27692 9.29161 11.4122 11.4316 9.29161 9.31213 9.27692 9.29161 6.67461 6.68815 9.29161 9.31213 6.68815 6.70682 6.65347 6.66344 3.57042 3.57738 6.66344 6.67461 3.57738 3.58492 3.57042 3.57738 -5.28475e-09 -7.27058e-09 3.57738 3.58492 -7.27058e-09 -9.78308e-09 6.67461 6.68815 3.58492 3.59385 6.68815 6.70682 3.59385 3.60612 3.58492 3.59385 -9.78308e-09 -1.30613e-08 3.59385 3.60612 -1.30613e-08 -1.74767e-08 15.175 15.194 14.9419 14.9619 15.194 15.2265 14.9619 14.996 14.9419 14.9619 14.2419 14.2648 14.9619 14.996 14.2648 14.3034 15.2265 15.2804 14.996 15.0525 15.2804 15.364 15.0525 15.14 14.996 15.0525 14.3034 14.3672 15.0525 15.14 14.3672 14.466 14.2419 14.2648 13.073 13.0999 14.2648 14.3034 13.0999 13.145 13.073 13.0999 11.4316 11.4623 13.0999 13.145 11.4623 11.5142 14.3034 14.3672 13.145 13.2198 14.3672 14.466 13.2198 13.3364 13.145 13.2198 11.5142 11.6017 13.2198 13.3364 11.6017 11.74 15.364 15.4817 15.14 15.2628 15.4817 15.6265 15.2628 15.4134 15.14 15.2628 14.466 14.6043 15.2628 15.4134 14.6043 14.7719 15.6265 15.7756 15.4134 15.567 15.7756 15.8946 15.567 15.6869 15.4134 15.567 14.7719 14.9384 15.567 15.6869 14.9384 15.0599 14.466 14.6043 13.3364 13.4994 14.6043 14.7719 13.4994 13.6941 13.3364 13.4994 11.74 11.9339 13.4994 13.6941 11.9339 12.1615 14.7719 14.9384 13.6941 13.8796 14.9384 15.0599 13.8796 13.9987 13.6941 13.8796 12.1615 12.3651 13.8796 13.9987 12.3651 12.4682 11.4316 11.4623 9.31213 9.3447 11.4623 11.5142 9.3447 9.40107 9.31213 9.3447 6.70682 6.73698 9.3447 9.40107 6.73698 6.79125 11.5142 11.6017 9.40107 9.49897 11.6017 11.74 9.49897 9.65695 9.40107 9.49897 6.79125 6.88925 9.49897 9.65695 6.88925 7.05109 6.70682 6.73698 3.60612 3.62657 6.73698 6.79125 3.62657 3.66521 3.60612 3.62657 -1.74767e-08 -2.35353e-08 3.62657 3.66521 -2.35353e-08 -3.16829e-08 6.79125 6.88925 3.66521 3.7378 6.88925 7.05109 3.7378 3.86004 3.66521 3.7378 -3.16829e-08 -4.16879e-08 3.7378 3.86004 -4.16879e-08 -5.15795e-08 11.74 11.9339 9.65695 9.87926 11.9339 12.1615 9.87926 10.1336 9.65695 9.87926 7.05109 7.27867 9.87926 10.1336 7.27867 7.52857 12.1615 12.3651 10.1336 10.3399 12.3651 12.4682 10.3399 10.4009 10.1336 10.3399 7.52857 7.70285 10.3399 10.4009 7.70285 7.69621 7.05109 7.27867 3.86004 4.03064 7.27867 7.52857 4.03064 4.20824 3.86004 4.03064 -5.15795e-08 -5.68e-08 4.03064 4.20824 -5.68e-08 -5.11358e-08 7.52857 7.70285 4.20824 4.30749 7.70285 7.69621 4.30749 4.2494 4.20824 4.30749 -5.11358e-08 -3.07638e-08 4.30749 4.2494 -3.07638e-08 6.54395e-10 15.8946 15.9544 15.6869 15.7426 15.9544 15.9468 15.7426 15.7265 15.6869 15.7426 15.0599 15.1014 15.7426 15.7265 15.1014 15.0573 15.9468 15.8862 15.7265 15.655 15.8862 15.7971 15.655 15.5553 15.7265 15.655 15.0573 14.9517 15.655 15.5553 14.9517 14.8205 15.0599 15.1014 13.9987 14.0095 15.1014 15.0573 14.0095 13.9124 13.9987 14.0095 12.4682 12.4224 14.0095 13.9124 12.4224 12.2443 15.0573 14.9517 13.9124 13.7478 14.9517 14.8205 13.7478 13.5676 13.9124 13.7478 12.2443 12.0026 13.7478 13.5676 12.0026 11.7706 15.7971 15.7016 15.5553 15.4515 15.7016 15.6133 15.4515 15.3577 15.5553 15.4515 14.8205 14.6933 15.4515 15.3577 14.6933 14.586 15.6133 15.5378 15.3577 15.2795 15.5378 15.4756 15.2795 15.2166 15.3577 15.2795 14.586 14.5027 15.2795 15.2166 14.5027 14.4404 14.8205 14.6933 13.5676 13.4098 14.6933 14.586 13.4098 13.29 13.5676 13.4098 11.7706 11.5918 13.4098 13.29 11.5918 11.4754 14.586 14.5027 13.29 13.2074 14.5027 14.4404 13.2074 13.1535 13.29 13.2074 11.4754 11.4096 13.2074 13.1535 11.4096 11.3768 12.4682 12.4224 10.4009 10.2711 12.4224 12.2443 10.2711 9.99861 10.4009 10.2711 7.69621 7.48401 10.2711 9.99861 7.48401 7.1541 12.2443 12.0026 9.99861 9.68885 12.0026 11.7706 9.68885 9.43182 9.99861 9.68885 7.1541 6.83591 9.68885 9.43182 6.83591 6.61298 7.69621 7.48401 4.2494 4.03956 7.48401 7.1541 4.03956 3.77367 4.2494 4.03956 6.54395e-10 3.19884e-08 4.03956 3.77367 3.19884e-08 5.21422e-08 7.1541 6.83591 3.77367 3.55527 6.83591 6.61298 3.55527 3.43049 3.77367 3.55527 5.21422e-08 5.7536e-08 3.55527 3.43049 5.7536e-08 5.207e-08 11.7706 11.5918 9.43182 9.26454 11.5918 11.4754 9.26454 9.17913 9.43182 9.26454 6.61298 6.49931 9.26454 9.17913 6.49931 6.46608 11.4754 11.4096 9.17913 9.14851 11.4096 11.3768 9.14851 9.14648 9.17913 9.14851 6.46608 6.47547 9.14851 9.14648 6.47547 6.49974 6.61298 6.49931 3.43049 3.38936 6.49931 6.46608 3.38936 3.39805 3.43049 3.38936 5.207e-08 4.19937e-08 3.38936 3.39805 4.19937e-08 3.18643e-08 6.46608 6.47547 3.39805 3.42548 6.47547 6.49974 3.42548 3.45374 3.39805 3.42548 3.18643e-08 2.36375e-08 3.42548 3.45374 2.36375e-08 1.7529e-08 15.4756 15.4247 15.2166 15.1665 15.4247 15.3828 15.1665 15.1262 15.2166 15.1665 14.4404 14.3944 15.1665 15.1262 14.3944 14.3599 15.3828 15.3481 15.1262 15.0933 15.3481 15.3189 15.0933 15.0661 15.1262 15.0933 14.3599 14.3333 15.0933 15.0661 14.3333 14.3121 14.4404 14.3944 13.1535 13.1189 14.3944 14.3599 13.1189 13.0964 13.1535 13.1189 11.3768 11.3625 13.1189 13.0964 11.3625 11.3573 14.3599 14.3333 13.0964 13.081 14.3333 14.3121 13.081 13.0696 13.0964 13.081 11.3573 11.3562 13.081 13.0696 11.3562 11.3563 15.3189 15.2941 15.0661 15.0431 15.2941 15.2729 15.0431 15.0234 15.0661 15.0431 14.3121 14.2945 15.0431 15.0234 14.2945 14.2787 15.2729 15.2545 15.0234 15.0059 15.2545 15.2384 15.0059 14.9909 15.0234 15.0059 14.2787 14.264 15.0059 14.9909 14.264 14.2521 14.3121 14.2945 13.0696 13.06 14.2945 14.2787 13.06 13.0501 13.0696 13.06 11.3563 11.3556 13.06 13.0501 11.3556 11.3519 14.2787 14.264 13.0501 13.039 14.264 14.2521 13.039 13.0307 13.0501 13.039 11.3519 11.3438 13.039 13.0307 11.3438 11.338 11.3768 11.3625 9.14648 9.15585 11.3625 11.3573 9.15585 9.16799 9.14648 9.15585 6.49974 6.52483 9.15585 9.16799 6.52483 6.54606 11.3573 11.3562 9.16799 9.17945 11.3562 11.3563 9.17945 9.18888 9.16799 9.17945 6.54606 6.56298 9.17945 9.18888 6.56298 6.57602 6.49974 6.52483 3.45374 3.47654 6.52483 6.54606 3.47654 3.49359 3.45374 3.47654 1.7529e-08 1.30822e-08 3.47654 3.49359 1.30822e-08 9.78442e-09 6.54606 6.56298 3.49359 3.50636 6.56298 6.57602 3.50636 3.51601 3.49359 3.50636 9.78442e-09 7.26079e-09 3.50636 3.51601 7.26079e-09 5.27085e-09 11.3563 11.3556 9.18888 9.19508 11.3556 11.3519 9.19508 9.19599 9.18888 9.19508 6.57602 6.58494 9.19508 9.19599 6.58494 6.58797 11.3519 11.3438 9.19599 9.18932 11.3438 11.338 9.18932 9.1831 9.19599 9.18932 6.58797 6.58178 9.18932 9.1831 6.58178 6.5715 6.57602 6.58494 3.51601 3.52273 6.58494 6.58797 3.52273 3.52539 3.51601 3.52273 5.27085e-09 3.66166e-09 3.52273 3.52539 3.66166e-09 2.33079e-09 6.58797 6.58178 3.52539 3.52113 6.58178 6.5715 3.52113 3.50562 3.52539 3.52113 2.33079e-09 1.19485e-09 3.52113 3.50562 1.19485e-09 0 0 -1.1758e-09 0 -1.01586e-09 -1.1758e-09 -2.32939e-09 -1.01586e-09 -2.18995e-09 0 -1.01586e-09 0 -8.77256e-10 -1.01586e-09 -2.18995e-09 -8.77256e-10 -1.99283e-09 -2.32939e-09 -3.67226e-09 -2.18995e-09 -3.50378e-09 -3.67226e-09 -5.28475e-09 -3.50378e-09 -5.06129e-09 -2.18995e-09 -3.50378e-09 -1.99283e-09 -3.23162e-09 -3.50378e-09 -5.06129e-09 -3.23162e-09 -4.68782e-09 0 -8.77256e-10 0 -7.5546e-10 -8.77256e-10 -1.99283e-09 -7.5546e-10 -1.74703e-09 0 -7.5546e-10 0 -6.32864e-10 -7.5546e-10 -1.74703e-09 -6.32864e-10 -1.46171e-09 -1.99283e-09 -3.23162e-09 -1.74703e-09 -2.86579e-09 -3.23162e-09 -4.68782e-09 -2.86579e-09 -4.17413e-09 -1.74703e-09 -2.86579e-09 -1.46171e-09 -2.41644e-09 -2.86579e-09 -4.17413e-09 -2.41644e-09 -3.53286e-09 -5.28475e-09 -7.27058e-09 -5.06129e-09 -6.97377e-09 -7.27058e-09 -9.78308e-09 -6.97377e-09 -9.38683e-09 -5.06129e-09 -6.97377e-09 -4.68782e-09 -6.4657e-09 -6.97377e-09 -9.38683e-09 -6.4657e-09 -8.69164e-09 -9.78308e-09 -1.30613e-08 -9.38683e-09 -1.25058e-08 -1.30613e-08 -1.74767e-08 -1.25058e-08 -1.66121e-08 -9.38683e-09 -1.25058e-08 -8.69164e-09 -1.15256e-08 -1.25058e-08 -1.66121e-08 -1.15256e-08 -1.5159e-08 -4.68782e-09 -6.4657e-09 -4.17413e-09 -5.76055e-09 -6.4657e-09 -8.69164e-09 -5.76055e-09 -7.72585e-09 -4.17413e-09 -5.76055e-09 -3.53286e-09 -4.87723e-09 -5.76055e-09 -7.72585e-09 -4.87723e-09 -6.5229e-09 -8.69164e-09 -1.15256e-08 -7.72585e-09 -1.01828e-08 -1.15256e-08 -1.5159e-08 -1.01828e-08 -1.32452e-08 -7.72585e-09 -1.01828e-08 -6.5229e-09 -8.54012e-09 -1.01828e-08 -1.32452e-08 -8.54012e-09 -1.09822e-08 0 -6.32864e-10 0 -5.0121e-10 -6.32864e-10 -1.46171e-09 -5.0121e-10 -1.14008e-09 0 -5.0121e-10 0 -3.55538e-10 -5.0121e-10 -1.14008e-09 -3.55538e-10 -7.84875e-10 -1.46171e-09 -2.41644e-09 -1.14008e-09 -1.89387e-09 -2.41644e-09 -3.53286e-09 -1.89387e-09 -2.7786e-09 -1.14008e-09 -1.89387e-09 -7.84875e-10 -1.30886e-09 -1.89387e-09 -2.7786e-09 -1.30886e-09 -1.92718e-09 0 -3.55538e-10 0 -1.90161e-10 -3.55538e-10 -7.84875e-10 -1.90161e-10 -4.01693e-10 0 -1.90161e-10 0 0 -1.90161e-10 -4.01693e-10 0 0 -7.84875e-10 -1.30886e-09 -4.01693e-10 -6.73187e-10 -1.30886e-09 -1.92718e-09 -6.73187e-10 -9.95252e-10 -4.01693e-10 -6.73187e-10 0 0 -6.73187e-10 -9.95252e-10 0 0 -3.53286e-09 -4.87723e-09 -2.7786e-09 -3.83717e-09 -4.87723e-09 -6.5229e-09 -3.83717e-09 -5.11742e-09 -2.7786e-09 -3.83717e-09 -1.92718e-09 -2.66278e-09 -3.83717e-09 -5.11742e-09 -2.66278e-09 -3.54248e-09 -6.5229e-09 -8.54012e-09 -5.11742e-09 -6.6556e-09 -8.54012e-09 -1.09822e-08 -6.6556e-09 -8.46318e-09 -5.11742e-09 -6.6556e-09 -3.54248e-09 -4.57919e-09 -6.6556e-09 -8.46318e-09 -4.57919e-09 -5.76114e-09 -1.92718e-09 -2.66278e-09 -9.95252e-10 -1.37644e-09 -2.66278e-09 -3.54248e-09 -1.37644e-09 -1.828e-09 -9.95252e-10 -1.37644e-09 0 0 -1.37644e-09 -1.828e-09 0 0 -3.54248e-09 -4.57919e-09 -1.828e-09 -2.35091e-09 -4.57919e-09 -5.76114e-09 -2.35091e-09 -2.92911e-09 -1.828e-09 -2.35091e-09 0 0 -2.35091e-09 -2.92911e-09 0 0 -1.74767e-08 -2.35353e-08 -1.66121e-08 -2.20219e-08 -2.35353e-08 -3.16829e-08 -2.20219e-08 -2.88795e-08 -1.66121e-08 -2.20219e-08 -1.5159e-08 -1.97641e-08 -2.20219e-08 -2.88795e-08 -1.97641e-08 -2.53251e-08 -3.16829e-08 -4.16879e-08 -2.88795e-08 -3.66714e-08 -4.16879e-08 -5.15795e-08 -3.66714e-08 -4.35656e-08 -2.88795e-08 -3.66714e-08 -2.53251e-08 -3.12869e-08 -3.66714e-08 -4.35656e-08 -3.12869e-08 -3.61262e-08 -1.5159e-08 -1.97641e-08 -1.32452e-08 -1.6986e-08 -1.97641e-08 -2.53251e-08 -1.6986e-08 -2.13209e-08 -1.32452e-08 -1.6986e-08 -1.09822e-08 -1.38593e-08 -1.6986e-08 -2.13209e-08 -1.38593e-08 -1.70718e-08 -2.53251e-08 -3.12869e-08 -2.13209e-08 -2.57699e-08 -3.12869e-08 -3.61262e-08 -2.57699e-08 -2.91575e-08 -2.13209e-08 -2.57699e-08 -1.70718e-08 -2.02591e-08 -2.57699e-08 -2.91575e-08 -2.02591e-08 -2.25787e-08 -5.15795e-08 -5.68e-08 -4.35656e-08 -4.61237e-08 -5.68e-08 -5.11358e-08 -4.61237e-08 -4.02247e-08 -4.35656e-08 -4.61237e-08 -3.61262e-08 -3.72514e-08 -4.61237e-08 -4.02247e-08 -3.72514e-08 -3.17886e-08 -5.11358e-08 -3.07638e-08 -4.02247e-08 -2.37032e-08 -3.07638e-08 6.54395e-10 -2.37032e-08 5.51614e-10 -4.02247e-08 -2.37032e-08 -3.17886e-08 -1.84538e-08 -2.37032e-08 5.51614e-10 -1.84538e-08 4.55037e-10 -3.61262e-08 -3.72514e-08 -2.91575e-08 -2.95496e-08 -3.72514e-08 -3.17886e-08 -2.95496e-08 -2.48688e-08 -2.91575e-08 -2.95496e-08 -2.25787e-08 -2.2629e-08 -2.95496e-08 -2.48688e-08 -2.2629e-08 -1.88937e-08 -3.17886e-08 -1.84538e-08 -2.48688e-08 -1.42968e-08 -1.84538e-08 4.55037e-10 -1.42968e-08 3.65239e-10 -2.48688e-08 -1.42968e-08 -1.88937e-08 -1.08038e-08 -1.42968e-08 3.65239e-10 -1.08038e-08 2.81887e-10 -1.09822e-08 -1.38593e-08 -8.46318e-09 -1.05151e-08 -1.38593e-08 -1.70718e-08 -1.05151e-08 -1.27231e-08 -8.46318e-09 -1.05151e-08 -5.76114e-09 -7.05002e-09 -1.05151e-08 -1.27231e-08 -7.05002e-09 -8.37993e-09 -1.70718e-08 -2.02591e-08 -1.27231e-08 -1.485e-08 -2.02591e-08 -2.25787e-08 -1.485e-08 -1.63482e-08 -1.27231e-08 -1.485e-08 -8.37993e-09 -9.62017e-09 -1.485e-08 -1.63482e-08 -9.62017e-09 -1.04685e-08 -5.76114e-09 -7.05002e-09 -2.92911e-09 -3.53143e-09 -7.05002e-09 -8.37993e-09 -3.53143e-09 -4.11998e-09 -2.92911e-09 -3.53143e-09 0 0 -3.53143e-09 -4.11998e-09 0 0 -8.37993e-09 -9.62017e-09 -4.11998e-09 -4.64374e-09 -9.62017e-09 -1.04685e-08 -4.64374e-09 -4.98747e-09 -4.11998e-09 -4.64374e-09 0 0 -4.64374e-09 -4.98747e-09 0 0 -2.25787e-08 -2.2629e-08 -1.63482e-08 -1.62646e-08 -2.2629e-08 -1.88937e-08 -1.62646e-08 -1.3527e-08 -1.63482e-08 -1.62646e-08 -1.04685e-08 -1.03566e-08 -1.62646e-08 -1.3527e-08 -1.03566e-08 -8.60086e-09 -1.88937e-08 -1.08038e-08 -1.3527e-08 -7.71878e-09 -1.08038e-08 2.81887e-10 -7.71878e-09 2.04318e-10 -1.3527e-08 -7.71878e-09 -8.60086e-09 -4.90802e-09 -7.71878e-09 2.04318e-10 -4.90802e-09 1.31834e-10 -1.04685e-08 -1.03566e-08 -4.98747e-09 -4.90602e-09 -1.03566e-08 -8.60086e-09 -4.90602e-09 -4.07299e-09 -4.98747e-09 -4.90602e-09 0 0 -4.90602e-09 -4.07299e-09 0 0 -8.60086e-09 -4.90802e-09 -4.07299e-09 -2.32732e-09 -4.90802e-09 1.31834e-10 -2.32732e-09 6.38578e-11 -4.07299e-09 -2.32732e-09 0 0 -2.32732e-09 6.38578e-11 0 0 6.54395e-10 3.19884e-08 5.51614e-10 2.47361e-08 3.19884e-08 5.21422e-08 2.47361e-08 4.10781e-08 5.51614e-10 2.47361e-08 4.55037e-10 1.93076e-08 2.47361e-08 4.10781e-08 1.93076e-08 3.2499e-08 5.21422e-08 5.7536e-08 4.10781e-08 4.67574e-08 5.7536e-08 5.207e-08 4.67574e-08 4.39985e-08 4.10781e-08 4.67574e-08 3.2499e-08 3.77864e-08 4.67574e-08 4.39985e-08 3.77864e-08 3.6499e-08 4.55037e-10 1.93076e-08 3.65239e-10 1.49837e-08 1.93076e-08 3.2499e-08 1.49837e-08 2.54444e-08 3.65239e-10 1.49837e-08 2.81887e-10 1.13351e-08 1.49837e-08 2.54444e-08 1.13351e-08 1.93419e-08 3.2499e-08 3.77864e-08 2.54444e-08 2.99885e-08 3.77864e-08 3.6499e-08 2.99885e-08 2.94682e-08 2.54444e-08 2.99885e-08 1.93419e-08 2.29742e-08 2.99885e-08 2.94682e-08 2.29742e-08 2.28261e-08 5.207e-08 4.19937e-08 4.39985e-08 3.6949e-08 4.19937e-08 3.18643e-08 3.6949e-08 2.90482e-08 4.39985e-08 3.6949e-08 3.6499e-08 3.15311e-08 3.6949e-08 2.90482e-08 3.15311e-08 2.5476e-08 3.18643e-08 2.36375e-08 2.90482e-08 2.21182e-08 2.36375e-08 1.7529e-08 2.21182e-08 1.66617e-08 2.90482e-08 2.21182e-08 2.5476e-08 1.98511e-08 2.21182e-08 1.66617e-08 1.98511e-08 1.52038e-08 3.6499e-08 3.15311e-08 2.94682e-08 2.59767e-08 3.15311e-08 2.5476e-08 2.59767e-08 2.14502e-08 2.94682e-08 2.59767e-08 2.28261e-08 2.04256e-08 2.59767e-08 2.14502e-08 2.04256e-08 1.71768e-08 2.5476e-08 1.98511e-08 2.14502e-08 1.70608e-08 1.98511e-08 1.52038e-08 1.70608e-08 1.32834e-08 2.14502e-08 1.70608e-08 1.71768e-08 1.39201e-08 1.70608e-08 1.32834e-08 1.39201e-08 1.10127e-08 2.81887e-10 1.13351e-08 2.04318e-10 8.10457e-09 1.13351e-08 1.93419e-08 8.10457e-09 1.38542e-08 2.04318e-10 8.10457e-09 1.31834e-10 5.15725e-09 8.10457e-09 1.38542e-08 5.15725e-09 8.81304e-09 1.93419e-08 2.29742e-08 1.38542e-08 1.65186e-08 2.29742e-08 2.28261e-08 1.65186e-08 1.6532e-08 1.38542e-08 1.65186e-08 8.81304e-09 1.05223e-08 1.65186e-08 1.6532e-08 1.05223e-08 1.05893e-08 1.31834e-10 5.15725e-09 6.38578e-11 2.44811e-09 5.15725e-09 8.81304e-09 2.44811e-09 4.17602e-09 6.38578e-11 2.44811e-09 0 0 2.44811e-09 4.17602e-09 0 0 8.81304e-09 1.05223e-08 4.17602e-09 4.98683e-09 1.05223e-08 1.05893e-08 4.98683e-09 5.04676e-09 4.17602e-09 4.98683e-09 0 0 4.98683e-09 5.04676e-09 0 0 2.28261e-08 2.04256e-08 1.6532e-08 1.49748e-08 2.04256e-08 1.71768e-08 1.49748e-08 1.28021e-08 1.6532e-08 1.49748e-08 1.05893e-08 9.70277e-09 1.49748e-08 1.28021e-08 9.70277e-09 8.4323e-09 1.71768e-08 1.39201e-08 1.28021e-08 1.05606e-08 1.39201e-08 1.10127e-08 1.05606e-08 8.4854e-09 1.28021e-08 1.05606e-08 8.4323e-09 7.07981e-09 1.05606e-08 8.4854e-09 7.07981e-09 5.77506e-09 1.05893e-08 9.70277e-09 5.04676e-09 4.68449e-09 9.70277e-09 8.4323e-09 4.68449e-09 4.14577e-09 5.04676e-09 4.68449e-09 0 0 4.68449e-09 4.14577e-09 0 0 8.4323e-09 7.07981e-09 4.14577e-09 3.54581e-09 7.07981e-09 5.77506e-09 3.54581e-09 2.93541e-09 4.14577e-09 3.54581e-09 0 0 3.54581e-09 2.93541e-09 0 0 1.7529e-08 1.30822e-08 1.66617e-08 1.25257e-08 1.30822e-08 9.78442e-09 1.25257e-08 9.38824e-09 1.66617e-08 1.25257e-08 1.52038e-08 1.15432e-08 1.25257e-08 9.38824e-09 1.15432e-08 8.69231e-09 9.78442e-09 7.26079e-09 9.38824e-09 6.9646e-09 7.26079e-09 5.27085e-09 6.9646e-09 5.04768e-09 9.38824e-09 6.9646e-09 8.69231e-09 6.45644e-09 6.9646e-09 5.04768e-09 6.45644e-09 4.67361e-09 1.52038e-08 1.15432e-08 1.32834e-08 1.01972e-08 1.15432e-08 8.69231e-09 1.01972e-08 7.72529e-09 1.32834e-08 1.01972e-08 1.10127e-08 8.55077e-09 1.01972e-08 7.72529e-09 8.55077e-09 6.52102e-09 8.69231e-09 6.45644e-09 7.72529e-09 5.75096e-09 6.45644e-09 4.67361e-09 5.75096e-09 4.15918e-09 7.72529e-09 5.75096e-09 6.52102e-09 4.8675e-09 5.75096e-09 4.15918e-09 4.8675e-09 3.51773e-09 5.27085e-09 3.66166e-09 5.04768e-09 3.4912e-09 3.66166e-09 2.33079e-09 3.4912e-09 2.18291e-09 5.04768e-09 3.4912e-09 4.67361e-09 3.21599e-09 3.4912e-09 2.18291e-09 3.21599e-09 1.978e-09 2.33079e-09 1.19485e-09 2.18291e-09 1.01415e-09 1.19485e-09 0 1.01415e-09 0 2.18291e-09 1.01415e-09 1.978e-09 8.63064e-10 1.01415e-09 0 8.63064e-10 0 4.67361e-09 3.21599e-09 4.15918e-09 2.8474e-09 3.21599e-09 1.978e-09 2.8474e-09 1.7261e-09 4.15918e-09 2.8474e-09 3.51773e-09 2.39656e-09 2.8474e-09 1.7261e-09 2.39656e-09 1.43744e-09 1.978e-09 8.63064e-10 1.7261e-09 7.35202e-10 8.63064e-10 0 7.35202e-10 0 1.7261e-09 7.35202e-10 1.43744e-09 6.10043e-10 7.35202e-10 0 6.10043e-10 0 1.10127e-08 8.55077e-09 8.4854e-09 6.66243e-09 8.55077e-09 6.52102e-09 6.66243e-09 5.11449e-09 8.4854e-09 6.66243e-09 5.77506e-09 4.58262e-09 6.66243e-09 5.11449e-09 4.58262e-09 3.53925e-09 6.52102e-09 4.8675e-09 5.11449e-09 3.82794e-09 4.8675e-09 3.51773e-09 3.82794e-09 2.76446e-09 5.11449e-09 3.82794e-09 3.53925e-09 2.65512e-09 3.82794e-09 2.76446e-09 2.65512e-09 1.9157e-09 5.77506e-09 4.58262e-09 2.93541e-09 2.35187e-09 4.58262e-09 3.53925e-09 2.35187e-09 1.82561e-09 2.93541e-09 2.35187e-09 0 0 2.35187e-09 1.82561e-09 0 0 3.53925e-09 2.65512e-09 1.82561e-09 1.37177e-09 2.65512e-09 1.9157e-09 1.37177e-09 9.88434e-10 1.82561e-09 1.37177e-09 0 0 1.37177e-09 9.88434e-10 0 0 3.51773e-09 2.39656e-09 2.76446e-09 1.87458e-09 2.39656e-09 1.43744e-09 1.87458e-09 1.11566e-09 2.76446e-09 1.87458e-09 1.9157e-09 1.29283e-09 1.87458e-09 1.11566e-09 1.29283e-09 7.63991e-10 1.43744e-09 6.10043e-10 1.11566e-09 4.78315e-10 6.10043e-10 0 4.78315e-10 0 1.11566e-09 4.78315e-10 7.63991e-10 3.35191e-10 4.78315e-10 0 3.35191e-10 0 1.9157e-09 1.29283e-09 9.88434e-10 6.63522e-10 1.29283e-09 7.63991e-10 6.63522e-10 3.88656e-10 9.88434e-10 6.63522e-10 0 0 6.63522e-10 3.88656e-10 0 0 7.63991e-10 3.35191e-10 3.88656e-10 1.76381e-10 3.35191e-10 0 1.76381e-10 0 3.88656e-10 1.76381e-10 0 0 1.76381e-10 0 0 0 
SCALARS y_velo double 1
LOOKUP_TABLE default
0 0 0 -8.31184e-11 0 0 -8.31184e-11 -7.16709e-11 0 -8.31184e-11 0 -1.04473e-10 -8.31184e-11 -7.16709e-11 -1.04473e-10 -6.24892e-11 0 0 -7.16709e-11 -7.048e-11 0 0 -7.048e-11 -8.20766e-11 -7.16709e-11 -7.048e-11 -6.24892e-11 -4.51054e-11 -7.048e-11 -8.20766e-11 -4.51054e-11 -5.08501e-11 0 -1.04473e-10 0 -5.9434e-11 -1.04473e-10 -6.24892e-11 -5.9434e-11 2.31041e-11 0 -5.9434e-11 0 4.65432e-11 -5.9434e-11 2.31041e-11 4.65432e-11 1.79227e-10 -6.24892e-11 -4.51054e-11 2.31041e-11 6.75913e-11 -4.51054e-11 -5.08501e-11 6.75913e-11 8.40697e-11 2.31041e-11 6.75913e-11 1.79227e-10 2.57552e-10 6.75913e-11 8.40697e-11 2.57552e-10 3.11228e-10 0 0 -8.20766e-11 -1.05571e-10 0 0 -1.05571e-10 -1.43263e-10 -8.20766e-11 -1.05571e-10 -5.08501e-11 -7.51716e-11 -1.05571e-10 -1.43263e-10 -7.51716e-11 -1.23654e-10 0 0 -1.43263e-10 -1.96675e-10 0 0 -1.96675e-10 -2.57949e-10 -1.43263e-10 -1.96675e-10 -1.23654e-10 -2.02297e-10 -1.96675e-10 -2.57949e-10 -2.02297e-10 -2.96636e-10 -5.08501e-11 -7.51716e-11 8.40697e-11 8.18255e-11 -7.51716e-11 -1.23654e-10 8.18255e-11 5.20666e-11 8.40697e-11 8.18255e-11 3.11228e-10 3.53978e-10 8.18255e-11 5.20666e-11 3.53978e-10 3.74978e-10 -1.23654e-10 -2.02297e-10 5.20666e-11 -1.60666e-11 -2.02297e-10 -2.96636e-10 -1.60666e-11 -1.00805e-10 5.20666e-11 -1.60666e-11 3.74978e-10 3.60438e-10 -1.60666e-11 -1.00805e-10 3.60438e-10 3.41692e-10 0 4.65432e-11 0 2.09354e-10 4.65432e-11 1.79227e-10 2.09354e-10 3.96366e-10 0 2.09354e-10 0 4.27227e-10 2.09354e-10 3.96366e-10 4.27227e-10 6.60606e-10 1.79227e-10 2.57552e-10 3.96366e-10 5.12686e-10 2.57552e-10 3.11228e-10 5.12686e-10 6.17195e-10 3.96366e-10 5.12686e-10 6.60606e-10 8.19025e-10 5.12686e-10 6.17195e-10 8.19025e-10 9.86547e-10 0 4.27227e-10 0 6.95969e-10 4.27227e-10 6.60606e-10 6.95969e-10 9.53547e-10 0 6.95969e-10 0 9.60795e-10 6.95969e-10 9.53547e-10 9.60795e-10 1.25955e-09 6.60606e-10 8.19025e-10 9.53547e-10 1.16119e-09 8.19025e-10 9.86547e-10 1.16119e-09 1.40209e-09 9.53547e-10 1.16119e-09 1.25955e-09 1.52361e-09 1.16119e-09 1.40209e-09 1.52361e-09 1.84506e-09 3.11228e-10 3.53978e-10 6.17195e-10 7.27097e-10 3.53978e-10 3.74978e-10 7.27097e-10 8.32125e-10 6.17195e-10 7.27097e-10 9.86547e-10 1.18368e-09 7.27097e-10 8.32125e-10 1.18368e-09 1.40479e-09 3.74978e-10 3.60438e-10 8.32125e-10 9.19966e-10 3.60438e-10 3.41692e-10 9.19966e-10 1.03608e-09 8.32125e-10 9.19966e-10 1.40479e-09 1.6462e-09 9.19966e-10 1.03608e-09 1.6462e-09 1.976e-09 9.86547e-10 1.18368e-09 1.40209e-09 1.70253e-09 1.18368e-09 1.40479e-09 1.70253e-09 2.06692e-09 1.40209e-09 1.70253e-09 1.84506e-09 2.25842e-09 1.70253e-09 2.06692e-09 2.25842e-09 2.78352e-09 1.40479e-09 1.6462e-09 2.06692e-09 2.50999e-09 1.6462e-09 1.976e-09 2.50999e-09 3.137e-09 2.06692e-09 2.50999e-09 2.78352e-09 3.46497e-09 2.50999e-09 3.137e-09 3.46497e-09 4.46763e-09 0 0 -2.57949e-10 -2.97254e-10 0 0 -2.97254e-10 -2.53312e-10 -2.57949e-10 -2.97254e-10 -2.96636e-10 -3.36934e-10 -2.97254e-10 -2.53312e-10 -3.36934e-10 -1.63001e-10 0 0 -2.53312e-10 -4.302e-11 0 0 -4.302e-11 3.97076e-10 -2.53312e-10 -4.302e-11 -1.63001e-10 4.67949e-10 -4.302e-11 3.97076e-10 4.67949e-10 1.77887e-09 -2.96636e-10 -3.36934e-10 -1.00805e-10 -8.45646e-11 -3.36934e-10 -1.63001e-10 -8.45646e-11 3.20028e-10 -1.00805e-10 -8.45646e-11 3.41692e-10 4.89671e-10 -8.45646e-11 3.20028e-10 4.89671e-10 1.23829e-09 -1.63001e-10 4.67949e-10 3.20028e-10 1.57837e-09 4.67949e-10 1.77887e-09 1.57837e-09 4.163e-09 3.20028e-10 1.57837e-09 1.23829e-09 3.32638e-09 1.57837e-09 4.163e-09 3.32638e-09 7.56184e-09 0 0 3.97076e-10 1.05158e-09 0 0 1.05158e-09 1.7911e-09 3.97076e-10 1.05158e-09 1.77887e-09 3.78374e-09 1.05158e-09 1.7911e-09 3.78374e-09 6.12101e-09 0 0 1.7911e-09 2.39274e-09 0 0 2.39274e-09 2.62732e-09 1.7911e-09 2.39274e-09 6.12101e-09 8.06584e-09 2.39274e-09 2.62732e-09 8.06584e-09 8.83306e-09 1.77887e-09 3.78374e-09 4.163e-09 8.17384e-09 3.78374e-09 6.12101e-09 8.17384e-09 1.29354e-08 4.163e-09 8.17384e-09 7.56184e-09 1.41986e-08 8.17384e-09 1.29354e-08 1.41986e-08 2.21843e-08 6.12101e-09 8.06584e-09 1.29354e-08 1.69515e-08 8.06584e-09 8.83306e-09 1.69515e-08 1.85472e-08 1.29354e-08 1.69515e-08 2.21843e-08 2.89901e-08 1.69515e-08 1.85472e-08 2.89901e-08 3.17097e-08 3.41692e-10 4.89671e-10 1.03608e-09 1.40947e-09 4.89671e-10 1.23829e-09 1.40947e-09 2.63259e-09 1.03608e-09 1.40947e-09 1.976e-09 2.689e-09 1.40947e-09 2.63259e-09 2.689e-09 4.54513e-09 1.23829e-09 3.32638e-09 2.63259e-09 5.75546e-09 3.32638e-09 7.56184e-09 5.75546e-09 1.19978e-08 2.63259e-09 5.75546e-09 4.54513e-09 8.92864e-09 5.75546e-09 1.19978e-08 8.92864e-09 1.75253e-08 1.976e-09 2.689e-09 3.137e-09 4.32578e-09 2.689e-09 4.54513e-09 4.32578e-09 7.01907e-09 3.137e-09 4.32578e-09 4.46763e-09 6.28851e-09 4.32578e-09 7.01907e-09 6.28851e-09 1.00933e-08 4.54513e-09 8.92864e-09 7.01907e-09 1.29451e-08 8.92864e-09 1.75253e-08 1.29451e-08 2.42643e-08 7.01907e-09 1.29451e-08 1.00933e-08 1.79608e-08 1.29451e-08 2.42643e-08 1.79608e-08 3.24503e-08 7.56184e-09 1.41986e-08 1.19978e-08 2.1842e-08 1.41986e-08 2.21843e-08 2.1842e-08 3.38155e-08 1.19978e-08 2.1842e-08 1.75253e-08 3.11108e-08 2.1842e-08 3.38155e-08 3.11108e-08 4.77673e-08 2.21843e-08 2.89901e-08 3.38155e-08 4.41089e-08 2.89901e-08 3.17097e-08 4.41089e-08 4.82422e-08 3.38155e-08 4.41089e-08 4.77673e-08 6.21919e-08 4.41089e-08 4.82422e-08 6.21919e-08 6.80098e-08 1.75253e-08 3.11108e-08 2.42643e-08 4.20608e-08 3.11108e-08 4.77673e-08 4.20608e-08 6.39604e-08 2.42643e-08 4.20608e-08 3.24503e-08 5.48352e-08 4.20608e-08 6.39604e-08 5.48352e-08 8.22736e-08 4.77673e-08 6.21919e-08 6.39604e-08 8.30348e-08 6.21919e-08 6.80098e-08 8.30348e-08 9.0761e-08 6.39604e-08 8.30348e-08 8.22736e-08 1.06266e-07 8.30348e-08 9.0761e-08 1.06266e-07 1.16033e-07 0 0 2.62732e-09 2.39414e-09 0 0 2.39414e-09 1.79439e-09 2.62732e-09 2.39414e-09 8.83306e-09 8.07289e-09 2.39414e-09 1.79439e-09 8.07289e-09 6.13416e-09 0 0 1.79439e-09 1.05724e-09 0 0 1.05724e-09 4.05284e-10 1.79439e-09 1.05724e-09 6.13416e-09 3.8019e-09 1.05724e-09 4.05284e-10 3.8019e-09 1.8014e-09 8.83306e-09 8.07289e-09 1.85472e-08 1.69689e-08 8.07289e-09 6.13416e-09 1.69689e-08 1.29659e-08 1.85472e-08 1.69689e-08 3.17097e-08 2.90234e-08 1.69689e-08 1.29659e-08 2.90234e-08 2.22406e-08 6.13416e-09 3.8019e-09 1.29659e-08 8.21236e-09 3.8019e-09 1.8014e-09 8.21236e-09 4.20677e-09 1.29659e-08 8.21236e-09 2.22406e-08 1.42662e-08 8.21236e-09 4.20677e-09 1.42662e-08 7.63437e-09 0 0 4.05284e-10 -3.23723e-11 0 0 -3.23723e-11 -2.40503e-10 4.05284e-10 -3.23723e-11 1.8014e-09 4.94453e-10 -3.23723e-11 -2.40503e-10 4.94453e-10 -1.33108e-10 0 0 -2.40503e-10 -2.82594e-10 0 0 -2.82594e-10 -2.41693e-10 -2.40503e-10 -2.82594e-10 -1.33108e-10 -3.04309e-10 -2.82594e-10 -2.41693e-10 -3.04309e-10 -2.61772e-10 1.8014e-09 4.94453e-10 4.20677e-09 1.6263e-09 4.94453e-10 -1.33108e-10 1.6263e-09 3.71296e-10 4.20677e-09 1.6263e-09 7.63437e-09 3.40162e-09 1.6263e-09 3.71296e-10 3.40162e-09 1.31525e-09 -1.33108e-10 -3.04309e-10 3.71296e-10 -3.08131e-11 -3.04309e-10 -2.61772e-10 -3.08131e-11 -4.51263e-11 3.71296e-10 -3.08131e-11 1.31525e-09 5.67593e-10 -3.08131e-11 -4.51263e-11 5.67593e-10 4.20255e-10 3.17097e-08 2.90234e-08 4.82422e-08 4.41641e-08 2.90234e-08 2.22406e-08 4.41641e-08 3.39069e-08 4.82422e-08 4.41641e-08 6.80098e-08 6.22759e-08 4.41641e-08 3.39069e-08 6.22759e-08 4.79043e-08 2.22406e-08 1.42662e-08 3.39069e-08 2.19483e-08 1.42662e-08 7.63437e-09 2.19483e-08 1.21071e-08 3.39069e-08 2.19483e-08 4.79043e-08 3.12661e-08 2.19483e-08 1.21071e-08 3.12661e-08 1.768e-08 6.80098e-08 6.22759e-08 9.0761e-08 8.31552e-08 6.22759e-08 4.79043e-08 8.31552e-08 6.41542e-08 9.0761e-08 8.31552e-08 1.16033e-07 1.06431e-07 8.31552e-08 6.41542e-08 1.06431e-07 8.25361e-08 4.79043e-08 3.12661e-08 6.41542e-08 4.22764e-08 3.12661e-08 1.768e-08 4.22764e-08 2.44734e-08 6.41542e-08 4.22764e-08 8.25361e-08 5.51225e-08 4.22764e-08 2.44734e-08 5.51225e-08 3.2723e-08 7.63437e-09 3.40162e-09 1.21071e-08 5.86412e-09 3.40162e-09 1.31525e-09 5.86412e-09 2.73954e-09 1.21071e-08 5.86412e-09 1.768e-08 9.07695e-09 5.86412e-09 2.73954e-09 9.07695e-09 4.68631e-09 1.31525e-09 5.67593e-10 2.73954e-09 1.51448e-09 5.67593e-10 4.20255e-10 1.51448e-09 1.13946e-09 2.73954e-09 1.51448e-09 4.68631e-09 2.82385e-09 1.51448e-09 1.13946e-09 2.82385e-09 2.10597e-09 1.768e-08 9.07695e-09 2.44734e-08 1.31393e-08 9.07695e-09 4.68631e-09 1.31393e-08 7.19853e-09 2.44734e-08 1.31393e-08 3.2723e-08 1.82072e-08 1.31393e-08 7.19853e-09 1.82072e-08 1.03148e-08 4.68631e-09 2.82385e-09 7.19853e-09 4.493e-09 2.82385e-09 2.10597e-09 4.493e-09 3.29518e-09 7.19853e-09 4.493e-09 1.03148e-08 6.49034e-09 4.493e-09 3.29518e-09 6.49034e-09 4.6554e-09 0 0 -2.41693e-10 -1.79015e-10 0 0 -1.79015e-10 -1.24341e-10 -2.41693e-10 -1.79015e-10 -2.61772e-10 -1.65455e-10 -1.79015e-10 -1.24341e-10 -1.65455e-10 -8.49144e-11 0 0 -1.24341e-10 -8.55113e-11 0 0 -8.55113e-11 -6.10947e-11 -1.24341e-10 -8.55113e-11 -8.49144e-11 -3.45283e-11 -8.55113e-11 -6.10947e-11 -3.45283e-11 -8.46447e-12 -2.61772e-10 -1.65455e-10 -4.51263e-11 4.13866e-11 -1.65455e-10 -8.49144e-11 4.13866e-11 1.11447e-10 -4.51263e-11 4.13866e-11 4.20255e-10 4.39827e-10 4.13866e-11 1.11447e-10 4.39827e-10 4.55734e-10 -8.49144e-11 -3.45283e-11 1.11447e-10 1.43436e-10 -3.45283e-11 -8.46447e-12 1.43436e-10 1.47987e-10 1.11447e-10 1.43436e-10 4.55734e-10 4.36812e-10 1.43436e-10 1.47987e-10 4.36812e-10 3.96565e-10 0 0 -6.10947e-11 -4.92219e-11 0 0 -4.92219e-11 -5.18392e-11 -6.10947e-11 -4.92219e-11 -8.46447e-12 -2.0618e-12 -4.92219e-11 -5.18392e-11 -2.0618e-12 -2.2436e-11 0 0 -5.18392e-11 -6.79897e-11 0 0 -6.79897e-11 0 -5.18392e-11 -6.79897e-11 -2.2436e-11 -7.54501e-11 -6.79897e-11 0 -7.54501e-11 0 -8.46447e-12 -2.0618e-12 1.47987e-10 1.32478e-10 -2.0618e-12 -2.2436e-11 1.32478e-10 8.33786e-11 1.47987e-10 1.32478e-10 3.96565e-10 3.43989e-10 1.32478e-10 8.33786e-11 3.43989e-10 2.59588e-10 -2.2436e-11 -7.54501e-11 8.33786e-11 -1.75774e-11 -7.54501e-11 0 -1.75774e-11 0 8.33786e-11 -1.75774e-11 2.59588e-10 1.0132e-10 -1.75774e-11 0 1.0132e-10 0 4.20255e-10 4.39827e-10 1.13946e-09 1.02251e-09 4.39827e-10 4.55734e-10 1.02251e-09 9.34923e-10 1.13946e-09 1.02251e-09 2.10597e-09 1.77303e-09 1.02251e-09 9.34923e-10 1.77303e-09 1.53025e-09 4.55734e-10 4.36812e-10 9.34923e-10 8.31329e-10 4.36812e-10 3.96565e-10 8.31329e-10 7.23672e-10 9.34923e-10 8.31329e-10 1.53025e-09 1.30945e-09 8.31329e-10 7.23672e-10 1.30945e-09 1.1138e-09 2.10597e-09 1.77303e-09 3.29518e-09 2.66213e-09 1.77303e-09 1.53025e-09 2.66213e-09 2.21564e-09 3.29518e-09 2.66213e-09 4.6554e-09 3.64334e-09 2.66213e-09 2.21564e-09 3.64334e-09 2.95606e-09 1.53025e-09 1.30945e-09 2.21564e-09 1.85001e-09 1.30945e-09 1.1138e-09 1.85001e-09 1.54977e-09 2.21564e-09 1.85001e-09 2.95606e-09 2.42786e-09 1.85001e-09 1.54977e-09 2.42786e-09 2.01295e-09 3.96565e-10 3.43989e-10 7.23672e-10 6.20102e-10 3.43989e-10 2.59588e-10 6.20102e-10 4.96614e-10 7.23672e-10 6.20102e-10 1.1138e-09 9.46633e-10 6.20102e-10 4.96614e-10 9.46633e-10 7.80219e-10 2.59588e-10 1.0132e-10 4.96614e-10 2.7816e-10 1.0132e-10 0 2.7816e-10 0 4.96614e-10 2.7816e-10 7.80219e-10 5.1211e-10 2.7816e-10 0 5.1211e-10 0 1.1138e-09 9.46633e-10 1.54977e-09 1.30805e-09 9.46633e-10 7.80219e-10 1.30805e-09 1.09128e-09 1.54977e-09 1.30805e-09 2.01295e-09 1.68878e-09 1.30805e-09 1.09128e-09 1.68878e-09 1.41362e-09 7.80219e-10 5.1211e-10 1.09128e-09 7.99282e-10 5.1211e-10 0 7.99282e-10 0 1.09128e-09 7.99282e-10 1.41362e-09 1.07929e-09 7.99282e-10 0 1.07929e-09 0 0 9.60795e-10 0 -0.00195554 9.60795e-10 1.25955e-09 -0.00195554 -2.27875e-05 0 -0.00195554 0 -0.00321512 -0.00195554 -2.27875e-05 -0.00321512 -0.000912879 1.25955e-09 1.52361e-09 -2.27875e-05 0.00163781 1.52361e-09 1.84506e-09 0.00163781 0.0028621 -2.27875e-05 0.00163781 -0.000912879 0.00152377 0.00163781 0.0028621 0.00152377 0.00355281 0 -0.00321512 0 -0.00246768 -0.00321512 -0.000912879 -0.00246768 -0.0012019 0 -0.00246768 0 -0.00157873 -0.00246768 -0.0012019 -0.00157873 -0.000995812 -0.000912879 0.00152377 -0.0012019 0.00102669 0.00152377 0.00355281 0.00102669 0.00323222 -0.0012019 0.00102669 -0.000995812 0.000679864 0.00102669 0.00323222 0.000679864 0.00261791 1.84506e-09 2.25842e-09 0.0028621 0.00387787 2.25842e-09 2.78352e-09 0.00387787 0.00498683 0.0028621 0.00387787 0.00355281 0.00534039 0.00387787 0.00498683 0.00534039 0.00732762 2.78352e-09 3.46497e-09 0.00498683 0.00673083 3.46497e-09 4.46763e-09 0.00673083 0.0104111 0.00498683 0.00673083 0.00732762 0.0103723 0.00673083 0.0104111 0.0103723 0.0163285 0.00355281 0.00534039 0.00323222 0.00535982 0.00534039 0.00732762 0.00535982 0.00782051 0.00323222 0.00535982 0.00261791 0.00466583 0.00535982 0.00782051 0.00466583 0.00715531 0.00732762 0.0103723 0.00782051 0.0115589 0.0103723 0.0163285 0.0115589 0.0185158 0.00782051 0.0115589 0.00715531 0.0109636 0.0115589 0.0185158 0.0109636 0.017847 0 -0.00157873 0 -0.000951771 -0.00157873 -0.000995812 -0.000951771 -0.000651559 0 -0.000951771 0 -0.00053621 -0.000951771 -0.000651559 -0.00053621 -0.000366344 -0.000995812 0.000679864 -0.000651559 0.000501508 0.000679864 0.00261791 0.000501508 0.00198471 -0.000651559 0.000501508 -0.000366344 0.000361188 0.000501508 0.00198471 0.000361188 0.00135143 0 -0.00053621 0 -0.000241238 -0.00053621 -0.000366344 -0.000241238 -0.000160952 0 -0.000241238 0 2.06804e-16 -0.000241238 -0.000160952 2.06804e-16 3.81191e-16 -0.000366344 0.000361188 -0.000160952 0.000193587 0.000361188 0.00135143 0.000193587 0.000689157 -0.000160952 0.000193587 3.81191e-16 -3.03211e-16 0.000193587 0.000689157 -3.03211e-16 -9.53903e-16 0.00261791 0.00466583 0.00198471 0.00366945 0.00466583 0.00715531 0.00366945 0.00581533 0.00198471 0.00366945 0.00135143 0.00252789 0.00366945 0.00581533 0.00252789 0.00407785 0.00715531 0.0109636 0.00581533 0.00914423 0.0109636 0.017847 0.00914423 0.0150711 0.00581533 0.00914423 0.00407785 0.00651477 0.00914423 0.0150711 0.00651477 0.0108234 0.00135143 0.00252789 0.000689157 0.00129117 0.00252789 0.00407785 0.00129117 0.00209926 0.000689157 0.00129117 -9.53903e-16 -1.85074e-16 0.00129117 0.00209926 -1.85074e-16 -2.09783e-15 0.00407785 0.00651477 0.00209926 0.00338082 0.00651477 0.0108234 0.00338082 0.0056402 0.00209926 0.00338082 -2.09783e-15 -1.25648e-15 0.00338082 0.0056402 -1.25648e-15 -1.54184e-15 4.46763e-09 6.28851e-09 0.0104111 0.0188849 6.28851e-09 1.00933e-08 0.0188849 0.0370843 0.0104111 0.0188849 0.0163285 0.028883 0.0188849 0.0370843 0.028883 0.0539202 1.00933e-08 1.79608e-08 0.0370843 0.0706494 1.79608e-08 3.24503e-08 0.0706494 0.120297 0.0370843 0.0706494 0.0539202 0.0976522 0.0706494 0.120297 0.0976522 0.160207 0.0163285 0.028883 0.0185158 0.0322495 0.028883 0.0539202 0.0322495 0.0580015 0.0185158 0.0322495 0.017847 0.0308283 0.0322495 0.0580015 0.0308283 0.0540294 0.0539202 0.0976522 0.0580015 0.10075 0.0976522 0.160207 0.10075 0.159664 0.0580015 0.10075 0.0540294 0.0908841 0.10075 0.159664 0.0908841 0.13982 3.24503e-08 5.48352e-08 0.120297 0.171649 5.48352e-08 8.22736e-08 0.171649 0.189927 0.120297 0.171649 0.160207 0.224968 0.171649 0.189927 0.224968 0.253418 8.22736e-08 1.06266e-07 0.189927 0.140511 1.06266e-07 1.16033e-07 0.140511 0.0317339 0.189927 0.140511 0.253418 0.205137 0.140511 0.0317339 0.205137 0.0810498 0.160207 0.224968 0.159664 0.219833 0.224968 0.253418 0.219833 0.249074 0.159664 0.219833 0.13982 0.188581 0.219833 0.249074 0.188581 0.212908 0.253418 0.205137 0.249074 0.21327 0.205137 0.0810498 0.21327 0.108482 0.249074 0.21327 0.212908 0.187761 0.21327 0.108482 0.187761 0.108793 0.017847 0.0308283 0.0150711 0.0259184 0.0308283 0.0540294 0.0259184 0.044651 0.0150711 0.0259184 0.0108234 0.0185656 0.0259184 0.044651 0.0185656 0.0316369 0.0540294 0.0908841 0.044651 0.0734116 0.0908841 0.13982 0.0734116 0.11041 0.044651 0.0734116 0.0316369 0.0512387 0.0734116 0.11041 0.0512387 0.0758763 0.0108234 0.0185656 0.0056402 0.00966028 0.0185656 0.0316369 0.00966028 0.0163616 0.0056402 0.00966028 -1.54184e-15 -1.11954e-15 0.00966028 0.0163616 -1.11954e-15 -2.67373e-15 0.0316369 0.0512387 0.0163616 0.0262745 0.0512387 0.0758763 0.0262745 0.0385613 0.0163616 0.0262745 -2.67373e-15 -3.09753e-15 0.0262745 0.0385613 -3.09753e-15 -1.96113e-15 0.13982 0.188581 0.11041 0.146292 0.188581 0.212908 0.146292 0.163938 0.11041 0.146292 0.0758763 0.0992358 0.146292 0.163938 0.0992358 0.11041 0.212908 0.187761 0.163938 0.146423 0.187761 0.108793 0.146423 0.0907519 0.163938 0.146423 0.11041 0.0990343 0.146423 0.0907519 0.0990343 0.0634666 0.0758763 0.0992358 0.0385613 0.0500431 0.0992358 0.11041 0.0500431 0.0554115 0.0385613 0.0500431 -1.96113e-15 -1.27249e-15 0.0500431 0.0554115 -1.27249e-15 -2.91533e-16 0.11041 0.0990343 0.0554115 0.0497498 0.0990343 0.0634666 0.0497498 0.0323664 0.0554115 0.0497498 -2.91533e-16 1.95772e-15 0.0497498 0.0323664 1.95772e-15 3.92987e-15 1.16033e-07 1.06431e-07 0.0317339 -0.0796544 1.06431e-07 8.25361e-08 -0.0796544 -0.142502 0.0317339 -0.0796544 0.0810498 -0.0632871 -0.0796544 -0.142502 -0.0632871 -0.164659 8.25361e-08 5.51225e-08 -0.142502 -0.149217 5.51225e-08 3.2723e-08 -0.149217 -0.121301 -0.142502 -0.149217 -0.164659 -0.199306 -0.149217 -0.121301 -0.199306 -0.181889 0.0810498 -0.0632871 0.108482 -0.0252637 -0.0632871 -0.164659 -0.0252637 -0.133466 0.108482 -0.0252637 0.108793 0.00246206 -0.0252637 -0.133466 0.00246206 -0.0912732 -0.164659 -0.199306 -0.133466 -0.186334 -0.199306 -0.181889 -0.186334 -0.187559 -0.133466 -0.186334 -0.0912732 -0.146025 -0.186334 -0.187559 -0.146025 -0.15925 3.2723e-08 1.82072e-08 -0.121301 -0.0835001 1.82072e-08 1.03148e-08 -0.0835001 -0.0514551 -0.121301 -0.0835001 -0.181889 -0.140383 -0.0835001 -0.0514551 -0.140383 -0.0974163 1.03148e-08 6.49034e-09 -0.0514551 -0.0302091 6.49034e-09 4.6554e-09 -0.0302091 -0.018159 -0.0514551 -0.0302091 -0.0974163 -0.0640866 -0.0302091 -0.018159 -0.0640866 -0.042099 -0.181889 -0.140383 -0.187559 -0.158313 -0.140383 -0.0974163 -0.158313 -0.119965 -0.187559 -0.158313 -0.15925 -0.144057 -0.158313 -0.119965 -0.144057 -0.116689 -0.0974163 -0.0640866 -0.119965 -0.085749 -0.0640866 -0.042099 -0.085749 -0.0603486 -0.119965 -0.085749 -0.116689 -0.0888861 -0.085749 -0.0603486 -0.0888861 -0.0661696 0.108793 0.00246206 0.0907519 0.0141208 0.00246206 -0.0912732 0.0141208 -0.0565635 0.0907519 0.0141208 0.0634666 0.0142699 0.0141208 -0.0565635 0.0142699 -0.0320243 -0.0912732 -0.146025 -0.0565635 -0.101903 -0.146025 -0.15925 -0.101903 -0.117917 -0.0565635 -0.101903 -0.0320243 -0.0630991 -0.101903 -0.117917 -0.0630991 -0.0758347 0.0634666 0.0142699 0.0323664 0.00834118 0.0142699 -0.0320243 0.00834118 -0.0144312 0.0323664 0.00834118 3.92987e-15 4.43255e-15 0.00834118 -0.0144312 4.43255e-15 2.73268e-15 -0.0320243 -0.0630991 -0.0144312 -0.0300099 -0.0630991 -0.0758347 -0.0300099 -0.0367873 -0.0144312 -0.0300099 2.73268e-15 1.1923e-15 -0.0300099 -0.0367873 1.1923e-15 -6.29878e-16 -0.15925 -0.144057 -0.117917 -0.112055 -0.144057 -0.116689 -0.112055 -0.0951902 -0.117917 -0.112055 -0.0758347 -0.0743011 -0.112055 -0.0951902 -0.0743011 -0.065049 -0.116689 -0.0888861 -0.0951902 -0.0759866 -0.0888861 -0.0661696 -0.0759866 -0.0591075 -0.0951902 -0.0759866 -0.065049 -0.0535627 -0.0759866 -0.0591075 -0.0535627 -0.0429782 -0.0758347 -0.0743011 -0.0367873 -0.0366056 -0.0743011 -0.065049 -0.0366056 -0.0325537 -0.0367873 -0.0366056 -6.29878e-16 -2.43107e-15 -0.0366056 -0.0325537 -2.43107e-15 -2.63968e-15 -0.065049 -0.0535627 -0.0325537 -0.0272654 -0.0535627 -0.0429782 -0.0272654 -0.0222773 -0.0325537 -0.0272654 -2.63968e-15 -2.40568e-15 -0.0272654 -0.0222773 -2.40568e-15 -1.73894e-15 4.6554e-09 3.64334e-09 -0.018159 -0.0117963 3.64334e-09 2.95606e-09 -0.0117963 -0.00832365 -0.018159 -0.0117963 -0.042099 -0.0287433 -0.0117963 -0.00832365 -0.0287433 -0.0206933 2.95606e-09 2.42786e-09 -0.00832365 -0.00617412 2.42786e-09 2.01295e-09 -0.00617412 -0.00466632 -0.00832365 -0.00617412 -0.0206933 -0.0155619 -0.00617412 -0.00466632 -0.0155619 -0.012037 -0.042099 -0.0287433 -0.0603486 -0.0432205 -0.0287433 -0.0206933 -0.0432205 -0.0320166 -0.0603486 -0.0432205 -0.0661696 -0.0495345 -0.0432205 -0.0320166 -0.0495345 -0.0378759 -0.0206933 -0.0155619 -0.0320166 -0.0245285 -0.0155619 -0.012037 -0.0245285 -0.0192992 -0.0320166 -0.0245285 -0.0378759 -0.0296799 -0.0245285 -0.0192992 -0.0296799 -0.0237712 2.01295e-09 1.68878e-09 -0.00466632 -0.0036177 1.68878e-09 1.41362e-09 -0.0036177 -0.0031871 -0.00466632 -0.0036177 -0.012037 -0.00957875 -0.0036177 -0.0031871 -0.00957875 -0.00819619 1.41362e-09 1.07929e-09 -0.0031871 -0.00412394 1.07929e-09 0 -0.00412394 -0.00740715 -0.0031871 -0.00412394 -0.00819619 -0.00857922 -0.00412394 -0.00740715 -0.00857922 -0.00975151 -0.012037 -0.00957875 -0.0192992 -0.0155942 -0.00957875 -0.00819619 -0.0155942 -0.0132329 -0.0192992 -0.0155942 -0.0237712 -0.0194741 -0.0155942 -0.0132329 -0.0194741 -0.0165361 -0.00819619 -0.00857922 -0.0132329 -0.012455 -0.00857922 -0.00975151 -0.012455 -0.0120302 -0.0132329 -0.012455 -0.0165361 -0.0148774 -0.012455 -0.0120302 -0.0148774 -0.0134357 -0.0661696 -0.0495345 -0.0591075 -0.0459648 -0.0495345 -0.0378759 -0.0459648 -0.0362373 -0.0591075 -0.0459648 -0.0429782 -0.034408 -0.0459648 -0.0362373 -0.034408 -0.0278223 -0.0378759 -0.0296799 -0.0362373 -0.0290759 -0.0296799 -0.0237712 -0.0290759 -0.0237227 -0.0362373 -0.0290759 -0.0278223 -0.0227956 -0.0290759 -0.0237227 -0.0227956 -0.0189134 -0.0429782 -0.034408 -0.0222773 -0.0181605 -0.034408 -0.0278223 -0.0181605 -0.0149319 -0.0222773 -0.0181605 -1.73894e-15 -5.42126e-16 -0.0181605 -0.0149319 -5.42126e-16 -3.81823e-16 -0.0278223 -0.0227956 -0.0149319 -0.0124117 -0.0227956 -0.0189134 -0.0124117 -0.0104205 -0.0149319 -0.0124117 -3.81823e-16 6.21947e-16 -0.0124117 -0.0104205 6.21947e-16 9.90068e-16 -0.0237712 -0.0194741 -0.0237227 -0.0197066 -0.0194741 -0.0165361 -0.0197066 -0.0168179 -0.0237227 -0.0197066 -0.0189134 -0.0159129 -0.0197066 -0.0168179 -0.0159129 -0.0136689 -0.0165361 -0.0148774 -0.0168179 -0.014871 -0.0148774 -0.0134357 -0.014871 -0.0130673 -0.0168179 -0.014871 -0.0136689 -0.0120227 -0.014871 -0.0130673 -0.0120227 -0.0104594 -0.0189134 -0.0159129 -0.0104205 -0.00884757 -0.0159129 -0.0136689 -0.00884757 -0.00764036 -0.0104205 -0.00884757 9.90068e-16 1.11675e-15 -0.00884757 -0.00764036 1.11675e-15 1.15657e-15 -0.0136689 -0.0120227 -0.00764036 -0.00671524 -0.0120227 -0.0104594 -0.00671524 -0.0058251 -0.00764036 -0.00671524 1.15657e-15 9.77492e-16 -0.00671524 -0.0058251 9.77492e-16 1.03134e-15 0 2.06804e-16 0 0.000241238 2.06804e-16 3.81191e-16 0.000241238 0.000160952 0 0.000241238 0 0.00053621 0.000241238 0.000160952 0.00053621 0.000366344 3.81191e-16 -3.03211e-16 0.000160952 -0.000193587 -3.03211e-16 -9.53903e-16 -0.000193587 -0.000689157 0.000160952 -0.000193587 0.000366344 -0.000361188 -0.000193587 -0.000689157 -0.000361188 -0.00135143 0 0.00053621 0 0.000951771 0.00053621 0.000366344 0.000951771 0.000651559 0 0.000951771 0 0.00157873 0.000951771 0.000651559 0.00157873 0.000995812 0.000366344 -0.000361188 0.000651559 -0.000501508 -0.000361188 -0.00135143 -0.000501508 -0.00198471 0.000651559 -0.000501508 0.000995812 -0.000679864 -0.000501508 -0.00198471 -0.000679864 -0.00261791 -9.53903e-16 -1.85074e-16 -0.000689157 -0.00129117 -1.85074e-16 -2.09783e-15 -0.00129117 -0.00209926 -0.000689157 -0.00129117 -0.00135143 -0.00252789 -0.00129117 -0.00209926 -0.00252789 -0.00407785 -2.09783e-15 -1.25648e-15 -0.00209926 -0.00338082 -1.25648e-15 -1.54184e-15 -0.00338082 -0.0056402 -0.00209926 -0.00338082 -0.00407785 -0.00651477 -0.00338082 -0.0056402 -0.00651477 -0.0108234 -0.00135143 -0.00252789 -0.00198471 -0.00366945 -0.00252789 -0.00407785 -0.00366945 -0.00581533 -0.00198471 -0.00366945 -0.00261791 -0.00466583 -0.00366945 -0.00581533 -0.00466583 -0.00715531 -0.00407785 -0.00651477 -0.00581533 -0.00914423 -0.00651477 -0.0108234 -0.00914423 -0.0150711 -0.00581533 -0.00914423 -0.00715531 -0.0109636 -0.00914423 -0.0150711 -0.0109636 -0.017847 0 0.00157873 0 0.00246768 0.00157873 0.000995812 0.00246768 0.0012019 0 0.00246768 0 0.00321512 0.00246768 0.0012019 0.00321512 0.000912879 0.000995812 -0.000679864 0.0012019 -0.00102669 -0.000679864 -0.00261791 -0.00102669 -0.00323222 0.0012019 -0.00102669 0.000912879 -0.00152377 -0.00102669 -0.00323222 -0.00152377 -0.00355281 0 0.00321512 0 0.00195554 0.00321512 0.000912879 0.00195554 2.27875e-05 0 0.00195554 0 -9.60795e-10 0.00195554 2.27875e-05 -9.60795e-10 -1.25955e-09 0.000912879 -0.00152377 2.27875e-05 -0.00163781 -0.00152377 -0.00355281 -0.00163781 -0.0028621 2.27875e-05 -0.00163781 -1.25955e-09 -1.52361e-09 -0.00163781 -0.0028621 -1.52361e-09 -1.84506e-09 -0.00261791 -0.00466583 -0.00323222 -0.00535982 -0.00466583 -0.00715531 -0.00535982 -0.00782051 -0.00323222 -0.00535982 -0.00355281 -0.00534039 -0.00535982 -0.00782051 -0.00534039 -0.00732762 -0.00715531 -0.0109636 -0.00782051 -0.0115589 -0.0109636 -0.017847 -0.0115589 -0.0185158 -0.00782051 -0.0115589 -0.00732762 -0.0103723 -0.0115589 -0.0185158 -0.0103723 -0.0163285 -0.00355281 -0.00534039 -0.0028621 -0.00387787 -0.00534039 -0.00732762 -0.00387787 -0.00498683 -0.0028621 -0.00387787 -1.84506e-09 -2.25842e-09 -0.00387787 -0.00498683 -2.25842e-09 -2.78352e-09 -0.00732762 -0.0103723 -0.00498683 -0.00673083 -0.0103723 -0.0163285 -0.00673083 -0.0104111 -0.00498683 -0.00673083 -2.78352e-09 -3.46497e-09 -0.00673083 -0.0104111 -3.46497e-09 -4.46763e-09 -1.54184e-15 -1.11954e-15 -0.0056402 -0.00966028 -1.11954e-15 -2.67373e-15 -0.00966028 -0.0163616 -0.0056402 -0.00966028 -0.0108234 -0.0185656 -0.00966028 -0.0163616 -0.0185656 -0.0316369 -2.67373e-15 -3.09753e-15 -0.0163616 -0.0262745 -3.09753e-15 -1.96113e-15 -0.0262745 -0.0385613 -0.0163616 -0.0262745 -0.0316369 -0.0512387 -0.0262745 -0.0385613 -0.0512387 -0.0758763 -0.0108234 -0.0185656 -0.0150711 -0.0259184 -0.0185656 -0.0316369 -0.0259184 -0.044651 -0.0150711 -0.0259184 -0.017847 -0.0308283 -0.0259184 -0.044651 -0.0308283 -0.0540294 -0.0316369 -0.0512387 -0.044651 -0.0734116 -0.0512387 -0.0758763 -0.0734116 -0.11041 -0.044651 -0.0734116 -0.0540294 -0.0908841 -0.0734116 -0.11041 -0.0908841 -0.13982 -1.96113e-15 -1.27249e-15 -0.0385613 -0.0500431 -1.27249e-15 -2.91533e-16 -0.0500431 -0.0554115 -0.0385613 -0.0500431 -0.0758763 -0.0992358 -0.0500431 -0.0554115 -0.0992358 -0.11041 -2.91533e-16 1.95772e-15 -0.0554115 -0.0497498 1.95772e-15 3.92987e-15 -0.0497498 -0.0323664 -0.0554115 -0.0497498 -0.11041 -0.0990343 -0.0497498 -0.0323664 -0.0990343 -0.0634666 -0.0758763 -0.0992358 -0.11041 -0.146292 -0.0992358 -0.11041 -0.146292 -0.163938 -0.11041 -0.146292 -0.13982 -0.188581 -0.146292 -0.163938 -0.188581 -0.212908 -0.11041 -0.0990343 -0.163938 -0.146423 -0.0990343 -0.0634666 -0.146423 -0.0907519 -0.163938 -0.146423 -0.212908 -0.187761 -0.146423 -0.0907519 -0.187761 -0.108793 -0.017847 -0.0308283 -0.0185158 -0.0322495 -0.0308283 -0.0540294 -0.0322495 -0.0580015 -0.0185158 -0.0322495 -0.0163285 -0.028883 -0.0322495 -0.0580015 -0.028883 -0.0539202 -0.0540294 -0.0908841 -0.0580015 -0.10075 -0.0908841 -0.13982 -0.10075 -0.159664 -0.0580015 -0.10075 -0.0539202 -0.0976522 -0.10075 -0.159664 -0.0976522 -0.160207 -0.0163285 -0.028883 -0.0104111 -0.0188849 -0.028883 -0.0539202 -0.0188849 -0.0370843 -0.0104111 -0.0188849 -4.46763e-09 -6.28851e-09 -0.0188849 -0.0370843 -6.28851e-09 -1.00933e-08 -0.0539202 -0.0976522 -0.0370843 -0.0706494 -0.0976522 -0.160207 -0.0706494 -0.120297 -0.0370843 -0.0706494 -1.00933e-08 -1.79608e-08 -0.0706494 -0.120297 -1.79608e-08 -3.24503e-08 -0.13982 -0.188581 -0.159664 -0.219833 -0.188581 -0.212908 -0.219833 -0.249074 -0.159664 -0.219833 -0.160207 -0.224968 -0.219833 -0.249074 -0.224968 -0.253418 -0.212908 -0.187761 -0.249074 -0.21327 -0.187761 -0.108793 -0.21327 -0.108482 -0.249074 -0.21327 -0.253418 -0.205137 -0.21327 -0.108482 -0.205137 -0.0810498 -0.160207 -0.224968 -0.120297 -0.171649 -0.224968 -0.253418 -0.171649 -0.189927 -0.120297 -0.171649 -3.24503e-08 -5.48352e-08 -0.171649 -0.189927 -5.48352e-08 -8.22736e-08 -0.253418 -0.205137 -0.189927 -0.140511 -0.205137 -0.0810498 -0.140511 -0.0317339 -0.189927 -0.140511 -8.22736e-08 -1.06266e-07 -0.140511 -0.0317339 -1.06266e-07 -1.16033e-07 3.92987e-15 4.43255e-15 -0.0323664 -0.00834118 4.43255e-15 2.73268e-15 -0.00834118 0.0144312 -0.0323664 -0.00834118 -0.0634666 -0.0142699 -0.00834118 0.0144312 -0.0142699 0.0320243 2.73268e-15 1.1923e-15 0.0144312 0.0300099 1.1923e-15 -6.29878e-16 0.0300099 0.0367873 0.0144312 0.0300099 0.0320243 0.0630991 0.0300099 0.0367873 0.0630991 0.0758347 -0.0634666 -0.0142699 -0.0907519 -0.0141208 -0.0142699 0.0320243 -0.0141208 0.0565635 -0.0907519 -0.0141208 -0.108793 -0.00246206 -0.0141208 0.0565635 -0.00246206 0.0912732 0.0320243 0.0630991 0.0565635 0.101903 0.0630991 0.0758347 0.101903 0.117917 0.0565635 0.101903 0.0912732 0.146025 0.101903 0.117917 0.146025 0.15925 -6.29878e-16 -2.43107e-15 0.0367873 0.0366056 -2.43107e-15 -2.63968e-15 0.0366056 0.0325537 0.0367873 0.0366056 0.0758347 0.0743011 0.0366056 0.0325537 0.0743011 0.065049 -2.63968e-15 -2.40568e-15 0.0325537 0.0272654 -2.40568e-15 -1.73894e-15 0.0272654 0.0222773 0.0325537 0.0272654 0.065049 0.0535627 0.0272654 0.0222773 0.0535627 0.0429782 0.0758347 0.0743011 0.117917 0.112055 0.0743011 0.065049 0.112055 0.0951902 0.117917 0.112055 0.15925 0.144057 0.112055 0.0951902 0.144057 0.116689 0.065049 0.0535627 0.0951902 0.0759866 0.0535627 0.0429782 0.0759866 0.0591075 0.0951902 0.0759866 0.116689 0.0888861 0.0759866 0.0591075 0.0888861 0.0661696 -0.108793 -0.00246206 -0.108482 0.0252637 -0.00246206 0.0912732 0.0252637 0.133466 -0.108482 0.0252637 -0.0810498 0.0632871 0.0252637 0.133466 0.0632871 0.164659 0.0912732 0.146025 0.133466 0.186334 0.146025 0.15925 0.186334 0.187559 0.133466 0.186334 0.164659 0.199306 0.186334 0.187559 0.199306 0.181889 -0.0810498 0.0632871 -0.0317339 0.0796544 0.0632871 0.164659 0.0796544 0.142502 -0.0317339 0.0796544 -1.16033e-07 -1.06431e-07 0.0796544 0.142502 -1.06431e-07 -8.25361e-08 0.164659 0.199306 0.142502 0.149217 0.199306 0.181889 0.149217 0.121301 0.142502 0.149217 -8.25361e-08 -5.51225e-08 0.149217 0.121301 -5.51225e-08 -3.2723e-08 0.15925 0.144057 0.187559 0.158313 0.144057 0.116689 0.158313 0.119965 0.187559 0.158313 0.181889 0.140383 0.158313 0.119965 0.140383 0.0974163 0.116689 0.0888861 0.119965 0.085749 0.0888861 0.0661696 0.085749 0.0603486 0.119965 0.085749 0.0974163 0.0640866 0.085749 0.0603486 0.0640866 0.042099 0.181889 0.140383 0.121301 0.0835001 0.140383 0.0974163 0.0835001 0.0514551 0.121301 0.0835001 -3.2723e-08 -1.82072e-08 0.0835001 0.0514551 -1.82072e-08 -1.03148e-08 0.0974163 0.0640866 0.0514551 0.0302091 0.0640866 0.042099 0.0302091 0.018159 0.0514551 0.0302091 -1.03148e-08 -6.49034e-09 0.0302091 0.018159 -6.49034e-09 -4.6554e-09 -1.73894e-15 -5.42126e-16 0.0222773 0.0181605 -5.42126e-16 -3.81823e-16 0.0181605 0.0149319 0.0222773 0.0181605 0.0429782 0.034408 0.0181605 0.0149319 0.034408 0.0278223 -3.81823e-16 6.21947e-16 0.0149319 0.0124117 6.21947e-16 9.90068e-16 0.0124117 0.0104205 0.0149319 0.0124117 0.0278223 0.0227956 0.0124117 0.0104205 0.0227956 0.0189134 0.0429782 0.034408 0.0591075 0.0459648 0.034408 0.0278223 0.0459648 0.0362373 0.0591075 0.0459648 0.0661696 0.0495345 0.0459648 0.0362373 0.0495345 0.0378759 0.0278223 0.0227956 0.0362373 0.0290759 0.0227956 0.0189134 0.0290759 0.0237227 0.0362373 0.0290759 0.0378759 0.0296799 0.0290759 0.0237227 0.0296799 0.0237712 9.90068e-16 1.11675e-15 0.0104205 0.00884757 1.11675e-15 1.15657e-15 0.00884757 0.00764036 0.0104205 0.00884757 0.0189134 0.0159129 0.00884757 0.00764036 0.0159129 0.0136689 1.15657e-15 9.77492e-16 0.00764036 0.00671524 9.77492e-16 1.03134e-15 0.00671524 0.0058251 0.00764036 0.00671524 0.0136689 0.0120227 0.00671524 0.0058251 0.0120227 0.0104594 0.0189134 0.0159129 0.0237227 0.0197066 0.0159129 0.0136689 0.0197066 0.0168179 0.0237227 0.0197066 0.0237712 0.0194741 0.0197066 0.0168179 0.0194741 0.0165361 0.0136689 0.0120227 0.0168179 0.014871 0.0120227 0.0104594 0.014871 0.0130673 0.0168179 0.014871 0.0165361 0.0148774 0.014871 0.0130673 0.0148774 0.0134357 0.0661696 0.0495345 0.0603486 0.0432205 0.0495345 0.0378759 0.0432205 0.0320166 0.0603486 0.0432205 0.042099 0.0287433 0.0432205 0.0320166 0.0287433 0.0206933 0.0378759 0.0296799 0.0320166 0.0245285 0.0296799 0.0237712 0.0245285 0.0192992 0.0320166 0.0245285 0.0206933 0.0155619 0.0245285 0.0192992 0.0155619 0.012037 0.042099 0.0287433 0.018159 0.0117963 0.0287433 0.0206933 0.0117963 0.00832365 0.018159 0.0117963 -4.6554e-09 -3.64334e-09 0.0117963 0.00832365 -3.64334e-09 -2.95606e-09 0.0206933 0.0155619 0.00832365 0.00617412 0.0155619 0.012037 0.00617412 0.00466632 0.00832365 0.00617412 -2.95606e-09 -2.42786e-09 0.00617412 0.00466632 -2.42786e-09 -2.01295e-09 0.0237712 0.0194741 0.0192992 0.0155942 0.0194741 0.0165361 0.0155942 0.0132329 0.0192992 0.0155942 0.012037 0.00957875 0.0155942 0.0132329 0.00957875 0.00819619 0.0165361 0.0148774 0.0132329 0.012455 0.0148774 0.0134357 0.012455 0.0120302 0.0132329 0.012455 0.00819619 0.00857922 0.012455 0.0120302 0.00857922 0.00975151 0.012037 0.00957875 0.00466632 0.0036177 0.00957875 0.00819619 0.0036177 0.0031871 0.00466632 0.0036177 -2.01295e-09 -1.68878e-09 0.0036177 0.0031871 -1.68878e-09 -1.41362e-09 0.00819619 0.00857922 0.0031871 0.00412394 0.00857922 0.00975151 0.00412394 0.00740715 0.0031871 0.00412394 -1.41362e-09 -1.07929e-09 0.00412394 0.00740715 -1.07929e-09 0 0 -9.60795e-10 0 -6.95969e-10 -9.60795e-10 -1.25955e-09 -6.95969e-10 -9.53547e-10 0 -6.95969e-10 0 -4.27227e-10 -6.95969e-10 -9.53547e-10 -4.27227e-10 -6.60606e-10 -1.25955e-09 -1.52361e-09 -9.53547e-10 -1.16119e-09 -1.52361e-09 -1.84506e-09 -1.16119e-09 -1.40209e-09 -9.53547e-10 -1.16119e-09 -6.60606e-10 -8.19025e-10 -1.16119e-09 -1.40209e-09 -8.19025e-10 -9.86547e-10 0 -4.27227e-10 0 -2.09354e-10 -4.27227e-10 -6.60606e-10 -2.09354e-10 -3.96366e-10 0 -2.09354e-10 0 -4.65432e-11 -2.09354e-10 -3.96366e-10 -4.65432e-11 -1.79227e-10 -6.60606e-10 -8.19025e-10 -3.96366e-10 -5.12686e-10 -8.19025e-10 -9.86547e-10 -5.12686e-10 -6.17195e-10 -3.96366e-10 -5.12686e-10 -1.79227e-10 -2.57552e-10 -5.12686e-10 -6.17195e-10 -2.57552e-10 -3.11228e-10 -1.84506e-09 -2.25842e-09 -1.40209e-09 -1.70253e-09 -2.25842e-09 -2.78352e-09 -1.70253e-09 -2.06692e-09 -1.40209e-09 -1.70253e-09 -9.86547e-10 -1.18368e-09 -1.70253e-09 -2.06692e-09 -1.18368e-09 -1.40479e-09 -2.78352e-09 -3.46497e-09 -2.06692e-09 -2.50999e-09 -3.46497e-09 -4.46763e-09 -2.50999e-09 -3.137e-09 -2.06692e-09 -2.50999e-09 -1.40479e-09 -1.6462e-09 -2.50999e-09 -3.137e-09 -1.6462e-09 -1.976e-09 -9.86547e-10 -1.18368e-09 -6.17195e-10 -7.27097e-10 -1.18368e-09 -1.40479e-09 -7.27097e-10 -8.32125e-10 -6.17195e-10 -7.27097e-10 -3.11228e-10 -3.53978e-10 -7.27097e-10 -8.32125e-10 -3.53978e-10 -3.74978e-10 -1.40479e-09 -1.6462e-09 -8.32125e-10 -9.19966e-10 -1.6462e-09 -1.976e-09 -9.19966e-10 -1.03608e-09 -8.32125e-10 -9.19966e-10 -3.74978e-10 -3.60438e-10 -9.19966e-10 -1.03608e-09 -3.60438e-10 -3.41692e-10 0 -4.65432e-11 0 5.9434e-11 -4.65432e-11 -1.79227e-10 5.9434e-11 -2.31041e-11 0 5.9434e-11 0 1.04473e-10 5.9434e-11 -2.31041e-11 1.04473e-10 6.24892e-11 -1.79227e-10 -2.57552e-10 -2.31041e-11 -6.75913e-11 -2.57552e-10 -3.11228e-10 -6.75913e-11 -8.40697e-11 -2.31041e-11 -6.75913e-11 6.24892e-11 4.51054e-11 -6.75913e-11 -8.40697e-11 4.51054e-11 5.08501e-11 0 1.04473e-10 0 8.31184e-11 1.04473e-10 6.24892e-11 8.31184e-11 7.16709e-11 0 8.31184e-11 0 0 8.31184e-11 7.16709e-11 0 0 6.24892e-11 4.51054e-11 7.16709e-11 7.048e-11 4.51054e-11 5.08501e-11 7.048e-11 8.20766e-11 7.16709e-11 7.048e-11 0 0 7.048e-11 8.20766e-11 0 0 -3.11228e-10 -3.53978e-10 -8.40697e-11 -8.18255e-11 -3.53978e-10 -3.74978e-10 -8.18255e-11 -5.20666e-11 -8.40697e-11 -8.18255e-11 5.08501e-11 7.51716e-11 -8.18255e-11 -5.20666e-11 7.51716e-11 1.23654e-10 -3.74978e-10 -3.60438e-10 -5.20666e-11 1.60666e-11 -3.60438e-10 -3.41692e-10 1.60666e-11 1.00805e-10 -5.20666e-11 1.60666e-11 1.23654e-10 2.02297e-10 1.60666e-11 1.00805e-10 2.02297e-10 2.96636e-10 5.08501e-11 7.51716e-11 8.20766e-11 1.05571e-10 7.51716e-11 1.23654e-10 1.05571e-10 1.43263e-10 8.20766e-11 1.05571e-10 0 0 1.05571e-10 1.43263e-10 0 0 1.23654e-10 2.02297e-10 1.43263e-10 1.96675e-10 2.02297e-10 2.96636e-10 1.96675e-10 2.57949e-10 1.43263e-10 1.96675e-10 0 0 1.96675e-10 2.57949e-10 0 0 -4.46763e-09 -6.28851e-09 -3.137e-09 -4.32578e-09 -6.28851e-09 -1.00933e-08 -4.32578e-09 -7.01907e-09 -3.137e-09 -4.32578e-09 -1.976e-09 -2.689e-09 -4.32578e-09 -7.01907e-09 -2.689e-09 -4.54513e-09 -1.00933e-08 -1.79608e-08 -7.01907e-09 -1.29451e-08 -1.79608e-08 -3.24503e-08 -1.29451e-08 -2.42643e-08 -7.01907e-09 -1.29451e-08 -4.54513e-09 -8.92864e-09 -1.29451e-08 -2.42643e-08 -8.92864e-09 -1.75253e-08 -1.976e-09 -2.689e-09 -1.03608e-09 -1.40947e-09 -2.689e-09 -4.54513e-09 -1.40947e-09 -2.63259e-09 -1.03608e-09 -1.40947e-09 -3.41692e-10 -4.89671e-10 -1.40947e-09 -2.63259e-09 -4.89671e-10 -1.23829e-09 -4.54513e-09 -8.92864e-09 -2.63259e-09 -5.75546e-09 -8.92864e-09 -1.75253e-08 -5.75546e-09 -1.19978e-08 -2.63259e-09 -5.75546e-09 -1.23829e-09 -3.32638e-09 -5.75546e-09 -1.19978e-08 -3.32638e-09 -7.56184e-09 -3.24503e-08 -5.48352e-08 -2.42643e-08 -4.20608e-08 -5.48352e-08 -8.22736e-08 -4.20608e-08 -6.39604e-08 -2.42643e-08 -4.20608e-08 -1.75253e-08 -3.11108e-08 -4.20608e-08 -6.39604e-08 -3.11108e-08 -4.77673e-08 -8.22736e-08 -1.06266e-07 -6.39604e-08 -8.30348e-08 -1.06266e-07 -1.16033e-07 -8.30348e-08 -9.0761e-08 -6.39604e-08 -8.30348e-08 -4.77673e-08 -6.21919e-08 -8.30348e-08 -9.0761e-08 -6.21919e-08 -6.80098e-08 -1.75253e-08 -3.11108e-08 -1.19978e-08 -2.1842e-08 -3.11108e-08 -4.77673e-08 -2.1842e-08 -3.38155e-08 -1.19978e-08 -2.1842e-08 -7.56184e-09 -1.41986e-08 -2.1842e-08 -3.38155e-08 -1.41986e-08 -2.21843e-08 -4.77673e-08 -6.21919e-08 -3.38155e-08 -4.41089e-08 -6.21919e-08 -6.80098e-08 -4.41089e-08 -4.82422e-08 -3.38155e-08 -4.41089e-08 -2.21843e-08 -2.89901e-08 -4.41089e-08 -4.82422e-08 -2.89901e-08 -3.17097e-08 -3.41692e-10 -4.89671e-10 1.00805e-10 8.45646e-11 -4.89671e-10 -1.23829e-09 8.45646e-11 -3.20028e-10 1.00805e-10 8.45646e-11 2.96636e-10 3.36934e-10 8.45646e-11 -3.20028e-10 3.36934e-10 1.63001e-10 -1.23829e-09 -3.32638e-09 -3.20028e-10 -1.57837e-09 -3.32638e-09 -7.56184e-09 -1.57837e-09 -4.163e-09 -3.20028e-10 -1.57837e-09 1.63001e-10 -4.67949e-10 -1.57837e-09 -4.163e-09 -4.67949e-10 -1.77887e-09 2.96636e-10 3.36934e-10 2.57949e-10 2.97254e-10 3.36934e-10 1.63001e-10 2.97254e-10 2.53312e-10 2.57949e-10 2.97254e-10 0 0 2.97254e-10 2.53312e-10 0 0 1.63001e-10 -4.67949e-10 2.53312e-10 4.302e-11 -4.67949e-10 -1.77887e-09 4.302e-11 -3.97076e-10 2.53312e-10 4.302e-11 0 0 4.302e-11 -3.97076e-10 0 0 -7.56184e-09 -1.41986e-08 -4.163e-09 -8.17384e-09 -1.41986e-08 -2.21843e-08 -8.17384e-09 -1.29354e-08 -4.163e-09 -8.17384e-09 -1.77887e-09 -3.78374e-09 -8.17384e-09 -1.29354e-08 -3.78374e-09 -6.12101e-09 -2.21843e-08 -2.89901e-08 -1.29354e-08 -1.69515e-08 -2.89901e-08 -3.17097e-08 -1.69515e-08 -1.85472e-08 -1.29354e-08 -1.69515e-08 -6.12101e-09 -8.06584e-09 -1.69515e-08 -1.85472e-08 -8.06584e-09 -8.83306e-09 -1.77887e-09 -3.78374e-09 -3.97076e-10 -1.05158e-09 -3.78374e-09 -6.12101e-09 -1.05158e-09 -1.7911e-09 -3.97076e-10 -1.05158e-09 0 0 -1.05158e-09 -1.7911e-09 0 0 -6.12101e-09 -8.06584e-09 -1.7911e-09 -2.39274e-09 -8.06584e-09 -8.83306e-09 -2.39274e-09 -2.62732e-09 -1.7911e-09 -2.39274e-09 0 0 -2.39274e-09 -2.62732e-09 0 0 -1.16033e-07 -1.06431e-07 -9.0761e-08 -8.31552e-08 -1.06431e-07 -8.25361e-08 -8.31552e-08 -6.41542e-08 -9.0761e-08 -8.31552e-08 -6.80098e-08 -6.22759e-08 -8.31552e-08 -6.41542e-08 -6.22759e-08 -4.79043e-08 -8.25361e-08 -5.51225e-08 -6.41542e-08 -4.22764e-08 -5.51225e-08 -3.2723e-08 -4.22764e-08 -2.44734e-08 -6.41542e-08 -4.22764e-08 -4.79043e-08 -3.12661e-08 -4.22764e-08 -2.44734e-08 -3.12661e-08 -1.768e-08 -6.80098e-08 -6.22759e-08 -4.82422e-08 -4.41641e-08 -6.22759e-08 -4.79043e-08 -4.41641e-08 -3.39069e-08 -4.82422e-08 -4.41641e-08 -3.17097e-08 -2.90234e-08 -4.41641e-08 -3.39069e-08 -2.90234e-08 -2.22406e-08 -4.79043e-08 -3.12661e-08 -3.39069e-08 -2.19483e-08 -3.12661e-08 -1.768e-08 -2.19483e-08 -1.21071e-08 -3.39069e-08 -2.19483e-08 -2.22406e-08 -1.42662e-08 -2.19483e-08 -1.21071e-08 -1.42662e-08 -7.63437e-09 -3.2723e-08 -1.82072e-08 -2.44734e-08 -1.31393e-08 -1.82072e-08 -1.03148e-08 -1.31393e-08 -7.19853e-09 -2.44734e-08 -1.31393e-08 -1.768e-08 -9.07695e-09 -1.31393e-08 -7.19853e-09 -9.07695e-09 -4.68631e-09 -1.03148e-08 -6.49034e-09 -7.19853e-09 -4.493e-09 -6.49034e-09 -4.6554e-09 -4.493e-09 -3.29518e-09 -7.19853e-09 -4.493e-09 -4.68631e-09 -2.82385e-09 -4.493e-09 -3.29518e-09 -2.82385e-09 -2.10597e-09 -1.768e-08 -9.07695e-09 -1.21071e-08 -5.86412e-09 -9.07695e-09 -4.68631e-09 -5.86412e-09 -2.73954e-09 -1.21071e-08 -5.86412e-09 -7.63437e-09 -3.40162e-09 -5.86412e-09 -2.73954e-09 -3.40162e-09 -1.31525e-09 -4.68631e-09 -2.82385e-09 -2.73954e-09 -1.51448e-09 -2.82385e-09 -2.10597e-09 -1.51448e-09 -1.13946e-09 -2.73954e-09 -1.51448e-09 -1.31525e-09 -5.67593e-10 -1.51448e-09 -1.13946e-09 -5.67593e-10 -4.20255e-10 -3.17097e-08 -2.90234e-08 -1.85472e-08 -1.69689e-08 -2.90234e-08 -2.22406e-08 -1.69689e-08 -1.29659e-08 -1.85472e-08 -1.69689e-08 -8.83306e-09 -8.07289e-09 -1.69689e-08 -1.29659e-08 -8.07289e-09 -6.13416e-09 -2.22406e-08 -1.42662e-08 -1.29659e-08 -8.21236e-09 -1.42662e-08 -7.63437e-09 -8.21236e-09 -4.20677e-09 -1.29659e-08 -8.21236e-09 -6.13416e-09 -3.8019e-09 -8.21236e-09 -4.20677e-09 -3.8019e-09 -1.8014e-09 -8.83306e-09 -8.07289e-09 -2.62732e-09 -2.39414e-09 -8.07289e-09 -6.13416e-09 -2.39414e-09 -1.79439e-09 -2.62732e-09 -2.39414e-09 0 0 -2.39414e-09 -1.79439e-09 0 0 -6.13416e-09 -3.8019e-09 -1.79439e-09 -1.05724e-09 -3.8019e-09 -1.8014e-09 -1.05724e-09 -4.05284e-10 -1.79439e-09 -1.05724e-09 0 0 -1.05724e-09 -4.05284e-10 0 0 -7.63437e-09 -3.40162e-09 -4.20677e-09 -1.6263e-09 -3.40162e-09 -1.31525e-09 -1.6263e-09 -3.71296e-10 -4.20677e-09 -1.6263e-09 -1.8014e-09 -4.94453e-10 -1.6263e-09 -3.71296e-10 -4.94453e-10 1.33108e-10 -1.31525e-09 -5.67593e-10 -3.71296e-10 3.08131e-11 -5.67593e-10 -4.20255e-10 3.08131e-11 4.51263e-11 -3.71296e-10 3.08131e-11 1.33108e-10 3.04309e-10 3.08131e-11 4.51263e-11 3.04309e-10 2.61772e-10 -1.8014e-09 -4.94453e-10 -4.05284e-10 3.23723e-11 -4.94453e-10 1.33108e-10 3.23723e-11 2.40503e-10 -4.05284e-10 3.23723e-11 0 0 3.23723e-11 2.40503e-10 0 0 1.33108e-10 3.04309e-10 2.40503e-10 2.82594e-10 3.04309e-10 2.61772e-10 2.82594e-10 2.41693e-10 2.40503e-10 2.82594e-10 0 0 2.82594e-10 2.41693e-10 0 0 -4.6554e-09 -3.64334e-09 -3.29518e-09 -2.66213e-09 -3.64334e-09 -2.95606e-09 -2.66213e-09 -2.21564e-09 -3.29518e-09 -2.66213e-09 -2.10597e-09 -1.77303e-09 -2.66213e-09 -2.21564e-09 -1.77303e-09 -1.53025e-09 -2.95606e-09 -2.42786e-09 -2.21564e-09 -1.85001e-09 -2.42786e-09 -2.01295e-09 -1.85001e-09 -1.54977e-09 -2.21564e-09 -1.85001e-09 -1.53025e-09 -1.30945e-09 -1.85001e-09 -1.54977e-09 -1.30945e-09 -1.1138e-09 -2.10597e-09 -1.77303e-09 -1.13946e-09 -1.02251e-09 -1.77303e-09 -1.53025e-09 -1.02251e-09 -9.34923e-10 -1.13946e-09 -1.02251e-09 -4.20255e-10 -4.39827e-10 -1.02251e-09 -9.34923e-10 -4.39827e-10 -4.55734e-10 -1.53025e-09 -1.30945e-09 -9.34923e-10 -8.31329e-10 -1.30945e-09 -1.1138e-09 -8.31329e-10 -7.23672e-10 -9.34923e-10 -8.31329e-10 -4.55734e-10 -4.36812e-10 -8.31329e-10 -7.23672e-10 -4.36812e-10 -3.96565e-10 -2.01295e-09 -1.68878e-09 -1.54977e-09 -1.30805e-09 -1.68878e-09 -1.41362e-09 -1.30805e-09 -1.09128e-09 -1.54977e-09 -1.30805e-09 -1.1138e-09 -9.46633e-10 -1.30805e-09 -1.09128e-09 -9.46633e-10 -7.80219e-10 -1.41362e-09 -1.07929e-09 -1.09128e-09 -7.99282e-10 -1.07929e-09 0 -7.99282e-10 0 -1.09128e-09 -7.99282e-10 -7.80219e-10 -5.1211e-10 -7.99282e-10 0 -5.1211e-10 0 -1.1138e-09 -9.46633e-10 -7.23672e-10 -6.20102e-10 -9.46633e-10 -7.80219e-10 -6.20102e-10 -4.96614e-10 -7.23672e-10 -6.20102e-10 -3.96565e-10 -3.43989e-10 -6.20102e-10 -4.96614e-10 -3.43989e-10 -2.59588e-10 -7.80219e-10 -5.1211e-10 -4.96614e-10 -2.7816e-10 -5.1211e-10 0 -2.7816e-10 0 -4.96614e-10 -2.7816e-10 -2.59588e-10 -1.0132e-10 -2.7816e-10 0 -1.0132e-10 0 -4.20255e-10 -4.39827e-10 4.51263e-11 -4.13866e-11 -4.39827e-10 -4.55734e-10 -4.13866e-11 -1.11447e-10 4.51263e-11 -4.13866e-11 2.61772e-10 1.65455e-10 -4.13866e-11 -1.11447e-10 1.65455e-10 8.49144e-11 -4.55734e-10 -4.36812e-10 -1.11447e-10 -1.43436e-10 -4.36812e-10 -3.96565e-10 -1.43436e-10 -1.47987e-10 -1.11447e-10 -1.43436e-10 8.49144e-11 3.45283e-11 -1.43436e-10 -1.47987e-10 3.45283e-11 8.46447e-12 2.61772e-10 1.65455e-10 2.41693e-10 1.79015e-10 1.65455e-10 8.49144e-11 1.79015e-10 1.24341e-10 2.41693e-10 1.79015e-10 0 0 1.79015e-10 1.24341e-10 0 0 8.49144e-11 3.45283e-11 1.24341e-10 8.55113e-11 3.45283e-11 8.46447e-12 8.55113e-11 6.10947e-11 1.24341e-10 8.55113e-11 0 0 8.55113e-11 6.10947e-11 0 0 -3.96565e-10 -3.43989e-10 -1.47987e-10 -1.32478e-10 -3.43989e-10 -2.59588e-10 -1.32478e-10 -8.33786e-11 -1.47987e-10 -1.32478e-10 8.46447e-12 2.0618e-12 -1.32478e-10 -8.33786e-11 2.0618e-12 2.2436e-11 -2.59588e-10 -1.0132e-10 -8.33786e-11 1.75774e-11 -1.0132e-10 0 1.75774e-11 0 -8.33786e-11 1.75774e-11 2.2436e-11 7.54501e-11 1.75774e-11 0 7.54501e-11 0 8.46447e-12 2.0618e-12 6.10947e-11 4.92219e-11 2.0618e-12 2.2436e-11 4.92219e-11 5.18392e-11 6.10947e-11 4.92219e-11 0 0 4.92219e-11 5.18392e-11 0 0 2.2436e-11 7.54501e-11 5.18392e-11 6.79897e-11 7.54501e-11 0 6.79897e-11 0 5.18392e-11 6.79897e-11 0 0 6.79897e-11 0 0 0 
SCALARS x_dis double 1
LOOKUP_TABLE default
0 0 0 -0.000221094 0 0 -0.000221094 -0.000341104 0 -0.000221094 0 -0.000369982 -0.000221094 -0.000341104 -0.000369982 -0.000629379 0 0 -0.000341104 -0.000479556 0 0 -0.000479556 -0.000665315 -0.000341104 -0.000479556 -0.000629379 -0.000912398 -0.000479556 -0.000665315 -0.000912398 -0.00127992 0 -0.000369982 0 -0.000474285 -0.000369982 -0.000629379 -0.000474285 -0.000864175 0 -0.000474285 0 -0.000547499 -0.000474285 -0.000864175 -0.000547499 -0.00104456 -0.000629379 -0.000912398 -0.000864175 -0.00128799 -0.000912398 -0.00127992 -0.00128799 -0.00182868 -0.000864175 -0.00128799 -0.00104456 -0.00159845 -0.00128799 -0.00182868 -0.00159845 -0.00229886 0 0 -0.000665315 -0.000911403 0 0 -0.000911403 -0.00122202 -0.000665315 -0.000911403 -0.00127992 -0.00176059 -0.000911403 -0.00122202 -0.00176059 -0.00236827 0 0 -0.00122202 -0.00159334 0 0 -0.00159334 -0.00201186 -0.00122202 -0.00159334 -0.00236827 -0.00310545 -0.00159334 -0.00201186 -0.00310545 -0.00396058 -0.00127992 -0.00176059 -0.00182868 -0.00252934 -0.00176059 -0.00236827 -0.00252934 -0.00341812 -0.00182868 -0.00252934 -0.00229886 -0.0032003 -0.00252934 -0.00341812 -0.0032003 -0.00434875 -0.00236827 -0.00310545 -0.00341812 -0.00451358 -0.00310545 -0.00396058 -0.00451358 -0.00582038 -0.00341812 -0.00451358 -0.00434875 -0.00578764 -0.00451358 -0.00582038 -0.00578764 -0.00755164 0 -0.000547499 0 -0.000591683 -0.000547499 -0.00104456 -0.000591683 -0.00116877 0 -0.000591683 0 -0.000599532 -0.000591683 -0.00116877 -0.000599532 -0.00123321 -0.00104456 -0.00159845 -0.00116877 -0.00183797 -0.00159845 -0.00229886 -0.00183797 -0.00268008 -0.00116877 -0.00183797 -0.00123321 -0.00200299 -0.00183797 -0.00268008 -0.00200299 -0.00296447 0 -0.000599532 0 -0.000548041 -0.000599532 -0.00123321 -0.000548041 -0.00123589 0 -0.000548041 0 -0.000396441 -0.000548041 -0.00123589 -0.000396441 -0.00117674 -0.00123321 -0.00200299 -0.00123589 -0.00209286 -0.00200299 -0.00296447 -0.00209286 -0.00314709 -0.00123589 -0.00209286 -0.00117674 -0.00211124 -0.00209286 -0.00314709 -0.00211124 -0.00322648 -0.00229886 -0.0032003 -0.00268008 -0.00375722 -0.0032003 -0.00434875 -0.00375722 -0.00513563 -0.00268008 -0.00375722 -0.00296447 -0.00418551 -0.00375722 -0.00513563 -0.00418551 -0.00575358 -0.00434875 -0.00578764 -0.00513563 -0.00689083 -0.00578764 -0.00755164 -0.00689083 -0.00910098 -0.00513563 -0.00689083 -0.00575358 -0.00778089 -0.00689083 -0.00910098 -0.00778089 -0.0104014 -0.00296447 -0.00418551 -0.00314709 -0.00447303 -0.00418551 -0.00575358 -0.00447303 -0.00617852 -0.00314709 -0.00447303 -0.00322648 -0.00461135 -0.00447303 -0.00617852 -0.00461135 -0.00638992 -0.00575358 -0.00778089 -0.00617852 -0.00841234 -0.00778089 -0.0104014 -0.00841234 -0.011373 -0.00617852 -0.00841234 -0.00638992 -0.00873998 -0.00841234 -0.011373 -0.00873998 -0.0119246 0 0 -0.00201186 -0.00245607 0 0 -0.00245607 -0.00290139 -0.00201186 -0.00245607 -0.00396058 -0.0049074 -0.00245607 -0.00290139 -0.0049074 -0.00590228 0 0 -0.00290139 -0.00331179 0 0 -0.00331179 -0.00359758 -0.00290139 -0.00331179 -0.00590228 -0.00685184 -0.00331179 -0.00359758 -0.00685184 -0.0075272 -0.00396058 -0.0049074 -0.00582038 -0.00732168 -0.0049074 -0.00590228 -0.00732168 -0.00895796 -0.00582038 -0.00732168 -0.00755164 -0.00964844 -0.00732168 -0.00895796 -0.00964844 -0.0120097 -0.00590228 -0.00685184 -0.00895796 -0.0105594 -0.00685184 -0.0075272 -0.0105594 -0.0117178 -0.00895796 -0.0105594 -0.0120097 -0.0143764 -0.0105594 -0.0117178 -0.0143764 -0.0161265 0 0 -0.00359758 -0.00356417 0 0 -0.00356417 -0.00295065 -0.00359758 -0.00356417 -0.0075272 -0.00748833 -0.00356417 -0.00295065 -0.00748833 -0.00619778 0 0 -0.00295065 -0.00162289 0 0 -0.00162289 0.000214901 -0.00295065 -0.00162289 -0.00619778 -0.00341283 -0.00162289 0.000214901 -0.00341283 0.000420477 -0.0075272 -0.00748833 -0.0117178 -0.0117073 -0.00748833 -0.00619778 -0.0117073 -0.00969765 -0.0117178 -0.0117073 -0.0161265 -0.0162059 -0.0117073 -0.00969765 -0.0162059 -0.0134611 -0.00619778 -0.00341283 -0.00969765 -0.00535045 -0.00341283 0.000420477 -0.00535045 0.000617097 -0.00969765 -0.00535045 -0.0134611 -0.00745213 -0.00535045 0.000617097 -0.00745213 0.000805221 -0.00755164 -0.00964844 -0.00910098 -0.0118173 -0.00964844 -0.0120097 -0.0118173 -0.0149797 -0.00910098 -0.0118173 -0.0104014 -0.0137343 -0.0118173 -0.0149797 -0.0137343 -0.0177623 -0.0120097 -0.0143764 -0.0149797 -0.0182408 -0.0143764 -0.0161265 -0.0182408 -0.0207364 -0.0149797 -0.0182408 -0.0177623 -0.0220758 -0.0182408 -0.0207364 -0.0220758 -0.0255532 -0.0104014 -0.0137343 -0.011373 -0.0152776 -0.0137343 -0.0177623 -0.0152776 -0.0202108 -0.011373 -0.0152776 -0.0119246 -0.0162893 -0.0152776 -0.0202108 -0.0162893 -0.0221123 -0.0177623 -0.0220758 -0.0202108 -0.0257721 -0.0220758 -0.0255532 -0.0257721 -0.0305999 -0.0202108 -0.0257721 -0.0221123 -0.0291512 -0.0257721 -0.0305999 -0.0291512 -0.0359013 -0.0161265 -0.0162059 -0.0207364 -0.0210275 -0.0162059 -0.0134611 -0.0210275 -0.0175712 -0.0207364 -0.0210275 -0.0255532 -0.026288 -0.0210275 -0.0175712 -0.026288 -0.0222113 -0.0134611 -0.00745213 -0.0175712 -0.00978524 -0.00745213 0.000805221 -0.00978524 0.000985387 -0.0175712 -0.00978524 -0.0222113 -0.0124905 -0.00978524 0.000985387 -0.0124905 0.00115814 -0.0255532 -0.026288 -0.0305999 -0.0321981 -0.026288 -0.0222113 -0.0321981 -0.0277076 -0.0305999 -0.0321981 -0.0359013 -0.0391092 -0.0321981 -0.0277076 -0.0391092 -0.0346279 -0.0222113 -0.0124905 -0.0277076 -0.0158169 -0.0124905 0.00115814 -0.0158169 0.00132395 -0.0277076 -0.0158169 -0.0346279 -0.0202034 -0.0158169 0.00132395 -0.0202034 0.00148294 0 0 0.000214901 0.00204827 0 0 0.00204827 0.0033643 0.000214901 0.00204827 0.000420477 0.00424479 0.00204827 0.0033643 0.00424479 0.00700578 0 0 0.0033643 0.00396206 0 0 0.00396206 0.00397851 0.0033643 0.00396206 0.00700578 0.00826409 0.00396206 0.00397851 0.00826409 0.00826835 0.000420477 0.00424479 0.000617097 0.00657071 0.00424479 0.00700578 0.00657071 0.0108809 0.000617097 0.00657071 0.000805221 0.00904315 0.00657071 0.0108809 0.00904315 0.0150007 0.00700578 0.00826409 0.0108809 0.0128408 0.00826409 0.00826835 0.0128408 0.0127984 0.0108809 0.0128408 0.0150007 0.0176771 0.0128408 0.0127984 0.0176771 0.0175257 0 0 0.00397851 0.00367589 0 0 0.00367589 0.00324898 0.00397851 0.00367589 0.00826835 0.00755904 0.00367589 0.00324898 0.00755904 0.00657665 0 0 0.00324898 0.00278699 0 0 0.00278699 0.00232495 0.00324898 0.00278699 0.00657665 0.005549 0.00278699 0.00232495 0.005549 0.00456735 0.00826835 0.00755904 0.0127984 0.0115888 0.00755904 0.00657665 0.0115888 0.00993854 0.0127984 0.0115888 0.0175257 0.015707 0.0115888 0.00993854 0.015707 0.013276 0.00657665 0.005549 0.00993854 0.00825417 0.005549 0.00456735 0.00825417 0.00670221 0.00993854 0.00825417 0.013276 0.0108524 0.00825417 0.00670221 0.0108524 0.00869057 0.000805221 0.00904315 0.000985387 0.0117304 0.00904315 0.0150007 0.0117304 0.0194489 0.000985387 0.0117304 0.00115814 0.0147741 0.0117304 0.0194489 0.0147741 0.0244092 0.0150007 0.0176771 0.0194489 0.0228162 0.0176771 0.0175257 0.0228162 0.022433 0.0194489 0.0228162 0.0244092 0.0283742 0.0228162 0.022433 0.0283742 0.0275257 0.00115814 0.0147741 0.00132395 0.0184242 0.0147741 0.0244092 0.0184242 0.0302087 0.00132395 0.0184242 0.00148294 0.0231203 0.0184242 0.0302087 0.0231203 0.0374161 0.0244092 0.0283742 0.0302087 0.0345618 0.0283742 0.0275257 0.0345618 0.0328265 0.0302087 0.0345618 0.0374161 0.0417312 0.0345618 0.0328265 0.0417312 0.03836 0.0175257 0.015707 0.022433 0.0198513 0.015707 0.013276 0.0198513 0.0165112 0.022433 0.0198513 0.0275257 0.0239446 0.0198513 0.0165112 0.0239446 0.0195383 0.013276 0.0108524 0.0165112 0.0132735 0.0108524 0.00869057 0.0132735 0.0104796 0.0165112 0.0132735 0.0195383 0.0154237 0.0132735 0.0104796 0.0154237 0.0120026 0.0275257 0.0239446 0.0328265 0.0278772 0.0239446 0.0195383 0.0278772 0.0222105 0.0328265 0.0278772 0.03836 0.03147 0.0278772 0.0222105 0.03147 0.0243144 0.0195383 0.0154237 0.0222105 0.0171811 0.0154237 0.0120026 0.0171811 0.0131799 0.0222105 0.0171811 0.0243144 0.0183878 0.0171811 0.0131799 0.0183878 0.0139206 0 0 0.00232495 0.00188572 0 0 0.00188572 0.0014878 0.00232495 0.00188572 0.00456735 0.00367199 0.00188572 0.0014878 0.00367199 0.00288387 0 0 0.0014878 0.00113982 0 0 0.00113982 0.000838842 0.0014878 0.00113982 0.00288387 0.00220645 0.00113982 0.000838842 0.00220645 0.00162641 0.00456735 0.00367199 0.00670221 0.00533742 0.00367199 0.00288387 0.00533742 0.00416983 0.00670221 0.00533742 0.00869057 0.00685298 0.00533742 0.00416983 0.00685298 0.00532428 0.00288387 0.00220645 0.00416983 0.00318492 0.00220645 0.00162641 0.00318492 0.00235137 0.00416983 0.00318492 0.00532428 0.00405957 0.00318492 0.00235137 0.00405957 0.00300243 0 0 0.000838842 0.00057539 0 0 0.00057539 0.000345053 0.000838842 0.00057539 0.00162641 0.00112177 0.00057539 0.000345053 0.00112177 0.000677885 0 0 0.000345053 0.000162571 0 0 0.000162571 0 0.000345053 0.000162571 0.000677885 0.000306322 0.000162571 0 0.000306322 0 0.00162641 0.00112177 0.00235137 0.00163067 0.00112177 0.000677885 0.00163067 0.000992069 0.00235137 0.00163067 0.00300243 0.00209455 0.00163067 0.000992069 0.00209455 0.00128511 0.000677885 0.000306322 0.000992069 0.000435929 0.000306322 0 0.000435929 0 0.000992069 0.000435929 0.00128511 0.000557596 0.000435929 0 0.000557596 0 0.00869057 0.00685298 0.0104796 0.00818258 0.00685298 0.00532428 0.00818258 0.0063234 0.0104796 0.00818258 0.0120026 0.00928439 0.00818258 0.0063234 0.00928439 0.00714208 0.00532428 0.00405957 0.0063234 0.0048144 0.00405957 0.00300243 0.0048144 0.00356848 0.0063234 0.0048144 0.00714208 0.0054338 0.0048144 0.00356848 0.0054338 0.0040389 0.0120026 0.00928439 0.0131799 0.0101131 0.00928439 0.00714208 0.0101131 0.0077559 0.0131799 0.0101131 0.0139206 0.0106238 0.0101131 0.0077559 0.0106238 0.00814387 0.00714208 0.0054338 0.0077559 0.00590374 0.0054338 0.0040389 0.00590374 0.00440407 0.0077559 0.00590374 0.00814387 0.0062133 0.00590374 0.00440407 0.0062133 0.00465591 0.00300243 0.00209455 0.00356848 0.00250644 0.00209455 0.00128511 0.00250644 0.00155757 0.00356848 0.00250644 0.0040389 0.00285923 0.00250644 0.00155757 0.00285923 0.00180985 0.00128511 0.000557596 0.00155757 0.000678161 0.000557596 0 0.000678161 0 0.00155757 0.000678161 0.00180985 0.000809843 0.000678161 0 0.000809843 0 0.0040389 0.00285923 0.00440407 0.00314526 0.00285923 0.00180985 0.00314526 0.00203606 0.00440407 0.00314526 0.00465591 0.00335576 0.00314526 0.00203606 0.00335576 0.00223055 0.00180985 0.000809843 0.00203606 0.000978731 0.000809843 0 0.000978731 0 0.00203606 0.000978731 0.00223055 0.00120251 0.000978731 0 0.00120251 0 0 -0.000396441 0 -0.000383425 -0.000396441 -0.00117674 -0.000383425 -0.00117204 0 -0.000383425 0 -0.000362148 -0.000383425 -0.00117204 -0.000362148 -0.00116886 -0.00117674 -0.00211124 -0.00117204 -0.00218411 -0.00211124 -0.00322648 -0.00218411 -0.0034268 -0.00117204 -0.00218411 -0.00116886 -0.00225332 -0.00218411 -0.0034268 -0.00225332 -0.00361042 0 -0.000362148 0 -0.000344041 -0.000362148 -0.00116886 -0.000344041 -0.00116844 0 -0.000344041 0 -0.000332168 -0.000344041 -0.00116844 -0.000332168 -0.00117065 -0.00116886 -0.00225332 -0.00116844 -0.00231641 -0.00225332 -0.00361042 -0.00231641 -0.0037727 -0.00116844 -0.00231641 -0.00117065 -0.00237132 -0.00231641 -0.0037727 -0.00237132 -0.00391 -0.00322648 -0.00461135 -0.0034268 -0.00497699 -0.00461135 -0.00638992 -0.00497699 -0.00695172 -0.0034268 -0.00497699 -0.00361042 -0.00530643 -0.00497699 -0.00695172 -0.00530643 -0.00744762 -0.00638992 -0.00873998 -0.00695172 -0.00950976 -0.00873998 -0.0119246 -0.00950976 -0.0128556 -0.00695172 -0.00950976 -0.00744762 -0.0101685 -0.00950976 -0.0128556 -0.0101685 -0.0136147 -0.00361042 -0.00530643 -0.0037727 -0.00559321 -0.00530643 -0.00744762 -0.00559321 -0.00787157 -0.0037727 -0.00559321 -0.00391 -0.00583265 -0.00559321 -0.00787157 -0.00583265 -0.00822009 -0.00744762 -0.0101685 -0.00787157 -0.0107167 -0.0101685 -0.0136147 -0.0107167 -0.0142199 -0.00787157 -0.0107167 -0.00822009 -0.011157 -0.0107167 -0.0142199 -0.011157 -0.0146879 0 -0.000332168 0 -0.000325384 -0.000332168 -0.00117065 -0.000325384 -0.00117454 0 -0.000325384 0 -0.00032191 -0.000325384 -0.00117454 -0.00032191 -0.00117873 -0.00117065 -0.00237132 -0.00117454 -0.00241624 -0.00237132 -0.00391 -0.00241624 -0.00401951 -0.00117454 -0.00241624 -0.00117873 -0.00244961 -0.00241624 -0.00401951 -0.00244961 -0.00409916 0 -0.00032191 0 -0.000320367 -0.00032191 -0.00117873 -0.000320367 -0.00118187 0 -0.000320367 0 -0.000319941 -0.000320367 -0.00118187 -0.000319941 -0.00118302 -0.00117873 -0.00244961 -0.00118187 -0.00247016 -0.00244961 -0.00409916 -0.00247016 -0.00414751 -0.00118187 -0.00247016 -0.00118302 -0.00247711 -0.00247016 -0.00414751 -0.00247711 -0.00416372 -0.00391 -0.00583265 -0.00401951 -0.00602152 -0.00583265 -0.00822009 -0.00602152 -0.00849152 -0.00401951 -0.00602152 -0.00409916 -0.0061577 -0.00602152 -0.00849152 -0.0061577 -0.0086853 -0.00822009 -0.011157 -0.00849152 -0.0114934 -0.011157 -0.0146879 -0.0114934 -0.0150342 -0.00849152 -0.0114934 -0.0086853 -0.01173 -0.0114934 -0.0150342 -0.01173 -0.0152719 -0.00409916 -0.0061577 -0.00414751 -0.00623987 -0.0061577 -0.0086853 -0.00623987 -0.00880145 -0.00414751 -0.00623987 -0.00416372 -0.00626733 -0.00623987 -0.00880145 -0.00626733 -0.00884014 -0.0086853 -0.01173 -0.00880145 -0.0118705 -0.01173 -0.0152719 -0.0118705 -0.0154105 -0.00880145 -0.0118705 -0.00884014 -0.011917 -0.0118705 -0.0154105 -0.011917 -0.015456 -0.0119246 -0.0162893 -0.0128556 -0.0172007 -0.0162893 -0.0221123 -0.0172007 -0.0226004 -0.0128556 -0.0172007 -0.0136147 -0.0178823 -0.0172007 -0.0226004 -0.0178823 -0.0228596 -0.0221123 -0.0291512 -0.0226004 -0.0285854 -0.0291512 -0.0359013 -0.0285854 -0.033669 -0.0226004 -0.0285854 -0.0228596 -0.0279402 -0.0285854 -0.033669 -0.0279402 -0.0317161 -0.0136147 -0.0178823 -0.0142199 -0.0183822 -0.0178823 -0.0228596 -0.0183822 -0.0229698 -0.0142199 -0.0183822 -0.0146879 -0.018739 -0.0183822 -0.0229698 -0.018739 -0.0229901 -0.0228596 -0.0279402 -0.0229698 -0.027299 -0.0279402 -0.0317161 -0.027299 -0.0300621 -0.0229698 -0.027299 -0.0229901 -0.0267176 -0.027299 -0.0300621 -0.0267176 -0.0287145 -0.0359013 -0.0391092 -0.033669 -0.0351744 -0.0391092 -0.0346279 -0.0351744 -0.0300808 -0.033669 -0.0351744 -0.0317161 -0.031992 -0.0351744 -0.0300808 -0.031992 -0.0265598 -0.0346279 -0.0202034 -0.0300808 -0.0170794 -0.0202034 0.00148294 -0.0170794 0.00147206 -0.0300808 -0.0170794 -0.0265598 -0.0147187 -0.0170794 0.00147206 -0.0147187 0.00146453 -0.0317161 -0.031992 -0.0300621 -0.0294522 -0.031992 -0.0265598 -0.0294522 -0.0238464 -0.0300621 -0.0294522 -0.0287145 -0.0274752 -0.0294522 -0.0238464 -0.0274752 -0.021792 -0.0265598 -0.0147187 -0.0238464 -0.0129355 -0.0147187 0.00146453 -0.0129355 0.00145947 -0.0238464 -0.0129355 -0.021792 -0.0116067 -0.0129355 0.00145947 -0.0116067 0.00145618 -0.0146879 -0.018739 -0.0150342 -0.0189844 -0.018739 -0.0229901 -0.0189844 -0.0229647 -0.0150342 -0.0189844 -0.0152719 -0.0191425 -0.0189844 -0.0229647 -0.0191425 -0.0229254 -0.0229901 -0.0267176 -0.0229647 -0.0262342 -0.0267176 -0.0287145 -0.0262342 -0.0276728 -0.0229647 -0.0262342 -0.0229254 -0.0258737 -0.0262342 -0.0276728 -0.0258737 -0.0269334 -0.0152719 -0.0191425 -0.0154105 -0.0192307 -0.0191425 -0.0229254 -0.0192307 -0.0228936 -0.0154105 -0.0192307 -0.015456 -0.0192589 -0.0192307 -0.0228936 -0.0192589 -0.0228817 -0.0229254 -0.0258737 -0.0228936 -0.0256517 -0.0258737 -0.0269334 -0.0256517 -0.0264919 -0.0228936 -0.0256517 -0.0228817 -0.0255768 -0.0256517 -0.0264919 -0.0255768 -0.0263451 -0.0287145 -0.0274752 -0.0276728 -0.0259986 -0.0274752 -0.021792 -0.0259986 -0.0202901 -0.0276728 -0.0259986 -0.0269334 -0.0249758 -0.0259986 -0.0202901 -0.0249758 -0.0192659 -0.021792 -0.0116067 -0.0202901 -0.0106473 -0.0116067 0.00145618 -0.0106473 0.00145412 -0.0202901 -0.0106473 -0.0192659 -0.00999893 -0.0106473 0.00145412 -0.00999893 0.00145292 -0.0269334 -0.0249758 -0.0264919 -0.0243747 -0.0249758 -0.0192659 -0.0243747 -0.01867 -0.0264919 -0.0243747 -0.0263451 -0.0241765 -0.0243747 -0.01867 -0.0241765 -0.0184745 -0.0192659 -0.00999893 -0.01867 -0.009624 -0.00999893 0.00145292 -0.009624 0.00145229 -0.01867 -0.009624 -0.0184745 -0.0095013 -0.009624 0.00145229 -0.0095013 0.0014521 0.00148294 0.0231203 0.00147206 0.0199828 0.0231203 0.0374161 0.0199828 0.0328756 0.00147206 0.0199828 0.00146453 0.0176133 0.0199828 0.0328756 0.0176133 0.0293615 0.0374161 0.0417312 0.0328756 0.0378254 0.0417312 0.03836 0.0378254 0.0361732 0.0328756 0.0378254 0.0293615 0.0346676 0.0378254 0.0361732 0.0346676 0.0342587 0.00146453 0.0176133 0.00145947 0.0158247 0.0176133 0.0293615 0.0158247 0.0266547 0.00145947 0.0158247 0.00145618 0.0144929 0.0158247 0.0266547 0.0144929 0.0246063 0.0293615 0.0346676 0.0266547 0.0321484 0.0346676 0.0342587 0.0321484 0.0326364 0.0266547 0.0321484 0.0246063 0.030188 0.0321484 0.0326364 0.030188 0.0313144 0.03836 0.03147 0.0361732 0.0309581 0.03147 0.0243144 0.0309581 0.0248593 0.0361732 0.0309581 0.0342587 0.030359 0.0309581 0.0248593 0.030359 0.0251676 0.0243144 0.0183878 0.0248593 0.0193565 0.0183878 0.0139206 0.0193565 0.0149082 0.0248593 0.0193565 0.0251676 0.0200875 0.0193565 0.0149082 0.0200875 0.0157152 0.0342587 0.030359 0.0326364 0.0297562 0.030359 0.0251676 0.0297562 0.0253191 0.0326364 0.0297562 0.0313144 0.0292061 0.0297562 0.0253191 0.0292061 0.025373 0.0251676 0.0200875 0.0253191 0.0206287 0.0200875 0.0157152 0.0206287 0.0163596 0.0253191 0.0206287 0.025373 0.021019 0.0206287 0.0163596 0.021019 0.0168589 0.00145618 0.0144929 0.00145412 0.0135319 0.0144929 0.0246063 0.0135319 0.0231093 0.00145412 0.0135319 0.00145292 0.0128829 0.0135319 0.0231093 0.0128829 0.0220888 0.0246063 0.030188 0.0231093 0.0287242 0.030188 0.0313144 0.0287242 0.0302924 0.0231093 0.0287242 0.0220888 0.0277106 0.0287242 0.0302924 0.0277106 0.0295669 0.00145292 0.0128829 0.00145229 0.0125077 0.0128829 0.0220888 0.0125077 0.0214953 0.00145229 0.0125077 0.0014521 0.0123849 0.0125077 0.0214953 0.0123849 0.0213005 0.0220888 0.0277106 0.0214953 0.0271151 0.0277106 0.0295669 0.0271151 0.0291337 0.0214953 0.0271151 0.0213005 0.0269186 0.0271151 0.0291337 0.0269186 0.0289897 0.0313144 0.0292061 0.0302924 0.0287467 0.0292061 0.025373 0.0287467 0.0253735 0.0302924 0.0287467 0.0295669 0.0284032 0.0287467 0.0253735 0.0284032 0.0253526 0.025373 0.021019 0.0253735 0.0212901 0.021019 0.0168589 0.0212901 0.017229 0.0253735 0.0212901 0.0253526 0.0214665 0.0212901 0.017229 0.0214665 0.0174832 0.0295669 0.0284032 0.0291337 0.0281914 0.0284032 0.0253526 0.0281914 0.0253318 0.0291337 0.0281914 0.0289897 0.0281199 0.0281914 0.0253318 0.0281199 0.0253236 0.0253526 0.0214665 0.0253318 0.0215655 0.0214665 0.0174832 0.0215655 0.0176315 0.0253318 0.0215655 0.0253236 0.0215974 0.0215655 0.0176315 0.0215974 0.0176803 0.0139206 0.0106238 0.0149082 0.0114482 0.0106238 0.00814387 0.0114482 0.0087555 0.0149082 0.0114482 0.0157152 0.0121512 0.0114482 0.0087555 0.0121512 0.0092882 0.00814387 0.0062133 0.0087555 0.00661832 0.0062133 0.00465591 0.00661832 0.00487442 0.0087555 0.00661832 0.0092882 0.00697056 0.00661832 0.00487442 0.00697056 0.00505562 0.0157152 0.0121512 0.0163596 0.0127341 0.0121512 0.0092882 0.0127341 0.00973823 0.0163596 0.0127341 0.0168589 0.0132009 0.0127341 0.00973823 0.0132009 0.0101044 0.0092882 0.00697056 0.00973823 0.00726799 0.00697056 0.00505562 0.00726799 0.00520289 0.00973823 0.00726799 0.0101044 0.00751009 0.00726799 0.00520289 0.00751009 0.0053194 0.00465591 0.00335576 0.00487442 0.00340534 0.00335576 0.00223055 0.00340534 0.0021224 0.00487442 0.00340534 0.00505562 0.00342919 0.00340534 0.0021224 0.00342919 0.0020074 0.00223055 0.00120251 0.0021224 0.000959996 0.00120251 0 0.000959996 0 0.0021224 0.000959996 0.0020074 0.000753819 0.000959996 0 0.000753819 0 0.00505562 0.00342919 0.00520289 0.00343848 0.00342919 0.0020074 0.00343848 0.00190689 0.00520289 0.00343848 0.0053194 0.003441 0.00343848 0.00190689 0.003441 0.00182877 0.0020074 0.000753819 0.00190689 0.000627126 0.000753819 0 0.000627126 0 0.00190689 0.000627126 0.00182877 0.000554635 0.000627126 0 0.000554635 0 0.0168589 0.0132009 0.017229 0.0135565 0.0132009 0.0101044 0.0135565 0.0103871 0.017229 0.0135565 0.0174832 0.0138062 0.0135565 0.0103871 0.0138062 0.0105877 0.0101044 0.00751009 0.0103871 0.0076972 0.00751009 0.0053194 0.0076972 0.00540772 0.0103871 0.0076972 0.0105877 0.00783005 0.0076972 0.00540772 0.00783005 0.0054697 0.0174832 0.0138062 0.0176315 0.0139541 0.0138062 0.0105877 0.0139541 0.0107073 0.0176315 0.0139541 0.0176803 0.0140031 0.0139541 0.0107073 0.0140031 0.0107471 0.0105877 0.00783005 0.0107073 0.00790941 0.00783005 0.0054697 0.00790941 0.00550648 0.0107073 0.00790941 0.0107471 0.00793579 0.00790941 0.00550648 0.00793579 0.00551868 0.0053194 0.003441 0.00540772 0.00344123 0.003441 0.00182877 0.00344123 0.00177363 0.00540772 0.00344123 0.0054697 0.0034411 0.00344123 0.00177363 0.0034411 0.00173821 0.00182877 0.000554635 0.00177363 0.000513343 0.000554635 0 0.000513343 0 0.00177363 0.000513343 0.00173821 0.000490154 0.000513343 0 0.000490154 0 0.0054697 0.0034411 0.00550648 0.00344109 0.0034411 0.00173821 0.00344109 0.00171873 0.00550648 0.00344109 0.00551868 0.00344112 0.00344109 0.00171873 0.00344112 0.00171255 0.00173821 0.000490154 0.00171873 0.000478332 0.000490154 0 0.000478332 0 0.00171873 0.000478332 0.00171255 0.000474702 0.000478332 0 0.000474702 0 0 -0.000319941 0 -0.000320367 -0.000319941 -0.00118302 -0.000320367 -0.00118187 0 -0.000320367 0 -0.00032191 -0.000320367 -0.00118187 -0.00032191 -0.00117873 -0.00118302 -0.00247711 -0.00118187 -0.00247016 -0.00247711 -0.00416372 -0.00247016 -0.00414751 -0.00118187 -0.00247016 -0.00117873 -0.00244961 -0.00247016 -0.00414751 -0.00244961 -0.00409916 0 -0.00032191 0 -0.000325384 -0.00032191 -0.00117873 -0.000325384 -0.00117454 0 -0.000325384 0 -0.000332168 -0.000325384 -0.00117454 -0.000332168 -0.00117065 -0.00117873 -0.00244961 -0.00117454 -0.00241624 -0.00244961 -0.00409916 -0.00241624 -0.00401951 -0.00117454 -0.00241624 -0.00117065 -0.00237132 -0.00241624 -0.00401951 -0.00237132 -0.00391 -0.00416372 -0.00626733 -0.00414751 -0.00623987 -0.00626733 -0.00884014 -0.00623987 -0.00880145 -0.00414751 -0.00623987 -0.00409916 -0.0061577 -0.00623987 -0.00880145 -0.0061577 -0.0086853 -0.00884014 -0.011917 -0.00880145 -0.0118705 -0.011917 -0.015456 -0.0118705 -0.0154105 -0.00880145 -0.0118705 -0.0086853 -0.01173 -0.0118705 -0.0154105 -0.01173 -0.0152719 -0.00409916 -0.0061577 -0.00401951 -0.00602152 -0.0061577 -0.0086853 -0.00602152 -0.00849152 -0.00401951 -0.00602152 -0.00391 -0.00583265 -0.00602152 -0.00849152 -0.00583265 -0.00822009 -0.0086853 -0.01173 -0.00849152 -0.0114934 -0.01173 -0.0152719 -0.0114934 -0.0150342 -0.00849152 -0.0114934 -0.00822009 -0.011157 -0.0114934 -0.0150342 -0.011157 -0.0146879 0 -0.000332168 0 -0.000344041 -0.000332168 -0.00117065 -0.000344041 -0.00116844 0 -0.000344041 0 -0.000362148 -0.000344041 -0.00116844 -0.000362148 -0.00116886 -0.00117065 -0.00237132 -0.00116844 -0.00231641 -0.00237132 -0.00391 -0.00231641 -0.0037727 -0.00116844 -0.00231641 -0.00116886 -0.00225332 -0.00231641 -0.0037727 -0.00225332 -0.00361042 0 -0.000362148 0 -0.000383425 -0.000362148 -0.00116886 -0.000383425 -0.00117204 0 -0.000383425 0 -0.000396441 -0.000383425 -0.00117204 -0.000396441 -0.00117674 -0.00116886 -0.00225332 -0.00117204 -0.00218411 -0.00225332 -0.00361042 -0.00218411 -0.0034268 -0.00117204 -0.00218411 -0.00117674 -0.00211124 -0.00218411 -0.0034268 -0.00211124 -0.00322648 -0.00391 -0.00583265 -0.0037727 -0.00559321 -0.00583265 -0.00822009 -0.00559321 -0.00787157 -0.0037727 -0.00559321 -0.00361042 -0.00530643 -0.00559321 -0.00787157 -0.00530643 -0.00744762 -0.00822009 -0.011157 -0.00787157 -0.0107167 -0.011157 -0.0146879 -0.0107167 -0.0142199 -0.00787157 -0.0107167 -0.00744762 -0.0101685 -0.0107167 -0.0142199 -0.0101685 -0.0136147 -0.00361042 -0.00530643 -0.0034268 -0.00497699 -0.00530643 -0.00744762 -0.00497699 -0.00695172 -0.0034268 -0.00497699 -0.00322648 -0.00461135 -0.00497699 -0.00695172 -0.00461135 -0.00638992 -0.00744762 -0.0101685 -0.00695172 -0.00950976 -0.0101685 -0.0136147 -0.00950976 -0.0128556 -0.00695172 -0.00950976 -0.00638992 -0.00873998 -0.00950976 -0.0128556 -0.00873998 -0.0119246 -0.015456 -0.0192589 -0.0154105 -0.0192307 -0.0192589 -0.0228817 -0.0192307 -0.0228936 -0.0154105 -0.0192307 -0.0152719 -0.0191425 -0.0192307 -0.0228936 -0.0191425 -0.0229254 -0.0228817 -0.0255768 -0.0228936 -0.0256517 -0.0255768 -0.0263451 -0.0256517 -0.0264919 -0.0228936 -0.0256517 -0.0229254 -0.0258737 -0.0256517 -0.0264919 -0.0258737 -0.0269334 -0.0152719 -0.0191425 -0.0150342 -0.0189844 -0.0191425 -0.0229254 -0.0189844 -0.0229647 -0.0150342 -0.0189844 -0.0146879 -0.018739 -0.0189844 -0.0229647 -0.018739 -0.0229901 -0.0229254 -0.0258737 -0.0229647 -0.0262342 -0.0258737 -0.0269334 -0.0262342 -0.0276728 -0.0229647 -0.0262342 -0.0229901 -0.0267176 -0.0262342 -0.0276728 -0.0267176 -0.0287145 -0.0263451 -0.0241765 -0.0264919 -0.0243747 -0.0241765 -0.0184745 -0.0243747 -0.01867 -0.0264919 -0.0243747 -0.0269334 -0.0249758 -0.0243747 -0.01867 -0.0249758 -0.0192659 -0.0184745 -0.0095013 -0.01867 -0.009624 -0.0095013 0.0014521 -0.009624 0.00145229 -0.01867 -0.009624 -0.0192659 -0.00999893 -0.009624 0.00145229 -0.00999893 0.00145292 -0.0269334 -0.0249758 -0.0276728 -0.0259986 -0.0249758 -0.0192659 -0.0259986 -0.0202901 -0.0276728 -0.0259986 -0.0287145 -0.0274752 -0.0259986 -0.0202901 -0.0274752 -0.021792 -0.0192659 -0.00999893 -0.0202901 -0.0106473 -0.00999893 0.00145292 -0.0106473 0.00145412 -0.0202901 -0.0106473 -0.021792 -0.0116067 -0.0106473 0.00145412 -0.0116067 0.00145618 -0.0146879 -0.018739 -0.0142199 -0.0183822 -0.018739 -0.0229901 -0.0183822 -0.0229698 -0.0142199 -0.0183822 -0.0136147 -0.0178823 -0.0183822 -0.0229698 -0.0178823 -0.0228596 -0.0229901 -0.0267176 -0.0229698 -0.027299 -0.0267176 -0.0287145 -0.027299 -0.0300621 -0.0229698 -0.027299 -0.0228596 -0.0279402 -0.027299 -0.0300621 -0.0279402 -0.0317161 -0.0136147 -0.0178823 -0.0128556 -0.0172007 -0.0178823 -0.0228596 -0.0172007 -0.0226004 -0.0128556 -0.0172007 -0.0119246 -0.0162893 -0.0172007 -0.0226004 -0.0162893 -0.0221123 -0.0228596 -0.0279402 -0.0226004 -0.0285854 -0.0279402 -0.0317161 -0.0285854 -0.033669 -0.0226004 -0.0285854 -0.0221123 -0.0291512 -0.0285854 -0.033669 -0.0291512 -0.0359013 -0.0287145 -0.0274752 -0.0300621 -0.0294522 -0.0274752 -0.021792 -0.0294522 -0.0238464 -0.0300621 -0.0294522 -0.0317161 -0.031992 -0.0294522 -0.0238464 -0.031992 -0.0265598 -0.021792 -0.0116067 -0.0238464 -0.0129355 -0.0116067 0.00145618 -0.0129355 0.00145947 -0.0238464 -0.0129355 -0.0265598 -0.0147187 -0.0129355 0.00145947 -0.0147187 0.00146453 -0.0317161 -0.031992 -0.033669 -0.0351744 -0.031992 -0.0265598 -0.0351744 -0.0300808 -0.033669 -0.0351744 -0.0359013 -0.0391092 -0.0351744 -0.0300808 -0.0391092 -0.0346279 -0.0265598 -0.0147187 -0.0300808 -0.0170794 -0.0147187 0.00146453 -0.0170794 0.00147206 -0.0300808 -0.0170794 -0.0346279 -0.0202034 -0.0170794 0.00147206 -0.0202034 0.00148294 0.0014521 0.0123849 0.00145229 0.0125077 0.0123849 0.0213005 0.0125077 0.0214953 0.00145229 0.0125077 0.00145292 0.0128829 0.0125077 0.0214953 0.0128829 0.0220888 0.0213005 0.0269186 0.0214953 0.0271151 0.0269186 0.0289897 0.0271151 0.0291337 0.0214953 0.0271151 0.0220888 0.0277106 0.0271151 0.0291337 0.0277106 0.0295669 0.00145292 0.0128829 0.00145412 0.0135319 0.0128829 0.0220888 0.0135319 0.0231093 0.00145412 0.0135319 0.00145618 0.0144929 0.0135319 0.0231093 0.0144929 0.0246063 0.0220888 0.0277106 0.0231093 0.0287242 0.0277106 0.0295669 0.0287242 0.0302924 0.0231093 0.0287242 0.0246063 0.030188 0.0287242 0.0302924 0.030188 0.0313144 0.0289897 0.0281199 0.0291337 0.0281914 0.0281199 0.0253236 0.0281914 0.0253318 0.0291337 0.0281914 0.0295669 0.0284032 0.0281914 0.0253318 0.0284032 0.0253526 0.0253236 0.0215974 0.0253318 0.0215655 0.0215974 0.0176803 0.0215655 0.0176315 0.0253318 0.0215655 0.0253526 0.0214665 0.0215655 0.0176315 0.0214665 0.0174832 0.0295669 0.0284032 0.0302924 0.0287467 0.0284032 0.0253526 0.0287467 0.0253735 0.0302924 0.0287467 0.0313144 0.0292061 0.0287467 0.0253735 0.0292061 0.025373 0.0253526 0.0214665 0.0253735 0.0212901 0.0214665 0.0174832 0.0212901 0.017229 0.0253735 0.0212901 0.025373 0.021019 0.0212901 0.017229 0.021019 0.0168589 0.00145618 0.0144929 0.00145947 0.0158247 0.0144929 0.0246063 0.0158247 0.0266547 0.00145947 0.0158247 0.00146453 0.0176133 0.0158247 0.0266547 0.0176133 0.0293615 0.0246063 0.030188 0.0266547 0.0321484 0.030188 0.0313144 0.0321484 0.0326364 0.0266547 0.0321484 0.0293615 0.0346676 0.0321484 0.0326364 0.0346676 0.0342587 0.00146453 0.0176133 0.00147206 0.0199828 0.0176133 0.0293615 0.0199828 0.0328756 0.00147206 0.0199828 0.00148294 0.0231203 0.0199828 0.0328756 0.0231203 0.0374161 0.0293615 0.0346676 0.0328756 0.0378254 0.0346676 0.0342587 0.0378254 0.0361732 0.0328756 0.0378254 0.0374161 0.0417312 0.0378254 0.0361732 0.0417312 0.03836 0.0313144 0.0292061 0.0326364 0.0297562 0.0292061 0.025373 0.0297562 0.0253191 0.0326364 0.0297562 0.0342587 0.030359 0.0297562 0.0253191 0.030359 0.0251676 0.025373 0.021019 0.0253191 0.0206287 0.021019 0.0168589 0.0206287 0.0163596 0.0253191 0.0206287 0.0251676 0.0200875 0.0206287 0.0163596 0.0200875 0.0157152 0.0342587 0.030359 0.0361732 0.0309581 0.030359 0.0251676 0.0309581 0.0248593 0.0361732 0.0309581 0.03836 0.03147 0.0309581 0.0248593 0.03147 0.0243144 0.0251676 0.0200875 0.0248593 0.0193565 0.0200875 0.0157152 0.0193565 0.0149082 0.0248593 0.0193565 0.0243144 0.0183878 0.0193565 0.0149082 0.0183878 0.0139206 0.0176803 0.0140031 0.0176315 0.0139541 0.0140031 0.0107471 0.0139541 0.0107073 0.0176315 0.0139541 0.0174832 0.0138062 0.0139541 0.0107073 0.0138062 0.0105877 0.0107471 0.00793579 0.0107073 0.00790941 0.00793579 0.00551868 0.00790941 0.00550648 0.0107073 0.00790941 0.0105877 0.00783005 0.00790941 0.00550648 0.00783005 0.0054697 0.0174832 0.0138062 0.017229 0.0135565 0.0138062 0.0105877 0.0135565 0.0103871 0.017229 0.0135565 0.0168589 0.0132009 0.0135565 0.0103871 0.0132009 0.0101044 0.0105877 0.00783005 0.0103871 0.0076972 0.00783005 0.0054697 0.0076972 0.00540772 0.0103871 0.0076972 0.0101044 0.00751009 0.0076972 0.00540772 0.00751009 0.0053194 0.00551868 0.00344112 0.00550648 0.00344109 0.00344112 0.00171255 0.00344109 0.00171873 0.00550648 0.00344109 0.0054697 0.0034411 0.00344109 0.00171873 0.0034411 0.00173821 0.00171255 0.000474702 0.00171873 0.000478332 0.000474702 0 0.000478332 0 0.00171873 0.000478332 0.00173821 0.000490154 0.000478332 0 0.000490154 0 0.0054697 0.0034411 0.00540772 0.00344123 0.0034411 0.00173821 0.00344123 0.00177363 0.00540772 0.00344123 0.0053194 0.003441 0.00344123 0.00177363 0.003441 0.00182877 0.00173821 0.000490154 0.00177363 0.000513343 0.000490154 0 0.000513343 0 0.00177363 0.000513343 0.00182877 0.000554635 0.000513343 0 0.000554635 0 0.0168589 0.0132009 0.0163596 0.0127341 0.0132009 0.0101044 0.0127341 0.00973823 0.0163596 0.0127341 0.0157152 0.0121512 0.0127341 0.00973823 0.0121512 0.0092882 0.0101044 0.00751009 0.00973823 0.00726799 0.00751009 0.0053194 0.00726799 0.00520289 0.00973823 0.00726799 0.0092882 0.00697056 0.00726799 0.00520289 0.00697056 0.00505562 0.0157152 0.0121512 0.0149082 0.0114482 0.0121512 0.0092882 0.0114482 0.0087555 0.0149082 0.0114482 0.0139206 0.0106238 0.0114482 0.0087555 0.0106238 0.00814387 0.0092882 0.00697056 0.0087555 0.00661832 0.00697056 0.00505562 0.00661832 0.00487442 0.0087555 0.00661832 0.00814387 0.0062133 0.00661832 0.00487442 0.0062133 0.00465591 0.0053194 0.003441 0.00520289 0.00343848 0.003441 0.00182877 0.00343848 0.00190689 0.00520289 0.00343848 0.00505562 0.00342919 0.00343848 0.00190689 0.00342919 0.0020074 0.00182877 0.000554635 0.00190689 0.000627126 0.000554635 0 0.000627126 0 0.00190689 0.000627126 0.0020074 0.000753819 0.000627126 0 0.000753819 0 0.00505562 0.00342919 0.00487442 0.00340534 0.00342919 0.0020074 0.00340534 0.0021224 0.00487442 0.00340534 0.00465591 0.00335576 0.00340534 0.0021224 0.00335576 0.00223055 0.0020074 0.000753819 0.0021224 0.000959996 0.000753819 0 0.000959996 0 0.0021224 0.000959996 0.00223055 0.00120251 0.000959996 0 0.00120251 0 0 -0.000396441 0 -0.000548041 -0.000396441 -0.00117674 -0.000548041 -0.00123589 0 -0.000548041 0 -0.000599532 -0.000548041 -0.00123589 -0.000599532 -0.00123321 -0.00117674 -0.00211124 -0.00123589 -0.00209286 -0.00211124 -0.00322648 -0.00209286 -0.00314709 -0.00123589 -0.00209286 -0.00123321 -0.00200299 -0.00209286 -0.00314709 -0.00200299 -0.00296447 0 -0.000599532 0 -0.000591683 -0.000599532 -0.00123321 -0.000591683 -0.00116877 0 -0.000591683 0 -0.000547499 -0.000591683 -0.00116877 -0.000547499 -0.00104456 -0.00123321 -0.00200299 -0.00116877 -0.00183797 -0.00200299 -0.00296447 -0.00183797 -0.00268008 -0.00116877 -0.00183797 -0.00104456 -0.00159845 -0.00183797 -0.00268008 -0.00159845 -0.00229886 -0.00322648 -0.00461135 -0.00314709 -0.00447303 -0.00461135 -0.00638992 -0.00447303 -0.00617852 -0.00314709 -0.00447303 -0.00296447 -0.00418551 -0.00447303 -0.00617852 -0.00418551 -0.00575358 -0.00638992 -0.00873998 -0.00617852 -0.00841234 -0.00873998 -0.0119246 -0.00841234 -0.011373 -0.00617852 -0.00841234 -0.00575358 -0.00778089 -0.00841234 -0.011373 -0.00778089 -0.0104014 -0.00296447 -0.00418551 -0.00268008 -0.00375722 -0.00418551 -0.00575358 -0.00375722 -0.00513563 -0.00268008 -0.00375722 -0.00229886 -0.0032003 -0.00375722 -0.00513563 -0.0032003 -0.00434875 -0.00575358 -0.00778089 -0.00513563 -0.00689083 -0.00778089 -0.0104014 -0.00689083 -0.00910098 -0.00513563 -0.00689083 -0.00434875 -0.00578764 -0.00689083 -0.00910098 -0.00578764 -0.00755164 0 -0.000547499 0 -0.000474285 -0.000547499 -0.00104456 -0.000474285 -0.000864175 0 -0.000474285 0 -0.000369982 -0.000474285 -0.000864175 -0.000369982 -0.000629379 -0.00104456 -0.00159845 -0.000864175 -0.00128799 -0.00159845 -0.00229886 -0.00128799 -0.00182868 -0.000864175 -0.00128799 -0.000629379 -0.000912398 -0.00128799 -0.00182868 -0.000912398 -0.00127992 0 -0.000369982 0 -0.000221094 -0.000369982 -0.000629379 -0.000221094 -0.000341104 0 -0.000221094 0 0 -0.000221094 -0.000341104 0 0 -0.000629379 -0.000912398 -0.000341104 -0.000479556 -0.000912398 -0.00127992 -0.000479556 -0.000665315 -0.000341104 -0.000479556 0 0 -0.000479556 -0.000665315 0 0 -0.00229886 -0.0032003 -0.00182868 -0.00252934 -0.0032003 -0.00434875 -0.00252934 -0.00341812 -0.00182868 -0.00252934 -0.00127992 -0.00176059 -0.00252934 -0.00341812 -0.00176059 -0.00236827 -0.00434875 -0.00578764 -0.00341812 -0.00451358 -0.00578764 -0.00755164 -0.00451358 -0.00582038 -0.00341812 -0.00451358 -0.00236827 -0.00310545 -0.00451358 -0.00582038 -0.00310545 -0.00396058 -0.00127992 -0.00176059 -0.000665315 -0.000911403 -0.00176059 -0.00236827 -0.000911403 -0.00122202 -0.000665315 -0.000911403 0 0 -0.000911403 -0.00122202 0 0 -0.00236827 -0.00310545 -0.00122202 -0.00159334 -0.00310545 -0.00396058 -0.00159334 -0.00201186 -0.00122202 -0.00159334 0 0 -0.00159334 -0.00201186 0 0 -0.0119246 -0.0162893 -0.011373 -0.0152776 -0.0162893 -0.0221123 -0.0152776 -0.0202108 -0.011373 -0.0152776 -0.0104014 -0.0137343 -0.0152776 -0.0202108 -0.0137343 -0.0177623 -0.0221123 -0.0291512 -0.0202108 -0.0257721 -0.0291512 -0.0359013 -0.0257721 -0.0305999 -0.0202108 -0.0257721 -0.0177623 -0.0220758 -0.0257721 -0.0305999 -0.0220758 -0.0255532 -0.0104014 -0.0137343 -0.00910098 -0.0118173 -0.0137343 -0.0177623 -0.0118173 -0.0149797 -0.00910098 -0.0118173 -0.00755164 -0.00964844 -0.0118173 -0.0149797 -0.00964844 -0.0120097 -0.0177623 -0.0220758 -0.0149797 -0.0182408 -0.0220758 -0.0255532 -0.0182408 -0.0207364 -0.0149797 -0.0182408 -0.0120097 -0.0143764 -0.0182408 -0.0207364 -0.0143764 -0.0161265 -0.0359013 -0.0391092 -0.0305999 -0.0321981 -0.0391092 -0.0346279 -0.0321981 -0.0277076 -0.0305999 -0.0321981 -0.0255532 -0.026288 -0.0321981 -0.0277076 -0.026288 -0.0222113 -0.0346279 -0.0202034 -0.0277076 -0.0158169 -0.0202034 0.00148294 -0.0158169 0.00132395 -0.0277076 -0.0158169 -0.0222113 -0.0124905 -0.0158169 0.00132395 -0.0124905 0.00115814 -0.0255532 -0.026288 -0.0207364 -0.0210275 -0.026288 -0.0222113 -0.0210275 -0.0175712 -0.0207364 -0.0210275 -0.0161265 -0.0162059 -0.0210275 -0.0175712 -0.0162059 -0.0134611 -0.0222113 -0.0124905 -0.0175712 -0.00978524 -0.0124905 0.00115814 -0.00978524 0.000985387 -0.0175712 -0.00978524 -0.0134611 -0.00745213 -0.00978524 0.000985387 -0.00745213 0.000805221 -0.00755164 -0.00964844 -0.00582038 -0.00732168 -0.00964844 -0.0120097 -0.00732168 -0.00895796 -0.00582038 -0.00732168 -0.00396058 -0.0049074 -0.00732168 -0.00895796 -0.0049074 -0.00590228 -0.0120097 -0.0143764 -0.00895796 -0.0105594 -0.0143764 -0.0161265 -0.0105594 -0.0117178 -0.00895796 -0.0105594 -0.00590228 -0.00685184 -0.0105594 -0.0117178 -0.00685184 -0.0075272 -0.00396058 -0.0049074 -0.00201186 -0.00245607 -0.0049074 -0.00590228 -0.00245607 -0.00290139 -0.00201186 -0.00245607 0 0 -0.00245607 -0.00290139 0 0 -0.00590228 -0.00685184 -0.00290139 -0.00331179 -0.00685184 -0.0075272 -0.00331179 -0.00359758 -0.00290139 -0.00331179 0 0 -0.00331179 -0.00359758 0 0 -0.0161265 -0.0162059 -0.0117178 -0.0117073 -0.0162059 -0.0134611 -0.0117073 -0.00969765 -0.0117178 -0.0117073 -0.0075272 -0.00748833 -0.0117073 -0.00969765 -0.00748833 -0.00619778 -0.0134611 -0.00745213 -0.00969765 -0.00535045 -0.00745213 0.000805221 -0.00535045 0.000617097 -0.00969765 -0.00535045 -0.00619778 -0.00341283 -0.00535045 0.000617097 -0.00341283 0.000420477 -0.0075272 -0.00748833 -0.00359758 -0.00356417 -0.00748833 -0.00619778 -0.00356417 -0.00295065 -0.00359758 -0.00356417 0 0 -0.00356417 -0.00295065 0 0 -0.00619778 -0.00341283 -0.00295065 -0.00162289 -0.00341283 0.000420477 -0.00162289 0.000214901 -0.00295065 -0.00162289 0 0 -0.00162289 0.000214901 0 0 0.00148294 0.0231203 0.00132395 0.0184242 0.0231203 0.0374161 0.0184242 0.0302087 0.00132395 0.0184242 0.00115814 0.0147741 0.0184242 0.0302087 0.0147741 0.0244092 0.0374161 0.0417312 0.0302087 0.0345618 0.0417312 0.03836 0.0345618 0.0328265 0.0302087 0.0345618 0.0244092 0.0283742 0.0345618 0.0328265 0.0283742 0.0275257 0.00115814 0.0147741 0.000985387 0.0117304 0.0147741 0.0244092 0.0117304 0.0194489 0.000985387 0.0117304 0.000805221 0.00904315 0.0117304 0.0194489 0.00904315 0.0150007 0.0244092 0.0283742 0.0194489 0.0228162 0.0283742 0.0275257 0.0228162 0.022433 0.0194489 0.0228162 0.0150007 0.0176771 0.0228162 0.022433 0.0176771 0.0175257 0.03836 0.03147 0.0328265 0.0278772 0.03147 0.0243144 0.0278772 0.0222105 0.0328265 0.0278772 0.0275257 0.0239446 0.0278772 0.0222105 0.0239446 0.0195383 0.0243144 0.0183878 0.0222105 0.0171811 0.0183878 0.0139206 0.0171811 0.0131799 0.0222105 0.0171811 0.0195383 0.0154237 0.0171811 0.0131799 0.0154237 0.0120026 0.0275257 0.0239446 0.022433 0.0198513 0.0239446 0.0195383 0.0198513 0.0165112 0.022433 0.0198513 0.0175257 0.015707 0.0198513 0.0165112 0.015707 0.013276 0.0195383 0.0154237 0.0165112 0.0132735 0.0154237 0.0120026 0.0132735 0.0104796 0.0165112 0.0132735 0.013276 0.0108524 0.0132735 0.0104796 0.0108524 0.00869057 0.000805221 0.00904315 0.000617097 0.00657071 0.00904315 0.0150007 0.00657071 0.0108809 0.000617097 0.00657071 0.000420477 0.00424479 0.00657071 0.0108809 0.00424479 0.00700578 0.0150007 0.0176771 0.0108809 0.0128408 0.0176771 0.0175257 0.0128408 0.0127984 0.0108809 0.0128408 0.00700578 0.00826409 0.0128408 0.0127984 0.00826409 0.00826835 0.000420477 0.00424479 0.000214901 0.00204827 0.00424479 0.00700578 0.00204827 0.0033643 0.000214901 0.00204827 0 0 0.00204827 0.0033643 0 0 0.00700578 0.00826409 0.0033643 0.00396206 0.00826409 0.00826835 0.00396206 0.00397851 0.0033643 0.00396206 0 0 0.00396206 0.00397851 0 0 0.0175257 0.015707 0.0127984 0.0115888 0.015707 0.013276 0.0115888 0.00993854 0.0127984 0.0115888 0.00826835 0.00755904 0.0115888 0.00993854 0.00755904 0.00657665 0.013276 0.0108524 0.00993854 0.00825417 0.0108524 0.00869057 0.00825417 0.00670221 0.00993854 0.00825417 0.00657665 0.005549 0.00825417 0.00670221 0.005549 0.00456735 0.00826835 0.00755904 0.00397851 0.00367589 0.00755904 0.00657665 0.00367589 0.00324898 0.00397851 0.00367589 0 0 0.00367589 0.00324898 0 0 0.00657665 0.005549 0.00324898 0.00278699 0.005549 0.00456735 0.00278699 0.00232495 0.00324898 0.00278699 0 0 0.00278699 0.00232495 0 0 0.0139206 0.0106238 0.0131799 0.0101131 0.0106238 0.00814387 0.0101131 0.0077559 0.0131799 0.0101131 0.0120026 0.00928439 0.0101131 0.0077559 0.00928439 0.00714208 0.00814387 0.0062133 0.0077559 0.00590374 0.0062133 0.00465591 0.00590374 0.00440407 0.0077559 0.00590374 0.00714208 0.0054338 0.00590374 0.00440407 0.0054338 0.0040389 0.0120026 0.00928439 0.0104796 0.00818258 0.00928439 0.00714208 0.00818258 0.0063234 0.0104796 0.00818258 0.00869057 0.00685298 0.00818258 0.0063234 0.00685298 0.00532428 0.00714208 0.0054338 0.0063234 0.0048144 0.0054338 0.0040389 0.0048144 0.00356848 0.0063234 0.0048144 0.00532428 0.00405957 0.0048144 0.00356848 0.00405957 0.00300243 0.00465591 0.00335576 0.00440407 0.00314526 0.00335576 0.00223055 0.00314526 0.00203606 0.00440407 0.00314526 0.0040389 0.00285923 0.00314526 0.00203606 0.00285923 0.00180985 0.00223055 0.00120251 0.00203606 0.000978731 0.00120251 0 0.000978731 0 0.00203606 0.000978731 0.00180985 0.000809843 0.000978731 0 0.000809843 0 0.0040389 0.00285923 0.00356848 0.00250644 0.00285923 0.00180985 0.00250644 0.00155757 0.00356848 0.00250644 0.00300243 0.00209455 0.00250644 0.00155757 0.00209455 0.00128511 0.00180985 0.000809843 0.00155757 0.000678161 0.000809843 0 0.000678161 0 0.00155757 0.000678161 0.00128511 0.000557596 0.000678161 0 0.000557596 0 0.00869057 0.00685298 0.00670221 0.00533742 0.00685298 0.00532428 0.00533742 0.00416983 0.00670221 0.00533742 0.00456735 0.00367199 0.00533742 0.00416983 0.00367199 0.00288387 0.00532428 0.00405957 0.00416983 0.00318492 0.00405957 0.00300243 0.00318492 0.00235137 0.00416983 0.00318492 0.00288387 0.00220645 0.00318492 0.00235137 0.00220645 0.00162641 0.00456735 0.00367199 0.00232495 0.00188572 0.00367199 0.00288387 0.00188572 0.0014878 0.00232495 0.00188572 0 0 0.00188572 0.0014878 0 0 0.00288387 0.00220645 0.0014878 0.00113982 0.00220645 0.00162641 0.00113982 0.000838842 0.0014878 0.00113982 0 0 0.00113982 0.000838842 0 0 0.00300243 0.00209455 0.00235137 0.00163067 0.00209455 0.00128511 0.00163067 0.000992069 0.00235137 0.00163067 0.00162641 0.00112177 0.00163067 0.000992069 0.00112177 0.000677885 0.00128511 0.000557596 0.000992069 0.000435929 0.000557596 0 0.000435929 0 0.000992069 0.000435929 0.000677885 0.000306322 0.000435929 0 0.000306322 0 0.00162641 0.00112177 0.000838842 0.00057539 0.00112177 0.000677885 0.00057539 0.000345053 0.000838842 0.00057539 0 0 0.00057539 0.000345053 0 0 0.000677885 0.000306322 0.000345053 0.000162571 0.000306322 0 0.000162571 0 0.000345053 0.000162571 0 0 0.000162571 0 0 0 
SCALARS y_dis double 1
LOOKUP_TABLE default
0 0 0 -0.000166653 0 0 -0.000166653 -0.000199934 0 -0.000166653 0 -0.000288414 -0.000166653 -0.000199934 -0.000288414 -0.000357276 0 0 -0.000199934 -0.000213562 0 0 -0.000213562 -0.000221101 -0.000199934 -0.000213562 -0.000357276 -0.000373865 -0.000213562 -0.000221101 -0.000373865 -0.000371527 0 -0.000288414 0 -0.000364467 -0.000288414 -0.000357276 -0.000364467 -0.000471763 0 -0.000364467 0 -0.000408421 -0.000364467 -0.000471763 -0.000408421 -0.000546899 -0.000357276 -0.000373865 -0.000471763 -0.000481999 -0.000373865 -0.000371527 -0.000481999 -0.000454662 -0.000471763 -0.000481999 -0.000546899 -0.000541145 -0.000481999 -0.000454662 -0.000541145 -0.000475404 0 0 -0.000221101 -0.000231044 0 0 -0.000231044 -0.000248833 -0.000221101 -0.000231044 -0.000371527 -0.000370663 -0.000231044 -0.000248833 -0.000370663 -0.000383922 0 0 -0.000248833 -0.000276195 0 0 -0.000276195 -0.000306983 -0.000248833 -0.000276195 -0.000383922 -0.000416359 -0.000276195 -0.000306983 -0.000416359 -0.000455623 -0.000371527 -0.000370663 -0.000454662 -0.000423768 -0.000370663 -0.000383922 -0.000423768 -0.00040934 -0.000454662 -0.000423768 -0.000475404 -0.000396649 -0.000423768 -0.00040934 -0.000396649 -0.00033062 -0.000383922 -0.000416359 -0.00040934 -0.000419739 -0.000416359 -0.000455623 -0.000419739 -0.000435393 -0.00040934 -0.000419739 -0.00033062 -0.000287348 -0.000419739 -0.000435393 -0.000287348 -0.000238272 0 -0.000408421 0 -0.000433672 -0.000408421 -0.000546899 -0.000433672 -0.000589303 0 -0.000433672 0 -0.0004542 -0.000433672 -0.000589303 -0.0004542 -0.00060548 -0.000546899 -0.000541145 -0.000589303 -0.000556198 -0.000541145 -0.000475404 -0.000556198 -0.0004404 -0.000589303 -0.000556198 -0.00060548 -0.00053326 -0.000556198 -0.0004404 -0.00053326 -0.000358234 0 -0.0004542 0 -0.000483741 -0.0004542 -0.00060548 -0.000483741 -0.000598527 0 -0.000483741 0 -0.000504017 -0.000483741 -0.000598527 -0.000504017 -0.000569628 -0.00060548 -0.00053326 -0.000598527 -0.000479314 -0.00053326 -0.000358234 -0.000479314 -0.000239635 -0.000598527 -0.000479314 -0.000569628 -0.000402659 -0.000479314 -0.000239635 -0.000402659 -9.78508e-05 -0.000475404 -0.000396649 -0.0004404 -0.000297745 -0.000396649 -0.00033062 -0.000297745 -0.000156243 -0.0004404 -0.000297745 -0.000358234 -0.000138289 -0.000297745 -0.000156243 -0.000138289 0.000100996 -0.00033062 -0.000287348 -0.000156243 -2.42907e-05 -0.000287348 -0.000238272 -2.42907e-05 0.00013871 -0.000156243 -2.42907e-05 0.000100996 0.000357843 -2.42907e-05 0.00013871 0.000357843 0.000690324 -0.000358234 -0.000138289 -0.000239635 6.71834e-05 -0.000138289 0.000100996 6.71834e-05 0.000422759 -0.000239635 6.71834e-05 -9.78508e-05 0.000300336 6.71834e-05 0.000422759 0.000300336 0.000783917 0.000100996 0.000357843 0.000422759 0.000838356 0.000357843 0.000690324 0.000838356 0.00139879 0.000422759 0.000838356 0.000783917 0.00138432 0.000838356 0.00139879 0.00138432 0.00222768 0 0 -0.000306983 -0.000319585 0 0 -0.000319585 -0.000271481 -0.000306983 -0.000319585 -0.000455623 -0.00045038 -0.000319585 -0.000271481 -0.00045038 -0.000288844 0 0 -0.000271481 -0.000107293 0 0 -0.000107293 0.000211721 -0.000271481 -0.000107293 -0.000288844 0.00019151 -0.000107293 0.000211721 0.00019151 0.00112998 -0.000455623 -0.00045038 -0.000435393 -0.000369023 -0.00045038 -0.000288844 -0.000369023 -1.93949e-05 -0.000435393 -0.000369023 -0.000238272 -5.59158e-05 -0.000369023 -1.93949e-05 -5.59158e-05 0.000564597 -0.000288844 0.00019151 -1.93949e-05 0.000926116 0.00019151 0.00112998 0.000926116 0.00276616 -1.93949e-05 0.000926116 0.000564597 0.00212145 0.000926116 0.00276616 0.00212145 0.00512942 0 0 0.000211721 0.00066813 0 0 0.00066813 0.00116896 0.000211721 0.00066813 0.00112998 0.00251579 0.00066813 0.00116896 0.00251579 0.00408933 0 0 0.00116896 0.00156764 0 0 0.00156764 0.00172416 0.00116896 0.00156764 0.00408933 0.00537394 0.00156764 0.00172416 0.00537394 0.00588138 0.00112998 0.00251579 0.00276616 0.0055295 0.00251579 0.00408933 0.0055295 0.00873034 0.00276616 0.0055295 0.00512942 0.00969781 0.0055295 0.00873034 0.00969781 0.0150671 0.00408933 0.00537394 0.00873034 0.0113834 0.00537394 0.00588138 0.0113834 0.0124366 0.00873034 0.0113834 0.0150671 0.0195684 0.0113834 0.0124366 0.0195684 0.0213633 -0.000238272 -5.59158e-05 0.00013871 0.000503867 -5.59158e-05 0.000564597 0.000503867 0.00148903 0.00013871 0.000503867 0.000690324 0.00131834 0.000503867 0.00148903 0.00131834 0.00277989 0.000564597 0.00212145 0.00148903 0.00380545 0.00212145 0.00512942 0.00380545 0.008236 0.00148903 0.00380545 0.00277989 0.00601804 0.00380545 0.008236 0.00601804 0.0121233 0.000690324 0.00131834 0.00139879 0.00238391 0.00131834 0.00277989 0.00238391 0.00446296 0.00139879 0.00238391 0.00222768 0.00367749 0.00238391 0.00446296 0.00367749 0.00656107 0.00277989 0.00601804 0.00446296 0.00882175 0.00601804 0.0121233 0.00882175 0.0168719 0.00446296 0.00882175 0.00656107 0.0123163 0.00882175 0.0168719 0.0123163 0.0226412 0.00512942 0.00969781 0.008236 0.0150163 0.00969781 0.0150671 0.0150163 0.0230771 0.008236 0.0150163 0.0121233 0.0214981 0.0150163 0.0230771 0.0214981 0.0327373 0.0150671 0.0195684 0.0230771 0.0298976 0.0195684 0.0213633 0.0298976 0.0326282 0.0230771 0.0298976 0.0327373 0.0423185 0.0298976 0.0326282 0.0423185 0.046168 0.0121233 0.0214981 0.0168719 0.0291941 0.0214981 0.0327373 0.0291941 0.0440235 0.0168719 0.0291941 0.0226412 0.0382259 0.0291941 0.0440235 0.0382259 0.0569051 0.0327373 0.0423185 0.0440235 0.0567293 0.0423185 0.046168 0.0567293 0.0618494 0.0440235 0.0567293 0.0569051 0.0729301 0.0567293 0.0618494 0.0729301 0.0794017 0 0 0.00172416 0.00157974 0 0 0.00157974 0.00119353 0.00172416 0.00157974 0.00588138 0.00540096 0.00157974 0.00119353 0.00540096 0.0041431 0 0 0.00119353 0.000705566 0 0 0.000705566 0.000262192 0.00119353 0.000705566 0.0041431 0.00259597 0.000705566 0.000262192 0.00259597 0.00123631 0.00588138 0.00540096 0.0124366 0.0114284 0.00540096 0.0041431 0.0114284 0.00881842 0.0124366 0.0114284 0.0213633 0.0196348 0.0114284 0.00881842 0.0196348 0.0151951 0.0041431 0.00259597 0.00881842 0.00565826 0.00259597 0.00123631 0.00565826 0.00293411 0.00881842 0.00565826 0.0151951 0.00988141 0.00565826 0.00293411 0.00988141 0.00536503 0 0 0.000262192 -4.38491e-05 0 0 -4.38491e-05 -0.000195224 0.000262192 -4.38491e-05 0.00123631 0.000323758 -4.38491e-05 -0.000195224 0.000323758 -0.000130882 0 0 -0.000195224 -0.000230654 0 0 -0.000230654 -0.000205425 -0.000195224 -0.000230654 -0.000130882 -0.000266792 -0.000230654 -0.000205425 -0.000266792 -0.000246172 0.00123631 0.000323758 0.00293411 0.00113265 0.000323758 -0.000130882 0.00113265 0.000225588 0.00293411 0.00113265 0.00536503 0.00240778 0.00113265 0.000225588 0.00240778 0.000901729 -0.000130882 -0.000266792 0.000225588 -8.53493e-05 -0.000266792 -0.000246172 -8.53493e-05 -0.00011214 0.000225588 -8.53493e-05 0.000901729 0.0003329 -8.53493e-05 -0.00011214 0.0003329 0.000204132 0.0213633 0.0196348 0.0326282 0.0299892 0.0196348 0.0151951 0.0299892 0.023251 0.0326282 0.0299892 0.046168 0.0424394 0.0299892 0.023251 0.0424394 0.0329638 0.0151951 0.00988141 0.023251 0.0152614 0.00988141 0.00536503 0.0152614 0.0085455 0.023251 0.0152614 0.0329638 0.0218119 0.0152614 0.0085455 0.0218119 0.0125131 0.046168 0.0424394 0.0618494 0.0568843 0.0424394 0.0329638 0.0568843 0.04431 0.0618494 0.0568843 0.0794017 0.0731244 0.0568843 0.04431 0.0731244 0.0572596 0.0329638 0.0218119 0.04431 0.0295842 0.0218119 0.0125131 0.0295842 0.0173486 0.04431 0.0295842 0.0572596 0.0387004 0.0295842 0.0173486 0.0387004 0.0232114 0.00536503 0.00240778 0.0085455 0.00417706 0.00240778 0.000901729 0.00417706 0.00192317 0.0085455 0.00417706 0.0125131 0.00648027 0.00417706 0.00192317 0.00648027 0.00331555 0.000901729 0.0003329 0.00192317 0.00100243 0.0003329 0.000204132 0.00100243 0.000704978 0.00192317 0.00100243 0.00331555 0.00193075 0.00100243 0.000704978 0.00193075 0.00138449 0.0125131 0.00648027 0.0173486 0.00937977 0.00648027 0.00331555 0.00937977 0.00510423 0.0173486 0.00937977 0.0232114 0.012975 0.00937977 0.00510423 0.012975 0.00731147 0.00331555 0.00193075 0.00510423 0.00311366 0.00193075 0.00138449 0.00311366 0.00222416 0.00510423 0.00311366 0.00731147 0.00452738 0.00311366 0.00222416 0.00452738 0.0031868 0 0 -0.000205425 -0.000161927 0 0 -0.000161927 -0.000121671 -0.000205425 -0.000161927 -0.000246172 -0.000180268 -0.000161927 -0.000121671 -0.000180268 -0.000119765 0 0 -0.000121671 -9.10719e-05 0 0 -9.10719e-05 -7.00835e-05 -0.000121671 -9.10719e-05 -0.000119765 -7.69636e-05 -9.10719e-05 -7.00835e-05 -7.69636e-05 -4.9815e-05 -0.000246172 -0.000180268 -0.00011214 -5.4951e-05 -0.000180268 -0.000119765 -5.4951e-05 3.4618e-07 -0.00011214 -5.4951e-05 0.000204132 0.000212133 -5.4951e-05 3.4618e-07 0.000212133 0.00023158 -0.000119765 -7.69636e-05 3.4618e-07 3.4839e-05 -7.69636e-05 -4.9815e-05 3.4839e-05 5.2819e-05 3.4618e-07 3.4839e-05 0.00023158 0.000235262 3.4839e-05 5.2819e-05 0.000235262 0.000228465 0 0 -7.00835e-05 -5.85699e-05 0 0 -5.85699e-05 -5.93651e-05 -7.00835e-05 -5.85699e-05 -4.9815e-05 -3.76565e-05 -5.85699e-05 -5.93651e-05 -3.76565e-05 -4.93867e-05 0 0 -5.93651e-05 -7.1072e-05 0 0 -7.1072e-05 0 -5.93651e-05 -7.1072e-05 -4.93867e-05 -8.89641e-05 -7.1072e-05 0 -8.89641e-05 0 -4.9815e-05 -3.76565e-05 5.2819e-05 5.54372e-05 -3.76565e-05 -4.93867e-05 5.54372e-05 2.65321e-05 5.2819e-05 5.54372e-05 0.000228465 0.000212355 5.54372e-05 2.65321e-05 0.000212355 0.000164149 -4.93867e-05 -8.89641e-05 2.65321e-05 -4.86721e-05 -8.89641e-05 0 -4.86721e-05 0 2.65321e-05 -4.86721e-05 0.000164149 4.66069e-05 -4.86721e-05 0 4.66069e-05 0 0.000204132 0.000212133 0.000704978 0.000614926 0.000212133 0.00023158 0.000614926 0.000563887 0.000704978 0.000614926 0.00138449 0.00114091 0.000614926 0.000563887 0.00114091 0.00098308 0.00023158 0.000235262 0.000563887 0.000513205 0.000235262 0.000228465 0.000513205 0.000466278 0.000563887 0.000513205 0.00098308 0.00085516 0.000513205 0.000466278 0.00085516 0.000753905 0.00138449 0.00114091 0.00222416 0.00176852 0.00114091 0.00098308 0.00176852 0.00146973 0.00222416 0.00176852 0.0031868 0.00246407 0.00176852 0.00146973 0.00246407 0.001998 0.00098308 0.00085516 0.00146973 0.00124497 0.00085516 0.000753905 0.00124497 0.0010777 0.00146973 0.00124497 0.001998 0.00166359 0.00124497 0.0010777 0.00166359 0.00142291 0.000228465 0.000212355 0.000466278 0.000423035 0.000212355 0.000164149 0.000423035 0.00035606 0.000466278 0.000423035 0.000753905 0.000675726 0.000423035 0.00035606 0.000675726 0.000590356 0.000164149 4.66069e-05 0.00035606 0.000195677 4.66069e-05 0 0.000195677 0 0.00035606 0.000195677 0.000590356 0.00040055 0.000195677 0 0.00040055 0 0.000753905 0.000675726 0.0010777 0.00095731 0.000675726 0.000590356 0.00095731 0.000849828 0.0010777 0.00095731 0.00142291 0.00125451 0.00095731 0.000849828 0.00125451 0.00111949 0.000590356 0.00040055 0.000849828 0.000661243 0.00040055 0 0.000661243 0 0.000849828 0.000661243 0.00111949 0.000919053 0.000661243 0 0.000919053 0 0 -0.000504017 0 -6.63481e-05 -0.000504017 -0.000569628 -6.63481e-05 3.96423e-05 0 -6.63481e-05 0 0.000154612 -6.63481e-05 3.96423e-05 0.000154612 0.00039958 -0.000569628 -0.000402659 3.96423e-05 0.000288475 -0.000402659 -9.78508e-05 0.000288475 0.00064564 3.96423e-05 0.000288475 0.00039958 0.000711761 0.000288475 0.00064564 0.000711761 0.00109693 0 0.000154612 0 0.000235789 0.000154612 0.00039958 0.000235789 0.000567406 0 0.000235789 0 0.000241133 0.000235789 0.000567406 0.000241133 0.000594166 0.00039958 0.000711761 0.000567406 0.000912129 0.000711761 0.00109693 0.000912129 0.00129719 0.000567406 0.000912129 0.000594166 0.000933038 0.000912129 0.00129719 0.000933038 0.00128801 -9.78508e-05 0.000300336 0.00064564 0.00109939 0.000300336 0.000783917 0.00109939 0.00166407 0.00064564 0.00109939 0.00109693 0.00157101 0.00109939 0.00166407 0.00157101 0.00216657 0.000783917 0.00138432 0.00166407 0.00239693 0.00138432 0.00222768 0.00239693 0.0034547 0.00166407 0.00239693 0.00216657 0.00295725 0.00239693 0.0034547 0.00295725 0.00411127 0.00109693 0.00157101 0.00129719 0.00175731 0.00157101 0.00216657 0.00175731 0.00233672 0.00129719 0.00175731 0.00128801 0.00170174 0.00175731 0.00233672 0.00170174 0.00222225 0.00216657 0.00295725 0.00233672 0.00311543 0.00295725 0.00411127 0.00311543 0.00425657 0.00233672 0.00311543 0.00222225 0.00292647 0.00311543 0.00425657 0.00292647 0.00395929 0 0.000241133 0 0.000205517 0.000241133 0.000594166 0.000205517 0.000521249 0 0.000205517 0 0.000147134 0.000205517 0.000521249 0.000147134 0.00038135 0.000594166 0.000933038 0.000521249 0.00081555 0.000933038 0.00128801 0.00081555 0.0011116 0.000521249 0.00081555 0.00038135 0.000597743 0.00081555 0.0011116 0.000597743 0.000810206 0 0.000147134 0 7.63375e-05 0.000147134 0.00038135 7.63375e-05 0.000200411 0 7.63375e-05 0 2.06118e-19 7.63375e-05 0.000200411 2.06118e-19 6.54153e-19 0.00038135 0.000597743 0.000200411 0.000314858 0.000597743 0.000810206 0.000314858 0.0004258 0.000200411 0.000314858 6.54153e-19 1.15304e-18 0.000314858 0.0004258 1.15304e-18 1.62396e-18 0.00128801 0.00170174 0.0011116 0.00145005 0.00170174 0.00222225 0.00145005 0.00187494 0.0011116 0.00145005 0.000810206 0.00104984 0.00145005 0.00187494 0.00104984 0.00134999 0.00222225 0.00292647 0.00187494 0.0024518 0.00292647 0.00395929 0.0024518 0.0032974 0.00187494 0.0024518 0.00134999 0.00175821 0.0024518 0.0032974 0.00175821 0.00235609 0.000810206 0.00104984 0.0004258 0.000549934 0.00104984 0.00134999 0.000549934 0.000705176 0.0004258 0.000549934 1.62396e-18 2.09191e-18 0.000549934 0.000705176 2.09191e-18 2.6179e-18 0.00134999 0.00175821 0.000705176 0.000916475 0.00175821 0.00235609 0.000916475 0.00122572 0.000705176 0.000916475 2.6179e-18 3.45552e-18 0.000916475 0.00122572 3.45552e-18 4.52808e-18 0.00222768 0.00367749 0.0034547 0.00520876 0.00367749 0.00656107 0.00520876 0.00839395 0.0034547 0.00520876 0.00411127 0.00598058 0.00520876 0.00839395 0.00598058 0.00919133 0.00656107 0.0123163 0.00839395 0.0141445 0.0123163 0.0226412 0.0141445 0.0236234 0.00839395 0.0141445 0.00919133 0.014614 0.0141445 0.0236234 0.014614 0.0230153 0.00411127 0.00598058 0.00425657 0.00607264 0.00598058 0.00919133 0.00607264 0.00907552 0.00425657 0.00607264 0.00395929 0.00558085 0.00607264 0.00907552 0.00558085 0.00819049 0.00919133 0.014614 0.00907552 0.0139151 0.014614 0.0230153 0.0139151 0.0210785 0.00907552 0.0139151 0.00819049 0.0122573 0.0139151 0.0210785 0.0122573 0.0180778 0.0226412 0.0382259 0.0236234 0.0370281 0.0382259 0.0569051 0.0370281 0.0523419 0.0236234 0.0370281 0.0230153 0.0343018 0.0370281 0.0523419 0.0343018 0.0466977 0.0569051 0.0729301 0.0523419 0.0650628 0.0729301 0.0794017 0.0650628 0.0701232 0.0523419 0.0650628 0.0466977 0.0567217 0.0650628 0.0701232 0.0567217 0.0606605 0.0230153 0.0343018 0.0210785 0.0303296 0.0343018 0.0466977 0.0303296 0.0401785 0.0210785 0.0303296 0.0180778 0.0253735 0.0303296 0.0401785 0.0253735 0.0329562 0.0466977 0.0567217 0.0401785 0.0479733 0.0567217 0.0606605 0.0479733 0.051007 0.0401785 0.0479733 0.0329562 0.0388579 0.0479733 0.051007 0.0388579 0.041138 0.00395929 0.00558085 0.0032974 0.00461162 0.00558085 0.00819049 0.00461162 0.0066865 0.0032974 0.00461162 0.00235609 0.00327874 0.00461162 0.0066865 0.00327874 0.00471681 0.00819049 0.0122573 0.0066865 0.00984386 0.0122573 0.0180778 0.00984386 0.0142545 0.0066865 0.00984386 0.00471681 0.00687048 0.00984386 0.0142545 0.00687048 0.00983009 0.00235609 0.00327874 0.00122572 0.00170096 0.00327874 0.00471681 0.00170096 0.00243619 0.00122572 0.00170096 4.52808e-18 5.72214e-18 0.00170096 0.00243619 5.72214e-18 7.12311e-18 0.00471681 0.00687048 0.00243619 0.0035272 0.00687048 0.00983009 0.0035272 0.00501231 0.00243619 0.0035272 7.12311e-18 8.04899e-18 0.0035272 0.00501231 8.04899e-18 9.02642e-18 0.0180778 0.0253735 0.0142545 0.0196634 0.0253735 0.0329562 0.0196634 0.0251858 0.0142545 0.0196634 0.00983009 0.0134057 0.0196634 0.0251858 0.0134057 0.0170118 0.0329562 0.0388579 0.0251858 0.0294307 0.0388579 0.041138 0.0294307 0.0310619 0.0251858 0.0294307 0.0170118 0.0197599 0.0294307 0.0310619 0.0197599 0.020812 0.00983009 0.0134057 0.00501231 0.00679095 0.0134057 0.0170118 0.00679095 0.00857192 0.00501231 0.00679095 9.02642e-18 1.13826e-17 0.00679095 0.00857192 1.13826e-17 1.35971e-17 0.0170118 0.0197599 0.00857192 0.00992225 0.0197599 0.020812 0.00992225 0.0104382 0.00857192 0.00992225 1.35971e-17 1.51995e-17 0.00992225 0.0104382 1.51995e-17 1.61224e-17 0.0794017 0.0731244 0.0701232 0.0652414 0.0731244 0.0572596 0.0652414 0.0526752 0.0701232 0.0652414 0.0606605 0.0568822 0.0652414 0.0526752 0.0568822 0.0470016 0.0572596 0.0387004 0.0526752 0.0374862 0.0387004 0.0232114 0.0374862 0.0241861 0.0526752 0.0374862 0.0470016 0.0347268 0.0374862 0.0241861 0.0347268 0.0235449 0.0606605 0.0568822 0.051007 0.0481127 0.0568822 0.0470016 0.0481127 0.0404451 0.051007 0.0481127 0.041138 0.0389733 0.0481127 0.0404451 0.0389733 0.0331783 0.0470016 0.0347268 0.0404451 0.0307067 0.0347268 0.0235449 0.0307067 0.0215531 0.0404451 0.0307067 0.0331783 0.0256902 0.0307067 0.0215531 0.0256902 0.0184794 0.0232114 0.012975 0.0241861 0.0148043 0.012975 0.00731147 0.0148043 0.00915251 0.0241861 0.0148043 0.0235449 0.0152413 0.0148043 0.00915251 0.0152413 0.00991721 0.00731147 0.00452738 0.00915251 0.00607257 0.00452738 0.0031868 0.00607257 0.00443249 0.00915251 0.00607257 0.00991721 0.00681027 0.00607257 0.00443249 0.00681027 0.00505223 0.0235449 0.0152413 0.0215531 0.0144814 0.0152413 0.00991721 0.0144814 0.00973381 0.0215531 0.0144814 0.0184794 0.0127389 0.0144814 0.00973381 0.0127389 0.00875209 0.00991721 0.00681027 0.00973381 0.00682707 0.00681027 0.00505223 0.00682707 0.00511317 0.00973381 0.00682707 0.00875209 0.00622566 0.00682707 0.00511317 0.00622566 0.00469196 0.041138 0.0389733 0.0310619 0.0295196 0.0389733 0.0331783 0.0295196 0.0253577 0.0310619 0.0295196 0.020812 0.0198202 0.0295196 0.0253577 0.0198202 0.0171289 0.0331783 0.0256902 0.0253577 0.0199097 0.0256902 0.0184794 0.0199097 0.0145684 0.0253577 0.0199097 0.0171289 0.0135741 0.0199097 0.0145684 0.0135741 0.0100454 0.020812 0.0198202 0.0104382 0.00995278 0.0198202 0.0171289 0.00995278 0.00863122 0.0104382 0.00995278 1.61224e-17 1.58821e-17 0.00995278 0.00863122 1.58821e-17 1.46029e-17 0.0171289 0.0135741 0.00863122 0.00687645 0.0135741 0.0100454 0.00687645 0.00512178 0.00863122 0.00687645 1.46029e-17 1.46277e-17 0.00687645 0.00512178 1.46277e-17 1.34922e-17 0.0184794 0.0127389 0.0145684 0.0102217 0.0127389 0.00875209 0.0102217 0.0071281 0.0145684 0.0102217 0.0100454 0.00713025 0.0102217 0.0071281 0.00713025 0.00502093 0.00875209 0.00622566 0.0071281 0.00511931 0.00622566 0.00469196 0.00511931 0.00387451 0.0071281 0.00511931 0.00502093 0.00362867 0.00511931 0.00387451 0.00362867 0.00275396 0.0100454 0.00713025 0.00512178 0.00365946 0.00713025 0.00502093 0.00365946 0.00259117 0.00512178 0.00365946 1.34922e-17 1.22105e-17 0.00365946 0.00259117 1.22105e-17 9.88175e-18 0.00502093 0.00362867 0.00259117 0.00187936 0.00362867 0.00275396 0.00187936 0.00142859 0.00259117 0.00187936 9.88175e-18 8.49826e-18 0.00187936 0.00142859 8.49826e-18 8.05545e-18 0.0031868 0.00246407 0.00443249 0.00349854 0.00246407 0.001998 0.00349854 0.00289916 0.00443249 0.00349854 0.00505223 0.00401734 0.00349854 0.00289916 0.00401734 0.00335136 0.001998 0.00166359 0.00289916 0.00247296 0.00166359 0.00142291 0.00247296 0.00214535 0.00289916 0.00247296 0.00335136 0.00287695 0.00247296 0.00214535 0.00287695 0.00249532 0.00505223 0.00401734 0.00511317 0.00408005 0.00401734 0.00335136 0.00408005 0.00341142 0.00511317 0.00408005 0.00469196 0.003751 0.00408005 0.00341142 0.003751 0.00313823 0.00335136 0.00287695 0.00341142 0.00293235 0.00287695 0.00249532 0.00293235 0.00253373 0.00341142 0.00293235 0.00313823 0.00269618 0.00293235 0.00253373 0.00269618 0.00231898 0.00142291 0.00125451 0.00214535 0.00185514 0.00125451 0.00111949 0.00185514 0.00150898 0.00214535 0.00185514 0.00249532 0.00211622 0.00185514 0.00150898 0.00211622 0.00161113 0.00111949 0.000919053 0.00150898 0.000940548 0.000919053 0 0.000940548 0 0.00150898 0.000940548 0.00161113 0.000805723 0.000940548 0 0.000805723 0 0.00249532 0.00211622 0.00253373 0.00211091 0.00211622 0.00161113 0.00211091 0.00152722 0.00253373 0.00211091 0.00231898 0.00190275 0.00211091 0.00152722 0.00190275 0.001324 0.00161113 0.000805723 0.00152722 0.0006635 0.000805723 0 0.0006635 0 0.00152722 0.0006635 0.001324 0.000529155 0.0006635 0 0.000529155 0 0.00469196 0.003751 0.00387451 0.00310085 0.003751 0.00313823 0.00310085 0.00259421 0.00387451 0.00310085 0.00275396 0.00220543 0.00310085 0.00259421 0.00220543 0.00184468 0.00313823 0.00269618 0.00259421 0.00222642 0.00269618 0.00231898 0.00222642 0.0019068 0.00259421 0.00222642 0.00184468 0.0015815 0.00222642 0.0019068 0.0015815 0.00134994 0.00275396 0.00220543 0.00142859 0.00114443 0.00220543 0.00184468 0.00114443 0.000957032 0.00142859 0.00114443 8.05545e-18 7.26978e-18 0.00114443 0.000957032 7.26978e-18 6.48633e-18 0.00184468 0.0015815 0.000957032 0.000819901 0.0015815 0.00134994 0.000819901 0.000698377 0.000957032 0.000819901 6.48633e-18 5.77445e-18 0.000819901 0.000698377 5.77445e-18 4.49408e-18 0.00231898 0.00190275 0.0019068 0.00154564 0.00190275 0.001324 0.00154564 0.00104551 0.0019068 0.00154564 0.00134994 0.00108468 0.00154564 0.00104551 0.00108468 0.000719922 0.001324 0.000529155 0.00104551 0.000397844 0.000529155 0 0.000397844 0 0.00104551 0.000397844 0.000719922 0.000266261 0.000397844 0 0.000266261 0 0.00134994 0.00108468 0.000698377 0.000558184 0.00108468 0.000719922 0.000558184 0.000366479 0.000698377 0.000558184 4.49408e-18 3.09103e-18 0.000558184 0.000366479 3.09103e-18 1.69094e-18 0.000719922 0.000266261 0.000366479 0.000133531 0.000266261 0 0.000133531 0 0.000366479 0.000133531 1.69094e-18 4.87143e-19 0.000133531 0 4.87143e-19 0 0 2.06118e-19 0 -7.63375e-05 2.06118e-19 6.54153e-19 -7.63375e-05 -0.000200411 0 -7.63375e-05 0 -0.000147134 -7.63375e-05 -0.000200411 -0.000147134 -0.00038135 6.54153e-19 1.15304e-18 -0.000200411 -0.000314858 1.15304e-18 1.62396e-18 -0.000314858 -0.0004258 -0.000200411 -0.000314858 -0.00038135 -0.000597743 -0.000314858 -0.0004258 -0.000597743 -0.000810206 0 -0.000147134 0 -0.000205517 -0.000147134 -0.00038135 -0.000205517 -0.000521249 0 -0.000205517 0 -0.000241133 -0.000205517 -0.000521249 -0.000241133 -0.000594166 -0.00038135 -0.000597743 -0.000521249 -0.00081555 -0.000597743 -0.000810206 -0.00081555 -0.0011116 -0.000521249 -0.00081555 -0.000594166 -0.000933038 -0.00081555 -0.0011116 -0.000933038 -0.00128801 1.62396e-18 2.09191e-18 -0.0004258 -0.000549934 2.09191e-18 2.6179e-18 -0.000549934 -0.000705176 -0.0004258 -0.000549934 -0.000810206 -0.00104984 -0.000549934 -0.000705176 -0.00104984 -0.00134999 2.6179e-18 3.45552e-18 -0.000705176 -0.000916475 3.45552e-18 4.52808e-18 -0.000916475 -0.00122572 -0.000705176 -0.000916475 -0.00134999 -0.00175821 -0.000916475 -0.00122572 -0.00175821 -0.00235609 -0.000810206 -0.00104984 -0.0011116 -0.00145005 -0.00104984 -0.00134999 -0.00145005 -0.00187494 -0.0011116 -0.00145005 -0.00128801 -0.00170174 -0.00145005 -0.00187494 -0.00170174 -0.00222225 -0.00134999 -0.00175821 -0.00187494 -0.0024518 -0.00175821 -0.00235609 -0.0024518 -0.0032974 -0.00187494 -0.0024518 -0.00222225 -0.00292647 -0.0024518 -0.0032974 -0.00292647 -0.00395929 0 -0.000241133 0 -0.000235789 -0.000241133 -0.000594166 -0.000235789 -0.000567406 0 -0.000235789 0 -0.000154612 -0.000235789 -0.000567406 -0.000154612 -0.00039958 -0.000594166 -0.000933038 -0.000567406 -0.000912129 -0.000933038 -0.00128801 -0.000912129 -0.00129719 -0.000567406 -0.000912129 -0.00039958 -0.000711761 -0.000912129 -0.00129719 -0.000711761 -0.00109693 0 -0.000154612 0 6.63481e-05 -0.000154612 -0.00039958 6.63481e-05 -3.96423e-05 0 6.63481e-05 0 0.000504017 6.63481e-05 -3.96423e-05 0.000504017 0.000569628 -0.00039958 -0.000711761 -3.96423e-05 -0.000288475 -0.000711761 -0.00109693 -0.000288475 -0.00064564 -3.96423e-05 -0.000288475 0.000569628 0.000402659 -0.000288475 -0.00064564 0.000402659 9.78508e-05 -0.00128801 -0.00170174 -0.00129719 -0.00175731 -0.00170174 -0.00222225 -0.00175731 -0.00233672 -0.00129719 -0.00175731 -0.00109693 -0.00157101 -0.00175731 -0.00233672 -0.00157101 -0.00216657 -0.00222225 -0.00292647 -0.00233672 -0.00311543 -0.00292647 -0.00395929 -0.00311543 -0.00425657 -0.00233672 -0.00311543 -0.00216657 -0.00295725 -0.00311543 -0.00425657 -0.00295725 -0.00411127 -0.00109693 -0.00157101 -0.00064564 -0.00109939 -0.00157101 -0.00216657 -0.00109939 -0.00166407 -0.00064564 -0.00109939 9.78508e-05 -0.000300336 -0.00109939 -0.00166407 -0.000300336 -0.000783917 -0.00216657 -0.00295725 -0.00166407 -0.00239693 -0.00295725 -0.00411127 -0.00239693 -0.0034547 -0.00166407 -0.00239693 -0.000783917 -0.00138432 -0.00239693 -0.0034547 -0.00138432 -0.00222768 4.52808e-18 5.72214e-18 -0.00122572 -0.00170096 5.72214e-18 7.12311e-18 -0.00170096 -0.00243619 -0.00122572 -0.00170096 -0.00235609 -0.00327874 -0.00170096 -0.00243619 -0.00327874 -0.00471681 7.12311e-18 8.04899e-18 -0.00243619 -0.0035272 8.04899e-18 9.02642e-18 -0.0035272 -0.00501231 -0.00243619 -0.0035272 -0.00471681 -0.00687048 -0.0035272 -0.00501231 -0.00687048 -0.00983009 -0.00235609 -0.00327874 -0.0032974 -0.00461162 -0.00327874 -0.00471681 -0.00461162 -0.0066865 -0.0032974 -0.00461162 -0.00395929 -0.00558085 -0.00461162 -0.0066865 -0.00558085 -0.00819049 -0.00471681 -0.00687048 -0.0066865 -0.00984386 -0.00687048 -0.00983009 -0.00984386 -0.0142545 -0.0066865 -0.00984386 -0.00819049 -0.0122573 -0.00984386 -0.0142545 -0.0122573 -0.0180778 9.02642e-18 1.13826e-17 -0.00501231 -0.00679095 1.13826e-17 1.35971e-17 -0.00679095 -0.00857192 -0.00501231 -0.00679095 -0.00983009 -0.0134057 -0.00679095 -0.00857192 -0.0134057 -0.0170118 1.35971e-17 1.51995e-17 -0.00857192 -0.00992225 1.51995e-17 1.61224e-17 -0.00992225 -0.0104382 -0.00857192 -0.00992225 -0.0170118 -0.0197599 -0.00992225 -0.0104382 -0.0197599 -0.020812 -0.00983009 -0.0134057 -0.0142545 -0.0196634 -0.0134057 -0.0170118 -0.0196634 -0.0251858 -0.0142545 -0.0196634 -0.0180778 -0.0253735 -0.0196634 -0.0251858 -0.0253735 -0.0329562 -0.0170118 -0.0197599 -0.0251858 -0.0294307 -0.0197599 -0.020812 -0.0294307 -0.0310619 -0.0251858 -0.0294307 -0.0329562 -0.0388579 -0.0294307 -0.0310619 -0.0388579 -0.041138 -0.00395929 -0.00558085 -0.00425657 -0.00607264 -0.00558085 -0.00819049 -0.00607264 -0.00907552 -0.00425657 -0.00607264 -0.00411127 -0.00598058 -0.00607264 -0.00907552 -0.00598058 -0.00919133 -0.00819049 -0.0122573 -0.00907552 -0.0139151 -0.0122573 -0.0180778 -0.0139151 -0.0210785 -0.00907552 -0.0139151 -0.00919133 -0.014614 -0.0139151 -0.0210785 -0.014614 -0.0230153 -0.00411127 -0.00598058 -0.0034547 -0.00520876 -0.00598058 -0.00919133 -0.00520876 -0.00839395 -0.0034547 -0.00520876 -0.00222768 -0.00367749 -0.00520876 -0.00839395 -0.00367749 -0.00656107 -0.00919133 -0.014614 -0.00839395 -0.0141445 -0.014614 -0.0230153 -0.0141445 -0.0236234 -0.00839395 -0.0141445 -0.00656107 -0.0123163 -0.0141445 -0.0236234 -0.0123163 -0.0226412 -0.0180778 -0.0253735 -0.0210785 -0.0303296 -0.0253735 -0.0329562 -0.0303296 -0.0401785 -0.0210785 -0.0303296 -0.0230153 -0.0343018 -0.0303296 -0.0401785 -0.0343018 -0.0466977 -0.0329562 -0.0388579 -0.0401785 -0.0479733 -0.0388579 -0.041138 -0.0479733 -0.051007 -0.0401785 -0.0479733 -0.0466977 -0.0567217 -0.0479733 -0.051007 -0.0567217 -0.0606605 -0.0230153 -0.0343018 -0.0236234 -0.0370281 -0.0343018 -0.0466977 -0.0370281 -0.0523419 -0.0236234 -0.0370281 -0.0226412 -0.0382259 -0.0370281 -0.0523419 -0.0382259 -0.0569051 -0.0466977 -0.0567217 -0.0523419 -0.0650628 -0.0567217 -0.0606605 -0.0650628 -0.0701232 -0.0523419 -0.0650628 -0.0569051 -0.0729301 -0.0650628 -0.0701232 -0.0729301 -0.0794017 1.61224e-17 1.58821e-17 -0.0104382 -0.00995278 1.58821e-17 1.46029e-17 -0.00995278 -0.00863122 -0.0104382 -0.00995278 -0.020812 -0.0198202 -0.00995278 -0.00863122 -0.0198202 -0.0171289 1.46029e-17 1.46277e-17 -0.00863122 -0.00687645 1.46277e-17 1.34922e-17 -0.00687645 -0.00512178 -0.00863122 -0.00687645 -0.0171289 -0.0135741 -0.00687645 -0.00512178 -0.0135741 -0.0100454 -0.020812 -0.0198202 -0.0310619 -0.0295196 -0.0198202 -0.0171289 -0.0295196 -0.0253577 -0.0310619 -0.0295196 -0.041138 -0.0389733 -0.0295196 -0.0253577 -0.0389733 -0.0331783 -0.0171289 -0.0135741 -0.0253577 -0.0199097 -0.0135741 -0.0100454 -0.0199097 -0.0145684 -0.0253577 -0.0199097 -0.0331783 -0.0256902 -0.0199097 -0.0145684 -0.0256902 -0.0184794 1.34922e-17 1.22105e-17 -0.00512178 -0.00365946 1.22105e-17 9.88175e-18 -0.00365946 -0.00259117 -0.00512178 -0.00365946 -0.0100454 -0.00713025 -0.00365946 -0.00259117 -0.00713025 -0.00502093 9.88175e-18 8.49826e-18 -0.00259117 -0.00187936 8.49826e-18 8.05545e-18 -0.00187936 -0.00142859 -0.00259117 -0.00187936 -0.00502093 -0.00362867 -0.00187936 -0.00142859 -0.00362867 -0.00275396 -0.0100454 -0.00713025 -0.0145684 -0.0102217 -0.00713025 -0.00502093 -0.0102217 -0.0071281 -0.0145684 -0.0102217 -0.0184794 -0.0127389 -0.0102217 -0.0071281 -0.0127389 -0.00875209 -0.00502093 -0.00362867 -0.0071281 -0.00511931 -0.00362867 -0.00275396 -0.00511931 -0.00387451 -0.0071281 -0.00511931 -0.00875209 -0.00622566 -0.00511931 -0.00387451 -0.00622566 -0.00469196 -0.041138 -0.0389733 -0.051007 -0.0481127 -0.0389733 -0.0331783 -0.0481127 -0.0404451 -0.051007 -0.0481127 -0.0606605 -0.0568822 -0.0481127 -0.0404451 -0.0568822 -0.0470016 -0.0331783 -0.0256902 -0.0404451 -0.0307067 -0.0256902 -0.0184794 -0.0307067 -0.0215531 -0.0404451 -0.0307067 -0.0470016 -0.0347268 -0.0307067 -0.0215531 -0.0347268 -0.0235449 -0.0606605 -0.0568822 -0.0701232 -0.0652414 -0.0568822 -0.0470016 -0.0652414 -0.0526752 -0.0701232 -0.0652414 -0.0794017 -0.0731244 -0.0652414 -0.0526752 -0.0731244 -0.0572596 -0.0470016 -0.0347268 -0.0526752 -0.0374862 -0.0347268 -0.0235449 -0.0374862 -0.0241861 -0.0526752 -0.0374862 -0.0572596 -0.0387004 -0.0374862 -0.0241861 -0.0387004 -0.0232114 -0.0184794 -0.0127389 -0.0215531 -0.0144814 -0.0127389 -0.00875209 -0.0144814 -0.00973381 -0.0215531 -0.0144814 -0.0235449 -0.0152413 -0.0144814 -0.00973381 -0.0152413 -0.00991721 -0.00875209 -0.00622566 -0.00973381 -0.00682707 -0.00622566 -0.00469196 -0.00682707 -0.00511317 -0.00973381 -0.00682707 -0.00991721 -0.00681027 -0.00682707 -0.00511317 -0.00681027 -0.00505223 -0.0235449 -0.0152413 -0.0241861 -0.0148043 -0.0152413 -0.00991721 -0.0148043 -0.00915251 -0.0241861 -0.0148043 -0.0232114 -0.012975 -0.0148043 -0.00915251 -0.012975 -0.00731147 -0.00991721 -0.00681027 -0.00915251 -0.00607257 -0.00681027 -0.00505223 -0.00607257 -0.00443249 -0.00915251 -0.00607257 -0.00731147 -0.00452738 -0.00607257 -0.00443249 -0.00452738 -0.0031868 8.05545e-18 7.26978e-18 -0.00142859 -0.00114443 7.26978e-18 6.48633e-18 -0.00114443 -0.000957032 -0.00142859 -0.00114443 -0.00275396 -0.00220543 -0.00114443 -0.000957032 -0.00220543 -0.00184468 6.48633e-18 5.77445e-18 -0.000957032 -0.000819901 5.77445e-18 4.49408e-18 -0.000819901 -0.000698377 -0.000957032 -0.000819901 -0.00184468 -0.0015815 -0.000819901 -0.000698377 -0.0015815 -0.00134994 -0.00275396 -0.00220543 -0.00387451 -0.00310085 -0.00220543 -0.00184468 -0.00310085 -0.00259421 -0.00387451 -0.00310085 -0.00469196 -0.003751 -0.00310085 -0.00259421 -0.003751 -0.00313823 -0.00184468 -0.0015815 -0.00259421 -0.00222642 -0.0015815 -0.00134994 -0.00222642 -0.0019068 -0.00259421 -0.00222642 -0.00313823 -0.00269618 -0.00222642 -0.0019068 -0.00269618 -0.00231898 4.49408e-18 3.09103e-18 -0.000698377 -0.000558184 3.09103e-18 1.69094e-18 -0.000558184 -0.000366479 -0.000698377 -0.000558184 -0.00134994 -0.00108468 -0.000558184 -0.000366479 -0.00108468 -0.000719922 1.69094e-18 4.87143e-19 -0.000366479 -0.000133531 4.87143e-19 0 -0.000133531 0 -0.000366479 -0.000133531 -0.000719922 -0.000266261 -0.000133531 0 -0.000266261 0 -0.00134994 -0.00108468 -0.0019068 -0.00154564 -0.00108468 -0.000719922 -0.00154564 -0.00104551 -0.0019068 -0.00154564 -0.00231898 -0.00190275 -0.00154564 -0.00104551 -0.00190275 -0.001324 -0.000719922 -0.000266261 -0.00104551 -0.000397844 -0.000266261 0 -0.000397844 0 -0.00104551 -0.000397844 -0.001324 -0.000529155 -0.000397844 0 -0.000529155 0 -0.00469196 -0.003751 -0.00511317 -0.00408005 -0.003751 -0.00313823 -0.00408005 -0.00341142 -0.00511317 -0.00408005 -0.00505223 -0.00401734 -0.00408005 -0.00341142 -0.00401734 -0.00335136 -0.00313823 -0.00269618 -0.00341142 -0.00293235 -0.00269618 -0.00231898 -0.00293235 -0.00253373 -0.00341142 -0.00293235 -0.00335136 -0.00287695 -0.00293235 -0.00253373 -0.00287695 -0.00249532 -0.00505223 -0.00401734 -0.00443249 -0.00349854 -0.00401734 -0.00335136 -0.00349854 -0.00289916 -0.00443249 -0.00349854 -0.0031868 -0.00246407 -0.00349854 -0.00289916 -0.00246407 -0.001998 -0.00335136 -0.00287695 -0.00289916 -0.00247296 -0.00287695 -0.00249532 -0.00247296 -0.00214535 -0.00289916 -0.00247296 -0.001998 -0.00166359 -0.00247296 -0.00214535 -0.00166359 -0.00142291 -0.00231898 -0.00190275 -0.00253373 -0.00211091 -0.00190275 -0.001324 -0.00211091 -0.00152722 -0.00253373 -0.00211091 -0.00249532 -0.00211622 -0.00211091 -0.00152722 -0.00211622 -0.00161113 -0.001324 -0.000529155 -0.00152722 -0.0006635 -0.000529155 0 -0.0006635 0 -0.00152722 -0.0006635 -0.00161113 -0.000805723 -0.0006635 0 -0.000805723 0 -0.00249532 -0.00211622 -0.00214535 -0.00185514 -0.00211622 -0.00161113 -0.00185514 -0.00150898 -0.00214535 -0.00185514 -0.00142291 -0.00125451 -0.00185514 -0.00150898 -0.00125451 -0.00111949 -0.00161113 -0.000805723 -0.00150898 -0.000940548 -0.000805723 0 -0.000940548 0 -0.00150898 -0.000940548 -0.00111949 -0.000919053 -0.000940548 0 -0.000919053 0 0 0.000504017 0 0.000483741 0.000504017 0.000569628 0.000483741 0.000598527 0 0.000483741 0 0.0004542 0.000483741 0.000598527 0.0004542 0.00060548 0.000569628 0.000402659 0.000598527 0.000479314 0.000402659 9.78508e-05 0.000479314 0.000239635 0.000598527 0.000479314 0.00060548 0.00053326 0.000479314 0.000239635 0.00053326 0.000358234 0 0.0004542 0 0.000433672 0.0004542 0.00060548 0.000433672 0.000589303 0 0.000433672 0 0.000408421 0.000433672 0.000589303 0.000408421 0.000546899 0.00060548 0.00053326 0.000589303 0.000556198 0.00053326 0.000358234 0.000556198 0.0004404 0.000589303 0.000556198 0.000546899 0.000541145 0.000556198 0.0004404 0.000541145 0.000475404 9.78508e-05 -0.000300336 0.000239635 -6.71834e-05 -0.000300336 -0.000783917 -6.71834e-05 -0.000422759 0.000239635 -6.71834e-05 0.000358234 0.000138289 -6.71834e-05 -0.000422759 0.000138289 -0.000100996 -0.000783917 -0.00138432 -0.000422759 -0.000838356 -0.00138432 -0.00222768 -0.000838356 -0.00139879 -0.000422759 -0.000838356 -0.000100996 -0.000357843 -0.000838356 -0.00139879 -0.000357843 -0.000690324 0.000358234 0.000138289 0.0004404 0.000297745 0.000138289 -0.000100996 0.000297745 0.000156243 0.0004404 0.000297745 0.000475404 0.000396649 0.000297745 0.000156243 0.000396649 0.00033062 -0.000100996 -0.000357843 0.000156243 2.42907e-05 -0.000357843 -0.000690324 2.42907e-05 -0.00013871 0.000156243 2.42907e-05 0.00033062 0.000287348 2.42907e-05 -0.00013871 0.000287348 0.000238272 0 0.000408421 0 0.000364467 0.000408421 0.000546899 0.000364467 0.000471763 0 0.000364467 0 0.000288414 0.000364467 0.000471763 0.000288414 0.000357276 0.000546899 0.000541145 0.000471763 0.000481999 0.000541145 0.000475404 0.000481999 0.000454662 0.000471763 0.000481999 0.000357276 0.000373865 0.000481999 0.000454662 0.000373865 0.000371527 0 0.000288414 0 0.000166653 0.000288414 0.000357276 0.000166653 0.000199934 0 0.000166653 0 0 0.000166653 0.000199934 0 0 0.000357276 0.000373865 0.000199934 0.000213562 0.000373865 0.000371527 0.000213562 0.000221101 0.000199934 0.000213562 0 0 0.000213562 0.000221101 0 0 0.000475404 0.000396649 0.000454662 0.000423768 0.000396649 0.00033062 0.000423768 0.00040934 0.000454662 0.000423768 0.000371527 0.000370663 0.000423768 0.00040934 0.000370663 0.000383922 0.00033062 0.000287348 0.00040934 0.000419739 0.000287348 0.000238272 0.000419739 0.000435393 0.00040934 0.000419739 0.000383922 0.000416359 0.000419739 0.000435393 0.000416359 0.000455623 0.000371527 0.000370663 0.000221101 0.000231044 0.000370663 0.000383922 0.000231044 0.000248833 0.000221101 0.000231044 0 0 0.000231044 0.000248833 0 0 0.000383922 0.000416359 0.000248833 0.000276195 0.000416359 0.000455623 0.000276195 0.000306983 0.000248833 0.000276195 0 0 0.000276195 0.000306983 0 0 -0.00222768 -0.00367749 -0.00139879 -0.00238391 -0.00367749 -0.00656107 -0.00238391 -0.00446296 -0.00139879 -0.00238391 -0.000690324 -0.00131834 -0.00238391 -0.00446296 -0.00131834 -0.00277989 -0.00656107 -0.0123163 -0.00446296 -0.00882175 -0.0123163 -0.0226412 -0.00882175 -0.0168719 -0.00446296 -0.00882175 -0.00277989 -0.00601804 -0.00882175 -0.0168719 -0.00601804 -0.0121233 -0.000690324 -0.00131834 -0.00013871 -0.000503867 -0.00131834 -0.00277989 -0.000503867 -0.00148903 -0.00013871 -0.000503867 0.000238272 5.59158e-05 -0.000503867 -0.00148903 5.59158e-05 -0.000564597 -0.00277989 -0.00601804 -0.00148903 -0.00380545 -0.00601804 -0.0121233 -0.00380545 -0.008236 -0.00148903 -0.00380545 -0.000564597 -0.00212145 -0.00380545 -0.008236 -0.00212145 -0.00512942 -0.0226412 -0.0382259 -0.0168719 -0.0291941 -0.0382259 -0.0569051 -0.0291941 -0.0440235 -0.0168719 -0.0291941 -0.0121233 -0.0214981 -0.0291941 -0.0440235 -0.0214981 -0.0327373 -0.0569051 -0.0729301 -0.0440235 -0.0567293 -0.0729301 -0.0794017 -0.0567293 -0.0618494 -0.0440235 -0.0567293 -0.0327373 -0.0423185 -0.0567293 -0.0618494 -0.0423185 -0.046168 -0.0121233 -0.0214981 -0.008236 -0.0150163 -0.0214981 -0.0327373 -0.0150163 -0.0230771 -0.008236 -0.0150163 -0.00512942 -0.00969781 -0.0150163 -0.0230771 -0.00969781 -0.0150671 -0.0327373 -0.0423185 -0.0230771 -0.0298976 -0.0423185 -0.046168 -0.0298976 -0.0326282 -0.0230771 -0.0298976 -0.0150671 -0.0195684 -0.0298976 -0.0326282 -0.0195684 -0.0213633 0.000238272 5.59158e-05 0.000435393 0.000369023 5.59158e-05 -0.000564597 0.000369023 1.93949e-05 0.000435393 0.000369023 0.000455623 0.00045038 0.000369023 1.93949e-05 0.00045038 0.000288844 -0.000564597 -0.00212145 1.93949e-05 -0.000926116 -0.00212145 -0.00512942 -0.000926116 -0.00276616 1.93949e-05 -0.000926116 0.000288844 -0.00019151 -0.000926116 -0.00276616 -0.00019151 -0.00112998 0.000455623 0.00045038 0.000306983 0.000319585 0.00045038 0.000288844 0.000319585 0.000271481 0.000306983 0.000319585 0 0 0.000319585 0.000271481 0 0 0.000288844 -0.00019151 0.000271481 0.000107293 -0.00019151 -0.00112998 0.000107293 -0.000211721 0.000271481 0.000107293 0 0 0.000107293 -0.000211721 0 0 -0.00512942 -0.00969781 -0.00276616 -0.0055295 -0.00969781 -0.0150671 -0.0055295 -0.00873034 -0.00276616 -0.0055295 -0.00112998 -0.00251579 -0.0055295 -0.00873034 -0.00251579 -0.00408933 -0.0150671 -0.0195684 -0.00873034 -0.0113834 -0.0195684 -0.0213633 -0.0113834 -0.0124366 -0.00873034 -0.0113834 -0.00408933 -0.00537394 -0.0113834 -0.0124366 -0.00537394 -0.00588138 -0.00112998 -0.00251579 -0.000211721 -0.00066813 -0.00251579 -0.00408933 -0.00066813 -0.00116896 -0.000211721 -0.00066813 0 0 -0.00066813 -0.00116896 0 0 -0.00408933 -0.00537394 -0.00116896 -0.00156764 -0.00537394 -0.00588138 -0.00156764 -0.00172416 -0.00116896 -0.00156764 0 0 -0.00156764 -0.00172416 0 0 -0.0794017 -0.0731244 -0.0618494 -0.0568843 -0.0731244 -0.0572596 -0.0568843 -0.04431 -0.0618494 -0.0568843 -0.046168 -0.0424394 -0.0568843 -0.04431 -0.0424394 -0.0329638 -0.0572596 -0.0387004 -0.04431 -0.0295842 -0.0387004 -0.0232114 -0.0295842 -0.0173486 -0.04431 -0.0295842 -0.0329638 -0.0218119 -0.0295842 -0.0173486 -0.0218119 -0.0125131 -0.046168 -0.0424394 -0.0326282 -0.0299892 -0.0424394 -0.0329638 -0.0299892 -0.023251 -0.0326282 -0.0299892 -0.0213633 -0.0196348 -0.0299892 -0.023251 -0.0196348 -0.0151951 -0.0329638 -0.0218119 -0.023251 -0.0152614 -0.0218119 -0.0125131 -0.0152614 -0.0085455 -0.023251 -0.0152614 -0.0151951 -0.00988141 -0.0152614 -0.0085455 -0.00988141 -0.00536503 -0.0232114 -0.012975 -0.0173486 -0.00937977 -0.012975 -0.00731147 -0.00937977 -0.00510423 -0.0173486 -0.00937977 -0.0125131 -0.00648027 -0.00937977 -0.00510423 -0.00648027 -0.00331555 -0.00731147 -0.00452738 -0.00510423 -0.00311366 -0.00452738 -0.0031868 -0.00311366 -0.00222416 -0.00510423 -0.00311366 -0.00331555 -0.00193075 -0.00311366 -0.00222416 -0.00193075 -0.00138449 -0.0125131 -0.00648027 -0.0085455 -0.00417706 -0.00648027 -0.00331555 -0.00417706 -0.00192317 -0.0085455 -0.00417706 -0.00536503 -0.00240778 -0.00417706 -0.00192317 -0.00240778 -0.000901729 -0.00331555 -0.00193075 -0.00192317 -0.00100243 -0.00193075 -0.00138449 -0.00100243 -0.000704978 -0.00192317 -0.00100243 -0.000901729 -0.0003329 -0.00100243 -0.000704978 -0.0003329 -0.000204132 -0.0213633 -0.0196348 -0.0124366 -0.0114284 -0.0196348 -0.0151951 -0.0114284 -0.00881842 -0.0124366 -0.0114284 -0.00588138 -0.00540096 -0.0114284 -0.00881842 -0.00540096 -0.0041431 -0.0151951 -0.00988141 -0.00881842 -0.00565826 -0.00988141 -0.00536503 -0.00565826 -0.00293411 -0.00881842 -0.00565826 -0.0041431 -0.00259597 -0.00565826 -0.00293411 -0.00259597 -0.00123631 -0.00588138 -0.00540096 -0.00172416 -0.00157974 -0.00540096 -0.0041431 -0.00157974 -0.00119353 -0.00172416 -0.00157974 0 0 -0.00157974 -0.00119353 0 0 -0.0041431 -0.00259597 -0.00119353 -0.000705566 -0.00259597 -0.00123631 -0.000705566 -0.000262192 -0.00119353 -0.000705566 0 0 -0.000705566 -0.000262192 0 0 -0.00536503 -0.00240778 -0.00293411 -0.00113265 -0.00240778 -0.000901729 -0.00113265 -0.000225588 -0.00293411 -0.00113265 -0.00123631 -0.000323758 -0.00113265 -0.000225588 -0.000323758 0.000130882 -0.000901729 -0.0003329 -0.000225588 8.53493e-05 -0.0003329 -0.000204132 8.53493e-05 0.00011214 -0.000225588 8.53493e-05 0.000130882 0.000266792 8.53493e-05 0.00011214 0.000266792 0.000246172 -0.00123631 -0.000323758 -0.000262192 4.38491e-05 -0.000323758 0.000130882 4.38491e-05 0.000195224 -0.000262192 4.38491e-05 0 0 4.38491e-05 0.000195224 0 0 0.000130882 0.000266792 0.000195224 0.000230654 0.000266792 0.000246172 0.000230654 0.000205425 0.000195224 0.000230654 0 0 0.000230654 0.000205425 0 0 -0.0031868 -0.00246407 -0.00222416 -0.00176852 -0.00246407 -0.001998 -0.00176852 -0.00146973 -0.00222416 -0.00176852 -0.00138449 -0.00114091 -0.00176852 -0.00146973 -0.00114091 -0.00098308 -0.001998 -0.00166359 -0.00146973 -0.00124497 -0.00166359 -0.00142291 -0.00124497 -0.0010777 -0.00146973 -0.00124497 -0.00098308 -0.00085516 -0.00124497 -0.0010777 -0.00085516 -0.000753905 -0.00138449 -0.00114091 -0.000704978 -0.000614926 -0.00114091 -0.00098308 -0.000614926 -0.000563887 -0.000704978 -0.000614926 -0.000204132 -0.000212133 -0.000614926 -0.000563887 -0.000212133 -0.00023158 -0.00098308 -0.00085516 -0.000563887 -0.000513205 -0.00085516 -0.000753905 -0.000513205 -0.000466278 -0.000563887 -0.000513205 -0.00023158 -0.000235262 -0.000513205 -0.000466278 -0.000235262 -0.000228465 -0.00142291 -0.00125451 -0.0010777 -0.00095731 -0.00125451 -0.00111949 -0.00095731 -0.000849828 -0.0010777 -0.00095731 -0.000753905 -0.000675726 -0.00095731 -0.000849828 -0.000675726 -0.000590356 -0.00111949 -0.000919053 -0.000849828 -0.000661243 -0.000919053 0 -0.000661243 0 -0.000849828 -0.000661243 -0.000590356 -0.00040055 -0.000661243 0 -0.00040055 0 -0.000753905 -0.000675726 -0.000466278 -0.000423035 -0.000675726 -0.000590356 -0.000423035 -0.00035606 -0.000466278 -0.000423035 -0.000228465 -0.000212355 -0.000423035 -0.00035606 -0.000212355 -0.000164149 -0.000590356 -0.00040055 -0.00035606 -0.000195677 -0.00040055 0 -0.000195677 0 -0.00035606 -0.000195677 -0.000164149 -4.66069e-05 -0.000195677 0 -4.66069e-05 0 -0.000204132 -0.000212133 0.00011214 5.4951e-05 -0.000212133 -0.00023158 5.4951e-05 -3.4618e-07 0.00011214 5.4951e-05 0.000246172 0.000180268 5.4951e-05 -3.4618e-07 0.000180268 0.000119765 -0.00023158 -0.000235262 -3.4618e-07 -3.4839e-05 -0.000235262 -0.000228465 -3.4839e-05 -5.2819e-05 -3.4618e-07 -3.4839e-05 0.000119765 7.69636e-05 -3.4839e-05 -5.2819e-05 7.69636e-05 4.9815e-05 0.000246172 0.000180268 0.000205425 0.000161927 0.000180268 0.000119765 0.000161927 0.000121671 0.000205425 0.000161927 0 0 0.000161927 0.000121671 0 0 0.000119765 7.69636e-05 0.000121671 9.10719e-05 7.69636e-05 4.9815e-05 9.10719e-05 7.00835e-05 0.000121671 9.10719e-05 0 0 9.10719e-05 7.00835e-05 0 0 -0.000228465 -0.000212355 -5.2819e-05 -5.54372e-05 -0.000212355 -0.000164149 -5.54372e-05 -2.65321e-05 -5.2819e-05 -5.54372e-05 4.9815e-05 3.76565e-05 -5.54372e-05 -2.65321e-05 3.76565e-05 4.93867e-05 -0.000164149 -4.66069e-05 -2.65321e-05 4.86721e-05 -4.66069e-05 0 4.86721e-05 0 -2.65321e-05 4.86721e-05 4.93867e-05 8.89641e-05 4.86721e-05 0 8.89641e-05 0 4.9815e-05 3.76565e-05 7.00835e-05 5.85699e-05 3.76565e-05 4.93867e-05 5.85699e-05 5.93651e-05 7.00835e-05 5.85699e-05 0 0 5.85699e-05 5.93651e-05 0 0 4.93867e-05 8.89641e-05 5.93651e-05 7.1072e-05 8.89641e-05 0 7.1072e-05 0 5.93651e-05 7.1072e-05 0 0 7.1072e-05 0 0 0 
SCALARS p_fluid double 1
LOOKUP_TABLE default
0 0 0 0 0 0 0 0 0 0 0 0 0 0 0 0 0 0 0 0 0 0 0 0 0 0 0 0 0 0 0 0 0 0 0 0 0 0 0 0 0 0 0 0 0 0 0 0 0 0 0 0 0 0 0 0 0 0 0 0 0 0 0 0 0 0 0 0 0 0 0 0 0 0 0 0 0 0 0 0 0 0 0 0 0 0 0 0 0 0 0 0 0 0 0 0 0 0 0 0 0 0 0 0 0 0 0 0 0 0 0 0 0 0 0 0 0 0 0 0 0 0 0 0 0 0 0 0 0 0 0 0 0 0 0 0 0 0 0 0 0 0 0 0 0 0 0 0 0 0 0 0 0 0 0 0 0 0 0 0 0 0 0 0 0 0 0 0 0 0 0 0 0 0 0 0 0 0 0 0 0 0 0 0 0 0 0 0 0 0 0 0 0 0 0 0 0 0 0 0 0 0 0 0 0 0 0 0 0 0 0 0 0 0 0 0 0 0 0 0 0 0 0 0 0 0 0 0 0 0 0 0 0 0 0 0 0 0 0 0 0 0 0 0 0 0 0 0 0 0 0 0 0 0 0 0 0 0 0 0 0 0 0 0 0 0 0 0 0 0 0 0 0 0 0 0 0 0 0 0 0 0 0 0 0 0 0 0 0 0 0 0 0 0 0 0 0 0 0 0 0 0 0 0 0 0 0 0 0 0 0 0 0 0 0 0 0 0 0 0 0 0 0 0 0 0 0 0 0 0 0 0 0 0 0 0 0 0 0 0 0 0 0 0 0 0 0 0 0 0 0 0 0 0 0 0 0 0 0 0 0 0 0 0 0 0 0 0 0 0 0 0 0 0 0 0 0 0 0 0 0 0 0 0 0 0 0 0 0 0 0 0 0 0 0 0 0 0 0 0 0 0 0 0 0 0 0 0 0 0 0 0 0 0 0 0 0 0 0 0 0 0 0 0 0 0 0 0 0 0 0 0 0 0 0 0 0 0 0 0 0 0 0 0 0 0 0 0 0 0 0 0 0 0 0 0 0 0 0 0 0 0 0 0 0 0 0 0 0 0 0 0 0 0 0 0 0 0 0 0 0 0 0 0 0 0 0 0 0 0 0 0 0 0 0 0 0 0 0 0 0 0 0 0 0 0 0 0 0 0 0 0 0 0 0 0 0 0 0 0 0 0 0 0 0 0 0 0 0 0 0 0 0 0 0 0 0 0 0 0 0 0 0 0 0 0 0 0 0 0 0 0 0 0 0 0 0 0 0 0 0 0 0 0 0 0 0 0 0 0 0 0 0 0 0 0 0 0 0 0 0 0 0 0 0 0 0 0 0 0 0 0 0 0 0 0 0 0 0 0 0 0 0 0 0 0 0 0 0 0 0 0 0 0 0 0 0 0 0 0 0 0 0 0 0 0 0 0 0 0 0 0 0 0 0 0 0 0 0 0 0 0 0 0 0 0 0 0 0 0 0 0 0 0 0 0 0 0 0 0 0 0 0 0 0 0 0 0 0 0 0 0 0 0 0 0 0 0 0 0 0 0 0 0 0 0 0 0 0 0 0 0 0 0 0 0 0 0 0 0 0 0 0 0 0 0 0 0 0 0 0 0 0 0 0 0 0 0 0 0 0 0 0 0 0 0 0 0 0 0 0 0 0 0 0 0 0 0 0 0 0 0 0 0 0 0 0 0 0 0 0 0 0 0 0 0 0 0 0 0 0 0 0 0 0 0 0 0 0 0 0 0 0 0 0 0 0 0 0 0 0 0 0 0 0 0 0 0 0 0 0 0 0 0 0 0 0 0 0 0 0 0 0 0 0 0 0 0 0 0 0 0 0 0 0 0 0 0 0 0 0 0 0 0 0 0 0 0 0 0 0 0 0 0 0 0 0 0 0 0 0 0 0 0 0 0 0 0 0 0 0 0 0 0 0 0 0 0 0 0 0 0 0 0 0 0 0 0 0 0 0 0 0 0 0 0 0 0 0 0 0 0 0 0 0 0 0 0 0 0 0 0 0 0 0 0 0 0 0 0 0 0 0 0 0 0 0 0 0 0 0 0 0 0 0 0 0 0 0 0 0 0 0 0 0 0 0 0 0 0 0 0 0 0 0 0 0 0 0 0 0 0 0 0 0 0 0 0 0 0 0 0 0 0 0 0 0 0 0 0 0 0 0 0 0 0 0 0 0 0 0 0 0 0 0 0 0 0 0 0 0 0 0 0 0 0 0 0 0 0 0 0 0 0 0 0 0 0 0 0 0 0 0 0 0 0 0 0 0 0 0 0 0 0 0 0 0 0 0 0 0 0 0 0 96.7567 94.0473 96.7817 94.0723 94.0536 91.2715 94.0494 91.2673 96.8231 94.0354 96.8383 94.0505 94.0566 91.2649 94.052 91.2603 91.2709 88.4529 91.2646 88.4467 88.4522 85.6099 88.4463 85.6039 91.266 88.4466 91.26 88.4406 88.4461 85.6047 88.4404 85.599 96.8473 94.0413 96.8579 94.0519 94.055 91.259 94.0515 91.2555 96.864 94.046 96.8723 94.0543 94.056 91.2516 94.0534 91.2489 91.2606 88.4408 91.2535 88.4337 88.4401 85.5994 88.4332 85.5925 91.2546 88.4331 91.2472 88.4257 88.4331 85.5927 88.4252 85.5848 85.6092 82.7505 85.6045 82.7458 82.7499 79.8801 82.7468 79.877 85.6038 82.7468 85.599 82.7419 82.746 79.8779 82.7418 79.8737 79.8797 77.0031 79.878 77.0015 77.0038 74.1227 77.0018 74.1207 79.8777 77.0015 79.8728 76.9967 77.0037 74.1177 76.9941 74.1081 85.5987 82.7422 85.5924 82.7358 82.742 79.8731 82.7354 79.8665 85.5923 82.7357 85.5845 82.728 82.7361 79.865 82.7272 79.8561 79.8745 76.994 79.8648 76.9843 76.9994 74.1005 76.9799 74.081 79.8677 76.9797 79.8539 76.9659 76.9877 74.0701 76.9606 74.0431 96.8759 94.0507 96.8819 94.0567 94.0575 91.2451 94.0557 91.2433 96.884 94.0544 96.888 94.0583 94.0589 91.2403 94.0578 91.2392 91.2486 88.4248 91.242 88.4182 88.4253 85.5846 88.4176 85.577 91.2434 88.4171 91.2383 88.412 88.418 85.5766 88.4117 85.5703 96.8892 94.057 96.8914 94.0592 94.0599 91.2371 94.0592 91.2365 96.892 94.0586 96.8927 94.0593 94.0603 91.2354 94.0601 91.2352 91.2394 88.4111 91.2363 88.4079 88.412 85.5699 88.4079 85.5658 91.2369 88.4074 91.2358 88.4063 88.4081 85.5655 88.4067 85.5641 85.5847 82.7274 85.5767 82.7194 82.7284 79.854 82.7186 79.8442 85.577 82.7187 85.5701 82.7117 82.72 79.842 82.7112 79.8332 79.8576 76.9603 79.8421 76.9447 76.9695 74.031 76.9399 74.0014 79.8458 76.9392 79.8317 76.9251 76.9483 73.9902 76.9219 73.9638 85.5704 82.711 85.5658 82.7064 82.7124 79.8313 82.7063 79.8252 85.566 82.706 85.5643 82.7043 82.707 79.8242 82.7048 79.822 79.8348 76.9208 79.825 76.9109 76.9284 73.9552 76.9103 73.937 79.8266 76.9086 79.8231 76.9051 76.9138 73.9324 76.9073 73.9259 74.1281 71.2326 74.1182 71.2227 71.2512 68.2901 71.2129 68.2517 74.1269 71.2118 74.1019 71.1867 71.237 68.2246 71.1745 68.1622 68.3352 65.1607 68.2272 65.0527 65.244 61.552 65.007 61.315 68.277 65.002 68.1418 64.8668 65.0846 61.2454 64.8394 61.0002 74.1151 71.1695 74.0717 71.126 71.2012 68.1299 71.1096 68.0382 74.0885 71.1044 74.0328 71.0487 71.1396 68.0024 71.0318 67.8945 68.1855 64.8189 68.0147 64.6481 64.8922 60.9509 64.6232 60.6819 68.0574 64.6017 67.8723 64.4166 64.6649 60.6441 64.3965 60.3757 61.6593 57.0041 61.2524 56.5972 57.0578 51.1066 56.5459 50.5947 61.3303 56.5445 60.9739 56.1882 56.5537 50.6261 56.1794 50.2519 50.9866 44.0838 50.6028 43.7 43.8013 37.2755 43.7953 37.2695 50.4791 43.8489 50.2782 43.648 43.5935 37.4515 43.7112 37.5692 61.0056 56.1748 60.6692 55.8384 56.1414 50.3207 55.8545 50.0339 60.6774 55.8463 60.3721 55.541 55.7914 50.121 55.5673 49.897 50.1515 43.7984 50.0844 43.7313 43.5621 37.7136 43.8006 37.9521 49.9504 43.8818 49.9528 43.8843 43.6649 38.0829 43.9485 38.3666 74.0504 71.0265 73.9923 70.9684 71.0609 67.8605 70.9541 67.7537 74.0081 70.9487 73.9578 70.8984 70.9788 67.7253 70.8894 67.636 67.9099 64.3767 67.736 64.2028 64.4275 60.3496 64.1887 60.1108 67.7658 64.172 67.6254 64.0315 64.2102 60.0943 64.0241 59.9082 73.9697 70.8839 73.9357 70.85 70.9072 67.6158 70.8482 67.5567 73.942 70.8423 73.9301 70.8303 70.8574 67.5463 70.8368 67.5257 67.6458 64.0108 67.555 63.92 64.0374 59.8989 63.9198 59.7814 67.5654 63.9096 67.534 63.8782 63.926 59.7773 63.8859 59.7371 60.3675 55.5599 60.1119 55.3044 55.4995 49.9834 55.33 49.8139 60.1022 55.3259 59.9111 55.1348 55.2704 49.8872 55.152 49.7688 49.83 44.0173 49.8606 44.048 43.8314 38.477 44.0976 38.7432 49.761 44.1536 49.7962 44.1888 44.005 38.8287 44.2155 39.0392 59.9016 55.1526 59.7839 55.0349 55.1085 49.8213 55.0387 49.7515 59.7782 55.0448 59.7385 55.0051 55.0159 49.7788 54.9929 49.7558 49.7269 44.2615 49.7529 44.2875 44.1519 39.0973 44.2854 39.2308 49.7175 44.3245 49.727 44.3339 44.2531 39.2601 44.2987 39.3057 37.0548 32.3556 37.4117 32.7124 32.3475 29.775 32.8136 30.2412 37.2712 32.7985 37.6414 33.1686 32.7967 30.2108 33.2081 30.6221 29.8942 28.6499 30.258 29.0136 28.7733 27.8928 28.9731 28.0925 30.3196 28.9344 30.6158 29.2307 29.0512 28.0206 29.1986 28.168 37.5705 33.2106 38.008 33.6481 33.2375 30.5642 33.6641 30.9907 37.9558 33.6796 38.4097 34.1335 33.7088 30.9274 34.1377 31.3562 30.6915 29.1424 30.9673 29.4181 29.2687 28.0994 29.3773 28.208 31.0557 29.3233 31.3268 29.5943 29.4559 28.1325 29.5517 28.2283 27.9738 26.8578 28.0374 26.9214 26.8941 25.3326 26.8775 25.3161 28.0979 26.8769 28.1329 26.9119 26.911 25.2983 26.8856 25.273 25.3375 23.3645 25.2915 23.3184 23.3556 21.0947 23.3097 21.0487 25.3031 23.3176 25.2587 23.2733 23.3096 21.0545 23.2685 21.0134 28.1771 26.8756 28.1707 26.8691 26.9045 25.2625 26.8452 25.2033 28.2173 26.8289 28.1916 26.8032 26.8617 25.1921 26.7813 25.1117 25.261 23.2768 25.1931 23.2089 23.2638 21.0211 23.2079 20.9652 25.1911 23.2138 25.104 23.1267 23.1989 20.9751 23.1279 20.9041 38.3667 34.159 38.774 34.5663 34.1805 31.2996 34.567 31.6861 38.7392 34.5866 39.0552 34.9026 34.6001 31.6421 34.903 31.945 31.4117 29.5064 31.661 29.7558 29.63 28.1549 29.7203 28.2452 31.7306 29.6846 31.9313 29.8853 29.7874 28.1832 29.8645 28.2603 39.0306 34.9167 39.229 35.1151 34.9249 31.9153 35.1165 32.107 39.2163 35.1223 39.2838 35.1898 35.1273 32.0921 35.1927 32.1575 31.9795 29.8359 32.109 29.9653 29.9127 28.2161 29.9648 28.2681 32.1335 29.9401 32.1782 29.9848 29.9898 28.2452 30.0082 28.2636 28.2396 26.7619 28.2147 26.737 26.7988 25.099 26.719 25.0192 28.2579 26.7004 28.2415 26.684 26.7362 25.0066 26.6726 24.943 25.102 23.1307 25.0133 23.042 23.1179 20.9138 23.0437 20.8396 25.0128 23.0442 24.9393 22.9706 23.0353 20.8475 22.9719 20.7841 28.2737 26.657 28.2656 26.6488 26.6864 24.933 26.6465 24.8931 28.2827 26.6345 28.2804 26.6322 26.6541 24.8876 26.6407 24.8742 24.9399 22.9716 24.8923 22.9239 22.9663 20.7895 22.9243 20.7476 24.8929 22.9243 24.8765 22.9079 22.9215 20.7503 22.9069 20.7357 21.0843 18.6495 21.0485 18.6138 18.6421 16.106 18.6164 16.0803 21.0447 18.62 21.0136 18.5889 18.6127 16.0849 18.5908 16.063 16.1016 13.5014 16.083 13.4828 13.4989 10.8524 13.485 10.8385 16.0803 13.486 16.0649 13.4705 13.4832 10.8407 13.472 10.8296 21.008 18.5957 20.9684 18.5561 18.5865 16.0677 18.5599 16.0411 20.9592 18.5649 20.9088 18.5145 18.5531 16.0473 18.5193 16.0136 16.0621 13.4735 16.0442 13.4557 13.4701 10.8317 13.4579 10.8195 16.0397 13.4597 16.0173 13.4372 13.455 10.8222 13.4399 10.8072 10.8508 8.16709 10.8402 8.15649 8.16554 5.45128 8.15796 5.44371 10.8387 8.15836 10.8308 8.15048 8.15624 5.44582 8.15169 5.44127 5.44877 2.71343 5.44503 2.70969 2.68943 -0.0302616 2.71334 -0.00635522 5.44242 2.71243 5.44291 2.71293 2.70304 -0.0023911 2.71134 0.00591299 10.8292 8.15237 10.8212 8.14433 8.14976 5.44362 8.1459 5.43976 10.8189 8.14665 10.8092 8.13696 8.14352 5.44226 8.13873 5.43747 5.43939 2.71645 5.44135 2.71841 2.71396 0.00255295 2.71785 0.00644799 5.43833 2.721 5.43882 2.7215 2.72068 0.00334823 2.72109 0.00375687 20.8982 18.5238 20.8441 18.4697 18.5112 16.0204 18.4742 15.9834 20.8346 18.4778 20.7872 18.4304 18.4666 15.9896 18.4335 15.9566 16.0118 13.4418 15.987 13.4169 13.4362 10.8103 13.4195 10.7935 15.9816 13.4212 15.959 13.3986 13.4158 10.7965 13.4003 10.7811 20.7803 18.4362 20.7484 18.4043 18.4277 15.9612 18.4051 15.9385 20.7448 18.4073 20.7336 18.3961 18.402 15.941 18.394 15.933 15.9548 13.4018 15.9391 13.3862 13.3974 10.7833 13.3865 10.7725 15.9369 13.3879 15.9313 13.3823 13.385 10.7737 13.3811 10.7699 10.8064 8.13951 10.7954 8.12858 8.13612 5.43988 8.13019 5.43396 10.7926 8.13096 10.7824 8.12068 8.12776 5.436 8.12177 5.43001 5.43667 2.72303 5.43507 2.72143 2.72344 0.00116271 2.72116 -0.00112469 5.43354 2.7223 5.43075 2.71951 2.72288 -0.0031043 2.71939 -0.00659417 10.7801 8.12248 10.7728 8.11516 8.11994 5.43145 8.11546 5.42698 10.7716 8.11611 10.769 8.11347 8.1145 5.42772 8.11284 5.42606 5.42975 2.71998 5.42724 2.71746 2.72049 -0.00790884 2.71751 -0.0108849 5.42674 2.71767 5.42575 2.71667 2.71803 -0.0115327 2.71688 -0.0126854 96.8927 94.0593 96.892 94.0586 94.0601 91.2352 94.0603 91.2354 96.8914 94.0592 96.8892 94.057 94.0592 91.2365 94.0599 91.2371 91.2358 88.4063 91.2369 88.4074 88.4067 85.5641 88.4081 85.5655 91.2363 88.4079 91.2394 88.4111 88.4079 85.5658 88.412 85.5699 96.888 94.0583 96.884 94.0544 94.0578 91.2392 94.0589 91.2403 96.8819 94.0567 96.8759 94.0507 94.0557 91.2433 94.0575 91.2451 91.2383 88.412 91.2434 88.4171 88.4117 85.5703 88.418 85.5766 91.242 88.4182 91.2486 88.4248 88.4176 85.577 88.4253 85.5846 85.5643 82.7043 85.566 82.706 82.7048 79.822 82.707 79.8242 85.5658 82.7064 85.5704 82.711 82.7063 79.8252 82.7124 79.8313 79.8231 76.9051 79.8266 76.9086 76.9073 73.9259 76.9138 73.9324 79.825 76.9109 79.8348 76.9208 76.9103 73.937 76.9284 73.9552 85.5701 82.7117 85.577 82.7187 82.7112 79.8332 82.72 79.842 85.5767 82.7194 85.5847 82.7274 82.7186 79.8442 82.7284 79.854 79.8317 76.9251 79.8458 76.9392 76.9219 73.9638 76.9483 73.9902 79.8421 76.9447 79.8576 76.9603 76.9399 74.0014 76.9695 74.031 96.8723 94.0543 96.864 94.046 94.0534 91.2489 94.056 91.2516 96.8579 94.0519 96.8473 94.0413 94.0515 91.2555 94.055 91.259 91.2472 88.4257 91.2546 88.4331 88.4252 85.5848 88.4331 85.5927 91.2535 88.4337 91.2606 88.4408 88.4332 85.5925 88.4401 85.5994 96.8383 94.0505 96.8231 94.0354 94.052 91.2603 94.0566 91.2649 96.7817 94.0723 96.7567 94.0473 94.0494 91.2673 94.0536 91.2715 91.26 88.4406 91.266 88.4466 88.4404 85.599 88.4461 85.6047 91.2646 88.4467 91.2709 88.4529 88.4463 85.6039 88.4522 85.6099 85.5845 82.728 85.5923 82.7357 82.7272 79.8561 82.7361 79.865 85.5924 82.7358 85.5987 82.7422 82.7354 79.8665 82.742 79.8731 79.8539 76.9659 79.8677 76.9797 76.9606 74.0431 76.9877 74.0701 79.8648 76.9843 79.8745 76.994 76.9799 74.081 76.9994 74.1005 85.599 82.7419 85.6038 82.7468 82.7418 79.8737 82.746 79.8779 85.6045 82.7458 85.6092 82.7505 82.7468 79.877 82.7499 79.8801 79.8728 76.9967 79.8777 77.0015 76.9941 74.1081 77.0037 74.1177 79.878 77.0015 79.8797 77.0031 77.0018 74.1207 77.0038 74.1227 73.9301 70.8303 73.942 70.8423 70.8368 67.5257 70.8574 67.5463 73.9357 70.85 73.9697 70.8839 70.8482 67.5567 70.9072 67.6158 67.534 63.8782 67.5654 63.9096 63.8859 59.7371 63.926 59.7773 67.555 63.92 67.6458 64.0108 63.9198 59.7814 64.0374 59.8989 73.9578 70.8984 74.0081 70.9487 70.8894 67.636 70.9788 67.7253 73.9923 70.9684 74.0504 71.0265 70.9541 67.7537 71.0609 67.8605 67.6254 64.0315 67.7658 64.172 64.0241 59.9082 64.2102 60.0943 67.736 64.2028 67.9099 64.3767 64.1887 60.1108 64.4275 60.3496 59.7385 55.0051 59.7782 55.0448 54.9929 49.7558 55.0159 49.7788 59.7839 55.0349 59.9016 55.1526 55.0387 49.7515 55.1085 49.8213 49.727 44.3339 49.7175 44.3245 44.2987 39.3057 44.2531 39.2601 49.7529 44.2875 49.7269 44.2615 44.2854 39.2308 44.1519 39.0973 59.9111 55.1348 60.1022 55.3259 55.152 49.7688 55.2704 49.8872 60.1119 55.3044 60.3675 55.5599 55.33 49.8139 55.4995 49.9834 49.7962 44.1888 49.761 44.1536 44.2155 39.0392 44.005 38.8287 49.8606 44.048 49.83 44.0173 44.0976 38.7432 43.8314 38.477 74.0328 71.0487 74.0885 71.1044 71.0318 67.8945 71.1396 68.0024 74.0717 71.126 74.1151 71.1695 71.1096 68.0382 71.2012 68.1299 67.8723 64.4166 68.0574 64.6017 64.3965 60.3757 64.6649 60.6441 68.0147 64.6481 68.1855 64.8189 64.6232 60.6819 64.8922 60.9509 74.1019 71.1867 74.1269 71.2118 71.1745 68.1622 71.237 68.2246 74.1182 71.2227 74.1281 71.2326 71.2129 68.2517 71.2512 68.2901 68.1418 64.8668 68.277 65.002 64.8394 61.0002 65.0846 61.2454 68.2272 65.0527 68.3352 65.1607 65.007 61.315 65.244 61.552 60.3721 55.541 60.6774 55.8463 55.5673 49.897 55.7914 50.121 60.6692 55.8384 61.0056 56.1748 55.8545 50.0339 56.1414 50.3207 49.9528 43.8843 49.9504 43.8818 43.9485 38.3666 43.6649 38.0829 50.0844 43.7313 50.1515 43.7984 43.8006 37.9521 43.5621 37.7136 60.9739 56.1882 61.3303 56.5445 56.1794 50.2519 56.5537 50.6261 61.2524 56.5972 61.6593 57.0041 56.5459 50.5947 57.0578 51.1066 50.2782 43.648 50.4791 43.8489 43.7112 37.5692 43.5935 37.4515 50.6028 43.7 50.9866 44.0838 43.7953 37.2695 43.8013 37.2755 39.2838 35.1898 39.2163 35.1223 35.1927 32.1575 35.1273 32.0921 39.229 35.1151 39.0306 34.9167 35.1165 32.107 34.9249 31.9153 32.1782 29.9848 32.1335 29.9401 30.0082 28.2636 29.9898 28.2452 32.109 29.9653 31.9795 29.8359 29.9648 28.2681 29.9127 28.2161 39.0552 34.9026 38.7392 34.5866 34.903 31.945 34.6001 31.6421 38.774 34.5663 38.3667 34.159 34.567 31.6861 34.1805 31.2996 31.9313 29.8853 31.7306 29.6846 29.8645 28.2603 29.7874 28.1832 31.661 29.7558 31.4117 29.5064 29.7203 28.2452 29.63 28.1549 28.2804 26.6322 28.2827 26.6345 26.6407 24.8742 26.6541 24.8876 28.2656 26.6488 28.2737 26.657 26.6465 24.8931 26.6864 24.933 24.8765 22.9079 24.8929 22.9243 22.9069 20.7357 22.9215 20.7503 24.8923 22.9239 24.9399 22.9716 22.9243 20.7476 22.9663 20.7895 28.2415 26.684 28.2579 26.7004 26.6726 24.943 26.7362 25.0066 28.2147 26.737 28.2396 26.7619 26.719 25.0192 26.7988 25.099 24.9393 22.9706 25.0128 23.0442 22.9719 20.7841 23.0353 20.8475 25.0133 23.042 25.102 23.1307 23.0437 20.8396 23.1179 20.9138 38.4097 34.1335 37.9558 33.6796 34.1377 31.3562 33.7088 30.9274 38.008 33.6481 37.5705 33.2106 33.6641 30.9907 33.2375 30.5642 31.3268 29.5943 31.0557 29.3233 29.5517 28.2283 29.4559 28.1325 30.9673 29.4181 30.6915 29.1424 29.3773 28.208 29.2687 28.0994 37.6414 33.1686 37.2712 32.7985 33.2081 30.6221 32.7967 30.2108 37.4117 32.7124 37.0548 32.3556 32.8136 30.2412 32.3475 29.775 30.6158 29.2307 30.3196 28.9344 29.1986 28.168 29.0512 28.0206 30.258 29.0136 29.8942 28.6499 28.9731 28.0925 28.7733 27.8928 28.1916 26.8032 28.2173 26.8289 26.7813 25.1117 26.8617 25.1921 28.1707 26.8691 28.1771 26.8756 26.8452 25.2033 26.9045 25.2625 25.104 23.1267 25.1911 23.2138 23.1279 20.9041 23.1989 20.9751 25.1931 23.2089 25.261 23.2768 23.2079 20.9652 23.2638 21.0211 28.1329 26.9119 28.0979 26.8769 26.8856 25.273 26.911 25.2983 28.0374 26.9214 27.9738 26.8578 26.8775 25.3161 26.8941 25.3326 25.2587 23.2733 25.3031 23.3176 23.2685 21.0134 23.3096 21.0545 25.2915 23.3184 25.3375 23.3645 23.3097 21.0487 23.3556 21.0947 20.7336 18.3961 20.7448 18.4073 18.394 15.933 18.402 15.941 20.7484 18.4043 20.7803 18.4362 18.4051 15.9385 18.4277 15.9612 15.9313 13.3823 15.9369 13.3879 13.3811 10.7699 13.385 10.7737 15.9391 13.3862 15.9548 13.4018 13.3865 10.7725 13.3974 10.7833 20.7872 18.4304 20.8346 18.4778 18.4335 15.9566 18.4666 15.9896 20.8441 18.4697 20.8982 18.5238 18.4742 15.9834 18.5112 16.0204 15.959 13.3986 15.9816 13.4212 13.4003 10.7811 13.4158 10.7965 15.987 13.4169 16.0118 13.4418 13.4195 10.7935 13.4362 10.8103 10.769 8.11347 10.7716 8.11611 8.11284 5.42606 8.1145 5.42772 10.7728 8.11516 10.7801 8.12248 8.11546 5.42698 8.11994 5.43145 5.42575 2.71667 5.42674 2.71767 2.71688 -0.0126854 2.71803 -0.0115327 5.42724 2.71746 5.42975 2.71998 2.71751 -0.0108849 2.72049 -0.00790884 10.7824 8.12068 10.7926 8.13096 8.12177 5.43001 8.12776 5.436 10.7954 8.12858 10.8064 8.13951 8.13019 5.43396 8.13612 5.43988 5.43075 2.71951 5.43354 2.7223 2.71939 -0.00659417 2.72288 -0.0031043 5.43507 2.72143 5.43667 2.72303 2.72116 -0.00112469 2.72344 0.00116271 20.9088 18.5145 20.9592 18.5649 18.5193 16.0136 18.5531 16.0473 20.9684 18.5561 21.008 18.5957 18.5599 16.0411 18.5865 16.0677 16.0173 13.4372 16.0397 13.4597 13.4399 10.8072 13.455 10.8222 16.0442 13.4557 16.0621 13.4735 13.4579 10.8195 13.4701 10.8317 21.0136 18.5889 21.0447 18.62 18.5908 16.063 18.6127 16.0849 21.0485 18.6138 21.0843 18.6495 18.6164 16.0803 18.6421 16.106 16.0649 13.4705 16.0803 13.486 13.472 10.8296 13.4832 10.8407 16.083 13.4828 16.1016 13.5014 13.485 10.8385 13.4989 10.8524 10.8092 8.13696 10.8189 8.14665 8.13873 5.43747 8.14352 5.44226 10.8212 8.14433 10.8292 8.15237 8.1459 5.43976 8.14976 5.44362 5.43882 2.7215 5.43833 2.721 2.72109 0.00375687 2.72068 0.00334823 5.44135 2.71841 5.43939 2.71645 2.71785 0.00644799 2.71396 0.00255295 10.8308 8.15048 10.8387 8.15836 8.15169 5.44127 8.15624 5.44582 10.8402 8.15649 10.8508 8.16709 8.15796 5.44371 8.16554 5.45128 5.44291 2.71293 5.44242 2.71243 2.71134 0.00591299 2.70304 -0.0023911 5.44503 2.70969 5.44877 2.71343 2.71334 -0.00635522 2.68943 -0.0302616 0 0 0 0 0 0 0 0 0 0 0 0 0 0 0 0 0 0 0 0 0 0 0 0 0 0 0 0 0 0 0 0 0 0 0 0 0 0 0 0 0 0 0 0 0 0 0 0 0 0 0 0 0 0 0 0 0 0 0 0 0 0 0 0 0 0 0 0 0 0 0 0 0 0 0 0 0 0 0 0 0 0 0 0 0 0 0 0 0 0 0 0 0 0 0 0 0 0 0 0 0 0 0 0 0 0 0 0 0 0 0 0 0 0 0 0 0 0 0 0 0 0 0 0 0 0 0 0 0 0 0 0 0 0 0 0 0 0 0 0 0 0 0 0 0 0 0 0 0 0 0 0 0 0 0 0 0 0 0 0 0 0 0 0 0 0 0 0 0 0 0 0 0 0 0 0 0 0 0 0 0 0 0 0 0 0 0 0 0 0 0 0 0 0 0 0 0 0 0 0 0 0 0 0 0 0 0 0 0 0 0 0 0 0 0 0 0 0 0 0 0 0 0 0 0 0 0 0 0 0 0 0 0 0 0 0 0 0 0 0 0 0 0 0 0 0 0 0 0 0 0 0 0 0 0 0 0 0 0 0 0 0 0 0 0 0 0 0 0 0 0 0 0 0 0 0 0 0 0 0 0 0 0 0 0 0 0 0 0 0 0 0 0 0 0 0 0 0 0 0 0 0 0 0 0 0 0 0 0 0 0 0 0 0 0 0 0 0 0 0 0 0 0 0 0 0 0 0 0 0 0 0 0 0 0 0 0 0 0 0 0 0 0 0 0 0 0 0 0 0 0 0 0 0 0 0 0 0 0 0 0 0 0 0 0 0 0 0 0 0 0 0 0 0 0 0 0 0 0 0 0 0 0 0 0 0 0 0 0 0 0 0 0 0 0 0 0 0 0 0 0 0 0 0 0 0 0 0 0 0 0 0 0 0 0 0 0 0 0 0 0 0 0 0 0 0 0 0 0 0 0 0 0 0 0 0 0 0 0 0 0 0 0 0 0 0 0 0 0 0 0 0 0 0 0 0 0 0 0 0 0 0 0 0 0 0 0 0 0 0 0 0 0 0 0 0 0 0 0 0 0 0 0 0 0 0 0 0 0 0 0 0 0 0 0 0 0 0 0 0 0 0 0 0 0 0 0 0 0 0 0 0 0 0 0 0 0 0 0 0 0 0 0 0 0 0 0 0 0 0 0 0 0 0 0 0 0 0 0 0 0 0 0 0 0 0 0 0 0 0 0 0 0 0 0 0 0 0 0 0 0 0 0 0 0 0 0 0 0 0 0 0 0 0 0 0 0 0 0 0 0 0 0 0 0 0 0 0 0 0 0 0 0 0 0 0 0 0 0 0 0 0 0 0 0 0 0 0 0 0 0 0 0 0 0 0 0 0 0 0 0 0 0 0 0 0 0 0 0 0 0 0 0 0 0 0 0 0 0 0 0 0 0 0 0 0 0 0 0 0 0 0 0 0 0 0 0 0 0 0 0 0 0 0 0 0 0 0 0 0 0 0 0 0 0 0 0 0 0 0 0 0 0 0 0 0 0 0 0 0 0 0 0 0 0 0 0 0 0 0 0 0 0 0 0 0 0 0 0 0 0 0 0 0 0 0 0 0 0 0 0 0 0 0 0 0 0 0 0 0 0 0 0 0 0 0 0 0 0 0 0 0 0 0 0 0 0 0 0 0 0 0 0 0 0 0 0 0 0 0 0 0 0 0 0 0 0 0 0 0 0 0 0 0 0 0 0 0 0 0 0 0 0 0 0 0 0 0 0 0 0 0 0 0 0 0 0 0 0 0 0 0 0 0 0 0 0 0 0 0 0 0 0 0 0 0 0 0 0 0 0 0 0 0 0 0 0 0 0 0 0 0 0 0 0 0 0 0 0 0 0 0 0 0 0 0 0 0 0 0 0 0 0 0 0 0 0 0 0 0 0 0 0 0 0 0 0 0 0 0 0 0 0 0 0 0 0 0 0 0 0 0 0 0 0 0 0 0 0 0 0 0 0 0 0 0 0 0 0 0 0 0 0 0 0 0 0 0 0 0 0 0 0 0 0 0 0 0 0 0 0 0 0 0 0 0 0 0 0 0 0 0 0 0 0 0 0 0 0 0 0 0 0 0 0 0 0 0 0 0 0 0 0 0 0 0 0 0 0 0 0 0 0 0 0 0 0 0 0 0 0 0 0 0 0 0 0 0 0 0 0 0 0 0 0 0 0 0 0 0 0 0 0 0 0 0 0 0 0 0 0 0 0 0 0 0 0 0 0 0 0 0 0 0 0 0 0 0 0 0 0 0 0 0 
SCALARS wx_dis double 1
LOOKUP_TABLE default
0.00147666 0.00146293 0.00147875 0.0014656 0.00146293 0.00141393 0.0014656 0.00141881 0.00147875 0.0014656 0.00148486 0.00147333 0.0014656 0.00141881 0.00147333 0.00143306 0.00141393 0.00130097 0.00141881 0.00131047 0.00130097 0.0010662 0.00131047 0.00108282 0.00141881 0.00131047 0.00143306 0.00133855 0.00131047 0.00108282 0.00133855 0.00113238 0.00148486 0.00147333 0.00149454 0.00148537 0.00147333 0.00143306 0.00148537 0.00145544 0.00149454 0.00148537 0.00150718 0.00150045 0.00148537 0.00145544 0.00150045 0.00148386 0.00143306 0.00133855 0.00145544 0.00138397 0.00133855 0.00113238 0.00138397 0.00121394 0.00145544 0.00138397 0.00148386 0.00144455 0.00138397 0.00121394 0.00144455 0.00132591 0.0010662 0.000621417 0.00108282 0.000646983 0.000621417 -0.000143385 0.000646983 -0.000108572 0.00108282 0.000646983 0.00113238 0.000723609 0.000646983 -0.000108572 0.000723609 -3.75249e-06 -0.000143385 -0.0013404 -0.000108572 -0.0012989 -0.0013404 -0.00304735 -0.0012989 -0.00300657 -0.000108572 -0.0012989 -3.75249e-06 -0.00117325 -0.0012989 -0.00300657 -0.00117325 -0.00288197 0.00113238 0.000723609 0.00121394 0.000851058 0.000723609 -3.75249e-06 0.000851058 0.000172152 0.00121394 0.000851058 0.00132591 0.00102882 0.000851058 0.000172152 0.00102882 0.000420759 -3.75249e-06 -0.00117325 0.000172152 -0.000960057 -0.00117325 -0.00288197 -0.000960057 -0.00266683 0.000172152 -0.000960057 0.000420759 -0.000653851 -0.000960057 -0.00266683 -0.000653851 -0.00234995 0.00150718 0.00150045 0.00152224 0.00151686 0.00150045 0.00148386 0.00151686 0.00151514 0.00152224 0.00151686 0.00153973 0.00153242 0.00151686 0.00151514 0.00153242 0.00154477 0.00148386 0.00144455 0.00151514 0.00151718 0.00144455 0.00132591 0.00151718 0.00146591 0.00151514 0.00151718 0.00154477 0.0015976 0.00151718 0.00146591 0.0015976 0.00163074 0.00153973 0.00153242 0.00156052 0.00154445 0.00153242 0.00154477 0.00154445 0.00156655 0.00156052 0.00154445 0.00158207 0.0015478 0.00154445 0.00156655 0.0015478 0.00157256 0.00154477 0.0015976 0.00156655 0.0016804 0.0015976 0.00163074 0.0016804 0.00181626 0.00156655 0.0016804 0.00157256 0.00175885 0.0016804 0.00181626 0.00175885 0.0020173 0.00132591 0.00102882 0.00146591 0.00125595 0.00102882 0.000420759 0.00125595 0.000743944 0.00146591 0.00125595 0.00163074 0.00153086 0.00125595 0.000743944 0.00153086 0.00114343 0.000420759 -0.000653851 0.000743944 -0.000247432 -0.000653851 -0.00234995 -0.000247432 -0.00191578 0.000743944 -0.000247432 0.00114343 0.000267622 -0.000247432 -0.00191578 0.000267622 -0.00134463 0.00163074 0.00153086 0.00181626 0.00185106 0.00153086 0.00114343 0.00185106 0.00162024 0.00181626 0.00185106 0.0020173 0.00221288 0.00185106 0.00162024 0.00221288 0.00217416 0.00114343 0.000267622 0.00162024 0.000900194 0.000267622 -0.00134463 0.000900194 -0.000613156 0.00162024 0.000900194 0.00217416 0.001659 0.000900194 -0.000613156 0.001659 0.000305851 -0.00304735 -0.00524715 -0.00300657 -0.00522111 -0.00524715 -0.00774785 -0.00522111 -0.00775664 -0.00300657 -0.00522111 -0.00288197 -0.00513967 -0.00522111 -0.00775664 -0.00513967 -0.00777957 -0.00774785 -0.0101132 -0.00775664 -0.0101772 -0.0101132 -0.0116674 -0.0101772 -0.011795 -0.00775664 -0.0101772 -0.00777957 -0.0103675 -0.0101772 -0.011795 -0.0103675 -0.0121805 -0.00288197 -0.00513967 -0.00266683 -0.00499279 -0.00513967 -0.00777957 -0.00499279 -0.00780593 -0.00266683 -0.00499279 -0.00234995 -0.00476329 -0.00499279 -0.00780593 -0.00476329 -0.00781676 -0.00777957 -0.0103675 -0.00780593 -0.0106791 -0.0103675 -0.0121805 -0.0106791 -0.0128318 -0.00780593 -0.0106791 -0.00781676 -0.0111018 -0.0106791 -0.0128318 -0.0111018 -0.0137614 -0.0116674 -0.0116474 -0.011795 -0.0118211 -0.0116474 -0.00951463 -0.0118211 -0.00968674 -0.011795 -0.0118211 -0.0121805 -0.0123501 -0.0118211 -0.00968674 -0.0123501 -0.0102136 -0.00951463 -0.00530815 -0.00968674 -0.00541639 -0.00530815 0.000195535 -0.00541639 0.000195704 -0.00968674 -0.00541639 -0.0102136 -0.00574873 -0.00541639 0.000195704 -0.00574873 0.00019626 -0.0121805 -0.0123501 -0.0128318 -0.0132586 -0.0123501 -0.0102136 -0.0132586 -0.0111276 -0.0128318 -0.0132586 -0.0137614 -0.0145879 -0.0132586 -0.0111276 -0.0145879 -0.0124864 -0.0102136 -0.00574873 -0.0111276 -0.00632885 -0.00574873 0.00019626 -0.00632885 0.000197352 -0.0111276 -0.00632885 -0.0124864 -0.00719912 -0.00632885 0.000197352 -0.00719912 0.000199241 -0.00234995 -0.00476329 -0.00191578 -0.00442619 -0.00476329 -0.00781676 -0.00442619 -0.00778309 -0.00191578 -0.00442619 -0.00134463 -0.00394792 -0.00442619 -0.00778309 -0.00394792 -0.00766342 -0.00781676 -0.0111018 -0.00778309 -0.0116182 -0.0111018 -0.0137614 -0.0116182 -0.0149853 -0.00778309 -0.0116182 -0.00766342 -0.0121997 -0.0116182 -0.0149853 -0.0121997 -0.0165204 -0.00134463 -0.00394792 -0.000613156 -0.0032854 -0.00394792 -0.00766342 -0.0032854 -0.00740007 -0.000613156 -0.0032854 0.000305851 -0.00238297 -0.0032854 -0.00740007 -0.00238297 -0.00691164 -0.00766342 -0.0121997 -0.00740007 -0.0128011 -0.0121997 -0.0165204 -0.0128011 -0.0183811 -0.00740007 -0.0128011 -0.00691164 -0.0133501 -0.0128011 -0.0183811 -0.0133501 -0.0205755 -0.0137614 -0.0145879 -0.0149853 -0.0163991 -0.0145879 -0.0124864 -0.0163991 -0.0143776 -0.0149853 -0.0163991 -0.0165204 -0.0187757 -0.0163991 -0.0143776 -0.0187757 -0.0169278 -0.0124864 -0.00719912 -0.0143776 -0.00842548 -0.00719912 0.000199241 -0.00842548 0.000202318 -0.0143776 -0.00842548 -0.0169278 -0.0101054 -0.00842548 0.000202318 -0.0101054 0.000207135 -0.0165204 -0.0187757 -0.0183811 -0.0218278 -0.0187757 -0.0169278 -0.0218278 -0.0203158 -0.0183811 -0.0218278 -0.0205755 -0.0257072 -0.0218278 -0.0203158 -0.0257072 -0.0248053 -0.0169278 -0.0101054 -0.0203158 -0.0123809 -0.0101054 0.000207135 -0.0123809 0.000214444 -0.0203158 -0.0123809 -0.0248053 -0.0154674 -0.0123809 0.000214444 -0.0154674 0.00022522 0.000195535 0.00569746 0.000195704 0.00580575 0.00569746 0.00990217 0.00580575 0.0100736 0.000195704 0.00580575 0.00019626 0.00613831 0.00580575 0.0100736 0.00613831 0.0105983 0.00990217 0.0120422 0.0100736 0.0122143 0.0120422 0.01209 0.0122143 0.0122151 0.0100736 0.0122143 0.0105983 0.0127383 0.0122143 0.0122151 0.0127383 0.0125931 0.00019626 0.00613831 0.000197352 0.00671906 0.00613831 0.0105983 0.00671906 0.011509 0.000197352 0.00671906 0.000199241 0.00759077 0.00671906 0.011509 0.00759077 0.0128632 0.0105983 0.0127383 0.011509 0.0136384 0.0127383 0.0125931 0.0136384 0.0132316 0.011509 0.0136384 0.0128632 0.014956 0.0136384 0.0132316 0.014956 0.0141432 0.01209 0.0105945 0.0122151 0.0106554 0.0105945 0.00832656 0.0106554 0.00833189 0.0122151 0.0106554 0.0125931 0.0108364 0.0106554 0.00833189 0.0108364 0.0083444 0.00832656 0.0059662 0.00833189 0.00593655 0.0059662 0.00395155 0.00593655 0.0039072 0.00833189 0.00593655 0.0083444 0.00584428 0.00593655 0.0039072 0.00584428 0.00377186 0.0125931 0.0108364 0.0132316 0.0111323 0.0108364 0.0083444 0.0111323 0.00835329 0.0132316 0.0111323 0.0141432 0.0115326 0.0111323 0.00835329 0.0115326 0.00833942 0.0083444 0.00584428 0.00835329 0.00567927 0.00584428 0.00377186 0.00567927 0.00353873 0.00835329 0.00567927 0.00833942 0.0054242 0.00567927 0.00353873 0.0054242 0.00319647 0.000199241 0.00759077 0.000202318 0.00882 0.00759077 0.0128632 0.00882 0.0147489 0.000202318 0.00882 0.000207135 0.0105051 0.00882 0.0147489 0.0105051 0.0172929 0.0128632 0.014956 0.0147489 0.0167518 0.014956 0.0141432 0.0167518 0.0153432 0.0147489 0.0167518 0.0172929 0.019109 0.0167518 0.0153432 0.019109 0.0168482 0.000207135 0.0105051 0.000214444 0.0127891 0.0105051 0.0172929 0.0127891 0.0206743 0.000214444 0.0127891 0.00022522 0.0158891 0.0127891 0.0206743 0.0158891 0.0251573 0.0172929 0.019109 0.0206743 0.0221373 0.019109 0.0168482 0.0221373 0.0186719 0.0206743 0.0221373 0.0251573 0.025988 0.0221373 0.0186719 0.025988 0.0208214 0.0141432 0.0115326 0.0153432 0.0120196 0.0115326 0.00833942 0.0120196 0.00827362 0.0153432 0.0120196 0.0168482 0.0125644 0.0120196 0.00827362 0.0125644 0.00811408 0.00833942 0.0054242 0.00827362 0.00505394 0.0054242 0.00319647 0.00505394 0.00272935 0.00827362 0.00505394 0.00811408 0.00453474 0.00505394 0.00272935 0.00453474 0.00211746 0.0168482 0.0125644 0.0186719 0.0131212 0.0125644 0.00811408 0.0131212 0.00780281 0.0186719 0.0131212 0.0208214 0.0136169 0.0131212 0.00780281 0.0136169 0.00725802 0.00811408 0.00453474 0.00780281 0.00382331 0.00453474 0.00211746 0.00382331 0.00133727 0.00780281 0.00382331 0.00725802 0.00286383 0.00382331 0.00133727 0.00286383 0.000361374 0.00395155 0.00247412 0.0039072 0.00242928 0.00247412 0.00154799 0.00242928 0.00151037 0.0039072 0.00242928 0.00377186 0.00229357 0.00242928 0.00151037 0.00229357 0.00139707 0.00154799 0.00108847 0.00151037 0.00106116 0.00108847 0.000969818 0.00106116 0.000953322 0.00151037 0.00106116 0.00139707 0.000979168 0.00106116 0.000953322 0.000979168 0.00090396 0.00377186 0.00229357 0.00353873 0.00206344 0.00229357 0.00139707 0.00206344 0.00120675 0.00353873 0.00206344 0.00319647 0.00173322 0.00206344 0.00120675 0.00173322 0.000937415 0.00139707 0.000979168 0.00120675 0.000842338 0.000979168 0.00090396 0.000842338 0.000822123 0.00120675 0.000842338 0.000937415 0.000650536 0.000842338 0.000822123 0.000650536 0.000708488 0.000969818 0.0010583 0.000953322 0.00105187 0.0010583 0.00122923 0.00105187 0.00123121 0.000953322 0.00105187 0.00090396 0.00103281 0.00105187 0.00123121 0.00103281 0.0012376 0.00122923 0.00137866 0.00123121 0.00138634 0.00137866 0.00143667 0.00138634 0.00144634 0.00123121 0.00138634 0.0012376 0.00140997 0.00138634 0.00144634 0.00140997 0.00147598 0.00090396 0.00103281 0.000822123 0.00100188 0.00103281 0.0012376 0.00100188 0.0012497 0.000822123 0.00100188 0.000708488 0.000960312 0.00100188 0.0012497 0.000960312 0.00126966 0.0012376 0.00140997 0.0012497 0.00145143 0.00140997 0.00147598 0.00145143 0.00152753 0.0012497 0.00145143 0.00126966 0.00151394 0.00145143 0.00152753 0.00151394 0.00160414 0.00319647 0.00173322 0.00272935 0.00129539 0.00173322 0.000937415 0.00129539 0.000586649 0.00272935 0.00129539 0.00211746 0.000741194 0.00129539 0.000586649 0.000741194 0.000152088 0.000937415 0.000650536 0.000586649 0.000403801 0.000650536 0.000708488 0.000403801 0.000564066 0.000586649 0.000403801 0.000152088 0.000102588 0.000403801 0.000564066 0.000102588 0.000390258 0.00211746 0.000741194 0.00133727 6.13625e-05 0.000741194 0.000152088 6.13625e-05 -0.000368024 0.00133727 6.13625e-05 0.000361374 -0.000753201 6.13625e-05 -0.000368024 -0.000753201 -0.000974248 0.000152088 0.000102588 -0.000368024 -0.000251944 0.000102588 0.000390258 -0.000251944 0.000188911 -0.000368024 -0.000251944 -0.000974248 -0.000657635 -0.000251944 0.000188911 -0.000657635 -3.76263e-05 0.000708488 0.000960312 0.000564066 0.000909721 0.000960312 0.00126966 0.000909721 0.00130039 0.000564066 0.000909721 0.000390258 0.000852011 0.000909721 0.00130039 0.000852011 0.00134525 0.00126966 0.00151394 0.00130039 0.0016025 0.00151394 0.00160414 0.0016025 0.00170989 0.00130039 0.0016025 0.00134525 0.00172507 0.0016025 0.00170989 0.00172507 0.00184783 0.000390258 0.000852011 0.000188911 0.000789175 0.000852011 0.00134525 0.000789175 0.00140777 0.000188911 0.000789175 -3.76263e-05 0.000723264 0.000789175 0.00140777 0.000723264 0.00149136 0.00134525 0.00172507 0.00140777 0.00189504 0.00172507 0.00184783 0.00189504 0.00200678 0.00140777 0.00189504 0.00149136 0.00211022 0.00189504 0.00200678 0.00211022 0.00204588 0.00158207 0.0015478 0.0104019 0.00314616 0.0015478 0.00157256 0.00314616 0.00225261 0.0104019 0.00314616 0.00951135 0.00442038 0.00314616 0.00225261 0.00442038 0.00289727 0.00157256 0.00175885 0.00225261 0.00205897 0.00175885 0.0020173 0.00205897 0.0020391 0.00225261 0.00205897 0.00289727 0.00234052 0.00205897 0.0020391 0.00234052 0.00206724 0.00951135 0.00442038 0.00833196 0.00508117 0.00442038 0.00289727 0.00508117 0.00337589 0.00833196 0.00508117 0.00764945 0.0053738 0.00508117 0.00337589 0.0053738 0.00371657 0.00289727 0.00234052 0.00337589 0.002576 0.00234052 0.00206724 0.002576 0.00209542 0.00337589 0.002576 0.00371657 0.00276347 0.002576 0.00209542 0.00276347 0.00212076 0.0020173 0.00221288 0.0020391 0.00198533 0.00221288 0.00217416 0.00198533 0.0017019 0.0020391 0.00198533 0.00206724 0.00179396 0.00198533 0.0017019 0.00179396 0.00130353 0.00217416 0.001659 0.0017019 0.000950044 0.001659 0.000305851 0.000950044 -0.00058269 0.0017019 0.000950044 0.00130353 0.000365386 0.000950044 -0.00058269 0.000365386 -0.00128487 0.00206724 0.00179396 0.00209542 0.00163697 0.00179396 0.00130353 0.00163697 0.000976165 0.00209542 0.00163697 0.00212076 0.00151233 0.00163697 0.000976165 0.00151233 0.00071599 0.00130353 0.000365386 0.000976165 -0.000105549 0.000365386 -0.00128487 -0.000105549 -0.00182904 0.000976165 -0.000105549 0.00071599 -0.000473345 -0.000105549 -0.00182904 -0.000473345 -0.00223957 0.00764945 0.0053738 0.00730339 0.00549891 0.0053738 0.00371657 0.00549891 0.00394555 0.00730339 0.00549891 0.00713782 0.0055537 0.00549891 0.00394555 0.0055537 0.00408852 0.00371657 0.00276347 0.00394555 0.00290324 0.00276347 0.00212076 0.00290324 0.00214129 0.00394555 0.00290324 0.00408852 0.00299859 0.00290324 0.00214129 0.00299859 0.00215609 0.00713782 0.0055537 0.00706575 0.00557749 0.0055537 0.00408852 0.00557749 0.004166 0.00706575 0.00557749 0.00704579 0.00558431 0.00557749 0.004166 0.00558431 0.00419046 0.00408852 0.00299859 0.004166 0.00305367 0.00299859 0.00215609 0.00305367 0.00216492 0.004166 0.00305367 0.00419046 0.00307163 0.00305367 0.00216492 0.00307163 0.00216785 0.00212076 0.00151233 0.00214129 0.00141793 0.00151233 0.00071599 0.00141793 0.00051892 0.00214129 0.00141793 0.00215609 0.00135192 0.00141793 0.00051892 0.00135192 0.000381192 0.00071599 -0.000473345 0.00051892 -0.000747894 -0.000473345 -0.00223957 -0.000747894 -0.00253705 0.00051892 -0.000747894 0.000381192 -0.000937594 -0.000747894 -0.00253705 -0.000937594 -0.00273779 0.00215609 0.00135192 0.00216492 0.00131289 0.00135192 0.000381192 0.00131289 0.000299827 0.00216492 0.00131289 0.00216785 0.00129998 0.00131289 0.000299827 0.00129998 0.000272922 0.000381192 -0.000937594 0.000299827 -0.00104879 -0.000937594 -0.00273779 -0.00104879 -0.00285352 0.000299827 -0.00104879 0.000272922 -0.00108541 -0.00104879 -0.00285352 -0.00108541 -0.00289131 0.000305851 -0.00238297 -0.00058269 -0.00326679 -0.00238297 -0.00691164 -0.00326679 -0.00738873 -0.00058269 -0.00326679 -0.00128487 -0.00391142 -0.00326679 -0.00738873 -0.00391142 -0.00764118 -0.00691164 -0.0133501 -0.00738873 -0.0127943 -0.0133501 -0.0205755 -0.0127943 -0.018377 -0.00738873 -0.0127943 -0.00764118 -0.0121863 -0.0127943 -0.018377 -0.0121863 -0.0165125 -0.00128487 -0.00391142 -0.00182904 -0.00437319 -0.00391142 -0.00764118 -0.00437319 -0.0077508 -0.00182904 -0.00437319 -0.00223957 -0.00469585 -0.00437319 -0.0077508 -0.00469585 -0.00777566 -0.00764118 -0.0121863 -0.0077508 -0.0115986 -0.0121863 -0.0165125 -0.0115986 -0.0149737 -0.0077508 -0.0115986 -0.00777566 -0.011077 -0.0115986 -0.0149737 -0.011077 -0.0137467 -0.0205755 -0.0257072 -0.018377 -0.0218255 -0.0257072 -0.0248053 -0.0218255 -0.0203148 -0.018377 -0.0218255 -0.0165125 -0.0187713 -0.0218255 -0.0203148 -0.0187713 -0.0169258 -0.0248053 -0.0154674 -0.0203148 -0.0123809 -0.0154674 0.00022522 -0.0123809 0.000213489 -0.0203148 -0.0123809 -0.0169258 -0.0101054 -0.0123809 0.000213489 -0.0101054 0.000205262 -0.0165125 -0.0187713 -0.0149737 -0.0163927 -0.0187713 -0.0169258 -0.0163927 -0.0143747 -0.0149737 -0.0163927 -0.0137467 -0.0145797 -0.0163927 -0.0143747 -0.0145797 -0.0124827 -0.0169258 -0.0101054 -0.0143747 -0.0084254 -0.0101054 0.000205262 -0.0084254 0.0001996 -0.0143747 -0.0084254 -0.0124827 -0.00719901 -0.0084254 0.0001996 -0.00719901 0.000195782 -0.00223957 -0.00469585 -0.00253705 -0.00491349 -0.00469585 -0.00777566 -0.00491349 -0.00775761 -0.00253705 -0.00491349 -0.00273779 -0.00505156 -0.00491349 -0.00775761 -0.00505156 -0.00772588 -0.00777566 -0.011077 -0.00775761 -0.0106499 -0.011077 -0.0137467 -0.0106499 -0.0128145 -0.00775761 -0.0106499 -0.00772588 -0.0103351 -0.0106499 -0.0128145 -0.0103351 -0.0121612 -0.00273779 -0.00505156 -0.00285352 -0.00512757 -0.00505156 -0.00772588 -0.00512757 -0.00769965 -0.00285352 -0.00512757 -0.00289131 -0.00515179 -0.00512757 -0.00769965 -0.00515179 -0.00768974 -0.00772588 -0.0103351 -0.00769965 -0.0101427 -0.0103351 -0.0121612 -0.0101427 -0.0117746 -0.00769965 -0.0101427 -0.00768974 -0.010078 -0.0101427 -0.0117746 -0.010078 -0.0116466 -0.0137467 -0.0145797 -0.0128145 -0.0132489 -0.0145797 -0.0124827 -0.0132489 -0.0111233 -0.0128145 -0.0132489 -0.0121612 -0.0123394 -0.0132489 -0.0111233 -0.0123394 -0.0102087 -0.0124827 -0.00719901 -0.0111233 -0.00632873 -0.00719901 0.000195782 -0.00632873 0.000193284 -0.0111233 -0.00632873 -0.0102087 -0.00574859 -0.00632873 0.000193284 -0.00574859 0.00019174 -0.0121612 -0.0123394 -0.0117746 -0.0118097 -0.0123394 -0.0102087 -0.0118097 -0.00968161 -0.0117746 -0.0118097 -0.0116466 -0.0116358 -0.0118097 -0.00968161 -0.0116358 -0.0095094 -0.0102087 -0.00574859 -0.00968161 -0.00541624 -0.00574859 0.00019174 -0.00541624 0.000190905 -0.00968161 -0.00541624 -0.0095094 -0.00530799 -0.00541624 0.000190905 -0.00530799 0.000190642 0.00022522 0.0158891 0.000213489 0.0127869 0.0158891 0.0251573 0.0127869 0.0206704 0.000213489 0.0127869 0.000205262 0.0105008 0.0127869 0.0206704 0.0105008 0.0172852 0.0251573 0.025988 0.0206704 0.0221307 0.025988 0.0208214 0.0221307 0.0186609 0.0206704 0.0221307 0.0172852 0.0190959 0.0221307 0.0186609 0.0190959 0.0168267 0.000205262 0.0105008 0.0001996 0.00881381 0.0105008 0.0172852 0.00881381 0.0147377 0.0001996 0.00881381 0.000195782 0.00758289 0.00881381 0.0147377 0.00758289 0.012849 0.0172852 0.0190959 0.0147377 0.0167328 0.0190959 0.0168267 0.0167328 0.0153119 0.0147377 0.0167328 0.012849 0.0149319 0.0167328 0.0153119 0.0149319 0.0141033 0.0208214 0.0136169 0.0186609 0.0131032 0.0136169 0.00725802 0.0131032 0.00777327 0.0186609 0.0131032 0.0168267 0.012529 0.0131032 0.00777327 0.012529 0.00805613 0.00725802 0.00286383 0.00777327 0.00377501 0.00286383 0.000361374 0.00377501 0.0012583 0.00777327 0.00377501 0.00805613 0.00444 0.00377501 0.0012583 0.00444 0.00196256 0.0168267 0.012529 0.0153119 0.0119682 0.012529 0.00805613 0.0119682 0.0081895 0.0153119 0.0119682 0.0141033 0.0114671 0.0119682 0.0081895 0.0114671 0.00823236 0.00805613 0.00444 0.0081895 0.0049164 0.00444 0.00196256 0.0049164 0.00250451 0.0081895 0.0049164 0.00823236 0.00524917 0.0049164 0.00250451 0.00524917 0.00291038 0.000195782 0.00758289 0.000193284 0.0067098 0.00758289 0.012849 0.0067098 0.0114922 0.000193284 0.0067098 0.00019174 0.00612802 0.0067098 0.0114922 0.00612802 0.0105797 0.012849 0.0149319 0.0114922 0.0136101 0.0149319 0.0141033 0.0136101 0.0131848 0.0114922 0.0136101 0.0105797 0.0127069 0.0136101 0.0131848 0.0127069 0.012541 0.00019174 0.00612802 0.000190905 0.00579483 0.00612802 0.0105797 0.00579483 0.0100538 0.000190905 0.00579483 0.000190642 0.00568632 0.00579483 0.0100538 0.00568632 0.00988205 0.0105797 0.0127069 0.0100538 0.0121809 0.0127069 0.012541 0.0121809 0.0121598 0.0100538 0.0121809 0.00988205 0.0120081 0.0121809 0.0121598 0.0120081 0.0120337 0.0141033 0.0114671 0.0131848 0.0110553 0.0114671 0.00823236 0.0110553 0.0082274 0.0131848 0.0110553 0.012541 0.010751 0.0110553 0.0082274 0.010751 0.00820453 0.00823236 0.00524917 0.0082274 0.00547347 0.00524917 0.00291038 0.00547347 0.00320241 0.0082274 0.00547347 0.00820453 0.00561563 0.00547347 0.00320241 0.00561563 0.00339825 0.012541 0.010751 0.0121598 0.0105647 0.010751 0.00820453 0.0105647 0.00818341 0.0121598 0.0105647 0.0120337 0.010502 0.0105647 0.00818341 0.010502 0.00817517 0.00820453 0.00561563 0.00818341 0.00569383 0.00561563 0.00339825 0.00569383 0.00351063 0.00818341 0.00569383 0.00817517 0.00571873 0.00569383 0.00351063 0.00571873 0.00354723 0.000361374 -0.000753201 0.0012583 -6.78557e-05 -0.000753201 -0.000974248 -6.78557e-05 -0.000579845 0.0012583 -6.78557e-05 0.00196256 0.000487771 -6.78557e-05 -0.000579845 0.000487771 -0.000263379 -0.000974248 -0.000657635 -0.000579845 -0.000600537 -0.000657635 -3.76263e-05 -0.000600537 -0.000387839 -0.000579845 -0.000600537 -0.000263379 -0.000582341 -0.000600537 -0.000387839 -0.000582341 -0.000755549 0.00196256 0.000487771 0.00250451 0.000927676 0.000487771 -0.000263379 0.000927676 -1.56846e-05 0.00250451 0.000927676 0.00291038 0.00126552 0.000927676 -1.56846e-05 0.00126552 0.000172182 -0.000263379 -0.000582341 -1.56846e-05 -0.000587052 -0.000582341 -0.000755549 -0.000587052 -0.00108414 -1.56846e-05 -0.000587052 0.000172182 -0.000604512 -0.000587052 -0.00108414 -0.000604512 -0.0013625 -3.76263e-05 0.000723264 -0.000387839 -0.000160725 0.000723264 0.00149136 -0.000160725 -6.85397e-05 -0.000387839 -0.000160725 -0.000755549 -0.00113983 -0.000160725 -6.85397e-05 -0.00113983 -0.0024683 0.00149136 0.00211022 -6.85397e-05 -0.000588665 0.00211022 0.00204588 -0.000588665 -0.0277009 -6.85397e-05 -0.000588665 -0.0024683 -0.00711151 -0.000588665 -0.0277009 -0.00711151 -0.0202034 -0.000755549 -0.00113983 -0.00108414 -0.00191014 -0.00113983 -0.0024683 -0.00191014 -0.00384733 -0.00108414 -0.00191014 -0.0013625 -0.00250696 -0.00191014 -0.00384733 -0.00250696 -0.00469861 -0.0024683 -0.00711151 -0.00384733 -0.00883476 -0.00711151 -0.0202034 -0.00883476 -0.0151298 -0.00384733 -0.00883476 -0.00469861 -0.00892074 -0.00883476 -0.0151298 -0.00892074 -0.0126734 0.00291038 0.00126552 0.00320241 0.00151387 0.00126552 0.000172182 0.00151387 0.000308578 0.00320241 0.00151387 0.00339825 0.00168327 0.00151387 0.000308578 0.00168327 0.000400613 0.000172182 -0.000604512 0.000308578 -0.000626308 -0.000604512 -0.0013625 -0.000626308 -0.00158215 0.000308578 -0.000626308 0.000400613 -0.000646066 -0.000626308 -0.00158215 -0.000646066 -0.00173926 0.00339825 0.00168327 0.00351063 0.00178165 0.00168327 0.000400613 0.00178165 0.000453631 0.00351063 0.00178165 0.00354723 0.00181389 0.00178165 0.000453631 0.00181389 0.000470933 0.000400613 -0.000646066 0.000453631 -0.000659514 -0.000646066 -0.00173926 -0.000659514 -0.00183313 0.000453631 -0.000659514 0.000470933 -0.000664253 -0.000659514 -0.00183313 -0.000664253 -0.0018643 -0.0013625 -0.00250696 -0.00158215 -0.0029415 -0.00250696 -0.00469861 -0.0029415 -0.00520393 -0.00158215 -0.0029415 -0.00173926 -0.00323187 -0.0029415 -0.00520393 -0.00323187 -0.0054846 -0.00469861 -0.00892074 -0.00520393 -0.00868563 -0.00892074 -0.0126734 -0.00868563 -0.011463 -0.00520393 -0.00868563 -0.0054846 -0.00847193 -0.00868563 -0.011463 -0.00847193 -0.0108399 -0.00173926 -0.00323187 -0.00183313 -0.00339696 -0.00323187 -0.0054846 -0.00339696 -0.0056232 -0.00183313 -0.00339696 -0.0018643 -0.00345037 -0.00339696 -0.0056232 -0.00345037 -0.00566475 -0.0054846 -0.00847193 -0.0056232 -0.00834275 -0.00847193 -0.0108399 -0.00834275 -0.0105354 -0.0056232 -0.00834275 -0.00566475 -0.00830055 -0.00834275 -0.0105354 -0.00830055 -0.0104434 0.00704579 0.00558431 0.00706575 0.00557749 0.00558431 0.00419046 0.00557749 0.004166 0.00706575 0.00557749 0.00713782 0.0055537 0.00557749 0.004166 0.0055537 0.00408852 0.00419046 0.00307163 0.004166 0.00305367 0.00307163 0.00216785 0.00305367 0.00216492 0.004166 0.00305367 0.00408852 0.00299859 0.00305367 0.00216492 0.00299859 0.00215609 0.00713782 0.0055537 0.00730339 0.00549891 0.0055537 0.00408852 0.00549891 0.00394555 0.00730339 0.00549891 0.00764945 0.0053738 0.00549891 0.00394555 0.0053738 0.00371657 0.00408852 0.00299859 0.00394555 0.00290324 0.00299859 0.00215609 0.00290324 0.00214129 0.00394555 0.00290324 0.00371657 0.00276347 0.00290324 0.00214129 0.00276347 0.00212076 0.00216785 0.00129998 0.00216492 0.00131289 0.00129998 0.000272922 0.00131289 0.000299827 0.00216492 0.00131289 0.00215609 0.00135192 0.00131289 0.000299827 0.00135192 0.000381192 0.000272922 -0.00108541 0.000299827 -0.00104879 -0.00108541 -0.00289131 -0.00104879 -0.00285352 0.000299827 -0.00104879 0.000381192 -0.000937594 -0.00104879 -0.00285352 -0.000937594 -0.00273779 0.00215609 0.00135192 0.00214129 0.00141793 0.00135192 0.000381192 0.00141793 0.00051892 0.00214129 0.00141793 0.00212076 0.00151233 0.00141793 0.00051892 0.00151233 0.00071599 0.000381192 -0.000937594 0.00051892 -0.000747894 -0.000937594 -0.00273779 -0.000747894 -0.00253705 0.00051892 -0.000747894 0.00071599 -0.000473345 -0.000747894 -0.00253705 -0.000473345 -0.00223957 0.00764945 0.0053738 0.00833196 0.00508117 0.0053738 0.00371657 0.00508117 0.00337589 0.00833196 0.00508117 0.00951135 0.00442038 0.00508117 0.00337589 0.00442038 0.00289727 0.00371657 0.00276347 0.00337589 0.002576 0.00276347 0.00212076 0.002576 0.00209542 0.00337589 0.002576 0.00289727 0.00234052 0.002576 0.00209542 0.00234052 0.00206724 0.00951135 0.00442038 0.0104019 0.00314616 0.00442038 0.00289727 0.00314616 0.00225261 0.0104019 0.00314616 0.00158207 0.0015478 0.00314616 0.00225261 0.0015478 0.00157256 0.00289727 0.00234052 0.00225261 0.00205897 0.00234052 0.00206724 0.00205897 0.0020391 0.00225261 0.00205897 0.00157256 0.00175885 0.00205897 0.0020391 0.00175885 0.0020173 0.00212076 0.00151233 0.00209542 0.00163697 0.00151233 0.00071599 0.00163697 0.000976165 0.00209542 0.00163697 0.00206724 0.00179396 0.00163697 0.000976165 0.00179396 0.00130353 0.00071599 -0.000473345 0.000976165 -0.000105549 -0.000473345 -0.00223957 -0.000105549 -0.00182904 0.000976165 -0.000105549 0.00130353 0.000365386 -0.000105549 -0.00182904 0.000365386 -0.00128487 0.00206724 0.00179396 0.0020391 0.00198533 0.00179396 0.00130353 0.00198533 0.0017019 0.0020391 0.00198533 0.0020173 0.00221288 0.00198533 0.0017019 0.00221288 0.00217416 0.00130353 0.000365386 0.0017019 0.000950044 0.000365386 -0.00128487 0.000950044 -0.00058269 0.0017019 0.000950044 0.00217416 0.001659 0.000950044 -0.00058269 0.001659 0.000305851 -0.00289131 -0.00515179 -0.00285352 -0.00512757 -0.00515179 -0.00768974 -0.00512757 -0.00769965 -0.00285352 -0.00512757 -0.00273779 -0.00505156 -0.00512757 -0.00769965 -0.00505156 -0.00772588 -0.00768974 -0.010078 -0.00769965 -0.0101427 -0.010078 -0.0116466 -0.0101427 -0.0117746 -0.00769965 -0.0101427 -0.00772588 -0.0103351 -0.0101427 -0.0117746 -0.0103351 -0.0121612 -0.00273779 -0.00505156 -0.00253705 -0.00491349 -0.00505156 -0.00772588 -0.00491349 -0.00775761 -0.00253705 -0.00491349 -0.00223957 -0.00469585 -0.00491349 -0.00775761 -0.00469585 -0.00777566 -0.00772588 -0.0103351 -0.00775761 -0.0106499 -0.0103351 -0.0121612 -0.0106499 -0.0128145 -0.00775761 -0.0106499 -0.00777566 -0.011077 -0.0106499 -0.0128145 -0.011077 -0.0137467 -0.0116466 -0.0116358 -0.0117746 -0.0118097 -0.0116358 -0.0095094 -0.0118097 -0.00968161 -0.0117746 -0.0118097 -0.0121612 -0.0123394 -0.0118097 -0.00968161 -0.0123394 -0.0102087 -0.0095094 -0.00530799 -0.00968161 -0.00541624 -0.00530799 0.000190642 -0.00541624 0.000190905 -0.00968161 -0.00541624 -0.0102087 -0.00574859 -0.00541624 0.000190905 -0.00574859 0.00019174 -0.0121612 -0.0123394 -0.0128145 -0.0132489 -0.0123394 -0.0102087 -0.0132489 -0.0111233 -0.0128145 -0.0132489 -0.0137467 -0.0145797 -0.0132489 -0.0111233 -0.0145797 -0.0124827 -0.0102087 -0.00574859 -0.0111233 -0.00632873 -0.00574859 0.00019174 -0.00632873 0.000193284 -0.0111233 -0.00632873 -0.0124827 -0.00719901 -0.00632873 0.000193284 -0.00719901 0.000195782 -0.00223957 -0.00469585 -0.00182904 -0.00437319 -0.00469585 -0.00777566 -0.00437319 -0.0077508 -0.00182904 -0.00437319 -0.00128487 -0.00391142 -0.00437319 -0.0077508 -0.00391142 -0.00764118 -0.00777566 -0.011077 -0.0077508 -0.0115986 -0.011077 -0.0137467 -0.0115986 -0.0149737 -0.0077508 -0.0115986 -0.00764118 -0.0121863 -0.0115986 -0.0149737 -0.0121863 -0.0165125 -0.00128487 -0.00391142 -0.00058269 -0.00326679 -0.00391142 -0.00764118 -0.00326679 -0.00738873 -0.00058269 -0.00326679 0.000305851 -0.00238297 -0.00326679 -0.00738873 -0.00238297 -0.00691164 -0.00764118 -0.0121863 -0.00738873 -0.0127943 -0.0121863 -0.0165125 -0.0127943 -0.018377 -0.00738873 -0.0127943 -0.00691164 -0.0133501 -0.0127943 -0.018377 -0.0133501 -0.0205755 -0.0137467 -0.0145797 -0.0149737 -0.0163927 -0.0145797 -0.0124827 -0.0163927 -0.0143747 -0.0149737 -0.0163927 -0.0165125 -0.0187713 -0.0163927 -0.0143747 -0.0187713 -0.0169258 -0.0124827 -0.00719901 -0.0143747 -0.0084254 -0.00719901 0.000195782 -0.0084254 0.0001996 -0.0143747 -0.0084254 -0.0169258 -0.0101054 -0.0084254 0.0001996 -0.0101054 0.000205262 -0.0165125 -0.0187713 -0.018377 -0.0218255 -0.0187713 -0.0169258 -0.0218255 -0.0203148 -0.018377 -0.0218255 -0.0205755 -0.0257072 -0.0218255 -0.0203148 -0.0257072 -0.0248053 -0.0169258 -0.0101054 -0.0203148 -0.0123809 -0.0101054 0.000205262 -0.0123809 0.000213489 -0.0203148 -0.0123809 -0.0248053 -0.0154674 -0.0123809 0.000213489 -0.0154674 0.00022522 0.000190642 0.00568632 0.000190905 0.00579483 0.00568632 0.00988205 0.00579483 0.0100538 0.000190905 0.00579483 0.00019174 0.00612802 0.00579483 0.0100538 0.00612802 0.0105797 0.00988205 0.0120081 0.0100538 0.0121809 0.0120081 0.0120337 0.0121809 0.0121598 0.0100538 0.0121809 0.0105797 0.0127069 0.0121809 0.0121598 0.0127069 0.012541 0.00019174 0.00612802 0.000193284 0.0067098 0.00612802 0.0105797 0.0067098 0.0114922 0.000193284 0.0067098 0.000195782 0.00758289 0.0067098 0.0114922 0.00758289 0.012849 0.0105797 0.0127069 0.0114922 0.0136101 0.0127069 0.012541 0.0136101 0.0131848 0.0114922 0.0136101 0.012849 0.0149319 0.0136101 0.0131848 0.0149319 0.0141033 0.0120337 0.010502 0.0121598 0.0105647 0.010502 0.00817517 0.0105647 0.00818341 0.0121598 0.0105647 0.012541 0.010751 0.0105647 0.00818341 0.010751 0.00820453 0.00817517 0.00571873 0.00818341 0.00569383 0.00571873 0.00354723 0.00569383 0.00351063 0.00818341 0.00569383 0.00820453 0.00561563 0.00569383 0.00351063 0.00561563 0.00339825 0.012541 0.010751 0.0131848 0.0110553 0.010751 0.00820453 0.0110553 0.0082274 0.0131848 0.0110553 0.0141033 0.0114671 0.0110553 0.0082274 0.0114671 0.00823236 0.00820453 0.00561563 0.0082274 0.00547347 0.00561563 0.00339825 0.00547347 0.00320241 0.0082274 0.00547347 0.00823236 0.00524917 0.00547347 0.00320241 0.00524917 0.00291038 0.000195782 0.00758289 0.0001996 0.00881381 0.00758289 0.012849 0.00881381 0.0147377 0.0001996 0.00881381 0.000205262 0.0105008 0.00881381 0.0147377 0.0105008 0.0172852 0.012849 0.0149319 0.0147377 0.0167328 0.0149319 0.0141033 0.0167328 0.0153119 0.0147377 0.0167328 0.0172852 0.0190959 0.0167328 0.0153119 0.0190959 0.0168267 0.000205262 0.0105008 0.000213489 0.0127869 0.0105008 0.0172852 0.0127869 0.0206704 0.000213489 0.0127869 0.00022522 0.0158891 0.0127869 0.0206704 0.0158891 0.0251573 0.0172852 0.0190959 0.0206704 0.0221307 0.0190959 0.0168267 0.0221307 0.0186609 0.0206704 0.0221307 0.0251573 0.025988 0.0221307 0.0186609 0.025988 0.0208214 0.0141033 0.0114671 0.0153119 0.0119682 0.0114671 0.00823236 0.0119682 0.0081895 0.0153119 0.0119682 0.0168267 0.012529 0.0119682 0.0081895 0.012529 0.00805613 0.00823236 0.00524917 0.0081895 0.0049164 0.00524917 0.00291038 0.0049164 0.00250451 0.0081895 0.0049164 0.00805613 0.00444 0.0049164 0.00250451 0.00444 0.00196256 0.0168267 0.012529 0.0186609 0.0131032 0.012529 0.00805613 0.0131032 0.00777327 0.0186609 0.0131032 0.0208214 0.0136169 0.0131032 0.00777327 0.0136169 0.00725802 0.00805613 0.00444 0.00777327 0.00377501 0.00444 0.00196256 0.00377501 0.0012583 0.00777327 0.00377501 0.00725802 0.00286383 0.00377501 0.0012583 0.00286383 0.000361374 0.00354723 0.00181389 0.00351063 0.00178165 0.00181389 0.000470933 0.00178165 0.000453631 0.00351063 0.00178165 0.00339825 0.00168327 0.00178165 0.000453631 0.00168327 0.000400613 0.000470933 -0.000664253 0.000453631 -0.000659514 -0.000664253 -0.0018643 -0.000659514 -0.00183313 0.000453631 -0.000659514 0.000400613 -0.000646066 -0.000659514 -0.00183313 -0.000646066 -0.00173926 0.00339825 0.00168327 0.00320241 0.00151387 0.00168327 0.000400613 0.00151387 0.000308578 0.00320241 0.00151387 0.00291038 0.00126552 0.00151387 0.000308578 0.00126552 0.000172182 0.000400613 -0.000646066 0.000308578 -0.000626308 -0.000646066 -0.00173926 -0.000626308 -0.00158215 0.000308578 -0.000626308 0.000172182 -0.000604512 -0.000626308 -0.00158215 -0.000604512 -0.0013625 -0.0018643 -0.00345037 -0.00183313 -0.00339696 -0.00345037 -0.00566475 -0.00339696 -0.0056232 -0.00183313 -0.00339696 -0.00173926 -0.00323187 -0.00339696 -0.0056232 -0.00323187 -0.0054846 -0.00566475 -0.00830055 -0.0056232 -0.00834275 -0.00830055 -0.0104434 -0.00834275 -0.0105354 -0.0056232 -0.00834275 -0.0054846 -0.00847193 -0.00834275 -0.0105354 -0.00847193 -0.0108399 -0.00173926 -0.00323187 -0.00158215 -0.0029415 -0.00323187 -0.0054846 -0.0029415 -0.00520393 -0.00158215 -0.0029415 -0.0013625 -0.00250696 -0.0029415 -0.00520393 -0.00250696 -0.00469861 -0.0054846 -0.00847193 -0.00520393 -0.00868563 -0.00847193 -0.0108399 -0.00868563 -0.011463 -0.00520393 -0.00868563 -0.00469861 -0.00892074 -0.00868563 -0.011463 -0.00892074 -0.0126734 0.00291038 0.00126552 0.00250451 0.000927676 0.00126552 0.000172182 0.000927676 -1.56846e-05 0.00250451 0.000927676 0.00196256 0.000487771 0.000927676 -1.56846e-05 0.000487771 -0.000263379 0.000172182 -0.000604512 -1.56846e-05 -0.000587052 -0.000604512 -0.0013625 -0.000587052 -0.00108414 -1.56846e-05 -0.000587052 -0.000263379 -0.000582341 -0.000587052 -0.00108414 -0.000582341 -0.000755549 0.00196256 0.000487771 0.0012583 -6.78557e-05 0.000487771 -0.000263379 -6.78557e-05 -0.000579845 0.0012583 -6.78557e-05 0.000361374 -0.000753201 -6.78557e-05 -0.000579845 -0.000753201 -0.000974248 -0.000263379 -0.000582341 -0.000579845 -0.000600537 -0.000582341 -0.000755549 -0.000600537 -0.000387839 -0.000579845 -0.000600537 -0.000974248 -0.000657635 -0.000600537 -0.000387839 -0.000657635 -3.76263e-05 -0.0013625 -0.00250696 -0.00108414 -0.00191014 -0.00250696 -0.00469861 -0.00191014 -0.00384733 -0.00108414 -0.00191014 -0.000755549 -0.00113983 -0.00191014 -0.00384733 -0.00113983 -0.0024683 -0.00469861 -0.00892074 -0.00384733 -0.00883476 -0.00892074 -0.0126734 -0.00883476 -0.0151298 -0.00384733 -0.00883476 -0.0024683 -0.00711151 -0.00883476 -0.0151298 -0.00711151 -0.0202034 -0.000755549 -0.00113983 -0.000387839 -0.000160725 -0.00113983 -0.0024683 -0.000160725 -6.85397e-05 -0.000387839 -0.000160725 -3.76263e-05 0.000723264 -0.000160725 -6.85397e-05 0.000723264 0.00149136 -0.0024683 -0.00711151 -6.85397e-05 -0.000588665 -0.00711151 -0.0202034 -0.000588665 -0.0277009 -6.85397e-05 -0.000588665 0.00149136 0.00211022 -0.000588665 -0.0277009 0.00211022 0.00204588 0.00158207 0.0015478 0.00156052 0.00154445 0.0015478 0.00157256 0.00154445 0.00156655 0.00156052 0.00154445 0.00153973 0.00153242 0.00154445 0.00156655 0.00153242 0.00154477 0.00157256 0.00175885 0.00156655 0.0016804 0.00175885 0.0020173 0.0016804 0.00181626 0.00156655 0.0016804 0.00154477 0.0015976 0.0016804 0.00181626 0.0015976 0.00163074 0.00153973 0.00153242 0.00152224 0.00151686 0.00153242 0.00154477 0.00151686 0.00151514 0.00152224 0.00151686 0.00150718 0.00150045 0.00151686 0.00151514 0.00150045 0.00148386 0.00154477 0.0015976 0.00151514 0.00151718 0.0015976 0.00163074 0.00151718 0.00146591 0.00151514 0.00151718 0.00148386 0.00144455 0.00151718 0.00146591 0.00144455 0.00132591 0.0020173 0.00221288 0.00181626 0.00185106 0.00221288 0.00217416 0.00185106 0.00162024 0.00181626 0.00185106 0.00163074 0.00153086 0.00185106 0.00162024 0.00153086 0.00114343 0.00217416 0.001659 0.00162024 0.000900194 0.001659 0.000305851 0.000900194 -0.000613156 0.00162024 0.000900194 0.00114343 0.000267622 0.000900194 -0.000613156 0.000267622 -0.00134463 0.00163074 0.00153086 0.00146591 0.00125595 0.00153086 0.00114343 0.00125595 0.000743944 0.00146591 0.00125595 0.00132591 0.00102882 0.00125595 0.000743944 0.00102882 0.000420759 0.00114343 0.000267622 0.000743944 -0.000247432 0.000267622 -0.00134463 -0.000247432 -0.00191578 0.000743944 -0.000247432 0.000420759 -0.000653851 -0.000247432 -0.00191578 -0.000653851 -0.00234995 0.00150718 0.00150045 0.00149454 0.00148537 0.00150045 0.00148386 0.00148537 0.00145544 0.00149454 0.00148537 0.00148486 0.00147333 0.00148537 0.00145544 0.00147333 0.00143306 0.00148386 0.00144455 0.00145544 0.00138397 0.00144455 0.00132591 0.00138397 0.00121394 0.00145544 0.00138397 0.00143306 0.00133855 0.00138397 0.00121394 0.00133855 0.00113238 0.00148486 0.00147333 0.00147875 0.0014656 0.00147333 0.00143306 0.0014656 0.00141881 0.00147875 0.0014656 0.00147666 0.00146293 0.0014656 0.00141881 0.00146293 0.00141393 0.00143306 0.00133855 0.00141881 0.00131047 0.00133855 0.00113238 0.00131047 0.00108282 0.00141881 0.00131047 0.00141393 0.00130097 0.00131047 0.00108282 0.00130097 0.0010662 0.00132591 0.00102882 0.00121394 0.000851058 0.00102882 0.000420759 0.000851058 0.000172152 0.00121394 0.000851058 0.00113238 0.000723609 0.000851058 0.000172152 0.000723609 -3.75249e-06 0.000420759 -0.000653851 0.000172152 -0.000960057 -0.000653851 -0.00234995 -0.000960057 -0.00266683 0.000172152 -0.000960057 -3.75249e-06 -0.00117325 -0.000960057 -0.00266683 -0.00117325 -0.00288197 0.00113238 0.000723609 0.00108282 0.000646983 0.000723609 -3.75249e-06 0.000646983 -0.000108572 0.00108282 0.000646983 0.0010662 0.000621417 0.000646983 -0.000108572 0.000621417 -0.000143385 -3.75249e-06 -0.00117325 -0.000108572 -0.0012989 -0.00117325 -0.00288197 -0.0012989 -0.00300657 -0.000108572 -0.0012989 -0.000143385 -0.0013404 -0.0012989 -0.00300657 -0.0013404 -0.00304735 0.000305851 -0.00238297 -0.000613156 -0.0032854 -0.00238297 -0.00691164 -0.0032854 -0.00740007 -0.000613156 -0.0032854 -0.00134463 -0.00394792 -0.0032854 -0.00740007 -0.00394792 -0.00766342 -0.00691164 -0.0133501 -0.00740007 -0.0128011 -0.0133501 -0.0205755 -0.0128011 -0.0183811 -0.00740007 -0.0128011 -0.00766342 -0.0121997 -0.0128011 -0.0183811 -0.0121997 -0.0165204 -0.00134463 -0.00394792 -0.00191578 -0.00442619 -0.00394792 -0.00766342 -0.00442619 -0.00778309 -0.00191578 -0.00442619 -0.00234995 -0.00476329 -0.00442619 -0.00778309 -0.00476329 -0.00781676 -0.00766342 -0.0121997 -0.00778309 -0.0116182 -0.0121997 -0.0165204 -0.0116182 -0.0149853 -0.00778309 -0.0116182 -0.00781676 -0.0111018 -0.0116182 -0.0149853 -0.0111018 -0.0137614 -0.0205755 -0.0257072 -0.0183811 -0.0218278 -0.0257072 -0.0248053 -0.0218278 -0.0203158 -0.0183811 -0.0218278 -0.0165204 -0.0187757 -0.0218278 -0.0203158 -0.0187757 -0.0169278 -0.0248053 -0.0154674 -0.0203158 -0.0123809 -0.0154674 0.00022522 -0.0123809 0.000214444 -0.0203158 -0.0123809 -0.0169278 -0.0101054 -0.0123809 0.000214444 -0.0101054 0.000207135 -0.0165204 -0.0187757 -0.0149853 -0.0163991 -0.0187757 -0.0169278 -0.0163991 -0.0143776 -0.0149853 -0.0163991 -0.0137614 -0.0145879 -0.0163991 -0.0143776 -0.0145879 -0.0124864 -0.0169278 -0.0101054 -0.0143776 -0.00842548 -0.0101054 0.000207135 -0.00842548 0.000202318 -0.0143776 -0.00842548 -0.0124864 -0.00719912 -0.00842548 0.000202318 -0.00719912 0.000199241 -0.00234995 -0.00476329 -0.00266683 -0.00499279 -0.00476329 -0.00781676 -0.00499279 -0.00780593 -0.00266683 -0.00499279 -0.00288197 -0.00513967 -0.00499279 -0.00780593 -0.00513967 -0.00777957 -0.00781676 -0.0111018 -0.00780593 -0.0106791 -0.0111018 -0.0137614 -0.0106791 -0.0128318 -0.00780593 -0.0106791 -0.00777957 -0.0103675 -0.0106791 -0.0128318 -0.0103675 -0.0121805 -0.00288197 -0.00513967 -0.00300657 -0.00522111 -0.00513967 -0.00777957 -0.00522111 -0.00775664 -0.00300657 -0.00522111 -0.00304735 -0.00524715 -0.00522111 -0.00775664 -0.00524715 -0.00774785 -0.00777957 -0.0103675 -0.00775664 -0.0101772 -0.0103675 -0.0121805 -0.0101772 -0.011795 -0.00775664 -0.0101772 -0.00774785 -0.0101132 -0.0101772 -0.011795 -0.0101132 -0.0116674 -0.0137614 -0.0145879 -0.0128318 -0.0132586 -0.0145879 -0.0124864 -0.0132586 -0.0111276 -0.0128318 -0.0132586 -0.0121805 -0.0123501 -0.0132586 -0.0111276 -0.0123501 -0.0102136 -0.0124864 -0.00719912 -0.0111276 -0.00632885 -0.00719912 0.000199241 -0.00632885 0.000197352 -0.0111276 -0.00632885 -0.0102136 -0.00574873 -0.00632885 0.000197352 -0.00574873 0.00019626 -0.0121805 -0.0123501 -0.011795 -0.0118211 -0.0123501 -0.0102136 -0.0118211 -0.00968674 -0.011795 -0.0118211 -0.0116674 -0.0116474 -0.0118211 -0.00968674 -0.0116474 -0.00951463 -0.0102136 -0.00574873 -0.00968674 -0.00541639 -0.00574873 0.00019626 -0.00541639 0.000195704 -0.00968674 -0.00541639 -0.00951463 -0.00530815 -0.00541639 0.000195704 -0.00530815 0.000195535 0.00022522 0.0158891 0.000214444 0.0127891 0.0158891 0.0251573 0.0127891 0.0206743 0.000214444 0.0127891 0.000207135 0.0105051 0.0127891 0.0206743 0.0105051 0.0172929 0.0251573 0.025988 0.0206743 0.0221373 0.025988 0.0208214 0.0221373 0.0186719 0.0206743 0.0221373 0.0172929 0.019109 0.0221373 0.0186719 0.019109 0.0168482 0.000207135 0.0105051 0.000202318 0.00882 0.0105051 0.0172929 0.00882 0.0147489 0.000202318 0.00882 0.000199241 0.00759077 0.00882 0.0147489 0.00759077 0.0128632 0.0172929 0.019109 0.0147489 0.0167518 0.019109 0.0168482 0.0167518 0.0153432 0.0147489 0.0167518 0.0128632 0.014956 0.0167518 0.0153432 0.014956 0.0141432 0.0208214 0.0136169 0.0186719 0.0131212 0.0136169 0.00725802 0.0131212 0.00780281 0.0186719 0.0131212 0.0168482 0.0125644 0.0131212 0.00780281 0.0125644 0.00811408 0.00725802 0.00286383 0.00780281 0.00382331 0.00286383 0.000361374 0.00382331 0.00133727 0.00780281 0.00382331 0.00811408 0.00453474 0.00382331 0.00133727 0.00453474 0.00211746 0.0168482 0.0125644 0.0153432 0.0120196 0.0125644 0.00811408 0.0120196 0.00827362 0.0153432 0.0120196 0.0141432 0.0115326 0.0120196 0.00827362 0.0115326 0.00833942 0.00811408 0.00453474 0.00827362 0.00505394 0.00453474 0.00211746 0.00505394 0.00272935 0.00827362 0.00505394 0.00833942 0.0054242 0.00505394 0.00272935 0.0054242 0.00319647 0.000199241 0.00759077 0.000197352 0.00671906 0.00759077 0.0128632 0.00671906 0.011509 0.000197352 0.00671906 0.00019626 0.00613831 0.00671906 0.011509 0.00613831 0.0105983 0.0128632 0.014956 0.011509 0.0136384 0.014956 0.0141432 0.0136384 0.0132316 0.011509 0.0136384 0.0105983 0.0127383 0.0136384 0.0132316 0.0127383 0.0125931 0.00019626 0.00613831 0.000195704 0.00580575 0.00613831 0.0105983 0.00580575 0.0100736 0.000195704 0.00580575 0.000195535 0.00569746 0.00580575 0.0100736 0.00569746 0.00990217 0.0105983 0.0127383 0.0100736 0.0122143 0.0127383 0.0125931 0.0122143 0.0122151 0.0100736 0.0122143 0.00990217 0.0120422 0.0122143 0.0122151 0.0120422 0.01209 0.0141432 0.0115326 0.0132316 0.0111323 0.0115326 0.00833942 0.0111323 0.00835329 0.0132316 0.0111323 0.0125931 0.0108364 0.0111323 0.00835329 0.0108364 0.0083444 0.00833942 0.0054242 0.00835329 0.00567927 0.0054242 0.00319647 0.00567927 0.00353873 0.00835329 0.00567927 0.0083444 0.00584428 0.00567927 0.00353873 0.00584428 0.00377186 0.0125931 0.0108364 0.0122151 0.0106554 0.0108364 0.0083444 0.0106554 0.00833189 0.0122151 0.0106554 0.01209 0.0105945 0.0106554 0.00833189 0.0105945 0.00832656 0.0083444 0.00584428 0.00833189 0.00593655 0.00584428 0.00377186 0.00593655 0.0039072 0.00833189 0.00593655 0.00832656 0.0059662 0.00593655 0.0039072 0.0059662 0.00395155 0.000361374 -0.000753201 0.00133727 6.13625e-05 -0.000753201 -0.000974248 6.13625e-05 -0.000368024 0.00133727 6.13625e-05 0.00211746 0.000741194 6.13625e-05 -0.000368024 0.000741194 0.000152088 -0.000974248 -0.000657635 -0.000368024 -0.000251944 -0.000657635 -3.76263e-05 -0.000251944 0.000188911 -0.000368024 -0.000251944 0.000152088 0.000102588 -0.000251944 0.000188911 0.000102588 0.000390258 0.00211746 0.000741194 0.00272935 0.00129539 0.000741194 0.000152088 0.00129539 0.000586649 0.00272935 0.00129539 0.00319647 0.00173322 0.00129539 0.000586649 0.00173322 0.000937415 0.000152088 0.000102588 0.000586649 0.000403801 0.000102588 0.000390258 0.000403801 0.000564066 0.000586649 0.000403801 0.000937415 0.000650536 0.000403801 0.000564066 0.000650536 0.000708488 -3.76263e-05 0.000723264 0.000188911 0.000789175 0.000723264 0.00149136 0.000789175 0.00140777 0.000188911 0.000789175 0.000390258 0.000852011 0.000789175 0.00140777 0.000852011 0.00134525 0.00149136 0.00211022 0.00140777 0.00189504 0.00211022 0.00204588 0.00189504 0.00200678 0.00140777 0.00189504 0.00134525 0.00172507 0.00189504 0.00200678 0.00172507 0.00184783 0.000390258 0.000852011 0.000564066 0.000909721 0.000852011 0.00134525 0.000909721 0.00130039 0.000564066 0.000909721 0.000708488 0.000960312 0.000909721 0.00130039 0.000960312 0.00126966 0.00134525 0.00172507 0.00130039 0.0016025 0.00172507 0.00184783 0.0016025 0.00170989 0.00130039 0.0016025 0.00126966 0.00151394 0.0016025 0.00170989 0.00151394 0.00160414 0.00319647 0.00173322 0.00353873 0.00206344 0.00173322 0.000937415 0.00206344 0.00120675 0.00353873 0.00206344 0.00377186 0.00229357 0.00206344 0.00120675 0.00229357 0.00139707 0.000937415 0.000650536 0.00120675 0.000842338 0.000650536 0.000708488 0.000842338 0.000822123 0.00120675 0.000842338 0.00139707 0.000979168 0.000842338 0.000822123 0.000979168 0.00090396 0.00377186 0.00229357 0.0039072 0.00242928 0.00229357 0.00139707 0.00242928 0.00151037 0.0039072 0.00242928 0.00395155 0.00247412 0.00242928 0.00151037 0.00247412 0.00154799 0.00139707 0.000979168 0.00151037 0.00106116 0.000979168 0.00090396 0.00106116 0.000953322 0.00151037 0.00106116 0.00154799 0.00108847 0.00106116 0.000953322 0.00108847 0.000969818 0.000708488 0.000960312 0.000822123 0.00100188 0.000960312 0.00126966 0.00100188 0.0012497 0.000822123 0.00100188 0.00090396 0.00103281 0.00100188 0.0012497 0.00103281 0.0012376 0.00126966 0.00151394 0.0012497 0.00145143 0.00151394 0.00160414 0.00145143 0.00152753 0.0012497 0.00145143 0.0012376 0.00140997 0.00145143 0.00152753 0.00140997 0.00147598 0.00090396 0.00103281 0.000953322 0.00105187 0.00103281 0.0012376 0.00105187 0.00123121 0.000953322 0.00105187 0.000969818 0.0010583 0.00105187 0.00123121 0.0010583 0.00122923 0.0012376 0.00140997 0.00123121 0.00138634 0.00140997 0.00147598 0.00138634 0.00144634 0.00123121 0.00138634 0.00122923 0.00137866 0.00138634 0.00144634 0.00137866 0.00143667 
SCALARS wy_dis double 1
LOOKUP_TABLE default
0.0195242 0.0197568 0.0194875 0.0197176 0.0197568 0.0204836 0.0197176 0.0204387 0.0194875 0.0197176 0.0193783 0.0196004 0.0197176 0.0204387 0.0196004 0.0203039 0.0204836 0.0217725 0.0204387 0.0217214 0.0217725 0.0237008 0.0217214 0.0236435 0.0204387 0.0217214 0.0203039 0.0215678 0.0217214 0.0236435 0.0215678 0.0234717 0.0193783 0.0196004 0.0191994 0.0194068 0.0196004 0.0203039 0.0194068 0.0200794 0.0191994 0.0194068 0.0189562 0.0191394 0.0194068 0.0200794 0.0191394 0.0197649 0.0203039 0.0215678 0.0200794 0.0213118 0.0215678 0.0234717 0.0213118 0.0231857 0.0200794 0.0213118 0.0197649 0.0209529 0.0213118 0.0231857 0.0209529 0.022786 0.0237008 0.0263463 0.0236435 0.0262821 0.0263463 0.0297965 0.0262821 0.0297235 0.0236435 0.0262821 0.0234717 0.0260899 0.0262821 0.0297235 0.0260899 0.0295051 0.0297965 0.0341619 0.0297235 0.0340775 0.0341619 0.0395856 0.0340775 0.0394876 0.0297235 0.0340775 0.0295051 0.0338246 0.0340775 0.0394876 0.0338246 0.0391933 0.0234717 0.0260899 0.0231857 0.0257705 0.0260899 0.0295051 0.0257705 0.0291426 0.0231857 0.0257705 0.022786 0.0253256 0.0257705 0.0291426 0.0253256 0.0286385 0.0295051 0.0338246 0.0291426 0.0334044 0.0338246 0.0391933 0.0334044 0.0387024 0.0291426 0.0334044 0.0286385 0.0328193 0.0334044 0.0387024 0.0328193 0.0380146 0.0189562 0.0191394 0.0186579 0.0188015 0.0191394 0.0197649 0.0188015 0.0193597 0.0186579 0.0188015 0.0183216 0.0183958 0.0188015 0.0193597 0.0183958 0.0188616 0.0197649 0.0209529 0.0193597 0.0204906 0.0209529 0.022786 0.0204906 0.0222734 0.0193597 0.0204906 0.0188616 0.0199235 0.0204906 0.0222734 0.0199235 0.0216487 0.0183216 0.0183958 0.0179871 0.0179212 0.0183958 0.0188616 0.0179212 0.0182663 0.0179871 0.0179212 0.0178131 0.0173791 0.0179212 0.0182663 0.0173791 0.0175673 0.0188616 0.0199235 0.0182663 0.0192497 0.0199235 0.0216487 0.0192497 0.0209128 0.0182663 0.0192497 0.0175673 0.0184662 0.0192497 0.0209128 0.0184662 0.0200658 0.022786 0.0253256 0.0222734 0.0247574 0.0253256 0.0286385 0.0247574 0.0279963 0.0222734 0.0247574 0.0216487 0.0240688 0.0247574 0.0279963 0.0240688 0.0272209 0.0286385 0.0328193 0.0279963 0.0320731 0.0328193 0.0380146 0.0320731 0.0371306 0.0279963 0.0320731 0.0272209 0.0311716 0.0320731 0.0371306 0.0311716 0.036053 0.0216487 0.0240688 0.0209128 0.0232634 0.0240688 0.0272209 0.0232634 0.0263185 0.0209128 0.0232634 0.0200658 0.0223436 0.0232634 0.0263185 0.0223436 0.0252944 0.0272209 0.0311716 0.0263185 0.0301228 0.0311716 0.036053 0.0301228 0.0347878 0.0263185 0.0301228 0.0252944 0.0289352 0.0301228 0.0347878 0.0289352 0.033344 0.0395856 0.0462325 0.0394876 0.0461227 0.0462325 0.0542388 0.0461227 0.0541283 0.0394876 0.0461227 0.0391933 0.0457917 0.0461227 0.0541283 0.0457917 0.0537926 0.0542388 0.0635957 0.0541283 0.0635101 0.0635957 0.0739717 0.0635101 0.0739518 0.0541283 0.0635101 0.0537926 0.0632469 0.0635101 0.0739518 0.0632469 0.0738845 0.0391933 0.0457917 0.0387024 0.0452345 0.0457917 0.0537926 0.0452345 0.0532196 0.0387024 0.0452345 0.0380146 0.0444438 0.0452345 0.0532196 0.0444438 0.0523889 0.0537926 0.0632469 0.0532196 0.0627857 0.0632469 0.0738845 0.0627857 0.0737471 0.0532196 0.0627857 0.0523889 0.0620918 0.0627857 0.0737471 0.0620918 0.073499 0.0739717 0.0845424 0.0739518 0.0846319 0.0845424 0.0939642 0.0846319 0.0941866 0.0739518 0.0846319 0.0738845 0.0848962 0.0846319 0.0941866 0.0848962 0.0948571 0.0939642 0.10063 0.0941866 0.100965 0.10063 0.103195 0.100965 0.103575 0.0941866 0.100965 0.0948571 0.101981 0.100965 0.103575 0.101981 0.104727 0.0738845 0.0848962 0.0737471 0.0853221 0.0848962 0.0948571 0.0853221 0.095985 0.0737471 0.0853221 0.073499 0.0858848 0.0853221 0.095985 0.0858848 0.0975856 0.0948571 0.101981 0.095985 0.103712 0.101981 0.104727 0.103712 0.106699 0.095985 0.103712 0.0975856 0.10622 0.103712 0.106699 0.10622 0.109572 0.0380146 0.0444438 0.0371306 0.0434104 0.0444438 0.0523889 0.0434104 0.0512727 0.0371306 0.0434104 0.036053 0.0421248 0.0434104 0.0512727 0.0421248 0.0498365 0.0523889 0.0620918 0.0512727 0.0611146 0.0620918 0.073499 0.0611146 0.0730785 0.0512727 0.0611146 0.0498365 0.0597862 0.0611146 0.0730785 0.0597862 0.0723978 0.036053 0.0421248 0.0347878 0.0405797 0.0421248 0.0498365 0.0405797 0.0480413 0.0347878 0.0405797 0.033344 0.0387748 0.0405797 0.0480413 0.0387748 0.0458574 0.0498365 0.0597862 0.0480413 0.0580208 0.0597862 0.0723978 0.0580208 0.0713372 0.0480413 0.0580208 0.0458574 0.0557387 0.0580208 0.0713372 0.0557387 0.0697708 0.073499 0.0858848 0.0730785 0.0865442 0.0858848 0.0975856 0.0865442 0.0996786 0.0730785 0.0865442 0.0723978 0.0872379 0.0865442 0.0996786 0.0872379 0.102286 0.0975856 0.10622 0.0996786 0.109594 0.10622 0.109572 0.109594 0.113468 0.0996786 0.109594 0.102286 0.113962 0.109594 0.113468 0.113962 0.118562 0.0723978 0.0872379 0.0713372 0.0878729 0.0872379 0.102286 0.0878729 0.105428 0.0713372 0.0878729 0.0697708 0.0883361 0.0878729 0.105428 0.0883361 0.109108 0.102286 0.113962 0.105428 0.119494 0.113962 0.118562 0.119494 0.125097 0.105428 0.119494 0.109108 0.126364 0.119494 0.125097 0.126364 0.133335 0.103195 0.10113 0.103575 0.101465 0.10113 0.0949604 0.101465 0.0951831 0.103575 0.101465 0.104727 0.102481 0.101465 0.0951831 0.102481 0.0958544 0.0949604 0.0860323 0.0951831 0.0861218 0.0860323 0.075956 0.0861218 0.0759355 0.0951831 0.0861218 0.0958544 0.0863861 0.0861218 0.0759355 0.0863861 0.0758667 0.104727 0.102481 0.106699 0.104214 0.102481 0.0958544 0.104214 0.0969839 0.106699 0.104214 0.109572 0.106724 0.104214 0.0969839 0.106724 0.0985871 0.0958544 0.0863861 0.0969839 0.0868121 0.0863861 0.0758667 0.0868121 0.0757266 0.0969839 0.0868121 0.0985871 0.0873752 0.0868121 0.0757266 0.0873752 0.075475 0.075956 0.0660809 0.0759355 0.0659943 0.0660809 0.0572395 0.0659943 0.0571272 0.0759355 0.0659943 0.0758667 0.0657276 0.0659943 0.0571272 0.0657276 0.0567862 0.0572395 0.0497703 0.0571272 0.0496583 0.0497703 0.0436891 0.0496583 0.0435884 0.0571272 0.0496583 0.0567862 0.0493203 0.0496583 0.0435884 0.0493203 0.0432861 0.0758667 0.0657276 0.0757266 0.0652607 0.0657276 0.0567862 0.0652607 0.0562043 0.0757266 0.0652607 0.075475 0.0645587 0.0652607 0.0562043 0.0645587 0.0553611 0.0567862 0.0493203 0.0562043 0.0487516 0.0493203 0.0432861 0.0487516 0.0427817 0.0562043 0.0487516 0.0553611 0.0479446 0.0487516 0.0427817 0.0479446 0.0420745 0.109572 0.106724 0.113468 0.110102 0.106724 0.0985871 0.110102 0.100684 0.113468 0.110102 0.118562 0.114475 0.110102 0.100684 0.114475 0.103298 0.0985871 0.0873752 0.100684 0.0880356 0.0873752 0.075475 0.0880356 0.0750502 0.100684 0.0880356 0.103298 0.0887313 0.0880356 0.0750502 0.0887313 0.0743644 0.118562 0.114475 0.125097 0.120014 0.114475 0.103298 0.120014 0.106449 0.125097 0.120014 0.133335 0.126897 0.120014 0.106449 0.126897 0.110143 0.103298 0.0887313 0.106449 0.0893696 0.0887313 0.0743644 0.0893696 0.0732981 0.106449 0.0893696 0.110143 0.0898388 0.0893696 0.0732981 0.0898388 0.0717255 0.075475 0.0645587 0.0750502 0.0635711 0.0645587 0.0553611 0.0635711 0.0542288 0.0750502 0.0635711 0.0743644 0.06223 0.0635711 0.0542288 0.06223 0.0527727 0.0553611 0.0479446 0.0542288 0.0468898 0.0479446 0.0420745 0.0468898 0.0411652 0.0542288 0.0468898 0.0527727 0.0455778 0.0468898 0.0411652 0.0455778 0.0400559 0.0743644 0.06223 0.0732981 0.0604494 0.06223 0.0527727 0.0604494 0.0509535 0.0732981 0.0604494 0.0717255 0.0581492 0.0604494 0.0509535 0.0581492 0.0487414 0.0527727 0.0455778 0.0509535 0.0440011 0.0455778 0.0400559 0.0440011 0.0387525 0.0509535 0.0440011 0.0487414 0.0421589 0.0440011 0.0387525 0.0421589 0.0372633 0.0436891 0.0388642 0.0435884 0.038777 0.0388642 0.0351311 0.038777 0.0350559 0.0435884 0.038777 0.0432861 0.0385157 0.038777 0.0350559 0.0385157 0.0348306 0.0351311 0.0323405 0.0350559 0.0322756 0.0323405 0.0303623 0.0322756 0.0303073 0.0350559 0.0322756 0.0348306 0.0320807 0.0322756 0.0303073 0.0320807 0.0301419 0.0432861 0.0385157 0.0427817 0.0380814 0.0385157 0.0348306 0.0380814 0.034456 0.0427817 0.0380814 0.0420745 0.0374758 0.0380814 0.034456 0.0374758 0.0339338 0.0348306 0.0320807 0.034456 0.0317562 0.0320807 0.0301419 0.0317562 0.0298656 0.034456 0.0317562 0.0339338 0.0313024 0.0317562 0.0298656 0.0313024 0.0294772 0.0303623 0.0290706 0.0303073 0.0290267 0.0290706 0.0283258 0.0290267 0.0282946 0.0303073 0.0290267 0.0301419 0.0288947 0.0290267 0.0282946 0.0288947 0.028201 0.0283258 0.0279725 0.0282946 0.0279527 0.0279725 0.0278736 0.0279527 0.0278588 0.0282946 0.0279527 0.028201 0.0278947 0.0279527 0.0278588 0.0278947 0.0278159 0.0301419 0.0288947 0.0298656 0.0286735 0.0288947 0.028201 0.0286735 0.0280454 0.0298656 0.0286735 0.0294772 0.0283613 0.0286735 0.0280454 0.0283613 0.0278278 0.028201 0.0278947 0.0280454 0.0278018 0.0278947 0.0278159 0.0278018 0.0277503 0.0280454 0.0278018 0.0278278 0.0276799 0.0278018 0.0277503 0.0276799 0.0276715 0.0420745 0.0374758 0.0411652 0.0367023 0.0374758 0.0339338 0.0367023 0.0332666 0.0411652 0.0367023 0.0400559 0.035766 0.0367023 0.0332666 0.035766 0.0324579 0.0339338 0.0313024 0.0332666 0.0307197 0.0313024 0.0294772 0.0307197 0.0289748 0.0332666 0.0307197 0.0324579 0.0300088 0.0307197 0.0289748 0.0300088 0.0283559 0.0400559 0.035766 0.0387525 0.0346743 0.035766 0.0324579 0.0346743 0.0315126 0.0387525 0.0346743 0.0372633 0.0334348 0.0346743 0.0315126 0.0334348 0.0304342 0.0324579 0.0300088 0.0315126 0.0291706 0.0300088 0.0283559 0.0291706 0.0276171 0.0315126 0.0291706 0.0304342 0.0282044 0.0291706 0.0276171 0.0282044 0.0267529 0.0294772 0.0283613 0.0289748 0.0279548 0.0283613 0.0278278 0.0279548 0.0275471 0.0289748 0.0279548 0.0283559 0.0274488 0.0279548 0.0275471 0.0274488 0.0271997 0.0278278 0.0276799 0.0275471 0.0275378 0.0276799 0.0276715 0.0275378 0.0275942 0.0275471 0.0275378 0.0271997 0.0273884 0.0275378 0.0275942 0.0273884 0.02754 0.0283559 0.0274488 0.0276171 0.0268357 0.0274488 0.0271997 0.0268357 0.0267772 0.0276171 0.0268357 0.0267529 0.0261037 0.0268357 0.0267772 0.0261037 0.0262604 0.0271997 0.0273884 0.0267772 0.027248 0.0273884 0.02754 0.027248 0.0275287 0.0267772 0.027248 0.0262604 0.0270953 0.027248 0.0275287 0.0270953 0.0274594 0.0178131 0.0173791 -0.0024467 0.0105333 0.0173791 0.0175673 0.0105333 0.0142615 -0.0024467 0.0105333 -0.00918417 0.00737939 0.0105333 0.0142615 0.00737939 0.0115395 0.0175673 0.0184662 0.0142615 0.0159721 0.0184662 0.0200658 0.0159721 0.0176505 0.0142615 0.0159721 0.0115395 0.0135107 0.0159721 0.0176505 0.0135107 0.0151697 -0.00918417 0.00737939 -0.00992914 0.00419257 0.00737939 0.0115395 0.00419257 0.00888287 -0.00992914 0.00419257 -0.00874071 0.00199158 0.00419257 0.00888287 0.00199158 0.00654738 0.0115395 0.0135107 0.00888287 0.0110564 0.0135107 0.0151697 0.0110564 0.0126448 0.00888287 0.0110564 0.00654738 0.00867498 0.0110564 0.0126448 0.00867498 0.0101032 0.0200658 0.0223436 0.0176505 0.0197441 0.0223436 0.0252944 0.0197441 0.0223791 0.0176505 0.0197441 0.0151697 0.017056 0.0197441 0.0223791 0.017056 0.0193639 0.0252944 0.0289352 0.0223791 0.0256256 0.0289352 0.033344 0.0256256 0.0295961 0.0223791 0.0256256 0.0193639 0.0221991 0.0256256 0.0295961 0.0221991 0.0256921 0.0151697 0.017056 0.0126448 0.0142989 0.017056 0.0193639 0.0142989 0.0162645 0.0126448 0.0142989 0.0101032 0.0114902 0.0142989 0.0162645 0.0114902 0.013095 0.0193639 0.0221991 0.0162645 0.0186689 0.0221991 0.0256921 0.0186689 0.0216459 0.0162645 0.0186689 0.013095 0.0150486 0.0186689 0.0216459 0.0150486 0.0174748 -0.00874071 0.00199158 -0.00686976 0.000753653 0.00199158 0.00654738 0.000753653 0.00455841 -0.00686976 0.000753653 -0.00470141 0.000180321 0.000753653 0.00455841 0.000180321 0.00286444 0.00654738 0.00867498 0.00455841 0.00638971 0.00867498 0.0101032 0.00638971 0.00756269 0.00455841 0.00638971 0.00286444 0.00419828 0.00638971 0.00756269 0.00419828 0.00503205 -0.00470141 0.000180321 -0.00238371 3.28217e-09 0.000180321 0.00286444 3.28217e-09 0.0013789 -0.00238371 3.28217e-09 -2.49379e-18 -1.31435e-18 3.28217e-09 0.0013789 -1.31435e-18 4.57609e-19 0.00286444 0.00419828 0.0013789 0.0020795 0.00419828 0.00503205 0.0020795 0.00251254 0.0013789 0.0020795 4.57609e-19 2.04898e-18 0.0020795 0.00251254 2.04898e-18 3.37667e-18 0.0101032 0.0114902 0.00756269 0.00864493 0.0114902 0.013095 0.00864493 0.00986965 0.00756269 0.00864493 0.00503205 0.00577532 0.00864493 0.00986965 0.00577532 0.00660271 0.013095 0.0150486 0.00986965 0.0113537 0.0150486 0.0174748 0.0113537 0.0131999 0.00986965 0.0113537 0.00660271 0.00760146 0.0113537 0.0131999 0.00760146 0.00884512 0.00503205 0.00577532 0.00251254 0.00289107 0.00577532 0.00660271 0.00289107 0.00330821 0.00251254 0.00289107 3.37667e-18 4.58413e-18 0.00289107 0.00330821 4.58413e-18 6.32452e-18 0.00660271 0.00760146 0.00330821 0.00381051 0.00760146 0.00884512 0.00381051 0.00443622 0.00330821 0.00381051 6.32452e-18 8.40312e-18 0.00381051 0.00443622 8.40312e-18 1.17656e-17 0.033344 0.0387748 0.0295961 0.034553 0.0387748 0.0458574 0.034553 0.0410441 0.0295961 0.034553 0.0256921 0.0300933 0.034553 0.0410441 0.0300933 0.0358603 0.0458574 0.0557387 0.0410441 0.0499434 0.0557387 0.0697708 0.0499434 0.0621275 0.0410441 0.0499434 0.0358603 0.0436403 0.0499434 0.0621275 0.0436403 0.0539721 0.0256921 0.0300933 0.0216459 0.0254187 0.0300933 0.0358603 0.0254187 0.0303543 0.0216459 0.0254187 0.0174748 0.0205601 0.0254187 0.0303543 0.0205601 0.0245859 0.0358603 0.0436403 0.0303543 0.0369192 0.0436403 0.0539721 0.0369192 0.0454252 0.0303543 0.0369192 0.0245859 0.0298777 0.0369192 0.0454252 0.0298777 0.0366025 0.0697708 0.0883361 0.0621275 0.077573 0.0883361 0.109108 0.077573 0.0942031 0.0621275 0.077573 0.0539721 0.0666119 0.077573 0.0942031 0.0666119 0.0797885 0.109108 0.126364 0.0942031 0.107635 0.126364 0.133335 0.107635 0.112995 0.0942031 0.107635 0.0797885 0.090182 0.107635 0.112995 0.090182 0.0942879 0.0539721 0.0666119 0.0454252 0.0555397 0.0666119 0.0797885 0.0555397 0.0658135 0.0454252 0.0555397 0.0366025 0.0444237 0.0555397 0.0658135 0.0444237 0.0522084 0.0797885 0.090182 0.0658135 0.0737639 0.090182 0.0942879 0.0737639 0.0768805 0.0658135 0.0737639 0.0522084 0.058143 0.0737639 0.0768805 0.058143 0.0604559 0.0174748 0.0205601 0.0131999 0.015552 0.0205601 0.0245859 0.015552 0.018613 0.0131999 0.015552 0.00884512 0.010431 0.015552 0.018613 0.010431 0.0124902 0.0245859 0.0298777 0.018613 0.0225991 0.0298777 0.0366025 0.0225991 0.0275911 0.018613 0.0225991 0.0124902 0.0151538 0.0225991 0.0275911 0.0151538 0.0184556 0.00884512 0.010431 0.00443622 0.00523441 0.010431 0.0124902 0.00523441 0.00626932 0.00443622 0.00523441 1.17656e-17 1.55336e-17 0.00523441 0.00626932 1.55336e-17 1.96537e-17 0.0124902 0.0151538 0.00626932 0.0076026 0.0151538 0.0184556 0.0076026 0.00924533 0.00626932 0.0076026 1.96537e-17 2.44233e-17 0.0076026 0.00924533 2.44233e-17 2.71441e-17 0.0366025 0.0444237 0.0275911 0.0333013 0.0444237 0.0522084 0.0333013 0.038899 0.0275911 0.0333013 0.0184556 0.0221892 0.0333013 0.038899 0.0221892 0.0258106 0.0522084 0.058143 0.038899 0.0431187 0.058143 0.0604559 0.0431187 0.0447564 0.038899 0.0431187 0.0258106 0.0285193 0.0431187 0.0447564 0.0285193 0.0295676 0.0184556 0.0221892 0.00924533 0.0110903 0.0221892 0.0258106 0.0110903 0.0128688 0.00924533 0.0110903 2.71441e-17 3.20449e-17 0.0110903 0.0128688 3.20449e-17 3.26045e-17 0.0258106 0.0285193 0.0128688 0.0141929 0.0285193 0.0295676 0.0141929 0.0147045 0.0128688 0.0141929 3.26045e-17 3.77523e-17 0.0141929 0.0147045 3.77523e-17 3.75517e-17 0.133335 0.126897 0.112995 0.108094 0.126897 0.110143 0.108094 0.0950992 0.112995 0.108094 0.0942879 0.0905703 0.108094 0.0950992 0.0905703 0.0805511 0.110143 0.0898388 0.0950992 0.0788829 0.0898388 0.0717255 0.0788829 0.0638386 0.0950992 0.0788829 0.0805511 0.0677316 0.0788829 0.0638386 0.0677316 0.0554394 0.0942879 0.0905703 0.0768805 0.0740847 0.0905703 0.0805511 0.0740847 0.0664456 0.0768805 0.0740847 0.0604559 0.0583981 0.0740847 0.0664456 0.0583981 0.052712 0.0805511 0.0677316 0.0664456 0.0564708 0.0677316 0.0554394 0.0564708 0.0466483 0.0664456 0.0564708 0.052712 0.0451674 0.0564708 0.0466483 0.0451674 0.0375812 0.0717255 0.0581492 0.0638386 0.0520581 0.0581492 0.0487414 0.0520581 0.0435764 0.0638386 0.0520581 0.0554394 0.0454567 0.0520581 0.0435764 0.0454567 0.038037 0.0487414 0.0421589 0.0435764 0.0375254 0.0421589 0.0372633 0.0375254 0.0330382 0.0435764 0.0375254 0.038037 0.032649 0.0375254 0.0330382 0.032649 0.028651 0.0554394 0.0454567 0.0466483 0.0384354 0.0454567 0.038037 0.0384354 0.0321725 0.0466483 0.0384354 0.0375812 0.0310923 0.0384354 0.0321725 0.0310923 0.0260433 0.038037 0.032649 0.0321725 0.0275539 0.032649 0.028651 0.0275539 0.0241171 0.0321725 0.0275539 0.0260433 0.0222716 0.0275539 0.0241171 0.0222716 0.0194549 0.0604559 0.0583981 0.0447564 0.0433092 0.0583981 0.052712 0.0433092 0.0392756 0.0447564 0.0433092 0.0295676 0.0286459 0.0433092 0.0392756 0.0286459 0.0260612 0.052712 0.0451674 0.0392756 0.0338584 0.0451674 0.0375812 0.0338584 0.0283252 0.0392756 0.0338584 0.0260612 0.0225603 0.0338584 0.0283252 0.0225603 0.0189451 0.0295676 0.0286459 0.0147045 0.0142561 0.0286459 0.0260612 0.0142561 0.0129939 0.0147045 0.0142561 3.75517e-17 3.72916e-17 0.0142561 0.0129939 3.72916e-17 3.94801e-17 0.0260612 0.0225603 0.0129939 0.0112758 0.0225603 0.0189451 0.0112758 0.00949009 0.0129939 0.0112758 3.94801e-17 3.76242e-17 0.0112758 0.00949009 3.76242e-17 3.43969e-17 0.0375812 0.0310923 0.0283252 0.023511 0.0310923 0.0260433 0.023511 0.0197076 0.0283252 0.023511 0.0189451 0.0157622 0.023511 0.0197076 0.0157622 0.0132206 0.0260433 0.0222716 0.0197076 0.0168376 0.0222716 0.0194549 0.0168376 0.0146867 0.0197076 0.0168376 0.0132206 0.0112889 0.0168376 0.0146867 0.0112889 0.009837 0.0189451 0.0157622 0.00949009 0.00790691 0.0157622 0.0132206 0.00790691 0.00663476 0.00949009 0.00790691 3.43969e-17 2.86057e-17 0.00790691 0.00663476 2.86057e-17 2.12564e-17 0.0132206 0.0112889 0.00663476 0.00566364 0.0112889 0.009837 0.00566364 0.00493235 0.00663476 0.00566364 2.12564e-17 1.61638e-17 0.00566364 0.00493235 1.61638e-17 1.31361e-17 0.0372633 0.0334348 0.0330382 0.0295741 0.0334348 0.0304342 0.0295741 0.0268767 0.0330382 0.0295741 0.028651 0.0255893 0.0295741 0.0268767 0.0255893 0.0232117 0.0304342 0.0282044 0.0268767 0.0248339 0.0282044 0.0267529 0.0248339 0.0233551 0.0268767 0.0248339 0.0232117 0.0213673 0.0248339 0.0233551 0.0213673 0.0198693 0.028651 0.0255893 0.0241171 0.0214964 0.0255893 0.0232117 0.0214964 0.019461 0.0241171 0.0214964 0.0194549 0.017311 0.0214964 0.019461 0.017311 0.0156427 0.0232117 0.0213673 0.019461 0.0178431 0.0213673 0.0198693 0.0178431 0.0164032 0.019461 0.0178431 0.0156427 0.0142865 0.0178431 0.0164032 0.0142865 0.0129914 0.0267529 0.0261037 0.0233551 0.0222635 0.0261037 0.0262604 0.0222635 0.0211558 0.0233551 0.0222635 0.0198693 0.018253 0.0222635 0.0211558 0.018253 0.0150481 0.0262604 0.0270953 0.0211558 0.017919 0.0270953 0.0274594 0.017919 -0.0335439 0.0211558 0.017919 0.0150481 0.00495136 0.017919 -0.0335439 0.00495136 -0.0280607 0.0198693 0.018253 0.0164032 0.0145565 0.018253 0.0150481 0.0145565 0.0106344 0.0164032 0.0145565 0.0129914 0.0111657 0.0145565 0.0106344 0.0111657 0.00731557 0.0150481 0.00495136 0.0106344 -0.000138388 0.00495136 -0.0280607 -0.000138388 -0.0209469 0.0106344 -0.000138388 0.00731557 -0.00173032 -0.000138388 -0.0209469 -0.00173032 -0.0157025 0.0194549 0.017311 0.0146867 0.0130502 0.017311 0.0156427 0.0130502 0.0117734 0.0146867 0.0130502 0.009837 0.0087321 0.0130502 0.0117734 0.0087321 0.00786792 0.0156427 0.0142865 0.0117734 0.0107157 0.0142865 0.0129914 0.0107157 0.00965243 0.0117734 0.0107157 0.00786792 0.00714187 0.0107157 0.00965243 0.00714187 0.00638633 0.009837 0.0087321 0.00493235 0.00437567 0.0087321 0.00786792 0.00437567 0.00393951 0.00493235 0.00437567 1.31361e-17 1.13151e-17 0.00437567 0.00393951 1.13151e-17 9.3944e-18 0.00786792 0.00714187 0.00393951 0.00356987 0.00714187 0.00638633 0.00356987 0.00317754 0.00393951 0.00356987 9.3944e-18 6.98324e-18 0.00356987 0.00317754 6.98324e-18 4.94197e-18 0.0129914 0.0111657 0.00965243 0.00807328 0.0111657 0.00731557 0.00807328 0.00482297 0.00965243 0.00807328 0.00638633 0.00523246 0.00807328 0.00482297 0.00523246 0.00291509 0.00731557 -0.00173032 0.00482297 -0.00193895 -0.00173032 -0.0157025 -0.00193895 -0.0114096 0.00482297 -0.00193895 0.00291509 -0.00153456 -0.00193895 -0.0114096 -0.00153456 -0.0074943 0.00638633 0.00523246 0.00317754 0.00257024 0.00523246 0.00291509 0.00257024 0.00137116 0.00317754 0.00257024 4.94197e-18 1.50016e-18 0.00257024 0.00137116 1.50016e-18 -2.5006e-18 0.00291509 -0.00153456 0.00137116 -0.000831344 -0.00153456 -0.0074943 -0.000831344 -0.00372256 0.00137116 -0.000831344 -2.5006e-18 -6.84031e-18 -0.000831344 -0.00372256 -6.84031e-18 -6.08651e-18 -2.49379e-18 -1.31435e-18 0.00238371 -3.28217e-09 -1.31435e-18 4.57609e-19 -3.28217e-09 -0.0013789 0.00238371 -3.28217e-09 0.00470141 -0.000180321 -3.28217e-09 -0.0013789 -0.000180321 -0.00286444 4.57609e-19 2.04898e-18 -0.0013789 -0.0020795 2.04898e-18 3.37667e-18 -0.0020795 -0.00251254 -0.0013789 -0.0020795 -0.00286444 -0.00419828 -0.0020795 -0.00251254 -0.00419828 -0.00503205 0.00470141 -0.000180321 0.00686976 -0.000753653 -0.000180321 -0.00286444 -0.000753653 -0.00455841 0.00686976 -0.000753653 0.00874071 -0.00199158 -0.000753653 -0.00455841 -0.00199158 -0.00654738 -0.00286444 -0.00419828 -0.00455841 -0.00638971 -0.00419828 -0.00503205 -0.00638971 -0.00756269 -0.00455841 -0.00638971 -0.00654738 -0.00867498 -0.00638971 -0.00756269 -0.00867498 -0.0101032 3.37667e-18 4.58413e-18 -0.00251254 -0.00289107 4.58413e-18 6.32452e-18 -0.00289107 -0.00330821 -0.00251254 -0.00289107 -0.00503205 -0.00577532 -0.00289107 -0.00330821 -0.00577532 -0.00660271 6.32452e-18 8.40312e-18 -0.00330821 -0.00381051 8.40312e-18 1.17656e-17 -0.00381051 -0.00443622 -0.00330821 -0.00381051 -0.00660271 -0.00760146 -0.00381051 -0.00443622 -0.00760146 -0.00884512 -0.00503205 -0.00577532 -0.00756269 -0.00864493 -0.00577532 -0.00660271 -0.00864493 -0.00986965 -0.00756269 -0.00864493 -0.0101032 -0.0114902 -0.00864493 -0.00986965 -0.0114902 -0.013095 -0.00660271 -0.00760146 -0.00986965 -0.0113537 -0.00760146 -0.00884512 -0.0113537 -0.0131999 -0.00986965 -0.0113537 -0.013095 -0.0150486 -0.0113537 -0.0131999 -0.0150486 -0.0174748 0.00874071 -0.00199158 0.00992914 -0.00419257 -0.00199158 -0.00654738 -0.00419257 -0.00888287 0.00992914 -0.00419257 0.00918417 -0.00737939 -0.00419257 -0.00888287 -0.00737939 -0.0115395 -0.00654738 -0.00867498 -0.00888287 -0.0110564 -0.00867498 -0.0101032 -0.0110564 -0.0126448 -0.00888287 -0.0110564 -0.0115395 -0.0135107 -0.0110564 -0.0126448 -0.0135107 -0.0151697 0.00918417 -0.00737939 0.0024467 -0.0105333 -0.00737939 -0.0115395 -0.0105333 -0.0142615 0.0024467 -0.0105333 -0.0178131 -0.0173791 -0.0105333 -0.0142615 -0.0173791 -0.0175673 -0.0115395 -0.0135107 -0.0142615 -0.0159721 -0.0135107 -0.0151697 -0.0159721 -0.0176505 -0.0142615 -0.0159721 -0.0175673 -0.0184662 -0.0159721 -0.0176505 -0.0184662 -0.0200658 -0.0101032 -0.0114902 -0.0126448 -0.0142989 -0.0114902 -0.013095 -0.0142989 -0.0162645 -0.0126448 -0.0142989 -0.0151697 -0.017056 -0.0142989 -0.0162645 -0.017056 -0.0193639 -0.013095 -0.0150486 -0.0162645 -0.0186689 -0.0150486 -0.0174748 -0.0186689 -0.0216459 -0.0162645 -0.0186689 -0.0193639 -0.0221991 -0.0186689 -0.0216459 -0.0221991 -0.0256921 -0.0151697 -0.017056 -0.0176505 -0.0197441 -0.017056 -0.0193639 -0.0197441 -0.0223791 -0.0176505 -0.0197441 -0.0200658 -0.0223436 -0.0197441 -0.0223791 -0.0223436 -0.0252944 -0.0193639 -0.0221991 -0.0223791 -0.0256256 -0.0221991 -0.0256921 -0.0256256 -0.0295961 -0.0223791 -0.0256256 -0.0252944 -0.0289352 -0.0256256 -0.0295961 -0.0289352 -0.033344 1.17656e-17 1.55336e-17 -0.00443622 -0.00523441 1.55336e-17 1.96537e-17 -0.00523441 -0.00626932 -0.00443622 -0.00523441 -0.00884512 -0.010431 -0.00523441 -0.00626932 -0.010431 -0.0124902 1.96537e-17 2.44233e-17 -0.00626932 -0.0076026 2.44233e-17 2.71441e-17 -0.0076026 -0.00924533 -0.00626932 -0.0076026 -0.0124902 -0.0151538 -0.0076026 -0.00924533 -0.0151538 -0.0184556 -0.00884512 -0.010431 -0.0131999 -0.015552 -0.010431 -0.0124902 -0.015552 -0.018613 -0.0131999 -0.015552 -0.0174748 -0.0205601 -0.015552 -0.018613 -0.0205601 -0.0245859 -0.0124902 -0.0151538 -0.018613 -0.0225991 -0.0151538 -0.0184556 -0.0225991 -0.0275911 -0.018613 -0.0225991 -0.0245859 -0.0298777 -0.0225991 -0.0275911 -0.0298777 -0.0366025 2.71441e-17 3.20449e-17 -0.00924533 -0.0110903 3.20449e-17 3.26045e-17 -0.0110903 -0.0128688 -0.00924533 -0.0110903 -0.0184556 -0.0221892 -0.0110903 -0.0128688 -0.0221892 -0.0258106 3.26045e-17 3.77523e-17 -0.0128688 -0.0141929 3.77523e-17 3.75517e-17 -0.0141929 -0.0147045 -0.0128688 -0.0141929 -0.0258106 -0.0285193 -0.0141929 -0.0147045 -0.0285193 -0.0295676 -0.0184556 -0.0221892 -0.0275911 -0.0333013 -0.0221892 -0.0258106 -0.0333013 -0.038899 -0.0275911 -0.0333013 -0.0366025 -0.0444237 -0.0333013 -0.038899 -0.0444237 -0.0522084 -0.0258106 -0.0285193 -0.038899 -0.0431187 -0.0285193 -0.0295676 -0.0431187 -0.0447564 -0.038899 -0.0431187 -0.0522084 -0.058143 -0.0431187 -0.0447564 -0.058143 -0.0604559 -0.0174748 -0.0205601 -0.0216459 -0.0254187 -0.0205601 -0.0245859 -0.0254187 -0.0303543 -0.0216459 -0.0254187 -0.0256921 -0.0300933 -0.0254187 -0.0303543 -0.0300933 -0.0358603 -0.0245859 -0.0298777 -0.0303543 -0.0369192 -0.0298777 -0.0366025 -0.0369192 -0.0454252 -0.0303543 -0.0369192 -0.0358603 -0.0436403 -0.0369192 -0.0454252 -0.0436403 -0.0539721 -0.0256921 -0.0300933 -0.0295961 -0.034553 -0.0300933 -0.0358603 -0.034553 -0.0410441 -0.0295961 -0.034553 -0.033344 -0.0387748 -0.034553 -0.0410441 -0.0387748 -0.0458574 -0.0358603 -0.0436403 -0.0410441 -0.0499434 -0.0436403 -0.0539721 -0.0499434 -0.0621275 -0.0410441 -0.0499434 -0.0458574 -0.0557387 -0.0499434 -0.0621275 -0.0557387 -0.0697708 -0.0366025 -0.0444237 -0.0454252 -0.0555397 -0.0444237 -0.0522084 -0.0555397 -0.0658135 -0.0454252 -0.0555397 -0.0539721 -0.0666119 -0.0555397 -0.0658135 -0.0666119 -0.0797885 -0.0522084 -0.058143 -0.0658135 -0.0737639 -0.058143 -0.0604559 -0.0737639 -0.0768805 -0.0658135 -0.0737639 -0.0797885 -0.090182 -0.0737639 -0.0768805 -0.090182 -0.0942879 -0.0539721 -0.0666119 -0.0621275 -0.077573 -0.0666119 -0.0797885 -0.077573 -0.0942031 -0.0621275 -0.077573 -0.0697708 -0.0883361 -0.077573 -0.0942031 -0.0883361 -0.109108 -0.0797885 -0.090182 -0.0942031 -0.107635 -0.090182 -0.0942879 -0.107635 -0.112995 -0.0942031 -0.107635 -0.109108 -0.126364 -0.107635 -0.112995 -0.126364 -0.133335 3.75517e-17 3.72916e-17 -0.0147045 -0.0142561 3.72916e-17 3.94801e-17 -0.0142561 -0.0129939 -0.0147045 -0.0142561 -0.0295676 -0.0286459 -0.0142561 -0.0129939 -0.0286459 -0.0260612 3.94801e-17 3.76242e-17 -0.0129939 -0.0112758 3.76242e-17 3.43969e-17 -0.0112758 -0.00949009 -0.0129939 -0.0112758 -0.0260612 -0.0225603 -0.0112758 -0.00949009 -0.0225603 -0.0189451 -0.0295676 -0.0286459 -0.0447564 -0.0433092 -0.0286459 -0.0260612 -0.0433092 -0.0392756 -0.0447564 -0.0433092 -0.0604559 -0.0583981 -0.0433092 -0.0392756 -0.0583981 -0.052712 -0.0260612 -0.0225603 -0.0392756 -0.0338584 -0.0225603 -0.0189451 -0.0338584 -0.0283252 -0.0392756 -0.0338584 -0.052712 -0.0451674 -0.0338584 -0.0283252 -0.0451674 -0.0375812 3.43969e-17 2.86057e-17 -0.00949009 -0.00790691 2.86057e-17 2.12564e-17 -0.00790691 -0.00663476 -0.00949009 -0.00790691 -0.0189451 -0.0157622 -0.00790691 -0.00663476 -0.0157622 -0.0132206 2.12564e-17 1.61638e-17 -0.00663476 -0.00566364 1.61638e-17 1.31361e-17 -0.00566364 -0.00493235 -0.00663476 -0.00566364 -0.0132206 -0.0112889 -0.00566364 -0.00493235 -0.0112889 -0.009837 -0.0189451 -0.0157622 -0.0283252 -0.023511 -0.0157622 -0.0132206 -0.023511 -0.0197076 -0.0283252 -0.023511 -0.0375812 -0.0310923 -0.023511 -0.0197076 -0.0310923 -0.0260433 -0.0132206 -0.0112889 -0.0197076 -0.0168376 -0.0112889 -0.009837 -0.0168376 -0.0146867 -0.0197076 -0.0168376 -0.0260433 -0.0222716 -0.0168376 -0.0146867 -0.0222716 -0.0194549 -0.0604559 -0.0583981 -0.0768805 -0.0740847 -0.0583981 -0.052712 -0.0740847 -0.0664456 -0.0768805 -0.0740847 -0.0942879 -0.0905703 -0.0740847 -0.0664456 -0.0905703 -0.0805511 -0.052712 -0.0451674 -0.0664456 -0.0564708 -0.0451674 -0.0375812 -0.0564708 -0.0466483 -0.0664456 -0.0564708 -0.0805511 -0.0677316 -0.0564708 -0.0466483 -0.0677316 -0.0554394 -0.0942879 -0.0905703 -0.112995 -0.108094 -0.0905703 -0.0805511 -0.108094 -0.0950992 -0.112995 -0.108094 -0.133335 -0.126897 -0.108094 -0.0950992 -0.126897 -0.110143 -0.0805511 -0.0677316 -0.0950992 -0.0788829 -0.0677316 -0.0554394 -0.0788829 -0.0638386 -0.0950992 -0.0788829 -0.110143 -0.0898388 -0.0788829 -0.0638386 -0.0898388 -0.0717255 -0.0375812 -0.0310923 -0.0466483 -0.0384354 -0.0310923 -0.0260433 -0.0384354 -0.0321725 -0.0466483 -0.0384354 -0.0554394 -0.0454567 -0.0384354 -0.0321725 -0.0454567 -0.038037 -0.0260433 -0.0222716 -0.0321725 -0.0275539 -0.0222716 -0.0194549 -0.0275539 -0.0241171 -0.0321725 -0.0275539 -0.038037 -0.032649 -0.0275539 -0.0241171 -0.032649 -0.028651 -0.0554394 -0.0454567 -0.0638386 -0.0520581 -0.0454567 -0.038037 -0.0520581 -0.0435764 -0.0638386 -0.0520581 -0.0717255 -0.0581492 -0.0520581 -0.0435764 -0.0581492 -0.0487414 -0.038037 -0.032649 -0.0435764 -0.0375254 -0.032649 -0.028651 -0.0375254 -0.0330382 -0.0435764 -0.0375254 -0.0487414 -0.0421589 -0.0375254 -0.0330382 -0.0421589 -0.0372633 1.31361e-17 1.13151e-17 -0.00493235 -0.00437567 1.13151e-17 9.3944e-18 -0.00437567 -0.00393951 -0.00493235 -0.00437567 -0.009837 -0.0087321 -0.00437567 -0.00393951 -0.0087321 -0.00786792 9.3944e-18 6.98324e-18 -0.00393951 -0.00356987 6.98324e-18 4.94197e-18 -0.00356987 -0.00317754 -0.00393951 -0.00356987 -0.00786792 -0.00714187 -0.00356987 -0.00317754 -0.00714187 -0.00638633 -0.009837 -0.0087321 -0.0146867 -0.0130502 -0.0087321 -0.00786792 -0.0130502 -0.0117734 -0.0146867 -0.0130502 -0.0194549 -0.017311 -0.0130502 -0.0117734 -0.017311 -0.0156427 -0.00786792 -0.00714187 -0.0117734 -0.0107157 -0.00714187 -0.00638633 -0.0107157 -0.00965243 -0.0117734 -0.0107157 -0.0156427 -0.0142865 -0.0107157 -0.00965243 -0.0142865 -0.0129914 4.94197e-18 1.50016e-18 -0.00317754 -0.00257024 1.50016e-18 -2.5006e-18 -0.00257024 -0.00137116 -0.00317754 -0.00257024 -0.00638633 -0.00523246 -0.00257024 -0.00137116 -0.00523246 -0.00291509 -2.5006e-18 -6.84031e-18 -0.00137116 0.000831344 -6.84031e-18 -6.08651e-18 0.000831344 0.00372256 -0.00137116 0.000831344 -0.00291509 0.00153456 0.000831344 0.00372256 0.00153456 0.0074943 -0.00638633 -0.00523246 -0.00965243 -0.00807328 -0.00523246 -0.00291509 -0.00807328 -0.00482297 -0.00965243 -0.00807328 -0.0129914 -0.0111657 -0.00807328 -0.00482297 -0.0111657 -0.00731557 -0.00291509 0.00153456 -0.00482297 0.00193895 0.00153456 0.0074943 0.00193895 0.0114096 -0.00482297 0.00193895 -0.00731557 0.00173032 0.00193895 0.0114096 0.00173032 0.0157025 -0.0194549 -0.017311 -0.0241171 -0.0214964 -0.017311 -0.0156427 -0.0214964 -0.019461 -0.0241171 -0.0214964 -0.028651 -0.0255893 -0.0214964 -0.019461 -0.0255893 -0.0232117 -0.0156427 -0.0142865 -0.019461 -0.0178431 -0.0142865 -0.0129914 -0.0178431 -0.0164032 -0.019461 -0.0178431 -0.0232117 -0.0213673 -0.0178431 -0.0164032 -0.0213673 -0.0198693 -0.028651 -0.0255893 -0.0330382 -0.0295741 -0.0255893 -0.0232117 -0.0295741 -0.0268767 -0.0330382 -0.0295741 -0.0372633 -0.0334348 -0.0295741 -0.0268767 -0.0334348 -0.0304342 -0.0232117 -0.0213673 -0.0268767 -0.0248339 -0.0213673 -0.0198693 -0.0248339 -0.0233551 -0.0268767 -0.0248339 -0.0304342 -0.0282044 -0.0248339 -0.0233551 -0.0282044 -0.0267529 -0.0129914 -0.0111657 -0.0164032 -0.0145565 -0.0111657 -0.00731557 -0.0145565 -0.0106344 -0.0164032 -0.0145565 -0.0198693 -0.018253 -0.0145565 -0.0106344 -0.018253 -0.0150481 -0.00731557 0.00173032 -0.0106344 0.000138388 0.00173032 0.0157025 0.000138388 0.0209469 -0.0106344 0.000138388 -0.0150481 -0.00495136 0.000138388 0.0209469 -0.00495136 0.0280607 -0.0198693 -0.018253 -0.0233551 -0.0222635 -0.018253 -0.0150481 -0.0222635 -0.0211558 -0.0233551 -0.0222635 -0.0267529 -0.0261037 -0.0222635 -0.0211558 -0.0261037 -0.0262604 -0.0150481 -0.00495136 -0.0211558 -0.017919 -0.00495136 0.0280607 -0.017919 0.0335439 -0.0211558 -0.017919 -0.0262604 -0.0270953 -0.017919 0.0335439 -0.0270953 -0.0274594 -0.0178131 -0.0173791 -0.0179871 -0.0179212 -0.0173791 -0.0175673 -0.0179212 -0.0182663 -0.0179871 -0.0179212 -0.0183216 -0.0183958 -0.0179212 -0.0182663 -0.0183958 -0.0188616 -0.0175673 -0.0184662 -0.0182663 -0.0192497 -0.0184662 -0.0200658 -0.0192497 -0.0209128 -0.0182663 -0.0192497 -0.0188616 -0.0199235 -0.0192497 -0.0209128 -0.0199235 -0.0216487 -0.0183216 -0.0183958 -0.0186579 -0.0188015 -0.0183958 -0.0188616 -0.0188015 -0.0193597 -0.0186579 -0.0188015 -0.0189562 -0.0191394 -0.0188015 -0.0193597 -0.0191394 -0.0197649 -0.0188616 -0.0199235 -0.0193597 -0.0204906 -0.0199235 -0.0216487 -0.0204906 -0.0222734 -0.0193597 -0.0204906 -0.0197649 -0.0209529 -0.0204906 -0.0222734 -0.0209529 -0.022786 -0.0200658 -0.0223436 -0.0209128 -0.0232634 -0.0223436 -0.0252944 -0.0232634 -0.0263185 -0.0209128 -0.0232634 -0.0216487 -0.0240688 -0.0232634 -0.0263185 -0.0240688 -0.0272209 -0.0252944 -0.0289352 -0.0263185 -0.0301228 -0.0289352 -0.033344 -0.0301228 -0.0347878 -0.0263185 -0.0301228 -0.0272209 -0.0311716 -0.0301228 -0.0347878 -0.0311716 -0.036053 -0.0216487 -0.0240688 -0.0222734 -0.0247574 -0.0240688 -0.0272209 -0.0247574 -0.0279963 -0.0222734 -0.0247574 -0.022786 -0.0253256 -0.0247574 -0.0279963 -0.0253256 -0.0286385 -0.0272209 -0.0311716 -0.0279963 -0.0320731 -0.0311716 -0.036053 -0.0320731 -0.0371306 -0.0279963 -0.0320731 -0.0286385 -0.0328193 -0.0320731 -0.0371306 -0.0328193 -0.0380146 -0.0189562 -0.0191394 -0.0191994 -0.0194068 -0.0191394 -0.0197649 -0.0194068 -0.0200794 -0.0191994 -0.0194068 -0.0193783 -0.0196004 -0.0194068 -0.0200794 -0.0196004 -0.0203039 -0.0197649 -0.0209529 -0.0200794 -0.0213118 -0.0209529 -0.022786 -0.0213118 -0.0231857 -0.0200794 -0.0213118 -0.0203039 -0.0215678 -0.0213118 -0.0231857 -0.0215678 -0.0234717 -0.0193783 -0.0196004 -0.0194875 -0.0197176 -0.0196004 -0.0203039 -0.0197176 -0.0204387 -0.0194875 -0.0197176 -0.0195242 -0.0197568 -0.0197176 -0.0204387 -0.0197568 -0.0204836 -0.0203039 -0.0215678 -0.0204387 -0.0217214 -0.0215678 -0.0234717 -0.0217214 -0.0236435 -0.0204387 -0.0217214 -0.0204836 -0.0217725 -0.0217214 -0.0236435 -0.0217725 -0.0237008 -0.022786 -0.0253256 -0.0231857 -0.0257705 -0.0253256 -0.0286385 -0.0257705 -0.0291426 -0.0231857 -0.0257705 -0.0234717 -0.0260899 -0.0257705 -0.0291426 -0.0260899 -0.0295051 -0.0286385 -0.0328193 -0.0291426 -0.0334044 -0.0328193 -0.0380146 -0.0334044 -0.0387024 -0.0291426 -0.0334044 -0.0295051 -0.0338246 -0.0334044 -0.0387024 -0.0338246 -0.0391933 -0.0234717 -0.0260899 -0.0236435 -0.0262821 -0.0260899 -0.0295051 -0.0262821 -0.0297235 -0.0236435 -0.0262821 -0.0237008 -0.0263463 -0.0262821 -0.0297235 -0.0263463 -0.0297965 -0.0295051 -0.0338246 -0.0297235 -0.0340775 -0.0338246 -0.0391933 -0.0340775 -0.0394876 -0.0297235 -0.0340775 -0.0297965 -0.0341619 -0.0340775 -0.0394876 -0.0341619 -0.0395856 -0.033344 -0.0387748 -0.0347878 -0.0405797 -0.0387748 -0.0458574 -0.0405797 -0.0480413 -0.0347878 -0.0405797 -0.036053 -0.0421248 -0.0405797 -0.0480413 -0.0421248 -0.0498365 -0.0458574 -0.0557387 -0.0480413 -0.0580208 -0.0557387 -0.0697708 -0.0580208 -0.0713372 -0.0480413 -0.0580208 -0.0498365 -0.0597862 -0.0580208 -0.0713372 -0.0597862 -0.0723978 -0.036053 -0.0421248 -0.0371306 -0.0434104 -0.0421248 -0.0498365 -0.0434104 -0.0512727 -0.0371306 -0.0434104 -0.0380146 -0.0444438 -0.0434104 -0.0512727 -0.0444438 -0.0523889 -0.0498365 -0.0597862 -0.0512727 -0.0611146 -0.0597862 -0.0723978 -0.0611146 -0.0730785 -0.0512727 -0.0611146 -0.0523889 -0.0620918 -0.0611146 -0.0730785 -0.0620918 -0.073499 -0.0697708 -0.0883361 -0.0713372 -0.0878729 -0.0883361 -0.109108 -0.0878729 -0.105428 -0.0713372 -0.0878729 -0.0723978 -0.0872379 -0.0878729 -0.105428 -0.0872379 -0.102286 -0.109108 -0.126364 -0.105428 -0.119494 -0.126364 -0.133335 -0.119494 -0.125097 -0.105428 -0.119494 -0.102286 -0.113962 -0.119494 -0.125097 -0.113962 -0.118562 -0.0723978 -0.0872379 -0.0730785 -0.0865442 -0.0872379 -0.102286 -0.0865442 -0.0996786 -0.0730785 -0.0865442 -0.073499 -0.0858848 -0.0865442 -0.0996786 -0.0858848 -0.0975856 -0.102286 -0.113962 -0.0996786 -0.109594 -0.113962 -0.118562 -0.109594 -0.113468 -0.0996786 -0.109594 -0.0975856 -0.10622 -0.109594 -0.113468 -0.10622 -0.109572 -0.0380146 -0.0444438 -0.0387024 -0.0452345 -0.0444438 -0.0523889 -0.0452345 -0.0532196 -0.0387024 -0.0452345 -0.0391933 -0.0457917 -0.0452345 -0.0532196 -0.0457917 -0.0537926 -0.0523889 -0.0620918 -0.0532196 -0.0627857 -0.0620918 -0.073499 -0.0627857 -0.0737471 -0.0532196 -0.0627857 -0.0537926 -0.0632469 -0.0627857 -0.0737471 -0.0632469 -0.0738845 -0.0391933 -0.0457917 -0.0394876 -0.0461227 -0.0457917 -0.0537926 -0.0461227 -0.0541283 -0.0394876 -0.0461227 -0.0395856 -0.0462325 -0.0461227 -0.0541283 -0.0462325 -0.0542388 -0.0537926 -0.0632469 -0.0541283 -0.0635101 -0.0632469 -0.0738845 -0.0635101 -0.0739518 -0.0541283 -0.0635101 -0.0542388 -0.0635957 -0.0635101 -0.0739518 -0.0635957 -0.0739717 -0.073499 -0.0858848 -0.0737471 -0.0853221 -0.0858848 -0.0975856 -0.0853221 -0.095985 -0.0737471 -0.0853221 -0.0738845 -0.0848962 -0.0853221 -0.095985 -0.0848962 -0.0948571 -0.0975856 -0.10622 -0.095985 -0.103712 -0.10622 -0.109572 -0.103712 -0.106699 -0.095985 -0.103712 -0.0948571 -0.101981 -0.103712 -0.106699 -0.101981 -0.104727 -0.0738845 -0.0848962 -0.0739518 -0.0846319 -0.0848962 -0.0948571 -0.0846319 -0.0941866 -0.0739518 -0.0846319 -0.0739717 -0.0845424 -0.0846319 -0.0941866 -0.0845424 -0.0939642 -0.0948571 -0.101981 -0.0941866 -0.100965 -0.101981 -0.104727 -0.100965 -0.103575 -0.0941866 -0.100965 -0.0939642 -0.10063 -0.100965 -0.103575 -0.10063 -0.103195 -0.133335 -0.126897 -0.125097 -0.120014 -0.126897 -0.110143 -0.120014 -0.106449 -0.125097 -0.120014 -0.118562 -0.114475 -0.120014 -0.106449 -0.114475 -0.103298 -0.110143 -0.0898388 -0.106449 -0.0893696 -0.0898388 -0.0717255 -0.0893696 -0.0732981 -0.106449 -0.0893696 -0.103298 -0.0887313 -0.0893696 -0.0732981 -0.0887313 -0.0743644 -0.118562 -0.114475 -0.113468 -0.110102 -0.114475 -0.103298 -0.110102 -0.100684 -0.113468 -0.110102 -0.109572 -0.106724 -0.110102 -0.100684 -0.106724 -0.0985871 -0.103298 -0.0887313 -0.100684 -0.0880356 -0.0887313 -0.0743644 -0.0880356 -0.0750502 -0.100684 -0.0880356 -0.0985871 -0.0873752 -0.0880356 -0.0750502 -0.0873752 -0.075475 -0.0717255 -0.0581492 -0.0732981 -0.0604494 -0.0581492 -0.0487414 -0.0604494 -0.0509535 -0.0732981 -0.0604494 -0.0743644 -0.06223 -0.0604494 -0.0509535 -0.06223 -0.0527727 -0.0487414 -0.0421589 -0.0509535 -0.0440011 -0.0421589 -0.0372633 -0.0440011 -0.0387525 -0.0509535 -0.0440011 -0.0527727 -0.0455778 -0.0440011 -0.0387525 -0.0455778 -0.0400559 -0.0743644 -0.06223 -0.0750502 -0.0635711 -0.06223 -0.0527727 -0.0635711 -0.0542288 -0.0750502 -0.0635711 -0.075475 -0.0645587 -0.0635711 -0.0542288 -0.0645587 -0.0553611 -0.0527727 -0.0455778 -0.0542288 -0.0468898 -0.0455778 -0.0400559 -0.0468898 -0.0411652 -0.0542288 -0.0468898 -0.0553611 -0.0479446 -0.0468898 -0.0411652 -0.0479446 -0.0420745 -0.109572 -0.106724 -0.106699 -0.104214 -0.106724 -0.0985871 -0.104214 -0.0969839 -0.106699 -0.104214 -0.104727 -0.102481 -0.104214 -0.0969839 -0.102481 -0.0958544 -0.0985871 -0.0873752 -0.0969839 -0.0868121 -0.0873752 -0.075475 -0.0868121 -0.0757266 -0.0969839 -0.0868121 -0.0958544 -0.0863861 -0.0868121 -0.0757266 -0.0863861 -0.0758667 -0.104727 -0.102481 -0.103575 -0.101465 -0.102481 -0.0958544 -0.101465 -0.0951831 -0.103575 -0.101465 -0.103195 -0.10113 -0.101465 -0.0951831 -0.10113 -0.0949604 -0.0958544 -0.0863861 -0.0951831 -0.0861218 -0.0863861 -0.0758667 -0.0861218 -0.0759355 -0.0951831 -0.0861218 -0.0949604 -0.0860323 -0.0861218 -0.0759355 -0.0860323 -0.075956 -0.075475 -0.0645587 -0.0757266 -0.0652607 -0.0645587 -0.0553611 -0.0652607 -0.0562043 -0.0757266 -0.0652607 -0.0758667 -0.0657276 -0.0652607 -0.0562043 -0.0657276 -0.0567862 -0.0553611 -0.0479446 -0.0562043 -0.0487516 -0.0479446 -0.0420745 -0.0487516 -0.0427817 -0.0562043 -0.0487516 -0.0567862 -0.0493203 -0.0487516 -0.0427817 -0.0493203 -0.0432861 -0.0758667 -0.0657276 -0.0759355 -0.0659943 -0.0657276 -0.0567862 -0.0659943 -0.0571272 -0.0759355 -0.0659943 -0.075956 -0.0660809 -0.0659943 -0.0571272 -0.0660809 -0.0572395 -0.0567862 -0.0493203 -0.0571272 -0.0496583 -0.0493203 -0.0432861 -0.0496583 -0.0435884 -0.0571272 -0.0496583 -0.0572395 -0.0497703 -0.0496583 -0.0435884 -0.0497703 -0.0436891 -0.0372633 -0.0334348 -0.0387525 -0.0346743 -0.0334348 -0.0304342 -0.0346743 -0.0315126 -0.0387525 -0.0346743 -0.0400559 -0.035766 -0.0346743 -0.0315126 -0.035766 -0.0324579 -0.0304342 -0.0282044 -0.0315126 -0.0291706 -0.0282044 -0.0267529 -0.0291706 -0.0276171 -0.0315126 -0.0291706 -0.0324579 -0.0300088 -0.0291706 -0.0276171 -0.0300088 -0.0283559 -0.0400559 -0.035766 -0.0411652 -0.0367023 -0.035766 -0.0324579 -0.0367023 -0.0332666 -0.0411652 -0.0367023 -0.0420745 -0.0374758 -0.0367023 -0.0332666 -0.0374758 -0.0339338 -0.0324579 -0.0300088 -0.0332666 -0.0307197 -0.0300088 -0.0283559 -0.0307197 -0.0289748 -0.0332666 -0.0307197 -0.0339338 -0.0313024 -0.0307197 -0.0289748 -0.0313024 -0.0294772 -0.0267529 -0.0261037 -0.0276171 -0.0268357 -0.0261037 -0.0262604 -0.0268357 -0.0267772 -0.0276171 -0.0268357 -0.0283559 -0.0274488 -0.0268357 -0.0267772 -0.0274488 -0.0271997 -0.0262604 -0.0270953 -0.0267772 -0.027248 -0.0270953 -0.0274594 -0.027248 -0.0275287 -0.0267772 -0.027248 -0.0271997 -0.0273884 -0.027248 -0.0275287 -0.0273884 -0.02754 -0.0283559 -0.0274488 -0.0289748 -0.0279548 -0.0274488 -0.0271997 -0.0279548 -0.0275471 -0.0289748 -0.0279548 -0.0294772 -0.0283613 -0.0279548 -0.0275471 -0.0283613 -0.0278278 -0.0271997 -0.0273884 -0.0275471 -0.0275378 -0.0273884 -0.02754 -0.0275378 -0.0275942 -0.0275471 -0.0275378 -0.0278278 -0.0276799 -0.0275378 -0.0275942 -0.0276799 -0.0276715 -0.0420745 -0.0374758 -0.0427817 -0.0380814 -0.0374758 -0.0339338 -0.0380814 -0.034456 -0.0427817 -0.0380814 -0.0432861 -0.0385157 -0.0380814 -0.034456 -0.0385157 -0.0348306 -0.0339338 -0.0313024 -0.034456 -0.0317562 -0.0313024 -0.0294772 -0.0317562 -0.0298656 -0.034456 -0.0317562 -0.0348306 -0.0320807 -0.0317562 -0.0298656 -0.0320807 -0.0301419 -0.0432861 -0.0385157 -0.0435884 -0.038777 -0.0385157 -0.0348306 -0.038777 -0.0350559 -0.0435884 -0.038777 -0.0436891 -0.0388642 -0.038777 -0.0350559 -0.0388642 -0.0351311 -0.0348306 -0.0320807 -0.0350559 -0.0322756 -0.0320807 -0.0301419 -0.0322756 -0.0303073 -0.0350559 -0.0322756 -0.0351311 -0.0323405 -0.0322756 -0.0303073 -0.0323405 -0.0303623 -0.0294772 -0.0283613 -0.0298656 -0.0286735 -0.0283613 -0.0278278 -0.0286735 -0.0280454 -0.0298656 -0.0286735 -0.0301419 -0.0288947 -0.0286735 -0.0280454 -0.0288947 -0.028201 -0.0278278 -0.0276799 -0.0280454 -0.0278018 -0.0276799 -0.0276715 -0.0278018 -0.0277503 -0.0280454 -0.0278018 -0.028201 -0.0278947 -0.0278018 -0.0277503 -0.0278947 -0.0278159 -0.0301419 -0.0288947 -0.0303073 -0.0290267 -0.0288947 -0.028201 -0.0290267 -0.0282946 -0.0303073 -0.0290267 -0.0303623 -0.0290706 -0.0290267 -0.0282946 -0.0290706 -0.0283258 -0.028201 -0.0278947 -0.0282946 -0.0279527 -0.0278947 -0.0278159 -0.0279527 -0.0278588 -0.0282946 -0.0279527 -0.0283258 -0.0279725 -0.0279527 -0.0278588 -0.0279725 -0.0278736 
SCALARS conc double 1
LOOKUP_TABLE default
0 0 0 -0.289108 0 0 -0.289108 -0.532092 0 -0.289108 0 -0.598003 -0.289108 -0.532092 -0.598003 -1.01089 0 0 -0.532092 -0.857448 0 0 -0.857448 -0.959337 -0.532092 -0.857448 -1.01089 -1.67182 -0.857448 -0.959337 -1.67182 -1.81476 0 -0.598003 0 -0.924594 -0.598003 -1.01089 -0.924594 -1.67311 0 -0.924594 0 -1.15854 -0.924594 -1.67311 -1.15854 -2.25677 -1.01089 -1.67182 -1.67311 -2.3949 -1.67182 -1.81476 -2.3949 -2.65372 -1.67311 -2.3949 -2.25677 -3.11337 -2.3949 -2.65372 -3.11337 -3.44584 0 0 -0.959337 -0.847772 0 0 -0.847772 -0.650961 -0.959337 -0.847772 -1.81476 -1.66495 -0.847772 -0.650961 -1.66495 -1.2992 0 0 -0.650961 -0.471649 0 0 -0.471649 -0.256606 -0.650961 -0.471649 -1.2992 -0.932141 -0.471649 -0.256606 -0.932141 -0.498217 -1.81476 -1.66495 -2.65372 -2.43771 -1.66495 -1.2992 -2.43771 -1.92292 -2.65372 -2.43771 -3.44584 -3.15325 -2.43771 -1.92292 -3.15325 -2.45836 -1.2992 -0.932141 -1.92292 -1.30954 -0.932141 -0.498217 -1.30954 -0.746314 -1.92292 -1.30954 -2.45836 -1.66324 -1.30954 -0.746314 -1.66324 -1.08937 0 -1.15854 0 -1.42694 -1.15854 -2.25677 -1.42694 -2.74536 0 -1.42694 0 -1.65967 -1.42694 -2.74536 -1.65967 -3.13003 -2.25677 -3.11337 -2.74536 -3.76843 -3.11337 -3.44584 -3.76843 -4.153 -2.74536 -3.76843 -3.13003 -4.28415 -3.76843 -4.153 -4.28415 -4.69556 0 -1.65967 0 -1.86745 -1.65967 -3.13003 -1.86745 -3.35005 0 -1.86745 0 -2.0465 -1.86745 -3.35005 -2.0465 -3.31158 -3.13003 -4.28415 -3.35005 -4.5487 -4.28415 -4.69556 -4.5487 -4.93138 -3.35005 -4.5487 -3.31158 -4.37169 -4.5487 -4.93138 -4.37169 -4.61784 -3.44584 -3.15325 -4.153 -3.75889 -3.15325 -2.45836 -3.75889 -2.87135 -4.153 -3.75889 -4.69556 -4.17706 -3.75889 -2.87135 -4.17706 -3.09673 -2.45836 -1.66324 -2.87135 -1.92774 -1.66324 -1.08937 -1.92774 -1.22808 -2.87135 -1.92774 -3.09673 -2.04958 -1.92774 -1.22808 -2.04958 -1.2232 -4.69556 -4.17706 -4.93138 -4.28076 -4.17706 -3.09673 -4.28076 -3.07013 -4.93138 -4.28076 -4.61784 -3.89718 -4.28076 -3.07013 -3.89718 -2.69248 -3.09673 -2.04958 -3.07013 -1.90817 -2.04958 -1.2232 -1.90817 -1.38618 -3.07013 -1.90817 -2.69248 -1.55884 -1.90817 -1.38618 -1.55884 -1.16253 0 0 -0.256606 -0.0646531 0 0 -0.0646531 0.0977121 -0.256606 -0.0646531 -0.498217 -0.124138 -0.0646531 0.0977121 -0.124138 0.203196 0 0 0.0977121 0.212606 0 0 0.212606 0.287537 0.0977121 0.212606 0.203196 0.426691 0.212606 0.287537 0.426691 0.572414 -0.498217 -0.124138 -0.746314 -0.167118 -0.124138 0.203196 -0.167118 0.323742 -0.746314 -0.167118 -1.08937 -0.157392 -0.167118 0.323742 -0.157392 0.460061 0.203196 0.426691 0.323742 0.64327 0.426691 0.572414 0.64327 0.852427 0.323742 0.64327 0.460061 0.864149 0.64327 0.852427 0.864149 1.12513 0 0 0.287537 0.337352 0 0 0.337352 0.371618 0.287537 0.337352 0.572414 0.669325 0.337352 0.371618 0.669325 0.736094 0 0 0.371618 0.396069 0 0 0.396069 0.413957 0.371618 0.396069 0.736094 0.783822 0.396069 0.413957 0.783822 0.818755 0.572414 0.669325 0.852427 0.991317 0.669325 0.736094 0.991317 1.08742 0.852427 0.991317 1.12513 1.2993 0.991317 1.08742 1.2993 1.4204 0.736094 0.783822 1.08742 1.15629 0.783822 0.818755 1.15629 1.20673 1.08742 1.15629 1.4204 1.50752 1.15629 1.20673 1.50752 1.57133 -1.08937 -0.157392 -1.22808 -0.10841 -0.157392 0.460061 -0.10841 0.621263 -1.22808 -0.10841 -1.2232 -0.0139677 -0.10841 0.621263 -0.0139677 0.811236 0.460061 0.864149 0.621263 1.08844 0.864149 1.12513 1.08844 1.38823 0.621263 1.08844 0.811236 1.31483 1.08844 1.38823 1.31483 1.63875 -1.2232 -0.0139677 -1.38618 0.161741 -0.0139677 0.811236 0.161741 1.0269 -1.38618 0.161741 -1.16253 0.42298 0.161741 1.0269 0.42298 1.26786 0.811236 1.31483 1.0269 1.54122 1.31483 1.63875 1.54122 1.87301 1.0269 1.54122 1.26786 1.76228 1.54122 1.87301 1.76228 2.08695 1.12513 1.2993 1.38823 1.58942 1.2993 1.4204 1.58942 1.7304 1.38823 1.58942 1.63875 1.85793 1.58942 1.7304 1.85793 2.01322 1.4204 1.50752 1.7304 1.83229 1.50752 1.57133 1.83229 1.90683 1.7304 1.83229 2.01322 2.12599 1.83229 1.90683 2.12599 2.20819 1.63875 1.85793 1.87301 2.10114 1.85793 2.01322 2.10114 2.26503 1.87301 2.10114 2.08695 2.31528 2.10114 2.26503 2.31528 2.48239 2.01322 2.12599 2.26503 2.38463 2.12599 2.20819 2.38463 2.47104 2.26503 2.38463 2.48239 2.60478 2.38463 2.47104 2.60478 2.69171 0 0 0.413957 0.427145 0 0 0.427145 0.436691 0.413957 0.427145 0.818755 0.8445 0.427145 0.436691 0.8445 0.863134 0 0 0.436691 0.443096 0 0 0.443096 0.446415 0.436691 0.443096 0.863134 0.875646 0.443096 0.446415 0.875646 0.882131 0.818755 0.8445 1.20673 1.24387 0.8445 0.863134 1.24387 1.27073 1.20673 1.24387 1.57133 1.61821 1.24387 1.27073 1.61821 1.65206 0.863134 0.875646 1.27073 1.28879 0.875646 0.882131 1.28879 1.29814 1.27073 1.28879 1.65206 1.67483 1.28879 1.29814 1.67483 1.68662 0 0 0.446415 0.446374 0 0 0.446374 0.442528 0.446415 0.446374 0.882131 0.882026 0.446374 0.442528 0.882026 0.874424 0 0 0.442528 0.434395 0 0 0.434395 0.421511 0.442528 0.434395 0.874424 0.858359 0.434395 0.421511 0.858359 0.832921 0.882131 0.882026 1.29814 1.29791 0.882026 0.874424 1.29791 1.2867 1.29814 1.29791 1.68662 1.68617 1.29791 1.2867 1.68617 1.67152 0.874424 0.858359 1.2867 1.26305 0.858359 0.832921 1.26305 1.22564 1.2867 1.26305 1.67152 1.64074 1.26305 1.22564 1.64074 1.59215 1.57133 1.61821 1.90683 1.96132 1.61821 1.65206 1.96132 2.00055 1.90683 1.96132 2.20819 2.26774 1.96132 2.00055 2.26774 2.31035 1.65206 1.67483 2.00055 2.02695 1.67483 1.68662 2.02695 2.04061 2.00055 2.02695 2.31035 2.33908 2.02695 2.04061 2.33908 2.35393 2.20819 2.26774 2.47104 2.53267 2.26774 2.31035 2.53267 2.57632 2.47104 2.53267 2.69171 2.75198 2.53267 2.57632 2.75198 2.79399 2.31035 2.33908 2.57632 2.60585 2.33908 2.35393 2.60585 2.62114 2.57632 2.60585 2.79399 2.82263 2.60585 2.62114 2.82263 2.83763 1.68662 1.68617 2.04061 2.03978 1.68617 1.67152 2.03978 2.0219 2.04061 2.03978 2.35393 2.35255 2.03978 2.0219 2.35255 2.33166 1.67152 1.64074 2.0219 1.98454 1.64074 1.59215 1.98454 1.92572 2.0219 1.98454 2.33166 2.28832 1.98454 1.92572 2.28832 2.22035 2.35393 2.35255 2.62114 2.61906 2.35255 2.33166 2.61906 2.59542 2.62114 2.61906 2.83763 2.83474 2.61906 2.59542 2.83474 2.80864 2.33166 2.28832 2.59542 2.54675 2.28832 2.22035 2.54675 2.47081 2.59542 2.54675 2.80864 2.75534 2.54675 2.47081 2.75534 2.67264 0 0 0.421511 0.403388 0 0 0.403388 0.379372 0.421511 0.403388 0.832921 0.797171 0.403388 0.379372 0.797171 0.74985 0 0 0.379372 0.348395 0 0 0.348395 0.308607 0.379372 0.348395 0.74985 0.688916 0.348395 0.308607 0.688916 0.610801 0.832921 0.797171 1.22564 1.17315 0.797171 0.74985 1.17315 1.10382 1.22564 1.17315 1.59215 1.52413 1.17315 1.10382 1.52413 1.43459 0.74985 0.688916 1.10382 1.0148 0.688916 0.610801 1.0148 0.901057 1.10382 1.0148 1.43459 1.32005 1.0148 0.901057 1.32005 1.17444 0 0 0.308607 0.256855 0 0 0.256855 0.188761 0.308607 0.256855 0.610801 0.509363 0.256855 0.188761 0.509363 0.375602 0 0 0.188761 0.101541 0 0 0.101541 0 0.188761 0.101541 0.375602 0.202858 0.101541 0 0.202858 0 0.610801 0.509363 0.901057 0.753825 0.509363 0.375602 0.753825 0.559159 0.901057 0.753825 1.17444 0.986931 0.753825 0.559159 0.986931 0.738656 0.375602 0.202858 0.559159 0.30419 0.202858 0 0.30419 0 0.559159 0.30419 0.738656 0.406677 0.30419 0 0.406677 0 1.59215 1.52413 1.92572 1.84366 1.52413 1.43459 1.84366 1.7361 1.92572 1.84366 2.22035 2.12597 1.84366 1.7361 2.12597 2.00293 1.43459 1.32005 1.7361 1.59926 1.32005 1.17444 1.59926 1.42638 1.7361 1.59926 2.00293 1.84746 1.59926 1.42638 1.84746 1.65265 2.22035 2.12597 2.47081 2.36597 2.12597 2.00293 2.36597 2.23025 2.47081 2.36597 2.67264 2.55931 2.36597 2.23025 2.55931 2.41384 2.00293 1.84746 2.23025 2.06012 1.84746 1.65265 2.06012 1.84929 2.23025 2.06012 2.41384 2.23337 2.06012 1.84929 2.23337 2.01191 1.17444 0.986931 1.42638 1.20544 0.986931 0.738656 1.20544 0.913793 1.42638 1.20544 1.65265 1.4059 1.20544 0.913793 1.4059 1.0842 0.738656 0.406677 0.913793 0.513117 0.406677 0 0.513117 0 0.913793 0.513117 1.0842 0.629572 0.513117 0 0.629572 0 1.65265 1.4059 1.84929 1.58471 1.4059 1.0842 1.58471 1.24729 1.84929 1.58471 2.01191 1.74065 1.58471 1.24729 1.74065 1.39059 1.0842 0.629572 1.24729 0.769127 0.629572 0 0.769127 0 1.24729 0.769127 1.39059 0.961476 0.769127 0 0.961476 0 0 -2.0465 1 -2.05061 -2.0465 -3.31158 -2.05061 -2.88064 1 -2.05061 1 -1.92616 -2.05061 -2.88064 -1.92616 -2.26098 -3.31158 -4.37169 -2.88064 -3.3511 -4.37169 -4.61784 -3.3511 -3.22999 -2.88064 -3.3511 -2.26098 -2.28398 -3.3511 -3.22999 -2.28398 -1.91309 1 -1.92616 1 -1.54852 -1.92616 -2.26098 -1.54852 -1.53132 1 -1.54852 1 -0.952417 -1.54852 -1.53132 -0.952417 -0.812975 -2.26098 -2.28398 -1.53132 -1.23259 -2.28398 -1.91309 -1.23259 -0.747878 -1.53132 -1.23259 -0.812975 -0.290134 -1.23259 -0.747878 -0.290134 0.201101 -4.61784 -3.89718 -3.22999 -2.502 -3.89718 -2.69248 -2.502 -1.50383 -3.22999 -2.502 -1.91309 -1.20384 -2.502 -1.50383 -1.20384 -0.392047 -2.69248 -1.55884 -1.50383 -0.634789 -1.55884 -1.16253 -0.634789 0.0527103 -1.50383 -0.634789 -0.392047 0.325365 -0.634789 0.0527103 0.325365 0.995003 -1.91309 -1.20384 -0.747878 -0.100649 -1.20384 -0.392047 -0.100649 0.555064 -0.747878 -0.100649 0.201101 0.76918 -0.100649 0.555064 0.76918 1.29521 -0.392047 0.325365 0.555064 1.14724 0.325365 0.995003 1.14724 1.70621 0.555064 1.14724 1.29521 1.77441 1.14724 1.70621 1.77441 2.21135 1 -0.952417 1 -0.263041 -0.952417 -0.812975 -0.263041 -0.209405 1 -0.263041 1 0.366006 -0.263041 -0.209405 0.366006 0.225071 -0.812975 -0.290134 -0.209405 0.475963 -0.290134 0.201101 0.475963 0.909239 -0.209405 0.475963 0.225071 1.03211 0.475963 0.909239 1.03211 1.38588 1 0.366006 1 0.801203 0.366006 0.225071 0.801203 0.479516 1 0.801203 1 0.956087 0.801203 0.479516 0.956087 0.56243 0.225071 1.03211 0.479516 1.3669 1.03211 1.38588 1.3669 1.65617 0.479516 1.3669 0.56243 1.47846 1.3669 1.65617 1.47846 1.74324 0.201101 0.76918 0.909239 1.40641 0.76918 1.29521 1.40641 1.82688 0.909239 1.40641 1.38588 1.83276 1.40641 1.82688 1.83276 2.17334 1.29521 1.77441 1.82688 2.21142 1.77441 2.21135 2.21142 2.54736 1.82688 2.21142 2.17334 2.48858 2.21142 2.54736 2.48858 2.7542 1.38588 1.83276 1.65617 2.07491 1.83276 2.17334 2.07491 2.36511 1.65617 2.07491 1.74324 2.15315 2.07491 2.36511 2.15315 2.42607 2.17334 2.48858 2.36511 2.63915 2.48858 2.7542 2.63915 2.86464 2.36511 2.63915 2.42607 2.68658 2.63915 2.86464 2.68658 2.89916 -1.16253 0.42298 0.0527103 1.0833 0.42298 1.26786 1.0833 1.78289 0.0527103 1.0833 0.995003 1.72114 1.0833 1.78289 1.72114 2.23938 1.26786 1.76228 1.78289 2.19621 1.76228 2.08695 2.19621 2.48299 1.78289 2.19621 2.23938 2.57353 2.19621 2.48299 2.57353 2.81714 0.995003 1.72114 1.70621 2.22529 1.72114 2.23938 2.22529 2.60379 1.70621 2.22529 2.21135 2.58719 2.22529 2.60379 2.58719 2.87142 2.23938 2.57353 2.60379 2.87127 2.57353 2.81714 2.87127 3.07804 2.60379 2.87127 2.87142 3.09058 2.87127 3.07804 3.09058 3.27001 2.08695 2.31528 2.48299 2.69109 2.31528 2.48239 2.69109 2.84392 2.48299 2.69109 2.81714 3.00136 2.69109 2.84392 3.00136 3.13904 2.48239 2.60478 2.84392 2.95357 2.60478 2.69171 2.95357 3.03115 2.84392 2.95357 3.13904 3.23893 2.95357 3.03115 3.23893 3.31158 2.81714 3.00136 3.07804 3.24113 3.00136 3.13904 3.24113 3.36734 3.07804 3.24113 3.27001 3.41783 3.24113 3.36734 3.41783 3.5375 3.13904 3.23893 3.36734 3.46285 3.23893 3.31158 3.46285 3.53607 3.36734 3.46285 3.5375 3.63303 3.46285 3.53607 3.63303 3.70994 2.21135 2.58719 2.54736 2.82981 2.58719 2.87142 2.82981 3.05517 2.54736 2.82981 2.7542 2.98088 2.82981 3.05517 2.98088 3.17204 2.87142 3.09058 3.05517 3.24265 3.09058 3.27001 3.24265 3.40391 3.05517 3.24265 3.17204 3.3405 3.24265 3.40391 3.3405 3.49097 2.7542 2.98088 2.86464 3.06254 2.98088 3.17204 3.06254 3.23621 2.86464 3.06254 2.89916 3.08827 3.06254 3.23621 3.08827 3.2566 3.17204 3.3405 3.23621 3.39479 3.3405 3.49097 3.39479 3.53977 3.23621 3.39479 3.2566 3.41215 3.39479 3.53977 3.41215 3.55548 3.27001 3.41783 3.40391 3.54241 3.41783 3.5375 3.54241 3.65955 3.40391 3.54241 3.49097 3.62462 3.54241 3.65955 3.62462 3.74153 3.5375 3.63303 3.65955 3.75742 3.63303 3.70994 3.75742 3.83872 3.65955 3.75742 3.74153 3.8422 3.75742 3.83872 3.8422 3.92708 3.49097 3.62462 3.53977 3.67134 3.62462 3.74153 3.67134 3.78877 3.53977 3.67134 3.55548 3.6865 3.67134 3.78877 3.6865 3.80421 3.74153 3.8422 3.78877 3.8915 3.8422 3.92708 3.8915 3.97858 3.78877 3.8915 3.80421 3.90768 3.8915 3.97858 3.90768 3.99549 2.69171 2.75198 3.03115 3.08848 2.75198 2.79399 3.08848 3.13388 3.03115 3.08848 3.31158 3.36832 3.08848 3.13388 3.36832 3.41566 2.79399 2.82263 3.13388 3.16861 2.82263 2.83763 3.16861 3.18782 3.13388 3.16861 3.41566 3.4523 3.16861 3.18782 3.4523 3.47117 3.31158 3.36832 3.53607 3.59537 3.36832 3.41566 3.59537 3.64439 3.53607 3.59537 3.70994 3.77302 3.59537 3.64439 3.77302 3.8231 3.41566 3.4523 3.64439 3.68013 3.4523 3.47117 3.68013 3.69531 3.64439 3.68013 3.8231 3.85639 3.68013 3.69531 3.85639 3.86661 2.83763 2.83474 3.18782 3.18435 2.83474 2.80864 3.18435 3.15242 3.18782 3.18435 3.47117 3.46413 3.18435 3.15242 3.46413 3.42568 2.80864 2.75534 3.15242 3.08908 2.75534 2.67264 3.08908 2.99361 3.15242 3.08908 3.42568 3.35386 3.08908 2.99361 3.35386 3.24903 3.47117 3.46413 3.69531 3.68264 3.46413 3.42568 3.68264 3.6378 3.69531 3.68264 3.86661 3.84823 3.68264 3.6378 3.84823 3.79847 3.42568 3.35386 3.6378 3.55983 3.35386 3.24903 3.55983 3.44984 3.6378 3.55983 3.79847 3.71728 3.55983 3.44984 3.71728 3.60633 3.70994 3.77302 3.83872 3.90509 3.77302 3.8231 3.90509 3.95541 3.83872 3.90509 3.92708 3.99563 3.90509 3.95541 3.99563 4.04561 3.8231 3.85639 3.95541 3.9858 3.85639 3.86661 3.9858 3.99144 3.95541 3.9858 4.04561 4.0735 3.9858 3.99144 4.0735 4.07581 3.92708 3.99563 3.97858 4.04827 3.99563 4.04561 4.04827 4.09781 3.97858 4.04827 3.99549 4.06552 4.04827 4.09781 4.06552 4.11486 4.04561 4.0735 4.09781 4.12406 4.0735 4.07581 4.12406 4.12445 4.09781 4.12406 4.11486 4.14056 4.12406 4.12445 4.14056 4.14034 3.86661 3.84823 3.99144 3.96867 3.84823 3.79847 3.96867 3.91607 3.99144 3.96867 4.07581 4.05033 3.96867 3.91607 4.05033 3.99671 3.79847 3.71728 3.91607 3.83438 3.71728 3.60633 3.83438 3.72573 3.91607 3.83438 3.99671 3.91623 3.83438 3.72573 3.91623 3.8114 4.07581 4.05033 4.12445 4.09768 4.05033 3.99671 4.09768 4.044 4.12445 4.09768 4.14034 4.11321 4.09768 4.044 4.11321 4.05962 3.99671 3.91623 4.044 3.96503 3.91623 3.8114 3.96503 3.86354 4.044 3.96503 4.05962 3.9813 3.96503 3.86354 3.9813 3.88112 2.67264 2.55931 2.99361 2.86603 2.55931 2.41384 2.86603 2.70596 2.99361 2.86603 3.24903 3.11222 2.86603 2.70596 3.11222 2.94416 2.41384 2.23337 2.70596 2.51182 2.23337 2.01191 2.51182 2.28059 2.70596 2.51182 2.94416 2.74501 2.51182 2.28059 2.74501 2.51417 3.24903 3.11222 3.44984 3.3096 3.11222 2.94416 3.3096 3.14095 3.44984 3.3096 3.60633 3.46803 3.3096 3.14095 3.46803 3.30525 2.94416 2.74501 3.14095 2.94577 2.74501 2.51417 2.94577 2.72656 3.14095 2.94577 3.30525 3.12152 2.94577 2.72656 3.12152 2.9219 2.01191 1.74065 2.28059 2.00482 1.74065 1.39059 2.00482 1.6797 2.28059 2.00482 2.51417 2.25114 2.00482 1.6797 2.25114 1.95433 1.39059 0.961476 1.6797 1.25178 0.961476 0 1.25178 0.83715 1.6797 1.25178 1.95433 1.62955 1.25178 0.83715 1.62955 1.42629 2.51417 2.25114 2.72656 2.48771 2.25114 1.95433 2.48771 2.23777 2.72656 2.48771 2.9219 2.71463 2.48771 2.23777 2.71463 2.51546 1.95433 1.62955 2.23777 2.01094 1.62955 1.42629 2.01094 1.90244 2.23777 2.01094 2.51546 2.3592 2.01094 1.90244 2.3592 2.29604 3.60633 3.46803 3.72573 3.59311 3.46803 3.30525 3.59311 3.44023 3.72573 3.59311 3.8114 3.68565 3.59311 3.44023 3.68565 3.54336 3.30525 3.12152 3.44023 3.27191 3.12152 2.9219 3.27191 3.09492 3.44023 3.27191 3.54336 3.39013 3.27191 3.09492 3.39013 3.2335 3.8114 3.68565 3.86354 3.74326 3.68565 3.54336 3.74326 3.60893 3.86354 3.74326 3.88112 3.7629 3.74326 3.60893 3.7629 3.63151 3.54336 3.39013 3.60893 3.46654 3.39013 3.2335 3.46654 3.32375 3.60893 3.46654 3.63151 3.49305 3.46654 3.32375 3.49305 3.35513 2.9219 2.71463 3.09492 2.91955 2.71463 2.51546 2.91955 2.76272 3.09492 2.91955 3.2335 3.08394 2.91955 2.76272 3.08394 2.95629 2.51546 2.3592 2.76272 2.65074 2.3592 2.29604 2.65074 2.60943 2.76272 2.65074 2.95629 2.86924 2.65074 2.60943 2.86924 2.83821 3.2335 3.08394 3.32375 3.19041 3.08394 2.95629 3.19041 3.07906 3.32375 3.19041 3.35513 3.22725 3.19041 3.07906 3.22725 3.12106 2.95629 2.86924 3.07906 3.00417 2.86924 2.83821 3.00417 2.97762 3.07906 3.00417 3.12106 3.04976 3.00417 2.97762 3.04976 3.02447 1 0.956087 1 0.801203 0.956087 0.56243 0.801203 0.479516 1 0.801203 1 0.366006 0.801203 0.479516 0.366006 0.225071 0.56243 1.47846 0.479516 1.3669 1.47846 1.74324 1.3669 1.65617 0.479516 1.3669 0.225071 1.03211 1.3669 1.65617 1.03211 1.38588 1 0.366006 1 -0.263041 0.366006 0.225071 -0.263041 -0.209405 1 -0.263041 1 -0.952417 -0.263041 -0.209405 -0.952417 -0.812975 0.225071 1.03211 -0.209405 0.475963 1.03211 1.38588 0.475963 0.909239 -0.209405 0.475963 -0.812975 -0.290134 0.475963 0.909239 -0.290134 0.201101 1.74324 2.15315 1.65617 2.07491 2.15315 2.42607 2.07491 2.36511 1.65617 2.07491 1.38588 1.83276 2.07491 2.36511 1.83276 2.17334 2.42607 2.68658 2.36511 2.63915 2.68658 2.89916 2.63915 2.86464 2.36511 2.63915 2.17334 2.48858 2.63915 2.86464 2.48858 2.7542 1.38588 1.83276 0.909239 1.40641 1.83276 2.17334 1.40641 1.82688 0.909239 1.40641 0.201101 0.76918 1.40641 1.82688 0.76918 1.29521 2.17334 2.48858 1.82688 2.21142 2.48858 2.7542 2.21142 2.54736 1.82688 2.21142 1.29521 1.77441 2.21142 2.54736 1.77441 2.21135 1 -0.952417 1 -1.54852 -0.952417 -0.812975 -1.54852 -1.53132 1 -1.54852 1 -1.92616 -1.54852 -1.53132 -1.92616 -2.26098 -0.812975 -0.290134 -1.53132 -1.23259 -0.290134 0.201101 -1.23259 -0.747878 -1.53132 -1.23259 -2.26098 -2.28398 -1.23259 -0.747878 -2.28398 -1.91309 1 -1.92616 1 -2.05061 -1.92616 -2.26098 -2.05061 -2.88064 1 -2.05061 0 -2.0465 -2.05061 -2.88064 -2.0465 -3.31158 -2.26098 -2.28398 -2.88064 -3.3511 -2.28398 -1.91309 -3.3511 -3.22999 -2.88064 -3.3511 -3.31158 -4.37169 -3.3511 -3.22999 -4.37169 -4.61784 0.201101 0.76918 -0.747878 -0.100649 0.76918 1.29521 -0.100649 0.555064 -0.747878 -0.100649 -1.91309 -1.20384 -0.100649 0.555064 -1.20384 -0.392047 1.29521 1.77441 0.555064 1.14724 1.77441 2.21135 1.14724 1.70621 0.555064 1.14724 -0.392047 0.325365 1.14724 1.70621 0.325365 0.995003 -1.91309 -1.20384 -3.22999 -2.502 -1.20384 -0.392047 -2.502 -1.50383 -3.22999 -2.502 -4.61784 -3.89718 -2.502 -1.50383 -3.89718 -2.69248 -0.392047 0.325365 -1.50383 -0.634789 0.325365 0.995003 -0.634789 0.0527103 -1.50383 -0.634789 -2.69248 -1.55884 -0.634789 0.0527103 -1.55884 -1.16253 2.89916 3.08827 2.86464 3.06254 3.08827 3.2566 3.06254 3.23621 2.86464 3.06254 2.7542 2.98088 3.06254 3.23621 2.98088 3.17204 3.2566 3.41215 3.23621 3.39479 3.41215 3.55548 3.39479 3.53977 3.23621 3.39479 3.17204 3.3405 3.39479 3.53977 3.3405 3.49097 2.7542 2.98088 2.54736 2.82981 2.98088 3.17204 2.82981 3.05517 2.54736 2.82981 2.21135 2.58719 2.82981 3.05517 2.58719 2.87142 3.17204 3.3405 3.05517 3.24265 3.3405 3.49097 3.24265 3.40391 3.05517 3.24265 2.87142 3.09058 3.24265 3.40391 3.09058 3.27001 3.55548 3.6865 3.53977 3.67134 3.6865 3.80421 3.67134 3.78877 3.53977 3.67134 3.49097 3.62462 3.67134 3.78877 3.62462 3.74153 3.80421 3.90768 3.78877 3.8915 3.90768 3.99549 3.8915 3.97858 3.78877 3.8915 3.74153 3.8422 3.8915 3.97858 3.8422 3.92708 3.49097 3.62462 3.40391 3.54241 3.62462 3.74153 3.54241 3.65955 3.40391 3.54241 3.27001 3.41783 3.54241 3.65955 3.41783 3.5375 3.74153 3.8422 3.65955 3.75742 3.8422 3.92708 3.75742 3.83872 3.65955 3.75742 3.5375 3.63303 3.75742 3.83872 3.63303 3.70994 2.21135 2.58719 1.70621 2.22529 2.58719 2.87142 2.22529 2.60379 1.70621 2.22529 0.995003 1.72114 2.22529 2.60379 1.72114 2.23938 2.87142 3.09058 2.60379 2.87127 3.09058 3.27001 2.87127 3.07804 2.60379 2.87127 2.23938 2.57353 2.87127 3.07804 2.57353 2.81714 0.995003 1.72114 0.0527103 1.0833 1.72114 2.23938 1.0833 1.78289 0.0527103 1.0833 -1.16253 0.42298 1.0833 1.78289 0.42298 1.26786 2.23938 2.57353 1.78289 2.19621 2.57353 2.81714 2.19621 2.48299 1.78289 2.19621 1.26786 1.76228 2.19621 2.48299 1.76228 2.08695 3.27001 3.41783 3.07804 3.24113 3.41783 3.5375 3.24113 3.36734 3.07804 3.24113 2.81714 3.00136 3.24113 3.36734 3.00136 3.13904 3.5375 3.63303 3.36734 3.46285 3.63303 3.70994 3.46285 3.53607 3.36734 3.46285 3.13904 3.23893 3.46285 3.53607 3.23893 3.31158 2.81714 3.00136 2.48299 2.69109 3.00136 3.13904 2.69109 2.84392 2.48299 2.69109 2.08695 2.31528 2.69109 2.84392 2.31528 2.48239 3.13904 3.23893 2.84392 2.95357 3.23893 3.31158 2.95357 3.03115 2.84392 2.95357 2.48239 2.60478 2.95357 3.03115 2.60478 2.69171 3.99549 4.06552 3.97858 4.04827 4.06552 4.11486 4.04827 4.09781 3.97858 4.04827 3.92708 3.99563 4.04827 4.09781 3.99563 4.04561 4.11486 4.14056 4.09781 4.12406 4.14056 4.14034 4.12406 4.12445 4.09781 4.12406 4.04561 4.0735 4.12406 4.12445 4.0735 4.07581 3.92708 3.99563 3.83872 3.90509 3.99563 4.04561 3.90509 3.95541 3.83872 3.90509 3.70994 3.77302 3.90509 3.95541 3.77302 3.8231 4.04561 4.0735 3.95541 3.9858 4.0735 4.07581 3.9858 3.99144 3.95541 3.9858 3.8231 3.85639 3.9858 3.99144 3.85639 3.86661 4.14034 4.11321 4.12445 4.09768 4.11321 4.05962 4.09768 4.044 4.12445 4.09768 4.07581 4.05033 4.09768 4.044 4.05033 3.99671 4.05962 3.9813 4.044 3.96503 3.9813 3.88112 3.96503 3.86354 4.044 3.96503 3.99671 3.91623 3.96503 3.86354 3.91623 3.8114 4.07581 4.05033 3.99144 3.96867 4.05033 3.99671 3.96867 3.91607 3.99144 3.96867 3.86661 3.84823 3.96867 3.91607 3.84823 3.79847 3.99671 3.91623 3.91607 3.83438 3.91623 3.8114 3.83438 3.72573 3.91607 3.83438 3.79847 3.71728 3.83438 3.72573 3.71728 3.60633 3.70994 3.77302 3.53607 3.59537 3.77302 3.8231 3.59537 3.64439 3.53607 3.59537 3.31158 3.36832 3.59537 3.64439 3.36832 3.41566 3.8231 3.85639 3.64439 3.68013 3.85639 3.86661 3.68013 3.69531 3.64439 3.68013 3.41566 3.4523 3.68013 3.69531 3.4523 3.47117 3.31158 3.36832 3.03115 3.08848 3.36832 3.41566 3.08848 3.13388 3.03115 3.08848 2.69171 2.75198 3.08848 3.13388 2.75198 2.79399 3.41566 3.4523 3.13388 3.16861 3.4523 3.47117 3.16861 3.18782 3.13388 3.16861 2.79399 2.82263 3.16861 3.18782 2.82263 2.83763 3.86661 3.84823 3.69531 3.68264 3.84823 3.79847 3.68264 3.6378 3.69531 3.68264 3.47117 3.46413 3.68264 3.6378 3.46413 3.42568 3.79847 3.71728 3.6378 3.55983 3.71728 3.60633 3.55983 3.44984 3.6378 3.55983 3.42568 3.35386 3.55983 3.44984 3.35386 3.24903 3.47117 3.46413 3.18782 3.18435 3.46413 3.42568 3.18435 3.15242 3.18782 3.18435 2.83763 2.83474 3.18435 3.15242 2.83474 2.80864 3.42568 3.35386 3.15242 3.08908 3.35386 3.24903 3.08908 2.99361 3.15242 3.08908 2.80864 2.75534 3.08908 2.99361 2.75534 2.67264 3.88112 3.7629 3.86354 3.74326 3.7629 3.63151 3.74326 3.60893 3.86354 3.74326 3.8114 3.68565 3.74326 3.60893 3.68565 3.54336 3.63151 3.49305 3.60893 3.46654 3.49305 3.35513 3.46654 3.32375 3.60893 3.46654 3.54336 3.39013 3.46654 3.32375 3.39013 3.2335 3.8114 3.68565 3.72573 3.59311 3.68565 3.54336 3.59311 3.44023 3.72573 3.59311 3.60633 3.46803 3.59311 3.44023 3.46803 3.30525 3.54336 3.39013 3.44023 3.27191 3.39013 3.2335 3.27191 3.09492 3.44023 3.27191 3.30525 3.12152 3.27191 3.09492 3.12152 2.9219 3.35513 3.22725 3.32375 3.19041 3.22725 3.12106 3.19041 3.07906 3.32375 3.19041 3.2335 3.08394 3.19041 3.07906 3.08394 2.95629 3.12106 3.04976 3.07906 3.00417 3.04976 3.02447 3.00417 2.97762 3.07906 3.00417 2.95629 2.86924 3.00417 2.97762 2.86924 2.83821 3.2335 3.08394 3.09492 2.91955 3.08394 2.95629 2.91955 2.76272 3.09492 2.91955 2.9219 2.71463 2.91955 2.76272 2.71463 2.51546 2.95629 2.86924 2.76272 2.65074 2.86924 2.83821 2.65074 2.60943 2.76272 2.65074 2.51546 2.3592 2.65074 2.60943 2.3592 2.29604 3.60633 3.46803 3.44984 3.3096 3.46803 3.30525 3.3096 3.14095 3.44984 3.3096 3.24903 3.11222 3.3096 3.14095 3.11222 2.94416 3.30525 3.12152 3.14095 2.94577 3.12152 2.9219 2.94577 2.72656 3.14095 2.94577 2.94416 2.74501 2.94577 2.72656 2.74501 2.51417 3.24903 3.11222 2.99361 2.86603 3.11222 2.94416 2.86603 2.70596 2.99361 2.86603 2.67264 2.55931 2.86603 2.70596 2.55931 2.41384 2.94416 2.74501 2.70596 2.51182 2.74501 2.51417 2.51182 2.28059 2.70596 2.51182 2.41384 2.23337 2.51182 2.28059 2.23337 2.01191 2.9219 2.71463 2.72656 2.48771 2.71463 2.51546 2.48771 2.23777 2.72656 2.48771 2.51417 2.25114 2.48771 2.23777 2.25114 1.95433 2.51546 2.3592 2.23777 2.01094 2.3592 2.29604 2.01094 1.90244 2.23777 2.01094 1.95433 1.62955 2.01094 1.90244 1.62955 1.42629 2.51417 2.25114 2.28059 2.00482 2.25114 1.95433 2.00482 1.6797 2.28059 2.00482 2.01191 1.74065 2.00482 1.6797 1.74065 1.39059 1.95433 1.62955 1.6797 1.25178 1.62955 1.42629 1.25178 0.83715 1.6797 1.25178 1.39059 0.961476 1.25178 0.83715 0.961476 0 0 -2.0465 0 -1.86745 -2.0465 -3.31158 -1.86745 -3.35005 0 -1.86745 0 -1.65967 -1.86745 -3.35005 -1.65967 -3.13003 -3.31158 -4.37169 -3.35005 -4.5487 -4.37169 -4.61784 -4.5487 -4.93138 -3.35005 -4.5487 -3.13003 -4.28415 -4.5487 -4.93138 -4.28415 -4.69556 0 -1.65967 0 -1.42694 -1.65967 -3.13003 -1.42694 -2.74536 0 -1.42694 0 -1.15854 -1.42694 -2.74536 -1.15854 -2.25677 -3.13003 -4.28415 -2.74536 -3.76843 -4.28415 -4.69556 -3.76843 -4.153 -2.74536 -3.76843 -2.25677 -3.11337 -3.76843 -4.153 -3.11337 -3.44584 -4.61784 -3.89718 -4.93138 -4.28076 -3.89718 -2.69248 -4.28076 -3.07013 -4.93138 -4.28076 -4.69556 -4.17706 -4.28076 -3.07013 -4.17706 -3.09673 -2.69248 -1.55884 -3.07013 -1.90817 -1.55884 -1.16253 -1.90817 -1.38618 -3.07013 -1.90817 -3.09673 -2.04958 -1.90817 -1.38618 -2.04958 -1.2232 -4.69556 -4.17706 -4.153 -3.75889 -4.17706 -3.09673 -3.75889 -2.87135 -4.153 -3.75889 -3.44584 -3.15325 -3.75889 -2.87135 -3.15325 -2.45836 -3.09673 -2.04958 -2.87135 -1.92774 -2.04958 -1.2232 -1.92774 -1.22808 -2.87135 -1.92774 -2.45836 -1.66324 -1.92774 -1.22808 -1.66324 -1.08937 0 -1.15854 0 -0.924594 -1.15854 -2.25677 -0.924594 -1.67311 0 -0.924594 0 -0.598003 -0.924594 -1.67311 -0.598003 -1.01089 -2.25677 -3.11337 -1.67311 -2.3949 -3.11337 -3.44584 -2.3949 -2.65372 -1.67311 -2.3949 -1.01089 -1.67182 -2.3949 -2.65372 -1.67182 -1.81476 0 -0.598003 0 -0.289108 -0.598003 -1.01089 -0.289108 -0.532092 0 -0.289108 0 0 -0.289108 -0.532092 0 0 -1.01089 -1.67182 -0.532092 -0.857448 -1.67182 -1.81476 -0.857448 -0.959337 -0.532092 -0.857448 0 0 -0.857448 -0.959337 0 0 -3.44584 -3.15325 -2.65372 -2.43771 -3.15325 -2.45836 -2.43771 -1.92292 -2.65372 -2.43771 -1.81476 -1.66495 -2.43771 -1.92292 -1.66495 -1.2992 -2.45836 -1.66324 -1.92292 -1.30954 -1.66324 -1.08937 -1.30954 -0.746314 -1.92292 -1.30954 -1.2992 -0.932141 -1.30954 -0.746314 -0.932141 -0.498217 -1.81476 -1.66495 -0.959337 -0.847772 -1.66495 -1.2992 -0.847772 -0.650961 -0.959337 -0.847772 0 0 -0.847772 -0.650961 0 0 -1.2992 -0.932141 -0.650961 -0.471649 -0.932141 -0.498217 -0.471649 -0.256606 -0.650961 -0.471649 0 0 -0.471649 -0.256606 0 0 -1.16253 0.42298 -1.38618 0.161741 0.42298 1.26786 0.161741 1.0269 -1.38618 0.161741 -1.2232 -0.0139677 0.161741 1.0269 -0.0139677 0.811236 1.26786 1.76228 1.0269 1.54122 1.76228 2.08695 1.54122 1.87301 1.0269 1.54122 0.811236 1.31483 1.54122 1.87301 1.31483 1.63875 -1.2232 -0.0139677 -1.22808 -0.10841 -0.0139677 0.811236 -0.10841 0.621263 -1.22808 -0.10841 -1.08937 -0.157392 -0.10841 0.621263 -0.157392 0.460061 0.811236 1.31483 0.621263 1.08844 1.31483 1.63875 1.08844 1.38823 0.621263 1.08844 0.460061 0.864149 1.08844 1.38823 0.864149 1.12513 2.08695 2.31528 1.87301 2.10114 2.31528 2.48239 2.10114 2.26503 1.87301 2.10114 1.63875 1.85793 2.10114 2.26503 1.85793 2.01322 2.48239 2.60478 2.26503 2.38463 2.60478 2.69171 2.38463 2.47104 2.26503 2.38463 2.01322 2.12599 2.38463 2.47104 2.12599 2.20819 1.63875 1.85793 1.38823 1.58942 1.85793 2.01322 1.58942 1.7304 1.38823 1.58942 1.12513 1.2993 1.58942 1.7304 1.2993 1.4204 2.01322 2.12599 1.7304 1.83229 2.12599 2.20819 1.83229 1.90683 1.7304 1.83229 1.4204 1.50752 1.83229 1.90683 1.50752 1.57133 -1.08937 -0.157392 -0.746314 -0.167118 -0.157392 0.460061 -0.167118 0.323742 -0.746314 -0.167118 -0.498217 -0.124138 -0.167118 0.323742 -0.124138 0.203196 0.460061 0.864149 0.323742 0.64327 0.864149 1.12513 0.64327 0.852427 0.323742 0.64327 0.203196 0.426691 0.64327 0.852427 0.426691 0.572414 -0.498217 -0.124138 -0.256606 -0.0646531 -0.124138 0.203196 -0.0646531 0.0977121 -0.256606 -0.0646531 0 0 -0.0646531 0.0977121 0 0 0.203196 0.426691 0.0977121 0.212606 0.426691 0.572414 0.212606 0.287537 0.0977121 0.212606 0 0 0.212606 0.287537 0 0 1.12513 1.2993 0.852427 0.991317 1.2993 1.4204 0.991317 1.08742 0.852427 0.991317 0.572414 0.669325 0.991317 1.08742 0.669325 0.736094 1.4204 1.50752 1.08742 1.15629 1.50752 1.57133 1.15629 1.20673 1.08742 1.15629 0.736094 0.783822 1.15629 1.20673 0.783822 0.818755 0.572414 0.669325 0.287537 0.337352 0.669325 0.736094 0.337352 0.371618 0.287537 0.337352 0 0 0.337352 0.371618 0 0 0.736094 0.783822 0.371618 0.396069 0.783822 0.818755 0.396069 0.413957 0.371618 0.396069 0 0 0.396069 0.413957 0 0 2.69171 2.75198 2.47104 2.53267 2.75198 2.79399 2.53267 2.57632 2.47104 2.53267 2.20819 2.26774 2.53267 2.57632 2.26774 2.31035 2.79399 2.82263 2.57632 2.60585 2.82263 2.83763 2.60585 2.62114 2.57632 2.60585 2.31035 2.33908 2.60585 2.62114 2.33908 2.35393 2.20819 2.26774 1.90683 1.96132 2.26774 2.31035 1.96132 2.00055 1.90683 1.96132 1.57133 1.61821 1.96132 2.00055 1.61821 1.65206 2.31035 2.33908 2.00055 2.02695 2.33908 2.35393 2.02695 2.04061 2.00055 2.02695 1.65206 1.67483 2.02695 2.04061 1.67483 1.68662 2.83763 2.83474 2.62114 2.61906 2.83474 2.80864 2.61906 2.59542 2.62114 2.61906 2.35393 2.35255 2.61906 2.59542 2.35255 2.33166 2.80864 2.75534 2.59542 2.54675 2.75534 2.67264 2.54675 2.47081 2.59542 2.54675 2.33166 2.28832 2.54675 2.47081 2.28832 2.22035 2.35393 2.35255 2.04061 2.03978 2.35255 2.33166 2.03978 2.0219 2.04061 2.03978 1.68662 1.68617 2.03978 2.0219 1.68617 1.67152 2.33166 2.28832 2.0219 1.98454 2.28832 2.22035 1.98454 1.92572 2.0219 1.98454 1.67152 1.64074 1.98454 1.92572 1.64074 1.59215 1.57133 1.61821 1.20673 1.24387 1.61821 1.65206 1.24387 1.27073 1.20673 1.24387 0.818755 0.8445 1.24387 1.27073 0.8445 0.863134 1.65206 1.67483 1.27073 1.28879 1.67483 1.68662 1.28879 1.29814 1.27073 1.28879 0.863134 0.875646 1.28879 1.29814 0.875646 0.882131 0.818755 0.8445 0.413957 0.427145 0.8445 0.863134 0.427145 0.436691 0.413957 0.427145 0 0 0.427145 0.436691 0 0 0.863134 0.875646 0.436691 0.443096 0.875646 0.882131 0.443096 0.446415 0.436691 0.443096 0 0 0.443096 0.446415 0 0 1.68662 1.68617 1.29814 1.29791 1.68617 1.67152 1.29791 1.2867 1.29814 1.29791 0.882131 0.882026 1.29791 1.2867 0.882026 0.874424 1.67152 1.64074 1.2867 1.26305 1.64074 1.59215 1.26305 1.22564 1.2867 1.26305 0.874424 0.858359 1.26305 1.22564 0.858359 0.832921 0.882131 0.882026 0.446415 0.446374 0.882026 0.874424 0.446374 0.442528 0.446415 0.446374 0 0 0.446374 0.442528 0 0 0.874424 0.858359 0.442528 0.434395 0.858359 0.832921 0.434395 0.421511 0.442528 0.434395 0 0 0.434395 0.421511 0 0 2.67264 2.55931 2.47081 2.36597 2.55931 2.41384 2.36597 2.23025 2.47081 2.36597 2.22035 2.12597 2.36597 2.23025 2.12597 2.00293 2.41384 2.23337 2.23025 2.06012 2.23337 2.01191 2.06012 1.84929 2.23025 2.06012 2.00293 1.84746 2.06012 1.84929 1.84746 1.65265 2.22035 2.12597 1.92572 1.84366 2.12597 2.00293 1.84366 1.7361 1.92572 1.84366 1.59215 1.52413 1.84366 1.7361 1.52413 1.43459 2.00293 1.84746 1.7361 1.59926 1.84746 1.65265 1.59926 1.42638 1.7361 1.59926 1.43459 1.32005 1.59926 1.42638 1.32005 1.17444 2.01191 1.74065 1.84929 1.58471 1.74065 1.39059 1.58471 1.24729 1.84929 1.58471 1.65265 1.4059 1.58471 1.24729 1.4059 1.0842 1.39059 0.961476 1.24729 0.769127 0.961476 0 0.769127 0 1.24729 0.769127 1.0842 0.629572 0.769127 0 0.629572 0 1.65265 1.4059 1.42638 1.20544 1.4059 1.0842 1.20544 0.913793 1.42638 1.20544 1.17444 0.986931 1.20544 0.913793 0.986931 0.738656 1.0842 0.629572 0.913793 0.513117 0.629572 0 0.513117 0 0.913793 0.513117 0.738656 0.406677 0.513117 0 0.406677 0 1.59215 1.52413 1.22564 1.17315 1.52413 1.43459 1.17315 1.10382 1.22564 1.17315 0.832921 0.797171 1.17315 1.10382 0.797171 0.74985 1.43459 1.32005 1.10382 1.0148 1.32005 1.17444 1.0148 0.901057 1.10382 1.0148 0.74985 0.688916 1.0148 0.901057 0.688916 0.610801 0.832921 0.797171 0.421511 0.403388 0.797171 0.74985 0.403388 0.379372 0.421511 0.403388 0 0 0.403388 0.379372 0 0 0.74985 0.688916 0.379372 0.348395 0.688916 0.610801 0.348395 0.308607 0.379372 0.348395 0 0 0.348395 0.308607 0 0 1.17444 0.986931 0.901057 0.753825 0.986931 0.738656 0.753825 0.559159 0.901057 0.753825 0.610801 0.509363 0.753825 0.559159 0.509363 0.375602 0.738656 0.406677 0.559159 0.30419 0.406677 0 0.30419 0 0.559159 0.30419 0.375602 0.202858 0.30419 0 0.202858 0 0.610801 0.509363 0.308607 0.256855 0.509363 0.375602 0.256855 0.188761 0.308607 0.256855 0 0 0.256855 0.188761 0 0 0.375602 0.202858 0.188761 0.101541 0.202858 0 0.101541 0 0.188761 0.101541 0 0 0.101541 0 0 0 
