# vtk DataFile Version 3.0
#This file was generated by the deal.II library on 2025/3/1 at 23:19:06
ASCII
DATASET UNSTRUCTURED_GRID

POINTS 4096 double
-5 -2 0
-4.6875 -2 0
-5 -1.875 0
-4.6875 -1.875 0
-4.6875 -2 0
-4.375 -2 0
-4.6875 -1.875 0
-4.375 -1.875 0
-5 -1.875 0
-4.6875 -1.875 0
-5 -1.75 0
-4.6875 -1.75 0
-4.6875 -1.875 0
-4.375 -1.875 0
-4.6875 -1.75 0
-4.375 -1.75 0
-4.375 -2 0
-4.0625 -2 0
-4.375 -1.875 0
-4.0625 -1.875 0
-4.0625 -2 0
-3.75 -2 0
-4.0625 -1.875 0
-3.75 -1.875 0
-4.375 -1.875 0
-4.0625 -1.875 0
-4.375 -1.75 0
-4.0625 -1.75 0
-4.0625 -1.875 0
-3.75 -1.875 0
-4.0625 -1.75 0
-3.75 -1.75 0
-5 -1.75 0
-4.6875 -1.75 0
-5 -1.625 0
-4.6875 -1.625 0
-4.6875 -1.75 0
-4.375 -1.75 0
-4.6875 -1.625 0
-4.375 -1.625 0
-5 -1.625 0
-4.6875 -1.625 0
-5 -1.5 0
-4.6875 -1.5 0
-4.6875 -1.625 0
-4.375 -1.625 0
-4.6875 -1.5 0
-4.375 -1.5 0
-4.375 -1.75 0
-4.0625 -1.75 0
-4.375 -1.625 0
-4.0625 -1.625 0
-4.0625 -1.75 0
-3.75 -1.75 0
-4.0625 -1.625 0
-3.75 -1.625 0
-4.375 -1.625 0
-4.0625 -1.625 0
-4.375 -1.5 0
-4.0625 -1.5 0
-4.0625 -1.625 0
-3.75 -1.625 0
-4.0625 -1.5 0
-3.75 -1.5 0
-3.75 -2 0
-3.4375 -2 0
-3.75 -1.875 0
-3.4375 -1.875 0
-3.4375 -2 0
-3.125 -2 0
-3.4375 -1.875 0
-3.125 -1.875 0
-3.75 -1.875 0
-3.4375 -1.875 0
-3.75 -1.75 0
-3.4375 -1.75 0
-3.4375 -1.875 0
-3.125 -1.875 0
-3.4375 -1.75 0
-3.125 -1.75 0
-3.125 -2 0
-2.8125 -2 0
-3.125 -1.875 0
-2.8125 -1.875 0
-2.8125 -2 0
-2.5 -2 0
-2.8125 -1.875 0
-2.5 -1.875 0
-3.125 -1.875 0
-2.8125 -1.875 0
-3.125 -1.75 0
-2.8125 -1.75 0
-2.8125 -1.875 0
-2.5 -1.875 0
-2.8125 -1.75 0
-2.5 -1.75 0
-3.75 -1.75 0
-3.4375 -1.75 0
-3.75 -1.625 0
-3.4375 -1.625 0
-3.4375 -1.75 0
-3.125 -1.75 0
-3.4375 -1.625 0
-3.125 -1.625 0
-3.75 -1.625 0
-3.4375 -1.625 0
-3.75 -1.5 0
-3.4375 -1.5 0
-3.4375 -1.625 0
-3.125 -1.625 0
-3.4375 -1.5 0
-3.125 -1.5 0
-3.125 -1.75 0
-2.8125 -1.75 0
-3.125 -1.625 0
-2.8125 -1.625 0
-2.8125 -1.75 0
-2.5 -1.75 0
-2.8125 -1.625 0
-2.5 -1.625 0
-3.125 -1.625 0
-2.8125 -1.625 0
-3.125 -1.5 0
-2.8125 -1.5 0
-2.8125 -1.625 0
-2.5 -1.625 0
-2.8125 -1.5 0
-2.5 -1.5 0
-5 -1.5 0
-4.6875 -1.5 0
-5 -1.375 0
-4.6875 -1.375 0
-4.6875 -1.5 0
-4.375 -1.5 0
-4.6875 -1.375 0
-4.375 -1.375 0
-5 -1.375 0
-4.6875 -1.375 0
-5 -1.25 0
-4.6875 -1.25 0
-4.6875 -1.375 0
-4.375 -1.375 0
-4.6875 -1.25 0
-4.375 -1.25 0
-4.375 -1.5 0
-4.0625 -1.5 0
-4.375 -1.375 0
-4.0625 -1.375 0
-4.0625 -1.5 0
-3.75 -1.5 0
-4.0625 -1.375 0
-3.75 -1.375 0
-4.375 -1.375 0
-4.0625 -1.375 0
-4.375 -1.25 0
-4.0625 -1.25 0
-4.0625 -1.375 0
-3.75 -1.375 0
-4.0625 -1.25 0
-3.75 -1.25 0
-5 -1.25 0
-4.6875 -1.25 0
-5 -1.125 0
-4.6875 -1.125 0
-4.6875 -1.25 0
-4.375 -1.25 0
-4.6875 -1.125 0
-4.375 -1.125 0
-5 -1.125 0
-4.6875 -1.125 0
-5 -1 0
-4.6875 -1 0
-4.6875 -1.125 0
-4.375 -1.125 0
-4.6875 -1 0
-4.375 -1 0
-4.375 -1.25 0
-4.0625 -1.25 0
-4.375 -1.125 0
-4.0625 -1.125 0
-4.0625 -1.25 0
-3.75 -1.25 0
-4.0625 -1.125 0
-3.75 -1.125 0
-4.375 -1.125 0
-4.0625 -1.125 0
-4.375 -1 0
-4.0625 -1 0
-4.0625 -1.125 0
-3.75 -1.125 0
-4.0625 -1 0
-3.75 -1 0
-3.75 -1.5 0
-3.4375 -1.5 0
-3.75 -1.375 0
-3.4375 -1.375 0
-3.4375 -1.5 0
-3.125 -1.5 0
-3.4375 -1.375 0
-3.125 -1.375 0
-3.75 -1.375 0
-3.4375 -1.375 0
-3.75 -1.25 0
-3.4375 -1.25 0
-3.4375 -1.375 0
-3.125 -1.375 0
-3.4375 -1.25 0
-3.125 -1.25 0
-3.125 -1.5 0
-2.8125 -1.5 0
-3.125 -1.375 0
-2.8125 -1.375 0
-2.8125 -1.5 0
-2.5 -1.5 0
-2.8125 -1.375 0
-2.5 -1.375 0
-3.125 -1.375 0
-2.8125 -1.375 0
-3.125 -1.25 0
-2.8125 -1.25 0
-2.8125 -1.375 0
-2.5 -1.375 0
-2.8125 -1.25 0
-2.5 -1.25 0
-3.75 -1.25 0
-3.4375 -1.25 0
-3.75 -1.125 0
-3.4375 -1.125 0
-3.4375 -1.25 0
-3.125 -1.25 0
-3.4375 -1.125 0
-3.125 -1.125 0
-3.75 -1.125 0
-3.4375 -1.125 0
-3.75 -1 0
-3.4375 -1 0
-3.4375 -1.125 0
-3.125 -1.125 0
-3.4375 -1 0
-3.125 -1 0
-3.125 -1.25 0
-2.8125 -1.25 0
-3.125 -1.125 0
-2.8125 -1.125 0
-2.8125 -1.25 0
-2.5 -1.25 0
-2.8125 -1.125 0
-2.5 -1.125 0
-3.125 -1.125 0
-2.8125 -1.125 0
-3.125 -1 0
-2.8125 -1 0
-2.8125 -1.125 0
-2.5 -1.125 0
-2.8125 -1 0
-2.5 -1 0
-2.5 -2 0
-2.1875 -2 0
-2.5 -1.875 0
-2.1875 -1.875 0
-2.1875 -2 0
-1.875 -2 0
-2.1875 -1.875 0
-1.875 -1.875 0
-2.5 -1.875 0
-2.1875 -1.875 0
-2.5 -1.75 0
-2.1875 -1.75 0
-2.1875 -1.875 0
-1.875 -1.875 0
-2.1875 -1.75 0
-1.875 -1.75 0
-1.875 -2 0
-1.5625 -2 0
-1.875 -1.875 0
-1.5625 -1.875 0
-1.5625 -2 0
-1.25 -2 0
-1.5625 -1.875 0
-1.25 -1.875 0
-1.875 -1.875 0
-1.5625 -1.875 0
-1.875 -1.75 0
-1.5625 -1.75 0
-1.5625 -1.875 0
-1.25 -1.875 0
-1.5625 -1.75 0
-1.25 -1.75 0
-2.5 -1.75 0
-2.1875 -1.75 0
-2.5 -1.625 0
-2.1875 -1.625 0
-2.1875 -1.75 0
-1.875 -1.75 0
-2.1875 -1.625 0
-1.875 -1.625 0
-2.5 -1.625 0
-2.1875 -1.625 0
-2.5 -1.5 0
-2.1875 -1.5 0
-2.1875 -1.625 0
-1.875 -1.625 0
-2.1875 -1.5 0
-1.875 -1.5 0
-1.875 -1.75 0
-1.5625 -1.75 0
-1.875 -1.625 0
-1.5625 -1.625 0
-1.5625 -1.75 0
-1.25 -1.75 0
-1.5625 -1.625 0
-1.25 -1.625 0
-1.875 -1.625 0
-1.5625 -1.625 0
-1.875 -1.5 0
-1.5625 -1.5 0
-1.5625 -1.625 0
-1.25 -1.625 0
-1.5625 -1.5 0
-1.25 -1.5 0
-1.25 -2 0
-0.9375 -2 0
-1.25 -1.875 0
-0.9375 -1.875 0
-0.9375 -2 0
-0.625 -2 0
-0.9375 -1.875 0
-0.625 -1.875 0
-1.25 -1.875 0
-0.9375 -1.875 0
-1.25 -1.75 0
-0.9375 -1.75 0
-0.9375 -1.875 0
-0.625 -1.875 0
-0.9375 -1.75 0
-0.625 -1.75 0
-0.625 -2 0
-0.3125 -2 0
-0.625 -1.875 0
-0.3125 -1.875 0
-0.3125 -2 0
0 -2 0
-0.3125 -1.875 0
0 -1.875 0
-0.625 -1.875 0
-0.3125 -1.875 0
-0.625 -1.75 0
-0.3125 -1.75 0
-0.3125 -1.875 0
0 -1.875 0
-0.3125 -1.75 0
0 -1.75 0
-1.25 -1.75 0
-0.9375 -1.75 0
-1.25 -1.625 0
-0.9375 -1.625 0
-0.9375 -1.75 0
-0.625 -1.75 0
-0.9375 -1.625 0
-0.625 -1.625 0
-1.25 -1.625 0
-0.9375 -1.625 0
-1.25 -1.5 0
-0.9375 -1.5 0
-0.9375 -1.625 0
-0.625 -1.625 0
-0.9375 -1.5 0
-0.625 -1.5 0
-0.625 -1.75 0
-0.3125 -1.75 0
-0.625 -1.625 0
-0.3125 -1.625 0
-0.3125 -1.75 0
0 -1.75 0
-0.3125 -1.625 0
0 -1.625 0
-0.625 -1.625 0
-0.3125 -1.625 0
-0.625 -1.5 0
-0.3125 -1.5 0
-0.3125 -1.625 0
0 -1.625 0
-0.3125 -1.5 0
0 -1.5 0
-2.5 -1.5 0
-2.1875 -1.5 0
-2.5 -1.375 0
-2.1875 -1.375 0
-2.1875 -1.5 0
-1.875 -1.5 0
-2.1875 -1.375 0
-1.875 -1.375 0
-2.5 -1.375 0
-2.1875 -1.375 0
-2.5 -1.25 0
-2.1875 -1.25 0
-2.1875 -1.375 0
-1.875 -1.375 0
-2.1875 -1.25 0
-1.875 -1.25 0
-1.875 -1.5 0
-1.5625 -1.5 0
-1.875 -1.375 0
-1.5625 -1.375 0
-1.5625 -1.5 0
-1.25 -1.5 0
-1.5625 -1.375 0
-1.25 -1.375 0
-1.875 -1.375 0
-1.5625 -1.375 0
-1.875 -1.25 0
-1.5625 -1.25 0
-1.5625 -1.375 0
-1.25 -1.375 0
-1.5625 -1.25 0
-1.25 -1.25 0
-2.5 -1.25 0
-2.1875 -1.25 0
-2.5 -1.125 0
-2.1875 -1.125 0
-2.1875 -1.25 0
-1.875 -1.25 0
-2.1875 -1.125 0
-1.875 -1.125 0
-2.5 -1.125 0
-2.1875 -1.125 0
-2.5 -1 0
-2.1875 -1 0
-2.1875 -1.125 0
-1.875 -1.125 0
-2.1875 -1 0
-1.875 -1 0
-1.875 -1.25 0
-1.5625 -1.25 0
-1.875 -1.125 0
-1.5625 -1.125 0
-1.5625 -1.25 0
-1.25 -1.25 0
-1.5625 -1.125 0
-1.25 -1.125 0
-1.875 -1.125 0
-1.5625 -1.125 0
-1.875 -1 0
-1.5625 -1 0
-1.5625 -1.125 0
-1.25 -1.125 0
-1.5625 -1 0
-1.25 -1 0
-1.25 -1.5 0
-0.9375 -1.5 0
-1.25 -1.375 0
-0.9375 -1.375 0
-0.9375 -1.5 0
-0.625 -1.5 0
-0.9375 -1.375 0
-0.625 -1.375 0
-1.25 -1.375 0
-0.9375 -1.375 0
-1.25 -1.25 0
-0.9375 -1.25 0
-0.9375 -1.375 0
-0.625 -1.375 0
-0.9375 -1.25 0
-0.625 -1.25 0
-0.625 -1.5 0
-0.3125 -1.5 0
-0.625 -1.375 0
-0.3125 -1.375 0
-0.3125 -1.5 0
0 -1.5 0
-0.3125 -1.375 0
0 -1.375 0
-0.625 -1.375 0
-0.3125 -1.375 0
-0.625 -1.25 0
-0.3125 -1.25 0
-0.3125 -1.375 0
0 -1.375 0
-0.3125 -1.25 0
0 -1.25 0
-1.25 -1.25 0
-0.9375 -1.25 0
-1.25 -1.125 0
-0.9375 -1.125 0
-0.9375 -1.25 0
-0.625 -1.25 0
-0.9375 -1.125 0
-0.625 -1.125 0
-1.25 -1.125 0
-0.9375 -1.125 0
-1.25 -1 0
-0.9375 -1 0
-0.9375 -1.125 0
-0.625 -1.125 0
-0.9375 -1 0
-0.625 -1 0
-0.625 -1.25 0
-0.3125 -1.25 0
-0.625 -1.125 0
-0.3125 -1.125 0
-0.3125 -1.25 0
0 -1.25 0
-0.3125 -1.125 0
0 -1.125 0
-0.625 -1.125 0
-0.3125 -1.125 0
-0.625 -1 0
-0.3125 -1 0
-0.3125 -1.125 0
0 -1.125 0
-0.3125 -1 0
0 -1 0
0 -2 0
0.3125 -2 0
0 -1.875 0
0.3125 -1.875 0
0.3125 -2 0
0.625 -2 0
0.3125 -1.875 0
0.625 -1.875 0
0 -1.875 0
0.3125 -1.875 0
0 -1.75 0
0.3125 -1.75 0
0.3125 -1.875 0
0.625 -1.875 0
0.3125 -1.75 0
0.625 -1.75 0
0.625 -2 0
0.9375 -2 0
0.625 -1.875 0
0.9375 -1.875 0
0.9375 -2 0
1.25 -2 0
0.9375 -1.875 0
1.25 -1.875 0
0.625 -1.875 0
0.9375 -1.875 0
0.625 -1.75 0
0.9375 -1.75 0
0.9375 -1.875 0
1.25 -1.875 0
0.9375 -1.75 0
1.25 -1.75 0
0 -1.75 0
0.3125 -1.75 0
0 -1.625 0
0.3125 -1.625 0
0.3125 -1.75 0
0.625 -1.75 0
0.3125 -1.625 0
0.625 -1.625 0
0 -1.625 0
0.3125 -1.625 0
0 -1.5 0
0.3125 -1.5 0
0.3125 -1.625 0
0.625 -1.625 0
0.3125 -1.5 0
0.625 -1.5 0
0.625 -1.75 0
0.9375 -1.75 0
0.625 -1.625 0
0.9375 -1.625 0
0.9375 -1.75 0
1.25 -1.75 0
0.9375 -1.625 0
1.25 -1.625 0
0.625 -1.625 0
0.9375 -1.625 0
0.625 -1.5 0
0.9375 -1.5 0
0.9375 -1.625 0
1.25 -1.625 0
0.9375 -1.5 0
1.25 -1.5 0
1.25 -2 0
1.5625 -2 0
1.25 -1.875 0
1.5625 -1.875 0
1.5625 -2 0
1.875 -2 0
1.5625 -1.875 0
1.875 -1.875 0
1.25 -1.875 0
1.5625 -1.875 0
1.25 -1.75 0
1.5625 -1.75 0
1.5625 -1.875 0
1.875 -1.875 0
1.5625 -1.75 0
1.875 -1.75 0
1.875 -2 0
2.1875 -2 0
1.875 -1.875 0
2.1875 -1.875 0
2.1875 -2 0
2.5 -2 0
2.1875 -1.875 0
2.5 -1.875 0
1.875 -1.875 0
2.1875 -1.875 0
1.875 -1.75 0
2.1875 -1.75 0
2.1875 -1.875 0
2.5 -1.875 0
2.1875 -1.75 0
2.5 -1.75 0
1.25 -1.75 0
1.5625 -1.75 0
1.25 -1.625 0
1.5625 -1.625 0
1.5625 -1.75 0
1.875 -1.75 0
1.5625 -1.625 0
1.875 -1.625 0
1.25 -1.625 0
1.5625 -1.625 0
1.25 -1.5 0
1.5625 -1.5 0
1.5625 -1.625 0
1.875 -1.625 0
1.5625 -1.5 0
1.875 -1.5 0
1.875 -1.75 0
2.1875 -1.75 0
1.875 -1.625 0
2.1875 -1.625 0
2.1875 -1.75 0
2.5 -1.75 0
2.1875 -1.625 0
2.5 -1.625 0
1.875 -1.625 0
2.1875 -1.625 0
1.875 -1.5 0
2.1875 -1.5 0
2.1875 -1.625 0
2.5 -1.625 0
2.1875 -1.5 0
2.5 -1.5 0
0 -1.5 0
0.3125 -1.5 0
0 -1.375 0
0.3125 -1.375 0
0.3125 -1.5 0
0.625 -1.5 0
0.3125 -1.375 0
0.625 -1.375 0
0 -1.375 0
0.3125 -1.375 0
0 -1.25 0
0.3125 -1.25 0
0.3125 -1.375 0
0.625 -1.375 0
0.3125 -1.25 0
0.625 -1.25 0
0.625 -1.5 0
0.9375 -1.5 0
0.625 -1.375 0
0.9375 -1.375 0
0.9375 -1.5 0
1.25 -1.5 0
0.9375 -1.375 0
1.25 -1.375 0
0.625 -1.375 0
0.9375 -1.375 0
0.625 -1.25 0
0.9375 -1.25 0
0.9375 -1.375 0
1.25 -1.375 0
0.9375 -1.25 0
1.25 -1.25 0
0 -1.25 0
0.3125 -1.25 0
0 -1.125 0
0.3125 -1.125 0
0.3125 -1.25 0
0.625 -1.25 0
0.3125 -1.125 0
0.625 -1.125 0
0 -1.125 0
0.3125 -1.125 0
0 -1 0
0.3125 -1 0
0.3125 -1.125 0
0.625 -1.125 0
0.3125 -1 0
0.625 -1 0
0.625 -1.25 0
0.9375 -1.25 0
0.625 -1.125 0
0.9375 -1.125 0
0.9375 -1.25 0
1.25 -1.25 0
0.9375 -1.125 0
1.25 -1.125 0
0.625 -1.125 0
0.9375 -1.125 0
0.625 -1 0
0.9375 -1 0
0.9375 -1.125 0
1.25 -1.125 0
0.9375 -1 0
1.25 -1 0
1.25 -1.5 0
1.5625 -1.5 0
1.25 -1.375 0
1.5625 -1.375 0
1.5625 -1.5 0
1.875 -1.5 0
1.5625 -1.375 0
1.875 -1.375 0
1.25 -1.375 0
1.5625 -1.375 0
1.25 -1.25 0
1.5625 -1.25 0
1.5625 -1.375 0
1.875 -1.375 0
1.5625 -1.25 0
1.875 -1.25 0
1.875 -1.5 0
2.1875 -1.5 0
1.875 -1.375 0
2.1875 -1.375 0
2.1875 -1.5 0
2.5 -1.5 0
2.1875 -1.375 0
2.5 -1.375 0
1.875 -1.375 0
2.1875 -1.375 0
1.875 -1.25 0
2.1875 -1.25 0
2.1875 -1.375 0
2.5 -1.375 0
2.1875 -1.25 0
2.5 -1.25 0
1.25 -1.25 0
1.5625 -1.25 0
1.25 -1.125 0
1.5625 -1.125 0
1.5625 -1.25 0
1.875 -1.25 0
1.5625 -1.125 0
1.875 -1.125 0
1.25 -1.125 0
1.5625 -1.125 0
1.25 -1 0
1.5625 -1 0
1.5625 -1.125 0
1.875 -1.125 0
1.5625 -1 0
1.875 -1 0
1.875 -1.25 0
2.1875 -1.25 0
1.875 -1.125 0
2.1875 -1.125 0
2.1875 -1.25 0
2.5 -1.25 0
2.1875 -1.125 0
2.5 -1.125 0
1.875 -1.125 0
2.1875 -1.125 0
1.875 -1 0
2.1875 -1 0
2.1875 -1.125 0
2.5 -1.125 0
2.1875 -1 0
2.5 -1 0
2.5 -2 0
2.8125 -2 0
2.5 -1.875 0
2.8125 -1.875 0
2.8125 -2 0
3.125 -2 0
2.8125 -1.875 0
3.125 -1.875 0
2.5 -1.875 0
2.8125 -1.875 0
2.5 -1.75 0
2.8125 -1.75 0
2.8125 -1.875 0
3.125 -1.875 0
2.8125 -1.75 0
3.125 -1.75 0
3.125 -2 0
3.4375 -2 0
3.125 -1.875 0
3.4375 -1.875 0
3.4375 -2 0
3.75 -2 0
3.4375 -1.875 0
3.75 -1.875 0
3.125 -1.875 0
3.4375 -1.875 0
3.125 -1.75 0
3.4375 -1.75 0
3.4375 -1.875 0
3.75 -1.875 0
3.4375 -1.75 0
3.75 -1.75 0
2.5 -1.75 0
2.8125 -1.75 0
2.5 -1.625 0
2.8125 -1.625 0
2.8125 -1.75 0
3.125 -1.75 0
2.8125 -1.625 0
3.125 -1.625 0
2.5 -1.625 0
2.8125 -1.625 0
2.5 -1.5 0
2.8125 -1.5 0
2.8125 -1.625 0
3.125 -1.625 0
2.8125 -1.5 0
3.125 -1.5 0
3.125 -1.75 0
3.4375 -1.75 0
3.125 -1.625 0
3.4375 -1.625 0
3.4375 -1.75 0
3.75 -1.75 0
3.4375 -1.625 0
3.75 -1.625 0
3.125 -1.625 0
3.4375 -1.625 0
3.125 -1.5 0
3.4375 -1.5 0
3.4375 -1.625 0
3.75 -1.625 0
3.4375 -1.5 0
3.75 -1.5 0
3.75 -2 0
4.0625 -2 0
3.75 -1.875 0
4.0625 -1.875 0
4.0625 -2 0
4.375 -2 0
4.0625 -1.875 0
4.375 -1.875 0
3.75 -1.875 0
4.0625 -1.875 0
3.75 -1.75 0
4.0625 -1.75 0
4.0625 -1.875 0
4.375 -1.875 0
4.0625 -1.75 0
4.375 -1.75 0
4.375 -2 0
4.6875 -2 0
4.375 -1.875 0
4.6875 -1.875 0
4.6875 -2 0
5 -2 0
4.6875 -1.875 0
5 -1.875 0
4.375 -1.875 0
4.6875 -1.875 0
4.375 -1.75 0
4.6875 -1.75 0
4.6875 -1.875 0
5 -1.875 0
4.6875 -1.75 0
5 -1.75 0
3.75 -1.75 0
4.0625 -1.75 0
3.75 -1.625 0
4.0625 -1.625 0
4.0625 -1.75 0
4.375 -1.75 0
4.0625 -1.625 0
4.375 -1.625 0
3.75 -1.625 0
4.0625 -1.625 0
3.75 -1.5 0
4.0625 -1.5 0
4.0625 -1.625 0
4.375 -1.625 0
4.0625 -1.5 0
4.375 -1.5 0
4.375 -1.75 0
4.6875 -1.75 0
4.375 -1.625 0
4.6875 -1.625 0
4.6875 -1.75 0
5 -1.75 0
4.6875 -1.625 0
5 -1.625 0
4.375 -1.625 0
4.6875 -1.625 0
4.375 -1.5 0
4.6875 -1.5 0
4.6875 -1.625 0
5 -1.625 0
4.6875 -1.5 0
5 -1.5 0
2.5 -1.5 0
2.8125 -1.5 0
2.5 -1.375 0
2.8125 -1.375 0
2.8125 -1.5 0
3.125 -1.5 0
2.8125 -1.375 0
3.125 -1.375 0
2.5 -1.375 0
2.8125 -1.375 0
2.5 -1.25 0
2.8125 -1.25 0
2.8125 -1.375 0
3.125 -1.375 0
2.8125 -1.25 0
3.125 -1.25 0
3.125 -1.5 0
3.4375 -1.5 0
3.125 -1.375 0
3.4375 -1.375 0
3.4375 -1.5 0
3.75 -1.5 0
3.4375 -1.375 0
3.75 -1.375 0
3.125 -1.375 0
3.4375 -1.375 0
3.125 -1.25 0
3.4375 -1.25 0
3.4375 -1.375 0
3.75 -1.375 0
3.4375 -1.25 0
3.75 -1.25 0
2.5 -1.25 0
2.8125 -1.25 0
2.5 -1.125 0
2.8125 -1.125 0
2.8125 -1.25 0
3.125 -1.25 0
2.8125 -1.125 0
3.125 -1.125 0
2.5 -1.125 0
2.8125 -1.125 0
2.5 -1 0
2.8125 -1 0
2.8125 -1.125 0
3.125 -1.125 0
2.8125 -1 0
3.125 -1 0
3.125 -1.25 0
3.4375 -1.25 0
3.125 -1.125 0
3.4375 -1.125 0
3.4375 -1.25 0
3.75 -1.25 0
3.4375 -1.125 0
3.75 -1.125 0
3.125 -1.125 0
3.4375 -1.125 0
3.125 -1 0
3.4375 -1 0
3.4375 -1.125 0
3.75 -1.125 0
3.4375 -1 0
3.75 -1 0
3.75 -1.5 0
4.0625 -1.5 0
3.75 -1.375 0
4.0625 -1.375 0
4.0625 -1.5 0
4.375 -1.5 0
4.0625 -1.375 0
4.375 -1.375 0
3.75 -1.375 0
4.0625 -1.375 0
3.75 -1.25 0
4.0625 -1.25 0
4.0625 -1.375 0
4.375 -1.375 0
4.0625 -1.25 0
4.375 -1.25 0
4.375 -1.5 0
4.6875 -1.5 0
4.375 -1.375 0
4.6875 -1.375 0
4.6875 -1.5 0
5 -1.5 0
4.6875 -1.375 0
5 -1.375 0
4.375 -1.375 0
4.6875 -1.375 0
4.375 -1.25 0
4.6875 -1.25 0
4.6875 -1.375 0
5 -1.375 0
4.6875 -1.25 0
5 -1.25 0
3.75 -1.25 0
4.0625 -1.25 0
3.75 -1.125 0
4.0625 -1.125 0
4.0625 -1.25 0
4.375 -1.25 0
4.0625 -1.125 0
4.375 -1.125 0
3.75 -1.125 0
4.0625 -1.125 0
3.75 -1 0
4.0625 -1 0
4.0625 -1.125 0
4.375 -1.125 0
4.0625 -1 0
4.375 -1 0
4.375 -1.25 0
4.6875 -1.25 0
4.375 -1.125 0
4.6875 -1.125 0
4.6875 -1.25 0
5 -1.25 0
4.6875 -1.125 0
5 -1.125 0
4.375 -1.125 0
4.6875 -1.125 0
4.375 -1 0
4.6875 -1 0
4.6875 -1.125 0
5 -1.125 0
4.6875 -1 0
5 -1 0
-5 -1 0
-4.6875 -1 0
-5 -0.875 0
-4.6875 -0.875 0
-4.6875 -1 0
-4.375 -1 0
-4.6875 -0.875 0
-4.375 -0.875 0
-5 -0.875 0
-4.6875 -0.875 0
-5 -0.75 0
-4.6875 -0.75 0
-4.6875 -0.875 0
-4.375 -0.875 0
-4.6875 -0.75 0
-4.375 -0.75 0
-4.375 -1 0
-4.0625 -1 0
-4.375 -0.875 0
-4.0625 -0.875 0
-4.0625 -1 0
-3.75 -1 0
-4.0625 -0.875 0
-3.75 -0.875 0
-4.375 -0.875 0
-4.0625 -0.875 0
-4.375 -0.75 0
-4.0625 -0.75 0
-4.0625 -0.875 0
-3.75 -0.875 0
-4.0625 -0.75 0
-3.75 -0.75 0
-5 -0.75 0
-4.6875 -0.75 0
-5 -0.625 0
-4.6875 -0.625 0
-4.6875 -0.75 0
-4.375 -0.75 0
-4.6875 -0.625 0
-4.375 -0.625 0
-5 -0.625 0
-4.6875 -0.625 0
-5 -0.5 0
-4.6875 -0.5 0
-4.6875 -0.625 0
-4.375 -0.625 0
-4.6875 -0.5 0
-4.375 -0.5 0
-4.375 -0.75 0
-4.0625 -0.75 0
-4.375 -0.625 0
-4.0625 -0.625 0
-4.0625 -0.75 0
-3.75 -0.75 0
-4.0625 -0.625 0
-3.75 -0.625 0
-4.375 -0.625 0
-4.0625 -0.625 0
-4.375 -0.5 0
-4.0625 -0.5 0
-4.0625 -0.625 0
-3.75 -0.625 0
-4.0625 -0.5 0
-3.75 -0.5 0
-3.75 -1 0
-3.4375 -1 0
-3.75 -0.875 0
-3.4375 -0.875 0
-3.4375 -1 0
-3.125 -1 0
-3.4375 -0.875 0
-3.125 -0.875 0
-3.75 -0.875 0
-3.4375 -0.875 0
-3.75 -0.75 0
-3.4375 -0.75 0
-3.4375 -0.875 0
-3.125 -0.875 0
-3.4375 -0.75 0
-3.125 -0.75 0
-3.125 -1 0
-2.8125 -1 0
-3.125 -0.875 0
-2.8125 -0.875 0
-2.8125 -1 0
-2.5 -1 0
-2.8125 -0.875 0
-2.5 -0.875 0
-3.125 -0.875 0
-2.8125 -0.875 0
-3.125 -0.75 0
-2.8125 -0.75 0
-2.8125 -0.875 0
-2.5 -0.875 0
-2.8125 -0.75 0
-2.5 -0.75 0
-3.75 -0.75 0
-3.4375 -0.75 0
-3.75 -0.625 0
-3.4375 -0.625 0
-3.4375 -0.75 0
-3.125 -0.75 0
-3.4375 -0.625 0
-3.125 -0.625 0
-3.75 -0.625 0
-3.4375 -0.625 0
-3.75 -0.5 0
-3.4375 -0.5 0
-3.4375 -0.625 0
-3.125 -0.625 0
-3.4375 -0.5 0
-3.125 -0.5 0
-3.125 -0.75 0
-2.8125 -0.75 0
-3.125 -0.625 0
-2.8125 -0.625 0
-2.8125 -0.75 0
-2.5 -0.75 0
-2.8125 -0.625 0
-2.5 -0.625 0
-3.125 -0.625 0
-2.8125 -0.625 0
-3.125 -0.5 0
-2.8125 -0.5 0
-2.8125 -0.625 0
-2.5 -0.625 0
-2.8125 -0.5 0
-2.5 -0.5 0
-5 -0.5 0
-4.6875 -0.5 0
-5 -0.375 0
-4.6875 -0.375 0
-4.6875 -0.5 0
-4.375 -0.5 0
-4.6875 -0.375 0
-4.375 -0.375 0
-5 -0.375 0
-4.6875 -0.375 0
-5 -0.25 0
-4.6875 -0.25 0
-4.6875 -0.375 0
-4.375 -0.375 0
-4.6875 -0.25 0
-4.375 -0.25 0
-4.375 -0.5 0
-4.0625 -0.5 0
-4.375 -0.375 0
-4.0625 -0.375 0
-4.0625 -0.5 0
-3.75 -0.5 0
-4.0625 -0.375 0
-3.75 -0.375 0
-4.375 -0.375 0
-4.0625 -0.375 0
-4.375 -0.25 0
-4.0625 -0.25 0
-4.0625 -0.375 0
-3.75 -0.375 0
-4.0625 -0.25 0
-3.75 -0.25 0
-5 -0.25 0
-4.6875 -0.25 0
-5 -0.125 0
-4.6875 -0.125 0
-4.6875 -0.25 0
-4.375 -0.25 0
-4.6875 -0.125 0
-4.375 -0.125 0
-5 -0.125 0
-4.6875 -0.125 0
-5 0 0
-4.6875 0 0
-4.6875 -0.125 0
-4.375 -0.125 0
-4.6875 0 0
-4.375 0 0
-4.375 -0.25 0
-4.0625 -0.25 0
-4.375 -0.125 0
-4.0625 -0.125 0
-4.0625 -0.25 0
-3.75 -0.25 0
-4.0625 -0.125 0
-3.75 -0.125 0
-4.375 -0.125 0
-4.0625 -0.125 0
-4.375 0 0
-4.0625 0 0
-4.0625 -0.125 0
-3.75 -0.125 0
-4.0625 0 0
-3.75 0 0
-3.75 -0.5 0
-3.4375 -0.5 0
-3.75 -0.375 0
-3.4375 -0.375 0
-3.4375 -0.5 0
-3.125 -0.5 0
-3.4375 -0.375 0
-3.125 -0.375 0
-3.75 -0.375 0
-3.4375 -0.375 0
-3.75 -0.25 0
-3.4375 -0.25 0
-3.4375 -0.375 0
-3.125 -0.375 0
-3.4375 -0.25 0
-3.125 -0.25 0
-3.125 -0.5 0
-2.8125 -0.5 0
-3.125 -0.375 0
-2.8125 -0.375 0
-2.8125 -0.5 0
-2.5 -0.5 0
-2.8125 -0.375 0
-2.5 -0.375 0
-3.125 -0.375 0
-2.8125 -0.375 0
-3.125 -0.25 0
-2.8125 -0.25 0
-2.8125 -0.375 0
-2.5 -0.375 0
-2.8125 -0.25 0
-2.5 -0.25 0
-3.75 -0.25 0
-3.4375 -0.25 0
-3.75 -0.125 0
-3.4375 -0.125 0
-3.4375 -0.25 0
-3.125 -0.25 0
-3.4375 -0.125 0
-3.125 -0.125 0
-3.75 -0.125 0
-3.4375 -0.125 0
-3.75 0 0
-3.4375 0 0
-3.4375 -0.125 0
-3.125 -0.125 0
-3.4375 0 0
-3.125 0 0
-3.125 -0.25 0
-2.8125 -0.25 0
-3.125 -0.125 0
-2.8125 -0.125 0
-2.8125 -0.25 0
-2.5 -0.25 0
-2.8125 -0.125 0
-2.5 -0.125 0
-3.125 -0.125 0
-2.8125 -0.125 0
-3.125 0 0
-2.8125 0 0
-2.8125 -0.125 0
-2.5 -0.125 0
-2.8125 0 0
-2.5 0 0
-2.5 -1 0
-2.1875 -1 0
-2.5 -0.875 0
-2.1875 -0.875 0
-2.1875 -1 0
-1.875 -1 0
-2.1875 -0.875 0
-1.875 -0.875 0
-2.5 -0.875 0
-2.1875 -0.875 0
-2.5 -0.75 0
-2.1875 -0.75 0
-2.1875 -0.875 0
-1.875 -0.875 0
-2.1875 -0.75 0
-1.875 -0.75 0
-1.875 -1 0
-1.5625 -1 0
-1.875 -0.875 0
-1.5625 -0.875 0
-1.5625 -1 0
-1.25 -1 0
-1.5625 -0.875 0
-1.25 -0.875 0
-1.875 -0.875 0
-1.5625 -0.875 0
-1.875 -0.75 0
-1.5625 -0.75 0
-1.5625 -0.875 0
-1.25 -0.875 0
-1.5625 -0.75 0
-1.25 -0.75 0
-2.5 -0.75 0
-2.1875 -0.75 0
-2.5 -0.625 0
-2.1875 -0.625 0
-2.1875 -0.75 0
-1.875 -0.75 0
-2.1875 -0.625 0
-1.875 -0.625 0
-2.5 -0.625 0
-2.1875 -0.625 0
-2.5 -0.5 0
-2.1875 -0.5 0
-2.1875 -0.625 0
-1.875 -0.625 0
-2.1875 -0.5 0
-1.875 -0.5 0
-1.875 -0.75 0
-1.5625 -0.75 0
-1.875 -0.625 0
-1.5625 -0.625 0
-1.5625 -0.75 0
-1.25 -0.75 0
-1.5625 -0.625 0
-1.25 -0.625 0
-1.875 -0.625 0
-1.5625 -0.625 0
-1.875 -0.5 0
-1.5625 -0.5 0
-1.5625 -0.625 0
-1.25 -0.625 0
-1.5625 -0.5 0
-1.25 -0.5 0
-1.25 -1 0
-0.9375 -1 0
-1.25 -0.875 0
-0.9375 -0.875 0
-0.9375 -1 0
-0.625 -1 0
-0.9375 -0.875 0
-0.625 -0.875 0
-1.25 -0.875 0
-0.9375 -0.875 0
-1.25 -0.75 0
-0.9375 -0.75 0
-0.9375 -0.875 0
-0.625 -0.875 0
-0.9375 -0.75 0
-0.625 -0.75 0
-0.625 -1 0
-0.3125 -1 0
-0.625 -0.875 0
-0.3125 -0.875 0
-0.3125 -1 0
0 -1 0
-0.3125 -0.875 0
0 -0.875 0
-0.625 -0.875 0
-0.3125 -0.875 0
-0.625 -0.75 0
-0.3125 -0.75 0
-0.3125 -0.875 0
0 -0.875 0
-0.3125 -0.75 0
0 -0.75 0
-1.25 -0.75 0
-0.9375 -0.75 0
-1.25 -0.625 0
-0.9375 -0.625 0
-0.9375 -0.75 0
-0.625 -0.75 0
-0.9375 -0.625 0
-0.625 -0.625 0
-1.25 -0.625 0
-0.9375 -0.625 0
-1.25 -0.5 0
-0.9375 -0.5 0
-0.9375 -0.625 0
-0.625 -0.625 0
-0.9375 -0.5 0
-0.625 -0.5 0
-0.625 -0.75 0
-0.3125 -0.75 0
-0.625 -0.625 0
-0.3125 -0.625 0
-0.3125 -0.75 0
0 -0.75 0
-0.3125 -0.625 0
0 -0.625 0
-0.625 -0.625 0
-0.3125 -0.625 0
-0.625 -0.5 0
-0.3125 -0.5 0
-0.3125 -0.625 0
0 -0.625 0
-0.3125 -0.5 0
0 -0.5 0
-2.5 -0.5 0
-2.1875 -0.5 0
-2.5 -0.375 0
-2.1875 -0.375 0
-2.1875 -0.5 0
-1.875 -0.5 0
-2.1875 -0.375 0
-1.875 -0.375 0
-2.5 -0.375 0
-2.1875 -0.375 0
-2.5 -0.25 0
-2.1875 -0.25 0
-2.1875 -0.375 0
-1.875 -0.375 0
-2.1875 -0.25 0
-1.875 -0.25 0
-1.875 -0.5 0
-1.5625 -0.5 0
-1.875 -0.375 0
-1.5625 -0.375 0
-1.5625 -0.5 0
-1.25 -0.5 0
-1.5625 -0.375 0
-1.25 -0.375 0
-1.875 -0.375 0
-1.5625 -0.375 0
-1.875 -0.25 0
-1.5625 -0.25 0
-1.5625 -0.375 0
-1.25 -0.375 0
-1.5625 -0.25 0
-1.25 -0.25 0
-2.5 -0.25 0
-2.1875 -0.25 0
-2.5 -0.125 0
-2.1875 -0.125 0
-2.1875 -0.25 0
-1.875 -0.25 0
-2.1875 -0.125 0
-1.875 -0.125 0
-2.5 -0.125 0
-2.1875 -0.125 0
-2.5 0 0
-2.1875 0 0
-2.1875 -0.125 0
-1.875 -0.125 0
-2.1875 0 0
-1.875 0 0
-1.875 -0.25 0
-1.5625 -0.25 0
-1.875 -0.125 0
-1.5625 -0.125 0
-1.5625 -0.25 0
-1.25 -0.25 0
-1.5625 -0.125 0
-1.25 -0.125 0
-1.875 -0.125 0
-1.5625 -0.125 0
-1.875 0 0
-1.5625 0 0
-1.5625 -0.125 0
-1.25 -0.125 0
-1.5625 0 0
-1.25 0 0
-1.25 -0.5 0
-0.9375 -0.5 0
-1.25 -0.375 0
-0.9375 -0.375 0
-0.9375 -0.5 0
-0.625 -0.5 0
-0.9375 -0.375 0
-0.625 -0.375 0
-1.25 -0.375 0
-0.9375 -0.375 0
-1.25 -0.25 0
-0.9375 -0.25 0
-0.9375 -0.375 0
-0.625 -0.375 0
-0.9375 -0.25 0
-0.625 -0.25 0
-0.625 -0.5 0
-0.3125 -0.5 0
-0.625 -0.375 0
-0.3125 -0.375 0
-0.3125 -0.5 0
0 -0.5 0
-0.3125 -0.375 0
0 -0.375 0
-0.625 -0.375 0
-0.3125 -0.375 0
-0.625 -0.25 0
-0.3125 -0.25 0
-0.3125 -0.375 0
0 -0.375 0
-0.3125 -0.25 0
0 -0.25 0
-1.25 -0.25 0
-0.9375 -0.25 0
-1.25 -0.125 0
-0.9375 -0.125 0
-0.9375 -0.25 0
-0.625 -0.25 0
-0.9375 -0.125 0
-0.625 -0.125 0
-1.25 -0.125 0
-0.9375 -0.125 0
-1.25 0 0
-0.9375 0 0
-0.9375 -0.125 0
-0.625 -0.125 0
-0.9375 0 0
-0.625 0 0
-0.625 -0.25 0
-0.3125 -0.25 0
-0.625 -0.125 0
-0.3125 -0.125 0
-0.3125 -0.25 0
0 -0.25 0
-0.3125 -0.125 0
0 -0.125 0
-0.625 -0.125 0
-0.3125 -0.125 0
-0.625 0 0
-0.3125 0 0
-0.3125 -0.125 0
0 -0.125 0
-0.3125 0 0
0 0 0
0 -1 0
0.3125 -1 0
0 -0.875 0
0.3125 -0.875 0
0.3125 -1 0
0.625 -1 0
0.3125 -0.875 0
0.625 -0.875 0
0 -0.875 0
0.3125 -0.875 0
0 -0.75 0
0.3125 -0.75 0
0.3125 -0.875 0
0.625 -0.875 0
0.3125 -0.75 0
0.625 -0.75 0
0.625 -1 0
0.9375 -1 0
0.625 -0.875 0
0.9375 -0.875 0
0.9375 -1 0
1.25 -1 0
0.9375 -0.875 0
1.25 -0.875 0
0.625 -0.875 0
0.9375 -0.875 0
0.625 -0.75 0
0.9375 -0.75 0
0.9375 -0.875 0
1.25 -0.875 0
0.9375 -0.75 0
1.25 -0.75 0
0 -0.75 0
0.3125 -0.75 0
0 -0.625 0
0.3125 -0.625 0
0.3125 -0.75 0
0.625 -0.75 0
0.3125 -0.625 0
0.625 -0.625 0
0 -0.625 0
0.3125 -0.625 0
0 -0.5 0
0.3125 -0.5 0
0.3125 -0.625 0
0.625 -0.625 0
0.3125 -0.5 0
0.625 -0.5 0
0.625 -0.75 0
0.9375 -0.75 0
0.625 -0.625 0
0.9375 -0.625 0
0.9375 -0.75 0
1.25 -0.75 0
0.9375 -0.625 0
1.25 -0.625 0
0.625 -0.625 0
0.9375 -0.625 0
0.625 -0.5 0
0.9375 -0.5 0
0.9375 -0.625 0
1.25 -0.625 0
0.9375 -0.5 0
1.25 -0.5 0
1.25 -1 0
1.5625 -1 0
1.25 -0.875 0
1.5625 -0.875 0
1.5625 -1 0
1.875 -1 0
1.5625 -0.875 0
1.875 -0.875 0
1.25 -0.875 0
1.5625 -0.875 0
1.25 -0.75 0
1.5625 -0.75 0
1.5625 -0.875 0
1.875 -0.875 0
1.5625 -0.75 0
1.875 -0.75 0
1.875 -1 0
2.1875 -1 0
1.875 -0.875 0
2.1875 -0.875 0
2.1875 -1 0
2.5 -1 0
2.1875 -0.875 0
2.5 -0.875 0
1.875 -0.875 0
2.1875 -0.875 0
1.875 -0.75 0
2.1875 -0.75 0
2.1875 -0.875 0
2.5 -0.875 0
2.1875 -0.75 0
2.5 -0.75 0
1.25 -0.75 0
1.5625 -0.75 0
1.25 -0.625 0
1.5625 -0.625 0
1.5625 -0.75 0
1.875 -0.75 0
1.5625 -0.625 0
1.875 -0.625 0
1.25 -0.625 0
1.5625 -0.625 0
1.25 -0.5 0
1.5625 -0.5 0
1.5625 -0.625 0
1.875 -0.625 0
1.5625 -0.5 0
1.875 -0.5 0
1.875 -0.75 0
2.1875 -0.75 0
1.875 -0.625 0
2.1875 -0.625 0
2.1875 -0.75 0
2.5 -0.75 0
2.1875 -0.625 0
2.5 -0.625 0
1.875 -0.625 0
2.1875 -0.625 0
1.875 -0.5 0
2.1875 -0.5 0
2.1875 -0.625 0
2.5 -0.625 0
2.1875 -0.5 0
2.5 -0.5 0
0 -0.5 0
0.3125 -0.5 0
0 -0.375 0
0.3125 -0.375 0
0.3125 -0.5 0
0.625 -0.5 0
0.3125 -0.375 0
0.625 -0.375 0
0 -0.375 0
0.3125 -0.375 0
0 -0.25 0
0.3125 -0.25 0
0.3125 -0.375 0
0.625 -0.375 0
0.3125 -0.25 0
0.625 -0.25 0
0.625 -0.5 0
0.9375 -0.5 0
0.625 -0.375 0
0.9375 -0.375 0
0.9375 -0.5 0
1.25 -0.5 0
0.9375 -0.375 0
1.25 -0.375 0
0.625 -0.375 0
0.9375 -0.375 0
0.625 -0.25 0
0.9375 -0.25 0
0.9375 -0.375 0
1.25 -0.375 0
0.9375 -0.25 0
1.25 -0.25 0
0 -0.25 0
0.3125 -0.25 0
0 -0.125 0
0.3125 -0.125 0
0.3125 -0.25 0
0.625 -0.25 0
0.3125 -0.125 0
0.625 -0.125 0
0 -0.125 0
0.3125 -0.125 0
0 0 0
0.3125 0 0
0.3125 -0.125 0
0.625 -0.125 0
0.3125 0 0
0.625 0 0
0.625 -0.25 0
0.9375 -0.25 0
0.625 -0.125 0
0.9375 -0.125 0
0.9375 -0.25 0
1.25 -0.25 0
0.9375 -0.125 0
1.25 -0.125 0
0.625 -0.125 0
0.9375 -0.125 0
0.625 0 0
0.9375 0 0
0.9375 -0.125 0
1.25 -0.125 0
0.9375 0 0
1.25 0 0
1.25 -0.5 0
1.5625 -0.5 0
1.25 -0.375 0
1.5625 -0.375 0
1.5625 -0.5 0
1.875 -0.5 0
1.5625 -0.375 0
1.875 -0.375 0
1.25 -0.375 0
1.5625 -0.375 0
1.25 -0.25 0
1.5625 -0.25 0
1.5625 -0.375 0
1.875 -0.375 0
1.5625 -0.25 0
1.875 -0.25 0
1.875 -0.5 0
2.1875 -0.5 0
1.875 -0.375 0
2.1875 -0.375 0
2.1875 -0.5 0
2.5 -0.5 0
2.1875 -0.375 0
2.5 -0.375 0
1.875 -0.375 0
2.1875 -0.375 0
1.875 -0.25 0
2.1875 -0.25 0
2.1875 -0.375 0
2.5 -0.375 0
2.1875 -0.25 0
2.5 -0.25 0
1.25 -0.25 0
1.5625 -0.25 0
1.25 -0.125 0
1.5625 -0.125 0
1.5625 -0.25 0
1.875 -0.25 0
1.5625 -0.125 0
1.875 -0.125 0
1.25 -0.125 0
1.5625 -0.125 0
1.25 0 0
1.5625 0 0
1.5625 -0.125 0
1.875 -0.125 0
1.5625 0 0
1.875 0 0
1.875 -0.25 0
2.1875 -0.25 0
1.875 -0.125 0
2.1875 -0.125 0
2.1875 -0.25 0
2.5 -0.25 0
2.1875 -0.125 0
2.5 -0.125 0
1.875 -0.125 0
2.1875 -0.125 0
1.875 0 0
2.1875 0 0
2.1875 -0.125 0
2.5 -0.125 0
2.1875 0 0
2.5 0 0
2.5 -1 0
2.8125 -1 0
2.5 -0.875 0
2.8125 -0.875 0
2.8125 -1 0
3.125 -1 0
2.8125 -0.875 0
3.125 -0.875 0
2.5 -0.875 0
2.8125 -0.875 0
2.5 -0.75 0
2.8125 -0.75 0
2.8125 -0.875 0
3.125 -0.875 0
2.8125 -0.75 0
3.125 -0.75 0
3.125 -1 0
3.4375 -1 0
3.125 -0.875 0
3.4375 -0.875 0
3.4375 -1 0
3.75 -1 0
3.4375 -0.875 0
3.75 -0.875 0
3.125 -0.875 0
3.4375 -0.875 0
3.125 -0.75 0
3.4375 -0.75 0
3.4375 -0.875 0
3.75 -0.875 0
3.4375 -0.75 0
3.75 -0.75 0
2.5 -0.75 0
2.8125 -0.75 0
2.5 -0.625 0
2.8125 -0.625 0
2.8125 -0.75 0
3.125 -0.75 0
2.8125 -0.625 0
3.125 -0.625 0
2.5 -0.625 0
2.8125 -0.625 0
2.5 -0.5 0
2.8125 -0.5 0
2.8125 -0.625 0
3.125 -0.625 0
2.8125 -0.5 0
3.125 -0.5 0
3.125 -0.75 0
3.4375 -0.75 0
3.125 -0.625 0
3.4375 -0.625 0
3.4375 -0.75 0
3.75 -0.75 0
3.4375 -0.625 0
3.75 -0.625 0
3.125 -0.625 0
3.4375 -0.625 0
3.125 -0.5 0
3.4375 -0.5 0
3.4375 -0.625 0
3.75 -0.625 0
3.4375 -0.5 0
3.75 -0.5 0
3.75 -1 0
4.0625 -1 0
3.75 -0.875 0
4.0625 -0.875 0
4.0625 -1 0
4.375 -1 0
4.0625 -0.875 0
4.375 -0.875 0
3.75 -0.875 0
4.0625 -0.875 0
3.75 -0.75 0
4.0625 -0.75 0
4.0625 -0.875 0
4.375 -0.875 0
4.0625 -0.75 0
4.375 -0.75 0
4.375 -1 0
4.6875 -1 0
4.375 -0.875 0
4.6875 -0.875 0
4.6875 -1 0
5 -1 0
4.6875 -0.875 0
5 -0.875 0
4.375 -0.875 0
4.6875 -0.875 0
4.375 -0.75 0
4.6875 -0.75 0
4.6875 -0.875 0
5 -0.875 0
4.6875 -0.75 0
5 -0.75 0
3.75 -0.75 0
4.0625 -0.75 0
3.75 -0.625 0
4.0625 -0.625 0
4.0625 -0.75 0
4.375 -0.75 0
4.0625 -0.625 0
4.375 -0.625 0
3.75 -0.625 0
4.0625 -0.625 0
3.75 -0.5 0
4.0625 -0.5 0
4.0625 -0.625 0
4.375 -0.625 0
4.0625 -0.5 0
4.375 -0.5 0
4.375 -0.75 0
4.6875 -0.75 0
4.375 -0.625 0
4.6875 -0.625 0
4.6875 -0.75 0
5 -0.75 0
4.6875 -0.625 0
5 -0.625 0
4.375 -0.625 0
4.6875 -0.625 0
4.375 -0.5 0
4.6875 -0.5 0
4.6875 -0.625 0
5 -0.625 0
4.6875 -0.5 0
5 -0.5 0
2.5 -0.5 0
2.8125 -0.5 0
2.5 -0.375 0
2.8125 -0.375 0
2.8125 -0.5 0
3.125 -0.5 0
2.8125 -0.375 0
3.125 -0.375 0
2.5 -0.375 0
2.8125 -0.375 0
2.5 -0.25 0
2.8125 -0.25 0
2.8125 -0.375 0
3.125 -0.375 0
2.8125 -0.25 0
3.125 -0.25 0
3.125 -0.5 0
3.4375 -0.5 0
3.125 -0.375 0
3.4375 -0.375 0
3.4375 -0.5 0
3.75 -0.5 0
3.4375 -0.375 0
3.75 -0.375 0
3.125 -0.375 0
3.4375 -0.375 0
3.125 -0.25 0
3.4375 -0.25 0
3.4375 -0.375 0
3.75 -0.375 0
3.4375 -0.25 0
3.75 -0.25 0
2.5 -0.25 0
2.8125 -0.25 0
2.5 -0.125 0
2.8125 -0.125 0
2.8125 -0.25 0
3.125 -0.25 0
2.8125 -0.125 0
3.125 -0.125 0
2.5 -0.125 0
2.8125 -0.125 0
2.5 0 0
2.8125 0 0
2.8125 -0.125 0
3.125 -0.125 0
2.8125 0 0
3.125 0 0
3.125 -0.25 0
3.4375 -0.25 0
3.125 -0.125 0
3.4375 -0.125 0
3.4375 -0.25 0
3.75 -0.25 0
3.4375 -0.125 0
3.75 -0.125 0
3.125 -0.125 0
3.4375 -0.125 0
3.125 0 0
3.4375 0 0
3.4375 -0.125 0
3.75 -0.125 0
3.4375 0 0
3.75 0 0
3.75 -0.5 0
4.0625 -0.5 0
3.75 -0.375 0
4.0625 -0.375 0
4.0625 -0.5 0
4.375 -0.5 0
4.0625 -0.375 0
4.375 -0.375 0
3.75 -0.375 0
4.0625 -0.375 0
3.75 -0.25 0
4.0625 -0.25 0
4.0625 -0.375 0
4.375 -0.375 0
4.0625 -0.25 0
4.375 -0.25 0
4.375 -0.5 0
4.6875 -0.5 0
4.375 -0.375 0
4.6875 -0.375 0
4.6875 -0.5 0
5 -0.5 0
4.6875 -0.375 0
5 -0.375 0
4.375 -0.375 0
4.6875 -0.375 0
4.375 -0.25 0
4.6875 -0.25 0
4.6875 -0.375 0
5 -0.375 0
4.6875 -0.25 0
5 -0.25 0
3.75 -0.25 0
4.0625 -0.25 0
3.75 -0.125 0
4.0625 -0.125 0
4.0625 -0.25 0
4.375 -0.25 0
4.0625 -0.125 0
4.375 -0.125 0
3.75 -0.125 0
4.0625 -0.125 0
3.75 0 0
4.0625 0 0
4.0625 -0.125 0
4.375 -0.125 0
4.0625 0 0
4.375 0 0
4.375 -0.25 0
4.6875 -0.25 0
4.375 -0.125 0
4.6875 -0.125 0
4.6875 -0.25 0
5 -0.25 0
4.6875 -0.125 0
5 -0.125 0
4.375 -0.125 0
4.6875 -0.125 0
4.375 0 0
4.6875 0 0
4.6875 -0.125 0
5 -0.125 0
4.6875 0 0
5 0 0
-5 0 0
-4.6875 0 0
-5 0.125 0
-4.6875 0.125 0
-4.6875 0 0
-4.375 0 0
-4.6875 0.125 0
-4.375 0.125 0
-5 0.125 0
-4.6875 0.125 0
-5 0.25 0
-4.6875 0.25 0
-4.6875 0.125 0
-4.375 0.125 0
-4.6875 0.25 0
-4.375 0.25 0
-4.375 0 0
-4.0625 0 0
-4.375 0.125 0
-4.0625 0.125 0
-4.0625 0 0
-3.75 0 0
-4.0625 0.125 0
-3.75 0.125 0
-4.375 0.125 0
-4.0625 0.125 0
-4.375 0.25 0
-4.0625 0.25 0
-4.0625 0.125 0
-3.75 0.125 0
-4.0625 0.25 0
-3.75 0.25 0
-5 0.25 0
-4.6875 0.25 0
-5 0.375 0
-4.6875 0.375 0
-4.6875 0.25 0
-4.375 0.25 0
-4.6875 0.375 0
-4.375 0.375 0
-5 0.375 0
-4.6875 0.375 0
-5 0.5 0
-4.6875 0.5 0
-4.6875 0.375 0
-4.375 0.375 0
-4.6875 0.5 0
-4.375 0.5 0
-4.375 0.25 0
-4.0625 0.25 0
-4.375 0.375 0
-4.0625 0.375 0
-4.0625 0.25 0
-3.75 0.25 0
-4.0625 0.375 0
-3.75 0.375 0
-4.375 0.375 0
-4.0625 0.375 0
-4.375 0.5 0
-4.0625 0.5 0
-4.0625 0.375 0
-3.75 0.375 0
-4.0625 0.5 0
-3.75 0.5 0
-3.75 0 0
-3.4375 0 0
-3.75 0.125 0
-3.4375 0.125 0
-3.4375 0 0
-3.125 0 0
-3.4375 0.125 0
-3.125 0.125 0
-3.75 0.125 0
-3.4375 0.125 0
-3.75 0.25 0
-3.4375 0.25 0
-3.4375 0.125 0
-3.125 0.125 0
-3.4375 0.25 0
-3.125 0.25 0
-3.125 0 0
-2.8125 0 0
-3.125 0.125 0
-2.8125 0.125 0
-2.8125 0 0
-2.5 0 0
-2.8125 0.125 0
-2.5 0.125 0
-3.125 0.125 0
-2.8125 0.125 0
-3.125 0.25 0
-2.8125 0.25 0
-2.8125 0.125 0
-2.5 0.125 0
-2.8125 0.25 0
-2.5 0.25 0
-3.75 0.25 0
-3.4375 0.25 0
-3.75 0.375 0
-3.4375 0.375 0
-3.4375 0.25 0
-3.125 0.25 0
-3.4375 0.375 0
-3.125 0.375 0
-3.75 0.375 0
-3.4375 0.375 0
-3.75 0.5 0
-3.4375 0.5 0
-3.4375 0.375 0
-3.125 0.375 0
-3.4375 0.5 0
-3.125 0.5 0
-3.125 0.25 0
-2.8125 0.25 0
-3.125 0.375 0
-2.8125 0.375 0
-2.8125 0.25 0
-2.5 0.25 0
-2.8125 0.375 0
-2.5 0.375 0
-3.125 0.375 0
-2.8125 0.375 0
-3.125 0.5 0
-2.8125 0.5 0
-2.8125 0.375 0
-2.5 0.375 0
-2.8125 0.5 0
-2.5 0.5 0
-5 0.5 0
-4.6875 0.5 0
-5 0.625 0
-4.6875 0.625 0
-4.6875 0.5 0
-4.375 0.5 0
-4.6875 0.625 0
-4.375 0.625 0
-5 0.625 0
-4.6875 0.625 0
-5 0.75 0
-4.6875 0.75 0
-4.6875 0.625 0
-4.375 0.625 0
-4.6875 0.75 0
-4.375 0.75 0
-4.375 0.5 0
-4.0625 0.5 0
-4.375 0.625 0
-4.0625 0.625 0
-4.0625 0.5 0
-3.75 0.5 0
-4.0625 0.625 0
-3.75 0.625 0
-4.375 0.625 0
-4.0625 0.625 0
-4.375 0.75 0
-4.0625 0.75 0
-4.0625 0.625 0
-3.75 0.625 0
-4.0625 0.75 0
-3.75 0.75 0
-5 0.75 0
-4.6875 0.75 0
-5 0.875 0
-4.6875 0.875 0
-4.6875 0.75 0
-4.375 0.75 0
-4.6875 0.875 0
-4.375 0.875 0
-5 0.875 0
-4.6875 0.875 0
-5 1 0
-4.6875 1 0
-4.6875 0.875 0
-4.375 0.875 0
-4.6875 1 0
-4.375 1 0
-4.375 0.75 0
-4.0625 0.75 0
-4.375 0.875 0
-4.0625 0.875 0
-4.0625 0.75 0
-3.75 0.75 0
-4.0625 0.875 0
-3.75 0.875 0
-4.375 0.875 0
-4.0625 0.875 0
-4.375 1 0
-4.0625 1 0
-4.0625 0.875 0
-3.75 0.875 0
-4.0625 1 0
-3.75 1 0
-3.75 0.5 0
-3.4375 0.5 0
-3.75 0.625 0
-3.4375 0.625 0
-3.4375 0.5 0
-3.125 0.5 0
-3.4375 0.625 0
-3.125 0.625 0
-3.75 0.625 0
-3.4375 0.625 0
-3.75 0.75 0
-3.4375 0.75 0
-3.4375 0.625 0
-3.125 0.625 0
-3.4375 0.75 0
-3.125 0.75 0
-3.125 0.5 0
-2.8125 0.5 0
-3.125 0.625 0
-2.8125 0.625 0
-2.8125 0.5 0
-2.5 0.5 0
-2.8125 0.625 0
-2.5 0.625 0
-3.125 0.625 0
-2.8125 0.625 0
-3.125 0.75 0
-2.8125 0.75 0
-2.8125 0.625 0
-2.5 0.625 0
-2.8125 0.75 0
-2.5 0.75 0
-3.75 0.75 0
-3.4375 0.75 0
-3.75 0.875 0
-3.4375 0.875 0
-3.4375 0.75 0
-3.125 0.75 0
-3.4375 0.875 0
-3.125 0.875 0
-3.75 0.875 0
-3.4375 0.875 0
-3.75 1 0
-3.4375 1 0
-3.4375 0.875 0
-3.125 0.875 0
-3.4375 1 0
-3.125 1 0
-3.125 0.75 0
-2.8125 0.75 0
-3.125 0.875 0
-2.8125 0.875 0
-2.8125 0.75 0
-2.5 0.75 0
-2.8125 0.875 0
-2.5 0.875 0
-3.125 0.875 0
-2.8125 0.875 0
-3.125 1 0
-2.8125 1 0
-2.8125 0.875 0
-2.5 0.875 0
-2.8125 1 0
-2.5 1 0
-2.5 0 0
-2.1875 0 0
-2.5 0.125 0
-2.1875 0.125 0
-2.1875 0 0
-1.875 0 0
-2.1875 0.125 0
-1.875 0.125 0
-2.5 0.125 0
-2.1875 0.125 0
-2.5 0.25 0
-2.1875 0.25 0
-2.1875 0.125 0
-1.875 0.125 0
-2.1875 0.25 0
-1.875 0.25 0
-1.875 0 0
-1.5625 0 0
-1.875 0.125 0
-1.5625 0.125 0
-1.5625 0 0
-1.25 0 0
-1.5625 0.125 0
-1.25 0.125 0
-1.875 0.125 0
-1.5625 0.125 0
-1.875 0.25 0
-1.5625 0.25 0
-1.5625 0.125 0
-1.25 0.125 0
-1.5625 0.25 0
-1.25 0.25 0
-2.5 0.25 0
-2.1875 0.25 0
-2.5 0.375 0
-2.1875 0.375 0
-2.1875 0.25 0
-1.875 0.25 0
-2.1875 0.375 0
-1.875 0.375 0
-2.5 0.375 0
-2.1875 0.375 0
-2.5 0.5 0
-2.1875 0.5 0
-2.1875 0.375 0
-1.875 0.375 0
-2.1875 0.5 0
-1.875 0.5 0
-1.875 0.25 0
-1.5625 0.25 0
-1.875 0.375 0
-1.5625 0.375 0
-1.5625 0.25 0
-1.25 0.25 0
-1.5625 0.375 0
-1.25 0.375 0
-1.875 0.375 0
-1.5625 0.375 0
-1.875 0.5 0
-1.5625 0.5 0
-1.5625 0.375 0
-1.25 0.375 0
-1.5625 0.5 0
-1.25 0.5 0
-1.25 0 0
-0.9375 0 0
-1.25 0.125 0
-0.9375 0.125 0
-0.9375 0 0
-0.625 0 0
-0.9375 0.125 0
-0.625 0.125 0
-1.25 0.125 0
-0.9375 0.125 0
-1.25 0.25 0
-0.9375 0.25 0
-0.9375 0.125 0
-0.625 0.125 0
-0.9375 0.25 0
-0.625 0.25 0
-0.625 0 0
-0.3125 0 0
-0.625 0.125 0
-0.3125 0.125 0
-0.3125 0 0
0 0 0
-0.3125 0.125 0
0 0.125 0
-0.625 0.125 0
-0.3125 0.125 0
-0.625 0.25 0
-0.3125 0.25 0
-0.3125 0.125 0
0 0.125 0
-0.3125 0.25 0
0 0.25 0
-1.25 0.25 0
-0.9375 0.25 0
-1.25 0.375 0
-0.9375 0.375 0
-0.9375 0.25 0
-0.625 0.25 0
-0.9375 0.375 0
-0.625 0.375 0
-1.25 0.375 0
-0.9375 0.375 0
-1.25 0.5 0
-0.9375 0.5 0
-0.9375 0.375 0
-0.625 0.375 0
-0.9375 0.5 0
-0.625 0.5 0
-0.625 0.25 0
-0.3125 0.25 0
-0.625 0.375 0
-0.3125 0.375 0
-0.3125 0.25 0
0 0.25 0
-0.3125 0.375 0
0 0.375 0
-0.625 0.375 0
-0.3125 0.375 0
-0.625 0.5 0
-0.3125 0.5 0
-0.3125 0.375 0
0 0.375 0
-0.3125 0.5 0
0 0.5 0
-2.5 0.5 0
-2.1875 0.5 0
-2.5 0.625 0
-2.1875 0.625 0
-2.1875 0.5 0
-1.875 0.5 0
-2.1875 0.625 0
-1.875 0.625 0
-2.5 0.625 0
-2.1875 0.625 0
-2.5 0.75 0
-2.1875 0.75 0
-2.1875 0.625 0
-1.875 0.625 0
-2.1875 0.75 0
-1.875 0.75 0
-1.875 0.5 0
-1.5625 0.5 0
-1.875 0.625 0
-1.5625 0.625 0
-1.5625 0.5 0
-1.25 0.5 0
-1.5625 0.625 0
-1.25 0.625 0
-1.875 0.625 0
-1.5625 0.625 0
-1.875 0.75 0
-1.5625 0.75 0
-1.5625 0.625 0
-1.25 0.625 0
-1.5625 0.75 0
-1.25 0.75 0
-2.5 0.75 0
-2.1875 0.75 0
-2.5 0.875 0
-2.1875 0.875 0
-2.1875 0.75 0
-1.875 0.75 0
-2.1875 0.875 0
-1.875 0.875 0
-2.5 0.875 0
-2.1875 0.875 0
-2.5 1 0
-2.1875 1 0
-2.1875 0.875 0
-1.875 0.875 0
-2.1875 1 0
-1.875 1 0
-1.875 0.75 0
-1.5625 0.75 0
-1.875 0.875 0
-1.5625 0.875 0
-1.5625 0.75 0
-1.25 0.75 0
-1.5625 0.875 0
-1.25 0.875 0
-1.875 0.875 0
-1.5625 0.875 0
-1.875 1 0
-1.5625 1 0
-1.5625 0.875 0
-1.25 0.875 0
-1.5625 1 0
-1.25 1 0
-1.25 0.5 0
-0.9375 0.5 0
-1.25 0.625 0
-0.9375 0.625 0
-0.9375 0.5 0
-0.625 0.5 0
-0.9375 0.625 0
-0.625 0.625 0
-1.25 0.625 0
-0.9375 0.625 0
-1.25 0.75 0
-0.9375 0.75 0
-0.9375 0.625 0
-0.625 0.625 0
-0.9375 0.75 0
-0.625 0.75 0
-0.625 0.5 0
-0.3125 0.5 0
-0.625 0.625 0
-0.3125 0.625 0
-0.3125 0.5 0
0 0.5 0
-0.3125 0.625 0
0 0.625 0
-0.625 0.625 0
-0.3125 0.625 0
-0.625 0.75 0
-0.3125 0.75 0
-0.3125 0.625 0
0 0.625 0
-0.3125 0.75 0
0 0.75 0
-1.25 0.75 0
-0.9375 0.75 0
-1.25 0.875 0
-0.9375 0.875 0
-0.9375 0.75 0
-0.625 0.75 0
-0.9375 0.875 0
-0.625 0.875 0
-1.25 0.875 0
-0.9375 0.875 0
-1.25 1 0
-0.9375 1 0
-0.9375 0.875 0
-0.625 0.875 0
-0.9375 1 0
-0.625 1 0
-0.625 0.75 0
-0.3125 0.75 0
-0.625 0.875 0
-0.3125 0.875 0
-0.3125 0.75 0
0 0.75 0
-0.3125 0.875 0
0 0.875 0
-0.625 0.875 0
-0.3125 0.875 0
-0.625 1 0
-0.3125 1 0
-0.3125 0.875 0
0 0.875 0
-0.3125 1 0
0 1 0
0 0 0
0.3125 0 0
0 0.125 0
0.3125 0.125 0
0.3125 0 0
0.625 0 0
0.3125 0.125 0
0.625 0.125 0
0 0.125 0
0.3125 0.125 0
0 0.25 0
0.3125 0.25 0
0.3125 0.125 0
0.625 0.125 0
0.3125 0.25 0
0.625 0.25 0
0.625 0 0
0.9375 0 0
0.625 0.125 0
0.9375 0.125 0
0.9375 0 0
1.25 0 0
0.9375 0.125 0
1.25 0.125 0
0.625 0.125 0
0.9375 0.125 0
0.625 0.25 0
0.9375 0.25 0
0.9375 0.125 0
1.25 0.125 0
0.9375 0.25 0
1.25 0.25 0
0 0.25 0
0.3125 0.25 0
0 0.375 0
0.3125 0.375 0
0.3125 0.25 0
0.625 0.25 0
0.3125 0.375 0
0.625 0.375 0
0 0.375 0
0.3125 0.375 0
0 0.5 0
0.3125 0.5 0
0.3125 0.375 0
0.625 0.375 0
0.3125 0.5 0
0.625 0.5 0
0.625 0.25 0
0.9375 0.25 0
0.625 0.375 0
0.9375 0.375 0
0.9375 0.25 0
1.25 0.25 0
0.9375 0.375 0
1.25 0.375 0
0.625 0.375 0
0.9375 0.375 0
0.625 0.5 0
0.9375 0.5 0
0.9375 0.375 0
1.25 0.375 0
0.9375 0.5 0
1.25 0.5 0
1.25 0 0
1.5625 0 0
1.25 0.125 0
1.5625 0.125 0
1.5625 0 0
1.875 0 0
1.5625 0.125 0
1.875 0.125 0
1.25 0.125 0
1.5625 0.125 0
1.25 0.25 0
1.5625 0.25 0
1.5625 0.125 0
1.875 0.125 0
1.5625 0.25 0
1.875 0.25 0
1.875 0 0
2.1875 0 0
1.875 0.125 0
2.1875 0.125 0
2.1875 0 0
2.5 0 0
2.1875 0.125 0
2.5 0.125 0
1.875 0.125 0
2.1875 0.125 0
1.875 0.25 0
2.1875 0.25 0
2.1875 0.125 0
2.5 0.125 0
2.1875 0.25 0
2.5 0.25 0
1.25 0.25 0
1.5625 0.25 0
1.25 0.375 0
1.5625 0.375 0
1.5625 0.25 0
1.875 0.25 0
1.5625 0.375 0
1.875 0.375 0
1.25 0.375 0
1.5625 0.375 0
1.25 0.5 0
1.5625 0.5 0
1.5625 0.375 0
1.875 0.375 0
1.5625 0.5 0
1.875 0.5 0
1.875 0.25 0
2.1875 0.25 0
1.875 0.375 0
2.1875 0.375 0
2.1875 0.25 0
2.5 0.25 0
2.1875 0.375 0
2.5 0.375 0
1.875 0.375 0
2.1875 0.375 0
1.875 0.5 0
2.1875 0.5 0
2.1875 0.375 0
2.5 0.375 0
2.1875 0.5 0
2.5 0.5 0
0 0.5 0
0.3125 0.5 0
0 0.625 0
0.3125 0.625 0
0.3125 0.5 0
0.625 0.5 0
0.3125 0.625 0
0.625 0.625 0
0 0.625 0
0.3125 0.625 0
0 0.75 0
0.3125 0.75 0
0.3125 0.625 0
0.625 0.625 0
0.3125 0.75 0
0.625 0.75 0
0.625 0.5 0
0.9375 0.5 0
0.625 0.625 0
0.9375 0.625 0
0.9375 0.5 0
1.25 0.5 0
0.9375 0.625 0
1.25 0.625 0
0.625 0.625 0
0.9375 0.625 0
0.625 0.75 0
0.9375 0.75 0
0.9375 0.625 0
1.25 0.625 0
0.9375 0.75 0
1.25 0.75 0
0 0.75 0
0.3125 0.75 0
0 0.875 0
0.3125 0.875 0
0.3125 0.75 0
0.625 0.75 0
0.3125 0.875 0
0.625 0.875 0
0 0.875 0
0.3125 0.875 0
0 1 0
0.3125 1 0
0.3125 0.875 0
0.625 0.875 0
0.3125 1 0
0.625 1 0
0.625 0.75 0
0.9375 0.75 0
0.625 0.875 0
0.9375 0.875 0
0.9375 0.75 0
1.25 0.75 0
0.9375 0.875 0
1.25 0.875 0
0.625 0.875 0
0.9375 0.875 0
0.625 1 0
0.9375 1 0
0.9375 0.875 0
1.25 0.875 0
0.9375 1 0
1.25 1 0
1.25 0.5 0
1.5625 0.5 0
1.25 0.625 0
1.5625 0.625 0
1.5625 0.5 0
1.875 0.5 0
1.5625 0.625 0
1.875 0.625 0
1.25 0.625 0
1.5625 0.625 0
1.25 0.75 0
1.5625 0.75 0
1.5625 0.625 0
1.875 0.625 0
1.5625 0.75 0
1.875 0.75 0
1.875 0.5 0
2.1875 0.5 0
1.875 0.625 0
2.1875 0.625 0
2.1875 0.5 0
2.5 0.5 0
2.1875 0.625 0
2.5 0.625 0
1.875 0.625 0
2.1875 0.625 0
1.875 0.75 0
2.1875 0.75 0
2.1875 0.625 0
2.5 0.625 0
2.1875 0.75 0
2.5 0.75 0
1.25 0.75 0
1.5625 0.75 0
1.25 0.875 0
1.5625 0.875 0
1.5625 0.75 0
1.875 0.75 0
1.5625 0.875 0
1.875 0.875 0
1.25 0.875 0
1.5625 0.875 0
1.25 1 0
1.5625 1 0
1.5625 0.875 0
1.875 0.875 0
1.5625 1 0
1.875 1 0
1.875 0.75 0
2.1875 0.75 0
1.875 0.875 0
2.1875 0.875 0
2.1875 0.75 0
2.5 0.75 0
2.1875 0.875 0
2.5 0.875 0
1.875 0.875 0
2.1875 0.875 0
1.875 1 0
2.1875 1 0
2.1875 0.875 0
2.5 0.875 0
2.1875 1 0
2.5 1 0
2.5 0 0
2.8125 0 0
2.5 0.125 0
2.8125 0.125 0
2.8125 0 0
3.125 0 0
2.8125 0.125 0
3.125 0.125 0
2.5 0.125 0
2.8125 0.125 0
2.5 0.25 0
2.8125 0.25 0
2.8125 0.125 0
3.125 0.125 0
2.8125 0.25 0
3.125 0.25 0
3.125 0 0
3.4375 0 0
3.125 0.125 0
3.4375 0.125 0
3.4375 0 0
3.75 0 0
3.4375 0.125 0
3.75 0.125 0
3.125 0.125 0
3.4375 0.125 0
3.125 0.25 0
3.4375 0.25 0
3.4375 0.125 0
3.75 0.125 0
3.4375 0.25 0
3.75 0.25 0
2.5 0.25 0
2.8125 0.25 0
2.5 0.375 0
2.8125 0.375 0
2.8125 0.25 0
3.125 0.25 0
2.8125 0.375 0
3.125 0.375 0
2.5 0.375 0
2.8125 0.375 0
2.5 0.5 0
2.8125 0.5 0
2.8125 0.375 0
3.125 0.375 0
2.8125 0.5 0
3.125 0.5 0
3.125 0.25 0
3.4375 0.25 0
3.125 0.375 0
3.4375 0.375 0
3.4375 0.25 0
3.75 0.25 0
3.4375 0.375 0
3.75 0.375 0
3.125 0.375 0
3.4375 0.375 0
3.125 0.5 0
3.4375 0.5 0
3.4375 0.375 0
3.75 0.375 0
3.4375 0.5 0
3.75 0.5 0
3.75 0 0
4.0625 0 0
3.75 0.125 0
4.0625 0.125 0
4.0625 0 0
4.375 0 0
4.0625 0.125 0
4.375 0.125 0
3.75 0.125 0
4.0625 0.125 0
3.75 0.25 0
4.0625 0.25 0
4.0625 0.125 0
4.375 0.125 0
4.0625 0.25 0
4.375 0.25 0
4.375 0 0
4.6875 0 0
4.375 0.125 0
4.6875 0.125 0
4.6875 0 0
5 0 0
4.6875 0.125 0
5 0.125 0
4.375 0.125 0
4.6875 0.125 0
4.375 0.25 0
4.6875 0.25 0
4.6875 0.125 0
5 0.125 0
4.6875 0.25 0
5 0.25 0
3.75 0.25 0
4.0625 0.25 0
3.75 0.375 0
4.0625 0.375 0
4.0625 0.25 0
4.375 0.25 0
4.0625 0.375 0
4.375 0.375 0
3.75 0.375 0
4.0625 0.375 0
3.75 0.5 0
4.0625 0.5 0
4.0625 0.375 0
4.375 0.375 0
4.0625 0.5 0
4.375 0.5 0
4.375 0.25 0
4.6875 0.25 0
4.375 0.375 0
4.6875 0.375 0
4.6875 0.25 0
5 0.25 0
4.6875 0.375 0
5 0.375 0
4.375 0.375 0
4.6875 0.375 0
4.375 0.5 0
4.6875 0.5 0
4.6875 0.375 0
5 0.375 0
4.6875 0.5 0
5 0.5 0
2.5 0.5 0
2.8125 0.5 0
2.5 0.625 0
2.8125 0.625 0
2.8125 0.5 0
3.125 0.5 0
2.8125 0.625 0
3.125 0.625 0
2.5 0.625 0
2.8125 0.625 0
2.5 0.75 0
2.8125 0.75 0
2.8125 0.625 0
3.125 0.625 0
2.8125 0.75 0
3.125 0.75 0
3.125 0.5 0
3.4375 0.5 0
3.125 0.625 0
3.4375 0.625 0
3.4375 0.5 0
3.75 0.5 0
3.4375 0.625 0
3.75 0.625 0
3.125 0.625 0
3.4375 0.625 0
3.125 0.75 0
3.4375 0.75 0
3.4375 0.625 0
3.75 0.625 0
3.4375 0.75 0
3.75 0.75 0
2.5 0.75 0
2.8125 0.75 0
2.5 0.875 0
2.8125 0.875 0
2.8125 0.75 0
3.125 0.75 0
2.8125 0.875 0
3.125 0.875 0
2.5 0.875 0
2.8125 0.875 0
2.5 1 0
2.8125 1 0
2.8125 0.875 0
3.125 0.875 0
2.8125 1 0
3.125 1 0
3.125 0.75 0
3.4375 0.75 0
3.125 0.875 0
3.4375 0.875 0
3.4375 0.75 0
3.75 0.75 0
3.4375 0.875 0
3.75 0.875 0
3.125 0.875 0
3.4375 0.875 0
3.125 1 0
3.4375 1 0
3.4375 0.875 0
3.75 0.875 0
3.4375 1 0
3.75 1 0
3.75 0.5 0
4.0625 0.5 0
3.75 0.625 0
4.0625 0.625 0
4.0625 0.5 0
4.375 0.5 0
4.0625 0.625 0
4.375 0.625 0
3.75 0.625 0
4.0625 0.625 0
3.75 0.75 0
4.0625 0.75 0
4.0625 0.625 0
4.375 0.625 0
4.0625 0.75 0
4.375 0.75 0
4.375 0.5 0
4.6875 0.5 0
4.375 0.625 0
4.6875 0.625 0
4.6875 0.5 0
5 0.5 0
4.6875 0.625 0
5 0.625 0
4.375 0.625 0
4.6875 0.625 0
4.375 0.75 0
4.6875 0.75 0
4.6875 0.625 0
5 0.625 0
4.6875 0.75 0
5 0.75 0
3.75 0.75 0
4.0625 0.75 0
3.75 0.875 0
4.0625 0.875 0
4.0625 0.75 0
4.375 0.75 0
4.0625 0.875 0
4.375 0.875 0
3.75 0.875 0
4.0625 0.875 0
3.75 1 0
4.0625 1 0
4.0625 0.875 0
4.375 0.875 0
4.0625 1 0
4.375 1 0
4.375 0.75 0
4.6875 0.75 0
4.375 0.875 0
4.6875 0.875 0
4.6875 0.75 0
5 0.75 0
4.6875 0.875 0
5 0.875 0
4.375 0.875 0
4.6875 0.875 0
4.375 1 0
4.6875 1 0
4.6875 0.875 0
5 0.875 0
4.6875 1 0
5 1 0
-5 1 0
-4.6875 1 0
-5 1.125 0
-4.6875 1.125 0
-4.6875 1 0
-4.375 1 0
-4.6875 1.125 0
-4.375 1.125 0
-5 1.125 0
-4.6875 1.125 0
-5 1.25 0
-4.6875 1.25 0
-4.6875 1.125 0
-4.375 1.125 0
-4.6875 1.25 0
-4.375 1.25 0
-4.375 1 0
-4.0625 1 0
-4.375 1.125 0
-4.0625 1.125 0
-4.0625 1 0
-3.75 1 0
-4.0625 1.125 0
-3.75 1.125 0
-4.375 1.125 0
-4.0625 1.125 0
-4.375 1.25 0
-4.0625 1.25 0
-4.0625 1.125 0
-3.75 1.125 0
-4.0625 1.25 0
-3.75 1.25 0
-5 1.25 0
-4.6875 1.25 0
-5 1.375 0
-4.6875 1.375 0
-4.6875 1.25 0
-4.375 1.25 0
-4.6875 1.375 0
-4.375 1.375 0
-5 1.375 0
-4.6875 1.375 0
-5 1.5 0
-4.6875 1.5 0
-4.6875 1.375 0
-4.375 1.375 0
-4.6875 1.5 0
-4.375 1.5 0
-4.375 1.25 0
-4.0625 1.25 0
-4.375 1.375 0
-4.0625 1.375 0
-4.0625 1.25 0
-3.75 1.25 0
-4.0625 1.375 0
-3.75 1.375 0
-4.375 1.375 0
-4.0625 1.375 0
-4.375 1.5 0
-4.0625 1.5 0
-4.0625 1.375 0
-3.75 1.375 0
-4.0625 1.5 0
-3.75 1.5 0
-3.75 1 0
-3.4375 1 0
-3.75 1.125 0
-3.4375 1.125 0
-3.4375 1 0
-3.125 1 0
-3.4375 1.125 0
-3.125 1.125 0
-3.75 1.125 0
-3.4375 1.125 0
-3.75 1.25 0
-3.4375 1.25 0
-3.4375 1.125 0
-3.125 1.125 0
-3.4375 1.25 0
-3.125 1.25 0
-3.125 1 0
-2.8125 1 0
-3.125 1.125 0
-2.8125 1.125 0
-2.8125 1 0
-2.5 1 0
-2.8125 1.125 0
-2.5 1.125 0
-3.125 1.125 0
-2.8125 1.125 0
-3.125 1.25 0
-2.8125 1.25 0
-2.8125 1.125 0
-2.5 1.125 0
-2.8125 1.25 0
-2.5 1.25 0
-3.75 1.25 0
-3.4375 1.25 0
-3.75 1.375 0
-3.4375 1.375 0
-3.4375 1.25 0
-3.125 1.25 0
-3.4375 1.375 0
-3.125 1.375 0
-3.75 1.375 0
-3.4375 1.375 0
-3.75 1.5 0
-3.4375 1.5 0
-3.4375 1.375 0
-3.125 1.375 0
-3.4375 1.5 0
-3.125 1.5 0
-3.125 1.25 0
-2.8125 1.25 0
-3.125 1.375 0
-2.8125 1.375 0
-2.8125 1.25 0
-2.5 1.25 0
-2.8125 1.375 0
-2.5 1.375 0
-3.125 1.375 0
-2.8125 1.375 0
-3.125 1.5 0
-2.8125 1.5 0
-2.8125 1.375 0
-2.5 1.375 0
-2.8125 1.5 0
-2.5 1.5 0
-5 1.5 0
-4.6875 1.5 0
-5 1.625 0
-4.6875 1.625 0
-4.6875 1.5 0
-4.375 1.5 0
-4.6875 1.625 0
-4.375 1.625 0
-5 1.625 0
-4.6875 1.625 0
-5 1.75 0
-4.6875 1.75 0
-4.6875 1.625 0
-4.375 1.625 0
-4.6875 1.75 0
-4.375 1.75 0
-4.375 1.5 0
-4.0625 1.5 0
-4.375 1.625 0
-4.0625 1.625 0
-4.0625 1.5 0
-3.75 1.5 0
-4.0625 1.625 0
-3.75 1.625 0
-4.375 1.625 0
-4.0625 1.625 0
-4.375 1.75 0
-4.0625 1.75 0
-4.0625 1.625 0
-3.75 1.625 0
-4.0625 1.75 0
-3.75 1.75 0
-5 1.75 0
-4.6875 1.75 0
-5 1.875 0
-4.6875 1.875 0
-4.6875 1.75 0
-4.375 1.75 0
-4.6875 1.875 0
-4.375 1.875 0
-5 1.875 0
-4.6875 1.875 0
-5 2 0
-4.6875 2 0
-4.6875 1.875 0
-4.375 1.875 0
-4.6875 2 0
-4.375 2 0
-4.375 1.75 0
-4.0625 1.75 0
-4.375 1.875 0
-4.0625 1.875 0
-4.0625 1.75 0
-3.75 1.75 0
-4.0625 1.875 0
-3.75 1.875 0
-4.375 1.875 0
-4.0625 1.875 0
-4.375 2 0
-4.0625 2 0
-4.0625 1.875 0
-3.75 1.875 0
-4.0625 2 0
-3.75 2 0
-3.75 1.5 0
-3.4375 1.5 0
-3.75 1.625 0
-3.4375 1.625 0
-3.4375 1.5 0
-3.125 1.5 0
-3.4375 1.625 0
-3.125 1.625 0
-3.75 1.625 0
-3.4375 1.625 0
-3.75 1.75 0
-3.4375 1.75 0
-3.4375 1.625 0
-3.125 1.625 0
-3.4375 1.75 0
-3.125 1.75 0
-3.125 1.5 0
-2.8125 1.5 0
-3.125 1.625 0
-2.8125 1.625 0
-2.8125 1.5 0
-2.5 1.5 0
-2.8125 1.625 0
-2.5 1.625 0
-3.125 1.625 0
-2.8125 1.625 0
-3.125 1.75 0
-2.8125 1.75 0
-2.8125 1.625 0
-2.5 1.625 0
-2.8125 1.75 0
-2.5 1.75 0
-3.75 1.75 0
-3.4375 1.75 0
-3.75 1.875 0
-3.4375 1.875 0
-3.4375 1.75 0
-3.125 1.75 0
-3.4375 1.875 0
-3.125 1.875 0
-3.75 1.875 0
-3.4375 1.875 0
-3.75 2 0
-3.4375 2 0
-3.4375 1.875 0
-3.125 1.875 0
-3.4375 2 0
-3.125 2 0
-3.125 1.75 0
-2.8125 1.75 0
-3.125 1.875 0
-2.8125 1.875 0
-2.8125 1.75 0
-2.5 1.75 0
-2.8125 1.875 0
-2.5 1.875 0
-3.125 1.875 0
-2.8125 1.875 0
-3.125 2 0
-2.8125 2 0
-2.8125 1.875 0
-2.5 1.875 0
-2.8125 2 0
-2.5 2 0
-2.5 1 0
-2.1875 1 0
-2.5 1.125 0
-2.1875 1.125 0
-2.1875 1 0
-1.875 1 0
-2.1875 1.125 0
-1.875 1.125 0
-2.5 1.125 0
-2.1875 1.125 0
-2.5 1.25 0
-2.1875 1.25 0
-2.1875 1.125 0
-1.875 1.125 0
-2.1875 1.25 0
-1.875 1.25 0
-1.875 1 0
-1.5625 1 0
-1.875 1.125 0
-1.5625 1.125 0
-1.5625 1 0
-1.25 1 0
-1.5625 1.125 0
-1.25 1.125 0
-1.875 1.125 0
-1.5625 1.125 0
-1.875 1.25 0
-1.5625 1.25 0
-1.5625 1.125 0
-1.25 1.125 0
-1.5625 1.25 0
-1.25 1.25 0
-2.5 1.25 0
-2.1875 1.25 0
-2.5 1.375 0
-2.1875 1.375 0
-2.1875 1.25 0
-1.875 1.25 0
-2.1875 1.375 0
-1.875 1.375 0
-2.5 1.375 0
-2.1875 1.375 0
-2.5 1.5 0
-2.1875 1.5 0
-2.1875 1.375 0
-1.875 1.375 0
-2.1875 1.5 0
-1.875 1.5 0
-1.875 1.25 0
-1.5625 1.25 0
-1.875 1.375 0
-1.5625 1.375 0
-1.5625 1.25 0
-1.25 1.25 0
-1.5625 1.375 0
-1.25 1.375 0
-1.875 1.375 0
-1.5625 1.375 0
-1.875 1.5 0
-1.5625 1.5 0
-1.5625 1.375 0
-1.25 1.375 0
-1.5625 1.5 0
-1.25 1.5 0
-1.25 1 0
-0.9375 1 0
-1.25 1.125 0
-0.9375 1.125 0
-0.9375 1 0
-0.625 1 0
-0.9375 1.125 0
-0.625 1.125 0
-1.25 1.125 0
-0.9375 1.125 0
-1.25 1.25 0
-0.9375 1.25 0
-0.9375 1.125 0
-0.625 1.125 0
-0.9375 1.25 0
-0.625 1.25 0
-0.625 1 0
-0.3125 1 0
-0.625 1.125 0
-0.3125 1.125 0
-0.3125 1 0
0 1 0
-0.3125 1.125 0
0 1.125 0
-0.625 1.125 0
-0.3125 1.125 0
-0.625 1.25 0
-0.3125 1.25 0
-0.3125 1.125 0
0 1.125 0
-0.3125 1.25 0
0 1.25 0
-1.25 1.25 0
-0.9375 1.25 0
-1.25 1.375 0
-0.9375 1.375 0
-0.9375 1.25 0
-0.625 1.25 0
-0.9375 1.375 0
-0.625 1.375 0
-1.25 1.375 0
-0.9375 1.375 0
-1.25 1.5 0
-0.9375 1.5 0
-0.9375 1.375 0
-0.625 1.375 0
-0.9375 1.5 0
-0.625 1.5 0
-0.625 1.25 0
-0.3125 1.25 0
-0.625 1.375 0
-0.3125 1.375 0
-0.3125 1.25 0
0 1.25 0
-0.3125 1.375 0
0 1.375 0
-0.625 1.375 0
-0.3125 1.375 0
-0.625 1.5 0
-0.3125 1.5 0
-0.3125 1.375 0
0 1.375 0
-0.3125 1.5 0
0 1.5 0
-2.5 1.5 0
-2.1875 1.5 0
-2.5 1.625 0
-2.1875 1.625 0
-2.1875 1.5 0
-1.875 1.5 0
-2.1875 1.625 0
-1.875 1.625 0
-2.5 1.625 0
-2.1875 1.625 0
-2.5 1.75 0
-2.1875 1.75 0
-2.1875 1.625 0
-1.875 1.625 0
-2.1875 1.75 0
-1.875 1.75 0
-1.875 1.5 0
-1.5625 1.5 0
-1.875 1.625 0
-1.5625 1.625 0
-1.5625 1.5 0
-1.25 1.5 0
-1.5625 1.625 0
-1.25 1.625 0
-1.875 1.625 0
-1.5625 1.625 0
-1.875 1.75 0
-1.5625 1.75 0
-1.5625 1.625 0
-1.25 1.625 0
-1.5625 1.75 0
-1.25 1.75 0
-2.5 1.75 0
-2.1875 1.75 0
-2.5 1.875 0
-2.1875 1.875 0
-2.1875 1.75 0
-1.875 1.75 0
-2.1875 1.875 0
-1.875 1.875 0
-2.5 1.875 0
-2.1875 1.875 0
-2.5 2 0
-2.1875 2 0
-2.1875 1.875 0
-1.875 1.875 0
-2.1875 2 0
-1.875 2 0
-1.875 1.75 0
-1.5625 1.75 0
-1.875 1.875 0
-1.5625 1.875 0
-1.5625 1.75 0
-1.25 1.75 0
-1.5625 1.875 0
-1.25 1.875 0
-1.875 1.875 0
-1.5625 1.875 0
-1.875 2 0
-1.5625 2 0
-1.5625 1.875 0
-1.25 1.875 0
-1.5625 2 0
-1.25 2 0
-1.25 1.5 0
-0.9375 1.5 0
-1.25 1.625 0
-0.9375 1.625 0
-0.9375 1.5 0
-0.625 1.5 0
-0.9375 1.625 0
-0.625 1.625 0
-1.25 1.625 0
-0.9375 1.625 0
-1.25 1.75 0
-0.9375 1.75 0
-0.9375 1.625 0
-0.625 1.625 0
-0.9375 1.75 0
-0.625 1.75 0
-0.625 1.5 0
-0.3125 1.5 0
-0.625 1.625 0
-0.3125 1.625 0
-0.3125 1.5 0
0 1.5 0
-0.3125 1.625 0
0 1.625 0
-0.625 1.625 0
-0.3125 1.625 0
-0.625 1.75 0
-0.3125 1.75 0
-0.3125 1.625 0
0 1.625 0
-0.3125 1.75 0
0 1.75 0
-1.25 1.75 0
-0.9375 1.75 0
-1.25 1.875 0
-0.9375 1.875 0
-0.9375 1.75 0
-0.625 1.75 0
-0.9375 1.875 0
-0.625 1.875 0
-1.25 1.875 0
-0.9375 1.875 0
-1.25 2 0
-0.9375 2 0
-0.9375 1.875 0
-0.625 1.875 0
-0.9375 2 0
-0.625 2 0
-0.625 1.75 0
-0.3125 1.75 0
-0.625 1.875 0
-0.3125 1.875 0
-0.3125 1.75 0
0 1.75 0
-0.3125 1.875 0
0 1.875 0
-0.625 1.875 0
-0.3125 1.875 0
-0.625 2 0
-0.3125 2 0
-0.3125 1.875 0
0 1.875 0
-0.3125 2 0
0 2 0
0 1 0
0.3125 1 0
0 1.125 0
0.3125 1.125 0
0.3125 1 0
0.625 1 0
0.3125 1.125 0
0.625 1.125 0
0 1.125 0
0.3125 1.125 0
0 1.25 0
0.3125 1.25 0
0.3125 1.125 0
0.625 1.125 0
0.3125 1.25 0
0.625 1.25 0
0.625 1 0
0.9375 1 0
0.625 1.125 0
0.9375 1.125 0
0.9375 1 0
1.25 1 0
0.9375 1.125 0
1.25 1.125 0
0.625 1.125 0
0.9375 1.125 0
0.625 1.25 0
0.9375 1.25 0
0.9375 1.125 0
1.25 1.125 0
0.9375 1.25 0
1.25 1.25 0
0 1.25 0
0.3125 1.25 0
0 1.375 0
0.3125 1.375 0
0.3125 1.25 0
0.625 1.25 0
0.3125 1.375 0
0.625 1.375 0
0 1.375 0
0.3125 1.375 0
0 1.5 0
0.3125 1.5 0
0.3125 1.375 0
0.625 1.375 0
0.3125 1.5 0
0.625 1.5 0
0.625 1.25 0
0.9375 1.25 0
0.625 1.375 0
0.9375 1.375 0
0.9375 1.25 0
1.25 1.25 0
0.9375 1.375 0
1.25 1.375 0
0.625 1.375 0
0.9375 1.375 0
0.625 1.5 0
0.9375 1.5 0
0.9375 1.375 0
1.25 1.375 0
0.9375 1.5 0
1.25 1.5 0
1.25 1 0
1.5625 1 0
1.25 1.125 0
1.5625 1.125 0
1.5625 1 0
1.875 1 0
1.5625 1.125 0
1.875 1.125 0
1.25 1.125 0
1.5625 1.125 0
1.25 1.25 0
1.5625 1.25 0
1.5625 1.125 0
1.875 1.125 0
1.5625 1.25 0
1.875 1.25 0
1.875 1 0
2.1875 1 0
1.875 1.125 0
2.1875 1.125 0
2.1875 1 0
2.5 1 0
2.1875 1.125 0
2.5 1.125 0
1.875 1.125 0
2.1875 1.125 0
1.875 1.25 0
2.1875 1.25 0
2.1875 1.125 0
2.5 1.125 0
2.1875 1.25 0
2.5 1.25 0
1.25 1.25 0
1.5625 1.25 0
1.25 1.375 0
1.5625 1.375 0
1.5625 1.25 0
1.875 1.25 0
1.5625 1.375 0
1.875 1.375 0
1.25 1.375 0
1.5625 1.375 0
1.25 1.5 0
1.5625 1.5 0
1.5625 1.375 0
1.875 1.375 0
1.5625 1.5 0
1.875 1.5 0
1.875 1.25 0
2.1875 1.25 0
1.875 1.375 0
2.1875 1.375 0
2.1875 1.25 0
2.5 1.25 0
2.1875 1.375 0
2.5 1.375 0
1.875 1.375 0
2.1875 1.375 0
1.875 1.5 0
2.1875 1.5 0
2.1875 1.375 0
2.5 1.375 0
2.1875 1.5 0
2.5 1.5 0
0 1.5 0
0.3125 1.5 0
0 1.625 0
0.3125 1.625 0
0.3125 1.5 0
0.625 1.5 0
0.3125 1.625 0
0.625 1.625 0
0 1.625 0
0.3125 1.625 0
0 1.75 0
0.3125 1.75 0
0.3125 1.625 0
0.625 1.625 0
0.3125 1.75 0
0.625 1.75 0
0.625 1.5 0
0.9375 1.5 0
0.625 1.625 0
0.9375 1.625 0
0.9375 1.5 0
1.25 1.5 0
0.9375 1.625 0
1.25 1.625 0
0.625 1.625 0
0.9375 1.625 0
0.625 1.75 0
0.9375 1.75 0
0.9375 1.625 0
1.25 1.625 0
0.9375 1.75 0
1.25 1.75 0
0 1.75 0
0.3125 1.75 0
0 1.875 0
0.3125 1.875 0
0.3125 1.75 0
0.625 1.75 0
0.3125 1.875 0
0.625 1.875 0
0 1.875 0
0.3125 1.875 0
0 2 0
0.3125 2 0
0.3125 1.875 0
0.625 1.875 0
0.3125 2 0
0.625 2 0
0.625 1.75 0
0.9375 1.75 0
0.625 1.875 0
0.9375 1.875 0
0.9375 1.75 0
1.25 1.75 0
0.9375 1.875 0
1.25 1.875 0
0.625 1.875 0
0.9375 1.875 0
0.625 2 0
0.9375 2 0
0.9375 1.875 0
1.25 1.875 0
0.9375 2 0
1.25 2 0
1.25 1.5 0
1.5625 1.5 0
1.25 1.625 0
1.5625 1.625 0
1.5625 1.5 0
1.875 1.5 0
1.5625 1.625 0
1.875 1.625 0
1.25 1.625 0
1.5625 1.625 0
1.25 1.75 0
1.5625 1.75 0
1.5625 1.625 0
1.875 1.625 0
1.5625 1.75 0
1.875 1.75 0
1.875 1.5 0
2.1875 1.5 0
1.875 1.625 0
2.1875 1.625 0
2.1875 1.5 0
2.5 1.5 0
2.1875 1.625 0
2.5 1.625 0
1.875 1.625 0
2.1875 1.625 0
1.875 1.75 0
2.1875 1.75 0
2.1875 1.625 0
2.5 1.625 0
2.1875 1.75 0
2.5 1.75 0
1.25 1.75 0
1.5625 1.75 0
1.25 1.875 0
1.5625 1.875 0
1.5625 1.75 0
1.875 1.75 0
1.5625 1.875 0
1.875 1.875 0
1.25 1.875 0
1.5625 1.875 0
1.25 2 0
1.5625 2 0
1.5625 1.875 0
1.875 1.875 0
1.5625 2 0
1.875 2 0
1.875 1.75 0
2.1875 1.75 0
1.875 1.875 0
2.1875 1.875 0
2.1875 1.75 0
2.5 1.75 0
2.1875 1.875 0
2.5 1.875 0
1.875 1.875 0
2.1875 1.875 0
1.875 2 0
2.1875 2 0
2.1875 1.875 0
2.5 1.875 0
2.1875 2 0
2.5 2 0
2.5 1 0
2.8125 1 0
2.5 1.125 0
2.8125 1.125 0
2.8125 1 0
3.125 1 0
2.8125 1.125 0
3.125 1.125 0
2.5 1.125 0
2.8125 1.125 0
2.5 1.25 0
2.8125 1.25 0
2.8125 1.125 0
3.125 1.125 0
2.8125 1.25 0
3.125 1.25 0
3.125 1 0
3.4375 1 0
3.125 1.125 0
3.4375 1.125 0
3.4375 1 0
3.75 1 0
3.4375 1.125 0
3.75 1.125 0
3.125 1.125 0
3.4375 1.125 0
3.125 1.25 0
3.4375 1.25 0
3.4375 1.125 0
3.75 1.125 0
3.4375 1.25 0
3.75 1.25 0
2.5 1.25 0
2.8125 1.25 0
2.5 1.375 0
2.8125 1.375 0
2.8125 1.25 0
3.125 1.25 0
2.8125 1.375 0
3.125 1.375 0
2.5 1.375 0
2.8125 1.375 0
2.5 1.5 0
2.8125 1.5 0
2.8125 1.375 0
3.125 1.375 0
2.8125 1.5 0
3.125 1.5 0
3.125 1.25 0
3.4375 1.25 0
3.125 1.375 0
3.4375 1.375 0
3.4375 1.25 0
3.75 1.25 0
3.4375 1.375 0
3.75 1.375 0
3.125 1.375 0
3.4375 1.375 0
3.125 1.5 0
3.4375 1.5 0
3.4375 1.375 0
3.75 1.375 0
3.4375 1.5 0
3.75 1.5 0
3.75 1 0
4.0625 1 0
3.75 1.125 0
4.0625 1.125 0
4.0625 1 0
4.375 1 0
4.0625 1.125 0
4.375 1.125 0
3.75 1.125 0
4.0625 1.125 0
3.75 1.25 0
4.0625 1.25 0
4.0625 1.125 0
4.375 1.125 0
4.0625 1.25 0
4.375 1.25 0
4.375 1 0
4.6875 1 0
4.375 1.125 0
4.6875 1.125 0
4.6875 1 0
5 1 0
4.6875 1.125 0
5 1.125 0
4.375 1.125 0
4.6875 1.125 0
4.375 1.25 0
4.6875 1.25 0
4.6875 1.125 0
5 1.125 0
4.6875 1.25 0
5 1.25 0
3.75 1.25 0
4.0625 1.25 0
3.75 1.375 0
4.0625 1.375 0
4.0625 1.25 0
4.375 1.25 0
4.0625 1.375 0
4.375 1.375 0
3.75 1.375 0
4.0625 1.375 0
3.75 1.5 0
4.0625 1.5 0
4.0625 1.375 0
4.375 1.375 0
4.0625 1.5 0
4.375 1.5 0
4.375 1.25 0
4.6875 1.25 0
4.375 1.375 0
4.6875 1.375 0
4.6875 1.25 0
5 1.25 0
4.6875 1.375 0
5 1.375 0
4.375 1.375 0
4.6875 1.375 0
4.375 1.5 0
4.6875 1.5 0
4.6875 1.375 0
5 1.375 0
4.6875 1.5 0
5 1.5 0
2.5 1.5 0
2.8125 1.5 0
2.5 1.625 0
2.8125 1.625 0
2.8125 1.5 0
3.125 1.5 0
2.8125 1.625 0
3.125 1.625 0
2.5 1.625 0
2.8125 1.625 0
2.5 1.75 0
2.8125 1.75 0
2.8125 1.625 0
3.125 1.625 0
2.8125 1.75 0
3.125 1.75 0
3.125 1.5 0
3.4375 1.5 0
3.125 1.625 0
3.4375 1.625 0
3.4375 1.5 0
3.75 1.5 0
3.4375 1.625 0
3.75 1.625 0
3.125 1.625 0
3.4375 1.625 0
3.125 1.75 0
3.4375 1.75 0
3.4375 1.625 0
3.75 1.625 0
3.4375 1.75 0
3.75 1.75 0
2.5 1.75 0
2.8125 1.75 0
2.5 1.875 0
2.8125 1.875 0
2.8125 1.75 0
3.125 1.75 0
2.8125 1.875 0
3.125 1.875 0
2.5 1.875 0
2.8125 1.875 0
2.5 2 0
2.8125 2 0
2.8125 1.875 0
3.125 1.875 0
2.8125 2 0
3.125 2 0
3.125 1.75 0
3.4375 1.75 0
3.125 1.875 0
3.4375 1.875 0
3.4375 1.75 0
3.75 1.75 0
3.4375 1.875 0
3.75 1.875 0
3.125 1.875 0
3.4375 1.875 0
3.125 2 0
3.4375 2 0
3.4375 1.875 0
3.75 1.875 0
3.4375 2 0
3.75 2 0
3.75 1.5 0
4.0625 1.5 0
3.75 1.625 0
4.0625 1.625 0
4.0625 1.5 0
4.375 1.5 0
4.0625 1.625 0
4.375 1.625 0
3.75 1.625 0
4.0625 1.625 0
3.75 1.75 0
4.0625 1.75 0
4.0625 1.625 0
4.375 1.625 0
4.0625 1.75 0
4.375 1.75 0
4.375 1.5 0
4.6875 1.5 0
4.375 1.625 0
4.6875 1.625 0
4.6875 1.5 0
5 1.5 0
4.6875 1.625 0
5 1.625 0
4.375 1.625 0
4.6875 1.625 0
4.375 1.75 0
4.6875 1.75 0
4.6875 1.625 0
5 1.625 0
4.6875 1.75 0
5 1.75 0
3.75 1.75 0
4.0625 1.75 0
3.75 1.875 0
4.0625 1.875 0
4.0625 1.75 0
4.375 1.75 0
4.0625 1.875 0
4.375 1.875 0
3.75 1.875 0
4.0625 1.875 0
3.75 2 0
4.0625 2 0
4.0625 1.875 0
4.375 1.875 0
4.0625 2 0
4.375 2 0
4.375 1.75 0
4.6875 1.75 0
4.375 1.875 0
4.6875 1.875 0
4.6875 1.75 0
5 1.75 0
4.6875 1.875 0
5 1.875 0
4.375 1.875 0
4.6875 1.875 0
4.375 2 0
4.6875 2 0
4.6875 1.875 0
5 1.875 0
4.6875 2 0
5 2 0

CELLS 1024 5120
4	0	1	3	2
4	4	5	7	6
4	8	9	11	10
4	12	13	15	14
4	16	17	19	18
4	20	21	23	22
4	24	25	27	26
4	28	29	31	30
4	32	33	35	34
4	36	37	39	38
4	40	41	43	42
4	44	45	47	46
4	48	49	51	50
4	52	53	55	54
4	56	57	59	58
4	60	61	63	62
4	64	65	67	66
4	68	69	71	70
4	72	73	75	74
4	76	77	79	78
4	80	81	83	82
4	84	85	87	86
4	88	89	91	90
4	92	93	95	94
4	96	97	99	98
4	100	101	103	102
4	104	105	107	106
4	108	109	111	110
4	112	113	115	114
4	116	117	119	118
4	120	121	123	122
4	124	125	127	126
4	128	129	131	130
4	132	133	135	134
4	136	137	139	138
4	140	141	143	142
4	144	145	147	146
4	148	149	151	150
4	152	153	155	154
4	156	157	159	158
4	160	161	163	162
4	164	165	167	166
4	168	169	171	170
4	172	173	175	174
4	176	177	179	178
4	180	181	183	182
4	184	185	187	186
4	188	189	191	190
4	192	193	195	194
4	196	197	199	198
4	200	201	203	202
4	204	205	207	206
4	208	209	211	210
4	212	213	215	214
4	216	217	219	218
4	220	221	223	222
4	224	225	227	226
4	228	229	231	230
4	232	233	235	234
4	236	237	239	238
4	240	241	243	242
4	244	245	247	246
4	248	249	251	250
4	252	253	255	254
4	256	257	259	258
4	260	261	263	262
4	264	265	267	266
4	268	269	271	270
4	272	273	275	274
4	276	277	279	278
4	280	281	283	282
4	284	285	287	286
4	288	289	291	290
4	292	293	295	294
4	296	297	299	298
4	300	301	303	302
4	304	305	307	306
4	308	309	311	310
4	312	313	315	314
4	316	317	319	318
4	320	321	323	322
4	324	325	327	326
4	328	329	331	330
4	332	333	335	334
4	336	337	339	338
4	340	341	343	342
4	344	345	347	346
4	348	349	351	350
4	352	353	355	354
4	356	357	359	358
4	360	361	363	362
4	364	365	367	366
4	368	369	371	370
4	372	373	375	374
4	376	377	379	378
4	380	381	383	382
4	384	385	387	386
4	388	389	391	390
4	392	393	395	394
4	396	397	399	398
4	400	401	403	402
4	404	405	407	406
4	408	409	411	410
4	412	413	415	414
4	416	417	419	418
4	420	421	423	422
4	424	425	427	426
4	428	429	431	430
4	432	433	435	434
4	436	437	439	438
4	440	441	443	442
4	444	445	447	446
4	448	449	451	450
4	452	453	455	454
4	456	457	459	458
4	460	461	463	462
4	464	465	467	466
4	468	469	471	470
4	472	473	475	474
4	476	477	479	478
4	480	481	483	482
4	484	485	487	486
4	488	489	491	490
4	492	493	495	494
4	496	497	499	498
4	500	501	503	502
4	504	505	507	506
4	508	509	511	510
4	512	513	515	514
4	516	517	519	518
4	520	521	523	522
4	524	525	527	526
4	528	529	531	530
4	532	533	535	534
4	536	537	539	538
4	540	541	543	542
4	544	545	547	546
4	548	549	551	550
4	552	553	555	554
4	556	557	559	558
4	560	561	563	562
4	564	565	567	566
4	568	569	571	570
4	572	573	575	574
4	576	577	579	578
4	580	581	583	582
4	584	585	587	586
4	588	589	591	590
4	592	593	595	594
4	596	597	599	598
4	600	601	603	602
4	604	605	607	606
4	608	609	611	610
4	612	613	615	614
4	616	617	619	618
4	620	621	623	622
4	624	625	627	626
4	628	629	631	630
4	632	633	635	634
4	636	637	639	638
4	640	641	643	642
4	644	645	647	646
4	648	649	651	650
4	652	653	655	654
4	656	657	659	658
4	660	661	663	662
4	664	665	667	666
4	668	669	671	670
4	672	673	675	674
4	676	677	679	678
4	680	681	683	682
4	684	685	687	686
4	688	689	691	690
4	692	693	695	694
4	696	697	699	698
4	700	701	703	702
4	704	705	707	706
4	708	709	711	710
4	712	713	715	714
4	716	717	719	718
4	720	721	723	722
4	724	725	727	726
4	728	729	731	730
4	732	733	735	734
4	736	737	739	738
4	740	741	743	742
4	744	745	747	746
4	748	749	751	750
4	752	753	755	754
4	756	757	759	758
4	760	761	763	762
4	764	765	767	766
4	768	769	771	770
4	772	773	775	774
4	776	777	779	778
4	780	781	783	782
4	784	785	787	786
4	788	789	791	790
4	792	793	795	794
4	796	797	799	798
4	800	801	803	802
4	804	805	807	806
4	808	809	811	810
4	812	813	815	814
4	816	817	819	818
4	820	821	823	822
4	824	825	827	826
4	828	829	831	830
4	832	833	835	834
4	836	837	839	838
4	840	841	843	842
4	844	845	847	846
4	848	849	851	850
4	852	853	855	854
4	856	857	859	858
4	860	861	863	862
4	864	865	867	866
4	868	869	871	870
4	872	873	875	874
4	876	877	879	878
4	880	881	883	882
4	884	885	887	886
4	888	889	891	890
4	892	893	895	894
4	896	897	899	898
4	900	901	903	902
4	904	905	907	906
4	908	909	911	910
4	912	913	915	914
4	916	917	919	918
4	920	921	923	922
4	924	925	927	926
4	928	929	931	930
4	932	933	935	934
4	936	937	939	938
4	940	941	943	942
4	944	945	947	946
4	948	949	951	950
4	952	953	955	954
4	956	957	959	958
4	960	961	963	962
4	964	965	967	966
4	968	969	971	970
4	972	973	975	974
4	976	977	979	978
4	980	981	983	982
4	984	985	987	986
4	988	989	991	990
4	992	993	995	994
4	996	997	999	998
4	1000	1001	1003	1002
4	1004	1005	1007	1006
4	1008	1009	1011	1010
4	1012	1013	1015	1014
4	1016	1017	1019	1018
4	1020	1021	1023	1022
4	1024	1025	1027	1026
4	1028	1029	1031	1030
4	1032	1033	1035	1034
4	1036	1037	1039	1038
4	1040	1041	1043	1042
4	1044	1045	1047	1046
4	1048	1049	1051	1050
4	1052	1053	1055	1054
4	1056	1057	1059	1058
4	1060	1061	1063	1062
4	1064	1065	1067	1066
4	1068	1069	1071	1070
4	1072	1073	1075	1074
4	1076	1077	1079	1078
4	1080	1081	1083	1082
4	1084	1085	1087	1086
4	1088	1089	1091	1090
4	1092	1093	1095	1094
4	1096	1097	1099	1098
4	1100	1101	1103	1102
4	1104	1105	1107	1106
4	1108	1109	1111	1110
4	1112	1113	1115	1114
4	1116	1117	1119	1118
4	1120	1121	1123	1122
4	1124	1125	1127	1126
4	1128	1129	1131	1130
4	1132	1133	1135	1134
4	1136	1137	1139	1138
4	1140	1141	1143	1142
4	1144	1145	1147	1146
4	1148	1149	1151	1150
4	1152	1153	1155	1154
4	1156	1157	1159	1158
4	1160	1161	1163	1162
4	1164	1165	1167	1166
4	1168	1169	1171	1170
4	1172	1173	1175	1174
4	1176	1177	1179	1178
4	1180	1181	1183	1182
4	1184	1185	1187	1186
4	1188	1189	1191	1190
4	1192	1193	1195	1194
4	1196	1197	1199	1198
4	1200	1201	1203	1202
4	1204	1205	1207	1206
4	1208	1209	1211	1210
4	1212	1213	1215	1214
4	1216	1217	1219	1218
4	1220	1221	1223	1222
4	1224	1225	1227	1226
4	1228	1229	1231	1230
4	1232	1233	1235	1234
4	1236	1237	1239	1238
4	1240	1241	1243	1242
4	1244	1245	1247	1246
4	1248	1249	1251	1250
4	1252	1253	1255	1254
4	1256	1257	1259	1258
4	1260	1261	1263	1262
4	1264	1265	1267	1266
4	1268	1269	1271	1270
4	1272	1273	1275	1274
4	1276	1277	1279	1278
4	1280	1281	1283	1282
4	1284	1285	1287	1286
4	1288	1289	1291	1290
4	1292	1293	1295	1294
4	1296	1297	1299	1298
4	1300	1301	1303	1302
4	1304	1305	1307	1306
4	1308	1309	1311	1310
4	1312	1313	1315	1314
4	1316	1317	1319	1318
4	1320	1321	1323	1322
4	1324	1325	1327	1326
4	1328	1329	1331	1330
4	1332	1333	1335	1334
4	1336	1337	1339	1338
4	1340	1341	1343	1342
4	1344	1345	1347	1346
4	1348	1349	1351	1350
4	1352	1353	1355	1354
4	1356	1357	1359	1358
4	1360	1361	1363	1362
4	1364	1365	1367	1366
4	1368	1369	1371	1370
4	1372	1373	1375	1374
4	1376	1377	1379	1378
4	1380	1381	1383	1382
4	1384	1385	1387	1386
4	1388	1389	1391	1390
4	1392	1393	1395	1394
4	1396	1397	1399	1398
4	1400	1401	1403	1402
4	1404	1405	1407	1406
4	1408	1409	1411	1410
4	1412	1413	1415	1414
4	1416	1417	1419	1418
4	1420	1421	1423	1422
4	1424	1425	1427	1426
4	1428	1429	1431	1430
4	1432	1433	1435	1434
4	1436	1437	1439	1438
4	1440	1441	1443	1442
4	1444	1445	1447	1446
4	1448	1449	1451	1450
4	1452	1453	1455	1454
4	1456	1457	1459	1458
4	1460	1461	1463	1462
4	1464	1465	1467	1466
4	1468	1469	1471	1470
4	1472	1473	1475	1474
4	1476	1477	1479	1478
4	1480	1481	1483	1482
4	1484	1485	1487	1486
4	1488	1489	1491	1490
4	1492	1493	1495	1494
4	1496	1497	1499	1498
4	1500	1501	1503	1502
4	1504	1505	1507	1506
4	1508	1509	1511	1510
4	1512	1513	1515	1514
4	1516	1517	1519	1518
4	1520	1521	1523	1522
4	1524	1525	1527	1526
4	1528	1529	1531	1530
4	1532	1533	1535	1534
4	1536	1537	1539	1538
4	1540	1541	1543	1542
4	1544	1545	1547	1546
4	1548	1549	1551	1550
4	1552	1553	1555	1554
4	1556	1557	1559	1558
4	1560	1561	1563	1562
4	1564	1565	1567	1566
4	1568	1569	1571	1570
4	1572	1573	1575	1574
4	1576	1577	1579	1578
4	1580	1581	1583	1582
4	1584	1585	1587	1586
4	1588	1589	1591	1590
4	1592	1593	1595	1594
4	1596	1597	1599	1598
4	1600	1601	1603	1602
4	1604	1605	1607	1606
4	1608	1609	1611	1610
4	1612	1613	1615	1614
4	1616	1617	1619	1618
4	1620	1621	1623	1622
4	1624	1625	1627	1626
4	1628	1629	1631	1630
4	1632	1633	1635	1634
4	1636	1637	1639	1638
4	1640	1641	1643	1642
4	1644	1645	1647	1646
4	1648	1649	1651	1650
4	1652	1653	1655	1654
4	1656	1657	1659	1658
4	1660	1661	1663	1662
4	1664	1665	1667	1666
4	1668	1669	1671	1670
4	1672	1673	1675	1674
4	1676	1677	1679	1678
4	1680	1681	1683	1682
4	1684	1685	1687	1686
4	1688	1689	1691	1690
4	1692	1693	1695	1694
4	1696	1697	1699	1698
4	1700	1701	1703	1702
4	1704	1705	1707	1706
4	1708	1709	1711	1710
4	1712	1713	1715	1714
4	1716	1717	1719	1718
4	1720	1721	1723	1722
4	1724	1725	1727	1726
4	1728	1729	1731	1730
4	1732	1733	1735	1734
4	1736	1737	1739	1738
4	1740	1741	1743	1742
4	1744	1745	1747	1746
4	1748	1749	1751	1750
4	1752	1753	1755	1754
4	1756	1757	1759	1758
4	1760	1761	1763	1762
4	1764	1765	1767	1766
4	1768	1769	1771	1770
4	1772	1773	1775	1774
4	1776	1777	1779	1778
4	1780	1781	1783	1782
4	1784	1785	1787	1786
4	1788	1789	1791	1790
4	1792	1793	1795	1794
4	1796	1797	1799	1798
4	1800	1801	1803	1802
4	1804	1805	1807	1806
4	1808	1809	1811	1810
4	1812	1813	1815	1814
4	1816	1817	1819	1818
4	1820	1821	1823	1822
4	1824	1825	1827	1826
4	1828	1829	1831	1830
4	1832	1833	1835	1834
4	1836	1837	1839	1838
4	1840	1841	1843	1842
4	1844	1845	1847	1846
4	1848	1849	1851	1850
4	1852	1853	1855	1854
4	1856	1857	1859	1858
4	1860	1861	1863	1862
4	1864	1865	1867	1866
4	1868	1869	1871	1870
4	1872	1873	1875	1874
4	1876	1877	1879	1878
4	1880	1881	1883	1882
4	1884	1885	1887	1886
4	1888	1889	1891	1890
4	1892	1893	1895	1894
4	1896	1897	1899	1898
4	1900	1901	1903	1902
4	1904	1905	1907	1906
4	1908	1909	1911	1910
4	1912	1913	1915	1914
4	1916	1917	1919	1918
4	1920	1921	1923	1922
4	1924	1925	1927	1926
4	1928	1929	1931	1930
4	1932	1933	1935	1934
4	1936	1937	1939	1938
4	1940	1941	1943	1942
4	1944	1945	1947	1946
4	1948	1949	1951	1950
4	1952	1953	1955	1954
4	1956	1957	1959	1958
4	1960	1961	1963	1962
4	1964	1965	1967	1966
4	1968	1969	1971	1970
4	1972	1973	1975	1974
4	1976	1977	1979	1978
4	1980	1981	1983	1982
4	1984	1985	1987	1986
4	1988	1989	1991	1990
4	1992	1993	1995	1994
4	1996	1997	1999	1998
4	2000	2001	2003	2002
4	2004	2005	2007	2006
4	2008	2009	2011	2010
4	2012	2013	2015	2014
4	2016	2017	2019	2018
4	2020	2021	2023	2022
4	2024	2025	2027	2026
4	2028	2029	2031	2030
4	2032	2033	2035	2034
4	2036	2037	2039	2038
4	2040	2041	2043	2042
4	2044	2045	2047	2046
4	2048	2049	2051	2050
4	2052	2053	2055	2054
4	2056	2057	2059	2058
4	2060	2061	2063	2062
4	2064	2065	2067	2066
4	2068	2069	2071	2070
4	2072	2073	2075	2074
4	2076	2077	2079	2078
4	2080	2081	2083	2082
4	2084	2085	2087	2086
4	2088	2089	2091	2090
4	2092	2093	2095	2094
4	2096	2097	2099	2098
4	2100	2101	2103	2102
4	2104	2105	2107	2106
4	2108	2109	2111	2110
4	2112	2113	2115	2114
4	2116	2117	2119	2118
4	2120	2121	2123	2122
4	2124	2125	2127	2126
4	2128	2129	2131	2130
4	2132	2133	2135	2134
4	2136	2137	2139	2138
4	2140	2141	2143	2142
4	2144	2145	2147	2146
4	2148	2149	2151	2150
4	2152	2153	2155	2154
4	2156	2157	2159	2158
4	2160	2161	2163	2162
4	2164	2165	2167	2166
4	2168	2169	2171	2170
4	2172	2173	2175	2174
4	2176	2177	2179	2178
4	2180	2181	2183	2182
4	2184	2185	2187	2186
4	2188	2189	2191	2190
4	2192	2193	2195	2194
4	2196	2197	2199	2198
4	2200	2201	2203	2202
4	2204	2205	2207	2206
4	2208	2209	2211	2210
4	2212	2213	2215	2214
4	2216	2217	2219	2218
4	2220	2221	2223	2222
4	2224	2225	2227	2226
4	2228	2229	2231	2230
4	2232	2233	2235	2234
4	2236	2237	2239	2238
4	2240	2241	2243	2242
4	2244	2245	2247	2246
4	2248	2249	2251	2250
4	2252	2253	2255	2254
4	2256	2257	2259	2258
4	2260	2261	2263	2262
4	2264	2265	2267	2266
4	2268	2269	2271	2270
4	2272	2273	2275	2274
4	2276	2277	2279	2278
4	2280	2281	2283	2282
4	2284	2285	2287	2286
4	2288	2289	2291	2290
4	2292	2293	2295	2294
4	2296	2297	2299	2298
4	2300	2301	2303	2302
4	2304	2305	2307	2306
4	2308	2309	2311	2310
4	2312	2313	2315	2314
4	2316	2317	2319	2318
4	2320	2321	2323	2322
4	2324	2325	2327	2326
4	2328	2329	2331	2330
4	2332	2333	2335	2334
4	2336	2337	2339	2338
4	2340	2341	2343	2342
4	2344	2345	2347	2346
4	2348	2349	2351	2350
4	2352	2353	2355	2354
4	2356	2357	2359	2358
4	2360	2361	2363	2362
4	2364	2365	2367	2366
4	2368	2369	2371	2370
4	2372	2373	2375	2374
4	2376	2377	2379	2378
4	2380	2381	2383	2382
4	2384	2385	2387	2386
4	2388	2389	2391	2390
4	2392	2393	2395	2394
4	2396	2397	2399	2398
4	2400	2401	2403	2402
4	2404	2405	2407	2406
4	2408	2409	2411	2410
4	2412	2413	2415	2414
4	2416	2417	2419	2418
4	2420	2421	2423	2422
4	2424	2425	2427	2426
4	2428	2429	2431	2430
4	2432	2433	2435	2434
4	2436	2437	2439	2438
4	2440	2441	2443	2442
4	2444	2445	2447	2446
4	2448	2449	2451	2450
4	2452	2453	2455	2454
4	2456	2457	2459	2458
4	2460	2461	2463	2462
4	2464	2465	2467	2466
4	2468	2469	2471	2470
4	2472	2473	2475	2474
4	2476	2477	2479	2478
4	2480	2481	2483	2482
4	2484	2485	2487	2486
4	2488	2489	2491	2490
4	2492	2493	2495	2494
4	2496	2497	2499	2498
4	2500	2501	2503	2502
4	2504	2505	2507	2506
4	2508	2509	2511	2510
4	2512	2513	2515	2514
4	2516	2517	2519	2518
4	2520	2521	2523	2522
4	2524	2525	2527	2526
4	2528	2529	2531	2530
4	2532	2533	2535	2534
4	2536	2537	2539	2538
4	2540	2541	2543	2542
4	2544	2545	2547	2546
4	2548	2549	2551	2550
4	2552	2553	2555	2554
4	2556	2557	2559	2558
4	2560	2561	2563	2562
4	2564	2565	2567	2566
4	2568	2569	2571	2570
4	2572	2573	2575	2574
4	2576	2577	2579	2578
4	2580	2581	2583	2582
4	2584	2585	2587	2586
4	2588	2589	2591	2590
4	2592	2593	2595	2594
4	2596	2597	2599	2598
4	2600	2601	2603	2602
4	2604	2605	2607	2606
4	2608	2609	2611	2610
4	2612	2613	2615	2614
4	2616	2617	2619	2618
4	2620	2621	2623	2622
4	2624	2625	2627	2626
4	2628	2629	2631	2630
4	2632	2633	2635	2634
4	2636	2637	2639	2638
4	2640	2641	2643	2642
4	2644	2645	2647	2646
4	2648	2649	2651	2650
4	2652	2653	2655	2654
4	2656	2657	2659	2658
4	2660	2661	2663	2662
4	2664	2665	2667	2666
4	2668	2669	2671	2670
4	2672	2673	2675	2674
4	2676	2677	2679	2678
4	2680	2681	2683	2682
4	2684	2685	2687	2686
4	2688	2689	2691	2690
4	2692	2693	2695	2694
4	2696	2697	2699	2698
4	2700	2701	2703	2702
4	2704	2705	2707	2706
4	2708	2709	2711	2710
4	2712	2713	2715	2714
4	2716	2717	2719	2718
4	2720	2721	2723	2722
4	2724	2725	2727	2726
4	2728	2729	2731	2730
4	2732	2733	2735	2734
4	2736	2737	2739	2738
4	2740	2741	2743	2742
4	2744	2745	2747	2746
4	2748	2749	2751	2750
4	2752	2753	2755	2754
4	2756	2757	2759	2758
4	2760	2761	2763	2762
4	2764	2765	2767	2766
4	2768	2769	2771	2770
4	2772	2773	2775	2774
4	2776	2777	2779	2778
4	2780	2781	2783	2782
4	2784	2785	2787	2786
4	2788	2789	2791	2790
4	2792	2793	2795	2794
4	2796	2797	2799	2798
4	2800	2801	2803	2802
4	2804	2805	2807	2806
4	2808	2809	2811	2810
4	2812	2813	2815	2814
4	2816	2817	2819	2818
4	2820	2821	2823	2822
4	2824	2825	2827	2826
4	2828	2829	2831	2830
4	2832	2833	2835	2834
4	2836	2837	2839	2838
4	2840	2841	2843	2842
4	2844	2845	2847	2846
4	2848	2849	2851	2850
4	2852	2853	2855	2854
4	2856	2857	2859	2858
4	2860	2861	2863	2862
4	2864	2865	2867	2866
4	2868	2869	2871	2870
4	2872	2873	2875	2874
4	2876	2877	2879	2878
4	2880	2881	2883	2882
4	2884	2885	2887	2886
4	2888	2889	2891	2890
4	2892	2893	2895	2894
4	2896	2897	2899	2898
4	2900	2901	2903	2902
4	2904	2905	2907	2906
4	2908	2909	2911	2910
4	2912	2913	2915	2914
4	2916	2917	2919	2918
4	2920	2921	2923	2922
4	2924	2925	2927	2926
4	2928	2929	2931	2930
4	2932	2933	2935	2934
4	2936	2937	2939	2938
4	2940	2941	2943	2942
4	2944	2945	2947	2946
4	2948	2949	2951	2950
4	2952	2953	2955	2954
4	2956	2957	2959	2958
4	2960	2961	2963	2962
4	2964	2965	2967	2966
4	2968	2969	2971	2970
4	2972	2973	2975	2974
4	2976	2977	2979	2978
4	2980	2981	2983	2982
4	2984	2985	2987	2986
4	2988	2989	2991	2990
4	2992	2993	2995	2994
4	2996	2997	2999	2998
4	3000	3001	3003	3002
4	3004	3005	3007	3006
4	3008	3009	3011	3010
4	3012	3013	3015	3014
4	3016	3017	3019	3018
4	3020	3021	3023	3022
4	3024	3025	3027	3026
4	3028	3029	3031	3030
4	3032	3033	3035	3034
4	3036	3037	3039	3038
4	3040	3041	3043	3042
4	3044	3045	3047	3046
4	3048	3049	3051	3050
4	3052	3053	3055	3054
4	3056	3057	3059	3058
4	3060	3061	3063	3062
4	3064	3065	3067	3066
4	3068	3069	3071	3070
4	3072	3073	3075	3074
4	3076	3077	3079	3078
4	3080	3081	3083	3082
4	3084	3085	3087	3086
4	3088	3089	3091	3090
4	3092	3093	3095	3094
4	3096	3097	3099	3098
4	3100	3101	3103	3102
4	3104	3105	3107	3106
4	3108	3109	3111	3110
4	3112	3113	3115	3114
4	3116	3117	3119	3118
4	3120	3121	3123	3122
4	3124	3125	3127	3126
4	3128	3129	3131	3130
4	3132	3133	3135	3134
4	3136	3137	3139	3138
4	3140	3141	3143	3142
4	3144	3145	3147	3146
4	3148	3149	3151	3150
4	3152	3153	3155	3154
4	3156	3157	3159	3158
4	3160	3161	3163	3162
4	3164	3165	3167	3166
4	3168	3169	3171	3170
4	3172	3173	3175	3174
4	3176	3177	3179	3178
4	3180	3181	3183	3182
4	3184	3185	3187	3186
4	3188	3189	3191	3190
4	3192	3193	3195	3194
4	3196	3197	3199	3198
4	3200	3201	3203	3202
4	3204	3205	3207	3206
4	3208	3209	3211	3210
4	3212	3213	3215	3214
4	3216	3217	3219	3218
4	3220	3221	3223	3222
4	3224	3225	3227	3226
4	3228	3229	3231	3230
4	3232	3233	3235	3234
4	3236	3237	3239	3238
4	3240	3241	3243	3242
4	3244	3245	3247	3246
4	3248	3249	3251	3250
4	3252	3253	3255	3254
4	3256	3257	3259	3258
4	3260	3261	3263	3262
4	3264	3265	3267	3266
4	3268	3269	3271	3270
4	3272	3273	3275	3274
4	3276	3277	3279	3278
4	3280	3281	3283	3282
4	3284	3285	3287	3286
4	3288	3289	3291	3290
4	3292	3293	3295	3294
4	3296	3297	3299	3298
4	3300	3301	3303	3302
4	3304	3305	3307	3306
4	3308	3309	3311	3310
4	3312	3313	3315	3314
4	3316	3317	3319	3318
4	3320	3321	3323	3322
4	3324	3325	3327	3326
4	3328	3329	3331	3330
4	3332	3333	3335	3334
4	3336	3337	3339	3338
4	3340	3341	3343	3342
4	3344	3345	3347	3346
4	3348	3349	3351	3350
4	3352	3353	3355	3354
4	3356	3357	3359	3358
4	3360	3361	3363	3362
4	3364	3365	3367	3366
4	3368	3369	3371	3370
4	3372	3373	3375	3374
4	3376	3377	3379	3378
4	3380	3381	3383	3382
4	3384	3385	3387	3386
4	3388	3389	3391	3390
4	3392	3393	3395	3394
4	3396	3397	3399	3398
4	3400	3401	3403	3402
4	3404	3405	3407	3406
4	3408	3409	3411	3410
4	3412	3413	3415	3414
4	3416	3417	3419	3418
4	3420	3421	3423	3422
4	3424	3425	3427	3426
4	3428	3429	3431	3430
4	3432	3433	3435	3434
4	3436	3437	3439	3438
4	3440	3441	3443	3442
4	3444	3445	3447	3446
4	3448	3449	3451	3450
4	3452	3453	3455	3454
4	3456	3457	3459	3458
4	3460	3461	3463	3462
4	3464	3465	3467	3466
4	3468	3469	3471	3470
4	3472	3473	3475	3474
4	3476	3477	3479	3478
4	3480	3481	3483	3482
4	3484	3485	3487	3486
4	3488	3489	3491	3490
4	3492	3493	3495	3494
4	3496	3497	3499	3498
4	3500	3501	3503	3502
4	3504	3505	3507	3506
4	3508	3509	3511	3510
4	3512	3513	3515	3514
4	3516	3517	3519	3518
4	3520	3521	3523	3522
4	3524	3525	3527	3526
4	3528	3529	3531	3530
4	3532	3533	3535	3534
4	3536	3537	3539	3538
4	3540	3541	3543	3542
4	3544	3545	3547	3546
4	3548	3549	3551	3550
4	3552	3553	3555	3554
4	3556	3557	3559	3558
4	3560	3561	3563	3562
4	3564	3565	3567	3566
4	3568	3569	3571	3570
4	3572	3573	3575	3574
4	3576	3577	3579	3578
4	3580	3581	3583	3582
4	3584	3585	3587	3586
4	3588	3589	3591	3590
4	3592	3593	3595	3594
4	3596	3597	3599	3598
4	3600	3601	3603	3602
4	3604	3605	3607	3606
4	3608	3609	3611	3610
4	3612	3613	3615	3614
4	3616	3617	3619	3618
4	3620	3621	3623	3622
4	3624	3625	3627	3626
4	3628	3629	3631	3630
4	3632	3633	3635	3634
4	3636	3637	3639	3638
4	3640	3641	3643	3642
4	3644	3645	3647	3646
4	3648	3649	3651	3650
4	3652	3653	3655	3654
4	3656	3657	3659	3658
4	3660	3661	3663	3662
4	3664	3665	3667	3666
4	3668	3669	3671	3670
4	3672	3673	3675	3674
4	3676	3677	3679	3678
4	3680	3681	3683	3682
4	3684	3685	3687	3686
4	3688	3689	3691	3690
4	3692	3693	3695	3694
4	3696	3697	3699	3698
4	3700	3701	3703	3702
4	3704	3705	3707	3706
4	3708	3709	3711	3710
4	3712	3713	3715	3714
4	3716	3717	3719	3718
4	3720	3721	3723	3722
4	3724	3725	3727	3726
4	3728	3729	3731	3730
4	3732	3733	3735	3734
4	3736	3737	3739	3738
4	3740	3741	3743	3742
4	3744	3745	3747	3746
4	3748	3749	3751	3750
4	3752	3753	3755	3754
4	3756	3757	3759	3758
4	3760	3761	3763	3762
4	3764	3765	3767	3766
4	3768	3769	3771	3770
4	3772	3773	3775	3774
4	3776	3777	3779	3778
4	3780	3781	3783	3782
4	3784	3785	3787	3786
4	3788	3789	3791	3790
4	3792	3793	3795	3794
4	3796	3797	3799	3798
4	3800	3801	3803	3802
4	3804	3805	3807	3806
4	3808	3809	3811	3810
4	3812	3813	3815	3814
4	3816	3817	3819	3818
4	3820	3821	3823	3822
4	3824	3825	3827	3826
4	3828	3829	3831	3830
4	3832	3833	3835	3834
4	3836	3837	3839	3838
4	3840	3841	3843	3842
4	3844	3845	3847	3846
4	3848	3849	3851	3850
4	3852	3853	3855	3854
4	3856	3857	3859	3858
4	3860	3861	3863	3862
4	3864	3865	3867	3866
4	3868	3869	3871	3870
4	3872	3873	3875	3874
4	3876	3877	3879	3878
4	3880	3881	3883	3882
4	3884	3885	3887	3886
4	3888	3889	3891	3890
4	3892	3893	3895	3894
4	3896	3897	3899	3898
4	3900	3901	3903	3902
4	3904	3905	3907	3906
4	3908	3909	3911	3910
4	3912	3913	3915	3914
4	3916	3917	3919	3918
4	3920	3921	3923	3922
4	3924	3925	3927	3926
4	3928	3929	3931	3930
4	3932	3933	3935	3934
4	3936	3937	3939	3938
4	3940	3941	3943	3942
4	3944	3945	3947	3946
4	3948	3949	3951	3950
4	3952	3953	3955	3954
4	3956	3957	3959	3958
4	3960	3961	3963	3962
4	3964	3965	3967	3966
4	3968	3969	3971	3970
4	3972	3973	3975	3974
4	3976	3977	3979	3978
4	3980	3981	3983	3982
4	3984	3985	3987	3986
4	3988	3989	3991	3990
4	3992	3993	3995	3994
4	3996	3997	3999	3998
4	4000	4001	4003	4002
4	4004	4005	4007	4006
4	4008	4009	4011	4010
4	4012	4013	4015	4014
4	4016	4017	4019	4018
4	4020	4021	4023	4022
4	4024	4025	4027	4026
4	4028	4029	4031	4030
4	4032	4033	4035	4034
4	4036	4037	4039	4038
4	4040	4041	4043	4042
4	4044	4045	4047	4046
4	4048	4049	4051	4050
4	4052	4053	4055	4054
4	4056	4057	4059	4058
4	4060	4061	4063	4062
4	4064	4065	4067	4066
4	4068	4069	4071	4070
4	4072	4073	4075	4074
4	4076	4077	4079	4078
4	4080	4081	4083	4082
4	4084	4085	4087	4086
4	4088	4089	4091	4090
4	4092	4093	4095	4094

CELL_TYPES 1024
 9 9 9 9 9 9 9 9 9 9 9 9 9 9 9 9 9 9 9 9 9 9 9 9 9 9 9 9 9 9 9 9 9 9 9 9 9 9 9 9 9 9 9 9 9 9 9 9 9 9 9 9 9 9 9 9 9 9 9 9 9 9 9 9 9 9 9 9 9 9 9 9 9 9 9 9 9 9 9 9 9 9 9 9 9 9 9 9 9 9 9 9 9 9 9 9 9 9 9 9 9 9 9 9 9 9 9 9 9 9 9 9 9 9 9 9 9 9 9 9 9 9 9 9 9 9 9 9 9 9 9 9 9 9 9 9 9 9 9 9 9 9 9 9 9 9 9 9 9 9 9 9 9 9 9 9 9 9 9 9 9 9 9 9 9 9 9 9 9 9 9 9 9 9 9 9 9 9 9 9 9 9 9 9 9 9 9 9 9 9 9 9 9 9 9 9 9 9 9 9 9 9 9 9 9 9 9 9 9 9 9 9 9 9 9 9 9 9 9 9 9 9 9 9 9 9 9 9 9 9 9 9 9 9 9 9 9 9 9 9 9 9 9 9 9 9 9 9 9 9 9 9 9 9 9 9 9 9 9 9 9 9 9 9 9 9 9 9 9 9 9 9 9 9 9 9 9 9 9 9 9 9 9 9 9 9 9 9 9 9 9 9 9 9 9 9 9 9 9 9 9 9 9 9 9 9 9 9 9 9 9 9 9 9 9 9 9 9 9 9 9 9 9 9 9 9 9 9 9 9 9 9 9 9 9 9 9 9 9 9 9 9 9 9 9 9 9 9 9 9 9 9 9 9 9 9 9 9 9 9 9 9 9 9 9 9 9 9 9 9 9 9 9 9 9 9 9 9 9 9 9 9 9 9 9 9 9 9 9 9 9 9 9 9 9 9 9 9 9 9 9 9 9 9 9 9 9 9 9 9 9 9 9 9 9 9 9 9 9 9 9 9 9 9 9 9 9 9 9 9 9 9 9 9 9 9 9 9 9 9 9 9 9 9 9 9 9 9 9 9 9 9 9 9 9 9 9 9 9 9 9 9 9 9 9 9 9 9 9 9 9 9 9 9 9 9 9 9 9 9 9 9 9 9 9 9 9 9 9 9 9 9 9 9 9 9 9 9 9 9 9 9 9 9 9 9 9 9 9 9 9 9 9 9 9 9 9 9 9 9 9 9 9 9 9 9 9 9 9 9 9 9 9 9 9 9 9 9 9 9 9 9 9 9 9 9 9 9 9 9 9 9 9 9 9 9 9 9 9 9 9 9 9 9 9 9 9 9 9 9 9 9 9 9 9 9 9 9 9 9 9 9 9 9 9 9 9 9 9 9 9 9 9 9 9 9 9 9 9 9 9 9 9 9 9 9 9 9 9 9 9 9 9 9 9 9 9 9 9 9 9 9 9 9 9 9 9 9 9 9 9 9 9 9 9 9 9 9 9 9 9 9 9 9 9 9 9 9 9 9 9 9 9 9 9 9 9 9 9 9 9 9 9 9 9 9 9 9 9 9 9 9 9 9 9 9 9 9 9 9 9 9 9 9 9 9 9 9 9 9 9 9 9 9 9 9 9 9 9 9 9 9 9 9 9 9 9 9 9 9 9 9 9 9 9 9 9 9 9 9 9 9 9 9 9 9 9 9 9 9 9 9 9 9 9 9 9 9 9 9 9 9 9 9 9 9 9 9 9 9 9 9 9 9 9 9 9 9 9 9 9 9 9 9 9 9 9 9 9 9 9 9 9 9 9 9 9 9 9 9 9 9 9 9 9 9 9 9 9 9 9 9 9 9 9 9 9 9 9 9 9 9 9 9 9 9 9 9 9 9 9 9 9 9 9 9 9 9 9 9 9 9 9 9 9 9 9 9 9 9 9 9 9 9 9 9 9 9 9 9 9 9 9 9 9 9 9 9 9 9 9 9 9 9 9 9 9 9 9 9 9 9 9 9 9 9 9 9 9 9 9 9 9 9 9 9 9 9 9 9 9 9 9 9 9 9 9 9 9 9 9 9 9 9 9 9 9 9 9 9 9 9 9 9 9 9 9 9 9 9 9 9 9 9 9 9 9 9 9 9 9 9 9 9 9 9 9 9 9 9 9 9 9 9 9 9 9 9 9 9 9 9 9 9 9 9 9 9 9 9 9 9 9 9 9 9 9 9 9 9 9 9 9 9 9 9 9 9 9 9 9 9 9 9 9 9 9 9 9 9 9 9 9 9 9 9 9 9 9 9 9 9 9 9 9 9 9 9 9 9 9 9 9 9 9 9 9 9 9 9 9 9 9 9 9 9 9 9 9 9 9 9 9 9
POINT_DATA 4096
SCALARS x_velo double 1
LOOKUP_TABLE default
0 0 0 -2.20655e-10 0 0 -2.20655e-10 -4.71704e-10 0 -2.20655e-10 0 -4.14539e-10 -2.20655e-10 -4.71704e-10 -4.14539e-10 -9.22945e-10 0 0 -4.71704e-10 -7.93933e-10 0 0 -7.93933e-10 -1.17487e-09 -4.71704e-10 -7.93933e-10 -9.22945e-10 -1.54404e-09 -7.93933e-10 -1.17487e-09 -1.54404e-09 -2.27481e-09 0 -4.14539e-10 0 -5.86397e-10 -4.14539e-10 -9.22945e-10 -5.86397e-10 -1.34232e-09 0 -5.86397e-10 0 -7.42449e-10 -5.86397e-10 -1.34232e-09 -7.42449e-10 -1.72307e-09 -9.22945e-10 -1.54404e-09 -1.34232e-09 -2.23502e-09 -1.54404e-09 -2.27481e-09 -2.23502e-09 -3.28005e-09 -1.34232e-09 -2.23502e-09 -1.72307e-09 -2.85306e-09 -2.23502e-09 -3.28005e-09 -2.85306e-09 -4.17133e-09 0 0 -1.17487e-09 -1.6241e-09 0 0 -1.6241e-09 -2.15477e-09 -1.17487e-09 -1.6241e-09 -2.27481e-09 -3.14122e-09 -1.6241e-09 -2.15477e-09 -3.14122e-09 -4.17447e-09 0 0 -2.15477e-09 -2.76883e-09 0 0 -2.76883e-09 -3.45051e-09 -2.15477e-09 -2.76883e-09 -4.17447e-09 -5.39071e-09 -2.76883e-09 -3.45051e-09 -5.39071e-09 -6.7804e-09 -2.27481e-09 -3.14122e-09 -3.28005e-09 -4.52642e-09 -3.14122e-09 -4.17447e-09 -4.52642e-09 -6.02937e-09 -3.28005e-09 -4.52642e-09 -4.17133e-09 -5.75397e-09 -4.52642e-09 -6.02937e-09 -5.75397e-09 -7.68521e-09 -4.17447e-09 -5.39071e-09 -6.02937e-09 -7.8316e-09 -5.39071e-09 -6.7804e-09 -7.8316e-09 -9.9497e-09 -6.02937e-09 -7.8316e-09 -7.68521e-09 -1.00455e-08 -7.8316e-09 -9.9497e-09 -1.00455e-08 -1.2897e-08 0 -7.42449e-10 0 -8.88429e-10 -7.42449e-10 -1.72307e-09 -8.88429e-10 -2.06182e-09 0 -8.88429e-10 0 -1.03422e-09 -8.88429e-10 -2.06182e-09 -1.03422e-09 -2.35463e-09 -1.72307e-09 -2.85306e-09 -2.06182e-09 -3.38542e-09 -2.85306e-09 -4.17133e-09 -3.38542e-09 -4.93014e-09 -2.06182e-09 -3.38542e-09 -2.35463e-09 -3.81977e-09 -3.38542e-09 -4.93014e-09 -3.81977e-09 -5.53928e-09 0 -1.03422e-09 0 -1.20115e-09 -1.03422e-09 -2.35463e-09 -1.20115e-09 -2.59035e-09 0 -1.20115e-09 0 -1.39487e-09 -1.20115e-09 -2.59035e-09 -1.39487e-09 -2.75799e-09 -2.35463e-09 -3.81977e-09 -2.59035e-09 -4.14386e-09 -3.81977e-09 -5.53928e-09 -4.14386e-09 -5.98367e-09 -2.59035e-09 -4.14386e-09 -2.75799e-09 -4.34542e-09 -4.14386e-09 -5.98367e-09 -4.34542e-09 -6.25136e-09 -4.17133e-09 -5.75397e-09 -4.93014e-09 -6.79797e-09 -5.75397e-09 -7.68521e-09 -6.79797e-09 -9.10403e-09 -4.93014e-09 -6.79797e-09 -5.53928e-09 -7.63344e-09 -6.79797e-09 -9.10403e-09 -7.63344e-09 -1.02461e-08 -7.68521e-09 -1.00455e-08 -9.10403e-09 -1.19757e-08 -1.00455e-08 -1.2897e-08 -1.19757e-08 -1.55397e-08 -9.10403e-09 -1.19757e-08 -1.02461e-08 -1.35564e-08 -1.19757e-08 -1.55397e-08 -1.35564e-08 -1.77737e-08 -5.53928e-09 -7.63344e-09 -5.98367e-09 -8.23819e-09 -7.63344e-09 -1.02461e-08 -8.23819e-09 -1.10729e-08 -5.98367e-09 -8.23819e-09 -6.25136e-09 -8.59507e-09 -8.23819e-09 -1.10729e-08 -8.59507e-09 -1.15511e-08 -1.02461e-08 -1.35564e-08 -1.10729e-08 -1.47168e-08 -1.35564e-08 -1.77737e-08 -1.47168e-08 -1.94752e-08 -1.10729e-08 -1.47168e-08 -1.15511e-08 -1.53862e-08 -1.47168e-08 -1.94752e-08 -1.53862e-08 -2.05021e-08 0 0 -3.45051e-09 -4.17003e-09 0 0 -4.17003e-09 -4.89272e-09 -3.45051e-09 -4.17003e-09 -6.7804e-09 -8.30812e-09 -4.17003e-09 -4.89272e-09 -8.30812e-09 -9.91034e-09 0 0 -4.89272e-09 -5.56533e-09 0 0 -5.56533e-09 -6.04534e-09 -4.89272e-09 -5.56533e-09 -9.91034e-09 -1.14446e-08 -5.56533e-09 -6.04534e-09 -1.14446e-08 -1.25505e-08 -6.7804e-09 -8.30812e-09 -9.9497e-09 -1.23628e-08 -8.30812e-09 -9.91034e-09 -1.23628e-08 -1.49814e-08 -9.9497e-09 -1.23628e-08 -1.2897e-08 -1.62552e-08 -1.23628e-08 -1.49814e-08 -1.62552e-08 -2.0014e-08 -9.91034e-09 -1.14446e-08 -1.49814e-08 -1.7543e-08 -1.14446e-08 -1.25505e-08 -1.7543e-08 -1.9408e-08 -1.49814e-08 -1.7543e-08 -2.0014e-08 -2.37694e-08 -1.7543e-08 -1.9408e-08 -2.37694e-08 -2.65489e-08 0 0 -6.04534e-09 -6.01564e-09 0 0 -6.01564e-09 -5.0478e-09 -6.04534e-09 -6.01564e-09 -1.25505e-08 -1.25229e-08 -6.01564e-09 -5.0478e-09 -1.25229e-08 -1.04906e-08 0 0 -5.0478e-09 -2.91884e-09 0 0 -2.91884e-09 4.28196e-11 -5.0478e-09 -2.91884e-09 -1.04906e-08 -6.05058e-09 -2.91884e-09 4.28196e-11 -6.05058e-09 8.79853e-11 -1.25505e-08 -1.25229e-08 -1.9408e-08 -1.94263e-08 -1.25229e-08 -1.04906e-08 -1.94263e-08 -1.62659e-08 -1.9408e-08 -1.94263e-08 -2.65489e-08 -2.66945e-08 -1.94263e-08 -1.62659e-08 -2.66945e-08 -2.23766e-08 -1.04906e-08 -6.05058e-09 -1.62659e-08 -9.36793e-09 -6.05058e-09 8.79853e-11 -9.36793e-09 1.35074e-10 -1.62659e-08 -9.36793e-09 -2.23766e-08 -1.28847e-08 -9.36793e-09 1.35074e-10 -1.28847e-08 1.83844e-10 -1.2897e-08 -1.62552e-08 -1.55397e-08 -1.98759e-08 -1.62552e-08 -2.0014e-08 -1.98759e-08 -2.48867e-08 -1.55397e-08 -1.98759e-08 -1.77737e-08 -2.30794e-08 -1.98759e-08 -2.48867e-08 -2.30794e-08 -2.94352e-08 -2.0014e-08 -2.37694e-08 -2.48867e-08 -3.0025e-08 -2.37694e-08 -2.65489e-08 -3.0025e-08 -3.39378e-08 -2.48867e-08 -3.0025e-08 -2.94352e-08 -3.61865e-08 -3.0025e-08 -3.39378e-08 -3.61865e-08 -4.15685e-08 -1.77737e-08 -2.30794e-08 -1.94752e-08 -2.56762e-08 -2.30794e-08 -2.94352e-08 -2.56762e-08 -3.343e-08 -1.94752e-08 -2.56762e-08 -2.05021e-08 -2.74205e-08 -2.56762e-08 -3.343e-08 -2.74205e-08 -3.65372e-08 -2.94352e-08 -3.61865e-08 -3.343e-08 -4.20768e-08 -3.61865e-08 -4.15685e-08 -4.20768e-08 -4.94543e-08 -3.343e-08 -4.20768e-08 -3.65372e-08 -4.74071e-08 -4.20768e-08 -4.94543e-08 -4.74071e-08 -5.76028e-08 -2.65489e-08 -2.66945e-08 -3.39378e-08 -3.43736e-08 -2.66945e-08 -2.23766e-08 -3.43736e-08 -2.89201e-08 -3.39378e-08 -3.43736e-08 -4.15685e-08 -4.26087e-08 -3.43736e-08 -2.89201e-08 -4.26087e-08 -3.61304e-08 -2.23766e-08 -1.28847e-08 -2.89201e-08 -1.66798e-08 -1.28847e-08 1.83844e-10 -1.66798e-08 2.34286e-10 -2.89201e-08 -1.66798e-08 -3.61304e-08 -2.09322e-08 -1.66798e-08 2.34286e-10 -2.09322e-08 2.8673e-10 -4.15685e-08 -4.26087e-08 -4.94543e-08 -5.16793e-08 -4.26087e-08 -3.61304e-08 -5.16793e-08 -4.4447e-08 -4.94543e-08 -5.16793e-08 -5.76028e-08 -6.20694e-08 -5.16793e-08 -4.4447e-08 -6.20694e-08 -5.46657e-08 -3.61304e-08 -2.09322e-08 -4.4447e-08 -2.59761e-08 -2.09322e-08 2.8673e-10 -2.59761e-08 3.42017e-10 -4.4447e-08 -2.59761e-08 -5.46657e-08 -3.2424e-08 -2.59761e-08 3.42017e-10 -3.2424e-08 4.01808e-10 0 0 4.28196e-11 3.00237e-09 0 0 3.00237e-09 5.12518e-09 4.28196e-11 3.00237e-09 8.79853e-11 6.22171e-09 3.00237e-09 5.12518e-09 6.22171e-09 1.06481e-08 0 0 5.12518e-09 6.08365e-09 0 0 6.08365e-09 6.10227e-09 5.12518e-09 6.08365e-09 1.06481e-08 1.26602e-08 6.08365e-09 6.10227e-09 1.26602e-08 1.26649e-08 8.79853e-11 6.22171e-09 1.35074e-10 9.62997e-09 6.22171e-09 1.06481e-08 9.62997e-09 1.65055e-08 1.35074e-10 9.62997e-09 1.83844e-10 1.32405e-08 9.62997e-09 1.65055e-08 1.32405e-08 2.26999e-08 1.06481e-08 1.26602e-08 1.65055e-08 1.96338e-08 1.26602e-08 1.26649e-08 1.96338e-08 1.95796e-08 1.65055e-08 1.96338e-08 2.26999e-08 2.69721e-08 1.96338e-08 1.95796e-08 2.69721e-08 2.67764e-08 0 0 6.10227e-09 5.61123e-09 0 0 5.61123e-09 4.92888e-09 6.10227e-09 5.61123e-09 1.26649e-08 1.15366e-08 5.61123e-09 4.92888e-09 1.15366e-08 9.9824e-09 0 0 4.92888e-09 4.19816e-09 0 0 4.19816e-09 3.47216e-09 4.92888e-09 4.19816e-09 9.9824e-09 8.36375e-09 4.19816e-09 3.47216e-09 8.36375e-09 6.82278e-09 1.26649e-08 1.15366e-08 1.95796e-08 1.768e-08 1.15366e-08 9.9824e-09 1.768e-08 1.50881e-08 1.95796e-08 1.768e-08 2.67764e-08 2.39494e-08 1.768e-08 1.50881e-08 2.39494e-08 2.01528e-08 9.9824e-09 8.36375e-09 1.50881e-08 1.24444e-08 8.36375e-09 6.82278e-09 1.24444e-08 1.00113e-08 1.50881e-08 1.24444e-08 2.01528e-08 1.63604e-08 1.24444e-08 1.00113e-08 1.63604e-08 1.29757e-08 1.83844e-10 1.32405e-08 2.34286e-10 1.71321e-08 1.32405e-08 2.26999e-08 1.71321e-08 2.93281e-08 2.34286e-10 1.71321e-08 2.8673e-10 2.14841e-08 1.71321e-08 2.93281e-08 2.14841e-08 3.66241e-08 2.26999e-08 2.69721e-08 2.93281e-08 3.47205e-08 2.69721e-08 2.67764e-08 3.47205e-08 3.42189e-08 2.93281e-08 3.47205e-08 3.66241e-08 4.30232e-08 3.47205e-08 3.42189e-08 4.30232e-08 4.18992e-08 2.8673e-10 2.14841e-08 3.42017e-10 2.66321e-08 2.14841e-08 3.66241e-08 2.66321e-08 4.50276e-08 3.42017e-10 2.66321e-08 4.01808e-10 3.3191e-08 2.66321e-08 4.50276e-08 3.3191e-08 5.53349e-08 3.66241e-08 4.30232e-08 4.50276e-08 5.21584e-08 4.30232e-08 4.18992e-08 5.21584e-08 4.98287e-08 4.50276e-08 5.21584e-08 5.53349e-08 6.26086e-08 5.21584e-08 4.98287e-08 6.26086e-08 5.80119e-08 2.67764e-08 2.39494e-08 3.42189e-08 3.02447e-08 2.39494e-08 2.01528e-08 3.02447e-08 2.50542e-08 3.42189e-08 3.02447e-08 4.18992e-08 3.64409e-08 3.02447e-08 2.50542e-08 3.64409e-08 2.96262e-08 2.01528e-08 1.63604e-08 2.50542e-08 2.00014e-08 1.63604e-08 1.29757e-08 2.00014e-08 1.56325e-08 2.50542e-08 2.00014e-08 2.96262e-08 2.32207e-08 2.00014e-08 1.56325e-08 2.32207e-08 1.78771e-08 4.18992e-08 3.64409e-08 4.98287e-08 4.23587e-08 3.64409e-08 2.96262e-08 4.23587e-08 3.36378e-08 4.98287e-08 4.23587e-08 5.80119e-08 4.77064e-08 4.23587e-08 3.36378e-08 4.77064e-08 3.67529e-08 2.96262e-08 2.32207e-08 3.36378e-08 2.58277e-08 2.32207e-08 1.78771e-08 2.58277e-08 1.95848e-08 3.36378e-08 2.58277e-08 3.67529e-08 2.75754e-08 2.58277e-08 1.95848e-08 2.75754e-08 2.06131e-08 0 0 3.47216e-09 2.78517e-09 0 0 2.78517e-09 2.1666e-09 3.47216e-09 2.78517e-09 6.82278e-09 5.42241e-09 2.78517e-09 2.1666e-09 5.42241e-09 4.19726e-09 0 0 2.1666e-09 1.63174e-09 0 0 1.63174e-09 1.1781e-09 2.1666e-09 1.63174e-09 4.19726e-09 3.15605e-09 1.63174e-09 1.1781e-09 3.15605e-09 2.28164e-09 6.82278e-09 5.42241e-09 1.00113e-08 7.87724e-09 5.42241e-09 4.19726e-09 7.87724e-09 6.06204e-09 1.00113e-08 7.87724e-09 1.29757e-08 1.01033e-08 7.87724e-09 6.06204e-09 1.01033e-08 7.72639e-09 4.19726e-09 3.15605e-09 6.06204e-09 4.54791e-09 3.15605e-09 2.28164e-09 4.54791e-09 3.29093e-09 6.06204e-09 4.54791e-09 7.72639e-09 5.78143e-09 4.54791e-09 3.29093e-09 5.78143e-09 4.18652e-09 0 0 1.1781e-09 7.92048e-10 0 0 7.92048e-10 4.6453e-10 1.1781e-09 7.92048e-10 2.28164e-09 1.54213e-09 7.92048e-10 4.6453e-10 1.54213e-09 9.12429e-10 0 0 4.6453e-10 2.11085e-10 0 0 2.11085e-10 0 4.6453e-10 2.11085e-10 9.12429e-10 4.00881e-10 2.11085e-10 0 4.00881e-10 0 2.28164e-09 1.54213e-09 3.29093e-09 2.2349e-09 1.54213e-09 9.12429e-10 2.2349e-09 1.33161e-09 3.29093e-09 2.2349e-09 4.18652e-09 2.85631e-09 2.2349e-09 1.33161e-09 2.85631e-09 1.71489e-09 9.12429e-10 4.00881e-10 1.33161e-09 5.71676e-10 4.00881e-10 0 5.71676e-10 0 1.33161e-09 5.71676e-10 1.71489e-09 7.28658e-10 5.71676e-10 0 7.28658e-10 0 1.29757e-08 1.01033e-08 1.56325e-08 1.20432e-08 1.01033e-08 7.72639e-09 1.20432e-08 9.15204e-09 1.56325e-08 1.20432e-08 1.78771e-08 1.3631e-08 1.20432e-08 9.15204e-09 1.3631e-08 1.02989e-08 7.72639e-09 5.78143e-09 9.15204e-09 6.8304e-09 5.78143e-09 4.18652e-09 6.8304e-09 4.94959e-09 9.15204e-09 6.8304e-09 1.02989e-08 7.66948e-09 6.8304e-09 4.94959e-09 7.66948e-09 5.5624e-09 1.78771e-08 1.3631e-08 1.95848e-08 1.47953e-08 1.3631e-08 1.02989e-08 1.47953e-08 1.11281e-08 1.95848e-08 1.47953e-08 2.06131e-08 1.5465e-08 1.47953e-08 1.11281e-08 1.5465e-08 1.16061e-08 1.02989e-08 7.66948e-09 1.11281e-08 8.27605e-09 7.66948e-09 5.5624e-09 8.27605e-09 6.00923e-09 1.11281e-08 8.27605e-09 1.16061e-08 8.63258e-09 8.27605e-09 6.00923e-09 8.63258e-09 6.27728e-09 4.18652e-09 2.85631e-09 4.94959e-09 3.39326e-09 2.85631e-09 1.71489e-09 3.39326e-09 2.05873e-09 4.94959e-09 3.39326e-09 5.5624e-09 3.83279e-09 3.39326e-09 2.05873e-09 3.83279e-09 2.35913e-09 1.71489e-09 7.28658e-10 2.05873e-09 8.77632e-10 7.28658e-10 0 8.77632e-10 0 2.05873e-09 8.77632e-10 2.35913e-09 1.02972e-09 8.77632e-10 0 1.02972e-09 0 5.5624e-09 3.83279e-09 6.00923e-09 4.16172e-09 3.83279e-09 2.35913e-09 4.16172e-09 2.60421e-09 6.00923e-09 4.16172e-09 6.27728e-09 4.36638e-09 4.16172e-09 2.60421e-09 4.36638e-09 2.78185e-09 2.35913e-09 1.02972e-09 2.60421e-09 1.20966e-09 1.02972e-09 0 1.20966e-09 0 2.60421e-09 1.20966e-09 2.78185e-09 1.42657e-09 1.20966e-09 0 1.42657e-09 0 0 -1.39487e-09 3.55078 3.53614 -1.39487e-09 -2.75799e-09 3.53614 3.53662 3.55078 3.53614 6.62813 6.61445 3.53614 3.53662 6.61445 6.60943 -2.75799e-09 -4.34542e-09 3.53662 3.5399 -4.34542e-09 -6.25136e-09 3.5399 3.54367 3.53662 3.5399 6.60943 6.61139 3.5399 3.54367 6.61139 6.61566 6.62813 6.61445 9.23203 9.22364 6.61445 6.60943 9.22364 9.21574 9.23203 9.22364 11.3625 11.3578 9.22364 9.21574 11.3578 11.3509 6.60943 6.61139 9.21574 9.21474 6.61139 6.61566 9.21474 9.21737 9.21574 9.21474 11.3509 11.3481 9.21474 9.21737 11.3481 11.3486 -6.25136e-09 -8.59507e-09 3.54367 3.54724 -8.59507e-09 -1.15511e-08 3.54724 3.55059 3.54367 3.54724 6.61566 6.62049 3.54724 3.55059 6.62049 6.62541 -1.15511e-08 -1.53862e-08 3.55059 3.55402 -1.53862e-08 -2.05021e-08 3.55402 3.55812 3.55059 3.55402 6.62541 6.63063 3.55402 3.55812 6.63063 6.63688 6.61566 6.62049 9.21737 9.22153 6.62049 6.62541 9.22153 9.22638 9.21737 9.22153 11.3486 11.3512 9.22153 9.22638 11.3512 11.3549 6.62541 6.63063 9.22638 9.23188 6.63063 6.63688 9.23188 9.23866 9.22638 9.23188 11.3549 11.3596 9.23188 9.23866 11.3596 11.3657 11.3625 11.3578 13.0195 13.0168 11.3578 11.3509 13.0168 13.0119 13.0195 13.0168 14.2031 14.2015 13.0168 13.0119 14.2015 14.198 11.3509 11.3481 13.0119 13.0088 11.3481 11.3486 13.0088 13.008 13.0119 13.0088 14.198 14.1952 13.0088 13.008 14.1952 14.1939 14.2031 14.2015 14.9133 14.9121 14.2015 14.198 14.9121 14.9095 14.9133 14.9121 15.15 15.149 14.9121 14.9095 15.149 15.1467 14.198 14.1952 14.9095 14.9071 14.1952 14.1939 14.9071 14.9056 14.9095 14.9071 15.1467 15.1444 14.9071 14.9056 15.1444 15.1428 11.3486 11.3512 13.008 13.009 11.3512 11.3549 13.009 13.0113 13.008 13.009 14.1939 14.1939 13.009 13.0113 14.1939 14.195 11.3549 11.3596 13.0113 13.0147 11.3596 11.3657 13.0147 13.0196 13.0113 13.0147 14.195 14.1972 13.0147 13.0196 14.1972 14.2009 14.1939 14.1939 14.9056 14.905 14.1939 14.195 14.905 14.9055 14.9056 14.905 15.1428 15.1421 14.905 14.9055 15.1421 15.1423 14.195 14.1972 14.9055 14.9069 14.1972 14.2009 14.9069 14.9097 14.9055 14.9069 15.1423 15.1435 14.9069 14.9097 15.1435 15.146 -2.05021e-08 -2.74205e-08 3.55812 3.56418 -2.74205e-08 -3.65372e-08 3.56418 3.57468 3.55812 3.56418 6.63688 6.64586 3.56418 3.57468 6.64586 6.6607 -3.65372e-08 -4.74071e-08 3.57468 3.5933 -4.74071e-08 -5.76028e-08 3.5933 3.62317 3.57468 3.5933 6.6607 6.68598 3.5933 3.62317 6.68598 6.72582 6.63688 6.64586 9.23866 9.24831 6.64586 6.6607 9.24831 9.26371 9.23866 9.24831 11.3657 11.3746 9.24831 9.26371 11.3746 11.3886 6.6607 6.68598 9.26371 9.28897 6.68598 6.72582 9.28897 9.32791 9.26371 9.28897 11.3886 11.411 9.28897 9.32791 11.411 11.4448 -5.76028e-08 -6.20694e-08 3.62317 3.66285 -6.20694e-08 -5.46657e-08 3.66285 3.70212 3.62317 3.66285 6.72582 6.77927 3.66285 3.70212 6.77927 6.83526 -5.46657e-08 -3.2424e-08 3.70212 3.72337 -3.2424e-08 4.01808e-10 3.72337 3.71194 3.70212 3.72337 6.83526 6.87293 3.72337 3.71194 6.87293 6.87209 6.72582 6.77927 9.32791 9.38032 6.77927 6.83526 9.38032 9.43763 9.32791 9.38032 11.4448 11.4903 9.38032 9.43763 11.4903 11.5414 6.83526 6.87293 9.43763 9.48242 6.87293 6.87209 9.48242 9.49568 9.43763 9.48242 11.5414 11.5855 9.48242 9.49568 11.5855 11.6075 11.3657 11.3746 13.0196 13.027 11.3746 11.3886 13.027 13.0389 13.0196 13.027 14.2009 14.2069 13.027 13.0389 14.2069 14.2166 11.3886 11.411 13.0389 13.0577 11.411 11.4448 13.0577 13.0857 13.0389 13.0577 14.2166 14.2322 13.0577 13.0857 14.2322 14.2554 14.2009 14.2069 14.9097 14.9146 14.2069 14.2166 14.9146 14.9229 14.9097 14.9146 15.146 15.1505 14.9146 14.9229 15.1505 15.1583 14.2166 14.2322 14.9229 14.9363 14.2322 14.2554 14.9363 14.9565 14.9229 14.9363 15.1583 15.171 14.9363 14.9565 15.171 15.19 11.4448 11.4903 13.0857 13.1233 11.4903 11.5414 13.1233 13.1665 13.0857 13.1233 14.2554 14.2867 13.1233 13.1665 14.2867 14.3231 11.5414 11.5855 13.1665 13.2063 11.5855 11.6075 13.2063 13.2315 13.1665 13.2063 14.3231 14.3583 13.2063 13.2315 14.3583 14.3839 14.2554 14.2867 14.9565 14.9837 14.2867 14.3231 14.9837 15.0159 14.9565 14.9837 15.19 15.2159 14.9837 15.0159 15.2159 15.2466 14.3231 14.3583 15.0159 15.0479 14.3583 14.3839 15.0479 15.0729 15.0159 15.0479 15.2466 15.2775 15.0479 15.0729 15.2775 15.3023 4.01808e-10 3.3191e-08 3.71194 3.66867 3.3191e-08 5.53349e-08 3.66867 3.61105 3.71194 3.66867 6.87209 6.82819 3.66867 3.61105 6.82819 6.75745 5.53349e-08 6.26086e-08 3.61105 3.5607 6.26086e-08 5.80119e-08 3.5607 3.52991 3.61105 3.5607 6.75745 6.68594 3.5607 3.52991 6.68594 6.63328 6.87209 6.82819 9.49568 9.46896 6.82819 6.75745 9.46896 9.41117 9.49568 9.46896 11.6075 11.5985 9.46896 9.41117 11.5985 11.5613 6.75745 6.68594 9.41117 9.34301 6.68594 6.63328 9.34301 9.28419 9.41117 9.34301 11.5613 11.5092 9.34301 9.28419 11.5092 11.4574 5.80119e-08 4.77064e-08 3.52991 3.51847 4.77064e-08 3.67529e-08 3.51847 3.51925 3.52991 3.51847 6.63328 6.60494 3.51847 3.51925 6.60494 6.59562 3.67529e-08 2.75754e-08 3.51925 3.5249 2.75754e-08 2.06131e-08 3.5249 3.53104 3.51925 3.5249 6.59562 6.59679 3.5249 3.53104 6.59679 6.60187 6.63328 6.60494 9.28419 9.2445 6.60494 6.59562 9.2445 9.22352 9.28419 9.2445 11.4574 11.4164 9.2445 9.22352 11.4164 11.3892 6.59562 6.59679 9.22352 9.21558 6.59679 6.60187 9.21558 9.21466 9.22352 9.21558 11.3892 11.3736 9.21558 9.21466 11.3736 11.3659 11.6075 11.5985 13.2315 13.2344 11.5985 11.5613 13.2344 13.2148 13.2315 13.2344 14.3839 14.3933 13.2344 13.2148 14.3933 14.3853 11.5613 11.5092 13.2148 13.1802 11.5092 11.4574 13.1802 13.141 13.2148 13.1802 14.3853 14.3638 13.1802 13.141 14.3638 14.336 14.3839 14.3933 15.0729 15.0854 14.3933 14.3853 15.0854 15.0835 15.0729 15.0854 15.3023 15.3157 15.0854 15.0835 15.3157 15.3156 14.3853 14.3638 15.0835 15.0697 14.3638 14.336 15.0697 15.049 15.0835 15.0697 15.3156 15.3042 15.0697 15.049 15.3042 15.286 11.4574 11.4164 13.141 13.1058 11.4164 11.3892 13.1058 13.0786 13.141 13.1058 14.336 14.3082 13.1058 13.0786 14.3082 14.2844 11.3892 11.3736 13.0786 13.0597 11.3736 11.3659 13.0597 13.0475 13.0786 13.0597 14.2844 14.2658 13.0597 13.0475 14.2658 14.2521 14.336 14.3082 15.049 15.0267 14.3082 14.2844 15.0267 15.0062 15.049 15.0267 15.286 15.2656 15.0267 15.0062 15.2656 15.2464 14.2844 14.2658 15.0062 14.9891 14.2658 14.2521 14.9891 14.9754 15.0062 14.9891 15.2464 15.23 14.9891 14.9754 15.23 15.2165 2.06131e-08 1.5465e-08 3.53104 3.5361 1.5465e-08 1.16061e-08 3.5361 3.53995 3.53104 3.5361 6.60187 6.6074 3.5361 3.53995 6.6074 6.61224 1.16061e-08 8.63258e-09 3.53995 3.54292 8.63258e-09 6.27728e-09 3.54292 3.54522 3.53995 3.54292 6.61224 6.61621 3.54292 3.54522 6.61621 6.61937 6.60187 6.6074 9.21466 9.21667 6.6074 6.61224 9.21667 9.21951 9.21466 9.21667 11.3659 11.3626 9.21667 9.21951 11.3626 11.3617 6.61224 6.61621 9.21951 9.22233 6.61621 6.61937 9.22233 9.22477 9.21951 9.22233 11.3617 11.3618 9.22233 9.22477 11.3618 11.3622 6.27728e-09 4.36638e-09 3.54522 3.54685 4.36638e-09 2.78185e-09 3.54685 3.54737 3.54522 3.54685 6.61937 6.62156 3.54685 3.54737 6.62156 6.62217 2.78185e-09 1.42657e-09 3.54737 3.54577 1.42657e-09 0 3.54577 3.5396 3.54737 3.54577 6.62217 6.61998 3.54577 3.5396 6.61998 6.61589 6.61937 6.62156 9.22477 9.22643 6.62156 6.62217 9.22643 9.22666 9.22477 9.22643 11.3622 11.3624 9.22643 9.22666 11.3624 11.3618 6.62217 6.61998 9.22666 9.22462 6.61998 6.61589 9.22462 9.22227 9.22666 9.22462 11.3618 11.3598 9.22462 9.22227 11.3598 11.3581 11.3659 11.3626 13.0475 13.0399 11.3626 11.3617 13.0399 13.0352 13.0475 13.0399 14.2521 14.2421 13.0399 13.0352 14.2421 14.2349 11.3617 11.3618 13.0352 13.0322 11.3618 11.3622 13.0322 13.0302 13.0352 13.0322 14.2349 14.2295 13.0322 13.0302 14.2295 14.2254 14.2521 14.2421 14.9754 14.9647 14.2421 14.2349 14.9647 14.9563 14.9754 14.9647 15.2165 15.2057 14.9647 14.9563 15.2057 15.197 14.2349 14.2295 14.9563 14.9497 14.2295 14.2254 14.9497 14.9443 14.9563 14.9497 15.197 15.19 14.9497 14.9443 15.19 15.1842 11.3622 11.3624 13.0302 13.0286 11.3624 11.3618 13.0286 13.0267 13.0302 13.0286 14.2254 14.2221 13.0286 13.0267 14.2221 14.2191 11.3618 11.3598 13.0267 13.0244 11.3598 11.3581 13.0244 13.0226 13.0267 13.0244 14.2191 14.2162 13.0244 13.0226 14.2162 14.2138 14.2254 14.2221 14.9443 14.9399 14.2221 14.2191 14.9399 14.9361 14.9443 14.9399 15.1842 15.1794 14.9399 14.9361 15.1794 15.1754 14.2191 14.2162 14.9361 14.9327 14.2162 14.2138 14.9327 14.9298 14.9361 14.9327 15.1754 15.1718 14.9327 14.9298 15.1718 15.1687 15.15 15.149 14.9133 14.9121 15.149 15.1467 14.9121 14.9095 14.9133 14.9121 14.2031 14.2015 14.9121 14.9095 14.2015 14.198 15.1467 15.1444 14.9095 14.9071 15.1444 15.1428 14.9071 14.9056 14.9095 14.9071 14.198 14.1952 14.9071 14.9056 14.1952 14.1939 14.2031 14.2015 13.0195 13.0168 14.2015 14.198 13.0168 13.0119 13.0195 13.0168 11.3625 11.3578 13.0168 13.0119 11.3578 11.3509 14.198 14.1952 13.0119 13.0088 14.1952 14.1939 13.0088 13.008 13.0119 13.0088 11.3509 11.3481 13.0088 13.008 11.3481 11.3486 15.1428 15.1421 14.9056 14.905 15.1421 15.1423 14.905 14.9055 14.9056 14.905 14.1939 14.1939 14.905 14.9055 14.1939 14.195 15.1423 15.1435 14.9055 14.9069 15.1435 15.146 14.9069 14.9097 14.9055 14.9069 14.195 14.1972 14.9069 14.9097 14.1972 14.2009 14.1939 14.1939 13.008 13.009 14.1939 14.195 13.009 13.0113 13.008 13.009 11.3486 11.3512 13.009 13.0113 11.3512 11.3549 14.195 14.1972 13.0113 13.0147 14.1972 14.2009 13.0147 13.0196 13.0113 13.0147 11.3549 11.3596 13.0147 13.0196 11.3596 11.3657 11.3625 11.3578 9.23203 9.22364 11.3578 11.3509 9.22364 9.21574 9.23203 9.22364 6.62813 6.61445 9.22364 9.21574 6.61445 6.60943 11.3509 11.3481 9.21574 9.21474 11.3481 11.3486 9.21474 9.21737 9.21574 9.21474 6.60943 6.61139 9.21474 9.21737 6.61139 6.61566 6.62813 6.61445 3.55078 3.53614 6.61445 6.60943 3.53614 3.53662 3.55078 3.53614 0 -1.39487e-09 3.53614 3.53662 -1.39487e-09 -2.75799e-09 6.60943 6.61139 3.53662 3.5399 6.61139 6.61566 3.5399 3.54367 3.53662 3.5399 -2.75799e-09 -4.34542e-09 3.5399 3.54367 -4.34542e-09 -6.25136e-09 11.3486 11.3512 9.21737 9.22153 11.3512 11.3549 9.22153 9.22638 9.21737 9.22153 6.61566 6.62049 9.22153 9.22638 6.62049 6.62541 11.3549 11.3596 9.22638 9.23188 11.3596 11.3657 9.23188 9.23866 9.22638 9.23188 6.62541 6.63063 9.23188 9.23866 6.63063 6.63688 6.61566 6.62049 3.54367 3.54724 6.62049 6.62541 3.54724 3.55059 3.54367 3.54724 -6.25136e-09 -8.59507e-09 3.54724 3.55059 -8.59507e-09 -1.15511e-08 6.62541 6.63063 3.55059 3.55402 6.63063 6.63688 3.55402 3.55812 3.55059 3.55402 -1.15511e-08 -1.53862e-08 3.55402 3.55812 -1.53862e-08 -2.05021e-08 15.146 15.1505 14.9097 14.9146 15.1505 15.1583 14.9146 14.9229 14.9097 14.9146 14.2009 14.2069 14.9146 14.9229 14.2069 14.2166 15.1583 15.171 14.9229 14.9363 15.171 15.19 14.9363 14.9565 14.9229 14.9363 14.2166 14.2322 14.9363 14.9565 14.2322 14.2554 14.2009 14.2069 13.0196 13.027 14.2069 14.2166 13.027 13.0389 13.0196 13.027 11.3657 11.3746 13.027 13.0389 11.3746 11.3886 14.2166 14.2322 13.0389 13.0577 14.2322 14.2554 13.0577 13.0857 13.0389 13.0577 11.3886 11.411 13.0577 13.0857 11.411 11.4448 15.19 15.2159 14.9565 14.9837 15.2159 15.2466 14.9837 15.0159 14.9565 14.9837 14.2554 14.2867 14.9837 15.0159 14.2867 14.3231 15.2466 15.2775 15.0159 15.0479 15.2775 15.3023 15.0479 15.0729 15.0159 15.0479 14.3231 14.3583 15.0479 15.0729 14.3583 14.3839 14.2554 14.2867 13.0857 13.1233 14.2867 14.3231 13.1233 13.1665 13.0857 13.1233 11.4448 11.4903 13.1233 13.1665 11.4903 11.5414 14.3231 14.3583 13.1665 13.2063 14.3583 14.3839 13.2063 13.2315 13.1665 13.2063 11.5414 11.5855 13.2063 13.2315 11.5855 11.6075 11.3657 11.3746 9.23866 9.24831 11.3746 11.3886 9.24831 9.26371 9.23866 9.24831 6.63688 6.64586 9.24831 9.26371 6.64586 6.6607 11.3886 11.411 9.26371 9.28897 11.411 11.4448 9.28897 9.32791 9.26371 9.28897 6.6607 6.68598 9.28897 9.32791 6.68598 6.72582 6.63688 6.64586 3.55812 3.56418 6.64586 6.6607 3.56418 3.57468 3.55812 3.56418 -2.05021e-08 -2.74205e-08 3.56418 3.57468 -2.74205e-08 -3.65372e-08 6.6607 6.68598 3.57468 3.5933 6.68598 6.72582 3.5933 3.62317 3.57468 3.5933 -3.65372e-08 -4.74071e-08 3.5933 3.62317 -4.74071e-08 -5.76028e-08 11.4448 11.4903 9.32791 9.38032 11.4903 11.5414 9.38032 9.43763 9.32791 9.38032 6.72582 6.77927 9.38032 9.43763 6.77927 6.83526 11.5414 11.5855 9.43763 9.48242 11.5855 11.6075 9.48242 9.49568 9.43763 9.48242 6.83526 6.87293 9.48242 9.49568 6.87293 6.87209 6.72582 6.77927 3.62317 3.66285 6.77927 6.83526 3.66285 3.70212 3.62317 3.66285 -5.76028e-08 -6.20694e-08 3.66285 3.70212 -6.20694e-08 -5.46657e-08 6.83526 6.87293 3.70212 3.72337 6.87293 6.87209 3.72337 3.71194 3.70212 3.72337 -5.46657e-08 -3.2424e-08 3.72337 3.71194 -3.2424e-08 4.01808e-10 15.3023 15.3157 15.0729 15.0854 15.3157 15.3156 15.0854 15.0835 15.0729 15.0854 14.3839 14.3933 15.0854 15.0835 14.3933 14.3853 15.3156 15.3042 15.0835 15.0697 15.3042 15.286 15.0697 15.049 15.0835 15.0697 14.3853 14.3638 15.0697 15.049 14.3638 14.336 14.3839 14.3933 13.2315 13.2344 14.3933 14.3853 13.2344 13.2148 13.2315 13.2344 11.6075 11.5985 13.2344 13.2148 11.5985 11.5613 14.3853 14.3638 13.2148 13.1802 14.3638 14.336 13.1802 13.141 13.2148 13.1802 11.5613 11.5092 13.1802 13.141 11.5092 11.4574 15.286 15.2656 15.049 15.0267 15.2656 15.2464 15.0267 15.0062 15.049 15.0267 14.336 14.3082 15.0267 15.0062 14.3082 14.2844 15.2464 15.23 15.0062 14.9891 15.23 15.2165 14.9891 14.9754 15.0062 14.9891 14.2844 14.2658 14.9891 14.9754 14.2658 14.2521 14.336 14.3082 13.141 13.1058 14.3082 14.2844 13.1058 13.0786 13.141 13.1058 11.4574 11.4164 13.1058 13.0786 11.4164 11.3892 14.2844 14.2658 13.0786 13.0597 14.2658 14.2521 13.0597 13.0475 13.0786 13.0597 11.3892 11.3736 13.0597 13.0475 11.3736 11.3659 11.6075 11.5985 9.49568 9.46896 11.5985 11.5613 9.46896 9.41117 9.49568 9.46896 6.87209 6.82819 9.46896 9.41117 6.82819 6.75745 11.5613 11.5092 9.41117 9.34301 11.5092 11.4574 9.34301 9.28419 9.41117 9.34301 6.75745 6.68594 9.34301 9.28419 6.68594 6.63328 6.87209 6.82819 3.71194 3.66867 6.82819 6.75745 3.66867 3.61105 3.71194 3.66867 4.01808e-10 3.3191e-08 3.66867 3.61105 3.3191e-08 5.53349e-08 6.75745 6.68594 3.61105 3.5607 6.68594 6.63328 3.5607 3.52991 3.61105 3.5607 5.53349e-08 6.26086e-08 3.5607 3.52991 6.26086e-08 5.80119e-08 11.4574 11.4164 9.28419 9.2445 11.4164 11.3892 9.2445 9.22352 9.28419 9.2445 6.63328 6.60494 9.2445 9.22352 6.60494 6.59562 11.3892 11.3736 9.22352 9.21558 11.3736 11.3659 9.21558 9.21466 9.22352 9.21558 6.59562 6.59679 9.21558 9.21466 6.59679 6.60187 6.63328 6.60494 3.52991 3.51847 6.60494 6.59562 3.51847 3.51925 3.52991 3.51847 5.80119e-08 4.77064e-08 3.51847 3.51925 4.77064e-08 3.67529e-08 6.59562 6.59679 3.51925 3.5249 6.59679 6.60187 3.5249 3.53104 3.51925 3.5249 3.67529e-08 2.75754e-08 3.5249 3.53104 2.75754e-08 2.06131e-08 15.2165 15.2057 14.9754 14.9647 15.2057 15.197 14.9647 14.9563 14.9754 14.9647 14.2521 14.2421 14.9647 14.9563 14.2421 14.2349 15.197 15.19 14.9563 14.9497 15.19 15.1842 14.9497 14.9443 14.9563 14.9497 14.2349 14.2295 14.9497 14.9443 14.2295 14.2254 14.2521 14.2421 13.0475 13.0399 14.2421 14.2349 13.0399 13.0352 13.0475 13.0399 11.3659 11.3626 13.0399 13.0352 11.3626 11.3617 14.2349 14.2295 13.0352 13.0322 14.2295 14.2254 13.0322 13.0302 13.0352 13.0322 11.3617 11.3618 13.0322 13.0302 11.3618 11.3622 15.1842 15.1794 14.9443 14.9399 15.1794 15.1754 14.9399 14.9361 14.9443 14.9399 14.2254 14.2221 14.9399 14.9361 14.2221 14.2191 15.1754 15.1718 14.9361 14.9327 15.1718 15.1687 14.9327 14.9298 14.9361 14.9327 14.2191 14.2162 14.9327 14.9298 14.2162 14.2138 14.2254 14.2221 13.0302 13.0286 14.2221 14.2191 13.0286 13.0267 13.0302 13.0286 11.3622 11.3624 13.0286 13.0267 11.3624 11.3618 14.2191 14.2162 13.0267 13.0244 14.2162 14.2138 13.0244 13.0226 13.0267 13.0244 11.3618 11.3598 13.0244 13.0226 11.3598 11.3581 11.3659 11.3626 9.21466 9.21667 11.3626 11.3617 9.21667 9.21951 9.21466 9.21667 6.60187 6.6074 9.21667 9.21951 6.6074 6.61224 11.3617 11.3618 9.21951 9.22233 11.3618 11.3622 9.22233 9.22477 9.21951 9.22233 6.61224 6.61621 9.22233 9.22477 6.61621 6.61937 6.60187 6.6074 3.53104 3.5361 6.6074 6.61224 3.5361 3.53995 3.53104 3.5361 2.06131e-08 1.5465e-08 3.5361 3.53995 1.5465e-08 1.16061e-08 6.61224 6.61621 3.53995 3.54292 6.61621 6.61937 3.54292 3.54522 3.53995 3.54292 1.16061e-08 8.63258e-09 3.54292 3.54522 8.63258e-09 6.27728e-09 11.3622 11.3624 9.22477 9.22643 11.3624 11.3618 9.22643 9.22666 9.22477 9.22643 6.61937 6.62156 9.22643 9.22666 6.62156 6.62217 11.3618 11.3598 9.22666 9.22462 11.3598 11.3581 9.22462 9.22227 9.22666 9.22462 6.62217 6.61998 9.22462 9.22227 6.61998 6.61589 6.61937 6.62156 3.54522 3.54685 6.62156 6.62217 3.54685 3.54737 3.54522 3.54685 6.27728e-09 4.36638e-09 3.54685 3.54737 4.36638e-09 2.78185e-09 6.62217 6.61998 3.54737 3.54577 6.61998 6.61589 3.54577 3.5396 3.54737 3.54577 2.78185e-09 1.42657e-09 3.54577 3.5396 1.42657e-09 0 0 -1.39487e-09 0 -1.20115e-09 -1.39487e-09 -2.75799e-09 -1.20115e-09 -2.59035e-09 0 -1.20115e-09 0 -1.03422e-09 -1.20115e-09 -2.59035e-09 -1.03422e-09 -2.35463e-09 -2.75799e-09 -4.34542e-09 -2.59035e-09 -4.14386e-09 -4.34542e-09 -6.25136e-09 -4.14386e-09 -5.98367e-09 -2.59035e-09 -4.14386e-09 -2.35463e-09 -3.81977e-09 -4.14386e-09 -5.98367e-09 -3.81977e-09 -5.53928e-09 0 -1.03422e-09 0 -8.88429e-10 -1.03422e-09 -2.35463e-09 -8.88429e-10 -2.06182e-09 0 -8.88429e-10 0 -7.42449e-10 -8.88429e-10 -2.06182e-09 -7.42449e-10 -1.72307e-09 -2.35463e-09 -3.81977e-09 -2.06182e-09 -3.38542e-09 -3.81977e-09 -5.53928e-09 -3.38542e-09 -4.93014e-09 -2.06182e-09 -3.38542e-09 -1.72307e-09 -2.85306e-09 -3.38542e-09 -4.93014e-09 -2.85306e-09 -4.17133e-09 -6.25136e-09 -8.59507e-09 -5.98367e-09 -8.23819e-09 -8.59507e-09 -1.15511e-08 -8.23819e-09 -1.10729e-08 -5.98367e-09 -8.23819e-09 -5.53928e-09 -7.63344e-09 -8.23819e-09 -1.10729e-08 -7.63344e-09 -1.02461e-08 -1.15511e-08 -1.53862e-08 -1.10729e-08 -1.47168e-08 -1.53862e-08 -2.05021e-08 -1.47168e-08 -1.94752e-08 -1.10729e-08 -1.47168e-08 -1.02461e-08 -1.35564e-08 -1.47168e-08 -1.94752e-08 -1.35564e-08 -1.77737e-08 -5.53928e-09 -7.63344e-09 -4.93014e-09 -6.79797e-09 -7.63344e-09 -1.02461e-08 -6.79797e-09 -9.10403e-09 -4.93014e-09 -6.79797e-09 -4.17133e-09 -5.75397e-09 -6.79797e-09 -9.10403e-09 -5.75397e-09 -7.68521e-09 -1.02461e-08 -1.35564e-08 -9.10403e-09 -1.19757e-08 -1.35564e-08 -1.77737e-08 -1.19757e-08 -1.55397e-08 -9.10403e-09 -1.19757e-08 -7.68521e-09 -1.00455e-08 -1.19757e-08 -1.55397e-08 -1.00455e-08 -1.2897e-08 0 -7.42449e-10 0 -5.86397e-10 -7.42449e-10 -1.72307e-09 -5.86397e-10 -1.34232e-09 0 -5.86397e-10 0 -4.14539e-10 -5.86397e-10 -1.34232e-09 -4.14539e-10 -9.22945e-10 -1.72307e-09 -2.85306e-09 -1.34232e-09 -2.23502e-09 -2.85306e-09 -4.17133e-09 -2.23502e-09 -3.28005e-09 -1.34232e-09 -2.23502e-09 -9.22945e-10 -1.54404e-09 -2.23502e-09 -3.28005e-09 -1.54404e-09 -2.27481e-09 0 -4.14539e-10 0 -2.20655e-10 -4.14539e-10 -9.22945e-10 -2.20655e-10 -4.71704e-10 0 -2.20655e-10 0 0 -2.20655e-10 -4.71704e-10 0 0 -9.22945e-10 -1.54404e-09 -4.71704e-10 -7.93933e-10 -1.54404e-09 -2.27481e-09 -7.93933e-10 -1.17487e-09 -4.71704e-10 -7.93933e-10 0 0 -7.93933e-10 -1.17487e-09 0 0 -4.17133e-09 -5.75397e-09 -3.28005e-09 -4.52642e-09 -5.75397e-09 -7.68521e-09 -4.52642e-09 -6.02937e-09 -3.28005e-09 -4.52642e-09 -2.27481e-09 -3.14122e-09 -4.52642e-09 -6.02937e-09 -3.14122e-09 -4.17447e-09 -7.68521e-09 -1.00455e-08 -6.02937e-09 -7.8316e-09 -1.00455e-08 -1.2897e-08 -7.8316e-09 -9.9497e-09 -6.02937e-09 -7.8316e-09 -4.17447e-09 -5.39071e-09 -7.8316e-09 -9.9497e-09 -5.39071e-09 -6.7804e-09 -2.27481e-09 -3.14122e-09 -1.17487e-09 -1.6241e-09 -3.14122e-09 -4.17447e-09 -1.6241e-09 -2.15477e-09 -1.17487e-09 -1.6241e-09 0 0 -1.6241e-09 -2.15477e-09 0 0 -4.17447e-09 -5.39071e-09 -2.15477e-09 -2.76883e-09 -5.39071e-09 -6.7804e-09 -2.76883e-09 -3.45051e-09 -2.15477e-09 -2.76883e-09 0 0 -2.76883e-09 -3.45051e-09 0 0 -2.05021e-08 -2.74205e-08 -1.94752e-08 -2.56762e-08 -2.74205e-08 -3.65372e-08 -2.56762e-08 -3.343e-08 -1.94752e-08 -2.56762e-08 -1.77737e-08 -2.30794e-08 -2.56762e-08 -3.343e-08 -2.30794e-08 -2.94352e-08 -3.65372e-08 -4.74071e-08 -3.343e-08 -4.20768e-08 -4.74071e-08 -5.76028e-08 -4.20768e-08 -4.94543e-08 -3.343e-08 -4.20768e-08 -2.94352e-08 -3.61865e-08 -4.20768e-08 -4.94543e-08 -3.61865e-08 -4.15685e-08 -1.77737e-08 -2.30794e-08 -1.55397e-08 -1.98759e-08 -2.30794e-08 -2.94352e-08 -1.98759e-08 -2.48867e-08 -1.55397e-08 -1.98759e-08 -1.2897e-08 -1.62552e-08 -1.98759e-08 -2.48867e-08 -1.62552e-08 -2.0014e-08 -2.94352e-08 -3.61865e-08 -2.48867e-08 -3.0025e-08 -3.61865e-08 -4.15685e-08 -3.0025e-08 -3.39378e-08 -2.48867e-08 -3.0025e-08 -2.0014e-08 -2.37694e-08 -3.0025e-08 -3.39378e-08 -2.37694e-08 -2.65489e-08 -5.76028e-08 -6.20694e-08 -4.94543e-08 -5.16793e-08 -6.20694e-08 -5.46657e-08 -5.16793e-08 -4.4447e-08 -4.94543e-08 -5.16793e-08 -4.15685e-08 -4.26087e-08 -5.16793e-08 -4.4447e-08 -4.26087e-08 -3.61304e-08 -5.46657e-08 -3.2424e-08 -4.4447e-08 -2.59761e-08 -3.2424e-08 4.01808e-10 -2.59761e-08 3.42017e-10 -4.4447e-08 -2.59761e-08 -3.61304e-08 -2.09322e-08 -2.59761e-08 3.42017e-10 -2.09322e-08 2.8673e-10 -4.15685e-08 -4.26087e-08 -3.39378e-08 -3.43736e-08 -4.26087e-08 -3.61304e-08 -3.43736e-08 -2.89201e-08 -3.39378e-08 -3.43736e-08 -2.65489e-08 -2.66945e-08 -3.43736e-08 -2.89201e-08 -2.66945e-08 -2.23766e-08 -3.61304e-08 -2.09322e-08 -2.89201e-08 -1.66798e-08 -2.09322e-08 2.8673e-10 -1.66798e-08 2.34286e-10 -2.89201e-08 -1.66798e-08 -2.23766e-08 -1.28847e-08 -1.66798e-08 2.34286e-10 -1.28847e-08 1.83844e-10 -1.2897e-08 -1.62552e-08 -9.9497e-09 -1.23628e-08 -1.62552e-08 -2.0014e-08 -1.23628e-08 -1.49814e-08 -9.9497e-09 -1.23628e-08 -6.7804e-09 -8.30812e-09 -1.23628e-08 -1.49814e-08 -8.30812e-09 -9.91034e-09 -2.0014e-08 -2.37694e-08 -1.49814e-08 -1.7543e-08 -2.37694e-08 -2.65489e-08 -1.7543e-08 -1.9408e-08 -1.49814e-08 -1.7543e-08 -9.91034e-09 -1.14446e-08 -1.7543e-08 -1.9408e-08 -1.14446e-08 -1.25505e-08 -6.7804e-09 -8.30812e-09 -3.45051e-09 -4.17003e-09 -8.30812e-09 -9.91034e-09 -4.17003e-09 -4.89272e-09 -3.45051e-09 -4.17003e-09 0 0 -4.17003e-09 -4.89272e-09 0 0 -9.91034e-09 -1.14446e-08 -4.89272e-09 -5.56533e-09 -1.14446e-08 -1.25505e-08 -5.56533e-09 -6.04534e-09 -4.89272e-09 -5.56533e-09 0 0 -5.56533e-09 -6.04534e-09 0 0 -2.65489e-08 -2.66945e-08 -1.9408e-08 -1.94263e-08 -2.66945e-08 -2.23766e-08 -1.94263e-08 -1.62659e-08 -1.9408e-08 -1.94263e-08 -1.25505e-08 -1.25229e-08 -1.94263e-08 -1.62659e-08 -1.25229e-08 -1.04906e-08 -2.23766e-08 -1.28847e-08 -1.62659e-08 -9.36793e-09 -1.28847e-08 1.83844e-10 -9.36793e-09 1.35074e-10 -1.62659e-08 -9.36793e-09 -1.04906e-08 -6.05058e-09 -9.36793e-09 1.35074e-10 -6.05058e-09 8.79853e-11 -1.25505e-08 -1.25229e-08 -6.04534e-09 -6.01564e-09 -1.25229e-08 -1.04906e-08 -6.01564e-09 -5.0478e-09 -6.04534e-09 -6.01564e-09 0 0 -6.01564e-09 -5.0478e-09 0 0 -1.04906e-08 -6.05058e-09 -5.0478e-09 -2.91884e-09 -6.05058e-09 8.79853e-11 -2.91884e-09 4.28196e-11 -5.0478e-09 -2.91884e-09 0 0 -2.91884e-09 4.28196e-11 0 0 4.01808e-10 3.3191e-08 3.42017e-10 2.66321e-08 3.3191e-08 5.53349e-08 2.66321e-08 4.50276e-08 3.42017e-10 2.66321e-08 2.8673e-10 2.14841e-08 2.66321e-08 4.50276e-08 2.14841e-08 3.66241e-08 5.53349e-08 6.26086e-08 4.50276e-08 5.21584e-08 6.26086e-08 5.80119e-08 5.21584e-08 4.98287e-08 4.50276e-08 5.21584e-08 3.66241e-08 4.30232e-08 5.21584e-08 4.98287e-08 4.30232e-08 4.18992e-08 2.8673e-10 2.14841e-08 2.34286e-10 1.71321e-08 2.14841e-08 3.66241e-08 1.71321e-08 2.93281e-08 2.34286e-10 1.71321e-08 1.83844e-10 1.32405e-08 1.71321e-08 2.93281e-08 1.32405e-08 2.26999e-08 3.66241e-08 4.30232e-08 2.93281e-08 3.47205e-08 4.30232e-08 4.18992e-08 3.47205e-08 3.42189e-08 2.93281e-08 3.47205e-08 2.26999e-08 2.69721e-08 3.47205e-08 3.42189e-08 2.69721e-08 2.67764e-08 5.80119e-08 4.77064e-08 4.98287e-08 4.23587e-08 4.77064e-08 3.67529e-08 4.23587e-08 3.36378e-08 4.98287e-08 4.23587e-08 4.18992e-08 3.64409e-08 4.23587e-08 3.36378e-08 3.64409e-08 2.96262e-08 3.67529e-08 2.75754e-08 3.36378e-08 2.58277e-08 2.75754e-08 2.06131e-08 2.58277e-08 1.95848e-08 3.36378e-08 2.58277e-08 2.96262e-08 2.32207e-08 2.58277e-08 1.95848e-08 2.32207e-08 1.78771e-08 4.18992e-08 3.64409e-08 3.42189e-08 3.02447e-08 3.64409e-08 2.96262e-08 3.02447e-08 2.50542e-08 3.42189e-08 3.02447e-08 2.67764e-08 2.39494e-08 3.02447e-08 2.50542e-08 2.39494e-08 2.01528e-08 2.96262e-08 2.32207e-08 2.50542e-08 2.00014e-08 2.32207e-08 1.78771e-08 2.00014e-08 1.56325e-08 2.50542e-08 2.00014e-08 2.01528e-08 1.63604e-08 2.00014e-08 1.56325e-08 1.63604e-08 1.29757e-08 1.83844e-10 1.32405e-08 1.35074e-10 9.62997e-09 1.32405e-08 2.26999e-08 9.62997e-09 1.65055e-08 1.35074e-10 9.62997e-09 8.79853e-11 6.22171e-09 9.62997e-09 1.65055e-08 6.22171e-09 1.06481e-08 2.26999e-08 2.69721e-08 1.65055e-08 1.96338e-08 2.69721e-08 2.67764e-08 1.96338e-08 1.95796e-08 1.65055e-08 1.96338e-08 1.06481e-08 1.26602e-08 1.96338e-08 1.95796e-08 1.26602e-08 1.26649e-08 8.79853e-11 6.22171e-09 4.28196e-11 3.00237e-09 6.22171e-09 1.06481e-08 3.00237e-09 5.12518e-09 4.28196e-11 3.00237e-09 0 0 3.00237e-09 5.12518e-09 0 0 1.06481e-08 1.26602e-08 5.12518e-09 6.08365e-09 1.26602e-08 1.26649e-08 6.08365e-09 6.10227e-09 5.12518e-09 6.08365e-09 0 0 6.08365e-09 6.10227e-09 0 0 2.67764e-08 2.39494e-08 1.95796e-08 1.768e-08 2.39494e-08 2.01528e-08 1.768e-08 1.50881e-08 1.95796e-08 1.768e-08 1.26649e-08 1.15366e-08 1.768e-08 1.50881e-08 1.15366e-08 9.9824e-09 2.01528e-08 1.63604e-08 1.50881e-08 1.24444e-08 1.63604e-08 1.29757e-08 1.24444e-08 1.00113e-08 1.50881e-08 1.24444e-08 9.9824e-09 8.36375e-09 1.24444e-08 1.00113e-08 8.36375e-09 6.82278e-09 1.26649e-08 1.15366e-08 6.10227e-09 5.61123e-09 1.15366e-08 9.9824e-09 5.61123e-09 4.92888e-09 6.10227e-09 5.61123e-09 0 0 5.61123e-09 4.92888e-09 0 0 9.9824e-09 8.36375e-09 4.92888e-09 4.19816e-09 8.36375e-09 6.82278e-09 4.19816e-09 3.47216e-09 4.92888e-09 4.19816e-09 0 0 4.19816e-09 3.47216e-09 0 0 2.06131e-08 1.5465e-08 1.95848e-08 1.47953e-08 1.5465e-08 1.16061e-08 1.47953e-08 1.11281e-08 1.95848e-08 1.47953e-08 1.78771e-08 1.3631e-08 1.47953e-08 1.11281e-08 1.3631e-08 1.02989e-08 1.16061e-08 8.63258e-09 1.11281e-08 8.27605e-09 8.63258e-09 6.27728e-09 8.27605e-09 6.00923e-09 1.11281e-08 8.27605e-09 1.02989e-08 7.66948e-09 8.27605e-09 6.00923e-09 7.66948e-09 5.5624e-09 1.78771e-08 1.3631e-08 1.56325e-08 1.20432e-08 1.3631e-08 1.02989e-08 1.20432e-08 9.15204e-09 1.56325e-08 1.20432e-08 1.29757e-08 1.01033e-08 1.20432e-08 9.15204e-09 1.01033e-08 7.72639e-09 1.02989e-08 7.66948e-09 9.15204e-09 6.8304e-09 7.66948e-09 5.5624e-09 6.8304e-09 4.94959e-09 9.15204e-09 6.8304e-09 7.72639e-09 5.78143e-09 6.8304e-09 4.94959e-09 5.78143e-09 4.18652e-09 6.27728e-09 4.36638e-09 6.00923e-09 4.16172e-09 4.36638e-09 2.78185e-09 4.16172e-09 2.60421e-09 6.00923e-09 4.16172e-09 5.5624e-09 3.83279e-09 4.16172e-09 2.60421e-09 3.83279e-09 2.35913e-09 2.78185e-09 1.42657e-09 2.60421e-09 1.20966e-09 1.42657e-09 0 1.20966e-09 0 2.60421e-09 1.20966e-09 2.35913e-09 1.02972e-09 1.20966e-09 0 1.02972e-09 0 5.5624e-09 3.83279e-09 4.94959e-09 3.39326e-09 3.83279e-09 2.35913e-09 3.39326e-09 2.05873e-09 4.94959e-09 3.39326e-09 4.18652e-09 2.85631e-09 3.39326e-09 2.05873e-09 2.85631e-09 1.71489e-09 2.35913e-09 1.02972e-09 2.05873e-09 8.77632e-10 1.02972e-09 0 8.77632e-10 0 2.05873e-09 8.77632e-10 1.71489e-09 7.28658e-10 8.77632e-10 0 7.28658e-10 0 1.29757e-08 1.01033e-08 1.00113e-08 7.87724e-09 1.01033e-08 7.72639e-09 7.87724e-09 6.06204e-09 1.00113e-08 7.87724e-09 6.82278e-09 5.42241e-09 7.87724e-09 6.06204e-09 5.42241e-09 4.19726e-09 7.72639e-09 5.78143e-09 6.06204e-09 4.54791e-09 5.78143e-09 4.18652e-09 4.54791e-09 3.29093e-09 6.06204e-09 4.54791e-09 4.19726e-09 3.15605e-09 4.54791e-09 3.29093e-09 3.15605e-09 2.28164e-09 6.82278e-09 5.42241e-09 3.47216e-09 2.78517e-09 5.42241e-09 4.19726e-09 2.78517e-09 2.1666e-09 3.47216e-09 2.78517e-09 0 0 2.78517e-09 2.1666e-09 0 0 4.19726e-09 3.15605e-09 2.1666e-09 1.63174e-09 3.15605e-09 2.28164e-09 1.63174e-09 1.1781e-09 2.1666e-09 1.63174e-09 0 0 1.63174e-09 1.1781e-09 0 0 4.18652e-09 2.85631e-09 3.29093e-09 2.2349e-09 2.85631e-09 1.71489e-09 2.2349e-09 1.33161e-09 3.29093e-09 2.2349e-09 2.28164e-09 1.54213e-09 2.2349e-09 1.33161e-09 1.54213e-09 9.12429e-10 1.71489e-09 7.28658e-10 1.33161e-09 5.71676e-10 7.28658e-10 0 5.71676e-10 0 1.33161e-09 5.71676e-10 9.12429e-10 4.00881e-10 5.71676e-10 0 4.00881e-10 0 2.28164e-09 1.54213e-09 1.1781e-09 7.92048e-10 1.54213e-09 9.12429e-10 7.92048e-10 4.6453e-10 1.1781e-09 7.92048e-10 0 0 7.92048e-10 4.6453e-10 0 0 9.12429e-10 4.00881e-10 4.6453e-10 2.11085e-10 4.00881e-10 0 2.11085e-10 0 4.6453e-10 2.11085e-10 0 0 2.11085e-10 0 0 0 
SCALARS y_velo double 1
LOOKUP_TABLE default
0 0 0 -9.27125e-11 0 0 -9.27125e-11 -7.68624e-11 0 -9.27125e-11 0 -1.12737e-10 -9.27125e-11 -7.68624e-11 -1.12737e-10 -5.80133e-11 0 0 -7.68624e-11 -7.31864e-11 0 0 -7.31864e-11 -8.36252e-11 -7.68624e-11 -7.31864e-11 -5.80133e-11 -3.33328e-11 -7.31864e-11 -8.36252e-11 -3.33328e-11 -3.44678e-11 0 -1.12737e-10 0 -5.45525e-11 -1.12737e-10 -5.80133e-11 -5.45525e-11 5.11952e-11 0 -5.45525e-11 0 7.58171e-11 -5.45525e-11 5.11952e-11 7.58171e-11 2.43843e-10 -5.80133e-11 -3.33328e-11 5.11952e-11 1.09393e-10 -3.33328e-11 -3.44678e-11 1.09393e-10 1.36126e-10 5.11952e-11 1.09393e-10 2.43843e-10 3.43104e-10 1.09393e-10 1.36126e-10 3.43104e-10 4.14723e-10 0 0 -8.36252e-11 -1.05893e-10 0 0 -1.05893e-10 -1.41118e-10 -8.36252e-11 -1.05893e-10 -3.44678e-11 -5.34685e-11 -1.05893e-10 -1.41118e-10 -5.34685e-11 -9.367e-11 0 0 -1.41118e-10 -1.89196e-10 0 0 -1.89196e-10 -2.39383e-10 -1.41118e-10 -1.89196e-10 -9.367e-11 -1.57886e-10 -1.89196e-10 -2.39383e-10 -1.57886e-10 -2.25215e-10 -3.44678e-11 -5.34685e-11 1.36126e-10 1.46264e-10 -5.34685e-11 -9.367e-11 1.46264e-10 1.34312e-10 1.36126e-10 1.46264e-10 4.14723e-10 4.79949e-10 1.46264e-10 1.34312e-10 4.79949e-10 5.32246e-10 -9.367e-11 -1.57886e-10 1.34312e-10 9.42078e-11 -1.57886e-10 -2.25215e-10 9.42078e-11 5.81288e-11 1.34312e-10 9.42078e-11 5.32246e-10 5.64298e-10 9.42078e-11 5.81288e-11 5.64298e-10 6.21952e-10 0 7.58171e-11 0 2.73931e-10 7.58171e-11 2.43843e-10 2.73931e-10 5.08756e-10 0 2.73931e-10 0 5.38118e-10 2.73931e-10 5.08756e-10 5.38118e-10 8.2946e-10 2.43843e-10 3.43104e-10 5.08756e-10 6.53557e-10 3.43104e-10 4.14723e-10 6.53557e-10 7.85641e-10 5.08756e-10 6.53557e-10 8.2946e-10 1.0243e-09 6.53557e-10 7.85641e-10 1.0243e-09 1.23092e-09 0 5.38118e-10 0 8.637e-10 5.38118e-10 8.2946e-10 8.637e-10 1.18403e-09 0 8.637e-10 0 1.18462e-09 8.637e-10 1.18403e-09 1.18462e-09 1.55379e-09 8.2946e-10 1.0243e-09 1.18403e-09 1.43725e-09 1.0243e-09 1.23092e-09 1.43725e-09 1.73058e-09 1.18403e-09 1.43725e-09 1.55379e-09 1.87408e-09 1.43725e-09 1.73058e-09 1.87408e-09 2.2628e-09 4.14723e-10 4.79949e-10 7.85641e-10 9.31127e-10 4.79949e-10 5.32246e-10 9.31127e-10 1.08499e-09 7.85641e-10 9.31127e-10 1.23092e-09 1.4796e-09 9.31127e-10 1.08499e-09 1.4796e-09 1.771e-09 5.32246e-10 5.64298e-10 1.08499e-09 1.24314e-09 5.64298e-10 6.21952e-10 1.24314e-09 1.46957e-09 1.08499e-09 1.24314e-09 1.771e-09 2.11153e-09 1.24314e-09 1.46957e-09 2.11153e-09 2.59165e-09 1.23092e-09 1.4796e-09 1.73058e-09 2.10099e-09 1.4796e-09 1.771e-09 2.10099e-09 2.56057e-09 1.73058e-09 2.10099e-09 2.2628e-09 2.76629e-09 2.10099e-09 2.56057e-09 2.76629e-09 3.41401e-09 1.771e-09 2.11153e-09 2.56057e-09 3.13633e-09 2.11153e-09 2.59165e-09 3.13633e-09 3.95956e-09 2.56057e-09 3.13633e-09 3.41401e-09 4.26566e-09 3.13633e-09 3.95956e-09 4.26566e-09 5.516e-09 0 0 -2.39383e-10 -2.57542e-10 0 0 -2.57542e-10 -1.78706e-10 -2.39383e-10 -2.57542e-10 -2.25215e-10 -2.15369e-10 -2.57542e-10 -1.78706e-10 -2.15369e-10 4.14847e-11 0 0 -1.78706e-10 7.76883e-11 0 0 7.76883e-11 5.60436e-10 -1.78706e-10 7.76883e-11 4.14847e-11 7.82032e-10 7.76883e-11 5.60436e-10 7.82032e-10 2.19052e-09 -2.25215e-10 -2.15369e-10 5.81288e-11 1.61482e-10 -2.15369e-10 4.14847e-11 1.61482e-10 7.08731e-10 5.81288e-11 1.61482e-10 6.21952e-10 9.01747e-10 1.61482e-10 7.08731e-10 9.01747e-10 1.86362e-09 4.14847e-11 7.82032e-10 7.08731e-10 2.15564e-09 7.82032e-10 2.19052e-09 2.15564e-09 4.90591e-09 7.08731e-10 2.15564e-09 1.86362e-09 4.2349e-09 2.15564e-09 4.90591e-09 4.2349e-09 8.72129e-09 0 0 5.60436e-10 1.23031e-09 0 0 1.23031e-09 1.94289e-09 5.60436e-10 1.23031e-09 2.19052e-09 4.21619e-09 1.23031e-09 1.94289e-09 4.21619e-09 6.45832e-09 0 0 1.94289e-09 2.49327e-09 0 0 2.49327e-09 2.70046e-09 1.94289e-09 2.49327e-09 6.45832e-09 8.2471e-09 2.49327e-09 2.70046e-09 8.2471e-09 8.9336e-09 2.19052e-09 4.21619e-09 4.90591e-09 8.93953e-09 4.21619e-09 6.45832e-09 8.93953e-09 1.35074e-08 4.90591e-09 8.93953e-09 8.72129e-09 1.53885e-08 8.93953e-09 1.35074e-08 1.53885e-08 2.30632e-08 6.45832e-09 8.2471e-09 1.35074e-08 1.72194e-08 8.2471e-09 8.9336e-09 1.72194e-08 1.86594e-08 1.35074e-08 1.72194e-08 2.30632e-08 2.93825e-08 1.72194e-08 1.86594e-08 2.93825e-08 3.18523e-08 6.21952e-10 9.01747e-10 1.46957e-09 2.02679e-09 9.01747e-10 1.86362e-09 2.02679e-09 3.54381e-09 1.46957e-09 2.02679e-09 2.59165e-09 3.54727e-09 2.02679e-09 3.54381e-09 3.54727e-09 5.78687e-09 1.86362e-09 4.2349e-09 3.54381e-09 7.06092e-09 4.2349e-09 8.72129e-09 7.06092e-09 1.36628e-08 3.54381e-09 7.06092e-09 5.78687e-09 1.06924e-08 7.06092e-09 1.36628e-08 1.06924e-08 1.97882e-08 2.59165e-09 3.54727e-09 3.95956e-09 5.45609e-09 3.54727e-09 5.78687e-09 5.45609e-09 8.62987e-09 3.95956e-09 5.45609e-09 5.516e-09 7.71621e-09 5.45609e-09 8.62987e-09 7.71621e-09 1.21055e-08 5.78687e-09 1.06924e-08 8.62987e-09 1.52217e-08 1.06924e-08 1.97882e-08 1.52217e-08 2.72208e-08 8.62987e-09 1.52217e-08 1.21055e-08 2.07996e-08 1.52217e-08 2.72208e-08 2.07996e-08 3.62092e-08 8.72129e-09 1.53885e-08 1.36628e-08 2.35643e-08 1.53885e-08 2.30632e-08 2.35643e-08 3.5107e-08 1.36628e-08 2.35643e-08 1.97882e-08 3.34966e-08 2.35643e-08 3.5107e-08 3.34966e-08 4.96261e-08 2.30632e-08 2.93825e-08 3.5107e-08 4.47092e-08 2.93825e-08 3.18523e-08 4.47092e-08 4.8484e-08 3.5107e-08 4.47092e-08 4.96261e-08 6.31504e-08 4.47092e-08 4.8484e-08 6.31504e-08 6.84911e-08 1.97882e-08 3.34966e-08 2.72208e-08 4.5276e-08 3.34966e-08 4.96261e-08 4.5276e-08 6.66149e-08 2.72208e-08 4.5276e-08 3.62092e-08 5.91143e-08 4.5276e-08 6.66149e-08 5.91143e-08 8.6077e-08 4.96261e-08 6.31504e-08 6.66149e-08 8.45946e-08 6.31504e-08 6.84911e-08 8.45946e-08 9.17164e-08 6.66149e-08 8.45946e-08 8.6077e-08 1.08792e-07 8.45946e-08 9.17164e-08 1.08792e-07 1.17799e-07 0 0 2.70046e-09 2.49222e-09 0 0 2.49222e-09 1.94207e-09 2.70046e-09 2.49222e-09 8.9336e-09 8.24665e-09 2.49222e-09 1.94207e-09 8.24665e-09 6.45949e-09 0 0 1.94207e-09 1.2311e-09 0 0 1.2311e-09 5.63403e-10 1.94207e-09 1.2311e-09 6.45949e-09 4.22118e-09 1.2311e-09 5.63403e-10 4.22118e-09 2.20005e-09 8.9336e-09 8.24665e-09 1.86594e-08 1.72217e-08 8.24665e-09 6.45949e-09 1.72217e-08 1.35141e-08 1.86594e-08 1.72217e-08 3.18523e-08 2.93899e-08 1.72217e-08 1.35141e-08 2.93899e-08 2.30796e-08 6.45949e-09 4.22118e-09 1.35141e-08 8.95286e-09 4.22118e-09 2.20005e-09 8.95286e-09 4.92623e-09 1.35141e-08 8.95286e-09 2.30796e-08 1.5415e-08 8.95286e-09 4.92623e-09 1.5415e-08 8.75719e-09 0 0 5.63403e-10 8.26521e-11 0 0 8.26521e-11 -1.72037e-10 5.63403e-10 8.26521e-11 2.20005e-09 7.95574e-10 8.26521e-11 -1.72037e-10 7.95574e-10 5.83247e-11 0 0 -1.72037e-10 -2.4923e-10 0 0 -2.4923e-10 -2.29344e-10 -1.72037e-10 -2.4923e-10 5.83247e-11 -1.95512e-10 -2.4923e-10 -2.29344e-10 -1.95512e-10 -2.02315e-10 2.20005e-09 7.95574e-10 4.92623e-09 2.1818e-09 7.95574e-10 5.83247e-11 2.1818e-09 7.39485e-10 4.92623e-09 2.1818e-09 8.75719e-09 4.27813e-09 2.1818e-09 7.39485e-10 4.27813e-09 1.91224e-09 5.83247e-11 -1.95512e-10 7.39485e-10 1.9621e-10 -1.95512e-10 -2.02315e-10 1.9621e-10 9.66909e-11 7.39485e-10 1.9621e-10 1.91224e-09 9.54721e-10 1.9621e-10 9.66909e-11 9.54721e-10 6.78913e-10 3.18523e-08 2.93899e-08 4.8484e-08 4.47245e-08 2.93899e-08 2.30796e-08 4.47245e-08 3.51377e-08 4.8484e-08 4.47245e-08 6.84911e-08 6.31767e-08 4.47245e-08 3.51377e-08 6.31767e-08 4.96764e-08 2.30796e-08 1.5415e-08 3.51377e-08 2.36094e-08 1.5415e-08 8.75719e-09 2.36094e-08 1.37197e-08 3.51377e-08 2.36094e-08 4.96764e-08 3.35665e-08 2.36094e-08 1.37197e-08 3.35665e-08 1.98721e-08 6.84911e-08 6.31767e-08 9.17164e-08 8.46354e-08 6.31767e-08 4.96764e-08 8.46354e-08 6.66909e-08 9.17164e-08 8.46354e-08 1.17799e-07 1.08852e-07 8.46354e-08 6.66909e-08 1.08852e-07 8.61862e-08 4.96764e-08 3.35665e-08 6.66909e-08 4.53778e-08 3.35665e-08 1.98721e-08 4.53778e-08 2.73385e-08 6.66909e-08 4.53778e-08 8.61862e-08 5.92568e-08 4.53778e-08 2.73385e-08 5.92568e-08 3.63686e-08 8.75719e-09 4.27813e-09 1.37197e-08 7.12608e-09 4.27813e-09 1.91224e-09 7.12608e-09 3.61446e-09 1.37197e-08 7.12608e-09 1.98721e-08 1.07847e-08 7.12608e-09 3.61446e-09 1.07847e-08 5.88382e-09 1.91224e-09 9.54721e-10 3.61446e-09 2.10137e-09 9.54721e-10 6.78913e-10 2.10137e-09 1.54755e-09 3.61446e-09 2.10137e-09 5.88382e-09 3.64675e-09 2.10137e-09 1.54755e-09 3.64675e-09 2.69305e-09 1.98721e-08 1.07847e-08 2.73385e-08 1.5347e-08 1.07847e-08 5.88382e-09 1.5347e-08 8.75739e-09 2.73385e-08 1.5347e-08 3.63686e-08 2.09637e-08 1.5347e-08 8.75739e-09 2.09637e-08 1.22676e-08 5.88382e-09 3.64675e-09 8.75739e-09 5.58352e-09 3.64675e-09 2.69305e-09 5.58352e-09 4.0865e-09 8.75739e-09 5.58352e-09 1.22676e-08 7.87417e-09 5.58352e-09 4.0865e-09 7.87417e-09 5.67012e-09 0 0 -2.29344e-10 -1.77385e-10 0 0 -1.77385e-10 -1.27606e-10 -2.29344e-10 -1.77385e-10 -2.02315e-10 -1.31926e-10 -1.77385e-10 -1.27606e-10 -1.31926e-10 -6.47567e-11 0 0 -1.27606e-10 -9.08471e-11 0 0 -9.08471e-11 -6.73585e-11 -1.27606e-10 -9.08471e-11 -6.47567e-11 -2.1817e-11 -9.08471e-11 -6.73585e-11 -2.1817e-11 -5.37633e-13 -2.02315e-10 -1.31926e-10 9.66909e-11 1.36559e-10 -1.31926e-10 -6.47567e-11 1.36559e-10 1.80344e-10 9.66909e-11 1.36559e-10 6.78913e-10 6.25142e-10 1.36559e-10 1.80344e-10 6.25142e-10 5.96916e-10 -6.47567e-11 -2.1817e-11 1.80344e-10 1.95807e-10 -2.1817e-11 -5.37633e-13 1.95807e-10 1.887e-10 1.80344e-10 1.95807e-10 5.96916e-10 5.48396e-10 1.95807e-10 1.887e-10 5.48396e-10 4.86553e-10 0 0 -6.73585e-11 -5.64354e-11 0 0 -5.64354e-11 -6.13055e-11 -6.73585e-11 -5.64354e-11 -5.37633e-13 1.50911e-12 -5.64354e-11 -6.13055e-11 1.50911e-12 -2.58971e-11 0 0 -6.13055e-11 -8.12119e-11 0 0 -8.12119e-11 0 -6.13055e-11 -8.12119e-11 -2.58971e-11 -9.02712e-11 -8.12119e-11 0 -9.02712e-11 0 -5.37633e-13 1.50911e-12 1.887e-10 1.63135e-10 1.50911e-12 -2.58971e-11 1.63135e-10 1.00497e-10 1.887e-10 1.63135e-10 4.86553e-10 4.16149e-10 1.63135e-10 1.00497e-10 4.16149e-10 3.10831e-10 -2.58971e-11 -9.02712e-11 1.00497e-10 -2.14853e-11 -9.02712e-11 0 -2.14853e-11 0 1.00497e-10 -2.14853e-11 3.10831e-10 1.19991e-10 -2.14853e-11 0 1.19991e-10 0 6.78913e-10 6.25142e-10 1.54755e-09 1.3244e-09 6.25142e-10 5.96916e-10 1.3244e-09 1.16961e-09 1.54755e-09 1.3244e-09 2.69305e-09 2.2149e-09 1.3244e-09 1.16961e-09 2.2149e-09 1.87666e-09 5.96916e-10 5.48396e-10 1.16961e-09 1.01924e-09 5.48396e-10 4.86553e-10 1.01924e-09 8.77023e-10 1.16961e-09 1.01924e-09 1.87666e-09 1.58793e-09 1.01924e-09 8.77023e-10 1.58793e-09 1.34189e-09 2.69305e-09 2.2149e-09 4.0865e-09 3.26323e-09 2.2149e-09 1.87666e-09 3.26323e-09 2.68814e-09 4.0865e-09 3.26323e-09 5.67012e-09 4.41714e-09 3.26323e-09 2.68814e-09 4.41714e-09 3.56415e-09 1.87666e-09 1.58793e-09 2.68814e-09 2.22992e-09 1.58793e-09 1.34189e-09 2.22992e-09 1.861e-09 2.68814e-09 2.22992e-09 3.56415e-09 2.91611e-09 2.22992e-09 1.861e-09 2.91611e-09 2.41247e-09 4.86553e-10 4.16149e-10 8.77023e-10 7.45946e-10 4.16149e-10 3.10831e-10 7.45946e-10 5.93863e-10 8.77023e-10 7.45946e-10 1.34189e-09 1.13573e-09 7.45946e-10 5.93863e-10 1.13573e-09 9.32775e-10 3.10831e-10 1.19991e-10 5.93863e-10 3.3055e-10 1.19991e-10 0 3.3055e-10 0 5.93863e-10 3.3055e-10 9.32775e-10 6.09435e-10 3.3055e-10 0 6.09435e-10 0 1.34189e-09 1.13573e-09 1.861e-09 1.56704e-09 1.13573e-09 9.32775e-10 1.56704e-09 1.30472e-09 1.861e-09 1.56704e-09 2.41247e-09 2.02136e-09 1.56704e-09 1.30472e-09 2.02136e-09 1.69016e-09 9.32775e-10 6.09435e-10 1.30472e-09 9.52544e-10 6.09435e-10 0 9.52544e-10 0 1.30472e-09 9.52544e-10 1.69016e-09 1.28799e-09 9.52544e-10 0 1.28799e-09 0 0 1.18462e-09 0 -0.00409747 1.18462e-09 1.55379e-09 -0.00409747 -0.00172382 0 -0.00409747 0 -0.00720519 -0.00409747 -0.00172382 -0.00720519 -0.00410096 1.55379e-09 1.87408e-09 -0.00172382 -8.11167e-05 1.87408e-09 2.2628e-09 -8.11167e-05 0.000833145 -0.00172382 -8.11167e-05 -0.00410096 -0.00143254 -8.11167e-05 0.000833145 -0.00143254 0.000305895 0 -0.00720519 0 -0.00589457 -0.00720519 -0.00410096 -0.00589457 -0.00480188 0 -0.00589457 0 -0.00409341 -0.00589457 -0.00480188 -0.00409341 -0.00422052 -0.00410096 -0.00143254 -0.00480188 -0.00247386 -0.00143254 0.000305895 -0.00247386 -0.000539204 -0.00480188 -0.00247386 -0.00422052 -0.00269302 -0.00247386 -0.000539204 -0.00269302 -0.0010582 2.2628e-09 2.76629e-09 0.000833145 0.00133025 2.76629e-09 3.41401e-09 0.00133025 0.00168636 0.000833145 0.00133025 0.000305895 0.00138747 0.00133025 0.00168636 0.00138747 0.00218424 3.41401e-09 4.26566e-09 0.00168636 0.00214242 4.26566e-09 5.516e-09 0.00214242 0.00305884 0.00168636 0.00214242 0.00218424 0.00308057 0.00214242 0.00305884 0.00308057 0.00461451 0.000305895 0.00138747 -0.000539204 0.000854904 0.00138747 0.00218424 0.000854904 0.00195603 -0.000539204 0.000854904 -0.0010582 0.000292154 0.000854904 0.00195603 0.000292154 0.0014494 0.00218424 0.00308057 0.00195603 0.00314998 0.00308057 0.00461451 0.00314998 0.00500374 0.00195603 0.00314998 0.0014494 0.00271963 0.00314998 0.00500374 0.00271963 0.00460146 0 -0.00409341 0 -0.00269621 -0.00409341 -0.00422052 -0.00269621 -0.0031447 0 -0.00269621 0 -0.0016427 -0.00269621 -0.0031447 -0.0016427 -0.0020378 -0.00422052 -0.00269302 -0.0031447 -0.00227 -0.00269302 -0.0010582 -0.00227 -0.00110671 -0.0031447 -0.00227 -0.0020378 -0.00156742 -0.00227 -0.00110671 -0.00156742 -0.000842213 0 -0.0016427 0 -0.00077995 -0.0016427 -0.0020378 -0.00077995 -0.000997145 0 -0.00077995 0 -2.75727e-16 -0.00077995 -0.000997145 -2.75727e-16 1.31944e-15 -0.0020378 -0.00156742 -0.000997145 -0.000789609 -0.00156742 -0.000842213 -0.000789609 -0.000441694 -0.000997145 -0.000789609 1.31944e-15 -1.54169e-16 -0.000789609 -0.000441694 -1.54169e-16 -1.80345e-15 -0.0010582 0.000292154 -0.00110671 -3.46008e-05 0.000292154 0.0014494 -3.46008e-05 0.000955919 -0.00110671 -3.46008e-05 -0.000842213 -0.000126937 -3.46008e-05 0.000955919 -0.000126937 0.000570116 0.0014494 0.00271963 0.000955919 0.0020799 0.00271963 0.00460146 0.0020799 0.00372224 0.000955919 0.0020799 0.000570116 0.00138806 0.0020799 0.00372224 0.00138806 0.00258612 -0.000842213 -0.000126937 -0.000441694 -8.74633e-05 -0.000126937 0.000570116 -8.74633e-05 0.000267516 -0.000441694 -8.74633e-05 -1.80345e-15 -2.53574e-15 -8.74633e-05 0.000267516 -2.53574e-15 4.58533e-16 0.000570116 0.00138806 0.000267516 0.000693364 0.00138806 0.00258612 0.000693364 0.00132081 0.000267516 0.000693364 4.58533e-16 1.28895e-15 0.000693364 0.00132081 1.28895e-15 9.58843e-17 5.516e-09 7.71621e-09 0.00305884 0.00512083 7.71621e-09 1.21055e-08 0.00512083 0.00942226 0.00305884 0.00512083 0.00461451 0.00768732 0.00512083 0.00942226 0.00768732 0.0136111 1.21055e-08 2.07996e-08 0.00942226 0.0170232 2.07996e-08 3.62092e-08 0.0170232 0.0275771 0.00942226 0.0170232 0.0136111 0.023559 0.0170232 0.0275771 0.023559 0.037046 0.00461451 0.00768732 0.00500374 0.00839735 0.00768732 0.0136111 0.00839735 0.0145036 0.00500374 0.00839735 0.00460146 0.00784131 0.00839735 0.0145036 0.00784131 0.0133596 0.0136111 0.023559 0.0145036 0.0242587 0.023559 0.037046 0.0242587 0.0370908 0.0145036 0.0242587 0.0133596 0.0217898 0.0242587 0.0370908 0.0217898 0.0325184 3.62092e-08 5.91143e-08 0.0275771 0.0375307 5.91143e-08 8.6077e-08 0.0375307 0.0401405 0.0275771 0.0375307 0.037046 0.0500196 0.0375307 0.0401405 0.0500196 0.0548231 8.6077e-08 1.08792e-07 0.0401405 0.0296759 1.08792e-07 1.17799e-07 0.0296759 0.00761613 0.0401405 0.0296759 0.0548231 0.0444187 0.0296759 0.00761613 0.0444187 0.019017 0.037046 0.0500196 0.0370908 0.04944 0.0500196 0.0548231 0.04944 0.0548018 0.0370908 0.04944 0.0325184 0.042685 0.04944 0.0548018 0.042685 0.0473482 0.0548231 0.0444187 0.0548018 0.0469953 0.0444187 0.019017 0.0469953 0.0253513 0.0548018 0.0469953 0.0473482 0.0418506 0.0469953 0.0253513 0.0418506 0.0254174 0.00460146 0.00784131 0.00372224 0.00644974 0.00784131 0.0133596 0.00644974 0.0109193 0.00372224 0.00644974 0.00258612 0.0045403 0.00644974 0.0109193 0.0045403 0.00766627 0.0133596 0.0217898 0.0109193 0.017512 0.0217898 0.0325184 0.017512 0.0256579 0.0109193 0.017512 0.00766627 0.0121674 0.017512 0.0256579 0.0121674 0.0176071 0.00258612 0.0045403 0.00132081 0.00233671 0.0045403 0.00766627 0.00233671 0.00394119 0.00132081 0.00233671 9.58843e-17 7.31189e-16 0.00233671 0.00394119 7.31189e-16 -1.51008e-15 0.00766627 0.0121674 0.00394119 0.00621994 0.0121674 0.0176071 0.00621994 0.00893738 0.00394119 0.00621994 -1.51008e-15 -2.07711e-15 0.00621994 0.00893738 -2.07711e-15 -1.16741e-15 0.0325184 0.042685 0.0256579 0.0332119 0.042685 0.0473482 0.0332119 0.0366786 0.0256579 0.0332119 0.0176071 0.0225538 0.0332119 0.0366786 0.0225538 0.0247791 0.0473482 0.0418506 0.0366786 0.0328612 0.0418506 0.0254174 0.0328612 0.021212 0.0366786 0.0328612 0.0247791 0.0223093 0.0328612 0.021212 0.0223093 0.0148395 0.0176071 0.0225538 0.00893738 0.0113767 0.0225538 0.0247791 0.0113767 0.0124532 0.00893738 0.0113767 -1.16741e-15 -2.33189e-15 0.0113767 0.0124532 -2.33189e-15 -3.95451e-16 0.0247791 0.0223093 0.0124532 0.011227 0.0223093 0.0148395 0.011227 0.00756884 0.0124532 0.011227 -3.95451e-16 -6.53454e-16 0.011227 0.00756884 -6.53454e-16 2.31129e-17 1.17799e-07 1.08852e-07 0.00761613 -0.0164919 1.08852e-07 8.61862e-08 -0.0164919 -0.0321588 0.00761613 -0.0164919 0.019017 -0.0118841 -0.0164919 -0.0321588 -0.0118841 -0.035774 8.61862e-08 5.92568e-08 -0.0321588 -0.0354308 5.92568e-08 3.63686e-08 -0.0354308 -0.029543 -0.0321588 -0.0354308 -0.035774 -0.0456581 -0.0354308 -0.029543 -0.0456581 -0.0428249 0.019017 -0.0118841 0.0253513 -0.00312587 -0.0118841 -0.035774 -0.00312587 -0.0278257 0.0253513 -0.00312587 0.0254174 0.00279395 -0.00312587 -0.0278257 0.00279395 -0.0182438 -0.035774 -0.0456581 -0.0278257 -0.0413453 -0.0456581 -0.0428249 -0.0413453 -0.0429071 -0.0278257 -0.0413453 -0.0182438 -0.0315733 -0.0413453 -0.0429071 -0.0315733 -0.0356016 3.63686e-08 2.09637e-08 -0.029543 -0.0204199 2.09637e-08 1.22676e-08 -0.0204199 -0.0124232 -0.029543 -0.0204199 -0.0428249 -0.0333061 -0.0204199 -0.0124232 -0.0333061 -0.0229196 1.22676e-08 7.87417e-09 -0.0124232 -0.00707898 7.87417e-09 5.67012e-09 -0.00707898 -0.00404319 -0.0124232 -0.00707898 -0.0229196 -0.014745 -0.00707898 -0.00404319 -0.014745 -0.00934451 -0.0428249 -0.0333061 -0.0429071 -0.0366305 -0.0333061 -0.0229196 -0.0366305 -0.0276522 -0.0429071 -0.0366305 -0.0356016 -0.0326537 -0.0366305 -0.0276522 -0.0326537 -0.026435 -0.0229196 -0.014745 -0.0276522 -0.0194456 -0.014745 -0.00934451 -0.0194456 -0.0133208 -0.0276522 -0.0194456 -0.026435 -0.0198945 -0.0194456 -0.0133208 -0.0198945 -0.0144972 0.0254174 0.00279395 0.021212 0.00487676 0.00279395 -0.0182438 0.00487676 -0.010869 0.021212 0.00487676 0.0148395 0.004327 0.00487676 -0.010869 0.004327 -0.0059616 -0.0182438 -0.0315733 -0.010869 -0.0216379 -0.0315733 -0.0356016 -0.0216379 -0.0259429 -0.010869 -0.0216379 -0.0059616 -0.013259 -0.0216379 -0.0259429 -0.013259 -0.0165333 0.0148395 0.004327 0.00756884 0.00242623 0.004327 -0.0059616 0.00242623 -0.00263333 0.00756884 0.00242623 2.31129e-17 4.82417e-16 0.00242623 -0.00263333 4.82417e-16 8.74092e-16 -0.0059616 -0.013259 -0.00263333 -0.00627594 -0.013259 -0.0165333 -0.00627594 -0.00798824 -0.00263333 -0.00627594 8.74092e-16 9.11192e-16 -0.00627594 -0.00798824 9.11192e-16 -9.56373e-17 -0.0356016 -0.0326537 -0.0259429 -0.0250186 -0.0326537 -0.026435 -0.0250186 -0.0212708 -0.0259429 -0.0250186 -0.0165333 -0.0164358 -0.0250186 -0.0212708 -0.0164358 -0.0144001 -0.026435 -0.0198945 -0.0212708 -0.0168128 -0.0198945 -0.0144972 -0.0168128 -0.0128441 -0.0212708 -0.0168128 -0.0144001 -0.0117472 -0.0168128 -0.0128441 -0.0117472 -0.00927055 -0.0165333 -0.0164358 -0.00798824 -0.00806124 -0.0164358 -0.0144001 -0.00806124 -0.00717014 -0.00798824 -0.00806124 -9.56373e-17 -2.91614e-17 -0.00806124 -0.00717014 -2.91614e-17 3.98464e-16 -0.0144001 -0.0117472 -0.00717014 -0.00594772 -0.0117472 -0.00927055 -0.00594772 -0.00478102 -0.00717014 -0.00594772 3.98464e-16 5.12418e-16 -0.00594772 -0.00478102 5.12418e-16 2.1966e-16 5.67012e-09 4.41714e-09 -0.00404319 -0.00243478 4.41714e-09 3.56415e-09 -0.00243478 -0.0015473 -0.00404319 -0.00243478 -0.00934451 -0.00607221 -0.00243478 -0.0015473 -0.00607221 -0.00410105 3.56415e-09 2.91611e-09 -0.0015473 -0.00098787 2.91611e-09 2.41247e-09 -0.00098787 -0.00059339 -0.0015473 -0.00098787 -0.00410105 -0.00284002 -0.00098787 -0.00059339 -0.00284002 -0.00197617 -0.00934451 -0.00607221 -0.0133208 -0.00919884 -0.00607221 -0.00410105 -0.00919884 -0.00651175 -0.0133208 -0.00919884 -0.0144972 -0.0105448 -0.00919884 -0.00651175 -0.0105448 -0.00778466 -0.00410105 -0.00284002 -0.00651175 -0.0047202 -0.00284002 -0.00197617 -0.0047202 -0.00347952 -0.00651175 -0.0047202 -0.00778466 -0.00585364 -0.0047202 -0.00347952 -0.00585364 -0.00447721 2.41247e-09 2.02136e-09 -0.00059339 -0.000337853 2.02136e-09 1.69016e-09 -0.000337853 -0.000306835 -0.00059339 -0.000337853 -0.00197617 -0.00140519 -0.000337853 -0.000306835 -0.00140519 -0.00119005 1.69016e-09 1.28799e-09 -0.000306835 -0.000817288 1.28799e-09 0 -0.000817288 -0.00231852 -0.000306835 -0.000817288 -0.00119005 -0.00165131 -0.000817288 -0.00231852 -0.00165131 -0.00238401 -0.00197617 -0.00140519 -0.00347952 -0.00264002 -0.00140519 -0.00119005 -0.00264002 -0.00221359 -0.00347952 -0.00264002 -0.00447721 -0.00351719 -0.00264002 -0.00221359 -0.00351719 -0.00295627 -0.00119005 -0.00165131 -0.00221359 -0.00235201 -0.00165131 -0.00238401 -0.00235201 -0.00256522 -0.00221359 -0.00235201 -0.00295627 -0.00281702 -0.00235201 -0.00256522 -0.00281702 -0.00269982 -0.0144972 -0.0105448 -0.0128441 -0.00975003 -0.0105448 -0.00778466 -0.00975003 -0.00746806 -0.0128441 -0.00975003 -0.00927055 -0.00726353 -0.00975003 -0.00746806 -0.00726353 -0.00572792 -0.00778466 -0.00585364 -0.00746806 -0.00579808 -0.00585364 -0.00447721 -0.00579808 -0.00456585 -0.00746806 -0.00579808 -0.00572792 -0.00456417 -0.00579808 -0.00456585 -0.00456417 -0.00367805 -0.00927055 -0.00726353 -0.00478102 -0.00381864 -0.00726353 -0.00572792 -0.00381864 -0.00306819 -0.00478102 -0.00381864 2.1966e-16 -1.00356e-16 -0.00381864 -0.00306819 -1.00356e-16 6.78118e-16 -0.00572792 -0.00456417 -0.00306819 -0.00248729 -0.00456417 -0.00367805 -0.00248729 -0.00203527 -0.00306819 -0.00248729 6.78118e-16 5.62971e-16 -0.00248729 -0.00203527 5.62971e-16 2.58695e-16 -0.00447721 -0.00351719 -0.00456585 -0.00367714 -0.00351719 -0.00295627 -0.00367714 -0.00311149 -0.00456585 -0.00367714 -0.00367805 -0.00301892 -0.00367714 -0.00311149 -0.00301892 -0.00257468 -0.00295627 -0.00281702 -0.00311149 -0.00283798 -0.00281702 -0.00269982 -0.00283798 -0.00256963 -0.00311149 -0.00283798 -0.00257468 -0.0023093 -0.00283798 -0.00256963 -0.0023093 -0.00204289 -0.00367805 -0.00301892 -0.00203527 -0.00169152 -0.00301892 -0.00257468 -0.00169152 -0.0014516 -0.00203527 -0.00169152 2.58695e-16 3.54833e-16 -0.00169152 -0.0014516 3.54833e-16 -1.40031e-16 -0.00257468 -0.0023093 -0.0014516 -0.00129475 -0.0023093 -0.00204289 -0.00129475 -0.00113573 -0.0014516 -0.00129475 -1.40031e-16 2.19622e-16 -0.00129475 -0.00113573 2.19622e-16 1.11114e-16 0 -2.75727e-16 0 0.00077995 -2.75727e-16 1.31944e-15 0.00077995 0.000997145 0 0.00077995 0 0.0016427 0.00077995 0.000997145 0.0016427 0.0020378 1.31944e-15 -1.54169e-16 0.000997145 0.000789609 -1.54169e-16 -1.80345e-15 0.000789609 0.000441694 0.000997145 0.000789609 0.0020378 0.00156742 0.000789609 0.000441694 0.00156742 0.000842213 0 0.0016427 0 0.00269621 0.0016427 0.0020378 0.00269621 0.0031447 0 0.00269621 0 0.00409341 0.00269621 0.0031447 0.00409341 0.00422052 0.0020378 0.00156742 0.0031447 0.00227 0.00156742 0.000842213 0.00227 0.00110671 0.0031447 0.00227 0.00422052 0.00269302 0.00227 0.00110671 0.00269302 0.0010582 -1.80345e-15 -2.53574e-15 0.000441694 8.74633e-05 -2.53574e-15 4.58533e-16 8.74633e-05 -0.000267516 0.000441694 8.74633e-05 0.000842213 0.000126937 8.74633e-05 -0.000267516 0.000126937 -0.000570116 4.58533e-16 1.28895e-15 -0.000267516 -0.000693364 1.28895e-15 9.58843e-17 -0.000693364 -0.00132081 -0.000267516 -0.000693364 -0.000570116 -0.00138806 -0.000693364 -0.00132081 -0.00138806 -0.00258612 0.000842213 0.000126937 0.00110671 3.46008e-05 0.000126937 -0.000570116 3.46008e-05 -0.000955919 0.00110671 3.46008e-05 0.0010582 -0.000292154 3.46008e-05 -0.000955919 -0.000292154 -0.0014494 -0.000570116 -0.00138806 -0.000955919 -0.0020799 -0.00138806 -0.00258612 -0.0020799 -0.00372224 -0.000955919 -0.0020799 -0.0014494 -0.00271963 -0.0020799 -0.00372224 -0.00271963 -0.00460146 0 0.00409341 0 0.00589457 0.00409341 0.00422052 0.00589457 0.00480188 0 0.00589457 0 0.00720519 0.00589457 0.00480188 0.00720519 0.00410096 0.00422052 0.00269302 0.00480188 0.00247386 0.00269302 0.0010582 0.00247386 0.000539204 0.00480188 0.00247386 0.00410096 0.00143254 0.00247386 0.000539204 0.00143254 -0.000305895 0 0.00720519 0 0.00409747 0.00720519 0.00410096 0.00409747 0.00172382 0 0.00409747 0 -1.18462e-09 0.00409747 0.00172382 -1.18462e-09 -1.55379e-09 0.00410096 0.00143254 0.00172382 8.11167e-05 0.00143254 -0.000305895 8.11167e-05 -0.000833145 0.00172382 8.11167e-05 -1.55379e-09 -1.87408e-09 8.11167e-05 -0.000833145 -1.87408e-09 -2.2628e-09 0.0010582 -0.000292154 0.000539204 -0.000854904 -0.000292154 -0.0014494 -0.000854904 -0.00195603 0.000539204 -0.000854904 -0.000305895 -0.00138747 -0.000854904 -0.00195603 -0.00138747 -0.00218424 -0.0014494 -0.00271963 -0.00195603 -0.00314998 -0.00271963 -0.00460146 -0.00314998 -0.00500374 -0.00195603 -0.00314998 -0.00218424 -0.00308057 -0.00314998 -0.00500374 -0.00308057 -0.00461451 -0.000305895 -0.00138747 -0.000833145 -0.00133025 -0.00138747 -0.00218424 -0.00133025 -0.00168636 -0.000833145 -0.00133025 -2.2628e-09 -2.76629e-09 -0.00133025 -0.00168636 -2.76629e-09 -3.41401e-09 -0.00218424 -0.00308057 -0.00168636 -0.00214242 -0.00308057 -0.00461451 -0.00214242 -0.00305884 -0.00168636 -0.00214242 -3.41401e-09 -4.26566e-09 -0.00214242 -0.00305884 -4.26566e-09 -5.516e-09 9.58843e-17 7.31189e-16 -0.00132081 -0.00233671 7.31189e-16 -1.51008e-15 -0.00233671 -0.00394119 -0.00132081 -0.00233671 -0.00258612 -0.0045403 -0.00233671 -0.00394119 -0.0045403 -0.00766627 -1.51008e-15 -2.07711e-15 -0.00394119 -0.00621994 -2.07711e-15 -1.16741e-15 -0.00621994 -0.00893738 -0.00394119 -0.00621994 -0.00766627 -0.0121674 -0.00621994 -0.00893738 -0.0121674 -0.0176071 -0.00258612 -0.0045403 -0.00372224 -0.00644974 -0.0045403 -0.00766627 -0.00644974 -0.0109193 -0.00372224 -0.00644974 -0.00460146 -0.00784131 -0.00644974 -0.0109193 -0.00784131 -0.0133596 -0.00766627 -0.0121674 -0.0109193 -0.017512 -0.0121674 -0.0176071 -0.017512 -0.0256579 -0.0109193 -0.017512 -0.0133596 -0.0217898 -0.017512 -0.0256579 -0.0217898 -0.0325184 -1.16741e-15 -2.33189e-15 -0.00893738 -0.0113767 -2.33189e-15 -3.95451e-16 -0.0113767 -0.0124532 -0.00893738 -0.0113767 -0.0176071 -0.0225538 -0.0113767 -0.0124532 -0.0225538 -0.0247791 -3.95451e-16 -6.53454e-16 -0.0124532 -0.011227 -6.53454e-16 2.31129e-17 -0.011227 -0.00756884 -0.0124532 -0.011227 -0.0247791 -0.0223093 -0.011227 -0.00756884 -0.0223093 -0.0148395 -0.0176071 -0.0225538 -0.0256579 -0.0332119 -0.0225538 -0.0247791 -0.0332119 -0.0366786 -0.0256579 -0.0332119 -0.0325184 -0.042685 -0.0332119 -0.0366786 -0.042685 -0.0473482 -0.0247791 -0.0223093 -0.0366786 -0.0328612 -0.0223093 -0.0148395 -0.0328612 -0.021212 -0.0366786 -0.0328612 -0.0473482 -0.0418506 -0.0328612 -0.021212 -0.0418506 -0.0254174 -0.00460146 -0.00784131 -0.00500374 -0.00839735 -0.00784131 -0.0133596 -0.00839735 -0.0145036 -0.00500374 -0.00839735 -0.00461451 -0.00768732 -0.00839735 -0.0145036 -0.00768732 -0.0136111 -0.0133596 -0.0217898 -0.0145036 -0.0242587 -0.0217898 -0.0325184 -0.0242587 -0.0370908 -0.0145036 -0.0242587 -0.0136111 -0.023559 -0.0242587 -0.0370908 -0.023559 -0.037046 -0.00461451 -0.00768732 -0.00305884 -0.00512083 -0.00768732 -0.0136111 -0.00512083 -0.00942226 -0.00305884 -0.00512083 -5.516e-09 -7.71621e-09 -0.00512083 -0.00942226 -7.71621e-09 -1.21055e-08 -0.0136111 -0.023559 -0.00942226 -0.0170232 -0.023559 -0.037046 -0.0170232 -0.0275771 -0.00942226 -0.0170232 -1.21055e-08 -2.07996e-08 -0.0170232 -0.0275771 -2.07996e-08 -3.62092e-08 -0.0325184 -0.042685 -0.0370908 -0.04944 -0.042685 -0.0473482 -0.04944 -0.0548018 -0.0370908 -0.04944 -0.037046 -0.0500196 -0.04944 -0.0548018 -0.0500196 -0.0548231 -0.0473482 -0.0418506 -0.0548018 -0.0469953 -0.0418506 -0.0254174 -0.0469953 -0.0253513 -0.0548018 -0.0469953 -0.0548231 -0.0444187 -0.0469953 -0.0253513 -0.0444187 -0.019017 -0.037046 -0.0500196 -0.0275771 -0.0375307 -0.0500196 -0.0548231 -0.0375307 -0.0401405 -0.0275771 -0.0375307 -3.62092e-08 -5.91143e-08 -0.0375307 -0.0401405 -5.91143e-08 -8.6077e-08 -0.0548231 -0.0444187 -0.0401405 -0.0296759 -0.0444187 -0.019017 -0.0296759 -0.00761613 -0.0401405 -0.0296759 -8.6077e-08 -1.08792e-07 -0.0296759 -0.00761613 -1.08792e-07 -1.17799e-07 2.31129e-17 4.82417e-16 -0.00756884 -0.00242623 4.82417e-16 8.74092e-16 -0.00242623 0.00263333 -0.00756884 -0.00242623 -0.0148395 -0.004327 -0.00242623 0.00263333 -0.004327 0.0059616 8.74092e-16 9.11192e-16 0.00263333 0.00627594 9.11192e-16 -9.56373e-17 0.00627594 0.00798824 0.00263333 0.00627594 0.0059616 0.013259 0.00627594 0.00798824 0.013259 0.0165333 -0.0148395 -0.004327 -0.021212 -0.00487676 -0.004327 0.0059616 -0.00487676 0.010869 -0.021212 -0.00487676 -0.0254174 -0.00279395 -0.00487676 0.010869 -0.00279395 0.0182438 0.0059616 0.013259 0.010869 0.0216379 0.013259 0.0165333 0.0216379 0.0259429 0.010869 0.0216379 0.0182438 0.0315733 0.0216379 0.0259429 0.0315733 0.0356016 -9.56373e-17 -2.91614e-17 0.00798824 0.00806124 -2.91614e-17 3.98464e-16 0.00806124 0.00717014 0.00798824 0.00806124 0.0165333 0.0164358 0.00806124 0.00717014 0.0164358 0.0144001 3.98464e-16 5.12418e-16 0.00717014 0.00594772 5.12418e-16 2.1966e-16 0.00594772 0.00478102 0.00717014 0.00594772 0.0144001 0.0117472 0.00594772 0.00478102 0.0117472 0.00927055 0.0165333 0.0164358 0.0259429 0.0250186 0.0164358 0.0144001 0.0250186 0.0212708 0.0259429 0.0250186 0.0356016 0.0326537 0.0250186 0.0212708 0.0326537 0.026435 0.0144001 0.0117472 0.0212708 0.0168128 0.0117472 0.00927055 0.0168128 0.0128441 0.0212708 0.0168128 0.026435 0.0198945 0.0168128 0.0128441 0.0198945 0.0144972 -0.0254174 -0.00279395 -0.0253513 0.00312587 -0.00279395 0.0182438 0.00312587 0.0278257 -0.0253513 0.00312587 -0.019017 0.0118841 0.00312587 0.0278257 0.0118841 0.035774 0.0182438 0.0315733 0.0278257 0.0413453 0.0315733 0.0356016 0.0413453 0.0429071 0.0278257 0.0413453 0.035774 0.0456581 0.0413453 0.0429071 0.0456581 0.0428249 -0.019017 0.0118841 -0.00761613 0.0164919 0.0118841 0.035774 0.0164919 0.0321588 -0.00761613 0.0164919 -1.17799e-07 -1.08852e-07 0.0164919 0.0321588 -1.08852e-07 -8.61862e-08 0.035774 0.0456581 0.0321588 0.0354308 0.0456581 0.0428249 0.0354308 0.029543 0.0321588 0.0354308 -8.61862e-08 -5.92568e-08 0.0354308 0.029543 -5.92568e-08 -3.63686e-08 0.0356016 0.0326537 0.0429071 0.0366305 0.0326537 0.026435 0.0366305 0.0276522 0.0429071 0.0366305 0.0428249 0.0333061 0.0366305 0.0276522 0.0333061 0.0229196 0.026435 0.0198945 0.0276522 0.0194456 0.0198945 0.0144972 0.0194456 0.0133208 0.0276522 0.0194456 0.0229196 0.014745 0.0194456 0.0133208 0.014745 0.00934451 0.0428249 0.0333061 0.029543 0.0204199 0.0333061 0.0229196 0.0204199 0.0124232 0.029543 0.0204199 -3.63686e-08 -2.09637e-08 0.0204199 0.0124232 -2.09637e-08 -1.22676e-08 0.0229196 0.014745 0.0124232 0.00707898 0.014745 0.00934451 0.00707898 0.00404319 0.0124232 0.00707898 -1.22676e-08 -7.87417e-09 0.00707898 0.00404319 -7.87417e-09 -5.67012e-09 2.1966e-16 -1.00356e-16 0.00478102 0.00381864 -1.00356e-16 6.78118e-16 0.00381864 0.00306819 0.00478102 0.00381864 0.00927055 0.00726353 0.00381864 0.00306819 0.00726353 0.00572792 6.78118e-16 5.62971e-16 0.00306819 0.00248729 5.62971e-16 2.58695e-16 0.00248729 0.00203527 0.00306819 0.00248729 0.00572792 0.00456417 0.00248729 0.00203527 0.00456417 0.00367805 0.00927055 0.00726353 0.0128441 0.00975003 0.00726353 0.00572792 0.00975003 0.00746806 0.0128441 0.00975003 0.0144972 0.0105448 0.00975003 0.00746806 0.0105448 0.00778466 0.00572792 0.00456417 0.00746806 0.00579808 0.00456417 0.00367805 0.00579808 0.00456585 0.00746806 0.00579808 0.00778466 0.00585364 0.00579808 0.00456585 0.00585364 0.00447721 2.58695e-16 3.54833e-16 0.00203527 0.00169152 3.54833e-16 -1.40031e-16 0.00169152 0.0014516 0.00203527 0.00169152 0.00367805 0.00301892 0.00169152 0.0014516 0.00301892 0.00257468 -1.40031e-16 2.19622e-16 0.0014516 0.00129475 2.19622e-16 1.11114e-16 0.00129475 0.00113573 0.0014516 0.00129475 0.00257468 0.0023093 0.00129475 0.00113573 0.0023093 0.00204289 0.00367805 0.00301892 0.00456585 0.00367714 0.00301892 0.00257468 0.00367714 0.00311149 0.00456585 0.00367714 0.00447721 0.00351719 0.00367714 0.00311149 0.00351719 0.00295627 0.00257468 0.0023093 0.00311149 0.00283798 0.0023093 0.00204289 0.00283798 0.00256963 0.00311149 0.00283798 0.00295627 0.00281702 0.00283798 0.00256963 0.00281702 0.00269982 0.0144972 0.0105448 0.0133208 0.00919884 0.0105448 0.00778466 0.00919884 0.00651175 0.0133208 0.00919884 0.00934451 0.00607221 0.00919884 0.00651175 0.00607221 0.00410105 0.00778466 0.00585364 0.00651175 0.0047202 0.00585364 0.00447721 0.0047202 0.00347952 0.00651175 0.0047202 0.00410105 0.00284002 0.0047202 0.00347952 0.00284002 0.00197617 0.00934451 0.00607221 0.00404319 0.00243478 0.00607221 0.00410105 0.00243478 0.0015473 0.00404319 0.00243478 -5.67012e-09 -4.41714e-09 0.00243478 0.0015473 -4.41714e-09 -3.56415e-09 0.00410105 0.00284002 0.0015473 0.00098787 0.00284002 0.00197617 0.00098787 0.00059339 0.0015473 0.00098787 -3.56415e-09 -2.91611e-09 0.00098787 0.00059339 -2.91611e-09 -2.41247e-09 0.00447721 0.00351719 0.00347952 0.00264002 0.00351719 0.00295627 0.00264002 0.00221359 0.00347952 0.00264002 0.00197617 0.00140519 0.00264002 0.00221359 0.00140519 0.00119005 0.00295627 0.00281702 0.00221359 0.00235201 0.00281702 0.00269982 0.00235201 0.00256522 0.00221359 0.00235201 0.00119005 0.00165131 0.00235201 0.00256522 0.00165131 0.00238401 0.00197617 0.00140519 0.00059339 0.000337853 0.00140519 0.00119005 0.000337853 0.000306835 0.00059339 0.000337853 -2.41247e-09 -2.02136e-09 0.000337853 0.000306835 -2.02136e-09 -1.69016e-09 0.00119005 0.00165131 0.000306835 0.000817288 0.00165131 0.00238401 0.000817288 0.00231852 0.000306835 0.000817288 -1.69016e-09 -1.28799e-09 0.000817288 0.00231852 -1.28799e-09 0 0 -1.18462e-09 0 -8.637e-10 -1.18462e-09 -1.55379e-09 -8.637e-10 -1.18403e-09 0 -8.637e-10 0 -5.38118e-10 -8.637e-10 -1.18403e-09 -5.38118e-10 -8.2946e-10 -1.55379e-09 -1.87408e-09 -1.18403e-09 -1.43725e-09 -1.87408e-09 -2.2628e-09 -1.43725e-09 -1.73058e-09 -1.18403e-09 -1.43725e-09 -8.2946e-10 -1.0243e-09 -1.43725e-09 -1.73058e-09 -1.0243e-09 -1.23092e-09 0 -5.38118e-10 0 -2.73931e-10 -5.38118e-10 -8.2946e-10 -2.73931e-10 -5.08756e-10 0 -2.73931e-10 0 -7.58171e-11 -2.73931e-10 -5.08756e-10 -7.58171e-11 -2.43843e-10 -8.2946e-10 -1.0243e-09 -5.08756e-10 -6.53557e-10 -1.0243e-09 -1.23092e-09 -6.53557e-10 -7.85641e-10 -5.08756e-10 -6.53557e-10 -2.43843e-10 -3.43104e-10 -6.53557e-10 -7.85641e-10 -3.43104e-10 -4.14723e-10 -2.2628e-09 -2.76629e-09 -1.73058e-09 -2.10099e-09 -2.76629e-09 -3.41401e-09 -2.10099e-09 -2.56057e-09 -1.73058e-09 -2.10099e-09 -1.23092e-09 -1.4796e-09 -2.10099e-09 -2.56057e-09 -1.4796e-09 -1.771e-09 -3.41401e-09 -4.26566e-09 -2.56057e-09 -3.13633e-09 -4.26566e-09 -5.516e-09 -3.13633e-09 -3.95956e-09 -2.56057e-09 -3.13633e-09 -1.771e-09 -2.11153e-09 -3.13633e-09 -3.95956e-09 -2.11153e-09 -2.59165e-09 -1.23092e-09 -1.4796e-09 -7.85641e-10 -9.31127e-10 -1.4796e-09 -1.771e-09 -9.31127e-10 -1.08499e-09 -7.85641e-10 -9.31127e-10 -4.14723e-10 -4.79949e-10 -9.31127e-10 -1.08499e-09 -4.79949e-10 -5.32246e-10 -1.771e-09 -2.11153e-09 -1.08499e-09 -1.24314e-09 -2.11153e-09 -2.59165e-09 -1.24314e-09 -1.46957e-09 -1.08499e-09 -1.24314e-09 -5.32246e-10 -5.64298e-10 -1.24314e-09 -1.46957e-09 -5.64298e-10 -6.21952e-10 0 -7.58171e-11 0 5.45525e-11 -7.58171e-11 -2.43843e-10 5.45525e-11 -5.11952e-11 0 5.45525e-11 0 1.12737e-10 5.45525e-11 -5.11952e-11 1.12737e-10 5.80133e-11 -2.43843e-10 -3.43104e-10 -5.11952e-11 -1.09393e-10 -3.43104e-10 -4.14723e-10 -1.09393e-10 -1.36126e-10 -5.11952e-11 -1.09393e-10 5.80133e-11 3.33328e-11 -1.09393e-10 -1.36126e-10 3.33328e-11 3.44678e-11 0 1.12737e-10 0 9.27125e-11 1.12737e-10 5.80133e-11 9.27125e-11 7.68624e-11 0 9.27125e-11 0 0 9.27125e-11 7.68624e-11 0 0 5.80133e-11 3.33328e-11 7.68624e-11 7.31864e-11 3.33328e-11 3.44678e-11 7.31864e-11 8.36252e-11 7.68624e-11 7.31864e-11 0 0 7.31864e-11 8.36252e-11 0 0 -4.14723e-10 -4.79949e-10 -1.36126e-10 -1.46264e-10 -4.79949e-10 -5.32246e-10 -1.46264e-10 -1.34312e-10 -1.36126e-10 -1.46264e-10 3.44678e-11 5.34685e-11 -1.46264e-10 -1.34312e-10 5.34685e-11 9.367e-11 -5.32246e-10 -5.64298e-10 -1.34312e-10 -9.42078e-11 -5.64298e-10 -6.21952e-10 -9.42078e-11 -5.81288e-11 -1.34312e-10 -9.42078e-11 9.367e-11 1.57886e-10 -9.42078e-11 -5.81288e-11 1.57886e-10 2.25215e-10 3.44678e-11 5.34685e-11 8.36252e-11 1.05893e-10 5.34685e-11 9.367e-11 1.05893e-10 1.41118e-10 8.36252e-11 1.05893e-10 0 0 1.05893e-10 1.41118e-10 0 0 9.367e-11 1.57886e-10 1.41118e-10 1.89196e-10 1.57886e-10 2.25215e-10 1.89196e-10 2.39383e-10 1.41118e-10 1.89196e-10 0 0 1.89196e-10 2.39383e-10 0 0 -5.516e-09 -7.71621e-09 -3.95956e-09 -5.45609e-09 -7.71621e-09 -1.21055e-08 -5.45609e-09 -8.62987e-09 -3.95956e-09 -5.45609e-09 -2.59165e-09 -3.54727e-09 -5.45609e-09 -8.62987e-09 -3.54727e-09 -5.78687e-09 -1.21055e-08 -2.07996e-08 -8.62987e-09 -1.52217e-08 -2.07996e-08 -3.62092e-08 -1.52217e-08 -2.72208e-08 -8.62987e-09 -1.52217e-08 -5.78687e-09 -1.06924e-08 -1.52217e-08 -2.72208e-08 -1.06924e-08 -1.97882e-08 -2.59165e-09 -3.54727e-09 -1.46957e-09 -2.02679e-09 -3.54727e-09 -5.78687e-09 -2.02679e-09 -3.54381e-09 -1.46957e-09 -2.02679e-09 -6.21952e-10 -9.01747e-10 -2.02679e-09 -3.54381e-09 -9.01747e-10 -1.86362e-09 -5.78687e-09 -1.06924e-08 -3.54381e-09 -7.06092e-09 -1.06924e-08 -1.97882e-08 -7.06092e-09 -1.36628e-08 -3.54381e-09 -7.06092e-09 -1.86362e-09 -4.2349e-09 -7.06092e-09 -1.36628e-08 -4.2349e-09 -8.72129e-09 -3.62092e-08 -5.91143e-08 -2.72208e-08 -4.5276e-08 -5.91143e-08 -8.6077e-08 -4.5276e-08 -6.66149e-08 -2.72208e-08 -4.5276e-08 -1.97882e-08 -3.34966e-08 -4.5276e-08 -6.66149e-08 -3.34966e-08 -4.96261e-08 -8.6077e-08 -1.08792e-07 -6.66149e-08 -8.45946e-08 -1.08792e-07 -1.17799e-07 -8.45946e-08 -9.17164e-08 -6.66149e-08 -8.45946e-08 -4.96261e-08 -6.31504e-08 -8.45946e-08 -9.17164e-08 -6.31504e-08 -6.84911e-08 -1.97882e-08 -3.34966e-08 -1.36628e-08 -2.35643e-08 -3.34966e-08 -4.96261e-08 -2.35643e-08 -3.5107e-08 -1.36628e-08 -2.35643e-08 -8.72129e-09 -1.53885e-08 -2.35643e-08 -3.5107e-08 -1.53885e-08 -2.30632e-08 -4.96261e-08 -6.31504e-08 -3.5107e-08 -4.47092e-08 -6.31504e-08 -6.84911e-08 -4.47092e-08 -4.8484e-08 -3.5107e-08 -4.47092e-08 -2.30632e-08 -2.93825e-08 -4.47092e-08 -4.8484e-08 -2.93825e-08 -3.18523e-08 -6.21952e-10 -9.01747e-10 -5.81288e-11 -1.61482e-10 -9.01747e-10 -1.86362e-09 -1.61482e-10 -7.08731e-10 -5.81288e-11 -1.61482e-10 2.25215e-10 2.15369e-10 -1.61482e-10 -7.08731e-10 2.15369e-10 -4.14847e-11 -1.86362e-09 -4.2349e-09 -7.08731e-10 -2.15564e-09 -4.2349e-09 -8.72129e-09 -2.15564e-09 -4.90591e-09 -7.08731e-10 -2.15564e-09 -4.14847e-11 -7.82032e-10 -2.15564e-09 -4.90591e-09 -7.82032e-10 -2.19052e-09 2.25215e-10 2.15369e-10 2.39383e-10 2.57542e-10 2.15369e-10 -4.14847e-11 2.57542e-10 1.78706e-10 2.39383e-10 2.57542e-10 0 0 2.57542e-10 1.78706e-10 0 0 -4.14847e-11 -7.82032e-10 1.78706e-10 -7.76883e-11 -7.82032e-10 -2.19052e-09 -7.76883e-11 -5.60436e-10 1.78706e-10 -7.76883e-11 0 0 -7.76883e-11 -5.60436e-10 0 0 -8.72129e-09 -1.53885e-08 -4.90591e-09 -8.93953e-09 -1.53885e-08 -2.30632e-08 -8.93953e-09 -1.35074e-08 -4.90591e-09 -8.93953e-09 -2.19052e-09 -4.21619e-09 -8.93953e-09 -1.35074e-08 -4.21619e-09 -6.45832e-09 -2.30632e-08 -2.93825e-08 -1.35074e-08 -1.72194e-08 -2.93825e-08 -3.18523e-08 -1.72194e-08 -1.86594e-08 -1.35074e-08 -1.72194e-08 -6.45832e-09 -8.2471e-09 -1.72194e-08 -1.86594e-08 -8.2471e-09 -8.9336e-09 -2.19052e-09 -4.21619e-09 -5.60436e-10 -1.23031e-09 -4.21619e-09 -6.45832e-09 -1.23031e-09 -1.94289e-09 -5.60436e-10 -1.23031e-09 0 0 -1.23031e-09 -1.94289e-09 0 0 -6.45832e-09 -8.2471e-09 -1.94289e-09 -2.49327e-09 -8.2471e-09 -8.9336e-09 -2.49327e-09 -2.70046e-09 -1.94289e-09 -2.49327e-09 0 0 -2.49327e-09 -2.70046e-09 0 0 -1.17799e-07 -1.08852e-07 -9.17164e-08 -8.46354e-08 -1.08852e-07 -8.61862e-08 -8.46354e-08 -6.66909e-08 -9.17164e-08 -8.46354e-08 -6.84911e-08 -6.31767e-08 -8.46354e-08 -6.66909e-08 -6.31767e-08 -4.96764e-08 -8.61862e-08 -5.92568e-08 -6.66909e-08 -4.53778e-08 -5.92568e-08 -3.63686e-08 -4.53778e-08 -2.73385e-08 -6.66909e-08 -4.53778e-08 -4.96764e-08 -3.35665e-08 -4.53778e-08 -2.73385e-08 -3.35665e-08 -1.98721e-08 -6.84911e-08 -6.31767e-08 -4.8484e-08 -4.47245e-08 -6.31767e-08 -4.96764e-08 -4.47245e-08 -3.51377e-08 -4.8484e-08 -4.47245e-08 -3.18523e-08 -2.93899e-08 -4.47245e-08 -3.51377e-08 -2.93899e-08 -2.30796e-08 -4.96764e-08 -3.35665e-08 -3.51377e-08 -2.36094e-08 -3.35665e-08 -1.98721e-08 -2.36094e-08 -1.37197e-08 -3.51377e-08 -2.36094e-08 -2.30796e-08 -1.5415e-08 -2.36094e-08 -1.37197e-08 -1.5415e-08 -8.75719e-09 -3.63686e-08 -2.09637e-08 -2.73385e-08 -1.5347e-08 -2.09637e-08 -1.22676e-08 -1.5347e-08 -8.75739e-09 -2.73385e-08 -1.5347e-08 -1.98721e-08 -1.07847e-08 -1.5347e-08 -8.75739e-09 -1.07847e-08 -5.88382e-09 -1.22676e-08 -7.87417e-09 -8.75739e-09 -5.58352e-09 -7.87417e-09 -5.67012e-09 -5.58352e-09 -4.0865e-09 -8.75739e-09 -5.58352e-09 -5.88382e-09 -3.64675e-09 -5.58352e-09 -4.0865e-09 -3.64675e-09 -2.69305e-09 -1.98721e-08 -1.07847e-08 -1.37197e-08 -7.12608e-09 -1.07847e-08 -5.88382e-09 -7.12608e-09 -3.61446e-09 -1.37197e-08 -7.12608e-09 -8.75719e-09 -4.27813e-09 -7.12608e-09 -3.61446e-09 -4.27813e-09 -1.91224e-09 -5.88382e-09 -3.64675e-09 -3.61446e-09 -2.10137e-09 -3.64675e-09 -2.69305e-09 -2.10137e-09 -1.54755e-09 -3.61446e-09 -2.10137e-09 -1.91224e-09 -9.54721e-10 -2.10137e-09 -1.54755e-09 -9.54721e-10 -6.78913e-10 -3.18523e-08 -2.93899e-08 -1.86594e-08 -1.72217e-08 -2.93899e-08 -2.30796e-08 -1.72217e-08 -1.35141e-08 -1.86594e-08 -1.72217e-08 -8.9336e-09 -8.24665e-09 -1.72217e-08 -1.35141e-08 -8.24665e-09 -6.45949e-09 -2.30796e-08 -1.5415e-08 -1.35141e-08 -8.95286e-09 -1.5415e-08 -8.75719e-09 -8.95286e-09 -4.92623e-09 -1.35141e-08 -8.95286e-09 -6.45949e-09 -4.22118e-09 -8.95286e-09 -4.92623e-09 -4.22118e-09 -2.20005e-09 -8.9336e-09 -8.24665e-09 -2.70046e-09 -2.49222e-09 -8.24665e-09 -6.45949e-09 -2.49222e-09 -1.94207e-09 -2.70046e-09 -2.49222e-09 0 0 -2.49222e-09 -1.94207e-09 0 0 -6.45949e-09 -4.22118e-09 -1.94207e-09 -1.2311e-09 -4.22118e-09 -2.20005e-09 -1.2311e-09 -5.63403e-10 -1.94207e-09 -1.2311e-09 0 0 -1.2311e-09 -5.63403e-10 0 0 -8.75719e-09 -4.27813e-09 -4.92623e-09 -2.1818e-09 -4.27813e-09 -1.91224e-09 -2.1818e-09 -7.39485e-10 -4.92623e-09 -2.1818e-09 -2.20005e-09 -7.95574e-10 -2.1818e-09 -7.39485e-10 -7.95574e-10 -5.83247e-11 -1.91224e-09 -9.54721e-10 -7.39485e-10 -1.9621e-10 -9.54721e-10 -6.78913e-10 -1.9621e-10 -9.66909e-11 -7.39485e-10 -1.9621e-10 -5.83247e-11 1.95512e-10 -1.9621e-10 -9.66909e-11 1.95512e-10 2.02315e-10 -2.20005e-09 -7.95574e-10 -5.63403e-10 -8.26521e-11 -7.95574e-10 -5.83247e-11 -8.26521e-11 1.72037e-10 -5.63403e-10 -8.26521e-11 0 0 -8.26521e-11 1.72037e-10 0 0 -5.83247e-11 1.95512e-10 1.72037e-10 2.4923e-10 1.95512e-10 2.02315e-10 2.4923e-10 2.29344e-10 1.72037e-10 2.4923e-10 0 0 2.4923e-10 2.29344e-10 0 0 -5.67012e-09 -4.41714e-09 -4.0865e-09 -3.26323e-09 -4.41714e-09 -3.56415e-09 -3.26323e-09 -2.68814e-09 -4.0865e-09 -3.26323e-09 -2.69305e-09 -2.2149e-09 -3.26323e-09 -2.68814e-09 -2.2149e-09 -1.87666e-09 -3.56415e-09 -2.91611e-09 -2.68814e-09 -2.22992e-09 -2.91611e-09 -2.41247e-09 -2.22992e-09 -1.861e-09 -2.68814e-09 -2.22992e-09 -1.87666e-09 -1.58793e-09 -2.22992e-09 -1.861e-09 -1.58793e-09 -1.34189e-09 -2.69305e-09 -2.2149e-09 -1.54755e-09 -1.3244e-09 -2.2149e-09 -1.87666e-09 -1.3244e-09 -1.16961e-09 -1.54755e-09 -1.3244e-09 -6.78913e-10 -6.25142e-10 -1.3244e-09 -1.16961e-09 -6.25142e-10 -5.96916e-10 -1.87666e-09 -1.58793e-09 -1.16961e-09 -1.01924e-09 -1.58793e-09 -1.34189e-09 -1.01924e-09 -8.77023e-10 -1.16961e-09 -1.01924e-09 -5.96916e-10 -5.48396e-10 -1.01924e-09 -8.77023e-10 -5.48396e-10 -4.86553e-10 -2.41247e-09 -2.02136e-09 -1.861e-09 -1.56704e-09 -2.02136e-09 -1.69016e-09 -1.56704e-09 -1.30472e-09 -1.861e-09 -1.56704e-09 -1.34189e-09 -1.13573e-09 -1.56704e-09 -1.30472e-09 -1.13573e-09 -9.32775e-10 -1.69016e-09 -1.28799e-09 -1.30472e-09 -9.52544e-10 -1.28799e-09 0 -9.52544e-10 0 -1.30472e-09 -9.52544e-10 -9.32775e-10 -6.09435e-10 -9.52544e-10 0 -6.09435e-10 0 -1.34189e-09 -1.13573e-09 -8.77023e-10 -7.45946e-10 -1.13573e-09 -9.32775e-10 -7.45946e-10 -5.93863e-10 -8.77023e-10 -7.45946e-10 -4.86553e-10 -4.16149e-10 -7.45946e-10 -5.93863e-10 -4.16149e-10 -3.10831e-10 -9.32775e-10 -6.09435e-10 -5.93863e-10 -3.3055e-10 -6.09435e-10 0 -3.3055e-10 0 -5.93863e-10 -3.3055e-10 -3.10831e-10 -1.19991e-10 -3.3055e-10 0 -1.19991e-10 0 -6.78913e-10 -6.25142e-10 -9.66909e-11 -1.36559e-10 -6.25142e-10 -5.96916e-10 -1.36559e-10 -1.80344e-10 -9.66909e-11 -1.36559e-10 2.02315e-10 1.31926e-10 -1.36559e-10 -1.80344e-10 1.31926e-10 6.47567e-11 -5.96916e-10 -5.48396e-10 -1.80344e-10 -1.95807e-10 -5.48396e-10 -4.86553e-10 -1.95807e-10 -1.887e-10 -1.80344e-10 -1.95807e-10 6.47567e-11 2.1817e-11 -1.95807e-10 -1.887e-10 2.1817e-11 5.37633e-13 2.02315e-10 1.31926e-10 2.29344e-10 1.77385e-10 1.31926e-10 6.47567e-11 1.77385e-10 1.27606e-10 2.29344e-10 1.77385e-10 0 0 1.77385e-10 1.27606e-10 0 0 6.47567e-11 2.1817e-11 1.27606e-10 9.08471e-11 2.1817e-11 5.37633e-13 9.08471e-11 6.73585e-11 1.27606e-10 9.08471e-11 0 0 9.08471e-11 6.73585e-11 0 0 -4.86553e-10 -4.16149e-10 -1.887e-10 -1.63135e-10 -4.16149e-10 -3.10831e-10 -1.63135e-10 -1.00497e-10 -1.887e-10 -1.63135e-10 5.37633e-13 -1.50911e-12 -1.63135e-10 -1.00497e-10 -1.50911e-12 2.58971e-11 -3.10831e-10 -1.19991e-10 -1.00497e-10 2.14853e-11 -1.19991e-10 0 2.14853e-11 0 -1.00497e-10 2.14853e-11 2.58971e-11 9.02712e-11 2.14853e-11 0 9.02712e-11 0 5.37633e-13 -1.50911e-12 6.73585e-11 5.64354e-11 -1.50911e-12 2.58971e-11 5.64354e-11 6.13055e-11 6.73585e-11 5.64354e-11 0 0 5.64354e-11 6.13055e-11 0 0 2.58971e-11 9.02712e-11 6.13055e-11 8.12119e-11 9.02712e-11 0 8.12119e-11 0 6.13055e-11 8.12119e-11 0 0 8.12119e-11 0 0 0 
SCALARS x_dis double 1
LOOKUP_TABLE default
0 0 0 -0.000117795 0 0 -0.000117795 -0.00012227 0 -0.000117795 0 -0.000176697 -0.000117795 -0.00012227 -0.000176697 -0.000201754 0 0 -0.00012227 -0.00011256 0 0 -0.00011256 -0.000122813 -0.00012227 -0.00011256 -0.000201754 -0.00019888 -0.00011256 -0.000122813 -0.00019888 -0.000229446 0 -0.000176697 0 -0.000201617 -0.000176697 -0.000201754 -0.000201617 -0.000242931 0 -0.000201617 0 -0.000202998 -0.000201617 -0.000242931 -0.000202998 -0.000247906 -0.000201754 -0.00019888 -0.000242931 -0.000255527 -0.00019888 -0.000229446 -0.000255527 -0.000314034 -0.000242931 -0.000255527 -0.000247906 -0.000280997 -0.000255527 -0.000314034 -0.000280997 -0.000372884 0 0 -0.000122813 -0.000161434 0 0 -0.000161434 -0.000226445 -0.000122813 -0.000161434 -0.000229446 -0.000309697 -0.000161434 -0.000226445 -0.000309697 -0.000438833 0 0 -0.000226445 -0.00031314 0 0 -0.00031314 -0.000415681 -0.000226445 -0.00031314 -0.000438833 -0.000611761 -0.00031314 -0.000415681 -0.000611761 -0.000821701 -0.000229446 -0.000309697 -0.000314034 -0.000438367 -0.000309697 -0.000438833 -0.000438367 -0.000630642 -0.000314034 -0.000438367 -0.000372884 -0.000542228 -0.000438367 -0.000630642 -0.000542228 -0.000795261 -0.000438833 -0.000611761 -0.000630642 -0.000889172 -0.000611761 -0.000821701 -0.000889172 -0.00121073 -0.000630642 -0.000889172 -0.000795261 -0.00113701 -0.000889172 -0.00121073 -0.00113701 -0.00157204 0 -0.000202998 0 -0.000180217 -0.000202998 -0.000247906 -0.000180217 -0.000216423 0 -0.000180217 0 -0.000121462 -0.000180217 -0.000216423 -0.000121462 -0.000146692 -0.000247906 -0.000280997 -0.000216423 -0.000275361 -0.000280997 -0.000372884 -0.000275361 -0.000404222 -0.000216423 -0.000275361 -0.000146692 -0.000240738 -0.000275361 -0.000404222 -0.000240738 -0.000408179 0 -0.000121462 0 5.89334e-06 -0.000121462 -0.000146692 5.89334e-06 -4.17346e-05 0 5.89334e-06 0 0.000244824 5.89334e-06 -4.17346e-05 0.000244824 9.34681e-05 -0.000146692 -0.000240738 -4.17346e-05 -0.000182056 -0.000240738 -0.000408179 -0.000182056 -0.000386775 -4.17346e-05 -0.000182056 9.34681e-05 -0.000108562 -0.000182056 -0.000386775 -0.000108562 -0.000344014 -0.000372884 -0.000542228 -0.000404222 -0.000617213 -0.000542228 -0.000795261 -0.000617213 -0.000926083 -0.000404222 -0.000617213 -0.000408179 -0.000660399 -0.000617213 -0.000926083 -0.000660399 -0.00101669 -0.000795261 -0.00113701 -0.000926083 -0.00134543 -0.00113701 -0.00157204 -0.00134543 -0.00189158 -0.000926083 -0.00134543 -0.00101669 -0.00150332 -0.00134543 -0.00189158 -0.00150332 -0.00215195 -0.000408179 -0.000660399 -0.000386775 -0.000670033 -0.000660399 -0.00101669 -0.000670033 -0.00106114 -0.000386775 -0.000670033 -0.000344014 -0.000645551 -0.000670033 -0.00106114 -0.000645551 -0.00105441 -0.00101669 -0.00150332 -0.00106114 -0.00159888 -0.00150332 -0.00215195 -0.00159888 -0.00233254 -0.00106114 -0.00159888 -0.00105441 -0.00162031 -0.00159888 -0.00233254 -0.00162031 -0.00240988 0 0 -0.000415681 -0.000527568 0 0 -0.000527568 -0.000642401 -0.000415681 -0.000527568 -0.000821701 -0.00106015 -0.000527568 -0.000642401 -0.00106015 -0.00131543 0 0 -0.000642401 -0.000750904 0 0 -0.000750904 -0.000828876 -0.000642401 -0.000750904 -0.00131543 -0.00156324 -0.000750904 -0.000828876 -0.00156324 -0.00174297 -0.000821701 -0.00106015 -0.00121073 -0.00158868 -0.00106015 -0.00131543 -0.00158868 -0.00200683 -0.00121073 -0.00158868 -0.00157204 -0.0020997 -0.00158868 -0.00200683 -0.0020997 -0.00270102 -0.00131543 -0.00156324 -0.00200683 -0.00242094 -0.00156324 -0.00174297 -0.00242094 -0.00272414 -0.00200683 -0.00242094 -0.00270102 -0.0033085 -0.00242094 -0.00272414 -0.0033085 -0.00376032 0 0 -0.000828876 -0.000823142 0 0 -0.000823142 -0.000662198 -0.000828876 -0.000823142 -0.00174297 -0.00173674 -0.000823142 -0.000662198 -0.00173674 -0.00139923 0 0 -0.000662198 -0.000308736 0 0 -0.000308736 0.000182813 -0.000662198 -0.000308736 -0.00139923 -0.00066294 -0.000308736 0.000182813 -0.00066294 0.000354648 -0.00174297 -0.00173674 -0.00272414 -0.00272456 -0.00173674 -0.00139923 -0.00272456 -0.00220023 -0.00272414 -0.00272456 -0.00376032 -0.00378052 -0.00272456 -0.00220023 -0.00378052 -0.00306469 -0.00139923 -0.00066294 -0.00220023 -0.0010577 -0.00066294 0.000354648 -0.0010577 0.000515574 -0.00220023 -0.0010577 -0.00306469 -0.00149453 -0.0010577 0.000515574 -0.00149453 0.000665674 -0.00157204 -0.0020997 -0.00189158 -0.00257487 -0.0020997 -0.00270102 -0.00257487 -0.0033777 -0.00189158 -0.00257487 -0.00215195 -0.00299003 -0.00257487 -0.0033777 -0.00299003 -0.00400958 -0.00270102 -0.0033085 -0.0033777 -0.0042091 -0.0033085 -0.00376032 -0.0042091 -0.00484469 -0.0033777 -0.0042091 -0.00400958 -0.00510183 -0.0042091 -0.00484469 -0.00510183 -0.00597482 -0.00215195 -0.00299003 -0.00233254 -0.00331399 -0.00299003 -0.00400958 -0.00331399 -0.00455903 -0.00233254 -0.00331399 -0.00240988 -0.00350658 -0.00331399 -0.00455903 -0.00350658 -0.00497167 -0.00400958 -0.00510183 -0.00455903 -0.00595712 -0.00510183 -0.00597482 -0.00595712 -0.00715092 -0.00455903 -0.00595712 -0.00497167 -0.0067274 -0.00595712 -0.00715092 -0.0067274 -0.00837152 -0.00376032 -0.00378052 -0.00484469 -0.0049107 -0.00378052 -0.00306469 -0.0049107 -0.00400693 -0.00484469 -0.0049107 -0.00597482 -0.00613667 -0.0049107 -0.00400693 -0.00613667 -0.00506277 -0.00306469 -0.00149453 -0.00400693 -0.00198521 -0.00149453 0.000665674 -0.00198521 0.000805056 -0.00400693 -0.00198521 -0.00506277 -0.00255727 -0.00198521 0.000805056 -0.00255727 0.000933869 -0.00597482 -0.00613667 -0.00715092 -0.0075006 -0.00613667 -0.00506277 -0.0075006 -0.00630023 -0.00715092 -0.0075006 -0.00837152 -0.00907588 -0.0075006 -0.00630023 -0.00907588 -0.00784309 -0.00506277 -0.00255727 -0.00630023 -0.00326288 -0.00255727 0.000933869 -0.00326288 0.00105233 -0.00630023 -0.00326288 -0.00784309 -0.00419862 -0.00326288 0.00105233 -0.00419862 0.00116076 0 0 0.000182813 0.000673526 0 0 0.000673526 0.00102448 0.000182813 0.000673526 0.000354648 0.0013705 0.000673526 0.00102448 0.0013705 0.00210165 0 0 0.00102448 0.00118127 0 0 0.00118127 0.00118128 0.00102448 0.00118127 0.00210165 0.00243081 0.00118127 0.00118128 0.00243081 0.0024257 0.000354648 0.0013705 0.000515574 0.00208616 0.0013705 0.00210165 0.00208616 0.00322084 0.000515574 0.00208616 0.000665674 0.00282221 0.00208616 0.00322084 0.00282221 0.00438174 0.00210165 0.00243081 0.00322084 0.00373261 0.00243081 0.0024257 0.00373261 0.00371538 0.00322084 0.00373261 0.00438174 0.00508081 0.00373261 0.00371538 0.00508081 0.0050385 0 0 0.00118128 0.00109606 0 0 0.00109606 0.000978635 0.00118128 0.00109606 0.0024257 0.00223171 0.00109606 0.000978635 0.00223171 0.0019664 0 0 0.000978635 0.000852795 0 0 0.000852795 0.000727005 0.000978635 0.000852795 0.0019664 0.00168956 0.000852795 0.000727005 0.00168956 0.00142394 0.0024257 0.00223171 0.00371538 0.00339123 0.00223171 0.0019664 0.00339123 0.00295155 0.00371538 0.00339123 0.0050385 0.00455943 0.00339123 0.00295155 0.00455943 0.00391892 0.0019664 0.00168956 0.00295155 0.00250196 0.00168956 0.00142394 0.00250196 0.00208458 0.00295155 0.00250196 0.00391892 0.0032772 0.00250196 0.00208458 0.0032772 0.00269916 0.000665674 0.00282221 0.000805056 0.00359063 0.00282221 0.00438174 0.00359063 0.00559884 0.000805056 0.00359063 0.000933869 0.00441921 0.00359063 0.00559884 0.00441921 0.00690815 0.00438174 0.00508081 0.00559884 0.00648164 0.00508081 0.0050385 0.00648164 0.0063884 0.00559884 0.00648164 0.00690815 0.00795675 0.00648164 0.0063884 0.00795675 0.00776271 0.000933869 0.00441921 0.00105233 0.00536046 0.00441921 0.00690815 0.00536046 0.00837786 0.00105233 0.00536046 0.00116076 0.00651152 0.00536046 0.00837786 0.00651152 0.010132 0.00690815 0.00795675 0.00837786 0.00954833 0.00795675 0.00776271 0.00954833 0.00916156 0.00837786 0.00954833 0.010132 0.0113296 0.00954833 0.00916156 0.0113296 0.0105832 0.0050385 0.00455943 0.0063884 0.00571971 0.00455943 0.00391892 0.00571971 0.00484859 0.0063884 0.00571971 0.00776271 0.0068513 0.00571971 0.00484859 0.0068513 0.00571356 0.00391892 0.0032772 0.00484859 0.0039975 0.0032772 0.00269916 0.0039975 0.00325438 0.00484859 0.0039975 0.00571356 0.00463918 0.0039975 0.00325438 0.00463918 0.00373351 0.00776271 0.0068513 0.00916156 0.00792461 0.0068513 0.00571356 0.00792461 0.00647634 0.00916156 0.00792461 0.0105832 0.00889187 0.00792461 0.00647634 0.00889187 0.00708261 0.00571356 0.00463918 0.00647634 0.00517142 0.00463918 0.00373351 0.00517142 0.00411645 0.00647634 0.00517142 0.00708261 0.00555434 0.00517142 0.00411645 0.00555434 0.00438021 0 0 0.000727005 0.000606234 0 0 0.000606234 0.00049441 0.000727005 0.000606234 0.00142394 0.00117864 0.000606234 0.00049441 0.00117864 0.000957712 0 0 0.00049441 0.000392979 0 0 0.000392979 0.000300396 0.00049441 0.000392979 0.000957712 0.000760682 0.000392979 0.000300396 0.000760682 0.000582697 0.00142394 0.00117864 0.00208458 0.00171219 0.00117864 0.000957712 0.00171219 0.00138584 0.00208458 0.00171219 0.00269916 0.00219981 0.00171219 0.00138584 0.00219981 0.00177384 0.000957712 0.000760682 0.00138584 0.0011001 0.000760682 0.000582697 0.0011001 0.000844959 0.00138584 0.0011001 0.00177384 0.00140789 0.0011001 0.000844959 0.00140789 0.00108508 0 0 0.000300396 0.000213778 0 0 0.000213778 0.000133181 0.000300396 0.000213778 0.000582697 0.000417107 0.000213778 0.000133181 0.000417107 0.000261346 0 0 0.000133181 6.63949e-05 0 0 6.63949e-05 0 0.000133181 6.63949e-05 0.000261346 0.000123529 6.63949e-05 0 0.000123529 0 0.000582697 0.000417107 0.000844959 0.000608745 0.000417107 0.000261346 0.000608745 0.000383689 0.000844959 0.000608745 0.00108508 0.000787785 0.000608745 0.000383689 0.000787785 0.000501108 0.000261346 0.000123529 0.000383689 0.000175038 0.000123529 0 0.000175038 0 0.000383689 0.000175038 0.000501108 0.000224788 0.000175038 0 0.000224788 0 0.00269916 0.00219981 0.00325438 0.00263259 0.00219981 0.00177384 0.00263259 0.00211603 0.00325438 0.00263259 0.00373351 0.00300012 0.00263259 0.00211603 0.00300012 0.00240626 0.00177384 0.00140789 0.00211603 0.00168044 0.00140789 0.00108508 0.00168044 0.00130086 0.00211603 0.00168044 0.00240626 0.00191409 0.00168044 0.00130086 0.00191409 0.00148998 0.00373351 0.00300012 0.00411645 0.00329102 0.00300012 0.00240626 0.00329102 0.00263849 0.00411645 0.00329102 0.00438021 0.00349392 0.00329102 0.00263849 0.00349392 0.00280742 0.00240626 0.00191409 0.00263849 0.00210542 0.00191409 0.00148998 0.00210542 0.00165017 0.00263849 0.00210542 0.00280742 0.00225165 0.00210542 0.00165017 0.00225165 0.00177922 0.00108508 0.000787785 0.00130086 0.000953447 0.000787785 0.000501108 0.000953447 0.000615904 0.00130086 0.000953447 0.00148998 0.00110471 0.000953447 0.000615904 0.00110471 0.000730501 0.000501108 0.000224788 0.000615904 0.00027699 0.000224788 0 0.00027699 0 0.000615904 0.00027699 0.000730501 0.000338825 0.00027699 0 0.000338825 0 0.00148998 0.00110471 0.00165017 0.00124003 0.00110471 0.000730501 0.00124003 0.000844596 0.00165017 0.00124003 0.00177922 0.0013569 0.00124003 0.000844596 0.0013569 0.000958052 0.000730501 0.000338825 0.000844596 0.000425221 0.000338825 0 0.000425221 0 0.000844596 0.000425221 0.000958052 0.000550373 0.000425221 0 0.000550373 0 0 0.000244824 0 0.000140935 0.000244824 9.34681e-05 0.000140935 5.49932e-05 0 0.000140935 0 6.21861e-05 0.000140935 5.49932e-05 6.21861e-05 1.14748e-05 9.34681e-05 -0.000108562 5.49932e-05 -0.000129063 -0.000108562 -0.000344014 -0.000129063 -0.000381128 5.49932e-05 -0.000129063 1.14748e-05 -0.000159757 -0.000129063 -0.000381128 -0.000159757 -0.000423668 0 6.21861e-05 0 1.932e-05 6.21861e-05 1.14748e-05 1.932e-05 -2.82243e-05 0 1.932e-05 0 -3.00965e-06 1.932e-05 -2.82243e-05 -3.00965e-06 -6.04975e-05 1.14748e-05 -0.000159757 -2.82243e-05 -0.000193781 -0.000159757 -0.000423668 -0.000193781 -0.000466985 -2.82243e-05 -0.000193781 -6.04975e-05 -0.000226168 -0.000193781 -0.000466985 -0.000226168 -0.00050722 -0.000344014 -0.000645551 -0.000381128 -0.000718831 -0.000645551 -0.00105441 -0.000718831 -0.00117571 -0.000381128 -0.000718831 -0.000423668 -0.000790056 -0.000718831 -0.00117571 -0.000790056 -0.00128537 -0.00105441 -0.00162031 -0.00117571 -0.00179372 -0.00162031 -0.00240988 -0.00179372 -0.00262301 -0.00117571 -0.00179372 -0.00128537 -0.00194269 -0.00179372 -0.00262301 -0.00194269 -0.00279564 -0.000423668 -0.000790056 -0.000466985 -0.00085583 -0.000790056 -0.00128537 -0.00085583 -0.00138108 -0.000466985 -0.00085583 -0.00050722 -0.000913314 -0.00085583 -0.00138108 -0.000913314 -0.00146116 -0.00128537 -0.00194269 -0.00138108 -0.00206713 -0.00194269 -0.00279564 -0.00206713 -0.0029324 -0.00138108 -0.00206713 -0.00146116 -0.00216746 -0.00206713 -0.0029324 -0.00216746 -0.00303759 0 -3.00965e-06 0 -1.51359e-05 -3.00965e-06 -6.04975e-05 -1.51359e-05 -8.45137e-05 0 -1.51359e-05 0 -2.1918e-05 -1.51359e-05 -8.45137e-05 -2.1918e-05 -0.000100841 -6.04975e-05 -0.000226168 -8.45137e-05 -0.000253652 -0.000226168 -0.00050722 -0.000253652 -0.000541352 -8.45137e-05 -0.000253652 -0.000100841 -0.000274285 -0.000253652 -0.000541352 -0.000274285 -0.000567175 0 -2.1918e-05 0 -2.54398e-05 -2.1918e-05 -0.000100841 -2.54398e-05 -0.000110273 0 -2.54398e-05 0 -2.6539e-05 -2.54398e-05 -0.000110273 -2.6539e-05 -0.000113356 -0.000100841 -0.000274285 -0.000110273 -0.000287001 -0.000274285 -0.000567175 -0.000287001 -0.000583223 -0.000110273 -0.000287001 -0.000113356 -0.00029129 -0.000287001 -0.000583223 -0.00029129 -0.000588661 -0.00050722 -0.000913314 -0.000541352 -0.000960245 -0.000913314 -0.00146116 -0.000960245 -0.00152442 -0.000541352 -0.000960245 -0.000567175 -0.000994925 -0.000960245 -0.00152442 -0.000994925 -0.00157008 -0.00146116 -0.00216746 -0.00152442 -0.00224436 -0.00216746 -0.00303759 -0.00224436 -0.00311507 -0.00152442 -0.00224436 -0.00157008 -0.00229861 -0.00224436 -0.00311507 -0.00229861 -0.00316803 -0.000567175 -0.000994925 -0.000583223 -0.00101619 -0.000994925 -0.00157008 -0.00101619 -0.00159766 -0.000583223 -0.00101619 -0.000588661 -0.00102335 -0.00101619 -0.00159766 -0.00102335 -0.00160687 -0.00157008 -0.00229861 -0.00159766 -0.00233087 -0.00229861 -0.00316803 -0.00233087 -0.00319884 -0.00159766 -0.00233087 -0.00160687 -0.00234158 -0.00233087 -0.00319884 -0.00234158 -0.00320895 -0.00240988 -0.00350658 -0.00262301 -0.00371216 -0.00350658 -0.00497167 -0.00371216 -0.00506621 -0.00262301 -0.00371216 -0.00279564 -0.00386275 -0.00371216 -0.00506621 -0.00386275 -0.00510716 -0.00497167 -0.0067274 -0.00506621 -0.00655307 -0.0067274 -0.00837152 -0.00655307 -0.00778297 -0.00506621 -0.00655307 -0.00510716 -0.00636478 -0.00655307 -0.00778297 -0.00636478 -0.00727103 -0.00279564 -0.00386275 -0.0029324 -0.00397067 -0.00386275 -0.00510716 -0.00397067 -0.00511464 -0.0029324 -0.00397067 -0.00303759 -0.00404585 -0.00397067 -0.00511464 -0.00404585 -0.00510344 -0.00510716 -0.00636478 -0.00511464 -0.00618271 -0.00636478 -0.00727103 -0.00618271 -0.00683919 -0.00511464 -0.00618271 -0.00510344 -0.00602028 -0.00618271 -0.00683919 -0.00602028 -0.00648825 -0.00837152 -0.00907588 -0.00778297 -0.0080811 -0.00907588 -0.00784309 -0.0080811 -0.00672344 -0.00778297 -0.0080811 -0.00727103 -0.00727629 -0.0080811 -0.00672344 -0.00727629 -0.00585256 -0.00784309 -0.00419862 -0.00672344 -0.00343963 -0.00419862 0.00116076 -0.00343963 0.00116838 -0.00672344 -0.00343963 -0.00585256 -0.00286117 -0.00343963 0.00116838 -0.00286117 0.00117564 -0.00727103 -0.00727629 -0.00683919 -0.00663378 -0.00727629 -0.00585256 -0.00663378 -0.00517886 -0.00683919 -0.00663378 -0.00648825 -0.00613329 -0.00663378 -0.00517886 -0.00613329 -0.0046671 -0.00585256 -0.00286117 -0.00517886 -0.00242102 -0.00286117 0.00117564 -0.00242102 0.00118224 -0.00517886 -0.00242102 -0.0046671 -0.00209109 -0.00242102 0.00118224 -0.00209109 0.00118796 -0.00303759 -0.00404585 -0.00311507 -0.00409626 -0.00404585 -0.00510344 -0.00409626 -0.00508455 -0.00311507 -0.00409626 -0.00316803 -0.004128 -0.00409626 -0.00508455 -0.004128 -0.00506585 -0.00510344 -0.00602028 -0.00508455 -0.00588654 -0.00602028 -0.00648825 -0.00588654 -0.00621744 -0.00508455 -0.00588654 -0.00506585 -0.00578743 -0.00588654 -0.00621744 -0.00578743 -0.00602539 -0.00316803 -0.004128 -0.00319884 -0.00414536 -0.004128 -0.00506585 -0.00414536 -0.00505261 -0.00319884 -0.00414536 -0.00320895 -0.00415087 -0.00414536 -0.00505261 -0.00415087 -0.00504787 -0.00506585 -0.00578743 -0.00505261 -0.00572663 -0.00578743 -0.00602539 -0.00572663 -0.00591078 -0.00505261 -0.00572663 -0.00504787 -0.00570615 -0.00572663 -0.00591078 -0.00570615 -0.00587269 -0.00648825 -0.00613329 -0.00621744 -0.0057592 -0.00613329 -0.0046671 -0.0057592 -0.00429194 -0.00621744 -0.0057592 -0.00602539 -0.00549991 -0.0057592 -0.00429194 -0.00549991 -0.00403558 -0.0046671 -0.00209109 -0.00429194 -0.0018517 -0.00209109 0.00118796 -0.0018517 0.0011926 -0.00429194 -0.0018517 -0.00403558 -0.00168935 -0.0018517 0.0011926 -0.00168935 0.00119602 -0.00602539 -0.00549991 -0.00591078 -0.00534745 -0.00549991 -0.00403558 -0.00534745 -0.00388623 -0.00591078 -0.00534745 -0.00587269 -0.00529714 -0.00534745 -0.00388623 -0.00529714 -0.00383717 -0.00403558 -0.00168935 -0.00388623 -0.00159523 -0.00168935 0.00119602 -0.00159523 0.00119811 -0.00388623 -0.00159523 -0.00383717 -0.00156439 -0.00159523 0.00119811 -0.00156439 0.00119881 0.00116076 0.00651152 0.00116838 0.00576925 0.00651152 0.010132 0.00576925 0.00903298 0.00116838 0.00576925 0.00117564 0.00520648 0.00576925 0.00903298 0.00520648 0.00818102 0.010132 0.0113296 0.00903298 0.0103609 0.0113296 0.0105832 0.0103609 0.0100263 0.00903298 0.0103609 0.00818102 0.00957937 0.0103609 0.0100263 0.00957937 0.00954245 0.00117564 0.00520648 0.00118224 0.0047805 0.00520648 0.00818102 0.0047805 0.00752406 0.00118224 0.0047805 0.00118796 0.00446273 0.0047805 0.00752406 0.00446273 0.00702648 0.00818102 0.00957937 0.00752406 0.00895716 0.00957937 0.00954245 0.00895716 0.0091348 0.00752406 0.00895716 0.00702648 0.00847367 0.00895716 0.0091348 0.00847367 0.00880394 0.0105832 0.00889187 0.0100263 0.0087546 0.00889187 0.00708261 0.0087546 0.00721917 0.0100263 0.0087546 0.00954245 0.0085989 0.0087546 0.00721917 0.0085989 0.0072967 0.00708261 0.00555434 0.00721917 0.00580625 0.00555434 0.00438021 0.00580625 0.00464284 0.00721917 0.00580625 0.0072967 0.00599655 0.00580625 0.00464284 0.00599655 0.00485676 0.00954245 0.0085989 0.0091348 0.0084447 0.0085989 0.0072967 0.0084447 0.00733518 0.0091348 0.0084447 0.00880394 0.00830525 0.0084447 0.00733518 0.00830525 0.00734931 0.0072967 0.00599655 0.00733518 0.0061376 0.00599655 0.00485676 0.0061376 0.00502707 0.00733518 0.0061376 0.00734931 0.00623948 0.0061376 0.00502707 0.00623948 0.00515864 0.00118796 0.00446273 0.0011926 0.00423318 0.00446273 0.00702648 0.00423318 0.00666266 0.0011926 0.00423318 0.00119602 0.00407804 0.00423318 0.00666266 0.00407804 0.00641456 0.00702648 0.00847367 0.00666266 0.00811305 0.00847367 0.00880394 0.00811305 0.00854892 0.00666266 0.00811305 0.00641456 0.00786351 0.00811305 0.00854892 0.00786351 0.00836825 0.00119602 0.00407804 0.00119811 0.00398832 0.00407804 0.00641456 0.00398832 0.00627023 0.00119811 0.00398832 0.00119881 0.00395897 0.00398832 0.00627023 0.00395897 0.00622286 0.00641456 0.00786351 0.00627023 0.00771694 0.00786351 0.00836825 0.00771694 0.0082605 0.00627023 0.00771694 0.00622286 0.00766861 0.00771694 0.0082605 0.00766861 0.0082247 0.00880394 0.00830525 0.00854892 0.00818949 0.00830525 0.00734931 0.00818949 0.00735009 0.00854892 0.00818949 0.00836825 0.00810325 0.00818949 0.00735009 0.00810325 0.0073454 0.00734931 0.00623948 0.00735009 0.00631037 0.00623948 0.00515864 0.00631037 0.00525591 0.00735009 0.00631037 0.0073454 0.00635657 0.00631037 0.00525591 0.00635657 0.00532259 0.00836825 0.00810325 0.0082605 0.0080502 0.00810325 0.0073454 0.0080502 0.00734055 0.0082605 0.0080502 0.0082247 0.00803231 0.0080502 0.00734055 0.00803231 0.00733861 0.0073454 0.00635657 0.00734055 0.00638252 0.00635657 0.00532259 0.00638252 0.00536146 0.00734055 0.00638252 0.00733861 0.00639088 0.00638252 0.00536146 0.00639088 0.00537422 0.00438021 0.00349392 0.00464284 0.00371779 0.00349392 0.00280742 0.00371779 0.00297628 0.00464284 0.00371779 0.00485676 0.00390692 0.00371779 0.00297628 0.00390692 0.00312044 0.00280742 0.00225165 0.00297628 0.00236308 0.00225165 0.00177922 0.00236308 0.0018338 0.00297628 0.00236308 0.00312044 0.00245584 0.00236308 0.0018338 0.00245584 0.00187328 0.00485676 0.00390692 0.00502707 0.00406245 0.00390692 0.00312044 0.00406245 0.00324007 0.00502707 0.00406245 0.00515864 0.00418604 0.00406245 0.00324007 0.00418604 0.00333586 0.00312044 0.00245584 0.00324007 0.00253107 0.00245584 0.00187328 0.00253107 0.00190102 0.00324007 0.00253107 0.00333586 0.00259014 0.00253107 0.00190102 0.00259014 0.00191999 0.00177922 0.0013569 0.0018338 0.00135393 0.0013569 0.000958052 0.00135393 0.000894594 0.0018338 0.00135393 0.00187328 0.00133928 0.00135393 0.000894594 0.00133928 0.000827682 0.000958052 0.000550373 0.000894594 0.000430194 0.000550373 0 0.000430194 0 0.000894594 0.000430194 0.000827682 0.00032784 0.000430194 0 0.00032784 0 0.00187328 0.00133928 0.00190102 0.00131959 0.00133928 0.000827682 0.00131959 0.000768314 0.00190102 0.00131959 0.00191999 0.00129966 0.00131959 0.000768314 0.00129966 0.000720919 0.000827682 0.00032784 0.000768314 0.000263862 0.00032784 0 0.000263862 0 0.000768314 0.000263862 0.000720919 0.000226261 0.000263862 0 0.000226261 0 0.00515864 0.00418604 0.00525591 0.0042796 0.00418604 0.00333586 0.0042796 0.00340885 0.00525591 0.0042796 0.00532259 0.00434494 0.0042796 0.00340885 0.00434494 0.00346008 0.00333586 0.00259014 0.00340885 0.00263441 0.00259014 0.00191999 0.00263441 0.00193254 0.00340885 0.00263441 0.00346008 0.00266511 0.00263441 0.00193254 0.00266511 0.00194039 0.00532259 0.00434494 0.00536146 0.00438352 0.00434494 0.00346008 0.00438352 0.00349042 0.00536146 0.00438352 0.00537422 0.00439627 0.00438352 0.00349042 0.00439627 0.00350047 0.00346008 0.00266511 0.00349042 0.00268314 0.00266511 0.00194039 0.00268314 0.00194469 0.00349042 0.00268314 0.00350047 0.00268908 0.00268314 0.00194469 0.00268908 0.00194605 0.00191999 0.00129966 0.00193254 0.00128247 0.00129966 0.000720919 0.00128247 0.000686268 0.00193254 0.00128247 0.00194039 0.00126961 0.00128247 0.000686268 0.00126961 0.000663166 0.000720919 0.000226261 0.000686268 0.000204124 0.000226261 0 0.000204124 0 0.000686268 0.000204124 0.000663166 0.000191266 0.000204124 0 0.000191266 0 0.00194039 0.00126961 0.00194469 0.00126175 0.00126961 0.000663166 0.00126175 0.000650054 0.00194469 0.00126175 0.00194605 0.00125911 0.00126175 0.000650054 0.00125911 0.000645815 0.000663166 0.000191266 0.000650054 0.000184525 0.000191266 0 0.000184525 0 0.000650054 0.000184525 0.000645815 0.000182423 0.000184525 0 0.000182423 0 0 -2.6539e-05 0 -2.54398e-05 -2.6539e-05 -0.000113356 -2.54398e-05 -0.000110273 0 -2.54398e-05 0 -2.1918e-05 -2.54398e-05 -0.000110273 -2.1918e-05 -0.000100841 -0.000113356 -0.00029129 -0.000110273 -0.000287001 -0.00029129 -0.000588661 -0.000287001 -0.000583223 -0.000110273 -0.000287001 -0.000100841 -0.000274285 -0.000287001 -0.000583223 -0.000274285 -0.000567175 0 -2.1918e-05 0 -1.51359e-05 -2.1918e-05 -0.000100841 -1.51359e-05 -8.45137e-05 0 -1.51359e-05 0 -3.00965e-06 -1.51359e-05 -8.45137e-05 -3.00965e-06 -6.04975e-05 -0.000100841 -0.000274285 -8.45137e-05 -0.000253652 -0.000274285 -0.000567175 -0.000253652 -0.000541352 -8.45137e-05 -0.000253652 -6.04975e-05 -0.000226168 -0.000253652 -0.000541352 -0.000226168 -0.00050722 -0.000588661 -0.00102335 -0.000583223 -0.00101619 -0.00102335 -0.00160687 -0.00101619 -0.00159766 -0.000583223 -0.00101619 -0.000567175 -0.000994925 -0.00101619 -0.00159766 -0.000994925 -0.00157008 -0.00160687 -0.00234158 -0.00159766 -0.00233087 -0.00234158 -0.00320895 -0.00233087 -0.00319884 -0.00159766 -0.00233087 -0.00157008 -0.00229861 -0.00233087 -0.00319884 -0.00229861 -0.00316803 -0.000567175 -0.000994925 -0.000541352 -0.000960245 -0.000994925 -0.00157008 -0.000960245 -0.00152442 -0.000541352 -0.000960245 -0.00050722 -0.000913314 -0.000960245 -0.00152442 -0.000913314 -0.00146116 -0.00157008 -0.00229861 -0.00152442 -0.00224436 -0.00229861 -0.00316803 -0.00224436 -0.00311507 -0.00152442 -0.00224436 -0.00146116 -0.00216746 -0.00224436 -0.00311507 -0.00216746 -0.00303759 0 -3.00965e-06 0 1.932e-05 -3.00965e-06 -6.04975e-05 1.932e-05 -2.82243e-05 0 1.932e-05 0 6.21861e-05 1.932e-05 -2.82243e-05 6.21861e-05 1.14748e-05 -6.04975e-05 -0.000226168 -2.82243e-05 -0.000193781 -0.000226168 -0.00050722 -0.000193781 -0.000466985 -2.82243e-05 -0.000193781 1.14748e-05 -0.000159757 -0.000193781 -0.000466985 -0.000159757 -0.000423668 0 6.21861e-05 0 0.000140935 6.21861e-05 1.14748e-05 0.000140935 5.49932e-05 0 0.000140935 0 0.000244824 0.000140935 5.49932e-05 0.000244824 9.34681e-05 1.14748e-05 -0.000159757 5.49932e-05 -0.000129063 -0.000159757 -0.000423668 -0.000129063 -0.000381128 5.49932e-05 -0.000129063 9.34681e-05 -0.000108562 -0.000129063 -0.000381128 -0.000108562 -0.000344014 -0.00050722 -0.000913314 -0.000466985 -0.00085583 -0.000913314 -0.00146116 -0.00085583 -0.00138108 -0.000466985 -0.00085583 -0.000423668 -0.000790056 -0.00085583 -0.00138108 -0.000790056 -0.00128537 -0.00146116 -0.00216746 -0.00138108 -0.00206713 -0.00216746 -0.00303759 -0.00206713 -0.0029324 -0.00138108 -0.00206713 -0.00128537 -0.00194269 -0.00206713 -0.0029324 -0.00194269 -0.00279564 -0.000423668 -0.000790056 -0.000381128 -0.000718831 -0.000790056 -0.00128537 -0.000718831 -0.00117571 -0.000381128 -0.000718831 -0.000344014 -0.000645551 -0.000718831 -0.00117571 -0.000645551 -0.00105441 -0.00128537 -0.00194269 -0.00117571 -0.00179372 -0.00194269 -0.00279564 -0.00179372 -0.00262301 -0.00117571 -0.00179372 -0.00105441 -0.00162031 -0.00179372 -0.00262301 -0.00162031 -0.00240988 -0.00320895 -0.00415087 -0.00319884 -0.00414536 -0.00415087 -0.00504787 -0.00414536 -0.00505261 -0.00319884 -0.00414536 -0.00316803 -0.004128 -0.00414536 -0.00505261 -0.004128 -0.00506585 -0.00504787 -0.00570615 -0.00505261 -0.00572663 -0.00570615 -0.00587269 -0.00572663 -0.00591078 -0.00505261 -0.00572663 -0.00506585 -0.00578743 -0.00572663 -0.00591078 -0.00578743 -0.00602539 -0.00316803 -0.004128 -0.00311507 -0.00409626 -0.004128 -0.00506585 -0.00409626 -0.00508455 -0.00311507 -0.00409626 -0.00303759 -0.00404585 -0.00409626 -0.00508455 -0.00404585 -0.00510344 -0.00506585 -0.00578743 -0.00508455 -0.00588654 -0.00578743 -0.00602539 -0.00588654 -0.00621744 -0.00508455 -0.00588654 -0.00510344 -0.00602028 -0.00588654 -0.00621744 -0.00602028 -0.00648825 -0.00587269 -0.00529714 -0.00591078 -0.00534745 -0.00529714 -0.00383717 -0.00534745 -0.00388623 -0.00591078 -0.00534745 -0.00602539 -0.00549991 -0.00534745 -0.00388623 -0.00549991 -0.00403558 -0.00383717 -0.00156439 -0.00388623 -0.00159523 -0.00156439 0.00119881 -0.00159523 0.00119811 -0.00388623 -0.00159523 -0.00403558 -0.00168935 -0.00159523 0.00119811 -0.00168935 0.00119602 -0.00602539 -0.00549991 -0.00621744 -0.0057592 -0.00549991 -0.00403558 -0.0057592 -0.00429194 -0.00621744 -0.0057592 -0.00648825 -0.00613329 -0.0057592 -0.00429194 -0.00613329 -0.0046671 -0.00403558 -0.00168935 -0.00429194 -0.0018517 -0.00168935 0.00119602 -0.0018517 0.0011926 -0.00429194 -0.0018517 -0.0046671 -0.00209109 -0.0018517 0.0011926 -0.00209109 0.00118796 -0.00303759 -0.00404585 -0.0029324 -0.00397067 -0.00404585 -0.00510344 -0.00397067 -0.00511464 -0.0029324 -0.00397067 -0.00279564 -0.00386275 -0.00397067 -0.00511464 -0.00386275 -0.00510716 -0.00510344 -0.00602028 -0.00511464 -0.00618271 -0.00602028 -0.00648825 -0.00618271 -0.00683919 -0.00511464 -0.00618271 -0.00510716 -0.00636478 -0.00618271 -0.00683919 -0.00636478 -0.00727103 -0.00279564 -0.00386275 -0.00262301 -0.00371216 -0.00386275 -0.00510716 -0.00371216 -0.00506621 -0.00262301 -0.00371216 -0.00240988 -0.00350658 -0.00371216 -0.00506621 -0.00350658 -0.00497167 -0.00510716 -0.00636478 -0.00506621 -0.00655307 -0.00636478 -0.00727103 -0.00655307 -0.00778297 -0.00506621 -0.00655307 -0.00497167 -0.0067274 -0.00655307 -0.00778297 -0.0067274 -0.00837152 -0.00648825 -0.00613329 -0.00683919 -0.00663378 -0.00613329 -0.0046671 -0.00663378 -0.00517886 -0.00683919 -0.00663378 -0.00727103 -0.00727629 -0.00663378 -0.00517886 -0.00727629 -0.00585256 -0.0046671 -0.00209109 -0.00517886 -0.00242102 -0.00209109 0.00118796 -0.00242102 0.00118224 -0.00517886 -0.00242102 -0.00585256 -0.00286117 -0.00242102 0.00118224 -0.00286117 0.00117564 -0.00727103 -0.00727629 -0.00778297 -0.0080811 -0.00727629 -0.00585256 -0.0080811 -0.00672344 -0.00778297 -0.0080811 -0.00837152 -0.00907588 -0.0080811 -0.00672344 -0.00907588 -0.00784309 -0.00585256 -0.00286117 -0.00672344 -0.00343963 -0.00286117 0.00117564 -0.00343963 0.00116838 -0.00672344 -0.00343963 -0.00784309 -0.00419862 -0.00343963 0.00116838 -0.00419862 0.00116076 0.00119881 0.00395897 0.00119811 0.00398832 0.00395897 0.00622286 0.00398832 0.00627023 0.00119811 0.00398832 0.00119602 0.00407804 0.00398832 0.00627023 0.00407804 0.00641456 0.00622286 0.00766861 0.00627023 0.00771694 0.00766861 0.0082247 0.00771694 0.0082605 0.00627023 0.00771694 0.00641456 0.00786351 0.00771694 0.0082605 0.00786351 0.00836825 0.00119602 0.00407804 0.0011926 0.00423318 0.00407804 0.00641456 0.00423318 0.00666266 0.0011926 0.00423318 0.00118796 0.00446273 0.00423318 0.00666266 0.00446273 0.00702648 0.00641456 0.00786351 0.00666266 0.00811305 0.00786351 0.00836825 0.00811305 0.00854892 0.00666266 0.00811305 0.00702648 0.00847367 0.00811305 0.00854892 0.00847367 0.00880394 0.0082247 0.00803231 0.0082605 0.0080502 0.00803231 0.00733861 0.0080502 0.00734055 0.0082605 0.0080502 0.00836825 0.00810325 0.0080502 0.00734055 0.00810325 0.0073454 0.00733861 0.00639088 0.00734055 0.00638252 0.00639088 0.00537422 0.00638252 0.00536146 0.00734055 0.00638252 0.0073454 0.00635657 0.00638252 0.00536146 0.00635657 0.00532259 0.00836825 0.00810325 0.00854892 0.00818949 0.00810325 0.0073454 0.00818949 0.00735009 0.00854892 0.00818949 0.00880394 0.00830525 0.00818949 0.00735009 0.00830525 0.00734931 0.0073454 0.00635657 0.00735009 0.00631037 0.00635657 0.00532259 0.00631037 0.00525591 0.00735009 0.00631037 0.00734931 0.00623948 0.00631037 0.00525591 0.00623948 0.00515864 0.00118796 0.00446273 0.00118224 0.0047805 0.00446273 0.00702648 0.0047805 0.00752406 0.00118224 0.0047805 0.00117564 0.00520648 0.0047805 0.00752406 0.00520648 0.00818102 0.00702648 0.00847367 0.00752406 0.00895716 0.00847367 0.00880394 0.00895716 0.0091348 0.00752406 0.00895716 0.00818102 0.00957937 0.00895716 0.0091348 0.00957937 0.00954245 0.00117564 0.00520648 0.00116838 0.00576925 0.00520648 0.00818102 0.00576925 0.00903298 0.00116838 0.00576925 0.00116076 0.00651152 0.00576925 0.00903298 0.00651152 0.010132 0.00818102 0.00957937 0.00903298 0.0103609 0.00957937 0.00954245 0.0103609 0.0100263 0.00903298 0.0103609 0.010132 0.0113296 0.0103609 0.0100263 0.0113296 0.0105832 0.00880394 0.00830525 0.0091348 0.0084447 0.00830525 0.00734931 0.0084447 0.00733518 0.0091348 0.0084447 0.00954245 0.0085989 0.0084447 0.00733518 0.0085989 0.0072967 0.00734931 0.00623948 0.00733518 0.0061376 0.00623948 0.00515864 0.0061376 0.00502707 0.00733518 0.0061376 0.0072967 0.00599655 0.0061376 0.00502707 0.00599655 0.00485676 0.00954245 0.0085989 0.0100263 0.0087546 0.0085989 0.0072967 0.0087546 0.00721917 0.0100263 0.0087546 0.0105832 0.00889187 0.0087546 0.00721917 0.00889187 0.00708261 0.0072967 0.00599655 0.00721917 0.00580625 0.00599655 0.00485676 0.00580625 0.00464284 0.00721917 0.00580625 0.00708261 0.00555434 0.00580625 0.00464284 0.00555434 0.00438021 0.00537422 0.00439627 0.00536146 0.00438352 0.00439627 0.00350047 0.00438352 0.00349042 0.00536146 0.00438352 0.00532259 0.00434494 0.00438352 0.00349042 0.00434494 0.00346008 0.00350047 0.00268908 0.00349042 0.00268314 0.00268908 0.00194605 0.00268314 0.00194469 0.00349042 0.00268314 0.00346008 0.00266511 0.00268314 0.00194469 0.00266511 0.00194039 0.00532259 0.00434494 0.00525591 0.0042796 0.00434494 0.00346008 0.0042796 0.00340885 0.00525591 0.0042796 0.00515864 0.00418604 0.0042796 0.00340885 0.00418604 0.00333586 0.00346008 0.00266511 0.00340885 0.00263441 0.00266511 0.00194039 0.00263441 0.00193254 0.00340885 0.00263441 0.00333586 0.00259014 0.00263441 0.00193254 0.00259014 0.00191999 0.00194605 0.00125911 0.00194469 0.00126175 0.00125911 0.000645815 0.00126175 0.000650054 0.00194469 0.00126175 0.00194039 0.00126961 0.00126175 0.000650054 0.00126961 0.000663166 0.000645815 0.000182423 0.000650054 0.000184525 0.000182423 0 0.000184525 0 0.000650054 0.000184525 0.000663166 0.000191266 0.000184525 0 0.000191266 0 0.00194039 0.00126961 0.00193254 0.00128247 0.00126961 0.000663166 0.00128247 0.000686268 0.00193254 0.00128247 0.00191999 0.00129966 0.00128247 0.000686268 0.00129966 0.000720919 0.000663166 0.000191266 0.000686268 0.000204124 0.000191266 0 0.000204124 0 0.000686268 0.000204124 0.000720919 0.000226261 0.000204124 0 0.000226261 0 0.00515864 0.00418604 0.00502707 0.00406245 0.00418604 0.00333586 0.00406245 0.00324007 0.00502707 0.00406245 0.00485676 0.00390692 0.00406245 0.00324007 0.00390692 0.00312044 0.00333586 0.00259014 0.00324007 0.00253107 0.00259014 0.00191999 0.00253107 0.00190102 0.00324007 0.00253107 0.00312044 0.00245584 0.00253107 0.00190102 0.00245584 0.00187328 0.00485676 0.00390692 0.00464284 0.00371779 0.00390692 0.00312044 0.00371779 0.00297628 0.00464284 0.00371779 0.00438021 0.00349392 0.00371779 0.00297628 0.00349392 0.00280742 0.00312044 0.00245584 0.00297628 0.00236308 0.00245584 0.00187328 0.00236308 0.0018338 0.00297628 0.00236308 0.00280742 0.00225165 0.00236308 0.0018338 0.00225165 0.00177922 0.00191999 0.00129966 0.00190102 0.00131959 0.00129966 0.000720919 0.00131959 0.000768314 0.00190102 0.00131959 0.00187328 0.00133928 0.00131959 0.000768314 0.00133928 0.000827682 0.000720919 0.000226261 0.000768314 0.000263862 0.000226261 0 0.000263862 0 0.000768314 0.000263862 0.000827682 0.00032784 0.000263862 0 0.00032784 0 0.00187328 0.00133928 0.0018338 0.00135393 0.00133928 0.000827682 0.00135393 0.000894594 0.0018338 0.00135393 0.00177922 0.0013569 0.00135393 0.000894594 0.0013569 0.000958052 0.000827682 0.00032784 0.000894594 0.000430194 0.00032784 0 0.000430194 0 0.000894594 0.000430194 0.000958052 0.000550373 0.000430194 0 0.000550373 0 0 0.000244824 0 5.89334e-06 0.000244824 9.34681e-05 5.89334e-06 -4.17346e-05 0 5.89334e-06 0 -0.000121462 5.89334e-06 -4.17346e-05 -0.000121462 -0.000146692 9.34681e-05 -0.000108562 -4.17346e-05 -0.000182056 -0.000108562 -0.000344014 -0.000182056 -0.000386775 -4.17346e-05 -0.000182056 -0.000146692 -0.000240738 -0.000182056 -0.000386775 -0.000240738 -0.000408179 0 -0.000121462 0 -0.000180217 -0.000121462 -0.000146692 -0.000180217 -0.000216423 0 -0.000180217 0 -0.000202998 -0.000180217 -0.000216423 -0.000202998 -0.000247906 -0.000146692 -0.000240738 -0.000216423 -0.000275361 -0.000240738 -0.000408179 -0.000275361 -0.000404222 -0.000216423 -0.000275361 -0.000247906 -0.000280997 -0.000275361 -0.000404222 -0.000280997 -0.000372884 -0.000344014 -0.000645551 -0.000386775 -0.000670033 -0.000645551 -0.00105441 -0.000670033 -0.00106114 -0.000386775 -0.000670033 -0.000408179 -0.000660399 -0.000670033 -0.00106114 -0.000660399 -0.00101669 -0.00105441 -0.00162031 -0.00106114 -0.00159888 -0.00162031 -0.00240988 -0.00159888 -0.00233254 -0.00106114 -0.00159888 -0.00101669 -0.00150332 -0.00159888 -0.00233254 -0.00150332 -0.00215195 -0.000408179 -0.000660399 -0.000404222 -0.000617213 -0.000660399 -0.00101669 -0.000617213 -0.000926083 -0.000404222 -0.000617213 -0.000372884 -0.000542228 -0.000617213 -0.000926083 -0.000542228 -0.000795261 -0.00101669 -0.00150332 -0.000926083 -0.00134543 -0.00150332 -0.00215195 -0.00134543 -0.00189158 -0.000926083 -0.00134543 -0.000795261 -0.00113701 -0.00134543 -0.00189158 -0.00113701 -0.00157204 0 -0.000202998 0 -0.000201617 -0.000202998 -0.000247906 -0.000201617 -0.000242931 0 -0.000201617 0 -0.000176697 -0.000201617 -0.000242931 -0.000176697 -0.000201754 -0.000247906 -0.000280997 -0.000242931 -0.000255527 -0.000280997 -0.000372884 -0.000255527 -0.000314034 -0.000242931 -0.000255527 -0.000201754 -0.00019888 -0.000255527 -0.000314034 -0.00019888 -0.000229446 0 -0.000176697 0 -0.000117795 -0.000176697 -0.000201754 -0.000117795 -0.00012227 0 -0.000117795 0 0 -0.000117795 -0.00012227 0 0 -0.000201754 -0.00019888 -0.00012227 -0.00011256 -0.00019888 -0.000229446 -0.00011256 -0.000122813 -0.00012227 -0.00011256 0 0 -0.00011256 -0.000122813 0 0 -0.000372884 -0.000542228 -0.000314034 -0.000438367 -0.000542228 -0.000795261 -0.000438367 -0.000630642 -0.000314034 -0.000438367 -0.000229446 -0.000309697 -0.000438367 -0.000630642 -0.000309697 -0.000438833 -0.000795261 -0.00113701 -0.000630642 -0.000889172 -0.00113701 -0.00157204 -0.000889172 -0.00121073 -0.000630642 -0.000889172 -0.000438833 -0.000611761 -0.000889172 -0.00121073 -0.000611761 -0.000821701 -0.000229446 -0.000309697 -0.000122813 -0.000161434 -0.000309697 -0.000438833 -0.000161434 -0.000226445 -0.000122813 -0.000161434 0 0 -0.000161434 -0.000226445 0 0 -0.000438833 -0.000611761 -0.000226445 -0.00031314 -0.000611761 -0.000821701 -0.00031314 -0.000415681 -0.000226445 -0.00031314 0 0 -0.00031314 -0.000415681 0 0 -0.00240988 -0.00350658 -0.00233254 -0.00331399 -0.00350658 -0.00497167 -0.00331399 -0.00455903 -0.00233254 -0.00331399 -0.00215195 -0.00299003 -0.00331399 -0.00455903 -0.00299003 -0.00400958 -0.00497167 -0.0067274 -0.00455903 -0.00595712 -0.0067274 -0.00837152 -0.00595712 -0.00715092 -0.00455903 -0.00595712 -0.00400958 -0.00510183 -0.00595712 -0.00715092 -0.00510183 -0.00597482 -0.00215195 -0.00299003 -0.00189158 -0.00257487 -0.00299003 -0.00400958 -0.00257487 -0.0033777 -0.00189158 -0.00257487 -0.00157204 -0.0020997 -0.00257487 -0.0033777 -0.0020997 -0.00270102 -0.00400958 -0.00510183 -0.0033777 -0.0042091 -0.00510183 -0.00597482 -0.0042091 -0.00484469 -0.0033777 -0.0042091 -0.00270102 -0.0033085 -0.0042091 -0.00484469 -0.0033085 -0.00376032 -0.00837152 -0.00907588 -0.00715092 -0.0075006 -0.00907588 -0.00784309 -0.0075006 -0.00630023 -0.00715092 -0.0075006 -0.00597482 -0.00613667 -0.0075006 -0.00630023 -0.00613667 -0.00506277 -0.00784309 -0.00419862 -0.00630023 -0.00326288 -0.00419862 0.00116076 -0.00326288 0.00105233 -0.00630023 -0.00326288 -0.00506277 -0.00255727 -0.00326288 0.00105233 -0.00255727 0.000933869 -0.00597482 -0.00613667 -0.00484469 -0.0049107 -0.00613667 -0.00506277 -0.0049107 -0.00400693 -0.00484469 -0.0049107 -0.00376032 -0.00378052 -0.0049107 -0.00400693 -0.00378052 -0.00306469 -0.00506277 -0.00255727 -0.00400693 -0.00198521 -0.00255727 0.000933869 -0.00198521 0.000805056 -0.00400693 -0.00198521 -0.00306469 -0.00149453 -0.00198521 0.000805056 -0.00149453 0.000665674 -0.00157204 -0.0020997 -0.00121073 -0.00158868 -0.0020997 -0.00270102 -0.00158868 -0.00200683 -0.00121073 -0.00158868 -0.000821701 -0.00106015 -0.00158868 -0.00200683 -0.00106015 -0.00131543 -0.00270102 -0.0033085 -0.00200683 -0.00242094 -0.0033085 -0.00376032 -0.00242094 -0.00272414 -0.00200683 -0.00242094 -0.00131543 -0.00156324 -0.00242094 -0.00272414 -0.00156324 -0.00174297 -0.000821701 -0.00106015 -0.000415681 -0.000527568 -0.00106015 -0.00131543 -0.000527568 -0.000642401 -0.000415681 -0.000527568 0 0 -0.000527568 -0.000642401 0 0 -0.00131543 -0.00156324 -0.000642401 -0.000750904 -0.00156324 -0.00174297 -0.000750904 -0.000828876 -0.000642401 -0.000750904 0 0 -0.000750904 -0.000828876 0 0 -0.00376032 -0.00378052 -0.00272414 -0.00272456 -0.00378052 -0.00306469 -0.00272456 -0.00220023 -0.00272414 -0.00272456 -0.00174297 -0.00173674 -0.00272456 -0.00220023 -0.00173674 -0.00139923 -0.00306469 -0.00149453 -0.00220023 -0.0010577 -0.00149453 0.000665674 -0.0010577 0.000515574 -0.00220023 -0.0010577 -0.00139923 -0.00066294 -0.0010577 0.000515574 -0.00066294 0.000354648 -0.00174297 -0.00173674 -0.000828876 -0.000823142 -0.00173674 -0.00139923 -0.000823142 -0.000662198 -0.000828876 -0.000823142 0 0 -0.000823142 -0.000662198 0 0 -0.00139923 -0.00066294 -0.000662198 -0.000308736 -0.00066294 0.000354648 -0.000308736 0.000182813 -0.000662198 -0.000308736 0 0 -0.000308736 0.000182813 0 0 0.00116076 0.00651152 0.00105233 0.00536046 0.00651152 0.010132 0.00536046 0.00837786 0.00105233 0.00536046 0.000933869 0.00441921 0.00536046 0.00837786 0.00441921 0.00690815 0.010132 0.0113296 0.00837786 0.00954833 0.0113296 0.0105832 0.00954833 0.00916156 0.00837786 0.00954833 0.00690815 0.00795675 0.00954833 0.00916156 0.00795675 0.00776271 0.000933869 0.00441921 0.000805056 0.00359063 0.00441921 0.00690815 0.00359063 0.00559884 0.000805056 0.00359063 0.000665674 0.00282221 0.00359063 0.00559884 0.00282221 0.00438174 0.00690815 0.00795675 0.00559884 0.00648164 0.00795675 0.00776271 0.00648164 0.0063884 0.00559884 0.00648164 0.00438174 0.00508081 0.00648164 0.0063884 0.00508081 0.0050385 0.0105832 0.00889187 0.00916156 0.00792461 0.00889187 0.00708261 0.00792461 0.00647634 0.00916156 0.00792461 0.00776271 0.0068513 0.00792461 0.00647634 0.0068513 0.00571356 0.00708261 0.00555434 0.00647634 0.00517142 0.00555434 0.00438021 0.00517142 0.00411645 0.00647634 0.00517142 0.00571356 0.00463918 0.00517142 0.00411645 0.00463918 0.00373351 0.00776271 0.0068513 0.0063884 0.00571971 0.0068513 0.00571356 0.00571971 0.00484859 0.0063884 0.00571971 0.0050385 0.00455943 0.00571971 0.00484859 0.00455943 0.00391892 0.00571356 0.00463918 0.00484859 0.0039975 0.00463918 0.00373351 0.0039975 0.00325438 0.00484859 0.0039975 0.00391892 0.0032772 0.0039975 0.00325438 0.0032772 0.00269916 0.000665674 0.00282221 0.000515574 0.00208616 0.00282221 0.00438174 0.00208616 0.00322084 0.000515574 0.00208616 0.000354648 0.0013705 0.00208616 0.00322084 0.0013705 0.00210165 0.00438174 0.00508081 0.00322084 0.00373261 0.00508081 0.0050385 0.00373261 0.00371538 0.00322084 0.00373261 0.00210165 0.00243081 0.00373261 0.00371538 0.00243081 0.0024257 0.000354648 0.0013705 0.000182813 0.000673526 0.0013705 0.00210165 0.000673526 0.00102448 0.000182813 0.000673526 0 0 0.000673526 0.00102448 0 0 0.00210165 0.00243081 0.00102448 0.00118127 0.00243081 0.0024257 0.00118127 0.00118128 0.00102448 0.00118127 0 0 0.00118127 0.00118128 0 0 0.0050385 0.00455943 0.00371538 0.00339123 0.00455943 0.00391892 0.00339123 0.00295155 0.00371538 0.00339123 0.0024257 0.00223171 0.00339123 0.00295155 0.00223171 0.0019664 0.00391892 0.0032772 0.00295155 0.00250196 0.0032772 0.00269916 0.00250196 0.00208458 0.00295155 0.00250196 0.0019664 0.00168956 0.00250196 0.00208458 0.00168956 0.00142394 0.0024257 0.00223171 0.00118128 0.00109606 0.00223171 0.0019664 0.00109606 0.000978635 0.00118128 0.00109606 0 0 0.00109606 0.000978635 0 0 0.0019664 0.00168956 0.000978635 0.000852795 0.00168956 0.00142394 0.000852795 0.000727005 0.000978635 0.000852795 0 0 0.000852795 0.000727005 0 0 0.00438021 0.00349392 0.00411645 0.00329102 0.00349392 0.00280742 0.00329102 0.00263849 0.00411645 0.00329102 0.00373351 0.00300012 0.00329102 0.00263849 0.00300012 0.00240626 0.00280742 0.00225165 0.00263849 0.00210542 0.00225165 0.00177922 0.00210542 0.00165017 0.00263849 0.00210542 0.00240626 0.00191409 0.00210542 0.00165017 0.00191409 0.00148998 0.00373351 0.00300012 0.00325438 0.00263259 0.00300012 0.00240626 0.00263259 0.00211603 0.00325438 0.00263259 0.00269916 0.00219981 0.00263259 0.00211603 0.00219981 0.00177384 0.00240626 0.00191409 0.00211603 0.00168044 0.00191409 0.00148998 0.00168044 0.00130086 0.00211603 0.00168044 0.00177384 0.00140789 0.00168044 0.00130086 0.00140789 0.00108508 0.00177922 0.0013569 0.00165017 0.00124003 0.0013569 0.000958052 0.00124003 0.000844596 0.00165017 0.00124003 0.00148998 0.00110471 0.00124003 0.000844596 0.00110471 0.000730501 0.000958052 0.000550373 0.000844596 0.000425221 0.000550373 0 0.000425221 0 0.000844596 0.000425221 0.000730501 0.000338825 0.000425221 0 0.000338825 0 0.00148998 0.00110471 0.00130086 0.000953447 0.00110471 0.000730501 0.000953447 0.000615904 0.00130086 0.000953447 0.00108508 0.000787785 0.000953447 0.000615904 0.000787785 0.000501108 0.000730501 0.000338825 0.000615904 0.00027699 0.000338825 0 0.00027699 0 0.000615904 0.00027699 0.000501108 0.000224788 0.00027699 0 0.000224788 0 0.00269916 0.00219981 0.00208458 0.00171219 0.00219981 0.00177384 0.00171219 0.00138584 0.00208458 0.00171219 0.00142394 0.00117864 0.00171219 0.00138584 0.00117864 0.000957712 0.00177384 0.00140789 0.00138584 0.0011001 0.00140789 0.00108508 0.0011001 0.000844959 0.00138584 0.0011001 0.000957712 0.000760682 0.0011001 0.000844959 0.000760682 0.000582697 0.00142394 0.00117864 0.000727005 0.000606234 0.00117864 0.000957712 0.000606234 0.00049441 0.000727005 0.000606234 0 0 0.000606234 0.00049441 0 0 0.000957712 0.000760682 0.00049441 0.000392979 0.000760682 0.000582697 0.000392979 0.000300396 0.00049441 0.000392979 0 0 0.000392979 0.000300396 0 0 0.00108508 0.000787785 0.000844959 0.000608745 0.000787785 0.000501108 0.000608745 0.000383689 0.000844959 0.000608745 0.000582697 0.000417107 0.000608745 0.000383689 0.000417107 0.000261346 0.000501108 0.000224788 0.000383689 0.000175038 0.000224788 0 0.000175038 0 0.000383689 0.000175038 0.000261346 0.000123529 0.000175038 0 0.000123529 0 0.000582697 0.000417107 0.000300396 0.000213778 0.000417107 0.000261346 0.000213778 0.000133181 0.000300396 0.000213778 0 0 0.000213778 0.000133181 0 0 0.000261346 0.000123529 0.000133181 6.63949e-05 0.000123529 0 6.63949e-05 0 0.000133181 6.63949e-05 0 0 6.63949e-05 0 0 0 
SCALARS y_dis double 1
LOOKUP_TABLE default
0 0 0 -0.000122144 0 0 -0.000122144 -0.000162143 0 -0.000122144 0 -0.000233068 -0.000122144 -0.000162143 -0.000233068 -0.000325802 0 0 -0.000162143 -0.000176913 0 0 -0.000176913 -0.000178834 -0.000162143 -0.000176913 -0.000325802 -0.000352785 -0.000176913 -0.000178834 -0.000352785 -0.000348588 0 -0.000233068 0 -0.000334481 -0.000233068 -0.000325802 -0.000334481 -0.000488298 0 -0.000334481 0 -0.000437066 -0.000334481 -0.000488298 -0.000437066 -0.000649948 -0.000325802 -0.000352785 -0.000488298 -0.000524078 -0.000352785 -0.000348588 -0.000524078 -0.000507452 -0.000488298 -0.000524078 -0.000649948 -0.000688518 -0.000524078 -0.000507452 -0.000688518 -0.000654126 0 0 -0.000178834 -0.000177125 0 0 -0.000177125 -0.000176309 -0.000178834 -0.000177125 -0.000348588 -0.000336585 -0.000177125 -0.000176309 -0.000336585 -0.000327079 0 0 -0.000176309 -0.000177666 0 0 -0.000177666 -0.000179583 -0.000176309 -0.000177666 -0.000327079 -0.000322789 -0.000177666 -0.000179583 -0.000322789 -0.000320061 -0.000348588 -0.000336585 -0.000507452 -0.000478236 -0.000336585 -0.000327079 -0.000478236 -0.000452735 -0.000507452 -0.000478236 -0.000654126 -0.000602185 -0.000478236 -0.000452735 -0.000602185 -0.00055395 -0.000327079 -0.000322789 -0.000452735 -0.000434947 -0.000322789 -0.000320061 -0.000434947 -0.000418732 -0.000452735 -0.000434947 -0.00055395 -0.000514098 -0.000434947 -0.000418732 -0.000514098 -0.000473533 0 -0.000437066 0 -0.000552032 -0.000437066 -0.000649948 -0.000552032 -0.000812206 0 -0.000552032 0 -0.000692437 -0.000552032 -0.000812206 -0.000692437 -0.000974007 -0.000649948 -0.000688518 -0.000812206 -0.000844431 -0.000688518 -0.000654126 -0.000844431 -0.000787979 -0.000812206 -0.000844431 -0.000974007 -0.00099032 -0.000844431 -0.000787979 -0.00099032 -0.00090923 0 -0.000692437 0 -0.000869748 -0.000692437 -0.000974007 -0.000869748 -0.00112843 0 -0.000869748 0 -0.00103577 -0.000869748 -0.00112843 -0.00103577 -0.00126805 -0.000974007 -0.00099032 -0.00112843 -0.00112479 -0.00099032 -0.00090923 -0.00112479 -0.00101928 -0.00112843 -0.00112479 -0.00126805 -0.00124764 -0.00112479 -0.00101928 -0.00124764 -0.00112118 -0.000654126 -0.000602185 -0.000787979 -0.000709199 -0.000602185 -0.00055395 -0.000709199 -0.000632173 -0.000787979 -0.000709199 -0.00090923 -0.000801051 -0.000709199 -0.000632173 -0.000801051 -0.000690082 -0.00055395 -0.000514098 -0.000632173 -0.000561227 -0.000514098 -0.000473533 -0.000561227 -0.000483667 -0.000632173 -0.000561227 -0.000690082 -0.000578991 -0.000561227 -0.000483667 -0.000578991 -0.000450392 -0.00090923 -0.000801051 -0.00101928 -0.000880823 -0.000801051 -0.000690082 -0.000880823 -0.000731992 -0.00101928 -0.000880823 -0.00112118 -0.000953215 -0.000880823 -0.000731992 -0.000953215 -0.000764238 -0.000690082 -0.000578991 -0.000731992 -0.000572412 -0.000578991 -0.000450392 -0.000572412 -0.000378097 -0.000731992 -0.000572412 -0.000764238 -0.000549677 -0.000572412 -0.000378097 -0.000549677 -0.000275806 0 0 -0.000179583 -0.000176362 0 0 -0.000176362 -0.000157316 -0.000179583 -0.000176362 -0.000320061 -0.000305144 -0.000176362 -0.000157316 -0.000305144 -0.00024992 0 0 -0.000157316 -0.000109276 0 0 -0.000109276 -2.42423e-05 -0.000157316 -0.000109276 -0.00024992 -0.000115634 -0.000109276 -2.42423e-05 -0.000115634 0.000127805 -0.000320061 -0.000305144 -0.000418732 -0.000380599 -0.000305144 -0.00024992 -0.000380599 -0.000269968 -0.000418732 -0.000380599 -0.000473533 -0.000397971 -0.000380599 -0.000269968 -0.000397971 -0.000210849 -0.00024992 -0.000115634 -0.000269968 -1.21349e-05 -0.000115634 0.000127805 -1.21349e-05 0.000458742 -0.000269968 -1.21349e-05 -0.000210849 0.000207146 -1.21349e-05 0.000458742 0.000207146 0.00097103 0 0 -2.42423e-05 9.13816e-05 0 0 9.13816e-05 0.00021384 -2.42423e-05 9.13816e-05 0.000127805 0.000471959 9.13816e-05 0.00021384 0.000471959 0.000850875 0 0 0.00021384 0.000309516 0 0 0.000309516 0.000349095 0.00021384 0.000309516 0.000850875 0.00115486 0.000309516 0.000349095 0.00115486 0.00127861 0.000127805 0.000471959 0.000458742 0.00113892 0.000471959 0.000850875 0.00113892 0.00190504 0.000458742 0.00113892 0.00097103 0.00209053 0.00113892 0.00190504 0.00209053 0.00337231 0.000850875 0.00115486 0.00190504 0.0025296 0.00115486 0.00127861 0.0025296 0.0027825 0.00190504 0.0025296 0.00337231 0.00442973 0.0025296 0.0027825 0.00442973 0.00485721 -0.000473533 -0.000397971 -0.000483667 -0.000353691 -0.000397971 -0.000210849 -0.000353691 -6.64555e-05 -0.000483667 -0.000353691 -0.000450392 -0.000245927 -0.000353691 -6.64555e-05 -0.000245927 0.000169261 -0.000210849 0.000207146 -6.64555e-05 0.000548853 0.000207146 0.00097103 0.000548853 0.00166898 -6.64555e-05 0.000548853 0.000169261 0.00102239 0.000548853 0.00166898 0.00102239 0.00256196 -0.000450392 -0.000245927 -0.000378097 -7.57104e-05 -0.000245927 0.000169261 -7.57104e-05 0.000502223 -0.000378097 -7.57104e-05 -0.000275806 0.000151152 -7.57104e-05 0.000502223 0.000151152 0.000937669 0.000169261 0.00102239 0.000502223 0.00164248 0.00102239 0.00256196 0.00164248 0.00366983 0.000502223 0.00164248 0.000937669 0.00243305 0.00164248 0.00366983 0.00243305 0.00503237 0.00097103 0.00209053 0.00166898 0.00332722 0.00209053 0.00337231 0.00332722 0.0052501 0.00166898 0.00332722 0.00256196 0.00485413 0.00332722 0.0052501 0.00485413 0.00753705 0.00337231 0.00442973 0.0052501 0.00685157 0.00442973 0.00485721 0.00685157 0.00749894 0.0052501 0.00685157 0.00753705 0.00978813 0.00685157 0.00749894 0.00978813 0.0106985 0.00256196 0.00485413 0.00366983 0.00668637 0.00485413 0.00753705 0.00668637 0.0102333 0.00366983 0.00668637 0.00503237 0.00885882 0.00668637 0.0102333 0.00885882 0.0133416 0.00753705 0.00978813 0.0102333 0.0132228 0.00978813 0.0106985 0.0132228 0.014432 0.0102333 0.0132228 0.0133416 0.0171175 0.0132228 0.014432 0.0171175 0.018643 0 0 0.000349095 0.000321018 0 0 0.000321018 0.000237038 0.000349095 0.000321018 0.00127861 0.00117845 0.000321018 0.000237038 0.00117845 0.000898395 0 0 0.000237038 0.000126481 0 0 0.000126481 2.28157e-05 0.000237038 0.000126481 0.000898395 0.000543766 0.000126481 2.28157e-05 0.000543766 0.000224016 0.00127861 0.00117845 0.0027825 0.00256592 0.00117845 0.000898395 0.00256592 0.00197807 0.0027825 0.00256592 0.00485721 0.00447945 0.00256592 0.00197807 0.00447945 0.00347209 0.000898395 0.000543766 0.00197807 0.00124909 0.000543766 0.000224016 0.00124909 0.000606196 0.00197807 0.00124909 0.00347209 0.00224073 0.00124909 0.000606196 0.00224073 0.00117177 0 0 2.28157e-05 -5.03348e-05 0 0 -5.03348e-05 -8.6594e-05 2.28157e-05 -5.03348e-05 0.000224016 4.89323e-06 -5.03348e-05 -8.6594e-05 4.89323e-06 -0.00010517 0 0 -8.6594e-05 -9.39067e-05 0 0 -9.39067e-05 -8.53535e-05 -8.6594e-05 -9.39067e-05 -0.00010517 -0.0001361 -9.39067e-05 -8.53535e-05 -0.0001361 -0.000126352 0.000224016 4.89323e-06 0.000606196 0.000172553 4.89323e-06 -0.00010517 0.000172553 -4.80259e-05 0.000606196 0.000172553 0.00117177 0.000458453 0.000172553 -4.80259e-05 0.000458453 9.1243e-05 -0.00010517 -0.0001361 -4.80259e-05 -0.000121055 -0.0001361 -0.000126352 -0.000121055 -0.000120649 -4.80259e-05 -0.000121055 9.1243e-05 -4.43352e-05 -0.000121055 -0.000120649 -4.43352e-05 -6.6679e-05 0.00485721 0.00447945 0.00749894 0.00691537 0.00447945 0.00347209 0.00691537 0.00537787 0.00749894 0.00691537 0.0106985 0.00986671 0.00691537 0.00537787 0.00986671 0.00769407 0.00347209 0.00224073 0.00537787 0.0035191 0.00224073 0.00117177 0.0035191 0.00192499 0.00537787 0.0035191 0.00769407 0.00508934 0.0035191 0.00192499 0.00508934 0.00287514 0.0106985 0.00986671 0.014432 0.0133169 0.00986671 0.00769407 0.0133169 0.0104209 0.014432 0.0133169 0.018643 0.017228 0.0133169 0.0104209 0.017228 0.0135612 0.00769407 0.00508934 0.0104209 0.00696655 0.00508934 0.00287514 0.00696655 0.00404196 0.0104209 0.00696655 0.0135612 0.00918571 0.00696655 0.00404196 0.00918571 0.00546516 0.00117177 0.000458453 0.00192499 0.00086908 0.000458453 9.1243e-05 0.00086908 0.000318479 0.00192499 0.00086908 0.00287514 0.00141364 0.00086908 0.000318479 0.00141364 0.000639403 9.1243e-05 -4.43352e-05 0.000318479 9.72269e-05 -4.43352e-05 -6.6679e-05 9.72269e-05 3.57622e-05 0.000318479 9.72269e-05 0.000639403 0.000304996 9.72269e-05 3.57622e-05 0.000304996 0.000184772 0.00287514 0.00141364 0.00404196 0.00210662 0.00141364 0.000639403 0.00210662 0.00105954 0.00404196 0.00210662 0.00546516 0.00297164 0.00210662 0.00105954 0.00297164 0.00158366 0.000639403 0.000304996 0.00105954 0.000577399 0.000304996 0.000184772 0.000577399 0.000375277 0.00105954 0.000577399 0.00158366 0.000907993 0.000577399 0.000375277 0.000907993 0.000597521 0 0 -8.53535e-05 -7.15048e-05 0 0 -7.15048e-05 -5.79727e-05 -8.53535e-05 -7.15048e-05 -0.000126352 -0.000103574 -7.15048e-05 -5.79727e-05 -0.000103574 -8.09299e-05 0 0 -5.79727e-05 -4.66432e-05 0 0 -4.66432e-05 -3.78618e-05 -5.79727e-05 -4.66432e-05 -8.09299e-05 -6.20511e-05 -4.66432e-05 -3.78618e-05 -6.20511e-05 -4.71288e-05 -0.000126352 -0.000103574 -0.000120649 -9.64239e-05 -0.000103574 -8.09299e-05 -9.64239e-05 -7.0563e-05 -0.000120649 -9.64239e-05 -6.6679e-05 -5.0854e-05 -9.64239e-05 -7.0563e-05 -5.0854e-05 -2.90687e-05 -8.09299e-05 -6.20511e-05 -7.0563e-05 -4.85908e-05 -6.20511e-05 -4.71288e-05 -4.85908e-05 -3.04401e-05 -7.0563e-05 -4.85908e-05 -2.90687e-05 -9.09843e-06 -4.85908e-05 -3.04401e-05 -9.09843e-06 9.16774e-06 0 0 -3.78618e-05 -3.21991e-05 0 0 -3.21991e-05 -3.12337e-05 -3.78618e-05 -3.21991e-05 -4.71288e-05 -3.73682e-05 -3.21991e-05 -3.12337e-05 -3.73682e-05 -3.73964e-05 0 0 -3.12337e-05 -3.39893e-05 0 0 -3.39893e-05 0 -3.12337e-05 -3.39893e-05 -3.73964e-05 -4.77887e-05 -3.39893e-05 0 -4.77887e-05 0 -4.71288e-05 -3.73682e-05 -3.04401e-05 -1.7938e-05 -3.73682e-05 -3.73964e-05 -1.7938e-05 -1.92867e-05 -3.04401e-05 -1.7938e-05 9.16774e-06 2.33707e-05 -1.7938e-05 -1.92867e-05 2.33707e-05 2.20995e-05 -3.73964e-05 -4.77887e-05 -1.92867e-05 -3.90431e-05 -4.77887e-05 0 -3.90431e-05 0 -1.92867e-05 -3.90431e-05 2.20995e-05 -8.63095e-06 -3.90431e-05 0 -8.63095e-06 0 -6.6679e-05 -5.0854e-05 3.57622e-05 3.12254e-05 -5.0854e-05 -2.90687e-05 3.12254e-05 4.05536e-05 3.57622e-05 3.12254e-05 0.000184772 0.000146239 3.12254e-05 4.05536e-05 0.000146239 0.000134223 -2.90687e-05 -9.09843e-06 4.05536e-05 5.3022e-05 -9.09843e-06 9.16774e-06 5.3022e-05 6.82028e-05 4.05536e-05 5.3022e-05 0.000134223 0.000133719 5.3022e-05 6.82028e-05 0.000133719 0.000142703 0.000184772 0.000146239 0.000375277 0.000288316 0.000146239 0.000134223 0.000288316 0.000246514 0.000375277 0.000288316 0.000597521 0.000448505 0.000288316 0.000246514 0.000448505 0.000370361 0.000134223 0.000133719 0.000246514 0.000228251 0.000133719 0.000142703 0.000228251 0.000228327 0.000246514 0.000228251 0.000370361 0.000331134 0.000228251 0.000228327 0.000331134 0.000320435 9.16774e-06 2.33707e-05 6.82028e-05 8.32031e-05 2.33707e-05 2.20995e-05 8.32031e-05 8.45496e-05 6.82028e-05 8.32031e-05 0.000142703 0.00015751 8.32031e-05 8.45496e-05 0.00015751 0.000163901 2.20995e-05 -8.63095e-06 8.45496e-05 4.38994e-05 -8.63095e-06 0 4.38994e-05 0 8.45496e-05 4.38994e-05 0.000163901 0.000120977 4.38994e-05 0 0.000120977 0 0.000142703 0.00015751 0.000228327 0.000241624 0.00015751 0.000163901 0.000241624 0.00025337 0.000228327 0.000241624 0.000320435 0.000330752 0.000241624 0.00025337 0.000330752 0.000346815 0.000163901 0.000120977 0.00025337 0.000224701 0.000120977 0 0.000224701 0 0.00025337 0.000224701 0.000346815 0.000329295 0.000224701 0 0.000329295 0 0 -0.00103577 0 -0.000674372 -0.00103577 -0.00126805 -0.000674372 -0.000985071 0 -0.000674372 0 -0.000398009 -0.000674372 -0.000985071 -0.000398009 -0.000732962 -0.00126805 -0.00124764 -0.000985071 -0.00102516 -0.00124764 -0.00112118 -0.00102516 -0.000928529 -0.000985071 -0.00102516 -0.000732962 -0.000815681 -0.00102516 -0.000928529 -0.000815681 -0.000748512 0 -0.000398009 0 -0.000235001 -0.000398009 -0.000732962 -0.000235001 -0.000526982 0 -0.000235001 0 -0.000141596 -0.000235001 -0.000526982 -0.000141596 -0.000366035 -0.000732962 -0.000815681 -0.000526982 -0.000627396 -0.000815681 -0.000748512 -0.000627396 -0.000584838 -0.000526982 -0.000627396 -0.000366035 -0.000463713 -0.000627396 -0.000584838 -0.000463713 -0.000439276 -0.00112118 -0.000953215 -0.000928529 -0.000765345 -0.000953215 -0.000764238 -0.000765345 -0.000561931 -0.000928529 -0.000765345 -0.000748512 -0.000599497 -0.000765345 -0.000561931 -0.000599497 -0.00039758 -0.000764238 -0.000549677 -0.000561931 -0.000314586 -0.000549677 -0.000275806 -0.000314586 1.36958e-05 -0.000561931 -0.000314586 -0.00039758 -0.000140297 -0.000314586 1.36958e-05 -0.000140297 0.000208822 -0.000748512 -0.000599497 -0.000584838 -0.00045595 -0.000599497 -0.00039758 -0.00045595 -0.000268722 -0.000584838 -0.00045595 -0.000439276 -0.000334 -0.00045595 -0.000268722 -0.000334 -0.000172095 -0.00039758 -0.000140297 -0.000268722 -2.186e-05 -0.000140297 0.000208822 -2.186e-05 0.000317696 -0.000268722 -2.186e-05 -0.000172095 4.68787e-05 -2.186e-05 0.000317696 4.68787e-05 0.000350723 0 -0.000141596 0 -8.53723e-05 -0.000141596 -0.000366035 -8.53723e-05 -0.000242812 0 -8.53723e-05 0 -4.8734e-05 -8.53723e-05 -0.000242812 -4.8734e-05 -0.000147269 -0.000366035 -0.000463713 -0.000242812 -0.000323886 -0.000463713 -0.000439276 -0.000323886 -0.000311302 -0.000242812 -0.000323886 -0.000147269 -0.000204046 -0.000323886 -0.000311302 -0.000204046 -0.000198362 0 -4.8734e-05 0 -2.21971e-05 -4.8734e-05 -0.000147269 -2.21971e-05 -6.93796e-05 0 -2.21971e-05 0 1.14927e-19 -2.21971e-05 -6.93796e-05 1.14927e-19 3.8545e-19 -0.000147269 -0.000204046 -6.93796e-05 -9.83722e-05 -0.000204046 -0.000198362 -9.83722e-05 -9.63242e-05 -6.93796e-05 -9.83722e-05 3.8545e-19 7.52435e-19 -9.83722e-05 -9.63242e-05 7.52435e-19 1.10751e-18 -0.000439276 -0.000334 -0.000311302 -0.000231481 -0.000334 -0.000172095 -0.000231481 -0.000103129 -0.000311302 -0.000231481 -0.000198362 -0.000144867 -0.000231481 -0.000103129 -0.000144867 -5.60584e-05 -0.000172095 4.68787e-05 -0.000103129 7.37229e-05 4.68787e-05 0.000350723 7.37229e-05 0.000320526 -0.000103129 7.37229e-05 -5.60584e-05 6.78787e-05 7.37229e-05 0.000320526 6.78787e-05 0.000241462 -0.000198362 -0.000144867 -9.63242e-05 -6.95162e-05 -0.000144867 -5.60584e-05 -6.95162e-05 -2.41513e-05 -9.63242e-05 -6.95162e-05 1.10751e-18 1.44317e-18 -6.95162e-05 -2.41513e-05 1.44317e-18 1.83213e-18 -5.60584e-05 6.78787e-05 -2.41513e-05 3.96321e-05 6.78787e-05 0.000241462 3.96321e-05 0.000129145 -2.41513e-05 3.96321e-05 1.83213e-18 2.12885e-18 3.96321e-05 0.000129145 2.12885e-18 2.15421e-18 -0.000275806 0.000151152 1.36958e-05 0.000515795 0.000151152 0.000937669 0.000515795 0.00137294 1.36958e-05 0.000515795 0.000208822 0.000735584 0.000515795 0.00137294 0.000735584 0.00159274 0.000937669 0.00243305 0.00137294 0.00285812 0.00243305 0.00503237 0.00285812 0.00523798 0.00137294 0.00285812 0.00159274 0.00298796 0.00285812 0.00523798 0.00298796 0.00509408 0.000208822 0.000735584 0.000317696 0.000824471 0.000735584 0.00159274 0.000824471 0.0016221 0.000317696 0.000824471 0.000350723 0.00080029 0.000824471 0.0016221 0.00080029 0.00149117 0.00159274 0.00298796 0.0016221 0.00286432 0.00298796 0.00509408 0.00286432 0.00465878 0.0016221 0.00286432 0.00149117 0.00253349 0.00286432 0.00465878 0.00253349 0.00399112 0.00503237 0.00885882 0.00523798 0.00852862 0.00885882 0.0133416 0.00852862 0.0122157 0.00523798 0.00852862 0.00509408 0.00786627 0.00852862 0.0122157 0.00786627 0.0108606 0.0133416 0.0171175 0.0122157 0.0152363 0.0171175 0.018643 0.0152363 0.016447 0.0122157 0.0152363 0.0108606 0.0132568 0.0152363 0.016447 0.0132568 0.0142115 0.00509408 0.00786627 0.00465878 0.00693309 0.00786627 0.0108606 0.00693309 0.00931941 0.00465878 0.00693309 0.00399112 0.00578649 0.00693309 0.00931941 0.00578649 0.00762862 0.0108606 0.0132568 0.00931941 0.0111935 0.0132568 0.0142115 0.0111935 0.0119372 0.00931941 0.0111935 0.00762862 0.00905437 0.0111935 0.0119372 0.00905437 0.00961865 0.000350723 0.00080029 0.000320526 0.000683296 0.00080029 0.00149117 0.000683296 0.00123139 0.000320526 0.000683296 0.000241462 0.000495428 0.000683296 0.00123139 0.000495428 0.000874775 0.00149117 0.00253349 0.00123139 0.00203986 0.00253349 0.00399112 0.00203986 0.00314437 0.00123139 0.00203986 0.000874775 0.00142593 0.00203986 0.00314437 0.00142593 0.00216712 0.000241462 0.000495428 0.000129145 0.000259748 0.000495428 0.000874775 0.000259748 0.000453545 0.000129145 0.000259748 2.15421e-18 1.82044e-18 0.000259748 0.000453545 1.82044e-18 1.38937e-18 0.000874775 0.00142593 0.000453545 0.000732665 0.00142593 0.00216712 0.000732665 0.00110462 0.000453545 0.000732665 1.38937e-18 1.13362e-18 0.000732665 0.00110462 1.13362e-18 1.18262e-18 0.00399112 0.00578649 0.00314437 0.00447666 0.00578649 0.00762862 0.00447666 0.00582119 0.00314437 0.00447666 0.00216712 0.00304849 0.00447666 0.00582119 0.00304849 0.00392786 0.00762862 0.00905437 0.00582119 0.00685056 0.00905437 0.00961865 0.00685056 0.00725732 0.00582119 0.00685056 0.00392786 0.00459608 0.00685056 0.00725732 0.00459608 0.00485989 0.00216712 0.00304849 0.00110462 0.00154325 0.00304849 0.00392786 0.00154325 0.00197797 0.00110462 0.00154325 1.18262e-18 1.76661e-18 0.00154325 0.00197797 1.76661e-18 2.03946e-18 0.00392786 0.00459608 0.00197797 0.00230686 0.00459608 0.00485989 0.00230686 0.00243665 0.00197797 0.00230686 2.03946e-18 2.073e-18 0.00230686 0.00243665 2.073e-18 1.66047e-18 0.018643 0.017228 0.016447 0.0153472 0.017228 0.0135612 0.0153472 0.0124366 0.016447 0.0153472 0.0142115 0.0133624 0.0153472 0.0124366 0.0133624 0.0110714 0.0135612 0.00918571 0.0124366 0.00885844 0.00918571 0.00546516 0.00885844 0.00567607 0.0124366 0.00885844 0.0110714 0.00818169 0.00885844 0.00567607 0.00818169 0.0055139 0.0142115 0.0133624 0.0119372 0.0112891 0.0133624 0.0110714 0.0112891 0.00951037 0.0119372 0.0112891 0.00961865 0.00913584 0.0112891 0.00951037 0.00913584 0.0077914 0.0110714 0.00818169 0.00951037 0.00721909 0.00818169 0.0055139 0.00721909 0.00503998 0.00951037 0.00721909 0.0077914 0.00603049 0.00721909 0.00503998 0.00603049 0.00431665 0.00546516 0.00297164 0.00567607 0.00340499 0.00297164 0.00158366 0.00340499 0.00203062 0.00567607 0.00340499 0.0055139 0.00351305 0.00340499 0.00203062 0.00351305 0.00222534 0.00158366 0.000907993 0.00203062 0.00128804 0.000907993 0.000597521 0.00128804 0.000906057 0.00203062 0.00128804 0.00222534 0.0014794 0.00128804 0.000906057 0.0014794 0.00106892 0.0055139 0.00351305 0.00503998 0.00334176 0.00351305 0.00222534 0.00334176 0.00219796 0.00503998 0.00334176 0.00431665 0.00294159 0.00334176 0.00219796 0.00294159 0.00198381 0.00222534 0.0014794 0.00219796 0.00150217 0.0014794 0.00106892 0.00150217 0.00110155 0.00219796 0.00150217 0.00198381 0.00138036 0.00150217 0.00110155 0.00138036 0.00102169 0.00961865 0.00913584 0.00725732 0.00691456 0.00913584 0.0077914 0.00691456 0.00594913 0.00725732 0.00691456 0.00485989 0.00464014 0.00691456 0.00594913 0.00464014 0.00401595 0.0077914 0.00603049 0.00594913 0.00466855 0.00603049 0.00431665 0.00466855 0.00340055 0.00594913 0.00466855 0.00401595 0.00318066 0.00466855 0.00340055 0.00318066 0.00234365 0.00485989 0.00464014 0.00243665 0.00232931 0.00464014 0.00401595 0.00232931 0.00202286 0.00243665 0.00232931 1.66047e-18 1.39373e-18 0.00232931 0.00202286 1.39373e-18 1.50061e-18 0.00401595 0.00318066 0.00202286 0.00161061 0.00318066 0.00234365 0.00161061 0.0011946 0.00202286 0.00161061 1.50061e-18 1.37628e-18 0.00161061 0.0011946 1.37628e-18 1.34731e-18 0.00431665 0.00294159 0.00340055 0.00236122 0.00294159 0.00198381 0.00236122 0.00161954 0.00340055 0.00236122 0.00234365 0.00164746 0.00236122 0.00161954 0.00164746 0.00114244 0.00198381 0.00138036 0.00161954 0.00114049 0.00138036 0.00102169 0.00114049 0.00084932 0.00161954 0.00114049 0.00114244 0.000810772 0.00114049 0.00084932 0.000810772 0.000606153 0.00234365 0.00164746 0.0011946 0.000845624 0.00164746 0.00114244 0.000845624 0.000590051 0.0011946 0.000845624 1.34731e-18 1.06653e-18 0.000845624 0.000590051 1.06653e-18 7.07169e-19 0.00114244 0.000810772 0.000590051 0.000420585 0.000810772 0.000606153 0.000420585 0.000315135 0.000590051 0.000420585 7.07169e-19 -5.48671e-21 0.000420585 0.000315135 -5.48671e-21 -9.90383e-19 0.000597521 0.000448505 0.000906057 0.000705146 0.000448505 0.000370361 0.000705146 0.000592985 0.000906057 0.000705146 0.00106892 0.000841847 0.000705146 0.000592985 0.000841847 0.000710691 0.000370361 0.000331134 0.000592985 0.000528705 0.000331134 0.000320435 0.000528705 0.000492338 0.000592985 0.000528705 0.000710691 0.000630728 0.000528705 0.000492338 0.000630728 0.00057571 0.00106892 0.000841847 0.00110155 0.000872348 0.000841847 0.000710691 0.000872348 0.000736781 0.00110155 0.000872348 0.00102169 0.000811522 0.000872348 0.000736781 0.000811522 0.000685 0.000710691 0.000630728 0.000736781 0.000650825 0.000630728 0.00057571 0.000650825 0.000585606 0.000736781 0.000650825 0.000685 0.000602547 0.000650825 0.000585606 0.000602547 0.000536212 0.000320435 0.000330752 0.000492338 0.000465529 0.000330752 0.000346815 0.000465529 0.000417759 0.000492338 0.000465529 0.00057571 0.000519505 0.000465529 0.000417759 0.000519505 0.00042225 0.000346815 0.000329295 0.000417759 0.000289845 0.000329295 0 0.000289845 0 0.000417759 0.000289845 0.00042225 0.000224214 0.000289845 0 0.000224214 0 0.00057571 0.000519505 0.000585606 0.000511379 0.000519505 0.00042225 0.000511379 0.000387113 0.000585606 0.000511379 0.000536212 0.000456851 0.000511379 0.000387113 0.000456851 0.000328304 0.00042225 0.000224214 0.000387113 0.00017291 0.000224214 0 0.00017291 0 0.000387113 0.00017291 0.000328304 0.000132628 0.00017291 0 0.000132628 0 0.00102169 0.000811522 0.00084932 0.000675782 0.000811522 0.000685 0.000675782 0.000569941 0.00084932 0.000675782 0.000606153 0.000482793 0.000675782 0.000569941 0.000482793 0.000406871 0.000685 0.000602547 0.000569941 0.000499605 0.000602547 0.000536212 0.000499605 0.000440879 0.000569941 0.000499605 0.000406871 0.000355745 0.000499605 0.000440879 0.000355745 0.000312061 0.000606153 0.000482793 0.000315135 0.000251137 0.000482793 0.000406871 0.000251137 0.000211538 0.000315135 0.000251137 -9.90383e-19 -1.86157e-18 0.000251137 0.000211538 -1.86157e-18 -2.50164e-18 0.000406871 0.000355745 0.000211538 0.000184666 0.000355745 0.000312061 0.000184666 0.000161412 0.000211538 0.000184666 -2.50164e-18 -2.65327e-18 0.000184666 0.000161412 -2.65327e-18 -2.32841e-18 0.000536212 0.000456851 0.000440879 0.000368834 0.000456851 0.000328304 0.000368834 0.000255527 0.000440879 0.000368834 0.000312061 0.000257789 0.000368834 0.000255527 0.000257789 0.000174365 0.000328304 0.000132628 0.000255527 9.75077e-05 0.000132628 0 9.75077e-05 0 0.000255527 9.75077e-05 0.000174365 6.44432e-05 9.75077e-05 0 6.44432e-05 0 0.000312061 0.000257789 0.000161412 0.000132354 0.000257789 0.000174365 0.000132354 8.83214e-05 0.000161412 0.000132354 -2.32841e-18 -1.65682e-18 0.000132354 8.83214e-05 -1.65682e-18 -9.11657e-19 0.000174365 6.44432e-05 8.83214e-05 3.21121e-05 6.44432e-05 0 3.21121e-05 0 8.83214e-05 3.21121e-05 -9.11657e-19 -2.8444e-19 3.21121e-05 0 -2.8444e-19 0 0 1.14927e-19 0 2.21971e-05 1.14927e-19 3.8545e-19 2.21971e-05 6.93796e-05 0 2.21971e-05 0 4.8734e-05 2.21971e-05 6.93796e-05 4.8734e-05 0.000147269 3.8545e-19 7.52435e-19 6.93796e-05 9.83722e-05 7.52435e-19 1.10751e-18 9.83722e-05 9.63242e-05 6.93796e-05 9.83722e-05 0.000147269 0.000204046 9.83722e-05 9.63242e-05 0.000204046 0.000198362 0 4.8734e-05 0 8.53723e-05 4.8734e-05 0.000147269 8.53723e-05 0.000242812 0 8.53723e-05 0 0.000141596 8.53723e-05 0.000242812 0.000141596 0.000366035 0.000147269 0.000204046 0.000242812 0.000323886 0.000204046 0.000198362 0.000323886 0.000311302 0.000242812 0.000323886 0.000366035 0.000463713 0.000323886 0.000311302 0.000463713 0.000439276 1.10751e-18 1.44317e-18 9.63242e-05 6.95162e-05 1.44317e-18 1.83213e-18 6.95162e-05 2.41513e-05 9.63242e-05 6.95162e-05 0.000198362 0.000144867 6.95162e-05 2.41513e-05 0.000144867 5.60584e-05 1.83213e-18 2.12885e-18 2.41513e-05 -3.96321e-05 2.12885e-18 2.15421e-18 -3.96321e-05 -0.000129145 2.41513e-05 -3.96321e-05 5.60584e-05 -6.78787e-05 -3.96321e-05 -0.000129145 -6.78787e-05 -0.000241462 0.000198362 0.000144867 0.000311302 0.000231481 0.000144867 5.60584e-05 0.000231481 0.000103129 0.000311302 0.000231481 0.000439276 0.000334 0.000231481 0.000103129 0.000334 0.000172095 5.60584e-05 -6.78787e-05 0.000103129 -7.37229e-05 -6.78787e-05 -0.000241462 -7.37229e-05 -0.000320526 0.000103129 -7.37229e-05 0.000172095 -4.68787e-05 -7.37229e-05 -0.000320526 -4.68787e-05 -0.000350723 0 0.000141596 0 0.000235001 0.000141596 0.000366035 0.000235001 0.000526982 0 0.000235001 0 0.000398009 0.000235001 0.000526982 0.000398009 0.000732962 0.000366035 0.000463713 0.000526982 0.000627396 0.000463713 0.000439276 0.000627396 0.000584838 0.000526982 0.000627396 0.000732962 0.000815681 0.000627396 0.000584838 0.000815681 0.000748512 0 0.000398009 0 0.000674372 0.000398009 0.000732962 0.000674372 0.000985071 0 0.000674372 0 0.00103577 0.000674372 0.000985071 0.00103577 0.00126805 0.000732962 0.000815681 0.000985071 0.00102516 0.000815681 0.000748512 0.00102516 0.000928529 0.000985071 0.00102516 0.00126805 0.00124764 0.00102516 0.000928529 0.00124764 0.00112118 0.000439276 0.000334 0.000584838 0.00045595 0.000334 0.000172095 0.00045595 0.000268722 0.000584838 0.00045595 0.000748512 0.000599497 0.00045595 0.000268722 0.000599497 0.00039758 0.000172095 -4.68787e-05 0.000268722 2.186e-05 -4.68787e-05 -0.000350723 2.186e-05 -0.000317696 0.000268722 2.186e-05 0.00039758 0.000140297 2.186e-05 -0.000317696 0.000140297 -0.000208822 0.000748512 0.000599497 0.000928529 0.000765345 0.000599497 0.00039758 0.000765345 0.000561931 0.000928529 0.000765345 0.00112118 0.000953215 0.000765345 0.000561931 0.000953215 0.000764238 0.00039758 0.000140297 0.000561931 0.000314586 0.000140297 -0.000208822 0.000314586 -1.36958e-05 0.000561931 0.000314586 0.000764238 0.000549677 0.000314586 -1.36958e-05 0.000549677 0.000275806 2.15421e-18 1.82044e-18 -0.000129145 -0.000259748 1.82044e-18 1.38937e-18 -0.000259748 -0.000453545 -0.000129145 -0.000259748 -0.000241462 -0.000495428 -0.000259748 -0.000453545 -0.000495428 -0.000874775 1.38937e-18 1.13362e-18 -0.000453545 -0.000732665 1.13362e-18 1.18262e-18 -0.000732665 -0.00110462 -0.000453545 -0.000732665 -0.000874775 -0.00142593 -0.000732665 -0.00110462 -0.00142593 -0.00216712 -0.000241462 -0.000495428 -0.000320526 -0.000683296 -0.000495428 -0.000874775 -0.000683296 -0.00123139 -0.000320526 -0.000683296 -0.000350723 -0.00080029 -0.000683296 -0.00123139 -0.00080029 -0.00149117 -0.000874775 -0.00142593 -0.00123139 -0.00203986 -0.00142593 -0.00216712 -0.00203986 -0.00314437 -0.00123139 -0.00203986 -0.00149117 -0.00253349 -0.00203986 -0.00314437 -0.00253349 -0.00399112 1.18262e-18 1.76661e-18 -0.00110462 -0.00154325 1.76661e-18 2.03946e-18 -0.00154325 -0.00197797 -0.00110462 -0.00154325 -0.00216712 -0.00304849 -0.00154325 -0.00197797 -0.00304849 -0.00392786 2.03946e-18 2.073e-18 -0.00197797 -0.00230686 2.073e-18 1.66047e-18 -0.00230686 -0.00243665 -0.00197797 -0.00230686 -0.00392786 -0.00459608 -0.00230686 -0.00243665 -0.00459608 -0.00485989 -0.00216712 -0.00304849 -0.00314437 -0.00447666 -0.00304849 -0.00392786 -0.00447666 -0.00582119 -0.00314437 -0.00447666 -0.00399112 -0.00578649 -0.00447666 -0.00582119 -0.00578649 -0.00762862 -0.00392786 -0.00459608 -0.00582119 -0.00685056 -0.00459608 -0.00485989 -0.00685056 -0.00725732 -0.00582119 -0.00685056 -0.00762862 -0.00905437 -0.00685056 -0.00725732 -0.00905437 -0.00961865 -0.000350723 -0.00080029 -0.000317696 -0.000824471 -0.00080029 -0.00149117 -0.000824471 -0.0016221 -0.000317696 -0.000824471 -0.000208822 -0.000735584 -0.000824471 -0.0016221 -0.000735584 -0.00159274 -0.00149117 -0.00253349 -0.0016221 -0.00286432 -0.00253349 -0.00399112 -0.00286432 -0.00465878 -0.0016221 -0.00286432 -0.00159274 -0.00298796 -0.00286432 -0.00465878 -0.00298796 -0.00509408 -0.000208822 -0.000735584 -1.36958e-05 -0.000515795 -0.000735584 -0.00159274 -0.000515795 -0.00137294 -1.36958e-05 -0.000515795 0.000275806 -0.000151152 -0.000515795 -0.00137294 -0.000151152 -0.000937669 -0.00159274 -0.00298796 -0.00137294 -0.00285812 -0.00298796 -0.00509408 -0.00285812 -0.00523798 -0.00137294 -0.00285812 -0.000937669 -0.00243305 -0.00285812 -0.00523798 -0.00243305 -0.00503237 -0.00399112 -0.00578649 -0.00465878 -0.00693309 -0.00578649 -0.00762862 -0.00693309 -0.00931941 -0.00465878 -0.00693309 -0.00509408 -0.00786627 -0.00693309 -0.00931941 -0.00786627 -0.0108606 -0.00762862 -0.00905437 -0.00931941 -0.0111935 -0.00905437 -0.00961865 -0.0111935 -0.0119372 -0.00931941 -0.0111935 -0.0108606 -0.0132568 -0.0111935 -0.0119372 -0.0132568 -0.0142115 -0.00509408 -0.00786627 -0.00523798 -0.00852862 -0.00786627 -0.0108606 -0.00852862 -0.0122157 -0.00523798 -0.00852862 -0.00503237 -0.00885882 -0.00852862 -0.0122157 -0.00885882 -0.0133416 -0.0108606 -0.0132568 -0.0122157 -0.0152363 -0.0132568 -0.0142115 -0.0152363 -0.016447 -0.0122157 -0.0152363 -0.0133416 -0.0171175 -0.0152363 -0.016447 -0.0171175 -0.018643 1.66047e-18 1.39373e-18 -0.00243665 -0.00232931 1.39373e-18 1.50061e-18 -0.00232931 -0.00202286 -0.00243665 -0.00232931 -0.00485989 -0.00464014 -0.00232931 -0.00202286 -0.00464014 -0.00401595 1.50061e-18 1.37628e-18 -0.00202286 -0.00161061 1.37628e-18 1.34731e-18 -0.00161061 -0.0011946 -0.00202286 -0.00161061 -0.00401595 -0.00318066 -0.00161061 -0.0011946 -0.00318066 -0.00234365 -0.00485989 -0.00464014 -0.00725732 -0.00691456 -0.00464014 -0.00401595 -0.00691456 -0.00594913 -0.00725732 -0.00691456 -0.00961865 -0.00913584 -0.00691456 -0.00594913 -0.00913584 -0.0077914 -0.00401595 -0.00318066 -0.00594913 -0.00466855 -0.00318066 -0.00234365 -0.00466855 -0.00340055 -0.00594913 -0.00466855 -0.0077914 -0.00603049 -0.00466855 -0.00340055 -0.00603049 -0.00431665 1.34731e-18 1.06653e-18 -0.0011946 -0.000845624 1.06653e-18 7.07169e-19 -0.000845624 -0.000590051 -0.0011946 -0.000845624 -0.00234365 -0.00164746 -0.000845624 -0.000590051 -0.00164746 -0.00114244 7.07169e-19 -5.48671e-21 -0.000590051 -0.000420585 -5.48671e-21 -9.90383e-19 -0.000420585 -0.000315135 -0.000590051 -0.000420585 -0.00114244 -0.000810772 -0.000420585 -0.000315135 -0.000810772 -0.000606153 -0.00234365 -0.00164746 -0.00340055 -0.00236122 -0.00164746 -0.00114244 -0.00236122 -0.00161954 -0.00340055 -0.00236122 -0.00431665 -0.00294159 -0.00236122 -0.00161954 -0.00294159 -0.00198381 -0.00114244 -0.000810772 -0.00161954 -0.00114049 -0.000810772 -0.000606153 -0.00114049 -0.00084932 -0.00161954 -0.00114049 -0.00198381 -0.00138036 -0.00114049 -0.00084932 -0.00138036 -0.00102169 -0.00961865 -0.00913584 -0.0119372 -0.0112891 -0.00913584 -0.0077914 -0.0112891 -0.00951037 -0.0119372 -0.0112891 -0.0142115 -0.0133624 -0.0112891 -0.00951037 -0.0133624 -0.0110714 -0.0077914 -0.00603049 -0.00951037 -0.00721909 -0.00603049 -0.00431665 -0.00721909 -0.00503998 -0.00951037 -0.00721909 -0.0110714 -0.00818169 -0.00721909 -0.00503998 -0.00818169 -0.0055139 -0.0142115 -0.0133624 -0.016447 -0.0153472 -0.0133624 -0.0110714 -0.0153472 -0.0124366 -0.016447 -0.0153472 -0.018643 -0.017228 -0.0153472 -0.0124366 -0.017228 -0.0135612 -0.0110714 -0.00818169 -0.0124366 -0.00885844 -0.00818169 -0.0055139 -0.00885844 -0.00567607 -0.0124366 -0.00885844 -0.0135612 -0.00918571 -0.00885844 -0.00567607 -0.00918571 -0.00546516 -0.00431665 -0.00294159 -0.00503998 -0.00334176 -0.00294159 -0.00198381 -0.00334176 -0.00219796 -0.00503998 -0.00334176 -0.0055139 -0.00351305 -0.00334176 -0.00219796 -0.00351305 -0.00222534 -0.00198381 -0.00138036 -0.00219796 -0.00150217 -0.00138036 -0.00102169 -0.00150217 -0.00110155 -0.00219796 -0.00150217 -0.00222534 -0.0014794 -0.00150217 -0.00110155 -0.0014794 -0.00106892 -0.0055139 -0.00351305 -0.00567607 -0.00340499 -0.00351305 -0.00222534 -0.00340499 -0.00203062 -0.00567607 -0.00340499 -0.00546516 -0.00297164 -0.00340499 -0.00203062 -0.00297164 -0.00158366 -0.00222534 -0.0014794 -0.00203062 -0.00128804 -0.0014794 -0.00106892 -0.00128804 -0.000906057 -0.00203062 -0.00128804 -0.00158366 -0.000907993 -0.00128804 -0.000906057 -0.000907993 -0.000597521 -9.90383e-19 -1.86157e-18 -0.000315135 -0.000251137 -1.86157e-18 -2.50164e-18 -0.000251137 -0.000211538 -0.000315135 -0.000251137 -0.000606153 -0.000482793 -0.000251137 -0.000211538 -0.000482793 -0.000406871 -2.50164e-18 -2.65327e-18 -0.000211538 -0.000184666 -2.65327e-18 -2.32841e-18 -0.000184666 -0.000161412 -0.000211538 -0.000184666 -0.000406871 -0.000355745 -0.000184666 -0.000161412 -0.000355745 -0.000312061 -0.000606153 -0.000482793 -0.00084932 -0.000675782 -0.000482793 -0.000406871 -0.000675782 -0.000569941 -0.00084932 -0.000675782 -0.00102169 -0.000811522 -0.000675782 -0.000569941 -0.000811522 -0.000685 -0.000406871 -0.000355745 -0.000569941 -0.000499605 -0.000355745 -0.000312061 -0.000499605 -0.000440879 -0.000569941 -0.000499605 -0.000685 -0.000602547 -0.000499605 -0.000440879 -0.000602547 -0.000536212 -2.32841e-18 -1.65682e-18 -0.000161412 -0.000132354 -1.65682e-18 -9.11657e-19 -0.000132354 -8.83214e-05 -0.000161412 -0.000132354 -0.000312061 -0.000257789 -0.000132354 -8.83214e-05 -0.000257789 -0.000174365 -9.11657e-19 -2.8444e-19 -8.83214e-05 -3.21121e-05 -2.8444e-19 0 -3.21121e-05 0 -8.83214e-05 -3.21121e-05 -0.000174365 -6.44432e-05 -3.21121e-05 0 -6.44432e-05 0 -0.000312061 -0.000257789 -0.000440879 -0.000368834 -0.000257789 -0.000174365 -0.000368834 -0.000255527 -0.000440879 -0.000368834 -0.000536212 -0.000456851 -0.000368834 -0.000255527 -0.000456851 -0.000328304 -0.000174365 -6.44432e-05 -0.000255527 -9.75077e-05 -6.44432e-05 0 -9.75077e-05 0 -0.000255527 -9.75077e-05 -0.000328304 -0.000132628 -9.75077e-05 0 -0.000132628 0 -0.00102169 -0.000811522 -0.00110155 -0.000872348 -0.000811522 -0.000685 -0.000872348 -0.000736781 -0.00110155 -0.000872348 -0.00106892 -0.000841847 -0.000872348 -0.000736781 -0.000841847 -0.000710691 -0.000685 -0.000602547 -0.000736781 -0.000650825 -0.000602547 -0.000536212 -0.000650825 -0.000585606 -0.000736781 -0.000650825 -0.000710691 -0.000630728 -0.000650825 -0.000585606 -0.000630728 -0.00057571 -0.00106892 -0.000841847 -0.000906057 -0.000705146 -0.000841847 -0.000710691 -0.000705146 -0.000592985 -0.000906057 -0.000705146 -0.000597521 -0.000448505 -0.000705146 -0.000592985 -0.000448505 -0.000370361 -0.000710691 -0.000630728 -0.000592985 -0.000528705 -0.000630728 -0.00057571 -0.000528705 -0.000492338 -0.000592985 -0.000528705 -0.000370361 -0.000331134 -0.000528705 -0.000492338 -0.000331134 -0.000320435 -0.000536212 -0.000456851 -0.000585606 -0.000511379 -0.000456851 -0.000328304 -0.000511379 -0.000387113 -0.000585606 -0.000511379 -0.00057571 -0.000519505 -0.000511379 -0.000387113 -0.000519505 -0.00042225 -0.000328304 -0.000132628 -0.000387113 -0.00017291 -0.000132628 0 -0.00017291 0 -0.000387113 -0.00017291 -0.00042225 -0.000224214 -0.00017291 0 -0.000224214 0 -0.00057571 -0.000519505 -0.000492338 -0.000465529 -0.000519505 -0.00042225 -0.000465529 -0.000417759 -0.000492338 -0.000465529 -0.000320435 -0.000330752 -0.000465529 -0.000417759 -0.000330752 -0.000346815 -0.00042225 -0.000224214 -0.000417759 -0.000289845 -0.000224214 0 -0.000289845 0 -0.000417759 -0.000289845 -0.000346815 -0.000329295 -0.000289845 0 -0.000329295 0 0 0.00103577 0 0.000869748 0.00103577 0.00126805 0.000869748 0.00112843 0 0.000869748 0 0.000692437 0.000869748 0.00112843 0.000692437 0.000974007 0.00126805 0.00124764 0.00112843 0.00112479 0.00124764 0.00112118 0.00112479 0.00101928 0.00112843 0.00112479 0.000974007 0.00099032 0.00112479 0.00101928 0.00099032 0.00090923 0 0.000692437 0 0.000552032 0.000692437 0.000974007 0.000552032 0.000812206 0 0.000552032 0 0.000437066 0.000552032 0.000812206 0.000437066 0.000649948 0.000974007 0.00099032 0.000812206 0.000844431 0.00099032 0.00090923 0.000844431 0.000787979 0.000812206 0.000844431 0.000649948 0.000688518 0.000844431 0.000787979 0.000688518 0.000654126 0.00112118 0.000953215 0.00101928 0.000880823 0.000953215 0.000764238 0.000880823 0.000731992 0.00101928 0.000880823 0.00090923 0.000801051 0.000880823 0.000731992 0.000801051 0.000690082 0.000764238 0.000549677 0.000731992 0.000572412 0.000549677 0.000275806 0.000572412 0.000378097 0.000731992 0.000572412 0.000690082 0.000578991 0.000572412 0.000378097 0.000578991 0.000450392 0.00090923 0.000801051 0.000787979 0.000709199 0.000801051 0.000690082 0.000709199 0.000632173 0.000787979 0.000709199 0.000654126 0.000602185 0.000709199 0.000632173 0.000602185 0.00055395 0.000690082 0.000578991 0.000632173 0.000561227 0.000578991 0.000450392 0.000561227 0.000483667 0.000632173 0.000561227 0.00055395 0.000514098 0.000561227 0.000483667 0.000514098 0.000473533 0 0.000437066 0 0.000334481 0.000437066 0.000649948 0.000334481 0.000488298 0 0.000334481 0 0.000233068 0.000334481 0.000488298 0.000233068 0.000325802 0.000649948 0.000688518 0.000488298 0.000524078 0.000688518 0.000654126 0.000524078 0.000507452 0.000488298 0.000524078 0.000325802 0.000352785 0.000524078 0.000507452 0.000352785 0.000348588 0 0.000233068 0 0.000122144 0.000233068 0.000325802 0.000122144 0.000162143 0 0.000122144 0 0 0.000122144 0.000162143 0 0 0.000325802 0.000352785 0.000162143 0.000176913 0.000352785 0.000348588 0.000176913 0.000178834 0.000162143 0.000176913 0 0 0.000176913 0.000178834 0 0 0.000654126 0.000602185 0.000507452 0.000478236 0.000602185 0.00055395 0.000478236 0.000452735 0.000507452 0.000478236 0.000348588 0.000336585 0.000478236 0.000452735 0.000336585 0.000327079 0.00055395 0.000514098 0.000452735 0.000434947 0.000514098 0.000473533 0.000434947 0.000418732 0.000452735 0.000434947 0.000327079 0.000322789 0.000434947 0.000418732 0.000322789 0.000320061 0.000348588 0.000336585 0.000178834 0.000177125 0.000336585 0.000327079 0.000177125 0.000176309 0.000178834 0.000177125 0 0 0.000177125 0.000176309 0 0 0.000327079 0.000322789 0.000176309 0.000177666 0.000322789 0.000320061 0.000177666 0.000179583 0.000176309 0.000177666 0 0 0.000177666 0.000179583 0 0 0.000275806 -0.000151152 0.000378097 7.57104e-05 -0.000151152 -0.000937669 7.57104e-05 -0.000502223 0.000378097 7.57104e-05 0.000450392 0.000245927 7.57104e-05 -0.000502223 0.000245927 -0.000169261 -0.000937669 -0.00243305 -0.000502223 -0.00164248 -0.00243305 -0.00503237 -0.00164248 -0.00366983 -0.000502223 -0.00164248 -0.000169261 -0.00102239 -0.00164248 -0.00366983 -0.00102239 -0.00256196 0.000450392 0.000245927 0.000483667 0.000353691 0.000245927 -0.000169261 0.000353691 6.64555e-05 0.000483667 0.000353691 0.000473533 0.000397971 0.000353691 6.64555e-05 0.000397971 0.000210849 -0.000169261 -0.00102239 6.64555e-05 -0.000548853 -0.00102239 -0.00256196 -0.000548853 -0.00166898 6.64555e-05 -0.000548853 0.000210849 -0.000207146 -0.000548853 -0.00166898 -0.000207146 -0.00097103 -0.00503237 -0.00885882 -0.00366983 -0.00668637 -0.00885882 -0.0133416 -0.00668637 -0.0102333 -0.00366983 -0.00668637 -0.00256196 -0.00485413 -0.00668637 -0.0102333 -0.00485413 -0.00753705 -0.0133416 -0.0171175 -0.0102333 -0.0132228 -0.0171175 -0.018643 -0.0132228 -0.014432 -0.0102333 -0.0132228 -0.00753705 -0.00978813 -0.0132228 -0.014432 -0.00978813 -0.0106985 -0.00256196 -0.00485413 -0.00166898 -0.00332722 -0.00485413 -0.00753705 -0.00332722 -0.0052501 -0.00166898 -0.00332722 -0.00097103 -0.00209053 -0.00332722 -0.0052501 -0.00209053 -0.00337231 -0.00753705 -0.00978813 -0.0052501 -0.00685157 -0.00978813 -0.0106985 -0.00685157 -0.00749894 -0.0052501 -0.00685157 -0.00337231 -0.00442973 -0.00685157 -0.00749894 -0.00442973 -0.00485721 0.000473533 0.000397971 0.000418732 0.000380599 0.000397971 0.000210849 0.000380599 0.000269968 0.000418732 0.000380599 0.000320061 0.000305144 0.000380599 0.000269968 0.000305144 0.00024992 0.000210849 -0.000207146 0.000269968 1.21349e-05 -0.000207146 -0.00097103 1.21349e-05 -0.000458742 0.000269968 1.21349e-05 0.00024992 0.000115634 1.21349e-05 -0.000458742 0.000115634 -0.000127805 0.000320061 0.000305144 0.000179583 0.000176362 0.000305144 0.00024992 0.000176362 0.000157316 0.000179583 0.000176362 0 0 0.000176362 0.000157316 0 0 0.00024992 0.000115634 0.000157316 0.000109276 0.000115634 -0.000127805 0.000109276 2.42423e-05 0.000157316 0.000109276 0 0 0.000109276 2.42423e-05 0 0 -0.00097103 -0.00209053 -0.000458742 -0.00113892 -0.00209053 -0.00337231 -0.00113892 -0.00190504 -0.000458742 -0.00113892 -0.000127805 -0.000471959 -0.00113892 -0.00190504 -0.000471959 -0.000850875 -0.00337231 -0.00442973 -0.00190504 -0.0025296 -0.00442973 -0.00485721 -0.0025296 -0.0027825 -0.00190504 -0.0025296 -0.000850875 -0.00115486 -0.0025296 -0.0027825 -0.00115486 -0.00127861 -0.000127805 -0.000471959 2.42423e-05 -9.13816e-05 -0.000471959 -0.000850875 -9.13816e-05 -0.00021384 2.42423e-05 -9.13816e-05 0 0 -9.13816e-05 -0.00021384 0 0 -0.000850875 -0.00115486 -0.00021384 -0.000309516 -0.00115486 -0.00127861 -0.000309516 -0.000349095 -0.00021384 -0.000309516 0 0 -0.000309516 -0.000349095 0 0 -0.018643 -0.017228 -0.014432 -0.0133169 -0.017228 -0.0135612 -0.0133169 -0.0104209 -0.014432 -0.0133169 -0.0106985 -0.00986671 -0.0133169 -0.0104209 -0.00986671 -0.00769407 -0.0135612 -0.00918571 -0.0104209 -0.00696655 -0.00918571 -0.00546516 -0.00696655 -0.00404196 -0.0104209 -0.00696655 -0.00769407 -0.00508934 -0.00696655 -0.00404196 -0.00508934 -0.00287514 -0.0106985 -0.00986671 -0.00749894 -0.00691537 -0.00986671 -0.00769407 -0.00691537 -0.00537787 -0.00749894 -0.00691537 -0.00485721 -0.00447945 -0.00691537 -0.00537787 -0.00447945 -0.00347209 -0.00769407 -0.00508934 -0.00537787 -0.0035191 -0.00508934 -0.00287514 -0.0035191 -0.00192499 -0.00537787 -0.0035191 -0.00347209 -0.00224073 -0.0035191 -0.00192499 -0.00224073 -0.00117177 -0.00546516 -0.00297164 -0.00404196 -0.00210662 -0.00297164 -0.00158366 -0.00210662 -0.00105954 -0.00404196 -0.00210662 -0.00287514 -0.00141364 -0.00210662 -0.00105954 -0.00141364 -0.000639403 -0.00158366 -0.000907993 -0.00105954 -0.000577399 -0.000907993 -0.000597521 -0.000577399 -0.000375277 -0.00105954 -0.000577399 -0.000639403 -0.000304996 -0.000577399 -0.000375277 -0.000304996 -0.000184772 -0.00287514 -0.00141364 -0.00192499 -0.00086908 -0.00141364 -0.000639403 -0.00086908 -0.000318479 -0.00192499 -0.00086908 -0.00117177 -0.000458453 -0.00086908 -0.000318479 -0.000458453 -9.1243e-05 -0.000639403 -0.000304996 -0.000318479 -9.72269e-05 -0.000304996 -0.000184772 -9.72269e-05 -3.57622e-05 -0.000318479 -9.72269e-05 -9.1243e-05 4.43352e-05 -9.72269e-05 -3.57622e-05 4.43352e-05 6.6679e-05 -0.00485721 -0.00447945 -0.0027825 -0.00256592 -0.00447945 -0.00347209 -0.00256592 -0.00197807 -0.0027825 -0.00256592 -0.00127861 -0.00117845 -0.00256592 -0.00197807 -0.00117845 -0.000898395 -0.00347209 -0.00224073 -0.00197807 -0.00124909 -0.00224073 -0.00117177 -0.00124909 -0.000606196 -0.00197807 -0.00124909 -0.000898395 -0.000543766 -0.00124909 -0.000606196 -0.000543766 -0.000224016 -0.00127861 -0.00117845 -0.000349095 -0.000321018 -0.00117845 -0.000898395 -0.000321018 -0.000237038 -0.000349095 -0.000321018 0 0 -0.000321018 -0.000237038 0 0 -0.000898395 -0.000543766 -0.000237038 -0.000126481 -0.000543766 -0.000224016 -0.000126481 -2.28157e-05 -0.000237038 -0.000126481 0 0 -0.000126481 -2.28157e-05 0 0 -0.00117177 -0.000458453 -0.000606196 -0.000172553 -0.000458453 -9.1243e-05 -0.000172553 4.80259e-05 -0.000606196 -0.000172553 -0.000224016 -4.89323e-06 -0.000172553 4.80259e-05 -4.89323e-06 0.00010517 -9.1243e-05 4.43352e-05 4.80259e-05 0.000121055 4.43352e-05 6.6679e-05 0.000121055 0.000120649 4.80259e-05 0.000121055 0.00010517 0.0001361 0.000121055 0.000120649 0.0001361 0.000126352 -0.000224016 -4.89323e-06 -2.28157e-05 5.03348e-05 -4.89323e-06 0.00010517 5.03348e-05 8.6594e-05 -2.28157e-05 5.03348e-05 0 0 5.03348e-05 8.6594e-05 0 0 0.00010517 0.0001361 8.6594e-05 9.39067e-05 0.0001361 0.000126352 9.39067e-05 8.53535e-05 8.6594e-05 9.39067e-05 0 0 9.39067e-05 8.53535e-05 0 0 -0.000597521 -0.000448505 -0.000375277 -0.000288316 -0.000448505 -0.000370361 -0.000288316 -0.000246514 -0.000375277 -0.000288316 -0.000184772 -0.000146239 -0.000288316 -0.000246514 -0.000146239 -0.000134223 -0.000370361 -0.000331134 -0.000246514 -0.000228251 -0.000331134 -0.000320435 -0.000228251 -0.000228327 -0.000246514 -0.000228251 -0.000134223 -0.000133719 -0.000228251 -0.000228327 -0.000133719 -0.000142703 -0.000184772 -0.000146239 -3.57622e-05 -3.12254e-05 -0.000146239 -0.000134223 -3.12254e-05 -4.05536e-05 -3.57622e-05 -3.12254e-05 6.6679e-05 5.0854e-05 -3.12254e-05 -4.05536e-05 5.0854e-05 2.90687e-05 -0.000134223 -0.000133719 -4.05536e-05 -5.3022e-05 -0.000133719 -0.000142703 -5.3022e-05 -6.82028e-05 -4.05536e-05 -5.3022e-05 2.90687e-05 9.09843e-06 -5.3022e-05 -6.82028e-05 9.09843e-06 -9.16774e-06 -0.000320435 -0.000330752 -0.000228327 -0.000241624 -0.000330752 -0.000346815 -0.000241624 -0.00025337 -0.000228327 -0.000241624 -0.000142703 -0.00015751 -0.000241624 -0.00025337 -0.00015751 -0.000163901 -0.000346815 -0.000329295 -0.00025337 -0.000224701 -0.000329295 0 -0.000224701 0 -0.00025337 -0.000224701 -0.000163901 -0.000120977 -0.000224701 0 -0.000120977 0 -0.000142703 -0.00015751 -6.82028e-05 -8.32031e-05 -0.00015751 -0.000163901 -8.32031e-05 -8.45496e-05 -6.82028e-05 -8.32031e-05 -9.16774e-06 -2.33707e-05 -8.32031e-05 -8.45496e-05 -2.33707e-05 -2.20995e-05 -0.000163901 -0.000120977 -8.45496e-05 -4.38994e-05 -0.000120977 0 -4.38994e-05 0 -8.45496e-05 -4.38994e-05 -2.20995e-05 8.63095e-06 -4.38994e-05 0 8.63095e-06 0 6.6679e-05 5.0854e-05 0.000120649 9.64239e-05 5.0854e-05 2.90687e-05 9.64239e-05 7.0563e-05 0.000120649 9.64239e-05 0.000126352 0.000103574 9.64239e-05 7.0563e-05 0.000103574 8.09299e-05 2.90687e-05 9.09843e-06 7.0563e-05 4.85908e-05 9.09843e-06 -9.16774e-06 4.85908e-05 3.04401e-05 7.0563e-05 4.85908e-05 8.09299e-05 6.20511e-05 4.85908e-05 3.04401e-05 6.20511e-05 4.71288e-05 0.000126352 0.000103574 8.53535e-05 7.15048e-05 0.000103574 8.09299e-05 7.15048e-05 5.79727e-05 8.53535e-05 7.15048e-05 0 0 7.15048e-05 5.79727e-05 0 0 8.09299e-05 6.20511e-05 5.79727e-05 4.66432e-05 6.20511e-05 4.71288e-05 4.66432e-05 3.78618e-05 5.79727e-05 4.66432e-05 0 0 4.66432e-05 3.78618e-05 0 0 -9.16774e-06 -2.33707e-05 3.04401e-05 1.7938e-05 -2.33707e-05 -2.20995e-05 1.7938e-05 1.92867e-05 3.04401e-05 1.7938e-05 4.71288e-05 3.73682e-05 1.7938e-05 1.92867e-05 3.73682e-05 3.73964e-05 -2.20995e-05 8.63095e-06 1.92867e-05 3.90431e-05 8.63095e-06 0 3.90431e-05 0 1.92867e-05 3.90431e-05 3.73964e-05 4.77887e-05 3.90431e-05 0 4.77887e-05 0 4.71288e-05 3.73682e-05 3.78618e-05 3.21991e-05 3.73682e-05 3.73964e-05 3.21991e-05 3.12337e-05 3.78618e-05 3.21991e-05 0 0 3.21991e-05 3.12337e-05 0 0 3.73964e-05 4.77887e-05 3.12337e-05 3.39893e-05 4.77887e-05 0 3.39893e-05 0 3.12337e-05 3.39893e-05 0 0 3.39893e-05 0 0 0 
SCALARS p_fluid double 1
LOOKUP_TABLE default
0 0 0 0 0 0 0 0 0 0 0 0 0 0 0 0 0 0 0 0 0 0 0 0 0 0 0 0 0 0 0 0 0 0 0 0 0 0 0 0 0 0 0 0 0 0 0 0 0 0 0 0 0 0 0 0 0 0 0 0 0 0 0 0 0 0 0 0 0 0 0 0 0 0 0 0 0 0 0 0 0 0 0 0 0 0 0 0 0 0 0 0 0 0 0 0 0 0 0 0 0 0 0 0 0 0 0 0 0 0 0 0 0 0 0 0 0 0 0 0 0 0 0 0 0 0 0 0 0 0 0 0 0 0 0 0 0 0 0 0 0 0 0 0 0 0 0 0 0 0 0 0 0 0 0 0 0 0 0 0 0 0 0 0 0 0 0 0 0 0 0 0 0 0 0 0 0 0 0 0 0 0 0 0 0 0 0 0 0 0 0 0 0 0 0 0 0 0 0 0 0 0 0 0 0 0 0 0 0 0 0 0 0 0 0 0 0 0 0 0 0 0 0 0 0 0 0 0 0 0 0 0 0 0 0 0 0 0 0 0 0 0 0 0 0 0 0 0 0 0 0 0 0 0 0 0 0 0 0 0 0 0 0 0 0 0 0 0 0 0 0 0 0 0 0 0 0 0 0 0 0 0 0 0 0 0 0 0 0 0 0 0 0 0 0 0 0 0 0 0 0 0 0 0 0 0 0 0 0 0 0 0 0 0 0 0 0 0 0 0 0 0 0 0 0 0 0 0 0 0 0 0 0 0 0 0 0 0 0 0 0 0 0 0 0 0 0 0 0 0 0 0 0 0 0 0 0 0 0 0 0 0 0 0 0 0 0 0 0 0 0 0 0 0 0 0 0 0 0 0 0 0 0 0 0 0 0 0 0 0 0 0 0 0 0 0 0 0 0 0 0 0 0 0 0 0 0 0 0 0 0 0 0 0 0 0 0 0 0 0 0 0 0 0 0 0 0 0 0 0 0 0 0 0 0 0 0 0 0 0 0 0 0 0 0 0 0 0 0 0 0 0 0 0 0 0 0 0 0 0 0 0 0 0 0 0 0 0 0 0 0 0 0 0 0 0 0 0 0 0 0 0 0 0 0 0 0 0 0 0 0 0 0 0 0 0 0 0 0 0 0 0 0 0 0 0 0 0 0 0 0 0 0 0 0 0 0 0 0 0 0 0 0 0 0 0 0 0 0 0 0 0 0 0 0 0 0 0 0 0 0 0 0 0 0 0 0 0 0 0 0 0 0 0 0 0 0 0 0 0 0 0 0 0 0 0 0 0 0 0 0 0 0 0 0 0 0 0 0 0 0 0 0 0 0 0 0 0 0 0 0 0 0 0 0 0 0 0 0 0 0 0 0 0 0 0 0 0 0 0 0 0 0 0 0 0 0 0 0 0 0 0 0 0 0 0 0 0 0 0 0 0 0 0 0 0 0 0 0 0 0 0 0 0 0 0 0 0 0 0 0 0 0 0 0 0 0 0 0 0 0 0 0 0 0 0 0 0 0 0 0 0 0 0 0 0 0 0 0 0 0 0 0 0 0 0 0 0 0 0 0 0 0 0 0 0 0 0 0 0 0 0 0 0 0 0 0 0 0 0 0 0 0 0 0 0 0 0 0 0 0 0 0 0 0 0 0 0 0 0 0 0 0 0 0 0 0 0 0 0 0 0 0 0 0 0 0 0 0 0 0 0 0 0 0 0 0 0 0 0 0 0 0 0 0 0 0 0 0 0 0 0 0 0 0 0 0 0 0 0 0 0 0 0 0 0 0 0 0 0 0 0 0 0 0 0 0 0 0 0 0 0 0 0 0 0 0 0 0 0 0 0 0 0 0 0 0 0 0 0 0 0 0 0 0 0 0 0 0 0 0 0 0 0 0 0 0 0 0 0 0 0 0 0 0 0 0 0 0 0 0 0 0 0 0 0 0 0 0 0 0 0 0 0 0 0 0 0 0 0 0 0 0 0 0 0 0 0 0 0 0 0 0 0 0 0 0 0 0 0 0 0 0 0 0 0 0 0 0 0 0 0 0 0 0 0 0 0 0 0 0 0 0 0 0 0 0 0 0 0 0 0 0 0 0 0 0 0 0 0 0 0 0 0 0 0 0 0 0 0 0 0 0 0 0 0 0 0 0 0 0 0 0 0 0 0 0 0 0 0 0 0 0 0 0 0 0 0 0 0 0 0 0 0 0 0 0 0 0 0 0 0 0 0 0 0 0 0 0 0 0 0 0 0 0 0 0 0 0 0 0 0 0 0 0 0 0 0 0 0 0 0 0 0 0 0 0 0 0 0 0 0 0 0 91.7681 89.1972 91.82 89.2491 89.2041 86.4657 89.1984 86.4599 91.9093 89.1699 91.9422 89.2027 89.2109 86.4571 89.2057 86.4518 86.4614 83.6703 86.4553 83.6642 83.6685 80.8501 83.6632 80.8449 86.4574 83.6641 86.4522 83.6589 83.6632 80.8456 83.6587 80.8411 91.9599 89.1846 91.9844 89.2091 89.2096 86.4516 89.2082 86.4502 91.9964 89.1978 92.0171 89.2185 89.2159 86.444 89.2168 86.4449 86.4526 83.6596 86.4466 83.6536 83.6582 80.8418 83.6529 80.8365 86.448 83.6533 86.4419 83.6471 83.6525 80.8372 83.6465 80.8311 80.8489 78.0165 80.845 78.0126 78.0158 75.1758 78.013 75.1731 80.8446 78.0132 80.8411 78.0098 78.0126 75.1735 78.0099 75.1709 75.1754 72.3313 75.1735 72.3294 72.3314 69.4843 72.3295 69.4824 75.1732 72.3295 75.1708 72.3271 72.33 69.4818 72.3265 69.4784 80.8406 78.0103 80.8366 78.0063 78.0097 75.171 78.0064 75.1677 80.836 78.0068 80.8312 78.002 78.0061 75.1677 78.0021 75.1637 75.1711 72.3266 75.1675 72.323 72.3278 69.4766 72.3221 69.471 75.168 72.3221 75.1633 72.3175 72.3238 69.4686 72.3164 69.4611 92.0239 89.2119 92.0403 89.2282 89.2239 86.4387 89.2264 86.4412 92.0443 89.2242 92.056 89.2359 89.2319 86.4362 89.2347 86.439 86.4438 83.6461 86.4388 83.6412 83.6463 80.8315 83.6405 80.8257 86.4409 83.6398 86.4375 83.6365 83.6407 80.8258 83.636 80.8212 92.0582 89.2335 92.0652 89.2405 89.2384 86.4356 89.2404 86.4377 92.0663 89.2395 92.0686 89.2418 89.2422 86.436 89.243 86.4368 86.4392 83.6353 86.4373 83.6334 83.6362 80.8211 83.6333 80.8181 86.4382 83.6327 86.4376 83.6321 83.6334 80.8181 83.6324 80.8171 80.8307 78.0024 80.8257 77.9975 78.0019 75.1636 77.9975 75.1592 80.8254 77.9977 80.8212 77.9935 77.9974 75.159 77.9935 75.1551 75.1639 72.3164 75.1589 72.3113 72.3184 69.4584 72.3103 69.4504 75.1595 72.3103 75.1549 72.3057 72.3121 69.4479 72.305 69.4408 80.821 77.9936 80.8182 77.9908 77.9935 75.1549 77.9909 75.1523 80.8181 77.9909 80.8171 77.9899 77.9909 75.1522 77.9899 75.1512 75.1554 72.3048 75.1522 72.3016 72.3064 69.4389 72.3015 69.434 75.1525 72.3012 75.1514 72.3 72.3023 69.4329 72.3005 69.4312 69.4857 66.6329 69.4819 66.6291 66.6375 63.7657 66.6268 63.755 69.484 66.6265 69.477 66.6195 66.6325 63.7488 66.6168 63.7331 63.7761 60.8494 63.7494 60.8227 60.8665 57.8175 60.8129 57.7639 63.7604 60.8118 63.7287 60.7801 60.8284 57.7508 60.7745 57.6969 69.4801 66.6155 69.4689 66.6044 66.6228 63.7259 66.6007 63.7038 69.4728 66.5995 69.4588 66.5856 66.6074 63.696 66.5818 63.6703 63.738 60.7702 63.6988 60.731 60.7845 57.6881 60.7261 57.6297 63.7078 60.7216 63.6656 60.6794 60.7337 57.6231 60.6753 57.5647 57.8356 54.581 57.7517 54.4972 54.585 51.0858 54.4887 50.9894 57.7648 54.4895 57.6922 54.4169 54.4873 50.9979 54.4164 50.927 51.0608 47.4047 50.9933 47.3373 47.3557 43.7736 47.3572 43.7751 50.9695 47.365 50.9337 47.3292 47.3192 43.8095 47.3429 43.8332 57.6963 54.4167 57.6276 54.348 54.4069 50.9421 54.3522 50.8874 57.6274 54.3516 57.5644 54.2886 54.338 50.906 54.2948 50.8628 50.9093 47.3578 50.8987 47.3472 47.314 43.8614 47.3625 43.9098 50.8723 47.3768 50.8754 47.3799 47.3355 43.9363 47.3947 43.9955 69.4628 66.5805 69.4484 66.5661 66.5882 63.6629 66.5629 63.6376 69.4519 66.5617 69.4395 66.5492 66.5684 63.6314 66.5472 63.6103 63.6734 60.6712 63.6338 60.6316 60.6809 57.5604 60.6287 57.5081 63.64 60.6253 63.6079 60.5932 60.6325 57.5055 60.5916 57.4646 69.4421 66.546 69.4337 66.5375 66.5511 63.6059 66.5371 63.5919 69.4351 66.5358 69.4321 66.5328 66.5391 63.5896 66.5342 63.5847 63.6121 60.589 63.5913 60.5682 60.5938 57.4632 60.5679 57.4373 63.5935 60.5661 63.5863 60.5589 60.569 57.4367 60.5601 57.4279 57.5619 54.2941 57.5086 54.2409 54.2798 50.8814 54.2468 50.8484 57.5054 54.2465 57.4652 54.2063 54.2336 50.8642 54.2103 50.8409 50.8505 47.4069 50.8592 47.4155 47.3707 44.0185 47.4276 44.0754 50.8386 47.4374 50.8478 47.4466 47.4083 44.0937 47.4541 44.1395 57.4624 54.2108 57.4375 54.1859 54.2006 50.8524 54.1868 50.8385 57.4359 54.1884 57.4275 54.1799 54.1817 50.8445 54.1772 50.8399 50.8333 47.4619 50.8399 47.4686 47.4406 44.1521 47.4699 44.1814 50.8324 47.4764 50.8348 47.4788 47.463 44.1879 47.4731 44.1979 43.7297 40.4701 43.8036 40.5441 40.4573 37.6138 40.5661 37.7226 43.7724 40.5651 43.8485 40.6413 40.5568 37.7212 40.6509 37.8153 37.6314 35.1002 37.7283 35.1971 35.1292 32.7181 35.1884 32.7773 37.7393 35.1805 37.8155 35.2567 35.2076 32.7584 35.2498 32.8006 43.8311 40.6533 43.9225 40.7446 40.6523 37.8073 40.7491 37.9042 43.9093 40.754 44.006 40.8507 40.755 37.8941 40.8526 37.9917 37.8302 35.238 37.8998 35.3076 35.2669 32.7829 35.2981 32.8142 37.9177 35.2874 37.9853 35.3549 35.317 32.7954 35.3447 32.8231 32.7412 30.2957 32.7631 30.3176 30.3069 27.7608 30.3056 27.7595 32.7796 30.3047 32.7916 30.3168 30.315 27.7541 30.3098 27.7489 27.7629 25.1187 27.7527 25.1084 25.1169 22.4039 25.106 22.393 27.756 25.1078 27.7451 25.097 25.1061 22.3942 25.0958 22.3839 32.8036 30.3063 32.8047 30.3074 30.3151 27.7455 30.3012 27.7316 32.8171 30.2964 32.8137 30.293 30.306 27.7281 30.2873 27.7094 27.7459 25.0976 27.7289 25.0806 25.0946 22.3857 25.0804 22.3716 27.7287 25.0816 27.7073 25.0602 25.0782 22.3739 25.0605 22.3562 43.9952 40.8584 44.0835 40.9467 40.859 37.9821 40.9475 38.0706 44.0748 40.9527 44.1443 41.0222 40.9527 38.0629 41.0225 38.1326 38.0029 35.3361 38.0646 35.3979 35.3632 32.8052 35.389 32.831 38.0792 35.3825 38.1287 35.4321 35.4047 32.8161 35.4264 32.8378 44.1383 41.0263 44.1823 41.0703 41.0261 38.1273 41.0704 38.1716 44.1792 41.0724 44.1942 41.0875 41.0722 38.1689 41.0874 38.1841 38.1389 35.4214 38.1709 35.4533 35.4376 32.8272 35.4521 32.8417 38.1761 35.4479 38.1871 35.4589 35.458 32.8362 35.4631 32.8413 32.8262 30.282 32.8231 30.2789 30.2923 27.7056 30.2742 27.6875 32.8342 30.2694 32.8327 30.268 30.279 27.6838 30.2649 27.6697 27.7072 25.0609 27.6859 25.0396 25.0582 22.3585 25.0399 22.3403 27.6862 25.0398 27.6688 25.0224 25.0381 22.3421 25.0227 22.3267 32.8409 30.261 32.8406 30.2607 30.2688 27.6669 30.2601 27.6582 32.8449 30.2571 32.8449 30.2571 30.2621 27.6567 30.2592 27.6538 27.6692 25.0224 27.6581 25.0113 25.0215 22.328 25.0114 22.3179 27.6584 25.0112 27.6546 25.0074 25.0108 22.3185 25.0073 22.315 22.4015 19.6475 22.3928 19.6387 19.6458 16.868 19.6394 16.8616 22.3919 19.6402 22.384 19.6322 19.6385 16.8627 19.6327 16.857 16.8671 14.0743 16.8623 14.0695 14.0738 11.2699 14.07 11.2661 16.8616 14.0702 16.8575 14.0661 14.0696 11.2667 14.0665 11.2636 22.3826 19.6339 22.3724 19.6237 19.6317 16.8581 19.6247 16.8512 22.3701 19.6259 22.3574 19.6132 19.623 16.8527 19.6144 16.8441 16.8567 14.0668 16.852 14.062 14.066 11.2642 14.0627 11.2609 16.8508 14.0631 16.845 14.0572 14.0619 11.2616 14.058 11.2577 11.2695 8.45636 11.2666 8.45345 8.45593 5.63519 8.45393 5.6332 11.2661 8.454 11.264 8.45184 8.45332 5.63393 8.45227 5.63288 5.63432 2.80907 5.63368 2.80842 2.79895 -0.0162663 2.80996 -0.00525877 5.63267 2.80943 5.63354 2.8103 2.80562 -0.00368423 2.8096 0.000297859 11.2635 8.45244 11.2614 8.45035 8.45156 5.63374 8.4509 5.63308 11.2607 8.45109 11.2583 8.44873 8.45006 5.63399 8.44933 5.63326 5.63212 2.8117 5.63371 2.81328 2.81084 -0.00127303 2.81308 0.000968614 5.63252 2.8143 5.63375 2.81553 2.8143 -0.00035699 2.81539 0.000736346 22.3548 19.6154 22.3414 19.602 19.6124 16.8457 19.6031 16.8365 22.3391 19.6039 22.3275 19.5923 19.6013 16.838 19.5931 16.8298 16.8437 14.0584 16.8374 14.0521 14.057 11.2586 14.0528 11.2544 16.8361 14.0532 16.8305 14.0476 14.0518 11.2552 14.0481 11.2514 22.3259 19.5937 22.3181 19.586 19.5917 16.831 19.5862 16.8254 22.3173 19.5867 22.3146 19.584 19.5855 16.826 19.5835 16.8241 16.8294 14.0484 16.8256 14.0446 14.0473 11.252 14.0447 11.2494 16.825 14.045 16.8237 14.0436 14.0443 11.2497 14.0433 11.2488 11.2575 8.44952 11.2549 8.44696 8.44844 5.6341 8.4475 5.63316 11.2541 8.44769 11.2518 8.44534 8.44671 5.63385 8.4457 5.63284 5.63297 2.81609 5.63355 2.81667 2.81636 -0.000300451 2.81658 -8.18531e-05 5.63305 2.81696 5.63311 2.81703 2.81728 -0.00083757 2.817 -0.00111613 11.2511 8.44588 11.2495 8.44423 8.44513 5.63332 8.44435 5.63254 11.2492 8.44451 11.2486 8.44392 8.44405 5.63279 8.44376 5.63249 5.6328 2.81717 5.63266 2.81703 2.81744 -0.00160502 2.81707 -0.00197496 5.63251 2.81709 5.63243 2.817 2.81728 -0.002213 2.81712 -0.00237286 92.0686 89.2418 92.0663 89.2395 89.243 86.4368 89.2422 86.436 92.0652 89.2405 92.0582 89.2335 89.2404 86.4377 89.2384 86.4356 86.4376 83.6321 86.4382 83.6327 83.6324 80.8171 83.6334 80.8181 86.4373 83.6334 86.4392 83.6353 83.6333 80.8181 83.6362 80.8211 92.056 89.2359 92.0443 89.2242 89.2347 86.439 89.2319 86.4362 92.0403 89.2282 92.0239 89.2119 89.2264 86.4412 89.2239 86.4387 86.4375 83.6365 86.4409 83.6398 83.636 80.8212 83.6407 80.8258 86.4388 83.6412 86.4438 83.6461 83.6405 80.8257 83.6463 80.8315 80.8171 77.9899 80.8181 77.9909 77.9899 75.1512 77.9909 75.1522 80.8182 77.9908 80.821 77.9936 77.9909 75.1523 77.9935 75.1549 75.1514 72.3 75.1525 72.3012 72.3005 69.4312 72.3023 69.4329 75.1522 72.3016 75.1554 72.3048 72.3015 69.434 72.3064 69.4389 80.8212 77.9935 80.8254 77.9977 77.9935 75.1551 77.9974 75.159 80.8257 77.9975 80.8307 78.0024 77.9975 75.1592 78.0019 75.1636 75.1549 72.3057 75.1595 72.3103 72.305 69.4408 72.3121 69.4479 75.1589 72.3113 75.1639 72.3164 72.3103 69.4504 72.3184 69.4584 92.0171 89.2185 91.9964 89.1978 89.2168 86.4449 89.2159 86.444 91.9844 89.2091 91.9599 89.1846 89.2082 86.4502 89.2096 86.4516 86.4419 83.6471 86.448 83.6533 83.6465 80.8311 83.6525 80.8372 86.4466 83.6536 86.4526 83.6596 83.6529 80.8365 83.6582 80.8418 91.9422 89.2027 91.9093 89.1699 89.2057 86.4518 89.2109 86.4571 91.82 89.2491 91.7681 89.1972 89.1984 86.4599 89.2041 86.4657 86.4522 83.6589 86.4574 83.6641 83.6587 80.8411 83.6632 80.8456 86.4553 83.6642 86.4614 83.6703 83.6632 80.8449 83.6685 80.8501 80.8312 78.002 80.836 78.0068 78.0021 75.1637 78.0061 75.1677 80.8366 78.0063 80.8406 78.0103 78.0064 75.1677 78.0097 75.171 75.1633 72.3175 75.168 72.3221 72.3164 69.4611 72.3238 69.4686 75.1675 72.323 75.1711 72.3266 72.3221 69.471 72.3278 69.4766 80.8411 78.0098 80.8446 78.0132 78.0099 75.1709 78.0126 75.1735 80.845 78.0126 80.8489 78.0165 78.013 75.1731 78.0158 75.1758 75.1708 72.3271 75.1732 72.3295 72.3265 69.4784 72.33 69.4818 75.1735 72.3294 75.1754 72.3313 72.3295 69.4824 72.3314 69.4843 69.4321 66.5328 69.4351 66.5358 66.5342 63.5847 66.5391 63.5896 69.4337 66.5375 69.4421 66.546 66.5371 63.5919 66.5511 63.6059 63.5863 60.5589 63.5935 60.5661 60.5601 57.4279 60.569 57.4367 63.5913 60.5682 63.6121 60.589 60.5679 57.4373 60.5938 57.4632 69.4395 66.5492 69.4519 66.5617 66.5472 63.6103 66.5684 63.6314 69.4484 66.5661 69.4628 66.5805 66.5629 63.6376 66.5882 63.6629 63.6079 60.5932 63.64 60.6253 60.5916 57.4646 60.6325 57.5055 63.6338 60.6316 63.6734 60.6712 60.6287 57.5081 60.6809 57.5604 57.4275 54.1799 57.4359 54.1884 54.1772 50.8399 54.1817 50.8445 57.4375 54.1859 57.4624 54.2108 54.1868 50.8385 54.2006 50.8524 50.8348 47.4788 50.8324 47.4764 47.4731 44.1979 47.463 44.1879 50.8399 47.4686 50.8333 47.4619 47.4699 44.1814 47.4406 44.1521 57.4652 54.2063 57.5054 54.2465 54.2103 50.8409 54.2336 50.8642 57.5086 54.2409 57.5619 54.2941 54.2468 50.8484 54.2798 50.8814 50.8478 47.4466 50.8386 47.4374 47.4541 44.1395 47.4083 44.0937 50.8592 47.4155 50.8505 47.4069 47.4276 44.0754 47.3707 44.0185 69.4588 66.5856 69.4728 66.5995 66.5818 63.6703 66.6074 63.696 69.4689 66.6044 69.4801 66.6155 66.6007 63.7038 66.6228 63.7259 63.6656 60.6794 63.7078 60.7216 60.6753 57.5647 60.7337 57.6231 63.6988 60.731 63.738 60.7702 60.7261 57.6297 60.7845 57.6881 69.477 66.6195 69.484 66.6265 66.6168 63.7331 66.6325 63.7488 69.4819 66.6291 69.4857 66.6329 66.6268 63.755 66.6375 63.7657 63.7287 60.7801 63.7604 60.8118 60.7745 57.6969 60.8284 57.7508 63.7494 60.8227 63.7761 60.8494 60.8129 57.7639 60.8665 57.8175 57.5644 54.2886 57.6274 54.3516 54.2948 50.8628 54.338 50.906 57.6276 54.348 57.6963 54.4167 54.3522 50.8874 54.4069 50.9421 50.8754 47.3799 50.8723 47.3768 47.3947 43.9955 47.3355 43.9363 50.8987 47.3472 50.9093 47.3578 47.3625 43.9098 47.314 43.8614 57.6922 54.4169 57.7648 54.4895 54.4164 50.927 54.4873 50.9979 57.7517 54.4972 57.8356 54.581 54.4887 50.9894 54.585 51.0858 50.9337 47.3292 50.9695 47.365 47.3429 43.8332 47.3192 43.8095 50.9933 47.3373 51.0608 47.4047 47.3572 43.7751 47.3557 43.7736 44.1942 41.0875 44.1792 41.0724 41.0874 38.1841 41.0722 38.1689 44.1823 41.0703 44.1383 41.0263 41.0704 38.1716 41.0261 38.1273 38.1871 35.4589 38.1761 35.4479 35.4631 32.8413 35.458 32.8362 38.1709 35.4533 38.1389 35.4214 35.4521 32.8417 35.4376 32.8272 44.1443 41.0222 44.0748 40.9527 41.0225 38.1326 40.9527 38.0629 44.0835 40.9467 43.9952 40.8584 40.9475 38.0706 40.859 37.9821 38.1287 35.4321 38.0792 35.3825 35.4264 32.8378 35.4047 32.8161 38.0646 35.3979 38.0029 35.3361 35.389 32.831 35.3632 32.8052 32.8449 30.2571 32.8449 30.2571 30.2592 27.6538 30.2621 27.6567 32.8406 30.2607 32.8409 30.261 30.2601 27.6582 30.2688 27.6669 27.6546 25.0074 27.6584 25.0112 25.0073 22.315 25.0108 22.3185 27.6581 25.0113 27.6692 25.0224 25.0114 22.3179 25.0215 22.328 32.8327 30.268 32.8342 30.2694 30.2649 27.6697 30.279 27.6838 32.8231 30.2789 32.8262 30.282 30.2742 27.6875 30.2923 27.7056 27.6688 25.0224 27.6862 25.0398 25.0227 22.3267 25.0381 22.3421 27.6859 25.0396 27.7072 25.0609 25.0399 22.3403 25.0582 22.3585 44.006 40.8507 43.9093 40.754 40.8526 37.9917 40.755 37.8941 43.9225 40.7446 43.8311 40.6533 40.7491 37.9042 40.6523 37.8073 37.9853 35.3549 37.9177 35.2874 35.3447 32.8231 35.317 32.7954 37.8998 35.3076 37.8302 35.238 35.2981 32.8142 35.2669 32.7829 43.8485 40.6413 43.7724 40.5651 40.6509 37.8153 40.5568 37.7212 43.8036 40.5441 43.7297 40.4701 40.5661 37.7226 40.4573 37.6138 37.8155 35.2567 37.7393 35.1805 35.2498 32.8006 35.2076 32.7584 37.7283 35.1971 37.6314 35.1002 35.1884 32.7773 35.1292 32.7181 32.8137 30.293 32.8171 30.2964 30.2873 27.7094 30.306 27.7281 32.8047 30.3074 32.8036 30.3063 30.3012 27.7316 30.3151 27.7455 27.7073 25.0602 27.7287 25.0816 25.0605 22.3562 25.0782 22.3739 27.7289 25.0806 27.7459 25.0976 25.0804 22.3716 25.0946 22.3857 32.7916 30.3168 32.7796 30.3047 30.3098 27.7489 30.315 27.7541 32.7631 30.3176 32.7412 30.2957 30.3056 27.7595 30.3069 27.7608 27.7451 25.097 27.756 25.1078 25.0958 22.3839 25.1061 22.3942 27.7527 25.1084 27.7629 25.1187 25.106 22.393 25.1169 22.4039 22.3146 19.584 22.3173 19.5867 19.5835 16.8241 19.5855 16.826 22.3181 19.586 22.3259 19.5937 19.5862 16.8254 19.5917 16.831 16.8237 14.0436 16.825 14.045 14.0433 11.2488 14.0443 11.2497 16.8256 14.0446 16.8294 14.0484 14.0447 11.2494 14.0473 11.252 22.3275 19.5923 22.3391 19.6039 19.5931 16.8298 19.6013 16.838 22.3414 19.602 22.3548 19.6154 19.6031 16.8365 19.6124 16.8457 16.8305 14.0476 16.8361 14.0532 14.0481 11.2514 14.0518 11.2552 16.8374 14.0521 16.8437 14.0584 14.0528 11.2544 14.057 11.2586 11.2486 8.44392 11.2492 8.44451 8.44376 5.63249 8.44405 5.63279 11.2495 8.44423 11.2511 8.44588 8.44435 5.63254 8.44513 5.63332 5.63243 2.817 5.63251 2.81709 2.81712 -0.00237286 2.81728 -0.002213 5.63266 2.81703 5.6328 2.81717 2.81707 -0.00197496 2.81744 -0.00160502 11.2518 8.44534 11.2541 8.44769 8.4457 5.63284 8.44671 5.63385 11.2549 8.44696 11.2575 8.44952 8.4475 5.63316 8.44844 5.6341 5.63311 2.81703 5.63305 2.81696 2.817 -0.00111613 2.81728 -0.00083757 5.63355 2.81667 5.63297 2.81609 2.81658 -8.18531e-05 2.81636 -0.000300451 22.3574 19.6132 22.3701 19.6259 19.6144 16.8441 19.623 16.8527 22.3724 19.6237 22.3826 19.6339 19.6247 16.8512 19.6317 16.8581 16.845 14.0572 16.8508 14.0631 14.058 11.2577 14.0619 11.2616 16.852 14.062 16.8567 14.0668 14.0627 11.2609 14.066 11.2642 22.384 19.6322 22.3919 19.6402 19.6327 16.857 19.6385 16.8627 22.3928 19.6387 22.4015 19.6475 19.6394 16.8616 19.6458 16.868 16.8575 14.0661 16.8616 14.0702 14.0665 11.2636 14.0696 11.2667 16.8623 14.0695 16.8671 14.0743 14.07 11.2661 14.0738 11.2699 11.2583 8.44873 11.2607 8.45109 8.44933 5.63326 8.45006 5.63399 11.2614 8.45035 11.2635 8.45244 8.4509 5.63308 8.45156 5.63374 5.63375 2.81553 5.63252 2.8143 2.81539 0.000736346 2.8143 -0.00035699 5.63371 2.81328 5.63212 2.8117 2.81308 0.000968614 2.81084 -0.00127303 11.264 8.45184 11.2661 8.454 8.45227 5.63288 8.45332 5.63393 11.2666 8.45345 11.2695 8.45636 8.45393 5.6332 8.45593 5.63519 5.63354 2.8103 5.63267 2.80943 2.8096 0.000297859 2.80562 -0.00368423 5.63368 2.80842 5.63432 2.80907 2.80996 -0.00525877 2.79895 -0.0162663 0 0 0 0 0 0 0 0 0 0 0 0 0 0 0 0 0 0 0 0 0 0 0 0 0 0 0 0 0 0 0 0 0 0 0 0 0 0 0 0 0 0 0 0 0 0 0 0 0 0 0 0 0 0 0 0 0 0 0 0 0 0 0 0 0 0 0 0 0 0 0 0 0 0 0 0 0 0 0 0 0 0 0 0 0 0 0 0 0 0 0 0 0 0 0 0 0 0 0 0 0 0 0 0 0 0 0 0 0 0 0 0 0 0 0 0 0 0 0 0 0 0 0 0 0 0 0 0 0 0 0 0 0 0 0 0 0 0 0 0 0 0 0 0 0 0 0 0 0 0 0 0 0 0 0 0 0 0 0 0 0 0 0 0 0 0 0 0 0 0 0 0 0 0 0 0 0 0 0 0 0 0 0 0 0 0 0 0 0 0 0 0 0 0 0 0 0 0 0 0 0 0 0 0 0 0 0 0 0 0 0 0 0 0 0 0 0 0 0 0 0 0 0 0 0 0 0 0 0 0 0 0 0 0 0 0 0 0 0 0 0 0 0 0 0 0 0 0 0 0 0 0 0 0 0 0 0 0 0 0 0 0 0 0 0 0 0 0 0 0 0 0 0 0 0 0 0 0 0 0 0 0 0 0 0 0 0 0 0 0 0 0 0 0 0 0 0 0 0 0 0 0 0 0 0 0 0 0 0 0 0 0 0 0 0 0 0 0 0 0 0 0 0 0 0 0 0 0 0 0 0 0 0 0 0 0 0 0 0 0 0 0 0 0 0 0 0 0 0 0 0 0 0 0 0 0 0 0 0 0 0 0 0 0 0 0 0 0 0 0 0 0 0 0 0 0 0 0 0 0 0 0 0 0 0 0 0 0 0 0 0 0 0 0 0 0 0 0 0 0 0 0 0 0 0 0 0 0 0 0 0 0 0 0 0 0 0 0 0 0 0 0 0 0 0 0 0 0 0 0 0 0 0 0 0 0 0 0 0 0 0 0 0 0 0 0 0 0 0 0 0 0 0 0 0 0 0 0 0 0 0 0 0 0 0 0 0 0 0 0 0 0 0 0 0 0 0 0 0 0 0 0 0 0 0 0 0 0 0 0 0 0 0 0 0 0 0 0 0 0 0 0 0 0 0 0 0 0 0 0 0 0 0 0 0 0 0 0 0 0 0 0 0 0 0 0 0 0 0 0 0 0 0 0 0 0 0 0 0 0 0 0 0 0 0 0 0 0 0 0 0 0 0 0 0 0 0 0 0 0 0 0 0 0 0 0 0 0 0 0 0 0 0 0 0 0 0 0 0 0 0 0 0 0 0 0 0 0 0 0 0 0 0 0 0 0 0 0 0 0 0 0 0 0 0 0 0 0 0 0 0 0 0 0 0 0 0 0 0 0 0 0 0 0 0 0 0 0 0 0 0 0 0 0 0 0 0 0 0 0 0 0 0 0 0 0 0 0 0 0 0 0 0 0 0 0 0 0 0 0 0 0 0 0 0 0 0 0 0 0 0 0 0 0 0 0 0 0 0 0 0 0 0 0 0 0 0 0 0 0 0 0 0 0 0 0 0 0 0 0 0 0 0 0 0 0 0 0 0 0 0 0 0 0 0 0 0 0 0 0 0 0 0 0 0 0 0 0 0 0 0 0 0 0 0 0 0 0 0 0 0 0 0 0 0 0 0 0 0 0 0 0 0 0 0 0 0 0 0 0 0 0 0 0 0 0 0 0 0 0 0 0 0 0 0 0 0 0 0 0 0 0 0 0 0 0 0 0 0 0 0 0 0 0 0 0 0 0 0 0 0 0 0 0 0 0 0 0 0 0 0 0 0 0 0 0 0 0 0 0 0 0 0 0 0 0 0 0 0 0 0 0 0 0 0 0 0 0 0 0 0 0 0 0 0 0 0 0 0 0 0 0 0 0 0 0 0 0 0 0 0 0 0 0 0 0 0 0 0 0 0 0 0 0 0 0 0 0 0 0 0 0 0 0 0 0 0 0 0 0 0 0 0 0 0 0 0 0 0 0 0 0 0 0 0 0 0 0 0 0 0 0 0 0 0 0 0 0 0 0 0 0 0 0 0 0 0 0 0 0 0 0 0 0 0 0 0 0 0 0 0 0 0 0 0 0 0 0 0 0 0 0 0 0 0 0 0 0 0 0 0 0 0 0 0 0 0 0 0 0 0 0 0 0 0 0 0 0 0 0 0 0 0 0 0 0 0 0 0 0 0 0 0 0 0 0 0 0 0 0 0 0 0 0 0 0 0 0 0 0 0 0 0 0 0 0 0 0 0 0 0 0 0 0 
SCALARS wx_dis double 1
LOOKUP_TABLE default
0.00164396 0.00160641 0.00165009 0.00161193 0.00160641 0.00150063 0.00161193 0.00150492 0.00165009 0.00161193 0.00166871 0.0016286 0.00161193 0.00150492 0.0016286 0.00151767 0.00150063 0.00134062 0.00150492 0.00134421 0.00134062 0.00113424 0.00134421 0.00113831 0.00150492 0.00134421 0.00151767 0.00135478 0.00134421 0.00113831 0.00135478 0.00115036 0.00166871 0.0016286 0.00170049 0.0016568 0.0016286 0.00151767 0.0016568 0.00153856 0.00170049 0.0016568 0.00174669 0.00169718 0.0016568 0.00153856 0.00169718 0.00156697 0.00151767 0.00135478 0.00153856 0.0013717 0.00135478 0.00115036 0.0013717 0.00116986 0.00153856 0.0013717 0.00156697 0.00139387 0.0013717 0.00116986 0.00139387 0.00119591 0.00113424 0.000875656 0.00113831 0.000881249 0.000875656 0.000546593 0.000881249 0.000554161 0.00113831 0.000881249 0.00115036 0.00089795 0.000881249 0.000554161 0.00089795 0.000576932 0.000546593 0.000123459 0.000554161 0.00013254 0.000123459 -0.000411036 0.00013254 -0.000402249 0.000554161 0.00013254 0.000576932 0.000160066 0.00013254 -0.000402249 0.000160066 -0.000375321 0.00115036 0.00089795 0.00116986 0.000925518 0.00089795 0.000576932 0.000925518 0.000615095 0.00116986 0.000925518 0.00119591 0.000963529 0.000925518 0.000615095 0.000963529 0.000668926 0.000576932 0.000160066 0.000615095 0.00020687 0.000160066 -0.000375321 0.00020687 -0.000328557 0.000615095 0.00020687 0.000668926 0.0002743 0.00020687 -0.000328557 0.0002743 -0.000259129 0.00174669 0.00169718 0.00180919 0.00175099 0.00169718 0.00156697 0.00175099 0.00160176 0.00180919 0.00175099 0.00188997 0.00182058 0.00175099 0.00160176 0.00182058 0.00164091 0.00156697 0.00139387 0.00160176 0.00141958 0.00139387 0.00119591 0.00141958 0.00122719 0.00160176 0.00141958 0.00164091 0.00144637 0.00141958 0.00122719 0.00144637 0.00126195 0.00188997 0.00182058 0.00198495 0.00191056 0.00182058 0.00164091 0.00191056 0.00168097 0.00198495 0.00191056 0.00202321 0.00201544 0.00191056 0.00168097 0.00201544 0.00171699 0.00164091 0.00144637 0.00168097 0.00147086 0.00144637 0.00126195 0.00147086 0.00129794 0.00168097 0.00147086 0.00171699 0.00148865 0.00147086 0.00129794 0.00148865 0.00133242 0.00119591 0.000963529 0.00122719 0.00101134 0.000963529 0.000668926 0.00101134 0.000738729 0.00122719 0.00101134 0.00126195 0.00106805 0.00101134 0.000738729 0.00106805 0.000824744 0.000668926 0.0002743 0.000738729 0.000364143 0.0002743 -0.000259129 0.000364143 -0.000163089 0.000738729 0.000364143 0.000824744 0.000478508 0.000364143 -0.000163089 0.000478508 -3.54117e-05 0.00126195 0.00106805 0.00129794 0.00113247 0.00106805 0.000824744 0.00113247 0.000927036 0.00129794 0.00113247 0.00133242 0.00120304 0.00113247 0.000927036 0.00120304 0.00104538 0.000824744 0.000478508 0.000927036 0.000619652 0.000478508 -3.54117e-05 0.000619652 0.000129905 0.000927036 0.000619652 0.00104538 0.000789843 0.000619652 0.000129905 0.000789843 0.000339913 -0.000411036 -0.00105112 -0.000402249 -0.00104614 -0.00105112 -0.00174722 -0.00104614 -0.00175107 -0.000402249 -0.00104614 -0.000375321 -0.00103039 -0.00104614 -0.00175107 -0.00103039 -0.00176175 -0.00174722 -0.00238911 -0.00175107 -0.00240671 -0.00238911 -0.0028086 -0.00240671 -0.00284176 -0.00175107 -0.00240671 -0.00176175 -0.00245916 -0.00240671 -0.00284176 -0.00245916 -0.00294196 -0.000375321 -0.00103039 -0.000328557 -0.00100137 -0.00103039 -0.00176175 -0.00100137 -0.00177668 -0.000328557 -0.00100137 -0.000259129 -0.000954759 -0.00100137 -0.00177668 -0.000954759 -0.00179122 -0.00176175 -0.00245916 -0.00177668 -0.00254531 -0.00245916 -0.00294196 -0.00254531 -0.00311134 -0.00177668 -0.00254531 -0.00179122 -0.00266291 -0.00254531 -0.00311134 -0.00266291 -0.00335331 -0.0028086 -0.00281913 -0.00284176 -0.00286322 -0.00281913 -0.00229321 -0.00286322 -0.00233637 -0.00284176 -0.00286322 -0.00294196 -0.00299743 -0.00286322 -0.00233637 -0.00299743 -0.00246838 -0.00229321 -0.00124657 -0.00233637 -0.00127376 -0.00124657 0.000126633 -0.00127376 0.000126019 -0.00233637 -0.00127376 -0.00246838 -0.00135712 -0.00127376 0.000126019 -0.00135712 0.000124188 -0.00294196 -0.00299743 -0.00311134 -0.00322776 -0.00299743 -0.00246838 -0.00322776 -0.00269708 -0.00311134 -0.00322776 -0.00335331 -0.00356456 -0.00322776 -0.00269708 -0.00356456 -0.00303632 -0.00246838 -0.00135712 -0.00269708 -0.00150228 -0.00135712 0.000124188 -0.00150228 0.000121173 -0.00269708 -0.00150228 -0.00303632 -0.00171923 -0.00150228 0.000121173 -0.00171923 0.000117034 -0.000259129 -0.000954759 -0.000163089 -0.000884294 -0.000954759 -0.00179122 -0.000884294 -0.00179827 -0.000163089 -0.000884294 -3.54117e-05 -0.00078151 -0.000884294 -0.00179827 -0.00078151 -0.00178761 -0.00179122 -0.00266291 -0.00179827 -0.00280802 -0.00266291 -0.00335331 -0.00280802 -0.00367236 -0.00179827 -0.00280802 -0.00178761 -0.0029741 -0.00280802 -0.00367236 -0.0029741 -0.00407353 -3.54117e-05 -0.00078151 0.000129905 -0.000635475 -0.00078151 -0.00178761 -0.000635475 -0.00174496 0.000129905 -0.000635475 0.000339913 -0.000432023 -0.000635475 -0.00174496 -0.000432023 -0.00165005 -0.00178761 -0.0029741 -0.00174496 -0.00315057 -0.0029741 -0.00407353 -0.00315057 -0.00456163 -0.00174496 -0.00315057 -0.00165005 -0.00332033 -0.00315057 -0.00456163 -0.00332033 -0.00514037 -0.00335331 -0.00356456 -0.00367236 -0.00402309 -0.00356456 -0.00303632 -0.00402309 -0.00350721 -0.00367236 -0.00402309 -0.00407353 -0.00462434 -0.00402309 -0.00350721 -0.00462434 -0.00414012 -0.00303632 -0.00171923 -0.00350721 -0.00202349 -0.00171923 0.000117034 -0.00202349 0.000111853 -0.00350721 -0.00202349 -0.00414012 -0.0024378 -0.00202349 0.000111853 -0.0024378 0.000105746 -0.00407353 -0.00462434 -0.00456163 -0.00539618 -0.00462434 -0.00414012 -0.00539618 -0.00497785 -0.00456163 -0.00539618 -0.00514037 -0.00637696 -0.00539618 -0.00497785 -0.00637696 -0.00608315 -0.00414012 -0.0024378 -0.00497785 -0.00299508 -0.0024378 0.000105746 -0.00299508 9.88598e-05 -0.00497785 -0.00299508 -0.00608315 -0.00374479 -0.00299508 9.88598e-05 -0.00374479 9.13857e-05 0.000126633 0.0015076 0.000126019 0.00153349 0.0015076 0.00257836 0.00153349 0.00262003 0.000126019 0.00153349 0.000124188 0.00161298 0.00153349 0.00262003 0.00161298 0.00274759 0.00257836 0.0031471 0.00262003 0.00318942 0.0031471 0.00320149 0.00318942 0.00323256 0.00262003 0.00318942 0.00274759 0.00331834 0.00318942 0.00323256 0.00331834 0.00332651 0.000124188 0.00161298 0.000121173 0.00175176 0.00161298 0.00274759 0.00175176 0.00296892 0.000121173 0.00175176 0.000117034 0.00195992 0.00175176 0.00296892 0.00195992 0.00329794 0.00274759 0.00331834 0.00296892 0.00353989 0.00331834 0.00332651 0.00353989 0.00348548 0.00296892 0.00353989 0.00329794 0.00386443 0.00353989 0.00348548 0.00386443 0.00371288 0.00320149 0.00287297 0.00323256 0.00288816 0.00287297 0.00235212 0.00288816 0.00235326 0.00323256 0.00288816 0.00332651 0.00293338 0.00288816 0.00235326 0.00293338 0.00235582 0.00235212 0.00181083 0.00235326 0.00180291 0.00181083 0.00136225 0.00180291 0.00135039 0.00235326 0.00180291 0.00235582 0.00177831 0.00180291 0.00135039 0.00177831 0.00131421 0.00332651 0.00293338 0.00348548 0.00300747 0.00293338 0.00235582 0.00300747 0.00235716 0.00348548 0.00300747 0.00371288 0.00310816 0.00300747 0.00235716 0.00310816 0.00235262 0.00235582 0.00177831 0.00235716 0.00173446 0.00177831 0.00131421 0.00173446 0.00125193 0.00235716 0.00173446 0.00235262 0.00166699 0.00173446 0.00125193 0.00166699 0.00116057 0.000117034 0.00195992 0.000111853 0.00225311 0.00195992 0.00329794 0.00225311 0.00375587 0.000111853 0.00225311 0.000105746 0.00265431 0.00225311 0.00375587 0.00265431 0.00437319 0.00329794 0.00386443 0.00375587 0.00430728 0.00386443 0.00371288 0.00430728 0.00401319 0.00375587 0.00430728 0.00437319 0.00488947 0.00430728 0.00401319 0.00488947 0.00439146 0.000105746 0.00265431 9.88598e-05 0.00319666 0.00265431 0.00437319 0.00319666 0.00519287 9.88598e-05 0.00319666 9.13857e-05 0.00392997 0.00319666 0.00519287 0.00392997 0.00627785 0.00437319 0.00488947 0.00519287 0.00563895 0.00488947 0.00439146 0.00563895 0.00485249 0.00519287 0.00563895 0.00627785 0.00659411 0.00563895 0.00485249 0.00659411 0.00539997 0.00371288 0.00310816 0.00401319 0.00323148 0.00310816 0.00235262 0.00323148 0.00233504 0.00401319 0.00323148 0.00439146 0.00337084 0.00323148 0.00233504 0.00337084 0.00229413 0.00235262 0.00166699 0.00233504 0.00156951 0.00166699 0.00116057 0.00156951 0.00103598 0.00233504 0.00156951 0.00229413 0.00143343 0.00156951 0.00103598 0.00143343 0.0008729 0.00439146 0.00337084 0.00485249 0.00351565 0.00337084 0.00229413 0.00351565 0.00221552 0.00485249 0.00351565 0.00539997 0.00364873 0.00351565 0.00221552 0.00364873 0.00207888 0.00229413 0.00143343 0.00221552 0.00124766 0.00143343 0.0008729 0.00124766 0.00066506 0.00221552 0.00124766 0.00207888 0.000997903 0.00124766 0.00066506 0.000997903 0.000405125 0.00136225 0.00105744 0.00135039 0.00104536 0.00105744 0.00090111 0.00104536 0.00089095 0.00135039 0.00104536 0.00131421 0.00100877 0.00104536 0.00089095 0.00100877 0.000860313 0.00090111 0.000870602 0.00089095 0.000863375 0.000870602 0.000929996 0.000863375 0.000926077 0.00089095 0.000863375 0.000860313 0.00084164 0.000863375 0.000926077 0.00084164 0.000914318 0.00131421 0.00100877 0.00125193 0.000946699 0.00100877 0.000860313 0.000946699 0.000808754 0.00125193 0.000946699 0.00116057 0.00085753 0.000946699 0.000808754 0.00085753 0.000735574 0.000860313 0.00084164 0.000808754 0.000805238 0.00084164 0.000914318 0.000805238 0.000894707 0.000808754 0.000805238 0.000735574 0.00075393 0.000805238 0.000894707 0.00075393 0.000867229 0.000929996 0.00103835 0.000926077 0.00103776 0.00103835 0.00115446 0.00103776 0.00115687 0.000926077 0.00103776 0.000914318 0.00103604 0.00103776 0.00115687 0.00103604 0.00116423 0.00115446 0.00124155 0.00115687 0.00124608 0.00124155 0.00127368 0.00124608 0.00127897 0.00115687 0.00124608 0.00116423 0.0012599 0.00124608 0.00127897 0.0012599 0.00129508 0.000914318 0.00103604 0.000894707 0.00103332 0.00103604 0.00116423 0.00103332 0.00117695 0.000894707 0.00103332 0.000867229 0.00102983 0.00103332 0.00117695 0.00102983 0.00119573 0.00116423 0.0012599 0.00117695 0.00128371 0.0012599 0.00129508 0.00128371 0.00132275 0.00117695 0.00128371 0.00119573 0.00131873 0.00128371 0.00132275 0.00131873 0.00136317 0.00116057 0.00085753 0.00103598 0.000739137 0.00085753 0.000735574 0.000739137 0.000639894 0.00103598 0.000739137 0.0008729 0.000588996 0.000739137 0.000639894 0.000588996 0.000520767 0.000735574 0.00075393 0.000639894 0.000687437 0.00075393 0.000867229 0.000687437 0.000831858 0.000639894 0.000687437 0.000520767 0.000605493 0.000687437 0.000831858 0.000605493 0.000788563 0.0008729 0.000588996 0.00066506 0.000404374 0.000588996 0.000520767 0.000404374 0.000377317 0.00066506 0.000404374 0.000405125 0.000182503 0.000404374 0.000377317 0.000182503 0.000208889 0.000520767 0.000605493 0.000377317 0.000507912 0.000605493 0.000788563 0.000507912 0.000737304 0.000377317 0.000507912 0.000208889 0.000394667 0.000507912 0.000737304 0.000394667 0.000678031 0.000867229 0.00102983 0.000831858 0.00102579 0.00102983 0.00119573 0.00102579 0.00122145 0.000831858 0.00102579 0.000788563 0.00102139 0.00102579 0.00122145 0.00102139 0.00125509 0.00119573 0.00131873 0.00122145 0.00136694 0.00131873 0.00136317 0.00136694 0.00141787 0.00122145 0.00136694 0.00125509 0.00143158 0.00136694 0.00141787 0.00143158 0.00148774 0.000788563 0.00102139 0.000737304 0.00101669 0.00102139 0.00125509 0.00101669 0.00129754 0.000737304 0.00101669 0.000678031 0.00101158 0.00101669 0.00129754 0.00101158 0.00134951 0.00125509 0.00143158 0.00129754 0.0015185 0.00143158 0.00148774 0.0015185 0.0015667 0.00129754 0.0015185 0.00134951 0.00162632 0.0015185 0.0015667 0.00162632 0.00158641 0.00202321 0.00201544 -0.00446812 0.00213524 0.00201544 0.00171699 0.00213524 0.00156538 -0.00446812 0.00213524 -0.00168376 7.13309e-05 0.00213524 0.00156538 7.13309e-05 0.000968492 0.00171699 0.00148865 0.00156538 0.00133873 0.00148865 0.00133242 0.00133873 0.00121108 0.00156538 0.00133873 0.000968492 0.00112418 0.00133873 0.00121108 0.00112418 0.00108387 -0.00168376 7.13309e-05 -0.000349867 -0.000197045 7.13309e-05 0.000968492 -0.000197045 0.000721107 -0.000349867 -0.000197045 0.000168441 2.4324e-06 -0.000197045 0.000721107 2.4324e-06 0.000607008 0.000968492 0.00112418 0.000721107 0.000968812 0.00112418 0.00108387 0.000968812 0.000972255 0.000721107 0.000968812 0.000607008 0.00085332 0.000968812 0.000972255 0.00085332 0.000878697 0.00133242 0.00120304 0.00121108 0.00107949 0.00120304 0.00104538 0.00107949 0.00089489 0.00121108 0.00107949 0.00108387 0.000963332 0.00107949 0.00089489 0.000963332 0.000761632 0.00104538 0.000789843 0.00089489 0.000600069 0.000789843 0.000339913 0.000600069 0.000117937 0.00089489 0.000600069 0.000761632 0.000440099 0.000600069 0.000117937 0.000440099 -5.88846e-05 0.00108387 0.000963332 0.000972255 0.000860162 0.000963332 0.000761632 0.000860162 0.000647313 0.000972255 0.000860162 0.000878697 0.000772761 0.000860162 0.000647313 0.000772761 0.000552954 0.000761632 0.000440099 0.000647313 0.000308433 0.000440099 -5.88846e-05 0.000308433 -0.000197153 0.000647313 0.000308433 0.000552954 0.000203482 0.000308433 -0.000197153 0.000203482 -0.000302465 0.000168441 2.4324e-06 0.00039694 0.000209678 2.4324e-06 0.000607008 0.000209678 0.000561477 0.00039694 0.000209678 0.000515991 0.000347423 0.000209678 0.000561477 0.000347423 0.000549051 0.000607008 0.00085332 0.000561477 0.000772436 0.00085332 0.000878697 0.000772436 0.000805294 0.000561477 0.000772436 0.000549051 0.000720314 0.000772436 0.000805294 0.000720314 0.000752942 0.000515991 0.000347423 0.000578134 0.000421827 0.000347423 0.000549051 0.000421827 0.000548428 0.000578134 0.000421827 0.000597841 0.000445122 0.000421827 0.000548428 0.000445122 0.000549216 0.000549051 0.000720314 0.000548428 0.000691525 0.000720314 0.000752942 0.000691525 0.000721701 0.000548428 0.000691525 0.000549216 0.000682362 0.000691525 0.000721701 0.000682362 0.000711329 0.000878697 0.000772761 0.000805294 0.000703145 0.000772761 0.000552954 0.000703145 0.000479174 0.000805294 0.000703145 0.000752942 0.00065267 0.000703145 0.000479174 0.00065267 0.000426325 0.000552954 0.000203482 0.000479174 0.0001237 0.000203482 -0.000302465 0.0001237 -0.000379491 0.000479174 0.0001237 0.000426325 6.77498e-05 0.0001237 -0.000379491 6.77498e-05 -0.000431893 0.000752942 0.00065267 0.000721701 0.000622129 0.00065267 0.000426325 0.000622129 0.000394575 0.000721701 0.000622129 0.000711329 0.000611911 0.000622129 0.000394575 0.000611911 0.000383987 0.000426325 6.77498e-05 0.000394575 3.46068e-05 6.77498e-05 -0.000431893 3.46068e-05 -0.00046229 0.000394575 3.46068e-05 0.000383987 2.36316e-05 3.46068e-05 -0.00046229 2.36316e-05 -0.000472248 0.000339913 -0.000432023 0.000117937 -0.000642808 -0.000432023 -0.00165005 -0.000642808 -0.00174947 0.000117937 -0.000642808 -5.88846e-05 -0.000795893 -0.000642808 -0.00174947 -0.000795893 -0.00179646 -0.00165005 -0.00332033 -0.00174947 -0.00315337 -0.00332033 -0.00514037 -0.00315337 -0.00456341 -0.00174947 -0.00315337 -0.00179646 -0.00297959 -0.00315337 -0.00456341 -0.00297959 -0.00407701 -5.88846e-05 -0.000795893 -0.000197153 -0.000905173 -0.000795893 -0.00179646 -0.000905173 -0.00181111 -0.000197153 -0.000905173 -0.000302465 -0.000981327 -0.000905173 -0.00181111 -0.000981327 -0.00180757 -0.00179646 -0.00297959 -0.00181111 -0.00281599 -0.00297959 -0.00407701 -0.00281599 -0.00367742 -0.00181111 -0.00281599 -0.00180757 -0.00267306 -0.00281599 -0.00367742 -0.00267306 -0.00335975 -0.00514037 -0.00637696 -0.00456341 -0.00539737 -0.00637696 -0.00608315 -0.00539737 -0.00497875 -0.00456341 -0.00539737 -0.00407701 -0.00462667 -0.00539737 -0.00497875 -0.00462667 -0.00414188 -0.00608315 -0.00374479 -0.00497875 -0.0029959 -0.00374479 9.13857e-05 -0.0029959 9.79067e-05 -0.00497875 -0.0029959 -0.00414188 -0.00243942 -0.0029959 9.79067e-05 -0.00243942 0.000103876 -0.00407701 -0.00462667 -0.00367742 -0.00402648 -0.00462667 -0.00414188 -0.00402648 -0.00350976 -0.00367742 -0.00402648 -0.00335975 -0.00356887 -0.00402648 -0.00350976 -0.00356887 -0.00303957 -0.00414188 -0.00243942 -0.00350976 -0.00202583 -0.00243942 0.000103876 -0.00202583 0.000109139 -0.00350976 -0.00202583 -0.00303957 -0.00172222 -0.00202583 0.000109139 -0.00172222 0.000113579 -0.000302465 -0.000981327 -0.000379491 -0.0010326 -0.000981327 -0.00180757 -0.0010326 -0.0017959 -0.000379491 -0.0010326 -0.000431893 -0.0010651 -0.0010326 -0.0017959 -0.0010651 -0.00178311 -0.00180757 -0.00267306 -0.0017959 -0.00255724 -0.00267306 -0.00335975 -0.00255724 -0.00311891 -0.0017959 -0.00255724 -0.00178311 -0.00247241 -0.00255724 -0.00311891 -0.00247241 -0.00295037 -0.000431893 -0.0010651 -0.00046229 -0.00108298 -0.0010651 -0.00178311 -0.00108298 -0.00177374 -0.00046229 -0.00108298 -0.000472248 -0.00108867 -0.00108298 -0.00177374 -0.00108867 -0.00177034 -0.00178311 -0.00247241 -0.00177374 -0.00242078 -0.00247241 -0.00295037 -0.00242078 -0.00285069 -0.00177374 -0.00242078 -0.00177034 -0.00240346 -0.00242078 -0.00285069 -0.00240346 -0.00281771 -0.00335975 -0.00356887 -0.00311891 -0.00323283 -0.00356887 -0.00303957 -0.00323283 -0.0027009 -0.00311891 -0.00323283 -0.00295037 -0.00300306 -0.00323283 -0.0027009 -0.00300306 -0.00247263 -0.00303957 -0.00172222 -0.0027009 -0.00150579 -0.00172222 0.000113579 -0.00150579 0.000117111 -0.0027009 -0.00150579 -0.00247263 -0.00136102 -0.00150579 0.000117111 -0.00136102 0.000119674 -0.00295037 -0.00300306 -0.00285069 -0.0028692 -0.00300306 -0.00247263 -0.0028692 -0.00234088 -0.00285069 -0.0028692 -0.00281771 -0.00282523 -0.0028692 -0.00234088 -0.00282523 -0.00229781 -0.00247263 -0.00136102 -0.00234088 -0.0012779 -0.00136102 0.000119674 -0.0012779 0.000121228 -0.00234088 -0.0012779 -0.00229781 -0.00125079 -0.0012779 0.000121228 -0.00125079 0.000121748 9.13857e-05 0.00392997 9.79067e-05 0.00319534 0.00392997 0.00627785 0.00319534 0.00519086 9.79067e-05 0.00319534 0.000103876 0.00265173 0.00319534 0.00519086 0.00265173 0.00436926 0.00627785 0.00659411 0.00519086 0.00563576 0.00659411 0.00539997 0.00563576 0.00484734 0.00519086 0.00563576 0.00436926 0.00488323 0.00563576 0.00484734 0.00488323 0.00438136 0.000103876 0.00265173 0.000109139 0.00224936 0.00265173 0.00436926 0.00224936 0.00375016 0.000109139 0.00224936 0.000113579 0.00195514 0.00224936 0.00375016 0.00195514 0.00329068 0.00436926 0.00488323 0.00375016 0.00429821 0.00488323 0.00438136 0.00429821 0.00399853 0.00375016 0.00429821 0.00329068 0.00385289 0.00429821 0.00399853 0.00385289 0.00369422 0.00539997 0.00364873 0.00484734 0.00350727 0.00364873 0.00207888 0.00350727 0.00220185 0.00484734 0.00350727 0.00438136 0.00335441 0.00350727 0.00220185 0.00335441 0.00226732 0.00207888 0.000997903 0.00220185 0.00122535 0.000997903 0.000405125 0.00122535 0.000628587 0.00220185 0.00122535 0.00226732 0.00138966 0.00122535 0.000628587 0.00138966 0.000801365 0.00438136 0.00335441 0.00399853 0.00320762 0.00335441 0.00226732 0.00320762 0.00229613 0.00399853 0.00320762 0.00369422 0.0030778 0.00320762 0.00229613 0.0030778 0.0023031 0.00226732 0.00138966 0.00229613 0.00150597 0.00138966 0.000801365 0.00150597 0.000932149 0.00229613 0.00150597 0.0023031 0.00158612 0.00150597 0.000932149 0.00158612 0.00102845 0.000113579 0.00195514 0.000117111 0.00174614 0.00195514 0.00329068 0.00174614 0.00296038 0.000117111 0.00174614 0.000119674 0.00160675 0.00174614 0.00296038 0.00160675 0.0027381 0.00329068 0.00385289 0.00296038 0.00352632 0.00385289 0.00369422 0.00352632 0.00346354 0.00296038 0.00352632 0.0027381 0.00330326 0.00352632 0.00346354 0.00330326 0.00330214 0.000119674 0.00160675 0.000121228 0.00152687 0.00160675 0.0027381 0.00152687 0.00260995 0.000121228 0.00152687 0.000121748 0.00150085 0.00152687 0.00260995 0.00150085 0.00256809 0.0027381 0.00330326 0.00260995 0.00317341 0.00330326 0.00330214 0.00317341 0.00320669 0.00260995 0.00317341 0.00256809 0.00313077 0.00317341 0.00320669 0.00313077 0.0031751 0.00369422 0.0030778 0.00346354 0.00297177 0.0030778 0.0023031 0.00297177 0.00229893 0.00346354 0.00297177 0.00330214 0.00289372 0.00297177 0.00229893 0.00289372 0.00229112 0.0023031 0.00158612 0.00229893 0.00163938 0.00158612 0.00102845 0.00163938 0.00109662 0.00229893 0.00163938 0.00229112 0.00167267 0.00163938 0.00109662 0.00167267 0.00114168 0.00330214 0.00289372 0.00320669 0.00284606 0.00289372 0.00229112 0.00284606 0.00228458 0.00320669 0.00284606 0.0031751 0.00283004 0.00284606 0.00228458 0.00283004 0.0022821 0.00229112 0.00167267 0.00228458 0.00169077 0.00167267 0.00114168 0.00169077 0.00116726 0.00228458 0.00169077 0.0022821 0.00169649 0.00169077 0.00116726 0.00169649 0.00117555 0.000405125 0.000182503 0.000628587 0.000344707 0.000182503 0.000208889 0.000344707 0.000279498 0.000628587 0.000344707 0.000801365 0.000471977 0.000344707 0.000279498 0.000471977 0.000328906 0.000208889 0.000394667 0.000279498 0.000346881 0.000394667 0.000678031 0.000346881 0.000470706 0.000279498 0.000346881 0.000328906 0.000289077 0.000346881 0.000470706 0.000289077 0.000258695 0.000801365 0.000471977 0.000932149 0.000569347 0.000471977 0.000328906 0.000569347 0.000361757 0.000932149 0.000569347 0.00102845 0.000641582 0.000569347 0.000361757 0.000641582 0.000382243 0.000328906 0.000289077 0.000361757 0.000229767 0.000289077 0.000258695 0.000229767 6.9967e-05 0.000361757 0.000229767 0.000382243 0.000174352 0.000229767 6.9967e-05 0.000174352 -8.95592e-05 0.000678031 0.00101158 0.000470706 0.000577273 0.00101158 0.00134951 0.000577273 0.000614823 0.000470706 0.000577273 0.000258695 9.78999e-05 0.000577273 0.000614823 9.78999e-05 -0.000523469 0.00134951 0.00162632 0.000614823 0.000361529 0.00162632 0.00158641 0.000361529 -0.0126962 0.000614823 0.000361529 -0.000523469 -0.00273153 0.000361529 -0.0126962 -0.00273153 -0.00900404 0.000258695 9.78999e-05 6.9967e-05 -0.000280236 9.78999e-05 -0.000523469 -0.000280236 -0.00117305 6.9967e-05 -0.000280236 -8.95592e-05 -0.000573731 -0.000280236 -0.00117305 -0.000573731 -0.00157057 -0.000523469 -0.00273153 -0.00117305 -0.00352313 -0.00273153 -0.00900404 -0.00352313 -0.00648361 -0.00117305 -0.00352313 -0.00157057 -0.00353152 -0.00352313 -0.00648361 -0.00353152 -0.00523323 0.00102845 0.000641582 0.00109662 0.000692954 0.000641582 0.000382243 0.000692954 0.000394073 0.00109662 0.000692954 0.00114168 0.000727 0.000692954 0.000394073 0.000727 0.000400288 0.000382243 0.000174352 0.000394073 0.000127165 0.000174352 -8.95592e-05 0.000127165 -0.000215436 0.000394073 0.000127165 0.000400288 9.1407e-05 0.000127165 -0.000215436 9.1407e-05 -0.000305578 0.00114168 0.000727 0.00116726 0.00074635 0.000727 0.000400288 0.00074635 0.000403115 0.00116726 0.00074635 0.00117555 0.000752619 0.00074635 0.000403115 0.000752619 0.000403906 0.000400288 9.1407e-05 0.000403115 6.91802e-05 9.1407e-05 -0.000305578 6.91802e-05 -0.000359518 0.000403115 6.91802e-05 0.000403906 6.16482e-05 6.91802e-05 -0.000359518 6.16482e-05 -0.000377448 -8.95592e-05 -0.000573731 -0.000215436 -0.000787799 -0.000573731 -0.00157057 -0.000787799 -0.00180376 -0.000215436 -0.000787799 -0.000305578 -0.00093108 -0.000787799 -0.00180376 -0.00093108 -0.00193135 -0.00157057 -0.00353152 -0.00180376 -0.00339071 -0.00353152 -0.00523323 -0.00339071 -0.00459481 -0.00180376 -0.00339071 -0.00193135 -0.00326694 -0.00339071 -0.00459481 -0.00326694 -0.00425331 -0.000305578 -0.00093108 -0.000359518 -0.00101265 -0.00093108 -0.00193135 -0.00101265 -0.0019934 -0.000359518 -0.00101265 -0.000377448 -0.00103906 -0.00101265 -0.0019934 -0.00103906 -0.00201182 -0.00193135 -0.00326694 -0.0019934 -0.00319176 -0.00326694 -0.00425331 -0.00319176 -0.00408108 -0.0019934 -0.00319176 -0.00201182 -0.00316704 -0.00319176 -0.00408108 -0.00316704 -0.00402813 0.000597841 0.000445122 0.000578134 0.000421827 0.000445122 0.000549216 0.000421827 0.000548428 0.000578134 0.000421827 0.000515991 0.000347423 0.000421827 0.000548428 0.000347423 0.000549051 0.000549216 0.000682362 0.000548428 0.000691525 0.000682362 0.000711329 0.000691525 0.000721701 0.000548428 0.000691525 0.000549051 0.000720314 0.000691525 0.000721701 0.000720314 0.000752942 0.000515991 0.000347423 0.00039694 0.000209678 0.000347423 0.000549051 0.000209678 0.000561477 0.00039694 0.000209678 0.000168441 2.4324e-06 0.000209678 0.000561477 2.4324e-06 0.000607008 0.000549051 0.000720314 0.000561477 0.000772436 0.000720314 0.000752942 0.000772436 0.000805294 0.000561477 0.000772436 0.000607008 0.00085332 0.000772436 0.000805294 0.00085332 0.000878697 0.000711329 0.000611911 0.000721701 0.000622129 0.000611911 0.000383987 0.000622129 0.000394575 0.000721701 0.000622129 0.000752942 0.00065267 0.000622129 0.000394575 0.00065267 0.000426325 0.000383987 2.36316e-05 0.000394575 3.46068e-05 2.36316e-05 -0.000472248 3.46068e-05 -0.00046229 0.000394575 3.46068e-05 0.000426325 6.77498e-05 3.46068e-05 -0.00046229 6.77498e-05 -0.000431893 0.000752942 0.00065267 0.000805294 0.000703145 0.00065267 0.000426325 0.000703145 0.000479174 0.000805294 0.000703145 0.000878697 0.000772761 0.000703145 0.000479174 0.000772761 0.000552954 0.000426325 6.77498e-05 0.000479174 0.0001237 6.77498e-05 -0.000431893 0.0001237 -0.000379491 0.000479174 0.0001237 0.000552954 0.000203482 0.0001237 -0.000379491 0.000203482 -0.000302465 0.000168441 2.4324e-06 -0.000349867 -0.000197045 2.4324e-06 0.000607008 -0.000197045 0.000721107 -0.000349867 -0.000197045 -0.00168376 7.13309e-05 -0.000197045 0.000721107 7.13309e-05 0.000968492 0.000607008 0.00085332 0.000721107 0.000968812 0.00085332 0.000878697 0.000968812 0.000972255 0.000721107 0.000968812 0.000968492 0.00112418 0.000968812 0.000972255 0.00112418 0.00108387 -0.00168376 7.13309e-05 -0.00446812 0.00213524 7.13309e-05 0.000968492 0.00213524 0.00156538 -0.00446812 0.00213524 0.00202321 0.00201544 0.00213524 0.00156538 0.00201544 0.00171699 0.000968492 0.00112418 0.00156538 0.00133873 0.00112418 0.00108387 0.00133873 0.00121108 0.00156538 0.00133873 0.00171699 0.00148865 0.00133873 0.00121108 0.00148865 0.00133242 0.000878697 0.000772761 0.000972255 0.000860162 0.000772761 0.000552954 0.000860162 0.000647313 0.000972255 0.000860162 0.00108387 0.000963332 0.000860162 0.000647313 0.000963332 0.000761632 0.000552954 0.000203482 0.000647313 0.000308433 0.000203482 -0.000302465 0.000308433 -0.000197153 0.000647313 0.000308433 0.000761632 0.000440099 0.000308433 -0.000197153 0.000440099 -5.88846e-05 0.00108387 0.000963332 0.00121108 0.00107949 0.000963332 0.000761632 0.00107949 0.00089489 0.00121108 0.00107949 0.00133242 0.00120304 0.00107949 0.00089489 0.00120304 0.00104538 0.000761632 0.000440099 0.00089489 0.000600069 0.000440099 -5.88846e-05 0.000600069 0.000117937 0.00089489 0.000600069 0.00104538 0.000789843 0.000600069 0.000117937 0.000789843 0.000339913 -0.000472248 -0.00108867 -0.00046229 -0.00108298 -0.00108867 -0.00177034 -0.00108298 -0.00177374 -0.00046229 -0.00108298 -0.000431893 -0.0010651 -0.00108298 -0.00177374 -0.0010651 -0.00178311 -0.00177034 -0.00240346 -0.00177374 -0.00242078 -0.00240346 -0.00281771 -0.00242078 -0.00285069 -0.00177374 -0.00242078 -0.00178311 -0.00247241 -0.00242078 -0.00285069 -0.00247241 -0.00295037 -0.000431893 -0.0010651 -0.000379491 -0.0010326 -0.0010651 -0.00178311 -0.0010326 -0.0017959 -0.000379491 -0.0010326 -0.000302465 -0.000981327 -0.0010326 -0.0017959 -0.000981327 -0.00180757 -0.00178311 -0.00247241 -0.0017959 -0.00255724 -0.00247241 -0.00295037 -0.00255724 -0.00311891 -0.0017959 -0.00255724 -0.00180757 -0.00267306 -0.00255724 -0.00311891 -0.00267306 -0.00335975 -0.00281771 -0.00282523 -0.00285069 -0.0028692 -0.00282523 -0.00229781 -0.0028692 -0.00234088 -0.00285069 -0.0028692 -0.00295037 -0.00300306 -0.0028692 -0.00234088 -0.00300306 -0.00247263 -0.00229781 -0.00125079 -0.00234088 -0.0012779 -0.00125079 0.000121748 -0.0012779 0.000121228 -0.00234088 -0.0012779 -0.00247263 -0.00136102 -0.0012779 0.000121228 -0.00136102 0.000119674 -0.00295037 -0.00300306 -0.00311891 -0.00323283 -0.00300306 -0.00247263 -0.00323283 -0.0027009 -0.00311891 -0.00323283 -0.00335975 -0.00356887 -0.00323283 -0.0027009 -0.00356887 -0.00303957 -0.00247263 -0.00136102 -0.0027009 -0.00150579 -0.00136102 0.000119674 -0.00150579 0.000117111 -0.0027009 -0.00150579 -0.00303957 -0.00172222 -0.00150579 0.000117111 -0.00172222 0.000113579 -0.000302465 -0.000981327 -0.000197153 -0.000905173 -0.000981327 -0.00180757 -0.000905173 -0.00181111 -0.000197153 -0.000905173 -5.88846e-05 -0.000795893 -0.000905173 -0.00181111 -0.000795893 -0.00179646 -0.00180757 -0.00267306 -0.00181111 -0.00281599 -0.00267306 -0.00335975 -0.00281599 -0.00367742 -0.00181111 -0.00281599 -0.00179646 -0.00297959 -0.00281599 -0.00367742 -0.00297959 -0.00407701 -5.88846e-05 -0.000795893 0.000117937 -0.000642808 -0.000795893 -0.00179646 -0.000642808 -0.00174947 0.000117937 -0.000642808 0.000339913 -0.000432023 -0.000642808 -0.00174947 -0.000432023 -0.00165005 -0.00179646 -0.00297959 -0.00174947 -0.00315337 -0.00297959 -0.00407701 -0.00315337 -0.00456341 -0.00174947 -0.00315337 -0.00165005 -0.00332033 -0.00315337 -0.00456341 -0.00332033 -0.00514037 -0.00335975 -0.00356887 -0.00367742 -0.00402648 -0.00356887 -0.00303957 -0.00402648 -0.00350976 -0.00367742 -0.00402648 -0.00407701 -0.00462667 -0.00402648 -0.00350976 -0.00462667 -0.00414188 -0.00303957 -0.00172222 -0.00350976 -0.00202583 -0.00172222 0.000113579 -0.00202583 0.000109139 -0.00350976 -0.00202583 -0.00414188 -0.00243942 -0.00202583 0.000109139 -0.00243942 0.000103876 -0.00407701 -0.00462667 -0.00456341 -0.00539737 -0.00462667 -0.00414188 -0.00539737 -0.00497875 -0.00456341 -0.00539737 -0.00514037 -0.00637696 -0.00539737 -0.00497875 -0.00637696 -0.00608315 -0.00414188 -0.00243942 -0.00497875 -0.0029959 -0.00243942 0.000103876 -0.0029959 9.79067e-05 -0.00497875 -0.0029959 -0.00608315 -0.00374479 -0.0029959 9.79067e-05 -0.00374479 9.13857e-05 0.000121748 0.00150085 0.000121228 0.00152687 0.00150085 0.00256809 0.00152687 0.00260995 0.000121228 0.00152687 0.000119674 0.00160675 0.00152687 0.00260995 0.00160675 0.0027381 0.00256809 0.00313077 0.00260995 0.00317341 0.00313077 0.0031751 0.00317341 0.00320669 0.00260995 0.00317341 0.0027381 0.00330326 0.00317341 0.00320669 0.00330326 0.00330214 0.000119674 0.00160675 0.000117111 0.00174614 0.00160675 0.0027381 0.00174614 0.00296038 0.000117111 0.00174614 0.000113579 0.00195514 0.00174614 0.00296038 0.00195514 0.00329068 0.0027381 0.00330326 0.00296038 0.00352632 0.00330326 0.00330214 0.00352632 0.00346354 0.00296038 0.00352632 0.00329068 0.00385289 0.00352632 0.00346354 0.00385289 0.00369422 0.0031751 0.00283004 0.00320669 0.00284606 0.00283004 0.0022821 0.00284606 0.00228458 0.00320669 0.00284606 0.00330214 0.00289372 0.00284606 0.00228458 0.00289372 0.00229112 0.0022821 0.00169649 0.00228458 0.00169077 0.00169649 0.00117555 0.00169077 0.00116726 0.00228458 0.00169077 0.00229112 0.00167267 0.00169077 0.00116726 0.00167267 0.00114168 0.00330214 0.00289372 0.00346354 0.00297177 0.00289372 0.00229112 0.00297177 0.00229893 0.00346354 0.00297177 0.00369422 0.0030778 0.00297177 0.00229893 0.0030778 0.0023031 0.00229112 0.00167267 0.00229893 0.00163938 0.00167267 0.00114168 0.00163938 0.00109662 0.00229893 0.00163938 0.0023031 0.00158612 0.00163938 0.00109662 0.00158612 0.00102845 0.000113579 0.00195514 0.000109139 0.00224936 0.00195514 0.00329068 0.00224936 0.00375016 0.000109139 0.00224936 0.000103876 0.00265173 0.00224936 0.00375016 0.00265173 0.00436926 0.00329068 0.00385289 0.00375016 0.00429821 0.00385289 0.00369422 0.00429821 0.00399853 0.00375016 0.00429821 0.00436926 0.00488323 0.00429821 0.00399853 0.00488323 0.00438136 0.000103876 0.00265173 9.79067e-05 0.00319534 0.00265173 0.00436926 0.00319534 0.00519086 9.79067e-05 0.00319534 9.13857e-05 0.00392997 0.00319534 0.00519086 0.00392997 0.00627785 0.00436926 0.00488323 0.00519086 0.00563576 0.00488323 0.00438136 0.00563576 0.00484734 0.00519086 0.00563576 0.00627785 0.00659411 0.00563576 0.00484734 0.00659411 0.00539997 0.00369422 0.0030778 0.00399853 0.00320762 0.0030778 0.0023031 0.00320762 0.00229613 0.00399853 0.00320762 0.00438136 0.00335441 0.00320762 0.00229613 0.00335441 0.00226732 0.0023031 0.00158612 0.00229613 0.00150597 0.00158612 0.00102845 0.00150597 0.000932149 0.00229613 0.00150597 0.00226732 0.00138966 0.00150597 0.000932149 0.00138966 0.000801365 0.00438136 0.00335441 0.00484734 0.00350727 0.00335441 0.00226732 0.00350727 0.00220185 0.00484734 0.00350727 0.00539997 0.00364873 0.00350727 0.00220185 0.00364873 0.00207888 0.00226732 0.00138966 0.00220185 0.00122535 0.00138966 0.000801365 0.00122535 0.000628587 0.00220185 0.00122535 0.00207888 0.000997903 0.00122535 0.000628587 0.000997903 0.000405125 0.00117555 0.000752619 0.00116726 0.00074635 0.000752619 0.000403906 0.00074635 0.000403115 0.00116726 0.00074635 0.00114168 0.000727 0.00074635 0.000403115 0.000727 0.000400288 0.000403906 6.16482e-05 0.000403115 6.91802e-05 6.16482e-05 -0.000377448 6.91802e-05 -0.000359518 0.000403115 6.91802e-05 0.000400288 9.1407e-05 6.91802e-05 -0.000359518 9.1407e-05 -0.000305578 0.00114168 0.000727 0.00109662 0.000692954 0.000727 0.000400288 0.000692954 0.000394073 0.00109662 0.000692954 0.00102845 0.000641582 0.000692954 0.000394073 0.000641582 0.000382243 0.000400288 9.1407e-05 0.000394073 0.000127165 9.1407e-05 -0.000305578 0.000127165 -0.000215436 0.000394073 0.000127165 0.000382243 0.000174352 0.000127165 -0.000215436 0.000174352 -8.95592e-05 -0.000377448 -0.00103906 -0.000359518 -0.00101265 -0.00103906 -0.00201182 -0.00101265 -0.0019934 -0.000359518 -0.00101265 -0.000305578 -0.00093108 -0.00101265 -0.0019934 -0.00093108 -0.00193135 -0.00201182 -0.00316704 -0.0019934 -0.00319176 -0.00316704 -0.00402813 -0.00319176 -0.00408108 -0.0019934 -0.00319176 -0.00193135 -0.00326694 -0.00319176 -0.00408108 -0.00326694 -0.00425331 -0.000305578 -0.00093108 -0.000215436 -0.000787799 -0.00093108 -0.00193135 -0.000787799 -0.00180376 -0.000215436 -0.000787799 -8.95592e-05 -0.000573731 -0.000787799 -0.00180376 -0.000573731 -0.00157057 -0.00193135 -0.00326694 -0.00180376 -0.00339071 -0.00326694 -0.00425331 -0.00339071 -0.00459481 -0.00180376 -0.00339071 -0.00157057 -0.00353152 -0.00339071 -0.00459481 -0.00353152 -0.00523323 0.00102845 0.000641582 0.000932149 0.000569347 0.000641582 0.000382243 0.000569347 0.000361757 0.000932149 0.000569347 0.000801365 0.000471977 0.000569347 0.000361757 0.000471977 0.000328906 0.000382243 0.000174352 0.000361757 0.000229767 0.000174352 -8.95592e-05 0.000229767 6.9967e-05 0.000361757 0.000229767 0.000328906 0.000289077 0.000229767 6.9967e-05 0.000289077 0.000258695 0.000801365 0.000471977 0.000628587 0.000344707 0.000471977 0.000328906 0.000344707 0.000279498 0.000628587 0.000344707 0.000405125 0.000182503 0.000344707 0.000279498 0.000182503 0.000208889 0.000328906 0.000289077 0.000279498 0.000346881 0.000289077 0.000258695 0.000346881 0.000470706 0.000279498 0.000346881 0.000208889 0.000394667 0.000346881 0.000470706 0.000394667 0.000678031 -8.95592e-05 -0.000573731 6.9967e-05 -0.000280236 -0.000573731 -0.00157057 -0.000280236 -0.00117305 6.9967e-05 -0.000280236 0.000258695 9.78999e-05 -0.000280236 -0.00117305 9.78999e-05 -0.000523469 -0.00157057 -0.00353152 -0.00117305 -0.00352313 -0.00353152 -0.00523323 -0.00352313 -0.00648361 -0.00117305 -0.00352313 -0.000523469 -0.00273153 -0.00352313 -0.00648361 -0.00273153 -0.00900404 0.000258695 9.78999e-05 0.000470706 0.000577273 9.78999e-05 -0.000523469 0.000577273 0.000614823 0.000470706 0.000577273 0.000678031 0.00101158 0.000577273 0.000614823 0.00101158 0.00134951 -0.000523469 -0.00273153 0.000614823 0.000361529 -0.00273153 -0.00900404 0.000361529 -0.0126962 0.000614823 0.000361529 0.00134951 0.00162632 0.000361529 -0.0126962 0.00162632 0.00158641 0.00202321 0.00201544 0.00198495 0.00191056 0.00201544 0.00171699 0.00191056 0.00168097 0.00198495 0.00191056 0.00188997 0.00182058 0.00191056 0.00168097 0.00182058 0.00164091 0.00171699 0.00148865 0.00168097 0.00147086 0.00148865 0.00133242 0.00147086 0.00129794 0.00168097 0.00147086 0.00164091 0.00144637 0.00147086 0.00129794 0.00144637 0.00126195 0.00188997 0.00182058 0.00180919 0.00175099 0.00182058 0.00164091 0.00175099 0.00160176 0.00180919 0.00175099 0.00174669 0.00169718 0.00175099 0.00160176 0.00169718 0.00156697 0.00164091 0.00144637 0.00160176 0.00141958 0.00144637 0.00126195 0.00141958 0.00122719 0.00160176 0.00141958 0.00156697 0.00139387 0.00141958 0.00122719 0.00139387 0.00119591 0.00133242 0.00120304 0.00129794 0.00113247 0.00120304 0.00104538 0.00113247 0.000927036 0.00129794 0.00113247 0.00126195 0.00106805 0.00113247 0.000927036 0.00106805 0.000824744 0.00104538 0.000789843 0.000927036 0.000619652 0.000789843 0.000339913 0.000619652 0.000129905 0.000927036 0.000619652 0.000824744 0.000478508 0.000619652 0.000129905 0.000478508 -3.54117e-05 0.00126195 0.00106805 0.00122719 0.00101134 0.00106805 0.000824744 0.00101134 0.000738729 0.00122719 0.00101134 0.00119591 0.000963529 0.00101134 0.000738729 0.000963529 0.000668926 0.000824744 0.000478508 0.000738729 0.000364143 0.000478508 -3.54117e-05 0.000364143 -0.000163089 0.000738729 0.000364143 0.000668926 0.0002743 0.000364143 -0.000163089 0.0002743 -0.000259129 0.00174669 0.00169718 0.00170049 0.0016568 0.00169718 0.00156697 0.0016568 0.00153856 0.00170049 0.0016568 0.00166871 0.0016286 0.0016568 0.00153856 0.0016286 0.00151767 0.00156697 0.00139387 0.00153856 0.0013717 0.00139387 0.00119591 0.0013717 0.00116986 0.00153856 0.0013717 0.00151767 0.00135478 0.0013717 0.00116986 0.00135478 0.00115036 0.00166871 0.0016286 0.00165009 0.00161193 0.0016286 0.00151767 0.00161193 0.00150492 0.00165009 0.00161193 0.00164396 0.00160641 0.00161193 0.00150492 0.00160641 0.00150063 0.00151767 0.00135478 0.00150492 0.00134421 0.00135478 0.00115036 0.00134421 0.00113831 0.00150492 0.00134421 0.00150063 0.00134062 0.00134421 0.00113831 0.00134062 0.00113424 0.00119591 0.000963529 0.00116986 0.000925518 0.000963529 0.000668926 0.000925518 0.000615095 0.00116986 0.000925518 0.00115036 0.00089795 0.000925518 0.000615095 0.00089795 0.000576932 0.000668926 0.0002743 0.000615095 0.00020687 0.0002743 -0.000259129 0.00020687 -0.000328557 0.000615095 0.00020687 0.000576932 0.000160066 0.00020687 -0.000328557 0.000160066 -0.000375321 0.00115036 0.00089795 0.00113831 0.000881249 0.00089795 0.000576932 0.000881249 0.000554161 0.00113831 0.000881249 0.00113424 0.000875656 0.000881249 0.000554161 0.000875656 0.000546593 0.000576932 0.000160066 0.000554161 0.00013254 0.000160066 -0.000375321 0.00013254 -0.000402249 0.000554161 0.00013254 0.000546593 0.000123459 0.00013254 -0.000402249 0.000123459 -0.000411036 0.000339913 -0.000432023 0.000129905 -0.000635475 -0.000432023 -0.00165005 -0.000635475 -0.00174496 0.000129905 -0.000635475 -3.54117e-05 -0.00078151 -0.000635475 -0.00174496 -0.00078151 -0.00178761 -0.00165005 -0.00332033 -0.00174496 -0.00315057 -0.00332033 -0.00514037 -0.00315057 -0.00456163 -0.00174496 -0.00315057 -0.00178761 -0.0029741 -0.00315057 -0.00456163 -0.0029741 -0.00407353 -3.54117e-05 -0.00078151 -0.000163089 -0.000884294 -0.00078151 -0.00178761 -0.000884294 -0.00179827 -0.000163089 -0.000884294 -0.000259129 -0.000954759 -0.000884294 -0.00179827 -0.000954759 -0.00179122 -0.00178761 -0.0029741 -0.00179827 -0.00280802 -0.0029741 -0.00407353 -0.00280802 -0.00367236 -0.00179827 -0.00280802 -0.00179122 -0.00266291 -0.00280802 -0.00367236 -0.00266291 -0.00335331 -0.00514037 -0.00637696 -0.00456163 -0.00539618 -0.00637696 -0.00608315 -0.00539618 -0.00497785 -0.00456163 -0.00539618 -0.00407353 -0.00462434 -0.00539618 -0.00497785 -0.00462434 -0.00414012 -0.00608315 -0.00374479 -0.00497785 -0.00299508 -0.00374479 9.13857e-05 -0.00299508 9.88598e-05 -0.00497785 -0.00299508 -0.00414012 -0.0024378 -0.00299508 9.88598e-05 -0.0024378 0.000105746 -0.00407353 -0.00462434 -0.00367236 -0.00402309 -0.00462434 -0.00414012 -0.00402309 -0.00350721 -0.00367236 -0.00402309 -0.00335331 -0.00356456 -0.00402309 -0.00350721 -0.00356456 -0.00303632 -0.00414012 -0.0024378 -0.00350721 -0.00202349 -0.0024378 0.000105746 -0.00202349 0.000111853 -0.00350721 -0.00202349 -0.00303632 -0.00171923 -0.00202349 0.000111853 -0.00171923 0.000117034 -0.000259129 -0.000954759 -0.000328557 -0.00100137 -0.000954759 -0.00179122 -0.00100137 -0.00177668 -0.000328557 -0.00100137 -0.000375321 -0.00103039 -0.00100137 -0.00177668 -0.00103039 -0.00176175 -0.00179122 -0.00266291 -0.00177668 -0.00254531 -0.00266291 -0.00335331 -0.00254531 -0.00311134 -0.00177668 -0.00254531 -0.00176175 -0.00245916 -0.00254531 -0.00311134 -0.00245916 -0.00294196 -0.000375321 -0.00103039 -0.000402249 -0.00104614 -0.00103039 -0.00176175 -0.00104614 -0.00175107 -0.000402249 -0.00104614 -0.000411036 -0.00105112 -0.00104614 -0.00175107 -0.00105112 -0.00174722 -0.00176175 -0.00245916 -0.00175107 -0.00240671 -0.00245916 -0.00294196 -0.00240671 -0.00284176 -0.00175107 -0.00240671 -0.00174722 -0.00238911 -0.00240671 -0.00284176 -0.00238911 -0.0028086 -0.00335331 -0.00356456 -0.00311134 -0.00322776 -0.00356456 -0.00303632 -0.00322776 -0.00269708 -0.00311134 -0.00322776 -0.00294196 -0.00299743 -0.00322776 -0.00269708 -0.00299743 -0.00246838 -0.00303632 -0.00171923 -0.00269708 -0.00150228 -0.00171923 0.000117034 -0.00150228 0.000121173 -0.00269708 -0.00150228 -0.00246838 -0.00135712 -0.00150228 0.000121173 -0.00135712 0.000124188 -0.00294196 -0.00299743 -0.00284176 -0.00286322 -0.00299743 -0.00246838 -0.00286322 -0.00233637 -0.00284176 -0.00286322 -0.0028086 -0.00281913 -0.00286322 -0.00233637 -0.00281913 -0.00229321 -0.00246838 -0.00135712 -0.00233637 -0.00127376 -0.00135712 0.000124188 -0.00127376 0.000126019 -0.00233637 -0.00127376 -0.00229321 -0.00124657 -0.00127376 0.000126019 -0.00124657 0.000126633 9.13857e-05 0.00392997 9.88598e-05 0.00319666 0.00392997 0.00627785 0.00319666 0.00519287 9.88598e-05 0.00319666 0.000105746 0.00265431 0.00319666 0.00519287 0.00265431 0.00437319 0.00627785 0.00659411 0.00519287 0.00563895 0.00659411 0.00539997 0.00563895 0.00485249 0.00519287 0.00563895 0.00437319 0.00488947 0.00563895 0.00485249 0.00488947 0.00439146 0.000105746 0.00265431 0.000111853 0.00225311 0.00265431 0.00437319 0.00225311 0.00375587 0.000111853 0.00225311 0.000117034 0.00195992 0.00225311 0.00375587 0.00195992 0.00329794 0.00437319 0.00488947 0.00375587 0.00430728 0.00488947 0.00439146 0.00430728 0.00401319 0.00375587 0.00430728 0.00329794 0.00386443 0.00430728 0.00401319 0.00386443 0.00371288 0.00539997 0.00364873 0.00485249 0.00351565 0.00364873 0.00207888 0.00351565 0.00221552 0.00485249 0.00351565 0.00439146 0.00337084 0.00351565 0.00221552 0.00337084 0.00229413 0.00207888 0.000997903 0.00221552 0.00124766 0.000997903 0.000405125 0.00124766 0.00066506 0.00221552 0.00124766 0.00229413 0.00143343 0.00124766 0.00066506 0.00143343 0.0008729 0.00439146 0.00337084 0.00401319 0.00323148 0.00337084 0.00229413 0.00323148 0.00233504 0.00401319 0.00323148 0.00371288 0.00310816 0.00323148 0.00233504 0.00310816 0.00235262 0.00229413 0.00143343 0.00233504 0.00156951 0.00143343 0.0008729 0.00156951 0.00103598 0.00233504 0.00156951 0.00235262 0.00166699 0.00156951 0.00103598 0.00166699 0.00116057 0.000117034 0.00195992 0.000121173 0.00175176 0.00195992 0.00329794 0.00175176 0.00296892 0.000121173 0.00175176 0.000124188 0.00161298 0.00175176 0.00296892 0.00161298 0.00274759 0.00329794 0.00386443 0.00296892 0.00353989 0.00386443 0.00371288 0.00353989 0.00348548 0.00296892 0.00353989 0.00274759 0.00331834 0.00353989 0.00348548 0.00331834 0.00332651 0.000124188 0.00161298 0.000126019 0.00153349 0.00161298 0.00274759 0.00153349 0.00262003 0.000126019 0.00153349 0.000126633 0.0015076 0.00153349 0.00262003 0.0015076 0.00257836 0.00274759 0.00331834 0.00262003 0.00318942 0.00331834 0.00332651 0.00318942 0.00323256 0.00262003 0.00318942 0.00257836 0.0031471 0.00318942 0.00323256 0.0031471 0.00320149 0.00371288 0.00310816 0.00348548 0.00300747 0.00310816 0.00235262 0.00300747 0.00235716 0.00348548 0.00300747 0.00332651 0.00293338 0.00300747 0.00235716 0.00293338 0.00235582 0.00235262 0.00166699 0.00235716 0.00173446 0.00166699 0.00116057 0.00173446 0.00125193 0.00235716 0.00173446 0.00235582 0.00177831 0.00173446 0.00125193 0.00177831 0.00131421 0.00332651 0.00293338 0.00323256 0.00288816 0.00293338 0.00235582 0.00288816 0.00235326 0.00323256 0.00288816 0.00320149 0.00287297 0.00288816 0.00235326 0.00287297 0.00235212 0.00235582 0.00177831 0.00235326 0.00180291 0.00177831 0.00131421 0.00180291 0.00135039 0.00235326 0.00180291 0.00235212 0.00181083 0.00180291 0.00135039 0.00181083 0.00136225 0.000405125 0.000182503 0.00066506 0.000404374 0.000182503 0.000208889 0.000404374 0.000377317 0.00066506 0.000404374 0.0008729 0.000588996 0.000404374 0.000377317 0.000588996 0.000520767 0.000208889 0.000394667 0.000377317 0.000507912 0.000394667 0.000678031 0.000507912 0.000737304 0.000377317 0.000507912 0.000520767 0.000605493 0.000507912 0.000737304 0.000605493 0.000788563 0.0008729 0.000588996 0.00103598 0.000739137 0.000588996 0.000520767 0.000739137 0.000639894 0.00103598 0.000739137 0.00116057 0.00085753 0.000739137 0.000639894 0.00085753 0.000735574 0.000520767 0.000605493 0.000639894 0.000687437 0.000605493 0.000788563 0.000687437 0.000831858 0.000639894 0.000687437 0.000735574 0.00075393 0.000687437 0.000831858 0.00075393 0.000867229 0.000678031 0.00101158 0.000737304 0.00101669 0.00101158 0.00134951 0.00101669 0.00129754 0.000737304 0.00101669 0.000788563 0.00102139 0.00101669 0.00129754 0.00102139 0.00125509 0.00134951 0.00162632 0.00129754 0.0015185 0.00162632 0.00158641 0.0015185 0.0015667 0.00129754 0.0015185 0.00125509 0.00143158 0.0015185 0.0015667 0.00143158 0.00148774 0.000788563 0.00102139 0.000831858 0.00102579 0.00102139 0.00125509 0.00102579 0.00122145 0.000831858 0.00102579 0.000867229 0.00102983 0.00102579 0.00122145 0.00102983 0.00119573 0.00125509 0.00143158 0.00122145 0.00136694 0.00143158 0.00148774 0.00136694 0.00141787 0.00122145 0.00136694 0.00119573 0.00131873 0.00136694 0.00141787 0.00131873 0.00136317 0.00116057 0.00085753 0.00125193 0.000946699 0.00085753 0.000735574 0.000946699 0.000808754 0.00125193 0.000946699 0.00131421 0.00100877 0.000946699 0.000808754 0.00100877 0.000860313 0.000735574 0.00075393 0.000808754 0.000805238 0.00075393 0.000867229 0.000805238 0.000894707 0.000808754 0.000805238 0.000860313 0.00084164 0.000805238 0.000894707 0.00084164 0.000914318 0.00131421 0.00100877 0.00135039 0.00104536 0.00100877 0.000860313 0.00104536 0.00089095 0.00135039 0.00104536 0.00136225 0.00105744 0.00104536 0.00089095 0.00105744 0.00090111 0.000860313 0.00084164 0.00089095 0.000863375 0.00084164 0.000914318 0.000863375 0.000926077 0.00089095 0.000863375 0.00090111 0.000870602 0.000863375 0.000926077 0.000870602 0.000929996 0.000867229 0.00102983 0.000894707 0.00103332 0.00102983 0.00119573 0.00103332 0.00117695 0.000894707 0.00103332 0.000914318 0.00103604 0.00103332 0.00117695 0.00103604 0.00116423 0.00119573 0.00131873 0.00117695 0.00128371 0.00131873 0.00136317 0.00128371 0.00132275 0.00117695 0.00128371 0.00116423 0.0012599 0.00128371 0.00132275 0.0012599 0.00129508 0.000914318 0.00103604 0.000926077 0.00103776 0.00103604 0.00116423 0.00103776 0.00115687 0.000926077 0.00103776 0.000929996 0.00103835 0.00103776 0.00115687 0.00103835 0.00115446 0.00116423 0.0012599 0.00115687 0.00124608 0.0012599 0.00129508 0.00124608 0.00127897 0.00115687 0.00124608 0.00115446 0.00124155 0.00124608 0.00127897 0.00124155 0.00127368 
SCALARS wy_dis double 1
LOOKUP_TABLE default
-0.00112177 -0.000985922 -0.00114367 -0.00100701 -0.000985922 -0.000588112 -0.00100701 -0.000607061 -0.00114367 -0.00100701 -0.0012096 -0.00107053 -0.00100701 -0.000607061 -0.00107053 -0.000663952 -0.000588112 4.62111e-05 -0.000607061 2.96895e-05 4.62111e-05 0.000888166 2.96895e-05 0.000873195 -0.000607061 2.96895e-05 -0.000663952 -1.97218e-05 2.96895e-05 0.000873195 -1.97218e-05 0.000828508 -0.0012096 -0.00107053 -0.00132033 -0.00117721 -0.00107053 -0.000663952 -0.00117721 -0.000758918 -0.00132033 -0.00117721 -0.00147703 -0.00132848 -0.00117721 -0.000758918 -0.00132848 -0.000892151 -0.000663952 -1.97218e-05 -0.000758918 -0.000101539 -1.97218e-05 0.000828508 -0.000101539 0.000754796 -0.000758918 -0.000101539 -0.000892151 -0.000214879 -0.000101539 0.000754796 -0.000214879 0.000653245 0.000888166 0.00191895 0.000873195 0.00190416 0.00191895 0.00313639 0.00190416 0.00312037 0.000873195 0.00190416 0.000828508 0.00186 0.00190416 0.00312037 0.00186 0.00307248 0.00313639 0.00455572 0.00312037 0.00453721 0.00455572 0.0062073 0.00453721 0.00618555 0.00312037 0.00453721 0.00307248 0.00448184 0.00453721 0.00618555 0.00448184 0.00612026 0.000828508 0.00186 0.000754796 0.00178717 0.00186 0.00307248 0.00178717 0.00299335 0.000754796 0.00178717 0.000653245 0.00168682 0.00178717 0.00299335 0.00168682 0.00288401 0.00307248 0.00448184 0.00299335 0.00439002 0.00448184 0.00612026 0.00439002 0.00601133 0.00299335 0.00439002 0.00288401 0.0042625 0.00439002 0.00601133 0.0042625 0.0058587 -0.00147703 -0.00132848 -0.00168079 -0.00152697 -0.00132848 -0.000892151 -0.00152697 -0.00106379 -0.00168079 -0.00152697 -0.00192995 -0.00177803 -0.00152697 -0.00106379 -0.00177803 -0.00127354 -0.000892151 -0.000214879 -0.00106379 -0.000358324 -0.000214879 0.000653245 -0.000358324 0.000525587 -0.00106379 -0.000358324 -0.00127354 -0.000529733 -0.000358324 0.000525587 -0.000529733 0.000374155 -0.00192995 -0.00177803 -0.00220251 -0.00209296 -0.00177803 -0.00127354 -0.00209296 -0.00152005 -0.00220251 -0.00209296 -0.00230272 -0.00245873 -0.00209296 -0.00152005 -0.00245873 -0.00179759 -0.00127354 -0.000529733 -0.00152005 -0.000725973 -0.000529733 0.000374155 -0.000725973 0.000201926 -0.00152005 -0.000725973 -0.00179759 -0.000942672 -0.000725973 0.000201926 -0.000942672 1.2203e-05 0.000653245 0.00168682 0.000525587 0.00156058 0.00168682 0.00288401 0.00156058 0.00274594 0.000525587 0.00156058 0.000374155 0.00141057 0.00156058 0.00274594 0.00141057 0.00258108 0.00288401 0.0042625 0.00274594 0.00410047 0.0042625 0.0058587 0.00410047 0.00566254 0.00274594 0.00410047 0.00258108 0.00390563 0.00410047 0.00566254 0.00390563 0.00542349 0.000374155 0.00141057 0.000201926 0.00123933 0.00141057 0.00258108 0.00123933 0.00239181 0.000201926 0.00123933 1.2203e-05 0.00104935 0.00123933 0.00239181 0.00104935 0.00218033 0.00258108 0.00390563 0.00239181 0.00368026 0.00390563 0.00542349 0.00368026 0.00514294 0.00239181 0.00368026 0.00218033 0.00342673 0.00368026 0.00514294 0.00342673 0.00482298 0.0062073 0.00813035 0.00618555 0.00810575 0.00813035 0.0103576 0.00810575 0.0103329 0.00618555 0.00810575 0.00612026 0.00803154 0.00810575 0.0103329 0.00803154 0.0102579 0.0103576 0.0128855 0.0103329 0.0128671 0.0128855 0.0156313 0.0128671 0.015629 0.0103329 0.0128671 0.0102579 0.0128103 0.0128671 0.015629 0.0128103 0.0156201 0.00612026 0.00803154 0.00601133 0.00790648 0.00803154 0.0102579 0.00790648 0.0101295 0.00601133 0.00790648 0.0058587 0.00772865 0.00790648 0.0101295 0.00772865 0.00994274 0.0102579 0.0128103 0.0101295 0.0127102 0.0128103 0.0156201 0.0127102 0.0155993 0.0101295 0.0127102 0.00994274 0.0125585 0.0127102 0.0155993 0.0125585 0.0155573 0.0156313 0.0183943 0.015629 0.0184182 0.0183943 0.0208529 0.0184182 0.020908 0.015629 0.0184182 0.0156201 0.0184888 0.0184182 0.020908 0.0184888 0.0210744 0.0208529 0.022628 0.020908 0.0227093 0.022628 0.0234065 0.0227093 0.023498 0.020908 0.0227093 0.0210744 0.0229559 0.0227093 0.023498 0.0229559 0.0237759 0.0156201 0.0184888 0.0155993 0.0186032 0.0184888 0.0210744 0.0186032 0.0213543 0.0155993 0.0186032 0.0155573 0.0187561 0.0186032 0.0213543 0.0187561 0.0217518 0.0210744 0.0229559 0.0213543 0.0233759 0.0229559 0.0237759 0.0233759 0.0242509 0.0213543 0.0233759 0.0217518 0.0239836 0.0233759 0.0242509 0.0239836 0.0249416 0.0058587 0.00772865 0.00566254 0.00749566 0.00772865 0.00994274 0.00749566 0.0096906 0.00566254 0.00749566 0.00542349 0.00720498 0.00749566 0.0096906 0.00720498 0.00936439 0.00994274 0.0125585 0.0096906 0.0123428 0.0125585 0.0155573 0.0123428 0.0154795 0.0096906 0.0123428 0.00936439 0.0120468 0.0123428 0.0154795 0.0120468 0.0153455 0.00542349 0.00720498 0.00514294 0.00685447 0.00720498 0.00936439 0.00685447 0.00895412 0.00514294 0.00685447 0.00482298 0.00644365 0.00685447 0.00895412 0.00644365 0.00845204 0.00936439 0.0120468 0.00895412 0.0116492 0.0120468 0.0153455 0.0116492 0.015127 0.00895412 0.0116492 0.00845204 0.0111306 0.0116492 0.015127 0.0111306 0.0147947 0.0155573 0.0187561 0.0154795 0.0189386 0.0187561 0.0217518 0.0189386 0.0222721 0.0154795 0.0189386 0.0153455 0.0191372 0.0189386 0.0222721 0.0191372 0.0229216 0.0217518 0.0239836 0.0222721 0.0248001 0.0239836 0.0249416 0.0248001 0.0258764 0.0222721 0.0248001 0.0229216 0.0258552 0.0248001 0.0258764 0.0258552 0.0270956 0.0153455 0.0191372 0.015127 0.0193313 0.0191372 0.0229216 0.0193313 0.0237067 0.015127 0.0193313 0.0147947 0.0194972 0.0193313 0.0237067 0.0194972 0.0246313 0.0229216 0.0258552 0.0237067 0.0271884 0.0258552 0.0270956 0.0271884 0.0286538 0.0237067 0.0271884 0.0246313 0.0288403 0.0271884 0.0286538 0.0288403 0.0306092 0.0234065 0.023067 0.023498 0.023148 0.023067 0.0217341 0.023148 0.0217887 0.023498 0.023148 0.0237759 0.0233938 0.023148 0.0217887 0.0233938 0.0219534 0.0217341 0.0197246 0.0217887 0.0197476 0.0197246 0.0174213 0.0197476 0.0174178 0.0217887 0.0197476 0.0219534 0.0198156 0.0197476 0.0174178 0.0198156 0.0174053 0.0237759 0.0233938 0.0242509 0.0238126 0.0233938 0.0219534 0.0238126 0.0222307 0.0242509 0.0238126 0.0249416 0.0244185 0.0238126 0.0222307 0.0244185 0.0226245 0.0219534 0.0198156 0.0222307 0.0199258 0.0198156 0.0174053 0.0199258 0.0173786 0.0222307 0.0199258 0.0226245 0.0200728 0.0199258 0.0173786 0.0200728 0.0173282 0.0174213 0.0151502 0.0174178 0.0151303 0.0151502 0.0131169 0.0151303 0.0130903 0.0174178 0.0151303 0.0174053 0.0150687 0.0151303 0.0130903 0.0150687 0.0130093 0.0131169 0.0114089 0.0130903 0.011382 0.0114089 0.0100344 0.011382 0.01001 0.0130903 0.011382 0.0130093 0.0113007 0.011382 0.01001 0.0113007 0.00993678 0.0174053 0.0150687 0.0173786 0.0149608 0.0150687 0.0130093 0.0149608 0.0128711 0.0173786 0.0149608 0.0173282 0.014798 0.0149608 0.0128711 0.014798 0.0126704 0.0130093 0.0113007 0.0128711 0.0111638 0.0113007 0.00993678 0.0111638 0.00981453 0.0128711 0.0111638 0.0126704 0.0109693 0.0111638 0.00981453 0.0109693 0.009643 0.0249416 0.0244185 0.0258764 0.0252327 0.0244185 0.0226245 0.0252327 0.0231401 0.0258764 0.0252327 0.0270956 0.0262851 0.0252327 0.0231401 0.0262851 0.0237839 0.0226245 0.0200728 0.0231401 0.0202479 0.0200728 0.0173282 0.0202479 0.0172398 0.0231401 0.0202479 0.0237839 0.0204374 0.0202479 0.0172398 0.0204374 0.0170929 0.0270956 0.0262851 0.0286538 0.0276152 0.0262851 0.0237839 0.0276152 0.0245626 0.0286538 0.0276152 0.0306092 0.0292638 0.0276152 0.0245626 0.0292638 0.02548 0.0237839 0.0204374 0.0245626 0.0206211 0.0204374 0.0170929 0.0206211 0.0168593 0.0245626 0.0206211 0.02548 0.0207752 0.0206211 0.0168593 0.0207752 0.0165098 0.0173282 0.014798 0.0172398 0.0145683 0.014798 0.0126704 0.0145683 0.0124004 0.0172398 0.0145683 0.0170929 0.014255 0.0145683 0.0124004 0.014255 0.0120524 0.0126704 0.0109693 0.0124004 0.0107148 0.0109693 0.009643 0.0107148 0.00942213 0.0124004 0.0107148 0.0120524 0.0103976 0.0107148 0.00942213 0.0103976 0.00915231 0.0170929 0.014255 0.0168593 0.0138373 0.014255 0.0120524 0.0138373 0.0116163 0.0168593 0.0138373 0.0165098 0.0132955 0.0138373 0.0116163 0.0132955 0.0110845 0.0120524 0.0103976 0.0116163 0.0100155 0.0103976 0.00915231 0.0100155 0.00883468 0.0116163 0.0100155 0.0110845 0.00956793 0.0100155 0.00883468 0.00956793 0.00847101 0.0100344 0.00896381 0.01001 0.00894266 0.00896381 0.008158 0.00894266 0.00813983 0.01001 0.00894266 0.00993678 0.00887925 0.00894266 0.00813983 0.00887925 0.00808535 0.008158 0.00757977 0.00813983 0.00756428 0.00757977 0.00719504 0.00756428 0.00718231 0.00813983 0.00756428 0.00808535 0.00751781 0.00756428 0.00718231 0.00751781 0.00714405 0.00993678 0.00887925 0.00981453 0.00877378 0.00887925 0.00808535 0.00877378 0.00799474 0.00981453 0.00877378 0.009643 0.00862661 0.00877378 0.00799474 0.00862661 0.0078683 0.00808535 0.00751781 0.00799474 0.00744032 0.00751781 0.00714405 0.00744032 0.00708001 0.00799474 0.00744032 0.0078683 0.00733177 0.00744032 0.00708001 0.00733177 0.00698971 0.00719504 0.00696877 0.00718231 0.00695929 0.00696877 0.00686023 0.00695929 0.00685454 0.00718231 0.00695929 0.00714405 0.00693076 0.00695929 0.00685454 0.00693076 0.00683752 0.00686023 0.00682312 0.00685454 0.00682089 0.00682312 0.00681642 0.00682089 0.00681564 0.00685454 0.00682089 0.00683752 0.00681452 0.00682089 0.00681564 0.00681452 0.00681379 0.00714405 0.00693076 0.00708001 0.00688285 0.00693076 0.00683752 0.00688285 0.00680923 0.00708001 0.00688285 0.00698971 0.00681491 0.00688285 0.00680923 0.00681491 0.00676967 0.00683752 0.00681452 0.00680923 0.00680504 0.00681452 0.00681379 0.00680504 0.00681244 0.00680923 0.00680504 0.00676967 0.00679426 0.00680504 0.00681244 0.00679426 0.00681439 0.009643 0.00862661 0.00942213 0.0084384 0.00862661 0.0078683 0.0084384 0.00770652 0.00942213 0.0084384 0.00915231 0.00821026 0.0084384 0.00770652 0.00821026 0.00751012 0.0078683 0.00733177 0.00770652 0.00719211 0.00733177 0.00698971 0.00719211 0.00687251 0.00770652 0.00719211 0.00751012 0.00702129 0.00719211 0.00687251 0.00702129 0.00672746 0.00915231 0.00821026 0.00883468 0.00794382 0.00821026 0.00751012 0.00794382 0.00728008 0.00883468 0.00794382 0.00847101 0.00764073 0.00794382 0.00728008 0.00764073 0.00701705 0.00751012 0.00702129 0.00728008 0.00681926 0.00702129 0.00672746 0.00681926 0.00655334 0.00728008 0.00681926 0.00701705 0.00658554 0.00681926 0.00655334 0.00658554 0.00634829 0.00698971 0.00681491 0.00687251 0.00672589 0.00681491 0.00676967 0.00672589 0.00671851 0.00687251 0.00672589 0.00672746 0.00661412 0.00672589 0.00671851 0.00661412 0.00665462 0.00676967 0.00679426 0.00671851 0.00678491 0.00679426 0.00681439 0.00678491 0.00682395 0.00671851 0.00678491 0.00665462 0.00678115 0.00678491 0.00682395 0.00678115 0.00684698 0.00672746 0.00661412 0.00655334 0.00647715 0.00661412 0.00665462 0.00647715 0.00657531 0.00655334 0.00647715 0.00634829 0.00631125 0.00647715 0.00657531 0.00631125 0.00647417 0.00665462 0.00678115 0.00657531 0.00678879 0.00678115 0.00684698 0.00678879 0.0068863 0.00657531 0.00678879 0.00647417 0.0067987 0.00678879 0.0068863 0.0067987 0.00688755 -0.00230272 -0.00245873 0.0199466 -0.00228984 -0.00245873 -0.00179759 -0.00228984 -0.00132006 0.0199466 -0.00228984 0.0106225 0.0032379 -0.00228984 -0.00132006 0.0032379 0.000258588 -0.00179759 -0.000942672 -0.00132006 -0.000601732 -0.000942672 1.2203e-05 -0.000601732 0.000132275 -0.00132006 -0.000601732 0.000258588 -0.000131833 -0.000601732 0.000132275 -0.000131833 0.000249411 0.0106225 0.0032379 0.00528871 0.00377089 0.0032379 0.000258588 0.00377089 0.000818528 0.00528871 0.00377089 0.00283086 0.00290605 0.00377089 0.000818528 0.00290605 0.000948299 0.000258588 -0.000131833 0.000818528 0.00014187 -0.000131833 0.000249411 0.00014187 0.000313924 0.000818528 0.00014187 0.000948299 0.000279388 0.00014187 0.000313924 0.000279388 0.000327339 1.2203e-05 0.00104935 0.000132275 0.000991235 0.00104935 0.00218033 0.000991235 0.00196819 0.000132275 0.000991235 0.000249411 0.000916355 0.000991235 0.00196819 0.000916355 0.00173656 0.00218033 0.00342673 0.00196819 0.00306671 0.00342673 0.00482298 0.00306671 0.00431542 0.00196819 0.00306671 0.00173656 0.00268249 0.00306671 0.00431542 0.00268249 0.0037731 0.000249411 0.000916355 0.000313924 0.000816915 0.000916355 0.00173656 0.000816915 0.00148525 0.000313924 0.000816915 0.000327339 0.000692138 0.000816915 0.00148525 0.000692138 0.00121504 0.00173656 0.00268249 0.00148525 0.00227565 0.00268249 0.0037731 0.00227565 0.00319866 0.00148525 0.00227565 0.00121504 0.00184816 0.00227565 0.00319866 0.00184816 0.00259565 0.00283086 0.00290605 0.00159688 0.00196555 0.00290605 0.000948299 0.00196555 0.000840228 0.00159688 0.00196555 0.00087951 0.00119259 0.00196555 0.000840228 0.00119259 0.000605654 0.000948299 0.000279388 0.000840228 0.00030542 0.000279388 0.000327339 0.00030542 0.000293102 0.000840228 0.00030542 0.000605654 0.000248264 0.00030542 0.000293102 0.000248264 0.000219115 0.00087951 0.00119259 0.000393243 0.00056081 0.00119259 0.000605654 0.00056081 0.000313291 0.000393243 0.00056081 -1.4109e-18 -1.49029e-18 0.00056081 0.000313291 -1.49029e-18 -9.82583e-19 0.000605654 0.000248264 0.000313291 0.000137215 0.000248264 0.000219115 0.000137215 0.000116862 0.000313291 0.000137215 -9.82583e-19 -6.68236e-19 0.000137215 0.000116862 -6.68236e-19 -4.76341e-19 0.000327339 0.000692138 0.000293102 0.000543496 0.000692138 0.00121504 0.000543496 0.000927896 0.000293102 0.000543496 0.000219115 0.000374636 0.000543496 0.000927896 0.000374636 0.000626871 0.00121504 0.00184816 0.000927896 0.00140287 0.00184816 0.00259565 0.00140287 0.00196865 0.000927896 0.00140287 0.000626871 0.000943454 0.00140287 0.00196865 0.000943454 0.00132304 0.000219115 0.000374636 0.000116862 0.000191149 0.000374636 0.000626871 0.000191149 0.000315992 0.000116862 0.000191149 -4.76341e-19 -2.56388e-19 0.000191149 0.000315992 -2.56388e-19 -2.94826e-20 0.000626871 0.000943454 0.000315992 0.000474236 0.000943454 0.00132304 0.000474236 0.000664738 0.000315992 0.000474236 -2.94826e-20 2.10222e-19 0.000474236 0.000664738 2.10222e-19 7.78477e-20 0.00482298 0.00644365 0.00431542 0.00578434 0.00644365 0.00845204 0.00578434 0.00761262 0.00431542 0.00578434 0.0037731 0.00506942 0.00578434 0.00761262 0.00506942 0.00668521 0.00845204 0.0111306 0.00761262 0.0100134 0.0111306 0.0147947 0.0100134 0.0131875 0.00761262 0.0100134 0.00668521 0.00877668 0.0100134 0.0131875 0.00877668 0.0114646 0.0037731 0.00506942 0.00319866 0.00430422 0.00506942 0.00668521 0.00430422 0.00568156 0.00319866 0.00430422 0.00259565 0.00349598 0.00430422 0.00568156 0.00349598 0.0046161 0.00668521 0.00877668 0.00568156 0.007442 0.00877668 0.0114646 0.007442 0.00965333 0.00568156 0.007442 0.0046161 0.00603271 0.007442 0.00965333 0.00603271 0.00778046 0.0147947 0.0194972 0.0131875 0.0171016 0.0194972 0.0246313 0.0171016 0.0212293 0.0131875 0.0171016 0.0114646 0.014671 0.0171016 0.0212293 0.014671 0.0179551 0.0246313 0.0288403 0.0212293 0.0245359 0.0288403 0.0306092 0.0245359 0.0259215 0.0212293 0.0245359 0.0179551 0.0205347 0.0245359 0.0259215 0.0205347 0.0216142 0.0114646 0.014671 0.00965333 0.0122225 0.014671 0.0179551 0.0122225 0.0147928 0.00965333 0.0122225 0.00778046 0.00976969 0.0122225 0.0147928 0.00976969 0.0117238 0.0179551 0.0205347 0.0147928 0.0167802 0.0205347 0.0216142 0.0167802 0.0176116 0.0147928 0.0167802 0.0117238 0.0132162 0.0167802 0.0176116 0.0132162 0.0138408 0.00259565 0.00349598 0.00196865 0.00265282 0.00349598 0.0046161 0.00265282 0.00350263 0.00196865 0.00265282 0.00132304 0.00178327 0.00265282 0.00350263 0.00178327 0.00235412 0.0046161 0.00603271 0.00350263 0.0045685 0.00603271 0.00778046 0.0045685 0.0058658 0.00350263 0.0045685 0.00235412 0.00306583 0.0045685 0.0058658 0.00306583 0.00392393 0.00132304 0.00178327 0.000664738 0.000896057 0.00178327 0.00235412 0.000896057 0.00118271 0.000664738 0.000896057 7.78477e-20 -5.59821e-19 0.000896057 0.00118271 -5.59821e-19 -7.52633e-19 0.00235412 0.00306583 0.00118271 0.00153881 0.00306583 0.00392393 0.00153881 0.00196577 0.00118271 0.00153881 -7.52633e-19 -8.3674e-19 0.00153881 0.00196577 -8.3674e-19 -6.82149e-19 0.00778046 0.00976969 0.0058658 0.00731985 0.00976969 0.0117238 0.00731985 0.00872876 0.0058658 0.00731985 0.00392393 0.00487551 0.00731985 0.00872876 0.00487551 0.00578883 0.0117238 0.0132162 0.00872876 0.00979494 0.0132162 0.0138408 0.00979494 0.0102416 0.00872876 0.00979494 0.00578883 0.00647559 0.00979494 0.0102416 0.00647559 0.00676349 0.00392393 0.00487551 0.00196577 0.00243627 0.00487551 0.00578883 0.00243627 0.00288535 0.00196577 0.00243627 -6.82149e-19 1.47062e-19 0.00243627 0.00288535 1.47062e-19 1.63889e-18 0.00578883 0.00647559 0.00288535 0.00322176 0.00647559 0.00676349 0.00322176 0.00336287 0.00288535 0.00322176 1.63889e-18 2.27032e-18 0.00322176 0.00336287 2.27032e-18 2.34917e-18 0.0306092 0.0292638 0.0259215 0.0249071 0.0292638 0.02548 0.0249071 0.0219735 0.0259215 0.0249071 0.0216142 0.0208534 0.0249071 0.0219735 0.0208534 0.0185942 0.02548 0.0207752 0.0219735 0.0182228 0.0207752 0.0165098 0.0182228 0.0146928 0.0219735 0.0182228 0.0185942 0.0156342 0.0182228 0.0146928 0.0156342 0.0127583 0.0216142 0.0208534 0.0176116 0.0170463 0.0208534 0.0185942 0.0170463 0.0153264 0.0176116 0.0170463 0.0138408 0.0134293 0.0170463 0.0153264 0.0134293 0.0121513 0.0185942 0.0156342 0.0153264 0.0130268 0.0156342 0.0127583 0.0130268 0.0107338 0.0153264 0.0130268 0.0121513 0.0104142 0.0130268 0.0107338 0.0104142 0.00864645 0.0165098 0.0132955 0.0146928 0.011914 0.0132955 0.0110845 0.011914 0.00992444 0.0146928 0.011914 0.0127583 0.0104105 0.011914 0.00992444 0.0104105 0.00867295 0.0110845 0.00956793 0.00992444 0.00852854 0.00956793 0.00847101 0.00852854 0.00751932 0.00992444 0.00852854 0.00867295 0.0074291 0.00852854 0.00751932 0.0074291 0.00652731 0.0127583 0.0104105 0.0107338 0.0088069 0.0104105 0.00867295 0.0088069 0.00734233 0.0107338 0.0088069 0.00864645 0.00712683 0.0088069 0.00734233 0.00712683 0.00594752 0.00867295 0.0074291 0.00734233 0.00627574 0.0074291 0.00652731 0.00627574 0.00549892 0.00734233 0.00627574 0.00594752 0.00507645 0.00627574 0.00549892 0.00507645 0.00443883 0.0138408 0.0134293 0.0102416 0.00995498 0.0134293 0.0121513 0.00995498 0.00904977 0.0102416 0.00995498 0.00676349 0.00658236 0.00995498 0.00904977 0.00658236 0.00600302 0.0121513 0.0104142 0.00904977 0.00780387 0.0104142 0.00864645 0.00780387 0.00651623 0.00904977 0.00780387 0.00600302 0.00519849 0.00780387 0.00651623 0.00519849 0.004358 0.00676349 0.00658236 0.00336287 0.00327517 0.00658236 0.00600302 0.00327517 0.00299249 0.00336287 0.00327517 2.34917e-18 2.76455e-18 0.00327517 0.00299249 2.76455e-18 2.06836e-18 0.00600302 0.00519849 0.00299249 0.00259786 0.00519849 0.004358 0.00259786 0.00218294 0.00299249 0.00259786 2.06836e-18 6.38045e-19 0.00259786 0.00218294 6.38045e-19 2.02702e-19 0.00864645 0.00712683 0.00651623 0.00539037 0.00712683 0.00594752 0.00539037 0.00450282 0.00651623 0.00539037 0.004358 0.00361436 0.00539037 0.00450282 0.00361436 0.00302168 0.00594752 0.00507645 0.00450282 0.00384001 0.00507645 0.00443883 0.00384001 0.00335259 0.00450282 0.00384001 0.00302168 0.00257558 0.00384001 0.00335259 0.00257558 0.00224633 0.004358 0.00361436 0.00218294 0.00181326 0.00361436 0.00302168 0.00181326 0.00151672 0.00218294 0.00181326 2.02702e-19 1.54405e-19 0.00181326 0.00151672 1.54405e-19 7.97307e-20 0.00302168 0.00257558 0.00151672 0.00129246 0.00257558 0.00224633 0.00129246 0.00112656 0.00151672 0.00129246 7.97307e-20 -5.79365e-19 0.00129246 0.00112656 -5.79365e-19 -1.17052e-18 0.00847101 0.00764073 0.00751932 0.00676454 0.00764073 0.00701705 0.00676454 0.00620047 0.00751932 0.00676454 0.00652731 0.00585747 0.00676454 0.00620047 0.00585747 0.00535713 0.00701705 0.00658554 0.00620047 0.00579869 0.00658554 0.00634829 0.00579869 0.00553616 0.00620047 0.00579869 0.00535713 0.0049877 0.00579869 0.00553616 0.0049877 0.00469941 0.00652731 0.00585747 0.00549892 0.0049236 0.00585747 0.00535713 0.0049236 0.00449274 0.00549892 0.0049236 0.00443883 0.00396688 0.0049236 0.00449274 0.00396688 0.00361191 0.00535713 0.0049877 0.00449274 0.0041633 0.0049877 0.00469941 0.0041633 0.00387131 0.00449274 0.0041633 0.00361191 0.00333189 0.0041633 0.00387131 0.00333189 0.00305992 0.00634829 0.00631125 0.00553616 0.00537207 0.00631125 0.00647417 0.00537207 0.00524259 0.00553616 0.00537207 0.00469941 0.00436616 0.00537207 0.00524259 0.00436616 0.00358401 0.00647417 0.0067987 0.00524259 0.0047731 0.0067987 0.00688755 0.0047731 -0.00981041 0.00524259 0.0047731 0.00358401 0.000893519 0.0047731 -0.00981041 0.000893519 -0.00739103 0.00469941 0.00436616 0.00387131 0.0034583 0.00436616 0.00358401 0.0034583 0.00246926 0.00387131 0.0034583 0.00305992 0.00263704 0.0034583 0.00246926 0.00263704 0.00166484 0.00358401 0.000893519 0.00246926 -0.000386436 0.000893519 -0.00739103 -0.000386436 -0.0051985 0.00246926 -0.000386436 0.00166484 -0.000659197 -0.000386436 -0.0051985 -0.000659197 -0.00378292 0.00443883 0.00396688 0.00335259 0.00299157 0.00396688 0.00361191 0.00299157 0.00271877 0.00335259 0.00299157 0.00224633 0.00200222 0.00299157 0.00271877 0.00200222 0.00181701 0.00361191 0.00333189 0.00271877 0.00249799 0.00333189 0.00305992 0.00249799 0.00226952 0.00271877 0.00249799 0.00181701 0.00166426 0.00249799 0.00226952 0.00166426 0.00149957 0.00224633 0.00200222 0.00112656 0.00100346 0.00200222 0.00181701 0.00100346 0.00090981 0.00112656 0.00100346 -1.17052e-18 -1.27324e-18 0.00100346 0.00090981 -1.27324e-18 -1.16608e-18 0.00181701 0.00166426 0.00090981 0.000831684 0.00166426 0.00149957 0.000831684 0.000745487 0.00090981 0.000831684 -1.16608e-18 -1.10495e-18 0.000831684 0.000745487 -1.10495e-18 -5.67116e-19 0.00305992 0.00263704 0.00226952 0.00189747 0.00263704 0.00166484 0.00189747 0.00108074 0.00226952 0.00189747 0.00149957 0.00122543 0.00189747 0.00108074 0.00122543 0.000646369 0.00166484 -0.000659197 0.00108074 -0.000609798 -0.000659197 -0.00378292 -0.000609798 -0.00271061 0.00108074 -0.000609798 0.000646369 -0.000445816 -0.000609798 -0.00271061 -0.000445816 -0.00176844 0.00149957 0.00122543 0.000745487 0.00060065 0.00122543 0.000646369 0.00060065 0.000302221 0.000745487 0.00060065 -5.67116e-19 2.52002e-19 0.00060065 0.000302221 2.52002e-19 1.64299e-18 0.000646369 -0.000445816 0.000302221 -0.000232942 -0.000445816 -0.00176844 -0.000232942 -0.000875601 0.000302221 -0.000232942 1.64299e-18 4.05977e-18 -0.000232942 -0.000875601 4.05977e-18 8.62376e-18 -1.4109e-18 -1.49029e-18 -0.000393243 -0.00056081 -1.49029e-18 -9.82583e-19 -0.00056081 -0.000313291 -0.000393243 -0.00056081 -0.00087951 -0.00119259 -0.00056081 -0.000313291 -0.00119259 -0.000605654 -9.82583e-19 -6.68236e-19 -0.000313291 -0.000137215 -6.68236e-19 -4.76341e-19 -0.000137215 -0.000116862 -0.000313291 -0.000137215 -0.000605654 -0.000248264 -0.000137215 -0.000116862 -0.000248264 -0.000219115 -0.00087951 -0.00119259 -0.00159688 -0.00196555 -0.00119259 -0.000605654 -0.00196555 -0.000840228 -0.00159688 -0.00196555 -0.00283086 -0.00290605 -0.00196555 -0.000840228 -0.00290605 -0.000948299 -0.000605654 -0.000248264 -0.000840228 -0.00030542 -0.000248264 -0.000219115 -0.00030542 -0.000293102 -0.000840228 -0.00030542 -0.000948299 -0.000279388 -0.00030542 -0.000293102 -0.000279388 -0.000327339 -4.76341e-19 -2.56388e-19 -0.000116862 -0.000191149 -2.56388e-19 -2.94826e-20 -0.000191149 -0.000315992 -0.000116862 -0.000191149 -0.000219115 -0.000374636 -0.000191149 -0.000315992 -0.000374636 -0.000626871 -2.94826e-20 2.10222e-19 -0.000315992 -0.000474236 2.10222e-19 7.78477e-20 -0.000474236 -0.000664738 -0.000315992 -0.000474236 -0.000626871 -0.000943454 -0.000474236 -0.000664738 -0.000943454 -0.00132304 -0.000219115 -0.000374636 -0.000293102 -0.000543496 -0.000374636 -0.000626871 -0.000543496 -0.000927896 -0.000293102 -0.000543496 -0.000327339 -0.000692138 -0.000543496 -0.000927896 -0.000692138 -0.00121504 -0.000626871 -0.000943454 -0.000927896 -0.00140287 -0.000943454 -0.00132304 -0.00140287 -0.00196865 -0.000927896 -0.00140287 -0.00121504 -0.00184816 -0.00140287 -0.00196865 -0.00184816 -0.00259565 -0.00283086 -0.00290605 -0.00528871 -0.00377089 -0.00290605 -0.000948299 -0.00377089 -0.000818528 -0.00528871 -0.00377089 -0.0106225 -0.0032379 -0.00377089 -0.000818528 -0.0032379 -0.000258588 -0.000948299 -0.000279388 -0.000818528 -0.00014187 -0.000279388 -0.000327339 -0.00014187 -0.000313924 -0.000818528 -0.00014187 -0.000258588 0.000131833 -0.00014187 -0.000313924 0.000131833 -0.000249411 -0.0106225 -0.0032379 -0.0199466 0.00228984 -0.0032379 -0.000258588 0.00228984 0.00132006 -0.0199466 0.00228984 0.00230272 0.00245873 0.00228984 0.00132006 0.00245873 0.00179759 -0.000258588 0.000131833 0.00132006 0.000601732 0.000131833 -0.000249411 0.000601732 -0.000132275 0.00132006 0.000601732 0.00179759 0.000942672 0.000601732 -0.000132275 0.000942672 -1.2203e-05 -0.000327339 -0.000692138 -0.000313924 -0.000816915 -0.000692138 -0.00121504 -0.000816915 -0.00148525 -0.000313924 -0.000816915 -0.000249411 -0.000916355 -0.000816915 -0.00148525 -0.000916355 -0.00173656 -0.00121504 -0.00184816 -0.00148525 -0.00227565 -0.00184816 -0.00259565 -0.00227565 -0.00319866 -0.00148525 -0.00227565 -0.00173656 -0.00268249 -0.00227565 -0.00319866 -0.00268249 -0.0037731 -0.000249411 -0.000916355 -0.000132275 -0.000991235 -0.000916355 -0.00173656 -0.000991235 -0.00196819 -0.000132275 -0.000991235 -1.2203e-05 -0.00104935 -0.000991235 -0.00196819 -0.00104935 -0.00218033 -0.00173656 -0.00268249 -0.00196819 -0.00306671 -0.00268249 -0.0037731 -0.00306671 -0.00431542 -0.00196819 -0.00306671 -0.00218033 -0.00342673 -0.00306671 -0.00431542 -0.00342673 -0.00482298 7.78477e-20 -5.59821e-19 -0.000664738 -0.000896057 -5.59821e-19 -7.52633e-19 -0.000896057 -0.00118271 -0.000664738 -0.000896057 -0.00132304 -0.00178327 -0.000896057 -0.00118271 -0.00178327 -0.00235412 -7.52633e-19 -8.3674e-19 -0.00118271 -0.00153881 -8.3674e-19 -6.82149e-19 -0.00153881 -0.00196577 -0.00118271 -0.00153881 -0.00235412 -0.00306583 -0.00153881 -0.00196577 -0.00306583 -0.00392393 -0.00132304 -0.00178327 -0.00196865 -0.00265282 -0.00178327 -0.00235412 -0.00265282 -0.00350263 -0.00196865 -0.00265282 -0.00259565 -0.00349598 -0.00265282 -0.00350263 -0.00349598 -0.0046161 -0.00235412 -0.00306583 -0.00350263 -0.0045685 -0.00306583 -0.00392393 -0.0045685 -0.0058658 -0.00350263 -0.0045685 -0.0046161 -0.00603271 -0.0045685 -0.0058658 -0.00603271 -0.00778046 -6.82149e-19 1.47062e-19 -0.00196577 -0.00243627 1.47062e-19 1.63889e-18 -0.00243627 -0.00288535 -0.00196577 -0.00243627 -0.00392393 -0.00487551 -0.00243627 -0.00288535 -0.00487551 -0.00578883 1.63889e-18 2.27032e-18 -0.00288535 -0.00322176 2.27032e-18 2.34917e-18 -0.00322176 -0.00336287 -0.00288535 -0.00322176 -0.00578883 -0.00647559 -0.00322176 -0.00336287 -0.00647559 -0.00676349 -0.00392393 -0.00487551 -0.0058658 -0.00731985 -0.00487551 -0.00578883 -0.00731985 -0.00872876 -0.0058658 -0.00731985 -0.00778046 -0.00976969 -0.00731985 -0.00872876 -0.00976969 -0.0117238 -0.00578883 -0.00647559 -0.00872876 -0.00979494 -0.00647559 -0.00676349 -0.00979494 -0.0102416 -0.00872876 -0.00979494 -0.0117238 -0.0132162 -0.00979494 -0.0102416 -0.0132162 -0.0138408 -0.00259565 -0.00349598 -0.00319866 -0.00430422 -0.00349598 -0.0046161 -0.00430422 -0.00568156 -0.00319866 -0.00430422 -0.0037731 -0.00506942 -0.00430422 -0.00568156 -0.00506942 -0.00668521 -0.0046161 -0.00603271 -0.00568156 -0.007442 -0.00603271 -0.00778046 -0.007442 -0.00965333 -0.00568156 -0.007442 -0.00668521 -0.00877668 -0.007442 -0.00965333 -0.00877668 -0.0114646 -0.0037731 -0.00506942 -0.00431542 -0.00578434 -0.00506942 -0.00668521 -0.00578434 -0.00761262 -0.00431542 -0.00578434 -0.00482298 -0.00644365 -0.00578434 -0.00761262 -0.00644365 -0.00845204 -0.00668521 -0.00877668 -0.00761262 -0.0100134 -0.00877668 -0.0114646 -0.0100134 -0.0131875 -0.00761262 -0.0100134 -0.00845204 -0.0111306 -0.0100134 -0.0131875 -0.0111306 -0.0147947 -0.00778046 -0.00976969 -0.00965333 -0.0122225 -0.00976969 -0.0117238 -0.0122225 -0.0147928 -0.00965333 -0.0122225 -0.0114646 -0.014671 -0.0122225 -0.0147928 -0.014671 -0.0179551 -0.0117238 -0.0132162 -0.0147928 -0.0167802 -0.0132162 -0.0138408 -0.0167802 -0.0176116 -0.0147928 -0.0167802 -0.0179551 -0.0205347 -0.0167802 -0.0176116 -0.0205347 -0.0216142 -0.0114646 -0.014671 -0.0131875 -0.0171016 -0.014671 -0.0179551 -0.0171016 -0.0212293 -0.0131875 -0.0171016 -0.0147947 -0.0194972 -0.0171016 -0.0212293 -0.0194972 -0.0246313 -0.0179551 -0.0205347 -0.0212293 -0.0245359 -0.0205347 -0.0216142 -0.0245359 -0.0259215 -0.0212293 -0.0245359 -0.0246313 -0.0288403 -0.0245359 -0.0259215 -0.0288403 -0.0306092 2.34917e-18 2.76455e-18 -0.00336287 -0.00327517 2.76455e-18 2.06836e-18 -0.00327517 -0.00299249 -0.00336287 -0.00327517 -0.00676349 -0.00658236 -0.00327517 -0.00299249 -0.00658236 -0.00600302 2.06836e-18 6.38045e-19 -0.00299249 -0.00259786 6.38045e-19 2.02702e-19 -0.00259786 -0.00218294 -0.00299249 -0.00259786 -0.00600302 -0.00519849 -0.00259786 -0.00218294 -0.00519849 -0.004358 -0.00676349 -0.00658236 -0.0102416 -0.00995498 -0.00658236 -0.00600302 -0.00995498 -0.00904977 -0.0102416 -0.00995498 -0.0138408 -0.0134293 -0.00995498 -0.00904977 -0.0134293 -0.0121513 -0.00600302 -0.00519849 -0.00904977 -0.00780387 -0.00519849 -0.004358 -0.00780387 -0.00651623 -0.00904977 -0.00780387 -0.0121513 -0.0104142 -0.00780387 -0.00651623 -0.0104142 -0.00864645 2.02702e-19 1.54405e-19 -0.00218294 -0.00181326 1.54405e-19 7.97307e-20 -0.00181326 -0.00151672 -0.00218294 -0.00181326 -0.004358 -0.00361436 -0.00181326 -0.00151672 -0.00361436 -0.00302168 7.97307e-20 -5.79365e-19 -0.00151672 -0.00129246 -5.79365e-19 -1.17052e-18 -0.00129246 -0.00112656 -0.00151672 -0.00129246 -0.00302168 -0.00257558 -0.00129246 -0.00112656 -0.00257558 -0.00224633 -0.004358 -0.00361436 -0.00651623 -0.00539037 -0.00361436 -0.00302168 -0.00539037 -0.00450282 -0.00651623 -0.00539037 -0.00864645 -0.00712683 -0.00539037 -0.00450282 -0.00712683 -0.00594752 -0.00302168 -0.00257558 -0.00450282 -0.00384001 -0.00257558 -0.00224633 -0.00384001 -0.00335259 -0.00450282 -0.00384001 -0.00594752 -0.00507645 -0.00384001 -0.00335259 -0.00507645 -0.00443883 -0.0138408 -0.0134293 -0.0176116 -0.0170463 -0.0134293 -0.0121513 -0.0170463 -0.0153264 -0.0176116 -0.0170463 -0.0216142 -0.0208534 -0.0170463 -0.0153264 -0.0208534 -0.0185942 -0.0121513 -0.0104142 -0.0153264 -0.0130268 -0.0104142 -0.00864645 -0.0130268 -0.0107338 -0.0153264 -0.0130268 -0.0185942 -0.0156342 -0.0130268 -0.0107338 -0.0156342 -0.0127583 -0.0216142 -0.0208534 -0.0259215 -0.0249071 -0.0208534 -0.0185942 -0.0249071 -0.0219735 -0.0259215 -0.0249071 -0.0306092 -0.0292638 -0.0249071 -0.0219735 -0.0292638 -0.02548 -0.0185942 -0.0156342 -0.0219735 -0.0182228 -0.0156342 -0.0127583 -0.0182228 -0.0146928 -0.0219735 -0.0182228 -0.02548 -0.0207752 -0.0182228 -0.0146928 -0.0207752 -0.0165098 -0.00864645 -0.00712683 -0.0107338 -0.0088069 -0.00712683 -0.00594752 -0.0088069 -0.00734233 -0.0107338 -0.0088069 -0.0127583 -0.0104105 -0.0088069 -0.00734233 -0.0104105 -0.00867295 -0.00594752 -0.00507645 -0.00734233 -0.00627574 -0.00507645 -0.00443883 -0.00627574 -0.00549892 -0.00734233 -0.00627574 -0.00867295 -0.0074291 -0.00627574 -0.00549892 -0.0074291 -0.00652731 -0.0127583 -0.0104105 -0.0146928 -0.011914 -0.0104105 -0.00867295 -0.011914 -0.00992444 -0.0146928 -0.011914 -0.0165098 -0.0132955 -0.011914 -0.00992444 -0.0132955 -0.0110845 -0.00867295 -0.0074291 -0.00992444 -0.00852854 -0.0074291 -0.00652731 -0.00852854 -0.00751932 -0.00992444 -0.00852854 -0.0110845 -0.00956793 -0.00852854 -0.00751932 -0.00956793 -0.00847101 -1.17052e-18 -1.27324e-18 -0.00112656 -0.00100346 -1.27324e-18 -1.16608e-18 -0.00100346 -0.00090981 -0.00112656 -0.00100346 -0.00224633 -0.00200222 -0.00100346 -0.00090981 -0.00200222 -0.00181701 -1.16608e-18 -1.10495e-18 -0.00090981 -0.000831684 -1.10495e-18 -5.67116e-19 -0.000831684 -0.000745487 -0.00090981 -0.000831684 -0.00181701 -0.00166426 -0.000831684 -0.000745487 -0.00166426 -0.00149957 -0.00224633 -0.00200222 -0.00335259 -0.00299157 -0.00200222 -0.00181701 -0.00299157 -0.00271877 -0.00335259 -0.00299157 -0.00443883 -0.00396688 -0.00299157 -0.00271877 -0.00396688 -0.00361191 -0.00181701 -0.00166426 -0.00271877 -0.00249799 -0.00166426 -0.00149957 -0.00249799 -0.00226952 -0.00271877 -0.00249799 -0.00361191 -0.00333189 -0.00249799 -0.00226952 -0.00333189 -0.00305992 -5.67116e-19 2.52002e-19 -0.000745487 -0.00060065 2.52002e-19 1.64299e-18 -0.00060065 -0.000302221 -0.000745487 -0.00060065 -0.00149957 -0.00122543 -0.00060065 -0.000302221 -0.00122543 -0.000646369 1.64299e-18 4.05977e-18 -0.000302221 0.000232942 4.05977e-18 8.62376e-18 0.000232942 0.000875601 -0.000302221 0.000232942 -0.000646369 0.000445816 0.000232942 0.000875601 0.000445816 0.00176844 -0.00149957 -0.00122543 -0.00226952 -0.00189747 -0.00122543 -0.000646369 -0.00189747 -0.00108074 -0.00226952 -0.00189747 -0.00305992 -0.00263704 -0.00189747 -0.00108074 -0.00263704 -0.00166484 -0.000646369 0.000445816 -0.00108074 0.000609798 0.000445816 0.00176844 0.000609798 0.00271061 -0.00108074 0.000609798 -0.00166484 0.000659197 0.000609798 0.00271061 0.000659197 0.00378292 -0.00443883 -0.00396688 -0.00549892 -0.0049236 -0.00396688 -0.00361191 -0.0049236 -0.00449274 -0.00549892 -0.0049236 -0.00652731 -0.00585747 -0.0049236 -0.00449274 -0.00585747 -0.00535713 -0.00361191 -0.00333189 -0.00449274 -0.0041633 -0.00333189 -0.00305992 -0.0041633 -0.00387131 -0.00449274 -0.0041633 -0.00535713 -0.0049877 -0.0041633 -0.00387131 -0.0049877 -0.00469941 -0.00652731 -0.00585747 -0.00751932 -0.00676454 -0.00585747 -0.00535713 -0.00676454 -0.00620047 -0.00751932 -0.00676454 -0.00847101 -0.00764073 -0.00676454 -0.00620047 -0.00764073 -0.00701705 -0.00535713 -0.0049877 -0.00620047 -0.00579869 -0.0049877 -0.00469941 -0.00579869 -0.00553616 -0.00620047 -0.00579869 -0.00701705 -0.00658554 -0.00579869 -0.00553616 -0.00658554 -0.00634829 -0.00305992 -0.00263704 -0.00387131 -0.0034583 -0.00263704 -0.00166484 -0.0034583 -0.00246926 -0.00387131 -0.0034583 -0.00469941 -0.00436616 -0.0034583 -0.00246926 -0.00436616 -0.00358401 -0.00166484 0.000659197 -0.00246926 0.000386436 0.000659197 0.00378292 0.000386436 0.0051985 -0.00246926 0.000386436 -0.00358401 -0.000893519 0.000386436 0.0051985 -0.000893519 0.00739103 -0.00469941 -0.00436616 -0.00553616 -0.00537207 -0.00436616 -0.00358401 -0.00537207 -0.00524259 -0.00553616 -0.00537207 -0.00634829 -0.00631125 -0.00537207 -0.00524259 -0.00631125 -0.00647417 -0.00358401 -0.000893519 -0.00524259 -0.0047731 -0.000893519 0.00739103 -0.0047731 0.00981041 -0.00524259 -0.0047731 -0.00647417 -0.0067987 -0.0047731 0.00981041 -0.0067987 -0.00688755 0.00230272 0.00245873 0.00220251 0.00209296 0.00245873 0.00179759 0.00209296 0.00152005 0.00220251 0.00209296 0.00192995 0.00177803 0.00209296 0.00152005 0.00177803 0.00127354 0.00179759 0.000942672 0.00152005 0.000725973 0.000942672 -1.2203e-05 0.000725973 -0.000201926 0.00152005 0.000725973 0.00127354 0.000529733 0.000725973 -0.000201926 0.000529733 -0.000374155 0.00192995 0.00177803 0.00168079 0.00152697 0.00177803 0.00127354 0.00152697 0.00106379 0.00168079 0.00152697 0.00147703 0.00132848 0.00152697 0.00106379 0.00132848 0.000892151 0.00127354 0.000529733 0.00106379 0.000358324 0.000529733 -0.000374155 0.000358324 -0.000525587 0.00106379 0.000358324 0.000892151 0.000214879 0.000358324 -0.000525587 0.000214879 -0.000653245 -1.2203e-05 -0.00104935 -0.000201926 -0.00123933 -0.00104935 -0.00218033 -0.00123933 -0.00239181 -0.000201926 -0.00123933 -0.000374155 -0.00141057 -0.00123933 -0.00239181 -0.00141057 -0.00258108 -0.00218033 -0.00342673 -0.00239181 -0.00368026 -0.00342673 -0.00482298 -0.00368026 -0.00514294 -0.00239181 -0.00368026 -0.00258108 -0.00390563 -0.00368026 -0.00514294 -0.00390563 -0.00542349 -0.000374155 -0.00141057 -0.000525587 -0.00156058 -0.00141057 -0.00258108 -0.00156058 -0.00274594 -0.000525587 -0.00156058 -0.000653245 -0.00168682 -0.00156058 -0.00274594 -0.00168682 -0.00288401 -0.00258108 -0.00390563 -0.00274594 -0.00410047 -0.00390563 -0.00542349 -0.00410047 -0.00566254 -0.00274594 -0.00410047 -0.00288401 -0.0042625 -0.00410047 -0.00566254 -0.0042625 -0.0058587 0.00147703 0.00132848 0.00132033 0.00117721 0.00132848 0.000892151 0.00117721 0.000758918 0.00132033 0.00117721 0.0012096 0.00107053 0.00117721 0.000758918 0.00107053 0.000663952 0.000892151 0.000214879 0.000758918 0.000101539 0.000214879 -0.000653245 0.000101539 -0.000754796 0.000758918 0.000101539 0.000663952 1.97218e-05 0.000101539 -0.000754796 1.97218e-05 -0.000828508 0.0012096 0.00107053 0.00114367 0.00100701 0.00107053 0.000663952 0.00100701 0.000607061 0.00114367 0.00100701 0.00112177 0.000985922 0.00100701 0.000607061 0.000985922 0.000588112 0.000663952 1.97218e-05 0.000607061 -2.96895e-05 1.97218e-05 -0.000828508 -2.96895e-05 -0.000873195 0.000607061 -2.96895e-05 0.000588112 -4.62111e-05 -2.96895e-05 -0.000873195 -4.62111e-05 -0.000888166 -0.000653245 -0.00168682 -0.000754796 -0.00178717 -0.00168682 -0.00288401 -0.00178717 -0.00299335 -0.000754796 -0.00178717 -0.000828508 -0.00186 -0.00178717 -0.00299335 -0.00186 -0.00307248 -0.00288401 -0.0042625 -0.00299335 -0.00439002 -0.0042625 -0.0058587 -0.00439002 -0.00601133 -0.00299335 -0.00439002 -0.00307248 -0.00448184 -0.00439002 -0.00601133 -0.00448184 -0.00612026 -0.000828508 -0.00186 -0.000873195 -0.00190416 -0.00186 -0.00307248 -0.00190416 -0.00312037 -0.000873195 -0.00190416 -0.000888166 -0.00191895 -0.00190416 -0.00312037 -0.00191895 -0.00313639 -0.00307248 -0.00448184 -0.00312037 -0.00453721 -0.00448184 -0.00612026 -0.00453721 -0.00618555 -0.00312037 -0.00453721 -0.00313639 -0.00455572 -0.00453721 -0.00618555 -0.00455572 -0.0062073 -0.00482298 -0.00644365 -0.00514294 -0.00685447 -0.00644365 -0.00845204 -0.00685447 -0.00895412 -0.00514294 -0.00685447 -0.00542349 -0.00720498 -0.00685447 -0.00895412 -0.00720498 -0.00936439 -0.00845204 -0.0111306 -0.00895412 -0.0116492 -0.0111306 -0.0147947 -0.0116492 -0.015127 -0.00895412 -0.0116492 -0.00936439 -0.0120468 -0.0116492 -0.015127 -0.0120468 -0.0153455 -0.00542349 -0.00720498 -0.00566254 -0.00749566 -0.00720498 -0.00936439 -0.00749566 -0.0096906 -0.00566254 -0.00749566 -0.0058587 -0.00772865 -0.00749566 -0.0096906 -0.00772865 -0.00994274 -0.00936439 -0.0120468 -0.0096906 -0.0123428 -0.0120468 -0.0153455 -0.0123428 -0.0154795 -0.0096906 -0.0123428 -0.00994274 -0.0125585 -0.0123428 -0.0154795 -0.0125585 -0.0155573 -0.0147947 -0.0194972 -0.015127 -0.0193313 -0.0194972 -0.0246313 -0.0193313 -0.0237067 -0.015127 -0.0193313 -0.0153455 -0.0191372 -0.0193313 -0.0237067 -0.0191372 -0.0229216 -0.0246313 -0.0288403 -0.0237067 -0.0271884 -0.0288403 -0.0306092 -0.0271884 -0.0286538 -0.0237067 -0.0271884 -0.0229216 -0.0258552 -0.0271884 -0.0286538 -0.0258552 -0.0270956 -0.0153455 -0.0191372 -0.0154795 -0.0189386 -0.0191372 -0.0229216 -0.0189386 -0.0222721 -0.0154795 -0.0189386 -0.0155573 -0.0187561 -0.0189386 -0.0222721 -0.0187561 -0.0217518 -0.0229216 -0.0258552 -0.0222721 -0.0248001 -0.0258552 -0.0270956 -0.0248001 -0.0258764 -0.0222721 -0.0248001 -0.0217518 -0.0239836 -0.0248001 -0.0258764 -0.0239836 -0.0249416 -0.0058587 -0.00772865 -0.00601133 -0.00790648 -0.00772865 -0.00994274 -0.00790648 -0.0101295 -0.00601133 -0.00790648 -0.00612026 -0.00803154 -0.00790648 -0.0101295 -0.00803154 -0.0102579 -0.00994274 -0.0125585 -0.0101295 -0.0127102 -0.0125585 -0.0155573 -0.0127102 -0.0155993 -0.0101295 -0.0127102 -0.0102579 -0.0128103 -0.0127102 -0.0155993 -0.0128103 -0.0156201 -0.00612026 -0.00803154 -0.00618555 -0.00810575 -0.00803154 -0.0102579 -0.00810575 -0.0103329 -0.00618555 -0.00810575 -0.0062073 -0.00813035 -0.00810575 -0.0103329 -0.00813035 -0.0103576 -0.0102579 -0.0128103 -0.0103329 -0.0128671 -0.0128103 -0.0156201 -0.0128671 -0.015629 -0.0103329 -0.0128671 -0.0103576 -0.0128855 -0.0128671 -0.015629 -0.0128855 -0.0156313 -0.0155573 -0.0187561 -0.0155993 -0.0186032 -0.0187561 -0.0217518 -0.0186032 -0.0213543 -0.0155993 -0.0186032 -0.0156201 -0.0184888 -0.0186032 -0.0213543 -0.0184888 -0.0210744 -0.0217518 -0.0239836 -0.0213543 -0.0233759 -0.0239836 -0.0249416 -0.0233759 -0.0242509 -0.0213543 -0.0233759 -0.0210744 -0.0229559 -0.0233759 -0.0242509 -0.0229559 -0.0237759 -0.0156201 -0.0184888 -0.015629 -0.0184182 -0.0184888 -0.0210744 -0.0184182 -0.020908 -0.015629 -0.0184182 -0.0156313 -0.0183943 -0.0184182 -0.020908 -0.0183943 -0.0208529 -0.0210744 -0.0229559 -0.020908 -0.0227093 -0.0229559 -0.0237759 -0.0227093 -0.023498 -0.020908 -0.0227093 -0.0208529 -0.022628 -0.0227093 -0.023498 -0.022628 -0.0234065 -0.0306092 -0.0292638 -0.0286538 -0.0276152 -0.0292638 -0.02548 -0.0276152 -0.0245626 -0.0286538 -0.0276152 -0.0270956 -0.0262851 -0.0276152 -0.0245626 -0.0262851 -0.0237839 -0.02548 -0.0207752 -0.0245626 -0.0206211 -0.0207752 -0.0165098 -0.0206211 -0.0168593 -0.0245626 -0.0206211 -0.0237839 -0.0204374 -0.0206211 -0.0168593 -0.0204374 -0.0170929 -0.0270956 -0.0262851 -0.0258764 -0.0252327 -0.0262851 -0.0237839 -0.0252327 -0.0231401 -0.0258764 -0.0252327 -0.0249416 -0.0244185 -0.0252327 -0.0231401 -0.0244185 -0.0226245 -0.0237839 -0.0204374 -0.0231401 -0.0202479 -0.0204374 -0.0170929 -0.0202479 -0.0172398 -0.0231401 -0.0202479 -0.0226245 -0.0200728 -0.0202479 -0.0172398 -0.0200728 -0.0173282 -0.0165098 -0.0132955 -0.0168593 -0.0138373 -0.0132955 -0.0110845 -0.0138373 -0.0116163 -0.0168593 -0.0138373 -0.0170929 -0.014255 -0.0138373 -0.0116163 -0.014255 -0.0120524 -0.0110845 -0.00956793 -0.0116163 -0.0100155 -0.00956793 -0.00847101 -0.0100155 -0.00883468 -0.0116163 -0.0100155 -0.0120524 -0.0103976 -0.0100155 -0.00883468 -0.0103976 -0.00915231 -0.0170929 -0.014255 -0.0172398 -0.0145683 -0.014255 -0.0120524 -0.0145683 -0.0124004 -0.0172398 -0.0145683 -0.0173282 -0.014798 -0.0145683 -0.0124004 -0.014798 -0.0126704 -0.0120524 -0.0103976 -0.0124004 -0.0107148 -0.0103976 -0.00915231 -0.0107148 -0.00942213 -0.0124004 -0.0107148 -0.0126704 -0.0109693 -0.0107148 -0.00942213 -0.0109693 -0.009643 -0.0249416 -0.0244185 -0.0242509 -0.0238126 -0.0244185 -0.0226245 -0.0238126 -0.0222307 -0.0242509 -0.0238126 -0.0237759 -0.0233938 -0.0238126 -0.0222307 -0.0233938 -0.0219534 -0.0226245 -0.0200728 -0.0222307 -0.0199258 -0.0200728 -0.0173282 -0.0199258 -0.0173786 -0.0222307 -0.0199258 -0.0219534 -0.0198156 -0.0199258 -0.0173786 -0.0198156 -0.0174053 -0.0237759 -0.0233938 -0.023498 -0.023148 -0.0233938 -0.0219534 -0.023148 -0.0217887 -0.023498 -0.023148 -0.0234065 -0.023067 -0.023148 -0.0217887 -0.023067 -0.0217341 -0.0219534 -0.0198156 -0.0217887 -0.0197476 -0.0198156 -0.0174053 -0.0197476 -0.0174178 -0.0217887 -0.0197476 -0.0217341 -0.0197246 -0.0197476 -0.0174178 -0.0197246 -0.0174213 -0.0173282 -0.014798 -0.0173786 -0.0149608 -0.014798 -0.0126704 -0.0149608 -0.0128711 -0.0173786 -0.0149608 -0.0174053 -0.0150687 -0.0149608 -0.0128711 -0.0150687 -0.0130093 -0.0126704 -0.0109693 -0.0128711 -0.0111638 -0.0109693 -0.009643 -0.0111638 -0.00981453 -0.0128711 -0.0111638 -0.0130093 -0.0113007 -0.0111638 -0.00981453 -0.0113007 -0.00993678 -0.0174053 -0.0150687 -0.0174178 -0.0151303 -0.0150687 -0.0130093 -0.0151303 -0.0130903 -0.0174178 -0.0151303 -0.0174213 -0.0151502 -0.0151303 -0.0130903 -0.0151502 -0.0131169 -0.0130093 -0.0113007 -0.0130903 -0.011382 -0.0113007 -0.00993678 -0.011382 -0.01001 -0.0130903 -0.011382 -0.0131169 -0.0114089 -0.011382 -0.01001 -0.0114089 -0.0100344 -0.00847101 -0.00764073 -0.00883468 -0.00794382 -0.00764073 -0.00701705 -0.00794382 -0.00728008 -0.00883468 -0.00794382 -0.00915231 -0.00821026 -0.00794382 -0.00728008 -0.00821026 -0.00751012 -0.00701705 -0.00658554 -0.00728008 -0.00681926 -0.00658554 -0.00634829 -0.00681926 -0.00655334 -0.00728008 -0.00681926 -0.00751012 -0.00702129 -0.00681926 -0.00655334 -0.00702129 -0.00672746 -0.00915231 -0.00821026 -0.00942213 -0.0084384 -0.00821026 -0.00751012 -0.0084384 -0.00770652 -0.00942213 -0.0084384 -0.009643 -0.00862661 -0.0084384 -0.00770652 -0.00862661 -0.0078683 -0.00751012 -0.00702129 -0.00770652 -0.00719211 -0.00702129 -0.00672746 -0.00719211 -0.00687251 -0.00770652 -0.00719211 -0.0078683 -0.00733177 -0.00719211 -0.00687251 -0.00733177 -0.00698971 -0.00634829 -0.00631125 -0.00655334 -0.00647715 -0.00631125 -0.00647417 -0.00647715 -0.00657531 -0.00655334 -0.00647715 -0.00672746 -0.00661412 -0.00647715 -0.00657531 -0.00661412 -0.00665462 -0.00647417 -0.0067987 -0.00657531 -0.00678879 -0.0067987 -0.00688755 -0.00678879 -0.0068863 -0.00657531 -0.00678879 -0.00665462 -0.00678115 -0.00678879 -0.0068863 -0.00678115 -0.00684698 -0.00672746 -0.00661412 -0.00687251 -0.00672589 -0.00661412 -0.00665462 -0.00672589 -0.00671851 -0.00687251 -0.00672589 -0.00698971 -0.00681491 -0.00672589 -0.00671851 -0.00681491 -0.00676967 -0.00665462 -0.00678115 -0.00671851 -0.00678491 -0.00678115 -0.00684698 -0.00678491 -0.00682395 -0.00671851 -0.00678491 -0.00676967 -0.00679426 -0.00678491 -0.00682395 -0.00679426 -0.00681439 -0.009643 -0.00862661 -0.00981453 -0.00877378 -0.00862661 -0.0078683 -0.00877378 -0.00799474 -0.00981453 -0.00877378 -0.00993678 -0.00887925 -0.00877378 -0.00799474 -0.00887925 -0.00808535 -0.0078683 -0.00733177 -0.00799474 -0.00744032 -0.00733177 -0.00698971 -0.00744032 -0.00708001 -0.00799474 -0.00744032 -0.00808535 -0.00751781 -0.00744032 -0.00708001 -0.00751781 -0.00714405 -0.00993678 -0.00887925 -0.01001 -0.00894266 -0.00887925 -0.00808535 -0.00894266 -0.00813983 -0.01001 -0.00894266 -0.0100344 -0.00896381 -0.00894266 -0.00813983 -0.00896381 -0.008158 -0.00808535 -0.00751781 -0.00813983 -0.00756428 -0.00751781 -0.00714405 -0.00756428 -0.00718231 -0.00813983 -0.00756428 -0.008158 -0.00757977 -0.00756428 -0.00718231 -0.00757977 -0.00719504 -0.00698971 -0.00681491 -0.00708001 -0.00688285 -0.00681491 -0.00676967 -0.00688285 -0.00680923 -0.00708001 -0.00688285 -0.00714405 -0.00693076 -0.00688285 -0.00680923 -0.00693076 -0.00683752 -0.00676967 -0.00679426 -0.00680923 -0.00680504 -0.00679426 -0.00681439 -0.00680504 -0.00681244 -0.00680923 -0.00680504 -0.00683752 -0.00681452 -0.00680504 -0.00681244 -0.00681452 -0.00681379 -0.00714405 -0.00693076 -0.00718231 -0.00695929 -0.00693076 -0.00683752 -0.00695929 -0.00685454 -0.00718231 -0.00695929 -0.00719504 -0.00696877 -0.00695929 -0.00685454 -0.00696877 -0.00686023 -0.00683752 -0.00681452 -0.00685454 -0.00682089 -0.00681452 -0.00681379 -0.00682089 -0.00681564 -0.00685454 -0.00682089 -0.00686023 -0.00682312 -0.00682089 -0.00681564 -0.00682312 -0.00681642 
SCALARS conc double 1
LOOKUP_TABLE default
2.55306e-24 2.97729e-24 -5.10612e-24 -5.95457e-24 2.97729e-24 6.50261e-25 -5.95457e-24 -1.30052e-24 -5.10612e-24 -5.95457e-24 1.78714e-23 2.0841e-23 -5.95457e-24 -1.30052e-24 2.0841e-23 4.55183e-24 6.50261e-25 -8.83868e-26 -1.30052e-24 1.76774e-25 -8.83868e-26 -7.81461e-25 1.76774e-25 1.56292e-24 -1.30052e-24 1.76774e-25 4.55183e-24 -6.18706e-25 1.76774e-25 1.56292e-24 -6.18706e-25 -5.47023e-24 1.78714e-23 2.0841e-23 -6.63796e-23 -7.74095e-23 2.0841e-23 4.55183e-24 -7.74095e-23 -1.69068e-23 -6.63796e-23 -7.74095e-23 2.47647e-22 2.88797e-22 -7.74095e-23 -1.69068e-23 2.88797e-22 6.30754e-23 4.55183e-24 -6.18706e-25 -1.69068e-23 2.29804e-24 -6.18706e-25 -5.47023e-24 2.29804e-24 2.0318e-23 -1.69068e-23 2.29804e-24 6.30754e-23 -8.57343e-24 2.29804e-24 2.0318e-23 -8.57343e-24 -7.58017e-23 -7.81461e-25 -1.48312e-24 1.56292e-24 2.96624e-24 -1.48312e-24 -2.2609e-24 2.96624e-24 4.52179e-24 1.56292e-24 2.96624e-24 -5.47023e-24 -1.03818e-23 2.96624e-24 4.52179e-24 -1.03818e-23 -1.58263e-23 -2.2609e-24 -3.15281e-24 4.52179e-24 6.30562e-24 -3.15281e-24 -4.12225e-24 6.30562e-24 8.24451e-24 4.52179e-24 6.30562e-24 -1.58263e-23 -2.20697e-23 6.30562e-24 8.24451e-24 -2.20697e-23 -2.88558e-23 -5.47023e-24 -1.03818e-23 2.0318e-23 3.85611e-23 -1.03818e-23 -1.58263e-23 3.85611e-23 5.87833e-23 2.0318e-23 3.85611e-23 -7.58017e-23 -1.43863e-22 3.85611e-23 5.87833e-23 -1.43863e-22 -2.19307e-22 -1.58263e-23 -2.20697e-23 5.87833e-23 8.19731e-23 -2.20697e-23 -2.88558e-23 8.19731e-23 1.07179e-22 5.87833e-23 8.19731e-23 -2.19307e-22 -3.05823e-22 8.19731e-23 1.07179e-22 -3.05823e-22 -3.99859e-22 2.47647e-22 2.88797e-22 -9.24208e-22 -1.07778e-21 2.88797e-22 6.30754e-23 -1.07778e-21 -2.35395e-22 -9.24208e-22 -1.07778e-21 3.44918e-21 4.02232e-21 -1.07778e-21 -2.35395e-22 4.02232e-21 8.78505e-22 6.30754e-23 -8.57343e-24 -2.35395e-22 3.19955e-23 -8.57343e-24 -7.58017e-23 3.19955e-23 2.82889e-22 -2.35395e-22 3.19955e-23 8.78505e-22 -1.19408e-22 3.19955e-23 2.82889e-22 -1.19408e-22 -1.05575e-21 3.44918e-21 4.02232e-21 -1.28725e-20 -1.50115e-20 4.02232e-21 8.78505e-22 -1.50115e-20 -3.27863e-21 -1.28725e-20 -1.50115e-20 4.80409e-20 5.60237e-20 -1.50115e-20 -3.27863e-21 5.60237e-20 1.2236e-20 8.78505e-22 -1.19408e-22 -3.27863e-21 4.45632e-22 -1.19408e-22 -1.05575e-21 4.45632e-22 3.94012e-21 -3.27863e-21 4.45632e-22 1.2236e-20 -1.6631e-21 4.45632e-22 3.94012e-21 -1.6631e-21 -1.47047e-20 -7.58017e-23 -1.43863e-22 2.82889e-22 5.36889e-22 -1.43863e-22 -2.19307e-22 5.36889e-22 8.18444e-22 2.82889e-22 5.36889e-22 -1.05575e-21 -2.00369e-21 5.36889e-22 8.18444e-22 -2.00369e-21 -3.05447e-21 -2.19307e-22 -3.05823e-22 8.18444e-22 1.14132e-21 -3.05823e-22 -3.99859e-22 1.14132e-21 1.49226e-21 8.18444e-22 1.14132e-21 -3.05447e-21 -4.25945e-21 1.14132e-21 1.49226e-21 -4.25945e-21 -5.56916e-21 -1.05575e-21 -2.00369e-21 3.94012e-21 7.47789e-21 -2.00369e-21 -3.05447e-21 7.47789e-21 1.13994e-20 3.94012e-21 7.47789e-21 -1.47047e-20 -2.79078e-20 7.47789e-21 1.13994e-20 -2.79078e-20 -4.25433e-20 -3.05447e-21 -4.25945e-21 1.13994e-20 1.58965e-20 -4.25945e-21 -5.56916e-21 1.58965e-20 2.07844e-20 1.13994e-20 1.58965e-20 -4.25433e-20 -5.93264e-20 1.58965e-20 2.07844e-20 -5.93264e-20 -7.75684e-20 -4.12225e-24 -5.0794e-24 8.24451e-24 1.01588e-23 -5.0794e-24 -5.84718e-24 1.01588e-23 1.16944e-23 8.24451e-24 1.01588e-23 -2.88558e-23 -3.55558e-23 1.01588e-23 1.16944e-23 -3.55558e-23 -4.09303e-23 -5.84718e-24 -6.2728e-24 1.16944e-23 1.25456e-23 -6.2728e-24 -6.29856e-24 1.25456e-23 1.25971e-23 1.16944e-23 1.25456e-23 -4.09303e-23 -4.39096e-23 1.25456e-23 1.25971e-23 -4.39096e-23 -4.40899e-23 -2.88558e-23 -3.55558e-23 1.07179e-22 1.32064e-22 -3.55558e-23 -4.09303e-23 1.32064e-22 1.52027e-22 1.07179e-22 1.32064e-22 -3.99859e-22 -4.92702e-22 1.32064e-22 1.52027e-22 -4.92702e-22 -5.67177e-22 -4.09303e-23 -4.39096e-23 1.52027e-22 1.63093e-22 -4.39096e-23 -4.40899e-23 1.63093e-22 1.63763e-22 1.52027e-22 1.63093e-22 -5.67177e-22 -6.08462e-22 1.63093e-22 1.63763e-22 -6.08462e-22 -6.1096e-22 -6.29856e-24 -6.0962e-24 1.25971e-23 1.21924e-23 -6.0962e-24 -5.85935e-24 1.21924e-23 1.17187e-23 1.25971e-23 1.21924e-23 -4.40899e-23 -4.26734e-23 1.21924e-23 1.17187e-23 -4.26734e-23 -4.10154e-23 -5.85935e-24 -5.48794e-24 1.17187e-23 1.09759e-23 -5.48794e-24 -4.39902e-24 1.09759e-23 8.79804e-24 1.17187e-23 1.09759e-23 -4.10154e-23 -3.84156e-23 1.09759e-23 8.79804e-24 -3.84156e-23 -3.07931e-23 -4.40899e-23 -4.26734e-23 1.63763e-22 1.58501e-22 -4.26734e-23 -4.10154e-23 1.58501e-22 1.52343e-22 1.63763e-22 1.58501e-22 -6.1096e-22 -5.91331e-22 1.58501e-22 1.52343e-22 -5.91331e-22 -5.68357e-22 -4.10154e-23 -3.84156e-23 1.52343e-22 1.42686e-22 -3.84156e-23 -3.07931e-23 1.42686e-22 1.14375e-22 1.52343e-22 1.42686e-22 -5.68357e-22 -5.3233e-22 1.42686e-22 1.14375e-22 -5.3233e-22 -4.26705e-22 -3.99859e-22 -4.92702e-22 1.49226e-21 1.83874e-21 -4.92702e-22 -5.67177e-22 1.83874e-21 2.11668e-21 1.49226e-21 1.83874e-21 -5.56916e-21 -6.86227e-21 1.83874e-21 2.11668e-21 -6.86227e-21 -7.89954e-21 -5.67177e-22 -6.08462e-22 2.11668e-21 2.27075e-21 -6.08462e-22 -6.1096e-22 2.27075e-21 2.28008e-21 2.11668e-21 2.27075e-21 -7.89954e-21 -8.47455e-21 2.27075e-21 2.28008e-21 -8.47455e-21 -8.50935e-21 -5.56916e-21 -6.86227e-21 2.07844e-20 2.56103e-20 -6.86227e-21 -7.89954e-21 2.56103e-20 2.94815e-20 2.07844e-20 2.56103e-20 -7.75684e-20 -9.5579e-20 2.56103e-20 2.94815e-20 -9.5579e-20 -1.10026e-19 -7.89954e-21 -8.47455e-21 2.94815e-20 3.16275e-20 -8.47455e-21 -8.50935e-21 3.16275e-20 3.17573e-20 2.94815e-20 3.16275e-20 -1.10026e-19 -1.18035e-19 3.16275e-20 3.17573e-20 -1.18035e-19 -1.1852e-19 -6.1096e-22 -5.91331e-22 2.28008e-21 2.20682e-21 -5.91331e-22 -5.68357e-22 2.20682e-21 2.12108e-21 2.28008e-21 2.20682e-21 -8.50935e-21 -8.23596e-21 2.20682e-21 2.12108e-21 -8.23596e-21 -7.91597e-21 -5.68357e-22 -5.3233e-22 2.12108e-21 1.98663e-21 -5.3233e-22 -4.26705e-22 1.98663e-21 1.59244e-21 2.12108e-21 1.98663e-21 -7.91597e-21 -7.4142e-21 1.98663e-21 1.59244e-21 -7.4142e-21 -5.94307e-21 -8.50935e-21 -8.23596e-21 3.17573e-20 3.0737e-20 -8.23596e-21 -7.91597e-21 3.0737e-20 2.95428e-20 3.17573e-20 3.0737e-20 -1.1852e-19 -1.14712e-19 3.0737e-20 2.95428e-20 -1.14712e-19 -1.10255e-19 -7.91597e-21 -7.4142e-21 2.95428e-20 2.76702e-20 -7.4142e-21 -5.94307e-21 2.76702e-20 2.21798e-20 2.95428e-20 2.76702e-20 -1.10255e-19 -1.03266e-19 2.76702e-20 2.21798e-20 -1.03266e-19 -8.27763e-20 -4.39902e-24 -2.04951e-24 8.79804e-24 4.09901e-24 -2.04951e-24 1.37214e-24 4.09901e-24 -2.74428e-24 8.79804e-24 4.09901e-24 -3.07931e-23 -1.43465e-23 4.09901e-24 -2.74428e-24 -1.43465e-23 9.60498e-24 1.37214e-24 4.89881e-24 -2.74428e-24 -9.79762e-24 4.89881e-24 7.44106e-24 -9.79762e-24 -1.48821e-23 -2.74428e-24 -9.79762e-24 9.60498e-24 3.42917e-23 -9.79762e-24 -1.48821e-23 3.42917e-23 5.20874e-23 -3.07931e-23 -1.43465e-23 1.14375e-22 5.32871e-23 -1.43465e-23 9.60498e-24 5.32871e-23 -3.56756e-23 1.14375e-22 5.32871e-23 -4.26705e-22 -1.98802e-22 5.32871e-23 -3.56756e-23 -1.98802e-22 1.33098e-22 9.60498e-24 3.42917e-23 -3.56756e-23 -1.27369e-22 3.42917e-23 5.20874e-23 -1.27369e-22 -1.93467e-22 -3.56756e-23 -1.27369e-22 1.33098e-22 4.75185e-22 -1.27369e-22 -1.93467e-22 4.75185e-22 7.21782e-22 7.44106e-24 8.51599e-24 -1.48821e-23 -1.7032e-23 8.51599e-24 8.28846e-24 -1.7032e-23 -1.65769e-23 -1.48821e-23 -1.7032e-23 5.20874e-23 5.96119e-23 -1.7032e-23 -1.65769e-23 5.96119e-23 5.80192e-23 8.28846e-24 7.28603e-24 -1.65769e-23 -1.45721e-23 7.28603e-24 5.97756e-24 -1.45721e-23 -1.19551e-23 -1.65769e-23 -1.45721e-23 5.80192e-23 5.10022e-23 -1.45721e-23 -1.19551e-23 5.10022e-23 4.1843e-23 5.20874e-23 5.96119e-23 -1.93467e-22 -2.21416e-22 5.96119e-23 5.80192e-23 -2.21416e-22 -2.155e-22 -1.93467e-22 -2.21416e-22 7.21782e-22 8.26051e-22 -2.21416e-22 -2.155e-22 8.26051e-22 8.0398e-22 5.80192e-23 5.10022e-23 -2.155e-22 -1.89437e-22 5.10022e-23 4.1843e-23 -1.89437e-22 -1.55417e-22 -2.155e-22 -1.89437e-22 8.0398e-22 7.06745e-22 -1.89437e-22 -1.55417e-22 7.06745e-22 5.79824e-22 -4.26705e-22 -1.98802e-22 1.59244e-21 7.41921e-22 -1.98802e-22 1.33098e-22 7.41921e-22 -4.96715e-22 1.59244e-21 7.41921e-22 -5.94307e-21 -2.76888e-21 7.41921e-22 -4.96715e-22 -2.76888e-21 1.85376e-21 1.33098e-22 4.75185e-22 -4.96715e-22 -1.77337e-21 4.75185e-22 7.21782e-22 -1.77337e-21 -2.69366e-21 -4.96715e-22 -1.77337e-21 1.85376e-21 6.61829e-21 -1.77337e-21 -2.69366e-21 6.61829e-21 1.00529e-20 -5.94307e-21 -2.76888e-21 2.21798e-20 1.03336e-20 -2.76888e-21 1.85376e-21 1.03336e-20 -6.91833e-21 2.21798e-20 1.03336e-20 -8.27763e-20 -3.85655e-20 1.03336e-20 -6.91833e-21 -3.85655e-20 2.58195e-20 1.85376e-21 6.61829e-21 -6.91833e-21 -2.46998e-20 6.61829e-21 1.00529e-20 -2.46998e-20 -3.75178e-20 -6.91833e-21 -2.46998e-20 2.58195e-20 9.21809e-20 -2.46998e-20 -3.75178e-20 9.21809e-20 1.40018e-19 7.21782e-22 8.26051e-22 -2.69366e-21 -3.08279e-21 8.26051e-22 8.0398e-22 -3.08279e-21 -3.00042e-21 -2.69366e-21 -3.08279e-21 1.00529e-20 1.15051e-20 -3.08279e-21 -3.00042e-21 1.15051e-20 1.11977e-20 8.0398e-22 7.06745e-22 -3.00042e-21 -2.63754e-21 7.06745e-22 5.79824e-22 -2.63754e-21 -2.16388e-21 -3.00042e-21 -2.63754e-21 1.11977e-20 9.84342e-21 -2.63754e-21 -2.16388e-21 9.84342e-21 8.07569e-21 1.00529e-20 1.15051e-20 -3.75178e-20 -4.29376e-20 1.15051e-20 1.11977e-20 -4.29376e-20 -4.17904e-20 -3.75178e-20 -4.29376e-20 1.40018e-19 1.60245e-19 -4.29376e-20 -4.17904e-20 1.60245e-19 1.55964e-19 1.11977e-20 9.84342e-21 -4.17904e-20 -3.67361e-20 9.84342e-21 8.07569e-21 -3.67361e-20 -3.01389e-20 -4.17904e-20 -3.67361e-20 1.55964e-19 1.37101e-19 -3.67361e-20 -3.01389e-20 1.37101e-19 1.1248e-19 5.97756e-24 4.64462e-24 -1.19551e-23 -9.28923e-24 4.64462e-24 3.41452e-24 -9.28923e-24 -6.82905e-24 -1.19551e-23 -9.28923e-24 4.1843e-23 3.25123e-23 -9.28923e-24 -6.82905e-24 3.25123e-23 2.39017e-23 3.41452e-24 2.2442e-24 -6.82905e-24 -4.48839e-24 2.2442e-24 1.21589e-24 -4.48839e-24 -2.43179e-24 -6.82905e-24 -4.48839e-24 2.39017e-23 1.57094e-23 -4.48839e-24 -2.43179e-24 1.57094e-23 8.51126e-24 4.1843e-23 3.25123e-23 -1.55417e-22 -1.2076e-22 3.25123e-23 2.39017e-23 -1.2076e-22 -8.87776e-23 -1.55417e-22 -1.2076e-22 5.79824e-22 4.50528e-22 -1.2076e-22 -8.87776e-23 4.50528e-22 3.31209e-22 2.39017e-23 1.57094e-23 -8.87776e-23 -5.83491e-23 1.57094e-23 8.51126e-24 -5.83491e-23 -3.16132e-23 -8.87776e-23 -5.83491e-23 3.31209e-22 2.17687e-22 -5.83491e-23 -3.16132e-23 2.17687e-22 1.17942e-22 1.21589e-24 5.63028e-26 -2.43179e-24 -1.12606e-25 5.63028e-26 -6.94768e-25 -1.12606e-25 1.38954e-24 -2.43179e-24 -1.12606e-25 8.51126e-24 3.9412e-25 -1.12606e-25 1.38954e-24 3.9412e-25 -4.86338e-24 -6.94768e-25 -1.9558e-24 1.38954e-24 3.91159e-24 -1.9558e-24 6.09981e-27 3.91159e-24 -1.21996e-26 1.38954e-24 3.91159e-24 -4.86338e-24 -1.36906e-23 3.91159e-24 -1.21996e-26 -1.36906e-23 4.26986e-26 8.51126e-24 3.9412e-25 -3.16132e-23 -1.46387e-24 3.9412e-25 -4.86338e-24 -1.46387e-24 1.8064e-23 -3.16132e-23 -1.46387e-24 1.17942e-22 5.46137e-24 -1.46387e-24 1.8064e-23 5.46137e-24 -6.73925e-23 -4.86338e-24 -1.36906e-23 1.8064e-23 5.08507e-23 -1.36906e-23 4.26986e-26 5.08507e-23 -1.58595e-25 1.8064e-23 5.08507e-23 -6.73925e-23 -1.89712e-22 5.08507e-23 -1.58595e-25 -1.89712e-22 5.91681e-25 5.79824e-22 4.50528e-22 -2.16388e-21 -1.68135e-21 4.50528e-22 3.31209e-22 -1.68135e-21 -1.23606e-21 -2.16388e-21 -1.68135e-21 8.07569e-21 6.27487e-21 -1.68135e-21 -1.23606e-21 6.27487e-21 4.61302e-21 3.31209e-22 2.17687e-22 -1.23606e-21 -8.12399e-22 2.17687e-22 1.17942e-22 -8.12399e-22 -4.40154e-22 -1.23606e-21 -8.12399e-22 4.61302e-21 3.03191e-21 -8.12399e-22 -4.40154e-22 3.03191e-21 1.64267e-21 8.07569e-21 6.27487e-21 -3.01389e-20 -2.34181e-20 6.27487e-21 4.61302e-21 -2.34181e-20 -1.7216e-20 -3.01389e-20 -2.34181e-20 1.1248e-19 8.73977e-20 -2.34181e-20 -1.7216e-20 8.73977e-20 6.42511e-20 4.61302e-21 3.03191e-21 -1.7216e-20 -1.13152e-20 3.03191e-21 1.64267e-21 -1.13152e-20 -6.13054e-21 -1.7216e-20 -1.13152e-20 6.42511e-20 4.2229e-20 -1.13152e-20 -6.13054e-21 4.2229e-20 2.28795e-20 1.17942e-22 5.46137e-24 -4.40154e-22 -2.03816e-23 5.46137e-24 -6.73925e-23 -2.03816e-23 2.51506e-22 -4.40154e-22 -2.03816e-23 1.64267e-21 7.60651e-23 -2.03816e-23 2.51506e-22 7.60651e-23 -9.38631e-22 -6.73925e-23 -1.89712e-22 2.51506e-22 7.07998e-22 -1.89712e-22 5.91681e-25 7.07998e-22 -2.20813e-24 2.51506e-22 7.07998e-22 -9.38631e-22 -2.64228e-21 7.07998e-22 -2.20813e-24 -2.64228e-21 8.24084e-24 1.64267e-21 7.60651e-23 -6.13054e-21 -2.83879e-22 7.60651e-23 -9.38631e-22 -2.83879e-22 3.50302e-21 -6.13054e-21 -2.83879e-22 2.28795e-20 1.05945e-21 -2.83879e-22 3.50302e-21 1.05945e-21 -1.30734e-20 -9.38631e-22 -2.64228e-21 3.50302e-21 9.86113e-21 -2.64228e-21 8.24084e-24 9.86113e-21 -3.07552e-23 3.50302e-21 9.86113e-21 -1.30734e-20 -3.68022e-20 9.86113e-21 -3.07552e-23 -3.68022e-20 1.1478e-22 4.80409e-20 5.60237e-20 1.92749e-17 1.92587e-17 5.60237e-20 1.2236e-20 1.92587e-17 1.92356e-17 1.92749e-17 1.92587e-17 -9.42648e-18 -9.44593e-18 1.92587e-17 1.92356e-17 -9.44593e-18 -9.46594e-18 1.2236e-20 -1.6631e-21 1.92356e-17 1.92474e-17 -1.6631e-21 -1.47047e-20 1.92474e-17 1.92521e-17 1.92356e-17 1.92474e-17 -9.46594e-18 -9.45926e-18 1.92474e-17 1.92521e-17 -9.45926e-18 -9.46372e-18 -9.42648e-18 -9.44593e-18 -8.7552e-19 -8.68627e-19 -9.44593e-18 -9.46594e-18 -8.68627e-19 -8.60569e-19 -8.7552e-19 -8.68627e-19 -8.26132e-18 -8.26297e-18 -8.68627e-19 -8.60569e-19 -8.26297e-18 -8.26554e-18 -9.46594e-18 -9.45926e-18 -8.60569e-19 -8.6224e-19 -9.45926e-18 -9.46372e-18 -8.6224e-19 -8.60022e-19 -8.60569e-19 -8.6224e-19 -8.26554e-18 -8.26458e-18 -8.6224e-19 -8.60022e-19 -8.26458e-18 -8.26488e-18 -1.47047e-20 -2.79078e-20 1.92521e-17 1.92976e-17 -2.79078e-20 -4.25433e-20 1.92976e-17 1.93388e-17 1.92521e-17 1.92976e-17 -9.46372e-18 -9.44464e-18 1.92976e-17 1.93388e-17 -9.44464e-18 -9.43699e-18 -4.25433e-20 -5.93264e-20 1.93388e-17 1.94239e-17 -5.93264e-20 -7.75684e-20 1.94239e-17 1.95064e-17 1.93388e-17 1.94239e-17 -9.43699e-18 -9.40482e-18 1.94239e-17 1.95064e-17 -9.40482e-18 -9.3824e-18 -9.46372e-18 -9.44464e-18 -8.60022e-19 -8.66329e-19 -9.44464e-18 -9.43699e-18 -8.66329e-19 -8.68452e-19 -8.60022e-19 -8.66329e-19 -8.26488e-18 -8.26198e-18 -8.66329e-19 -8.68452e-19 -8.26198e-18 -8.26052e-18 -9.43699e-18 -9.40482e-18 -8.68452e-19 -8.79395e-19 -9.40482e-18 -9.3824e-18 -8.79395e-19 -8.86824e-19 -8.68452e-19 -8.79395e-19 -8.26052e-18 -8.25583e-18 -8.79395e-19 -8.86824e-19 -8.25583e-18 -8.25229e-18 -8.26132e-18 -8.26297e-18 -7.85749e-19 -7.8466e-19 -8.26297e-18 -8.26554e-18 -7.8466e-19 -7.83074e-19 -7.85749e-19 -7.8466e-19 -9.48393e-18 -9.48382e-18 -7.8466e-19 -7.83074e-19 -9.48382e-18 -9.48394e-18 -8.26554e-18 -8.26458e-18 -7.83074e-19 -7.82679e-19 -8.26458e-18 -8.26488e-18 -7.82679e-19 -7.81852e-19 -7.83074e-19 -7.82679e-19 -9.48394e-18 -9.4837e-18 -7.82679e-19 -7.81852e-19 -9.4837e-18 -9.48363e-18 -9.48393e-18 -9.48382e-18 2.39484e-18 2.39525e-18 -9.48382e-18 -9.48394e-18 2.39525e-18 2.39575e-18 2.39484e-18 2.39525e-18 -2.09356e-17 -2.09353e-17 2.39525e-18 2.39575e-18 -2.09353e-17 -2.0935e-17 -9.48394e-18 -9.4837e-18 2.39575e-18 2.39614e-18 -9.4837e-18 -9.48363e-18 2.39614e-18 2.39659e-18 2.39575e-18 2.39614e-18 -2.0935e-17 -2.09346e-17 2.39614e-18 2.39659e-18 -2.09346e-17 -2.09343e-17 -8.26488e-18 -8.26198e-18 -7.81852e-19 -7.82199e-19 -8.26198e-18 -8.26052e-18 -7.82199e-19 -7.82038e-19 -7.81852e-19 -7.82199e-19 -9.48363e-18 -9.48316e-18 -7.82199e-19 -7.82038e-19 -9.48316e-18 -9.48289e-18 -8.26052e-18 -8.25583e-18 -7.82038e-19 -7.83044e-19 -8.25583e-18 -8.25229e-18 -7.83044e-19 -7.83681e-19 -7.82038e-19 -7.83044e-19 -9.48289e-18 -9.4822e-18 -7.83044e-19 -7.83681e-19 -9.4822e-18 -9.48164e-18 -9.48363e-18 -9.48316e-18 2.39659e-18 2.39688e-18 -9.48316e-18 -9.48289e-18 2.39688e-18 2.39724e-18 2.39659e-18 2.39688e-18 -2.09343e-17 -2.09339e-17 2.39688e-18 2.39724e-18 -2.09339e-17 -2.09335e-17 -9.48289e-18 -9.4822e-18 2.39724e-18 2.39743e-18 -9.4822e-18 -9.48164e-18 2.39743e-18 2.39765e-18 2.39724e-18 2.39743e-18 -2.09335e-17 -2.09331e-17 2.39743e-18 2.39765e-18 -2.09331e-17 -2.09327e-17 -7.75684e-20 -9.5579e-20 1.95064e-17 1.96299e-17 -9.5579e-20 -1.10026e-19 1.96299e-17 1.97397e-17 1.95064e-17 1.96299e-17 -9.3824e-18 -9.33452e-18 1.96299e-17 1.97397e-17 -9.33452e-18 -9.29718e-18 -1.10026e-19 -1.18035e-19 1.97397e-17 1.98706e-17 -1.18035e-19 -1.1852e-19 1.98706e-17 1.99659e-17 1.97397e-17 1.98706e-17 -9.29718e-18 -9.23828e-18 1.98706e-17 1.99659e-17 -9.23828e-18 -9.19571e-18 -9.3824e-18 -9.33452e-18 -8.86824e-19 -9.03699e-19 -9.33452e-18 -9.29718e-18 -9.03699e-19 -9.17113e-19 -8.86824e-19 -9.03699e-19 -8.25229e-18 -8.24514e-18 -9.03699e-19 -9.17113e-19 -8.24514e-18 -8.23896e-18 -9.29718e-18 -9.23828e-18 -9.17113e-19 -9.39012e-19 -9.23828e-18 -9.19571e-18 -9.39012e-19 -9.55577e-19 -9.17113e-19 -9.39012e-19 -8.23896e-18 -8.22936e-18 -9.39012e-19 -9.55577e-19 -8.22936e-18 -8.22142e-18 -1.1852e-19 -1.14712e-19 1.99659e-17 2.00726e-17 -1.14712e-19 -1.10255e-19 2.00726e-17 2.01585e-17 1.99659e-17 2.00726e-17 -9.19571e-18 -9.13672e-18 2.00726e-17 2.01585e-17 -9.13672e-18 -9.0948e-18 -1.10255e-19 -1.03266e-19 2.01585e-17 2.02859e-17 -1.03266e-19 -8.27763e-20 2.02859e-17 2.04045e-17 2.01585e-17 2.02859e-17 -9.0948e-18 -9.03497e-18 2.02859e-17 2.04045e-17 -9.03497e-18 -8.99639e-18 -9.19571e-18 -9.13672e-18 -9.55577e-19 -9.7872e-19 -9.13672e-18 -9.0948e-18 -9.7872e-19 -9.95528e-19 -9.55577e-19 -9.7872e-19 -8.22142e-18 -8.21088e-18 -9.7872e-19 -9.95528e-19 -8.21088e-18 -8.20253e-18 -9.0948e-18 -9.03497e-18 -9.95528e-19 -1.01792e-18 -9.03497e-18 -8.99639e-18 -1.01792e-18 -1.03014e-18 -9.95528e-19 -1.01792e-18 -8.20253e-18 -8.1922e-18 -1.01792e-18 -1.03014e-18 -8.1922e-18 -8.18614e-18 -8.25229e-18 -8.24514e-18 -7.83681e-19 -7.85748e-19 -8.24514e-18 -8.23896e-18 -7.85748e-19 -7.87691e-19 -7.83681e-19 -7.85748e-19 -9.48164e-18 -9.48049e-18 -7.85748e-19 -7.87691e-19 -9.48049e-18 -9.47926e-18 -8.23896e-18 -8.22936e-18 -7.87691e-19 -7.9114e-19 -8.22936e-18 -8.22142e-18 -7.9114e-19 -7.94241e-19 -7.87691e-19 -7.9114e-19 -9.47926e-18 -9.47731e-18 -7.9114e-19 -7.94241e-19 -9.47731e-18 -9.47532e-18 -9.48164e-18 -9.48049e-18 2.39765e-18 2.39764e-18 -9.48049e-18 -9.47926e-18 2.39764e-18 2.39758e-18 2.39765e-18 2.39764e-18 -2.09327e-17 -2.09322e-17 2.39764e-18 2.39758e-18 -2.09322e-17 -2.09318e-17 -9.47926e-18 -9.47731e-18 2.39758e-18 2.39724e-18 -9.47731e-18 -9.47532e-18 2.39724e-18 2.3969e-18 2.39758e-18 2.39724e-18 -2.09318e-17 -2.09313e-17 2.39724e-18 2.3969e-18 -2.09313e-17 -2.09309e-17 -8.22142e-18 -8.21088e-18 -7.94241e-19 -7.98438e-19 -8.21088e-18 -8.20253e-18 -7.98438e-19 -8.01882e-19 -7.94241e-19 -7.98438e-19 -9.47532e-18 -9.47285e-18 -7.98438e-19 -8.01882e-19 -9.47285e-18 -9.47065e-18 -8.20253e-18 -8.1922e-18 -8.01882e-19 -8.05929e-19 -8.1922e-18 -8.18614e-18 -8.05929e-19 -8.08059e-19 -8.01882e-19 -8.05929e-19 -9.47065e-18 -9.46834e-18 -8.05929e-19 -8.08059e-19 -9.46834e-18 -9.46696e-18 -9.47532e-18 -9.47285e-18 2.3969e-18 2.39639e-18 -9.47285e-18 -9.47065e-18 2.39639e-18 2.39597e-18 2.3969e-18 2.39639e-18 -2.09309e-17 -2.09304e-17 2.39639e-18 2.39597e-18 -2.09304e-17 -2.093e-17 -9.47065e-18 -9.46834e-18 2.39597e-18 2.3955e-18 -9.46834e-18 -9.46696e-18 2.3955e-18 2.39533e-18 2.39597e-18 2.3955e-18 -2.093e-17 -2.09295e-17 2.3955e-18 2.39533e-18 -2.09295e-17 -2.09291e-17 -8.27763e-20 -3.85655e-20 2.04045e-17 2.05274e-17 -3.85655e-20 2.58195e-20 2.05274e-17 2.05624e-17 2.04045e-17 2.05274e-17 -8.99639e-18 -8.95757e-18 2.05274e-17 2.05624e-17 -8.95757e-18 -8.96624e-18 2.58195e-20 9.21809e-20 2.05624e-17 2.05277e-17 9.21809e-20 1.40018e-19 2.05277e-17 2.0383e-17 2.05624e-17 2.05277e-17 -8.96624e-18 -8.99326e-18 2.05277e-17 2.0383e-17 -8.99326e-18 -9.06458e-18 -8.99639e-18 -8.95757e-18 -1.03014e-18 -1.0395e-18 -8.95757e-18 -8.96624e-18 -1.0395e-18 -1.02887e-18 -1.03014e-18 -1.0395e-18 -8.18614e-18 -8.18239e-18 -1.0395e-18 -1.02887e-18 -8.18239e-18 -8.18774e-18 -8.96624e-18 -8.99326e-18 -1.02887e-18 -1.01099e-18 -8.99326e-18 -9.06458e-18 -1.01099e-18 -9.77977e-19 -1.02887e-18 -1.01099e-18 -8.18774e-18 -8.19729e-18 -1.01099e-18 -9.77977e-19 -8.19729e-18 -8.21305e-18 1.40018e-19 1.60245e-19 2.0383e-17 2.02094e-17 1.60245e-19 1.55964e-19 2.02094e-17 1.99991e-17 2.0383e-17 2.02094e-17 -9.06458e-18 -9.13066e-18 2.02094e-17 1.99991e-17 -9.13066e-18 -9.21187e-18 1.55964e-19 1.37101e-19 1.99991e-17 1.98276e-17 1.37101e-19 1.1248e-19 1.98276e-17 1.96617e-17 1.99991e-17 1.98276e-17 -9.21187e-18 -9.26575e-18 1.98276e-17 1.96617e-17 -9.26575e-18 -9.32446e-18 -9.06458e-18 -9.13066e-18 -9.77977e-19 -9.49454e-19 -9.13066e-18 -9.21187e-18 -9.49454e-19 -9.17928e-19 -9.77977e-19 -9.49454e-19 -8.21305e-18 -8.22671e-18 -9.49454e-19 -9.17928e-19 -8.22671e-18 -8.24026e-18 -9.21187e-18 -9.26575e-18 -9.17928e-19 -8.98522e-19 -9.26575e-18 -9.32446e-18 -8.98522e-19 -8.78452e-19 -9.17928e-19 -8.98522e-19 -8.24026e-18 -8.24796e-18 -8.98522e-19 -8.78452e-19 -8.24796e-18 -8.25474e-18 -8.18614e-18 -8.18239e-18 -8.08059e-19 -8.08612e-19 -8.18239e-18 -8.18774e-18 -8.08612e-19 -8.04848e-19 -8.08059e-19 -8.08612e-19 -9.46696e-18 -9.46653e-18 -8.08612e-19 -8.04848e-19 -9.46653e-18 -9.46812e-18 -8.18774e-18 -8.19729e-18 -8.04848e-19 -7.98639e-19 -8.19729e-18 -8.21305e-18 -7.98639e-19 -7.89738e-19 -8.04848e-19 -7.98639e-19 -9.46812e-18 -9.47099e-18 -7.98639e-19 -7.89738e-19 -9.47099e-18 -9.47503e-18 -9.46696e-18 -9.46653e-18 2.39533e-18 2.3955e-18 -9.46653e-18 -9.46812e-18 2.3955e-18 2.39644e-18 2.39533e-18 2.3955e-18 -2.09291e-17 -2.09287e-17 2.3955e-18 2.39644e-18 -2.09287e-17 -2.09284e-17 -9.46812e-18 -9.47099e-18 2.39644e-18 2.39797e-18 -9.47099e-18 -9.47503e-18 2.39797e-18 2.40004e-18 2.39644e-18 2.39797e-18 -2.09284e-17 -2.09282e-17 2.39797e-18 2.40004e-18 -2.09282e-17 -2.0928e-17 -8.21305e-18 -8.22671e-18 -7.89738e-19 -7.81833e-19 -8.22671e-18 -8.24026e-18 -7.81833e-19 -7.74709e-19 -7.89738e-19 -7.81833e-19 -9.47503e-18 -9.47857e-18 -7.81833e-19 -7.74709e-19 -9.47857e-18 -9.48147e-18 -8.24026e-18 -8.24796e-18 -7.74709e-19 -7.70629e-19 -8.24796e-18 -8.25474e-18 -7.70629e-19 -7.67666e-19 -7.74709e-19 -7.70629e-19 -9.48147e-18 -9.48281e-18 -7.70629e-19 -7.67666e-19 -9.48281e-18 -9.48333e-18 -9.47503e-18 -9.47857e-18 2.40004e-18 2.40203e-18 -9.47857e-18 -9.48147e-18 2.40203e-18 2.4038e-18 2.40004e-18 2.40203e-18 -2.0928e-17 -2.09277e-17 2.40203e-18 2.4038e-18 -2.09277e-17 -2.09275e-17 -9.48147e-18 -9.48281e-18 2.4038e-18 2.40497e-18 -9.48281e-18 -9.48333e-18 2.40497e-18 2.40578e-18 2.4038e-18 2.40497e-18 -2.09275e-17 -2.09273e-17 2.40497e-18 2.40578e-18 -2.09273e-17 -2.09271e-17 1.1248e-19 8.73977e-20 1.96617e-17 1.95519e-17 8.73977e-20 6.42511e-20 1.95519e-17 1.94495e-17 1.96617e-17 1.95519e-17 -9.32446e-18 -9.35368e-18 1.95519e-17 1.94495e-17 -9.35368e-18 -9.38965e-18 6.42511e-20 4.2229e-20 1.94495e-17 1.93988e-17 4.2229e-20 2.28795e-20 1.93988e-17 1.93502e-17 1.94495e-17 1.93988e-17 -9.38965e-18 -9.39859e-18 1.93988e-17 1.93502e-17 -9.39859e-18 -9.41613e-18 -9.32446e-18 -9.35368e-18 -8.78452e-19 -8.69506e-19 -9.35368e-18 -9.38965e-18 -8.69506e-19 -8.5789e-19 -8.78452e-19 -8.69506e-19 -8.25474e-18 -8.25678e-18 -8.69506e-19 -8.5789e-19 -8.25678e-18 -8.2595e-18 -9.38965e-18 -9.39859e-18 -8.5789e-19 -8.55632e-19 -9.39859e-18 -9.41613e-18 -8.55632e-19 -8.49646e-19 -8.5789e-19 -8.55632e-19 -8.2595e-18 -8.25884e-18 -8.55632e-19 -8.49646e-19 -8.25884e-18 -8.25966e-18 2.28795e-20 1.05945e-21 1.93502e-17 1.93493e-17 1.05945e-21 -1.30734e-20 1.93493e-17 1.93452e-17 1.93502e-17 1.93493e-17 -9.41613e-18 -9.40752e-18 1.93493e-17 1.93452e-17 -9.40752e-18 -9.40763e-18 -1.30734e-20 -3.68022e-20 1.93452e-17 1.93806e-17 -3.68022e-20 1.1478e-22 1.93806e-17 1.93722e-17 1.93452e-17 1.93806e-17 -9.40763e-18 -9.38293e-18 1.93806e-17 1.93722e-17 -9.38293e-18 -9.37915e-18 -9.41613e-18 -9.40752e-18 -8.49646e-19 -8.52582e-19 -9.40752e-18 -9.40763e-18 -8.52582e-19 -8.51996e-19 -8.49646e-19 -8.52582e-19 -8.25966e-18 -8.25743e-18 -8.52582e-19 -8.51996e-19 -8.25743e-18 -8.25646e-18 -9.40763e-18 -9.38293e-18 -8.51996e-19 -8.60691e-19 -9.38293e-18 -9.37915e-18 -8.60691e-19 -8.61579e-19 -8.51996e-19 -8.60691e-19 -8.25646e-18 -8.2519e-18 -8.60691e-19 -8.61579e-19 -8.2519e-18 -8.25058e-18 -8.25474e-18 -8.25678e-18 -7.67666e-19 -7.66921e-19 -8.25678e-18 -8.2595e-18 -7.66921e-19 -7.66145e-19 -7.67666e-19 -7.66921e-19 -9.48333e-18 -9.48279e-18 -7.66921e-19 -7.66145e-19 -9.48279e-18 -9.48214e-18 -8.2595e-18 -8.25884e-18 -7.66145e-19 -7.66593e-19 -8.25884e-18 -8.25966e-18 -7.66593e-19 -7.66387e-19 -7.66145e-19 -7.66593e-19 -9.48214e-18 -9.48104e-18 -7.66593e-19 -7.66387e-19 -9.48104e-18 -9.48024e-18 -9.48333e-18 -9.48279e-18 2.40578e-18 2.40614e-18 -9.48279e-18 -9.48214e-18 2.40614e-18 2.4064e-18 2.40578e-18 2.40614e-18 -2.09271e-17 -2.09268e-17 2.40614e-18 2.4064e-18 -2.09268e-17 -2.09266e-17 -9.48214e-18 -9.48104e-18 2.4064e-18 2.40647e-18 -9.48104e-18 -9.48024e-18 2.40647e-18 2.40662e-18 2.4064e-18 2.40647e-18 -2.09266e-17 -2.09263e-17 2.40647e-18 2.40662e-18 -2.09263e-17 -2.0926e-17 -8.25966e-18 -8.25743e-18 -7.66387e-19 -7.67152e-19 -8.25743e-18 -8.25646e-18 -7.67152e-19 -7.67446e-19 -7.66387e-19 -7.67152e-19 -9.48024e-18 -9.47918e-18 -7.67152e-19 -7.67446e-19 -9.47918e-18 -9.4783e-18 -8.25646e-18 -8.2519e-18 -7.67446e-19 -7.69158e-19 -8.2519e-18 -8.25058e-18 -7.69158e-19 -7.69471e-19 -7.67446e-19 -7.69158e-19 -9.4783e-18 -9.47685e-18 -7.69158e-19 -7.69471e-19 -9.47685e-18 -9.47601e-18 -9.48024e-18 -9.47918e-18 2.40662e-18 2.40666e-18 -9.47918e-18 -9.4783e-18 2.40666e-18 2.40674e-18 2.40662e-18 2.40666e-18 -2.0926e-17 -2.09256e-17 2.40666e-18 2.40674e-18 -2.09256e-17 -2.09253e-17 -9.4783e-18 -9.47685e-18 2.40674e-18 2.40661e-18 -9.47685e-18 -9.47601e-18 2.40661e-18 2.40673e-18 2.40674e-18 2.40661e-18 -2.09253e-17 -2.09249e-17 2.40661e-18 2.40673e-18 -2.09249e-17 -2.09245e-17 -2.09356e-17 -2.09353e-17 -4.42816e-17 -4.42812e-17 -2.09353e-17 -2.0935e-17 -4.42812e-17 -4.42808e-17 -4.42816e-17 -4.42812e-17 -3.23976e-17 -3.23974e-17 -4.42812e-17 -4.42808e-17 -3.23974e-17 -3.2397e-17 -2.0935e-17 -2.09346e-17 -4.42808e-17 -4.42805e-17 -2.09346e-17 -2.09343e-17 -4.42805e-17 -4.42802e-17 -4.42808e-17 -4.42805e-17 -3.2397e-17 -3.23964e-17 -4.42805e-17 -4.42802e-17 -3.23964e-17 -3.23957e-17 -3.23976e-17 -3.23974e-17 -4.11162e-17 -4.11149e-17 -3.23974e-17 -3.2397e-17 -4.11149e-17 -4.11137e-17 -4.11162e-17 -4.11149e-17 -3.35823e-17 -3.35858e-17 -4.11149e-17 -4.11137e-17 -3.35858e-17 -3.35901e-17 -3.2397e-17 -3.23964e-17 -4.11137e-17 -4.11139e-17 -3.23964e-17 -3.23957e-17 -4.11139e-17 -4.11138e-17 -4.11137e-17 -4.11139e-17 -3.35901e-17 -3.35879e-17 -4.11139e-17 -4.11138e-17 -3.35879e-17 -3.35868e-17 -2.09343e-17 -2.09339e-17 -4.42802e-17 -4.428e-17 -2.09339e-17 -2.09335e-17 -4.428e-17 -4.42798e-17 -4.42802e-17 -4.428e-17 -3.23957e-17 -3.23948e-17 -4.428e-17 -4.42798e-17 -3.23948e-17 -3.23938e-17 -2.09335e-17 -2.09331e-17 -4.42798e-17 -4.42796e-17 -2.09331e-17 -2.09327e-17 -4.42796e-17 -4.42794e-17 -4.42798e-17 -4.42796e-17 -3.23938e-17 -3.23926e-17 -4.42796e-17 -4.42794e-17 -3.23926e-17 -3.23914e-17 -3.23957e-17 -3.23948e-17 -4.11138e-17 -4.11151e-17 -3.23948e-17 -3.23938e-17 -4.11151e-17 -4.11164e-17 -4.11138e-17 -4.11151e-17 -3.35868e-17 -3.3579e-17 -4.11151e-17 -4.11164e-17 -3.3579e-17 -3.35718e-17 -3.23938e-17 -3.23926e-17 -4.11164e-17 -4.11191e-17 -3.23926e-17 -3.23914e-17 -4.11191e-17 -4.11216e-17 -4.11164e-17 -4.11191e-17 -3.35718e-17 -3.35573e-17 -4.11191e-17 -4.11216e-17 -3.35573e-17 -3.35437e-17 -3.35823e-17 -3.35858e-17 -4.12184e-17 -4.11988e-17 -3.35858e-17 -3.35901e-17 -4.11988e-17 -4.11735e-17 -4.12184e-17 -4.11988e-17 -3.11667e-17 -3.1258e-17 -4.11988e-17 -4.11735e-17 -3.1258e-17 -3.13804e-17 -3.35901e-17 -3.35879e-17 -4.11735e-17 -4.11799e-17 -3.35879e-17 -3.35868e-17 -4.11799e-17 -4.11804e-17 -4.11735e-17 -4.11799e-17 -3.13804e-17 -3.13456e-17 -4.11799e-17 -4.11804e-17 -3.13456e-17 -3.13438e-17 -3.11667e-17 -3.1258e-17 6.07411e-17 6.06932e-17 -3.1258e-17 -3.13804e-17 6.06932e-17 6.0636e-17 6.07411e-17 6.06932e-17 1.3933e-19 1.68011e-19 6.06932e-17 6.0636e-17 1.68011e-19 3.48641e-20 -3.13804e-17 -3.13456e-17 6.0636e-17 6.0667e-17 -3.13456e-17 -3.13438e-17 6.0667e-17 6.06787e-17 6.0636e-17 6.0667e-17 3.48641e-20 -1.82972e-20 6.0667e-17 6.06787e-17 -1.82972e-20 -7.24629e-20 -3.35868e-17 -3.3579e-17 -4.11804e-17 -4.12138e-17 -3.3579e-17 -3.35718e-17 -4.12138e-17 -4.12433e-17 -4.11804e-17 -4.12138e-17 -3.13438e-17 -3.11806e-17 -4.12138e-17 -4.12433e-17 -3.11806e-17 -3.10402e-17 -3.35718e-17 -3.35573e-17 -4.12433e-17 -4.13079e-17 -3.35573e-17 -3.35437e-17 -4.13079e-17 -4.1369e-17 -4.12433e-17 -4.13079e-17 -3.10402e-17 -3.07268e-17 -4.13079e-17 -4.1369e-17 -3.07268e-17 -3.04282e-17 -3.13438e-17 -3.11806e-17 6.06787e-17 6.07926e-17 -3.11806e-17 -3.10402e-17 6.07926e-17 6.08925e-17 6.06787e-17 6.07926e-17 -7.24629e-20 -1.30083e-19 6.07926e-17 6.08925e-17 -1.30083e-19 -1.95249e-19 -3.10402e-17 -3.07268e-17 6.08925e-17 6.11009e-17 -3.07268e-17 -3.04282e-17 6.11009e-17 6.12972e-17 6.08925e-17 6.11009e-17 -1.95249e-19 -2.69986e-19 6.11009e-17 6.12972e-17 -2.69986e-19 -3.52029e-19 -2.09327e-17 -2.09322e-17 -4.42794e-17 -4.42791e-17 -2.09322e-17 -2.09318e-17 -4.42791e-17 -4.42787e-17 -4.42794e-17 -4.42791e-17 -3.23914e-17 -3.23902e-17 -4.42791e-17 -4.42787e-17 -3.23902e-17 -3.23894e-17 -2.09318e-17 -2.09313e-17 -4.42787e-17 -4.42781e-17 -2.09313e-17 -2.09309e-17 -4.42781e-17 -4.42774e-17 -4.42787e-17 -4.42781e-17 -3.23894e-17 -3.23889e-17 -4.42781e-17 -4.42774e-17 -3.23889e-17 -3.23889e-17 -3.23914e-17 -3.23902e-17 -4.11216e-17 -4.1125e-17 -3.23902e-17 -3.23894e-17 -4.1125e-17 -4.11274e-17 -4.11216e-17 -4.1125e-17 -3.35437e-17 -3.35241e-17 -4.1125e-17 -4.11274e-17 -3.35241e-17 -3.35079e-17 -3.23894e-17 -3.23889e-17 -4.11274e-17 -4.11299e-17 -3.23889e-17 -3.23889e-17 -4.11299e-17 -4.11308e-17 -4.11274e-17 -4.11299e-17 -3.35079e-17 -3.3489e-17 -4.11299e-17 -4.11308e-17 -3.3489e-17 -3.34765e-17 -2.09309e-17 -2.09304e-17 -4.42774e-17 -4.42766e-17 -2.09304e-17 -2.093e-17 -4.42766e-17 -4.42758e-17 -4.42774e-17 -4.42766e-17 -3.23889e-17 -3.23891e-17 -4.42766e-17 -4.42758e-17 -3.23891e-17 -3.23894e-17 -2.093e-17 -2.09295e-17 -4.42758e-17 -4.4275e-17 -2.09295e-17 -2.09291e-17 -4.4275e-17 -4.42744e-17 -4.42758e-17 -4.4275e-17 -3.23894e-17 -3.23894e-17 -4.4275e-17 -4.42744e-17 -3.23894e-17 -3.23892e-17 -3.23889e-17 -3.23891e-17 -4.11308e-17 -4.11318e-17 -3.23891e-17 -3.23894e-17 -4.11318e-17 -4.1132e-17 -4.11308e-17 -4.11318e-17 -3.34765e-17 -3.34621e-17 -4.11318e-17 -4.1132e-17 -3.34621e-17 -3.34518e-17 -3.23894e-17 -3.23894e-17 -4.1132e-17 -4.11332e-17 -3.23894e-17 -3.23892e-17 -4.11332e-17 -4.1134e-17 -4.1132e-17 -4.11332e-17 -3.34518e-17 -3.34356e-17 -4.11332e-17 -4.1134e-17 -3.34356e-17 -3.34225e-17 -3.35437e-17 -3.35241e-17 -4.1369e-17 -4.14617e-17 -3.35241e-17 -3.35079e-17 -4.14617e-17 -4.15412e-17 -4.1369e-17 -4.14617e-17 -3.04282e-17 -2.99661e-17 -4.14617e-17 -4.15412e-17 -2.99661e-17 -2.9558e-17 -3.35079e-17 -3.3489e-17 -4.15412e-17 -4.16369e-17 -3.3489e-17 -3.34765e-17 -4.16369e-17 -4.17034e-17 -4.15412e-17 -4.16369e-17 -2.9558e-17 -2.90605e-17 -4.16369e-17 -4.17034e-17 -2.90605e-17 -2.87005e-17 -3.04282e-17 -2.99661e-17 6.12972e-17 6.15916e-17 -2.99661e-17 -2.9558e-17 6.15916e-17 6.18426e-17 6.12972e-17 6.15916e-17 -3.52029e-19 -4.34459e-19 6.15916e-17 6.18426e-17 -4.34459e-19 -5.04675e-19 -2.9558e-17 -2.90605e-17 6.18426e-17 6.21399e-17 -2.90605e-17 -2.87005e-17 6.21399e-17 6.23393e-17 6.18426e-17 6.21399e-17 -5.04675e-19 -5.49469e-19 6.21399e-17 6.23393e-17 -5.49469e-19 -5.61391e-19 -3.34765e-17 -3.34621e-17 -4.17034e-17 -4.178e-17 -3.34621e-17 -3.34518e-17 -4.178e-17 -4.18387e-17 -4.17034e-17 -4.178e-17 -2.87005e-17 -2.82901e-17 -4.178e-17 -4.18387e-17 -2.82901e-17 -2.79589e-17 -3.34518e-17 -3.34356e-17 -4.18387e-17 -4.19297e-17 -3.34356e-17 -3.34225e-17 -4.19297e-17 -4.2012e-17 -4.18387e-17 -4.19297e-17 -2.79589e-17 -2.74512e-17 -4.19297e-17 -4.2012e-17 -2.74512e-17 -2.69555e-17 -2.87005e-17 -2.82901e-17 6.23393e-17 6.25653e-17 -2.82901e-17 -2.79589e-17 6.25653e-17 6.27367e-17 6.23393e-17 6.25653e-17 -5.61391e-19 -5.46003e-19 6.25653e-17 6.27367e-17 -5.46003e-19 -5.11288e-19 -2.79589e-17 -2.74512e-17 6.27367e-17 6.30149e-17 -2.74512e-17 -2.69555e-17 6.30149e-17 6.32702e-17 6.27367e-17 6.30149e-17 -5.11288e-19 -4.4682e-19 6.30149e-17 6.32702e-17 -4.4682e-19 -3.16352e-19 -2.09291e-17 -2.09287e-17 -4.42744e-17 -4.42739e-17 -2.09287e-17 -2.09284e-17 -4.42739e-17 -4.42739e-17 -4.42744e-17 -4.42739e-17 -3.23892e-17 -3.23883e-17 -4.42739e-17 -4.42739e-17 -3.23883e-17 -3.23867e-17 -2.09284e-17 -2.09282e-17 -4.42739e-17 -4.42745e-17 -2.09282e-17 -2.0928e-17 -4.42745e-17 -4.42753e-17 -4.42739e-17 -4.42745e-17 -3.23867e-17 -3.23841e-17 -4.42745e-17 -4.42753e-17 -3.23841e-17 -3.23813e-17 -3.23892e-17 -3.23883e-17 -4.1134e-17 -4.11358e-17 -3.23883e-17 -3.23867e-17 -4.11358e-17 -4.11369e-17 -4.1134e-17 -4.11358e-17 -3.34225e-17 -3.34076e-17 -4.11358e-17 -4.11369e-17 -3.34076e-17 -3.34031e-17 -3.23867e-17 -3.23841e-17 -4.11369e-17 -4.11391e-17 -3.23841e-17 -3.23813e-17 -4.11391e-17 -4.11399e-17 -4.11369e-17 -4.11391e-17 -3.34031e-17 -3.34023e-17 -4.11391e-17 -4.11399e-17 -3.34023e-17 -3.34141e-17 -2.0928e-17 -2.09277e-17 -4.42753e-17 -4.42761e-17 -2.09277e-17 -2.09275e-17 -4.42761e-17 -4.42765e-17 -4.42753e-17 -4.42761e-17 -3.23813e-17 -3.23787e-17 -4.42761e-17 -4.42765e-17 -3.23787e-17 -3.23774e-17 -2.09275e-17 -2.09273e-17 -4.42765e-17 -4.42765e-17 -2.09273e-17 -2.09271e-17 -4.42765e-17 -4.4276e-17 -4.42765e-17 -4.42765e-17 -3.23774e-17 -3.2377e-17 -4.42765e-17 -4.4276e-17 -3.2377e-17 -3.23777e-17 -3.23813e-17 -3.23787e-17 -4.11399e-17 -4.11401e-17 -3.23787e-17 -3.23774e-17 -4.11401e-17 -4.11372e-17 -4.11399e-17 -4.11401e-17 -3.34141e-17 -3.3429e-17 -4.11401e-17 -4.11372e-17 -3.3429e-17 -3.34536e-17 -3.23774e-17 -3.2377e-17 -4.11372e-17 -4.11333e-17 -3.2377e-17 -3.23777e-17 -4.11333e-17 -4.11274e-17 -4.11372e-17 -4.11333e-17 -3.34536e-17 -3.34765e-17 -4.11333e-17 -4.11274e-17 -3.34765e-17 -3.35028e-17 -3.34225e-17 -3.34076e-17 -4.2012e-17 -4.21023e-17 -3.34076e-17 -3.34031e-17 -4.21023e-17 -4.2132e-17 -4.2012e-17 -4.21023e-17 -2.69555e-17 -2.64123e-17 -4.21023e-17 -4.2132e-17 -2.64123e-17 -2.61977e-17 -3.34031e-17 -3.34023e-17 -4.2132e-17 -4.21222e-17 -3.34023e-17 -3.34141e-17 -4.21222e-17 -4.20339e-17 -4.2132e-17 -4.21222e-17 -2.61977e-17 -2.6261e-17 -4.21222e-17 -4.20339e-17 -2.6261e-17 -2.67812e-17 -2.69555e-17 -2.64123e-17 6.32702e-17 6.35442e-17 -2.64123e-17 -2.61977e-17 6.35442e-17 6.36102e-17 6.32702e-17 6.35442e-17 -3.16352e-19 -9.53167e-20 6.35442e-17 6.36102e-17 -9.53167e-20 1.85563e-19 -2.61977e-17 -2.6261e-17 6.36102e-17 6.35296e-17 -2.6261e-17 -2.67812e-17 6.35296e-17 6.31954e-17 6.36102e-17 6.35296e-17 1.85563e-19 4.50649e-19 6.35296e-17 6.31954e-17 4.50649e-19 6.28828e-19 -3.34141e-17 -3.3429e-17 -4.20339e-17 -4.1923e-17 -3.3429e-17 -3.34536e-17 -4.1923e-17 -4.17729e-17 -4.20339e-17 -4.1923e-17 -2.67812e-17 -2.74449e-17 -4.1923e-17 -4.17729e-17 -2.74449e-17 -2.82784e-17 -3.34536e-17 -3.34765e-17 -4.17729e-17 -4.16436e-17 -3.34765e-17 -3.35028e-17 -4.16436e-17 -4.15098e-17 -4.17729e-17 -4.16436e-17 -2.82784e-17 -2.89713e-17 -4.16436e-17 -4.15098e-17 -2.89713e-17 -2.96488e-17 -2.67812e-17 -2.74449e-17 6.31954e-17 6.28065e-17 -2.74449e-17 -2.82784e-17 6.28065e-17 6.23258e-17 6.31954e-17 6.28065e-17 6.28828e-19 6.94123e-19 6.28065e-17 6.23258e-17 6.94123e-19 6.64879e-19 -2.82784e-17 -2.89713e-17 6.23258e-17 6.19394e-17 -2.89713e-17 -2.96488e-17 6.19394e-17 6.15564e-17 6.23258e-17 6.19394e-17 6.64879e-19 5.80399e-19 6.19394e-17 6.15564e-17 5.80399e-19 4.75667e-19 -2.09271e-17 -2.09268e-17 -4.4276e-17 -4.42753e-17 -2.09268e-17 -2.09266e-17 -4.42753e-17 -4.42745e-17 -4.4276e-17 -4.42753e-17 -3.23777e-17 -3.23788e-17 -4.42753e-17 -4.42745e-17 -3.23788e-17 -3.23802e-17 -2.09266e-17 -2.09263e-17 -4.42745e-17 -4.42736e-17 -2.09263e-17 -2.0926e-17 -4.42736e-17 -4.42729e-17 -4.42745e-17 -4.42736e-17 -3.23802e-17 -3.23812e-17 -4.42736e-17 -4.42729e-17 -3.23812e-17 -3.2382e-17 -3.23777e-17 -3.23788e-17 -4.11274e-17 -4.11221e-17 -3.23788e-17 -3.23802e-17 -4.11221e-17 -4.11164e-17 -4.11274e-17 -4.11221e-17 -3.35028e-17 -3.35224e-17 -4.11221e-17 -4.11164e-17 -3.35224e-17 -3.35418e-17 -3.23802e-17 -3.23812e-17 -4.11164e-17 -4.11125e-17 -3.23812e-17 -3.2382e-17 -4.11125e-17 -4.11089e-17 -4.11164e-17 -4.11125e-17 -3.35418e-17 -3.35528e-17 -4.11125e-17 -4.11089e-17 -3.35528e-17 -3.3563e-17 -2.0926e-17 -2.09256e-17 -4.42729e-17 -4.42722e-17 -2.09256e-17 -2.09253e-17 -4.42722e-17 -4.42715e-17 -4.42729e-17 -4.42722e-17 -3.2382e-17 -3.23823e-17 -4.42722e-17 -4.42715e-17 -3.23823e-17 -3.23826e-17 -2.09253e-17 -2.09249e-17 -4.42715e-17 -4.42709e-17 -2.09249e-17 -2.09245e-17 -4.42709e-17 -4.42702e-17 -4.42715e-17 -4.42709e-17 -3.23826e-17 -3.23828e-17 -4.42709e-17 -4.42702e-17 -3.23828e-17 -3.23829e-17 -3.2382e-17 -3.23823e-17 -4.11089e-17 -4.11073e-17 -3.23823e-17 -3.23826e-17 -4.11073e-17 -4.11057e-17 -4.11089e-17 -4.11073e-17 -3.3563e-17 -3.35647e-17 -4.11073e-17 -4.11057e-17 -3.35647e-17 -3.35664e-17 -3.23826e-17 -3.23828e-17 -4.11057e-17 -4.11052e-17 -3.23828e-17 -3.23829e-17 -4.11052e-17 -4.1104e-17 -4.11057e-17 -4.11052e-17 -3.35664e-17 -3.35621e-17 -4.11052e-17 -4.1104e-17 -3.35621e-17 -3.35631e-17 -3.35028e-17 -3.35224e-17 -4.15098e-17 -4.14166e-17 -3.35224e-17 -3.35418e-17 -4.14166e-17 -4.13271e-17 -4.15098e-17 -4.14166e-17 -2.96488e-17 -3.01037e-17 -4.14166e-17 -4.13271e-17 -3.01037e-17 -3.05292e-17 -3.35418e-17 -3.35528e-17 -4.13271e-17 -4.12791e-17 -3.35528e-17 -3.3563e-17 -4.12791e-17 -4.12335e-17 -4.13271e-17 -4.12791e-17 -3.05292e-17 -3.07467e-17 -4.12791e-17 -4.12335e-17 -3.07467e-17 -3.09559e-17 -2.96488e-17 -3.01037e-17 6.15564e-17 6.13068e-17 -3.01037e-17 -3.05292e-17 6.13068e-17 6.10669e-17 6.15564e-17 6.13068e-17 4.75667e-19 3.70509e-19 6.13068e-17 6.10669e-17 3.70509e-19 2.74662e-19 -3.05292e-17 -3.07467e-17 6.10669e-17 6.09525e-17 -3.07467e-17 -3.09559e-17 6.09525e-17 6.08375e-17 6.10669e-17 6.09525e-17 2.74662e-19 1.85055e-19 6.09525e-17 6.08375e-17 1.85055e-19 1.07912e-19 -3.3563e-17 -3.35647e-17 -4.12335e-17 -4.1227e-17 -3.35647e-17 -3.35664e-17 -4.1227e-17 -4.12195e-17 -4.12335e-17 -4.1227e-17 -3.09559e-17 -3.09754e-17 -4.1227e-17 -4.12195e-17 -3.09754e-17 -3.1004e-17 -3.35664e-17 -3.35621e-17 -4.12195e-17 -4.12426e-17 -3.35621e-17 -3.35631e-17 -4.12426e-17 -4.12375e-17 -4.12195e-17 -4.12426e-17 -3.1004e-17 -3.08802e-17 -4.12426e-17 -4.12375e-17 -3.08802e-17 -3.08974e-17 -3.09559e-17 -3.09754e-17 6.08375e-17 6.08401e-17 -3.09754e-17 -3.1004e-17 6.08401e-17 6.08304e-17 6.08375e-17 6.08401e-17 1.07912e-19 2.38312e-20 6.08401e-17 6.08304e-17 2.38312e-20 -2.95742e-20 -3.1004e-17 -3.08802e-17 6.08304e-17 6.09234e-17 -3.08802e-17 -3.08974e-17 6.09234e-17 6.08987e-17 6.08304e-17 6.09234e-17 -2.95742e-20 -1.19281e-19 6.09234e-17 6.08987e-17 -1.19281e-19 1.09959e-20 1.3933e-19 1.68011e-19 -3.73333e-20 -4.50183e-20 1.68011e-19 3.48641e-20 -4.50183e-20 -9.3418e-21 -3.73333e-20 -4.50183e-20 1.00034e-20 1.20626e-20 -4.50183e-20 -9.3418e-21 1.20626e-20 2.50313e-21 3.48641e-20 -1.82972e-20 -9.3418e-21 4.90271e-21 -1.82972e-20 -7.24629e-20 4.90271e-21 1.94164e-20 -9.3418e-21 4.90271e-21 2.50313e-21 -1.31368e-21 4.90271e-21 1.94164e-20 -1.31368e-21 -5.2026e-21 1.00034e-20 1.20626e-20 -2.68042e-21 -3.23218e-21 1.20626e-20 2.50313e-21 -3.23218e-21 -6.70713e-22 -2.68042e-21 -3.23218e-21 7.18233e-22 8.66081e-22 -3.23218e-21 -6.70713e-22 8.66081e-22 1.79721e-22 2.50313e-21 -1.31368e-21 -6.70713e-22 3.51999e-22 -1.31368e-21 -5.2026e-21 3.51999e-22 1.39404e-21 -6.70713e-22 3.51999e-22 1.79721e-22 -9.43201e-23 3.51999e-22 1.39404e-21 -9.43201e-23 -3.7354e-22 -7.24629e-20 -1.30083e-19 1.94164e-20 3.48558e-20 -1.30083e-19 -1.95249e-19 3.48558e-20 5.23169e-20 1.94164e-20 3.48558e-20 -5.2026e-21 -9.33957e-21 3.48558e-20 5.23169e-20 -9.33957e-21 -1.40183e-20 -1.95249e-19 -2.69986e-19 5.23169e-20 7.23425e-20 -2.69986e-19 -3.52029e-19 7.23425e-20 9.43258e-20 5.23169e-20 7.23425e-20 -1.40183e-20 -1.93841e-20 7.23425e-20 9.43258e-20 -1.93841e-20 -2.52745e-20 -5.2026e-21 -9.33957e-21 1.39404e-21 2.50253e-21 -9.33957e-21 -1.40183e-20 2.50253e-21 3.75619e-21 1.39404e-21 2.50253e-21 -3.7354e-22 -6.70569e-22 2.50253e-21 3.75619e-21 -6.70569e-22 -1.00649e-21 -1.40183e-20 -1.93841e-20 3.75619e-21 5.19397e-21 -1.93841e-20 -2.52745e-20 5.19397e-21 6.7723e-21 3.75619e-21 5.19397e-21 -1.00649e-21 -1.39175e-21 5.19397e-21 6.7723e-21 -1.39175e-21 -1.81468e-21 7.18233e-22 8.66081e-22 -1.92516e-22 -2.32145e-22 8.66081e-22 1.79721e-22 -2.32145e-22 -4.81728e-23 -1.92516e-22 -2.32145e-22 5.18313e-23 6.25007e-23 -2.32145e-22 -4.81728e-23 6.25007e-23 1.29696e-23 1.79721e-22 -9.43201e-23 -4.81728e-23 2.52817e-23 -9.43201e-23 -3.7354e-22 2.52817e-23 1.00124e-22 -4.81728e-23 2.52817e-23 1.29696e-23 -6.8066e-24 2.52817e-23 1.00124e-22 -6.8066e-24 -2.69565e-23 5.18313e-23 6.25007e-23 -1.48089e-23 -1.78573e-23 6.25007e-23 1.29696e-23 -1.78573e-23 -3.7056e-24 -1.48089e-23 -1.78573e-23 7.40447e-24 8.92867e-24 -1.78573e-23 -3.7056e-24 8.92867e-24 1.8528e-24 1.29696e-23 -6.8066e-24 -3.7056e-24 1.94474e-24 -6.8066e-24 -2.69565e-23 1.94474e-24 7.70185e-24 -3.7056e-24 1.94474e-24 1.8528e-24 -9.72371e-25 1.94474e-24 7.70185e-24 -9.72371e-25 -3.85093e-24 -3.7354e-22 -6.70569e-22 1.00124e-22 1.7974e-22 -6.70569e-22 -1.00649e-21 1.7974e-22 2.69782e-22 1.00124e-22 1.7974e-22 -2.69565e-23 -4.83915e-23 1.7974e-22 2.69782e-22 -4.83915e-23 -7.26335e-23 -1.00649e-21 -1.39175e-21 2.69782e-22 3.73047e-22 -1.39175e-21 -1.81468e-21 3.73047e-22 4.86408e-22 2.69782e-22 3.73047e-22 -7.26335e-23 -1.00436e-22 3.73047e-22 4.86408e-22 -1.00436e-22 -1.30956e-22 -2.69565e-23 -4.83915e-23 7.70185e-24 1.38262e-23 -4.83915e-23 -7.26335e-23 1.38262e-23 2.07524e-23 7.70185e-24 1.38262e-23 -3.85093e-24 -6.91308e-24 1.38262e-23 2.07524e-23 -6.91308e-24 -1.03762e-23 -7.26335e-23 -1.00436e-22 2.07524e-23 2.86959e-23 -1.00436e-22 -1.30956e-22 2.86959e-23 3.7416e-23 2.07524e-23 2.86959e-23 -1.03762e-23 -1.4348e-23 2.86959e-23 3.7416e-23 -1.4348e-23 -1.8708e-23 -3.52029e-19 -4.34459e-19 9.43258e-20 1.16413e-19 -4.34459e-19 -5.04675e-19 1.16413e-19 1.35227e-19 9.43258e-20 1.16413e-19 -2.52745e-20 -3.11928e-20 1.16413e-19 1.35227e-19 -3.11928e-20 -3.6234e-20 -5.04675e-19 -5.49469e-19 1.35227e-19 1.4723e-19 -5.49469e-19 -5.61391e-19 1.4723e-19 1.50424e-19 1.35227e-19 1.4723e-19 -3.6234e-20 -3.94501e-20 1.4723e-19 1.50424e-19 -3.94501e-20 -4.0306e-20 -2.52745e-20 -3.11928e-20 6.7723e-21 8.35809e-21 -3.11928e-20 -3.6234e-20 8.35809e-21 9.7089e-21 6.7723e-21 8.35809e-21 -1.81468e-21 -2.2396e-21 8.35809e-21 9.7089e-21 -2.2396e-21 -2.60156e-21 -3.6234e-20 -3.94501e-20 9.7089e-21 1.05706e-20 -3.94501e-20 -4.0306e-20 1.05706e-20 1.08e-20 9.7089e-21 1.05706e-20 -2.60156e-21 -2.83246e-21 1.05706e-20 1.08e-20 -2.83246e-21 -2.89392e-21 -5.61391e-19 -5.46003e-19 1.50424e-19 1.46301e-19 -5.46003e-19 -5.11288e-19 1.46301e-19 1.36999e-19 1.50424e-19 1.46301e-19 -4.0306e-20 -3.92013e-20 1.46301e-19 1.36999e-19 -3.92013e-20 -3.67089e-20 -5.11288e-19 -4.4682e-19 1.36999e-19 1.19725e-19 -4.4682e-19 -3.16352e-19 1.19725e-19 8.47663e-20 1.36999e-19 1.19725e-19 -3.67089e-20 -3.20802e-20 1.19725e-19 8.47663e-20 -3.20802e-20 -2.27131e-20 -4.0306e-20 -3.92013e-20 1.08e-20 1.0504e-20 -3.92013e-20 -3.67089e-20 1.0504e-20 9.83613e-21 1.08e-20 1.0504e-20 -2.89392e-21 -2.8146e-21 1.0504e-20 9.83613e-21 -2.8146e-21 -2.63565e-21 -3.67089e-20 -3.20802e-20 9.83613e-21 8.59589e-21 -3.20802e-20 -2.27131e-20 8.59589e-21 6.08596e-21 9.83613e-21 8.59589e-21 -2.63565e-21 -2.30332e-21 8.59589e-21 6.08596e-21 -2.30332e-21 -1.63077e-21 -1.81468e-21 -2.2396e-21 4.86408e-22 6.00305e-22 -2.2396e-21 -2.60156e-21 6.00305e-22 6.97324e-22 4.86408e-22 6.00305e-22 -1.30956e-22 -1.61621e-22 6.00305e-22 6.97324e-22 -1.61621e-22 -1.87741e-22 -2.60156e-21 -2.83246e-21 6.97324e-22 7.59217e-22 -2.83246e-21 -2.89392e-21 7.59217e-22 7.7569e-22 6.97324e-22 7.59217e-22 -1.87741e-22 -2.04405e-22 7.59217e-22 7.7569e-22 -2.04405e-22 -2.0884e-22 -1.30956e-22 -1.61621e-22 3.7416e-23 4.61773e-23 -1.61621e-22 -1.87741e-22 4.61773e-23 5.36403e-23 3.7416e-23 4.61773e-23 -1.8708e-23 -2.30887e-23 4.61773e-23 5.36403e-23 -2.30887e-23 -2.68202e-23 -1.87741e-22 -2.04405e-22 5.36403e-23 5.84013e-23 -2.04405e-22 -2.0884e-22 5.84013e-23 5.96684e-23 5.36403e-23 5.84013e-23 -2.68202e-23 -2.92007e-23 5.84013e-23 5.96684e-23 -2.92007e-23 -2.98342e-23 -2.89392e-21 -2.8146e-21 7.7569e-22 7.54429e-22 -2.8146e-21 -2.63565e-21 7.54429e-22 7.06462e-22 7.7569e-22 7.54429e-22 -2.0884e-22 -2.03116e-22 7.54429e-22 7.06462e-22 -2.03116e-22 -1.90201e-22 -2.63565e-21 -2.30332e-21 7.06462e-22 6.17384e-22 -2.30332e-21 -1.63077e-21 6.17384e-22 4.37113e-22 7.06462e-22 6.17384e-22 -1.90201e-22 -1.66219e-22 6.17384e-22 4.37113e-22 -1.66219e-22 -1.17684e-22 -2.0884e-22 -2.03116e-22 5.96684e-23 5.8033e-23 -2.03116e-22 -1.90201e-22 5.8033e-23 5.43433e-23 5.96684e-23 5.8033e-23 -2.98342e-23 -2.90165e-23 5.8033e-23 5.43433e-23 -2.90165e-23 -2.71716e-23 -1.90201e-22 -1.66219e-22 5.43433e-23 4.74911e-23 -1.66219e-22 -1.17684e-22 4.74911e-23 3.36241e-23 5.43433e-23 4.74911e-23 -2.71716e-23 -2.37456e-23 4.74911e-23 3.36241e-23 -2.37456e-23 -1.6812e-23 -3.16352e-19 -9.53167e-20 8.47663e-20 2.55401e-20 -9.53167e-20 1.85563e-19 2.55401e-20 -4.97216e-20 8.47663e-20 2.55401e-20 -2.27131e-20 -6.84344e-21 2.55401e-20 -4.97216e-20 -6.84344e-21 1.33229e-20 1.85563e-19 4.50649e-19 -4.97216e-20 -1.20751e-19 4.50649e-19 6.28828e-19 -1.20751e-19 -1.68494e-19 -4.97216e-20 -1.20751e-19 1.33229e-20 3.23552e-20 -1.20751e-19 -1.68494e-19 3.23552e-20 4.51478e-20 -2.27131e-20 -6.84344e-21 6.08596e-21 1.8337e-21 -6.84344e-21 1.33229e-20 1.8337e-21 -3.56986e-21 6.08596e-21 1.8337e-21 -1.63077e-21 -4.9135e-22 1.8337e-21 -3.56986e-21 -4.9135e-22 9.56564e-22 1.33229e-20 3.23552e-20 -3.56986e-21 -8.66955e-21 3.23552e-20 4.51478e-20 -8.66955e-21 -1.20973e-20 -3.56986e-21 -8.66955e-21 9.56564e-22 2.32306e-21 -8.66955e-21 -1.20973e-20 2.32306e-21 3.24155e-21 6.28828e-19 6.94123e-19 -1.68494e-19 -1.8599e-19 6.94123e-19 6.64879e-19 -1.8599e-19 -1.78154e-19 -1.68494e-19 -1.8599e-19 4.51478e-20 4.98358e-20 -1.8599e-19 -1.78154e-19 4.98358e-20 4.77361e-20 6.64879e-19 5.80399e-19 -1.78154e-19 -1.55517e-19 5.80399e-19 4.75667e-19 -1.55517e-19 -1.27455e-19 -1.78154e-19 -1.55517e-19 4.77361e-20 4.16708e-20 -1.55517e-19 -1.27455e-19 4.16708e-20 3.41514e-20 4.51478e-20 4.98358e-20 -1.20973e-20 -1.33535e-20 4.98358e-20 4.77361e-20 -1.33535e-20 -1.27909e-20 -1.20973e-20 -1.33535e-20 3.24155e-21 3.57815e-21 -1.33535e-20 -1.27909e-20 3.57815e-21 3.42739e-21 4.77361e-20 4.16708e-20 -1.27909e-20 -1.11657e-20 4.16708e-20 3.41514e-20 -1.11657e-20 -9.15085e-21 -1.27909e-20 -1.11657e-20 3.42739e-21 2.9919e-21 -1.11657e-20 -9.15085e-21 2.9919e-21 2.45202e-21 -1.63077e-21 -4.9135e-22 4.37113e-22 1.31702e-22 -4.9135e-22 9.56564e-22 1.31702e-22 -2.56398e-22 4.37113e-22 1.31702e-22 -1.17684e-22 -3.54582e-23 1.31702e-22 -2.56398e-22 -3.54582e-23 6.90304e-23 9.56564e-22 2.32306e-21 -2.56398e-22 -6.22675e-22 2.32306e-21 3.24155e-21 -6.22675e-22 -8.6887e-22 -2.56398e-22 -6.22675e-22 6.90304e-23 1.67643e-22 -6.22675e-22 -8.6887e-22 1.67643e-22 2.33926e-22 -1.17684e-22 -3.54582e-23 3.36241e-23 1.01309e-23 -3.54582e-23 6.90304e-23 1.01309e-23 -1.9723e-23 3.36241e-23 1.01309e-23 -1.6812e-23 -5.06546e-24 1.01309e-23 -1.9723e-23 -5.06546e-24 9.86148e-24 6.90304e-23 1.67643e-22 -1.9723e-23 -4.78981e-23 1.67643e-22 2.33926e-22 -4.78981e-23 -6.68361e-23 -1.9723e-23 -4.78981e-23 9.86148e-24 2.3949e-23 -4.78981e-23 -6.68361e-23 2.3949e-23 3.34181e-23 3.24155e-21 3.57815e-21 -8.6887e-22 -9.59091e-22 3.57815e-21 3.42739e-21 -9.59091e-22 -9.18682e-22 -8.6887e-22 -9.59091e-22 2.33926e-22 2.58217e-22 -9.59091e-22 -9.18682e-22 2.58217e-22 2.47338e-22 3.42739e-21 2.9919e-21 -9.18682e-22 -8.01954e-22 2.9919e-21 2.45202e-21 -8.01954e-22 -6.57244e-22 -9.18682e-22 -8.01954e-22 2.47338e-22 2.15911e-22 -8.01954e-22 -6.57244e-22 2.15911e-22 1.7695e-22 2.33926e-22 2.58217e-22 -6.68361e-23 -7.37762e-23 2.58217e-22 2.47338e-22 -7.37762e-23 -7.06679e-23 -6.68361e-23 -7.37762e-23 3.34181e-23 3.68881e-23 -7.37762e-23 -7.06679e-23 3.68881e-23 3.53339e-23 2.47338e-22 2.15911e-22 -7.06679e-23 -6.16888e-23 2.15911e-22 1.7695e-22 -6.16888e-23 -5.05572e-23 -7.06679e-23 -6.16888e-23 3.53339e-23 3.08444e-23 -6.16888e-23 -5.05572e-23 3.08444e-23 2.52786e-23 4.75667e-19 3.70509e-19 -1.27455e-19 -9.92777e-20 3.70509e-19 2.74662e-19 -9.92777e-20 -7.35956e-20 -1.27455e-19 -9.92777e-20 3.41514e-20 2.66014e-20 -9.92777e-20 -7.35956e-20 2.66014e-20 1.97199e-20 2.74662e-19 1.85055e-19 -7.35956e-20 -4.95855e-20 1.85055e-19 1.07912e-19 -4.95855e-20 -2.89149e-20 -7.35956e-20 -4.95855e-20 1.97199e-20 1.32864e-20 -4.95855e-20 -2.89149e-20 1.32864e-20 7.74771e-21 3.41514e-20 2.66014e-20 -9.15085e-21 -7.12783e-21 2.66014e-20 1.97199e-20 -7.12783e-21 -5.28393e-21 -9.15085e-21 -7.12783e-21 2.45202e-21 1.90994e-21 -7.12783e-21 -5.28393e-21 1.90994e-21 1.41586e-21 1.97199e-20 1.32864e-20 -5.28393e-21 -3.56008e-21 1.32864e-20 7.74771e-21 -3.56008e-21 -2.076e-21 -5.28393e-21 -3.56008e-21 1.41586e-21 9.53945e-22 -3.56008e-21 -2.076e-21 9.53945e-22 5.56276e-22 1.07912e-19 2.38312e-20 -2.89149e-20 -6.38555e-21 2.38312e-20 -2.95742e-20 -6.38555e-21 7.92439e-21 -2.89149e-20 -6.38555e-21 7.74771e-21 1.711e-21 -6.38555e-21 7.92439e-21 1.711e-21 -2.12333e-21 -2.95742e-20 -1.19281e-19 7.92439e-21 3.19613e-20 -1.19281e-19 1.09959e-20 3.19613e-20 -2.94633e-21 7.92439e-21 3.19613e-20 -2.12333e-21 -8.564e-21 3.19613e-20 -2.94633e-21 -8.564e-21 7.89468e-22 7.74771e-21 1.711e-21 -2.076e-21 -4.58463e-22 1.711e-21 -2.12333e-21 -4.58463e-22 5.68946e-22 -2.076e-21 -4.58463e-22 5.56276e-22 1.22848e-22 -4.58463e-22 5.68946e-22 1.22848e-22 -1.52452e-22 -2.12333e-21 -8.564e-21 5.68946e-22 2.29472e-21 -8.564e-21 7.89468e-22 2.29472e-21 -2.11538e-22 5.68946e-22 2.29472e-21 -1.52452e-22 -6.14884e-22 2.29472e-21 -2.11538e-22 -6.14884e-22 5.66827e-23 2.45202e-21 1.90994e-21 -6.57244e-22 -5.11944e-22 1.90994e-21 1.41586e-21 -5.11944e-22 -3.79509e-22 -6.57244e-22 -5.11944e-22 1.7695e-22 1.37831e-22 -5.11944e-22 -3.79509e-22 1.37831e-22 1.02176e-22 1.41586e-21 9.53945e-22 -3.79509e-22 -2.55697e-22 9.53945e-22 5.56276e-22 -2.55697e-22 -1.49105e-22 -3.79509e-22 -2.55697e-22 1.02176e-22 6.88414e-23 -2.55697e-22 -1.49105e-22 6.88414e-23 4.01436e-23 1.7695e-22 1.37831e-22 -5.05572e-23 -3.93803e-23 1.37831e-22 1.02176e-22 -3.93803e-23 -2.9193e-23 -5.05572e-23 -3.93803e-23 2.52786e-23 1.96901e-23 -3.93803e-23 -2.9193e-23 1.96901e-23 1.45965e-23 1.02176e-22 6.88414e-23 -2.9193e-23 -1.9669e-23 6.88414e-23 4.01436e-23 -1.9669e-23 -1.14696e-23 -2.9193e-23 -1.9669e-23 1.45965e-23 9.83448e-24 -1.9669e-23 -1.14696e-23 9.83448e-24 5.7348e-24 5.56276e-22 1.22848e-22 -1.49105e-22 -3.29283e-23 1.22848e-22 -1.52452e-22 -3.29283e-23 4.08636e-23 -1.49105e-22 -3.29283e-23 4.01436e-23 8.8653e-24 -3.29283e-23 4.08636e-23 8.8653e-24 -1.10017e-23 -1.52452e-22 -6.14884e-22 4.08636e-23 1.64814e-22 -6.14884e-22 5.66827e-23 1.64814e-22 -1.51933e-23 4.08636e-23 1.64814e-22 -1.10017e-23 -4.43731e-23 1.64814e-22 -1.51933e-23 -4.43731e-23 4.09051e-24 4.01436e-23 8.8653e-24 -1.14696e-23 -2.53294e-24 8.8653e-24 -1.10017e-23 -2.53294e-24 3.14335e-24 -1.14696e-23 -2.53294e-24 5.7348e-24 1.26647e-24 -2.53294e-24 3.14335e-24 1.26647e-24 -1.57168e-24 -1.10017e-23 -4.43731e-23 3.14335e-24 1.2678e-23 -4.43731e-23 4.09051e-24 1.2678e-23 -1.16872e-24 3.14335e-24 1.2678e-23 -1.57168e-24 -6.33901e-24 1.2678e-23 -1.16872e-24 -6.33901e-24 5.84358e-25 
